route_id,contract_id,division,method,mode,point_order,l_samples,j_samples,physical_root_count,rho,dominant_root_real,dominant_root_imag,stable,critical,stability_code,stability_status,maximum_state_eigenpair_residual,transition_reconstruction_relative_error,overall_pass
B3_D2_Craig_Bampton,B3,2,Craig_Bampton,full-grid,1,0,0,16,0.99541876914648808,0.99516818519090577,-0.022334035751479981,1,0,-1,STABLE,4.5331533249510777e-16,1.2623936197747574e-16,1
B3_D2_Craig_Bampton,B3,2,Craig_Bampton,full-grid,2,0,1,17,0.99551017599036284,0.99525898034553517,-0.022362301803010982,1,0,-1,STABLE,8.8237537689542153e-17,1.5405409120929863e-16,1
B3_D2_Craig_Bampton,B3,2,Craig_Bampton,full-grid,3,0,2,18,0.99560241284263906,0.99535064317386102,-0.022388872045414766,1,0,-1,STABLE,3.907171502550862e-16,1.5405409120929863e-16,1
B3_D2_Craig_Bampton,B3,2,Craig_Bampton,full-grid,4,0,3,19,0.99569544042569957,0.99544313513596649,-0.022413718906192068,1,0,-1,STABLE,1.3811140768052003e-16,1.5405409120929863e-16,1
B3_D2_Craig_Bampton,B3,2,Craig_Bampton,full-grid,5,0,4,20,0.99578921857277125,0.99553641677646654,-0.022436815675219508,1,0,-1,STABLE,2.0721183035109685e-16,1.5405409120929863e-16,1
B3_D2_Craig_Bampton,B3,2,Craig_Bampton,full-grid,6,0,5,21,0.99588370622484279,0.99563044772050668,-0.022458136520924838,1,0,-1,STABLE,1.7723053550023018e-16,1.5405409120929863e-16,1
B3_D2_Craig_Bampton,B3,2,Craig_Bampton,full-grid,7,0,6,22,0.99597886142510395,0.99572518666720877,-0.022477656510380042,1,0,-1,STABLE,1.7950356130674997e-16,1.5405409120929863e-16,1
B3_D2_Craig_Bampton,B3,2,Craig_Bampton,full-grid,8,0,7,23,0.99607464131150159,0.99582059138115731,-0.022495351633588023,1,0,-1,STABLE,2.7943096013442551e-16,1.5405409120929866e-16,1
B3_D2_Craig_Bampton,B3,2,Craig_Bampton,full-grid,9,0,8,24,0.99617100210797416,0.99591661868246839,-0.022511198832676185,1,0,-1,STABLE,4.8115276534032064e-16,1.5405409120929868e-16,1
B3_D2_Craig_Bampton,B3,2,Craig_Bampton,full-grid,10,0,9,25,0.99626789911507307,0.99601322443615248,-0.022525176036157894,1,0,-1,STABLE,1.2810679596381187e-16,1.5405409120929866e-16,1
B3_D2_Craig_Bampton,B3,2,Craig_Bampton,full-grid,11,0,10,26,0.99636528670071389,0.99611036354149141,-0.022537262199157755,1,0,-1,STABLE,3.7726179250724363e-16,1.5405409120929866e-16,1
B3_D2_Craig_Bampton,B3,2,Craig_Bampton,full-grid,12,0,11,27,0.99646311829188206,0.99620798992227533,-0.022547437348863702,1,0,-1,STABLE,1.7446127098438203e-16,1.5405409120929863e-16,1
B3_D2_Craig_Bampton,B3,2,Craig_Bampton,full-grid,13,0,12,28,0.9965613463681523,0.99630605651872739,-0.02255568263668551,1,0,-1,STABLE,3.1804040647991776e-16,1.5405409120929863e-16,1
B3_D2_Craig_Bampton,B3,2,Craig_Bampton,full-grid,14,0,13,29,0.99665992245797652,0.99640451528209284,-0.022561980396172836,1,0,-1,STABLE,1.7968901998734598e-16,1.5405409120929863e-16,1
B3_D2_Craig_Bampton,B3,2,Craig_Bampton,full-grid,15,0,14,30,0.99675879713863236,0.99650331717278551,-0.022566314206975979,1,0,-1,STABLE,2.1694783258573101e-16,1.5405409120929863e-16,1
B3_D2_Craig_Bampton,B3,2,Craig_Bampton,full-grid,16,0,15,31,0.99685792004081442,0.99660241216307566,-0.022568668964692874,1,0,-1,STABLE,1.3486732124050704e-16,1.5405409120929863e-16,1
B3_D2_Craig_Bampton,B3,2,Craig_Bampton,full-grid,17,0,16,32,0.99695723985890139,0.99670174924536259,-0.02256903095645979,1,0,-1,STABLE,1.1092174555172168e-16,1.5405409120929863e-16,1
B3_D2_Craig_Bampton,B3,2,Craig_Bampton,full-grid,18,0,17,33,0.99705670436774574,0.99680127644690442,-0.022567387941284059,1,0,-1,STABLE,1.6100973269548286e-16,1.5405409120929863e-16,1
B3_D2_Craig_Bampton,B3,2,Craig_Bampton,full-grid,19,0,18,34,0.99715626044699535,0.99690094085201264,-0.022563729235389046,1,0,-1,STABLE,2.0612721177238309e-16,1.5405409120929863e-16,1
B3_D2_Craig_Bampton,B3,2,Craig_Bampton,full-grid,20,0,19,35,0.99725585411377726,0.99700068863258151,-0.022558045800951363,1,0,-1,STABLE,1.9191995975803252e-16,1.5405409120929863e-16,1
B3_D2_Craig_Bampton,B3,2,Craig_Bampton,full-grid,21,0,20,36,0.99735543056458831,0.99710046508780625,-0.022550330338062106,1,0,-1,STABLE,2.6629140496892798e-16,1.5405409120929863e-16,1
B3_D2_Craig_Bampton,B3,2,Craig_Bampton,full-grid,22,0,21,37,0.99745493422705045,0.99720021469378795,-0.022540577378430994,1,0,-1,STABLE,2.8612429107106852e-16,1.5405409120929863e-16,1
B3_D2_Craig_Bampton,B3,2,Craig_Bampton,full-grid,23,0,22,38,0.9975543088221912,0.99729988116369528,-0.022528783380358269,1,0,-1,STABLE,3.7886357138569848e-16,1.5405409120929863e-16,1
B3_D2_Craig_Bampton,B3,2,Craig_Bampton,full-grid,24,0,23,39,0.99765349743766285,0.99739940751896139,-0.022514946822617898,1,0,-1,STABLE,1.8521981101190592e-16,1.5405409120929866e-16,1
B3_D2_Craig_Bampton,B3,2,Craig_Bampton,full-grid,25,0,24,40,0.99775244261229679,0.99749873617190954,-0.022499068297329429,1,0,-1,STABLE,2.886263035100398e-16,1.5405409120929868e-16,1
B3_D2_Craig_Bampton,B3,2,Craig_Bampton,full-grid,26,0,25,41,0.99785108643206277,0.99759780901993744,-0.022481150599295743,1,0,-1,STABLE,3.4851246104099536e-16,1.5405409120929866e-16,1
B3_D2_Craig_Bampton,B3,2,Craig_Bampton,full-grid,27,0,26,42,0.99794937063744249,0.99769656755130076,-0.022461198810842627,1,0,-1,STABLE,2.8129432015252985e-16,1.5405409120929866e-16,1
B3_D2_Craig_Bampton,B3,2,Craig_Bampton,full-grid,28,0,27,43,0.99804723674202178,0.997794952962332,-0.022439220380461835,1,0,-1,STABLE,2.2839908145874205e-16,1.5405409120929863e-16,1
B3_D2_Craig_Bampton,B3,2,Craig_Bampton,full-grid,29,0,28,44,0.99814462616178901,0.99789290628562188,-0.022415225193887424,1,0,-1,STABLE,1.5795253775044235e-16,1.5405409120929863e-16,1
B3_D2_Craig_Bampton,B3,2,Craig_Bampton,full-grid,30,0,29,45,0.9982414803545645,0.99799036852861867,-0.022389225636103537,1,0,-1,STABLE,1.1734330649976009e-16,1.5405409120929863e-16,1
B3_D2_Craig_Bampton,B3,2,Craig_Bampton,full-grid,31,0,30,46,0.99833774096868799,0.99808728082181331,-0.022361236642502367,1,0,-1,STABLE,1.3977225066533428e-16,1.5405409120929863e-16,1
B3_D2_Craig_Bampton,B3,2,Craig_Bampton,full-grid,32,0,31,47,0.99843334999991118,0.99818358457547074,-0.022331275738503058,1,0,-1,STABLE,3.56741292916903e-16,1.5405409120929863e-16,1
B3_D2_Craig_Bampton,B3,2,Craig_Bampton,full-grid,33,0,32,48,0.99852824995515099,0.99827922164360694,-0.022299363065588721,1,0,-1,STABLE,1.285221059732943e-16,1.5405409120929863e-16,1
B3_D2_Craig_Bampton,B3,2,Craig_Bampton,full-grid,34,0,33,49,0.99862238402192927,0.99837413449403911,-0.02226552139339294,1,0,-1,STABLE,3.9739668471113941e-16,1.5405409120929863e-16,1
B3_D2_Craig_Bampton,B3,2,Craig_Bampton,full-grid,35,0,34,50,0.99871569624155443,0.99846826638259489,-0.022229776116470142,1,0,-1,STABLE,2.2853053439737125e-16,1.5405409120929863e-16,1
B3_D2_Craig_Bampton,B3,2,Craig_Bampton,full-grid,36,0,35,51,0.99880813168465132,0.99856156153008357,-0.022192155235233022,1,0,-1,STABLE,3.0570738993843845e-16,1.5405409120929863e-16,1
B3_D2_Craig_Bampton,B3,2,Craig_Bampton,full-grid,37,0,36,52,0.99889963662699222,0.9986539652999975,-0.022152689320454392,1,0,-1,STABLE,1.8891236920611088e-16,1.5405409120929863e-16,1
B3_D2_Craig_Bampton,B3,2,Craig_Bampton,full-grid,38,0,37,53,0.99899015872392816,0.99874542437522251,-0.022111411461412687,1,0,-1,STABLE,1.9942919322163839e-16,1.5405409120929863e-16,1
B3_D2_Craig_Bampton,B3,2,Craig_Bampton,full-grid,39,0,38,54,0.99907964718132924,0.99883588693167624,-0.022068357197147455,1,0,-1,STABLE,2.8788345748649127e-16,1.5405409120929863e-16,1
B3_D2_Craig_Bampton,B3,2,Craig_Bampton,full-grid,40,0,39,55,0.99916805292130584,0.99892530280711156,-0.022023564431631018,1,0,-1,STABLE,3.5952536784992069e-16,1.5405409120929866e-16,1
B3_D2_Craig_Bampton,B3,2,Craig_Bampton,full-grid,41,0,40,56,0.99925532874071632,0.99901362366307289,-0.021977073333203485,1,0,-1,STABLE,1.6519120486790153e-16,1.5405409120929868e-16,1
B3_D2_Craig_Bampton,B3,2,Craig_Bampton,full-grid,42,0,41,57,0.99934142946087068,0.99910080313839211,-0.021928926218951556,1,0,-1,STABLE,6.480513066135648e-16,1.5405409120929866e-16,1
B3_D2_Craig_Bampton,B3,2,Craig_Bampton,full-grid,43,0,42,58,0.99942631206652466,0.99918679699227364,-0.021879167425092366,1,0,-1,STABLE,2.3377259308296079e-16,1.5405409120929866e-16,1
B3_D2_Craig_Bampton,B3,2,Craig_Bampton,full-grid,44,0,43,59,0.99950993583296366,0.99927156323573652,-0.021827843164689078,1,0,-1,STABLE,1.1150372665139881e-16,1.5405409120929863e-16,1
B3_D2_Craig_Bampton,B3,2,Craig_Bampton,full-grid,45,0,44,60,0.99959226243970989,0.99935506224989701,-0.021775001374102588,1,0,-1,STABLE,1.2123030292821425e-16,1.5405409120929863e-16,1
B3_D2_Craig_Bampton,B3,2,Craig_Bampton,full-grid,46,0,45,61,0.99967325606980695,0.99943725689000662,-0.0217206915495082,1,0,-1,STABLE,1.2273045773635315e-16,1.5405409120929863e-16,1
B3_D2_Craig_Bampton,B3,2,Craig_Bampton,full-grid,47,0,46,62,0.99975288349381797,0.9995181125743271,-0.021664964575512896,1,0,-1,STABLE,1.6987732778948715e-16,1.5405409120929863e-16,1
B3_D2_Craig_Bampton,B3,2,Craig_Bampton,full-grid,48,0,47,63,0.99983111413785741,0.99959759735712028,-0.021607872547330629,1,0,-1,STABLE,2.1755284966543892e-16,1.5405409120929863e-16,1
B3_D2_Craig_Bampton,B3,2,Craig_Bampton,full-grid,49,0,48,64,0.9999079201354345,0.99967568198546886,-0.021549468588764355,1,0,-1,STABLE,2.7009802242869679e-16,1.5405409120929863e-16,1
B3_D2_Craig_Bampton,B3,2,Craig_Bampton,full-grid,50,0,49,65,0.99998327636268258,0.99975233993947588,-0.021489806667065039,1,0,-1,STABLE,3.3879207611363474e-16,1.5405409120929863e-16,1
B3_D2_Craig_Bampton,B3,2,Craig_Bampton,full-grid,51,0,50,66,1.0000571604573414,0.999827547456138,-0.021428941407462328,0,0,1,UNSTABLE,2.6827932968438687e-16,1.5405409120929863e-16,1
B3_D2_Craig_Bampton,B3,2,Craig_Bampton,full-grid,52,0,51,67,1.0001295528216101,0.99990128353698782,-0.021366927908289677,0,0,1,UNSTABLE,3.2018684133290086e-16,1.5405409120929863e-16,1
B3_D2_Craig_Bampton,B3,2,Craig_Bampton,full-grid,53,0,52,68,1.0002004366095911,0.99997352994016997,-0.021303821558877323,0,0,1,UNSTABLE,1.998433102676042e-16,1.5405409120929863e-16,1
B3_D2_Craig_Bampton,B3,2,Craig_Bampton,full-grid,54,0,53,69,1.000269797699717,1.0000442711573174,-0.021239677861553345,0,0,1,UNSTABLE,2.632470639490388e-16,1.5405409120929863e-16,1
B3_D2_Craig_Bampton,B3,2,Craig_Bampton,full-grid,55,0,54,70,1.0003376246533058,1.0001134943763368,-0.021174552259048893,0,0,1,UNSTABLE,2.7752953479788524e-16,1.5405409120929863e-16,1
B3_D2_Craig_Bampton,B3,2,Craig_Bampton,full-grid,56,0,55,71,1.0004039086601604,1.0001811894309844,-0.021108499969159235,0,0,1,UNSTABLE,1.6978979438346567e-16,1.5405409120929866e-16,1
B3_D2_Craig_Bampton,B3,2,Craig_Bampton,full-grid,57,0,56,72,1.0004686434722021,1.0002473487382166,-0.021041575826838414,0,0,1,UNSTABLE,4.2613695213857861e-16,1.5405409120929868e-16,1
B3_D2_Craig_Bampton,B3,2,Craig_Bampton,full-grid,58,0,57,73,1.000531825326533,1.0003119672246732,-0.020973834135618114,0,0,1,UNSTABLE,1.9393205480834432e-16,1.5405409120929866e-16,1
B3_D2_Craig_Bampton,B3,2,Craig_Bampton,full-grid,59,0,58,74,1.0005934528589493,1.0003750422433124,-0.020905328528516513,0,0,1,UNSTABLE,1.5946858189013739e-16,1.5405409120929866e-16,1
B3_D2_Craig_Bampton,B3,2,Craig_Bampton,full-grid,60,0,59,75,1.0006535270093384,1.0004365734816241,-0.020836111839201633,0,0,1,UNSTABLE,2.8356100151418418e-16,1.5405409120929863e-16,1
B3_D2_Craig_Bampton,B3,2,Craig_Bampton,full-grid,61,0,60,76,1.0007120509201601,1.0004965628626104,-0.020766235983827593,0,0,1,UNSTABLE,2.1060170060614657e-16,1.5405409120929863e-16,1
B3_D2_Craig_Bampton,B3,2,Craig_Bampton,full-grid,62,0,61,77,1.000769029829315,1.0005550144398394,-0.020695751853977238,0,0,1,UNSTABLE,3.6281771060565271e-16,1.5405409120929863e-16,1
B3_D2_Craig_Bampton,B3,2,Craig_Bampton,full-grid,63,0,62,78,1.0008244709585841,1.0006119342877642,-0.020624709220476788,0,0,1,UNSTABLE,2.152396187723715e-16,1.5405409120929863e-16,1
B3_D2_Craig_Bampton,B3,2,Craig_Bampton,full-grid,64,0,63,79,1.0008783833988546,1.0006673303885203,-0.020553156648473743,0,0,1,UNSTABLE,3.4609002339751828e-16,1.5405409120929863e-16,1
B3_D2_Craig_Bampton,B3,2,Craig_Bampton,full-grid,65,0,64,80,1.0009307779932626,1.0007212125163516,-0.020481141423287316,0,0,1,UNSTABLE,2.5399170101015636e-16,1.5405409120929863e-16,1
B3_D2_Craig_Bampton,B3,2,Craig_Bampton,full-grid,66,0,65,81,1.0009816672191727,1.0007735921205905,-0.020408709487000281,0,0,1,UNSTABLE,2.2357898733630156e-16,1.5405409120929863e-16,1
B3_D2_Craig_Bampton,B3,2,Craig_Bampton,full-grid,67,0,66,82,1.0010310650701144,1.0008244822083265,-0.020335905385364662,0,0,1,UNSTABLE,4.0737742696614257e-16,1.5405409120929863e-16,1
B3_D2_Craig_Bampton,B3,2,Craig_Bampton,full-grid,68,1,0,17,0.99542489810332524,0.99517427178698736,-0.022335991969345118,1,0,-1,STABLE,2.2455163771615866e-16,1.2758564174579434e-16,1
B3_D2_Craig_Bampton,B3,2,Craig_Bampton,full-grid,69,1,1,18,0.99551636629718299,0.99526513122444693,-0.022364126057852408,1,0,-1,STABLE,1.0503387883513982e-16,1.4054849545799591e-16,1
B3_D2_Craig_Bampton,B3,2,Craig_Bampton,full-grid,70,1,2,19,0.99560865932909415,0.99535685325090995,-0.022390560902365766,1,0,-1,STABLE,1.1049172499497889e-16,1.4054849545799591e-16,1
B3_D2_Craig_Bampton,B3,2,Craig_Bampton,full-grid,71,1,3,20,0.99570173771469939,0.99544939911382013,-0.022415269170958017,1,0,-1,STABLE,2.3708431470735539e-16,1.4054849545799591e-16,1
B3_D2_Craig_Bampton,B3,2,Craig_Bampton,full-grid,72,1,4,21,0.99579556109370504,0.99554272915797459,-0.022438224408772574,1,0,-1,STABLE,2.5749690378302316e-16,1.4054849545799591e-16,1
B3_D2_Craig_Bampton,B3,2,Craig_Bampton,full-grid,73,1,5,22,0.99589008822781855,0.99563680282255951,-0.022459401053543781,1,0,-1,STABLE,1.7071130125408359e-16,1.4054849545799591e-16,1
B3_D2_Craig_Bampton,B3,2,Craig_Bampton,full-grid,74,1,6,23,0.99598527699626971,0.99573157863569683,-0.022478774455006862,1,0,-1,STABLE,3.7895813558539148e-16,1.4054849545799591e-16,1
B3_D2_Craig_Bampton,B3,2,Craig_Bampton,full-grid,75,1,7,24,0.99608108438931764,0.99582701420690811,-0.022496320898171048,1,0,-1,STABLE,5.9062500446749309e-17,1.4054849545799591e-16,1
B3_D2_Craig_Bampton,B3,2,Craig_Bampton,full-grid,76,1,8,25,0.99617746650046202,0.99592306621818327,-0.022512017631727169,1,0,-1,STABLE,3.3021500782769132e-16,1.4054849545799591e-16,1
B3_D2_Craig_Bampton,B3,2,Craig_Bampton,full-grid,77,1,9,26,0.99627437851795464,0.99601969041426131,-0.022525842901342071,1,0,-1,STABLE,1.6929967629132713e-16,1.4054849545799591e-16,1
B3_D2_Craig_Bampton,B3,2,Craig_Bampton,full-grid,78,1,10,27,0.99637177471643146,0.99611684159292224,-0.022537775988597488,1,0,-1,STABLE,2.2578168876579461e-16,1.4054849545799591e-16,1
B3_D2_Craig_Bampton,B3,2,Craig_Bampton,full-grid,79,1,11,28,0.99646960844940369,0.99621447359603699,-0.022547797255587154,1,0,-1,STABLE,1.5684698433468815e-16,1.4054849545799591e-16,1
B3_D2_Craig_Bampton,B3,2,Craig_Bampton,full-grid,80,1,12,29,0.99656783214353639,0.99631253930228603,-0.022555888195734054,1,0,-1,STABLE,2.2239902580693248e-16,1.4054849545799591e-16,1
B3_D2_Craig_Bampton,B3,2,Craig_Bampton,full-grid,81,1,13,30,0.99666639729559037,0.99641099062244654,-0.022562031490232979,1,0,-1,STABLE,1.8873654905565317e-16,1.4054849545799591e-16,1
B3_D2_Craig_Bampton,B3,2,Craig_Bampton,full-grid,82,1,14,31,0.99676525447295794,0.99650977849815892,-0.022566211070775197,1,0,-1,STABLE,1.8641973684872512e-16,1.4054849545799591e-16,1
B3_D2_Craig_Bampton,B3,2,Craig_Bampton,full-grid,83,1,15,32,0.99686435331877199,0.99660885290517531,-0.022568412187921497,1,0,-1,STABLE,2.6187040925996054e-16,1.4054849545799591e-16,1
B3_D2_Craig_Bampton,B3,2,Craig_Bampton,full-grid,84,1,16,33,0.996963642562541,0.99670816286204555,-0.022568621485067442,1,0,-1,STABLE,1.747699537673283e-16,1.4054849545799591e-16,1
B3_D2_Craig_Bampton,B3,2,Craig_Bampton,full-grid,85,1,17,34,0.9970630700372487,0.99680765644519753,-0.022566827077296594,1,0,-1,STABLE,1.8578928651943144e-16,1.4054849545799591e-16,1
B3_D2_Craig_Bampton,B3,2,Craig_Bampton,full-grid,86,1,18,35,0.99716258270382196,0.99690728081133018,-0.022563018634846912,1,0,-1,STABLE,1.1351421722491944e-16,1.4054849545799591e-16,1
B3_D2_Craig_Bampton,B3,2,Craig_Bampton,full-grid,87,1,19,36,0.9972621266838777,0.99700698222804862,-0.022557187470296936,1,0,-1,STABLE,1.3962017064545907e-16,1.4054849545799591e-16,1
B3_D2_Craig_Bampton,B3,2,Craig_Bampton,full-grid,88,1,20,37,0.99736164730146981,0.99710670611349028,-0.02254932662868429,1,0,-1,STABLE,1.4644439128355772e-16,1.4054849545799591e-16,1
B3_D2_Craig_Bampton,B3,2,Craig_Bampton,full-grid,89,1,21,38,0.99746108913459741,0.99720639708572767,-0.022539430979494658,1,0,-1,STABLE,2.241486712218352e-16,1.4054849545799591e-16,1
B3_D2_Craig_Bampton,B3,2,Craig_Bampton,full-grid,90,1,22,39,0.99756039607706393,0.99730599902256634,-0.022527497309501276,1,0,-1,STABLE,2.573302399261386e-16,1.4054849545799591e-16,1
B3_D2_Craig_Bampton,B3,2,Craig_Bampton,full-grid,91,1,23,40,0.99765951141112086,0.99740545513220202,-0.022513524415365502,1,0,-1,STABLE,3.6487833332880229e-16,1.4054849545799591e-16,1
B3_D2_Craig_Bampton,B3,2,Craig_Bampton,full-grid,92,1,24,41,0.99775837789123833,0.99750470803512048,-0.022497513194225702,1,0,-1,STABLE,2.4353670914901256e-16,1.4054849545799591e-16,1
B3_D2_Craig_Bampton,B3,2,Craig_Bampton,full-grid,93,1,25,42,0.99785693783914053,0.99760369985740094,-0.022479466731466516,1,0,-1,STABLE,2.0476730582983066e-16,1.4054849545799591e-16,1
B3_D2_Craig_Bampton,B3,2,Craig_Bampton,full-grid,94,1,26,43,0.99795513325007446,0.99770237233543746,-0.022459390383841506,1,0,-1,STABLE,1.7258873228665907e-16,1.4054849545799591e-16,1
B3_D2_Craig_Bampton,B3,2,Craig_Bampton,full-grid,95,1,27,44,0.99805290591009965,0.99780066693189884,-0.022437291856458867,1,0,-1,STABLE,2.3215404431555075e-16,1.4054849545799591e-16,1
B3_D2_Craig_Bampton,B3,2,Craig_Bampton,full-grid,96,1,28,45,0.99815019752394352,0.99789852496250431,-0.022413181272313919,1,0,-1,STABLE,4.0585280664017644e-16,1.4054849545799591e-16,1
B3_D2_Craig_Bampton,B3,2,Craig_Bampton,full-grid,97,1,29,46,0.99824694985283813,0.99799588773306391,-0.022387071232927342,1,0,-1,STABLE,2.6107197520408814e-16,1.4054849545799591e-16,1
B3_D2_Craig_Bampton,B3,2,Craig_Bampton,full-grid,98,1,30,47,0.99834310486140287,0.99809269668588907,-0.02235897686827262,1,0,-1,STABLE,2.0036686036176031e-16,1.4054849545799591e-16,1
B3_D2_Craig_Bampton,B3,2,Craig_Bampton,full-grid,99,1,31,48,0.99843860487265934,0.99818889355467355,-0.02232891587513872,1,0,-1,STABLE,2.7132015513112767e-16,1.4054849545799591e-16,1
B3_D2_Craig_Bampton,B3,2,Craig_Bampton,full-grid,100,1,32,49,0.99853339272985209,0.99828442052655531,-0.022296908542406107,1,0,-1,STABLE,2.1353537671770921e-16,1.4054849545799591e-16,1
B3_D2_Craig_Bampton,B3,2,Craig_Bampton,full-grid,101,1,33,50,0.99862741196365568,0.99837922040995142,-0.02226297776234145,1,0,-1,STABLE,2.4692989270559458e-16,1.4054849545799591e-16,1
B3_D2_Craig_Bampton,B3,2,Craig_Bampton,full-grid,102,1,34,51,0.99872060696332821,0.9984732368067426,-0.022227149026918473,1,0,-1,STABLE,3.5953055334716098e-16,1.4054849545799591e-16,1
B3_D2_Craig_Bampton,B3,2,Craig_Bampton,full-grid,103,1,35,52,0.99881292314991188,0.99856641428692616,-0.022189450408314472,1,0,-1,STABLE,3.175320579364956e-16,1.4054849545799591e-16,1
B3_D2_Craig_Bampton,B3,2,Craig_Bampton,full-grid,104,1,36,53,0.99890430714993605,0.99865869856417411,-0.022149912523619284,1,0,-1,STABLE,2.0055136279777387e-16,1.4054849545799591e-16,1
B3_D2_Craig_Bampton,B3,2,Craig_Bampton,full-grid,105,1,37,54,0.99899470696756432,0.99875003667026108,-0.022108568482865971,1,0,-1,STABLE,3.0347787728526619e-16,1.4054849545799591e-16,1
B3_D2_Craig_Bampton,B3,2,Craig_Bampton,full-grid,106,1,38,55,0.99908407215341655,0.9988403771265616,-0.022065453820883381,1,0,-1,STABLE,3.5487300654790152e-16,1.4054849545799591e-16,1
B3_D2_Craig_Bampton,B3,2,Craig_Bampton,full-grid,107,1,39,56,0.99917235396815274,0.99892967011069356,-0.022020606413102099,1,0,-1,STABLE,2.3847171651970774e-16,1.4054849545799591e-16,1
B3_D2_Craig_Bampton,B3,2,Craig_Bampton,full-grid,108,1,40,57,0.99925950553902165,0.9990178676164938,-0.021974066375702771,1,0,-1,STABLE,1.9530928189032697e-16,1.4054849545799591e-16,1
B3_D2_Craig_Bampton,B3,2,Craig_Bampton,full-grid,109,1,41,58,0.99934548200758111,0.99910492360549574,-0.021925875951058917,1,0,-1,STABLE,2.2446779885143403e-16,1.4054849545799591e-16,1
B3_D2_Craig_Bampton,B3,2,Craig_Bampton,full-grid,110,1,42,59,0.99943024066708797,0.99919079414837109,-0.021876079379559106,1,0,-1,STABLE,3.1432395654510909e-16,1.4054849545799591e-16,1
B3_D2_Craig_Bampton,B3,2,Craig_Bampton,full-grid,111,1,43,60,0.99951374108788538,0.9992754375546411,-0.021824722758393297,1,0,-1,STABLE,8.7439218306553196e-17,1.4054849545799591e-16,1
B3_D2_Craig_Bampton,B3,2,Craig_Bampton,full-grid,112,1,44,61,0.99959594522980977,0.9993588144896105,-0.021771853889756144,1,0,-1,STABLE,3.6695510842105141e-16,1.4054849545799591e-16,1
B3_D2_Craig_Bampton,B3,2,Craig_Bampton,full-grid,113,1,45,62,0.99967681754021154,0.99944088807709819,-0.021717522118939368,1,0,-1,STABLE,1.5212302779028355e-16,1.4054849545799591e-16,1
B3_D2_Craig_Bampton,B3,2,Craig_Bampton,full-grid,114,1,46,63,0.99975632503694334,0.99952162398725508,-0.021661778164648232,1,0,-1,STABLE,1.4472673864394693e-16,1.4054849545799591e-16,1
B3_D2_Craig_Bampton,B3,2,Craig_Bampton,full-grid,115,1,47,64,0.99983443737567212,0.99960099050878215,-0.021604673943118546,1,0,-1,STABLE,1.9654363651669959e-16,1.4054849545799591e-16,1
B3_D2_Craig_Bampton,B3,2,Craig_Bampton,full-grid,116,1,48,65,0.9999111269010108,0.99967895860499745,-0.02154626238763788,1,0,-1,STABLE,2.4976950273029705e-16,1.4054849545799591e-16,1
B3_D2_Craig_Bampton,B3,2,Craig_Bampton,full-grid,117,1,49,66,0.99998636868147794,0.99975550195371077,-0.021486597265569781,1,0,-1,STABLE,2.6100921282688371e-16,1.4054849545799591e-16,1
B3_D2_Craig_Bampton,B3,2,Craig_Bampton,full-grid,118,1,50,67,1.0000601405282437,0.99983059697081522,-0.021425732994543822,0,0,1,UNSTABLE,1.7888470978702575e-16,1.4054849545799591e-16,1
B3_D2_Craig_Bampton,B3,2,Craig_Bampton,full-grid,119,1,51,68,1.0001324229979873,0.99990422281789093,-0.021363724459332212,0,0,1,UNSTABLE,5.6525364264708528e-16,1.4054849545799591e-16,1
B3_D2_Craig_Bampton,B3,2,Craig_Bampton,full-grid,120,1,52,69,1.0002031993804921,0.99997636139438439,-0.021300626831613444,0,0,1,UNSTABLE,3.2564514613230256e-16,1.4054849545799591e-16,1
B3_D2_Craig_Bampton,B3,2,Craig_Bampton,full-grid,121,1,53,70,1.0002724556714466,1.0000469973148212,-0.021236495393455193,0,0,1,UNSTABLE,2.468478843347316e-16,1.4054849545799591e-16,1
B3_D2_Craig_Bampton,B3,2,Craig_Bampton,full-grid,122,1,54,71,1.0003401805314784,1.0001161178720273,-0.021171385366484566,0,0,1,UNSTABLE,2.1529683926090761e-16,1.4054849545799591e-16,1
B3_D2_Craig_Bampton,B3,2,Craig_Bampton,full-grid,123,1,55,72,1.00040636523236,1.0001837129872817,-0.021105351747769691,0,0,1,UNSTABLE,1.4629222110176539e-16,1.4054849545799591e-16,1
B3_D2_Craig_Bampton,B3,2,Craig_Bampton,full-grid,124,1,56,73,1.000471003591362,1.0002497751483497,-0.021038449153463663,0,0,1,UNSTABLE,2.3119564007422327e-16,1.4054849545799591e-16,1
B3_D2_Craig_Bampton,B3,2,Craig_Bampton,full-grid,125,1,57,74,1.0005340918951102,1.0003142993367344,-0.020970731671334987,0,0,1,UNSTABLE,1.6450933566141171e-16,1.4054849545799591e-16,1
B3_D2_Craig_Bampton,B3,2,Craig_Bampton,full-grid,126,1,58,75,1.0005956288140379,1.0003772829452258,-0.020902252722791819,0,0,1,UNSTABLE,2.5333709707442396e-16,1.4054849545799591e-16,1
B3_D2_Craig_Bampton,B3,2,Craig_Bampton,full-grid,127,1,59,76,1.000655615308663,1.0004387256869736,-0.020833064934933795,0,0,1,UNSTABLE,2.958081866936111e-16,1.4054849545799591e-16,1
B3_D2_Craig_Bampton,B3,2,Craig_Bampton,full-grid,128,1,60,77,1.0007140545291555,1.000498629497532,-0.020763220023447097,0,0,1,UNSTABLE,2.9192007313443015e-16,1.4054849545799591e-16,1
B3_D2_Craig_Bampton,B3,2,Craig_Bampton,full-grid,129,1,61,78,1.0007709517090875,1.0005569984307852,-0.020692768685965344,0,0,1,UNSTABLE,1.9692777035059726e-16,1.4054849545799591e-16,1
B3_D2_Craig_Bampton,B3,2,Craig_Bampton,full-grid,130,1,62,79,1.0008263140549727,1.0006138385503509,-0.020621760506685745,0,0,1,UNSTABLE,1.4580643253532112e-16,1.4054849545799591e-16,1
B3_D2_Craig_Bampton,B3,2,Craig_Bampton,full-grid,131,1,63,80,1.0008801506325287,1.0006691578174087,-0.020550243871817038,0,0,1,UNSTABLE,3.6434291455885413e-16,1.4054849545799591e-16,1
B3_D2_Craig_Bampton,B3,2,Craig_Bampton,full-grid,132,1,64,81,1.0009324722507196,1.0007229659760175,-0.020478265895824334,0,0,1,UNSTABLE,2.9951194451259934e-16,1.4054849545799591e-16,1
B3_D2_Craig_Bampton,B3,2,Craig_Bampton,full-grid,133,1,65,82,1.0009832913448153,1.0007752744371716,-0.02040587235830503,0,0,1,UNSTABLE,2.2752677285556585e-16,1.4054849545799591e-16,1
B3_D2_Craig_Bampton,B3,2,Craig_Bampton,full-grid,134,1,66,83,1.0010326218592733,1.0008260961624162,-0.020333107651041328,0,0,1,UNSTABLE,1.9345475125974337e-16,1.4054849545799591e-16,1
B3_D2_Craig_Bampton,B3,2,Craig_Bampton,full-grid,135,2,0,18,0.99543103235628461,0.9951803636453147,-0.022337949607729245,1,0,-1,STABLE,2.3204248865135833e-16,1.2758564174579436e-16,1
B3_D2_Craig_Bampton,B3,2,Craig_Bampton,full-grid,136,2,1,19,0.99552256186219756,0.99527128733302672,-0.022365951514141946,1,0,-1,STABLE,2.0249427805971094e-16,1.4054849545799591e-16,1
B3_D2_Craig_Bampton,B3,2,Craig_Bampton,full-grid,137,2,2,20,0.99561491102104782,0.99536306851014955,-0.022392250746808895,1,0,-1,STABLE,3.0268844665330472e-16,1.4054849545799594e-16,1
B3_D2_Craig_Bampton,B3,2,Craig_Bampton,full-grid,138,2,3,21,0.99570804014229708,0.99545566821201659,-0.022416820215675971,1,0,-1,STABLE,2.5379581159704828e-16,1.4054849545799591e-16,1
B3_D2_Craig_Bampton,B3,2,Craig_Bampton,full-grid,139,2,4,22,0.99580190867279972,0.99554904658424415,-0.022439633722353847,1,0,-1,STABLE,3.6928068532982741e-16,1.4054849545799591e-16,1
B3_D2_Craig_Bampton,B3,2,Craig_Bampton,full-grid,140,2,5,23,0.99589647519580349,0.99564316288084931,-0.022460665975082152,1,0,-1,STABLE,1.4788487477826935e-16,1.4054849545799591e-16,1
B3_D2_Craig_Bampton,B3,2,Craig_Bampton,full-grid,141,2,6,24,0.99599169742747928,0.99573797545982856,-0.022479892607248364,1,0,-1,STABLE,3.1557323167609274e-16,1.4054849545799591e-16,1
B3_D2_Craig_Bampton,B3,2,Craig_Bampton,full-grid,142,2,7,25,0.99608753221141688,0.99583344177663236,-0.022497290199866914,1,0,-1,STABLE,4.6969390797432326e-16,1.4054849545799591e-16,1
B3_D2_Craig_Bampton,B3,2,Craig_Bampton,full-grid,143,2,8,26,0.99618393551177808,0.99592951837620203,-0.022512836309107293,1,0,-1,STABLE,3.7546595945606927e-16,1.4054849545799591e-16,1
B3_D2_Craig_Bampton,B3,2,Craig_Bampton,full-grid,144,2,9,27,0.99628086240571789,0.99602616088418738,-0.022526509498547766,1,0,-1,STABLE,1.9372719410436308e-16,1.4054849545799591e-16,1
B3_D2_Craig_Bampton,B3,2,Craig_Bampton,full-grid,145,2,10,28,0.99637826707584021,0.996123323998096,-0.022538289376944163,1,0,-1,STABLE,2.7296437284486795e-16,1.4054849545799591e-16,1
B3_D2_Craig_Bampton,B3,2,Craig_Bampton,full-grid,146,2,11,29,0.99647610280351284,0.99622096147919548,-0.022548156641833114,1,0,-1,STABLE,1.3538167065950336e-16,1.4054849545799591e-16,1
B3_D2_Craig_Bampton,B3,2,Craig_Bampton,full-grid,147,2,12,30,0.99657432196384732,0.99631902614597334,-0.022556093128935351,1,0,-1,STABLE,2.4666816632776365e-16,1.4054849545799591e-16,1
B3_D2_Craig_Bampton,B3,2,Craig_Bampton,full-grid,148,2,13,31,0.99667287602329446,0.99641746987011237,-0.022562081867352566,1,0,-1,STABLE,2.2331420018943411e-16,1.4054849545799591e-16,1
B3_D2_Craig_Bampton,B3,2,Craig_Bampton,full-grid,149,2,14,32,0.99677171554076349,0.99651624357587865,-0.022566107140949473,1,0,-1,STABLE,3.2145056673004841e-16,1.4054849545799591e-16,1
B3_D2_Craig_Bampton,B3,2,Craig_Bampton,full-grid,150,2,15,33,0.99687079017322788,0.99661529724390974,-0.022568154555242251,1,0,-1,STABLE,1.8015033510108441e-16,1.4054849545799591e-16,1
B3_D2_Craig_Bampton,B3,2,Craig_Bampton,full-grid,151,2,16,34,0.9969700486867008,0.99671457992028567,-0.02256821110967562,1,0,-1,STABLE,4.3546272468811564e-16,1.4054849545799591e-16,1
B3_D2_Craig_Bampton,B3,2,Craig_Bampton,full-grid,152,2,17,35,0.99706943897362921,0.99681403973194826,-0.022566265275003338,1,0,-1,STABLE,2.4152116257504534e-16,1.4054849545799591e-16,1
B3_D2_Craig_Bampton,B3,2,Craig_Bampton,full-grid,153,2,18,36,0.99716890807752523,0.99691362390929994,-0.022562307075088911,1,0,-1,STABLE,1.4914405402831511e-16,1.4054849545799594e-16,1
B3_D2_Craig_Bampton,B3,2,Craig_Bampton,full-grid,154,2,19,37,0.99726840222568491,0.99701327881686386,-0.02255632817230617,1,0,-1,STABLE,3.1260932601647719e-16,1.4054849545799591e-16,1
B3_D2_Craig_Bampton,B3,2,Craig_Bampton,full-grid,155,2,20,38,0.99736786687086476,0.99711294999288502,-0.022548321955867329,1,0,-1,STABLE,1.7764134014777501e-16,1.4054849545799591e-16,1
B3_D2_Craig_Bampton,B3,2,Craig_Bampton,full-grid,156,2,21,39,0.99746724674248732,0.99721258219847653,-0.022538283632186514,1,0,-1,STABLE,1.5790604066573718e-16,1.4054849545799591e-16,1
B3_D2_Craig_Bampton,B3,2,Craig_Bampton,full-grid,157,2,22,40,0.99756648590804675,0.99731211947701848,-0.02252621031569171,1,0,-1,STABLE,3.7693207798875023e-16,1.4054849545799591e-16,1
B3_D2_Craig_Bampton,B3,2,Craig_Bampton,full-grid,158,2,23,41,0.99766552784521356,0.99741150522431954,-0.022512101119746712,1,0,-1,STABLE,1.1326952836099282e-16,1.4054849545799591e-16,1
B3_D2_Craig_Bampton,B3,2,Craig_Bampton,full-grid,159,2,24,42,0.99776431552475908,0.99751068226972051,-0.022495957245414758,1,0,-1,STABLE,1.1549645544020105e-16,1.4054849545799591e-16,1
B3_D2_Craig_Bampton,B3,2,Craig_Bampton,full-grid,160,2,25,43,0.99786279150471324,0.99760959296856311,-0.022477782067560865,1,0,-1,STABLE,3.8767928710543031e-16,1.4054849545799591e-16,1
B3_D2_Craig_Bampton,B3,2,Craig_Bampton,full-grid,161,2,26,44,0.99796089803548027,0.99770817930580535,-0.022457581216085893,1,0,-1,STABLE,2.4702429866230927e-16,1.4054849545799591e-16,1
B3_D2_Craig_Bampton,B3,2,Craig_Bampton,full-grid,162,2,27,45,0.99805857717584778,0.99780638301073976,-0.022435362651466718,1,0,-1,STABLE,2.6183637641953572e-16,1.4054849545799591e-16,1
B3_D2_Craig_Bampton,B3,2,Craig_Bampton,full-grid,163,2,28,46,0.99815577091941088,0.99790414568237262,-0.022411136732827096,1,0,-1,STABLE,3.217355133649312e-16,1.4054849545799591e-16,1
B3_D2_Craig_Bampton,B3,2,Craig_Bampton,full-grid,164,2,29,47,0.99825242133073833,0.99800140892483546,-0.022384916276931142,1,0,-1,STABLE,2.1147156722869607e-16,1.4054849545799591e-16,1
B3_D2_Craig_Bampton,B3,2,Craig_Bampton,full-grid,165,2,30,48,0.99834847069059662,0.99809811449215913,-0.022356716607094523,1,0,-1,STABLE,2.0944239511462319e-16,1.4054849545799591e-16,1
B3_D2_Craig_Bampton,B3,2,Craig_Bampton,full-grid,166,2,31,49,0.99844386164897836,0.99819420444119755,-0.022326555590343574,1,0,-1,STABLE,2.4536269775887369e-16,1.4054849545799591e-16,1
B3_D2_Craig_Bampton,B3,2,Craig_Bampton,full-grid,167,2,32,50,0.99853853738498499,0.99828962129176879,-0.022294453661881514,1,0,-1,STABLE,3.5261684848808898e-16,1.4054849545799591e-16,1
B3_D2_Craig_Bampton,B3,2,Craig_Bampton,full-grid,168,2,33,51,0.99863244177196464,0.99838430819243507,-0.022260433835597292,1,0,-1,STABLE,2.9636834732906027e-16,1.4054849545799591e-16,1
B3_D2_Craig_Bampton,B3,2,Craig_Bampton,full-grid,169,2,34,52,0.99872551954643163,0.99847820909046447,-0.02222452169988327,1,0,-1,STABLE,2.6998042628107296e-16,1.4054849545799594e-16,1
B3_D2_Craig_Bampton,B3,2,Craig_Bampton,full-grid,170,2,35,53,0.99881771647915674,0.99857126890436942,-0.022186745397976826,1,0,-1,STABLE,2.6967662618072533e-16,1.4054849545799591e-16,1
B3_D2_Craig_Bampton,B3,2,Craig_Bampton,full-grid,171,2,36,54,0.9989089795466215,0.99866343369722077,-0.022147135592424736,1,0,-1,STABLE,1.9138923327010503e-16,1.4054849545799591e-16,1
B3_D2_Craig_Bampton,B3,2,Craig_Bampton,full-grid,172,2,37,55,0.9989992571009596,0.99875465084885251,-0.022105725413475111,1,0,-1,STABLE,4.5235037909094231e-16,1.4054849545799591e-16,1
B3_D2_Craig_Bampton,B3,2,Craig_Bampton,full-grid,173,2,38,56,0.99908849903662622,0.99884486922519278,-0.022062550391244554,1,0,-1,STABLE,2.0897285665216819e-16,1.4054849545799591e-16,1
B3_D2_Craig_Bampton,B3,2,Craig_Bampton,full-grid,174,2,39,57,0.99917665695195512,0.99893403934285985,-0.02201764837221825,1,0,-1,STABLE,1.9049838015323718e-16,1.4054849545799591e-16,1
B3_D2_Craig_Bampton,B3,2,Craig_Bampton,full-grid,175,2,40,58,0.99926368430360946,0.99902211352701376,-0.021971059420114927,1,0,-1,STABLE,2.767860702684626e-16,1.4054849545799591e-16,1
B3_D2_Craig_Bampton,B3,2,Craig_Bampton,full-grid,176,2,41,59,0.99934953655254088,0.99910904606103512,-0.021922825702605418,1,0,-1,STABLE,2.253314897797655e-16,1.4054849545799591e-16,1
B3_D2_Craig_Bampton,B3,2,Craig_Bampton,full-grid,177,2,42,60,0.99943417129957013,0.99919479332613037,-0.02187299136400301,1,0,-1,STABLE,1.6460262119151558e-16,1.4054849545799591e-16,1
B3_D2_Craig_Bampton,B3,2,Craig_Bampton,full-grid,178,2,43,61,0.99951754840927787,0.99927931392949776,-0.021821602385829541,1,0,-1,STABLE,1.7253765961996803e-16,1.4054849545799591e-16,1
B3_D2_Craig_Bampton,B3,2,Craig_Bampton,full-grid,179,2,44,62,0.99959963012098163,0.99936256881979313,-0.021768706436253549,1,0,-1,STABLE,1.5561296335447216e-16,1.4054849545799591e-16,1
B3_D2_Craig_Bampton,B3,2,Craig_Bampton,full-grid,180,2,45,63,0.99968038114556768,0.9994445213886245,-0.021714352709925815,1,0,-1,STABLE,3.8529593057878174e-16,1.4054849545799591e-16,1
B3_D2_Craig_Bampton,B3,2,Craig_Bampton,full-grid,181,2,46,64,0.99975976874750583,0.99952513755735017,-0.021658591759999627,1,0,-1,STABLE,2.1983675398610013e-16,1.4054849545799591e-16,1
B3_D2_Craig_Bampton,B3,2,Craig_Bampton,full-grid,182,2,47,65,0.99983776281135583,0.99960438584844269,-0.02160147532403809,1,0,-1,STABLE,1.8439410583672674e-16,1.4054849545799591e-16,1
B3_D2_Craig_Bampton,B3,2,Craig_Bampton,full-grid,183,2,48,66,0.99991433589232492,0.99968223744093176,-0.021543056145354587,1,0,-1,STABLE,2.7133076502518944e-16,1.4054849545799591e-16,1
B3_D2_Craig_Bampton,B3,2,Craig_Bampton,full-grid,184,2,49,67,0.99998946325081806,0.99975866620982234,-0.021483387791880481,1,0,-1,STABLE,2.8670747206474421e-16,1.4054849545799591e-16,1
B3_D2_Craig_Bampton,B3,2,Craig_Bampton,full-grid,185,2,50,68,1.0000631228710433,0.99983364874949987,-0.021422524474136159,0,0,1,UNSTABLE,2.198821412576802e-16,1.4054849545799594e-16,1
B3_D2_Craig_Bampton,B3,2,Craig_Bampton,full-grid,186,2,51,69,1.0001352954638361,0.99990716438125227,-0.021360520863920152,0,0,1,UNSTABLE,2.694892073529838e-16,1.4054849545799591e-16,1
B3_D2_Craig_Bampton,B3,2,Craig_Bampton,full-grid,187,2,52,70,1.0002059644544106,0.99997919514556477,-0.021297431915749423,0,0,1,UNSTABLE,1.5066813766172209e-16,1.4054849545799591e-16,1
B3_D2_Craig_Bampton,B3,2,Craig_Bampton,full-grid,188,2,53,71,1.0002751159555379,1.0000497257796668,-0.021233312692036842,0,0,1,UNSTABLE,2.024827813006413e-16,1.4054849545799591e-16,1
B3_D2_Craig_Bampton,B3,2,Craig_Bampton,full-grid,189,2,54,72,1.000342738727062,1.0001187436811987,-0.021168218193792381,0,0,1,UNSTABLE,1.1444961612676046e-16,1.4054849545799591e-16,1
B3_D2_Craig_Bampton,B3,2,Craig_Bampton,full-grid,190,2,55,73,1.0004088241226639,1.0001862388588854,-0.021102203197955985,0,0,1,UNSTABLE,1.8604462648029706e-16,1.4054849545799591e-16,1
B3_D2_Craig_Bampton,B3,2,Craig_Bampton,full-grid,191,2,56,74,1.0004733660249749,1.0002522038713004,-0.021035322102353531,0,0,1,UNSTABLE,2.4680297597136781e-16,1.4054849545799591e-16,1
B3_D2_Craig_Bampton,B3,2,Craig_Bampton,full-grid,192,2,57,75,1.0005363607702202,1.0003166337548746,-0.020967628779447488,0,0,1,UNSTABLE,2.8051684168672015e-16,1.4054849545799591e-16,1
B3_D2_Craig_Bampton,B3,2,Craig_Bampton,full-grid,193,2,58,76,1.0005978070635837,1.0003795259423318,-0.020899176439468387,0,0,1,UNSTABLE,2.5430755584980557e-16,1.4054849545799591e-16,1
B3_D2_Craig_Bampton,B3,2,Craig_Bampton,full-grid,194,2,59,77,1.0006577058864103,1.0004408801726654,-0.020830017503503131,0,0,1,UNSTABLE,1.960664451430188e-16,1.4054849545799591e-16,1
B3_D2_Craig_Bampton,B3,2,Craig_Bampton,full-grid,195,2,60,78,1.0007160603966656,1.0005006983940605,-0.020760203486971943,0,0,1,UNSTABLE,3.3430970282541386e-16,1.4054849545799591e-16,1
B3_D2_Craig_Bampton,B3,2,Craig_Bampton,full-grid,196,2,61,79,1.0007728758238874,1.0005589846610015,-0.020689784894000373,0,0,1,UNSTABLE,2.682288481839341e-16,1.4054849545799591e-16,1
B3_D2_Craig_Bampton,B3,2,Craig_Bampton,full-grid,197,2,62,80,1.0008281593595481,1.0006157450264901,-0.020618811122444493,0,0,1,UNSTABLE,3.5445090024687279e-16,1.4054849545799591e-16,1
B3_D2_Craig_Bampton,B3,2,Craig_Bampton,full-grid,198,2,63,81,1.0008819200444168,1.0006709874309638,-0.020547330379830742,0,0,1,UNSTABLE,4.7321299659385096e-16,1.4054849545799591e-16,1
B3_D2_Craig_Bampton,B3,2,Craig_Bampton,full-grid,199,2,64,82,1.0009341686535798,1.0007247215885844,-0.02047538961005229,0,0,1,UNSTABLE,4.1227248092505344e-16,1.4054849545799591e-16,1
B3_D2_Craig_Bampton,B3,2,Craig_Bampton,full-grid,200,2,65,83,1.0009849175804779,1.0007769588722706,-0.020403034430346165,0,0,1,UNSTABLE,2.3946968496032334e-16,1.4054849545799591e-16,1
B3_D2_Craig_Bampton,B3,2,Craig_Bampton,full-grid,201,2,66,84,1.001034180720731,1.0008277121982538,-0.02033030907867486,0,0,1,UNSTABLE,2.4450983279615429e-16,1.4054849545799594e-16,1
B3_D2_Craig_Bampton,B3,2,Craig_Bampton,full-grid,202,3,0,19,0.99543717322383629,0.9951864620599451,-0.022339909768649142,1,0,-1,STABLE,1.6127241405717592e-16,1.2758564174579434e-16,1
B3_D2_Craig_Bampton,B3,2,Craig_Bampton,full-grid,203,3,1,20,0.99552876404181367,0.99527745000407641,-0.022367779237207289,1,0,-1,STABLE,3.0492910125338956e-16,1.4054849545799591e-16,1
B3_D2_Craig_Bampton,B3,2,Craig_Bampton,full-grid,204,3,2,21,0.9956211693112178,0.99536929032154953,-0.022393942605346804,1,0,-1,STABLE,2.6871393737702148e-16,1.4054849545799591e-16,1
B3_D2_Craig_Bampton,B3,2,Craig_Bampton,full-grid,205,3,3,22,0.99571434913574619,0.99546194383596798,-0.022418373026132331,1,0,-1,STABLE,1.8326122307697826e-16,1.4054849545799591e-16,1
B3_D2_Craig_Bampton,B3,2,Craig_Bampton,full-grid,206,3,4,23,0.9958082627699546,0.99555537049428522,-0.022441044559049047,1,0,-1,STABLE,2.0589256163104899e-16,1.4054849545799591e-16,1
B3_D2_Craig_Bampton,B3,2,Craig_Bampton,full-grid,207,3,5,24,0.99590286861932242,0.99564952936600937,-0.022461932184022721,1,0,-1,STABLE,2.1007847843131472e-16,1.4054849545799591e-16,1
B3_D2_Craig_Bampton,B3,2,Craig_Bampton,full-grid,208,3,6,25,0.99599812423774292,0.99574437863976029,-0.022481011819312509,1,0,-1,STABLE,2.3534245094207938e-16,1.4054849545799591e-16,1
B3_D2_Craig_Bampton,B3,2,Craig_Bampton,full-grid,209,3,7,26,0.99609398632304824,0.99583987561779996,-0.02249826034309314,1,0,-1,STABLE,2.3189622059546601e-16,1.4054849545799591e-16,1
B3_D2_Craig_Bampton,B3,2,Craig_Bampton,full-grid,210,3,8,27,0.99619041071107306,0.99593597670900569,-0.022513655619988509,1,0,-1,STABLE,2.1599832928212589e-16,1.4054849545799591e-16,1
B3_D2_Craig_Bampton,B3,2,Craig_Bampton,full-grid,211,3,9,28,0.99628735236896759,0.99603263742100712,-0.022527176532359292,1,0,-1,STABLE,3.2731573378426974e-16,1.4054849545799591e-16,1
B3_D2_Craig_Bampton,B3,2,Craig_Bampton,full-grid,212,3,10,29,0.99638476538848775,0.99612981235220155,-0.022538803017002802,1,0,-1,STABLE,1.8341309263928968e-16,1.4054849545799591e-16,1
B3_D2_Craig_Bampton,B3,2,Craig_Bampton,full-grid,213,3,11,30,0.99648260298010027,0.99622745518447997,-0.022548516107518641,1,0,-1,STABLE,1.6950747184385225e-16,1.4054849545799591e-16,1
B3_D2_Craig_Bampton,B3,2,Craig_Bampton,full-grid,214,3,12,31,0.99658081746865101,0.9963255186774107,-0.02255629798244976,1,0,-1,STABLE,1.308600646998355e-16,1.4054849545799591e-16,1
B3_D2_Craig_Bampton,B3,2,Craig_Bampton,full-grid,215,3,13,32,0.99667936029163839,0.9964239546649265,-0.022562132019338366,1,0,-1,STABLE,3.6795427305538905e-16,1.4054849545799591e-16,1
B3_D2_Craig_Bampton,B3,2,Craig_Bampton,full-grid,216,3,14,33,0.99677818200084789,0.99652271405527415,-0.022566002854416251,1,0,-1,STABLE,1.9042270353087071e-16,1.4054849545799591e-16,1
B3_D2_Craig_Bampton,B3,2,Craig_Bampton,full-grid,217,3,15,34,0.99687723226843838,0.99662174683532001,-0.022567896448220503,1,0,-1,STABLE,1.2504381250664067e-16,1.4054849545799591e-16,1
B3_D2_Craig_Bampton,B3,2,Craig_Bampton,full-grid,218,3,16,35,0.99697645989830674,0.99672100208005299,-0.022567800156305277,1,0,-1,STABLE,1.7997520783182028e-16,1.4054849545799591e-16,1
B3_D2_Craig_Bampton,B3,2,Craig_Bampton,full-grid,219,3,17,36,0.99707581284369284,0.99682042796826198,-0.022565702804963252,1,0,-1,STABLE,2.3386408168309289e-16,1.4054849545799591e-16,1
B3_D2_Craig_Bampton,B3,2,Craig_Bampton,full-grid,220,3,18,37,0.99717523823197796,0.99691997180534964,-0.02256159477126788,1,0,-1,STABLE,2.994431444104605e-16,1.4054849545799591e-16,1
B3_D2_Craig_Bampton,B3,2,Craig_Bampton,full-grid,221,3,19,38,0.9972746823974048,0.99701958005403213,-0.022555468067104015,1,0,-1,STABLE,2.1644180597863246e-16,1.4054849545799591e-16,1
B3_D2_Craig_Bampton,B3,2,Craig_Bampton,full-grid,222,3,20,39,0.99737409092257723,0.9971191983738239,-0.022547316425245326,1,0,-1,STABLE,2.231770603337311e-16,1.4054849545799591e-16,1
B3_D2_Craig_Bampton,B3,2,Craig_Bampton,full-grid,223,3,21,40,0.99747340868941869,0.99721877166997774,-0.022537135388270218,1,0,-1,STABLE,2.3757770540236667e-16,1.4054849545799591e-16,1
B3_D2_Craig_Bampton,B3,2,Craig_Bampton,full-grid,224,3,22,41,0.99757257994013493,0.99731824415248727,-0.02252492239757365,1,0,-1,STABLE,3.099361615156965e-16,1.4054849545799591e-16,1
B3_D2_Craig_Bampton,B3,2,Craig_Bampton,full-grid,225,3,23,42,0.99767154834865313,0.99741755940563703,-0.022510676882348091,1,0,-1,STABLE,1.9291054615504322e-16,1.4054849545799591e-16,1
B3_D2_Craig_Bampton,B3,2,Craig_Bampton,full-grid,226,3,24,43,0.99777025710284473,0.99751666046844667,-0.022494400346638955,1,0,-1,STABLE,3.3810152800228611e-16,1.4054849545799591e-16,1
B3_D2_Craig_Bampton,B3,2,Craig_Bampton,full-grid,227,3,25,44,0.99786864899765348,0.99761548992615756,-0.022476096453670127,1,0,-1,STABLE,2.60694618544781e-16,1.4054849545799591e-16,1
B3_D2_Craig_Bampton,B3,2,Craig_Bampton,full-grid,228,3,26,45,0.9979666665391691,0.997713990012848,-0.022455771105526059,1,0,-1,STABLE,1.6215870289649544e-16,1.4054849545799591e-16,1
B3_D2_Craig_Bampton,B3,2,Craig_Bampton,full-grid,229,3,27,46,0.9980642520592663,0.99781210272482124,-0.022433432516976565,1,0,-1,STABLE,3.5131395605879704e-16,1.4054849545799591e-16,1
B3_D2_Craig_Bampton,B3,2,Craig_Bampton,full-grid,230,3,28,47,0.9981613478406367,0.99790976994463221,-0.022409091282064249,1,0,-1,STABLE,1.326285958889944e-16,1.4054849545799591e-16,1
B3_D2_Craig_Bampton,B3,2,Craig_Bampton,full-grid,231,3,29,48,0.99825789625131756,0.99800693357489423,-0.0223827604316994,1,0,-1,STABLE,3.0921273433683555e-16,1.4054849545799591e-16,1
B3_D2_Craig_Bampton,B3,2,Craig_Bampton,full-grid,232,3,30,49,0.99835383988813187,0.99810353568129728,-0.02235445548142688,1,0,-1,STABLE,1.527199124500643e-16,1.4054849545799591e-16,1
B3_D2_Craig_Bampton,B3,2,Craig_Bampton,full-grid,233,3,31,50,0.9984491217279492,0.99819951864378731,-0.022324194467541209,1,0,-1,STABLE,2.4705134265675001e-16,1.4054849545799591e-16,1
B3_D2_Craig_Bampton,B3,2,Craig_Bampton,full-grid,234,3,32,51,0.99854368528544679,0.99829482531460889,-0.022291997970483729,1,0,-1,STABLE,2.251963917483542e-16,1.4054849545799591e-16,1
B3_D2_Craig_Bampton,B3,2,Craig_Bampton,full-grid,235,3,33,52,0.99863747477623044,0.99838939918208014,-0.022257889124792919,1,0,-1,STABLE,3.3630058605647241e-16,1.4054849545799591e-16,1
B3_D2_Craig_Bampton,B3,2,Craig_Bampton,full-grid,236,3,34,53,0.99873043528362582,0.99848318453843199,-0.022221893614460891,1,0,-1,STABLE,1.7652480922874297e-16,1.4054849545799591e-16,1
B3_D2_Craig_Bampton,B3,2,Craig_Bampton,full-grid,237,3,35,54,0.99882251292755031,0.9985761266501354,-0.022184039652852459,1,0,-1,STABLE,2.3587682591822633e-16,1.4054849545799591e-16,1
B3_D2_Craig_Bampton,B3,2,Craig_Bampton,full-grid,238,3,36,55,0.99891365503380469,0.99866817192904023,-0.022144357947433444,1,0,-1,STABLE,2.251170903451817e-16,1.4054849545799591e-16,1
B3_D2_Craig_Bampton,B3,2,Craig_Bampton,full-grid,239,3,37,56,0.99900381030182095,0.99875926810238447,-0.022102881648006657,1,0,-1,STABLE,3.9753405590220861e-16,1.4054849545799591e-16,1
B3_D2_Craig_Bampton,B3,2,Craig_Bampton,full-grid,240,3,38,57,0.9990929289691648,0.99884936437993921,-0.022059646279482859,1,0,-1,STABLE,1.4572727751170541e-16,1.4054849545799591e-16,1
B3_D2_Craig_Bampton,B3,2,Craig_Bampton,full-grid,241,3,39,58,0.99918096297102821,0.99893841161651786,-0.022014689658942398,1,0,-1,STABLE,2.9532600070238399e-16,1.4054849545799591e-16,1
B3_D2_Craig_Bampton,B3,2,Craig_Bampton,full-grid,242,3,40,59,0.99926786609279172,0.99902636246790966,-0.021968051797520625,1,0,-1,STABLE,3.0346454302267012e-16,1.4054849545799591e-16,1
B3_D2_Craig_Bampton,B3,2,Craig_Bampton,full-grid,243,3,41,60,0.99935359411398694,0.99911317153853729,-0.021919774787822647,1,0,-1,STABLE,1.560991752385499e-16,1.4054849545799591e-16,1
B3_D2_Craig_Bampton,B3,2,Craig_Bampton,full-grid,244,3,42,61,0.99943810494225815,0.99919879551940038,-0.021869902678150692,1,0,-1,STABLE,3.0786065601554809e-16,1.4054849545799591e-16,1
B3_D2_Craig_Bampton,B3,2,Craig_Bampton,full-grid,245,3,43,62,0.99952135873569725,0.99928319331464799,-0.021818481334278036,1,0,-1,STABLE,2.5167624338319276e-16,1.4054849545799591e-16,1
B3_D2_Craig_Bampton,B3,2,Craig_Bampton,full-grid,246,3,44,63,0.99960331801239088,0.99936632615557186,-0.021765558290473851,1,0,-1,STABLE,2.9512270966297033e-16,1.4054849545799591e-16,1
B3_D2_Craig_Bampton,B3,2,Craig_Bampton,full-grid,247,3,45,64,0.99968394774614155,0.99944815770094553,-0.021711182590921193,1,0,-1,STABLE,3.7805730248565971e-16,1.4054849545799591e-16,1
B3_D2_Craig_Bampton,B3,2,Craig_Bampton,full-grid,248,3,46,65,0.99976321544744218,0.99952865412273351,-0.021655404623459492,1,0,-1,STABLE,1.3116547886235965e-16,1.4054849545799591e-16,1
B3_D2_Craig_Bampton,B3,2,Craig_Bampton,full-grid,249,3,47,66,0.99984109122920417,0.9996077841766291,-0.021598275947294091,1,0,-1,STABLE,3.0074554611320197e-16,1.4054849545799591e-16,1
B3_D2_Craig_Bampton,B3,2,Craig_Bampton,full-grid,250,3,48,67,0.99991754785676479,0.99968551925690108,-0.021539849116128298,1,0,-1,STABLE,1.46274305435091e-16,1.4054849545799591e-16,1
B3_D2_Craig_Bampton,B3,2,Craig_Bampton,full-grid,251,3,49,68,0.9999925607820398,0.99976183343536351,-0.021480177498847373,1,0,-1,STABLE,1.3752372937541549e-16,1.4054849545799591e-16,1
B3_D2_Craig_Bampton,B3,2,Craig_Bampton,full-grid,252,3,50,69,1.0000661081619067,0.99983670348451437,-0.021419315099273341,0,0,1,UNSTABLE,2.2541674017193161e-16,1.4054849545799591e-16,1
B3_D2_Craig_Bampton,B3,2,Craig_Bampton,full-grid,253,3,51,70,1.0001381708610886,0.99991010888506904,-0.021357316376677024,0,0,1,UNSTABLE,2.9921491263435178e-16,1.4054849545799591e-16,1
B3_D2_Craig_Bampton,B3,2,Craig_Bampton,full-grid,254,3,52,71,1.0002087324400855,0.99998203181839451,-0.0212942360689003,0,0,1,UNSTABLE,4.0673678992625675e-16,1.4054849545799591e-16,1
B3_D2_Craig_Bampton,B3,2,Craig_Bampton,full-grid,255,3,53,72,1.0002777791285866,1.0000524571442488,-0.021230129019106404,0,0,1,UNSTABLE,2.4368634210952873e-16,1.4054849545799591e-16,1
B3_D2_Craig_Bampton,B3,2,Craig_Bampton,full-grid,256,3,54,73,1.0003452997855631,1.0001213723649847,-0.021165050008159839,0,0,1,UNSTABLE,2.3380010572130138e-16,1.4054849545799591e-16,1
B3_D2_Craig_Bampton,B3,2,Craig_Bampton,full-grid,257,3,55,74,1.0004112858465883,1.0001887675767474,-0.021099053593265662,0,0,1,UNSTABLE,1.7438225151778719e-16,1.4054849545799591e-16,1
B3_D2_Craig_Bampton,B3,2,Craig_Bampton,full-grid,258,3,56,75,1.0004757312597092,1.0002546354089616,-0.021032193954390033,0,0,1,UNSTABLE,1.1598578430251434e-16,1.4054849545799591e-16,1
B3_D2_Craig_Bampton,B3,2,Craig_Bampton,full-grid,259,3,57,76,1.0005386324108279,1.0003189709530531,-0.020964524749073829,0,0,1,UNSTABLE,3.3477312768191388e-16,1.4054849545799591e-16,1
B3_D2_Craig_Bampton,B3,2,Craig_Bampton,full-grid,260,3,58,77,1.0005999880399687,1.0003817716817609,-0.020896098976761219,0,0,1,UNSTABLE,3.9227569270684049e-16,1.4054849545799591e-16,1
B3_D2_Craig_Bampton,B3,2,Craig_Bampton,full-grid,261,3,59,78,1.0006597991494397,1.0004430373600508,-0.020826968852738693,0,0,1,UNSTABLE,1.5290462386884407e-16,1.4054849545799591e-16,1
B3_D2_Craig_Bampton,B3,2,Craig_Bampton,full-grid,262,3,60,79,1.0007180689052537,1.000502769948981,-0.020757185692581441,0,0,1,UNSTABLE,1.9263746365832844e-16,1.4054849545799591e-16,1
B3_D2_Craig_Bampton,B3,2,Craig_Bampton,full-grid,263,3,61,80,1.0007748025330387,1.0005609735037548,-0.020686799807145162,0,0,1,UNSTABLE,3.4914026503067998e-16,1.4054849545799591e-16,1
B3_D2_Craig_Bampton,B3,2,Craig_Bampton,full-grid,264,3,62,81,1.0008300072094798,1.0006176540670069,-0.020615860408126335,0,0,1,UNSTABLE,2.3639689910108804e-16,1.4054849545799591e-16,1
B3_D2_Craig_Bampton,B3,2,Craig_Bampton,full-grid,265,3,63,82,1.0008836919506083,1.0006728195586367,-0.020544415524623941,0,0,1,UNSTABLE,2.7244769174903961e-16,1.4054849545799591e-16,1
B3_D2_Craig_Bampton,B3,2,Craig_Bampton,full-grid,266,3,64,83,1.0009358674978972,1.0007264796631699,-0.020472511930082517,0,0,1,UNSTABLE,1.6556593070188062e-16,1.4054849545799591e-16,1
B3_D2_Craig_Bampton,B3,2,Craig_Bampton,full-grid,267,3,65,84,1.0009865462032075,1.000778645715696,-0.02040019507954129,0,0,1,UNSTABLE,2.9272240285415202e-16,1.4054849545799591e-16,1
B3_D2_Craig_Bampton,B3,2,Craig_Bampton,full-grid,268,3,66,85,1.0010357419135254,1.0008293305873335,-0.020327509057234468,0,0,1,UNSTABLE,3.4824782835420613e-16,1.4054849545799591e-16,1
B3_D2_Craig_Bampton,B3,2,Craig_Bampton,full-grid,269,4,0,20,0.99544332203266928,0.99519256833309244,-0.022341873556620279,1,0,-1,STABLE,1.8120282671960441e-16,1.2758564174579434e-16,1
B3_D2_Craig_Bampton,B3,2,Craig_Bampton,full-grid,270,4,1,21,0.99553497420069226,0.99528362057860043,-0.022369610294450979,1,0,-1,STABLE,2.2066145931552258e-16,1.4054849545799591e-16,1
B3_D2_Craig_Bampton,B3,2,Craig_Bampton,full-grid,271,4,2,22,0.99562743560055367,0.99537552006327312,-0.022395637506067548,1,0,-1,STABLE,2.7287578695451908e-16,1.4054849545799591e-16,1
B3_D2_Craig_Bampton,B3,2,Craig_Bampton,full-grid,272,4,3,23,0.99572066613048682,0.99546822739924501,-0.022419928589216875,1,0,-1,STABLE,2.5382700624833054e-16,1.4054849545799591e-16,1
B3_D2_Craig_Bampton,B3,2,Craig_Bampton,full-grid,273,4,4,24,0.99581462485318673,0.99556170233520902,-0.022442457862579913,1,0,-1,STABLE,2.3741390936281884e-16,1.4054849545799591e-16,1
B3_D2_Craig_Bampton,B3,2,Craig_Bampton,full-grid,274,4,5,25,0.99590926999689411,0.99565590375665769,-0.02246320057916432,1,0,-1,STABLE,2.9485655696269491e-16,1.4054849545799591e-16,1
B3_D2_Craig_Bampton,B3,2,Craig_Bampton,full-grid,275,4,6,26,0.99600455895392981,0.99575078968350872,-0.022482132943319369,1,0,-1,STABLE,1.648256865938513e-16,1.4054849545799591e-16,1
B3_D2_Craig_Bampton,B3,2,Craig_Bampton,full-grid,276,4,7,27,0.99610044827715749,0.99584631726558936,-0.022499232131725073,1,0,-1,STABLE,3.0333834854159199e-16,1.4054849545799591e-16,1
B3_D2_Craig_Bampton,B3,2,Craig_Bampton,full-grid,277,4,8,28,0.99619689367498787,0.9959424427765875,-0.022514476318557856,1,0,-1,STABLE,1.5221316987007689e-16,1.4054849545799591e-16,1
B3_D2_Craig_Bampton,B3,2,Craig_Bampton,full-grid,278,4,9,29,0.99629385000558002,0.99603912160709918,-0.022527844706035052,1,0,-1,STABLE,1.8081455514200225e-16,1.4054849545799591e-16,1
B3_D2_Craig_Bampton,B3,2,Craig_Bampton,full-grid,279,4,10,30,0.99639127127094396,0.99613630825748989,-0.022539317559917307,1,0,-1,STABLE,3.0069838758029749e-16,1.4054849545799591e-16,1
B3_D2_Craig_Bampton,B3,2,Craig_Bampton,full-grid,280,4,11,31,0.99648911061180823,0.99623395633141598,-0.022548876250641208,1,0,-1,STABLE,2.8684941808010289e-16,1.4054849545799591e-16,1
B3_D2_Craig_Bampton,B3,2,Craig_Bampton,full-grid,281,4,12,32,0.99658732030401342,0.99633201853076669,-0.022556503300422245,1,0,-1,STABLE,1.6917013776230527e-16,1.4054849545799591e-16,1
B3_D2_Craig_Bampton,B3,2,Craig_Bampton,full-grid,282,4,13,33,0.99668585175736202,0.99643044665297142,-0.022562182435618611,1,0,-1,STABLE,2.0896970931272833e-16,1.4054849545799591e-16,1
B3_D2_Craig_Bampton,B3,2,Craig_Bampton,full-grid,283,4,14,34,0.99678465551786533,0.99652919159159192,-0.022565898645470883,1,0,-1,STABLE,1.5133756200479659e-16,1.4054849545799591e-16,1
B3_D2_Craig_Bampton,B3,2,Craig_Bampton,full-grid,284,4,15,35,0.9968836812741998,0.99662820334105062,-0.02256763824572075,1,0,-1,STABLE,1.5092299165754817e-16,1.4054849545799591e-16,1
B3_D2_Craig_Bampton,B3,2,Craig_Bampton,full-grid,285,4,16,36,0.99698287786948347,0.99672743100658168,-0.022567388948158698,1,0,-1,STABLE,1.4241909335211924e-16,1.4054849545799594e-16,1
B3_D2_Craig_Bampton,B3,2,Craig_Bampton,full-grid,286,4,17,37,0.99708219331910386,0.9968268228201751,-0.022565139934650289,1,0,-1,STABLE,1.2756575858989064e-16,1.4054849545799591e-16,1
B3_D2_Craig_Bampton,B3,2,Craig_Bampton,full-grid,287,4,18,38,0.99718157483560799,0.99692632616353161,-0.022560881935496366,1,0,-1,STABLE,1.7086554638315212e-16,1.4054849545799591e-16,1
B3_D2_Craig_Bampton,B3,2,Craig_Bampton,full-grid,288,4,19,39,0.99728096886143769,0.99702588759882715,-0.022554607311562894,1,0,-1,STABLE,2.3367854817052151e-16,1.4054849545799591e-16,1
B3_D2_Craig_Bampton,B3,2,Craig_Bampton,full-grid,289,4,20,40,0.99738032111026342,0.99712545290807164,-0.022546310139025551,1,0,-1,STABLE,2.6682012647963075e-16,1.4054849545799591e-16,1
B3_D2_Craig_Bampton,B3,2,Craig_Bampton,full-grid,290,4,21,41,0.99747957661765885,0.99722496714182007,-0.022535986296135575,1,0,-1,STABLE,1.3827389246273469e-16,1.4054849545799591e-16,1
B3_D2_Craig_Bampton,B3,2,Craig_Bampton,full-grid,291,4,22,42,0.99757867980155213,0.99732437467771273,-0.022523633550489638,1,0,-1,STABLE,2.7328163715021082e-16,1.4054849545799591e-16,1
B3_D2_Craig_Bampton,B3,2,Craig_Bampton,full-grid,292,4,23,43,0.99767757453311223,0.99742361928951206,-0.022509251646469643,1,0,-1,STABLE,3.0137067515825228e-16,1.4054849545799591e-16,1
B3_D2_Craig_Bampton,B3,2,Craig_Bampton,full-grid,293,4,24,44,0.99777620421814439,0.99752264422677295,-0.022492842390305332,1,0,-1,STABLE,3.5679683739010041e-16,1.4054849545799591e-16,1
B3_D2_Craig_Bampton,B3,2,Craig_Bampton,full-grid,294,4,25,45,0.99787451188925624,0.99762139230541003,-0.02247440973276733,1,0,-1,STABLE,3.013642941631158e-16,1.4054849545799591e-16,1
B3_D2_Craig_Bampton,B3,2,Craig_Bampton,full-grid,295,4,26,46,0.99797244030880172,0.99771980600922716,-0.022453959847094966,1,0,-1,STABLE,3.4802223621998475e-16,1.4054849545799591e-16,1
B3_D2_Craig_Bampton,B3,2,Craig_Bampton,full-grid,296,4,27,47,0.99806993208227368,0.99781782760209514,-0.022431501201439157,1,0,-1,STABLE,3.4102417543422553e-16,1.4054849545799591e-16,1
B3_D2_Craig_Bampton,B3,2,Craig_Bampton,full-grid,297,4,28,48,0.99816692978178267,0.99791539925046902,-0.022407044623674165,1,0,-1,STABLE,1.8381028229864123e-16,1.4054849545799591e-16,1
B3_D2_Craig_Bampton,B3,2,Craig_Bampton,full-grid,298,4,29,49,0.9982633760790891,0.99801246315572245,-0.022380603358012782,1,0,-1,STABLE,2.8898678551206507e-16,1.4054849545799591e-16,1
B3_D2_Craig_Bampton,B3,2,Craig_Bampton,full-grid,299,4,30,50,0.99835921388722737,0.99810896169538665,-0.022352193111188363,1,0,-1,STABLE,2.1278950926522795e-16,1.4054849545799591e-16,1
B3_D2_Craig_Bampton,B3,2,Craig_Bampton,full-grid,300,4,31,51,0.9984543865098704,0.9982048375724546,-0.022321832087694227,1,0,-1,STABLE,1.6915428559285093e-16,1.4054849545799591e-16,1
B3_D2_Craig_Bampton,B3,2,Craig_Bampton,full-grid,301,4,32,52,0.99854883779716896,0.99830003397152001,-0.022289541012290762,1,0,-1,STABLE,2.1040320944410285e-16,1.4054849545799594e-16,1
B3_D2_Craig_Bampton,B3,2,Craig_Bampton,full-grid,302,4,33,53,0.99864251230678969,0.99839449472048192,-0.022255343139346531,1,0,-1,STABLE,2.3492976936298683e-16,1.4054849545799591e-16,1
B3_D2_Craig_Bampton,B3,2,Craig_Bampton,full-grid,303,4,34,54,0.99873535546851933,0.99848816445620836,-0.022219264247525957,1,0,-1,STABLE,2.1666470214275129e-16,1.4054849545799591e-16,1
B3_D2_Craig_Bampton,B3,2,Craig_Bampton,full-grid,304,4,35,55,0.99882731375105827,0.99858098879278034,-0.022181332619749534,1,0,-1,STABLE,2.0204543827988814e-16,1.4054849545799591e-16,1
B3_D2_Craig_Bampton,B3,2,Craig_Bampton,full-grid,305,4,36,56,0.99891833482902381,0.99867291449034679,-0.022141579007515257,1,0,-1,STABLE,3.6590473265072255e-16,1.4054849545799591e-16,1
B3_D2_Craig_Bampton,B3,2,Craig_Bampton,full-grid,306,4,37,57,0.99900836774859869,0.99876388962301643,-0.022100036579661808,1,0,-1,STABLE,3.7536710928400958e-16,1.4054849545799591e-16,1
B3_D2_Craig_Bampton,B3,2,Craig_Bampton,full-grid,307,4,38,58,0.99909736308991759,0.99885386374387286,-0.022056740855421718,1,0,-1,STABLE,4.0451510408857511e-16,1.4054849545799591e-16,1
B3_D2_Craig_Bampton,B3,2,Craig_Bampton,full-grid,308,4,39,59,0.99918527312444771,0.99894278804535119,-0.02201172962212555,1,0,-1,STABLE,2.5824538784797305e-16,1.4054849545799591e-16,1
B3_D2_Craig_Bampton,B3,2,Craig_Bampton,full-grid,309,4,40,60,0.99927205196558999,0.99903061551318495,-0.021965042837826913,1,0,-1,STABLE,1.7767337505205044e-16,1.4054849545799591e-16,1
B3_D2_Craig_Bampton,B3,2,Craig_Bampton,full-grid,310,4,41,61,0.99935765571087865,0.99911730107226382,-0.021916722519995626,1,0,-1,STABLE,1.5214163225542403e-16,1.4054849545799591e-16,1
B3_D2_Craig_Bampton,B3,2,Craig_Bampton,full-grid,311,4,42,62,0.99944204257416969,0.99920280172277165,-0.021866812620771215,1,0,-1,STABLE,1.6569628993335369e-16,1.4054849545799591e-16,1
B3_D2_Craig_Bampton,B3,2,Craig_Bampton,full-grid,312,4,43,63,0.99952517300644406,0.99928707666518757,-0.021815358890141349,1,0,-1,STABLE,2.110129937717066e-16,1.4054849545799591e-16,1
B3_D2_Craig_Bampton,B3,2,Craig_Bampton,full-grid,313,4,44,64,0.99960700980400063,0.99937008741288202,-0.021762408728442165,1,0,-1,STABLE,1.0888727262925915e-16,1.4054849545799591e-16,1
B3_D2_Craig_Bampton,B3,2,Craig_Bampton,full-grid,314,4,45,65,0.99968751820302315,0.99945179789125427,-0.021708011029552977,1,0,-1,STABLE,1.6271307390312865e-16,1.4054849545799591e-16,1
B3_D2_Craig_Bampton,B3,2,Craig_Bampton,full-grid,315,4,46,66,0.99976666595953989,0.99953217452238241,-0.021652216016190374,1,0,-1,STABLE,3.5030717375995723e-16,1.4054849545799591e-16,1
B3_D2_Craig_Bampton,B3,2,Craig_Bampton,full-grid,316,4,47,67,0.99984442341438851,0.99961118629475076,-0.021595075069380614,1,0,-1,STABLE,2.1763164063755558e-16,1.4054849545799591e-16,1
B3_D2_Craig_Bampton,B3,2,Craig_Bampton,full-grid,317,4,48,68,0.9999207635426387,0.9996888048174607,-0.021536640553490895,1,0,-1,STABLE,1.9569231015524742e-16,1.4054849545799594e-16,1
B3_D2_Craig_Bampton,B3,2,Craig_Bampton,full-grid,318,4,49,69,0.99999566198739798,0.99976500435880955,-0.021476965638645217,1,0,-1,STABLE,2.5327108902945952e-16,1.4054849545799591e-16,1
B3_D2_Craig_Bampton,B3,2,Craig_Bampton,full-grid,319,4,50,70,1.0000690970779544,0.99983976186913925,-0.021416104122321283,0,0,1,UNSTABLE,1.867805363967907e-16,1.4054849545799591e-16,1
B3_D2_Craig_Bampton,B3,2,Craig_Bampton,full-grid,320,4,51,71,1.0001410498327352,0.99991305698840049,-0.021354110251603962,0,0,1,UNSTABLE,2.508452560177549e-16,1.4054849545799591e-16,1
B3_D2_Craig_Bampton,B3,2,Craig_Bampton,full-grid,321,4,52,72,1.0002115039472996,0.9999848720386062,-0.021291038547977384,0,0,1,UNSTABLE,2.2244855024072545e-16,1.4054849545799591e-16,1
B3_D2_Craig_Bampton,B3,2,Craig_Bampton,full-grid,322,4,53,73,1.0002804457682457,1.0000551920020231,-0.021226943635794436,0,0,1,UNSTABLE,1.4873163227485715e-16,1.4054849545799591e-16,1
B3_D2_Craig_Bampton,B3,2,Craig_Bampton,full-grid,323,4,54,74,1.000347864253583,1.0001240044856194,-0.021161880076059243,0,0,1,UNSTABLE,2.0439249248679282e-16,1.4054849545799591e-16,1
B3_D2_Craig_Bampton,B3,2,Craig_Bampton,full-grid,324,4,55,75,1.0004137509208202,1.000191299672994,-0.021095902206635354,0,0,1,UNSTABLE,2.130283852220108e-16,1.4054849545799591e-16,1
B3_D2_Craig_Bampton,B3,2,Craig_Bampton,full-grid,325,4,56,76,1.0004780997834033,1.0002570702644,-0.021029063989832768,0,0,1,UNSTABLE,1.3400223726066283e-16,1.4054849545799591e-16,1
B3_D2_Craig_Bampton,B3,2,Craig_Bampton,full-grid,326,4,57,77,1.0005409072770501,1.0003213114063869,-0.020961418868701672,0,0,1,UNSTABLE,2.7606104221035271e-16,1.4054849545799591e-16,1
B3_D2_Craig_Bampton,B3,2,Craig_Bampton,full-grid,327,4,58,78,1.00060217217672,1.0003840206117971,-0.020893019632070669,0,0,1,UNSTABLE,2.5655259218268526e-16,1.4054849545799591e-16,1
B3_D2_Craig_Bampton,B3,2,Craig_Bampton,full-grid,328,4,59,79,1.0006618955058355,1.0004451976717132,-0.020823918289760896,0,0,1,UNSTABLE,1.4216348753189595e-16,1.4054849545799591e-16,1
B3_D2_Craig_Bampton,B3,2,Craig_Bampton,full-grid,329,4,60,80,1.0007200804386331,1.0005048445602378,-0.020754165957687091,0,0,1,UNSTABLE,2.6963863425569152e-16,1.4054849545799591e-16,1
B3_D2_Craig_Bampton,B3,2,Craig_Bampton,full-grid,330,4,61,81,1.0007767321970213,1.000562965333478,-0.020683812753594707,0,0,1,UNSTABLE,2.0043114938306583e-16,1.4054849545799591e-16,1
B3_D2_Craig_Bampton,B3,2,Craig_Bampton,full-grid,331,4,62,82,1.0008318579430979,1.0006195660238959,-0.020612907703270816,0,0,1,UNSTABLE,1.6628778099031026e-16,1.4054849545799591e-16,1
B3_D2_Craig_Bampton,B3,2,Craig_Bampton,full-grid,332,4,63,83,1.0008854666683726,1.0006746545310679,-0.020541498657459533,0,0,1,UNSTABLE,1.6436939371028695e-16,1.4054849545799591e-16,1
B3_D2_Craig_Bampton,B3,2,Craig_Bampton,full-grid,333,4,64,84,1.0009375690808939,1.0007282405100701,-0.020469632219180817,0,0,1,UNSTABLE,1.7077513409315087e-16,1.4054849545799594e-16,1
B3_D2_Craig_Bampton,B3,2,Craig_Bampton,full-grid,334,4,65,85,1.0009881774911691,1.0007803352583853,-0.020397353681459958,0,0,1,UNSTABLE,1.7044719646829315e-16,1.4054849545799591e-16,1
B3_D2_Craig_Bampton,B3,2,Craig_Bampton,full-grid,335,4,66,86,1.0010373056978377,1.0008309516023037,-0.020324706974835974,0,0,1,UNSTABLE,2.7551836905622381e-16,1.4054849545799591e-16,1
B3_D2_Craig_Bampton,B3,2,Craig_Bampton,full-grid,336,5,0,21,0.99544948011858292,0.99519868377598608,-0.02234384208013827,1,0,-1,STABLE,1.3818132543628679e-16,1.2758564174579434e-16,1
B3_D2_Craig_Bampton,B3,2,Craig_Bampton,full-grid,337,5,1,22,0.99554119371269079,0.99528980040671666,-0.022371445756758986,1,0,-1,STABLE,2.0821504274693907e-16,1.4054849545799591e-16,1
B3_D2_Craig_Bampton,B3,2,Craig_Bampton,full-grid,338,5,2,23,0.9956337112992748,0.99538175912267912,-0.022397336480228323,1,0,-1,STABLE,2.0307640300942029e-16,1.4054849545799591e-16,1
B3_D2_Craig_Bampton,B3,2,Craig_Bampton,full-grid,339,5,3,24,0.99572699257126285,0.99547452032465944,-0.022421487894457443,1,0,-1,STABLE,1.773684920164764e-16,1.4054849545799591e-16,1
B3_D2_Craig_Bampton,B3,2,Craig_Bampton,full-grid,340,5,4,25,0.99582099639978383,0.99556804356334649,-0.022443874578795379,1,0,-1,STABLE,2.071519480739089e-16,1.4054849545799591e-16,1
B3_D2_Craig_Bampton,B3,2,Craig_Bampton,full-grid,341,5,5,26,0.99591568083628079,0.99566228754061936,-0.022464472060873191,1,0,-1,STABLE,3.1240017480598215e-16,1.4054849545799591e-16,1
B3_D2_Craig_Bampton,B3,2,Craig_Bampton,full-grid,342,5,6,27,0.99601100311206348,0.99575721010821494,-0.022483256832651066,1,0,-1,STABLE,3.1842796977111866e-16,1.4054849545799591e-16,1
B3_D2_Craig_Bampton,B3,2,Craig_Bampton,full-grid,343,5,7,28,0.99610691963572062,0.99585276826418978,-0.022500206370479427,1,0,-1,STABLE,1.5591427243548168e-16,1.4054849545799591e-16,1
B3_D2_Craig_Bampton,B3,2,Craig_Bampton,full-grid,344,5,8,29,0.99620338598905811,0.99594891814782649,-0.022515299159428251,1,0,-1,STABLE,2.2316856772205596e-16,1.4054849545799591e-16,1
B3_D2_Craig_Bampton,B3,2,Craig_Bampton,full-grid,345,5,9,30,0.9963003569221528,0.99604561503356592,-0.022528514722776592,1,0,-1,STABLE,1.6473911141934687e-16,1.4054849545799591e-16,1
B3_D2_Craig_Bampton,B3,2,Craig_Bampton,full-grid,346,5,10,31,0.99639778634829179,0.99614281332473642,-0.022539833656334177,1,0,-1,STABLE,1.5382981163224259e-16,1.4054849545799591e-16,1
B3_D2_Craig_Bampton,B3,2,Craig_Bampton,full-grid,347,5,11,32,0.99649562733957986,0.99624046654784815,-0.022549237668454274,1,0,-1,STABLE,1.3541807018006896e-16,1.4054849545799591e-16,1
B3_D2_Craig_Bampton,B3,2,Craig_Bampton,full-grid,348,5,12,33,0.99659383212401598,0.99633852734825634,-0.022556709625718478,1,0,-1,STABLE,3.2856301312416677e-16,1.4054849545799591e-16,1
B3_D2_Craig_Bampton,B3,2,Craig_Bampton,full-grid,349,5,13,34,0.99669235208497298,0.99643694748813072,-0.022562233604230226,1,0,-1,STABLE,1.9709598299657593e-16,1.4054849545799591e-16,1
B3_D2_Craig_Bampton,B3,2,Craig_Bampton,full-grid,350,5,14,35,0.99679113776393735,0.99653567784758978,-0.022565794946547937,1,0,-1,STABLE,2.9578788402165092e-16,1.4054849545799591e-16,1
B3_D2_Craig_Bampton,B3,2,Craig_Bampton,full-grid,351,5,15,36,0.99690762746180228,0.99403747314719171,-0.075593119201853798,1,0,-1,STABLE,2.4333653382744682e-16,1.4054849545799591e-16,1
B3_D2_Craig_Bampton,B3,2,Craig_Bampton,full-grid,352,5,16,37,0.99707373337113403,0.99423002709735764,-0.075250800637858023,1,0,-1,STABLE,8.6566146632947816e-17,1.4054849545799591e-16,1
B3_D2_Craig_Bampton,B3,2,Craig_Bampton,full-grid,353,5,17,38,0.99721310505889249,0.9943963566076347,-0.074899017795025918,1,0,-1,STABLE,1.4682368824021596e-16,1.4054849545799591e-16,1
B3_D2_Craig_Bampton,B3,2,Craig_Bampton,full-grid,354,5,18,39,0.99732614266406738,0.99453669082019314,-0.074539958771165926,1,0,-1,STABLE,2.4176185929769426e-16,1.4054849545799591e-16,1
B3_D2_Craig_Bampton,B3,2,Craig_Bampton,full-grid,355,5,19,40,0.99741340828833702,0.99465143727897298,-0.074175638536045807,1,0,-1,STABLE,2.56744640361745e-16,1.4054849545799591e-16,1
B3_D2_Craig_Bampton,B3,2,Craig_Bampton,full-grid,356,5,20,41,0.99747558942118864,0.99474114542724956,-0.073807893109281333,1,0,-1,STABLE,1.2620995708540532e-16,1.4054849545799591e-16,1
B3_D2_Craig_Bampton,B3,2,Craig_Bampton,full-grid,357,5,21,42,0.9975134660295526,0.99480647332396832,-0.073438379223810385,1,0,-1,STABLE,2.3607818799643299e-16,1.4054849545799591e-16,1
B3_D2_Craig_Bampton,B3,2,Craig_Bampton,full-grid,358,5,22,43,0.99758478712544141,0.99733051268642803,-0.022522343766558497,1,0,-1,STABLE,5.4026580387898987e-16,1.4054849545799591e-16,1
B3_D2_Craig_Bampton,B3,2,Craig_Bampton,full-grid,359,5,23,44,0.99768360801486822,0.99742968649398067,-0.022507825352191497,1,0,-1,STABLE,1.0485236169860082e-16,1.4054849545799591e-16,1
B3_D2_Craig_Bampton,B3,2,Craig_Bampton,full-grid,360,5,24,45,0.99778215846761631,0.99752863514455548,-0.022491283265654138,1,0,-1,STABLE,1.2621830352612672e-16,1.4054849545799591e-16,1
B3_D2_Craig_Bampton,B3,2,Craig_Bampton,full-grid,361,5,25,46,0.9978803817548082,0.9976273016856122,-0.022472721744508206,1,0,-1,STABLE,2.0101720742600314e-16,1.4054849545799591e-16,1
B3_D2_Craig_Bampton,B3,2,Craig_Bampton,full-grid,362,5,26,47,0.99797822089579991,0.99772562885143801,-0.02245214723247416,1,0,-1,STABLE,4.4457753951225743e-16,1.4054849545799591e-16,1
B3_D2_Craig_Bampton,B3,2,Craig_Bampton,full-grid,363,5,27,48,0.99807561877026874,0.99782355917406396,-0.022429568450105138,1,0,-1,STABLE,2.4845224406291634e-16,1.4054849545799591e-16,1
B3_D2_Craig_Bampton,B3,2,Craig_Bampton,full-grid,364,5,28,49,0.99817251824028286,0.99792103510440566,-0.022404996458367809,1,0,-1,STABLE,1.6514901429807212e-16,1.4054849545799591e-16,1
B3_D2_Craig_Bampton,B3,2,Craig_Bampton,full-grid,365,5,29,50,0.99826886228167133,0.99801799914296974,-0.022378444713739114,1,0,-1,STABLE,4.4788004511697977e-16,1.4054849545799591e-16,1
B3_D2_Craig_Bampton,B3,2,Craig_Bampton,full-grid,366,5,30,51,0.99836459412392609,0.99811439397939816,-0.022349929113317072,1,0,-1,STABLE,2.7889233363117408e-16,1.4054849545799591e-16,1
B3_D2_Craig_Bampton,B3,2,Craig_Bampton,full-grid,367,5,31,52,0.99845965739768749,0.99821016263992002,-0.022319468028872563,1,0,-1,STABLE,2.0051553750256263e-16,1.4054849545799591e-16,1
B3_D2_Craig_Bampton,B3,2,Craig_Bampton,full-grid,368,5,32,53,0.9985539962886153,0.99830524864153558,-0.022287082328689103,1,0,-1,STABLE,1.3472592122628757e-16,1.4054849545799591e-16,1
B3_D2_Craig_Bampton,B3,2,Craig_Bampton,full-grid,369,5,33,54,0.99864755569633246,0.99839959615164409,-0.02225279538604942,1,0,-1,STABLE,1.263742022067067e-16,1.4054849545799591e-16,1
B3_D2_Craig_Bampton,B3,2,Craig_Bampton,full-grid,370,5,34,55,0.99874028139698467,0.99849315015166762,-0.022216633073614996,1,0,-1,STABLE,3.0737276097782248e-16,1.4054849545799591e-16,1
B3_D2_Craig_Bampton,B3,2,Craig_Bampton,full-grid,371,5,35,56,0.99883212020775647,0.99858585660302102,-0.022178623742986469,1,0,-1,STABLE,2.5581885280082416e-16,1.4054849545799591e-16,1
B3_D2_Craig_Bampton,B3,2,Craig_Bampton,full-grid,372,5,36,57,0.99892302015179302,0.99867766261387836,-0.022138798189151866,1,0,-1,STABLE,2.2699124104892329e-16,1.4054849545799591e-16,1
B3_D2_Craig_Bampton,B3,2,Craig_Bampton,full-grid,373,5,37,58,0.99901293062168683,0.99876851660489296,-0.022097189599424145,1,0,-1,STABLE,2.5872865776676166e-16,1.4054849545799591e-16,1
B3_D2_Craig_Bampton,B3,2,Craig_Bampton,full-grid,374,5,38,59,0.99910180253965475,0.9988583684719895,-0.022053833486779095,1,0,-1,STABLE,2.6537528894191072e-16,1.4054849545799591e-16,1
B3_D2_Craig_Bampton,B3,2,Craig_Bampton,full-grid,375,5,39,60,0.99918958851302597,0.99894716974482156,-0.022008767608398882,1,0,-1,STABLE,2.220929140133405e-16,1.4054849545799591e-16,1
B3_D2_Craig_Bampton,B3,2,Craig_Bampton,full-grid,376,5,40,61,0.99927624298275886,0.99903487373861199,-0.021962031868964185,1,0,-1,STABLE,2.338499931758335e-16,1.4054849545799591e-16,1
B3_D2_Craig_Bampton,B3,2,Craig_Bampton,full-grid,377,5,41,62,0.99936172236390219,0.99912143569823553,-0.021913668210545287,1,0,-1,STABLE,2.4815109016413696e-16,1.4054849545799591e-16,1
B3_D2_Craig_Bampton,B3,2,Craig_Bampton,full-grid,378,5,42,63,0.99944598517600269,0.99920681293254654,-0.021863720488832183,1,0,-1,STABLE,4.145442890595679e-16,1.4054849545799591e-16,1
B3_D2_Craig_Bampton,B3,2,Craig_Bampton,full-grid,379,5,43,64,0.99952899216248792,0.99929096493791092,-0.021812234338039943,1,0,-1,STABLE,2.4194582605264759e-16,1.4054849545799591e-16,1
B3_D2_Craig_Bampton,B3,2,Craig_Bampton,full-grid,380,5,44,65,0.99961070639743366,0.99937385350934349,-0.02175925702457733,1,0,-1,STABLE,1.2121485618688693e-16,1.4054849545799591e-16,1
B3_D2_Craig_Bampton,B3,2,Craig_Bampton,full-grid,381,5,45,66,0.99969109337895279,0.99945544283841747,-0.021704837291925488,1,0,-1,STABLE,1.0776328294026182e-16,1.4054849545799591e-16,1
B3_D2_Craig_Bampton,B3,2,Craig_Bampton,full-grid,382,5,46,67,0.99977012110823094,0.99953569959694355,-0.021649025197814878,1,0,-1,STABLE,2.3109890520834462e-16,1.4054849545799591e-16,1
B3_D2_Craig_Bampton,B3,2,Craig_Bampton,full-grid,383,5,47,68,0.99984776015370147,0.99961459300586064,-0.021591871945273719,1,0,-1,STABLE,1.5363930873416975e-16,1.4054849545799591e-16,1
B3_D2_Craig_Bampton,B3,2,Craig_Bampton,full-grid,384,5,48,69,0.99992398369988844,0.99969209488882194,-0.021533429709489401,1,0,-1,STABLE,1.8958005596053948e-16,1.4054849545799591e-16,1
B3_D2_Craig_Bampton,B3,2,Craig_Bampton,full-grid,385,5,49,70,0.99999876758079698,0.9997681797103064,-0.021473751462033969,1,0,-1,STABLE,2.0387457293625639e-16,1.4054849545799591e-16,1
B3_D2_Craig_Bampton,B3,2,Craig_Bampton,full-grid,386,5,50,71,1.000072090297969,0.99984282459833751,-0.021412890794268072,0,0,1,UNSTABLE,8.8070828484767984e-17,1.4054849545799591e-16,1
B3_D2_Craig_Bampton,B3,2,Craig_Bampton,full-grid,387,5,51,72,1.0001439330233404,0.99991600935189962,-0.021350901741332348,0,0,1,UNSTABLE,2.1518382738366269e-16,1.4054849545799591e-16,1
B3_D2_Craig_Bampton,B3,2,Craig_Bampton,full-grid,388,5,52,73,1.0002142795874851,0.99998771643359918,-0.021287838608635784,0,0,1,UNSTABLE,1.6789832614407302e-16,1.4054849545799591e-16,1
B3_D2_Craig_Bampton,B3,2,Craig_Bampton,full-grid,389,5,53,74,1.0002831164537838,1.0000579309480795,-0.02122375580193938,0,0,1,UNSTABLE,1.7055147934942105e-16,1.4054849545799591e-16,1
B3_D2_Craig_Bampton,B3,2,Craig_Bampton,full-grid,390,5,54,75,1.0003504326793502,1.0001266406069829,-0.021158707662669019,0,0,1,UNSTABLE,1.7734555054573817e-16,1.4054849545799591e-16,1
B3_D2_Craig_Bampton,B3,2,Craig_Bampton,full-grid,391,5,55,76,1.0004162198635713,1.0001938356812978,-0.021092748309557888,0,0,1,UNSTABLE,2.1396997419341808e-16,1.4054849545799591e-16,1
B3_D2_Craig_Bampton,B3,2,Craig_Bampton,full-grid,392,5,56,77,1.0004804720854408,1.000259508942247,-0.021025931487604052,0,0,1,UNSTABLE,3.6511687273676741e-16,1.4054849545799591e-16,1
B3_D2_Craig_Bampton,B3,2,Craig_Bampton,full-grid,393,5,57,78,1.0005431858305089,1.0003236555915176,-0.020958310425393239,0,0,1,UNSTABLE,2.1488886900407956e-16,1.4054849545799591e-16,1
B3_D2_Craig_Bampton,B3,2,Craig_Bampton,full-grid,394,5,58,79,1.0006043599088594,1.0003862731822375,-0.02088993770148578,0,0,1,UNSTABLE,2.87395822596014e-16,1.4054849545799591e-16,1
B3_D2_Craig_Bampton,B3,2,Craig_Bampton,full-grid,395,5,59,80,1.0006639953651524,1.0004473615317251,-0.020820865120337956,0,0,1,UNSTABLE,3.1796022559095074e-16,1.4054849545799591e-16,1
B3_D2_Craig_Bampton,B3,2,Craig_Bampton,full-grid,396,5,60,81,1.000722095381972,1.0005069226272478,-0.020751143598340991,0,0,1,UNSTABLE,3.1184663217437917e-16,1.4054849545799591e-16,1
B3_D2_Craig_Bampton,B3,2,Craig_Bampton,full-grid,397,5,61,82,1.0007786651777382,1.0005649605260447,-0.020680823060268395,0,0,1,UNSTABLE,2.1368737312751176e-16,1.4054849545799591e-16,1
B3_D2_Craig_Bampton,B3,2,Craig_Bampton,full-grid,398,5,62,83,1.0008337119000901,1.0006214812505314,-0.020609952346019502,0,0,1,UNSTABLE,2.5021780483872045e-16,1.4054849545799591e-16,1
B3_D2_Craig_Bampton,B3,2,Craig_Bampton,full-grid,399,5,63,84,1.0008872445162473,1.0006764926801899,-0.020538579128084225,0,0,1,UNSTABLE,2.7271735942862189e-16,1.4054849545799591e-16,1
B3_D2_Craig_Bampton,B3,2,Craig_Bampton,full-grid,400,5,64,85,1.0009392737010521,1.0007300044408631,-0.020466749839189134,0,0,1,UNSTABLE,1.7688734988646392e-16,1.4054849545799591e-16,1
B3_D2_Craig_Bampton,B3,2,Craig_Bampton,full-grid,401,5,65,86,1.0009898117238114,1.0007820277925807,-0.020394509610221118,0,0,1,UNSTABLE,2.7162018866791314e-16,1.4054849545799591e-16,1
B3_D2_Craig_Bampton,B3,2,Craig_Bampton,full-grid,402,5,66,87,1.001038872334959,1.0008325755169478,-0.020321902218032484,0,0,1,UNSTABLE,1.580632295628926e-16,1.4054849545799591e-16,1
B3_D2_Craig_Bampton,B3,2,Craig_Bampton,full-grid,403,6,0,22,0.9954556488274483,0.99520480970978964,-0.022345816453591322,1,0,-1,STABLE,9.1541399879237178e-17,1.2758564174579434e-16,1
B3_D2_Craig_Bampton,B3,2,Craig_Bampton,full-grid,404,6,1,23,0.99554742396189688,0.99529599084864762,-0.022373286700383986,1,0,-1,STABLE,2.3956993732384369e-16,1.4054849545799591e-16,1
B3_D2_Craig_Bampton,B3,2,Craig_Bampton,full-grid,405,6,2,24,0.99563999782794177,0.9953880088973559,-0.022399040563854517,1,0,-1,STABLE,8.0363490944066097e-17,1.4054849545799591e-16,1
B3_D2_Craig_Bampton,B3,2,Craig_Bampton,full-grid,406,6,3,25,0.99573332991323393,0.99548082404534033,-0.022423051935614644,1,0,-1,STABLE,1.8633726117004506e-16,1.4054849545799591e-16,1
B3_D2_Craig_Bampton,B3,2,Craig_Bampton,full-grid,407,6,4,26,0.9958273788975005,0.99557439564540817,-0.02244529565735414,1,0,-1,STABLE,8.8568160173860951e-17,1.4054849545799591e-16,1
B3_D2_Craig_Bampton,B3,2,Craig_Bampton,full-grid,408,6,5,27,0.99592210265570968,0.99566868221610649,-0.022465747532894424,1,0,-1,STABLE,1.3694499578540081e-16,1.4054849545799591e-16,1
B3_D2_Craig_Bampton,B3,2,Craig_Bampton,full-grid,409,6,6,28,0.99601745825860444,0.99576364144139839,-0.022484384343288581,1,0,-1,STABLE,2.6279253041880627e-16,1.4054849545799591e-16,1
B3_D2_Craig_Bampton,B3,2,Craig_Bampton,full-grid,410,6,7,29,0.99611340197109211,0.99585923016812239,-0.022501183866127906,1,0,-1,STABLE,2.2255378105756236e-16,1.4054849545799589e-16,1
B3_D2_Craig_Bampton,B3,2,Craig_Bampton,full-grid,411,6,8,30,0.99620988924908838,0.99595540440183417,-0.022516124898835539,1,0,-1,STABLE,2.4988618739843593e-16,1.4054849545799591e-16,1
B3_D2_Craig_Bampton,B3,2,Craig_Bampton,full-grid,412,6,9,31,0.99630687473542257,0.99605211930162263,-0.02252918728696374,1,0,-1,STABLE,1.3052710977027564e-16,1.4054849545799591e-16,1
B3_D2_Craig_Bampton,B3,2,Craig_Bampton,full-grid,413,6,10,32,0.99640431225559989,0.99614932917468701,-0.022540351957685747,1,0,-1,STABLE,2.2126897510761343e-16,1.4054849545799591e-16,1
B3_D2_Craig_Bampton,B3,2,Craig_Bampton,full-grid,414,6,11,33,0.99651705549082803,0.99354945269633466,-0.076848727581683776,1,0,-1,STABLE,3.7735491162148467e-16,1.4054849545799591e-16,1
B3_D2_Craig_Bampton,B3,2,Craig_Bampton,full-grid,415,6,12,34,0.99678107687059192,0.99383610554012081,-0.076565726876605025,1,0,-1,STABLE,3.0029967969343384e-16,1.4054849545799591e-16,1
B3_D2_Craig_Bampton,B3,2,Craig_Bampton,full-grid,416,6,13,35,0.99701912178427732,0.99409804575296257,-0.076264045484306431,1,0,-1,STABLE,1.3181801009154275e-16,1.4054849545799591e-16,1
B3_D2_Craig_Bampton,B3,2,Craig_Bampton,full-grid,417,6,14,36,0.99723063286872349,0.99433449730093115,-0.0759463139925768,1,0,-1,STABLE,1.7068463050676558e-16,1.4054849545799594e-16,1
B3_D2_Craig_Bampton,B3,2,Craig_Bampton,full-grid,418,6,15,37,0.99741536261406327,0.99454500391020695,-0.075615082991356483,1,0,-1,STABLE,1.9566961323243531e-16,1.4054849545799591e-16,1
B3_D2_Craig_Bampton,B3,2,Craig_Bampton,full-grid,419,6,16,38,0.99757333331426257,0.99472939180560882,-0.075272786701252176,1,0,-1,STABLE,4.6154005533747094e-16,1.4054849545799591e-16,1
B3_D2_Craig_Bampton,B3,2,Craig_Bampton,full-grid,420,6,17,39,0.99770479602116968,0.9948877305764211,-0.074921716158550075,1,0,-1,STABLE,5.2292503746226031e-16,1.4054849545799591e-16,1
B3_D2_Craig_Bampton,B3,2,Craig_Bampton,full-grid,421,6,18,40,0.9978101903404476,0.99502029411030679,-0.074564001072090644,1,0,-1,STABLE,2.4449821812766133e-16,1.4054849545799591e-16,1
B3_D2_Craig_Bampton,B3,2,Craig_Bampton,full-grid,422,6,19,41,0.99789010642155573,0.99512752306863472,-0.074201599209905336,1,0,-1,STABLE,2.6009794534519321e-16,1.4054849545799591e-16,1
B3_D2_Craig_Bampton,B3,2,Craig_Bampton,full-grid,423,6,20,42,0.99794525004659607,0.99520998993404042,-0.073836292065965245,1,0,-1,STABLE,3.050506678710122e-16,1.4054849545799591e-16,1
B3_D2_Craig_Bampton,B3,2,Craig_Bampton,full-grid,424,6,21,43,0.99797641133805171,0.99526836727175982,-0.073469685553850847,1,0,-1,STABLE,3.2488673691603076e-16,1.4054849545799591e-16,1
B3_D2_Craig_Bampton,B3,2,Craig_Bampton,full-grid,425,6,22,44,0.99798443729595143,0.99530339952507396,-0.073103214558237858,1,0,-1,STABLE,2.869552783860032e-16,1.4054849545799591e-16,1
B3_D2_Craig_Bampton,B3,2,Craig_Bampton,full-grid,426,6,23,45,0.997970208140323,0.99531587841604874,-0.072738150296311019,1,0,-1,STABLE,2.2674875361179405e-16,1.4054849545799589e-16,1
B3_D2_Craig_Bampton,B3,2,Craig_Bampton,full-grid,427,6,24,46,0.99793461726876631,0.99530662184031815,-0.072375609594482249,1,0,-1,STABLE,2.5707248113797953e-16,1.4054849545799591e-16,1
B3_D2_Craig_Bampton,B3,2,Craig_Bampton,full-grid,428,6,25,47,0.99788626017529358,0.99763321965182084,-0.022471032325536676,1,0,-1,STABLE,1.7866176858234374e-16,1.4054849545799591e-16,1
B3_D2_Craig_Bampton,B3,2,Craig_Bampton,full-grid,429,6,26,48,0.99798400985695535,0.99773146010141578,-0.022450333050194438,1,0,-1,STABLE,2.3278051860672217e-16,1.4054849545799591e-16,1
B3_D2_Craig_Bampton,B3,2,Craig_Bampton,full-grid,430,6,27,49,0.99808131365378217,0.99782929897743189,-0.022427634005089639,1,0,-1,STABLE,1.0931190461293481e-16,1.4054849545799591e-16,1
B3_D2_Craig_Bampton,B3,2,Craig_Bampton,full-grid,431,6,28,50,0.99817811471841678,0.9979266790158825,-0.022402946483541169,1,0,-1,STABLE,1.3625239626256057e-16,1.4054849545799591e-16,1
B3_D2_Craig_Bampton,B3,2,Craig_Bampton,full-grid,432,6,29,51,0.99827435633125017,0.99802354301692353,-0.022376284153509701,1,0,-1,STABLE,1.3348600975875944e-16,1.4054849545799591e-16,1
B3_D2_Craig_Bampton,B3,2,Craig_Bampton,full-grid,433,6,30,52,0.99836998203864202,0.99811983398274273,-0.022347663101549318,1,0,-1,STABLE,1.743851266198811e-16,1.4054849545799594e-16,1
B3_D2_Craig_Bampton,B3,2,Craig_Bampton,full-grid,434,6,31,53,0.99846493579849738,0.99821549526312014,-0.022317101866090077,1,0,-1,STABLE,1.2718061376340619e-16,1.4054849545799591e-16,1
B3_D2_Craig_Bampton,B3,2,Craig_Bampton,full-grid,435,6,32,54,0.99855916213215035,0.99831047070765344,-0.022284621457981015,1,0,-1,STABLE,1.5288641827563332e-16,1.4054849545799591e-16,1
B3_D2_Craig_Bampton,B3,2,Craig_Bampton,full-grid,436,6,33,55,0.99865260628131414,0.99840470482339594,-0.022250245368741869,1,0,-1,STABLE,2.8532851172954767e-16,1.4054849545799591e-16,1
B3_D2_Craig_Bampton,B3,2,Craig_Bampton,full-grid,437,6,34,56,0.99874521436842612,0.99849814293627781,-0.022213999564190016,1,0,-1,STABLE,3.2661154925659978e-16,1.4054849545799591e-16,1
B3_D2_Craig_Bampton,B3,2,Craig_Bampton,full-grid,438,6,35,57,0.99883693355913106,0.9985907313550404,-0.022175912464052185,1,0,-1,STABLE,1.7846414064833228e-16,1.4054849545799591e-16,1
B3_D2_Craig_Bampton,B3,2,Craig_Bampton,full-grid,439,6,36,58,0.99892771222493315,0.9986824175357325,-0.022136014906118336,1,0,-1,STABLE,1.7801413017600367e-16,1.4054849545799591e-16,1
B3_D2_Craig_Bampton,B3,2,Craig_Bampton,full-grid,440,6,37,59,0.99901750010457102,0.99877315024530455,-0.022094340095528183,1,0,-1,STABLE,2.2514961188197717e-16,1.4054849545799591e-16,1
B3_D2_Craig_Bampton,B3,2,Craig_Bampton,full-grid,441,6,38,60,0.99910624846218099,0.99886287972237042,-0.022050923538636691,1,0,-1,STABLE,1.9060378464362231e-16,1.4054849545799591e-16,1
B3_D2_Craig_Bampton,B3,2,Craig_Bampton,full-grid,442,6,39,61,0.99919391024055104,0.99895155783341394,-0.022005802961897969,1,0,-1,STABLE,2.1836308813893466e-16,1.4054849545799589e-16,1
B3_D2_Craig_Bampton,B3,2,Craig_Bampton,full-grid,443,6,40,62,0.99928044020792395,0.99903913822288049,-0.021959018216363483,1,0,-1,STABLE,1.8320986892680959e-16,1.4054849545799591e-16,1
B3_D2_Craig_Bampton,B3,2,Craig_Bampton,full-grid,444,6,41,63,0.99936579509647028,0.9991255764552478,-0.021910611168313009,1,0,-1,STABLE,3.1435605171824897e-16,1.4054849545799591e-16,1
B3_D2_Craig_Bampton,B3,2,Craig_Bampton,full-grid,445,6,42,64,0.99944993373113999,0.9992108301477548,-0.021860625576930259,1,0,-1,STABLE,1.7719789032596981e-16,1.4054849545799591e-16,1
B3_D2_Craig_Bampton,B3,2,Craig_Bampton,full-grid,446,6,43,65,0.99953281714742004,0.99929485909227611,-0.021809106960298627,1,0,-1,STABLE,2.381067483166035e-16,1.4054849545799591e-16,1
B3_D2_Craig_Bampton,B3,2,Craig_Bampton,full-grid,447,6,44,66,0.99961440869684581,0.99937762536515229,-0.021756102450898807,1,0,-1,STABLE,1.3861483813246003e-16,1.4054849545799591e-16,1
B3_D2_Craig_Bampton,B3,2,Craig_Bampton,full-grid,448,6,45,67,0.99969467413914104,0.99945909342381323,-0.021701660641824532,1,0,-1,STABLE,1.3520127319494038e-16,1.4054849545799591e-16,1
B3_D2_Craig_Bampton,B3,2,Craig_Bampton,full-grid,449,6,46,68,0.9997735817203981,0.99953923018955138,-0.02164583142576738,1,0,-1,STABLE,2.5245125852433279e-16,1.4054849545799594e-16,1
B3_D2_Craig_Bampton,B3,2,Craig_Bampton,full-grid,450,6,47,69,0.99985110223635565,0.99961800511546961,-0.021588665827797671,1,0,-1,STABLE,1.5059933831517698e-16,1.4054849545799591e-16,1
B3_D2_Craig_Bampton,B3,2,Craig_Bampton,full-grid,451,6,48,70,0.99992720908077615,0.9996953902395519,-0.021530215834037615,1,0,-1,STABLE,4.7827148593210326e-16,1.4054849545799591e-16,1
B3_D2_Craig_Bampton,B3,2,Craig_Bampton,full-grid,452,6,49,71,1.0000018782784277,0.99977136022232282,-0.021470534217618339,0,0,1,UNSTABLE,2.7437086440143616e-16,1.4054849545799591e-16,1
B3_D2_Craig_Bampton,B3,2,Craig_Bampton,full-grid,453,6,50,72,1.0000750885029259,0.99984589236930177,-0.021409674363933359,0,0,1,UNSTABLE,2.2269631636937884e-16,1.4054849545799591e-16,1
B3_D2_Craig_Bampton,B3,2,Craig_Bampton,full-grid,454,6,51,73,1.000146821079674,0.99991896663846158,-0.021347690096328763,0,0,1,UNSTABLE,2.1026839276744281e-16,1.4054849545799591e-16,1
B3_D2_Craig_Bampton,B3,2,Craig_Bampton,full-grid,455,6,52,74,1.0002170599741682,0.99999056563290512,-0.021284635504311911,0,0,1,UNSTABLE,1.5348343576548075e-16,1.4054849545799591e-16,1
B3_D2_Craig_Bampton,B3,2,Craig_Bampton,full-grid,456,6,53,75,1.0002857917665682,1.0000606745796439,-0.0212205647751816,0,0,1,UNSTABLE,1.5512705207297094e-16,1.4054849545799591e-16,1
B3_D2_Craig_Bampton,B3,2,Craig_Bampton,full-grid,457,6,54,76,1.0003530056130685,1.0001292812949663,-0.021155532030994684,0,0,1,UNSTABLE,2.1776897341093415e-16,1.4054849545799591e-16,1
B3_D2_Craig_Bampton,B3,2,Craig_Bampton,full-grid,458,6,55,77,1.0004186931950705,1.0001963761373827,-0.021089591171469701,0,0,1,UNSTABLE,2.6503232436630203e-16,1.4054849545799589e-16,1
B3_D2_Craig_Bampton,B3,2,Craig_Bampton,full-grid,459,6,56,78,1.0004828486571329,1.0002619519490992,-0.021022795724399374,0,0,1,UNSTABLE,2.7995834203176946e-16,1.4054849545799591e-16,1
B3_D2_Craig_Bampton,B3,2,Craig_Bampton,full-grid,460,6,57,79,1.0005454685347639,1.0003260039870603,-0.020955198704141,0,0,1,UNSTABLE,2.5426189853308644e-16,1.4054849545799591e-16,1
B3_D2_Craig_Bampton,B3,2,Craig_Bampton,full-grid,461,6,58,80,1.0006065516732632,1.0003885298447699,-0.020886852478981074,0,0,1,UNSTABLE,3.4648469931430071e-16,1.4054849545799591e-16,1
B3_D2_Craig_Bampton,B3,2,Craig_Bampton,full-grid,462,6,59,81,1.0006660991387006,1.0004495293659521,-0.020817808648097878,0,0,1,UNSTABLE,2.6084406064124119e-16,1.4054849545799591e-16,1
B3_D2_Craig_Bampton,B3,2,Craig_Bampton,full-grid,463,6,60,82,1.0007241141221868,1.0005090045512142,-0.020748117928481191,0,0,1,UNSTABLE,2.0629458903799392e-16,1.4054849545799591e-16,1
B3_D2_Craig_Bampton,B3,2,Craig_Bampton,full-grid,464,6,61,83,1.0007806018387506,1.0005669594590243,-0.02067783005189763,0,0,1,UNSTABLE,4.0366734356123998e-16,1.4054849545799591e-16,1
B3_D2_Craig_Bampton,B3,2,Craig_Bampton,full-grid,465,6,62,84,1.0008355694218183,1.0006234001019956,-0.020606993672458631,0,0,1,UNSTABLE,1.6580474313132722e-16,1.4054849545799594e-16,1
B3_D2_Craig_Bampton,B3,2,Craig_Bampton,full-grid,466,6,63,85,1.0008890258144292,1.0006783343396266,-0.020535656284316146,0,0,1,UNSTABLE,5.0377594333347919e-16,1.4054849545799591e-16,1
B3_D2_Craig_Bampton,B3,2,Craig_Bampton,full-grid,467,6,64,86,1.0009409816583963,1.0007317717687039,-0.020463864149883125,0,0,1,UNSTABLE,2.5298162345755499e-16,1.4054849545799591e-16,1
B3_D2_Craig_Bampton,B3,2,Craig_Bampton,full-grid,468,6,65,87,1.0009914491820151,1.0007837236119925,-0.020391662237925223,0,0,1,UNSTABLE,3.0526186297321267e-16,1.4054849545799591e-16,1
B3_D2_Craig_Bampton,B3,2,Craig_Bampton,full-grid,469,6,66,88,1.0010404420876866,1.0008342026065864,-0.020319094171491053,0,0,1,UNSTABLE,3.4797909744068146e-16,1.4054849545799591e-16,1
B3_D2_Craig_Bampton,B3,2,Craig_Bampton,full-grid,470,7,0,23,0.99546182951614803,0.99521094746651051,-0.022347797798600955,1,0,-1,STABLE,2.6078917357459657e-16,1.2758564174579434e-16,1
B3_D2_Craig_Bampton,B3,2,Craig_Bampton,full-grid,471,7,1,24,0.99555366634363107,0.99530219327569314,-0.022375134208322614,1,0,-1,STABLE,1.284992568788545e-16,1.4054849545799591e-16,1
B3_D2_Craig_Bampton,B3,2,Craig_Bampton,full-grid,472,7,2,25,0.99564629661853465,0.99539427079617004,-0.022400750799110844,1,0,-1,STABLE,1.8341284206664958e-16,1.4054849545799591e-16,1
B3_D2_Craig_Bampton,B3,2,Craig_Bampton,full-grid,473,7,3,26,0.99573967962312071,0.99548714000584981,-0.022424621712048873,1,0,-1,STABLE,1.3821419847520678e-16,1.4054849545799591e-16,1
B3_D2_Craig_Bampton,B3,2,Craig_Bampton,full-grid,474,7,4,27,0.99583377384576344,0.99558076005966201,-0.022446722052911382,1,0,-1,STABLE,1.5324393214204321e-16,1.4054849545799591e-16,1
B3_D2_Craig_Bampton,B3,2,Craig_Bampton,full-grid,475,7,5,28,0.99592853698513872,0.99567508929296267,-0.02246702790334305,1,0,-1,STABLE,3.3648672100848956e-16,1.4054849545799591e-16,1
B3_D2_Craig_Bampton,B3,2,Craig_Bampton,full-grid,476,7,6,29,0.9960239259517748,0.99577008522224841,-0.022485516335252229,1,0,-1,STABLE,2.5706347648431678e-16,1.4054849545799589e-16,1
B3_D2_Craig_Bampton,B3,2,Craig_Bampton,full-grid,477,7,7,30,0.99611989686738245,0.99586570454358636,-0.022502165428934132,1,0,-1,STABLE,1.5308121064182906e-16,1.4054849545799591e-16,1
B3_D2_Craig_Bampton,B3,2,Craig_Bampton,full-grid,478,7,8,31,0.99621640506259079,0.99596190312936761,-0.022516954295821186,1,0,-1,STABLE,1.4170014883511855e-16,1.4054849545799591e-16,1
B3_D2_Craig_Bampton,B3,2,Craig_Bampton,full-grid,479,7,9,32,0.99648851805821814,0.99348013562153537,-0.077373036306451995,1,0,-1,STABLE,1.9865711890187876e-16,1.4054849545799591e-16,1
B3_D2_Craig_Bampton,B3,2,Craig_Bampton,full-grid,480,7,10,33,0.99679300507035284,0.99380440718419116,-0.077130378052121168,1,0,-1,STABLE,1.6029645378359727e-16,1.4054849545799591e-16,1
B3_D2_Craig_Bampton,B3,2,Craig_Bampton,full-grid,481,7,11,34,0.9970734276033969,0.9941062507606655,-0.076864700814868639,1,0,-1,STABLE,1.7961343839933643e-16,1.4054849545799591e-16,1
B3_D2_Craig_Bampton,B3,2,Craig_Bampton,full-grid,482,7,12,35,0.99732863377313863,0.99438429024236541,-0.076578633201321508,1,0,-1,STABLE,2.0211179281842291e-16,1.4054849545799591e-16,1
B3_D2_Craig_Bampton,B3,2,Craig_Bampton,full-grid,483,7,13,36,0.99755783377711638,0.99463751454182026,-0.076274808398076585,1,0,-1,STABLE,4.9302198963336724e-16,1.4054849545799591e-16,1
B3_D2_Craig_Bampton,B3,2,Craig_Bampton,full-grid,484,7,14,37,0.99776056792677892,0.99486524990726144,-0.075955812394646466,1,0,-1,STABLE,2.0666950416135101e-16,1.4054849545799591e-16,1
B3_D2_Craig_Bampton,B3,2,Craig_Bampton,full-grid,485,7,15,38,0.99793666972611728,0.99506712635963446,-0.075624141796341318,1,0,-1,STABLE,1.3207171757683062e-16,1.4054849545799591e-16,1
B3_D2_Craig_Bampton,B3,2,Craig_Bampton,full-grid,486,7,16,39,0.9980862264704069,0.99524304075577885,-0.07528217117702958,1,0,-1,STABLE,1.7208769150246709e-16,1.4054849545799591e-16,1
B3_D2_Craig_Bampton,B3,2,Craig_Bampton,full-grid,487,7,17,40,0.99820953942775026,0.9953931186158258,-0.074932129402690784,1,0,-1,STABLE,1.8171632237763039e-16,1.4054849545799591e-16,1
B3_D2_Craig_Bampton,B3,2,Craig_Bampton,full-grid,488,7,18,41,0.9983070852135667,0.99551767642847588,-0.074576084008587618,1,0,-1,STABLE,1.9609853260706969e-16,1.4054849545799591e-16,1
B3_D2_Craig_Bampton,B3,2,Craig_Bampton,full-grid,489,7,19,42,0.99837947952332684,0.99561718571670588,-0.074215932513277363,1,0,-1,STABLE,3.2104139982228081e-16,1.4054849545799591e-16,1
B3_D2_Craig_Bampton,B3,2,Craig_Bampton,full-grid,490,7,20,43,0.99842744398574135,0.9956922397454826,-0.073853399478461021,1,0,-1,STABLE,1.598439675764793e-16,1.4054849545799591e-16,1
B3_D2_Craig_Bampton,B3,2,Craig_Bampton,full-grid,491,7,21,44,0.99845177655633699,0.99574352340462069,-0.073490038142983174,1,0,-1,STABLE,1.8852037655892908e-16,1.4054849545799591e-16,1
B3_D2_Craig_Bampton,B3,2,Craig_Bampton,full-grid,492,7,22,45,0.99845332559847866,0.99577178651548226,-0.073127235544813013,1,0,-1,STABLE,1.9270490062603998e-16,1.4054849545799591e-16,1
B3_D2_Craig_Bampton,B3,2,Craig_Bampton,full-grid,493,7,23,46,0.9984329675927982,0.99577782058988096,-0.072766220167249152,1,0,-1,STABLE,4.7530245026021978e-16,1.4054849545799591e-16,1
B3_D2_Craig_Bampton,B3,2,Craig_Bampton,full-grid,494,7,24,47,0.99839158827211882,0.9957624389104992,-0.072408071287242651,1,0,-1,STABLE,1.0481653500052387e-16,1.4054849545799591e-16,1
B3_D2_Craig_Bampton,B3,2,Craig_Bampton,full-grid,495,7,25,48,0.99833006688537507,0.99572645969386731,-0.072053729347442488,1,0,-1,STABLE,3.4833260325879308e-16,1.4054849545799591e-16,1
B3_D2_Craig_Bampton,B3,2,Craig_Bampton,full-grid,496,7,26,49,0.99824926324266661,0.99567069203225733,-0.071704006809471157,1,0,-1,STABLE,2.2335415566941653e-16,1.4054849545799591e-16,1
B3_D2_Craig_Bampton,B3,2,Craig_Bampton,full-grid,497,7,27,50,0.99815000717176505,0.99559592427737476,-0.071359599068902047,1,0,-1,STABLE,1.877124779751428e-16,1.4054849545799591e-16,1
B3_D2_Craig_Bampton,B3,2,Craig_Bampton,full-grid,498,7,28,51,0.99818372072483508,0.99793233250078284,-0.022400894393368953,1,0,-1,STABLE,1.6312575847862993e-16,1.4054849545799591e-16,1
B3_D2_Craig_Bampton,B3,2,Craig_Bampton,full-grid,499,7,29,52,0.99827985970611666,0.99802909626405045,-0.022374121328597906,1,0,-1,STABLE,1.3165237911589045e-16,1.4054849545799591e-16,1
B3_D2_Craig_Bampton,B3,2,Craig_Bampton,full-grid,500,7,30,53,0.99837537907762641,0.99812528316073768,-0.022345394686415786,1,0,-1,STABLE,3.7243461278794392e-16,1.4054849545799591e-16,1
B3_D2_Craig_Bampton,B3,2,Craig_Bampton,full-grid,501,7,31,54,0.99847022312496125,0.99822083686462837,-0.022314733170959285,1,0,-1,STABLE,1.9382420143010549e-16,1.4054849545799591e-16,1
B3_D2_Craig_Bampton,B3,2,Craig_Bampton,full-grid,502,7,32,55,0.99856433670550859,0.99831570155831284,-0.022282157935133117,1,0,-1,STABLE,3.5569894374692505e-16,1.4054849545799591e-16,1
B3_D2_Craig_Bampton,B3,2,Craig_Bampton,full-grid,503,7,33,56,0.99865766540327028,0.99840982208871898,-0.022247692587833032,1,0,-1,STABLE,1.9782491368124052e-16,1.4054849545799591e-16,1
B3_D2_Craig_Bampton,B3,2,Craig_Bampton,full-grid,504,7,34,57,0.99875015568718439,0.99850314412651153,-0.022211363187483332,1,0,-1,STABLE,1.2808051092733803e-16,1.4054849545799591e-16,1
B3_D2_Craig_Bampton,B3,2,Craig_Bampton,full-grid,505,7,35,58,0.99884175507137662,0.99859561432779931,-0.022173198221122539,1,0,-1,STABLE,2.2154634679942218e-16,1.4054849545799591e-16,1
B3_D2_Craig_Bampton,B3,2,Craig_Bampton,full-grid,506,7,36,59,0.99893241227575424,0.99868718049656424,-0.022133228568836039,1,0,-1,STABLE,3.3440323575288099e-16,1.4054849545799591e-16,1
B3_D2_Craig_Bampton,B3,2,Craig_Bampton,full-grid,507,7,37,60,0.99902207738514504,0.99877779174601411,-0.022091487453013446,1,0,-1,STABLE,2.5778597954231496e-16,1.4054849545799591e-16,1
B3_D2_Craig_Bampton,B3,2,Craig_Bampton,full-grid,508,7,38,61,0.99911070200543983,0.99886739865730079,-0.022048010372810324,1,0,-1,STABLE,2.9678753819635423e-16,1.4054849545799591e-16,1
B3_D2_Craig_Bampton,B3,2,Craig_Bampton,full-grid,509,7,39,62,0.99919823941481434,0.99895595343367827,-0.022002835023591759,1,0,-1,STABLE,1.3425697352395463e-16,1.4054849545799591e-16,1
B3_D2_Craig_Bampton,B3,2,Craig_Bampton,full-grid,510,7,40,63,0.99928464470853884,0.99904341004856989,-0.021956001202307358,1,0,-1,STABLE,2.3898580415577134e-16,1.4054849545799591e-16,1
B3_D2_Craig_Bampton,B3,2,Craig_Bampton,full-grid,511,7,41,64,0.99936987493576113,0.99912972438591874,-0.021907550699178078,1,0,-1,STABLE,2.0567640557075938e-16,1.4054849545799591e-16,1
B3_D2_Craig_Bampton,B3,2,Craig_Bampton,full-grid,512,7,42,65,0.99945388922657519,0.99921485437109769,-0.021857527176544544,1,0,-1,STABLE,1.7125626152570992e-16,1.4054849545799591e-16,1
B3_D2_Craig_Bampton,B3,2,Craig_Bampton,full-grid,513,7,43,66,0.99953664890832894,0.99929876009129459,-0.021805976036238371,1,0,-1,STABLE,1.5249001556833744e-16,1.4054849545799591e-16,1
B3_D2_Craig_Bampton,B3,2,Craig_Bampton,full-grid,514,7,44,67,0.99961811760977182,0.99938140390393837,-0.021752944276509908,1,0,-1,STABLE,1.5883031246938246e-16,1.4054849545799591e-16,1
B3_D2_Craig_Bampton,B3,2,Craig_Bampton,full-grid,515,7,45,68,0.99969826135210815,0.99946275053218381,-0.021698480340092571,1,0,-1,STABLE,1.5751516317855688e-16,1.4054849545799591e-16,1
B3_D2_Craig_Bampton,B3,2,Craig_Bampton,full-grid,516,7,46,69,0.99977704862607175,0.99954276714654422,-0.0216426339544885,1,0,-1,STABLE,2.2242087454681303e-16,1.4054849545799591e-16,1
B3_D2_Craig_Bampton,B3,2,Craig_Bampton,full-grid,517,7,47,70,0.99985445045461929,0.9996214234321974,-0.021585455966833363,1,0,-1,STABLE,1.4477020636127578e-16,1.4054849545799591e-16,1
B3_D2_Craig_Bampton,B3,2,Craig_Bampton,full-grid,518,7,48,71,0.99993044044057755,0.999698691641286,-0.021526998174116158,1,0,-1,STABLE,1.5866109544499925e-16,1.4054849545799591e-16,1
B3_D2_Craig_Bampton,B3,2,Craig_Bampton,full-grid,519,7,49,72,1.0000049947993896,0.99977454663028786,-0.021467313151149855,0,0,1,UNSTABLE,2.0718300191035031e-16,1.4054849545799591e-16,1
B3_D2_Craig_Bampton,B3,2,Craig_Bampton,full-grid,520,7,50,73,1.0000780923766903,0.99984896588216543,-0.0214064540773196,0,0,1,UNSTABLE,2.4292484852310637e-16,1.4054849545799591e-16,1
B3_D2_Craig_Bampton,B3,2,Craig_Bampton,full-grid,521,7,51,74,1.0001497146512641,0.99992192951378889,-0.021344474564306194,0,0,1,UNSTABLE,3.6244864104257164e-16,1.4054849545799591e-16,1
B3_D2_Craig_Bampton,B3,2,Craig_Bampton,full-grid,522,7,52,75,1.0002198457235658,0.99999342026879445,-0.021281428485703729,0,0,1,UNSTABLE,2.0657064384210891e-16,1.4054849545799591e-16,1
B3_D2_Craig_Bampton,B3,2,Craig_Bampton,full-grid,523,7,53,76,1.0002884722905503,1.0000634234965735,-0.021217369810503092,0,0,1,UNSTABLE,3.1806674263107698e-16,1.4054849545799591e-16,1
B3_D2_Craig_Bampton,B3,2,Craig_Bampton,full-grid,524,7,54,77,1.0003555836075384,1.0001319271181055,-0.021152352441350736,0,0,1,UNSTABLE,3.0722145358033409e-16,1.4054849545799591e-16,1
B3_D2_Craig_Bampton,B3,2,Craig_Bampton,full-grid,525,7,55,78,1.0004211714380054,1.0001989215794791,-0.021086430059116958,0,0,1,UNSTABLE,3.4240135325383046e-16,1.4054849545799591e-16,1
B3_D2_Craig_Bampton,B3,2,Craig_Bampton,full-grid,526,7,56,79,1.0004852299921503,1.0002643997939566,-0.021019655974381362,0,0,1,UNSTABLE,1.6654037025674319e-16,1.4054849545799591e-16,1
B3_D2_Craig_Bampton,B3,2,Craig_Bampton,full-grid,527,7,57,80,1.00054775585561,1.0003283570739117,-0.020952082987277586,0,0,1,UNSTABLE,2.098463778455788e-16,1.4054849545799591e-16,1
B3_D2_Craig_Bampton,B3,2,Craig_Bampton,full-grid,528,7,58,81,1.000608747909008,1.0003907910533294,-0.02088376325585713,0,0,1,UNSTABLE,2.8266298115198827e-16,1.4054849545799591e-16,1
B3_D2_Craig_Bampton,B3,2,Craig_Bampton,full-grid,529,7,59,82,1.0006682072399429,1.0004517016024566,-0.020814748174091267,0,0,1,UNSTABLE,2.4523816925623862e-16,1.4054849545799591e-16,1
B3_D2_Craig_Bampton,B3,2,Craig_Bampton,full-grid,530,7,60,83,1.0007261370481917,1.0005110907353827,-0.020745088259420487,0,0,1,UNSTABLE,2.3761370114391271e-16,1.4054849545799591e-16,1
B3_D2_Craig_Bampton,B3,2,Craig_Bampton,full-grid,531,7,61,84,1.0007825425456001,1.0005689625120111,-0.020674833050679159,0,0,1,UNSTABLE,3.6887975442658587e-16,1.4054849545799591e-16,1
B3_D2_Craig_Bampton,B3,2,Craig_Bampton,full-grid,532,7,62,85,1.0008374308514545,1.0006253229352287,-0.020604031016027206,0,0,1,UNSTABLE,3.1577263787094741e-16,1.4054849545799591e-16,1
B3_D2_Craig_Bampton,B3,2,Craig_Bampton,full-grid,533,7,63,86,1.0008908108848502,1.0006801798447844,-0.020532729471334252,0,0,1,UNSTABLE,2.6366775890163071e-16,1.4054849545799591e-16,1
B3_D2_Craig_Bampton,B3,2,Craig_Bampton,full-grid,534,7,64,87,1.0009426932546548,1.0007335428084962,-0.020460974508507975,0,0,1,UNSTABLE,2.0495455186600805e-16,1.4054849545799591e-16,1
B3_D2_Craig_Bampton,B3,2,Craig_Bampton,full-grid,535,7,65,88,1.0009930901483102,1.0007854230120241,-0.020388810934104946,0,0,1,UNSTABLE,1.5328439125551443e-16,1.4054849545799591e-16,1
B3_D2_Craig_Bampton,B3,2,Craig_Bampton,full-grid,536,7,66,89,1.0010420152203292,1.0008358331480967,-0.020316282217294829,0,0,1,UNSTABLE,4.4068453601085511e-16,1.4054849545799591e-16,1
B3_D2_Craig_Bampton,B3,2,Craig_Bampton,full-grid,537,8,0,24,0.99546802355355768,0.99521709838994044,-0.022349787245834488,1,0,-1,STABLE,1.9269245477399999e-16,1.2758564174579434e-16,1
B3_D2_Craig_Bampton,B3,2,Craig_Bampton,full-grid,538,8,1,25,0.99555992226550305,0.99530840907124862,-0.022376989371995785,1,0,-1,STABLE,1.3782730453517067e-16,1.4054849545799591e-16,1
B3_D2_Craig_Bampton,B3,2,Craig_Bampton,full-grid,539,8,2,26,0.99565260911557207,0.99540054624034646,-0.022402468236025295,1,0,-1,STABLE,9.2642788412361546e-17,1.4054849545799591e-16,1
B3_D2_Craig_Bampton,B3,2,Craig_Bampton,full-grid,540,8,3,27,0.99574604318040283,0.99549346966334085,-0.022426198230452082,1,0,-1,STABLE,1.210730256930228e-16,1.4054849545799591e-16,1
B3_D2_Craig_Bampton,B3,2,Craig_Bampton,full-grid,541,8,4,28,0.99584018275691599,0.99558713829714018,-0.022448154726818621,1,0,-1,STABLE,2.4386193414210763e-16,1.4054849545799591e-16,1
B3_D2_Craig_Bampton,B3,2,Craig_Bampton,full-grid,542,8,5,29,0.99593498536757918,0.99568151029394536,-0.022468314086468218,1,0,-1,STABLE,1.7336206673079824e-16,1.4054849545799591e-16,1
B3_D2_Craig_Bampton,B3,2,Craig_Bampton,full-grid,543,8,6,30,0.99606373108241586,0.99300759415004269,-0.077967136270146939,1,0,-1,STABLE,1.6940029585627521e-16,1.4054849545799591e-16,1
B3_D2_Craig_Bampton,B3,2,Craig_Bampton,full-grid,544,8,7,31,0.99642215525174305,0.99338018767646663,-0.077800476916256259,1,0,-1,STABLE,2.468655007935374e-16,1.4054849545799591e-16,1
B3_D2_Craig_Bampton,B3,2,Craig_Bampton,full-grid,545,8,8,32,0.99676163803905338,0.99373603131608723,-0.077604530347457915,1,0,-1,STABLE,2.7597201710262725e-16,1.4054849545799591e-16,1
B3_D2_Craig_Bampton,B3,2,Craig_Bampton,full-grid,546,8,9,33,0.99708000486985304,0.9940727478214213,-0.077381575003581532,1,0,-1,STABLE,2.06108019745812e-16,1.4054849545799591e-16,1
B3_D2_Craig_Bampton,B3,2,Craig_Bampton,full-grid,547,8,10,34,0.99737547529030368,0.99438834193034398,-0.077134066038167026,1,0,-1,STABLE,2.1414909416228088e-16,1.4054849545799591e-16,1
B3_D2_Craig_Bampton,B3,2,Craig_Bampton,full-grid,548,8,11,35,0.99764665756884463,0.99468120114398273,-0.076864565627155795,1,0,-1,STABLE,1.5668148432967027e-16,1.4054849545799591e-16,1
B3_D2_Craig_Bampton,B3,2,Craig_Bampton,full-grid,549,8,12,36,0.99789253144659729,0.99495008400927754,-0.076575679212331202,1,0,-1,STABLE,1.5174217981146491e-16,1.4054849545799594e-16,1
B3_D2_Craig_Bampton,B3,2,Craig_Bampton,full-grid,550,8,13,37,0.99811242174914883,0.99519409846470452,-0.076269999547494596,1,0,-1,STABLE,8.8511320163861254e-17,1.4054849545799591e-16,1
B3_D2_Craig_Bampton,B3,2,Craig_Bampton,full-grid,551,8,14,38,0.99830596557456697,0.99541267288903756,-0.075950059602810135,1,0,-1,STABLE,1.774169918488275e-16,1.4054849545799591e-16,1
B3_D2_Craig_Bampton,B3,2,Craig_Bampton,full-grid,552,8,15,39,0.99847307557968601,0.995605522367359,-0.075618294672490802,1,0,-1,STABLE,2.657845319788085e-16,1.4054849545799591e-16,1
B3_D2_Craig_Bampton,B3,2,Craig_Bampton,full-grid,553,8,16,40,0.9986139015616905,0.99577261241576998,-0.07527701345652868,1,0,-1,STABLE,1.9746476890156815e-16,1.4054849545799591e-16,1
B3_D2_Craig_Bampton,B3,2,Craig_Bampton,full-grid,554,8,17,41,0.99872879213685295,0.99591412204726515,-0.074928377467834706,1,0,-1,STABLE,1.9610036680939229e-16,1.4054849545799591e-16,1
B3_D2_Craig_Bampton,B3,2,Craig_Bampton,full-grid,555,8,18,42,0.99881825790095402,0.99603040766571749,-0.074574387838997655,1,0,-1,STABLE,2.6888957077324703e-16,1.4054849545799591e-16,1
B3_D2_Craig_Bampton,B3,2,Craig_Bampton,full-grid,556,8,19,43,0.9988829370572132,0.99612196888562143,-0.074216878454145499,1,0,-1,STABLE,2.7158994157508337e-16,1.4054849545799591e-16,1
B3_D2_Craig_Bampton,B3,2,Craig_Bampton,full-grid,557,8,20,44,0.99892356414058381,0.99618941701777275,-0.073857514290131362,1,0,-1,STABLE,2.4932520952942083e-16,1.4054849545799591e-16,1
B3_D2_Craig_Bampton,B3,2,Craig_Bampton,full-grid,558,8,21,45,0.99894094216810103,0.99623344665497693,-0.073497793882799922,1,0,-1,STABLE,1.5976703152440196e-16,1.4054849545799591e-16,1
B3_D2_Craig_Bampton,B3,2,Craig_Bampton,full-grid,559,8,22,46,0.99893591830715611,0.99625481054271003,-0.073139054920542068,1,0,-1,STABLE,2.2929006800730172e-16,1.4054849545799591e-16,1
B3_D2_Craig_Bampton,B3,2,Craig_Bampton,full-grid,560,8,23,47,0.99890936297595778,0.99625429772819518,-0.072782482089678052,1,0,-1,STABLE,1.9156459504500852e-16,1.4054849545799591e-16,1
B3_D2_Craig_Bampton,B3,2,Craig_Bampton,full-grid,561,8,24,48,0.99886215216566621,0.99623271484310516,-0.072429116419869766,1,0,-1,STABLE,2.0906839568091821e-16,1.4054849545799591e-16,1
B3_D2_Craig_Bampton,B3,2,Craig_Bampton,full-grid,562,8,25,49,0.99879515269474362,0.99619087028215225,-0.072079865517384101,1,0,-1,STABLE,1.739959843932853e-16,1.4054849545799591e-16,1
B3_D2_Craig_Bampton,B3,2,Craig_Bampton,full-grid,563,8,26,50,0.99870921006199298,0.99612956098400729,-0.07173551419247709,1,0,-1,STABLE,2.2923945706377703e-16,1.4054849545799591e-16,1
B3_D2_Craig_Bampton,B3,2,Craig_Bampton,full-grid,564,8,27,51,0.99860513854817134,0.99604956149351764,-0.071396735103108969,1,0,-1,STABLE,1.6482841524041544e-16,1.4054849545799591e-16,1
B3_D2_Craig_Bampton,B3,2,Craig_Bampton,full-grid,565,8,28,52,0.99848371321819418,0.99595161497789686,-0.071064099128264752,1,0,-1,STABLE,1.4396623146752143e-16,1.4054849545799594e-16,1
B3_D2_Craig_Bampton,B3,2,Craig_Bampton,full-grid,566,8,29,53,0.99834566349025644,0.99583642587639642,-0.070738085269001924,1,0,-1,STABLE,2.0880695086486705e-16,1.4054849545799591e-16,1
B3_D2_Craig_Bampton,B3,2,Craig_Bampton,full-grid,567,8,30,54,0.9983807866944916,0.99813074297614057,-0.0223431234747851,1,0,-1,STABLE,2.361635249573759e-16,1.4054849545799591e-16,1
B3_D2_Craig_Bampton,B3,2,Craig_Bampton,full-grid,568,8,31,55,0.99847552079683832,0.99822618887419245,-0.022312361511559027,1,0,-1,STABLE,1.4782849303770345e-16,1.4054849545799591e-16,1
B3_D2_Craig_Bampton,B3,2,Craig_Bampton,full-grid,569,8,32,56,0.99856952139319766,0.99832094258880422,-0.022279691291434259,1,0,-1,STABLE,3.1709374744239398e-16,1.4054849545799591e-16,1
B3_D2_Craig_Bampton,B3,2,Craig_Bampton,full-grid,570,8,33,57,0.99866273441027931,0.99841494930721442,-0.022245136540118279,1,0,-1,STABLE,3.1896485865868153e-16,1.4054849545799591e-16,1
B3_D2_Craig_Bampton,B3,2,Craig_Bampton,full-grid,571,8,34,58,0.99875510666381684,0.9985081550451369,-0.022208723407907468,1,0,-1,STABLE,1.5678128607234734e-16,1.4054849545799591e-16,1
B3_D2_Craig_Bampton,B3,2,Craig_Bampton,full-grid,572,8,35,59,0.99884658601669274,0.99860050680634016,-0.022170480448627287,1,0,-1,STABLE,2.4134176532231754e-16,1.4054849545799591e-16,1
B3_D2_Craig_Bampton,B3,2,Craig_Bampton,full-grid,573,8,36,60,0.99893712153733327,0.99869195274287348,-0.022130438583973823,1,0,-1,STABLE,3.5305462962237908e-16,1.4054849545799591e-16,1
B3_D2_Craig_Bampton,B3,2,Craig_Bampton,full-grid,574,8,37,61,0.99902666365679793,0.9987824423143572,-0.022088631053111697,1,0,-1,STABLE,2.2163244427875901e-16,1.4054849545799591e-16,1
B3_D2_Craig_Bampton,B3,2,Craig_Bampton,full-grid,575,8,38,62,0.99911516432273972,0.99887192644450706,-0.022045093347378666,1,0,-1,STABLE,1.9435392368267422e-16,1.4054849545799591e-16,1
B3_D2_Craig_Bampton,B3,2,Craig_Bampton,full-grid,576,8,39,63,0.99920257714870964,0.99896035767334446,-0.021999863130633464,1,0,-1,STABLE,2.166797594198086e-16,1.4054849545799591e-16,1
B3_D2_Craig_Bampton,B3,2,Craig_Bampton,full-grid,577,8,40,64,0.99928885755703489,0.9990476903033112,-0.021952980145376388,1,0,-1,STABLE,2.4282501930640327e-16,1.4054849545799591e-16,1
B3_D2_Craig_Bampton,B3,2,Craig_Bampton,full-grid,578,8,41,65,0.99937396291369818,0.9991338805376857,-0.021904486105255687,1,0,-1,STABLE,1.8328221974541756e-16,1.4054849545799591e-16,1
B3_D2_Craig_Bampton,B3,2,Craig_Bampton,full-grid,579,8,42,66,0.99945785265386877,0.99921888660991409,-0.021854424575492911,1,0,-1,STABLE,1.8882348531806891e-16,1.4054849545799591e-16,1
B3_D2_Craig_Bampton,B3,2,Craig_Bampton,full-grid,580,8,43,67,0.99954048839670695,0.99930266890245556,-0.021802840841424722,1,0,-1,STABLE,2.3658852737030415e-16,1.4054849545799591e-16,1
B3_D2_Craig_Bampton,B3,2,Craig_Bampton,full-grid,581,8,44,68,0.9996218340480526,0.99938519005370707,-0.021749781766909469,1,0,-1,STABLE,2.5424865995569889e-16,1.4054849545799594e-16,1
B3_D2_Craig_Bampton,B3,2,Craig_Bampton,full-grid,582,8,45,69,0.99970185589047245,0.99946641505244005,-0.021695295643957634,1,0,-1,STABLE,1.1467088642160918e-16,1.4054849545799591e-16,1
B3_D2_Craig_Bampton,B3,2,Craig_Bampton,full-grid,583,8,46,70,0.99978052265929473,0.99954631131834004,-0.021639432034883936,1,0,-1,STABLE,2.589634471702193e-16,1.4054849545799591e-16,1
B3_D2_Craig_Bampton,B3,2,Craig_Bampton,full-grid,584,8,47,71,0.99985780560459658,0.99962484876856816,-0.021582241608701692,1,0,-1,STABLE,6.5419420729865343e-16,1.4054849545799591e-16,1
B3_D2_Craig_Bampton,B3,2,Craig_Bampton,full-grid,585,8,48,72,0.99993367853826398,0.99970199986941988,-0.021523775973246426,1,0,-1,STABLE,1.564484971123899e-16,1.4054849545799591e-16,1
B3_D2_Craig_Bampton,B3,2,Craig_Bampton,full-grid,586,8,49,73,1.0000081178663391,0.99977773967325456,-0.021464087504857114,0,0,1,UNSTABLE,2.811857931245647e-16,1.4054849545799591e-16,1
B3_D2_Craig_Bampton,B3,2,Craig_Bampton,full-grid,587,8,50,74,1.0000811026065015,0.99985204584050047,-0.021403229176962631,0,0,1,UNSTABLE,2.7719969601000958e-16,1.4054849545799591e-16,1
B3_D2_Craig_Bampton,B3,2,Craig_Bampton,full-grid,588,8,51,75,1.0001526143909312,0.99992489864694312,-0.021341254389449012,0,0,1,UNSTABLE,1.1103485853179828e-16,1.4054849545799591e-16,1
B3_D2_Craig_Bampton,B3,2,Craig_Bampton,full-grid,589,8,52,76,1.0002226374550611,0.99999628097676929,-0.021278216800031856,0,0,1,UNSTABLE,3.0621760215020385e-16,1.4054849545799591e-16,1
B3_D2_Craig_Bampton,B3,2,Craig_Bampton,full-grid,590,8,53,77,1.0002911586127128,1.000066178301823,-0.021214170159345045,0,0,1,UNSTABLE,1.4104617820111314e-16,1.4054849545799591e-16,1
B3_D2_Craig_Bampton,B3,2,Craig_Bampton,full-grid,591,8,54,78,1.0003581672184301,1.0001345786478701,-0.021149168150631541,0,0,1,UNSTABLE,3.2153285824191017e-16,1.4054849545799591e-16,1
B3_D2_Craig_Bampton,B3,2,Craig_Bampton,full-grid,592,8,55,79,1.0004236551178156,1.0002014725486328,-0.021083264235796994,0,0,1,UNSTABLE,3.1818375609188091e-16,1.4054849545799591e-16,1
B3_D2_Craig_Bampton,B3,2,Craig_Bampton,full-grid,593,8,56,80,1.0004876165868932,1.0002668529886145,-0.021016511508235532,0,0,1,UNSTABLE,5.3943061419780366e-16,1.4054849545799591e-16,1
B3_D2_Craig_Bampton,B3,2,Craig_Bampton,full-grid,594,8,57,81,1.0005500482614587,1.0003307153356475,-0.020948962553758388,0,0,1,UNSTABLE,1.6810994031177631e-16,1.4054849545799591e-16,1
B3_D2_Craig_Bampton,B3,2,Craig_Bampton,full-grid,595,8,58,82,1.0006109490576331,1.0003930572643733,-0.020880669320155861,0,0,1,UNSTABLE,2.1869376430860409e-16,1.4054849545799591e-16,1
B3_D2_Craig_Bampton,B3,2,Craig_Bampton,full-grid,596,8,59,83,1.000670320084692,1.0004538786717125,-0.02081168299600775,0,0,1,UNSTABLE,3.3174057224962205e-16,1.4054849545799591e-16,1
B3_D2_Craig_Bampton,B3,2,Craig_Bampton,full-grid,597,8,60,84,1.0007281645512189,1.0005131815853765,-0.020742053899239339,0,0,1,UNSTABLE,1.5717789560908109e-16,1.4054849545799594e-16,1
B3_D2_Craig_Bampton,B3,2,Craig_Bampton,full-grid,598,8,61,85,1.0007844876659611,1.000570970066792,-0.020671831375554128,0,0,1,UNSTABLE,2.8401640870425078e-16,1.4054849545799591e-16,1
B3_D2_Craig_Bampton,B3,2,Craig_Bampton,full-grid,599,8,62,86,1.0008392965342976,1.0006272501093521,-0.020601063707099136,0,0,1,UNSTABLE,1.8465037440342789e-16,1.4054849545799591e-16,1
B3_D2_Craig_Bampton,B3,2,Craig_Bampton,full-grid,600,8,63,87,1.0008926000514251,1.0006820295331076,-0.020529798031211622,0,0,1,UNSTABLE,1.6660093934499766e-16,1.4054849545799591e-16,1
B3_D2_Craig_Bampton,B3,2,Craig_Bampton,full-grid,601,8,64,88,1.0009444087934223,1.000735317877065,-0.020458080269249713,0,0,1,UNSTABLE,1.8062384112204404e-16,1.4054849545799591e-16,1
B3_D2_Craig_Bampton,B3,2,Craig_Bampton,full-grid,602,8,65,89,1.0009947349070167,1.0007871262899233,-0.020385955065329101,0,0,1,UNSTABLE,2.0984028004183534e-16,1.4054849545799591e-16,1
B3_D2_Craig_Bampton,B3,2,Craig_Bampton,full-grid,603,8,66,90,1.0010435919988894,1.0008374674201055,-0.020313465734531508,0,0,1,UNSTABLE,1.9117421359420861e-16,1.4054849545799591e-16,1
B3_D2_Craig_Bampton,B3,2,Craig_Bampton,full-grid,604,9,0,25,0.99547423232156806,0.99522326383664095,-0.022351785936675701,1,0,-1,STABLE,2.010231407362786e-16,1.2758564174579436e-16,1
B3_D2_Craig_Bampton,B3,2,Craig_Bampton,full-grid,605,9,1,26,0.99556619314849149,0.99531463963184796,-0.022378853292878021,1,0,-1,STABLE,3.5050799387627801e-16,1.4054849545799591e-16,1
B3_D2_Craig_Bampton,B3,2,Craig_Bampton,full-grid,606,9,2,27,0.99565893677726514,0.99540683666458318,-0.022404193934219011,1,0,-1,STABLE,1.8199831459472338e-16,1.4054849545799591e-16,1
B3_D2_Craig_Bampton,B3,2,Craig_Bampton,full-grid,607,9,3,28,0.99575242207850478,0.99549981448871216,-0.022427782506273596,1,0,-1,STABLE,1.8360794189293733e-16,1.4054849545799591e-16,1
B3_D2_Craig_Bampton,B3,2,Craig_Bampton,full-grid,608,9,4,29,0.99595255212591982,0.9928751603068614,-0.078232998995036065,1,0,-1,STABLE,1.6718989465483722e-16,1.4054849545799591e-16,1
B3_D2_Craig_Bampton,B3,2,Craig_Bampton,full-grid,609,9,5,30,0.99633435931990066,0.99326696971309891,-0.078120947500363636,1,0,-1,STABLE,2.3371127995986653e-16,1.4054849545799591e-16,1
B3_D2_Craig_Bampton,B3,2,Craig_Bampton,full-grid,610,9,6,31,0.99670170508027212,0.99364677721699923,-0.077976733941559809,1,0,-1,STABLE,1.6208252969732556e-16,1.4054849545799591e-16,1
B3_D2_Craig_Bampton,B3,2,Craig_Bampton,full-grid,611,9,7,32,0.99705184136952385,0.99401166767255056,-0.077802178049160259,1,0,-1,STABLE,2.6368827298474775e-16,1.4054849545799591e-16,1
B3_D2_Craig_Bampton,B3,2,Craig_Bampton,full-grid,612,9,8,33,0.99738238532404899,0.99435906886695635,-0.077599386058971459,1,0,-1,STABLE,2.4155046811494963e-16,1.4054849545799591e-16,1
B3_D2_Craig_Bampton,B3,2,Craig_Bampton,full-grid,613,9,9,34,0.99769133641412067,0.99468677515992932,-0.077370679703194084,1,0,-1,STABLE,4.0903868962537043e-16,1.4054849545799591e-16,1
B3_D2_Craig_Bampton,B3,2,Craig_Bampton,full-grid,614,9,10,35,0.99797707886237885,0.99499295614946837,-0.077118526617336869,1,0,-1,STABLE,1.5322349514584336e-16,1.4054849545799591e-16,1
B3_D2_Craig_Bampton,B3,2,Craig_Bampton,full-grid,615,9,11,36,0.99823837142901117,0.99527615220533505,-0.076845475108083483,1,0,-1,STABLE,1.874267725822446e-16,1.4054849545799591e-16,1
B3_D2_Craig_Bampton,B3,2,Craig_Bampton,full-grid,616,9,12,37,0.99847432702297478,0.99553525914224772,-0.076554095439499634,1,0,-1,STABLE,2.1260652419042962e-16,1.4054849545799591e-16,1
B3_D2_Craig_Bampton,B3,2,Craig_Bampton,full-grid,617,9,13,38,0.99868438470149434,0.99576950448439272,-0.076246929023466442,1,0,-1,STABLE,2.5863871837327729e-16,1.4054849545799591e-16,1
B3_D2_Craig_Bampton,B3,2,Craig_Bampton,full-grid,618,9,14,39,0.99886827652548127,0.99597841774647788,-0.075926446197671096,1,0,-1,STABLE,1.2130465091179679e-16,1.4054849545799591e-16,1
B3_D2_Craig_Bampton,B3,2,Craig_Bampton,full-grid,619,9,15,40,0.99902599150254723,0.9961617969759704,-0.075595012687695376,1,0,-1,STABLE,2.2211533869542325e-16,1.4054849545799591e-16,1
B3_D2_Craig_Bampton,B3,2,Craig_Bampton,full-grid,620,9,16,41,0.99915773852384426,0.99631967351768269,-0.075254864385638845,1,0,-1,STABLE,1.5644634903943201e-16,1.4054849545799594e-16,1
B3_D2_Craig_Bampton,B3,2,Craig_Bampton,full-grid,621,9,17,42,0.99926390983320057,0.99645227662214175,-0.074908089747939804,1,0,-1,STABLE,1.4842895791363011e-16,1.4054849545799591e-16,1
B3_D2_Craig_Bampton,B3,2,Craig_Bampton,full-grid,622,9,18,43,0.99934504619428588,0.99655999916235427,-0.074556618905285282,1,0,-1,STABLE,1.8186742907096569e-16,1.4054849545799591e-16,1
B3_D2_Craig_Bampton,B3,2,Craig_Bampton,full-grid,623,9,19,44,0.99940180457208516,0.99664336537968945,-0.074202218474834519,1,0,-1,STABLE,3.0128829584946433e-16,1.4054849545799591e-16,1
B3_D2_Craig_Bampton,B3,2,Craig_Bampton,full-grid,624,9,20,45,0.99943492883617446,0.99670300126878797,-0.073846491044324877,1,0,-1,STABLE,1.796098875344158e-16,1.4054849545799591e-16,1
B3_D2_Craig_Bampton,B3,2,Craig_Bampton,full-grid,625,9,21,46,0.99944522373654954,0.99673960794707706,-0.073490878340843155,1,0,-1,STABLE,2.8420455402992422e-16,1.4054849545799591e-16,1
B3_D2_Craig_Bampton,B3,2,Craig_Bampton,full-grid,626,9,22,47,0.9994335321989315,0.99675393813974444,-0.07313666718235913,1,0,-1,STABLE,1.3212822335397949e-16,1.4054849545799591e-16,1
B3_D2_Craig_Bampton,B3,2,Craig_Bampton,full-grid,627,9,23,48,0.99940071583500767,0.99674677574703985,-0.072784997419838182,1,0,-1,STABLE,1.5928490383217687e-16,1.4054849545799591e-16,1
B3_D2_Craig_Bampton,B3,2,Craig_Bampton,full-grid,628,9,24,49,0.99934763845661101,0.99671891834161941,-0.072436871196357042,1,0,-1,STABLE,1.643294615518856e-16,1.4054849545799591e-16,1
B3_D2_Craig_Bampton,B3,2,Craig_Bampton,full-grid,629,9,25,50,0.99927515231608866,0.99667116236462061,-0.072093162970549532,1,0,-1,STABLE,3.3915594391415467e-16,1.4054849545799591e-16,1
B3_D2_Craig_Bampton,B3,2,Craig_Bampton,full-grid,630,9,26,51,0.99918408675777715,0.99660429074099066,-0.071754629861911765,1,0,-1,STABLE,2.2536574751398037e-16,1.4054849545799591e-16,1
B3_D2_Craig_Bampton,B3,2,Craig_Bampton,full-grid,631,9,27,52,0.99907523895238004,0.99651906261187939,-0.07142192197705477,1,0,-1,STABLE,2.7211980914889936e-16,1.4054849545799591e-16,1
B3_D2_Craig_Bampton,B3,2,Craig_Bampton,full-grid,632,9,28,53,0.99894936638858822,0.9964162048765669,-0.071095592462131235,1,0,-1,STABLE,2.2214161570427495e-16,1.4054849545799591e-16,1
B3_D2_Craig_Bampton,B3,2,Craig_Bampton,full-grid,633,9,29,54,0.99880718081014785,0.99629640524399155,-0.070776107097065985,1,0,-1,STABLE,2.146134562469792e-16,1.4054849545799591e-16,1
B3_D2_Craig_Bampton,B3,2,Craig_Bampton,full-grid,634,9,30,55,0.99864934330576394,0.99616030650806042,-0.070463853306504551,1,0,-1,STABLE,1.9682746092738949e-16,1.4054849545799591e-16,1
B3_D2_Craig_Bampton,B3,2,Craig_Bampton,full-grid,635,9,31,56,0.99848083024241063,0.99823155273017283,-0.022309986451855526,1,0,-1,STABLE,1.1931770264510744e-16,1.4054849545799591e-16,1
B3_D2_Craig_Bampton,B3,2,Craig_Bampton,full-grid,636,9,32,57,0.99857471758794158,0.99832619520272325,-0.022277221054055243,1,0,-1,STABLE,2.3018123572565254e-16,1.4054849545799594e-16,1
B3_D2_Craig_Bampton,B3,2,Craig_Bampton,full-grid,637,9,33,58,0.99866781465830845,0.99842008784646319,-0.02224257671813373,1,0,-1,STABLE,1.5005364884906143e-16,1.4054849545799591e-16,1
B3_D2_Craig_Bampton,B3,2,Craig_Bampton,full-grid,638,9,34,59,0.99876006861652067,0.99851317702265185,-0.022206079685696573,1,0,-1,STABLE,1.8974448178653259e-16,1.4054849545799591e-16,1
B3_D2_Craig_Bampton,B3,2,Craig_Bampton,full-grid,639,9,35,60,0.99885142767458845,0.99860541008310588,-0.022167758576715255,1,0,-1,STABLE,1.9701484614581661e-16,1.4054849545799591e-16,1
B3_D2_Craig_Bampton,B3,2,Craig_Bampton,full-grid,640,9,36,61,0.99894184124980168,0.99869673552830296,-0.022127644353948362,1,0,-1,STABLE,1.2823051542738768e-16,1.4054849545799591e-16,1
B3_D2_Craig_Bampton,B3,2,Craig_Bampton,full-grid,641,9,37,62,0.99903126011967636,0.99878710316451857,-0.022085770272686468,1,0,-1,STABLE,3.0403472600639134e-16,1.4054849545799591e-16,1
B3_D2_Craig_Bampton,B3,2,Craig_Bampton,full-grid,642,9,38,63,0.99911963657387204,0.9988764642582868,-0.02204217181608574,1,0,-1,STABLE,1.2469718771570502e-16,1.4054849545799591e-16,1
B3_D2_Craig_Bampton,B3,2,Craig_Bampton,full-grid,643,9,39,64,0.999206924561438,0.99896477168653608,-0.021996886615927073,1,0,-1,STABLE,1.6957972830485352e-16,1.4054849545799591e-16,1
B3_D2_Craig_Bampton,B3,2,Craig_Bampton,full-grid,644,9,40,65,0.99929307983182813,0.99905198008081086,-0.021949954359675145,1,0,-1,STABLE,1.4030418280715615e-16,1.4054849545799591e-16,1
B3_D2_Craig_Bampton,B3,2,Craig_Bampton,full-grid,645,9,41,66,0.99937806006797958,0.99913804596385081,-0.021901416684233219,1,0,-1,STABLE,1.9078997161625704e-16,1.4054849545799591e-16,1
B3_D2_Craig_Bampton,B3,2,Craig_Bampton,full-grid,646,9,42,67,0.99946182501020997,0.99922292787726008,-0.021851317057228047,1,0,-1,STABLE,2.0666797234036491e-16,1.4054849545799591e-16,1
B3_D2_Craig_Bampton,B3,2,Craig_Bampton,full-grid,647,9,43,68,0.99954433656941533,0.99930658649870252,-0.021799700647118253,1,0,-1,STABLE,2.140832802925623e-16,1.4054849545799591e-16,1
B3_D2_Craig_Bampton,B3,2,Craig_Bampton,full-grid,648,9,44,69,0.99962555892864002,0.99938898474766447,-0.021746614183094294,1,0,-1,STABLE,2.1831373362379294e-16,1.4054849545799591e-16,1
B3_D2_Craig_Bampton,B3,2,Craig_Bampton,full-grid,649,9,45,70,0.99970545863178983,0.99947008787851543,-0.021692105806262248,1,0,-1,STABLE,2.8909429493636017e-16,1.4054849545799591e-16,1
B3_D2_Craig_Bampton,B3,2,Craig_Bampton,full-grid,650,9,46,71,0.99978400465884654,0.99954986356018072,-0.02163622491343415,1,0,-1,STABLE,4.2193299815176303e-16,1.4054849545799591e-16,1
B3_D2_Craig_Bampton,B3,2,Craig_Bampton,full-grid,651,9,47,72,0.9998611684869807,0.99962828194177955,-0.021579021995368614,1,0,-1,STABLE,1.6535246907078303e-16,1.4054849545799591e-16,1
B3_D2_Craig_Bampton,B3,2,Craig_Bampton,full-grid,652,9,48,73,0.99993692413718571,0.99970531570381416,-0.021520548470539448,1,0,-1,STABLE,1.3932642433523149e-16,1.4054849545799594e-16,1
B3_D2_Craig_Bampton,B3,2,Craig_Bampton,full-grid,653,9,49,74,1.000011248206168,0.99978094009459384,-0.021460856516652957,0,0,1,UNSTABLE,4.1557428803217092e-16,1.4054849545799591e-16,1
B3_D2_Craig_Bampton,B3,2,Craig_Bampton,full-grid,654,9,50,75,1.0000841198836801,0.99985513295204398,-0.021399998901063581,0,0,1,UNSTABLE,4.7484009784400274e-16,1.4054849545799591e-16,1
B3_D2_Craig_Bampton,B3,2,Craig_Bampton,full-grid,655,9,51,76,1.0001555209553945,0.99992787471096489,-0.021338028811710475,0,0,1,UNSTABLE,3.9009025217202087e-16,1.4054849545799591e-16,1
B3_D2_Craig_Bampton,B3,2,Craig_Bampton,full-grid,656,9,52,77,1.0002254357917988,0.99999914839617254,-0.02127499969032895,0,0,1,UNSTABLE,2.8694708997320751e-16,1.4054849545799591e-16,1
B3_D2_Craig_Bampton,B3,2,Craig_Bampton,full-grid,657,9,53,78,1.0002938513236601,1.0000689396020463,-0.021210965069018803,0,0,1,UNSTABLE,5.809439231317784e-16,1.4054849545799591e-16,1
B3_D2_Craig_Bampton,B3,2,Craig_Bampton,full-grid,658,9,54,79,1.0003607570048632,1.0001372364592582,-0.0211459784115181,0,0,1,UNSTABLE,3.6276973705390475e-16,1.4054849545799591e-16,1
B3_D2_Craig_Bampton,B3,2,Craig_Bampton,full-grid,659,9,55,80,1.0004261447632901,1.0002040295893169,-0.021080092960712251,0,0,1,UNSTABLE,4.5195381044479339e-16,1.4054849545799591e-16,1
B3_D2_Craig_Bampton,B3,2,Craig_Bampton,full-grid,660,9,56,81,1.0004900089408495,1.0002693120480313,-0.02101336159255196,0,0,1,UNSTABLE,3.0002888542651788e-16,1.4054849545799591e-16,1
B3_D2_Craig_Bampton,B3,2,Craig_Bampton,full-grid,661,9,57,82,1.0005523462236927,1.0003330792588909,-0.020945836678479532,0,0,1,UNSTABLE,3.4707430400849646e-16,1.4054849545799591e-16,1
B3_D2_Craig_Bampton,B3,2,Craig_Bampton,full-grid,662,9,58,83,1.0006131555635593,1.0003953289373175,-0.020877569955812428,0,0,1,UNSTABLE,2.5213657620663875e-16,1.4054849545799591e-16,1
B3_D2_Craig_Bampton,B3,2,Craig_Bampton,full-grid,663,9,59,84,1.000672438091492,1.0004560610069992,-0.020808612407609992,0,0,1,UNSTABLE,2.5684555043381457e-16,1.4054849545799591e-16,1
B3_D2_Craig_Bampton,B3,2,Craig_Bampton,full-grid,664,9,60,85,1.0007301970250517,1.0005152775094439,-0.020739014152056371,0,0,1,UNSTABLE,2.4572983650295267e-16,1.4054849545799591e-16,1
B3_D2_Craig_Bampton,B3,2,Craig_Bampton,full-grid,665,9,61,86,1.0007864375700266,1.0005729825077436,-0.020668824341582296,0,0,1,UNSTABLE,1.6889513020558342e-16,1.4054849545799591e-16,1
B3_D2_Craig_Bampton,B3,2,Craig_Bampton,full-grid,666,9,62,87,1.0008411668179522,1.0006291819858673,-0.020598091072084244,0,0,1,UNSTABLE,2.3685155466790046e-16,1.4054849545799591e-16,1
B3_D2_Craig_Bampton,B3,2,Craig_Bampton,full-grid,667,9,63,88,1.0008943936402845,1.0006838837443288,-0.020526861302193399,0,0,1,UNSTABLE,4.3795504287262326e-16,1.4054849545799591e-16,1
B3_D2_Craig_Bampton,B3,2,Craig_Bampton,full-grid,668,9,64,89,1.0009461285804266,1.0007370972934404,-0.020455180782468621,0,0,1,UNSTABLE,3.7125717774556176e-16,1.4054849545799594e-16,1
B3_D2_Craig_Bampton,B3,2,Craig_Bampton,full-grid,669,9,65,90,1.0009963837444187,1.0007888337449722,-0.020383093994343265,0,0,1,UNSTABLE,1.2511656011790988e-16,1.4054849545799591e-16,1
B3_D2_Craig_Bampton,B3,2,Craig_Bampton,full-grid,670,9,66,91,1.0010451726912661,1.0008391057032018,-0.020310644098650767,0,0,1,UNSTABLE,3.1488167383311704e-16,1.4054849545799591e-16,1
B3_D2_Craig_Bampton,B3,2,Craig_Bampton,full-grid,671,10,0,26,0.99616750909296492,0.98672040787248416,-0.13686688007126135,1,0,-1,STABLE,2.4478646771125096e-16,1.2758564174579434e-16,1
B3_D2_Craig_Bampton,B3,2,Craig_Bampton,full-grid,672,10,1,27,0.99629394653154491,0.98682747621132338,-0.13701518196824361,1,0,-1,STABLE,3.742398380626385e-16,1.4054849545799591e-16,1
B3_D2_Craig_Bampton,B3,2,Craig_Bampton,full-grid,673,10,2,28,0.99644040057564176,0.98695731706257073,-0.13714490947897953,1,0,-1,STABLE,3.1138505051298591e-16,1.4054849545799591e-16,1
B3_D2_Craig_Bampton,B3,2,Craig_Bampton,full-grid,674,10,3,29,0.99660262159446356,0.98710618581490395,-0.13725218867074451,1,0,-1,STABLE,3.4523671806713805e-16,1.4054849545799591e-16,1
B3_D2_Craig_Bampton,B3,2,Craig_Bampton,full-grid,675,10,4,30,0.99677575413816355,0.98726959656386803,-0.13733407347895193,1,0,-1,STABLE,2.2603450813538691e-16,1.4054849545799591e-16,1
B3_D2_Craig_Bampton,B3,2,Craig_Bampton,full-grid,676,10,5,31,0.99700506380070764,0.99394013647634571,-0.078115954488417086,1,0,-1,STABLE,1.3793773257133348e-16,1.4054849545799591e-16,1
B3_D2_Craig_Bampton,B3,2,Craig_Bampton,full-grid,677,10,6,32,0.99736389735483932,0.99431210050103758,-0.077962751003597758,1,0,-1,STABLE,1.9853047339440991e-16,1.4054849545799591e-16,1
B3_D2_Craig_Bampton,B3,2,Craig_Bampton,full-grid,678,10,7,33,0.99770473798717385,0.99466827016041637,-0.077780309450014323,1,0,-1,STABLE,1.7967051993013276e-16,1.4054849545799591e-16,1
B3_D2_Craig_Bampton,B3,2,Craig_Bampton,full-grid,679,10,8,34,0.99802539419451497,0.99500626059781272,-0.077570798811631356,1,0,-1,STABLE,2.763215992996042e-16,1.4054849545799591e-16,1
B3_D2_Craig_Bampton,B3,2,Craig_Bampton,full-grid,680,10,9,35,0.99832404955914456,0.99532404931038587,-0.077336568274949516,1,0,-1,STABLE,2.2278457863344551e-16,1.4054849545799591e-16,1
B3_D2_Craig_Bampton,B3,2,Craig_Bampton,full-grid,681,10,10,36,0.99859925911236946,0.99561997833411708,-0.077080082004011979,1,0,-1,STABLE,1.7676289224964497e-16,1.4054849545799591e-16,1
B3_D2_Craig_Bampton,B3,2,Craig_Bampton,full-grid,682,10,11,37,0.99884993490765861,0.99589274506922454,-0.076803859170735442,1,0,-1,STABLE,2.1514123860699276e-16,1.4054849545799591e-16,1
B3_D2_Craig_Bampton,B3,2,Craig_Bampton,full-grid,683,10,12,38,0.99907532316371483,0.99614138397064056,-0.076510420831010131,1,0,-1,STABLE,3.4117576716961823e-16,1.4054849545799591e-16,1
B3_D2_Craig_Bampton,B3,2,Craig_Bampton,full-grid,684,10,13,39,0.99927497531015697,0.99636524136619165,-0.076202244575900122,1,0,-1,STABLE,2.8333302042885704e-16,1.4054849545799591e-16,1
B3_D2_Craig_Bampton,B3,2,Craig_Bampton,full-grid,685,10,14,40,0.99944871510522504,0.99656394555733319,-0.075881727317490849,1,0,-1,STABLE,2.3748688673625836e-16,1.4054849545799591e-16,1
B3_D2_Craig_Bampton,B3,2,Craig_Bampton,full-grid,686,10,15,41,0.99959660373932913,0.99673737414567465,-0.075551156102251715,1,0,-1,STABLE,2.4553503619174297e-16,1.4054849545799591e-16,1
B3_D2_Craig_Bampton,B3,2,Craig_Bampton,full-grid,687,10,16,42,0.9997189045314826,0.99688562025349858,-0.075212686492536998,1,0,-1,STABLE,1.8040910344627659e-16,1.4054849545799591e-16,1
B3_D2_Craig_Bampton,B3,2,Craig_Bampton,full-grid,688,10,17,43,0.99981604849791894,0.99700895899957742,-0.074868327806704563,1,0,-1,STABLE,1.3833683819762916e-16,1.4054849545799591e-16,1
B3_D2_Craig_Bampton,B3,2,Craig_Bampton,full-grid,689,10,18,44,0.9998886017512385,0.99710781528123815,-0.074519934360701603,1,0,-1,STABLE,1.3432199145693024e-16,1.4054849545799591e-16,1
B3_D2_Craig_Bampton,B3,2,Craig_Bampton,full-grid,690,10,19,45,0.99993723539077994,0.99718273361906606,-0.074169201781889002,1,0,-1,STABLE,2.7860197910457885e-16,1.4054849545799591e-16,1
B3_D2_Craig_Bampton,B3,2,Craig_Bampton,full-grid,691,10,20,46,0.99996269828574502,0.9972343505578769,-0.073817667467329248,1,0,-1,STABLE,2.6902073885721009e-16,1.4054849545799591e-16,1
B3_D2_Craig_Bampton,B3,2,Craig_Bampton,full-grid,692,10,21,47,0.99996579293568932,0.99726336989350761,-0.073466714300743294,1,0,-1,STABLE,4.1888234535274126e-16,1.4054849545799591e-16,1
B3_D2_Craig_Bampton,B3,2,Craig_Bampton,full-grid,693,10,22,48,0.99994735442227023,0.99727054081381472,-0.073117576826772321,1,0,-1,STABLE,2.552700857732875e-16,1.4054849545799591e-16,1
B3_D2_Craig_Bampton,B3,2,Craig_Bampton,full-grid,694,10,23,49,0.99990823233783432,0.99725663890307337,-0.072771349174778427,1,0,-1,STABLE,1.9951241944704563e-16,1.4054849545799591e-16,1
B3_D2_Craig_Bampton,B3,2,Craig_Bampton,full-grid,695,10,24,50,0.9998492754868884,0.9972224498576836,-0.072428994135603372,1,0,-1,STABLE,3.418937031017283e-16,1.4054849545799591e-16,1
B3_D2_Craig_Bampton,B3,2,Craig_Bampton,full-grid,696,10,25,51,0.99977131909922989,0.99716875569332397,-0.072091352896460056,1,0,-1,STABLE,2.3304882451613345e-16,1.4054849545799591e-16,1
B3_D2_Craig_Bampton,B3,2,Craig_Bampton,full-grid,697,10,26,52,0.99967517426256669,0.99709632318284114,-0.071759155040680464,1,0,-1,STABLE,1.3080079022560981e-16,1.4054849545799591e-16,1
B3_D2_Craig_Bampton,B3,2,Craig_Bampton,full-grid,698,10,27,53,0.99956161927075682,0.9970058942440494,-0.07143302850783273,1,0,-1,STABLE,1.7201781544847276e-16,1.4054849545799591e-16,1
B3_D2_Craig_Bampton,B3,2,Craig_Bampton,full-grid,699,10,28,54,0.99943139258660618,0.9968981779924011,-0.07111350928644937,1,0,-1,STABLE,2.6900908852796284e-16,1.4054849545799591e-16,1
B3_D2_Craig_Bampton,B3,2,Craig_Bampton,full-grid,700,10,29,55,0.99928518713010273,0.99677384417982418,-0.070801050674547519,1,0,-1,STABLE,2.1317214733774288e-16,1.4054849545799591e-16,1
B3_D2_Craig_Bampton,B3,2,Craig_Bampton,full-grid,701,10,30,56,0.99912364561994704,0.9966335177532557,-0.07049603199942861,1,0,-1,STABLE,3.6129747885829368e-16,1.4054849545799591e-16,1
B3_D2_Craig_Bampton,B3,2,Craig_Bampton,full-grid,702,10,31,57,0.99894735671564083,0.99647777428274376,-0.070198766724742553,1,0,-1,STABLE,1.4146895262468674e-16,1.4054849545799591e-16,1
B3_D2_Craig_Bampton,B3,2,Craig_Bampton,full-grid,703,10,32,58,0.9987568517262948,0.99630713602526166,-0.069909509906457376,1,0,-1,STABLE,2.4555851461858838e-16,1.4054849545799591e-16,1
B3_D2_Craig_Bampton,B3,2,Craig_Bampton,full-grid,704,10,33,59,0.99867290751266447,0.99842523908348313,-0.022240012609905858,1,0,-1,STABLE,1.1757367305216959e-16,1.4054849545799591e-16,1
B3_D2_Craig_Bampton,B3,2,Craig_Bampton,full-grid,705,10,34,60,0.99876504287244761,0.99851821139860841,-0.022203431476376104,1,0,-1,STABLE,1.3676177824645014e-16,1.4054849545799591e-16,1
B3_D2_Craig_Bampton,B3,2,Craig_Bampton,full-grid,706,10,35,61,0.99885628133320703,0.99861032545927508,-0.022165032030730274,1,0,-1,STABLE,1.7548217856982414e-16,1.4054849545799591e-16,1
B3_D2_Craig_Bampton,B3,2,Craig_Bampton,full-grid,707,10,36,62,0.99894657266158227,0.99870153011489138,-0.022124845276214371,1,0,-1,STABLE,1.8505690437035894e-16,1.4054849545799591e-16,1
B3_D2_Craig_Bampton,B3,2,Craig_Bampton,full-grid,708,10,37,63,0.99903586798194521,0.99879177551880194,-0.022082904483735469,1,0,-1,STABLE,1.7618556119698561e-16,1.4054849545799591e-16,1
B3_D2_Craig_Bampton,B3,2,Craig_Bampton,full-grid,709,10,38,64,0.99912411992630656,0.99888101328072132,-0.022039245127644339,1,0,-1,STABLE,3.0927455810157498e-16,1.4054849545799591e-16,1
B3_D2_Craig_Bampton,B3,2,Craig_Bampton,full-grid,710,10,39,65,0.99921128277953952,0.99896919661482331,-0.021993904807182225,1,0,-1,STABLE,2.5498907999297277e-16,1.4054849545799591e-16,1
B3_D2_Craig_Bampton,B3,2,Craig_Bampton,full-grid,711,10,40,66,0.99929731261844668,0.99905628048198869,-0.021946923154364952,1,0,-1,STABLE,1.0565319294370481e-16,1.4054849545799591e-16,1
B3_D2_Craig_Bampton,B3,2,Craig_Bampton,full-grid,712,10,41,67,0.99938216744313713,0.99914222172465184,-0.021898341728752057,1,0,-1,STABLE,4.6056713736915986e-16,1.4054849545799591e-16,1
B3_D2_Craig_Bampton,B3,2,Craig_Bampton,full-grid,713,10,42,68,0.99946580729923817,0.99922697919274595,-0.021848203900032743,1,0,-1,STABLE,2.0924846570454667e-16,1.4054849545799591e-16,1
B3_D2_Craig_Bampton,B3,2,Craig_Bampton,full-grid,714,10,43,69,0.99954819438958309,0.99931051385935077,-0.02179655471940212,1,0,-1,STABLE,2.2279220944128652e-16,1.4054849545799591e-16,1
B3_D2_Craig_Bampton,B3,2,Craig_Bampton,full-grid,715,10,44,70,0.99962929317452487,0.99939278892515626,-0.02174344078103474,1,0,-1,STABLE,1.9940495892628883e-16,1.4054849545799591e-16,1
B3_D2_Craig_Bampton,B3,2,Craig_Bampton,full-grid,716,10,45,71,0.99970907045943025,0.99947376991026038,-0.021688910074741503,1,0,-1,STABLE,1.9537754641123585e-16,1.4054849545799591e-16,1
B3_D2_Craig_Bampton,B3,2,Craig_Bampton,full-grid,717,10,46,72,0.99978749546903523,0.99955342473293507,-0.021633011831612474,1,0,-1,STABLE,2.3872452151140266e-16,1.4054849545799591e-16,1
B3_D2_Craig_Bampton,B3,2,Craig_Bampton,full-grid,718,10,47,73,0.99986453990776158,0.99963172377442588,-0.021575796363744029,1,0,-1,STABLE,2.9272519334351536e-16,1.4054849545799591e-16,1
B3_D2_Craig_Bampton,B3,2,Craig_Bampton,full-grid,719,10,48,74,0.99994017800579593,0.99970863992953163,-0.02151731490006888,1,0,-1,STABLE,2.8171920446061287e-16,1.4054849545799591e-16,1
B3_D2_Craig_Bampton,B3,2,Craig_Bampton,full-grid,720,10,49,75,1.0000143865506299,0.99978414864263776,-0.021457619419418213,0,0,1,UNSTABLE,1.8143159551771436e-16,1.4054849545799591e-16,1
B3_D2_Craig_Bampton,B3,2,Craig_Bampton,full-grid,721,10,50,76,1.0000871449042144,0.99985822792929868,-0.021396762482804196,0,0,1,UNSTABLE,3.4309379976319744e-16,1.4054849545799591e-16,1
B3_D2_Craig_Bampton,B3,2,Craig_Bampton,full-grid,722,10,51,77,1.0001584350058295,0.99993085838344942,-0.021334797066011789,0,0,1,UNSTABLE,3.1287566462376473e-16,1.4054849545799591e-16,1
B3_D2_Craig_Bampton,B3,2,Craig_Bampton,full-grid,723,10,52,78,1.0002282413611465,1.000002023170669,-0.021271776394581079,0,0,1,UNSTABLE,1.7854357717886435e-16,1.4054849545799591e-16,1
B3_D2_Craig_Bampton,B3,2,Craig_Bampton,full-grid,724,10,53,79,1.0002965510180468,1.0000717080080448,-0.021207753781857817,0,0,1,UNSTABLE,3.4714993772267782e-16,1.4054849545799591e-16,1
B3_D2_Craig_Bampton,B3,2,Craig_Bampton,full-grid,725,10,54,80,1.0003633535298688,1.0001399011312726,-0.02114278247189556,0,0,1,UNSTABLE,4.5601142928928881e-16,1.4054849545799591e-16,1
B3_D2_Craig_Bampton,B3,2,Craig_Bampton,full-grid,726,10,55,81,1.0004286409068817,1.0002065932497621,-0.02107691548816552,0,0,1,UNSTABLE,2.624841760963165e-16,1.4054849545799591e-16,1
B3_D2_Craig_Bampton,B3,2,Craig_Bampton,full-grid,727,10,56,82,1.0004924075570736,1.0002717774908243,-0.021010205489158346,0,0,1,UNSTABLE,4.2357884294844645e-16,1.4054849545799591e-16,1
B3_D2_Craig_Bampton,B3,2,Craig_Bampton,full-grid,728,10,57,83,1.0005546502170732,1.000335449333734,-0.020942704631594592,0,0,1,UNSTABLE,1.9130102427883252e-16,1.4054849545799591e-16,1
B3_D2_Craig_Bampton,B3,2,Craig_Bampton,full-grid,729,10,58,84,1.0006153678743626,1.0003976065348221,-0.020874464442118924,0,0,1,UNSTABLE,4.1932277277632498e-16,1.4054849545799591e-16,1
B3_D2_Craig_Bampton,B3,2,Craig_Bampton,full-grid,730,10,59,85,1.0006745616819201,1.0004582490447176,-0.020805535697998343,0,0,1,UNSTABLE,3.3102000807213e-16,1.4054849545799591e-16,1
B3_D2_Craig_Bampton,B3,2,Craig_Bampton,full-grid,731,10,60,86,1.0007322348663652,1.0005173789188109,-0.020735968317459615,0,0,1,UNSTABLE,2.111434126766597e-16,1.4054849545799591e-16,1
B3_D2_Craig_Bampton,B3,2,Craig_Bampton,full-grid,732,10,61,87,1.0007883926306624,1.0005750002220024,-0.020665811259290234,0,0,1,UNSTABLE,3.2085908270945309e-16,1.4054849545799591e-16,1
B3_D2_Craig_Bampton,B3,2,Craig_Bampton,full-grid,733,10,62,88,1.0008430420526131,1.0006311189289494,-0.020595112432988821,0,0,1,UNSTABLE,2.3000807609624008e-16,1.4054849545799591e-16,1
B3_D2_Craig_Bampton,B3,2,Craig_Bampton,full-grid,734,10,63,89,1.0008961919800092,1.0006857428207119,-0.020523918618129116,0,0,1,UNSTABLE,1.3278428540151985e-16,1.4054849545799591e-16,1
B3_D2_Craig_Bampton,B3,2,Craig_Bampton,full-grid,735,10,64,90,1.000947852923648,1.0007388813789841,-0.020452275394193316,0,0,1,UNSTABLE,2.3286068872407569e-16,1.4054849545799591e-16,1
B3_D2_Craig_Bampton,B3,2,Craig_Bampton,full-grid,736,10,65,91,1.0009980369490019,1.0007905456787318,-0.020380227079739802,0,0,1,UNSTABLE,1.5637773183773071e-16,1.4054849545799591e-16,1
B3_D2_Craig_Bampton,B3,2,Craig_Bampton,full-grid,737,10,66,92,1.0010467575673676,1.0008407482800612,-0.020307816680947947,0,0,1,UNSTABLE,2.3966439496562749e-16,1.4054849545799591e-16,1
B3_D2_Craig_Bampton,B3,2,Craig_Bampton,full-grid,738,11,0,27,0.99664898502244625,0.98759213721967143,-0.13405584600514134,1,0,-1,STABLE,1.4611450638870364e-16,1.2758564174579434e-16,1
B3_D2_Craig_Bampton,B3,2,Craig_Bampton,full-grid,739,11,1,28,0.99677833717980824,0.98770069373219105,-0.13421770774339645,1,0,-1,STABLE,2.5211183934817639e-16,1.4054849545799591e-16,1
B3_D2_Craig_Bampton,B3,2,Craig_Bampton,full-grid,740,11,2,29,0.99692943185734995,0.98783372557783844,-0.13436079307010121,1,0,-1,STABLE,1.446647387445025e-16,1.4054849545799589e-16,1
B3_D2_Craig_Bampton,B3,2,Craig_Bampton,full-grid,741,11,3,30,0.99709795003331203,0.98798744239876046,-0.13448098610208503,1,0,-1,STABLE,3.0941394629614325e-16,1.4054849545799591e-16,1
B3_D2_Craig_Bampton,B3,2,Craig_Bampton,full-grid,742,11,4,31,0.99733722217600562,0.99426557306444396,-0.078214480478899992,1,0,-1,STABLE,2.204481794767595e-16,1.4054849545799591e-16,1
B3_D2_Craig_Bampton,B3,2,Craig_Bampton,full-grid,743,11,5,32,0.99770266921875561,0.99464253593787211,-0.07808227628155115,1,0,-1,STABLE,1.2588905369885416e-16,1.4054849545799591e-16,1
B3_D2_Craig_Bampton,B3,2,Craig_Bampton,full-grid,744,11,6,33,0.99805175755476205,0.99500541299893674,-0.077920079959949387,1,0,-1,STABLE,2.2435902101910593e-16,1.4054849545799591e-16,1
B3_D2_Craig_Bampton,B3,2,Craig_Bampton,full-grid,745,11,7,34,0.99838213996844249,0.99535167693964999,-0.077729895287420012,1,0,-1,STABLE,2.6192021514103431e-16,1.4054849545799591e-16,1
B3_D2_Craig_Bampton,B3,2,Craig_Bampton,full-grid,746,11,8,35,0.99869182996276029,0.99567914571311711,-0.077513934401268178,1,0,-1,STABLE,3.5796993167472965e-16,1.4054849545799591e-16,1
B3_D2_Craig_Bampton,B3,2,Craig_Bampton,full-grid,747,11,9,36,0.99897920376807625,0.99598599030385315,-0.077274553894231615,1,0,-1,STABLE,1.0071254644353753e-16,1.4054849545799591e-16,1
B3_D2_Craig_Bampton,B3,2,Craig_Bampton,full-grid,748,11,10,37,0.99924299136785488,0.99627073105473662,-0.077014195064543212,1,0,-1,STABLE,2.1412711992453026e-16,1.4054849545799591e-16,1
B3_D2_Craig_Bampton,B3,2,Craig_Bampton,full-grid,749,11,11,38,0.99948225869791452,0.99653222455858081,-0.076735329986984582,1,0,-1,STABLE,1.3961903677272925e-16,1.4054849545799591e-16,1
B3_D2_Craig_Bampton,B3,2,Craig_Bampton,full-grid,750,11,12,39,0.99969638316863974,0.99676964317691441,-0.07644041445090588,1,0,-1,STABLE,2.3140637727040342e-16,1.4054849545799591e-16,1
B3_D2_Craig_Bampton,B3,2,Craig_Bampton,full-grid,751,11,13,40,0.99988502453849082,0.99698244917931522,-0.076131848294603552,1,0,-1,STABLE,2.2882726402101821e-16,1.4054849545799594e-16,1
B3_D2_Craig_Bampton,B3,2,Craig_Bampton,full-grid,752,11,14,41,1.0000480929659255,0.99717036533814296,-0.075811943229144391,0,0,1,UNSTABLE,1.4735268232349985e-16,1.4054849545799594e-16,1
B3_D2_Craig_Bampton,B3,2,Craig_Bampton,full-grid,753,11,15,42,1.000185715819383,0.99733334359847259,-0.075482897902920384,0,0,1,UNSTABLE,1.349623228344541e-16,1.4054849545799591e-16,1
B3_D2_Craig_Bampton,B3,2,Craig_Bampton,full-grid,754,11,16,43,1.0002982045542423,0.99747153319496928,-0.075146779705575845,0,0,1,UNSTABLE,1.8099206061769124e-16,1.4054849545799591e-16,1
B3_D2_Craig_Bampton,B3,2,Craig_Bampton,full-grid,755,11,17,44,1.0003860226897383,0.99758524932610104,-0.074805512630916685,0,0,1,UNSTABLE,2.3397659095802649e-16,1.4054849545799591e-16,1
B3_D2_Craig_Bampton,B3,2,Craig_Bampton,full-grid,756,11,18,45,1.0004497556541403,0.9976749432380807,-0.074460870417428701,0,0,1,UNSTABLE,8.8806006566659897e-17,1.4054849545799591e-16,1
B3_D2_Craig_Bampton,B3,2,Craig_Bampton,full-grid,757,11,19,46,1.0004900830231287,0.99774117432854004,-0.074114474140567196,0,0,1,UNSTABLE,2.2818161739477779e-16,1.4054849545799591e-16,1
B3_D2_Craig_Bampton,B3,2,Craig_Bampton,full-grid,758,11,20,47,1.0005077534643005,0.99778458466411635,-0.073767793438862181,0,0,1,UNSTABLE,2.3379180177015049e-16,1.4054849545799591e-16,1
B3_D2_Craig_Bampton,B3,2,Craig_Bampton,full-grid,759,11,21,48,1.0005035625224359,0.99780587612094984,-0.073422150599047609,0,0,1,UNSTABLE,1.5532177562978326e-16,1.4054849545799591e-16,1
B3_D2_Craig_Bampton,B3,2,Craig_Bampton,full-grid,760,11,22,49,1.0004783332385851,0.99780579020646054,-0.073078726797328547,0,0,1,UNSTABLE,1.8131986147371544e-16,1.4054849545799591e-16,1
B3_D2_Craig_Bampton,B3,2,Craig_Bampton,full-grid,761,11,23,50,1.0004328994890961,0.9977850905042327,-0.072738569876098599,0,0,1,UNSTABLE,3.2480217190535086e-16,1.4054849545799591e-16,1
B3_D2_Craig_Bampton,B3,2,Craig_Bampton,full-grid,762,11,24,51,1.0003680918545086,0.99774454759747933,-0.072402603130909959,0,0,1,UNSTABLE,1.6184624468755223e-16,1.4054849545799591e-16,1
B3_D2_Craig_Bampton,B3,2,Craig_Bampton,full-grid,763,11,25,52,1.0002847257799308,0.99768492626898253,-0.072071634671947049,0,0,1,UNSTABLE,1.2255131235516292e-16,1.4054849545799591e-16,1
B3_D2_Craig_Bampton,B3,2,Craig_Bampton,full-grid,764,11,26,53,1.000183591760613,0.99760697473901483,-0.071746367010679504,0,0,1,UNSTABLE,2.9880688334164964e-16,1.4054849545799591e-16,1
B3_D2_Craig_Bampton,B3,2,Craig_Bampton,full-grid,765,11,27,54,1.0000654472764283,0.99751141568523383,-0.071427406601689336,0,0,1,UNSTABLE,1.7983064516461164e-16,1.4054849545799591e-16,1
B3_D2_Craig_Bampton,B3,2,Craig_Bampton,full-grid,766,11,28,55,0.9999310102004122,0.99739893878394792,-0.071115273135037876,1,0,-1,STABLE,1.2075219628408704e-16,1.4054849545799591e-16,1
B3_D2_Craig_Bampton,B3,2,Craig_Bampton,full-grid,767,11,29,56,0.99978095341623052,0.99727019451639931,-0.070810408437531086,1,0,-1,STABLE,3.5467787121734699e-16,1.4054849545799594e-16,1
B3_D2_Craig_Bampton,B3,2,Craig_Bampton,full-grid,768,11,30,57,0.99961590039362425,0.99712578899444282,-0.070513184880319726,1,0,-1,STABLE,2.2628259080743728e-16,1.4054849545799594e-16,1
B3_D2_Craig_Bampton,B3,2,Craig_Bampton,full-grid,769,11,31,58,0.99943642148693324,0.99696627957241302,-0.070223913235791788,1,0,-1,STABLE,1.790966398190909e-16,1.4054849545799591e-16,1
B3_D2_Craig_Bampton,B3,2,Craig_Bampton,full-grid,770,11,32,59,0.99924303073787435,0.99679217102614892,-0.069942849950435967,1,0,-1,STABLE,4.3977641283678718e-16,1.4054849545799591e-16,1
B3_D2_Craig_Bampton,B3,2,Craig_Bampton,full-grid,771,11,33,60,0.99903618297682328,0.99660391209156574,-0.069670203822634752,1,0,-1,STABLE,2.3966394180096433e-16,1.4054849545799591e-16,1
B3_D2_Craig_Bampton,B3,2,Craig_Bampton,full-grid,772,11,34,61,0.99881627102747395,0.99640189216471065,-0.069406142089965622,1,0,-1,STABLE,2.734053849228556e-16,1.4054849545799591e-16,1
B3_D2_Craig_Bampton,B3,2,Craig_Bampton,full-grid,773,11,35,62,0.99886114829065797,0.99861525424610409,-0.022162300230813295,1,0,-1,STABLE,3.8193924741113037e-16,1.4054849545799591e-16,1
B3_D2_Craig_Bampton,B3,2,Craig_Bampton,full-grid,774,11,36,63,0.99895131703067286,0.99870633777436479,-0.022122040742939459,1,0,-1,STABLE,4.2218871549538152e-16,1.4054849545799591e-16,1
B3_D2_Craig_Bampton,B3,2,Craig_Bampton,full-grid,775,11,37,64,0.99904048846096438,0.99879646060882277,-0.022080033052754567,1,0,-1,STABLE,3.6192270663558479e-16,1.4054849545799591e-16,1
B3_D2_Craig_Bampton,B3,2,Craig_Bampton,full-grid,776,11,38,65,0.99912861555639176,0.99888557470288486,-0.022036312625289392,1,0,-1,STABLE,3.360223669086571e-16,1.4054849545799591e-16,1
B3_D2_Craig_Bampton,B3,2,Craig_Bampton,full-grid,777,11,39,66,0.99921565293806647,0.99897363360840152,-0.021990917026664874,1,0,-1,STABLE,3.9644041874270995e-16,1.4054849545799591e-16,1
B3_D2_Craig_Bampton,B3,2,Craig_Bampton,full-grid,778,11,40,67,0.99930155701056955,0.99906059261603453,-0.021943885832876459,1,0,-1,STABLE,2.6811864378920536e-16,1.4054849545799591e-16,1
B3_D2_Craig_Bampton,B3,2,Craig_Bampton,full-grid,779,11,41,68,0.9993862860915329,0.99914640888827499,-0.021895260525763051,1,0,-1,STABLE,2.3823831005349183e-16,1.4054849545799591e-16,1
B3_D2_Craig_Bampton,B3,2,Craig_Bampton,full-grid,780,11,42,69,0.99946980053216217,0.99923104158366827,-0.021845084376526967,1,0,-1,STABLE,3.1809080112490112e-16,1.4054849545799591e-16,1
B3_D2_Craig_Bampton,B3,2,Craig_Bampton,full-grid,781,11,43,70,0.99955206282756615,0.99931445197105906,-0.021793402318702863,1,0,-1,STABLE,3.9394161578980863e-16,1.4054849545799591e-16,1
B3_D2_Craig_Bampton,B3,2,Craig_Bampton,full-grid,782,11,44,71,0.99963303771558698,0.99939660353253434,-0.021740260810919784,1,0,-1,STABLE,1.7338903781052114e-16,1.4054849545799591e-16,1
B3_D2_Craig_Bampton,B3,2,Craig_Bampton,full-grid,783,11,45,72,0.99971269226334414,0.99947746205422106,-0.021685707691397091,1,0,-1,STABLE,2.5772154538938277e-16,1.4054849545799594e-16,1
B3_D2_Craig_Bampton,B3,2,Craig_Bampton,full-grid,784,11,46,73,0.99979099594051524,0.99955699570393786,-0.021629792025011457,1,0,-1,STABLE,2.8246700734872259e-16,1.4054849545799594e-16,1
B3_D2_Craig_Bampton,B3,2,Craig_Bampton,full-grid,785,11,47,74,0.99986792067898556,0.99963517509527389,-0.021572563944957924,1,0,-1,STABLE,2.5865071386882335e-16,1.4054849545799591e-16,1
B3_D2_Craig_Bampton,B3,2,Craig_Bampton,full-grid,786,11,48,75,0.99994344091832055,0.99971197333752182,-0.021514074490182382,1,0,-1,STABLE,1.6682416257960729e-16,1.4054849545799591e-16,1
B3_D2_Craig_Bampton,B3,2,Craig_Bampton,full-grid,787,11,49,76,1.0000175336370027,0.99978736607135521,-0.021454375440363736,0,0,1,UNSTABLE,6.3955665606230859e-16,1.4054849545799591e-16,1
B3_D2_Craig_Bampton,B3,2,Craig_Bampton,full-grid,788,11,50,77,1.0000901783693521,0.99986133149013856,-0.021393519149732778,0,0,1,UNSTABLE,3.4800723019052151e-16,1.4054849545799591e-16,1
B3_D2_Craig_Bampton,B3,2,Craig_Bampton,full-grid,789,11,51,78,1.0001613572084347,0.99993385034712401,-0.021331558381739647,0,0,1,UNSTABLE,4.1049879354667143e-16,1.4054849545799591e-16,1
B3_D2_Craig_Bampton,B3,2,Craig_Bampton,full-grid,790,11,52,79,1.0002310547952848,1.0000049059488432,-0.021268546145271197,0,0,1,UNSTABLE,2.7306806595506218e-16,1.4054849545799591e-16,1
B3_D2_Craig_Bampton,B3,2,Craig_Bampton,full-grid,791,11,53,80,1.0002992582950636,1.0000744841352627,-0.021204535534702761,0,0,1,UNSTABLE,2.9449425266064186e-16,1.4054849545799591e-16,1
B3_D2_Craig_Bampton,B3,2,Craig_Bampton,full-grid,792,11,54,81,1.0003659573607375,1.0001425732472837,-0.021139579574030145,0,0,1,UNSTABLE,2.909132848622127e-16,1.4054849545799591e-16,1
B3_D2_Craig_Bampton,B3,2,Craig_Bampton,full-grid,793,11,55,82,1.0004311440851557,1.0002091640824156,-0.021073731067105993,0,0,1,UNSTABLE,3.7805715972394542e-16,1.4054849545799591e-16,1
B3_D2_Craig_Bampton,B3,2,Craig_Bampton,full-grid,794,11,56,83,1.0004948129425173,1.0002742498396109,-0.02100704245452558,0,0,1,UNSTABLE,2.1899198845951812e-16,1.4054849545799591e-16,1
B3_D2_Craig_Bampton,B3,2,Craig_Bampton,full-grid,795,11,57,84,1.0005569607200566,1.0003378260540658,-0.020939565677981102,0,0,1,UNSTABLE,2.8195496719348984e-16,1.4054849545799591e-16,1
B3_D2_Craig_Bampton,B3,2,Craig_Bampton,full-grid,796,11,58,85,1.0006175864411575,1.0003998905231866,-0.020871352053087613,0,0,1,UNSTABLE,2.3644123802933186e-16,1.4054849545799591e-16,1
B3_D2_Craig_Bampton,B3,2,Craig_Bampton,full-grid,797,11,59,86,1.0006766912808662,1.00046044322468,-0.020802452151100884,0,0,1,UNSTABLE,2.8894379563242424e-16,1.4054849545799591e-16,1
B3_D2_Craig_Bampton,B3,2,Craig_Bampton,full-grid,798,11,60,87,1.0007342784749564,1.000519486227925,-0.020732915689814654,0,0,1,UNSTABLE,2.6254972870944298e-16,1.4054849545799591e-16,1
B3_D2_Craig_Bampton,B3,2,Craig_Bampton,full-grid,799,11,61,88,1.0007903532237048,1.00057702359977,-0.020662791434194614,0,0,1,UNSTABLE,3.8969296041956217e-16,1.4054849545799594e-16,1
B3_D2_Craig_Bampton,B3,2,Craig_Bampton,full-grid,800,11,62,89,1.0008449225912208,1.0006330613056131,-0.02059212710683235,0,0,1,UNSTABLE,2.5842837382314366e-16,1.4054849545799594e-16,1
B3_D2_Craig_Bampton,B3,2,Craig_Bampton,full-grid,801,11,63,90,1.0008979954017614,1.0006876071071948,-0.020520969308026753,0,0,1,UNSTABLE,5.6222758887627731e-16,1.4054849545799591e-16,1
B3_D2_Craig_Bampton,B3,2,Craig_Bampton,full-grid,802,11,64,91,1.0009495821335623,1.0007406704576443,-0.020449363445779543,0,0,1,UNSTABLE,3.9035559808649373e-16,1.4054849545799591e-16,1
B3_D2_Craig_Bampton,B3,2,Craig_Bampton,full-grid,803,11,65,92,1.0009996948114994,1.0007922623951011,-0.0203773536753535,0,0,1,UNSTABLE,1.2966778257564708e-16,1.4054849545799591e-16,1
B3_D2_Craig_Bampton,B3,2,Craig_Bampton,full-grid,804,11,66,93,1.0010483468992892,1.0008423954356347,-0.02030498284805966,0,0,1,UNSTABLE,6.3905224951415466e-16,1.4054849545799591e-16,1
B3_D2_Craig_Bampton,B3,2,Craig_Bampton,full-grid,805,12,0,28,0.99678575821493687,0.98810159957421395,-0.13129004798158303,1,0,-1,STABLE,2.2867030570406242e-16,1.2758564174579436e-16,1
B3_D2_Craig_Bampton,B3,2,Craig_Bampton,full-grid,806,12,1,29,0.99693053713810764,0.99384347409429608,-0.078394163549691906,1,0,-1,STABLE,1.8034309941232586e-16,1.4054849545799591e-16,1
B3_D2_Craig_Bampton,B3,2,Craig_Bampton,full-grid,807,12,2,30,0.99732120470724672,0.99423903153613202,-0.078347517693977325,1,0,-1,STABLE,1.2801992521232191e-16,1.4054849545799591e-16,1
B3_D2_Craig_Bampton,B3,2,Craig_Bampton,full-grid,808,12,3,31,0.99770300402950052,0.99462830102022703,-0.078267662920942033,1,0,-1,STABLE,1.4178064449882221e-16,1.4054849545799591e-16,1
B3_D2_Craig_Bampton,B3,2,Craig_Bampton,full-grid,809,12,4,32,0.99807285820410985,0.99500809196177142,-0.078155788105014168,1,0,-1,STABLE,1.7710105599960832e-16,1.4054849545799591e-16,1
B3_D2_Craig_Bampton,B3,2,Craig_Bampton,full-grid,810,12,5,33,0.99842798101152086,0.9953754755238331,-0.0780134346920138,1,0,-1,STABLE,2.1087150454017768e-16,1.4054849545799591e-16,1
B3_D2_Craig_Bampton,B3,2,Craig_Bampton,full-grid,811,12,6,34,0.99876591005870385,0.99572782338902954,-0.077842435883883454,1,0,-1,STABLE,2.3742403871093268e-16,1.4054849545799591e-16,1
B3_D2_Craig_Bampton,B3,2,Craig_Bampton,full-grid,812,12,7,35,0.99908452575225315,0.99606283247852234,-0.077644853998625349,1,0,-1,STABLE,3.0859616570409778e-16,1.4054849545799591e-16,1
B3_D2_Craig_Bampton,B3,2,Craig_Bampton,full-grid,813,12,8,36,0.99938205762096244,0.99637853686071909,-0.077422918945239755,1,0,-1,STABLE,1.4066169181527275e-16,1.4054849545799591e-16,1
B3_D2_Craig_Bampton,B3,2,Craig_Bampton,full-grid,814,12,9,37,0.99965707985868146,0.99667330850827485,-0.077178970055030827,1,0,-1,STABLE,2.9035203321626322e-16,1.4054849545799591e-16,1
B3_D2_Craig_Bampton,B3,2,Craig_Bampton,full-grid,815,12,10,38,0.99990849807739401,0.99694584874508074,-0.076915402861459606,1,0,-1,STABLE,2.9606879650688803e-16,1.4054849545799591e-16,1
B3_D2_Craig_Bampton,B3,2,Craig_Bampton,full-grid,816,12,11,39,1.000135529228519,0.99719517224925558,-0.076634621862361002,0,0,1,UNSTABLE,1.4662879056707424e-16,1.4054849545799591e-16,1
B3_D2_Craig_Bampton,B3,2,Craig_Bampton,full-grid,817,12,12,40,1.000337676526692,0.99742058540156286,-0.076338999836417315,0,0,1,UNSTABLE,2.8496250009506888e-16,1.4054849545799591e-16,1
B3_D2_Craig_Bampton,B3,2,Craig_Bampton,full-grid,818,12,13,41,1.0005147010364432,0.99762166063252122,-0.076030843917807706,0,0,1,UNSTABLE,1.9244954441584153e-16,1.4054849545799591e-16,1
B3_D2_Craig_Bampton,B3,2,Craig_Bampton,full-grid,819,12,14,42,1.0006665913804635,0.99779820824954513,-0.075712368335646846,0,0,1,UNSTABLE,1.6923972050087381e-16,1.4054849545799591e-16,1
B3_D2_Craig_Bampton,B3,2,Craig_Bampton,full-grid,820,12,15,43,1.000793532813874,0.99795024703309099,-0.075385673497470967,0,0,1,UNSTABLE,1.9807473363889968e-16,1.4054849545799591e-16,1
B3_D2_Craig_Bampton,B3,2,Craig_Bampton,full-grid,821,12,16,44,1.0008958766900922,0.99807797468731674,-0.075052730924945452,0,0,1,UNSTABLE,2.8547034495576898e-16,1.4054849545799591e-16,1
B3_D2_Craig_Bampton,B3,2,Craig_Bampton,full-grid,822,12,17,45,1.0009741111280173,0.99818173902420215,-0.074715373432405738,0,0,1,UNSTABLE,3.2933915867767131e-16,1.4054849545799591e-16,1
B3_D2_Craig_Bampton,B3,2,Craig_Bampton,full-grid,823,12,18,46,1.0010288334838724,0.99826201055790276,-0.074375289868182357,0,0,1,UNSTABLE,2.0244166210380214e-16,1.4054849545799591e-16,1
B3_D2_Craig_Bampton,B3,2,Craig_Bampton,full-grid,824,12,19,47,1.0010607250414074,0.99831935699628294,-0.074034023711783137,0,0,1,UNSTABLE,3.5269404666481504e-16,1.4054849545799591e-16,1
B3_D2_Craig_Bampton,B3,2,Craig_Bampton,full-grid,825,12,20,48,1.001070528165263,0.99835441994426843,-0.073692974826788327,0,0,1,UNSTABLE,2.0221267370546348e-16,1.4054849545799591e-16,1
B3_D2_Craig_Bampton,B3,2,Craig_Bampton,full-grid,826,12,21,49,1.0010590260198313,0.9983678939850591,-0.073353403708425149,0,0,1,UNSTABLE,2.4537673809334612e-16,1.4054849545799591e-16,1
B3_D2_Craig_Bampton,B3,2,Craig_Bampton,full-grid,827,12,22,50,1.0010270248392457,0.99836050818126898,-0.07301643761886846,0,0,1,UNSTABLE,3.1321703841655528e-16,1.4054849545799591e-16,1
B3_D2_Craig_Bampton,B3,2,Craig_Bampton,full-grid,828,12,23,51,1.0009753386450098,0.99833300994043772,-0.072683078077072361,0,0,1,UNSTABLE,2.1647365341646451e-16,1.4054849545799591e-16,1
B3_D2_Craig_Bampton,B3,2,Craig_Bampton,full-grid,829,12,24,52,1.0009047762430874,0.99828615111651242,-0.072354209243173026,0,0,1,UNSTABLE,1.0591527157370654e-16,1.4054849545799591e-16,1
B3_D2_Craig_Bampton,B3,2,Craig_Bampton,full-grid,830,12,25,53,1.0008161302890197,0.99822067616746124,-0.072030606817273968,0,0,1,UNSTABLE,3.0098139184587226e-16,1.4054849545799591e-16,1
B3_D2_Craig_Bampton,B3,2,Craig_Bampton,full-grid,831,12,26,54,1.0007101681852693,0.99813731215769208,-0.071712947143508315,0,0,1,UNSTABLE,2.9784044278631987e-16,1.4054849545799591e-16,1
B3_D2_Craig_Bampton,B3,2,Craig_Bampton,full-grid,832,12,27,55,1.0005876245636345,0.99803676037591904,-0.071401816281080638,0,0,1,UNSTABLE,3.1998652455727882e-16,1.4054849545799591e-16,1
B3_D2_Craig_Bampton,B3,2,Craig_Bampton,full-grid,833,12,28,56,1.0004491951059782,0.99791968933432162,-0.071097718859966519,0,0,1,UNSTABLE,1.3496727944363058e-16,1.4054849545799591e-16,1
B3_D2_Craig_Bampton,B3,2,Craig_Bampton,full-grid,834,12,29,57,1.0002955314629389,0.9977867289165131,-0.070801086593416412,0,0,1,UNSTABLE,2.6905160382868839e-16,1.4054849545799591e-16,1
B3_D2_Craig_Bampton,B3,2,Craig_Bampton,full-grid,835,12,30,58,1.0001272370414889,0.99763846544961132,-0.070512286359096232,0,0,1,UNSTABLE,2.5671304399502087e-16,1.4054849545799591e-16,1
B3_D2_Craig_Bampton,B3,2,Craig_Bampton,full-grid,836,12,31,59,0.99994486344498246,0.99747543748556811,-0.070231627796735863,1,0,-1,STABLE,1.6279076725810832e-16,1.4054849545799591e-16,1
B3_D2_Craig_Bampton,B3,2,Craig_Bampton,full-grid,837,12,32,60,0.99974890736192434,0.99729813208734774,-0.069959370397743373,1,0,-1,STABLE,2.9161267727096122e-16,1.4054849545799591e-16,1
B3_D2_Craig_Bampton,B3,2,Craig_Bampton,full-grid,838,12,33,61,0.99953980771013751,0.99710698142472576,-0.069695730079326668,1,0,-1,STABLE,2.7674957569961568e-16,1.4054849545799591e-16,1
B3_D2_Craig_Bampton,B3,2,Craig_Bampton,full-grid,839,12,34,62,0.99931794285031428,0.99690235949033235,-0.069440885256399174,1,0,-1,STABLE,4.2115977663514981e-16,1.4054849545799591e-16,1
B3_D2_Craig_Bampton,B3,2,Craig_Bampton,full-grid,840,12,35,63,0.99908362768551728,0.99668457874903615,-0.069194982427266488,1,0,-1,STABLE,3.8058194898824384e-16,1.4054849545799591e-16,1
B3_D2_Craig_Bampton,B3,2,Craig_Bampton,full-grid,841,12,36,64,0.99895607562598621,0.99871115978948999,-0.022119230140369987,1,0,-1,STABLE,2.7074920578931835e-16,1.4054849545799591e-16,1
B3_D2_Craig_Bampton,B3,2,Craig_Bampton,full-grid,842,12,37,65,0.99904512278458113,0.99880115967681027,-0.022077155340250097,1,0,-1,STABLE,4.023314121719493e-16,1.4054849545799591e-16,1
B3_D2_Craig_Bampton,B3,2,Craig_Bampton,full-grid,843,12,38,66,0.99913312465050275,0.99889014972601098,-0.022033373646005595,1,0,-1,STABLE,3.3900944631220327e-16,1.4054849545799591e-16,1
B3_D2_Craig_Bampton,B3,2,Craig_Bampton,full-grid,844,12,39,67,0.99922003618174182,0.99897808382727205,-0.021987922590214502,1,0,-1,STABLE,4.13288288069961e-16,1.4054849545799591e-16,1
B3_D2_Craig_Bampton,B3,2,Craig_Bampton,full-grid,845,12,40,68,0.99930581411117014,0.99906491760156446,-0.021940841692330227,1,0,-1,STABLE,1.9249877052213478e-16,1.4054849545799591e-16,1
B3_D2_Craig_Bampton,B3,2,Craig_Bampton,full-grid,846,12,41,69,0.99939041707440934,0.99915060853192039,-0.021892172355779668,1,0,-1,STABLE,1.4497301596566223e-16,1.4054849545799591e-16,1
B3_D2_Craig_Bampton,B3,2,Craig_Bampton,full-grid,847,12,42,70,0.99947380572871325,0.99923511608597915,-0.021841957752843394,1,0,-1,STABLE,2.907290212094682e-16,1.4054849545799591e-16,1
B3_D2_Craig_Bampton,B3,2,Craig_Bampton,full-grid,848,12,43,71,0.99955594286183624,0.9993184018287371,-0.021790242698808616,1,0,-1,STABLE,1.234693282766225e-16,1.4054849545799591e-16,1
B3_D2_Craig_Bampton,B3,2,Craig_Bampton,full-grid,849,12,44,72,0.99963679348952905,0.99940042952410724,-0.021737073516398767,1,0,-1,STABLE,9.7504534901584096e-17,1.4054849545799591e-16,1
B3_D2_Craig_Bampton,B3,2,Craig_Bampton,full-grid,850,12,45,73,0.99971632494095763,0.99948116522455477,-0.021682497891635101,1,0,-1,STABLE,3.369938297815961e-16,1.4054849545799591e-16,1
B3_D2_Craig_Bampton,B3,2,Craig_Bampton,full-grid,851,12,46,74,0.99979450693107774,0.99956057734779069,-0.021626564722769994,1,0,-1,STABLE,2.4678058740049992e-16,1.4054849545799591e-16,1
B3_D2_Craig_Bampton,B3,2,Craig_Bampton,full-grid,852,12,47,75,0.99987131161952214,0.99963863674004516,-0.021569323963624043,1,0,-1,STABLE,1.6239907427299314e-16,1.4054849545799591e-16,1
B3_D2_Craig_Bampton,B3,2,Craig_Bampton,full-grid,853,12,48,76,0.99994671365551424,0.99971531672539404,-0.021510826462686736,1,0,-1,STABLE,3.9159233004602855e-16,1.4054849545799591e-16,1
B3_D2_Craig_Bampton,B3,2,Craig_Bampton,full-grid,854,12,49,77,1.0000206902087787,0.99979059314106156,-0.021451123800077306,0,0,1,UNSTABLE,2.7522712481202077e-16,1.4054849545799591e-16,1
B3_D2_Craig_Bampton,B3,2,Craig_Bampton,full-grid,855,12,50,78,1.0000932209862508,0.99986444435847588,-0.021390268122912857,0,0,1,UNSTABLE,3.504421105279847e-16,1.4054849545799591e-16,1
B3_D2_Craig_Bampton,B3,2,Craig_Bampton,full-grid,856,12,51,79,1.0001642882350323,0.99993685129047094,-0.021328311981667219,0,0,1,UNSTABLE,3.9614480322083017e-16,1.4054849545799591e-16,1
B3_D2_Craig_Bampton,B3,2,Craig_Bampton,full-grid,857,12,52,80,1.0002338767317522,1.0000077973847659,-0.021265308168456412,0,0,1,UNSTABLE,3.916491465477956e-16,1.4054849545799591e-16,1
B3_D2_Craig_Bampton,B3,2,Craig_Bampton,full-grid,858,12,53,81,1.0003019737590393,1.0000772686044095,-0.021201309557981326,0,0,1,UNSTABLE,3.4618247479111938e-16,1.4054849545799591e-16,1
B3_D2_Craig_Bampton,B3,2,Craig_Bampton,full-grid,859,12,54,82,1.0003685690696755,1.0001452533957007,-0.02113636895400163,0,0,1,UNSTABLE,2.0279682886034687e-16,1.4054849545799591e-16,1
B3_D2_Craig_Bampton,B3,2,Craig_Bampton,full-grid,860,12,55,83,1.0004336548392945,1.0002117426444652,-0.0210705389402016,0,0,1,UNSTABLE,2.0835095563496334e-16,1.4054849545799591e-16,1
B3_D2_Craig_Bampton,B3,2,Craig_Bampton,full-grid,861,12,56,84,1.0004972256084583,1.0002767296214581,-0.02100387173886243,0,0,1,UNSTABLE,2.3286375352872986e-16,1.4054849545799591e-16,1
B3_D2_Craig_Bampton,B3,2,Craig_Bampton,full-grid,862,12,57,85,1.0005592782151878,1.0003402099179852,-0.020936419076308228,0,0,1,UNSTABLE,3.3157727885717351e-16,1.4054849545799591e-16,1
B3_D2_Craig_Bampton,B3,2,Craig_Bampton,full-grid,863,12,58,86,1.0006198117189216,1.0004021813726895,-0.020868232056754654,0,0,1,UNSTABLE,1.8529194164303754e-16,1.4054849545799591e-16,1
B3_D2_Craig_Bampton,B3,2,Craig_Bampton,full-grid,864,12,59,87,1.0006788273168552,1.0004626439904498,-0.020799361044875314,0,0,1,UNSTABLE,3.4774251890359018e-16,1.4054849545799591e-16,1
B3_D2_Craig_Bampton,B3,2,Craig_Bampton,full-grid,865,12,60,88,1.0007363282540891,1.0005215998548107,-0.020729855557768611,0,0,1,UNSTABLE,4.8132329736490816e-16,1.4054849545799591e-16,1
B3_D2_Craig_Bampton,B3,2,Craig_Bampton,full-grid,866,12,61,89,1.0007923197282282,1.0005790530345973,-0.020659764166044897,0,0,1,UNSTABLE,2.6021977134346563e-16,1.4054849545799591e-16,1
B3_D2_Craig_Bampton,B3,2,Craig_Bampton,full-grid,867,12,62,90,1.0008468087898434,1.0006350094861085,-0.020589134405043438,0,0,1,UNSTABLE,3.6003190192412938e-16,1.4054849545799591e-16,1
B3_D2_Craig_Bampton,B3,2,Craig_Bampton,full-grid,868,12,63,91,1.0008998042396298,1.0006894769517489,-0.020518012695303917,0,0,1,UNSTABLE,1.9962797644499046e-16,1.4054849545799591e-16,1
B3_D2_Craig_Bampton,B3,2,Craig_Bampton,full-grid,869,12,64,92,1.0009513165233099,1.0007424648561385,-0.020446444272974932,0,0,1,UNSTABLE,2.7023479707567604e-16,1.4054849545799591e-16,1
B3_D2_Craig_Bampton,B3,2,Craig_Bampton,full-grid,870,12,65,93,1.0010013576252395,1.0007939842006743,-0.020374473129703499,0,0,1,UNSTABLE,2.3673207101757759e-16,1.4054849545799591e-16,1
B3_D2_Craig_Bampton,B3,2,Craig_Bampton,full-grid,871,12,66,94,1.0010499409614637,1.0008440474573095,-0.020302141961396403,0,0,1,UNSTABLE,1.4593098003014048e-16,1.4054849545799591e-16,1
B3_D2_Craig_Bampton,B3,2,Craig_Bampton,full-grid,872,13,0,29,0.9973349720741993,0.99425205717197673,-0.078357471446799332,1,0,-1,STABLE,2.1673387219993668e-16,1.2758564174579434e-16,1
B3_D2_Craig_Bampton,B3,2,Craig_Bampton,full-grid,873,13,1,30,0.99772443029373725,0.99464488260779682,-0.078330047281261611,1,0,-1,STABLE,2.238844383030211e-16,1.4054849545799591e-16,1
B3_D2_Craig_Bampton,B3,2,Craig_Bampton,full-grid,874,13,2,31,0.9981066734548899,0.9950330673816874,-0.078269575265084074,1,0,-1,STABLE,2.7685463467196181e-16,1.4054849545799591e-16,1
B3_D2_Craig_Bampton,B3,2,Craig_Bampton,full-grid,875,13,3,32,0.99847860105944364,0.99541341360083169,-0.078177060555914737,1,0,-1,STABLE,1.6143899770117735e-16,1.4054849545799591e-16,1
B3_D2_Craig_Bampton,B3,2,Craig_Bampton,full-grid,876,13,4,33,0.99883737912018677,0.99578296023561252,-0.078053866221247437,1,0,-1,STABLE,2.1501418131098216e-16,1.4054849545799591e-16,1
B3_D2_Craig_Bampton,B3,2,Craig_Bampton,full-grid,877,13,5,34,0.99918047493992723,0.99613902317396086,-0.077901656023511859,1,0,-1,STABLE,3.0566481194436956e-16,1.4054849545799591e-16,1
B3_D2_Craig_Bampton,B3,2,Craig_Bampton,full-grid,878,13,6,35,0.999505678229196,0.99647922176808956,-0.077722335250992078,1,0,-1,STABLE,2.1322646123465302e-16,1.4054849545799591e-16,1
B3_D2_Craig_Bampton,B3,2,Craig_Bampton,full-grid,879,13,7,36,0.99981111013862489,0.99680149318212874,-0.077517992405042008,1,0,-1,STABLE,2.8964725304751974e-16,1.4054849545799591e-16,1
B3_D2_Craig_Bampton,B3,2,Craig_Bampton,full-grid,880,13,8,37,1.0000952220609252,0.99710409619691642,-0.077290843807151149,0,0,1,UNSTABLE,2.2745424080024141e-16,1.4054849545799591e-16,1
B3_D2_Craig_Bampton,B3,2,Craig_Bampton,full-grid,881,13,9,38,1.0003567860930986,0.99738560622654782,-0.077043182531715951,0,0,1,UNSTABLE,1.8750719278543874e-16,1.4054849545799591e-16,1
B3_D2_Craig_Bampton,B3,2,Craig_Bampton,full-grid,882,13,10,39,1.0005948789448076,0.99764490324821398,-0.076777332549624877,0,0,1,UNSTABLE,2.6372276248363328e-16,1.4054849545799591e-16,1
B3_D2_Craig_Bampton,B3,2,Craig_Bampton,full-grid,883,13,11,40,1.000808860912592,0.99788115422116941,-0.07649560857583157,0,0,1,UNSTABLE,1.2604946758418417e-16,1.4054849545799594e-16,1
B3_D2_Craig_Bampton,B3,2,Craig_Bampton,full-grid,884,13,12,41,1.0009983513546321,0.99809379141704557,-0.076200281819943566,0,0,1,UNSTABLE,3.0214264662655854e-16,1.4054849545799591e-16,1
B3_D2_Craig_Bampton,B3,2,Craig_Bampton,full-grid,885,13,13,42,1.0011632019238448,0.9982824879304123,-0.075893551622463751,0,0,1,UNSTABLE,2.03263058098095e-16,1.4054849545799591e-16,1
B3_D2_Craig_Bampton,B3,2,Craig_Bampton,full-grid,886,13,14,43,1.0013034686481808,0.99844713148772501,-0.075577522788271997,0,0,1,UNSTABLE,2.938915572491971e-16,1.4054849545799591e-16,1
B3_D2_Craig_Bampton,B3,2,Craig_Bampton,full-grid,887,13,15,44,1.0014193837877539,0.99858779752705673,-0.075254188294783239,0,0,1,UNSTABLE,2.2339820122678074e-16,1.4054849545799591e-16,1
B3_D2_Craig_Bampton,B3,2,Craig_Bampton,full-grid,888,13,16,45,1.0015113282413481,0.99870472237346486,-0.07492541694705436,0,0,1,UNSTABLE,1.6281804458206668e-16,1.4054849545799591e-16,1
B3_D2_Craig_Bampton,B3,2,Craig_Bampton,full-grid,889,13,17,46,1.0015798051232083,0.9987982771892292,-0.074592945473897138,0,0,1,UNSTABLE,7.6504976308511935e-16,1.4054849545799591e-16,1
B3_D2_Craig_Bampton,B3,2,Craig_Bampton,full-grid,890,13,18,47,1.0016254149802475,0.99886894323026598,-0.07425837450688344,0,0,1,UNSTABLE,2.4238976971064841e-16,1.4054849545799591e-16,1
B3_D2_Craig_Bampton,B3,2,Craig_Bampton,full-grid,891,13,19,48,1.0016488329804212,0.99891728880016839,-0.073923167864752462,0,0,1,UNSTABLE,1.7459275812534354e-16,1.4054849545799591e-16,1
B3_D2_Craig_Bampton,B3,2,Craig_Bampton,full-grid,892,13,20,49,1.0016507882720636,0.99894394816004206,-0.073588654563549974,0,0,1,UNSTABLE,3.1450106627154649e-16,1.4054849545799591e-16,1
B3_D2_Craig_Bampton,B3,2,Craig_Bampton,full-grid,893,13,21,50,1.0016320456018399,0.99894960253519782,-0.073256033002726165,0,0,1,UNSTABLE,1.8334586244439518e-16,1.4054849545799591e-16,1
B3_D2_Craig_Bampton,B3,2,Craig_Bampton,full-grid,894,13,22,51,1.0015933891828581,0.99893496325812925,-0.072926376814457336,0,0,1,UNSTABLE,2.5221771036347595e-16,1.4054849545799591e-16,1
B3_D2_Craig_Bampton,B3,2,Craig_Bampton,full-grid,895,13,23,52,1.0015356087297154,0.99890075700556236,-0.072600641920824965,0,0,1,UNSTABLE,1.7746704492363471e-16,1.4054849545799591e-16,1
B3_D2_Craig_Bampton,B3,2,Craig_Bampton,full-grid,896,13,24,53,1.0014594875199523,0.99884771302330422,-0.072279674403255473,0,0,1,UNSTABLE,3.0291283775216807e-16,1.4054849545799591e-16,1
B3_D2_Craig_Bampton,B3,2,Craig_Bampton,full-grid,897,13,25,54,1.0013657923030597,0.99877655218771055,-0.071964218850509035,0,0,1,UNSTABLE,1.7382684745855525e-16,1.4054849545799591e-16,1
B3_D2_Craig_Bampton,B3,2,Craig_Bampton,full-grid,898,13,26,55,1.0012552648530926,0.9986879777211235,-0.071654926915945993,0,0,1,UNSTABLE,1.9453269790574014e-16,1.4054849545799591e-16,1
B3_D2_Craig_Bampton,B3,2,Craig_Bampton,full-grid,899,13,27,56,1.0011286149496705,0.99858266736210477,-0.07135236586848312,0,0,1,UNSTABLE,3.0001698091033838e-16,1.4054849545799594e-16,1
B3_D2_Craig_Bampton,B3,2,Craig_Bampton,full-grid,900,13,28,57,1.00098651456898,0.99846126678308056,-0.071057026977500423,0,0,1,UNSTABLE,2.6495704309890927e-16,1.4054849545799591e-16,1
B3_D2_Craig_Bampton,B3,2,Craig_Bampton,full-grid,901,13,29,58,1.0008295930700444,0.99832438404778823,-0.070769333615306615,0,0,1,UNSTABLE,2.1052120705594711e-16,1.4054849545799591e-16,1
B3_D2_Craig_Bampton,B3,2,Craig_Bampton,full-grid,902,13,30,59,1.0006584331693067,0.99817258490551564,-0.070489648998222396,0,0,1,UNSTABLE,2.4079761673662647e-16,1.4054849545799591e-16,1
B3_D2_Craig_Bampton,B3,2,Craig_Bampton,full-grid,903,13,31,60,1.0004735675058991,0.99800638872567338,-0.070218283521607361,0,0,1,UNSTABLE,3.4829410117863046e-16,1.4054849545799591e-16,1
B3_D2_Craig_Bampton,B3,2,Craig_Bampton,full-grid,904,13,32,61,1.000275475609121,0.99782626488355275,-0.069955501667783082,0,0,1,UNSTABLE,2.7162389689260309e-16,1.4054849545799591e-16,1
B3_D2_Craig_Bampton,B3,2,Craig_Bampton,full-grid,905,13,33,62,1.0000645810881184,0.99763262941494169,-0.069701528488141817,0,0,1,UNSTABLE,2.0569123834688998e-16,1.4054849545799591e-16,1
B3_D2_Craig_Bampton,B3,2,Craig_Bampton,full-grid,906,13,34,63,0.99984124886742975,0.99742584175999749,-0.069456555674333939,1,0,-1,STABLE,3.1077800525312526e-16,1.4054849545799591e-16,1
B3_D2_Craig_Bampton,B3,2,Craig_Bampton,full-grid,907,13,35,64,0.99960578229334029,0.99720620141713967,-0.069220747247340633,1,0,-1,STABLE,3.5358201511325439e-16,1.4054849545799591e-16,1
B3_D2_Craig_Bampton,B3,2,Craig_Bampton,full-grid,908,13,36,65,0.99935841992988839,0.9969739443211556,-0.068994244901153967,1,0,-1,STABLE,2.5613468829240543e-16,1.4054849545799591e-16,1
B3_D2_Craig_Bampton,B3,2,Craig_Bampton,full-grid,909,13,37,66,0.99909933185084132,0.99672923874685826,-0.068777173043865839,1,0,-1,STABLE,2.0593437997651936e-16,1.4054849545799591e-16,1
B3_D2_Craig_Bampton,B3,2,Craig_Bampton,full-grid,910,13,38,67,0.99913764840634722,0.99889473956280828,-0.022030427520020893,1,0,-1,STABLE,2.2350821190488287e-16,1.4054849545799591e-16,1
B3_D2_Craig_Bampton,B3,2,Craig_Bampton,full-grid,911,13,39,68,0.99922443366611746,0.99898254844240975,-0.021984920806812091,1,0,-1,STABLE,2.6822074199748137e-16,1.4054849545799591e-16,1
B3_D2_Craig_Bampton,B3,2,Craig_Bampton,full-grid,912,13,40,69,0.99931008503357743,0.99906925656769952,-0.021937790022694862,1,0,-1,STABLE,2.7444114515325814e-16,1.4054849545799591e-16,1
B3_D2_Craig_Bampton,B3,2,Craig_Bampton,full-grid,913,13,41,70,0.99939456146295491,0.99915482174288373,-0.02188907649212787,1,0,-1,STABLE,1.7052400858259711e-16,1.4054849545799591e-16,1
B3_D2_Craig_Bampton,B3,2,Craig_Bampton,full-grid,914,13,42,71,0.99947782391814255,0.99923920374530328,-0.021838823287848124,1,0,-1,STABLE,2.2305967445185919e-16,1.4054849545799591e-16,1
B3_D2_Craig_Bampton,B3,2,Craig_Bampton,full-grid,915,13,43,72,0.99955983548003191,0.99932236443661071,-0.021787075106356961,1,0,-1,STABLE,2.3178670297745616e-16,1.4054849545799594e-16,1
B3_D2_Craig_Bampton,B3,2,Craig_Bampton,full-grid,916,13,44,73,0.99964056144277447,0.99940426786305558,-0.021733878133813923,1,0,-1,STABLE,1.7844909341497976e-16,1.4054849545799591e-16,1
B3_D2_Craig_Bampton,B3,2,Craig_Bampton,full-grid,917,13,45,74,0.99971996939804242,0.99948488034391325,-0.02167927990354751,1,0,-1,STABLE,2.0111181905209803e-16,1.4054849545799591e-16,1
B3_D2_Craig_Bampton,B3,2,Craig_Bampton,full-grid,918,13,46,75,0.99979802930645789,0.99956417054719093,-0.021623329146616573,1,0,-1,STABLE,3.0623916611159408e-16,1.4054849545799591e-16,1
B3_D2_Craig_Bampton,B3,2,Craig_Bampton,full-grid,919,13,47,76,0.99987471355582103,0.99964210955219179,-0.021566075636955027,1,0,-1,STABLE,3.9925629481203006e-16,1.4054849545799591e-16,1
B3_D2_Craig_Bampton,B3,2,Craig_Bampton,full-grid,920,13,48,77,0.99994999700533982,0.99971867089811539,-0.021507570032085786,1,0,-1,STABLE,7.0017062799365454e-16,1.4054849545799591e-16,1
B3_D2_Craig_Bampton,B3,2,Craig_Bampton,full-grid,921,13,49,78,1.0000238570163258,0.99979383061909499,-0.021447863711933364,0,0,1,UNSTABLE,2.864896427389306e-16,1.4054849545799591e-16,1
B3_D2_Craig_Bampton,B3,2,Craig_Bampton,full-grid,922,13,50,79,1.0000962734686365,0.99986756726494153,-0.021387008616014159,0,0,1,UNSTABLE,2.1582502420626604e-16,1.4054849545799591e-16,1
B3_D2_Craig_Bampton,B3,2,Craig_Bampton,full-grid,923,13,51,80,1.0001672287636922,0.99993986190836193,-0.021325057081519098,0,0,1,UNSTABLE,3.1649565378177178e-16,1.4054849545799591e-16,1
B3_D2_Craig_Bampton,B3,2,Craig_Bampton,full-grid,924,13,52,81,1.0002367078139818,1.000010698138547,-0.021262061682918269,0,0,1,UNSTABLE,2.6940352203069314e-16,1.4054849545799591e-16,1
B3_D2_Craig_Bampton,B3,2,Craig_Bampton,full-grid,925,13,53,82,1.0003046980198429,1.0000800620418739,-0.021198075075123651,0,0,1,UNSTABLE,5.028604065915307e-16,1.4054849545799591e-16,1
B3_D2_Craig_Bampton,B3,2,Craig_Bampton,full-grid,926,13,54,83,1.0003711892341476,1.000147942170333,-0.021133149840739281,0,0,1,UNSTABLE,3.9977036433361721e-16,1.4054849545799591e-16,1
B3_D2_Craig_Bampton,B3,2,Craig_Bampton,full-grid,927,13,55,84,1.000436173715459,1.0002143294982164,-0.021067338343071545,0,0,1,UNSTABLE,2.2713130154524857e-16,1.4054849545799591e-16,1
B3_D2_Craig_Bampton,B3,2,Craig_Bampton,full-grid,928,13,56,85,1.0004996460709421,1.0002792173683344,-0.021000692585554905,0,0,1,UNSTABLE,2.4960665455858863e-16,1.4054849545799591e-16,1
B3_D2_Craig_Bampton,B3,2,Craig_Bampton,full-grid,929,13,57,86,1.0005616031895461,1.0003426014282564,-0.020933264078565869,0,0,1,UNSTABLE,2.4545666467392603e-16,1.4054849545799591e-16,1
B3_D2_Craig_Bampton,B3,2,Craig_Bampton,full-grid,930,13,58,87,1.0006220441668601,1.0004044795579705,-0.020865103714374764,0,0,1,UNSTABLE,1.1419113024632335e-16,1.4054849545799591e-16,1
B3_D2_Craig_Bampton,B3,2,Craig_Bampton,full-grid,931,13,59,88,1.0006809702224442,1.0004648517897508,-0.02079626165070567,0,0,1,UNSTABLE,3.2773233964667228e-16,1.4054849545799594e-16,1
B3_D2_Craig_Bampton,B3,2,Craig_Bampton,full-grid,932,13,60,89,1.0007383846107618,1.0005237202213573,-0.020726787203335061,0,0,1,UNSTABLE,1.4033337325115305e-16,1.4054849545799591e-16,1
B3_D2_Craig_Bampton,B3,2,Craig_Bampton,full-grid,933,13,61,90,1.000794292526854,1.0005810889237075,-0.020656728748129377,0,0,1,UNSTABLE,2.2715380305320602e-16,1.4054849545799591e-16,1
B3_D2_Craig_Bampton,B3,2,Craig_Bampton,full-grid,934,13,62,91,1.0008487010077767,1.000636963844038,-0.020586133632607573,0,0,1,UNSTABLE,3.2136041510205329e-16,1.4054849545799591e-16,1
B3_D2_Craig_Bampton,B3,2,Craig_Bampton,full-grid,935,13,63,92,1.0009016188307311,1.0006913527054933,-0.020515048097141934,0,0,1,UNSTABLE,2.2911565690319597e-16,1.4054849545799591e-16,1
B3_D2_Craig_Bampton,B3,2,Craig_Bampton,full-grid,936,13,64,93,1.0009530564089448,1.0007442649042142,-0.020443517205526871,0,0,1,UNSTABLE,1.490646290300331e-16,1.4054849545799591e-16,1
B3_D2_Craig_Bampton,B3,2,Craig_Bampton,full-grid,937,13,65,94,1.0010030256861984,1.0007957114048112,-0.02037158478523355,0,0,1,UNSTABLE,2.1489465593188161e-16,1.4054849545799591e-16,1
B3_D2_Craig_Bampton,B3,2,Craig_Bampton,full-grid,938,13,66,95,1.0010515400308575,1.0008457046351196,-0.020299293376431084,0,0,1,UNSTABLE,1.8531370762026021e-16,1.4054849545799591e-16,1
B3_D2_Craig_Bampton,B3,2,Craig_Bampton,full-grid,939,14,0,30,0.99817100638462231,0.99509871669387362,-0.078255364168185515,1,0,-1,STABLE,2.0437439871698871e-16,1.2758564174579434e-16,1
B3_D2_Craig_Bampton,B3,2,Craig_Bampton,full-grid,940,14,1,31,0.9985513438845981,0.99548357589670322,-0.07821276426293608,1,0,-1,STABLE,2.7712234761451753e-16,1.4054849545799591e-16,1
B3_D2_Craig_Bampton,B3,2,Craig_Bampton,full-grid,941,14,2,32,0.99892287113309342,0.99586208637080575,-0.078138386225776138,1,0,-1,STABLE,3.7844159003545294e-16,1.4054849545799591e-16,1
B3_D2_Craig_Bampton,B3,2,Craig_Bampton,full-grid,942,14,3,33,0.99928275431156588,0.99623130190308218,-0.078033429842594412,1,0,-1,STABLE,2.4576853224142231e-16,1.4054849545799591e-16,1
B3_D2_Craig_Bampton,B3,2,Craig_Bampton,full-grid,943,14,4,34,0.99962843856813954,0.99658853062910846,-0.077899395457804901,1,0,-1,STABLE,2.4180467565455472e-16,1.4054849545799591e-16,1
B3_D2_Craig_Bampton,B3,2,Craig_Bampton,full-grid,944,14,5,35,0.99995766936998098,0.9969313614584292,-0.077738028483405996,1,0,-1,STABLE,2.0466090183877027e-16,1.4054849545799591e-16,1
B3_D2_Craig_Bampton,B3,2,Craig_Bampton,full-grid,945,14,6,36,1.0002685025346811,0.99725767907147822,-0.077551264953848814,0,0,1,UNSTABLE,2.2899462647675235e-16,1.4054849545799591e-16,1
B3_D2_Craig_Bampton,B3,2,Craig_Bampton,full-grid,946,14,7,37,1.0005593048756163,0.99756566924628487,-0.07734117993920335,0,0,1,UNSTABLE,1.9021153481176446e-16,1.4054849545799591e-16,1
B3_D2_Craig_Bampton,B3,2,Craig_Bampton,full-grid,947,14,8,38,1.0008287473222748,0.99785381626191083,-0.077109939944304345,0,0,1,UNSTABLE,2.9758608581402107e-16,1.4054849545799591e-16,1
B3_D2_Craig_Bampton,B3,2,Craig_Bampton,full-grid,948,14,9,39,1.0010757921668563,0.99812089396380477,-0.076859759922822346,0,0,1,UNSTABLE,2.0970454063355118e-16,1.4054849545799591e-16,1
B3_D2_Craig_Bampton,B3,2,Craig_Bampton,full-grid,949,14,10,40,1.0012996758409116,0.99836595186323152,-0.076592865198650273,0,0,1,UNSTABLE,2.6740921387562027e-16,1.4054849545799591e-16,1
B3_D2_Craig_Bampton,B3,2,Craig_Bampton,full-grid,950,14,11,41,1.0014998884021442,0.99858829744196043,-0.076311458389117001,0,0,1,UNSTABLE,4.0975944423338525e-16,1.4054849545799591e-16,1
B3_D2_Craig_Bampton,B3,2,Craig_Bampton,full-grid,951,14,12,42,1.0016761507280065,0.9987874756663494,-0.076017691291680345,0,0,1,UNSTABLE,3.6542425838095835e-16,1.4054849545799591e-16,1
B3_D2_Craig_Bampton,B3,2,Craig_Bampton,full-grid,952,14,13,43,1.001828390275515,0.99896324658887581,-0.075713641615251348,0,0,1,UNSTABLE,3.7252176659924629e-16,1.4054849545799591e-16,1
B3_D2_Craig_Bampton,B3,2,Craig_Bampton,full-grid,953,14,14,44,1.0019567161573124,0.99911556181515837,-0.075401294362402074,0,0,1,UNSTABLE,2.3489327101609679e-16,1.4054849545799591e-16,1
B3_D2_Craig_Bampton,B3,2,Craig_Bampton,full-grid,954,14,15,45,1.0020613941908545,0.99924454052857614,-0.075082527604988444,0,0,1,UNSTABLE,1.7927427729835026e-16,1.4054849545799591e-16,1
B3_D2_Craig_Bampton,B3,2,Craig_Bampton,full-grid,955,14,16,46,1.0021428224874387,0.99935044568052622,-0.0747591023302413,0,0,1,UNSTABLE,2.7180441376789013e-16,1.4054849545799591e-16,1
B3_D2_Craig_Bampton,B3,2,Craig_Bampton,full-grid,956,14,17,47,1.0022015080541056,0.99943366086493413,-0.074432655978673337,0,0,1,UNSTABLE,4.2307614665508211e-16,1.4054849545799591e-16,1
B3_D2_Craig_Bampton,B3,2,Craig_Bampton,full-grid,957,14,18,48,1.0022380447842594,0.999494668300833,-0.074104699251686446,0,0,1,UNSTABLE,1.1987686629120209e-16,1.4054849545799591e-16,1
B3_D2_Craig_Bampton,B3,2,Craig_Bampton,full-grid,958,14,19,49,1.0022530931123619,0.99953402824699777,-0.073776615737145751,0,0,1,UNSTABLE,2.6887688207709952e-16,1.4054849545799591e-16,1
B3_D2_Craig_Bampton,B3,2,Craig_Bampton,full-grid,959,14,20,50,1.0022473615121921,0.99955236007503268,-0.073449663897003442,0,0,1,UNSTABLE,1.4701357802134266e-16,1.4054849545799591e-16,1
B3_D2_Craig_Bampton,B3,2,Craig_Bampton,full-grid,960,14,21,51,1.0022215899267026,0.99955032513334596,-0.073124980964304462,0,0,1,UNSTABLE,1.402884142943973e-16,1.4054849545799591e-16,1
B3_D2_Craig_Bampton,B3,2,Craig_Bampton,full-grid,961,14,22,52,1.0021765351399565,0.99952861145216687,-0.072803588329366842,0,0,1,UNSTABLE,1.4869395928533741e-16,1.4054849545799591e-16,1
B3_D2_Craig_Bampton,B3,2,Craig_Bampton,full-grid,962,14,23,53,1.0021129580353159,0.99948792026884115,-0.072486398027198862,0,0,1,UNSTABLE,1.1084678914675395e-16,1.4054849545799591e-16,1
B3_D2_Craig_Bampton,B3,2,Craig_Bampton,full-grid,963,14,24,54,1.002031612632724,0.99942895429568657,-0.072174219987250571,0,0,1,UNSTABLE,2.6202000078323329e-16,1.4054849545799591e-16,1
B3_D2_Craig_Bampton,B3,2,Craig_Bampton,full-grid,964,14,25,55,1.0019332367608316,0.99935240761037847,-0.071867769753738805,0,0,1,UNSTABLE,1.8324189361073331e-16,1.4054849545799591e-16,1
B3_D2_Craig_Bampton,B3,2,Craig_Bampton,full-grid,965,14,26,56,1.0018185441948448,0.99925895701855505,-0.07156767643893347,0,0,1,UNSTABLE,2.6140517727448998e-16,1.4054849545799591e-16,1
B3_D2_Craig_Bampton,B3,2,Craig_Bampton,full-grid,966,14,27,57,1.0016882180763194,0.99914925471927885,-0.071274490715975497,0,0,1,UNSTABLE,1.9277060407157024e-16,1.4054849545799591e-16,1
B3_D2_Craig_Bampton,B3,2,Craig_Bampton,full-grid,967,14,28,58,1.0015429054257992,0.99902392209425073,-0.070988692706454914,0,0,1,UNSTABLE,1.6584993142618793e-16,1.4054849545799591e-16,1
B3_D2_Craig_Bampton,B3,2,Craig_Bampton,full-grid,968,14,29,59,1.0013832125591464,0.99888354443806859,-0.070710699657955636,0,0,1,UNSTABLE,2.691281368250505e-16,1.4054849545799591e-16,1
B3_D2_Craig_Bampton,B3,2,Craig_Bampton,full-grid,969,14,30,60,1.0012097012224679,0.99872866644814284,-0.070440873338548829,0,0,1,UNSTABLE,3.1561956167972721e-16,1.4054849545799591e-16,1
B3_D2_Craig_Bampton,B3,2,Craig_Bampton,full-grid,970,14,31,61,1.0010228852668048,0.9985597882963918,-0.070179527109721085,0,0,1,UNSTABLE,3.0406266223037308e-16,1.4054849545799591e-16,1
B3_D2_Craig_Bampton,B3,2,Craig_Bampton,full-grid,971,14,32,62,1.0008232276903604,0.99837736210975314,-0.069926932660610466,0,0,1,UNSTABLE,2.1856240000854907e-16,1.4054849545799591e-16,1
B3_D2_Craig_Bampton,B3,2,Craig_Bampton,full-grid,972,14,33,63,1.0006111378808262,0.99818178868967045,-0.069683326409207533,0,0,1,UNSTABLE,3.4044607777853984e-16,1.4054849545799591e-16,1
B3_D2_Craig_Bampton,B3,2,Craig_Bampton,full-grid,973,14,34,64,1.0003869688935463,0.99797341430272546,-0.069448915592527222,0,0,1,UNSTABLE,2.0426192888330303e-16,1.4054849545799591e-16,1
B3_D2_Craig_Bampton,B3,2,Craig_Bampton,full-grid,974,14,35,65,1.0001510145993615,0.99775252737171738,-0.069223884082608003,0,0,1,UNSTABLE,1.1672138480983707e-16,1.4054849545799591e-16,1
B3_D2_Craig_Bampton,B3,2,Craig_Bampton,full-grid,975,14,36,66,0.9999035065299009,0.99751935488965837,-0.069008397976705438,1,0,-1,STABLE,3.4562864080951211e-16,1.4054849545799591e-16,1
B3_D2_Craig_Bampton,B3,2,Craig_Bampton,full-grid,976,14,37,67,0.99964461023350437,0.99727405836376581,-0.068802611022831611,1,0,-1,STABLE,1.7463596909462355e-16,1.4054849545799591e-16,1
B3_D2_Craig_Bampton,B3,2,Craig_Bampton,full-grid,977,14,38,68,0.99937442093265905,0.99701672907364114,-0.068606669951144103,1,0,-1,STABLE,1.8887688698161987e-16,1.4054849545799591e-16,1
B3_D2_Craig_Bampton,B3,2,Craig_Bampton,full-grid,978,14,39,69,0.99922884655876287,0.99898702863696776,-0.021981910977840378,1,0,-1,STABLE,2.0688118838513478e-16,1.4054849545799591e-16,1
B3_D2_Craig_Bampton,B3,2,Craig_Bampton,full-grid,979,14,40,70,0.99931437090266229,0.99907361065526445,-0.021934730106314495,1,0,-1,STABLE,3.1894820797647797e-16,1.4054849545799591e-16,1
B3_D2_Craig_Bampton,B3,2,Craig_Bampton,full-grid,980,14,41,71,0.99939872033941302,0.99915904961967972,-0.021885972200361065,1,0,-1,STABLE,1.7432808644502603e-16,1.4054849545799591e-16,1
B3_D2_Craig_Bampton,B3,2,Craig_Bampton,full-grid,981,14,42,72,0.99948185614023843,0.9992433056179657,-0.021835680232527729,1,0,-1,STABLE,1.5101702877724553e-16,1.4054849545799591e-16,1
B3_D2_Craig_Bampton,B3,2,Craig_Bampton,full-grid,982,14,43,73,0.99956374167984718,0.99932634080912874,-0.021783898779914768,1,0,-1,STABLE,2.0429130804422269e-16,1.4054849545799591e-16,1
B3_D2_Craig_Bampton,B3,2,Craig_Bampton,full-grid,983,14,44,74,0.99964434253136825,0.99940811952234765,-0.021730673891440941,1,0,-1,STABLE,1.2318555523894708e-16,1.4054849545799591e-16,1
B3_D2_Craig_Bampton,B3,2,Craig_Bampton,full-grid,984,14,45,75,0.99972362654953151,0.99948860834427722,-0.021676052947142102,1,0,-1,STABLE,2.626930006005876e-16,1.4054849545799591e-16,1
B3_D2_Craig_Bampton,B3,2,Craig_Bampton,full-grid,985,14,46,76,0.99980156394118302,0.99956777619379311,-0.021620084510259055,1,0,-1,STABLE,3.0514888953504774e-16,1.4054849545799591e-16,1
B3_D2_Craig_Bampton,B3,2,Craig_Bampton,full-grid,986,14,47,77,0.99987812732265779,0.99964559438365741,-0.021562818174101991,1,0,-1,STABLE,1.8950634456283697e-16,1.4054849545799591e-16,1
B3_D2_Craig_Bampton,B3,2,Craig_Bampton,full-grid,987,14,48,78,0.9999532917637064,0.9997220366687638,-0.021504304404719735,1,0,-1,STABLE,3.2807197346468056e-16,1.4054849545799591e-16,1
B3_D2_Craig_Bampton,B3,2,Craig_Bampton,full-grid,988,14,49,79,1.0000270348175495,0.99979707928049344,-0.021444594381223502,0,0,1,UNSTABLE,3.5065897382552219e-16,1.4054849545799591e-16,1
B3_D2_Craig_Bampton,B3,2,Craig_Bampton,full-grid,989,14,50,80,1.000099336537376,0.99987070094746411,-0.02138373983489025,0,0,1,UNSTABLE,1.2631881549133979e-16,1.4054849545799591e-16,1
B3_D2_Craig_Bampton,B3,2,Craig_Bampton,full-grid,990,14,51,81,1.0001701794792532,0.99994288290260092,-0.021321792888889763,0,0,1,UNSTABLE,1.7182010932139612e-16,1.4054849545799591e-16,1
B3_D2_Craig_Bampton,B3,2,Craig_Bampton,full-grid,991,14,52,82,1.0002395486918374,1.0000136088768847,-0.021258805899664862,0,0,1,UNSTABLE,4.1847499063571669e-16,1.4054849545799591e-16,1
B3_D2_Craig_Bampton,B3,2,Craig_Bampton,full-grid,992,14,53,83,1.0003074316935046,1.000082865080367,-0.021194831301521333,0,0,1,UNSTABLE,1.4435992737159586e-16,1.4054849545799591e-16,1
B3_D2_Craig_Bampton,B3,2,Craig_Bampton,full-grid,993,14,54,84,1.0003738184373892,1.000150640170913,-0.02112992145549079,0,0,1,UNSTABLE,5.5189031870253821e-16,1.4054849545799591e-16,1
B3_D2_Craig_Bampton,B3,2,Craig_Bampton,full-grid,994,14,55,85,1.0004387012652869,1.000216925211602,-0.021064128503743767,0,0,1,UNSTABLE,2.463629279522746e-16,1.4054849545799591e-16,1
B3_D2_Craig_Bampton,B3,2,Craig_Bampton,full-grid,995,14,56,86,1.0005020748511109,1.0002817136174564,-0.020997504230334803,0,0,1,UNSTABLE,1.5654846810936039e-16,1.4054849545799591e-16,1
B3_D2_Craig_Bampton,B3,2,Craig_Bampton,full-grid,996,14,57,87,1.0005639361349712,1.0003450010925552,-0.020930099929105793,0,0,1,UNSTABLE,3.9668383905547768e-16,1.4054849545799591e-16,1
B3_D2_Craig_Bampton,B3,2,Craig_Bampton,full-grid,997,14,58,88,1.0006242842487529,1.0004067855583885,-0.020861966279852574,0,0,1,UNSTABLE,3.168266287838821e-16,1.4054849545799591e-16,1
B3_D2_Craig_Bampton,B3,2,Craig_Bampton,full-grid,998,14,59,89,1.0006831204344409,1.0004670670747007,-0.020793153232639479,0,0,1,UNSTABLE,4.7709777117377258e-16,1.4054849545799591e-16,1
B3_D2_Craig_Bampton,B3,2,Craig_Bampton,full-grid,999,14,60,90,1.0007404479559801,1.0005258477535988,-0.020723709901423543,0,0,1,UNSTABLE,6.1870625472739554e-16,1.4054849545799591e-16,1
B3_D2_Craig_Bampton,B3,2,Craig_Bampton,full-grid,1000,14,61,91,1.0007962720059456,1.0005831316682026,-0.020653684466714044,0,0,1,UNSTABLE,3.1657167447521095e-16,1.4054849545799591e-16,1
B3_D2_Craig_Bampton,B3,2,Craig_Bampton,full-grid,1001,14,62,92,1.0008505996078931,1.0006389247567125,-0.020583124087704154,0,0,1,UNSTABLE,2.8072787586673569e-16,1.4054849545799591e-16,1
B3_D2_Craig_Bampton,B3,2,Craig_Bampton,full-grid,1002,14,63,93,1.0009034395155407,1.0006932347230371,-0.020512074823973398,0,0,1,UNSTABLE,4.3121585305983071e-16,1.4054849545799591e-16,1
B3_D2_Craig_Bampton,B3,2,Craig_Bampton,full-grid,1003,14,64,94,1.0009548021095862,1.0007460709348128,-0.02044058156647675,0,0,1,UNSTABLE,2.281811442747685e-16,1.4054849545799591e-16,1
B3_D2_Craig_Bampton,B3,2,Craig_Bampton,full-grid,1004,14,65,95,1.0010046992932427,1.0007974443198842,-0.02036868797797067,0,0,1,UNSTABLE,3.6080403550884366e-16,1.4054849545799591e-16,1
B3_D2_Craig_Bampton,B3,2,Craig_Bampton,full-grid,1005,14,66,96,1.0010531443871189,1.0008473672619016,-0.020296436442343739,0,0,1,UNSTABLE,1.0200675940525225e-16,1.4054849545799591e-16,1
B3_D2_Craig_Bampton,B3,2,Craig_Bampton,full-grid,1006,15,0,31,0.99903815464005508,0.99598166310200131,-0.078088162938937153,1,0,-1,STABLE,1.9106917792480731e-16,1.2758564174579434e-16,1
B3_D2_Craig_Bampton,B3,2,Craig_Bampton,full-grid,1007,15,1,32,0.99940665603274736,0.99635581045939681,-0.078030526631291772,1,0,-1,STABLE,3.4182256294829953e-16,1.4054849545799591e-16,1
B3_D2_Craig_Bampton,B3,2,Craig_Bampton,full-grid,1008,15,2,33,0.99976492498982117,0.99672204549038934,-0.077942730728124285,1,0,-1,STABLE,2.6617327794187309e-16,1.4054849545799591e-16,1
B3_D2_Craig_Bampton,B3,2,Craig_Bampton,full-grid,1009,15,3,34,1.0001104344417533,0.99707771816086566,-0.077826120463463794,0,0,1,UNSTABLE,2.6025227614693239e-16,1.4054849545799591e-16,1
B3_D2_Craig_Bampton,B3,2,Craig_Bampton,full-grid,1010,15,4,35,1.0004409341410567,0.99742043590060603,-0.07768228081663936,0,0,1,UNSTABLE,2.856259062817882e-16,1.4054849545799589e-16,1
B3_D2_Craig_Bampton,B3,2,Craig_Bampton,full-grid,1011,15,5,36,1.00075446008281,0.99774807757091399,-0.077512986519564689,0,0,1,UNSTABLE,2.3332469360306702e-16,1.4054849545799591e-16,1
B3_D2_Craig_Bampton,B3,2,Craig_Bampton,full-grid,1012,15,6,37,1.0010493356339363,0.99805879885761817,-0.077320155173369862,0,0,1,UNSTABLE,2.4377866206533758e-16,1.4054849545799591e-16,1
B3_D2_Craig_Bampton,B3,2,Craig_Bampton,full-grid,1013,15,7,38,1.0013241662481485,0.99835103088138266,-0.0771058042603157,0,0,1,UNSTABLE,1.7165675704740694e-16,1.4054849545799591e-16,1
B3_D2_Craig_Bampton,B3,2,Craig_Bampton,full-grid,1014,15,8,39,1.0015778293123554,0.99862347353154446,-0.076872012344172375,0,0,1,UNSTABLE,3.2194212302130731e-16,1.4054849545799591e-16,1
B3_D2_Craig_Bampton,B3,2,Craig_Bampton,full-grid,1015,15,9,40,1.0018094603291059,0.99887508471606246,-0.076620884479188564,0,0,1,UNSTABLE,3.6083333701850684e-16,1.4054849545799594e-16,1
B3_D2_Craig_Bampton,B3,2,Craig_Bampton,full-grid,1016,15,10,41,1.0020184363498184,0.99910506644561026,-0.076354521723652868,0,0,1,UNSTABLE,4.3491457854556326e-16,1.4054849545799591e-16,1
B3_D2_Craig_Bampton,B3,2,Craig_Bampton,full-grid,1017,15,11,42,1.0022043573675909,0.99931284847095658,-0.076074994626677439,0,0,1,UNSTABLE,3.2138326330672803e-16,1.4054849545799591e-16,1
B3_D2_Craig_Bampton,B3,2,Craig_Bampton,full-grid,1018,15,12,43,1.0023670262497855,0.9994980700679017,-0.075784320564204324,0,0,1,UNSTABLE,3.347336410935148e-16,1.4054849545799591e-16,1
B3_D2_Craig_Bampton,B3,2,Craig_Bampton,full-grid,1019,15,13,44,1.0025064277192983,0.99966056049548968,-0.07548444481051747,0,0,1,UNSTABLE,2.6411833334639085e-16,1.4054849545799591e-16,1
B3_D2_Craig_Bampton,B3,2,Craig_Bampton,full-grid,1020,15,14,45,1.002622706857256,0.99980031862024699,-0.075177225225621133,0,0,1,UNSTABLE,3.0565403027496063e-16,1.4054849545799591e-16,1
B3_D2_Craig_Bampton,B3,2,Craig_Bampton,full-grid,1021,15,15,46,1.0027161475725355,0.9999174921758176,-0.074864420411368274,0,0,1,UNSTABLE,3.6772907815269565e-16,1.4054849545799591e-16,1
B3_D2_Craig_Bampton,B3,2,Craig_Bampton,full-grid,1022,15,16,47,1.0027871514537292,1.0000123571020776,-0.074547681143221592,0,0,1,UNSTABLE,3.2450214355975131e-16,1.4054849545799591e-16,1
B3_D2_Craig_Bampton,B3,2,Craig_Bampton,full-grid,1023,15,17,48,1.0028362173767074,1.0000852973690217,-0.074228544837803778,0,0,1,UNSTABLE,5.0253017847522739e-16,1.4054849545799591e-16,1
B3_D2_Craig_Bampton,B3,2,Craig_Bampton,full-grid,1024,15,18,49,1.0028639221837286,1.0001367856369172,-0.073908432763702139,0,0,1,UNSTABLE,2.6137335221389162e-16,1.4054849545799591e-16,1
B3_D2_Craig_Bampton,B3,2,Craig_Bampton,full-grid,1025,15,19,50,1.0028709026842053,1.0001673650397003,-0.073588649669467071,0,0,1,UNSTABLE,1.8464993370464887e-16,1.4054849545799591e-16,1
B3_D2_Craig_Bampton,B3,2,Craig_Bampton,full-grid,1026,15,20,51,1.0028578391536664,1.0001776323053548,-0.073270385477460537,0,0,1,UNSTABLE,1.9850678388849487e-16,1.4054849545799591e-16,1
B3_D2_Craig_Bampton,B3,2,Craig_Bampton,full-grid,1027,15,21,52,1.0028254404350878,1.0001682223532069,-0.072954718686686196,0,0,1,UNSTABLE,2.9452207831639183e-16,1.4054849545799591e-16,1
B3_D2_Craig_Bampton,B3,2,Craig_Bampton,full-grid,1028,15,22,53,1.0027744306792126,1.0001397944379142,-0.07264262113735459,0,0,1,UNSTABLE,2.1757782685705428e-16,1.4054849545799591e-16,1
B3_D2_Craig_Bampton,B3,2,Craig_Bampton,full-grid,1029,15,23,54,1.0027055377014467,1.0000930198473266,-0.072334963812821299,0,0,1,UNSTABLE,2.9290889484786419e-16,1.4054849545799591e-16,1
B3_D2_Craig_Bampton,B3,2,Craig_Bampton,full-grid,1030,15,24,55,1.0026194828841031,1.0000285711086789,-0.072032523384371813,0,0,1,UNSTABLE,2.601801108505444e-16,1.4054849545799591e-16,1
B3_D2_Craig_Bampton,B3,2,Craig_Bampton,full-grid,1031,15,25,56,1.0025169725159255,0.99994711261620184,-0.071735989245410359,0,0,1,UNSTABLE,1.9020963964055423e-16,1.4054849545799594e-16,1
B3_D2_Craig_Bampton,B3,2,Craig_Bampton,full-grid,1032,15,26,57,1.0023986904340374,0.99984929256240407,-0.071445970819447022,0,0,1,UNSTABLE,2.5539197915038624e-16,1.4054849545799591e-16,1
B3_D2_Craig_Bampton,B3,2,Craig_Bampton,full-grid,1033,15,27,58,1.0022652918167294,0.9997357360343283,-0.071163004970094479,0,0,1,UNSTABLE,4.101283089320037e-16,1.4054849545799591e-16,1
B3_D2_Craig_Bampton,B3,2,Craig_Bampton,full-grid,1034,15,28,59,1.0021173979658979,0.99960703912305382,-0.070887563377388774,0,0,1,UNSTABLE,1.4216976730810043e-16,1.4054849545799591e-16,1
B3_D2_Craig_Bampton,B3,2,Craig_Bampton,full-grid,1035,15,29,60,1.0019555919152381,0.99946376388856129,-0.070620059784211237,0,0,1,UNSTABLE,1.8540048923631379e-16,1.4054849545799591e-16,1
B3_D2_Craig_Bampton,B3,2,Craig_Bampton,full-grid,1036,15,30,61,1.0017804147005633,0.999306434019815,-0.070360857045901073,0,0,1,UNSTABLE,1.3857633252096952e-16,1.4054849545799591e-16,1
B3_D2_Craig_Bampton,B3,2,Craig_Bampton,full-grid,1037,15,31,62,1.0015923621322644,0.99913553103107988,-0.070110273947053964,0,0,1,UNSTABLE,3.3727926370362337e-16,1.4054849545799591e-16,1
B3_D2_Craig_Bampton,B3,2,Craig_Bampton,full-grid,1038,15,32,63,1.001391881913313,0.99895149083706891,-0.069868591772585045,0,0,1,UNSTABLE,2.019217701245609e-16,1.4054849545799591e-16,1
B3_D2_Craig_Bampton,B3,2,Craig_Bampton,full-grid,1039,15,33,64,1.0011793709500512,0.99875470055169679,-0.06963606064267748,0,0,1,UNSTABLE,2.076841612213901e-16,1.4054849545799591e-16,1
B3_D2_Craig_Bampton,B3,2,Craig_Bampton,full-grid,1040,15,34,65,1.0009551727032429,0.99854549535412773,-0.069412905639790468,0,0,1,UNSTABLE,3.9076017119006164e-16,1.4054849545799591e-16,1
B3_D2_Craig_Bampton,B3,2,Craig_Bampton,full-grid,1041,15,35,66,1.0007195744255861,0.9983241552633848,-0.069199332772618485,0,0,1,UNSTABLE,3.6970557086351501e-16,1.4054849545799591e-16,1
B3_D2_Craig_Bampton,B3,2,Craig_Bampton,full-grid,1042,15,36,67,1.0004728041239863,0.99809090165372893,-0.068995534839280559,0,0,1,UNSTABLE,1.5775652387549138e-16,1.4054849545799591e-16,1
B3_D2_Craig_Bampton,B3,2,Craig_Bampton,full-grid,1043,15,37,68,1.000215027072086,0.99784589332915674,-0.068801697267952266,0,0,1,UNSTABLE,2.1218291924916813e-16,1.4054849545799591e-16,1
B3_D2_Craig_Bampton,B3,2,Craig_Bampton,full-grid,1044,15,38,69,0.99994634167631036,0.99758922195191491,-0.068618004031082244,1,0,-1,STABLE,1.4134882986703624e-16,1.4054849545799591e-16,1
B3_D2_Craig_Bampton,B3,2,Craig_Bampton,full-grid,1045,15,39,70,0.99966677446562202,0.99732090658530537,-0.068444643752197373,1,0,-1,STABLE,2.219531906446367e-16,1.4054849545799591e-16,1
B3_D2_Craig_Bampton,B3,2,Craig_Bampton,full-grid,1046,15,40,71,0.99937627392670625,0.99704088706084115,-0.068281816148650434,1,0,-1,STABLE,2.5490290322017906e-16,1.4054849545799591e-16,1
B3_D2_Craig_Bampton,B3,2,Craig_Bampton,full-grid,1047,15,41,72,0.99940289479814504,0.99916329327312137,-0.021882858737436107,1,0,-1,STABLE,3.2696765397556747e-16,1.4054849545799594e-16,1
B3_D2_Craig_Bampton,B3,2,Craig_Bampton,full-grid,1048,15,42,73,0.99948590344642596,0.99924742277211065,-0.021832527829205375,1,0,-1,STABLE,1.3306056953542597e-16,1.4054849545799591e-16,1
B3_D2_Craig_Bampton,B3,2,Craig_Bampton,full-grid,1049,15,43,74,0.99956766247007822,0.99933033197202437,-0.02178071294929592,1,0,-1,STABLE,2.6741182692008686e-16,1.4054849545799591e-16,1
B3_D2_Craig_Bampton,B3,2,Craig_Bampton,full-grid,1050,15,44,75,0.99964813772195749,0.99941198548573795,-0.021727460008772868,1,0,-1,STABLE,2.5196752692367388e-16,1.4054849545799591e-16,1
B3_D2_Craig_Bampton,B3,2,Craig_Bampton,full-grid,1051,15,45,76,0.99972729732049259,0.99949235016794458,-0.021672816233601899,1,0,-1,STABLE,4.2950508993477126e-16,1.4054849545799591e-16,1
B3_D2_Craig_Bampton,B3,2,Craig_Bampton,full-grid,1052,15,46,77,0.99980511171935149,0.99957139518900728,-0.021616830018443736,1,0,-1,STABLE,1.1423454639838681e-16,1.4054849545799591e-16,1
B3_D2_Craig_Bampton,B3,2,Craig_Bampton,full-grid,1053,15,47,78,0.9998815537640231,0.9996490920957819,-0.021559550775372853,1,0,-1,STABLE,2.6780776058124175e-16,1.4054849545799591e-16,1
B3_D2_Craig_Bampton,B3,2,Craig_Bampton,full-grid,1054,15,48,79,0.99995659873523057,0.99972541485930577,-0.021501028778177399,1,0,-1,STABLE,2.8429529787945389e-16,1.4054849545799591e-16,1
B3_D2_Craig_Bampton,B3,2,Craig_Bampton,full-grid,1055,15,49,80,1.0000302243786479,0.99980033990876938,-0.021441315004397891,0,0,1,UNSTABLE,1.4467601891444833e-16,1.4054849545799591e-16,1
B3_D2_Craig_Bampton,B3,2,Craig_Bampton,full-grid,1056,15,50,81,1.0001024109212073,0.99987384615202646,-0.02138046097644104,0,0,1,UNSTABLE,3.068218514555231e-16,1.4054849545799591e-16,1
B3_D2_Craig_Bampton,B3,2,Craig_Bampton,full-grid,1057,15,51,82,1.0001731410740153,0.9999459149826293,-0.021318518602713721,0,0,1,UNSTABLE,4.9925825913633701e-16,1.4054849545799591e-16,1
B3_D2_Craig_Bampton,B3,2,Craig_Bampton,full-grid,1058,15,52,83,1.0002424000222681,1.0000165302737383,-0.021255540020913028,0,0,1,UNSTABLE,4.202196076783349e-16,1.4054849545799591e-16,1
B3_D2_Craig_Bampton,B3,2,Craig_Bampton,full-grid,1059,15,53,84,1.0003101754026578,1.0000856783593739,-0.021191577444037414,0,0,1,UNSTABLE,3.070966515233063e-16,1.4054849545799591e-16,1
B3_D2_Craig_Bampton,B3,2,Craig_Bampton,full-grid,1060,15,54,85,1.0003764572689309,1.000153348003642,-0.021126683010888644,0,0,1,UNSTABLE,3.811159530704841e-16,1.4054849545799591e-16,1
B3_D2_Craig_Bampton,B3,2,Craig_Bampton,full-grid,1061,15,55,86,1.0004412380463339,1.0002195303586427,-0.021060908641787699,0,0,1,UNSTABLE,2.9200471338662819e-16,1.4054849545799591e-16,1
B3_D2_Craig_Bampton,B3,2,Craig_Bampton,full-grid,1062,15,56,87,1.0005045124757701,1.000284218911869,-0.02099430590065823,0,0,1,UNSTABLE,4.4838552724236078e-16,1.4054849545799591e-16,1
B3_D2_Craig_Bampton,B3,2,Craig_Bampton,full-grid,1063,15,57,88,1.0005662775486304,1.0003474094240443,-0.020926925864215636,0,0,1,UNSTABLE,2.1236376296100317e-16,1.4054849545799594e-16,1
B3_D2_Craig_Bampton,B3,2,Craig_Bampton,full-grid,1064,15,58,89,1.0006265324333024,1.0004090998583846,-0.020858818998950108,0,0,1,UNSTABLE,3.4509529648462941e-16,1.4054849545799591e-16,1
B3_D2_Craig_Bampton,B3,2,Craig_Bampton,full-grid,1065,15,59,90,1.0006852783943025,1.0004692903022248,-0.020790035046765631,0,0,1,UNSTABLE,1.9507317226214269e-16,1.4054849545799591e-16,1
B3_D2_Craig_Bampton,B3,2,Craig_Bampton,full-grid,1066,15,60,91,1.0007425187051409,1.0005279828821154,-0.020720622919079463,0,0,1,UNSTABLE,2.2840994818046363e-16,1.4054849545799591e-16,1
B3_D2_Craig_Bampton,B3,2,Craig_Bampton,full-grid,1067,15,61,92,1.0007982585559634,1.0005851816734326,-0.020650630600358291,0,0,1,UNSTABLE,2.6683682688944187e-16,1.4054849545799591e-16,1
B3_D2_Craig_Bampton,B3,2,Craig_Bampton,full-grid,1068,15,62,93,1.000852504956852,1.0006408926053787,-0.020580105060868124,0,0,1,UNSTABLE,2.3542474193904197e-16,1.4054849545799591e-16,1
B3_D2_Craig_Bampton,B3,2,Craig_Bampton,full-grid,1069,15,63,94,1.0009052666380418,1.0006951233626413,-0.020509092178782239,0,0,1,UNSTABLE,2.6339443807579738e-16,1.4054849545799591e-16,1
B3_D2_Craig_Bampton,B3,2,Craig_Bampton,full-grid,1070,15,64,95,1.0009565539476917,1.0007478832843559,-0.020437636671571495,0,0,1,UNSTABLE,1.9315690705347323e-16,1.4054849545799591e-16,1
B3_D2_Craig_Bampton,B3,2,Craig_Bampton,full-grid,1071,15,65,96,1.0010063787483134,1.0007991832614795,-0.020365782036721378,0,0,1,UNSTABLE,1.4329440404517718e-16,1.4054849545799591e-16,1
B3_D2_Craig_Bampton,B3,2,Craig_Bampton,full-grid,1072,15,66,97,1.0010547543127171,1.000849035633449,-0.020293570501259201,0,0,1,UNSTABLE,3.0168104142028594e-16,1.4054849545799591e-16,1
B3_D2_Craig_Bampton,B3,2,Craig_Bampton,full-grid,1073,16,0,32,0.99992796315397958,0.99689337152918622,-0.077843029864195848,1,0,-1,STABLE,2.1657413343191472e-16,1.2758564174579434e-16,1
B3_D2_Craig_Bampton,B3,2,Craig_Bampton,full-grid,1074,16,1,33,1.0002817569725351,0.99725383990507099,-0.077771280860305658,0,0,1,UNSTABLE,2.1097051195757437e-16,1.4054849545799591e-16,1
B3_D2_Craig_Bampton,B3,2,Craig_Bampton,full-grid,1075,16,2,34,1.0006241870244381,0.99760509741521597,-0.077671315615836192,0,0,1,UNSTABLE,1.9144854656599101e-16,1.4054849545799591e-16,1
B3_D2_Craig_Bampton,B3,2,Craig_Bampton,full-grid,1076,16,3,35,1.0009530550231023,0.99794481806504876,-0.077544557882541013,0,0,1,UNSTABLE,2.6326484226915837e-16,1.4054849545799591e-16,1
B3_D2_Craig_Bampton,B3,2,Craig_Bampton,full-grid,1077,16,4,36,1.0012664219184282,0.99827092071776824,-0.077392612765242758,0,0,1,UNSTABLE,2.2127721871750495e-16,1.4054849545799591e-16,1
B3_D2_Craig_Bampton,B3,2,Craig_Bampton,full-grid,1078,16,5,37,1.0015626084439362,0.99858157340651033,-0.07721722531922455,0,0,1,UNSTABLE,2.3379095630536485e-16,1.4054849545799591e-16,1
B3_D2_Craig_Bampton,B3,2,Craig_Bampton,full-grid,1079,16,6,38,1.0018401905591265,0.9988751921903225,-0.077020243094222063,0,0,1,UNSTABLE,2.1711742000850985e-16,1.4054849545799591e-16,1
B3_D2_Craig_Bampton,B3,2,Craig_Bampton,full-grid,1080,16,7,39,1.0020979912396319,0.99915043599639342,-0.076803582564371975,0,0,1,UNSTABLE,2.8411998154393477e-16,1.4054849545799591e-16,1
B3_D2_Craig_Bampton,B3,2,Craig_Bampton,full-grid,1081,16,8,40,1.0023350696327076,0.99940619847808443,-0.076569199154674569,0,0,1,UNSTABLE,3.6068228394873907e-16,1.4054849545799591e-16,1
B3_D2_Craig_Bampton,B3,2,Craig_Bampton,full-grid,1082,16,9,41,1.0025507082439697,0.99964159757412596,-0.076319060528381527,0,0,1,UNSTABLE,3.3677213272858927e-16,1.4054849545799591e-16,1
B3_D2_Craig_Bampton,B3,2,Craig_Bampton,full-grid,1083,16,10,42,1.0027443985768676,0.9998559632093571,-0.076055122851604956,0,0,1,UNSTABLE,1.531784073964088e-16,1.4054849545799591e-16,1
B3_D2_Craig_Bampton,B3,2,Craig_Bampton,full-grid,1084,16,11,43,1.002915825515001,1.000048823441205,-0.075779309856302102,0,0,1,UNSTABLE,3.1095188506191169e-16,1.4054849545799591e-16,1
B3_D2_Craig_Bampton,B3,2,Craig_Bampton,full-grid,1085,16,12,44,1.003064850685004,1.0002198893000092,-0.075493494609844017,0,0,1,UNSTABLE,1.758778770731763e-16,1.4054849545799591e-16,1
B3_D2_Craig_Bampton,B3,2,Craig_Bampton,full-grid,1086,16,13,45,1.0031914950452827,1.0003690385762705,-0.075199483968826739,0,0,1,UNSTABLE,2.0561714390975281e-16,1.4054849545799591e-16,1
B3_D2_Craig_Bampton,B3,2,Craig_Bampton,full-grid,1087,16,14,46,1.0032959209727355,1.0004962988355572,-0.07489900571356542,0,0,1,UNSTABLE,2.0484424392464926e-16,1.4054849545799591e-16,1
B3_D2_Craig_Bampton,B3,2,Craig_Bampton,full-grid,1088,16,15,47,1.0033784141513522,1.0006018299762021,-0.074593698347503859,0,0,1,UNSTABLE,4.4784341490941744e-16,1.4054849545799591e-16,1
B3_D2_Craig_Bampton,B3,2,Craig_Bampton,full-grid,1089,16,16,48,1.0034393655822405,1.0006859066647302,-0.074285103504510702,0,0,1,UNSTABLE,3.3922259367096619e-16,1.4054849545799591e-16,1
B3_D2_Craig_Bampton,B3,2,Craig_Bampton,full-grid,1090,16,17,49,1.0034792540299571,1.0007489009839299,-0.073974660850697677,0,0,1,UNSTABLE,1.1330481445071165e-16,1.4054849545799591e-16,1
B3_D2_Craig_Bampton,B3,2,Craig_Bampton,full-grid,1091,16,18,50,1.003498629193996,1.0007912656064235,-0.073663705310840211,0,0,1,UNSTABLE,1.5470851022949391e-16,1.4054849545799591e-16,1
B3_D2_Craig_Bampton,B3,2,Craig_Bampton,full-grid,1092,16,19,51,1.0034980958502473,1.0008135177656516,-0.073353466398075801,0,0,1,UNSTABLE,3.7188935757397872e-16,1.4054849545799591e-16,1
B3_D2_Craig_Bampton,B3,2,Craig_Bampton,full-grid,1093,16,20,52,1.0034782991512281,1.0008162242416596,-0.073045069389450226,0,0,1,UNSTABLE,2.3561474085592831e-16,1.4054849545799591e-16,1
B3_D2_Craig_Bampton,B3,2,Craig_Bampton,full-grid,1094,16,21,53,1.0034399112135448,1.0007999875189695,-0.072739538067528059,0,0,1,UNSTABLE,4.1461897205660486e-16,1.4054849545799591e-16,1
B3_D2_Craig_Bampton,B3,2,Craig_Bampton,full-grid,1095,16,22,54,1.0033836190605094,1.0007654332119089,-0.072437798745857859,0,0,1,UNSTABLE,2.107436632385659e-16,1.4054849545799591e-16,1
B3_D2_Craig_Bampton,B3,2,Craig_Bampton,full-grid,1096,16,23,55,1.0033101139322529,1.0007131987952544,-0.072140685301154736,0,0,1,UNSTABLE,1.9190280692082605e-16,1.4054849545799591e-16,1
B3_D2_Craig_Bampton,B3,2,Craig_Bampton,full-grid,1097,16,24,56,1.0032200819289512,1.0006439236280464,-0.071848944959545358,0,0,1,UNSTABLE,3.15321987395818e-16,1.4054849545799591e-16,1
B3_D2_Craig_Bampton,B3,2,Craig_Bampton,full-grid,1098,16,25,57,1.0031141959141718,1.0005582402167286,-0.07156324460879937,0,0,1,UNSTABLE,1.223613600162201e-16,1.4054849545799591e-16,1
B3_D2_Craig_Bampton,B3,2,Craig_Bampton,full-grid,1099,16,26,58,1.0029931085769488,1.0004567666316488,-0.071284177443508165,0,0,1,UNSTABLE,1.0545384396597914e-16,1.4054849545799591e-16,1
B3_D2_Craig_Bampton,B3,2,Craig_Bampton,full-grid,1100,16,27,59,1.0028574465310591,1.0003400999676126,-0.071012269781940238,0,0,1,UNSTABLE,1.8897966673619657e-16,1.4054849545799591e-16,1
B3_D2_Craig_Bampton,B3,2,Craig_Bampton,full-grid,1101,16,28,60,1.0027078053178604,1.0002088107235325,-0.07074798793165081,0,0,1,UNSTABLE,2.2937698936761872e-16,1.4054849545799591e-16,1
B3_D2_Craig_Bampton,B3,2,Craig_Bampton,full-grid,1102,16,29,61,1.0025447451723357,1.0000634379669258,-0.070491745009159557,0,0,1,UNSTABLE,2.8242293413696174e-16,1.4054849545799591e-16,1
B3_D2_Craig_Bampton,B3,2,Craig_Bampton,full-grid,1103,16,30,62,1.0023687874098091,0.99990448514398711,-0.070243907652899215,0,0,1,UNSTABLE,1.6248969769963058e-16,1.4054849545799591e-16,1
B3_D2_Craig_Bampton,B3,2,Craig_Bampton,full-grid,1104,16,31,63,1.0021804112915536,0.99973241639460586,-0.070004802594607618,0,0,1,UNSTABLE,2.8268410112442512e-16,1.4054849545799591e-16,1
B3_D2_Craig_Bampton,B3,2,Craig_Bampton,full-grid,1105,16,32,64,1.0019800512293713,0.99954765323164463,-0.069774723078814438,0,0,1,UNSTABLE,2.8838581637680781e-16,1.4054849545799591e-16,1
B3_D2_Craig_Bampton,B3,2,Craig_Bampton,full-grid,1106,16,33,65,1.0017680941905511,0.99935057144329942,-0.069553935144746948,0,0,1,UNSTABLE,2.4338528884947571e-16,1.4054849545799591e-16,1
B3_D2_Craig_Bampton,B3,2,Craig_Bampton,full-grid,1107,16,34,66,1.001544877165589,0.99914149807708341,-0.069342683802376043,0,0,1,UNSTABLE,2.5084567540286087e-16,1.4054849545799591e-16,1
B3_D2_Craig_Bampton,B3,2,Craig_Bampton,full-grid,1108,16,35,67,1.0013106845583046,0.99892070835955193,-0.069141199158473401,0,0,1,UNSTABLE,1.8298808256305774e-16,1.4054849545799591e-16,1
B3_D2_Craig_Bampton,B3,2,Craig_Bampton,full-grid,1109,16,36,68,1.0010657453519194,0.99868842239872502,-0.068949702564546606,0,0,1,UNSTABLE,3.1351065819964505e-16,1.4054849545799591e-16,1
B3_D2_Craig_Bampton,B3,2,Craig_Bampton,full-grid,1110,16,37,69,1.0008102298932933,0.99844480150296211,-0.06876841288540049,0,0,1,UNSTABLE,3.1576734943894263e-16,1.4054849545799591e-16,1
B3_D2_Craig_Bampton,B3,2,Craig_Bampton,full-grid,1111,16,38,70,1.0005442461187817,0.99818994392978433,-0.068597553009237491,0,0,1,UNSTABLE,2.4133766460332447e-16,1.4054849545799591e-16,1
B3_D2_Craig_Bampton,B3,2,Craig_Bampton,full-grid,1112,16,39,71,1.0002678350163123,0.99792387984707176,-0.068437356751908776,0,0,1,UNSTABLE,2.395926617720345e-16,1.4054849545799591e-16,1
B3_D2_Craig_Bampton,B3,2,Craig_Bampton,full-grid,1113,16,40,72,0.99998096507778,0.99764656524556683,-0.068288076350205715,1,0,-1,STABLE,1.3076423358200189e-16,1.4054849545799591e-16,1
B3_D2_Craig_Bampton,B3,2,Craig_Bampton,full-grid,1114,16,41,73,0.99968352543652372,0.99735787447853586,-0.06814999079129555,1,0,-1,STABLE,1.9546638560473787e-16,1.4054849545799591e-16,1
B3_D2_Craig_Bampton,B3,2,Craig_Bampton,full-grid,1115,16,42,74,0.99948996690074055,0.99925155628869389,-0.0218293653106695,1,0,-1,STABLE,1.5735527737117403e-16,1.4054849545799591e-16,1
B3_D2_Craig_Bampton,B3,2,Craig_Bampton,full-grid,1116,16,43,75,0.99957159887160085,0.99933433896331136,-0.021777516834799632,1,0,-1,STABLE,1.8759615447319534e-16,1.4054849545799591e-16,1
B3_D2_Craig_Bampton,B3,2,Craig_Bampton,full-grid,1117,16,44,76,0.99965194799269674,0.99941586674868876,-0.021724235695662522,1,0,-1,STABLE,2.0196616660884849e-16,1.4054849545799591e-16,1
B3_D2_Craig_Bampton,B3,2,Craig_Bampton,full-grid,1118,16,45,77,0.9997309826469476,0.99949610676837086,-0.021669568964353274,1,0,-1,STABLE,4.8371724186556858e-16,1.4054849545799591e-16,1
B3_D2_Craig_Bampton,B3,2,Craig_Bampton,full-grid,1119,16,46,78,0.99980867353553426,0.99957502844491664,-0.021613564866270332,1,0,-1,STABLE,3.6433299496465844e-16,1.4054849545799591e-16,1
B3_D2_Craig_Bampton,B3,2,Craig_Bampton,full-grid,1120,16,47,79,0.99988499373378215,0.99965260355998187,-0.021556272631305357,1,0,-1,STABLE,2.715378795721683e-16,1.4054849545799591e-16,1
B3_D2_Craig_Bampton,B3,2,Craig_Bampton,full-grid,1121,16,48,80,0.99995991873395307,0.99972880630133298,-0.02149774234019948,1,0,-1,STABLE,3.7757211637619744e-16,1.4054849545799591e-16,1
B3_D2_Craig_Bampton,B3,2,Craig_Bampton,full-grid,1122,16,49,81,1.0000334264747499,0.9998036132965642,-0.021438024768236037,0,0,1,UNSTABLE,1.3549547042926279e-16,1.4054849545799591e-16,1
B3_D2_Craig_Bampton,B3,2,Craig_Bampton,full-grid,1123,16,50,82,1.0001054973573276,0.9998770036332657,-0.021377171227971448,0,0,1,UNSTABLE,2.9704585869350713e-16,1.4054849545799591e-16,1
B3_D2_Craig_Bampton,B3,2,Craig_Bampton,full-grid,1124,16,51,83,1.0001761142482937,0.99994895886609747,-0.02131523341236161,0,0,1,UNSTABLE,2.2956304691430373e-16,1.4054849545799591e-16,1
B3_D2_Craig_Bampton,B3,2,Craig_Bampton,full-grid,1125,16,52,84,1.0002452624697591,1.0000194630107953,-0.021252263239436315,0,0,1,UNSTABLE,2.3040492461736495e-16,1.4054849545799591e-16,1
B3_D2_Craig_Bampton,B3,2,Craig_Bampton,full-grid,1126,16,53,85,1.0003129297771431,1.0000885025257762,-0.021188312700215914,0,0,1,UNSTABLE,3.5403694289979011e-16,1.4054849545799591e-16,1
B3_D2_Craig_Bampton,B3,2,Craig_Bampton,full-grid,1127,16,54,86,1.000379106325066,1.0001560662816693,-0.021123433710322059,0,0,1,UNSTABLE,1.9577390994304657e-16,1.4054849545799591e-16,1
B3_D2_Craig_Bampton,B3,2,Craig_Bampton,full-grid,1128,16,55,87,1.0004437846225287,1.0002221455199158,-0.021057677967541603,0,0,1,UNSTABLE,1.7406462309747553e-16,1.4054849545799591e-16,1
B3_D2_Craig_Bampton,B3,2,Craig_Bampton,full-grid,1129,16,56,88,1.0005069594776366,1.0002867338007111,-0.020991096814854664,0,0,1,UNSTABLE,2.1847102113278086e-16,1.4054849545799591e-16,1
B3_D2_Craig_Bampton,B3,2,Craig_Bampton,full-grid,1130,16,57,89,1.0005686279332922,1.00034982694167,-0.020923741111043639,0,0,1,UNSTABLE,2.8168970351497078e-16,1.4054849545799591e-16,1
B3_D2_Craig_Bampton,B3,2,Craig_Bampton,full-grid,1131,16,58,90,1.0006287891944892,1.0004114229478549,-0.02085566110862537,0,0,1,UNSTABLE,2.2961201149657926e-16,1.4054849545799591e-16,1
B3_D2_Craig_Bampton,B3,2,Craig_Bampton,full-grid,1132,16,59,91,1.0006874445484131,1.0004715219343456,-0.020786906340467103,0,0,1,UNSTABLE,3.760278420600794e-16,1.4054849545799591e-16,1
B3_D2_Craig_Bampton,B3,2,Craig_Bampton,full-grid,1133,16,60,92,1.0007445972782274,1.0005301260422435,-0.020717525514744237,0,0,1,UNSTABLE,2.0925848003114361e-16,1.4054849545799591e-16,1
B3_D2_Craig_Bampton,B3,2,Craig_Bampton,full-grid,1134,16,61,93,1.0008002525716546,1.0005872393491995,-0.020647566419206908,0,0,1,UNSTABLE,4.0546342240550601e-16,1.4054849545799591e-16,1
B3_D2_Craig_Bampton,B3,2,Craig_Bampton,full-grid,1135,16,62,94,1.0008544174253422,1.0006428677754748,-0.020577075834403748,0,0,1,UNSTABLE,3.0118949724043273e-16,1.4054849545799591e-16,1
B3_D2_Craig_Bampton,B3,2,Craig_Bampton,full-grid,1136,16,63,95,1.0009071005459949,1.0006970189865023,-0.020506099456453101,0,0,1,UNSTABLE,1.3624857158659332e-16,1.4054849545799591e-16,1
B3_D2_Craig_Bampton,B3,2,Craig_Bampton,full-grid,1137,16,64,96,1.0009583122491497,1.00074970229285,-0.020434681828654801,0,0,1,UNSTABLE,5.4536547915621184e-16,1.4054849545799591e-16,1
B3_D2_Craig_Bampton,B3,2,Craig_Bampton,full-grid,1138,16,65,97,1.0010080643565924,1.0008009285485748,-0.020362866282580293,0,0,1,UNSTABLE,1.8264258348847609e-16,1.4054849545799591e-16,1
B3_D2_Craig_Bampton,B3,2,Craig_Bampton,full-grid,1139,16,66,98,1.0010563700931567,1.0008507100487367,-0.020290694887728705,0,0,1,UNSTABLE,2.3918355007789013e-16,1.4054849545799591e-16,1
B3_D2_Craig_Bampton,B3,2,Craig_Bampton,full-grid,1140,17,0,33,1.0008272571970775,0.99782144782007443,-0.077508431921150617,0,0,1,UNSTABLE,3.9284008136335475e-16,1.2758564174579434e-16,1
B3_D2_Craig_Bampton,B3,2,Craig_Bampton,full-grid,1141,17,1,34,1.0011636572121632,0.9981653797409249,-0.077424435478012962,0,0,1,UNSTABLE,1.9316443979351485e-16,1.4054849545799591e-16,1
B3_D2_Craig_Bampton,B3,2,Craig_Bampton,full-grid,1142,17,2,35,1.0014879584389291,0.99849918042482966,-0.077314407383861167,0,0,1,UNSTABLE,1.7440561825925694e-16,1.4054849545799589e-16,1
B3_D2_Craig_Bampton,B3,2,Craig_Bampton,full-grid,1143,17,3,36,1.001798286812257,0.99882084976033658,-0.077179774189952866,0,0,1,UNSTABLE,4.2786737870428612e-16,1.4054849545799591e-16,1
B3_D2_Craig_Bampton,B3,2,Craig_Bampton,full-grid,1144,17,4,37,1.0020929970823207,0.99912860623884758,-0.077022094210984493,0,0,1,UNSTABLE,2.5384992536909573e-16,1.4054849545799591e-16,1
B3_D2_Craig_Bampton,B3,2,Craig_Bampton,full-grid,1145,17,5,38,1.0023706684784517,0.99942088548810226,-0.076843026203525178,0,0,1,UNSTABLE,3.853800066308233e-16,1.4054849545799591e-16,1
B3_D2_Craig_Bampton,B3,2,Craig_Bampton,full-grid,1146,17,6,39,1.0026300979914511,0.99969633610436337,-0.076644301665934431,0,0,1,UNSTABLE,3.945095165316559e-16,1.4054849545799591e-16,1
B3_D2_Craig_Bampton,B3,2,Craig_Bampton,full-grid,1147,17,7,40,1.0028702921216865,0.99995381366519287,-0.076427700192232495,0,0,1,UNSTABLE,3.3398854966044261e-16,1.4054849545799591e-16,1
B3_D2_Craig_Bampton,B3,2,Craig_Bampton,full-grid,1148,17,8,41,1.0030904575404171,1.0001923734063887,-0.076195027320283201,0,0,1,UNSTABLE,3.0053055030247163e-16,1.4054849545799591e-16,1
B3_D2_Craig_Bampton,B3,2,Craig_Bampton,full-grid,1149,17,9,42,1.0032899908368234,1.0004112617646073,-0.075948094432313054,0,0,1,UNSTABLE,2.9724803866310175e-16,1.4054849545799591e-16,1
B3_D2_Craig_Bampton,B3,2,Craig_Bampton,full-grid,1150,17,10,43,1.0034684673753007,1.0006099068283647,-0.075688700434518044,0,0,1,UNSTABLE,2.4094966519831876e-16,1.4054849545799591e-16,1
B3_D2_Craig_Bampton,B3,2,Craig_Bampton,full-grid,1151,17,11,44,1.0036256292423795,1.0007879076845341,-0.075418615106450079,0,0,1,UNSTABLE,9.3958755969197187e-17,1.4054849545799591e-16,1
B3_D2_Craig_Bampton,B3,2,Craig_Bampton,full-grid,1152,17,12,45,1.0037613722901753,1.0009450226674197,-0.075139564140169965,0,0,1,UNSTABLE,3.2027839537783133e-16,1.4054849545799591e-16,1
B3_D2_Craig_Bampton,B3,2,Craig_Bampton,full-grid,1153,17,13,46,1.0038757323500769,1.0010811565805879,-0.074853215967486009,0,0,1,UNSTABLE,4.8278504984016219e-16,1.4054849545799591e-16,1
B3_D2_Craig_Bampton,B3,2,Craig_Bampton,full-grid,1154,17,14,47,1.0039688707693568,1.0011963470405756,-0.074561170501171753,0,0,1,UNSTABLE,1.6730234525737371e-16,1.4054849545799591e-16,1
B3_D2_Craig_Bampton,B3,2,Craig_Bampton,full-grid,1155,17,15,48,1.0040410594919318,1.0012907501631947,-0.074264949897698801,0,0,1,UNSTABLE,1.115981531207289e-16,1.4054849545799591e-16,1
B3_D2_Craig_Bampton,B3,2,Craig_Bampton,full-grid,1156,17,16,49,1.0040926659530029,1.0013646258662159,-0.073965991404306666,0,0,1,UNSTABLE,2.0139515645388375e-16,1.4054849545799591e-16,1
B3_D2_Craig_Bampton,B3,2,Craig_Bampton,full-grid,1157,17,17,50,1.0041241380754731,1.0014183230861153,-0.073665642284610394,0,0,1,UNSTABLE,1.7517999360164053e-16,1.4054849545799591e-16,1
B3_D2_Craig_Bampton,B3,2,Craig_Bampton,full-grid,1158,17,18,51,1.0041359896509008,1.0014522652062714,-0.073365156753203931,0,0,1,UNSTABLE,1.6655432486153593e-16,1.4054849545799591e-16,1
B3_D2_Craig_Bampton,B3,2,Craig_Bampton,full-grid,1159,17,19,52,1.004128786357471,1.001466935968192,-0.073065694783590637,0,0,1,UNSTABLE,1.9476528615648381e-16,1.4054849545799591e-16,1
B3_D2_Craig_Bampton,B3,2,Craig_Bampton,full-grid,1160,17,20,53,1.0041031326238565,1.0014628660963358,-0.072768322607811339,0,0,1,UNSTABLE,1.4623213166277899e-16,1.4054849545799591e-16,1
B3_D2_Craig_Bampton,B3,2,Craig_Bampton,full-grid,1161,17,21,54,1.0040596594940703,1.0014406208148152,-0.072474014690686969,0,0,1,UNSTABLE,1.4873231292030505e-16,1.4054849545799591e-16,1
B3_D2_Craig_Bampton,B3,2,Craig_Bampton,full-grid,1162,17,22,55,1.0039990135930517,1.0014007883788087,-0.072183656946161384,0,0,1,UNSTABLE,1.2787396355805848e-16,1.4054849545799591e-16,1
B3_D2_Craig_Bampton,B3,2,Craig_Bampton,full-grid,1163,17,23,56,1.0039218472397025,1.0013439696893638,-0.071898050960529938,0,0,1,UNSTABLE,2.2373892718917984e-16,1.4054849545799591e-16,1
B3_D2_Craig_Bampton,B3,2,Craig_Bampton,full-grid,1164,17,24,57,1.0038288097067898,1.0012707690108995,-0.071617918998475458,0,0,1,UNSTABLE,1.2769386437960634e-16,1.4054849545799591e-16,1
B3_D2_Craig_Bampton,B3,2,Craig_Bampton,full-grid,1165,17,25,58,1.0037205395880646,1.001181785769053,-0.071343909587612456,0,0,1,UNSTABLE,1.9559288911000425e-16,1.4054849545799591e-16,1
B3_D2_Craig_Bampton,B3,2,Craig_Bampton,full-grid,1166,17,26,59,1.0035976582018971,1.0010776073726386,-0.071076603502172098,0,0,1,UNSTABLE,1.6759564005435333e-16,1.4054849545799591e-16,1
B3_D2_Craig_Bampton,B3,2,Craig_Bampton,full-grid,1167,17,27,60,1.0034607639382636,1.0009588029779746,-0.070816519996847294,0,0,1,UNSTABLE,2.9324243447193583e-16,1.4054849545799591e-16,1
B3_D2_Craig_Bampton,B3,2,Craig_Bampton,full-grid,1168,17,28,61,1.0033104274406901,1.0008259180957813,-0.070564123171459631,0,0,1,UNSTABLE,2.164415491097623e-16,1.4054849545799591e-16,1
B3_D2_Craig_Bampton,B3,2,Craig_Bampton,full-grid,1169,17,29,62,1.0031471875053706,1.0006794699287425,-0.070319828377676474,0,0,1,UNSTABLE,1.859242126776638e-16,1.4054849545799591e-16,1
B3_D2_Craig_Bampton,B3,2,Craig_Bampton,full-grid,1170,17,30,63,1.0029715475749374,1.0005199433206722,-0.070084008607271306,0,0,1,UNSTABLE,4.3953392174211313e-16,1.4054849545799591e-16,1
B3_D2_Craig_Bampton,B3,2,Craig_Bampton,full-grid,1171,17,31,64,1.0027839727034427,1.0003477871950943,-0.069857000828671106,0,0,1,UNSTABLE,2.3701156297263324e-16,1.4054849545799591e-16,1
B3_D2_Craig_Bampton,B3,2,Craig_Bampton,full-grid,1172,17,32,65,1.0025848868688303,1.0001634113587783,-0.0696391122642777,0,0,1,UNSTABLE,3.6507096183779698e-16,1.4054849545799591e-16,1
B3_D2_Craig_Bampton,B3,2,Craig_Bampton,full-grid,1173,17,33,66,1.002374670510696,0.99996718354559855,-0.069430626623340277,0,0,1,UNSTABLE,1.4289150284710678e-16,1.4054849545799591e-16,1
B3_D2_Craig_Bampton,B3,2,Craig_Bampton,full-grid,1174,17,34,67,1.0021536581713484,0.99975942657461903,-0.069231810328812302,0,0,1,UNSTABLE,1.3748608290434994e-16,1.4054849545799591e-16,1
B3_D2_Craig_Bampton,B3,2,Craig_Bampton,full-grid,1175,17,35,68,1.0019221361168769,0.99954041549336847,-0.069042918799464906,0,0,1,UNSTABLE,2.4134880307303254e-16,1.4054849545799591e-16,1
B3_D2_Craig_Bampton,B3,2,Craig_Bampton,full-grid,1176,17,36,69,1.0016803398111576,0.99931037457180327,-0.068864202873178321,0,0,1,UNSTABLE,1.8319672978808546e-16,1.4054849545799591e-16,1
B3_D2_Craig_Bampton,B3,2,Craig_Bampton,full-grid,1177,17,37,70,1.001428451107409,0.99906947400239554,-0.068695915482367892,0,0,1,UNSTABLE,2.0437631338594116e-16,1.4054849545799591e-16,1
B3_D2_Craig_Bampton,B3,2,Craig_Bampton,full-grid,1178,17,38,71,1.0011665950091337,0.99881782614649528,-0.068538318728810721,0,0,1,UNSTABLE,3.2399927930833817e-16,1.4054849545799591e-16,1
B3_D2_Craig_Bampton,B3,2,Craig_Bampton,full-grid,1179,17,39,72,1.0008948358312257,0.99855548114353487,-0.068391691540859167,0,0,1,UNSTABLE,2.5215266501674538e-16,1.4054849545799591e-16,1
B3_D2_Craig_Bampton,B3,2,Craig_Bampton,full-grid,1180,17,40,73,1.0006131725630802,0.99828242166665526,-0.068256338153395477,0,0,1,UNSTABLE,4.7739779714363931e-16,1.4054849545799591e-16,1
B3_D2_Craig_Bampton,B3,2,Craig_Bampton,full-grid,1181,17,41,74,1.0003215331925017,0.99799855656061442,-0.068132597715979182,0,0,1,UNSTABLE,2.5327905150512079e-16,1.4054849545799591e-16,1
B3_D2_Craig_Bampton,B3,2,Craig_Bampton,full-grid,1182,17,42,75,1.0000197676899187,0.99770371303135463,-0.068020855434546099,0,0,1,UNSTABLE,2.2842819121769913e-16,1.4054849545799591e-16,1
B3_D2_Craig_Bampton,B3,2,Craig_Bampton,full-grid,1183,17,43,76,0.99970763926974826,0.99739762696439449,-0.067921555783768101,1,0,-1,STABLE,2.2255505343668867e-16,1.4054849545799591e-16,1
B3_D2_Craig_Bampton,B3,2,Craig_Bampton,full-grid,1184,17,44,77,0.99965577433425246,0.99941976431939439,-0.021721000151470937,1,0,-1,STABLE,3.0765433205739311e-16,1.4054849545799591e-16,1
B3_D2_Craig_Bampton,B3,2,Craig_Bampton,full-grid,1185,17,45,78,0.99973468347683392,0.99949987911114424,-0.021666310330403563,1,0,-1,STABLE,3.8004378078345289e-16,1.4054849545799591e-16,1
B3_D2_Craig_Bampton,B3,2,Craig_Bampton,full-grid,1186,17,46,79,0.99981225029564991,0.99957867688517221,-0.021610288238234,1,0,-1,STABLE,2.8747509277350358e-16,1.4054849545799591e-16,1
B3_D2_Craig_Bampton,B3,2,Craig_Bampton,full-grid,1187,17,47,80,0.99988844809657329,0.99965612965866524,-0.021552982921904749,1,0,-1,STABLE,3.475414590871595e-16,1.4054849545799591e-16,1
B3_D2_Craig_Bampton,B3,2,Craig_Bampton,full-grid,1188,17,48,81,0.99996325258416019,0.99973221183689887,-0.021494444268108689,1,0,-1,STABLE,3.102762784891527e-16,1.4054849545799591e-16,1
B3_D2_Craig_Bampton,B3,2,Craig_Bampton,full-grid,1189,17,49,82,1.0000366418906834,0.9998069002464347,-0.021434722848940251,0,0,1,UNSTABLE,2.380762479796084e-16,1.4054849545799591e-16,1
B3_D2_Craig_Bampton,B3,2,Craig_Bampton,full-grid,1190,17,50,83,1.0001085965921281,0.99988017415522834,-0.021373869766285077,0,0,1,UNSTABLE,3.8853179817836101e-16,1.4054849545799591e-16,1
B3_D2_Craig_Bampton,B3,2,Craig_Bampton,full-grid,1191,17,51,84,1.0001790997110784,0.99995201527954625,-0.021311936496661785,0,0,1,UNSTABLE,5.2203124689250058e-16,1.4054849545799591e-16,1
B3_D2_Craig_Bampton,B3,2,Craig_Bampton,full-grid,1192,17,52,85,1.000248136707051,1.0000224077782089,-0.021248974737640078,0,0,1,UNSTABLE,2.2390650657336889e-16,1.4054849545799591e-16,1
B3_D2_Craig_Bampton,B3,2,Craig_Bampton,full-grid,1193,17,53,86,1.0003156954545107,1.0000913382343759,-0.021185036257144813,0,0,1,UNSTABLE,6.7987621666197591e-16,1.4054849545799591e-16,1
B3_D2_Craig_Bampton,B3,2,Craig_Bampton,full-grid,1194,17,54,87,1.0003817662093977,1.0001587956256608,-0.021120172746970613,0,0,1,UNSTABLE,3.8161463075072535e-16,1.4054849545799591e-16,1
B3_D2_Craig_Bampton,B3,2,Craig_Bampton,full-grid,1195,17,55,88,1.0004463415646718,1.0002247712830743,-0.021054435681293858,0,0,1,UNSTABLE,1.9753840431102488e-16,1.4054849545799591e-16,1
B3_D2_Craig_Bampton,B3,2,Craig_Bampton,full-grid,1196,17,56,89,1.0005094163959463,1.0002892588398384,-0.020987876181357574,0,0,1,UNSTABLE,3.5266093129589482e-16,1.4054849545799591e-16,1
B3_D2_Craig_Bampton,B3,2,Craig_Bampton,full-grid,1197,17,57,90,1.0005709877977909,1.0003522541706369,-0.020920544887075846,0,0,1,UNSTABLE,2.4496569446611496e-16,1.4054849545799591e-16,1
B3_D2_Craig_Bampton,B3,2,Craig_Bampton,full-grid,1198,17,58,91,1.0006310550120012,1.0004137553225927,-0.020852491836182176,0,0,1,UNSTABLE,1.826480589220795e-16,1.4054849545799591e-16,1
B3_D2_Craig_Bampton,B3,2,Craig_Bampton,full-grid,1199,17,59,92,1.0006896193485086,1.0004737624386273,-0.020783766351656619,0,0,1,UNSTABLE,2.5218653804135584e-16,1.4054849545799591e-16,1
B3_D2_Craig_Bampton,B3,2,Craig_Bampton,full-grid,1200,17,60,93,1.0007466841002099,1.0005322776744883,-0.020714416937630022,0,0,1,UNSTABLE,1.3657525412132268e-16,1.4054849545799591e-16,1
B3_D2_Craig_Bampton,B3,2,Craig_Bampton,full-grid,1201,17,61,94,1.0008022544524402,1.0005893051101586,-0.020644491184248631,0,0,1,UNSTABLE,2.7143444628395217e-16,1.4054849545799591e-16,1
B3_D2_Craig_Bampton,B3,2,Craig_Bampton,full-grid,1202,17,62,95,1.0008563373883745,1.0006448506569359,-0.020574035681663251,0,0,1,UNSTABLE,3.4401748826361807e-16,1.4054849545799591e-16,1
B3_D2_Craig_Bampton,B3,2,Craig_Bampton,full-grid,1203,17,63,96,1.0009089415911718,1.0006989219610001,-0.020503095943098855,0,0,1,UNSTABLE,3.0628409527059982e-16,1.4054849545799591e-16,1
B3_D2_Craig_Bampton,B3,2,Craig_Bampton,full-grid,1204,17,64,97,1.0009600773436362,1.0007515283042563,-0.020431716336952812,0,0,1,UNSTABLE,1.6601710620953061e-16,1.4054849545799591e-16,1
B3_D2_Craig_Bampton,B3,2,Craig_Bampton,full-grid,1205,17,65,98,1.0010097564267224,1.0008026805037722,-0.020359940028172742,0,0,1,UNSTABLE,1.70188249554732e-16,1.4054849545799591e-16,1
B3_D2_Craig_Bampton,B3,2,Craig_Bampton,full-grid,1206,17,66,99,1.0010579920171372,1.0008523908100939,-0.020287808928070059,0,0,1,UNSTABLE,2.4460936383325264e-16,1.4054849545799591e-16,1
B3_D2_Craig_Bampton,B3,2,Craig_Bampton,full-grid,1207,18,0,34,1.0017186641334015,0.99874896694093374,-0.077076475708377598,0,0,1,UNSTABLE,1.6602076973187024e-16,1.2758564174579436e-16,1
B3_D2_Craig_Bampton,B3,2,Craig_Bampton,full-grid,1208,18,1,35,1.0020355922690829,0.99907404388806764,-0.076983004638652569,0,0,1,UNSTABLE,2.25316230436134e-16,1.4054849545799591e-16,1
B3_D2_Craig_Bampton,B3,2,Craig_Bampton,full-grid,1209,18,2,36,1.0023401395340648,0.99938851575223664,-0.076865791505125597,0,0,1,UNSTABLE,3.2096754170638558e-16,1.4054849545799594e-16,1
B3_D2_Craig_Bampton,B3,2,Craig_Bampton,full-grid,1210,18,3,37,1.0026307236431249,0.99969068160883379,-0.076726195641397488,0,0,1,UNSTABLE,2.1692025369909075e-16,1.4054849545799591e-16,1
B3_D2_Craig_Bampton,B3,2,Craig_Bampton,full-grid,1211,18,4,38,1.0029059535961817,0.99997902461373867,-0.076565671754532563,0,0,1,UNSTABLE,1.4504833847501498e-16,1.4054849545799591e-16,1
B3_D2_Craig_Bampton,B3,2,Craig_Bampton,full-grid,1212,18,5,39,1.0031646242288372,1.0002522085812051,-0.076385748229665457,0,0,1,UNSTABLE,3.6723415224704484e-16,1.4054849545799591e-16,1
B3_D2_Craig_Bampton,B3,2,Craig_Bampton,full-grid,1213,18,6,40,1.0034057102358238,1.0005090738074158,-0.076188007999192148,0,0,1,UNSTABLE,1.1967579518303456e-16,1.4054849545799591e-16,1
B3_D2_Craig_Bampton,B3,2,Craig_Bampton,full-grid,1214,18,7,41,1.0036283599473432,1.0007486324688859,-0.075974071249660505,0,0,1,UNSTABLE,2.9496627961223633e-16,1.4054849545799591e-16,1
B3_D2_Craig_Bampton,B3,2,Craig_Bampton,full-grid,1215,18,8,42,1.0038318888463178,1.0009700636219894,-0.07574557939151641,0,0,1,UNSTABLE,1.68310429530683e-16,1.4054849545799591e-16,1
B3_D2_Craig_Bampton,B3,2,Craig_Bampton,full-grid,1216,18,9,43,1.0040157726485701,1.0011727076493662,-0.07550417991834725,0,0,1,UNSTABLE,2.1846050441896831e-16,1.4054849545799591e-16,1
B3_D2_Craig_Bampton,B3,2,Craig_Bampton,full-grid,1217,18,10,44,1.0041796397144496,1.001356059930502,-0.07525151199479356,0,0,1,UNSTABLE,1.7408886586259045e-16,1.4054849545799591e-16,1
B3_D2_Craig_Bampton,B3,2,Craig_Bampton,full-grid,1218,18,11,45,1.0043232625879126,1.0015197635296391,-0.074989192786460629,0,0,1,UNSTABLE,2.213815322648737e-16,1.4054849545799591e-16,1
B3_D2_Craig_Bampton,B3,2,Craig_Bampton,full-grid,1219,18,12,46,1.0044465485420984,1.0016636007691493,-0.074718804676708855,0,0,1,UNSTABLE,3.0846702213543316e-16,1.4054849545799591e-16,1
B3_D2_Craig_Bampton,B3,2,Craig_Bampton,full-grid,1220,18,13,47,1.004549529115899,1.0017874836587404,-0.074441883584870458,0,0,1,UNSTABLE,1.4332951052250421e-16,1.4054849545799591e-16,1
B3_D2_Craig_Bampton,B3,2,Craig_Bampton,full-grid,1221,18,14,48,1.004632348733504,1.0018914432588752,-0.074159908619445908,0,0,1,UNSTABLE,2.8784362607886846e-16,1.4054849545799591e-16,1
B3_D2_Craig_Bampton,B3,2,Craig_Bampton,full-grid,1222,18,15,49,1.0046952525898403,1.0019756181513029,-0.073874293274979255,0,0,1,UNSTABLE,1.9464963507577757e-16,1.4054849545799591e-16,1
B3_D2_Craig_Bampton,B3,2,Craig_Bampton,full-grid,1223,18,16,50,1.0047385740480059,1.0020402422583732,-0.073586378323717061,0,0,1,UNSTABLE,1.3723287959276635e-16,1.4054849545799591e-16,1
B3_D2_Craig_Bampton,B3,2,Craig_Bampton,full-grid,1224,18,17,51,1.0047627218295445,1.0020856322936411,-0.073297426482572148,0,0,1,UNSTABLE,1.6246774549158039e-16,1.4054849545799591e-16,1
B3_D2_Craig_Bampton,B3,2,Craig_Bampton,full-grid,1225,18,18,52,1.0047681672824451,1.0021121751363302,-0.073008618858711682,0,0,1,UNSTABLE,3.3590053351652685e-16,1.4054849545799594e-16,1
B3_D2_Craig_Bampton,B3,2,Craig_Bampton,full-grid,1226,18,19,53,1.0047554319930319,1.0021203154085039,-0.072721053107505845,0,0,1,UNSTABLE,1.7495465828478773e-16,1.4054849545799591e-16,1
B3_D2_Craig_Bampton,B3,2,Craig_Bampton,full-grid,1227,18,20,54,1.004725075969811,1.0021105434995699,-0.072435743176547926,0,0,1,UNSTABLE,2.3576760101538061e-16,1.4054849545799591e-16,1
B3_D2_Craig_Bampton,B3,2,Craig_Bampton,full-grid,1228,18,21,55,1.0046776865805247,1.0020833842379813,-0.072153620470142149,0,0,1,UNSTABLE,4.4702671263901128e-16,1.4054849545799591e-16,1
B3_D2_Craig_Bampton,B3,2,Craig_Bampton,full-grid,1229,18,22,56,1.0046138683707047,1.0020393863581385,-0.071875536239786902,0,0,1,UNSTABLE,1.7162594522533009e-16,1.4054849545799591e-16,1
B3_D2_Craig_Bampton,B3,2,Craig_Bampton,full-grid,1230,18,23,57,1.0045342338410808,1.0019791128590072,-0.071602264998836637,0,0,1,UNSTABLE,2.8629782848191004e-16,1.4054849545799591e-16,1
B3_D2_Craig_Bampton,B3,2,Craig_Bampton,full-grid,1231,18,24,58,1.0044393952138637,1.0019031323024643,-0.071334508760507939,0,0,1,UNSTABLE,4.2161469404101143e-16,1.4054849545799591e-16,1
B3_D2_Craig_Bampton,B3,2,Craig_Bampton,full-grid,1232,18,25,59,1.0043299571775421,1.001812011057043,-0.071072901911254274,0,0,1,UNSTABLE,2.7241316040058721e-16,1.4054849545799591e-16,1
B3_D2_Craig_Bampton,B3,2,Craig_Bampton,full-grid,1233,18,26,60,1.0042065105680271,1.0017063064583605,-0.070818016554846944,0,0,1,UNSTABLE,2.2869529348194118e-16,1.4054849545799591e-16,1
B3_D2_Craig_Bampton,B3,2,Craig_Bampton,full-grid,1234,18,27,61,1.004069626918032,1.0015865608293066,-0.070570368182669679,0,0,1,UNSTABLE,3.6878455594734288e-16,1.4054849545799591e-16,1
B3_D2_Craig_Bampton,B3,2,Craig_Bampton,full-grid,1235,18,28,62,1.0039198537898615,1.0014532962835312,-0.070330421556443451,0,0,1,UNSTABLE,2.0300125384672353e-16,1.4054849545799591e-16,1
B3_D2_Craig_Bampton,B3,2,Craig_Bampton,full-grid,1236,18,29,63,1.0037577107950879,1.0013070102215647,-0.070098596717383513,0,0,1,UNSTABLE,1.6243950028592914e-16,1.4054849545799591e-16,1
B3_D2_Craig_Bampton,B3,2,Craig_Bampton,full-grid,1237,18,30,64,1.0035836861978311,1.0011481714200658,-0.069875275059817124,0,0,1,UNSTABLE,2.9614947279833742e-16,1.4054849545799591e-16,1
B3_D2_Craig_Bampton,B3,2,Craig_Bampton,full-grid,1238,18,31,65,1.0033982339958987,1.0009772166097064,-0.069660805438732362,0,0,1,UNSTABLE,1.8115239236846347e-16,1.4054849545799591e-16,1
B3_D2_Craig_Bampton,B3,2,Craig_Bampton,full-grid,1239,18,32,66,1.0032017713733321,1.0007945474348949,-0.069455510301022649,0,0,1,UNSTABLE,3.3013921741939214e-16,1.4054849545799591e-16,1
B3_D2_Craig_Bampton,B3,2,Craig_Bampton,full-grid,1240,18,33,67,1.0029946764193356,1.0006005276877368,-0.069259691860058717,0,0,1,UNSTABLE,2.6498541803449762e-16,1.4054849545799591e-16,1
B3_D2_Craig_Bampton,B3,2,Craig_Bampton,full-grid,1241,18,34,68,1.0027772860092734,1.0003954807080255,-0.069073638351275141,0,0,1,UNSTABLE,1.9662426195243503e-16,1.4054849545799594e-16,1
B3_D2_Craig_Bampton,B3,2,Craig_Bampton,full-grid,1242,18,35,69,1.0025498937447519,1.0001796868401502,-0.068897630437864621,0,0,1,UNSTABLE,2.1337728580284048e-16,1.4054849545799591e-16,1
B3_D2_Craig_Bampton,B3,2,Craig_Bampton,full-grid,1243,18,36,70,1.0023127478490101,0.99995338083542662,-0.068731947858572201,0,0,1,UNSTABLE,1.6643511122282923e-16,1.4054849545799591e-16,1
B3_D2_Craig_Bampton,B3,2,Craig_Bampton,full-grid,1244,18,37,71,1.002066048910939,0.99971674908318753,-0.068576876441868051,0,0,1,UNSTABLE,1.1407075383711185e-16,1.4054849545799591e-16,1
B3_D2_Craig_Bampton,B3,2,Craig_Bampton,full-grid,1245,18,38,72,1.0018099473659583,0.99946992654616951,-0.068432715649599712,0,0,1,UNSTABLE,1.4790814142896206e-16,1.4054849545799591e-16,1
B3_D2_Craig_Bampton,B3,2,Craig_Bampton,full-grid,1246,18,39,73,1.0015445405919579,0.99921299326254243,-0.068299786858134579,0,0,1,UNSTABLE,1.7783130324192978e-16,1.4054849545799591e-16,1
B3_D2_Craig_Bampton,B3,2,Craig_Bampton,full-grid,1247,18,40,74,1.0012698694848527,0.99894597025885301,-0.068178442647312362,0,0,1,UNSTABLE,1.3126274383948181e-16,1.4054849545799591e-16,1
B3_D2_Craig_Bampton,B3,2,Craig_Bampton,full-grid,1248,18,41,75,1.0009859143582833,0.99866881469217128,-0.068069077450939014,0,0,1,UNSTABLE,3.6105082402602437e-16,1.4054849545799591e-16,1
B3_D2_Craig_Bampton,B3,2,Craig_Bampton,full-grid,1249,18,42,76,1.0006925899845758,0.99838141400459035,-0.067972140029815983,0,0,1,UNSTABLE,5.8916449003102834e-16,1.4054849545799591e-16,1
B3_D2_Craig_Bampton,B3,2,Craig_Bampton,full-grid,1250,18,43,77,1.0003897395582695,0.99808357882578025,-0.067888148389723624,0,0,1,UNSTABLE,1.8802388596614777e-16,1.4054849545799591e-16,1
B3_D2_Craig_Bampton,B3,2,Craig_Bampton,full-grid,1251,18,44,78,1.0000771273167879,0.99777503429688019,-0.067817707982929881,0,0,1,UNSTABLE,2.3594628665926873e-16,1.4054849545799591e-16,1
B3_D2_Craig_Bampton,B3,2,Craig_Bampton,full-grid,1252,18,45,79,0.9997544294939148,0.99745540940697364,-0.067761534350026034,1,0,-1,STABLE,3.9706327007468125e-16,1.4054849545799591e-16,1
B3_D2_Craig_Bampton,B3,2,Craig_Bampton,full-grid,1253,18,46,80,0.99981584291781078,0.99958234144585401,-0.021606999307552405,1,0,-1,STABLE,1.4455690230254441e-16,1.4054849545799591e-16,1
B3_D2_Craig_Bampton,B3,2,Craig_Bampton,full-grid,1254,18,47,81,0.99989191772868724,0.99965967128612832,-0.02154968081577948,1,0,-1,STABLE,1.5435210293373693e-16,1.4054849545799591e-16,1
B3_D2_Craig_Bampton,B3,2,Craig_Bampton,full-grid,1255,18,48,82,0.99996660112112778,0.99973563231928186,-0.021491133727811623,1,0,-1,STABLE,3.1137400886808788e-16,1.4054849545799591e-16,1
B3_D2_Craig_Bampton,B3,2,Craig_Bampton,full-grid,1256,18,49,83,1.0000398714217145,0.99981020157160783,-0.021431408411486681,0,0,1,UNSTABLE,2.1572648048129661e-16,1.4054849545799591e-16,1
B3_D2_Craig_Bampton,B3,2,Craig_Bampton,full-grid,1257,18,50,84,1.000111709381851,0.99988335849204191,-0.021370555757000222,0,0,1,UNSTABLE,1.8236382398938432e-16,1.4054849545799594e-16,1
B3_D2_Craig_Bampton,B3,2,Craig_Bampton,full-grid,1258,18,51,85,1.0001820981806915,0.99995508495907348,-0.021308627023405614,0,0,1,UNSTABLE,3.2367948002843702e-16,1.4054849545799591e-16,1
B3_D2_Craig_Bampton,B3,2,Craig_Bampton,full-grid,1259,18,52,86,1.0002510234156223,1.0000253652750981,-0.021245673686803922,0,0,1,UNSTABLE,1.1891953076585726e-16,1.4054849545799591e-16,1
B3_D2_Craig_Bampton,B3,2,Craig_Bampton,full-grid,1260,18,53,87,1.0003184730806303,1.0000941861485144,-0.021181747291099624,0,0,1,UNSTABLE,1.8947692696767337e-16,1.4054849545799591e-16,1
B3_D2_Craig_Bampton,B3,2,Craig_Bampton,full-grid,1261,18,54,88,1.0003844375332824,1.0001615366642544,-0.021116899303138616,0,0,1,UNSTABLE,1.618781065773171e-16,1.4054849545799591e-16,1
B3_D2_Craig_Bampton,B3,2,Craig_Bampton,full-grid,1262,18,55,89,1.0004489094508831,1.0002274082433056,-0.021051180972588016,0,0,1,UNSTABLE,1.6582791031989102e-16,1.4054849545799591e-16,1
B3_D2_Craig_Bampton,B3,2,Craig_Bampton,full-grid,1263,18,56,90,1.0005118837767626,1.0002917945921479,-0.020984643197966644,0,0,1,UNSTABLE,3.0837843003759009e-16,1.4054849545799591e-16,1
B3_D2_Craig_Bampton,B3,2,Craig_Bampton,full-grid,1264,18,57,91,1.0005733576573965,1.0003546916427966,-0.020917336399305556,0,0,1,UNSTABLE,3.4616136204770028e-16,1.4054849545799591e-16,1
B3_D2_Craig_Bampton,B3,2,Craig_Bampton,full-grid,1265,18,58,92,1.0006333303715167,1.0004160974845886,-0.020849310398641629,0,0,1,UNSTABLE,3.8694233682159797e-16,1.4054849545799591e-16,1
B3_D2_Craig_Bampton,B3,2,Craig_Bampton,full-grid,1266,18,59,93,1.0006918032519341,1.0004760122884433,-0.02078061430810858,0,0,1,UNSTABLE,4.752602980905894e-16,1.4054849545799591e-16,1
B3_D2_Craig_Bampton,B3,2,Craig_Bampton,full-grid,1267,18,60,94,1.0007487796013088,1.0005344382248049,-0.020711296426899891,0,0,1,UNSTABLE,2.0912280351976498e-16,1.4054849545799591e-16,1
B3_D2_Craig_Bampton,B3,2,Craig_Bampton,full-grid,1268,18,61,95,1.0008042646026141,1.0005913793760319,-0.020641404146733336,0,0,1,UNSTABLE,2.2937919678607821e-16,1.4054849545799591e-16,1
B3_D2_Craig_Bampton,B3,2,Craig_Bampton,full-grid,1269,18,62,96,1.0008582652255325,1.0006468416444594,-0.02057098386637702,0,0,1,UNSTABLE,1.4916190431235169e-16,1.4054849545799591e-16,1
B3_D2_Craig_Bampton,B3,2,Craig_Bampton,full-grid,1270,18,63,97,1.0009107901295671,1.000700832656922,-0.020500080915390552,0,0,1,UNSTABLE,4.6416531645836544e-16,1.4054849545799591e-16,1
B3_D2_Craig_Bampton,B3,2,Craig_Bampton,full-grid,1271,18,64,98,1.0009618495647492,1.000753361666638,-0.020428739486494787,0,0,1,UNSTABLE,3.6884873721072914e-16,1.4054849545799591e-16,1
B3_D2_Craig_Bampton,B3,2,Craig_Bampton,full-grid,1272,18,65,99,1.0010114552709772,1.0008044394534785,-0.020357002577194978,0,0,1,UNSTABLE,1.7746270617678775e-16,1.4054849545799591e-16,1
B3_D2_Craig_Bampton,B3,2,Craig_Bampton,full-grid,1273,18,66,100,1.001059620376711,1.000854078223373,-0.020284911939840482,0,0,1,UNSTABLE,2.8351226208475184e-16,1.4054849545799594e-16,1
B3_D2_Craig_Bampton,B3,2,Craig_Bampton,full-grid,1274,19,0,35,1.0025824947214954,0.99965620074543704,-0.076545013117613664,0,0,1,UNSTABLE,3.6626688262671488e-16,1.2758564174579434e-16,1
B3_D2_Craig_Bampton,B3,2,Craig_Bampton,full-grid,1275,19,1,36,1.0028788394156485,0.99996102782144358,-0.076445466745651239,0,0,1,UNSTABLE,2.6232560174545289e-16,1.4054849545799591e-16,1
B3_D2_Craig_Bampton,B3,2,Craig_Bampton,full-grid,1276,19,2,37,1.0031629580237134,1.0002552192289091,-0.076324417824267993,0,0,1,UNSTABLE,2.4657481184682174e-16,1.4054849545799591e-16,1
B3_D2_Craig_Bampton,B3,2,Craig_Bampton,full-grid,1277,19,3,38,1.003433508102711,1.0005373252820506,-0.076183107712624459,0,0,1,UNSTABLE,3.8905222551548409e-16,1.4054849545799591e-16,1
B3_D2_Craig_Bampton,B3,2,Craig_Bampton,full-grid,1278,19,4,39,1.0036893004803318,1.0008060441887245,-0.076022850604369294,0,0,1,UNSTABLE,1.7068815857186032e-16,1.4054849545799591e-16,1
B3_D2_Craig_Bampton,B3,2,Craig_Bampton,full-grid,1279,19,5,40,1.0039292952448633,1.0010602193951139,-0.075845019582396409,0,0,1,UNSTABLE,2.8282197099579196e-16,1.4054849545799591e-16,1
B3_D2_Craig_Bampton,B3,2,Craig_Bampton,full-grid,1280,19,6,41,1.004152598172551,1.0012988372466236,-0.075651033999834486,0,0,1,UNSTABLE,3.9747866114274346e-16,1.4054849545799591e-16,1
B3_D2_Craig_Bampton,B3,2,Craig_Bampton,full-grid,1281,19,7,42,1.0043584574761886,1.001521024893578,-0.075442347524889458,0,0,1,UNSTABLE,2.6339911286067028e-16,1.4054849545799591e-16,1
B3_D2_Craig_Bampton,B3,2,Craig_Bampton,full-grid,1282,19,8,43,1.0045462605794999,1.0017260481754269,-0.075220436392638396,0,0,1,UNSTABLE,1.0572094006380979e-16,1.4054849545799591e-16,1
B3_D2_Craig_Bampton,B3,2,Craig_Bampton,full-grid,1283,19,9,44,1.0047155305490776,1.0019133091277714,-0.074986787630574814,0,0,1,UNSTABLE,4.7122957582778157e-16,1.4054849545799591e-16,1
B3_D2_Craig_Bampton,B3,2,Craig_Bampton,full-grid,1284,19,10,45,1.0048659218245928,1.0020823427512471,-0.074742887223873941,0,0,1,UNSTABLE,2.7678262622631051e-16,1.4054849545799591e-16,1
B3_D2_Craig_Bampton,B3,2,Craig_Bampton,full-grid,1285,19,11,46,1.0049972149628665,1.0022328127449245,-0.074490208353282461,0,0,1,UNSTABLE,1.2769307697264599e-16,1.4054849545799591e-16,1
B3_D2_Craig_Bampton,B3,2,Craig_Bampton,full-grid,1286,19,12,47,1.005109310219559,1.002364506008578,-0.074230199947305439,0,0,1,UNSTABLE,1.7903938578771928e-16,1.4054849545799591e-16,1
B3_D2_Craig_Bampton,B3,2,Craig_Bampton,full-grid,1287,19,13,48,1.0052022199173649,1.0024773258406581,-0.073964275850991634,0,0,1,UNSTABLE,3.3065294510794188e-16,1.4054849545799591e-16,1
B3_D2_Craig_Bampton,B3,2,Craig_Bampton,full-grid,1288,19,14,49,1.0052760596661474,1.0025712838769052,-0.07369380491811818,0,0,1,UNSTABLE,1.8166121306780688e-16,1.4054849545799591e-16,1
B3_D2_Craig_Bampton,B3,2,Craig_Bampton,full-grid,1289,19,15,50,1.005331038600785,1.0026464909188613,-0.073420102303300261,0,0,1,UNSTABLE,2.6080076826445767e-16,1.4054849545799591e-16,1
B3_D2_Craig_Bampton,B3,2,Craig_Bampton,full-grid,1290,19,16,51,1.0053674488734863,1.0027031468784098,-0.073144422169542478,0,0,1,UNSTABLE,1.9110908513099179e-16,1.4054849545799591e-16,1
B3_D2_Craig_Bampton,B3,2,Craig_Bampton,full-grid,1291,19,17,52,1.0053856546777862,1.0027415301116911,-0.072867951948336326,0,0,1,UNSTABLE,4.0715800503485681e-16,1.4054849545799591e-16,1
B3_D2_Craig_Bampton,B3,2,Craig_Bampton,full-grid,1292,19,18,53,1.0053860810940602,1.0027619864345554,-0.072591808212060585,0,0,1,UNSTABLE,2.6737604394541336e-16,1.4054849545799591e-16,1
B3_D2_Craig_Bampton,B3,2,Craig_Bampton,full-grid,1293,19,19,54,1.0053692030329571,1.0027649181040559,-0.072317034140576622,0,0,1,UNSTABLE,1.7347208190518111e-16,1.4054849545799591e-16,1
B3_D2_Craig_Bampton,B3,2,Craig_Bampton,full-grid,1294,19,20,55,1.0053355345216437,1.0027507730231704,-0.072044598502271046,0,0,1,UNSTABLE,2.0878477513789803e-16,1.4054849545799591e-16,1
B3_D2_Craig_Bampton,B3,2,Craig_Bampton,full-grid,1295,19,21,56,1.0052856185348771,1.0027200343860758,-0.071775396020064663,0,0,1,UNSTABLE,1.0557967118359517e-16,1.4054849545799591e-16,1
B3_D2_Craig_Bampton,B3,2,Craig_Bampton,full-grid,1296,19,22,57,1.0052200175235102,1.0026732109333034,-0.071510248962405723,0,0,1,UNSTABLE,1.3189020845648029e-16,1.4054849545799591e-16,1
B3_D2_Craig_Bampton,B3,2,Craig_Bampton,full-grid,1297,19,23,58,1.0051393047431998,1.0026108279366843,-0.071249909780711954,0,0,1,UNSTABLE,2.1399819918143785e-16,1.4054849545799591e-16,1
B3_D2_Craig_Bampton,B3,2,Craig_Bampton,full-grid,1298,19,24,59,1.0050440564399787,1.0025334189870632,-0.070995064613232031,0,0,1,UNSTABLE,2.3306528254446865e-16,1.4054849545799591e-16,1
B3_D2_Craig_Bampton,B3,2,Craig_Bampton,full-grid,1299,19,25,60,1.0049348449083473,1.0024415186153668,-0.070746337481745789,0,0,1,UNSTABLE,1.338221590496982e-16,1.4054849545799591e-16,1
B3_D2_Craig_Bampton,B3,2,Craig_Bampton,full-grid,1300,19,26,61,1.0048122324040358,1.002335655742044,-0.070504295024833213,0,0,1,UNSTABLE,1.8166932464019418e-16,1.4054849545799591e-16,1
B3_D2_Craig_Bampton,B3,2,Craig_Bampton,full-grid,1301,19,27,62,1.0046767658667091,1.0022163479209767,-0.07026945162963627,0,0,1,UNSTABLE,2.838560865170132e-16,1.4054849545799591e-16,1
B3_D2_Craig_Bampton,B3,2,Craig_Bampton,full-grid,1302,19,28,63,1.0045289723894328,1.0020840963229456,-0.070042274851662562,0,0,1,UNSTABLE,2.9879231738947053e-16,1.4054849545799591e-16,1
B3_D2_Craig_Bampton,B3,2,Craig_Bampton,full-grid,1303,19,29,64,1.0043693553578616,1.0019393813877051,-0.069823191035568818,0,0,1,UNSTABLE,3.8552827099407404e-16,1.4054849545799591e-16,1
B3_D2_Craig_Bampton,B3,2,Craig_Bampton,full-grid,1304,19,30,65,1.00419839117454,1.001782659063887,-0.069612591076778904,0,0,1,UNSTABLE,1.6580586027074735e-16,1.4054849545799591e-16,1
B3_D2_Craig_Bampton,B3,2,Craig_Bampton,full-grid,1305,19,31,66,1.0040165264803715,1.0016143575504697,-0.069410836289952205,0,0,1,UNSTABLE,4.0413966033304057e-16,1.4054849545799591e-16,1
B3_D2_Craig_Bampton,B3,2,Craig_Bampton,full-grid,1306,19,32,67,1.0038241757842408,1.0014348744505823,-0.069218264374777197,0,0,1,UNSTABLE,3.2020577780392326e-16,1.4054849545799591e-16,1
B3_D2_Craig_Bampton,B3,2,Craig_Bampton,full-grid,1307,19,33,68,1.0036217194135169,1.0012445742481959,-0.069035195495434867,0,0,1,UNSTABLE,2.4247189041643743e-16,1.4054849545799591e-16,1
B3_D2_Craig_Bampton,B3,2,Craig_Bampton,full-grid,1308,19,34,69,1.0034095017014306,1.0010437860197776,-0.068861938513981424,0,0,1,UNSTABLE,3.0622761711583044e-16,1.4054849545799591e-16,1
B3_D2_Craig_Bampton,B3,2,Craig_Bampton,full-grid,1309,19,35,70,1.0031878293301937,1.0008328012938783,-0.068698797445618798,0,0,1,UNSTABLE,4.5923381995384944e-16,1.4054849545799591e-16,1
B3_D2_Craig_Bampton,B3,2,Craig_Bampton,full-grid,1310,19,36,71,1.0029569697532825,1.0006118719742318,-0.068546078231437782,0,0,1,UNSTABLE,3.0972329190334006e-16,1.4054849545799591e-16,1
B3_D2_Craig_Bampton,B3,2,Craig_Bampton,full-grid,1311,19,37,72,1.0027171496235958,1.0003812082428674,-0.06840409595784093,0,0,1,UNSTABLE,2.5517670015189516e-16,1.4054849545799591e-16,1
B3_D2_Craig_Bampton,B3,2,Craig_Bampton,full-grid,1312,19,38,73,1.0024685531579616,1.0001409763607143,-0.068273182691694995,0,0,1,UNSTABLE,1.4931504840545083e-16,1.4054849545799591e-16,1
B3_D2_Craig_Bampton,B3,2,Craig_Bampton,full-grid,1313,19,39,74,1.0022113203720133,0.99989129628326623,-0.068153696149100079,0,0,1,UNSTABLE,1.588629526650964e-16,1.4054849545799591e-16,1
B3_D2_Craig_Bampton,B3,2,Craig_Bampton,full-grid,1314,19,40,75,1.0019455451239632,0.99963223900870912,-0.068046029481451567,0,0,1,UNSTABLE,2.8668163466772938e-16,1.4054849545799591e-16,1
B3_D2_Craig_Bampton,B3,2,Craig_Bampton,full-grid,1315,19,41,76,1.0016712729114845,0.9993638235755895,-0.067950622546757183,0,0,1,UNSTABLE,1.4932316597696264e-16,1.4054849545799591e-16,1
B3_D2_Craig_Bampton,B3,2,Craig_Bampton,full-grid,1316,19,42,77,1.0013884983759027,0.99908601362885074,-0.06786797514849803,0,0,1,UNSTABLE,1.283033377873877e-16,1.4054849545799591e-16,1
B3_D2_Craig_Bampton,B3,2,Craig_Bampton,full-grid,1317,19,43,78,1.0010971624857303,0.9987987134793368,-0.067798662885062033,0,0,1,UNSTABLE,2.7975891657817036e-16,1.4054849545799591e-16,1
B3_D2_Craig_Bampton,B3,2,Craig_Bampton,full-grid,1318,19,44,79,1.0007971494029426,0.99850176359728504,-0.067743356472552377,0,0,1,UNSTABLE,2.2083460816250897e-16,1.4054849545799591e-16,1
B3_D2_Craig_Bampton,B3,2,Craig_Bampton,full-grid,1319,19,45,80,1.0004882830933992,0.99819493551547156,-0.067702845718930163,0,0,1,UNSTABLE,1.9223886825366363e-16,1.4054849545799591e-16,1
B3_D2_Craig_Bampton,B3,2,Craig_Bampton,full-grid,1320,19,46,81,1.0001703238482693,0.99787792619014548,-0.067678069780443537,0,0,1,UNSTABLE,3.2899079694108318e-16,1.4054849545799591e-16,1
B3_D2_Craig_Bampton,B3,2,Craig_Bampton,full-grid,1321,19,47,82,0.99989540351879236,0.99966322934930241,-0.021546365469211834,1,0,-1,STABLE,2.0348946035563405e-16,1.4054849545799591e-16,1
B3_D2_Craig_Bampton,B3,2,Craig_Bampton,full-grid,1322,19,48,83,0.99996996519191939,0.99973906861380457,-0.021487809872835793,1,0,-1,STABLE,2.1005440863899406e-16,1.4054849545799591e-16,1
B3_D2_Craig_Bampton,B3,2,Craig_Bampton,full-grid,1323,19,49,84,1.0000431158742442,0.99981351809670316,-0.021428080608412014,0,0,1,UNSTABLE,3.0548248423820805e-16,1.4054849545799591e-16,1
B3_D2_Craig_Bampton,B3,2,Craig_Bampton,full-grid,1324,19,50,85,1.0001148364932999,0.99988655742864985,-0.021367228353332355,0,0,1,UNSTABLE,1.6899633547830506e-16,1.4054849545799591e-16,1
B3_D2_Craig_Bampton,B3,2,Craig_Bampton,full-grid,1325,19,51,86,1.0001851103854196,0.99995816865099485,-0.021305304148087085,0,0,1,UNSTABLE,2.9323904001836994e-16,1.4054849545799591e-16,1
B3_D2_Craig_Bampton,B3,2,Craig_Bampton,full-grid,1326,19,52,87,1.0002539232863785,1.0000283362102556,-0.021242359246103612,0,0,1,UNSTABLE,1.9495288463458438e-16,1.4054849545799591e-16,1
B3_D2_Craig_Bampton,B3,2,Craig_Bampton,full-grid,1327,19,53,88,1.0003212633101972,1.0000970469406054,-0.021178444966273482,0,0,1,UNSTABLE,2.5164137273930641e-16,1.4054849545799591e-16,1
B3_D2_Craig_Bampton,B3,2,Craig_Bampton,full-grid,1328,19,54,89,1.0003871209164426,1.0001642900346956,-0.021113612549300227,0,0,1,UNSTABLE,1.5299480858446609e-16,1.4054849545799591e-16,1
B3_D2_Craig_Bampton,B3,2,Craig_Bampton,full-grid,1329,19,55,90,1.0004514888671119,1.0002300570038645,-0.021047913019267527,0,0,1,UNSTABLE,1.408951942854712e-16,1.4054849545799591e-16,1
B3_D2_Craig_Bampton,B3,2,Craig_Bampton,full-grid,1330,19,56,91,1.0005143621735135,1.0002943416281367,-0.020981397050851312,0,0,1,UNSTABLE,3.1297443125866261e-16,1.4054849545799591e-16,1
B3_D2_Craig_Bampton,B3,2,Craig_Bampton,full-grid,1331,19,57,92,1.0005757380342792,1.0003571398971287,-0.020914114843312456,0,0,1,UNSTABLE,1.4659245502451393e-16,1.4054849545799591e-16,1
B3_D2_Craig_Bampton,B3,2,Craig_Bampton,full-grid,1332,19,58,93,1.0006356157651843,1.0004184499425284,-0.020846116001753404,0,0,1,UNSTABLE,3.0341228466813974e-16,1.4054849545799591e-16,1
B3_D2_Craig_Bampton,B3,2,Craig_Bampton,full-grid,1333,19,59,94,1.0006939967220627,1.0004782719634155,-0.020777449426567771,0,0,1,UNSTABLE,2.1978901576878296e-16,1.4054849545799591e-16,1
B3_D2_Craig_Bampton,B3,2,Craig_Bampton,full-grid,1334,19,60,95,1.0007508842173565,1.0005366081449742,-0.020708163210944659,0,0,1,UNSTABLE,3.3778942790559408e-16,1.4054849545799591e-16,1
B3_D2_Craig_Bampton,B3,2,Craig_Bampton,full-grid,1335,19,61,96,1.0008062834316973,1.0005934625719801,-0.020638304547181466,0,0,1,UNSTABLE,1.6074373752695924e-16,1.4054849545799591e-16,1
B3_D2_Craig_Bampton,B3,2,Craig_Bampton,full-grid,1336,19,62,97,1.0008602013212333,1.0006488411377821,-0.020567919641853751,0,0,1,UNSTABLE,3.295067701083456e-16,1.4054849545799591e-16,1
B3_D2_Craig_Bampton,B3,2,Craig_Bampton,full-grid,1337,19,63,98,1.0009126465216918,1.0007027514497717,-0.020497053639807781,0,0,1,UNSTABLE,1.6703882523421151e-16,1.4054849545799591e-16,1
B3_D2_Craig_Bampton,B3,2,Craig_Bampton,full-grid,1338,19,64,99,1.0009636292502029,1.0007552027323714,-0.020425750557274802,0,0,1,UNSTABLE,3.1809418125059169e-16,1.4054849545799591e-16,1
B3_D2_Craig_Bampton,B3,2,Craig_Bampton,full-grid,1339,19,65,100,1.0010131612054736,1.0008062057281379,-0.020354053223461285,0,0,1,UNSTABLE,2.3987974924295106e-16,1.4054849545799591e-16,1
B3_D2_Craig_Bampton,B3,2,Craig_Bampton,full-grid,1340,19,66,101,1.0010612554674623,1.0008557725981457,-0.020282003230955022,0,0,1,UNSTABLE,4.3177872269536734e-16,1.4054849545799591e-16,1
B3_D2_Craig_Bampton,B3,2,Craig_Bampton,full-grid,1341,20,0,36,1.0033995922368559,1.0005234199724025,-0.075918560232767426,0,0,1,UNSTABLE,2.200855903843335e-16,1.2758564174579434e-16,1
B3_D2_Craig_Bampton,B3,2,Craig_Bampton,full-grid,1342,20,1,37,1.003675348376839,1.0008077050073936,-0.075816505704254022,0,0,1,UNSTABLE,1.6472429870761049e-16,1.4054849545799591e-16,1
B3_D2_Craig_Bampton,B3,2,Craig_Bampton,full-grid,1343,20,2,38,1.0039393881549643,1.0010816953075228,-0.075695009143139924,0,0,1,UNSTABLE,1.6974327931589588e-16,1.4054849545799591e-16,1
B3_D2_Craig_Bampton,B3,2,Craig_Bampton,full-grid,1344,20,3,39,1.0041905515158176,1.0013441368043887,-0.075555168195931485,0,0,1,UNSTABLE,1.2573407126813293e-16,1.4054849545799591e-16,1
B3_D2_Craig_Bampton,B3,2,Craig_Bampton,full-grid,1345,20,4,40,1.0044277980736664,1.0015938906230355,-0.075398141951409897,0,0,1,UNSTABLE,1.6069501630381218e-16,1.4054849545799591e-16,1
B3_D2_Craig_Bampton,B3,2,Craig_Bampton,full-grid,1346,20,5,41,1.004650205616537,1.0018299324684676,-0.075225142443036477,0,0,1,UNSTABLE,2.3546850445508411e-16,1.4054849545799591e-16,1
B3_D2_Craig_Bampton,B3,2,Craig_Bampton,full-grid,1347,20,6,42,1.0048569693807532,1.0020513527493544,-0.075037426436818849,0,0,1,UNSTABLE,2.1599229816715213e-16,1.4054849545799591e-16,1
B3_D2_Craig_Bampton,B3,2,Craig_Bampton,full-grid,1348,20,7,43,1.005047401770673,1.0022573571470921,-0.074836286990382431,0,0,1,UNSTABLE,1.9118825362139021e-16,1.4054849545799591e-16,1
B3_D2_Craig_Bampton,B3,2,Craig_Bampton,full-grid,1349,20,8,44,1.0052209320984735,1.0024472672229883,-0.07462304447076791,0,0,1,UNSTABLE,2.0456047232888742e-16,1.4054849545799591e-16,1
B3_D2_Craig_Bampton,B3,2,Craig_Bampton,full-grid,1350,20,9,45,1.0053771059019654,1.0026205206241765,-0.074399036923314274,0,0,1,UNSTABLE,2.8834487150146261e-16,1.4054849545799591e-16,1
B3_D2_Craig_Bampton,B3,2,Craig_Bampton,full-grid,1351,20,10,46,1.0055155834414444,1.0027766704793053,-0.074165609860816453,0,0,1,UNSTABLE,1.2431763180146722e-16,1.4054849545799591e-16,1
B3_D2_Craig_Bampton,B3,2,Craig_Bampton,full-grid,1352,20,11,47,1.005636137068376,1.0029153836574227,-0.073924105683395691,0,0,1,UNSTABLE,6.8516425141364584e-16,1.4054849545799591e-16,1
B3_D2_Craig_Bampton,B3,2,Craig_Bampton,full-grid,1353,20,12,48,1.0057386472754968,1.0030364376748024,-0.073675853033325411,0,0,1,UNSTABLE,3.8584018959336832e-16,1.4054849545799591e-16,1
B3_D2_Craig_Bampton,B3,2,Craig_Bampton,full-grid,1354,20,13,49,1.0058230973641493,1.0031397161590472,-0.073422156434945818,0,0,1,UNSTABLE,3.0813994304454548e-16,1.4054849545799591e-16,1
B3_D2_Craig_Bampton,B3,2,Craig_Bampton,full-grid,1355,20,14,50,1.0058895667829384,1.0032252028998476,-0.073164286570203754,0,0,1,UNSTABLE,2.406567546707541e-16,1.4054849545799591e-16,1
B3_D2_Craig_Bampton,B3,2,Craig_Bampton,full-grid,1356,20,15,51,1.0059382232923408,1.0032929746205148,-0.072903471506302817,0,0,1,UNSTABLE,3.1496048102233519e-16,1.4054849545799591e-16,1
B3_D2_Craig_Bampton,B3,2,Craig_Bampton,full-grid,1357,20,16,52,1.0059693141830672,1.0033431926835628,-0.072640889129371805,0,0,1,UNSTABLE,2.1426048090412743e-16,1.4054849545799594e-16,1
B3_D2_Craig_Bampton,B3,2,Craig_Bampton,full-grid,1358,20,17,53,1.0059831568211977,1.0033760939954615,-0.072377660962159598,0,0,1,UNSTABLE,1.7789676807651642e-16,1.4054849545799591e-16,1
B3_D2_Craig_Bampton,B3,2,Craig_Bampton,full-grid,1359,20,18,54,1.0059801288097392,1.003391981398813,-0.07211484746308236,0,0,1,UNSTABLE,4.3419386790079849e-16,1.4054849545799591e-16,1
B3_D2_Craig_Bampton,B3,2,Craig_Bampton,full-grid,1360,20,19,55,1.0059606580489631,1.0033912138387051,-0.071853444827599589,0,0,1,UNSTABLE,1.6430878729540688e-16,1.4054849545799591e-16,1
B3_D2_Craig_Bampton,B3,2,Craig_Bampton,full-grid,1361,20,20,56,1.0059252129513077,1.0033741965681633,-0.071594383245658852,0,0,1,UNSTABLE,2.1126369471308498e-16,1.4054849545799591e-16,1
B3_D2_Craig_Bampton,B3,2,Craig_Bampton,full-grid,1362,20,21,57,1.0058742930283611,1.0033413716225836,-0.071338526518409814,0,0,1,UNSTABLE,1.1209515047395668e-16,1.4054849545799591e-16,1
B3_D2_Craig_Bampton,B3,2,Craig_Bampton,full-grid,1363,20,22,58,1.0058084200211659,1.0032932087488822,-0.071086672898977618,0,0,1,UNSTABLE,4.4843387683382655e-16,1.4054849545799591e-16,1
B3_D2_Craig_Bampton,B3,2,Craig_Bampton,full-grid,1364,20,23,59,1.0057281296979173,1.0032301969286048,-0.070839557002167264,0,0,1,UNSTABLE,3.3282733136678599e-16,1.4054849545799591e-16,1
B3_D2_Craig_Bampton,B3,2,Craig_Bampton,full-grid,1365,20,24,60,1.0056339643977925,1.0031528365887774,-0.070597852618265663,0,0,1,UNSTABLE,3.1713894338286513e-16,1.4054849545799591e-16,1
B3_D2_Craig_Bampton,B3,2,Craig_Bampton,full-grid,1366,20,25,61,1.0055264663590955,1.003061632552547,-0.070362176271261068,0,0,1,UNSTABLE,1.6954682338390809e-16,1.4054849545799591e-16,1
B3_D2_Craig_Bampton,B3,2,Craig_Bampton,full-grid,1367,20,26,62,1.0054061718353491,1.0029570877457377,-0.070133091370621875,0,0,1,UNSTABLE,2.2390735894072996e-16,1.4054849545799591e-16,1
B3_D2_Craig_Bampton,B3,2,Craig_Bampton,full-grid,1368,20,27,63,1.0052736059759302,1.0028396976463076,-0.069911112825590219,0,0,1,UNSTABLE,1.7425906299679276e-16,1.4054849545799591e-16,1
B3_D2_Craig_Bampton,B3,2,Craig_Bampton,full-grid,1369,20,28,64,1.0051292784276427,1.0027099454414057,-0.069696712012595294,0,0,1,UNSTABLE,2.3083439902656107e-16,1.4054849545799591e-16,1
B3_D2_Craig_Bampton,B3,2,Craig_Bampton,full-grid,1370,20,29,65,1.0049736795981563,1.0025682978393533,-0.069490322006445657,0,0,1,UNSTABLE,3.6679351186047707e-16,1.4054849545799591e-16,1
B3_D2_Craig_Bampton,B3,2,Craig_Bampton,full-grid,1371,20,30,66,1.0048072775156529,1.0024152014747463,-0.069292343016831487,0,0,1,UNSTABLE,1.7034561372354833e-16,1.4054849545799591e-16,1
B3_D2_Craig_Bampton,B3,2,Craig_Bampton,full-grid,1372,20,31,67,1.0046305152127331,1.002251079837035,-0.069103147989789004,0,0,1,UNSTABLE,3.5502073250279115e-16,1.4054849545799591e-16,1
B3_D2_Craig_Bampton,B3,2,Craig_Bampton,full-grid,1373,20,32,68,1.0044438085638834,1.002076330651883,-0.068923088363606597,0,0,1,UNSTABLE,2.1703562319433286e-16,1.4054849545799594e-16,1
B3_D2_Craig_Bampton,B3,2,Craig_Bampton,full-grid,1374,20,33,69,1.0042475445070325,1.0018913236442581,-0.068752499989166785,0,0,1,UNSTABLE,2.9026106706176258e-16,1.4054849545799591e-16,1
B3_D2_Craig_Bampton,B3,2,Craig_Bampton,full-grid,1375,20,34,70,1.0040420795860041,1.0016963986163667,-0.068591709254024066,0,0,1,UNSTABLE,1.1173353331210642e-16,1.4054849545799591e-16,1
B3_D2_Craig_Bampton,B3,2,Craig_Bampton,full-grid,1376,20,35,71,1.0038277387554602,1.0014918637768551,-0.068441039469468432,0,0,1,UNSTABLE,4.5272817697550166e-16,1.4054849545799591e-16,1
B3_D2_Craig_Bampton,B3,2,Craig_Bampton,full-grid,1377,20,36,72,1.0036048144006924,1.0012779942659296,-0.06830081761622657,0,0,1,UNSTABLE,2.6930803481046043e-16,1.4054849545799591e-16,1
B3_D2_Craig_Bampton,B3,2,Craig_Bampton,full-grid,1378,20,37,73,1.0033735655327554,1.0010550308274935,-0.068171381567930345,0,0,1,UNSTABLE,2.0642005178681975e-16,1.4054849545799591e-16,1
B3_D2_Craig_Bampton,B3,2,Craig_Bampton,full-grid,1379,20,38,74,1.0031342171348578,1.0008231785915864,-0.068053087957842401,0,0,1,UNSTABLE,1.7795148678509467e-16,1.4054849545799591e-16,1
B3_D2_Craig_Bampton,B3,2,Craig_Bampton,full-grid,1380,20,39,75,1.0028869596502241,1.0005826059417533,-0.067946320895838977,0,0,1,UNSTABLE,4.4237960759176599e-16,1.4054849545799591e-16,1
B3_D2_Craig_Bampton,B3,2,Craig_Bampton,full-grid,1381,20,40,76,1.002631948625877,1.000333443461781,-0.067851501805186343,0,0,1,UNSTABLE,2.9533782480212127e-16,1.4054849545799591e-16,1
B3_D2_Craig_Bampton,B3,2,Craig_Bampton,full-grid,1382,20,41,77,1.002369304557253,1.00007578298107,-0.067769100727328821,0,0,1,UNSTABLE,1.6667648305057543e-16,1.4054849545799591e-16,1
B3_D2_Craig_Bampton,B3,2,Craig_Bampton,full-grid,1383,20,42,78,1.0020991130229258,0.99980967677511434,-0.067699649542489346,0,0,1,UNSTABLE,2.8427233264365947e-16,1.4054849545799591e-16,1
B3_D2_Craig_Bampton,B3,2,Craig_Bampton,full-grid,1384,20,43,79,1.0018214252669988,0.99953513703553887,-0.067643757696830051,0,0,1,UNSTABLE,2.5605205524000434e-16,1.4054849545799591e-16,1
B3_D2_Craig_Bampton,B3,2,Craig_Bampton,full-grid,1385,20,44,80,1.0015362594877111,0.99925213581167305,-0.067602131212301894,0,0,1,UNSTABLE,4.0657694149754643e-16,1.4054849545799591e-16,1
B3_D2_Craig_Bampton,B3,2,Craig_Bampton,full-grid,1386,20,45,81,1.0012436032503604,0.99896060576635537,-0.067575596014254419,0,0,1,UNSTABLE,2.1710419652614535e-16,1.4054849545799591e-16,1
B3_D2_Craig_Bampton,B3,2,Craig_Bampton,full-grid,1387,20,46,82,1.0009434176932588,0.9986604423130061,-0.067565126971334002,0,0,1,UNSTABLE,2.5630047249878871e-16,1.4054849545799591e-16,1
B3_D2_Craig_Bampton,B3,2,Craig_Bampton,full-grid,1388,20,47,83,1.0006356446001528,0.9983515080691574,-0.067571884540854929,0,0,1,UNSTABLE,2.262577713272535e-16,1.4054849545799591e-16,1
B3_D2_Craig_Bampton,B3,2,Craig_Bampton,full-grid,1389,20,48,84,1.0003202180728805,0.998033641170462,-0.067597261611728507,0,0,1,UNSTABLE,2.8193545166461103e-16,1.4054849545799594e-16,1
B3_D2_Craig_Bampton,B3,2,Craig_Bampton,full-grid,1390,20,49,85,1.0000463760666267,0.99981685065856074,-0.021424738579267053,0,0,1,UNSTABLE,3.5686729347549974e-16,1.4054849545799591e-16,1
B3_D2_Craig_Bampton,B3,2,Craig_Bampton,full-grid,1391,20,50,86,1.000117978704564,0.99988977176154825,-0.021363886695582472,0,0,1,UNSTABLE,2.5699700149227164e-16,1.4054849545799591e-16,1
B3_D2_Craig_Bampton,B3,2,Craig_Bampton,full-grid,1392,20,51,87,1.0001881370641756,0.9999612671125172,-0.021301967013288372,0,0,1,UNSTABLE,2.0755300288754048e-16,1.4054849545799591e-16,1
B3_D2_Craig_Bampton,B3,2,Craig_Bampton,full-grid,1393,20,52,88,1.000256837020278,1.0000313213027878,-0.021239030561946811,0,0,1,UNSTABLE,1.339789737263868e-16,1.4054849545799591e-16,1
B3_D2_Craig_Bampton,B3,2,Craig_Bampton,full-grid,1394,20,53,89,1.0003240668073436,1.0000999212927582,-0.021175128434130882,0,0,1,UNSTABLE,2.8816642149371297e-16,1.4054849545799591e-16,1
B3_D2_Craig_Bampton,B3,2,Craig_Bampton,full-grid,1395,20,54,90,1.0003898169874583,1.000167056383344,-0.021110311643290164,0,0,1,UNSTABLE,2.3518723284081694e-16,1.4054849545799591e-16,1
B3_D2_Craig_Bampton,B3,2,Craig_Bampton,full-grid,1396,20,55,91,1.0004540804076116,1.0002327181765613,-0.021044630986724353,0,0,1,UNSTABLE,2.9396314815286165e-16,1.4054849545799591e-16,1
B3_D2_Craig_Bampton,B3,2,Craig_Bampton,full-grid,1397,20,56,92,1.0005168521474253,1.000296900526342,-0.020978136914091988,0,0,1,UNSTABLE,3.018702599770772e-16,1.4054849545799591e-16,1
B3_D2_Craig_Bampton,B3,2,Craig_Bampton,full-grid,1398,20,57,93,1.0005781294578606,1.0003595994801078,-0.020910879402594586,0,0,1,UNSTABLE,1.5499377973036652e-16,1.4054849545799591e-16,1
B3_D2_Craig_Bampton,B3,2,Craig_Bampton,full-grid,1399,20,58,94,1.0006379116919537,1.0004208132121355,-0.020842907839447349,0,0,1,UNSTABLE,1.3612688659880357e-16,1.4054849545799591e-16,1
B3_D2_Craig_Bampton,B3,2,Craig_Bampton,full-grid,1400,20,59,95,1.0006962002286079,1.0004805419497393,-0.020774270912108067,0,0,1,UNSTABLE,2.7192731510574148e-16,1.4054849545799591e-16,1
B3_D2_Craig_Bampton,B3,2,Craig_Bampton,full-grid,1401,20,60,96,1.0007529983901005,1.0005387878929208,-0.020705016506656109,0,0,1,UNSTABLE,3.2940530855610363e-16,1.4054849545799591e-16,1
B3_D2_Craig_Bampton,B3,2,Craig_Bampton,full-grid,1402,20,61,97,1.000808311354723,1.0005955551288963,-0.020635191615000052,0,0,1,UNSTABLE,1.4619008173896737e-16,1.4054849545799591e-16,1
B3_D2_Craig_Bampton,B3,2,Craig_Bampton,full-grid,1403,20,62,98,1.0008621460649867,1.0006508495419508,-0.020564842250379915,0,0,1,UNSTABLE,1.6690660608323858e-16,1.4054849545799591e-16,1
B3_D2_Craig_Bampton,B3,2,Craig_Bampton,full-grid,1404,20,63,99,1.0009145111327973,1.0007046787200062,-0.02049401337209442,0,0,1,UNSTABLE,1.6218945121486673e-16,1.4054849545799591e-16,1
B3_D2_Craig_Bampton,B3,2,Craig_Bampton,full-grid,1405,20,64,100,1.0009654167421371,1.0007570518584634,-0.02042274881882385,0,0,1,UNSTABLE,1.6128559567616195e-16,1.4054849545799594e-16,1
B3_D2_Craig_Bampton,B3,2,Craig_Bampton,full-grid,1406,20,65,101,1.0010148745503733,1.0008079796624376,-0.020351091250579413,0,0,1,UNSTABLE,2.2984890316247398e-16,1.4054849545799591e-16,1
B3_D2_Craig_Bampton,B3,2,Craig_Bampton,full-grid,1407,20,66,102,1.0010628975887301,1.0008574742479333,-0.020279082099351468,0,0,1,UNSTABLE,1.9749752203464068e-16,1.4054849545799591e-16,1
B3_D2_Craig_Bampton,B3,2,Craig_Bampton,full-grid,1408,21,0,37,1.0041541215324621,1.0013337735786894,-0.07520753739681145,0,0,1,UNSTABLE,2.0028892285744044e-16,1.2758564174579434e-16,1
B3_D2_Craig_Bampton,B3,2,Craig_Bampton,full-grid,1409,21,1,38,1.0044102614799963,1.0015982355347814,-0.075106244347106513,0,0,1,UNSTABLE,1.9362403679409452e-16,1.4054849545799591e-16,1
B3_D2_Craig_Bampton,B3,2,Craig_Bampton,full-grid,1410,21,2,39,1.0046554353805282,1.0018530062209419,-0.074987317365672199,0,0,1,UNSTABLE,2.3899651438196069e-16,1.4054849545799591e-16,1
B3_D2_Craig_Bampton,B3,2,Craig_Bampton,full-grid,1411,21,3,40,1.0048886146971368,1.0020969763522944,-0.074851706283288272,0,0,1,UNSTABLE,3.8854376230643115e-16,1.4054849545799591e-16,1
B3_D2_Craig_Bampton,B3,2,Craig_Bampton,full-grid,1412,21,4,41,1.0051088634114427,1.0023291250118975,-0.0747004180786561,0,0,1,UNSTABLE,1.0515480655482203e-16,1.4054849545799591e-16,1
B3_D2_Craig_Bampton,B3,2,Craig_Bampton,full-grid,1413,21,5,42,1.0053153390396499,1.0025485212438459,-0.074534511873253481,0,0,1,UNSTABLE,2.8763578378568303e-16,1.4054849545799591e-16,1
B3_D2_Craig_Bampton,B3,2,Craig_Bampton,full-grid,1414,21,6,43,1.0055072944335666,1.0027543264577847,-0.074355093499406277,0,0,1,UNSTABLE,1.5793253936636685e-16,1.4054849545799591e-16,1
B3_D2_Craig_Bampton,B3,2,Craig_Bampton,full-grid,1415,21,7,44,1.0056840799609528,1.0029457972621676,-0.074163309264507801,0,0,1,UNSTABLE,1.4396615016039823e-16,1.4054849545799591e-16,1
B3_D2_Craig_Bampton,B3,2,Craig_Bampton,full-grid,1416,21,8,45,1.0058451456069184,1.003122288277134,-0.073960338713727911,0,0,1,UNSTABLE,2.4664016785006178e-16,1.4054849545799591e-16,1
B3_D2_Craig_Bampton,B3,2,Craig_Bampton,full-grid,1417,21,9,46,1.0059900425444259,1.0032832544712473,-0.073747386368048312,0,0,1,UNSTABLE,2.5847637788639129e-16,1.4054849545799591e-16,1
B3_D2_Craig_Bampton,B3,2,Craig_Bampton,full-grid,1418,21,10,47,1.0061184237776275,1.0034282526111977,-0.073525672566907091,0,0,1,UNSTABLE,1.8622840819673917e-16,1.4054849545799591e-16,1
B3_D2_Craig_Bampton,B3,2,Craig_Bampton,full-grid,1419,21,11,48,1.0062300435539366,1.003556941497751,-0.07329642366607704,0,0,1,UNSTABLE,1.4108232363029245e-16,1.4054849545799591e-16,1
B3_D2_Craig_Bampton,B3,2,Craig_Bampton,full-grid,1420,21,12,49,1.0063247553539116,1.0036690807698376,-0.073060861921683679,0,0,1,UNSTABLE,1.6461849061602434e-16,1.4054849545799591e-16,1
B3_D2_Craig_Bampton,B3,2,Craig_Bampton,full-grid,1421,21,13,50,1.0064025083884547,1.0037645281778547,-0.072820195429991366,0,0,1,UNSTABLE,1.9585685094146032e-16,1.4054849545799591e-16,1
B3_D2_Craig_Bampton,B3,2,Craig_Bampton,full-grid,1422,21,14,51,1.0064633426476419,1.0038432353437057,-0.072575608493117991,0,0,1,UNSTABLE,4.2240173284840481e-16,1.4054849545799591e-16,1
B3_D2_Craig_Bampton,B3,2,Craig_Bampton,full-grid,1423,21,15,52,1.0065073826420956,1.003905242125875,-0.072328252745591903,0,0,1,UNSTABLE,2.9513681277736062e-16,1.4054849545799591e-16,1
B3_D2_Craig_Bampton,B3,2,Craig_Bampton,full-grid,1424,21,16,53,1.0065348300531063,1.0039506697886846,-0.072079239319564239,0,0,1,UNSTABLE,2.919113806026028e-16,1.4054849545799591e-16,1
B3_D2_Craig_Bampton,B3,2,Craig_Bampton,full-grid,1425,21,17,54,1.0065459555547147,1.0039797132282477,-0.071829632253544051,0,0,1,UNSTABLE,1.6019066485058782e-16,1.4054849545799591e-16,1
B3_D2_Craig_Bampton,B3,2,Craig_Bampton,full-grid,1426,21,18,55,1.0065410900919827,1.0039926325351463,-0.071580443269816788,0,0,1,UNSTABLE,2.9490051150449326e-16,1.4054849545799591e-16,1
B3_D2_Craig_Bampton,B3,2,Craig_Bampton,full-grid,1427,21,19,56,1.0065206158977453,1.0039897441776846,-0.071332627970682183,0,0,1,UNSTABLE,1.6092997312375603e-16,1.4054849545799591e-16,1
B3_D2_Craig_Bampton,B3,2,Craig_Bampton,full-grid,1428,21,20,57,1.0064849575098631,1.0039714120740308,-0.071087083437902779,0,0,1,UNSTABLE,1.4944053922276414e-16,1.4054849545799591e-16,1
B3_D2_Craig_Bampton,B3,2,Craig_Bampton,full-grid,1429,21,21,58,1.006434573015508,1.0039380387899073,-0.070844647162523866,0,0,1,UNSTABLE,2.8375041862370046e-16,1.4054849545799591e-16,1
B3_D2_Craig_Bampton,B3,2,Craig_Bampton,full-grid,1430,21,22,59,1.0063699457085542,1.003890057060203,-0.070606097194936712,0,0,1,UNSTABLE,2.1436701659703408e-16,1.4054849545799591e-16,1
B3_D2_Craig_Bampton,B3,2,Craig_Bampton,full-grid,1431,21,23,60,1.0062915763010423,1.0038279217890345,-0.070372153378625485,0,0,1,UNSTABLE,2.8245702040168418e-16,1.4054849545799591e-16,1
B3_D2_Craig_Bampton,B3,2,Craig_Bampton,full-grid,1432,21,24,61,1.0061999757854481,1.0037521026387934,-0.070143479517608465,0,0,1,UNSTABLE,4.9285896932149726e-16,1.4054849545799591e-16,1
B3_D2_Craig_Bampton,B3,2,Craig_Bampton,full-grid,1433,21,25,62,1.0060956590058905,1.0036630772792974,-0.06992068632921157,0,0,1,UNSTABLE,2.3967893535558884e-16,1.4054849545799591e-16,1
B3_D2_Craig_Bampton,B3,2,Craig_Bampton,full-grid,1434,21,26,63,1.0059791389606807,1.0035613253314382,-0.069704335037931886,0,0,1,UNSTABLE,1.2907704211121146e-16,1.4054849545799591e-16,1
B3_D2_Craig_Bampton,B3,2,Craig_Bampton,full-grid,1435,21,27,64,1.0058509218320368,1.0034473230112861,-0.069494941483837558,0,0,1,UNSTABLE,1.4503329667998679e-16,1.4054849545799591e-16,1
B3_D2_Craig_Bampton,B3,2,Craig_Bampton,full-grid,1436,21,28,65,1.0057115027167629,1.0033215384568845,-0.0692929806352688,0,0,1,UNSTABLE,2.7023787037381093e-16,1.4054849545799591e-16,1
B3_D2_Craig_Bampton,B3,2,Craig_Bampton,full-grid,1437,21,29,66,1.0055613620169757,1.0031844277032056,-0.069098891418220496,0,0,1,UNSTABLE,3.2327360737210086e-16,1.4054849545799591e-16,1
B3_D2_Craig_Bampton,B3,2,Craig_Bampton,full-grid,1438,21,30,67,1.005400962440661,1.0030364312595594,-0.068913081796526068,0,0,1,UNSTABLE,1.5878267707646874e-16,1.4054849545799591e-16,1
B3_D2_Craig_Bampton,B3,2,Craig_Bampton,full-grid,1439,21,31,68,1.0052307465574311,1.002877971237333,-0.068735934061461432,0,0,1,UNSTABLE,4.3122075693479836e-16,1.4054849545799591e-16,1
B3_D2_Craig_Bampton,B3,2,Craig_Bampton,full-grid,1440,21,32,69,1.0050511348544449,1.0027094489738042,-0.068567810311089702,0,0,1,UNSTABLE,2.3516667389082813e-16,1.4054849545799591e-16,1
B3_D2_Craig_Bampton,B3,2,Craig_Bampton,full-grid,1441,21,33,70,1.004862524241287,1.0025312430997215,-0.068409058124623084,0,0,1,UNSTABLE,2.168043762036557e-16,1.4054849545799591e-16,1
B3_D2_Craig_Bampton,B3,2,Craig_Bampton,full-grid,1442,21,34,71,1.004665286958659,1.00234370800277,-0.068260016458998263,0,0,1,UNSTABLE,1.9983756012774321e-16,1.4054849545799591e-16,1
B3_D2_Craig_Bampton,B3,2,Craig_Bampton,full-grid,1443,21,35,72,1.0044597698554518,1.0021471726469351,-0.068121021820147898,0,0,1,UNSTABLE,2.0222094340416625e-16,1.4054849545799591e-16,1
B3_D2_Craig_Bampton,B3,2,Craig_Bampton,full-grid,1444,21,36,73,1.0042462940112804,1.001941939718459,-0.067992414787262007,0,0,1,UNSTABLE,2.5706813632089803e-16,1.4054849545799591e-16,1
B3_D2_Craig_Bampton,B3,2,Craig_Bampton,full-grid,1445,21,37,74,1.0040251546977541,1.0017282850832654,-0.067874546996565782,0,0,1,UNSTABLE,1.1820049184815236e-16,1.4054849545799591e-16,1
B3_D2_Craig_Bampton,B3,2,Craig_Bampton,full-grid,1446,21,38,75,1.0037966216922138,1.0015064575588213,-0.067767788725043493,0,0,1,UNSTABLE,1.2948663949296111e-16,1.4054849545799591e-16,1
B3_D2_Craig_Bampton,B3,2,Craig_Bampton,full-grid,1447,21,39,76,1.0035609399854482,1.00127667902838,-0.067672537253857856,0,0,1,UNSTABLE,3.5699018356985082e-16,1.4054849545799591e-16,1
B3_D2_Craig_Bampton,B3,2,Craig_Bampton,full-grid,1448,21,40,77,1.0033183309602436,1.0010391449575531,-0.06758922623835821,0,0,1,UNSTABLE,2.1186222857083822e-16,1.4054849545799591e-16,1
B3_D2_Craig_Bampton,B3,2,Craig_Bampton,full-grid,1449,21,41,78,1.0030689941689988,1.0007940254199292,-0.067518336375987253,0,0,1,UNSTABLE,3.5100233380759129e-16,1.4054849545799591e-16,1
B3_D2_Craig_Bampton,B3,2,Craig_Bampton,full-grid,1450,21,42,79,1.0028131099066253,1.0005414668012618,-0.067460407735030897,0,0,1,UNSTABLE,2.069167942152591e-16,1.4054849545799591e-16,1
B3_D2_Craig_Bampton,B3,2,Craig_Bampton,full-grid,1451,21,43,80,1.0025508428769374,1.0002815944461791,-0.067416054211642804,0,0,1,UNSTABLE,3.0080197924986784e-16,1.4054849545799591e-16,1
B3_D2_Craig_Bampton,B3,2,Craig_Bampton,full-grid,1452,21,44,81,1.0022823473946365,1.0000145166463188,-0.06738598070468603,0,0,1,UNSTABLE,1.6914490132372781e-16,1.4054849545799591e-16,1
B3_D2_Craig_Bampton,B3,2,Craig_Bampton,full-grid,1453,21,45,82,1.002007774782226,0.99974033057373923,-0.067371003765257634,0,0,1,UNSTABLE,3.6966061673563738e-16,1.4054849545799591e-16,1
B3_D2_Craig_Bampton,B3,2,Craig_Bampton,full-grid,1454,21,46,83,1.0017272839432698,0.99945913107039386,-0.067372076681470147,0,0,1,UNSTABLE,2.4426986696070199e-16,1.4054849545799591e-16,1
B3_D2_Craig_Bampton,B3,2,Craig_Bampton,full-grid,1455,21,47,84,1.0014410565859373,0.99917102367756461,-0.067390320218011668,0,0,1,UNSTABLE,1.9084929986914199e-16,1.4054849545799591e-16,1
B3_D2_Craig_Bampton,B3,2,Craig_Bampton,full-grid,1456,21,48,85,1.0011493193273369,0.99887614402240843,-0.067427060535921957,0,0,1,UNSTABLE,1.663952733675602e-16,1.4054849545799591e-16,1
B3_D2_Craig_Bampton,B3,2,Craig_Bampton,full-grid,1457,21,49,86,1.0008523760846721,0.9985746868286498,-0.067483876143847529,0,0,1,UNSTABLE,1.6863575827756004e-16,1.4054849545799591e-16,1
B3_D2_Craig_Bampton,B3,2,Craig_Bampton,full-grid,1458,21,50,87,1.0005506560066613,0.99826694964265417,-0.067562656005449639,0,0,1,UNSTABLE,2.6187051548738599e-16,1.4054849545799591e-16,1
B3_D2_Craig_Bampton,B3,2,Craig_Bampton,full-grid,1459,21,51,88,1.0002447851088481,0.99795339927075566,-0.067665670922478605,0,0,1,UNSTABLE,5.2488803805321523e-16,1.4054849545799591e-16,1
B3_D2_Craig_Bampton,B3,2,Craig_Bampton,full-grid,1460,21,52,89,1.0002597653288812,1.0000343212826921,-0.021235686766712086,0,0,1,UNSTABLE,4.5823702306657319e-16,1.4054849545799591e-16,1
B3_D2_Craig_Bampton,B3,2,Craig_Bampton,full-grid,1461,21,53,90,1.0003268842462514,1.0001028098974134,-0.021171796832370658,0,0,1,UNSTABLE,2.718862858752636e-16,1.4054849545799591e-16,1
B3_D2_Craig_Bampton,B3,2,Craig_Bampton,full-grid,1462,21,54,91,1.0003925263843128,1.0001698363662386,-0.021106995729370547,0,0,1,UNSTABLE,2.9746534893596832e-16,1.4054849545799591e-16,1
B3_D2_Craig_Bampton,B3,2,Craig_Bampton,full-grid,1463,21,55,92,1.0004566846754896,1.0002353923823335,-0.02104133402688985,0,0,1,UNSTABLE,1.2646256156065805e-16,1.4054849545799591e-16,1
B3_D2_Craig_Bampton,B3,2,Craig_Bampton,full-grid,1464,21,56,93,1.0005193542679813,1.0002994718738325,-0.020974861948299315,0,0,1,UNSTABLE,2.6856586600901295e-16,1.4054849545799591e-16,1
B3_D2_Craig_Bampton,B3,2,Craig_Bampton,full-grid,1465,21,57,94,1.0005805324653259,1.0003620709462351,-0.02090762924759176,0,0,1,UNSTABLE,1.6950461644339549e-16,1.4054849545799591e-16,1
B3_D2_Craig_Bampton,B3,2,Craig_Bampton,full-grid,1466,21,58,95,1.0006402186579753,1.0004231878165939,-0.020839685092731153,0,0,1,UNSTABLE,3.7968276304877024e-16,1.4054849545799591e-16,1
B3_D2_Craig_Bampton,B3,2,Craig_Bampton,full-grid,1467,21,59,96,1.0006984142479907,1.0004828227405724,-0.020771077957088432,0,0,1,UNSTABLE,2.6364979121854308e-16,1.4054849545799591e-16,1
B3_D2_Craig_Bampton,B3,2,Craig_Bampton,full-grid,1468,21,60,97,1.0007551225675524,1.0005409779330814,-0.020701855518537714,0,0,1,UNSTABLE,3.049835376734846e-16,1.4054849545799591e-16,1
B3_D2_Craig_Bampton,B3,2,Craig_Bampton,full-grid,1469,21,61,98,1.0008103487925153,1.0005976574837097,-0.020632064567292267,0,0,1,UNSTABLE,3.4363262445100226e-16,1.4054849545799591e-16,1
B3_D2_Craig_Bampton,B3,2,Craig_Bampton,full-grid,1470,21,62,99,1.0008640998517224,1.0006528672676689,-0.020561750922318021,0,0,1,UNSTABLE,1.44397243388765e-16,1.4054849545799591e-16,1
B3_D2_Craig_Bampton,B3,2,Craig_Bampton,full-grid,1471,21,63,100,1.0009163843330706,1.0007066148532489,-0.020490959356226204,0,0,1,UNSTABLE,1.2553239371336646e-16,1.4054849545799591e-16,1
B3_D2_Craig_Bampton,B3,2,Craig_Bampton,full-grid,1472,21,64,101,1.0009672123872848,1.0007589094067417,-0.020419733529125395,0,0,1,UNSTABLE,2.2427037466578949e-16,1.4054849545799591e-16,1
B3_D2_Craig_Bampton,B3,2,Craig_Bampton,full-grid,1473,21,65,102,1.0010165956300772,1.0008097615955251,-0.020348115930898674,0,0,1,UNSTABLE,2.468916148834537e-16,1.4054849545799591e-16,1
B3_D2_Craig_Bampton,B3,2,Craig_Bampton,full-grid,1474,21,66,103,1.0010645470437149,1.000859183490332,-0.020276147831978782,0,0,1,UNSTABLE,3.2071957986164996e-16,1.4054849545799591e-16,1
B3_D2_Craig_Bampton,B3,2,Craig_Bampton,full-grid,1475,22,0,38,1.0048352868739621,1.0020751933690106,-0.074426208969271643,0,0,1,UNSTABLE,1.2694267754321489e-16,1.2758564174579434e-16,1
B3_D2_Craig_Bampton,B3,2,Craig_Bampton,full-grid,1476,22,1,39,1.0050734482639427,1.0023212733317033,-0.074328335322977335,0,0,1,UNSTABLE,1.8363388003508205e-16,1.4054849545799591e-16,1
B3_D2_Craig_Bampton,B3,2,Craig_Bampton,full-grid,1477,22,2,40,1.005301524678019,1.0025584189142733,-0.074214366426333708,0,0,1,UNSTABLE,2.6809848092090299e-16,1.4054849545799591e-16,1
B3_D2_Craig_Bampton,B3,2,Craig_Bampton,full-grid,1478,22,3,41,1.0055185805522153,1.0027856260264116,-0.074085113690669349,0,0,1,UNSTABLE,2.4445619343202474e-16,1.4054849545799591e-16,1
B3_D2_Craig_Bampton,B3,2,Craig_Bampton,full-grid,1479,22,4,42,1.0057237519241593,1.003001958076041,-0.073941444941491269,0,0,1,UNSTABLE,4.0378558694878803e-16,1.4054849545799591e-16,1
B3_D2_Craig_Bampton,B3,2,Craig_Bampton,full-grid,1480,22,5,43,1.0059162494638252,1.0032065493846578,-0.073784281572004187,0,0,1,UNSTABLE,2.247978724827885e-16,1.4054849545799591e-16,1
B3_D2_Craig_Bampton,B3,2,Craig_Bampton,full-grid,1481,22,6,44,1.0060953621985118,1.0033986093586409,-0.073614594847084477,0,0,1,UNSTABLE,2.0546661355638275e-16,1.4054849545799591e-16,1
B3_D2_Craig_Bampton,B3,2,Craig_Bampton,full-grid,1482,22,7,45,1.006260461516981,1.0035774270171047,-0.073433401079453689,0,0,1,UNSTABLE,3.4219222303559957e-16,1.4054849545799589e-16,1
B3_D2_Craig_Bampton,B3,2,Craig_Bampton,full-grid,1483,22,8,46,1.0064110050045165,1.0037423754320709,-0.073241755550947182,0,0,1,UNSTABLE,1.8303397873327333e-16,1.4054849545799591e-16,1
B3_D2_Craig_Bampton,B3,2,Craig_Bampton,full-grid,1484,22,9,47,1.0065465396750159,1.0038929156400225,-0.073040745201039231,0,0,1,UNSTABLE,1.4031520131045214e-16,1.4054849545799591e-16,1
B3_D2_Craig_Bampton,B3,2,Craig_Bampton,full-grid,1485,22,10,48,1.0066667042205526,1.0040285996288671,-0.072831480237362786,0,0,1,UNSTABLE,2.4221779652452105e-16,1.4054849545799591e-16,1
B3_D2_Craig_Bampton,B3,2,Craig_Bampton,full-grid,1486,22,11,49,1.006771229984015,1.0041490720825685,-0.072615084928980028,0,0,1,UNSTABLE,3.2127833713721329e-16,1.4054849545799591e-16,1
B3_D2_Craig_Bampton,B3,2,Craig_Bampton,full-grid,1487,22,12,50,1.0068599404643215,1.0042540706654557,-0.07239268791583027,0,0,1,UNSTABLE,2.9014036960529966e-16,1.4054849545799591e-16,1
B3_D2_Craig_Bampton,B3,2,Craig_Bampton,full-grid,1488,22,13,51,1.0069327492769677,1.0043434247401593,-0.072165412405671842,0,0,1,UNSTABLE,3.0289479999227518e-16,1.4054849545799591e-16,1
B3_D2_Craig_Bampton,B3,2,Craig_Bampton,full-grid,1489,22,14,52,1.0069896565994025,1.0044170525214258,-0.071934366629267943,0,0,1,UNSTABLE,2.5440395052541029e-16,1.4054849545799594e-16,1
B3_D2_Craig_Bampton,B3,2,Craig_Bampton,full-grid,1490,22,15,53,1.00703074422655,1.0044749567672895,-0.071700634898383755,0,0,1,UNSTABLE,1.5380304795919105e-16,1.4054849545799591e-16,1
B3_D2_Craig_Bampton,B3,2,Craig_Bampton,full-grid,1491,22,16,54,1.0070561694344715,1.0045172191870915,-0.071465269555665012,0,0,1,UNSTABLE,3.5593192483985517e-16,1.4054849545799591e-16,1
B3_D2_Craig_Bampton,B3,2,Craig_Bampton,full-grid,1492,22,17,55,1.0070661579010582,1.0045439938025904,-0.071229284039222698,0,0,1,UNSTABLE,2.1284752267386783e-16,1.4054849545799591e-16,1
B3_D2_Craig_Bampton,B3,2,Craig_Bampton,full-grid,1493,22,18,56,1.0070609959579695,1.0045554995298462,-0.070993647210144867,0,0,1,UNSTABLE,2.0474666395461283e-16,1.4054849545799591e-16,1
B3_D2_Craig_Bampton,B3,2,Craig_Bampton,full-grid,1494,22,19,57,1.0070410224513497,1.0045520122585838,-0.070759279017595031,0,0,1,UNSTABLE,3.2521652631895697e-16,1.4054849545799591e-16,1
B3_D2_Craig_Bampton,B3,2,Craig_Bampton,full-grid,1495,22,20,58,1.0070066204729939,1.0045338566948101,-0.070527047508674459,0,0,1,UNSTABLE,8.6181306565342994e-17,1.4054849545799591e-16,1
B3_D2_Craig_Bampton,B3,2,Craig_Bampton,full-grid,1496,22,21,59,1.0069582091955376,1.0045013982080484,-0.07029776713637248,0,0,1,UNSTABLE,2.9174669094748546e-16,1.4054849545799591e-16,1
B3_D2_Craig_Bampton,B3,2,Craig_Bampton,full-grid,1497,22,22,60,1.0068962360070191,1.0044550348890811,-0.070072198274907252,0,0,1,UNSTABLE,3.0908330219601263e-16,1.4054849545799591e-16,1
B3_D2_Craig_Bampton,B3,2,Craig_Bampton,full-grid,1498,22,23,61,1.0068211690994051,1.0043951899847587,-0.069851047824447871,0,0,1,UNSTABLE,2.387439842285799e-16,1.4054849545799589e-16,1
B3_D2_Craig_Bampton,B3,2,Craig_Bampton,full-grid,1499,22,24,62,1.006733490623225,1.0043223048346517,-0.069634970769263421,0,0,1,UNSTABLE,2.1684096429543126e-16,1.4054849545799591e-16,1
B3_D2_Craig_Bampton,B3,2,Craig_Bampton,full-grid,1500,22,25,63,1.0066336904829596,1.0042368323963964,-0.069424572550321723,0,0,1,UNSTABLE,1.5622593616180352e-16,1.4054849545799591e-16,1
B3_D2_Craig_Bampton,B3,2,Craig_Bampton,full-grid,1501,22,26,64,1.0065222608127788,1.0041392314107394,-0.069220412116061961,0,0,1,UNSTABLE,2.2960186448507921e-16,1.4054849545799591e-16,1
B3_D2_Craig_Bampton,B3,2,Craig_Bampton,full-grid,1502,22,27,65,1.0063996911452613,1.004029961228899,-0.069023005526946651,0,0,1,UNSTABLE,1.7850745225172775e-16,1.4054849545799591e-16,1
B3_D2_Craig_Bampton,B3,2,Craig_Bampton,full-grid,1503,22,28,66,1.0062664642626142,1.0039094773002772,-0.068832830003330223,0,0,1,UNSTABLE,1.5739768049957107e-16,1.4054849545799591e-16,1
B3_D2_Craig_Bampton,B3,2,Craig_Bampton,full-grid,1504,22,29,67,1.0061230527059106,1.0037782273025915,-0.068650328327892376,0,0,1,UNSTABLE,4.0659253961557033e-16,1.4054849545799591e-16,1
B3_D2_Craig_Bampton,B3,2,Craig_Bampton,full-grid,1505,22,30,68,1.0059699159063422,1.0036366478834098,-0.068475913531442403,0,0,1,UNSTABLE,2.3994396301226028e-16,1.4054849545799594e-16,1
B3_D2_Craig_Bampton,B3,2,Craig_Bampton,full-grid,1506,22,31,69,1.0058074978987528,1.0034851619764513,-0.068309973813821381,0,0,1,UNSTABLE,3.9239376734096215e-16,1.4054849545799591e-16,1
B3_D2_Craig_Bampton,B3,2,Craig_Bampton,full-grid,1507,22,32,70,1.0056362255768274,1.0033241766535124,-0.068152877671885409,0,0,1,UNSTABLE,3.8391627001084966e-16,1.4054849545799591e-16,1
B3_D2_Craig_Bampton,B3,2,Craig_Bampton,full-grid,1508,22,33,71,1.0054565074534829,1.0031540814752962,-0.068004979229544335,0,0,1,UNSTABLE,1.7189319593463319e-16,1.4054849545799591e-16,1
B3_D2_Craig_Bampton,B3,2,Craig_Bampton,full-grid,1509,22,34,72,1.0052687328973311,1.002975247310367,-0.06786662378307845,0,0,1,UNSTABLE,1.9730894461314753e-16,1.4054849545799591e-16,1
B3_D2_Craig_Bampton,B3,2,Craig_Bampton,full-grid,1510,22,35,73,1.0050732718273157,1.0027880256009545,-0.067738153599021592,0,0,1,UNSTABLE,2.3084849648341587e-16,1.4054849545799591e-16,1
B3_D2_Craig_Bampton,B3,2,Craig_Bampton,full-grid,1511,22,36,74,1.0048704748623212,1.002592748067582,-0.067619914021836341,0,0,1,UNSTABLE,3.4555628712640816e-16,1.4054849545799591e-16,1
B3_D2_Craig_Bampton,B3,2,Craig_Bampton,full-grid,1512,22,37,75,1.0046606739424673,1.0023897268627384,-0.067512259972370384,0,0,1,UNSTABLE,1.7922910235311138e-16,1.4054849545799591e-16,1
B3_D2_Craig_Bampton,B3,2,Craig_Bampton,full-grid,1513,22,38,76,1.0044441834635387,1.0021792552067332,-0.067415562943674096,0,0,1,UNSTABLE,1.3324124720281866e-16,1.4054849545799591e-16,1
B3_D2_Craig_Bampton,B3,2,Craig_Bampton,full-grid,1514,22,39,77,1.004221301999296,1.0019616085701728,-0.067330218629032393,0,0,1,UNSTABLE,4.1339972234741224e-16,1.4054849545799589e-16,1
B3_D2_Craig_Bampton,B3,2,Craig_Bampton,full-grid,1515,22,40,78,1.0039923147288059,1.0017370465076199,-0.067256655348719815,0,0,1,UNSTABLE,1.49602611528732e-16,1.4054849545799591e-16,1
B3_D2_Craig_Bampton,B3,2,Craig_Bampton,full-grid,1516,22,41,79,1.0037574967446254,1.001505815302846,-0.067195343481660633,0,0,1,UNSTABLE,3.0355021006767814e-16,1.4054849545799591e-16,1
B3_D2_Craig_Bampton,B3,2,Craig_Bampton,full-grid,1517,22,42,80,1.0035171174963657,1.0012681516616344,-0.067146806151212518,0,0,1,UNSTABLE,2.6218723068649657e-16,1.4054849545799591e-16,1
B3_D2_Craig_Bampton,B3,2,Craig_Bampton,full-grid,1518,22,43,81,1.0032714467326713,1.0010242877928595,-0.067111631464791335,0,0,1,UNSTABLE,4.4878843506820662e-16,1.4054849545799591e-16,1
B3_D2_Craig_Bampton,B3,2,Craig_Bampton,full-grid,1519,22,44,82,1.0030207624581671,1.0007744583676985,-0.067090486665416824,0,0,1,UNSTABLE,2.1771472923026252e-16,1.4054849545799591e-16,1
B3_D2_Craig_Bampton,B3,2,Craig_Bampton,full-grid,1520,22,45,83,1.0027653616367878,1.0005189100572529,-0.067084134610238155,0,0,1,UNSTABLE,4.1731529548181938e-16,1.4054849545799591e-16,1
B3_D2_Craig_Bampton,B3,2,Craig_Bampton,full-grid,1521,22,46,84,1.0025055746811053,1.0002579146526434,-0.067093453044530807,0,0,1,UNSTABLE,5.4713947748609381e-16,1.4054849545799594e-16,1
B3_D2_Craig_Bampton,B3,2,Craig_Bampton,full-grid,1522,22,47,85,1.002241785208978,0.99999178721045356,-0.067119457167961583,0,0,1,UNSTABLE,2.0856723171415778e-16,1.4054849545799591e-16,1
B3_D2_Craig_Bampton,B3,2,Craig_Bampton,full-grid,1523,22,48,86,1.0019744571823588,0.99972091130189078,-0.067163325942060675,0,0,1,UNSTABLE,2.8224660562504301e-16,1.4054849545799591e-16,1
B3_D2_Craig_Bampton,B3,2,Craig_Bampton,full-grid,1524,22,49,87,1.0017041724572771,0.99944577436907989,-0.067226432406522013,0,0,1,UNSTABLE,6.6557267361394565e-16,1.4054849545799591e-16,1
B3_D2_Craig_Bampton,B3,2,Craig_Bampton,full-grid,1525,22,50,88,1.0014316830701937,0.99916701752084502,-0.067310377768220589,0,0,1,UNSTABLE,1.5597887136024812e-16,1.4054849545799591e-16,1
B3_D2_Craig_Bampton,B3,2,Craig_Bampton,full-grid,1526,22,51,89,1.001157984397548,0.9988855059853694,-0.067417027932958951,0,0,1,UNSTABLE,1.4799015299236067e-16,1.4054849545799591e-16,1
B3_D2_Craig_Bampton,B3,2,Craig_Bampton,full-grid,1527,22,52,90,1.0008844177372718,0.99860242900450502,-0.067548548878419143,0,0,1,UNSTABLE,1.7504784253015746e-16,1.4054849545799591e-16,1
B3_D2_Craig_Bampton,B3,2,Craig_Bampton,full-grid,1528,22,53,91,1.0006128137794479,0.99831944118167115,-0.067707432814575461,0,0,1,UNSTABLE,1.7548023625024346e-16,1.4054849545799591e-16,1
B3_D2_Craig_Bampton,B3,2,Craig_Bampton,full-grid,1529,22,54,92,1.0003952497549919,1.0001726306497147,-0.021103663937386188,0,0,1,UNSTABLE,1.8546496006142345e-16,1.4054849545799591e-16,1
B3_D2_Craig_Bampton,B3,2,Craig_Bampton,full-grid,1530,22,55,93,1.0004593022831876,1.0002380802517412,-0.021038021277526003,0,0,1,UNSTABLE,3.1711127020156141e-16,1.4054849545799589e-16,1
B3_D2_Craig_Bampton,B3,2,Craig_Bampton,full-grid,1531,22,56,94,1.0005218691134268,1.0003020562667171,-0.020971571300281346,0,0,1,UNSTABLE,2.134037299693439e-16,1.4054849545799591e-16,1
B3_D2_Craig_Bampton,B3,2,Craig_Bampton,full-grid,1532,22,57,95,1.0005829476020336,1.0003645548584634,-0.020904363534974081,0,0,1,UNSTABLE,2.803676889787726e-16,1.4054849545799591e-16,1
B3_D2_Craig_Bampton,B3,2,Craig_Bampton,full-grid,1533,22,58,96,1.0006425371770493,1.000425574287009,-0.020836446929143649,0,0,1,UNSTABLE,2.0016248767453777e-16,1.4054849545799591e-16,1
B3_D2_Craig_Bampton,B3,2,Craig_Bampton,full-grid,1534,22,59,97,1.0007006392637707,1.0004851148364751,-0.020767869740660853,0,0,1,UNSTABLE,3.7096790182823393e-16,1.4054849545799591e-16,1
B3_D2_Craig_Bampton,B3,2,Craig_Bampton,full-grid,1535,22,60,98,1.0007572572042909,1.0005431787367203,-0.020698679437948644,0,0,1,UNSTABLE,2.1398696287946049e-16,1.4054849545799591e-16,1
B3_D2_Craig_Bampton,B3,2,Craig_Bampton,full-grid,1536,22,61,99,1.0008123961720319,1.0005997700797353,-0.020628922608440747,0,0,1,UNSTABLE,2.6425779913818201e-16,1.4054849545799591e-16,1
B3_D2_Craig_Bampton,B3,2,Craig_Bampton,full-grid,1537,22,62,100,1.0008660630820099,1.0006548947315279,-0.020558644875485182,0,0,1,UNSTABLE,3.2170220142593844e-16,1.4054849545799594e-16,1
B3_D2_Craig_Bampton,B3,2,Craig_Bampton,full-grid,1538,22,63,101,1.0009182664979857,1.000708560240652,-0.020487890823936004,0,0,1,UNSTABLE,1.7997492402439641e-16,1.4054849545799591e-16,1
B3_D2_Craig_Bampton,B3,2,Craig_Bampton,full-grid,1539,22,64,102,1.000969016537173,1.0007607757440622,-0.020416703934228661,0,0,1,UNSTABLE,1.3148313844835058e-16,1.4054849545799591e-16,1
B3_D2_Craig_Bampton,B3,2,Craig_Bampton,full-grid,1540,22,65,103,1.001018324773445,1.0008115518712359,-0.020345126525102047,0,0,1,UNSTABLE,1.6897466408949619e-16,1.4054849545799591e-16,1
B3_D2_Craig_Bampton,B3,2,Craig_Bampton,full-grid,1541,22,66,104,1.0010662041397373,1.0008609006472819,-0.020273199704385084,0,0,1,UNSTABLE,2.6646850669140815e-16,1.4054849545799591e-16,1
B3_D2_Craig_Bampton,B3,2,Craig_Bampton,full-grid,1542,23,0,39,1.0054376295864418,1.0027408944803073,-0.073590254281636069,0,0,1,UNSTABLE,1.9262283441864027e-16,1.2758564174579434e-16,1
B3_D2_Craig_Bampton,B3,2,Craig_Bampton,full-grid,1543,23,1,40,1.0056597645631629,1.0029704107518356,-0.073497736138810166,0,0,1,UNSTABLE,1.9218963824973978e-16,1.4054849545799591e-16,1
B3_D2_Craig_Bampton,B3,2,Craig_Bampton,full-grid,1544,23,2,41,1.0058727425669554,1.0031918169051266,-0.073390413091626916,0,0,1,UNSTABLE,2.0275420221719285e-16,1.4054849545799591e-16,1
B3_D2_Craig_Bampton,B3,2,Craig_Bampton,full-grid,1545,23,3,42,1.0060756947908376,1.0034041863588201,-0.073268973286520156,0,0,1,UNSTABLE,1.4968098931465452e-16,1.4054849545799591e-16,1
B3_D2_Craig_Bampton,B3,2,Craig_Bampton,full-grid,1546,23,4,43,1.0062678081129961,1.0036066440690448,-0.073134161819243135,0,0,1,UNSTABLE,2.8047802825548335e-16,1.4054849545799591e-16,1
B3_D2_Craig_Bampton,B3,2,Craig_Bampton,full-grid,1547,23,5,44,1.0064483295530655,1.0037983712451271,-0.07298677925341103,0,0,1,UNSTABLE,3.5743125352641926e-16,1.4054849545799591e-16,1
B3_D2_Craig_Bampton,B3,2,Craig_Bampton,full-grid,1548,23,6,45,1.0066165713308262,1.0039786107478639,-0.072827679069277743,0,0,1,UNSTABLE,1.9990284028511322e-16,1.4054849545799589e-16,1
B3_D2_Craig_Bampton,B3,2,Craig_Bampton,full-grid,1549,23,7,46,1.0067719161312494,1.0041466727857566,-0.072657763823847782,0,0,1,UNSTABLE,1.3077811204847162e-16,1.4054849545799591e-16,1
B3_D2_Craig_Bampton,B3,2,Craig_Bampton,full-grid,1550,23,8,47,1.0069138221541836,1.0043019404890137,-0.072477979932862854,0,0,1,UNSTABLE,3.3058760808914874e-16,1.4054849545799591e-16,1
B3_D2_Craig_Bampton,B3,2,Craig_Bampton,full-grid,1551,23,9,48,1.0070418275401274,1.0044438749448228,-0.072289311112977969,0,0,1,UNSTABLE,3.3998257829167461e-16,1.4054849545799591e-16,1
B3_D2_Craig_Bampton,B3,2,Craig_Bampton,full-grid,1552,23,10,49,1.0071555538106378,1.0045720193161558,-0.072092770640846293,0,0,1,UNSTABLE,2.2486687439327358e-16,1.4054849545799591e-16,1
B3_D2_Craig_Bampton,B3,2,Craig_Bampton,full-grid,1553,23,11,50,1.0072547080375978,1.0046860017357118,-0.071889392682202166,0,0,1,UNSTABLE,2.5696249621861407e-16,1.4054849545799591e-16,1
B3_D2_Craig_Bampton,B3,2,Craig_Bampton,full-grid,1554,23,12,51,1.0073390835490528,1.0047855367561556,-0.071680223012279415,0,0,1,UNSTABLE,4.059250253460705e-16,1.4054849545799591e-16,1
B3_D2_Craig_Bampton,B3,2,Craig_Bampton,full-grid,1555,23,13,52,1.0074085590828763,1.0048704252398424,-0.071466309487307922,0,0,1,UNSTABLE,1.55733209311329e-16,1.4054849545799591e-16,1
B3_D2_Craig_Bampton,B3,2,Craig_Bampton,full-grid,1556,23,14,53,1.0074630964011495,1.0049405526737931,-0.071248692632797803,0,0,1,UNSTABLE,3.3372676508644919e-16,1.4054849545799591e-16,1
B3_D2_Craig_Bampton,B3,2,Craig_Bampton,full-grid,1557,23,15,54,1.0075027364690097,1.0049958859896289,-0.071028396690785048,0,0,1,UNSTABLE,1.0960425449495639e-16,1.4054849545799591e-16,1
B3_D2_Craig_Bampton,B3,2,Craig_Bampton,full-grid,1558,23,16,55,1.0075275943753677,1.0050364690463298,-0.070806421422786994,0,0,1,UNSTABLE,4.5931628714922828e-16,1.4054849545799591e-16,1
B3_D2_Craig_Bampton,B3,2,Craig_Bampton,full-grid,1559,23,17,56,1.0075378532257613,1.0050624169919709,-0.070583734904246798,0,0,1,UNSTABLE,3.9921304553086806e-16,1.4054849545799591e-16,1
B3_D2_Craig_Bampton,B3,2,Craig_Bampton,full-grid,1560,23,18,57,1.0075337572672065,1.0050739097559913,-0.070361267475647055,0,0,1,UNSTABLE,2.5433834551136726e-16,1.4054849545799591e-16,1
B3_D2_Craig_Bampton,B3,2,Craig_Bampton,full-grid,1561,23,19,58,1.0075156045138012,1.0050711849378153,-0.070139906946801334,0,0,1,UNSTABLE,1.4634679079045077e-16,1.4054849545799591e-16,1
B3_D2_Craig_Bampton,B3,2,Craig_Bampton,full-grid,1562,23,20,59,1.0074837391316454,1.0050545303524607,-0.069920495083168735,0,0,1,UNSTABLE,2.5106397493001251e-16,1.4054849545799591e-16,1
B3_D2_Craig_Bampton,B3,2,Craig_Bampton,full-grid,1563,23,21,60,1.0074385438189424,1.0050242764747774,-0.06970382534969756,0,0,1,UNSTABLE,2.4643436142841834e-16,1.4054849545799591e-16,1
B3_D2_Craig_Bampton,B3,2,Craig_Bampton,full-grid,1564,23,22,61,1.007380432383457,1.0049807889933007,-0.069490641841067874,0,0,1,UNSTABLE,2.6944342055170819e-16,1.4054849545799591e-16,1
B3_D2_Craig_Bampton,B3,2,Craig_Bampton,full-grid,1565,23,23,62,1.00730984268194,1.0049244616488533,-0.069281639296981154,0,0,1,UNSTABLE,2.6473622518612116e-16,1.4054849545799591e-16,1
B3_D2_Craig_Bampton,B3,2,Craig_Bampton,full-grid,1566,23,24,63,1.0072272300470733,1.0048557094948765,-0.069077464080899736,0,0,1,UNSTABLE,1.7388687736393604e-16,1.4054849545799591e-16,1
B3_D2_Craig_Bampton,B3,2,Craig_Bampton,full-grid,1567,23,25,64,1.0071330612901157,1.0047749626791447,-0.068878715992123155,0,0,1,UNSTABLE,2.4894865809860918e-16,1.4054849545799591e-16,1
B3_D2_Craig_Bampton,B3,2,Craig_Bampton,full-grid,1568,23,26,65,1.0070278093343563,1.0046826608128132,-0.068685950782081118,0,0,1,UNSTABLE,2.1104485274535109e-16,1.4054849545799591e-16,1
B3_D2_Craig_Bampton,B3,2,Craig_Bampton,full-grid,1569,23,27,66,1.0069119485062361,1.0045792479635154,-0.068499683252428931,0,0,1,UNSTABLE,2.9777334954280259e-16,1.4054849545799591e-16,1
B3_D2_Craig_Bampton,B3,2,Craig_Bampton,full-grid,1570,23,28,67,1.0067859504886756,1.0044651682855168,-0.068320390825392055,0,0,1,UNSTABLE,2.9802021924033116e-16,1.4054849545799591e-16,1
B3_D2_Craig_Bampton,B3,2,Craig_Bampton,full-grid,1571,23,29,68,1.0066502809248385,1.0043408622821071,-0.068148517492972099,0,0,1,UNSTABLE,2.5017307370869945e-16,1.4054849545799591e-16,1
B3_D2_Craig_Bampton,B3,2,Craig_Bampton,full-grid,1572,23,30,69,1.0065053966503712,1.0042067636835501,-0.067984478070598084,0,0,1,UNSTABLE,1.2750120737903238e-16,1.4054849545799591e-16,1
B3_D2_Craig_Bampton,B3,2,Craig_Bampton,full-grid,1573,23,31,70,1.0063517435252918,1.0040632969156675,-0.067828662696790526,0,0,1,UNSTABLE,4.452639467060497e-16,1.4054849545799591e-16,1
B3_D2_Craig_Bampton,B3,2,Craig_Bampton,full-grid,1574,23,32,71,1.0061897548371614,1.003910875132854,-0.067681441542374474,0,0,1,UNSTABLE,1.7193934738660286e-16,1.4054849545799591e-16,1
B3_D2_Craig_Bampton,B3,2,Craig_Bampton,full-grid,1575,23,33,72,1.006019850250405,1.0037498987911606,-0.067543169710801251,0,0,1,UNSTABLE,1.5647236375708626e-16,1.4054849545799591e-16,1
B3_D2_Craig_Bampton,B3,2,Craig_Bampton,full-grid,1576,23,34,73,1.0058424352828841,1.0035807547421065,-0.067414192326740688,0,0,1,UNSTABLE,2.282949270711197e-16,1.4054849545799591e-16,1
B3_D2_Craig_Bampton,B3,2,Craig_Bampton,full-grid,1577,23,35,74,1.0056579013040559,1.0034038158395724,-0.067294849831644146,0,0,1,UNSTABLE,1.3077832708768529e-16,1.4054849545799591e-16,1
B3_D2_Craig_Bampton,B3,2,Craig_Bampton,full-grid,1578,23,36,75,1.0054666260623781,1.0032194410644213,-0.067185483518781425,0,0,1,UNSTABLE,1.898017715504037e-16,1.4054849545799591e-16,1
B3_D2_Craig_Bampton,B3,2,Craig_Bampton,full-grid,1579,23,37,76,1.0052689747709813,1.0030279761916039,-0.06708644135795952,0,0,1,UNSTABLE,2.8167163858045328e-16,1.4054849545799591e-16,1
B3_D2_Craig_Bampton,B3,2,Craig_Bampton,full-grid,1580,23,38,77,1.005065301805925,1.0028297550484575,-0.066998084179219958,0,0,1,UNSTABLE,2.4320697519795258e-16,1.4054849545799591e-16,1
B3_D2_Craig_Bampton,B3,2,Craig_Bampton,full-grid,1581,23,39,78,1.0048559531030716,1.002625101443805,-0.066920792295683346,0,0,1,UNSTABLE,2.7604702532642927e-16,1.4054849545799591e-16,1
B3_D2_Craig_Bampton,B3,2,Craig_Bampton,full-grid,1582,23,40,79,1.0046412693836992,1.0024143318898382,-0.066854972670251617,0,0,1,UNSTABLE,2.8961009715654881e-16,1.4054849545799591e-16,1
B3_D2_Craig_Bampton,B3,2,Craig_Bampton,full-grid,1583,23,41,80,1.0044215903921707,1.0021977592912488,-0.066801066739519049,0,0,1,UNSTABLE,2.3064512899798301e-16,1.4054849545799591e-16,1
B3_D2_Craig_Bampton,B3,2,Craig_Bampton,full-grid,1584,23,42,81,1.004197260402361,1.0019756978480787,-0.066759559026876747,0,0,1,UNSTABLE,3.3355985217994194e-16,1.4054849545799591e-16,1
B3_D2_Craig_Bampton,B3,2,Craig_Bampton,full-grid,1585,23,43,82,1.0039686353453516,1.0017484695139489,-0.066730986682864882,0,0,1,UNSTABLE,1.7637831950724869e-16,1.4054849545799591e-16,1
B3_D2_Craig_Bampton,B3,2,Craig_Bampton,full-grid,1586,23,44,83,1.0037360920389486,1.0015164124790958,-0.066715950091580115,0,0,1,UNSTABLE,2.9729499245598717e-16,1.4054849545799591e-16,1
B3_D2_Craig_Bampton,B3,2,Craig_Bampton,full-grid,1587,23,45,84,1.0035000401721672,1.0012798923213928,-0.066715124660016542,0,0,1,UNSTABLE,1.5990500301539799e-16,1.4054849545799591e-16,1
B3_D2_Craig_Bampton,B3,2,Craig_Bampton,full-grid,1588,23,46,85,1.0032609379273767,1.0010393167015885,-0.06672927384990926,0,0,1,UNSTABLE,3.3396991753230844e-16,1.4054849545799591e-16,1
B3_D2_Craig_Bampton,B3,2,Craig_Bampton,full-grid,1589,23,47,86,1.0030193124317603,1.0007951547955227,-0.066759263393833312,0,0,1,UNSTABLE,2.2779590551632393e-16,1.4054849545799591e-16,1
B3_D2_Craig_Bampton,B3,2,Craig_Bampton,full-grid,1590,23,48,87,1.0027757866318259,1.0005479630739202,-0.066806076398081268,0,0,1,UNSTABLE,2.1205273504008103e-16,1.4054849545799591e-16,1
B3_D2_Craig_Bampton,B3,2,Craig_Bampton,full-grid,1591,23,49,88,1.0025311147052884,1.0002984195891917,-0.066870828614524591,0,0,1,UNSTABLE,2.9161641663312908e-16,1.4054849545799591e-16,1
B3_D2_Craig_Bampton,B3,2,Craig_Bampton,full-grid,1592,23,50,89,1.0022862287543923,1.0000473696101115,-0.066954782402745217,0,0,1,UNSTABLE,1.6778112784149794e-16,1.4054849545799591e-16,1
B3_D2_Craig_Bampton,B3,2,Craig_Bampton,full-grid,1593,23,51,90,1.0020423002237666,0.9997958862333618,-0.067059356607291898,0,0,1,UNSTABLE,5.9849779483380867e-16,1.4054849545799591e-16,1
B3_D2_Craig_Bampton,B3,2,Craig_Bampton,full-grid,1594,23,52,91,1.0018008200845627,0.99954535035058023,-0.067186127397238851,0,0,1,UNSTABLE,2.2265066326360504e-16,1.4054849545799591e-16,1
B3_D2_Craig_Bampton,B3,2,Craig_Bampton,full-grid,1595,23,53,92,1.0015637019039301,0.99929755467475756,-0.067336811571043584,0,0,1,UNSTABLE,1.7124908060260149e-16,1.4054849545799591e-16,1
B3_D2_Craig_Bampton,B3,2,Craig_Bampton,full-grid,1596,23,54,93,1.0013334105455507,0.99905483554397101,-0.067513218342730094,0,0,1,UNSTABLE,2.2083268319910112e-16,1.4054849545799591e-16,1
B3_D2_Craig_Bampton,B3,2,Craig_Bampton,full-grid,1597,23,55,94,1.0011131145470236,0.99882023208350468,-0.067717147744836254,0,0,1,UNSTABLE,1.8023075112594606e-16,1.4054849545799591e-16,1
B3_D2_Craig_Bampton,B3,2,Craig_Bampton,full-grid,1598,23,56,95,1.000906848878953,0.99859766167301944,-0.067950204076021425,0,0,1,UNSTABLE,3.7441864358380873e-16,1.4054849545799591e-16,1
B3_D2_Craig_Bampton,B3,2,Craig_Bampton,full-grid,1599,23,57,96,1.0007196519819097,0.99839207846606159,-0.068213484876613967,0,0,1,UNSTABLE,1.585558095513481e-16,1.4054849545799591e-16,1
B3_D2_Craig_Bampton,B3,2,Craig_Bampton,full-grid,1600,23,58,97,1.0006448677709776,1.0004279731627825,-0.020833192501493979,0,0,1,UNSTABLE,1.8039604908958145e-16,1.4054849545799591e-16,1
B3_D2_Craig_Bampton,B3,2,Craig_Bampton,full-grid,1601,23,59,98,1.0007028757669514,1.0004874187457407,-0.020764645427544609,0,0,1,UNSTABLE,2.528149497308347e-16,1.4054849545799591e-16,1
B3_D2_Craig_Bampton,B3,2,Craig_Bampton,full-grid,1602,23,60,99,1.0007594027618822,1.0005453907823703,-0.020695487442275756,0,0,1,UNSTABLE,2.5676577264738239e-16,1.4054849545799591e-16,1
B3_D2_Craig_Bampton,B3,2,Craig_Bampton,full-grid,1603,23,61,100,1.0008144539266626,1.0006018933669969,-0.020625764928963192,0,0,1,UNSTABLE,2.2798323494095171e-16,1.4054849545799591e-16,1
B3_D2_Craig_Bampton,B3,2,Craig_Bampton,full-grid,1604,23,62,101,1.0008680361623949,1.0006569323563648,-0.02055552331416181,0,0,1,UNSTABLE,2.5837409086348803e-16,1.4054849545799591e-16,1
B3_D2_Craig_Bampton,B3,2,Craig_Bampton,full-grid,1605,23,63,102,1.000920158008495,1.0007105152791098,-0.0204848069937003,0,0,1,UNSTABLE,1.5336996223398535e-16,1.4054849545799591e-16,1
B3_D2_Craig_Bampton,B3,2,Craig_Bampton,full-grid,1606,23,64,103,1.0009708295484605,1.0007626512426675,-0.020413659267266113,0,0,1,UNSTABLE,2.6777986025742164e-16,1.4054849545799591e-16,1
B3_D2_Craig_Bampton,B3,2,Craig_Bampton,full-grid,1607,23,65,104,1.0010200623139842,1.0008133508383015,-0.0203421222812099,0,0,1,UNSTABLE,2.6275970212706039e-16,1.4054849545799591e-16,1
B3_D2_Craig_Bampton,B3,2,Craig_Bampton,full-grid,1608,23,66,105,1.0010678691883801,1.0008626260452265,-0.020270236979791148,0,0,1,UNSTABLE,1.854987809895155e-16,1.4054849545799591e-16,1
B3_D2_Craig_Bampton,B3,2,Craig_Bampton,full-grid,1609,24,0,40,1.0059602514456945,1.0033287533842978,-0.072714786123563954,0,0,1,UNSTABLE,1.5124407035732798e-16,1.2758564174579434e-16,1
B3_D2_Craig_Bampton,B3,2,Craig_Bampton,full-grid,1610,24,1,41,1.0061683449408481,1.0035436129899793,-0.072628886732649695,0,0,1,UNSTABLE,2.9999553236998671e-16,1.4054849545799591e-16,1
B3_D2_Craig_Bampton,B3,2,Craig_Bampton,full-grid,1611,24,2,42,1.0063682024485037,1.0037511967515274,-0.072529262503549963,0,0,1,UNSTABLE,2.6763177277114875e-16,1.4054849545799591e-16,1
B3_D2_Craig_Bampton,B3,2,Craig_Bampton,full-grid,1612,24,3,43,1.0065590052872935,1.0039506374736105,-0.0724164942625415,0,0,1,UNSTABLE,2.1767557173491766e-16,1.4054849545799591e-16,1
B3_D2_Craig_Bampton,B3,2,Craig_Bampton,full-grid,1613,24,4,44,1.006739978192764,1.0041411071876261,-0.072291220404523029,0,0,1,UNSTABLE,2.7691231180325101e-16,1.4054849545799591e-16,1
B3_D2_Craig_Bampton,B3,2,Craig_Bampton,full-grid,1614,24,5,45,1.0069103946963585,1.0043218227026118,-0.072154136339366959,0,0,1,UNSTABLE,3.2253004732923245e-16,1.4054849545799591e-16,1
B3_D2_Craig_Bampton,B3,2,Craig_Bampton,full-grid,1615,24,6,46,1.0070695830463794,1.0044920517863507,-0.072005992773210348,0,0,1,UNSTABLE,1.5869680701438874e-16,1.4054849545799591e-16,1
B3_D2_Craig_Bampton,B3,2,Craig_Bampton,full-grid,1616,24,7,47,1.0072169323027691,1.0046511196179413,-0.071847592637596103,0,0,1,UNSTABLE,2.6352071328930021e-16,1.4054849545799591e-16,1
B3_D2_Craig_Bampton,B3,2,Craig_Bampton,full-grid,1617,24,8,48,1.0073518982145426,1.0047984151214227,-0.071679786592312875,0,0,1,UNSTABLE,2.3186550785069914e-16,1.4054849545799591e-16,1
B3_D2_Craig_Bampton,B3,2,Craig_Bampton,full-grid,1618,24,9,49,1.0074740084960681,1.0049333967891125,-0.071503467139933816,0,0,1,UNSTABLE,1.7552081645342745e-16,1.4054849545799591e-16,1
B3_D2_Craig_Bampton,B3,2,Craig_Bampton,full-grid,1619,24,10,50,1.0075828671562475,1.0050555976337425,-0.071319561495319928,0,0,1,UNSTABLE,2.5367157784142008e-16,1.4054849545799591e-16,1
B3_D2_Craig_Bampton,B3,2,Craig_Bampton,full-grid,1620,24,11,51,1.0076781576013534,1.0051646289689917,-0.071129023446744336,0,0,1,UNSTABLE,2.3264419991228454e-16,1.4054849545799591e-16,1
B3_D2_Craig_Bampton,B3,2,Craig_Bampton,full-grid,1621,24,12,52,1.0077596443130183,1.005260182795078,-0.070932824508176118,0,0,1,UNSTABLE,1.5569515897274459e-16,1.4054849545799594e-16,1
B3_D2_Craig_Bampton,B3,2,Craig_Bampton,full-grid,1622,24,13,53,1.0078271730003729,1.0053420326614835,-0.070731944706761432,0,0,1,UNSTABLE,1.7511146609391705e-16,1.4054849545799591e-16,1
B3_D2_Craig_Bampton,B3,2,Craig_Bampton,full-grid,1623,24,14,54,1.0078806692177991,1.005410032971997,-0.070527363357538078,0,0,1,UNSTABLE,2.1880658847656074e-16,1.4054849545799591e-16,1
B3_D2_Craig_Bampton,B3,2,Craig_Bampton,full-grid,1624,24,15,55,1.0079201355292633,1.0054641167890357,-0.070320050163328415,0,0,1,UNSTABLE,1.7159203312532042e-16,1.4054849545799591e-16,1
B3_D2_Craig_Bampton,B3,2,Craig_Bampton,full-grid,1625,24,16,56,1.0079456473728436,1.0055042922707749,-0.070110956939049326,0,0,1,UNSTABLE,1.3350619963029293e-16,1.4054849545799591e-16,1
B3_D2_Craig_Bampton,B3,2,Craig_Bampton,full-grid,1626,24,17,57,1.0079573478342854,1.0055306379347466,-0.069901010204918609,0,0,1,UNSTABLE,1.1559148098226214e-16,1.4054849545799591e-16,1
B3_D2_Craig_Bampton,B3,2,Craig_Bampton,full-grid,1627,24,18,58,1.0079554415723224,1.0055432969807345,-0.069691104829593661,0,0,1,UNSTABLE,2.819751505862221e-16,1.4054849545799591e-16,1
B3_D2_Craig_Bampton,B3,2,Craig_Bampton,full-grid,1628,24,19,59,1.0079401881527883,1.0055424709253349,-0.069482098837401265,0,0,1,UNSTABLE,1.9978626533702497e-16,1.4054849545799591e-16,1
B3_D2_Craig_Bampton,B3,2,Craig_Bampton,full-grid,1629,24,20,60,1.0079118950438801,1.0055284128006781,-0.06927480942950888,0,0,1,UNSTABLE,3.0957398511105302e-16,1.4054849545799591e-16,1
B3_D2_Craig_Bampton,B3,2,Craig_Bampton,full-grid,1630,24,21,61,1.0078709105080148,1.0055014201567321,-0.069070010214634422,0,0,1,UNSTABLE,2.0046082460924254e-16,1.4054849545799591e-16,1
B3_D2_Craig_Bampton,B3,2,Craig_Bampton,full-grid,1631,24,22,62,1.0078176165963166,1.0054618280803542,-0.068868429597258946,0,0,1,UNSTABLE,2.4385713347627336e-16,1.4054849545799591e-16,1
B3_D2_Craig_Bampton,B3,2,Craig_Bampton,full-grid,1632,24,23,63,1.0077524224182497,1.0054100024127228,-0.068670750238358169,0,0,1,UNSTABLE,2.0315977012542016e-16,1.4054849545799591e-16,1
B3_D2_Craig_Bampton,B3,2,Craig_Bampton,full-grid,1633,24,24,64,1.0076757578223368,1.0053463333114094,-0.068477609480219359,0,0,1,UNSTABLE,1.9878793555194707e-16,1.4054849545799591e-16,1
B3_D2_Craig_Bampton,B3,2,Craig_Bampton,full-grid,1634,24,25,65,1.0075880675884596,1.0052712292682084,-0.068289600615550117,0,0,1,UNSTABLE,3.4090162063752591e-16,1.4054849545799591e-16,1
B3_D2_Craig_Bampton,B3,2,Craig_Bampton,full-grid,1635,24,26,66,1.0074898061993718,1.0051851116607486,-0.068107274877328219,0,0,1,UNSTABLE,2.6253966110112744e-16,1.4054849545799591e-16,1
B3_D2_Craig_Bampton,B3,2,Craig_Bampton,full-grid,1636,24,27,67,1.0073814332313664,1.00508840988743,-0.067931144030109067,0,0,1,UNSTABLE,3.6200572628082111e-16,1.4054849545799591e-16,1
B3_D2_Craig_Bampton,B3,2,Craig_Bampton,full-grid,1637,24,28,68,1.007263409381336,1.0049815571113601,-0.067761683454139049,0,0,1,UNSTABLE,3.7347646306589504e-16,1.4054849545799594e-16,1
B3_D2_Craig_Bampton,B3,2,Craig_Bampton,full-grid,1638,24,29,69,1.0071361931295311,1.0048649866199031,-0.067599335624149368,0,0,1,UNSTABLE,2.2657546982398334e-16,1.4054849545799591e-16,1
B3_D2_Craig_Bampton,B3,2,Craig_Bampton,full-grid,1639,24,30,70,1.0070002380268332,1.0047391287943106,-0.067444513904013625,0,0,1,UNSTABLE,1.8582288885719392e-16,1.4054849545799591e-16,1
B3_D2_Craig_Bampton,B3,2,Craig_Bampton,full-grid,1640,24,31,71,1.0068559905874266,1.0046044086748556,-0.067297606590664791,0,0,1,UNSTABLE,4.0441881844694147e-16,1.4054849545799591e-16,1
B3_D2_Craig_Bampton,B3,2,Craig_Bampton,full-grid,1641,24,32,72,1.0067038887667143,1.0044612441042799,-0.067158981160432701,0,0,1,UNSTABLE,2.2575325178626087e-16,1.4054849545799591e-16,1
B3_D2_Craig_Bampton,B3,2,Craig_Bampton,full-grid,1642,24,33,73,1.0065443610057887,1.0043100444327175,-0.067028988684781854,0,0,1,UNSTABLE,3.9106923416125045e-16,1.4054849545799591e-16,1
B3_D2_Craig_Bampton,B3,2,Craig_Bampton,full-grid,1643,24,34,74,1.0063778258311717,1.0041512097733405,-0.06690796839998002,0,0,1,UNSTABLE,2.5916579354795753e-16,1.4054849545799591e-16,1
B3_D2_Craig_Bampton,B3,2,Craig_Bampton,full-grid,1644,24,35,75,1.0062046920068843,1.0039851308055003,-0.066796252425802227,0,0,1,UNSTABLE,3.7851311697645342e-16,1.4054849545799591e-16,1
B3_D2_Craig_Bampton,B3,2,Craig_Bampton,full-grid,1645,24,36,76,1.0060253592512982,1.0038121891363376,-0.066694170644945691,0,0,1,UNSTABLE,2.7018006053326028e-16,1.4054849545799591e-16,1
B3_D2_Craig_Bampton,B3,2,Craig_Bampton,full-grid,1646,24,37,77,1.0058402195480927,1.003632758248117,-0.06660205576280738,0,0,1,UNSTABLE,3.1823249220346442e-16,1.4054849545799591e-16,1
B3_D2_Craig_Bampton,B3,2,Craig_Bampton,full-grid,1647,24,38,78,1.005649659103562,1.0034472050806607,-0.066520248578318245,0,0,1,UNSTABLE,3.633373346172505e-16,1.4054849545799591e-16,1
B3_D2_Craig_Bampton,B3,2,Craig_Bampton,full-grid,1648,24,39,79,1.0054540610313447,1.0032558923265378,-0.066449103504152673,0,0,1,UNSTABLE,2.3207177439138846e-16,1.4054849545799591e-16,1
B3_D2_Craig_Bampton,B3,2,Craig_Bampton,full-grid,1649,24,40,80,1.0052538088800769,1.0030591815509031,-0.066388994376586768,0,0,1,UNSTABLE,2.7127569885968093e-16,1.4054849545799591e-16,1
B3_D2_Craig_Bampton,B3,2,Craig_Bampton,full-grid,1650,24,41,81,1.0050492911655033,1.0028574372936678,-0.066340320598094152,0,0,1,UNSTABLE,3.4129210750339544e-16,1.4054849545799591e-16,1
B3_D2_Craig_Bampton,B3,2,Craig_Bampton,full-grid,1651,24,42,82,1.0048409071234106,1.0026510323670963,-0.066303513645917522,0,0,1,UNSTABLE,2.116296899951602e-16,1.4054849545799591e-16,1
B3_D2_Craig_Bampton,B3,2,Craig_Bampton,full-grid,1652,24,43,83,1.0046290739719832,1.0024403546351055,-0.066279043964501905,0,0,1,UNSTABLE,3.0245006057195581e-16,1.4054849545799591e-16,1
B3_D2_Craig_Bampton,B3,2,Craig_Bampton,full-grid,1653,24,44,84,1.0044142360604758,1.0022258156512542,-0.066267428221767927,0,0,1,UNSTABLE,3.4595392422486031e-16,1.4054849545799594e-16,1
B3_D2_Craig_Bampton,B3,2,Craig_Bampton,full-grid,1654,24,45,85,1.0041968763943743,1.0020078616494414,-0.06626923685189208,0,0,1,UNSTABLE,3.1177199365289248e-16,1.4054849545799591e-16,1
B3_D2_Craig_Bampton,B3,2,Craig_Bampton,full-grid,1655,24,46,86,1.0039775311642276,1.0017869875254919,-0.066285101698780491,0,0,1,UNSTABLE,3.1186347143250989e-16,1.4054849545799591e-16,1
B3_D2_Craig_Bampton,B3,2,Craig_Bampton,full-grid,1656,24,47,87,1.0037568080718293,1.0015637546253904,-0.066315723408843452,0,0,1,UNSTABLE,1.6884549477584936e-16,1.4054849545799591e-16,1
B3_D2_Craig_Bampton,B3,2,Craig_Bampton,full-grid,1657,24,48,88,1.0035354094356292,1.0013388133625427,-0.066361877948344278,0,0,1,UNSTABLE,3.6055535367615077e-16,1.4054849545799591e-16,1
B3_D2_Craig_Bampton,B3,2,Craig_Bampton,full-grid,1658,24,49,89,1.0033141612519045,1.0011129319100072,-0.066424421195534891,0,0,1,UNSTABLE,5.4046908351725206e-16,1.4054849545799591e-16,1
B3_D2_Craig_Bampton,B3,2,Craig_Bampton,full-grid,1659,24,50,90,1.0030940495456002,1.0008870324159136,-0.066504289902660163,0,0,1,UNSTABLE,3.3455795414674988e-16,1.4054849545799591e-16,1
B3_D2_Craig_Bampton,B3,2,Craig_Bampton,full-grid,1660,24,51,91,1.0028762653700434,1.0006622362839137,-0.066602496333415848,0,0,1,UNSTABLE,3.4836852966797653e-16,1.4054849545799591e-16,1
B3_D2_Craig_Bampton,B3,2,Craig_Bampton,full-grid,1661,24,52,92,1.0026622595285477,1.0004399198744425,-0.066720112443788934,0,0,1,UNSTABLE,3.9496277751815209e-16,1.4054849545799591e-16,1
B3_D2_Craig_Bampton,B3,2,Craig_Bampton,full-grid,1662,24,53,93,1.0024538071522333,1.0002217811847232,-0.066858237470539122,0,0,1,UNSTABLE,6.2636562675362168e-16,1.4054849545799591e-16,1
B3_D2_Craig_Bampton,B3,2,Craig_Bampton,full-grid,1663,24,54,94,1.0022530801182463,1.0000099160972411,-0.067017940237676488,0,0,1,UNSTABLE,4.570188146915896e-16,1.4054849545799591e-16,1
B3_D2_Craig_Bampton,B3,2,Craig_Bampton,full-grid,1664,24,55,95,1.0020627210675193,0.99980689876402407,-0.067200164710404311,0,0,1,UNSTABLE,3.6889153010434868e-16,1.4054849545799591e-16,1
B3_D2_Craig_Bampton,B3,2,Craig_Bampton,full-grid,1665,24,56,96,1.0018859054129248,0.99961585347521109,-0.067405585422136663,0,0,1,UNSTABLE,2.0611907314688623e-16,1.4054849545799591e-16,1
B3_D2_Craig_Bampton,B3,2,Craig_Bampton,full-grid,1666,24,57,97,1.001726366451325,0.99944049400634816,-0.067634400892747151,0,0,1,UNSTABLE,1.7570424765080563e-16,1.4054849545799591e-16,1
B3_D2_Craig_Bampton,B3,2,Craig_Bampton,full-grid,1667,24,58,98,1.0015883444747244,0.99928509160063161,-0.067886062577943773,0,0,1,UNSTABLE,3.8496979628282471e-16,1.4054849545799591e-16,1
B3_D2_Craig_Bampton,B3,2,Craig_Bampton,full-grid,1668,24,59,99,1.001476409093806,0.99915431947174294,-0.06815896017679865,0,0,1,UNSTABLE,3.8670763845211499e-16,1.4054849545799591e-16,1
B3_D2_Craig_Bampton,B3,2,Craig_Bampton,full-grid,1669,24,60,100,1.0013951077703462,0.99905292269067081,-0.068450124394422857,0,0,1,UNSTABLE,2.428155197759419e-16,1.4054849545799594e-16,1
B3_D2_Craig_Bampton,B3,2,Craig_Bampton,full-grid,1670,24,61,101,1.0013484314979972,0.9989851968451926,-0.068755056160771225,0,0,1,UNSTABLE,2.8842620758009145e-16,1.4054849545799591e-16,1
B3_D2_Craig_Bampton,B3,2,Craig_Bampton,full-grid,1671,24,62,102,1.0013391704080281,0.99895433885479878,-0.069067815055998127,0,0,1,UNSTABLE,2.3062930861287116e-16,1.4054849545799591e-16,1
B3_D2_Craig_Bampton,B3,2,Craig_Bampton,full-grid,1672,24,63,103,1.0013683314226933,0.99896183564513485,-0.069381453579264882,0,0,1,UNSTABLE,2.7726442141719521e-16,1.4054849545799591e-16,1
B3_D2_Craig_Bampton,B3,2,Craig_Bampton,full-grid,1673,24,64,104,1.0014348347910353,0.9990071101365241,-0.069688752533097434,0,0,1,UNSTABLE,2.0845911647001501e-16,1.4054849545799591e-16,1
B3_D2_Craig_Bampton,B3,2,Craig_Bampton,full-grid,1674,24,65,105,1.0015356293492395,0.99908757786588065,-0.069983059450590857,0,0,1,UNSTABLE,1.4379301056331975e-16,1.4054849545799591e-16,1
B3_D2_Craig_Bampton,B3,2,Craig_Bampton,full-grid,1675,24,66,106,1.0016661909653815,0.99919909686167552,-0.070258970629437145,0,0,1,UNSTABLE,2.9275158009600973e-16,1.4054849545799591e-16,1
B3_D2_Craig_Bampton,B3,2,Craig_Bampton,full-grid,1676,25,0,41,1.0064055710414341,1.003840148977837,-0.071813151465377881,0,0,1,UNSTABLE,1.4111145438969162e-16,1.2758564174579436e-16,1
B3_D2_Craig_Bampton,B3,2,Craig_Bampton,full-grid,1677,25,1,42,1.0066014647666779,1.0040421592107442,-0.071734589967796358,0,0,1,UNSTABLE,1.633820113993622e-16,1.4054849545799591e-16,1
B3_D2_Craig_Bampton,B3,2,Craig_Bampton,full-grid,1678,25,2,43,1.0067900064981561,1.0042377044727635,-0.0716432139133346,0,0,1,UNSTABLE,1.5662425233337443e-16,1.4054849545799591e-16,1
B3_D2_Craig_Bampton,B3,2,Craig_Bampton,full-grid,1679,25,3,44,1.0069704175289731,1.0044259654713459,-0.071539511218831522,0,0,1,UNSTABLE,2.3042424562531848e-16,1.4054849545799591e-16,1
B3_D2_Craig_Bampton,B3,2,Craig_Bampton,full-grid,1680,25,4,45,1.0071419528580188,1.0046061524249044,-0.071424027586616506,0,0,1,UNSTABLE,1.4926752302535906e-16,1.4054849545799591e-16,1
B3_D2_Craig_Bampton,B3,2,Craig_Bampton,full-grid,1681,25,5,46,1.0073039071136465,1.0047775110919452,-0.071297366643473428,0,0,1,UNSTABLE,2.7338929889456144e-16,1.4054849545799591e-16,1
B3_D2_Craig_Bampton,B3,2,Craig_Bampton,full-grid,1682,25,6,47,1.0074556209910899,1.0049393294042752,-0.071160188891176021,0,0,1,UNSTABLE,1.6265065699414178e-16,1.4054849545799591e-16,1
B3_D2_Craig_Bampton,B3,2,Craig_Bampton,full-grid,1683,25,7,48,1.0075964878666621,1.0050909443758596,-0.071013209298521396,0,0,1,UNSTABLE,3.1886560846708701e-16,1.4054849545799591e-16,1
B3_D2_Craig_Bampton,B3,2,Craig_Bampton,full-grid,1684,25,8,49,1.0077259602259476,1.0052317489256146,-0.070857193461624446,0,0,1,UNSTABLE,5.6303675117066334e-16,1.4054849545799591e-16,1
B3_D2_Craig_Bampton,B3,2,Craig_Bampton,full-grid,1685,25,9,50,1.0078435555440999,1.0053611982459443,-0.070692952359145536,0,0,1,UNSTABLE,1.5453183267304377e-16,1.4054849545799591e-16,1
B3_D2_Craig_Bampton,B3,2,Craig_Bampton,full-grid,1686,25,10,51,1.0079488612875147,1.0054788153729075,-0.070521335828896622,0,0,1,UNSTABLE,1.6639687145022409e-16,1.4054849545799591e-16,1
B3_D2_Craig_Bampton,B3,2,Craig_Bampton,full-grid,1687,25,11,52,1.0080415387581361,1.0055841956604408,-0.070343224974513022,0,0,1,UNSTABLE,2.6167728614871439e-16,1.4054849545799591e-16,1
B3_D2_Craig_Bampton,B3,2,Craig_Bampton,full-grid,1688,25,12,53,1.0081213255779706,1.0056770099329759,-0.070159523782259883,0,0,1,UNSTABLE,2.0812174521805565e-16,1.4054849545799591e-16,1
B3_D2_Craig_Bampton,B3,2,Craig_Bampton,full-grid,1689,25,13,54,1.0081880366948954,1.0057570061724814,-0.06997115026691357,0,0,1,UNSTABLE,9.8904863963927456e-17,1.4054849545799591e-16,1
B3_D2_Craig_Bampton,B3,2,Craig_Bampton,full-grid,1690,25,14,55,1.0082415638813158,1.005824009686076,-0.069779027485813855,0,0,1,UNSTABLE,3.164580042228195e-16,1.4054849545799591e-16,1
B3_D2_Craig_Bampton,B3,2,Craig_Bampton,full-grid,1691,25,15,56,1.0082818737807517,1.0058779217857488,-0.069584074749950126,0,0,1,UNSTABLE,1.8359191735075663e-16,1.4054849545799591e-16,1
B3_D2_Craig_Bampton,B3,2,Craig_Bampton,full-grid,1692,25,16,57,1.0083090046313095,1.0059187170887982,-0.069387199331062327,0,0,1,UNSTABLE,3.8272369596790932e-16,1.4054849545799594e-16,1
B3_D2_Craig_Bampton,B3,2,Craig_Bampton,full-grid,1693,25,17,58,1.0083230618511829,1.0059464396080986,-0.069189288916238101,0,0,1,UNSTABLE,1.649590925666791e-16,1.4054849545799591e-16,1
B3_D2_Craig_Bampton,B3,2,Craig_Bampton,full-grid,1694,25,18,59,1.008324212710225,1.005961197845052,-0.068991205003561332,0,0,1,UNSTABLE,2.3260258073049846e-16,1.4054849545799591e-16,1
B3_D2_Craig_Bampton,B3,2,Craig_Bampton,full-grid,1695,25,19,60,1.008312680329881,1.005963159121305,-0.068793777369122622,0,0,1,UNSTABLE,2.2191761188762567e-16,1.4054849545799591e-16,1
B3_D2_Craig_Bampton,B3,2,Craig_Bampton,full-grid,1696,25,20,61,1.008288737256434,1.0059525433925052,-0.068597799675530702,0,0,1,UNSTABLE,3.360170667744347e-16,1.4054849545799591e-16,1
B3_D2_Craig_Bampton,B3,2,Craig_Bampton,full-grid,1697,25,21,62,1.0082526988388314,1.0059296167777423,-0.068404026235095033,0,0,1,UNSTABLE,1.9142037274190606e-16,1.4054849545799591e-16,1
B3_D2_Craig_Bampton,B3,2,Craig_Bampton,full-grid,1698,25,22,63,1.0082049166197427,1.0058946850187822,-0.068213169895461653,0,0,1,UNSTABLE,3.0344737971212593e-16,1.4054849545799591e-16,1
B3_D2_Craig_Bampton,B3,2,Craig_Bampton,full-grid,1699,25,23,64,1.0081457719176579,1.0058480870546826,-0.068025900978124623,0,0,1,UNSTABLE,2.6423633978794221e-16,1.4054849545799591e-16,1
B3_D2_Craig_Bampton,B3,2,Craig_Bampton,full-grid,1700,25,24,65,1.0080756697442383,1.005790188865211,-0.067842847174762216,0,0,1,UNSTABLE,6.944989491517208e-17,1.4054849545799591e-16,1
B3_D2_Craig_Bampton,B3,2,Craig_Bampton,full-grid,1701,25,25,66,1.0079950331678955,1.0057213777038125,-0.067664594291934513,0,0,1,UNSTABLE,2.4098517424237466e-16,1.4054849545799591e-16,1
B3_D2_Craig_Bampton,B3,2,Craig_Bampton,full-grid,1702,25,26,67,1.0079042982020896,1.0056420568085049,-0.067491687726761868,0,0,1,UNSTABLE,2.2123646547489938e-16,1.4054849545799591e-16,1
B3_D2_Craig_Bampton,B3,2,Craig_Bampton,full-grid,1703,25,27,68,1.0078039092694804,1.0055526406511062,-0.067324634558493496,0,0,1,UNSTABLE,1.8979749013330411e-16,1.4054849545799591e-16,1
B3_D2_Craig_Bampton,B3,2,Craig_Bampton,full-grid,1704,25,28,69,1.0076943152700339,1.005453550761374,-0.067163906146737243,0,0,1,UNSTABLE,2.387126691751801e-16,1.4054849545799591e-16,1
B3_D2_Craig_Bampton,B3,2,Craig_Bampton,full-grid,1705,25,29,70,1.0075759662617743,1.0053452121421724,-0.067009941136808263,0,0,1,UNSTABLE,3.3180338964009096e-16,1.4054849545799591e-16,1
B3_D2_Craig_Bampton,B3,2,Craig_Bampton,full-grid,1706,25,30,71,1.0074493107519866,1.0052280502795621,-0.066863148787674853,0,0,1,UNSTABLE,3.2353610882059732e-16,1.4054849545799591e-16,1
B3_D2_Craig_Bampton,B3,2,Craig_Bampton,full-grid,1707,25,31,72,1.0073147935863396,1.0051024887403539,-0.066723912548928593,0,0,1,UNSTABLE,2.6643378042523629e-16,1.4054849545799591e-16,1
B3_D2_Craig_Bampton,B3,2,Craig_Bampton,full-grid,1708,25,32,73,1.0071728544217868,1.0049689473466388,-0.066592593830836294,0,0,1,UNSTABLE,2.1302285951943024e-16,1.4054849545799594e-16,1
B3_D2_Craig_Bampton,B3,2,Craig_Bampton,full-grid,1709,25,33,74,1.0070239267682695,1.0048278409150664,-0.066469535922487888,0,0,1,UNSTABLE,3.6567017676894603e-16,1.4054849545799591e-16,1
B3_D2_Craig_Bampton,B3,2,Craig_Bampton,full-grid,1710,25,34,75,1.0068684375890542,1.0046795785523552,-0.066355068027129024,0,0,1,UNSTABLE,4.0656180379003875e-16,1.4054849545799591e-16,1
B3_D2_Craig_Bampton,B3,2,Craig_Bampton,full-grid,1711,25,35,76,1.0067068074575523,1.0045245635056794,-0.066249509395173323,0,0,1,UNSTABLE,3.9747050273787582e-16,1.4054849545799591e-16,1
B3_D2_Craig_Bampton,B3,2,Craig_Bampton,full-grid,1712,25,36,77,1.0065394512788568,1.0043631935763084,-0.066153173543989932,0,0,1,UNSTABLE,3.047546006173859e-16,1.4054849545799591e-16,1
B3_D2_Craig_Bampton,B3,2,Craig_Bampton,full-grid,1713,25,37,78,1.0063667795990217,1.0041958621191189,-0.066066372560821665,0,0,1,UNSTABLE,2.9523338020790311e-16,1.4054849545799591e-16,1
B3_D2_Craig_Bampton,B3,2,Craig_Bampton,full-grid,1714,25,38,79,1.0061892005429425,1.0040229596680335,-0.065989421490781464,0,0,1,UNSTABLE,4.2852982605266429e-16,1.4054849545799591e-16,1
B3_D2_Craig_Bampton,B3,2,Craig_Bampton,full-grid,1715,25,39,80,1.0060071224436093,1.0038448762493271,-0.065922642811437865,0,0,1,UNSTABLE,3.2967829224838638e-16,1.4054849545799591e-16,1
B3_D2_Craig_Bampton,B3,2,Craig_Bampton,full-grid,1716,25,40,81,1.0058209572518215,1.0036620044711371,-0.065866370994229428,0,0,1,UNSTABLE,2.1542683933886905e-16,1.4054849545799591e-16,1
B3_D2_Craig_Bampton,B3,2,Craig_Bampton,full-grid,1717,25,41,82,1.0056311248473047,1.0034747435100293,-0.065820957142358069,0,0,1,UNSTABLE,4.2512005784888314e-16,1.4054849545799591e-16,1
B3_D2_Craig_Bampton,B3,2,Craig_Bampton,full-grid,1718,25,42,83,1.0054380584105334,1.0032835041548138,-0.065786773679676627,0,0,1,UNSTABLE,1.8292937414390412e-16,1.4054849545799591e-16,1
B3_D2_Craig_Bampton,B3,2,Craig_Bampton,full-grid,1719,25,43,84,1.0052422110589663,1.0030887151141832,-0.06576421903509759,0,0,1,UNSTABLE,1.8819520599439009e-16,1.4054849545799591e-16,1
B3_D2_Craig_Bampton,B3,2,Craig_Bampton,full-grid,1720,25,44,85,1.0050440640041967,1.0028908308505131,-0.065753722221935998,0,0,1,UNSTABLE,1.4059053766715591e-16,1.4054849545799591e-16,1
B3_D2_Craig_Bampton,B3,2,Craig_Bampton,full-grid,1721,25,45,86,1.0048441365465097,1.0026903412666535,-0.065755747143975904,0,0,1,UNSTABLE,1.7281633632054027e-16,1.4054849545799591e-16,1
B3_D2_Craig_Bampton,B3,2,Craig_Bampton,full-grid,1722,25,46,87,1.004642998287316,1.002487783643599,-0.065770796354251898,0,0,1,UNSTABLE,1.9340158016907371e-16,1.4054849545799591e-16,1
B3_D2_Craig_Bampton,B3,2,Craig_Bampton,full-grid,1723,25,47,88,1.0044412840032313,1.0022837573004022,-0.065799413841222426,0,0,1,UNSTABLE,2.0604981726851956e-16,1.4054849545799591e-16,1
B3_D2_Craig_Bampton,B3,2,Craig_Bampton,full-grid,1724,25,48,89,1.0042397116758588,1.0020789415130329,-0.065842186194959032,0,0,1,UNSTABLE,4.1088320930138858e-16,1.4054849545799594e-16,1
B3_D2_Craig_Bampton,B3,2,Craig_Bampton,full-grid,1725,25,49,90,1.004039104183394,1.0018741172624552,-0.065899741190452235,0,0,1,UNSTABLE,5.3143209038581911e-16,1.4054849545799591e-16,1
B3_D2_Craig_Bampton,B3,2,Craig_Bampton,full-grid,1726,25,50,91,1.0038404150922944,1.0016701933444809,-0.065972742385777175,0,0,1,UNSTABLE,2.2608377825552096e-16,1.4054849545799591e-16,1
B3_D2_Craig_Bampton,B3,2,Craig_Bampton,full-grid,1727,25,51,92,1.0036447587670629,1.0014682371947043,-0.066061877741458594,0,0,1,UNSTABLE,3.4129553343667526e-16,1.4054849545799591e-16,1
B3_D2_Craig_Bampton,B3,2,Craig_Bampton,full-grid,1728,25,52,93,1.003453444525426,1.0012695103438496,-0.066167839512331642,0,0,1,UNSTABLE,1.8072195654398137e-16,1.4054849545799591e-16,1
B3_D2_Craig_Bampton,B3,2,Craig_Bampton,full-grid,1729,25,53,94,1.0032680136275478,1.0010755075436337,-0.06629129176914382,0,0,1,UNSTABLE,2.2450359592547756e-16,1.4054849545799591e-16,1
B3_D2_Craig_Bampton,B3,2,Craig_Bampton,full-grid,1730,25,54,95,1.0030902762665788,1.0008879970462101,-0.066432821025357372,0,0,1,UNSTABLE,2.0034448891351891e-16,1.4054849545799591e-16,1
B3_D2_Craig_Bampton,B3,2,Craig_Bampton,full-grid,1731,25,55,96,1.0029223431462337,1.0007090569826085,-0.06659286489489788,0,0,1,UNSTABLE,1.9327151822898657e-16,1.4054849545799591e-16,1
B3_D2_Craig_Bampton,B3,2,Craig_Bampton,full-grid,1732,25,56,97,1.002766642520595,1.0005410990518797,-0.06677161417910471,0,0,1,UNSTABLE,4.0720347570154747e-16,1.4054849545799591e-16,1
B3_D2_Craig_Bampton,B3,2,Craig_Bampton,full-grid,1733,25,57,98,1.0026259089293876,1.0003868659234494,-0.066968886390167057,0,0,1,UNSTABLE,1.6575032224796695e-16,1.4054849545799591e-16,1
B3_D2_Craig_Bampton,B3,2,Craig_Bampton,full-grid,1734,25,58,99,1.0025031254062859,1.000249383882571,-0.067183974963592255,0,0,1,UNSTABLE,3.1914070245401268e-16,1.4054849545799591e-16,1
B3_D2_Craig_Bampton,B3,2,Craig_Bampton,full-grid,1735,25,59,100,1.0024013993117256,1.0001318498640213,-0.067415489538209916,0,0,1,UNSTABLE,2.3985028542223271e-16,1.4054849545799591e-16,1
B3_D2_Craig_Bampton,B3,2,Craig_Bampton,full-grid,1736,25,60,101,1.0023237575474451,1.000037436550564,-0.067661218148996768,0,0,1,UNSTABLE,3.7285825697848763e-16,1.4054849545799591e-16,1
B3_D2_Craig_Bampton,B3,2,Craig_Bampton,full-grid,1737,25,61,102,1.0022728643865317,0.99996901560837337,-0.067918057310288285,0,0,1,UNSTABLE,2.9259194702034376e-16,1.4054849545799591e-16,1
B3_D2_Craig_Bampton,B3,2,Craig_Bampton,full-grid,1738,25,62,103,1.0022506951661063,0.99992882874277078,-0.068182060764205035,0,0,1,UNSTABLE,1.8344224460525166e-16,1.4054849545799591e-16,1
B3_D2_Craig_Bampton,B3,2,Craig_Bampton,full-grid,1739,25,63,104,1.0022582325995972,0.9999181708835797,-0.068448640238536418,0,0,1,UNSTABLE,4.4565285803161418e-16,1.4054849545799591e-16,1
B3_D2_Craig_Bampton,B3,2,Craig_Bampton,full-grid,1740,25,64,105,1.0022952699171492,0.99993717018847184,-0.068712908348885687,0,0,1,UNSTABLE,2.7034342787204765e-16,1.4054849545799594e-16,1
B3_D2_Craig_Bampton,B3,2,Craig_Bampton,full-grid,1741,25,65,106,1.0023603873499813,0.99998473561111323,-0.068970099848967473,0,0,1,UNSTABLE,2.3757072910898974e-16,1.4054849545799591e-16,1
B3_D2_Craig_Bampton,B3,2,Craig_Bampton,full-grid,1742,25,66,107,1.0024511156531934,1.0000586924716282,-0.06921597276835563,0,0,1,UNSTABLE,2.7536832520602417e-16,1.4054849545799591e-16,1
B3_D2_Craig_Bampton,B3,2,Craig_Bampton,full-grid,1743,26,0,42,1.0067780928413264,1.0042787573911236,-0.070896443339275694,0,0,1,UNSTABLE,3.0369387570191932e-16,1.2758564174579434e-16,1
B3_D2_Craig_Bampton,B3,2,Craig_Bampton,full-grid,1744,26,1,43,1.0069634018743356,1.0044695294873938,-0.070825539501710513,0,0,1,UNSTABLE,2.7120631212246132e-16,1.4054849545799591e-16,1
B3_D2_Craig_Bampton,B3,2,Craig_Bampton,full-grid,1745,26,2,44,1.0071421918591406,1.004654607074368,-0.07074259754264571,0,0,1,UNSTABLE,3.0496346744825945e-16,1.4054849545799591e-16,1
B3_D2_Craig_Bampton,B3,2,Craig_Bampton,full-grid,1746,26,3,45,1.0073137179578879,1.004833211531986,-0.070648024660697306,0,0,1,UNSTABLE,2.7215951129027757e-16,1.4054849545799591e-16,1
B3_D2_Craig_Bampton,B3,2,Craig_Bampton,full-grid,1747,26,4,46,1.0074772611124305,1.0050045858659389,-0.070542285524623119,0,0,1,UNSTABLE,1.30456555282847e-16,1.4054849545799591e-16,1
B3_D2_Craig_Bampton,B3,2,Craig_Bampton,full-grid,1748,26,5,47,1.0076321342423662,1.005168000957128,-0.070425902973813417,0,0,1,UNSTABLE,4.6141969664821883e-16,1.4054849545799591e-16,1
B3_D2_Craig_Bampton,B3,2,Craig_Bampton,full-grid,1749,26,6,48,1.007777688953843,1.0053227624108962,-0.070299457548929994,0,0,1,UNSTABLE,1.7870893569127304e-16,1.4054849545799591e-16,1
B3_D2_Craig_Bampton,B3,2,Craig_Bampton,full-grid,1750,26,7,49,1.0079133224526919,1.0054682177079104,-0.070163585690171559,0,0,1,UNSTABLE,1.2909795302587e-16,1.4054849545799591e-16,1
B3_D2_Craig_Bampton,B3,2,Craig_Bampton,full-grid,1751,26,8,50,1.0080384843252186,1.0056037633219703,-0.070018976523332291,0,0,1,UNSTABLE,3.5153096017447004e-16,1.4054849545799591e-16,1
B3_D2_Craig_Bampton,B3,2,Craig_Bampton,full-grid,1752,26,9,51,1.0081526828453575,1.0057288514586191,-0.069866367245040514,0,0,1,UNSTABLE,1.2442255149693335e-16,1.4054849545799591e-16,1
B3_D2_Craig_Bampton,B3,2,Craig_Bampton,full-grid,1753,26,10,52,1.0082554904884622,1.0058429960835733,-0.069706537209576619,0,0,1,UNSTABLE,3.2714628103277293e-16,1.4054849545799591e-16,1
B3_D2_Craig_Bampton,B3,2,Craig_Bampton,full-grid,1754,26,11,53,1.0083465483758201,1.0059457779482963,-0.069540300901181309,0,0,1,UNSTABLE,2.4115194948247715e-16,1.4054849545799591e-16,1
B3_D2_Craig_Bampton,B3,2,Craig_Bampton,full-grid,1755,26,12,54,1.0084255694387192,1.006036848380556,-0.069368500043777509,0,0,1,UNSTABLE,3.1305201997623143e-16,1.4054849545799591e-16,1
B3_D2_Craig_Bampton,B3,2,Craig_Bampton,full-grid,1756,26,13,55,1.0084923401679065,1.0061159316824146,-0.069191995145154797,0,0,1,UNSTABLE,1.5947665146554137e-16,1.4054849545799591e-16,1
B3_D2_Craig_Bampton,B3,2,Craig_Bampton,full-grid,1757,26,14,56,1.0085467208976158,1.0061828260607042,-0.069011656796718876,0,0,1,UNSTABLE,2.4791222384572823e-16,1.4054849545799591e-16,1
B3_D2_Craig_Bampton,B3,2,Craig_Bampton,full-grid,1758,26,15,57,1.0085886446541104,1.006237403096979,-0.068828357047537092,0,0,1,UNSTABLE,2.6885094627218706e-16,1.4054849545799591e-16,1
B3_D2_Craig_Bampton,B3,2,Craig_Bampton,full-grid,1759,26,16,58,1.0086181146710516,1.0062796058389087,-0.068642961148808704,0,0,1,UNSTABLE,2.0657429262103472e-16,1.4054849545799591e-16,1
B3_D2_Craig_Bampton,B3,2,Craig_Bampton,full-grid,1760,26,17,59,1.0086352007333026,1.0063094456580246,-0.068456319925545128,0,0,1,UNSTABLE,1.7362730524796579e-16,1.4054849545799591e-16,1
B3_D2_Craig_Bampton,B3,2,Craig_Bampton,full-grid,1761,26,18,60,1.0086400345518272,1.0063269980642533,-0.068269262979025677,0,0,1,UNSTABLE,2.1298277385712271e-16,1.4054849545799591e-16,1
B3_D2_Craig_Bampton,B3,2,Craig_Bampton,full-grid,1762,26,19,61,1.0086328043966464,1.0063323976965655,-0.068082592865762279,0,0,1,UNSTABLE,2.1088613430711526e-16,1.4054849545799591e-16,1
B3_D2_Craig_Bampton,B3,2,Craig_Bampton,full-grid,1763,26,20,62,1.0086137492220988,1.0063258327207512,-0.067897080340362292,0,0,1,UNSTABLE,2.7693849117643788e-16,1.4054849545799591e-16,1
B3_D2_Craig_Bampton,B3,2,Craig_Bampton,full-grid,1764,26,21,63,1.0085831525111546,1.0063075388617841,-0.067713460694883362,0,0,1,UNSTABLE,2.9497852275573331e-16,1.4054849545799591e-16,1
B3_D2_Craig_Bampton,B3,2,Craig_Bampton,full-grid,1765,26,22,64,1.0085413360466331,1.0062777932826292,-0.067532431179175123,0,0,1,UNSTABLE,1.6343694134296515e-16,1.4054849545799591e-16,1
B3_D2_Craig_Bampton,B3,2,Craig_Bampton,full-grid,1766,26,23,65,1.0084886537910567,1.0062369084976288,-0.067354649449258022,0,0,1,UNSTABLE,2.0130739080129369e-16,1.4054849545799591e-16,1
B3_D2_Craig_Bampton,B3,2,Craig_Bampton,full-grid,1767,26,24,66,1.0084254860262047,1.0061852264795941,-0.067180732962621226,0,0,1,UNSTABLE,1.5313085935305236e-16,1.4054849545799591e-16,1
B3_D2_Craig_Bampton,B3,2,Craig_Bampton,full-grid,1768,26,25,67,1.0083522338713982,1.0061231130886255,-0.067011259220313729,0,0,1,UNSTABLE,1.8143946612401526e-16,1.4054849545799591e-16,1
B3_D2_Craig_Bampton,B3,2,Craig_Bampton,full-grid,1769,26,26,68,1.0082693142691963,1.0060509529205255,-0.06684676674737787,0,0,1,UNSTABLE,2.1415702809530127e-16,1.4054849545799591e-16,1
B3_D2_Craig_Bampton,B3,2,Craig_Bampton,full-grid,1770,26,27,69,1.0081771554985384,1.0059691446439227,-0.066687756698648404,0,0,1,UNSTABLE,2.072241145134684e-16,1.4054849545799591e-16,1
B3_D2_Craig_Bampton,B3,2,Craig_Bampton,full-grid,1771,26,28,70,1.008076193253215,1.0058780968722372,-0.066534694983743481,0,0,1,UNSTABLE,1.4933778112297629e-16,1.4054849545799591e-16,1
B3_D2_Craig_Bampton,B3,2,Craig_Bampton,full-grid,1772,26,29,71,1.007966867303,1.0057782245953588,-0.066388014810141852,0,0,1,UNSTABLE,3.7933845622515512e-16,1.4054849545799591e-16,1
B3_D2_Craig_Bampton,B3,2,Craig_Bampton,full-grid,1773,26,30,72,1.0078496187412427,1.005669946181311,-0.066248119554800991,0,0,1,UNSTABLE,3.0102950676894813e-16,1.4054849545799591e-16,1
B3_D2_Craig_Bampton,B3,2,Craig_Bampton,full-grid,1774,26,31,73,1.0077248878129563,1.0055536809472927,-0.066115385886991285,0,0,1,UNSTABLE,1.381850993615767e-16,1.4054849545799591e-16,1
B3_D2_Craig_Bampton,B3,2,Craig_Bampton,full-grid,1775,26,32,74,1.0075931123119344,1.0054298472930123,-0.065990167076619491,0,0,1,UNSTABLE,3.0847651741832659e-16,1.4054849545799591e-16,1
B3_D2_Craig_Bampton,B3,2,Craig_Bampton,full-grid,1776,26,33,75,1.0074547265342415,1.0052988613869736,-0.065872796435538866,0,0,1,UNSTABLE,3.1994822591476767e-16,1.4054849545799591e-16,1
B3_D2_Craig_Bampton,B3,2,Craig_Bampton,full-grid,1777,26,34,76,1.0073101607767472,1.005161136396971,-0.065763590848023704,0,0,1,UNSTABLE,6.0055372163295172e-16,1.4054849545799591e-16,1
B3_D2_Craig_Bampton,B3,2,Craig_Bampton,full-grid,1778,26,35,77,1.0071598413753802,1.0050170822611633,-0.065662854358754616,0,0,1,UNSTABLE,3.4003017393211775e-16,1.4054849545799591e-16,1
B3_D2_Craig_Bampton,B3,2,Craig_Bampton,full-grid,1779,26,36,78,1.0070041912847343,1.0048671060026249,-0.065570881791624056,0,0,1,UNSTABLE,4.7594689335899433e-16,1.4054849545799591e-16,1
B3_D2_Craig_Bampton,B3,2,Craig_Bampton,full-grid,1780,26,37,79,1.0068436312117541,1.0047116126008944,-0.065487962379214254,0,0,1,UNSTABLE,1.8401752243710866e-16,1.4054849545799591e-16,1
B3_D2_Craig_Bampton,B3,2,Craig_Bampton,full-grid,1781,26,38,80,1.0066785813286396,1.0045510064463379,-0.065414383383872995,0,0,1,UNSTABLE,1.8339636070318321e-16,1.4054849545799591e-16,1
B3_D2_Craig_Bampton,B3,2,Craig_Bampton,full-grid,1782,26,39,81,1.0065094636060421,1.0043856934190787,-0.06535043369097826,0,0,1,UNSTABLE,2.119796532073205e-16,1.4054849545799591e-16,1
B3_D2_Craig_Bampton,B3,2,Craig_Bampton,full-grid,1783,26,40,82,1.0063367048248577,1.0042160836518974,-0.065296407348322649,0,0,1,UNSTABLE,3.9988187035195844e-16,1.4054849545799591e-16,1
B3_D2_Craig_Bampton,B3,2,Craig_Bampton,full-grid,1784,26,41,83,1.0061607403461783,1.0040425950584504,-0.065252607015063926,0,0,1,UNSTABLE,1.4462136138365012e-16,1.4054849545799591e-16,1
B3_D2_Craig_Bampton,B3,2,Craig_Bampton,full-grid,1785,26,42,84,1.0059820187406863,1.0038656577311271,-0.065219347264734662,0,0,1,UNSTABLE,2.9062702177615735e-16,1.4054849545799591e-16,1
B3_D2_Craig_Bampton,B3,2,Craig_Bampton,full-grid,1786,26,43,85,1.0058010074048842,1.0036857193408191,-0.065196957658949006,0,0,1,UNSTABLE,2.7879558889275885e-16,1.4054849545799591e-16,1
B3_D2_Craig_Bampton,B3,2,Craig_Bampton,full-grid,1787,26,44,86,1.0056181993159576,1.0035032516980216,-0.065185785467127083,0,0,1,UNSTABLE,4.1423831108733068e-16,1.4054849545799591e-16,1
B3_D2_Craig_Bampton,B3,2,Craig_Bampton,full-grid,1788,26,45,87,1.0054341211027922,1.0033187586643701,-0.065186197848406846,0,0,1,UNSTABLE,1.6893981345184975e-16,1.4054849545799591e-16,1
B3_D2_Craig_Bampton,B3,2,Craig_Bampton,full-grid,1789,26,46,88,1.0052493426298785,1.0031327856282741,-0.06519858323201333,0,0,1,UNSTABLE,1.8153806265550338e-16,1.4054849545799591e-16,1
B3_D2_Craig_Bampton,B3,2,Craig_Bampton,full-grid,1790,26,47,89,1.0050644882986455,1.0029459307738393,-0.065223351517802119,0,0,1,UNSTABLE,3.616495493755915e-16,1.4054849545799591e-16,1
B3_D2_Craig_Bampton,B3,2,Craig_Bampton,full-grid,1791,26,48,90,1.0048802502559917,1.0027588583675486,-0.065260932570374852,0,0,1,UNSTABLE,3.2357823185046904e-16,1.4054849545799591e-16,1
B3_D2_Craig_Bampton,B3,2,Craig_Bampton,full-grid,1792,26,49,91,1.0046974036419123,1.0025723142428986,-0.065311772280640376,0,0,1,UNSTABLE,4.661460006770822e-16,1.4054849545799591e-16,1
B3_D2_Craig_Bampton,B3,2,Craig_Bampton,full-grid,1793,26,50,92,1.0045168238822584,1.002387143554522,-0.065376325218740691,0,0,1,UNSTABLE,1.2145579802136017e-16,1.4054849545799591e-16,1
B3_D2_Craig_Bampton,B3,2,Craig_Bampton,full-grid,1794,26,51,93,1.0043395057928912,1.002204310654601,-0.065455042599061056,0,0,1,UNSTABLE,3.1697668664562383e-16,1.4054849545799591e-16,1
B3_D2_Craig_Bampton,B3,2,Craig_Bampton,full-grid,1795,26,52,94,1.0041665838531477,1.0020249205598661,-0.06554835394039138,0,0,1,UNSTABLE,3.4542356066804153e-16,1.4054849545799591e-16,1
B3_D2_Craig_Bampton,B3,2,Craig_Bampton,full-grid,1796,26,53,95,1.003999352352934,1.0018502408471028,-0.065656640484518219,0,0,1,UNSTABLE,3.2803743181939691e-16,1.4054849545799591e-16,1
B3_D2_Craig_Bampton,B3,2,Craig_Bampton,full-grid,1797,26,54,96,1.0038392831456069,1.0016817218583522,-0.065780198245160362,0,0,1,UNSTABLE,1.9940042821278047e-16,1.4054849545799591e-16,1
B3_D2_Craig_Bampton,B3,2,Craig_Bampton,full-grid,1798,26,55,97,1.0036880373886927,1.0015210117418043,-0.065919188684621238,0,0,1,UNSTABLE,2.0468956451941433e-16,1.4054849545799591e-16,1
B3_D2_Craig_Bampton,B3,2,Craig_Bampton,full-grid,1799,26,56,98,1.0035474659778665,1.0013699611297631,-0.066073575789220615,0,0,1,UNSTABLE,1.3285443156732326e-16,1.4054849545799591e-16,1
B3_D2_Craig_Bampton,B3,2,Craig_Bampton,full-grid,1800,26,57,99,1.0034195916089856,1.0012306103657496,-0.066243050136388995,0,0,1,UNSTABLE,2.6663830370971193e-16,1.4054849545799591e-16,1
B3_D2_Craig_Bampton,B3,2,Craig_Bampton,full-grid,1801,26,58,100,1.0033065641493764,1.0011051507177762,-0.066426943867418889,0,0,1,UNSTABLE,2.571814227607318e-16,1.4054849545799591e-16,1
B3_D2_Craig_Bampton,B3,2,Craig_Bampton,full-grid,1802,26,59,101,1.0032105813281433,1.0009958510054484,-0.066624145462657144,0,0,1,UNSTABLE,1.1749990501856528e-16,1.4054849545799591e-16,1
B3_D2_Craig_Bampton,B3,2,Craig_Bampton,full-grid,1803,26,60,102,1.0031337700995793,1.0009049439936222,-0.06683302928432637,0,0,1,UNSTABLE,1.9794056262969089e-16,1.4054849545799591e-16,1
B3_D2_Craig_Bampton,B3,2,Craig_Bampton,full-grid,1804,26,61,103,1.003078031625001,1.0008344741177577,-0.067051420164812164,0,0,1,UNSTABLE,3.9614048084808249e-16,1.4054849545799591e-16,1
B3_D2_Craig_Bampton,B3,2,Craig_Bampton,full-grid,1805,26,62,104,1.0030448644648224,1.0007861196349315,-0.067276614624329892,0,0,1,UNSTABLE,2.5628683124108636e-16,1.4054849545799591e-16,1
B3_D2_Craig_Bampton,B3,2,Craig_Bampton,full-grid,1806,26,63,105,1.0030351933633546,1.0007610154763018,-0.067505474061762036,0,0,1,UNSTABLE,3.5915486896007459e-16,1.4054849545799591e-16,1
B3_D2_Craig_Bampton,B3,2,Craig_Bampton,full-grid,1807,26,64,106,1.003049239132686,1.0007596122057196,-0.067734590148001608,0,0,1,UNSTABLE,1.2193133647196066e-16,1.4054849545799591e-16,1
B3_D2_Craig_Bampton,B3,2,Craig_Bampton,full-grid,1808,26,65,107,1.0030864623812055,1.0007816051222653,-0.067960502215209342,0,0,1,UNSTABLE,1.7762482004404586e-16,1.4054849545799591e-16,1
B3_D2_Craig_Bampton,B3,2,Craig_Bampton,full-grid,1809,26,66,108,1.0031455980814936,1.0008259530134036,-0.068179929048729992,0,0,1,UNSTABLE,2.5507533785073377e-16,1.4054849545799591e-16,1
B3_D2_Craig_Bampton,B3,2,Craig_Bampton,full-grid,1810,27,0,43,1.0070834228580052,1.0046495566124718,-0.069973487791875899,0,0,1,UNSTABLE,2.3498806498802697e-16,1.2758564174579434e-16,1
B3_D2_Craig_Bampton,B3,2,Craig_Bampton,full-grid,1811,27,1,44,1.0072595143921717,1.004830473697337,-0.06991028867583976,0,0,1,UNSTABLE,1.760549350554318e-16,1.4054849545799591e-16,1
B3_D2_Craig_Bampton,B3,2,Craig_Bampton,full-grid,1812,27,2,45,1.0074298640674071,1.0050064192626806,-0.069835723349008297,0,0,1,UNSTABLE,1.3666863585566346e-16,1.4054849545799589e-16,1
B3_D2_Craig_Bampton,B3,2,Craig_Bampton,full-grid,1813,27,3,46,1.0075937572326334,1.0051766507485358,-0.069750128344904821,0,0,1,UNSTABLE,1.2442185037021244e-16,1.4054849545799591e-16,1
B3_D2_Craig_Bampton,B3,2,Craig_Bampton,full-grid,1814,27,4,47,1.0077504983608743,1.0053404406474442,-0.069653896842841373,0,0,1,UNSTABLE,4.0444143280143988e-16,1.4054849545799591e-16,1
B3_D2_Craig_Bampton,B3,2,Craig_Bampton,full-grid,1815,27,5,48,1.0078994173303195,1.0054970827911036,-0.06954747984922445,0,0,1,UNSTABLE,1.4649773741474689e-16,1.4054849545799591e-16,1
B3_D2_Craig_Bampton,B3,2,Craig_Bampton,full-grid,1816,27,6,49,1.0080398762315752,1.0056458992487332,-0.069431386254174887,0,0,1,UNSTABLE,2.0275239838472935e-16,1.4054849545799591e-16,1
B3_D2_Craig_Bampton,B3,2,Craig_Bampton,full-grid,1817,27,7,50,1.0081712764216901,1.005786247566427,-0.069306181600099812,0,0,1,UNSTABLE,1.9349382163821955e-16,1.4054849545799591e-16,1
B3_D2_Craig_Bampton,B3,2,Craig_Bampton,full-grid,1818,27,8,51,1.0082930655129878,1.0059175280384496,-0.069172485473584566,0,0,1,UNSTABLE,2.7062398709014665e-16,1.4054849545799591e-16,1
B3_D2_Craig_Bampton,B3,2,Craig_Bampton,full-grid,1819,27,9,52,1.0084047439749366,1.006039190685581,-0.069030967513560845,0,0,1,UNSTABLE,1.4981529084335233e-16,1.4054849545799591e-16,1
B3_D2_Craig_Bampton,B3,2,Craig_Bampton,full-grid,1820,27,10,53,1.0085058710390351,1.0061507416213284,-0.06888234211359183,0,0,1,UNSTABLE,1.1590453519989737e-16,1.4054849545799591e-16,1
B3_D2_Craig_Bampton,B3,2,Craig_Bampton,full-grid,1821,27,11,54,1.0085960696328737,1.0062517485176592,-0.068727361974939616,0,0,1,UNSTABLE,1.8290623410630696e-16,1.4054849545799591e-16,1
B3_D2_Craig_Bampton,B3,2,Craig_Bampton,full-grid,1822,27,12,55,1.008675030124204,1.0063418449323309,-0.068566810734175726,0,0,1,UNSTABLE,2.2405604347340176e-16,1.4054849545799591e-16,1
B3_D2_Craig_Bampton,B3,2,Craig_Bampton,full-grid,1823,27,13,56,1.0087425127254026,1.0064207333265893,-0.068401494939286808,0,0,1,UNSTABLE,2.2302382949216441e-16,1.4054849545799594e-16,1
B3_D2_Craig_Bampton,B3,2,Craig_Bampton,full-grid,1824,27,14,57,1.0087983484853897,1.0064881866776494,-0.068232235674841754,0,0,1,UNSTABLE,1.7669848268569502e-16,1.4054849545799594e-16,1
B3_D2_Craig_Bampton,B3,2,Craig_Bampton,full-grid,1825,27,15,58,1.0088424388743336,1.0065440486689949,-0.068059860144885034,0,0,1,UNSTABLE,2.7149470258374418e-16,1.4054849545799591e-16,1
B3_D2_Craig_Bampton,B3,2,Craig_Bampton,full-grid,1826,27,16,59,1.0088747540364125,1.0065882325136819,-0.067885193503545382,0,0,1,UNSTABLE,2.4486929925639782e-16,1.4054849545799591e-16,1
B3_D2_Craig_Bampton,B3,2,Craig_Bampton,full-grid,1827,27,17,60,1.0088953298476202,1.0066207185304559,-0.067709051193818579,0,0,1,UNSTABLE,2.1588183687423124e-16,1.4054849545799591e-16,1
B3_D2_Craig_Bampton,B3,2,Craig_Bampton,full-grid,1828,27,18,61,1.008904263959449,1.0066415506404272,-0.067532232006604825,0,0,1,UNSTABLE,1.8972033096347482e-16,1.4054849545799591e-16,1
B3_D2_Craig_Bampton,B3,2,Craig_Bampton,full-grid,1829,27,19,62,1.0089017110386729,1.0066508319856027,-0.067355512019848324,0,0,1,UNSTABLE,1.6831619126703211e-16,1.4054849545799591e-16,1
B3_D2_Craig_Bampton,B3,2,Craig_Bampton,full-grid,1830,27,20,63,1.0088878774248151,1.0066487198862242,-0.067179639521027429,0,0,1,UNSTABLE,2.3767095662946625e-16,1.4054849545799591e-16,1
B3_D2_Craig_Bampton,B3,2,Craig_Bampton,full-grid,1831,27,21,64,1.0088630154256446,1.0066354203564689,-0.067005330963139015,0,0,1,UNSTABLE,2.9534267557063466e-16,1.4054849545799591e-16,1
B3_D2_Craig_Bampton,B3,2,Craig_Bampton,full-grid,1832,27,22,65,1.0088274174570231,1.0066111823872932,-0.06683326795737432,0,0,1,UNSTABLE,2.208035329440261e-16,1.4054849545799591e-16,1
B3_D2_Craig_Bampton,B3,2,Craig_Bampton,full-grid,1833,27,23,66,1.0087814102100054,1.0065762921844863,-0.0666640952643862,0,0,1,UNSTABLE,1.9653550271231378e-16,1.4054849545799591e-16,1
B3_D2_Craig_Bampton,B3,2,Craig_Bampton,full-grid,1834,27,24,67,1.0087253490021146,1.0065310675257475,-0.066498419717443566,0,0,1,UNSTABLE,1.8485992868398341e-16,1.4054849545799591e-16,1
B3_D2_Craig_Bampton,B3,2,Craig_Bampton,full-grid,1835,27,25,68,1.0086596124383014,1.006475852370448,-0.066336809987852116,0,0,1,UNSTABLE,1.7346193438757679e-16,1.4054849545799591e-16,1
B3_D2_Craig_Bampton,B3,2,Craig_Bampton,full-grid,1836,27,26,69,1.0085845974789944,1.0064110118279863,-0.066179797092723536,0,0,1,UNSTABLE,1.4942722458001531e-16,1.4054849545799591e-16,1
B3_D2_Craig_Bampton,B3,2,Craig_Bampton,full-grid,1837,27,27,70,1.0085007149841256,1.0063369275622618,-0.066027875537834013,0,0,1,UNSTABLE,5.3898760228313015e-16,1.4054849545799591e-16,1
B3_D2_Craig_Bampton,B3,2,Craig_Bampton,full-grid,1838,27,28,71,1.0084083857783113,1.0062539936856223,-0.065881504990060305,0,0,1,UNSTABLE,1.5141604163067738e-16,1.4054849545799591e-16,1
B3_D2_Craig_Bampton,B3,2,Craig_Bampton,full-grid,1839,27,29,72,1.0083080372628384,1.0061626131753685,-0.065741112379935546,0,0,1,UNSTABLE,2.6181189523396092e-16,1.4054849545799594e-16,1
B3_D2_Craig_Bampton,B3,2,Craig_Bampton,full-grid,1840,27,30,73,1.0082001005840149,1.0060631948290446,-0.065607094341953803,0,0,1,UNSTABLE,1.231354450398621e-16,1.4054849545799594e-16,1
B3_D2_Craig_Bampton,B3,2,Craig_Bampton,full-grid,1841,27,31,74,1.0080850083563548,1.005956150762672,-0.065479819911028123,0,0,1,UNSTABLE,2.3476243241225988e-16,1.4054849545799591e-16,1
B3_D2_Craig_Bampton,B3,2,Craig_Bampton,full-grid,1842,27,32,75,1.007963192931975,1.0058418944480574,-0.065359633404455608,0,0,1,UNSTABLE,2.0067579884205167e-16,1.4054849545799591e-16,1
B3_D2_Craig_Bampton,B3,2,Craig_Bampton,full-grid,1843,27,33,76,1.007835085204106,1.005720839280976,-0.065246857428820498,0,0,1,UNSTABLE,6.1230888255203187e-16,1.4054849545799591e-16,1
B3_D2_Craig_Bampton,B3,2,Craig_Bampton,full-grid,1844,27,34,77,1.0077011139318264,1.0055933976704576,-0.065141795961028981,0,0,1,UNSTABLE,2.4414948759463794e-16,1.4054849545799591e-16,1
B3_D2_Craig_Bampton,B3,2,Craig_Bampton,full-grid,1845,27,35,78,1.0075617055766564,1.0054599806422071,-0.065044737462095603,0,0,1,UNSTABLE,1.2922413111605152e-16,1.4054849545799591e-16,1
B3_D2_Craig_Bampton,B3,2,Craig_Bampton,full-grid,1846,27,36,79,1.0074172846449825,1.0053209979521511,-0.064955957986628163,0,0,1,UNSTABLE,3.1405629130461229e-16,1.4054849545799591e-16,1
B3_D2_Craig_Bampton,B3,2,Craig_Bampton,full-grid,1847,27,37,80,1.0072682745388546,1.0051768587141883,-0.064875724257677389,0,0,1,UNSTABLE,2.1120400261434867e-16,1.4054849545799591e-16,1
B3_D2_Craig_Bampton,B3,2,Craig_Bampton,full-grid,1848,27,38,81,1.0071150989247648,1.0050279725532905,-0.06480429667592677,0,0,1,UNSTABLE,5.3833209224423624e-16,1.4054849545799591e-16,1
B3_D2_Craig_Bampton,B3,2,Craig_Bampton,full-grid,1849,27,39,82,1.0069581836413506,1.0048747513064105,-0.064741932232272204,0,0,1,UNSTABLE,2.7726311827616549e-16,1.4054849545799591e-16,1
B3_D2_Craig_Bampton,B3,2,Craig_Bampton,full-grid,1850,27,40,83,1.0067979591772751,1.0047176113043998,-0.064688887286047159,0,0,1,UNSTABLE,1.5476401346108683e-16,1.4054849545799591e-16,1
B3_D2_Craig_Bampton,B3,2,Craig_Bampton,full-grid,1851,27,41,84,1.0066348637632174,1.0045569762813438,-0.064645420163188472,0,0,1,UNSTABLE,3.4718373398901368e-16,1.4054849545799591e-16,1
B3_D2_Craig_Bampton,B3,2,Craig_Bampton,full-grid,1852,27,42,85,1.0064693471340476,1.0043932809710472,-0.064611793510558568,0,0,1,UNSTABLE,3.7183622218048321e-16,1.4054849545799591e-16,1
B3_D2_Craig_Bampton,B3,2,Craig_Bampton,full-grid,1853,27,43,86,1.0063018750288875,1.0042269754634128,-0.064588276322106508,0,0,1,UNSTABLE,2.4579626655904617e-16,1.4054849545799591e-16,1
B3_D2_Craig_Bampton,B3,2,Craig_Bampton,full-grid,1854,27,44,87,1.006132934507348,1.0040585304061742,-0.064575145520248844,0,0,1,UNSTABLE,3.1158070087672601e-16,1.4054849545799591e-16,1
B3_D2_Craig_Bampton,B3,2,Craig_Bampton,full-grid,1855,27,45,88,1.0059630401652442,1.0038884431453425,-0.064572686932799689,0,0,1,UNSTABLE,2.0536942020141843e-16,1.4054849545799594e-16,1
B3_D2_Craig_Bampton,B3,2,Craig_Bampton,full-grid,1856,27,46,89,1.0057927413324768,1.0037172449008254,-0.064581195450337706,0,0,1,UNSTABLE,2.2688200649000904e-16,1.4054849545799594e-16,1
B3_D2_Craig_Bampton,B3,2,Craig_Bampton,full-grid,1857,27,47,90,1.0056226303207849,1.0035455090636196,-0.064600974075739948,0,0,1,UNSTABLE,3.5789469682918269e-16,1.4054849545799591e-16,1
B3_D2_Craig_Bampton,B3,2,Craig_Bampton,full-grid,1858,27,48,91,1.0054533517545172,1.0033738606726679,-0.064632331485244041,0,0,1,UNSTABLE,1.8001468570329517e-16,1.4054849545799591e-16,1
B3_D2_Craig_Bampton,B3,2,Craig_Bampton,full-grid,1859,27,49,92,1.0052856129511243,1.0032029870705395,-0.064675577610600346,0,0,1,UNSTABLE,2.27457546173558e-16,1.4054849545799591e-16,1
B3_D2_Craig_Bampton,B3,2,Craig_Bampton,full-grid,1860,27,50,93,1.005120195203449,1.0030336496315435,-0.064731016619898551,0,0,1,UNSTABLE,2.00219121027572e-16,1.4054849545799591e-16,1
B3_D2_Craig_Bampton,B3,2,Craig_Bampton,full-grid,1861,27,51,94,1.0049579656336649,1.0028666962833337,-0.064798936536847901,0,0,1,UNSTABLE,6.7407185570584906e-16,1.4054849545799591e-16,1
B3_D2_Craig_Bampton,B3,2,Craig_Bampton,full-grid,1862,27,52,95,1.0047998890140186,1.0027030742777803,-0.064879594607799809,0,0,1,UNSTABLE,1.2420618335243636e-16,1.4054849545799591e-16,1
B3_D2_Craig_Bampton,B3,2,Craig_Bampton,full-grid,1863,27,53,96,1.0046470385549831,1.0025438422790103,-0.064973197441226788,0,0,1,UNSTABLE,2.4205721182126496e-16,1.4054849545799591e-16,1
B3_D2_Craig_Bampton,B3,2,Craig_Bampton,full-grid,1864,27,54,97,1.0045006041310136,1.0023901803057715,-0.065079874970178531,0,0,1,UNSTABLE,4.1042836510448871e-16,1.4054849545799591e-16,1
B3_D2_Craig_Bampton,B3,2,Craig_Bampton,full-grid,1865,27,55,98,1.0043618957517337,1.0022433953892711,-0.065199647518999648,0,0,1,UNSTABLE,3.7538582233667329e-16,1.4054849545799591e-16,1
B3_D2_Craig_Bampton,B3,2,Craig_Bampton,full-grid,1866,27,56,99,1.0042323393475776,1.0021049200329692,-0.065332385822226294,0,0,1,UNSTABLE,6.4343355026546603e-16,1.4054849545799591e-16,1
B3_D2_Craig_Bampton,B3,2,Craig_Bampton,full-grid,1867,27,57,100,1.0041134612736453,1.0019762998267536,-0.065477764900977647,0,0,1,UNSTABLE,1.3041079092740356e-16,1.4054849545799591e-16,1
B3_D2_Craig_Bampton,B3,2,Craig_Bampton,full-grid,1868,27,58,101,1.004006857613684,1.0018591661362091,-0.065635214360616645,0,0,1,UNSTABLE,4.7649555135680384e-16,1.4054849545799591e-16,1
B3_D2_Craig_Bampton,B3,2,Craig_Bampton,full-grid,1869,27,59,102,1.0039141448090596,1.0017551900793036,-0.065803869923308764,0,0,1,UNSTABLE,2.4442648035411799e-16,1.4054849545799591e-16,1
B3_D2_Craig_Bampton,B3,2,Craig_Bampton,full-grid,1870,27,60,103,1.0038368898349745,1.0016660155257333,-0.0659825335551468,0,0,1,UNSTABLE,3.2032330743166211e-16,1.4054849545799591e-16,1
B3_D2_Craig_Bampton,B3,2,Craig_Bampton,full-grid,1871,27,61,104,1.0037765214633096,1.0015931720204481,-0.066169651676577818,0,0,1,UNSTABLE,1.6217944696497223e-16,1.4054849545799594e-16,1
B3_D2_Craig_Bampton,B3,2,Craig_Bampton,full-grid,1872,27,62,105,1.0037342289880633,1.0015379733167435,-0.066363321547761325,0,0,1,UNSTABLE,2.6642981487632742e-16,1.4054849545799594e-16,1
B3_D2_Craig_Bampton,B3,2,Craig_Bampton,full-grid,1873,27,63,106,1.0037108601850639,1.0015014127300637,-0.066561333769147524,0,0,1,UNSTABLE,1.1793568897095768e-16,1.4054849545799591e-16,1
B3_D2_Craig_Bampton,B3,2,Craig_Bampton,full-grid,1874,27,64,107,1.0037068343905138,1.0014840709946671,-0.066761253329868236,0,0,1,UNSTABLE,3.2236537136997499e-16,1.4054849545799591e-16,1
B3_D2_Craig_Bampton,B3,2,Craig_Bampton,full-grid,1875,27,65,108,1.0037220871771466,1.0014860534423116,-0.066960533508859166,0,0,1,UNSTABLE,2.4354124387812036e-16,1.4054849545799591e-16,1
B3_D2_Craig_Bampton,B3,2,Craig_Bampton,full-grid,1876,27,66,109,1.0037560588168788,1.001506969602443,-0.067156648586160758,0,0,1,UNSTABLE,2.3401921423108682e-16,1.4054849545799591e-16,1
B3_D2_Craig_Bampton,B3,2,Craig_Bampton,full-grid,1877,28,0,44,1.0073275789617293,1.0049581085448787,-0.069051078245013608,0,0,1,UNSTABLE,1.8214898068376503e-16,1.2758564174579436e-16,1
B3_D2_Craig_Bampton,B3,2,Craig_Bampton,full-grid,1878,28,1,45,1.007495585266805,1.0051303305635078,-0.068995455744531975,0,0,1,UNSTABLE,8.4167019674254275e-17,1.4054849545799591e-16,1
B3_D2_Craig_Bampton,B3,2,Craig_Bampton,full-grid,1879,28,2,46,1.0076585714294917,1.0052982550569431,-0.06892905740534476,0,0,1,UNSTABLE,1.8780320864896159e-16,1.4054849545799591e-16,1
B3_D2_Craig_Bampton,B3,2,Craig_Bampton,full-grid,1880,28,3,47,1.0078158507333475,1.0054611725059321,-0.068852157354560101,0,0,1,UNSTABLE,3.7729050229187135e-16,1.4054849545799591e-16,1
B3_D2_Craig_Bampton,B3,2,Craig_Bampton,full-grid,1881,28,4,48,1.0079667498639406,1.0056183828380507,-0.068765085104719889,0,0,1,UNSTABLE,2.4172286004829933e-16,1.4054849545799591e-16,1
B3_D2_Craig_Bampton,B3,2,Craig_Bampton,full-grid,1882,28,5,49,1.0081106151388473,1.0057692016233462,-0.068668227161926179,0,0,1,UNSTABLE,1.5744469984908782e-16,1.4054849545799591e-16,1
B3_D2_Craig_Bampton,B3,2,Craig_Bampton,full-grid,1883,28,6,50,1.0082468192884599,1.0059129669017484,-0.068562027567879769,0,0,1,UNSTABLE,1.7961698052093046e-16,1.4054849545799591e-16,1
B3_D2_Craig_Bampton,B3,2,Craig_Bampton,full-grid,1884,28,7,51,1.0083747685349542,1.0060490463986489,-0.068446987211210494,0,0,1,UNSTABLE,1.8020768956963754e-16,1.4054849545799591e-16,1
B3_D2_Craig_Bampton,B3,2,Craig_Bampton,full-grid,1885,28,8,52,1.0084939096809549,1.0061768448442616,-0.068323661807786359,0,0,1,UNSTABLE,3.1780036628651183e-16,1.4054849545799591e-16,1
B3_D2_Craig_Bampton,B3,2,Craig_Bampton,full-grid,1886,28,9,53,1.0086037369035927,1.0062958110909981,-0.068192658524228789,0,0,1,UNSTABLE,4.5948841714646122e-16,1.4054849545799591e-16,1
B3_D2_Craig_Bampton,B3,2,Craig_Bampton,full-grid,1887,28,10,54,1.0087037979548563,1.0064054447227164,-0.068054631297381471,0,0,1,UNSTABLE,4.1007060282097652e-16,1.4054849545799591e-16,1
B3_D2_Craig_Bampton,B3,2,Craig_Bampton,full-grid,1888,28,11,55,1.0087936994956217,1.0065053018709644,-0.067910274978839169,0,0,1,UNSTABLE,3.2775463297641056e-16,1.4054849545799591e-16,1
B3_D2_Craig_Bampton,B3,2,Craig_Bampton,full-grid,1889,28,12,56,1.0088731113374836,1.0065949999957562,-0.06776031850071311,0,0,1,UNSTABLE,2.0618491516779868e-16,1.4054849545799591e-16,1
B3_D2_Craig_Bampton,B3,2,Craig_Bampton,full-grid,1890,28,13,57,1.0089417694278244,1.0066742214466862,-0.067605517310773813,0,0,1,UNSTABLE,3.1915439726302724e-16,1.4054849545799591e-16,1
B3_D2_Craig_Bampton,B3,2,Craig_Bampton,full-grid,1891,28,14,58,1.0089994774846935,1.006742715689666,-0.067446645358985022,0,0,1,UNSTABLE,1.3532483471009442e-16,1.4054849545799591e-16,1
B3_D2_Craig_Bampton,B3,2,Craig_Bampton,full-grid,1892,28,15,59,1.0090461072610568,1.0068003001576242,-0.067284486928342019,0,0,1,UNSTABLE,3.1234061884728701e-16,1.4054849545799591e-16,1
B3_D2_Craig_Bampton,B3,2,Craig_Bampton,full-grid,1893,28,16,60,1.0090815974890033,1.0068468597558005,-0.067119828596641104,0,0,1,UNSTABLE,1.6539232842051919e-16,1.4054849545799591e-16,1
B3_D2_Craig_Bampton,B3,2,Craig_Bampton,full-grid,1894,28,17,61,1.0091059516143135,1.0068823451147904,-0.066953451588168636,0,0,1,UNSTABLE,1.1586569669485383e-16,1.4054849545799591e-16,1
B3_D2_Craig_Bampton,B3,2,Craig_Bampton,full-grid,1895,28,18,62,1.0091192344805695,1.0069067697365979,-0.066786124736058786,0,0,1,UNSTABLE,2.5198177929442361e-16,1.4054849545799591e-16,1
B3_D2_Craig_Bampton,B3,2,Craig_Bampton,full-grid,1896,28,19,63,1.0091215681544854,1.0069202062154163,-0.066618598226557316,0,0,1,UNSTABLE,2.717122653573654e-16,1.4054849545799591e-16,1
B3_D2_Craig_Bampton,B3,2,Craig_Bampton,full-grid,1897,28,20,64,1.0091131271007883,1.0069227817354811,-0.066451598244224974,0,0,1,UNSTABLE,2.7835684767564183e-16,1.4054849545799591e-16,1
B3_D2_Craig_Bampton,B3,2,Craig_Bampton,full-grid,1898,28,21,65,1.0090941329188441,1.0069146730559835,-0.066285822585194012,0,0,1,UNSTABLE,2.2857314954234955e-16,1.4054849545799591e-16,1
B3_D2_Craig_Bampton,B3,2,Craig_Bampton,full-grid,1899,28,22,66,1.0090648488434835,1.0068961011865767,-0.066121937258322674,0,0,1,UNSTABLE,1.9231117474018383e-16,1.4054849545799591e-16,1
B3_D2_Craig_Bampton,B3,2,Craig_Bampton,full-grid,1900,28,23,67,1.009025574193982,1.0068673259412673,-0.065960574052813289,0,0,1,UNSTABLE,2.7195229882758683e-16,1.4054849545799591e-16,1
B3_D2_Craig_Bampton,B3,2,Craig_Bampton,full-grid,1901,28,24,68,1.0089766389314723,1.0068286405367548,-0.065802329019274033,0,0,1,UNSTABLE,1.3684580493862843e-16,1.4054849545799591e-16,1
B3_D2_Craig_Bampton,B3,2,Craig_Bampton,full-grid,1902,28,25,69,1.0089183984566517,1.0067803663742494,-0.065647761787186704,0,0,1,UNSTABLE,1.7241446832133721e-16,1.4054849545799591e-16,1
B3_D2_Craig_Bampton,B3,2,Craig_Bampton,full-grid,1903,28,26,70,1.0088512287518789,1.0067228481168038,-0.065497395625834731,0,0,1,UNSTABLE,1.9256782495144784e-16,1.4054849545799591e-16,1
B3_D2_Craig_Bampton,B3,2,Craig_Bampton,full-grid,1904,28,27,71,1.0087755219449819,1.0066564491475143,-0.065351718149473978,0,0,1,UNSTABLE,2.7433114887904818e-16,1.4054849545799591e-16,1
B3_D2_Craig_Bampton,B3,2,Craig_Bampton,full-grid,1905,28,28,72,1.0086916823473273,1.0065815474690853,-0.065211182564208714,0,0,1,UNSTABLE,2.6125776886412957e-16,1.4054849545799591e-16,1
B3_D2_Craig_Bampton,B3,2,Craig_Bampton,full-grid,1906,28,29,73,1.0086001229984987,1.0064985320844788,-0.065076209357768325,0,0,1,UNSTABLE,2.2713453113268946e-16,1.4054849545799591e-16,1
B3_D2_Craig_Bampton,B3,2,Craig_Bampton,full-grid,1907,28,30,74,1.0085012627329113,1.0064077998806726,-0.064947188339607845,0,0,1,UNSTABLE,1.6457294421847845e-16,1.4054849545799591e-16,1
B3_D2_Craig_Bampton,B3,2,Craig_Bampton,full-grid,1908,28,31,75,1.0083955237714501,1.0063097530244627,-0.064824480947727622,0,0,1,UNSTABLE,1.4137136544111403e-16,1.4054849545799591e-16,1
B3_D2_Craig_Bampton,B3,2,Craig_Bampton,full-grid,1909,28,32,76,1.0082833298316658,1.0062047968689161,-0.064708422747086033,0,0,1,UNSTABLE,2.8895916364510878e-16,1.4054849545799591e-16,1
B3_D2_Craig_Bampton,B3,2,Craig_Bampton,full-grid,1910,28,33,77,1.0081651047449294,1.0060933383631401,-0.064599326054274375,0,0,1,UNSTABLE,3.3909602470827076e-16,1.4054849545799591e-16,1
B3_D2_Craig_Bampton,B3,2,Craig_Bampton,full-grid,1911,28,34,78,1.0080412715674365,1.0059757849556639,-0.06449748263405676,0,0,1,UNSTABLE,4.0343525898859366e-16,1.4054849545799591e-16,1
B3_D2_Craig_Bampton,B3,2,Craig_Bampton,full-grid,1912,28,35,79,1.0079122521702455,1.0058525439796442,-0.064403166417300484,0,0,1,UNSTABLE,3.3579877145572805e-16,1.4054849545799591e-16,1
B3_D2_Craig_Bampton,B3,2,Craig_Bampton,full-grid,1913,28,36,80,1.0077784672978529,1.0057240225116784,-0.064316636200430585,0,0,1,UNSTABLE,1.686883431171224e-16,1.4054849545799591e-16,1
B3_D2_Craig_Bampton,B3,2,Craig_Bampton,full-grid,1914,28,37,81,1.0076403370877844,1.0055906276988296,-0.06423813828760977,0,0,1,UNSTABLE,2.4074043604130592e-16,1.4054849545799591e-16,1
B3_D2_Craig_Bampton,B3,2,Craig_Bampton,full-grid,1915,28,38,82,1.0074982820488851,1.0054527675534199,-0.064167909040447571,0,0,1,UNSTABLE,2.9126835828881702e-16,1.4054849545799591e-16,1
B3_D2_Craig_Bampton,B3,2,Craig_Bampton,full-grid,1916,28,39,83,1.0073527245028848,1.0053108522220902,-0.064106177298912534,0,0,1,UNSTABLE,2.9761287418206868e-16,1.4054849545799591e-16,1
B3_D2_Craig_Bampton,B3,2,Craig_Bampton,full-grid,1917,28,40,84,1.0072040905000947,1.0051652957420947,-0.064053166633904215,0,0,1,UNSTABLE,1.7694703435473164e-16,1.4054849545799591e-16,1
B3_D2_Craig_Bampton,B3,2,Craig_Bampton,full-grid,1918,28,41,85,1.0070528122267759,1.0050165183050241,-0.064009097383929611,0,0,1,UNSTABLE,1.1469069481384452e-16,1.4054849545799591e-16,1
B3_D2_Craig_Bampton,B3,2,Craig_Bampton,full-grid,1919,28,42,86,1.0068993309283105,1.0048649490553736,-0.063974188418617614,0,0,1,UNSTABLE,2.2575495854270615e-16,1.4054849545799591e-16,1
B3_D2_Craig_Bampton,B3,2,Craig_Bampton,full-grid,1920,28,43,87,1.0067441003767179,1.0047110294569563,-0.063948658554112844,0,0,1,UNSTABLE,4.5277206890563603e-16,1.4054849545799591e-16,1
B3_D2_Craig_Bampton,B3,2,Craig_Bampton,full-grid,1921,28,44,88,1.0065875909131208,1.0045552172635879,-0.06393272752499761,0,0,1,UNSTABLE,2.8168897733681701e-16,1.4054849545799591e-16,1
B3_D2_Craig_Bampton,B3,2,Craig_Bampton,full-grid,1922,28,45,89,1.0064302940945553,1.0043979911311571,-0.063926616389024513,0,0,1,UNSTABLE,1.7826593502756039e-16,1.4054849545799591e-16,1
B3_D2_Craig_Bampton,B3,2,Craig_Bampton,full-grid,1923,28,46,90,1.0062727279644839,1.0042398559005763,-0.063930547204554655,0,0,1,UNSTABLE,3.879091500013233e-16,1.4054849545799591e-16,1
B3_D2_Craig_Bampton,B3,2,Craig_Bampton,full-grid,1924,28,47,91,1.0061154429484613,1.0040813485661482,-0.063944741777283209,0,0,1,UNSTABLE,3.5459732291603639e-16,1.4054849545799591e-16,1
B3_D2_Craig_Bampton,B3,2,Craig_Bampton,full-grid,1925,28,48,92,1.0059590283426418,1.0039230449135841,-0.063969419221294191,0,0,1,UNSTABLE,3.287857591034146e-16,1.4054849545799591e-16,1
B3_D2_Craig_Bampton,B3,2,Craig_Bampton,full-grid,1926,28,49,93,1.0058041193075125,1.003765566760809,-0.064004792018353643,0,0,1,UNSTABLE,1.9365820243490194e-16,1.4054849545799591e-16,1
B3_D2_Craig_Bampton,B3,2,Craig_Bampton,full-grid,1927,28,50,94,1.0056514041969948,1.0036095896566091,-0.064051060199502824,0,0,1,UNSTABLE,3.0857272341857257e-16,1.4054849545799591e-16,1
B3_D2_Craig_Bampton,B3,2,Craig_Bampton,full-grid,1928,28,51,95,1.0055016319305439,1.0034558507740727,-0.064108403211035003,0,0,1,UNSTABLE,2.0060824078209762e-16,1.4054849545799591e-16,1
B3_D2_Craig_Bampton,B3,2,Craig_Bampton,full-grid,1929,28,52,96,1.0053556189481516,1.0033051565711224,-0.064176968987454119,0,0,1,UNSTABLE,3.8366885476584827e-16,1.4054849545799591e-16,1
B3_D2_Craig_Bampton,B3,2,Craig_Bampton,full-grid,1930,28,53,97,1.0052142550634093,1.0031583895666556,-0.064256859748345593,0,0,1,UNSTABLE,2.9031746462199093e-16,1.4054849545799591e-16,1
B3_D2_Craig_Bampton,B3,2,Craig_Bampton,full-grid,1931,28,54,98,1.0050785072500301,1.0030165132973816,-0.06434811410377296,0,0,1,UNSTABLE,2.1575730676714908e-16,1.4054849545799591e-16,1
B3_D2_Craig_Bampton,B3,2,Craig_Bampton,full-grid,1932,28,55,99,1.0049494200742686,1.0028805741862701,-0.064450685236281363,0,0,1,UNSTABLE,1.8202153821319467e-16,1.4054849545799591e-16,1
B3_D2_Craig_Bampton,B3,2,Craig_Bampton,full-grid,1933,28,56,100,1.0048281111545212,1.0027516987003633,-0.064564415275740222,0,0,1,UNSTABLE,1.511687837818308e-16,1.4054849545799591e-16,1
B3_D2_Craig_Bampton,B3,2,Craig_Bampton,full-grid,1934,28,57,101,1.0047157597693077,1.0026310838782657,-0.064689006561480966,0,0,1,UNSTABLE,1.513307378609688e-16,1.4054849545799591e-16,1
B3_D2_Craig_Bampton,B3,2,Craig_Bampton,full-grid,1935,28,58,102,1.0046135866601753,1.0025199791788419,-0.06482399131090269,0,0,1,UNSTABLE,2.2966897206213154e-16,1.4054849545799591e-16,1
B3_D2_Craig_Bampton,B3,2,Craig_Bampton,full-grid,1936,28,59,103,1.0045228233611576,1.0024196578171811,-0.064968702273913784,0,0,1,UNSTABLE,2.8763186586226339e-16,1.4054849545799591e-16,1
B3_D2_Craig_Bampton,B3,2,Craig_Bampton,full-grid,1937,28,60,104,1.0044446702070842,1.002331376496483,-0.065122248103730782,0,0,1,UNSTABLE,2.6089705142598604e-16,1.4054849545799591e-16,1
B3_D2_Craig_Bampton,B3,2,Craig_Bampton,full-grid,1938,28,61,105,1.004380243665512,1.0022563238686775,-0.065283498151050223,0,0,1,UNSTABLE,1.8717007270671188e-16,1.4054849545799591e-16,1
B3_D2_Craig_Bampton,B3,2,Craig_Bampton,full-grid,1939,28,62,106,1.0043305157675653,1.0021955601564805,-0.065451081767852609,0,0,1,UNSTABLE,1.8883631234819405e-16,1.4054849545799591e-16,1
B3_D2_Craig_Bampton,B3,2,Craig_Bampton,full-grid,1940,28,63,107,1.0042962508719537,1.0021499528666786,-0.065623406531328088,0,0,1,UNSTABLE,3.0403702213836782e-16,1.4054849545799591e-16,1
B3_D2_Craig_Bampton,B3,2,Craig_Bampton,full-grid,1941,28,64,108,1.0042779471543632,1.002120115811646,-0.065798697754856791,0,0,1,UNSTABLE,1.2814537809541475e-16,1.4054849545799591e-16,1
B3_D2_Craig_Bampton,B3,2,Craig_Bampton,full-grid,1942,28,65,109,1.0042757912364217,1.002106359894454,-0.065975058337436457,0,0,1,UNSTABLE,1.8839399226031209e-16,1.4054849545799591e-16,1
B3_D2_Craig_Bampton,B3,2,Craig_Bampton,full-grid,1943,28,66,110,1.0042896335463767,1.0021086635523309,-0.066150544079977613,0,0,1,UNSTABLE,2.3688552943247439e-16,1.4054849545799591e-16,1
B3_D2_Craig_Bampton,B3,2,Craig_Bampton,full-grid,1944,29,0,45,1.0075165535212587,1.0052100888214826,-0.068134300839316056,0,0,1,UNSTABLE,4.3954222664885126e-16,1.2758564174579434e-16,1
B3_D2_Craig_Bampton,B3,2,Craig_Bampton,full-grid,1945,29,1,46,1.0076773999215858,1.0053745749889185,-0.068086021168661359,0,0,1,UNSTABLE,1.420737536450105e-16,1.4054849545799591e-16,1
B3_D2_Craig_Bampton,B3,2,Craig_Bampton,full-grid,1946,29,2,47,1.0078338951159769,1.0055353899527542,-0.068027492216050547,0,0,1,UNSTABLE,3.6598455543303543e-16,1.4054849545799591e-16,1
B3_D2_Craig_Bampton,B3,2,Craig_Bampton,full-grid,1947,29,3,48,1.007985378916523,1.0056918551910468,-0.067958932539271391,0,0,1,UNSTABLE,4.7957670041145111e-16,1.4054849545799591e-16,1
B3_D2_Craig_Bampton,B3,2,Craig_Bampton,full-grid,1948,29,4,49,1.0081311995302442,1.0058432967643463,-0.067880614467755743,0,0,1,UNSTABLE,3.569565700808866e-16,1.4054849545799591e-16,1
B3_D2_Craig_Bampton,B3,2,Craig_Bampton,full-grid,1949,29,5,50,1.0082707196412433,1.0059890513284073,-0.067792866094022561,0,0,1,UNSTABLE,3.2900804170968518e-16,1.4054849545799591e-16,1
B3_D2_Craig_Bampton,B3,2,Craig_Bampton,full-grid,1950,29,6,51,1.00840332307362,1.0061284728033024,-0.067696072267258142,0,0,1,UNSTABLE,2.4790888108857413e-16,1.4054849545799591e-16,1
B3_D2_Craig_Bampton,B3,2,Craig_Bampton,full-grid,1951,29,7,52,1.0085284218078747,1.006260939481165,-0.067590674421592362,0,0,1,UNSTABLE,1.0030752592105343e-16,1.4054849545799591e-16,1
B3_D2_Craig_Bampton,B3,2,Craig_Bampton,full-grid,1952,29,8,53,1.0086454630847601,1.0063858613117127,-0.067477169126694589,0,0,1,UNSTABLE,3.1443923477429563e-16,1.4054849545799591e-16,1
B3_D2_Craig_Bampton,B3,2,Craig_Bampton,full-grid,1953,29,9,54,1.0087539363099178,1.0065026870790525,-0.067356105316449533,0,0,1,UNSTABLE,2.4476374442369424e-16,1.4054849545799591e-16,1
B3_D2_Craig_Bampton,B3,2,Craig_Bampton,full-grid,1954,29,10,55,1.0088533794704189,1.0066109111758894,-0.067228080223451531,0,0,1,UNSTABLE,1.4723895146879991e-16,1.4054849545799591e-16,1
B3_D2_Craig_Bampton,B3,2,Craig_Bampton,full-grid,1955,29,11,56,1.0089433847934568,1.0067100796952859,-0.067093734121664014,0,0,1,UNSTABLE,3.3605470372125987e-16,1.4054849545799594e-16,1
B3_D2_Craig_Bampton,B3,2,Craig_Bampton,full-grid,1956,29,12,57,1.0090236034154592,1.0067997955938617,-0.066953744045245206,0,0,1,UNSTABLE,2.0824358828296745e-16,1.4054849545799591e-16,1
B3_D2_Craig_Bampton,B3,2,Craig_Bampton,full-grid,1957,29,13,58,1.009093748883249,1.006879722730345,-0.066808816706430602,0,0,1,UNSTABLE,1.7397072323893066e-16,1.4054849545799591e-16,1
B3_D2_Craig_Bampton,B3,2,Craig_Bampton,full-grid,1958,29,14,59,1.0091535993743019,1.0069495886468212,-0.066659680873125113,0,0,1,UNSTABLE,1.4088052471985729e-16,1.4054849545799591e-16,1
B3_D2_Craig_Bampton,B3,2,Craig_Bampton,full-grid,1959,29,15,60,1.0092029985918893,1.007009186028236,-0.06650707948490106,0,0,1,UNSTABLE,2.9987644112369977e-16,1.4054849545799591e-16,1
B3_D2_Craig_Bampton,B3,2,Craig_Bampton,full-grid,1960,29,16,61,1.0092418553597913,1.0070583728453892,-0.066351761785732669,0,0,1,UNSTABLE,1.3895781719719857e-16,1.4054849545799591e-16,1
B3_D2_Craig_Bampton,B3,2,Craig_Bampton,full-grid,1961,29,17,62,1.0092701420019281,1.0070970712494214,-0.066194475731965227,0,0,1,UNSTABLE,2.7239101631433243e-16,1.4054849545799591e-16,1
B3_D2_Craig_Bampton,B3,2,Craig_Bampton,full-grid,1962,29,18,63,1.0092878916430703,1.0071252653394562,-0.06603596090195181,0,0,1,UNSTABLE,2.8556850505079396e-16,1.4054849545799591e-16,1
B3_D2_Craig_Bampton,B3,2,Craig_Bampton,full-grid,1963,29,19,64,1.0092951946028796,1.0071429979648052,-0.065876942088478024,0,0,1,UNSTABLE,1.8002398034799449e-16,1.4054849545799591e-16,1
B3_D2_Craig_Bampton,B3,2,Craig_Bampton,full-grid,1964,29,20,65,1.0092921940777124,1.0071503667489063,-0.065718123708350631,0,0,1,UNSTABLE,1.6276133502339381e-16,1.4054849545799591e-16,1
B3_D2_Craig_Bampton,B3,2,Craig_Bampton,full-grid,1965,29,21,66,1.0092790813122006,1.0071475195335311,-0.065560185111504646,0,0,1,UNSTABLE,1.1698260440646113e-16,1.4054849545799591e-16,1
B3_D2_Craig_Bampton,B3,2,Craig_Bampton,full-grid,1966,29,22,67,1.009256090458388,1.0071346494407514,-0.065403776826761434,0,0,1,UNSTABLE,1.522021378045807e-16,1.4054849545799591e-16,1
B3_D2_Craig_Bampton,B3,2,Craig_Bampton,full-grid,1967,29,23,68,1.0092234933059046,1.007111989738672,-0.065249517739108517,0,0,1,UNSTABLE,4.389087105054005e-16,1.4054849545799591e-16,1
B3_D2_Craig_Bampton,B3,2,Craig_Bampton,full-grid,1968,29,24,69,1.0091815940452558,1.0070798086777453,-0.06509799315892556,0,0,1,UNSTABLE,3.5972826064295492e-16,1.4054849545799591e-16,1
B3_D2_Craig_Bampton,B3,2,Craig_Bampton,full-grid,1969,29,25,70,1.009130724202004,1.0070384044415897,-0.064949753719305836,0,0,1,UNSTABLE,1.1734666896330612e-16,1.4054849545799591e-16,1
B3_D2_Craig_Bampton,B3,2,Craig_Bampton,full-grid,1970,29,26,71,1.0090712378518758,1.0069881003295496,-0.064805315018153994,0,0,1,UNSTABLE,1.4500957702951137e-16,1.4054849545799591e-16,1
B3_D2_Craig_Bampton,B3,2,Craig_Bampton,full-grid,1971,29,27,72,1.0090035072011143,1.0069292402628776,-0.064665157911916557,0,0,1,UNSTABLE,1.6296200449673442e-16,1.4054849545799594e-16,1
B3_D2_Craig_Bampton,B3,2,Craig_Bampton,full-grid,1972,29,28,73,1.0089279185923725,1.0068621846823733,-0.064529729363879296,0,0,1,UNSTABLE,3.3647940419913698e-16,1.4054849545799591e-16,1
B3_D2_Craig_Bampton,B3,2,Craig_Bampton,full-grid,1973,29,29,74,1.0088448689750402,1.0067873068835365,-0.064399443751183061,0,0,1,UNSTABLE,3.1690004738021445e-16,1.4054849545799591e-16,1
B3_D2_Craig_Bampton,B3,2,Craig_Bampton,full-grid,1974,29,30,75,1.008754762860675,1.0067049898166596,-0.064274684537039925,0,0,1,UNSTABLE,2.4596808947962187e-16,1.4054849545799591e-16,1
B3_D2_Craig_Bampton,B3,2,Craig_Bampton,full-grid,1975,29,31,76,1.0086580097711235,1.0066156233653134,-0.0641558062244212,0,0,1,UNSTABLE,1.5793296499342738e-16,1.4054849545799591e-16,1
B3_D2_Craig_Bampton,B3,2,Craig_Bampton,full-grid,1976,29,32,77,1.0085550221762338,1.0065196021053406,-0.064043136514463556,0,0,1,UNSTABLE,2.5609124192510249e-16,1.4054849545799591e-16,1
B3_D2_Craig_Bampton,B3,2,Craig_Bampton,full-grid,1977,29,33,78,1.0084462139104724,1.0064173235381937,-0.063936978600691141,0,0,1,UNSTABLE,1.5092194887481608e-16,1.4054849545799591e-16,1
B3_D2_Craig_Bampton,B3,2,Craig_Bampton,full-grid,1978,29,34,79,1.008331999054525,1.0063091867883869,-0.063837613540843191,0,0,1,UNSTABLE,2.5477012221799541e-16,1.4054849545799591e-16,1
B3_D2_Craig_Bampton,B3,2,Craig_Bampton,full-grid,1979,29,35,80,1.0082127912655143,1.0061955917519128,-0.063745302653743507,0,0,1,UNSTABLE,2.4135041002189532e-16,1.4054849545799591e-16,1
B3_D2_Craig_Bampton,B3,2,Craig_Bampton,full-grid,1980,29,36,81,1.0080890035400676,1.0060769386825097,-0.063660289895946118,0,0,1,UNSTABLE,2.3425193574077136e-16,1.4054849545799591e-16,1
B3_D2_Craig_Bampton,B3,2,Craig_Bampton,full-grid,1981,29,37,82,1.0079610483966521,1.0059536282044625,-0.063582804178142924,0,0,1,UNSTABLE,2.2550683289064532e-16,1.4054849545799591e-16,1
B3_D2_Craig_Bampton,B3,2,Craig_Bampton,full-grid,1982,29,38,83,1.0078293384658445,1.0058260617427126,-0.063513061583006902,0,0,1,UNSTABLE,5.3591090806689359e-16,1.4054849545799591e-16,1
B3_D2_Craig_Bampton,B3,2,Craig_Bampton,full-grid,1983,29,39,84,1.0076942874816401,1.0056946423653552,-0.063451267447943646,0,0,1,UNSTABLE,1.6413273954957333e-16,1.4054849545799591e-16,1
B3_D2_Craig_Bampton,B3,2,Craig_Bampton,full-grid,1984,29,40,85,1.0075563116701469,1.0055597760369506,-0.063397618274412385,0,0,1,UNSTABLE,3.9943201296379597e-16,1.4054849545799591e-16,1
B3_D2_Craig_Bampton,B3,2,Craig_Bampton,full-grid,1985,29,41,86,1.0074158315361657,1.0054218732855347,-0.063352303420712977,0,0,1,UNSTABLE,1.9073536061012299e-16,1.4054849545799591e-16,1
B3_D2_Craig_Bampton,B3,2,Craig_Bampton,full-grid,1986,29,42,87,1.0072732740508152,1.0052813512892773,-0.063315506529234761,0,0,1,UNSTABLE,2.2330805541679592e-16,1.4054849545799591e-16,1
B3_D2_Craig_Bampton,B3,2,Craig_Bampton,full-grid,1987,29,43,88,1.0071290752452231,1.0051386363912922,-0.063287406628428716,0,0,1,UNSTABLE,2.947821754604013e-16,1.4054849545799594e-16,1
B3_D2_Craig_Bampton,B3,2,Craig_Bampton,full-grid,1988,29,44,89,1.006983683213764,1.0049941670505482,-0.063268178835280325,0,0,1,UNSTABLE,1.7778816213651265e-16,1.4054849545799591e-16,1
B3_D2_Craig_Bampton,B3,2,Craig_Bampton,full-grid,1989,29,45,90,1.0068375615269418,1.0048483972344939,-0.063257994568172715,0,0,1,UNSTABLE,3.2419472896770346e-16,1.4054849545799591e-16,1
B3_D2_Craig_Bampton,B3,2,Craig_Bampton,full-grid,1990,29,46,91,1.0066911930439866,1.0047018002505053,-0.06325702115748473,0,0,1,UNSTABLE,3.2852674930097189e-16,1.4054849545799591e-16,1
B3_D2_Craig_Bampton,B3,2,Craig_Bampton,full-grid,1991,29,47,92,1.0065450840989711,1.0045548729986782,-0.063265420716331205,0,0,1,UNSTABLE,3.4135718811206012e-16,1.4054849545799591e-16,1
B3_D2_Craig_Bampton,B3,2,Craig_Bampton,full-grid,1992,29,48,93,1.0063997690084423,1.0044081406046117,-0.06328334810542513,0,0,1,UNSTABLE,3.0366271316463651e-16,1.4054849545799591e-16,1
B3_D2_Craig_Bampton,B3,2,Craig_Bampton,full-grid,1993,29,49,94,1.0062558148095768,1.0042621613539189,-0.063310947796101982,0,0,1,UNSTABLE,2.1529424105169466e-16,1.4054849545799591e-16,1
B3_D2_Craig_Bampton,B3,2,Craig_Bampton,full-grid,1994,29,50,95,1.0061138260818598,1.0041175317962938,-0.063348349405470517,0,0,1,UNSTABLE,1.6037904696407406e-16,1.4054849545799591e-16,1
B3_D2_Craig_Bampton,B3,2,Craig_Bampton,full-grid,1995,29,51,96,1.0059744496307594,1.0039748918140545,-0.063395661656513988,0,0,1,UNSTABLE,2.7537336967582807e-16,1.4054849545799591e-16,1
B3_D2_Craig_Bampton,B3,2,Craig_Bampton,full-grid,1996,29,52,97,1.0058383787106691,1.0038349293498676,-0.063452964504848261,0,0,1,UNSTABLE,2.0024987099349184e-16,1.4054849545799591e-16,1
B3_D2_Craig_Bampton,B3,2,Craig_Bampton,full-grid,1997,29,53,98,1.0057063563402791,1.0036983843635208,-0.06352029919087461,0,0,1,UNSTABLE,4.4985534371186304e-16,1.4054849545799591e-16,1
B3_D2_Craig_Bampton,B3,2,Craig_Bampton,full-grid,1998,29,54,99,1.005579177115794,1.0035660514363651,-0.063597656036214728,0,0,1,UNSTABLE,3.3233711015800846e-16,1.4054849545799591e-16,1
B3_D2_Craig_Bampton,B3,2,Craig_Bampton,full-grid,1999,29,55,100,1.0054576867638778,1.0034387802715108,-0.063684959918263354,0,0,1,UNSTABLE,1.9598007815383476e-16,1.4054849545799591e-16,1
B3_D2_Craig_Bampton,B3,2,Craig_Bampton,full-grid,2000,29,56,101,1.0053427785239022,1.0033174731723937,-0.063782053566211597,0,0,1,UNSTABLE,1.3776667556336566e-16,1.4054849545799591e-16,1
B3_D2_Craig_Bampton,B3,2,Craig_Bampton,full-grid,2001,29,57,102,1.0052353853357459,1.0032030784494284,-0.063888679127803327,0,0,1,UNSTABLE,2.14881373715628e-16,1.4054849545799591e-16,1
B3_D2_Craig_Bampton,B3,2,Craig_Bampton,full-grid,2002,29,58,103,1.0051364667943661,1.0030965786620301,-0.064004458878985662,0,0,1,UNSTABLE,5.5183339387050562e-16,1.4054849545799591e-16,1
B3_D2_Craig_Bampton,B3,2,Craig_Bampton,full-grid,2003,29,59,104,1.0050469899856973,1.0029989727222168,-0.064128876471433297,0,0,1,UNSTABLE,4.7563221727680127e-16,1.4054849545799594e-16,1
B3_D2_Craig_Bampton,B3,2,Craig_Bampton,full-grid,2004,29,60,105,1.0049679037116448,1.0029112512415961,-0.064261260675415419,0,0,1,UNSTABLE,2.7967853191788382e-16,1.4054849545799591e-16,1
B3_D2_Craig_Bampton,B3,2,Craig_Bampton,full-grid,2005,29,61,106,1.0049001063020491,1.0028343651596456,-0.064400774069262284,0,0,1,UNSTABLE,3.0726432769496766e-16,1.4054849545799591e-16,1
B3_D2_Craig_Bampton,B3,2,Craig_Bampton,full-grid,2006,29,62,107,1.0048444081993915,1.002769188659232,-0.064546409391157175,0,0,1,UNSTABLE,1.6504866470387257e-16,1.4054849545799591e-16,1
B3_D2_Craig_Bampton,B3,2,Craig_Bampton,full-grid,2007,29,63,108,1.0048014916813326,1.0027164785622249,-0.064696996103391718,0,0,1,UNSTABLE,5.2351960566929183e-16,1.4054849545799591e-16,1
B3_D2_Craig_Bampton,B3,2,Craig_Bampton,full-grid,2008,29,64,109,1.0047718712442233,1.0026768336011291,-0.064851218980306144,0,0,1,UNSTABLE,1.7258456101383563e-16,1.4054849545799591e-16,1
B3_D2_Craig_Bampton,B3,2,Craig_Bampton,full-grid,2009,29,65,110,1.0047558589762613,1.0026506578548047,-0.065007649168785347,0,0,1,UNSTABLE,4.0067335314782455e-16,1.4054849545799591e-16,1
B3_D2_Craig_Bampton,B3,2,Craig_Bampton,full-grid,2010,29,66,111,1.0047535393738307,1.0026381328790162,-0.065164786358282989,0,0,1,UNSTABLE,2.7783680870428854e-16,1.4054849545799591e-16,1
B3_D2_Craig_Bampton,B3,2,Craig_Bampton,full-grid,2011,30,0,46,1.0076560613013723,1.0054110038581769,-0.06722686366541189,0,0,1,UNSTABLE,1.7381530002115973e-16,1.2758564174579434e-16,1
B3_D2_Craig_Bampton,B3,2,Craig_Bampton,full-grid,2012,30,1,47,1.0078104981078979,1.0055685409940138,-0.067185634325050814,0,0,1,UNSTABLE,1.8097471175423528e-16,1.4054849545799591e-16,1
B3_D2_Craig_Bampton,B3,2,Craig_Bampton,full-grid,2013,30,2,48,1.0079612035364163,1.0057229882098109,-0.067134632053131568,0,0,1,UNSTABLE,1.7255474275007228e-16,1.4054849545799591e-16,1
B3_D2_Craig_Bampton,B3,2,Craig_Bampton,full-grid,2014,30,3,49,1.0081075430313131,1.0058736965491502,-0.067074025577557733,0,0,1,UNSTABLE,2.060798620857639e-16,1.4054849545799591e-16,1
B3_D2_Craig_Bampton,B3,2,Craig_Bampton,full-grid,2015,30,4,50,1.0082488859953203,1.0060200173639813,-0.067004035503684722,0,0,1,UNSTABLE,1.5699827188806763e-16,1.4054849545799591e-16,1
B3_D2_Craig_Bampton,B3,2,Craig_Bampton,full-grid,2016,30,5,51,1.0083846116531301,1.0061613080779193,-0.066924936651182099,0,0,1,UNSTABLE,2.6586219880035027e-16,1.4054849545799591e-16,1
B3_D2_Craig_Bampton,B3,2,Craig_Bampton,full-grid,2017,30,6,52,1.0085141155280735,1.0062969386324705,-0.066837059467710638,0,0,1,UNSTABLE,2.427527166993863e-16,1.4054849545799591e-16,1
B3_D2_Craig_Bampton,B3,2,Craig_Bampton,full-grid,2018,30,7,53,1.0086368163277735,1.0064262984220766,-0.066740790347910126,0,0,1,UNSTABLE,4.2321577014432573e-16,1.4054849545799591e-16,1
B3_D2_Craig_Bampton,B3,2,Craig_Bampton,full-grid,2019,30,8,54,1.0087521629950333,1.0065488034804664,-0.066636570734092279,0,0,1,UNSTABLE,1.3137401980428866e-16,1.4054849545799591e-16,1
B3_D2_Craig_Bampton,B3,2,Craig_Bampton,full-grid,2020,30,9,55,1.0088596416550506,1.0066639036510614,-0.066524894936885806,0,0,1,UNSTABLE,1.9527090457826197e-16,1.4054849545799591e-16,1
B3_D2_Craig_Bampton,B3,2,Craig_Bampton,full-grid,2021,30,10,56,1.0089587821807771,1.0067710894602353,-0.066406306679165222,0,0,1,UNSTABLE,2.5646953616909688e-16,1.4054849545799591e-16,1
B3_D2_Craig_Bampton,B3,2,Craig_Bampton,full-grid,2022,30,11,57,1.0090491641106671,1.0068698984196451,-0.066281394439535929,0,0,1,UNSTABLE,1.5136342641013882e-16,1.4054849545799591e-16,1
B3_D2_Craig_Bampton,B3,2,Craig_Bampton,full-grid,2023,30,12,58,1.0091304216821941,1.0069599205088131,-0.066150785735074893,0,0,1,UNSTABLE,2.708473492028164e-16,1.4054849545799591e-16,1
B3_D2_Craig_Bampton,B3,2,Craig_Bampton,full-grid,2024,30,13,59,1.009202247791636,1.0070408026326154,-0.066015140541762302,0,0,1,UNSTABLE,2.7631341811319649e-16,1.4054849545799591e-16,1
B3_D2_Craig_Bampton,B3,2,Craig_Bampton,full-grid,2025,30,14,60,1.0092643967477783,1.0071122519033446,-0.065875144089642207,0,0,1,UNSTABLE,3.4179602131973528e-16,1.4054849545799591e-16,1
B3_D2_Craig_Bampton,B3,2,Craig_Bampton,full-grid,2026,30,15,61,1.0093166857538394,1.0071740376624265,-0.065731499297364493,0,0,1,UNSTABLE,4.3784241170321024e-16,1.4054849545799591e-16,1
B3_D2_Craig_Bampton,B3,2,Craig_Bampton,full-grid,2027,30,16,62,1.0093589951162065,1.007225992221652,-0.065584919113365087,0,0,1,UNSTABLE,4.1482274054211296e-16,1.4054849545799591e-16,1
B3_D2_Craig_Bampton,B3,2,Craig_Bampton,full-grid,2028,30,17,63,1.009391267241009,1.0072680103675977,-0.065436119020853306,0,0,1,UNSTABLE,2.2456461581504157e-16,1.4054849545799591e-16,1
B3_D2_Craig_Bampton,B3,2,Craig_Bampton,full-grid,2029,30,18,64,1.0094135045310653,1.0073000477269247,-0.065285809936171904,0,0,1,UNSTABLE,5.0918816064132669e-16,1.4054849545799591e-16,1
B3_D2_Craig_Bampton,B3,2,Craig_Bampton,full-grid,2030,30,19,65,1.0094257663355641,1.0073221181332361,-0.065134691691233218,0,0,1,UNSTABLE,2.2607035173272162e-16,1.4054849545799591e-16,1
B3_D2_Craig_Bampton,B3,2,Craig_Bampton,full-grid,2031,30,20,66,1.0094281651315289,1.0073342901662254,-0.06498344724706219,0,0,1,UNSTABLE,3.8478477582135427e-16,1.4054849545799591e-16,1
B3_D2_Craig_Bampton,B3,2,Craig_Bampton,full-grid,2032,30,21,67,1.0094208621281497,1.0073366830494619,-0.064832737736771576,0,0,1,UNSTABLE,1.0990433050338647e-16,1.4054849545799591e-16,1
B3_D2_Craig_Bampton,B3,2,Craig_Bampton,full-grid,2033,30,22,68,1.0094040624855387,1.007329462096809,-0.064683198390792937,0,0,1,UNSTABLE,2.6295213216189034e-16,1.4054849545799591e-16,1
B3_D2_Craig_Bampton,B3,2,Craig_Bampton,full-grid,2034,30,23,69,1.0093780103292942,1.0073128338901509,-0.064535435355454793,0,0,1,UNSTABLE,4.5997522671575808e-16,1.4054849545799591e-16,1
B3_D2_Craig_Bampton,B3,2,Craig_Bampton,full-grid,2035,30,24,70,1.0093429837249732,1.0072870413560897,-0.064390023380386269,0,0,1,UNSTABLE,2.4093442552188799e-16,1.4054849545799591e-16,1
B3_D2_Craig_Bampton,B3,2,Craig_Bampton,full-grid,2036,30,25,71,1.0092992897533832,1.0072523588877593,-0.064247504322955701,0,0,1,UNSTABLE,2.0104448203015384e-16,1.4054849545799591e-16,1
B3_D2_Craig_Bampton,B3,2,Craig_Bampton,full-grid,2037,30,26,72,1.0092472598033984,1.0072090876348447,-0.064108386397194406,0,0,1,UNSTABLE,1.5885078528240278e-16,1.4054849545799591e-16,1
B3_D2_Craig_Bampton,B3,2,Craig_Bampton,full-grid,2038,30,27,73,1.0091872451729493,1.0071575510594339,-0.063973144081952316,0,0,1,UNSTABLE,2.7979249309117547e-16,1.4054849545799591e-16,1
B3_D2_Craig_Bampton,B3,2,Craig_Bampton,full-grid,2039,30,28,74,1.0091196130454936,1.0070980908321365,-0.063842218596729144,0,0,1,UNSTABLE,1.8623008331418332e-16,1.4054849545799591e-16,1
B3_D2_Craig_Bampton,B3,2,Craig_Bampton,full-grid,2040,30,29,75,1.0090447428873244,1.0070310631207724,-0.063716018852352424,0,0,1,UNSTABLE,4.2752945344155432e-16,1.4054849545799591e-16,1
B3_D2_Craig_Bampton,B3,2,Craig_Bampton,full-grid,2041,30,30,76,1.0089630232925269,1.0069568353050273,-0.063594922785390945,0,0,1,UNSTABLE,2.6807196233563075e-16,1.4054849545799591e-16,1
B3_D2_Craig_Bampton,B3,2,Craig_Bampton,full-grid,2042,30,31,77,1.0088748492879809,1.0068757831353525,-0.063479278992570276,0,0,1,UNSTABLE,2.4413742325371417e-16,1.4054849545799591e-16,1
B3_D2_Craig_Bampton,B3,2,Craig_Bampton,full-grid,2043,30,32,78,1.008780620098225,1.0067882883412747,-0.063369408586524539,0,0,1,UNSTABLE,2.3722328490863801e-16,1.4054849545799591e-16,1
B3_D2_Craig_Bampton,B3,2,Craig_Bampton,full-grid,2044,30,33,79,1.0086807373622733,1.0066947366857748,-0.06326560720374122,0,0,1,UNSTABLE,4.2248610089757905e-16,1.4054849545799591e-16,1
B3_D2_Craig_Bampton,B3,2,Craig_Bampton,full-grid,2045,30,34,80,1.0085756037887219,1.0065955164559686,-0.063168147103796382,0,0,1,UNSTABLE,2.5511353121007774e-16,1.4054849545799591e-16,1
B3_D2_Craig_Bampton,B3,2,Craig_Bampton,full-grid,2046,30,35,81,1.0084656222315578,1.0064910173759178,-0.063077279304620246,0,0,1,UNSTABLE,1.0993750662831162e-16,1.4054849545799591e-16,1
B3_D2_Craig_Bampton,B3,2,Craig_Bampton,full-grid,2047,30,36,82,1.0083511951690454,1.0063816299266799,-0.06299323570798164,0,0,1,UNSTABLE,2.5781897720107906e-16,1.4054849545799591e-16,1
B3_D2_Craig_Bampton,B3,2,Craig_Bampton,full-grid,2048,30,37,83,1.008232724567083,1.0062677450574566,-0.062916231172449905,0,0,1,UNSTABLE,4.2428050418638427e-16,1.4054849545799591e-16,1
B3_D2_Craig_Bampton,B3,2,Craig_Bampton,full-grid,2049,30,38,84,1.008110612110751,1.0061497542736606,-0.062846465496203791,0,0,1,UNSTABLE,3.0286016783972066e-16,1.4054849545799591e-16,1
B3_D2_Craig_Bampton,B3,2,Craig_Bampton,full-grid,2050,30,39,85,1.0079852597889556,1.0060280500887844,-0.062784125273562821,0,0,1,UNSTABLE,5.9777174203050345e-16,1.4054849545799591e-16,1
B3_D2_Craig_Bampton,B3,2,Craig_Bampton,full-grid,2051,30,40,86,1.0078570708198773,1.0059030268297011,-0.062729385589760558,0,0,1,UNSTABLE,2.4587961457714436e-16,1.4054849545799591e-16,1
B3_D2_Craig_Bampton,B3,2,Craig_Bampton,full-grid,2052,30,41,87,1.0077264509069355,1.0057750817871152,-0.062682411517188702,0,0,1,UNSTABLE,2.8520180538684398e-16,1.4054849545799591e-16,1
B3_D2_Craig_Bampton,B3,2,Craig_Bampton,full-grid,2053,30,42,88,1.0075938098157859,1.0056446167040094,-0.062643359371415422,0,0,1,UNSTABLE,2.6816595530239688e-16,1.4054849545799591e-16,1
B3_D2_Craig_Bampton,B3,2,Craig_Bampton,full-grid,2054,30,43,89,1.0074595632643402,1.0055120395966579,-0.062612377681605713,0,0,1,UNSTABLE,2.6734237558256563e-16,1.4054849545799591e-16,1
B3_D2_Craig_Bampton,B3,2,Craig_Bampton,full-grid,2055,30,44,90,1.0073241351147606,1.0053777669004389,-0.062589607819409088,0,0,1,UNSTABLE,1.2601068904144123e-16,1.4054849545799591e-16,1
B3_D2_Craig_Bampton,B3,2,Craig_Bampton,full-grid,2056,30,45,91,1.007187959853872,1.0052422259307034,-0.062575184222579308,0,0,1,UNSTABLE,3.5914937699063374e-16,1.4054849545799591e-16,1
B3_D2_Craig_Bampton,B3,2,Craig_Bampton,full-grid,2057,30,46,92,1.0070514853399459,1.0051058576413989,-0.062569234135785967,0,0,1,UNSTABLE,3.1050922893158063e-16,1.4054849545799591e-16,1
B3_D2_Craig_Bampton,B3,2,Craig_Bampton,full-grid,2058,30,47,93,1.006915175781713,1.0049691196529777,-0.062571876777324689,0,0,1,UNSTABLE,2.9042835104023574e-16,1.4054849545799591e-16,1
B3_D2_Craig_Bampton,B3,2,Craig_Bampton,full-grid,2059,30,48,94,1.0067795148979208,1.0048324895045884,-0.062583221825852797,0,0,1,UNSTABLE,1.9576458316775884e-16,1.4054849545799591e-16,1
B3_D2_Craig_Bampton,B3,2,Craig_Bampton,full-grid,2060,30,49,95,1.0066450091790176,1.0046964680599484,-0.062603367105049323,0,0,1,UNSTABLE,3.819566625065339e-16,1.4054849545799591e-16,1
B3_D2_Craig_Bampton,B3,2,Craig_Bampton,full-grid,2061,30,50,96,1.0065121911382151,1.0045615829628205,-0.062632395332469087,0,0,1,UNSTABLE,4.2105243889358813e-16,1.4054849545799591e-16,1
B3_D2_Craig_Bampton,B3,2,Craig_Bampton,full-grid,2062,30,51,97,1.0063816223924831,1.0044283919920758,-0.062670369789392624,0,0,1,UNSTABLE,3.2466980034707592e-16,1.4054849545799591e-16,1
B3_D2_Craig_Bampton,B3,2,Craig_Bampton,full-grid,2063,30,52,98,1.0062538963558965,1.0042974861082166,-0.062717328770762276,0,0,1,UNSTABLE,3.6179976483560881e-16,1.4054849545799591e-16,1
B3_D2_Craig_Bampton,B3,2,Craig_Bampton,full-grid,2064,30,53,99,1.0061296402580107,1.0041694919126325,-0.062773278691172607,0,0,1,UNSTABLE,1.4151321997706073e-16,1.4054849545799591e-16,1
B3_D2_Craig_Bampton,B3,2,Craig_Bampton,full-grid,2065,30,54,100,1.0060095161192502,1.0040450731578281,-0.062838185762953302,0,0,1,UNSTABLE,3.7541737784517794e-16,1.4054849545799591e-16,1
B3_D2_Craig_Bampton,B3,2,Craig_Bampton,full-grid,2066,30,55,101,1.0058942202318883,1.0039249308589366,-0.062911966236941549,0,0,1,UNSTABLE,3.4497864013222846e-16,1.4054849545799591e-16,1
B3_D2_Craig_Bampton,B3,2,Craig_Bampton,full-grid,2067,30,56,102,1.0057844806169414,1.0038098014714465,-0.062994475311296871,0,0,1,UNSTABLE,3.702087406687371e-16,1.4054849545799591e-16,1
B3_D2_Craig_Bampton,B3,2,Craig_Bampton,full-grid,2068,30,57,103,1.0056810518744406,1.0037004525365139,-0.063085494983225646,0,0,1,UNSTABLE,2.7872298403540339e-16,1.4054849545799591e-16,1
B3_D2_Craig_Bampton,B3,2,Craig_Bampton,full-grid,2069,30,58,104,1.0055847068395245,1.0035976751760147,-0.063184721340139693,0,0,1,UNSTABLE,1.6585791825876047e-16,1.4054849545799591e-16,1
B3_D2_Craig_Bampton,B3,2,Craig_Bampton,full-grid,2070,30,59,105,1.0054962245320114,1.0035022728772685,-0.063291752055741543,0,0,1,UNSTABLE,2.4984316648858043e-16,1.4054849545799591e-16,1
B3_D2_Craig_Bampton,B3,2,Craig_Bampton,full-grid,2071,30,60,106,1.0054163740749444,1.0034150461758176,-0.063406075150496469,0,0,1,UNSTABLE,2.6550489020437506e-16,1.4054849545799591e-16,1
B3_D2_Craig_Bampton,B3,2,Craig_Bampton,full-grid,2072,30,61,107,1.0053458945861919,1.003336773155056,-0.063527060345259526,0,0,1,UNSTABLE,2.1825493917742142e-16,1.4054849545799591e-16,1
B3_D2_Craig_Bampton,B3,2,Craig_Bampton,full-grid,2073,30,62,108,1.0052854715194355,1.0032681861408412,-0.063653954517532474,0,0,1,UNSTABLE,1.9430064361797982e-16,1.4054849545799591e-16,1
B3_D2_Craig_Bampton,B3,2,Craig_Bampton,full-grid,2074,30,63,109,1.005235710520503,1.0032099455569257,-0.063785882774569883,0,0,1,UNSTABLE,2.146836889511298e-16,1.4054849545799591e-16,1
B3_D2_Craig_Bampton,B3,2,Craig_Bampton,full-grid,2075,30,64,110,1.0051971104903499,1.0031626125465656,-0.063921856409976885,0,0,1,UNSTABLE,3.1677036224117523e-16,1.4054849545799591e-16,1
B3_D2_Craig_Bampton,B3,2,Craig_Bampton,full-grid,2076,30,65,111,1.0051700380843964,1.0031266225376201,-0.064060788465754456,0,0,1,UNSTABLE,1.7323122862932081e-16,1.4054849545799591e-16,1
B3_D2_Craig_Bampton,B3,2,Craig_Bampton,full-grid,2077,30,66,112,1.0051547061731363,1.0031022622756711,-0.064201516800110617,0,0,1,UNSTABLE,4.0256356170987404e-16,1.4054849545799591e-16,1
