route_id,contract_id,division,method,mode,point_order,l_samples,j_samples,physical_root_count,rho,dominant_root_real,dominant_root_imag,stable,critical,stability_code,stability_status,maximum_state_eigenpair_residual,transition_reconstruction_relative_error,overall_pass
B3_D2_Original,B3,2,Original,full-grid,1,0,0,30,0.9954221116482419,0.99517163779926265,-0.022329166535674405,1,0,-1,STABLE,4.8460520218122207e-16,2.4744217877664973e-16,1
B3_D2_Original,B3,2,Original,full-grid,2,0,1,31,0.99550360589391185,0.99525257105221021,-0.022355070157488971,1,0,-1,STABLE,2.9240043625212494e-16,1.8565732401212631e-16,1
B3_D2_Original,B3,2,Original,full-grid,3,0,2,32,0.9955857902814701,0.99533422412553274,-0.022379635716495476,1,0,-1,STABLE,3.7383303976484786e-16,1.8565732404604888e-16,1
B3_D2_Original,B3,2,Original,full-grid,4,0,3,33,0.99566864151593404,0.99541657421947716,-0.022402845072575738,1,0,-1,STABLE,4.5306700641812019e-16,1.8565732403871459e-16,1
B3_D2_Original,B3,2,Original,full-grid,5,0,4,34,0.99575213599676182,0.9954995982211714,-0.022424680234058324,1,0,-1,STABLE,3.055171694967271e-16,1.8565732403871371e-16,1
B3_D2_Original,B3,2,Original,full-grid,6,0,5,35,0.99583624978693475,0.99558327267388014,-0.022445123338327044,1,0,-1,STABLE,4.3443753116415149e-16,1.8565732403871462e-16,1
B3_D2_Original,B3,2,Original,full-grid,7,0,6,36,0.99592095857819807,0.99566757374233927,-0.022464156635849615,1,0,-1,STABLE,3.3419605174182076e-16,1.856573240460489e-16,1
B3_D2_Original,B3,2,Original,full-grid,8,0,7,37,0.99600623765266305,0.99575247717436155,-0.022481762478414113,1,0,-1,STABLE,2.4057221798403635e-16,1.8565732403871454e-16,1
B3_D2_Original,B3,2,Original,full-grid,9,0,8,38,0.99609206184122134,0.99583795825915433,-0.022497923311595312,1,0,-1,STABLE,2.9200241053437425e-16,1.8565732403871371e-16,1
B3_D2_Original,B3,2,Original,full-grid,10,0,9,39,0.99617840547901493,0.99592399178257529,-0.022512621672591843,1,0,-1,STABLE,3.5361235585600738e-16,1.8565732403871459e-16,1
B3_D2_Original,B3,2,Original,full-grid,11,0,10,40,0.99626524235853853,0.99601055197990385,-0.022525840193088204,1,0,-1,STABLE,3.8824533603823473e-16,1.856573240460489e-16,1
B3_D2_Original,B3,2,Original,full-grid,12,0,11,41,0.99635254568071829,0.99609761248645534,-0.022537561607928421,1,0,-1,STABLE,2.1566494637298503e-16,1.8565732403871462e-16,1
B3_D2_Original,B3,2,Original,full-grid,13,0,12,42,0.99644028800457241,0.99618514628663657,-0.022547768770053114,1,0,-1,STABLE,3.0364807373558481e-16,1.8565732403871378e-16,1
B3_D2_Original,B3,2,Original,full-grid,14,0,13,43,0.9965284411959876,0.99627312566197157,-0.022556444671756957,1,0,-1,STABLE,3.8778618518290084e-16,1.8565732403871459e-16,1
B3_D2_Original,B3,2,Original,full-grid,15,0,14,44,0.99661697637622859,0.99636152213870621,-0.022563572472827049,1,0,-1,STABLE,2.6364697706782133e-16,1.856573240460489e-16,1
B3_D2_Original,B3,2,Original,full-grid,16,0,15,45,0.99670586387086813,0.99645030643567623,-0.022569135535516986,1,0,-1,STABLE,2.9085040182963449e-16,1.8565732403871459e-16,1
B3_D2_Original,B3,2,Original,full-grid,17,0,16,46,0.99679507315979365,0.99653944841308961,-0.022573117466875809,1,0,-1,STABLE,2.6823639412982805e-16,1.8565732403871373e-16,1
B3_D2_Original,B3,2,Original,full-grid,18,0,17,47,0.99688457282910359,0.99662891702303757,-0.022575502168315321,1,0,-1,STABLE,3.4650727276754911e-16,1.8565732403871464e-16,1
B3_D2_Original,B3,2,Original,full-grid,19,0,18,48,0.99697433052569251,0.99671868026252763,-0.02257627389269394,1,0,-1,STABLE,2.7902714323300072e-16,1.8565732404604888e-16,1
B3_D2_Original,B3,2,Original,full-grid,20,0,19,49,0.99706431291522402,0.99680870512975073,-0.02257541730860094,1,0,-1,STABLE,3.5881141229571653e-16,1.8565732403871462e-16,1
B3_D2_Original,B3,2,Original,full-grid,21,0,20,50,0.99715448564455844,0.99689895758464075,-0.022572917572181071,1,0,-1,STABLE,4.758017311219908e-16,1.8565732403871371e-16,1
B3_D2_Original,B3,2,Original,full-grid,22,0,21,51,0.99724481330934778,0.99698940251445733,-0.022568760405953445,1,0,-1,STABLE,2.9815534278860131e-16,1.8565732403871462e-16,1
B3_D2_Original,B3,2,Original,full-grid,23,0,22,52,0.99733525942773371,0.99708000370532923,-0.022562932184571127,1,0,-1,STABLE,4.8657623028012322e-16,1.8565732404604895e-16,1
B3_D2_Original,B3,2,Original,full-grid,24,0,23,53,0.99742578642112212,0.99717072382075411,-0.022555420026845498,1,0,-1,STABLE,3.8998324218991119e-16,1.8565732403871454e-16,1
B3_D2_Original,B3,2,Original,full-grid,25,0,24,54,0.99751635560277241,0.99726152438779325,-0.022546211894057557,1,0,-1,STABLE,2.8124502038806952e-16,1.8565732403871371e-16,1
B3_D2_Original,B3,2,Original,full-grid,26,0,25,55,0.99760692717526145,0.99735236579205688,-0.022535296693289505,1,0,-1,STABLE,3.6059992684993705e-16,1.8565732403871459e-16,1
B3_D2_Original,B3,2,Original,full-grid,27,0,26,56,0.99769746023741102,0.99744320728207758,-0.022522664385517335,1,0,-1,STABLE,3.1440690326289425e-16,1.856573240460489e-16,1
B3_D2_Original,B3,2,Original,full-grid,28,0,27,57,0.99778791280168322,0.99753400698410377,-0.022508306097465482,1,0,-1,STABLE,3.5386560271727756e-16,1.8565732403871462e-16,1
B3_D2_Original,B3,2,Original,full-grid,29,0,28,58,0.99787824182252016,0.99762472192782248,-0.02249221423600873,1,0,-1,STABLE,3.9694840393102742e-16,1.8565732403871378e-16,1
B3_D2_Original,B3,2,Original,full-grid,30,0,29,59,0.99796840323639346,0.99771530808379794,-0.022474382604396208,1,0,-1,STABLE,2.7858507555379639e-16,1.8565732403871459e-16,1
B3_D2_Original,B3,2,Original,full-grid,31,0,30,60,0.99805835201394943,0.99780572041304882,-0.022454806518813378,1,0,-1,STABLE,5.2315285702014894e-16,1.856573240460489e-16,1
B3_D2_Original,B3,2,Original,full-grid,32,0,31,61,0.99814804222459519,0.99789591292914359,-0.022433482924044654,1,0,-1,STABLE,4.812509373932901e-16,1.8565732403871459e-16,1
B3_D2_Original,B3,2,Original,full-grid,33,0,32,62,0.99823742711375218,0.99798583877307845,-0.022410410506691861,1,0,-1,STABLE,2.7882838411041081e-16,1.8565732403871373e-16,1
B3_D2_Original,B3,2,Original,full-grid,34,0,33,63,0.99832645919287144,0.99807545030106037,-0.022385589804859055,1,0,-1,STABLE,3.176004047468184e-16,1.8565732403871464e-16,1
B3_D2_Original,B3,2,Original,full-grid,35,0,34,64,0.99841509034185205,0.99816469918488404,-0.022359023312273012,1,0,-1,STABLE,3.0741135353873038e-16,1.8565732404604888e-16,1
B3_D2_Original,B3,2,Original,full-grid,36,0,35,65,0.9985032719237501,0.99825353652482052,-0.022330715575711434,1,0,-1,STABLE,2.0485559232180287e-16,1.8565732403871462e-16,1
B3_D2_Original,B3,2,Original,full-grid,37,0,36,66,0.99859095491103467,0.99834191297431651,-0.022300673283880332,1,0,-1,STABLE,3.4640063957368912e-16,1.8565732403871371e-16,1
B3_D2_Original,B3,2,Original,full-grid,38,0,37,67,0.99867809002275731,0.99842977887589335,-0.022268905346635386,1,0,-1,STABLE,3.3958184699599741e-16,1.8565732403871462e-16,1
B3_D2_Original,B3,2,Original,full-grid,39,0,38,68,0.99876462787157427,0.99851708440723486,-0.022235422962451356,1,0,-1,STABLE,2.5257794371281899e-16,1.8565732404604895e-16,1
B3_D2_Original,B3,2,Original,full-grid,40,0,39,69,0.99885051911951372,0.99860377973636349,-0.022200239673722214,1,0,-1,STABLE,4.0682552660264051e-16,1.8565732403871454e-16,1
B3_D2_Original,B3,2,Original,full-grid,41,0,40,70,0.99893571464110165,0.99868981518455846,-0.022163371407818683,1,0,-1,STABLE,2.9183968120089389e-16,1.8565732403871371e-16,1
B3_D2_Original,B3,2,Original,full-grid,42,0,41,71,0.99902016569235197,0.9987751413955388,-0.022124836503259172,1,0,-1,STABLE,3.8771604380063451e-16,1.8565732403871459e-16,1
B3_D2_Original,B3,2,Original,full-grid,43,0,42,72,0.99910382408387843,0.99885970950917047,-0.022084655720313949,1,0,-1,STABLE,3.5657838680243068e-16,1.856573240460489e-16,1
B3_D2_Original,B3,2,Original,full-grid,44,0,43,73,0.99918664235647714,0.99894347133807382,-0.022042852234897881,1,0,-1,STABLE,3.6091749370574403e-16,1.8565732403871462e-16,1
B3_D2_Original,B3,2,Original,full-grid,45,0,44,74,0.99926857395713908,0.99902637954507445,-0.021999451615782727,1,0,-1,STABLE,3.7768191008463226e-16,1.8565732403871378e-16,1
B3_D2_Original,B3,2,Original,full-grid,46,0,45,75,0.99934957341366226,0.99910838781967493,-0.021954481784792469,1,0,-1,STABLE,4.1717443609165133e-16,1.8565732403871459e-16,1
B3_D2_Original,B3,2,Original,full-grid,47,0,46,76,0.99942959650592167,0.99918945105158374,-0.021907972960179486,1,0,-1,STABLE,3.2035942118390736e-16,1.856573240460489e-16,1
B3_D2_Original,B3,2,Original,full-grid,48,0,47,77,0.9995086004318493,0.99926952549935022,-0.021859957583160686,1,0,-1,STABLE,2.47229798625855e-16,1.8565732403871459e-16,1
B3_D2_Original,B3,2,Original,full-grid,49,0,48,78,0.99958654396624536,0.99934856895218216,-0.021810470228951818,1,0,-1,STABLE,3.3665250202595948e-16,1.8565732403871373e-16,1
B3_D2_Original,B3,2,Original,full-grid,50,0,49,79,0.99966338761077056,0.99942654088328753,-0.021759547502373439,1,0,-1,STABLE,4.1027926161321909e-16,1.8565732403871464e-16,1
B3_D2_Original,B3,2,Original,full-grid,51,0,50,80,0.9997390937334103,0.99950340259297943,-0.021707227919688578,1,0,-1,STABLE,4.5004940368260238e-16,1.8565732404604888e-16,1
B3_D2_Original,B3,2,Original,full-grid,52,0,51,81,0.99981362669597218,0.99957911734007787,-0.021653551777562795,1,0,-1,STABLE,3.6013529383144085e-16,1.8565732403871462e-16,1
B3_D2_Original,B3,2,Original,full-grid,53,0,52,82,0.99988695296843433,0.99965365046037757,-0.021598561010896102,1,0,-1,STABLE,2.4607602267717877e-16,1.8565732403871371e-16,1
B3_D2_Original,B3,2,Original,full-grid,54,0,53,83,0.99995904122905421,0.99972696947104578,-0.021542299040915532,1,0,-1,STABLE,3.1484813980732153e-16,1.8565732403871462e-16,1
B3_D2_Original,B3,2,Original,full-grid,55,0,54,84,1.0000298624494544,0.99979904416011811,-0.021484810615608581,0,0,1,UNSTABLE,3.7488517525123316e-16,1.8565732404604895e-16,1
B3_D2_Original,B3,2,Original,full-grid,56,0,55,85,1.000099389964048,0.99986984666042211,-0.021426141643440429,0,0,1,UNSTABLE,3.4380574568751593e-16,1.8565732403871454e-16,1
B3_D2_Original,B3,2,Original,full-grid,57,0,56,86,1.0001675995236794,0.99993935150772861,-0.021366339023386968,0,0,1,UNSTABLE,2.1471247774992111e-16,1.8565732403871371e-16,1
B3_D2_Original,B3,2,Original,full-grid,58,0,57,87,1.0002344693331486,1.0000075356827836,-0.021305450471924958,0,0,1,UNSTABLE,2.7544585352781918e-16,1.8565732403871459e-16,1
B3_D2_Original,B3,2,Original,full-grid,59,0,58,88,1.000299980072938,1.0000743786374739,-0.021243524349565588,0,0,1,UNSTABLE,3.5495989071045407e-16,1.856573240460489e-16,1
B3_D2_Original,B3,2,Original,full-grid,60,0,59,89,1.0003641149054459,1.0001398623053976,-0.021180609488308196,0,0,1,UNSTABLE,4.4724248462282084e-16,1.8565732403871462e-16,1
B3_D2_Original,B3,2,Original,full-grid,61,0,60,90,1.0004268594662653,1.0002039710973438,-0.021116755021506995,0,0,1,UNSTABLE,2.7209290742678589e-16,1.8565732403871378e-16,1
B3_D2_Original,B3,2,Original,full-grid,62,0,61,91,1.0004882018413086,1.0002666918824383,-0.021052010217988495,0,0,1,UNSTABLE,4.191815458356803e-16,1.8565732403871459e-16,1
B3_D2_Original,B3,2,Original,full-grid,63,0,62,92,1.0005481325305547,1.0003280139557109,-0.020986424321537987,0,0,1,UNSTABLE,2.6542412707098848e-16,1.856573240460489e-16,1
B3_D2_Original,B3,2,Original,full-grid,64,0,63,93,1.0006066443994999,1.0003879289931392,-0.020920046396823242,0,0,1,UNSTABLE,2.8240502914523977e-16,1.8565732403871459e-16,1
B3_D2_Original,B3,2,Original,full-grid,65,0,64,94,1.0006637326194379,1.0004464309952663,-0.020852925183281797,0,0,1,UNSTABLE,4.0458896037901229e-16,1.8565732403871373e-16,1
B3_D2_Original,B3,2,Original,full-grid,66,0,65,95,1.0007193945976158,1.0005035162204339,-0.020785108957301696,0,0,1,UNSTABLE,2.9077223675328269e-16,1.8565732403871464e-16,1
B3_D2_Original,B3,2,Original,full-grid,67,0,66,96,1.000773629898603,1.0005591831089489,-0.0207166454036136,0,0,1,UNSTABLE,4.9254254067884779e-16,1.8565732404604888e-16,1
B3_D2_Original,B3,2,Original,full-grid,68,1,0,31,0.99542751661838247,0.99517700441326373,-0.02233093656976683,1,0,-1,STABLE,2.9119733662223197e-16,9.6280366619516874e-17,1
B3_D2_Original,B3,2,Original,full-grid,69,1,1,32,0.9955090610593893,0.99525799017050698,-0.02235673619091311,1,0,-1,STABLE,3.3200509538114021e-16,8.8921807829948968e-17,1
B3_D2_Original,B3,2,Original,full-grid,70,1,2,33,0.99559129203198726,0.99533969220095631,-0.022381195214450759,1,0,-1,STABLE,3.7455742720956418e-16,8.8921807814759254e-17,1
B3_D2_Original,B3,2,Original,full-grid,71,1,3,34,0.99567418610856384,0.99542208756878392,-0.022404295640692774,1,0,-1,STABLE,2.6222639396113096e-16,8.8921807814757491e-17,1
B3_D2_Original,B3,2,Original,full-grid,72,1,4,35,0.99575771956181647,0.9955051530307002,-0.02242601962612531,1,0,-1,STABLE,4.754898673278947e-16,8.8921807814759254e-17,1
B3_D2_Original,B3,2,Original,full-grid,73,1,5,36,0.99584186833429333,0.99558886500567079,-0.022446349463916351,1,0,-1,STABLE,3.3669572793153971e-16,8.8921807829948943e-17,1
B3_D2_Original,B3,2,Original,full-grid,74,1,6,37,0.99592660800397881,0.99567319954060562,-0.022465267567606362,1,0,-1,STABLE,4.737082998674106e-16,8.8921807814759279e-17,1
B3_D2_Original,B3,2,Original,full-grid,75,1,7,38,0.99601191374636722,0.99575813227243937,-0.022482756459207248,1,0,-1,STABLE,4.3266020469386229e-16,8.8921807814757504e-17,1
B3_D2_Original,B3,2,Original,full-grid,76,1,8,39,0.99609776029325392,0.99584363838683032,-0.022498798761641393,1,0,-1,STABLE,3.0113824902524315e-16,8.8921807814759266e-17,1
B3_D2_Original,B3,2,Original,full-grid,77,1,9,40,0.99618412188867322,0.99592969257389674,-0.022513377196019906,1,0,-1,STABLE,2.6183167542902644e-16,8.892180782994898e-17,1
B3_D2_Original,B3,2,Original,full-grid,78,1,10,41,0.99627097224242456,0.99601626898141427,-0.022526474584564915,1,0,-1,STABLE,3.0279131175306207e-16,8.8921807814759266e-17,1
B3_D2_Original,B3,2,Original,full-grid,79,1,11,42,0.99635828448159414,0.99610334116588772,-0.022538073858702882,1,0,-1,STABLE,2.4842964211880253e-16,8.8921807814757504e-17,1
B3_D2_Original,B3,2,Original,full-grid,80,1,12,43,0.99644603110071206,0.99619088204210693,-0.022548158074002855,1,0,-1,STABLE,4.9719324326751808e-16,8.8921807814759254e-17,1
B3_D2_Original,B3,2,Original,full-grid,81,1,13,44,0.99653418391092996,0.99627886383158915,-0.022556710430841297,1,0,-1,STABLE,4.1314152492506942e-16,8.8921807829948943e-17,1
B3_D2_Original,B3,2,Original,full-grid,82,1,14,45,0.99662271398907487,0.99636725801073855,-0.022563714302206769,1,0,-1,STABLE,2.9438018855566099e-16,8.8921807814759266e-17,1
B3_D2_Original,B3,2,Original,full-grid,83,1,15,46,0.99671159162697864,0.99645603525912485,-0.02256915326836401,1,0,-1,STABLE,2.5318084639661739e-16,8.8921807814757504e-17,1
B3_D2_Original,B3,2,Original,full-grid,84,1,16,47,0.99680078628200819,0.99654516540880667,-0.02257301115855305,1,0,-1,STABLE,3.6932245555248969e-16,8.8921807814759279e-17,1
B3_D2_Original,B3,2,Original,full-grid,85,1,17,48,0.9968902665293996,0.99663461739529191,-0.022575272100182363,1,0,-1,STABLE,2.8383739469368725e-16,8.8921807829948968e-17,1
B3_D2_Original,B3,2,Original,full-grid,86,1,18,49,0.99698000001727693,0.99672435921102875,-0.022575920575111437,1,0,-1,STABLE,3.4590348711884245e-16,8.8921807814759266e-17,1
B3_D2_Original,B3,2,Original,full-grid,87,1,19,50,0.99706995342509142,0.99681435786214945,-0.022574941483521384,1,0,-1,STABLE,3.1869290636274265e-16,8.8921807814757504e-17,1
B3_D2_Original,B3,2,Original,full-grid,88,1,20,51,0.99716009242644621,0.99690457932945287,-0.022572320214928991,1,0,-1,STABLE,1.8014220815546418e-16,8.8921807814759266e-17,1
B3_D2_Original,B3,2,Original,full-grid,89,1,21,52,0.99725038165702129,0.99699498853433566,-0.022568042726261273,1,0,-1,STABLE,4.665038027659251e-16,8.8921807829948943e-17,1
B3_D2_Original,B3,2,Original,full-grid,90,1,22,53,0.99734078468866993,0.99708554931076132,-0.022562095626723629,1,0,-1,STABLE,2.3084188441485604e-16,8.8921807814759279e-17,1
B3_D2_Original,B3,2,Original,full-grid,91,1,23,54,0.99743126401041937,0.997176224384004,-0.022554466269133086,1,0,-1,STABLE,3.4470384347860671e-16,8.8921807814757504e-17,1
B3_D2_Original,B3,2,Original,full-grid,92,1,24,55,0.99752178101731126,0.99726697535712971,-0.02254514284697956,1,0,-1,STABLE,3.7521112970004001e-16,8.8921807814759266e-17,1
B3_D2_Original,B3,2,Original,full-grid,93,1,25,56,0.99761229600796952,0.99735776270610388,-0.022534114497080083,1,0,-1,STABLE,2.6688534483941882e-16,8.892180782994898e-17,1
B3_D2_Original,B3,2,Original,full-grid,94,1,26,57,0.99770276819165549,0.99744854578432696,-0.022521371406372989,1,0,-1,STABLE,2.9828997767312624e-16,8.8921807814759266e-17,1
B3_D2_Original,B3,2,Original,full-grid,95,1,27,58,0.99779315570560279,0.99753928283739568,-0.022506904922703831,1,0,-1,STABLE,2.4404300452146038e-16,8.8921807814757504e-17,1
B3_D2_Original,B3,2,Original,full-grid,96,1,28,59,0.99788341564322991,0.99762993102872577,-0.0224907076682524,1,0,-1,STABLE,3.2314861718913638e-16,8.8921807814759254e-17,1
B3_D2_Original,B3,2,Original,full-grid,97,1,29,60,0.9979735040940072,0.99772044647684166,-0.022472773654427521,1,0,-1,STABLE,2.5077663493988428e-16,8.8921807829948943e-17,1
B3_D2_Original,B3,2,Original,full-grid,98,1,30,61,0.99806337619519647,0.99781078430457826,-0.022453098397247705,1,0,-1,STABLE,2.7916000815338379e-16,8.8921807814759266e-17,1
B3_D2_Original,B3,2,Original,full-grid,99,1,31,62,0.99815298619600801,0.99790089870077692,-0.022431679031892058,1,0,-1,STABLE,1.6800193993900213e-16,8.8921807814757504e-17,1
B3_D2_Original,B3,2,Original,full-grid,100,1,32,63,0.99824228753429411,0.99799074299463142,-0.022408514424738776,1,0,-1,STABLE,3.6699205622729564e-16,8.8921807814759279e-17,1
B3_D2_Original,B3,2,Original,full-grid,101,1,33,64,0.99833123292578163,0.99808026974271946,-0.02238360528180015,1,0,-1,STABLE,4.4126205583318564e-16,8.8921807829948968e-17,1
B3_D2_Original,B3,2,Original,full-grid,102,1,34,65,0.99841977446571306,0.99816943082862797,-0.022356954251823907,1,0,-1,STABLE,3.6382438664827232e-16,8.8921807814759266e-17,1
B3_D2_Original,B3,2,Original,full-grid,103,1,35,66,0.99850786374251344,0.99825817757482316,-0.022328566022714668,1,0,-1,STABLE,4.5465282311785281e-16,8.8921807814757504e-17,1
B3_D2_Original,B3,2,Original,full-grid,104,1,36,67,0.99859545196306398,0.99834646086639123,-0.022298447409337341,1,0,-1,STABLE,2.4049365255396792e-16,8.8921807814759266e-17,1
B3_D2_Original,B3,2,Original,full-grid,105,1,37,68,0.99868249008856425,0.99843423128565312,-0.022266607431813103,1,0,-1,STABLE,3.4047486222053005e-16,8.8921807829948943e-17,1
B3_D2_Original,B3,2,Original,full-grid,106,1,38,69,0.99876892898030822,0.99852143925701353,-0.022233057382520335,1,0,-1,STABLE,4.7863814591909332e-16,8.8921807814759279e-17,1
B3_D2_Original,B3,2,Original,full-grid,107,1,39,70,0.99885471955404714,0.99860803520075414,-0.022197810880441385,1,0,-1,STABLE,2.8281145773839139e-16,8.8921807814757504e-17,1
B3_D2_Original,B3,2,Original,full-grid,108,1,40,71,0.99893981294165335,0.99869396969449786,-0.022160883911772036,1,0,-1,STABLE,2.182196219521852e-16,8.8921807814759266e-17,1
B3_D2_Original,B3,2,Original,full-grid,109,1,41,72,0.99902416065856159,0.99877919364084133,-0.022122294855960036,1,0,-1,STABLE,3.2883774402767445e-16,8.892180782994898e-17,1
B3_D2_Original,B3,2,Original,full-grid,110,1,42,73,0.99910771477536653,0.99886365843955627,-0.022082064495890581,1,0,-1,STABLE,3.5581679903132305e-16,8.8921807814759266e-17,1
B3_D2_Original,B3,2,Original,full-grid,111,1,43,74,0.99919042809176406,0.99894731616254717,-0.02204021601179464,1,0,-1,STABLE,2.5288702644373689e-16,8.8921807814757504e-17,1
B3_D2_Original,B3,2,Original,full-grid,112,1,44,75,0.99927225431102207,0.99903011972975242,-0.021996774958809875,1,0,-1,STABLE,4.0525954987171454e-16,8.8921807814759254e-17,1
B3_D2_Original,B3,2,Original,full-grid,113,1,45,76,0.99935314821304877,0.99911202308406133,-0.02195176922723174,1,0,-1,STABLE,3.2470831425473787e-16,8.8921807829948943e-17,1
B3_D2_Original,B3,2,Original,full-grid,114,1,46,77,0.99943306582414992,0.99919298136331469,-0.02190522898648025,1,0,-1,STABLE,3.2835787785514268e-16,8.8921807814759266e-17,1
B3_D2_Original,B3,2,Original,full-grid,115,1,47,78,0.99951196458152802,0.99927295106743408,-0.021857186612354699,1,0,-1,STABLE,2.8638459967102148e-16,8.8921807814757504e-17,1
B3_D2_Original,B3,2,Original,full-grid,116,1,48,79,0.99958980349084514,0.99935189021897131,-0.021807676598749007,1,0,-1,STABLE,4.2936607583733027e-16,8.8921807814759279e-17,1
B3_D2_Original,B3,2,Original,full-grid,117,1,49,80,0.99966654327489213,0.99942975851509619,-0.021756735454292506,1,0,-1,STABLE,3.5079356031263566e-16,8.8921807829948968e-17,1
B3_D2_Original,B3,2,Original,full-grid,118,1,50,81,0.99974214651192339,0.99950651746954677,-0.021704401585084177,1,0,-1,STABLE,3.1640353157156828e-16,8.8921807814759266e-17,1
B3_D2_Original,B3,2,Original,full-grid,119,1,51,82,0.99981657776225796,0.99958213054309675,-0.021650715165021057,1,0,-1,STABLE,2.0564611181379969e-16,8.8921807814757504e-17,1
B3_D2_Original,B3,2,Original,full-grid,120,1,52,83,0.9998898036816688,0.99965656326103436,-0.02159571799463076,1,0,-1,STABLE,3.0313154468351549e-16,8.8921807814759266e-17,1
B3_D2_Original,B3,2,Original,full-grid,121,1,53,84,0.99996179312088962,0.99972978331691764,-0.021539453350861708,1,0,-1,STABLE,3.7449821083770811e-16,8.8921807829948943e-17,1
B3_D2_Original,B3,2,Original,full-grid,122,1,54,85,1.0000325172100901,0.999801760661433,-0.02148196582828861,0,0,1,UNSTABLE,3.3054345107460123e-16,8.8921807814759279e-17,1
B3_D2_Original,B3,2,Original,full-grid,123,1,55,86,1.000101949428011,0.99987246757598158,-0.021423301174781716,0,0,1,UNSTABLE,3.0155743398201615e-16,8.8921807814757504e-17,1
B3_D2_Original,B3,2,Original,full-grid,124,1,56,87,1.0001700656552872,0.99994187873048568,-0.021363506122551581,0,0,1,UNSTABLE,2.8353732028699752e-16,8.8921807814759266e-17,1
B3_D2_Original,B3,2,Original,full-grid,125,1,57,88,1.0002368442119511,1.0000099712253592,-0.021302628216708291,0,0,1,UNSTABLE,3.5165035979947702e-16,8.892180782994898e-17,1
B3_D2_Original,B3,2,Original,full-grid,126,1,58,89,1.0003022658792045,1.0000767246176863,-0.021240715643095182,0,0,1,UNSTABLE,2.2927816827790953e-16,8.8921807814759266e-17,1
B3_D2_Original,B3,2,Original,full-grid,127,1,59,90,1.0003663139058336,1.0001421209319439,-0.021177817056951837,0,0,1,UNSTABLE,4.9449344405004576e-16,8.8921807814757504e-17,1
B3_D2_Original,B3,2,Original,full-grid,128,1,60,91,1.0004289739998515,1.0002061446558113,-0.021113981414080423,0,0,1,UNSTABLE,3.2925900314695349e-16,8.8921807814759254e-17,1
B3_D2_Original,B3,2,Original,full-grid,129,1,61,92,1.0004902343059903,1.0002687827216565,-0.021049257806181082,0,0,1,UNSTABLE,3.3281051948132266e-16,8.8921807829948943e-17,1
B3_D2_Original,B3,2,Original,full-grid,130,1,62,93,1.0005500853700122,1.0003300244746454,-0.02098369530121303,0,0,1,UNSTABLE,2.1804543733515326e-16,8.8921807814759266e-17,1
B3_D2_Original,B3,2,Original,full-grid,131,1,63,94,1.0006085200907628,1.0003898616283591,-0.020917342790590862,0,0,1,UNSTABLE,3.9581269107606995e-16,8.8921807814757504e-17,1
B3_D2_Original,B3,2,Original,full-grid,132,1,64,95,1.0006655336610997,1.0004482882090451,-0.020850248843712272,0,0,1,UNSTABLE,2.9674227890939876e-16,8.8921807814759279e-17,1
B3_D2_Original,B3,2,Original,full-grid,133,1,65,96,1.0007211234987703,1.0005053004895523,-0.020782461571031786,0,0,1,UNSTABLE,3.1592819585068114e-16,8.8921807829948968e-17,1
B3_D2_Original,B3,2,Original,full-grid,134,1,66,97,1.0007752891685815,1.0005608969142856,-0.020714028496122687,0,0,1,UNSTABLE,2.9736944984021695e-16,8.8921807814759266e-17,1
B3_D2_Original,B3,2,Original,full-grid,135,2,0,32,0.99543292607553446,0.99518237547325228,-0.022332708360502614,1,0,-1,STABLE,2.7620296673644653e-16,9.6280366670626814e-17,1
B3_D2_Original,B3,2,Original,full-grid,136,2,1,33,0.99551452070591295,0.99526341373275184,-0.022358403819433031,1,0,-1,STABLE,4.3270613686955912e-16,8.8921807814759254e-17,1
B3_D2_Original,B3,2,Original,full-grid,137,2,2,34,0.995596798247948,0.99534516470859558,-0.022382756148078518,1,0,-1,STABLE,2.5017767566678698e-16,8.8921807814757504e-17,1
B3_D2_Original,B3,2,Original,full-grid,138,2,3,35,0.99567973514161667,0.99542760532908192,-0.022405747487854351,1,0,-1,STABLE,3.7843245445483669e-16,8.8921807814759254e-17,1
B3_D2_Original,B3,2,Original,full-grid,139,2,4,36,0.99576330753317766,0.99551071222080534,-0.022427360144217229,1,0,-1,STABLE,2.8422063934504295e-16,8.8921807829948943e-17,1
B3_D2_Original,B3,2,Original,full-grid,140,2,5,37,0.99584749124506544,0.99559446167873822,-0.022447576566614356,1,0,-1,STABLE,2.6308022335566573e-16,8.8921807814759266e-17,1
B3_D2_Original,B3,2,Original,full-grid,141,2,6,38,0.99593226174194138,0.99567882963238197,-0.022466379332433652,1,0,-1,STABLE,4.7403472998705802e-16,8.8921807814757504e-17,1
B3_D2_Original,B3,2,Original,full-grid,142,2,7,39,0.99601759409312229,0.99576379160821538,-0.02248375113459241,1,0,-1,STABLE,3.9893045455070794e-16,8.8921807814759266e-17,1
B3_D2_Original,B3,2,Original,full-grid,143,2,8,40,0.99610346293183749,0.99584932268886517,-0.022499674773808685,1,0,-1,STABLE,3.7951070283796911e-16,8.892180782994898e-17,1
B3_D2_Original,B3,2,Original,full-grid,144,2,9,41,0.99618984241156516,0.9959353974692452,-0.022514133155771408,1,0,-1,STABLE,4.240652144681647e-16,8.8921807814759266e-17,1
B3_D2_Original,B3,2,Original,full-grid,145,2,10,42,0.99627670616002117,0.99602199001022895,-0.022527109293572462,1,0,-1,STABLE,3.0420072699991643e-16,8.8921807814757504e-17,1
B3_D2_Original,B3,2,Original,full-grid,146,2,11,43,0.99636402723111872,0.996109073790163,-0.022538586315851167,1,0,-1,STABLE,2.2828483385796055e-16,8.8921807814759254e-17,1
B3_D2_Original,B3,2,Original,full-grid,147,2,12,44,0.99645177805554996,0.99619662165486367,-0.022548547481011146,1,0,-1,STABLE,3.1451290554868498e-16,8.8921807829948943e-17,1
B3_D2_Original,B3,2,Original,full-grid,148,2,13,45,0.99653993039049571,0.99628460576659639,-0.022556976197875805,1,0,-1,STABLE,2.2279766310359359e-16,8.8921807814759266e-17,1
B3_D2_Original,B3,2,Original,full-grid,149,2,14,46,0.99662845526904653,0.99637299755261699,-0.022563856052960598,1,0,-1,STABLE,1.8468593175609151e-16,8.8921807814757504e-17,1
B3_D2_Original,B3,2,Original,full-grid,150,2,15,47,0.99671732295008131,0.99646176765401284,-0.022569170844691466,1,0,-1,STABLE,3.746061523330221e-16,8.8921807814759279e-17,1
B3_D2_Original,B3,2,Original,full-grid,151,2,16,48,0.99680650286920891,0.99655088587545337,-0.02257290462460498,1,0,-1,STABLE,2.3287986583563644e-16,8.8921807829948968e-17,1
B3_D2_Original,B3,2,Original,full-grid,152,2,17,49,0.99689596359158117,0.99664032113664158,-0.022575041746118383,1,0,-1,STABLE,2.7283736635165808e-16,8.8921807814759266e-17,1
B3_D2_Original,B3,2,Original,full-grid,153,2,18,50,0.99698567276734285,0.99673004142625632,-0.022575566920107291,1,0,-1,STABLE,4.9848208079438795e-16,8.8921807814757504e-17,1
B3_D2_Original,B3,2,Original,full-grid,154,2,19,51,0.99707559709051219,0.99682001375915497,-0.022574465278262009,1,0,-1,STABLE,3.0801486243955818e-16,8.8921807814759266e-17,1
B3_D2_Original,B3,2,Original,full-grid,155,2,20,52,0.99716570226217682,0.99691020413774678,-0.022571722443275787,1,0,-1,STABLE,4.1316679515690182e-16,8.8921807829948943e-17,1
B3_D2_Original,B3,2,Original,full-grid,156,2,21,53,0.9972559529587931,0.99700057751832183,-0.022567324606233733,1,0,-1,STABLE,3.6571646312026452e-16,8.8921807814759266e-17,1
B3_D2_Original,B3,2,Original,full-grid,157,2,22,54,0.99734631280663055,0.99709109778339045,-0.022561258610608273,1,0,-1,STABLE,2.7733155502779406e-16,8.8921807814757504e-17,1
B3_D2_Original,B3,2,Original,full-grid,158,2,23,55,0.99743674436300389,0.99718172772068292,-0.022553512042744698,1,0,-1,STABLE,2.1682497780670642e-16,8.8921807814759266e-17,1
B3_D2_Original,B3,2,Original,full-grid,159,2,24,56,0.99752720910534887,0.99727242900989044,-0.022544073328022069,1,0,-1,STABLE,2.1638643066655993e-16,8.892180782994898e-17,1
B3_D2_Original,B3,2,Original,full-grid,160,2,25,57,0.9976176674289462,0.99736316221796073,-0.022532931832349563,1,0,-1,STABLE,3.5215506954024313e-16,8.8921807814759266e-17,1
B3_D2_Original,B3,2,Original,full-grid,161,2,26,58,0.99770807865398026,0.9974538868036591,-0.02252007796811582,1,0,-1,STABLE,4.0903610458690958e-16,8.8921807814757504e-17,1
B3_D2_Original,B3,2,Original,full-grid,162,2,27,59,0.99779840104290152,0.99754456113239232,-0.022505503303722453,1,0,-1,STABLE,2.5917452313301675e-16,8.8921807814759254e-17,1
B3_D2_Original,B3,2,Original,full-grid,163,2,28,60,0.99788859182851497,0.99763514250173302,-0.02248920067595446,1,0,-1,STABLE,4.6818517061217529e-16,8.8921807829948943e-17,1
B3_D2_Original,B3,2,Original,full-grid,164,2,29,61,0.99797860725357079,0.99772558717846604,-0.022471164303658919,1,0,-1,STABLE,5.0340698379133264e-16,8.8921807814759266e-17,1
B3_D2_Original,B3,2,Original,full-grid,165,2,30,62,0.99806840262217278,0.99781585044748744,-0.022451389902028739,1,0,-1,STABLE,3.8593448569595698e-16,8.8921807814757504e-17,1
B3_D2_Original,B3,2,Original,full-grid,166,2,31,63,0.99815793236350692,0.99790588667310387,-0.022429874795849434,1,0,-1,STABLE,2.5655195681537404e-16,8.8921807814759279e-17,1
B3_D2_Original,B3,2,Original,full-grid,167,2,32,64,0.99824715010790532,0.99799564937277629,-0.02240661803051399,1,0,-1,STABLE,3.1962454825215464e-16,8.8921807829948968e-17,1
B3_D2_Original,B3,2,Original,full-grid,168,2,33,65,0.998336008775359,0.99808509130346024,-0.022381620479245357,1,0,-1,STABLE,3.413495214720288e-16,8.8921807814759266e-17,1
B3_D2_Original,B3,2,Original,full-grid,169,2,34,66,0.99842446067634383,0.99817416456044228,-0.022354884945156812,1,0,-1,STABLE,2.7235041902309778e-16,8.8921807814757504e-17,1
B3_D2_Original,B3,2,Original,full-grid,170,2,35,67,0.99851245762452179,0.99826282068827332,-0.022326416256409423,1,0,-1,STABLE,3.0089299188880852e-16,8.8921807814759266e-17,1
B3_D2_Original,B3,2,Original,full-grid,171,2,36,68,0.99859995106087973,0.99835101080339084,-0.022296221353389292,1,0,-1,STABLE,3.6338995986483646e-16,8.8921807829948943e-17,1
B3_D2_Original,B3,2,Original,full-grid,172,2,37,69,0.99868689218848306,0.99843868572764483,-0.022264309365979403,1,0,-1,STABLE,2.3974448598017669e-16,8.8921807814759266e-17,1
B3_D2_Original,B3,2,Original,full-grid,173,2,38,70,0.99877323211686531,0.99852579613178338,-0.022230691679701178,1,0,-1,STABLE,2.4520853920002534e-16,8.8921807814757504e-17,1
B3_D2_Original,B3,2,Original,full-grid,174,2,39,71,0.99885892201506798,0.99861229268792773,-0.022195381989597852,1,0,-1,STABLE,3.9882384745380597e-16,8.8921807814759266e-17,1
B3_D2_Original,B3,2,Original,full-grid,175,2,40,72,0.99894391327179577,0.99869812622953869,-0.022158396340382538,1,0,-1,STABLE,1.6941588367551053e-16,8.892180782994898e-17,1
B3_D2_Original,B3,2,Original,full-grid,176,2,41,73,0.99902815766139341,0.99878324791759476,-0.022119753151840667,1,0,-1,STABLE,4.3418739211170485e-16,8.8921807814759266e-17,1
B3_D2_Original,B3,2,Original,full-grid,177,2,42,74,0.99911160751385275,0.99886760941119546,-0.022079473229180843,1,0,-1,STABLE,3.130199273702432e-16,8.8921807814757504e-17,1
B3_D2_Original,B3,2,Original,full-grid,178,2,43,75,0.99919421588717994,0.99895116304094733,-0.022037579756746195,1,0,-1,STABLE,2.4408025599613127e-16,8.8921807814759254e-17,1
B3_D2_Original,B3,2,Original,full-grid,179,2,44,76,0.99927593674033932,0.99903386198332567,-0.021994098275770382,1,0,-1,STABLE,1.7545419070377435e-16,8.8921807829948943e-17,1
B3_D2_Original,B3,2,Original,full-grid,180,2,45,77,0.99935672510473017,0.99911566043399036,-0.021949056644933997,1,0,-1,STABLE,5.1298406031475586e-16,8.8921807814759266e-17,1
B3_D2_Original,B3,2,Original,full-grid,181,2,46,78,0.9994365372524735,0.99919651377829943,-0.021902484984757147,1,0,-1,STABLE,3.0499549317682274e-16,8.8921807814757504e-17,1
B3_D2_Original,B3,2,Original,full-grid,182,2,47,79,0.99951533085951172,0.99927637875701492,-0.02185441560568226,1,0,-1,STABLE,3.103462806173323e-16,8.8921807814759279e-17,1
B3_D2_Original,B3,2,Original,full-grid,183,2,48,80,0.99959306516176671,0.99935521362542756,-0.021804882920397516,1,0,-1,STABLE,3.2252038900186124e-16,8.8921807829948968e-17,1
B3_D2_Original,B3,2,Original,full-grid,184,2,49,81,0.99966970110263154,0.99943297830413957,-0.021753923341368248,1,0,-1,STABLE,4.3958261710945938e-16,8.8921807814759266e-17,1
B3_D2_Original,B3,2,Original,full-grid,185,2,50,82,0.99974520147017953,0.99950963451985386,-0.021701575164908012,1,0,-1,STABLE,3.9566186176932864e-16,8.8921807814757504e-17,1
B3_D2_Original,B3,2,Original,full-grid,186,2,51,83,0.9998195310227288,0.99958514593478243,-0.021647878442216703,1,0,-1,STABLE,3.3148478321679199e-16,8.8921807814759266e-17,1
B3_D2_Original,B3,2,Original,full-grid,187,2,52,84,0.99989265660149507,0.99965947826334212,-0.02159287484005154,1,0,-1,STABLE,3.3870623715749806e-16,8.8921807829948943e-17,1
B3_D2_Original,B3,2,Original,full-grid,188,2,53,85,0.99996454722932038,0.99973259937511072,-0.021536607491062371,1,0,-1,STABLE,3.0141493418741277e-16,8.8921807814759266e-17,1
B3_D2_Original,B3,2,Original,full-grid,189,2,54,86,1.0000351741946494,0.99980447938314043,-0.021479120836992441,0,0,1,UNSTABLE,2.5870911477430525e-16,8.8921807814757504e-17,1
B3_D2_Original,B3,2,Original,full-grid,190,2,55,87,1.0001045111202811,0.99987509071712821,-0.021420460465436567,0,0,1,UNSTABLE,2.7787448038665056e-16,8.8921807814759266e-17,1
B3_D2_Original,B3,2,Original,full-grid,191,2,56,88,1.0001725340164744,0.99994440818096941,-0.021360672942271883,0,0,1,UNSTABLE,3.5942527275130566e-16,8.892180782994898e-17,1
B3_D2_Original,B3,2,Original,full-grid,192,2,57,89,1.0002392213183509,1.0000124089945925,-0.021299805641662568,0,0,1,UNSTABLE,4.1647032343625812e-16,8.8921807814759266e-17,1
B3_D2_Original,B3,2,Original,full-grid,193,2,58,90,1.0003045539077255,1.0000790728201649,-0.021237906575107678,0,0,1,UNSTABLE,1.8488397249538446e-16,8.8921807814757504e-17,1
B3_D2_Original,B3,2,Original,full-grid,194,2,59,91,1.0003685151197681,1.0001443817730258,-0.021175024221511827,0,0,1,UNSTABLE,5.6470022181081201e-16,8.8921807814759254e-17,1
B3_D2_Original,B3,2,Original,full-grid,195,2,60,92,1.0004310907348957,1.0002083204177188,-0.021111207359577323,0,0,1,UNSTABLE,2.5358555353098397e-16,8.8921807829948943e-17,1
B3_D2_Original,B3,2,Original,full-grid,196,2,61,93,1.0004922689567219,1.000270875749909,-0.021046504904133335,0,0,1,UNSTABLE,1.9739934177354362e-16,8.8921807814759266e-17,1
B3_D2_Original,B3,2,Original,full-grid,197,2,62,94,1.0005520403768866,1.0003320371649806,-0.020980965747806411,0,0,1,UNSTABLE,2.2775879616886363e-16,8.8921807814757504e-17,1
B3_D2_Original,B3,2,Original,full-grid,198,2,63,95,1.0006103979276926,1.0003917964142222,-0.020914638608903528,0,0,1,UNSTABLE,3.6436912875950755e-16,8.8921807814759279e-17,1
B3_D2_Original,B3,2,Original,full-grid,199,2,64,96,1.0006673368236958,1.0004501475497094,-0.020847571887215331,0,0,1,UNSTABLE,2.858281771744325e-16,8.8921807829948968e-17,1
B3_D2_Original,B3,2,Original,full-grid,200,2,65,97,1.000722854493356,1.0005070868590065,-0.020779813527440592,0,0,1,UNSTABLE,2.4772160906655511e-16,8.8921807814759266e-17,1
B3_D2_Original,B3,2,Original,full-grid,201,2,66,98,1.000776950501862,1.0005626127907519,-0.02071141089231877,0,0,1,UNSTABLE,2.765063002833088e-16,8.8921807814757504e-17,1
B3_D2_Original,B3,2,Original,full-grid,202,3,0,33,0.99543834117461494,0.99518775211235999,-0.022334482891194506,1,0,-1,STABLE,2.3377381837249431e-16,9.6280366670588406e-17,1
B3_D2_Original,B3,2,Original,full-grid,203,3,1,34,0.99551998601899538,0.99526884290329676,-0.022360073997943933,1,0,-1,STABLE,4.8429505946628245e-16,8.892180781475637e-17,1
B3_D2_Original,B3,2,Original,full-grid,204,3,2,35,0.99560231014434208,0.99535064284294283,-0.022384319442211493,1,0,-1,STABLE,1.9310307358500731e-16,8.892180781475812e-17,1
B3_D2_Original,B3,2,Original,full-grid,205,3,3,36,0.99568528985837468,0.9954331287238537,-0.0224072015074516,1,0,-1,STABLE,4.4394712626983795e-16,8.8921807829948943e-17,1
B3_D2_Original,B3,2,Original,full-grid,206,3,4,37,0.99576890118111394,0.99551627704269108,-0.022428702648680809,1,0,-1,STABLE,4.2303276043133819e-16,8.8921807814759266e-17,1
B3_D2_Original,B3,2,Original,full-grid,207,3,5,38,0.99585311981516911,0.99560006397069811,-0.022448805472611542,1,0,-1,STABLE,3.7813189700178079e-16,8.8921807814757504e-17,1
B3_D2_Original,B3,2,Original,full-grid,208,3,6,39,0.99593792111218316,0.99568446532025856,-0.022467492720997736,1,0,-1,STABLE,4.4473160046411304e-16,8.8921807814759266e-17,1
B3_D2_Original,B3,2,Original,full-grid,209,3,7,40,0.99602328003570817,0.99576945650778947,-0.022484747258357491,1,0,-1,STABLE,3.6755202986337689e-16,8.892180782994898e-17,1
B3_D2_Original,B3,2,Original,full-grid,210,3,8,41,0.99610917112082964,0.99585501251328923,-0.022500552063954446,1,0,-1,STABLE,3.6439163055111005e-16,8.8921807814759279e-17,1
B3_D2_Original,B3,2,Original,full-grid,211,3,9,42,0.99619556843100798,0.99594110783699108,-0.022514890228598837,1,0,-1,STABLE,5.135313657637091e-16,8.8921807814757504e-17,1
B3_D2_Original,B3,2,Original,full-grid,212,3,10,43,0.99628244551237333,0.99602771645334953,-0.022527744956848717,1,0,-1,STABLE,2.8122841887140177e-16,8.8921807814759266e-17,1
B3_D2_Original,B3,2,Original,full-grid,213,3,11,44,0.99636977534627713,0.9961148117631512,-0.022539099575020666,1,0,-1,STABLE,2.6261344955295224e-16,8.8921807829948943e-17,1
B3_D2_Original,B3,2,Original,full-grid,214,3,12,45,0.99645753030022588,0.99620236654387606,-0.022548937544955069,1,0,-1,STABLE,2.7873167689033944e-16,8.8921807814759266e-17,1
B3_D2_Original,B3,2,Original,full-grid,215,3,13,46,0.99654568207805516,0.99629035289915513,-0.022557242484249906,1,0,-1,STABLE,3.4428404514180904e-16,8.8921807814757504e-17,1
B3_D2_Original,B3,2,Original,full-grid,216,3,14,47,0.99663420166985728,0.9963787422078243,-0.02256399819331481,1,0,-1,STABLE,2.3799127089495901e-16,8.8921807814759266e-17,1
B3_D2_Original,B3,2,Original,full-grid,217,3,15,48,0.9967230593022578,0.99646750507318294,-0.022569188688974871,1,0,-1,STABLE,3.5337459126107607e-16,8.8921807829948968e-17,1
B3_D2_Original,B3,2,Original,full-grid,218,3,16,49,0.9968122243898645,0.99655661127325978,-0.022572798245375704,1,0,-1,STABLE,3.417060151134174e-16,8.8921807814759266e-17,1
B3_D2_Original,B3,2,Original,full-grid,219,3,17,50,0.99690166548849601,0.99664602971270366,-0.022574811442000908,1,0,-1,STABLE,1.7941018479700724e-16,8.8921807814757504e-17,1
B3_D2_Original,B3,2,Original,full-grid,220,3,18,51,0.99699135025109176,0.99673572837719315,-0.022575213218952617,1,0,-1,STABLE,4.6026782032399975e-16,8.8921807814759266e-17,1
B3_D2_Original,B3,2,Original,full-grid,221,3,19,52,0.99708124538698573,0.99682567429106106,-0.022573988939344029,1,0,-1,STABLE,3.5810649337708445e-16,8.8921807829948943e-17,1
B3_D2_Original,B3,2,Original,full-grid,222,3,20,53,0.99717131662549707,0.99691583347907753,-0.022571124458989886,1,0,-1,STABLE,2.3300475614426539e-16,8.8921807814759266e-17,1
B3_D2_Original,B3,2,Original,full-grid,223,3,21,54,0.99726152868463402,0.9970061709332052,-0.022566606203007374,1,0,-1,STABLE,2.8522871132557656e-16,8.8921807814757504e-17,1
B3_D2_Original,B3,2,Original,full-grid,224,3,22,55,0.99735184524576781,0.99709665058519159,-0.022560421248956533,1,0,-1,STABLE,3.8326509901429671e-16,8.8921807814759266e-17,1
B3_D2_Original,B3,2,Original,full-grid,225,3,23,56,0.99744222893519552,0.99718723528592523,-0.022552557416480431,1,0,-1,STABLE,4.2336430761373718e-16,8.892180782994898e-17,1
B3_D2_Original,B3,2,Original,full-grid,226,3,24,57,0.99753264131340347,0.99727788679239115,-0.022543003362419833,1,0,-1,STABLE,2.99435029466654e-16,8.8921807814759279e-17,1
B3_D2_Original,B3,2,Original,full-grid,227,3,25,58,0.99762304287290682,0.99736856576310484,-0.022531748681469618,1,0,-1,STABLE,3.2541957331826481e-16,8.8921807814757504e-17,1
B3_D2_Original,B3,2,Original,full-grid,228,3,26,59,0.99771339304540063,0.99745923176279949,-0.02251878401095353,1,0,-1,STABLE,4.0854284414767076e-16,8.8921807814759266e-17,1
B3_D2_Original,B3,2,Original,full-grid,229,3,27,60,0.99780365021905382,0.99754984327720631,-0.022504101139327347,1,0,-1,STABLE,2.3361295080066682e-16,8.8921807829948943e-17,1
B3_D2_Original,B3,2,Original,full-grid,230,3,28,61,0.99789377176647287,0.99764035773848558,-0.022487693117434298,1,0,-1,STABLE,3.1142757551666086e-16,8.8921807814759266e-17,1
B3_D2_Original,B3,2,Original,full-grid,231,3,29,62,0.99798371408404773,0.99773073156205849,-0.022469554370967957,1,0,-1,STABLE,3.3447694980448213e-16,8.8921807814757504e-17,1
B3_D2_Original,B3,2,Original,full-grid,232,3,30,63,0.99807343264306791,0.9978209201952426,-0.022449680813673403,1,0,-1,STABLE,2.0095827664251555e-16,8.8921807814759266e-17,1
B3_D2_Original,B3,2,Original,full-grid,233,3,31,64,0.99816288205289083,0.99791087817802215,-0.022428069959352325,1,0,-1,STABLE,1.835444259292768e-16,8.8921807829948968e-17,1
B3_D2_Original,B3,2,Original,full-grid,234,3,32,65,0.9982520161364743,0.99800055921628905,-0.022404721031738954,1,0,-1,STABLE,3.3237876253634096e-16,8.8921807814759266e-17,1
B3_D2_Original,B3,2,Original,full-grid,235,3,33,66,0.99834078801817283,0.99808991626749444,-0.022379635070583905,1,0,-1,STABLE,4.4289041401439271e-16,8.8921807814757504e-17,1
B3_D2_Original,B3,2,Original,full-grid,236,3,34,67,0.99842915022368073,0.99817890163862821,-0.022352815032630154,1,0,-1,STABLE,2.7459926070928284e-16,8.8921807814759266e-17,1
B3_D2_Original,B3,2,Original,full-grid,237,3,35,68,0.99851705479182706,0.99826746709627079,-0.022324265885816826,1,0,-1,STABLE,3.2084456622109655e-16,8.8921807829948943e-17,1
B3_D2_Original,B3,2,Original,full-grid,238,3,36,69,0.99860445339757242,0.99835556398809522,-0.022293994695365006,1,0,-1,STABLE,2.9446817449470616e-16,8.8921807814759266e-17,1
B3_D2_Original,B3,2,Original,full-grid,239,3,37,70,0.99869129748561103,0.99844314337526141,-0.02226201070030483,1,0,-1,STABLE,2.8607783808412793e-16,8.8921807814757504e-17,1
B3_D2_Original,B3,2,Original,full-grid,240,3,38,71,0.99877753841346706,0.99853015617462404,-0.022228325378796977,1,0,-1,STABLE,3.2722524563137115e-16,8.8921807814759266e-17,1
B3_D2_Original,B3,2,Original,full-grid,241,3,39,72,0.99886312760312534,0.99861655330981081,-0.02219295250143927,1,0,-1,STABLE,3.2412388551923468e-16,8.892180782994898e-17,1
B3_D2_Original,B3,2,Original,full-grid,242,3,40,73,0.99894801669977418,0.99870228586978571,-0.022155908170890717,1,0,-1,STABLE,2.7417597558435984e-16,8.8921807814759279e-17,1
B3_D2_Original,B3,2,Original,full-grid,243,3,41,74,0.99903215773622922,0.99878730527347703,-0.022117210847039208,1,0,-1,STABLE,1.232307235654204e-16,8.8921807814757504e-17,1
B3_D2_Original,B3,2,Original,full-grid,244,3,42,75,0.99911550330143306,0.99887156343887518,-0.022076881357049247,1,0,-1,STABLE,4.0500810548428013e-16,8.8921807814759266e-17,1
B3_D2_Original,B3,2,Original,full-grid,245,3,43,76,0.99919800671125103,0.99895501295484324,-0.022034942889105229,1,0,-1,STABLE,3.3411339086788155e-16,8.8921807829948943e-17,1
B3_D2_Original,B3,2,Original,full-grid,246,3,44,77,0.99927962217982602,0.99903760725388346,-0.021991420970254548,1,0,-1,STABLE,4.4779204176645999e-16,8.8921807814759266e-17,1
B3_D2_Original,B3,2,Original,full-grid,247,3,45,78,0.99936030498957151,0.99911930078395161,-0.021946343427478403,1,0,-1,STABLE,3.0746863867463365e-16,8.8921807814757504e-17,1
B3_D2_Original,B3,2,Original,full-grid,248,3,46,79,0.99944001165793928,0.99920004917743788,-0.021899740332423548,1,0,-1,STABLE,2.1415534758080402e-16,8.8921807814759266e-17,1
B3_D2_Original,B3,2,Original,full-grid,249,3,47,80,0.9995187000991157,0.99927980941545114,-0.021851643930046342,1,0,-1,STABLE,2.2118592187393609e-16,8.8921807829948968e-17,1
B3_D2_Original,B3,2,Original,full-grid,250,3,48,81,0.99959632977883617,0.99935853998557334,-0.021802088551855024,1,0,-1,STABLE,2.5152661441786407e-16,8.8921807814759266e-17,1
B3_D2_Original,B3,2,Original,full-grid,251,3,49,82,0.99967286186065918,0.99943620103139619,-0.02175111051443579,1,0,-1,STABLE,3.8368469267377728e-16,8.8921807814757504e-17,1
B3_D2_Original,B3,2,Original,full-grid,252,3,50,83,0.99974825934205636,0.99951275449216781,-0.021698748004235709,1,0,-1,STABLE,3.6002445804275565e-16,8.8921807814759266e-17,1
B3_D2_Original,B3,2,Original,full-grid,253,3,51,84,0.9998224871790159,0.99958816423119701,-0.021645040950263868,1,0,-1,STABLE,3.4577246681457956e-16,8.8921807829948943e-17,1
B3_D2_Original,B3,2,Original,full-grid,254,3,52,85,0.99989551239784591,0.99966239615168129,-0.021590030885336141,1,0,-1,STABLE,3.8917782219903856e-16,8.8921807814759266e-17,1
B3_D2_Original,B3,2,Original,full-grid,255,3,53,86,0.99996730419321711,0.99973541829892509,-0.021533760798412033,1,0,-1,STABLE,3.7545052320055776e-16,8.8921807814757504e-17,1
B3_D2_Original,B3,2,Original,full-grid,256,3,54,87,1.0000378340116294,0.99980720094812026,-0.021476274978595146,0,0,1,UNSTABLE,3.0146689643636983e-16,8.8921807814759266e-17,1
B3_D2_Original,B3,2,Original,full-grid,257,3,55,88,1.0001070756197405,0.99987771667705272,-0.02141761885347775,0,0,1,UNSTABLE,2.0046441836208874e-16,8.892180782994898e-17,1
B3_D2_Original,B3,2,Original,full-grid,258,3,56,89,1.0001750051572806,0.9999469404234298,-0.021357838822974345,0,0,1,UNSTABLE,4.4240282184543254e-16,8.8921807814759279e-17,1
B3_D2_Original,B3,2,Original,full-grid,259,3,57,90,1.0002416011743589,1.0000148495265848,-0.021296982090598358,0,0,1,UNSTABLE,6.1006991422702043e-16,8.8921807814757504e-17,1
B3_D2_Original,B3,2,Original,full-grid,260,3,58,91,1.0003068446534018,1.0000814237537567,-0.021235096493859851,0,0,1,UNSTABLE,3.7827087082487346e-16,8.8921807814759266e-17,1
B3_D2_Original,B3,2,Original,full-grid,261,3,59,92,1.0003707190159059,1.0001466453110837,-0.021172230335652891,0,0,1,UNSTABLE,4.1414514664925298e-16,8.8921807829948943e-17,1
B3_D2_Original,B3,2,Original,full-grid,262,3,60,93,1.0004332101147477,1.0002104988400213,-0.021108432217829265,0,0,1,UNSTABLE,5.7452734539917868e-16,8.8921807814759266e-17,1
B3_D2_Original,B3,2,Original,full-grid,263,3,61,94,1.0004943062124758,1.0002729713995766,-0.021043750878708748,0,0,1,UNSTABLE,3.2257858936221717e-16,8.8921807814757504e-17,1
B3_D2_Original,B3,2,Original,full-grid,264,3,62,95,1.0005539979466918,1.0003340524354325,-0.020978235035720622,0,0,1,UNSTABLE,4.4759844520719313e-16,8.8921807814759266e-17,1
B3_D2_Original,B3,2,Original,full-grid,265,3,63,96,1.0006122782832949,1.0003937337367106,-0.020911933234629611,0,0,1,UNSTABLE,3.2629453586386363e-16,8.8921807829948968e-17,1
B3_D2_Original,B3,2,Original,full-grid,266,3,64,97,1.0006691424586891,1.0004520093814668,-0.020844893705508263,0,0,1,UNSTABLE,4.6485725352211596e-16,8.8921807814759266e-17,1
B3_D2_Original,B3,2,Original,full-grid,267,3,65,98,1.0007245879121718,1.0005088756720957,-0.020777164227702916,0,0,1,UNSTABLE,3.0940563604599375e-16,8.8921807814757504e-17,1
B3_D2_Original,B3,2,Original,full-grid,268,3,66,99,1.0007786142095463,1.0005643310617005,-0.020708792003192564,0,0,1,UNSTABLE,2.8003819503654274e-16,8.8921807814759266e-17,1
B3_D2_Original,B3,2,Original,full-grid,269,4,0,34,0.99544376307713922,0.99519313547024724,-0.022336261148048483,1,0,-1,STABLE,3.0132507681882226e-16,9.6280366670625766e-17,1
B3_D2_Original,B3,2,Original,full-grid,270,4,1,35,0.99552545819080362,0.99527427885308861,-0.022361747683798665,1,0,-1,STABLE,2.238222103277584e-16,8.892180781475812e-17,1
B3_D2_Original,B3,2,Original,full-grid,271,4,2,36,0.99560782894285171,0.99535612780512994,-0.022385886023926195,1,0,-1,STABLE,2.6178720304937952e-16,8.8921807829948943e-17,1
B3_D2_Original,B3,2,Original,full-grid,272,4,3,37,0.99569085150881242,0.9954386589832277,-0.022408658594774936,1,0,-1,STABLE,2.4803211567610007e-16,8.8921807814759266e-17,1
B3_D2_Original,B3,2,Original,full-grid,273,4,4,38,0.99577450178259497,0.99552184875421856,-0.022430048001687106,1,0,-1,STABLE,2.5130108853889344e-16,8.8921807814757504e-17,1
B3_D2_Original,B3,2,Original,full-grid,274,4,5,39,0.99585875534716839,0.99560567316578186,-0.022450037009355675,1,0,-1,STABLE,3.1330395775126537e-16,8.8921807814759254e-17,1
B3_D2_Original,B3,2,Original,full-grid,275,4,6,40,0.99594358744142497,0.99569010791342727,-0.022468608524846948,1,0,-1,STABLE,3.8158532878831099e-16,8.892180782994898e-17,1
B3_D2_Original,B3,2,Original,full-grid,276,4,7,41,0.99602897292345172,0.99577512830379167,-0.022485745585004963,1,0,-1,STABLE,2.5231582954286979e-16,8.8921807814759266e-17,1
B3_D2_Original,B3,2,Original,full-grid,277,4,8,42,0.99611488623058886,0.99586070921462599,-0.022501431348272562,1,0,-1,STABLE,3.1613057188886006e-16,8.8921807814757504e-17,1
B3_D2_Original,B3,2,Original,full-grid,278,4,9,43,0.99620130133665352,0.99594682505183929,-0.022515649091307981,1,0,-1,STABLE,4.2100963442587904e-16,8.8921807814759254e-17,1
B3_D2_Original,B3,2,Original,full-grid,279,4,10,44,0.99628819170675376,0.99603344970401109,-0.022528382210899332,1,0,-1,STABLE,3.4100975040774178e-16,8.8921807829948943e-17,1
B3_D2_Original,B3,2,Original,full-grid,280,4,11,45,0.9963755302501589,0.99612055649483455,-0.0225396142315329,1,0,-1,STABLE,2.966059419064149e-16,8.8921807814759266e-17,1
B3_D2_Original,B3,2,Original,full-grid,281,4,12,46,0.99646328927177696,0.99620811813402699,-0.02254932881905081,1,0,-1,STABLE,2.9206017349248245e-16,8.8921807814757504e-17,1
B3_D2_Original,B3,2,Original,full-grid,282,4,13,47,0.99655144042273969,0.99629610666721069,-0.02255750980040256,1,0,-1,STABLE,3.7291175243399311e-16,8.8921807814759279e-17,1
B3_D2_Original,B3,2,Original,full-grid,283,4,14,48,0.99663995465077848,0.99638449342543001,-0.022564141190275864,1,0,-1,STABLE,3.4631235523207802e-16,8.8921807829948968e-17,1
B3_D2_Original,B3,2,Original,full-grid,284,4,15,49,0.99672880215096082,0.99647324897487999,-0.02256920722436025,1,0,-1,STABLE,5.4758770807854912e-16,8.8921807814759279e-17,1
B3_D2_Original,B3,2,Original,full-grid,285,4,16,50,0.99681795231761505,0.99656234306766489,-0.022572692399639004,1,0,-1,STABLE,3.0179266157105434e-16,8.8921807814757504e-17,1
B3_D2_Original,B3,2,Original,full-grid,286,4,17,51,0.99690737369795601,0.99665174459409811,-0.022574581522075206,1,0,-1,STABLE,2.8142719763394003e-16,8.8921807814759266e-17,1
B3_D2_Original,B3,2,Original,full-grid,287,4,18,52,0.99699703394846151,0.99674142153760203,-0.022574859761027608,1,0,-1,STABLE,2.8325982224150894e-16,8.8921807829948943e-17,1
B3_D2_Original,B3,2,Original,full-grid,288,4,19,53,0.99708689979453136,0.99683134093273007,-0.022573512711257133,1,0,-1,STABLE,3.1107682606332913e-16,8.8921807814759266e-17,1
B3_D2_Original,B3,2,Original,full-grid,289,4,20,54,0.99717693699448395,0.99692146882737998,-0.022570526461742627,1,0,-1,STABLE,1.9718736852929041e-16,8.8921807814757504e-17,1
B3_D2_Original,B3,2,Original,full-grid,290,4,21,55,0.99726711030859927,0.99701177024990861,-0.022565887671602197,1,0,-1,STABLE,3.9079263433577089e-16,8.8921807814759254e-17,1
B3_D2_Original,B3,2,Original,full-grid,291,4,22,56,0.99735738347408809,0.99710220918204218,-0.022559583652414179,1,0,-1,STABLE,2.8133482634717203e-16,8.892180782994898e-17,1
B3_D2_Original,B3,2,Original,full-grid,292,4,23,57,0.99744771918694375,0.99719274853854745,-0.022551602456893891,1,0,-1,STABLE,3.7887541942544208e-16,8.8921807814759266e-17,1
B3_D2_Original,B3,2,Original,full-grid,293,4,24,58,0.99753807909136938,0.99728335015437419,-0.022541932973176377,1,0,-1,STABLE,5.1176425271559468e-16,8.8921807814757504e-17,1
B3_D2_Original,B3,2,Original,full-grid,294,4,25,59,0.99762842377776895,0.99737397478026946,-0.022530565024479254,1,0,-1,STABLE,3.5206897849337606e-16,8.8921807814759254e-17,1
B3_D2_Original,B3,2,Original,full-grid,295,4,26,60,0.99771871278994273,0.99746458208753874,-0.022517489472669891,1,0,-1,STABLE,2.5865282112858066e-16,8.8921807829948943e-17,1
B3_D2_Original,B3,2,Original,full-grid,296,4,27,61,0.99780890464230765,0.99755513068277746,-0.022502698325941831,1,0,-1,STABLE,3.467474548331771e-16,8.8921807814759266e-17,1
B3_D2_Original,B3,2,Original,full-grid,297,4,28,62,0.99789895684777508,0.99764557813325128,-0.022486184848669571,1,0,-1,STABLE,3.0476289784957899e-16,8.8921807814757504e-17,1
B3_D2_Original,B3,2,Original,full-grid,298,4,29,63,0.99798882595684035,0.99773588100349553,-0.022467943672962107,1,0,-1,STABLE,4.7759510793978207e-16,8.8921807814759279e-17,1
B3_D2_Original,B3,2,Original,full-grid,299,4,30,64,0.99807846760831198,0.99782599490359791,-0.022447970910555524,1,0,-1,STABLE,3.5173995637355705e-16,8.8921807829948968e-17,1
B3_D2_Original,B3,2,Original,full-grid,300,4,31,65,0.99816783659203889,0.99791587454955577,-0.022426264263727159,1,0,-1,STABLE,4.638120575241468e-16,8.8921807814759279e-17,1
B3_D2_Original,B3,2,Original,full-grid,301,4,32,66,0.99825688692385128,0.99800547383595317,-0.022402823134000875,1,0,-1,STABLE,3.7046050490248774e-16,8.8921807814757504e-17,1
B3_D2_Original,B3,2,Original,full-grid,302,4,33,67,0.99834557193261997,0.99809474592090552,-0.022377648727089715,1,0,-1,STABLE,5.064453137563122e-16,8.8921807814759266e-17,1
B3_D2_Original,B3,2,Original,full-grid,303,4,34,68,0.99843384435936067,0.9981836433232254,-0.022350744152804029,1,0,-1,STABLE,4.1678129152623089e-16,8.8921807829948943e-17,1
B3_D2_Original,B3,2,Original,full-grid,304,4,35,69,0.99852165646808511,0.99827211803155369,-0.022322114518211502,1,0,-1,STABLE,6.5254992082044052e-16,8.8921807814759266e-17,1
B3_D2_Original,B3,2,Original,full-grid,305,4,36,70,0.99860896016771861,0.99836012162480525,-0.0222917670128727,1,0,-1,STABLE,2.8612399450624271e-16,8.8921807814757504e-17,1
B3_D2_Original,B3,2,Original,full-grid,306,4,37,71,0.99869570714446387,0.99844760540334465,-0.02225971098436573,1,0,-1,STABLE,2.8374770219196258e-16,8.8921807814759254e-17,1
B3_D2_Original,B3,2,Original,full-grid,307,4,38,72,0.99878184900367861,0.99853452052998848,-0.022225958003051754,1,0,-1,STABLE,3.6689809185044824e-16,8.892180782994898e-17,1
B3_D2_Original,B3,2,Original,full-grid,308,4,39,73,0.99886733742008849,0.99862081817968051,-0.022190521914599328,1,0,-1,STABLE,2.001456571872166e-16,8.8921807814759266e-17,1
B3_D2_Original,B3,2,Original,full-grid,309,4,40,74,0.9989521242950955,0.99870644969662936,-0.022153418879211479,1,0,-1,STABLE,4.0328886616107131e-16,8.8921807814757504e-17,1
B3_D2_Original,B3,2,Original,full-grid,310,4,41,75,0.99903616191969202,0.99879136675742886,-0.022114667396469771,1,0,-1,STABLE,3.4660301884341459e-16,8.8921807814759254e-17,1
B3_D2_Original,B3,2,Original,full-grid,311,4,42,76,0.99911940314143011,0.99887552153862913,-0.022074288315124264,1,0,-1,STABLE,4.780035287144585e-16,8.8921807829948943e-17,1
B3_D2_Original,B3,2,Original,full-grid,312,4,43,77,0.99920180153367466,0.99895886688699642,-0.022032304826982426,1,0,-1,STABLE,4.1137019916263088e-16,8.8921807814759266e-17,1
B3_D2_Original,B3,2,Original,full-grid,313,4,44,78,0.99928331156539407,0.99904135649070969,-0.021988742444791688,1,0,-1,STABLE,2.899815770043575e-16,8.8921807814757504e-17,1
B3_D2_Original,B3,2,Original,full-grid,314,4,45,79,0.99936388876961957,0.99912294504962984,-0.02194362896357158,1,0,-1,STABLE,2.3600158077084244e-16,8.8921807814759279e-17,1
B3_D2_Original,B3,2,Original,full-grid,315,4,46,80,0.99944348990874476,0.99920358844279433,-0.021896994405945069,1,0,-1,STABLE,2.1170617487819876e-16,8.8921807829948968e-17,1
B3_D2_Original,B3,2,Original,full-grid,316,4,47,81,0.9995220731348371,0.99928324389129575,-0.021848870951418829,1,0,-1,STABLE,2.7797964300708797e-16,8.8921807814759279e-17,1
B3_D2_Original,B3,2,Original,full-grid,317,4,48,82,0.99959959814307309,0.99936187011463318,-0.021799292850373703,1,0,-1,STABLE,3.4182980107078802e-16,8.8921807814757504e-17,1
B3_D2_Original,B3,2,Original,full-grid,318,4,49,83,0.99967602631683572,0.9994394274790479,-0.021748296323435216,1,0,-1,STABLE,2.9976961823884383e-16,8.8921807814759266e-17,1
B3_D2_Original,B3,2,Original,full-grid,319,4,50,84,0.9997513208626857,0.99951587813601717,-0.021695919447475318,1,0,-1,STABLE,2.5739987936860448e-16,8.8921807829948943e-17,1
B3_D2_Original,B3,2,Original,full-grid,320,4,51,85,0.999825446933994,0.99959118614966069,-0.021642202029260024,1,0,-1,STABLE,4.2133262837879524e-16,8.8921807814759266e-17,1
B3_D2_Original,B3,2,Original,full-grid,321,4,52,86,0.9998983717419091,0.99966531761169386,-0.021587185468060335,1,0,-1,STABLE,3.0746219256631921e-16,8.8921807814757504e-17,1
B3_D2_Original,B3,2,Original,full-grid,322,4,53,87,0.99997006465271643,0.99973824074293416,-0.021530912609109956,1,0,-1,STABLE,5.4191976049541804e-16,8.8921807814759254e-17,1
B3_D2_Original,B3,2,Original,full-grid,323,4,54,88,1.0000404972707853,0.99980992598051888,-0.021473427589208532,0,0,1,UNSTABLE,4.8492547117890322e-16,8.892180782994898e-17,1
B3_D2_Original,B3,2,Original,full-grid,324,4,55,89,1.0001096435065129,0.99988034605019616,-0.021414775676259205,0,0,1,UNSTABLE,4.1484099748730059e-16,8.8921807814759266e-17,1
B3_D2_Original,B3,2,Original,full-grid,325,4,56,90,1.0001774796290102,0.99994947602339046,-0.021355003104330837,0,0,1,UNSTABLE,3.0954785152958637e-16,8.8921807814757504e-17,1
B3_D2_Original,B3,2,Original,full-grid,326,4,57,91,1.0002439843033264,1.000017293358785,-0.021294156906605171,0,0,1,UNSTABLE,3.5699598822054374e-16,8.8921807814759254e-17,1
B3_D2_Original,B3,2,Original,full-grid,327,4,58,92,1.0003091386124383,1.0000837779286225,-0.021232284746861344,0,0,1,UNSTABLE,2.67710555175944e-16,8.8921807829948943e-17,1
B3_D2_Original,B3,2,Original,full-grid,328,4,59,93,1.0003729260642384,1.000148912029903,-0.021169434752209886,0,0,1,UNSTABLE,2.5493233559250185e-16,8.8921807814759266e-17,1
B3_D2_Original,B3,2,Original,full-grid,329,4,60,94,1.0004353325840543,1.0002126803809797,-0.021105655347875858,0,0,1,UNSTABLE,4.6271392306620646e-16,8.8921807814757504e-17,1
B3_D2_Original,B3,2,Original,full-grid,330,4,61,95,1.0004963464934959,1.0002750701043226,-0.021040995095908722,0,0,1,UNSTABLE,3.0507480100552902e-16,8.8921807814759279e-17,1
B3_D2_Original,B3,2,Original,full-grid,331,4,62,96,1.0005559584762247,1.0003360706960036,-0.020975502538839556,0,0,1,UNSTABLE,2.1131861109101761e-16,8.8921807829948968e-17,1
B3_D2_Original,B3,2,Original,full-grid,332,4,63,97,1.0006141615318329,1.0003956739830764,-0.02090922604975208,0,0,1,UNSTABLE,3.0510282865288067e-16,8.8921807814759279e-17,1
B3_D2_Original,B3,2,Original,full-grid,333,4,64,98,1.0006709509187506,1.0004538740697437,-0.020842213689475874,0,0,1,UNSTABLE,1.8265627236036504e-16,8.8921807814757504e-17,1
B3_D2_Original,B3,2,Original,full-grid,334,4,65,99,1.0007263240872755,1.0005106672733932,-0.020774513072041482,0,0,1,UNSTABLE,4.7692031534405706e-16,8.8921807814759266e-17,1
B3_D2_Original,B3,2,Original,full-grid,335,4,66,100,1.0007802806039616,1.0005660520517248,-0.020706171238769173,0,0,1,UNSTABLE,2.8961268961509711e-16,8.8921807829948943e-17,1
B3_D2_Original,B3,2,Original,full-grid,336,5,0,35,0.99544919295198797,0.99519852669383324,-0.022338044121802264,1,0,-1,STABLE,2.5307178326496583e-16,9.6280366670588431e-17,1
B3_D2_Original,B3,2,Original,full-grid,337,5,1,36,0.99553093842097307,0.9952797227604453,-0.022363425838513213,1,0,-1,STABLE,5.91598433955416e-16,8.8921807829948943e-17,1
B3_D2_Original,B3,2,Original,full-grid,338,5,2,37,0.99561335587271649,0.9953616208037559,-0.022387456824139763,1,0,-1,STABLE,4.1641687440016756e-16,8.8921807814759279e-17,1
B3_D2_Original,B3,2,Original,full-grid,339,5,3,38,0.9956964213505376,0.99544419734488909,-0.02241011964843238,1,0,-1,STABLE,2.9808656227324657e-16,8.8921807814757528e-17,1
B3_D2_Original,B3,2,Original,full-grid,340,5,4,39,0.99578011062225502,0.99552742862084731,-0.022431397068261923,1,0,-1,STABLE,4.6204122756359598e-16,8.8921807814759266e-17,1
B3_D2_Original,B3,2,Original,full-grid,341,5,5,40,0.99586439915133473,0.9956112905558645,-0.02245127200705737,1,0,-1,STABLE,2.9980233665163826e-16,8.892180782994898e-17,1
B3_D2_Original,B3,2,Original,full-grid,342,5,6,41,0.99594926206407441,0.99569575872871163,-0.022469727537949787,1,0,-1,STABLE,4.4122307008858848e-16,8.8921807814759266e-17,1
B3_D2_Original,B3,2,Original,full-grid,343,5,7,42,0.99603467411335234,0.99578080833648019,-0.022486746870946071,1,0,-1,STABLE,3.2603421526974071e-16,8.8921807814757504e-17,1
B3_D2_Original,B3,2,Original,full-grid,344,5,8,43,0.99612060963905469,0.99586641415494248,-0.022502313344605816,1,0,-1,STABLE,3.8906361064747297e-16,8.8921807814759266e-17,1
B3_D2_Original,B3,2,Original,full-grid,345,5,9,44,0.99620704252574943,0.99595255049605846,-0.022516410422102114,1,0,-1,STABLE,2.9056659180067912e-16,8.8921807829948943e-17,1
B3_D2_Original,B3,2,Original,full-grid,346,5,10,45,0.99629394615789857,0.99603919116289075,-0.022529021693190154,1,0,-1,STABLE,4.1249402650051973e-16,8.8921807814759266e-17,1
B3_D2_Original,B3,2,Original,full-grid,347,5,11,46,0.99638129337321046,0.99612630940254054,-0.022540130881296659,1,0,-1,STABLE,2.775423337724953e-16,8.8921807814757504e-17,1
B3_D2_Original,B3,2,Original,full-grid,348,5,12,47,0.99646905641450811,0.99621387785745952,-0.022549721856883014,1,0,-1,STABLE,2.2737762976314884e-16,8.8921807814759279e-17,1
B3_D2_Original,B3,2,Original,full-grid,349,5,13,48,0.99655720688078542,0.99630186851581337,-0.022557778656842623,1,0,-1,STABLE,3.0938723237983818e-16,8.8921807829948968e-17,1
B3_D2_Original,B3,2,Original,full-grid,350,5,14,49,0.99664571567802984,0.99639025266145809,-0.02256428551069729,1,0,-1,STABLE,3.1145521720728863e-16,8.8921807814759266e-17,1
B3_D2_Original,B3,2,Original,full-grid,351,5,15,50,0.99673455297044089,0.99647900082416019,-0.022569226873506411,1,0,-1,STABLE,3.3169701943501337e-16,8.8921807814757504e-17,1
B3_D2_Original,B3,2,Original,full-grid,352,5,16,51,0.99682368813270716,0.99656808273072883,-0.022572587465595147,1,0,-1,STABLE,2.5789662809459708e-16,8.8921807814759266e-17,1
B3_D2_Original,B3,2,Original,full-grid,353,5,17,52,0.9969917447400285,0.99415175090076091,-0.075198638689259453,1,0,-1,STABLE,3.5885797037845804e-16,8.8921807829948943e-17,1
B3_D2_Original,B3,2,Original,full-grid,354,5,18,53,0.9971414360965376,0.99432812084846711,-0.074850729259115734,1,0,-1,STABLE,2.9424254273910602e-16,8.8921807814759279e-17,1
B3_D2_Original,B3,2,Original,full-grid,355,5,19,54,0.99726618652919508,0.99448011263378921,-0.074492632993934646,1,0,-1,STABLE,4.0657987550990008e-16,8.8921807814757528e-17,1
B3_D2_Original,B3,2,Original,full-grid,356,5,20,55,0.99736602824567255,0.99460760889189515,-0.074126234444322966,1,0,-1,STABLE,2.994174242219144e-16,8.8921807814759266e-17,1
B3_D2_Original,B3,2,Original,full-grid,357,5,21,56,0.99744115241883002,0.99471066152789422,-0.073753321154662307,1,0,-1,STABLE,2.4726331592289828e-16,8.892180782994898e-17,1
B3_D2_Original,B3,2,Original,full-grid,358,5,22,57,0.9974918843794216,0.99478946782654776,-0.07337556885083274,1,0,-1,STABLE,2.8530185397629129e-16,8.8921807814759266e-17,1
B3_D2_Original,B3,2,Original,full-grid,359,5,23,58,0.99751865898671244,0.99484434633983976,-0.072994531180808508,1,0,-1,STABLE,4.0613988746446571e-16,8.8921807814757504e-17,1
B3_D2_Original,B3,2,Original,full-grid,360,5,24,59,0.99754352389405732,0.99728882055054413,-0.022540862181344039,1,0,-1,STABLE,2.8339621976340146e-16,8.8921807814759266e-17,1
B3_D2_Original,B3,2,Original,full-grid,361,5,25,60,0.99763381158613285,0.99737939071291692,-0.022529380839387807,1,0,-1,STABLE,3.0001951537984198e-16,8.8921807829948943e-17,1
B3_D2_Original,B3,2,Original,full-grid,362,5,26,61,0.99772403931606835,0.99746993920814919,-0.022516194289062135,1,0,-1,STABLE,4.0119082563205978e-16,8.8921807814759266e-17,1
B3_D2_Original,B3,2,Original,full-grid,363,5,27,62,0.99781416572516124,0.9975604247643437,-0.02250129475789809,1,0,-1,STABLE,3.189030313179091e-16,8.8921807814757504e-17,1
B3_D2_Original,B3,2,Original,full-grid,364,5,28,63,0.99790414846717934,0.99765080508443149,-0.02248467572352408,1,0,-1,STABLE,4.1108294446061313e-16,8.8921807814759279e-17,1
B3_D2_Original,B3,2,Original,full-grid,365,5,29,64,0.99799394424720111,0.99774103688255156,-0.022466332024089264,1,0,-1,STABLE,2.7114597694633508e-16,8.8921807829948968e-17,1
B3_D2_Original,B3,2,Original,full-grid,366,5,30,65,0.99808350887200326,0.99783107593202391,-0.022446259968866088,1,0,-1,STABLE,3.0054781161226827e-16,8.8921807814759279e-17,1
B3_D2_Original,B3,2,Original,full-grid,367,5,31,66,0.99817279731233766,0.99792087712528188,-0.022424457448179731,1,0,-1,STABLE,2.885826978601471e-16,8.8921807814757504e-17,1
B3_D2_Original,B3,2,Original,full-grid,368,5,32,67,0.99826176377719689,0.99801039454590734,-0.022400924040807915,1,0,-1,STABLE,1.9448839507762157e-16,8.8921807814759266e-17,1
B3_D2_Original,B3,2,Original,full-grid,369,5,33,68,0.99835036180023806,0.99809958155296297,-0.022375661117977261,1,0,-1,STABLE,4.1606016001881963e-16,8.8921807829948943e-17,1
B3_D2_Original,B3,2,Original,full-grid,370,5,34,69,0.9984385443380186,0.99818839087731737,-0.022348671942046792,1,0,-1,STABLE,3.6229461805075401e-16,8.8921807814759279e-17,1
B3_D2_Original,B3,2,Original,full-grid,371,5,35,70,0.99852626387984611,0.99827677472979992,-0.022319961758758028,1,0,-1,STABLE,3.7774138992556496e-16,8.8921807814757528e-17,1
B3_D2_Original,B3,2,Original,full-grid,372,5,36,71,0.99861347256866639,0.99836468492063735,-0.022289537881415387,1,0,-1,STABLE,3.8324861364539435e-16,8.8921807814759266e-17,1
B3_D2_Original,B3,2,Original,full-grid,373,5,37,72,0.9987001223322185,0.99845207298943839,-0.022257409765772066,1,0,-1,STABLE,5.2397449575063832e-16,8.892180782994898e-17,1
B3_D2_Original,B3,2,Original,full-grid,374,5,38,73,0.99878616502363426,0.99853889034493615,-0.022223589073818037,1,0,-1,STABLE,4.4672328443485994e-16,8.8921807814759266e-17,1
B3_D2_Original,B3,2,Original,full-grid,375,5,39,74,0.99887155257028404,0.99862508841330633,-0.022188089725926445,1,0,-1,STABLE,4.7527231414049138e-16,8.8921807814757504e-17,1
B3_D2_Original,B3,2,Original,full-grid,376,5,40,75,0.99895623712963588,0.99871061879386436,-0.022150927939431398,1,0,-1,STABLE,2.0313442992423092e-16,8.8921807814759266e-17,1
B3_D2_Original,B3,2,Original,full-grid,377,5,41,76,0.99904017125068401,0.99879543342070509,-0.022112122253233231,1,0,-1,STABLE,3.2432178266188001e-16,8.8921807829948943e-17,1
B3_D2_Original,B3,2,Original,full-grid,378,5,42,77,0.99912330803938143,0.99887948472873755,-0.022071693537390611,1,0,-1,STABLE,2.9532091047959575e-16,8.8921807814759266e-17,1
B3_D2_Original,B3,2,Original,full-grid,379,5,43,78,0.99920560132633696,0.99896272582238343,-0.02202966498702252,1,0,-1,STABLE,2.6793835151835122e-16,8.8921807814757504e-17,1
B3_D2_Original,B3,2,Original,full-grid,380,5,44,79,0.99928700583508367,0.99904511064524404,-0.021986062100307086,1,0,-1,STABLE,2.5227367216667682e-16,8.8921807814759279e-17,1
B3_D2_Original,B3,2,Original,full-grid,381,5,45,80,0.99936747734898979,0.99912659414880856,-0.021940912640215662,1,0,-1,STABLE,3.0036194971976368e-16,8.8921807829948968e-17,1
B3_D2_Original,B3,2,Original,full-grid,382,5,46,81,0.99944697287514384,0.99920713245851744,-0.021894246580216194,1,0,-1,STABLE,1.8977620327678302e-16,8.8921807814759279e-17,1
B3_D2_Original,B3,2,Original,full-grid,383,5,47,82,0.99952545080317334,0.99928668303512724,-0.021846096034297879,1,0,-1,STABLE,3.281893999661432e-16,8.8921807814757504e-17,1
B3_D2_Original,B3,2,Original,full-grid,384,5,48,83,0.99960287105747314,0.99936520482983404,-0.021796495171632863,1,0,-1,STABLE,2.5728147947645899e-16,8.8921807814759266e-17,1
B3_D2_Original,B3,2,Original,full-grid,385,5,49,84,0.99967919524097804,0.99944265843125457,-0.021745480116932701,1,0,-1,STABLE,3.1685038475023233e-16,8.8921807829948943e-17,1
B3_D2_Original,B3,2,Original,full-grid,386,5,50,85,0.99975438676911854,0.99951900620287515,-0.021693088837534381,1,0,-1,STABLE,1.8674263253588937e-16,8.8921807814759279e-17,1
B3_D2_Original,B3,2,Original,full-grid,387,5,51,86,0.99982841099243791,0.99959421240941371,-0.021639361017990712,1,0,-1,STABLE,2.1531258650511904e-16,8.8921807814757528e-17,1
B3_D2_Original,B3,2,Original,full-grid,388,5,52,87,0.9999012353067448,0.99966824333092053,-0.021584337924191017,1,0,-1,STABLE,3.6645992936358943e-16,8.8921807814759266e-17,1
B3_D2_Original,B3,2,Original,full-grid,389,5,53,88,0.9999728292498079,0.99974106736358781,-0.021528062257889224,1,0,-1,STABLE,3.2022623386859347e-16,8.892180782994898e-17,1
B3_D2_Original,B3,2,Original,full-grid,390,5,54,89,1.0000431645837264,0.99981265510635764,-0.021470578003617097,0,0,1,UNSTABLE,3.4262567484125653e-16,8.8921807814759266e-17,1
B3_D2_Original,B3,2,Original,full-grid,391,5,55,90,1.0001122153625794,0.9998829794328804,-0.021411930269650284,0,0,1,UNSTABLE,5.7715538028960863e-16,8.8921807814757504e-17,1
B3_D2_Original,B3,2,Original,full-grid,392,5,56,91,1.0001799579847892,0.99995201554821844,-0.021352165124648256,0,0,1,UNSTABLE,4.2368438356361506e-16,8.8921807814759266e-17,1
B3_D2_Original,B3,2,Original,full-grid,393,5,57,92,1.0002463712303384,1.0000197410303975,-0.021291329431403491,0,0,1,UNSTABLE,2.5625804039946097e-16,8.8921807829948943e-17,1
B3_D2_Original,B3,2,Original,full-grid,394,5,58,93,1.0003114362827792,1.0000861358566837,-0.021229470680247314,0,0,1,UNSTABLE,4.1249732099782413e-16,8.8921807814759266e-17,1
B3_D2_Original,B3,2,Original,full-grid,395,5,59,94,1.0003751367364093,1.0001511824149421,-0.02116663682266683,0,0,1,UNSTABLE,4.2890997389986997e-16,8.8921807814757504e-17,1
B3_D2_Original,B3,2,Original,full-grid,396,5,60,95,1.0004374585891314,1.0002148655005461,-0.021102876107412512,0,0,1,UNSTABLE,3.3793748632291312e-16,8.8921807814759279e-17,1
B3_D2_Original,B3,2,Original,full-grid,397,5,61,96,1.0004983902216718,1.0002771722994777,-0.021038236920374574,0,0,1,UNSTABLE,2.2462706725658686e-16,8.8921807829948968e-17,1
B3_D2_Original,B3,2,Original,full-grid,398,5,62,97,1.0005579223638645,1.0003380923583083,-0.020972767629332499,0,0,1,UNSTABLE,6.3600016978138381e-16,8.8921807814759279e-17,1
B3_D2_Original,B3,2,Original,full-grid,399,5,63,98,1.0006160480491511,1.0003976175421749,-0.020906516434871947,0,0,1,UNSTABLE,3.9033080553249736e-16,8.8921807814757504e-17,1
B3_D2_Original,B3,2,Original,full-grid,400,5,64,99,1.0006727625581036,1.0004557419815423,-0.020839531228605043,0,0,1,UNSTABLE,2.5564234772313288e-16,8.8921807814759266e-17,1
B3_D2_Original,B3,2,Original,full-grid,401,5,65,100,1.0007280633521793,1.0005124620089483,-0.020771859459293721,0,0,1,UNSTABLE,1.905601940933573e-16,8.8921807829948943e-17,1
B3_D2_Original,B3,2,Original,full-grid,402,5,66,101,1.0007819499988702,1.0005677760868745,-0.02070354800769917,0,0,1,UNSTABLE,3.3180328602613753e-16,8.8921807814759279e-17,1
B3_D2_Original,B3,2,Original,full-grid,403,6,0,36,0.99545463197620732,0.9952039269380748,-0.022339832808713041,1,0,-1,STABLE,4.3805283857057637e-16,9.6280366670626814e-17,1
B3_D2_Original,B3,2,Original,full-grid,404,6,1,37,0.99553642791747954,0.99528517581190012,-0.022365109428979894,1,0,-1,STABLE,2.9885000250430719e-16,8.8921807814759279e-17,1
B3_D2_Original,B3,2,Original,full-grid,405,6,2,38,0.99561889217166211,0.99536712305579389,-0.022389032778570569,1,0,-1,STABLE,2.5961963135503888e-16,8.8921807814757504e-17,1
B3_D2_Original,B3,2,Original,full-grid,406,6,3,39,0.99570200064973591,0.99544974505498929,-0.022411585571831091,1,0,-1,STABLE,2.9958067268414967e-16,8.8921807814759266e-17,1
B3_D2_Original,B3,2,Original,full-grid,407,6,4,40,0.99578572899342654,0.9955330179166344,-0.022432750717825911,1,0,-1,STABLE,3.8139105232285983e-16,8.892180782994898e-17,1
B3_D2_Original,B3,2,Original,full-grid,408,6,5,41,0.99587005254668104,0.9956169174414754,-0.022452511299711854,1,0,-1,STABLE,3.3236191722729206e-16,8.8921807814759254e-17,1
B3_D2_Original,B3,2,Original,full-grid,409,6,6,42,0.99595494632334269,0.99570141909166088,-0.022470850557666927,1,0,-1,STABLE,3.2593324079630293e-16,8.8921807814757504e-17,1
B3_D2_Original,B3,2,Original,full-grid,410,6,7,43,0.99604038497122438,0.99578649795485552,-0.022487751875841823,1,0,-1,STABLE,3.1753566969824317e-16,8.8921807814759254e-17,1
B3_D2_Original,B3,2,Original,full-grid,411,6,8,44,0.99612634273300771,0.99587212870508424,-0.022503198773550077,1,0,-1,STABLE,2.6197010126571981e-16,8.8921807829948943e-17,1
B3_D2_Original,B3,2,Original,full-grid,412,6,9,45,0.99621279340429414,0.99595828556061583,-0.022517174901523319,1,0,-1,STABLE,3.3348834910640856e-16,8.8921807814759266e-17,1
B3_D2_Original,B3,2,Original,full-grid,413,6,10,46,0.99629971028929365,0.99604494223936868,-0.022529664043289627,1,0,-1,STABLE,3.2452856330835221e-16,8.8921807814757504e-17,1
B3_D2_Original,B3,2,Original,full-grid,414,6,11,47,0.99638706615454664,0.99613207191222575,-0.022540650121973236,1,0,-1,STABLE,3.0722462151871886e-16,8.8921807814759279e-17,1
B3_D2_Original,B3,2,Original,full-grid,415,6,12,48,0.9964748331812745,0.99621964715483891,-0.022550117213382202,1,0,-1,STABLE,3.2741658620122392e-16,8.8921807829948968e-17,1
B3_D2_Original,B3,2,Original,full-grid,416,6,13,49,0.99663979054796381,0.99370143761236163,-0.076474342041074186,1,0,-1,STABLE,2.6143701211918091e-16,8.8921807814759266e-17,1
B3_D2_Original,B3,2,Original,full-grid,417,6,14,50,0.99687762464562057,0.99396222237060772,-0.076184637684886494,1,0,-1,STABLE,2.3047941597833712e-16,8.8921807814757504e-17,1
B3_D2_Original,B3,2,Original,full-grid,418,6,15,51,0.99709234804433333,0.99420106673932906,-0.075877463208398693,1,0,-1,STABLE,3.4765154662981873e-16,8.8921807814759266e-17,1
B3_D2_Original,B3,2,Original,full-grid,419,6,16,52,0.99728321837513312,0.99441705833131944,-0.07555482613538711,1,0,-1,STABLE,2.9561376882308195e-16,8.8921807829948943e-17,1
B3_D2_Original,B3,2,Original,full-grid,420,6,17,53,0.99744972288799438,0.99460951714109203,-0.075218735044538798,1,0,-1,STABLE,3.8520279354790707e-16,8.8921807814759266e-17,1
B3_D2_Original,B3,2,Original,full-grid,421,6,18,54,0.99759156307660002,0.99477798269415874,-0.074871168473279084,1,0,-1,STABLE,4.3119040400288123e-16,8.8921807814757504e-17,1
B3_D2_Original,B3,2,Original,full-grid,422,6,19,55,0.99770863551616351,0.99492219698866835,-0.074514047821644433,1,0,-1,STABLE,5.1100743457832512e-16,8.8921807814759266e-17,1
B3_D2_Original,B3,2,Original,full-grid,423,6,20,56,0.99780101004115429,0.99504208433309205,-0.074149214730862487,1,0,-1,STABLE,2.7100911389911133e-16,8.892180782994898e-17,1
B3_D2_Original,B3,2,Original,full-grid,424,6,21,57,0.99786890636044723,0.99513772918106502,-0.073778413112158922,1,0,-1,STABLE,2.6931496694249077e-16,8.8921807814759254e-17,1
B3_D2_Original,B3,2,Original,full-grid,425,6,22,58,0.99791267010555984,0.99520935298456525,-0.073403275739239951,1,0,-1,STABLE,3.4365254475223926e-16,8.8921807814757504e-17,1
B3_D2_Original,B3,2,Original,full-grid,426,6,23,59,0.9979327491575527,0.99525729095269688,-0.073025315108186412,1,0,-1,STABLE,3.7761720770746842e-16,8.8921807814759254e-17,1
B3_D2_Original,B3,2,Original,full-grid,427,6,24,60,0.99792967092123464,0.99528196943660008,-0.072645918119094252,1,0,-1,STABLE,2.3171768987505037e-16,8.8921807829948943e-17,1
B3_D2_Original,B3,2,Original,full-grid,428,6,25,61,0.99790402103333187,0.99528388448386973,-0.072266344041963415,1,0,-1,STABLE,1.7627213713227255e-16,8.8921807814759266e-17,1
B3_D2_Original,B3,2,Original,full-grid,429,6,26,62,0.99785642381847706,0.99526358193345155,-0.071887725188628265,1,0,-1,STABLE,2.5891965245569756e-16,8.8921807814757504e-17,1
B3_D2_Original,B3,2,Original,full-grid,430,6,27,63,0.99781943488584435,0.99756572694292112,-0.022499890327442453,1,0,-1,STABLE,2.858390560731713e-16,8.8921807814759279e-17,1
B3_D2_Original,B3,2,Original,full-grid,431,6,28,64,0.99790934802490994,0.99765603999594277,-0.022483165593723105,1,0,-1,STABLE,4.7370506920050136e-16,8.8921807829948968e-17,1
B3_D2_Original,B3,2,Original,full-grid,432,6,29,65,0.99799907033565294,0.99774620058432206,-0.022464719236555634,1,0,-1,STABLE,2.8390105424324469e-16,8.8921807814759266e-17,1
B3_D2_Original,B3,2,Original,full-grid,433,6,30,66,0.99808855779332739,0.99783616464512892,-0.022444547762504211,1,0,-1,STABLE,3.1883088815589937e-16,8.8921807814757504e-17,1
B3_D2_Original,B3,2,Original,full-grid,434,6,31,67,0.99817776555003146,0.99792588724768883,-0.022422649249506817,1,0,-1,STABLE,2.5062034306868352e-16,8.8921807814759266e-17,1
B3_D2_Original,B3,2,Original,full-grid,435,6,32,68,0.99826664800836595,0.9980153226650369,-0.022399023453295981,1,0,-1,STABLE,2.767148479752801e-16,8.8921807829948943e-17,1
B3_D2_Original,B3,2,Original,full-grid,436,6,33,69,0.99835515890710824,0.99810442445752945,-0.022373671910113236,1,0,-1,STABLE,3.7016063515832751e-16,8.8921807814759266e-17,1
B3_D2_Original,B3,2,Original,full-grid,437,6,34,70,0.99844325141864332,0.99819314556839078,-0.022346598034454646,1,0,-1,STABLE,2.9884238862182914e-16,8.8921807814757504e-17,1
B3_D2_Original,B3,2,Original,full-grid,438,6,35,71,0.99853087825781273,0.99828143843088879,-0.022317807210269026,1,0,-1,STABLE,3.4411513448875561e-16,8.8921807814759266e-17,1
B3_D2_Original,B3,2,Original,full-grid,439,6,36,72,0.9986179918017567,0.99836925508674756,-0.022287306874230143,1,0,-1,STABLE,3.9944679672473639e-16,8.892180782994898e-17,1
B3_D2_Original,B3,2,Original,full-grid,440,6,37,73,0.99870454421987931,0.99845654731496247,-0.022255106589745575,1,0,-1,STABLE,5.1002945460409243e-16,8.8921807814759254e-17,1
B3_D2_Original,B3,2,Original,full-grid,441,6,38,74,0.99879048761315026,0.9985432667702564,-0.022221218110151861,1,0,-1,STABLE,3.7068143209047058e-16,8.8921807814757504e-17,1
B3_D2_Original,B3,2,Original,full-grid,442,6,39,75,0.99887577416160278,0.9986293651300685,-0.022185655429971526,1,0,-1,STABLE,3.7164515467195882e-16,8.8921807814759254e-17,1
B3_D2_Original,B3,2,Original,full-grid,443,6,40,76,0.99896035627873203,0.99871479424879195,-0.022148434823359452,1,0,-1,STABLE,2.9975928546202286e-16,8.8921807829948943e-17,1
B3_D2_Original,B3,2,Original,full-grid,444,6,41,77,0.99904418677147488,0.99879950631797265,-0.022109574868176322,1,0,-1,STABLE,4.0873664459770645e-16,8.8921807814759266e-17,1
B3_D2_Original,B3,2,Original,full-grid,445,6,42,78,0.99912721900407631,0.99888345403077761,-0.022069096455513144,1,0,-1,STABLE,3.1747616864238876e-16,8.8921807814757504e-17,1
B3_D2_Original,B3,2,Original,full-grid,446,6,43,79,0.99920940706426697,0.99896659074916894,-0.02202702278353192,1,0,-1,STABLE,2.8074154074555069e-16,8.8921807814759279e-17,1
B3_D2_Original,B3,2,Original,full-grid,447,6,44,80,0.9992907059299726,0.99904887067200665,-0.021983379335563092,1,0,-1,STABLE,3.7051700399650419e-16,8.8921807829948968e-17,1
B3_D2_Original,B3,2,Original,full-grid,448,6,45,81,0.9993710716347759,0.99913024900228931,-0.021938193842338079,1,0,-1,STABLE,3.5339546828603275e-16,8.8921807814759266e-17,1
B3_D2_Original,B3,2,Original,full-grid,449,6,46,82,0.99945046143024807,0.99921068211165087,-0.02189149622810263,1,0,-1,STABLE,3.1261511880633318e-16,8.8921807814757504e-17,1
B3_D2_Original,B3,2,Original,full-grid,450,6,47,83,0.99952883394344427,0.99929012770038605,-0.021843318541090846,1,0,-1,STABLE,2.2288494532586393e-16,8.8921807814759266e-17,1
B3_D2_Original,B3,2,Original,full-grid,451,6,48,84,0.99960614932777248,0.99936854495118199,-0.021793694869257852,1,0,-1,STABLE,2.2334995458111642e-16,8.8921807829948943e-17,1
B3_D2_Original,B3,2,Original,full-grid,452,6,49,85,0.99968236940558464,0.99944589467489708,-0.021742661241403193,1,0,-1,STABLE,3.2497912574483504e-16,8.8921807814759266e-17,1
B3_D2_Original,B3,2,Original,full-grid,453,6,50,86,0.99975745780101932,0.99952213944686563,-0.021690255515264358,1,0,-1,STABLE,2.7958499208887803e-16,8.8921807814757504e-17,1
B3_D2_Original,B3,2,Original,full-grid,454,6,51,87,0.99983138006167671,0.99959724373228664,-0.021636517253304052,1,0,-1,STABLE,3.0324864742880648e-16,8.8921807814759266e-17,1
B3_D2_Original,B3,2,Original,full-grid,455,6,52,88,0.9999041037679085,0.99967117399942895,-0.021581487587927991,1,0,-1,STABLE,1.9872956937252283e-16,8.892180782994898e-17,1
B3_D2_Original,B3,2,Original,full-grid,456,6,53,89,0.99997559862889152,0.99974389881978221,-0.021525209077518443,1,0,-1,STABLE,2.9769441884109934e-16,8.8921807814759254e-17,1
B3_D2_Original,B3,2,Original,full-grid,457,6,54,90,1.0000458365644236,0.99981538895405819,-0.021467725554503908,0,0,1,UNSTABLE,2.8841237391931938e-16,8.8921807814757504e-17,1
B3_D2_Original,B3,2,Original,full-grid,458,6,55,91,1.0001147917722004,0.99988561742373938,-0.021409081967689762,0,0,1,UNSTABLE,2.8733594843782111e-16,8.8921807814759254e-17,1
B3_D2_Original,B3,2,Original,full-grid,459,6,56,92,1.0001824407799722,0.99995455956754642,-0.021349324220150973,0,0,1,UNSTABLE,3.827353119887667e-16,8.8921807829948943e-17,1
B3_D2_Original,B3,2,Original,full-grid,460,6,57,93,1.000248762482687,1.0000221930828697,-0.021288499004739562,0,0,1,UNSTABLE,2.7973816741348772e-16,8.8921807814759266e-17,1
B3_D2_Original,B3,2,Original,full-grid,461,6,58,94,1.0003137381644955,1.0000884980520235,-0.02122665363816546,0,0,1,UNSTABLE,3.0683039708908608e-16,8.8921807814757504e-17,1
B3_D2_Original,B3,2,Original,full-grid,462,6,59,95,1.0003773515061889,1.0001534569538235,-0.021163835896485173,0,0,1,UNSTABLE,4.8937421074078726e-16,8.8921807814759279e-17,1
B3_D2_Original,B3,2,Original,full-grid,463,6,60,96,1.0004395885783333,1.0002170546607461,-0.021100093852087082,0,0,1,UNSTABLE,2.0649954700204941e-16,8.8921807829948968e-17,1
B3_D2_Original,B3,2,Original,full-grid,464,6,61,97,1.0005004378208506,1.0002792784223655,-0.021035475714736882,0,0,1,UNSTABLE,5.5842454475425995e-16,8.8921807814759266e-17,1
B3_D2_Original,B3,2,Original,full-grid,465,6,62,98,1.0005598900099177,1.0003401178359197,-0.020970029677544553,0,0,1,UNSTABLE,2.8064574463958297e-16,8.8921807814757504e-17,1
B3_D2_Original,B3,2,Original,full-grid,466,6,63,99,1.0006179382129272,1.0003995648047301,-0.020903803768594447,0,0,1,UNSTABLE,3.3770164136729523e-16,8.8921807814759266e-17,1
B3_D2_Original,B3,2,Original,full-grid,467,6,64,100,1.0006745777327486,1.0004576134856773,-0.020836845710369249,0,0,1,UNSTABLE,4.0550219105694156e-16,8.8921807829948943e-17,1
B3_D2_Original,B3,2,Original,full-grid,468,6,65,101,1.0007298060421495,1.0005142602265995,-0.020769202786300928,0,0,1,UNSTABLE,2.4444548676973931e-16,8.8921807814759266e-17,1
B3_D2_Original,B3,2,Original,full-grid,469,6,66,102,1.000783622709702,1.0005695034949027,-0.020700921716657692,0,0,1,UNSTABLE,4.3851896533216824e-16,8.8921807814757504e-17,1
B3_D2_Original,B3,2,Original,full-grid,470,7,0,37,0.99546008133584152,0.99520933736675432,-0.022341628212509672,1,0,-1,STABLE,1.6203797546681972e-16,9.6280366670588431e-17,1
B3_D2_Original,B3,2,Original,full-grid,471,7,1,38,0.99554192789751417,0.99529063920304317,-0.022366799428996619,1,0,-1,STABLE,2.5223561714719289e-16,8.8921807814756394e-17,1
B3_D2_Original,B3,2,Original,full-grid,472,7,2,39,0.99562443908680509,0.9953726357874555,-0.022390614829631509,1,0,-1,STABLE,3.7353431798138333e-16,8.8921807814758132e-17,1
B3_D2_Original,B3,2,Original,full-grid,473,7,3,40,0.99570759068218095,0.99545530336913191,-0.022413057274347597,1,0,-1,STABLE,4.1428139693529387e-16,8.892180782994898e-17,1
B3_D2_Original,B3,2,Original,full-grid,474,7,4,41,0.99579135819912257,0.99553861792518916,-0.022434109825387703,1,0,-1,STABLE,2.6355842982473682e-16,8.8921807814759266e-17,1
B3_D2_Original,B3,2,Original,full-grid,475,7,5,42,0.99587571686204734,0.99562255513284958,-0.022453755726663444,1,0,-1,STABLE,2.8803912168898468e-16,8.8921807814757504e-17,1
B3_D2_Original,B3,2,Original,full-grid,476,7,6,43,0.99596064157233799,0.9957070903376084,-0.022471978386357571,1,0,-1,STABLE,3.0169385525200125e-16,8.8921807814759254e-17,1
B3_D2_Original,B3,2,Original,full-grid,477,7,7,44,0.99604610687285156,0.99579219851779044,-0.022488761363614242,1,0,-1,STABLE,3.3720098087955527e-16,8.8921807829948943e-17,1
B3_D2_Original,B3,2,Original,full-grid,478,7,8,45,0.99613208690921617,0.99587785424579467,-0.02250408835971485,1,0,-1,STABLE,3.3318109483628866e-16,8.8921807814759266e-17,1
B3_D2_Original,B3,2,Original,full-grid,479,7,9,46,0.99621855538832771,0.99596403164643954,-0.022517943213721803,1,0,-1,STABLE,5.3423772649670293e-16,8.8921807814757504e-17,1
B3_D2_Original,B3,2,Original,full-grid,480,7,10,47,0.99632595810571101,0.99332698253252172,-0.077245844989219853,1,0,-1,STABLE,3.9422863491574867e-16,8.8921807814759279e-17,1
B3_D2_Original,B3,2,Original,full-grid,481,7,11,48,0.99661859001335673,0.99363839373311724,-0.077015300166147702,1,0,-1,STABLE,2.9656558845619823e-16,8.8921807829948968e-17,1
B3_D2_Original,B3,2,Original,full-grid,482,7,12,49,0.99689146536747009,0.99393165007743434,-0.076762417216045514,1,0,-1,STABLE,3.4050375109820623e-16,8.8921807814759266e-17,1
B3_D2_Original,B3,2,Original,full-grid,483,7,13,50,0.99714321488164293,0.99420522224443908,-0.076488999512242292,1,0,-1,STABLE,2.2344972259184467e-16,8.8921807814757504e-17,1
B3_D2_Original,B3,2,Original,full-grid,484,7,14,51,0.99737270636637465,0.99445781258642696,-0.076196944757683419,1,0,-1,STABLE,2.9322720411927032e-16,8.8921807814759266e-17,1
B3_D2_Original,B3,2,Original,full-grid,485,7,15,52,0.99757904437865197,0.99468835793901422,-0.075888209650853619,1,0,-1,STABLE,3.3953333488881061e-16,8.8921807829948943e-17,1
B3_D2_Original,B3,2,Original,full-grid,486,7,16,53,0.99776156405718297,0.99489602642119879,-0.07556477566396412,1,0,-1,STABLE,2.0332973864925839e-16,8.8921807814759279e-17,1
B3_D2_Original,B3,2,Original,full-grid,487,7,17,54,0.99791981978246236,0.99508020877109005,-0.075228617073199666,1,0,-1,STABLE,2.4430534090698037e-16,8.8921807814757504e-17,1
B3_D2_Original,B3,2,Original,full-grid,488,7,18,55,0.99805356951572988,0.99524050500169281,-0.07488167217060232,1,0,-1,STABLE,2.5566161301124108e-16,8.8921807814759266e-17,1
B3_D2_Original,B3,2,Original,full-grid,489,7,19,56,0.99816275580272684,0.99537670731944727,-0.074525818328881471,1,0,-1,STABLE,3.0272298244932557e-16,8.892180782994898e-17,1
B3_D2_Original,B3,2,Original,full-grid,490,7,20,57,0.99824748447345013,0.9954887803198651,-0.074162851312759973,1,0,-1,STABLE,3.288986043359029e-16,8.8921807814759279e-17,1
B3_D2_Original,B3,2,Original,full-grid,491,7,21,58,0.9983080020357824,0.99557683946493825,-0.073794468964011345,1,0,-1,STABLE,3.0384404107854319e-16,8.8921807814757504e-17,1
B3_D2_Original,B3,2,Original,full-grid,492,7,22,59,0.99834467266450921,0.99564112876992428,-0.07342225915454649,1,0,-1,STABLE,4.5163522806080304e-16,8.8921807814759254e-17,1
B3_D2_Original,B3,2,Original,full-grid,493,7,23,60,0.99835795554838791,0.99568199850242867,-0.073047691715525997,1,0,-1,STABLE,3.3479697240201706e-16,8.8921807829948943e-17,1
B3_D2_Original,B3,2,Original,full-grid,494,7,24,61,0.99834838319627361,0.99569988354382133,-0.072672113918848397,1,0,-1,STABLE,2.7254098681526278e-16,8.8921807814759266e-17,1
B3_D2_Original,B3,2,Original,full-grid,495,7,25,62,0.9983165411370245,0.99569528290081688,-0.072296749006126648,1,0,-1,STABLE,4.0422667300723842e-16,8.8921807814757504e-17,1
B3_D2_Original,B3,2,Original,full-grid,496,7,26,63,0.99826304929060172,0.99566874069775313,-0.071922697226403029,1,0,-1,STABLE,4.6444336203448509e-16,8.8921807814759279e-17,1
B3_D2_Original,B3,2,Original,full-grid,497,7,27,64,0.99818854514857025,0.99562082883803549,-0.071550938845569831,1,0,-1,STABLE,2.1533330041863341e-16,8.8921807829948968e-17,1
B3_D2_Original,B3,2,Original,full-grid,498,7,28,65,0.99809366878607919,0.99555213140223764,-0.07118233861933311,1,0,-1,STABLE,5.3750915675920487e-16,8.8921807814759266e-17,1
B3_D2_Original,B3,2,Original,full-grid,499,7,29,66,0.99800420560945535,0.99775137350068421,-0.022463105120575352,1,0,-1,STABLE,3.5998723005597482e-16,8.8921807814757504e-17,1
B3_D2_Original,B3,2,Original,full-grid,500,7,30,67,0.99809361573795297,0.99784126241405302,-0.022442834063227609,1,0,-1,STABLE,2.2378687794377602e-16,8.8921807814759266e-17,1
B3_D2_Original,B3,2,Original,full-grid,501,7,31,68,0.99818274264765294,0.99793090626560133,-0.022420839402355789,1,0,-1,STABLE,2.0145825175437897e-16,8.8921807829948943e-17,1
B3_D2_Original,B3,2,Original,full-grid,502,7,32,69,0.9982715409352616,0.99802025951832496,-0.022397121070285124,1,0,-1,STABLE,5.4466745857464401e-16,8.8921807814759279e-17,1
B3_D2_Original,B3,2,Original,full-grid,503,7,33,70,0.99835996454512466,0.99810927593433407,-0.022371680767927532,1,0,-1,STABLE,2.9886425172420895e-16,8.8921807814757504e-17,1
B3_D2_Original,B3,2,Original,full-grid,504,7,34,71,0.99844796686582749,0.9981979086695898,-0.022344522061619847,1,0,-1,STABLE,2.9149360304652222e-16,8.8921807814759266e-17,1
B3_D2_Original,B3,2,Original,full-grid,505,7,35,72,0.99853550083811549,0.99828611038018034,-0.022315650473078225,1,0,-1,STABLE,2.9389826049248401e-16,8.892180782994898e-17,1
B3_D2_Original,B3,2,Original,full-grid,506,7,36,73,0.99862251907358379,0.99837383333959928,-0.022285073562007186,1,0,-1,STABLE,5.7655261507288049e-16,8.8921807814759279e-17,1
B3_D2_Original,B3,2,Original,full-grid,507,7,37,74,0.99870897398353708,0.99846102956647509,-0.022252800999067072,1,0,-1,STABLE,2.8335828868968453e-16,8.8921807814757504e-17,1
B3_D2_Original,B3,2,Original,full-grid,508,7,38,75,0.9987948179169529,0.99854765096170295,-0.022218844628470992,1,0,-1,STABLE,4.3347535319818647e-16,8.8921807814759254e-17,1
B3_D2_Original,B3,2,Original,full-grid,509,7,39,76,0.99888000330666005,0.99863364945412569,-0.022183218518675274,1,0,-1,STABLE,3.0227246482570752e-16,8.8921807829948943e-17,1
B3_D2_Original,B3,2,Original,full-grid,510,7,40,77,0.99896448282228212,0.99871897715332758,-0.022145939000208385,1,0,-1,STABLE,2.3306810606048983e-16,8.8921807814759266e-17,1
B3_D2_Original,B3,2,Original,full-grid,511,7,41,78,0.99904820952873519,0.99880358650835066,-0.022107024689610982,1,0,-1,STABLE,3.7124020258689422e-16,8.8921807814757504e-17,1
B3_D2_Original,B3,2,Original,full-grid,512,7,42,79,0.99913113704856249,0.99888743047063522,-0.022066496498654182,1,0,-1,STABLE,3.0637318099631442e-16,8.8921807814759279e-17,1
B3_D2_Original,B3,2,Original,full-grid,513,7,43,80,0.99921321972660226,0.99897046265967893,-0.022024377628219547,1,0,-1,STABLE,5.7123875633055603e-16,8.8921807829948968e-17,1
B3_D2_Original,B3,2,Original,full-grid,514,7,44,81,0.99929441279516418,0.99905263752959361,-0.021980693546712914,1,0,-1,STABLE,2.8947856277954433e-16,8.8921807814759266e-17,1
B3_D2_Original,B3,2,Original,full-grid,515,7,45,82,0.99937467253794576,0.99913391053479694,-0.021935471952305899,1,0,-1,STABLE,4.3709987587822703e-16,8.8921807814757504e-17,1
B3_D2_Original,B3,2,Original,full-grid,516,7,46,83,0.99945395645096613,0.99921423829308886,-0.021888742719757225,1,0,-1,STABLE,2.9233310147901119e-16,8.8921807814759266e-17,1
B3_D2_Original,B3,2,Original,full-grid,517,7,47,84,0.99953222339861481,0.99929357874420766,-0.021840537831577717,1,0,-1,STABLE,3.0850283254036978e-16,8.8921807829948943e-17,1
B3_D2_Original,B3,2,Original,full-grid,518,7,48,85,0.99960943376324463,0.99937189130226944,-0.021790891294292396,1,0,-1,STABLE,3.2247376487607287e-16,8.8921807814759279e-17,1
B3_D2_Original,B3,2,Original,full-grid,519,7,49,86,0.9996855495865673,0.99944913700031768,-0.021739839040743537,1,0,-1,STABLE,3.3027859790608698e-16,8.8921807814757504e-17,1
B3_D2_Original,B3,2,Original,full-grid,520,7,50,87,0.99976053470136639,0.99952527862547513,-0.021687418818949311,1,0,-1,STABLE,4.708339153021417e-16,8.8921807814759266e-17,1
B3_D2_Original,B3,2,Original,full-grid,521,7,51,88,0.99983435485223704,0.99960028084335928,-0.02163367006927535,1,0,-1,STABLE,2.1392100502453981e-16,8.892180782994898e-17,1
B3_D2_Original,B3,2,Original,full-grid,522,7,52,89,0.99990697780407567,0.99967411031045716,-0.021578633790772912,1,0,-1,STABLE,2.4546462198121455e-16,8.8921807814759279e-17,1
B3_D2_Original,B3,2,Original,full-grid,523,7,53,90,0.99997837343741414,0.99974673577350637,-0.021522352398266584,1,0,-1,STABLE,4.0806999249550797e-16,8.8921807814757504e-17,1
B3_D2_Original,B3,2,Original,full-grid,524,7,54,91,1.0000485138297723,0.99981812815500937,-0.021464869572157666,0,0,1,UNSTABLE,2.161389687448167e-16,8.8921807814759254e-17,1
B3_D2_Original,B3,2,Original,full-grid,525,7,55,92,1.000117373322488,0.99988826062430802,-0.021406230101742446,0,0,1,UNSTABLE,3.8348269008398246e-16,8.8921807829948943e-17,1
B3_D2_Original,B3,2,Original,full-grid,526,7,56,93,1.0001849285726789,0.99995710865381504,-0.021346479724699972,0,0,1,UNSTABLE,2.0072760507432854e-16,8.8921807814759266e-17,1
B3_D2_Original,B3,2,Original,full-grid,527,7,57,94,1.0002511585903016,1.0000246500603334,-0.021285664963730157,0,0,1,UNSTABLE,5.7817188062190485e-16,8.8921807814757504e-17,1
B3_D2_Original,B3,2,Original,full-grid,528,7,58,95,1.0003160447602215,1.0000908650313358,-0.021223832962203551,0,0,1,UNSTABLE,2.6517532029864697e-16,8.8921807814759279e-17,1
B3_D2_Original,B3,2,Original,full-grid,529,7,59,96,1.0003795708498031,1.0001557361366695,-0.021161031320640025,0,0,1,UNSTABLE,4.3156868530291275e-16,8.8921807829948968e-17,1
B3_D2_Original,B3,2,Original,full-grid,530,7,60,97,1.0004417230023674,1.0002192483260053,-0.021097307935055116,0,0,1,UNSTABLE,3.3325864797015194e-16,8.8921807814759266e-17,1
B3_D2_Original,B3,2,Original,full-grid,531,7,61,98,1.0005024897171961,1.000281388912672,-0.021032710839163971,0,0,1,UNSTABLE,5.9702777547184785e-16,8.8921807814757504e-17,1
B3_D2_Original,B3,2,Original,full-grid,532,7,62,99,1.0005618618168894,1.0003421475446563,-0.020967288051270048,0,0,1,UNSTABLE,4.8202872196668477e-16,8.8921807814759266e-17,1
B3_D2_Original,B3,2,Original,full-grid,533,7,63,100,1.0006198324029738,1.000401516163645,-0.020901087427109073,0,0,1,UNSTABLE,2.5138366400398766e-16,8.8921807829948943e-17,1
B3_D2_Original,B3,2,Original,full-grid,534,7,64,101,1.0006763968007224,1.0004594889530445,-0.020834156519764984,0,0,1,UNSTABLE,4.5515319265085942e-16,8.8921807814759279e-17,1
B3_D2_Original,B3,2,Original,full-grid,535,7,65,102,1.0007315524943898,1.0005160622761677,-0.020766542447492937,0,0,1,UNSTABLE,3.7536639528737713e-16,8.8921807814757504e-17,1
B3_D2_Original,B3,2,Original,full-grid,536,7,66,103,1.0007852990537554,1.0005712346054747,-0.020698291769869002,0,0,1,UNSTABLE,3.7292533326593348e-16,8.8921807814759266e-17,1
B3_D2_Original,B3,2,Original,full-grid,537,8,0,38,0.9954655422267602,0.99521475915328073,-0.022343431345586251,1,0,-1,STABLE,4.1043116075158558e-16,9.6280366670625766e-17,1
B3_D2_Original,B3,2,Original,full-grid,538,8,1,39,0.99554743958835057,0.99529611413935781,-0.022368496820634822,1,0,-1,STABLE,2.7487291889028973e-16,8.8921807814758132e-17,1
B3_D2_Original,B3,2,Original,full-grid,539,8,2,40,0.99562999787560846,0.99537816023511971,-0.022392203927537574,1,0,-1,STABLE,4.1365291100971706e-16,8.892180782994898e-17,1
B3_D2_Original,B3,2,Original,full-grid,540,8,3,41,0.99571319273419356,0.99546087355329704,-0.022414535672813731,1,0,-1,STABLE,2.8786030842649741e-16,8.8921807814759266e-17,1
B3_D2_Original,B3,2,Original,full-grid,541,8,4,42,0.99579699955314083,0.99554422994074554,-0.022435475273012356,1,0,-1,STABLE,2.9577605729631253e-16,8.8921807814757504e-17,1
B3_D2_Original,B3,2,Original,full-grid,542,8,5,43,0.99588139343719806,0.99562820495099869,-0.022455006133771025,1,0,-1,STABLE,2.4744616636696501e-16,8.8921807814759266e-17,1
B3_D2_Original,B3,2,Original,full-grid,543,8,6,44,0.99596634917523685,0.99571277381282097,-0.022473111832313659,1,0,-1,STABLE,2.507043887035153e-16,8.8921807829948943e-17,1
B3_D2_Original,B3,2,Original,full-grid,544,8,7,45,0.99605184120517853,0.99579791139518792,-0.022489776103995527,1,0,-1,STABLE,2.4541925141370253e-16,8.8921807814759266e-17,1
B3_D2_Original,B3,2,Original,full-grid,545,8,8,46,0.99624703535790293,0.99321564904658088,-0.077658418400001525,1,0,-1,STABLE,4.2584087092015933e-16,8.8921807814757504e-17,1
B3_D2_Original,B3,2,Original,full-grid,546,8,9,47,0.99656687168243641,0.99355108292147354,-0.077471125979196365,1,0,-1,STABLE,2.9134099383887e-16,8.8921807814759266e-17,1
B3_D2_Original,B3,2,Original,full-grid,547,8,10,48,0.9968698578375349,0.99387149330343105,-0.077259098259265607,1,0,-1,STABLE,3.1976768305653638e-16,8.8921807829948968e-17,1
B3_D2_Original,B3,2,Original,full-grid,548,8,11,49,0.99715428594373712,0.99417503038152244,-0.077023885528212474,1,0,-1,STABLE,2.3476502521252265e-16,8.8921807814759266e-17,1
B3_D2_Original,B3,2,Original,full-grid,549,8,12,50,0.99741866522343503,0.99446005112336788,-0.07676718345625938,1,0,-1,STABLE,2.9997582728423398e-16,8.8921807814757504e-17,1
B3_D2_Original,B3,2,Original,full-grid,550,8,13,51,0.99766173107596334,0.99472513141194607,-0.076490800695080546,1,0,-1,STABLE,2.9122027589521876e-16,8.8921807814759266e-17,1
B3_D2_Original,B3,2,Original,full-grid,551,8,14,52,0.99788244848793139,0.99496907251266364,-0.076196625539185395,1,0,-1,STABLE,2.4283474373545787e-16,8.8921807829948943e-17,1
B3_D2_Original,B3,2,Original,full-grid,552,8,15,53,0.99808000987684564,0.99519090186252857,-0.075886592793533242,1,0,-1,STABLE,3.546184127550563e-16,8.8921807814759279e-17,1
B3_D2_Original,B3,2,Original,full-grid,553,8,16,54,0.99825382773713578,0.99538986845445021,-0.075562651952371218,1,0,-1,STABLE,1.8825514295270922e-16,8.8921807814757504e-17,1
B3_D2_Original,B3,2,Original,full-grid,554,8,17,55,0.99840352269488331,0.99556543334342917,-0.075226737675260336,1,0,-1,STABLE,2.4296028841061222e-16,8.8921807814759266e-17,1
B3_D2_Original,B3,2,Original,full-grid,555,8,18,56,0.99852890775896941,0.99571725600420558,-0.074880743357526633,1,0,-1,STABLE,2.8919239301382232e-16,8.892180782994898e-17,1
B3_D2_Original,B3,2,Original,full-grid,556,8,19,57,0.99862996966530138,0.99584517740221834,-0.074526498364441557,1,0,-1,STABLE,2.3441191725768929e-16,8.8921807814759266e-17,1
B3_D2_Original,B3,2,Original,full-grid,557,8,20,58,0.99870684824558964,0.99594920069769399,-0.074165749253032612,1,0,-1,STABLE,5.7733561359806069e-16,8.8921807814757504e-17,1
B3_D2_Original,B3,2,Original,full-grid,558,8,21,59,0.99875981471805864,0.99602947048930024,-0.073800145070693365,1,0,-1,STABLE,1.5432550443305117e-16,8.8921807814759266e-17,1
B3_D2_Original,B3,2,Original,full-grid,559,8,22,60,0.99878924970917393,0.99608625143232254,-0.073431226614557324,1,0,-1,STABLE,4.0284401904547611e-16,8.8921807829948943e-17,1
B3_D2_Original,B3,2,Original,full-grid,560,8,23,61,0.99879562168935043,0.99611990695255426,-0.073060419370892957,1,0,-1,STABLE,2.8195711481608869e-16,8.8921807814759266e-17,1
B3_D2_Original,B3,2,Original,full-grid,561,8,24,62,0.99877946635963444,0.99613087863866068,-0.072689029737686081,1,0,-1,STABLE,3.0449114362042583e-16,8.8921807814757504e-17,1
B3_D2_Original,B3,2,Original,full-grid,562,8,25,63,0.99874136737633601,0.99611966674920471,-0.072318244061969447,1,0,-1,STABLE,3.7419792108615919e-16,8.8921807814759266e-17,1
B3_D2_Original,B3,2,Original,full-grid,563,8,26,64,0.99868193865801369,0.99608681212774508,-0.071949129994148819,1,0,-1,STABLE,3.9851940234988679e-16,8.8921807829948968e-17,1
B3_D2_Original,B3,2,Original,full-grid,564,8,27,65,0.99860180839305968,0.99603287969058718,-0.071582639663295117,1,0,-1,STABLE,2.7598156262149781e-16,8.8921807814759266e-17,1
B3_D2_Original,B3,2,Original,full-grid,565,8,28,66,0.99850160475972205,0.99595844354081087,-0.071219614204975884,1,0,-1,STABLE,2.8989744827224207e-16,8.8921807814757504e-17,1
B3_D2_Original,B3,2,Original,full-grid,566,8,29,67,0.99838194328627139,0.99586407367269758,-0.070860789214428524,1,0,-1,STABLE,4.0286312702106216e-16,8.8921807814759266e-17,1
B3_D2_Original,B3,2,Original,full-grid,567,8,30,68,0.9982434157146578,0.99575032416058162,-0.070506800748323273,1,0,-1,STABLE,2.8022068599293949e-16,8.8921807829948943e-17,1
B3_D2_Original,B3,2,Original,full-grid,568,8,31,69,0.99818772995544747,0.99793593553561388,-0.022419027638778056,1,0,-1,STABLE,4.0325080030686127e-16,8.8921807814759279e-17,1
B3_D2_Original,B3,2,Original,full-grid,569,8,32,70,0.99827644388324965,0.99802520643827886,-0.022395216587874821,1,0,-1,STABLE,4.406609994439785e-16,8.8921807814757504e-17,1
B3_D2_Original,B3,2,Original,full-grid,570,8,33,71,0.99836478001340234,0.99811413729038667,-0.02236968735312218,1,0,-1,STABLE,3.2123570503932576e-16,8.8921807814759266e-17,1
B3_D2_Original,B3,2,Original,full-grid,571,8,34,72,0.99845269195117736,0.99820268146113467,-0.02234244365223222,1,0,-1,STABLE,4.7816315477846586e-16,8.892180782994898e-17,1
B3_D2_Original,B3,2,Original,full-grid,572,8,35,73,0.99854013286365106,0.9982907918298658,-0.022313491144537161,1,0,-1,STABLE,2.4183062506744683e-16,8.8921807814759266e-17,1
B3_D2_Original,B3,2,Original,full-grid,573,8,36,74,0.99862705559727527,0.99837842090225593,-0.022282837512336465,1,0,-1,STABLE,2.2595437029388678e-16,8.8921807814757504e-17,1
B3_D2_Original,B3,2,Original,full-grid,574,8,37,75,0.99871341280558223,0.99846552093690244,-0.022250492533270112,1,0,-1,STABLE,2.3387863904493617e-16,8.8921807814759266e-17,1
B3_D2_Original,B3,2,Original,full-grid,575,8,38,76,0.99879915708587275,0.99855204408119991,-0.022216468142060727,1,0,-1,STABLE,3.1905243970826167e-16,8.8921807829948943e-17,1
B3_D2_Original,B3,2,Original,full-grid,576,8,39,77,0.99888424112398666,0.99863794251562021,-0.02218077848073996,1,0,-1,STABLE,2.7421893610442843e-16,8.8921807814759266e-17,1
B3_D2_Original,B3,2,Original,full-grid,577,8,40,78,0.99896861784589419,0.99872316860516475,-0.022143439935918378,1,0,-1,STABLE,4.368532393536516e-16,8.8921807814757504e-17,1
B3_D2_Original,B3,2,Original,full-grid,578,8,41,79,0.99905224057463882,0.99880767505653167,-0.022104471162461083,1,0,-1,STABLE,2.4137999427507853e-16,8.8921807814759266e-17,1
B3_D2_Original,B3,2,Original,full-grid,579,8,42,80,0.99913506319121437,0.998891415079594,-0.022063893092521724,1,0,-1,STABLE,1.8737688091833849e-16,8.8921807829948968e-17,1
B3_D2_Original,B3,2,Original,full-grid,580,8,43,81,0.99921704029765956,0.99897434255148387,-0.02202172892952035,1,0,-1,STABLE,4.2333276581227411e-16,8.8921807814759266e-17,1
B3_D2_Original,B3,2,Original,full-grid,581,8,44,82,0.99929812738071344,0.99905641218162256,-0.021978004126499761,1,0,-1,STABLE,3.9126979330727961e-16,8.8921807814757504e-17,1
B3_D2_Original,B3,2,Original,full-grid,582,8,45,83,0.99937828097427617,0.99913757967593764,-0.021932746348979733,1,0,-1,STABLE,3.8549415047471556e-16,8.8921807814759266e-17,1
B3_D2_Original,B3,2,Original,full-grid,583,8,46,84,0.9994574588188152,0.99921780189840037,-0.021885985422022445,1,0,-1,STABLE,5.0964758562445002e-16,8.8921807829948943e-17,1
B3_D2_Original,B3,2,Original,full-grid,584,8,47,85,0.99953562001611773,0.99929703702826345,-0.021837753262141199,1,0,-1,STABLE,2.9636689824302004e-16,8.8921807814759279e-17,1
B3_D2_Original,B3,2,Original,full-grid,585,8,48,86,0.99961272517749999,0.99937524471109263,-0.021788083794406329,1,0,-1,STABLE,3.6350592095154873e-16,8.8921807814757504e-17,1
B3_D2_Original,B3,2,Original,full-grid,586,8,49,87,0.99968873656402601,0.99945238620211541,-0.021737012855407918,1,0,-1,STABLE,3.163356111645233e-16,8.8921807814759266e-17,1
B3_D2_Original,B3,2,Original,full-grid,587,8,50,88,0.99976361821718118,0.99952842450029877,-0.021684578083517831,1,0,-1,STABLE,3.1302158386655057e-16,8.892180782994898e-17,1
B3_D2_Original,B3,2,Original,full-grid,588,8,51,89,0.99983733607857861,0.99960332447170663,-0.021630818796806124,1,0,-1,STABLE,4.0913567781433979e-16,8.8921807814759266e-17,1
B3_D2_Original,B3,2,Original,full-grid,589,8,52,90,0.99990985809769051,0.99967705296107878,-0.021575775860814363,1,0,-1,STABLE,3.228224447760623e-16,8.8921807814757504e-17,1
B3_D2_Original,B3,2,Original,full-grid,590,8,53,91,0.99998115432646617,0.99974957889046068,-0.021519491546922245,1,0,-1,STABLE,3.6408072665290845e-16,8.8921807814759266e-17,1
B3_D2_Original,B3,2,Original,full-grid,591,8,54,92,1.0000511970001957,0.99982087334419834,-0.021462009383304885,0,0,1,UNSTABLE,2.8873032920167444e-16,8.8921807829948943e-17,1
B3_D2_Original,B3,2,Original,full-grid,592,8,55,93,1.0001199606039344,0.99989090963956684,-0.021403373999785435,0,0,1,UNSTABLE,4.2356980019692654e-16,8.8921807814759266e-17,1
B3_D2_Original,B3,2,Original,full-grid,593,8,56,94,1.0001874219242917,0.9999596633827974,-0.021343630968602038,0,0,1,UNSTABLE,2.5757729086737567e-16,8.8921807814757504e-17,1
B3_D2_Original,B3,2,Original,full-grid,594,8,57,95,1.0002535600862927,1.0000271125101654,-0.021282826642252707,0,0,1,UNSTABLE,3.3377481508520952e-16,8.8921807814759266e-17,1
B3_D2_Original,B3,2,Original,full-grid,595,8,58,96,1.0003183565756379,1.0000932373144242,-0.021221007990663808,0,0,1,UNSTABLE,3.8896400181971977e-16,8.8921807829948968e-17,1
B3_D2_Original,B3,2,Original,full-grid,596,8,59,97,1.000381795246394,1.000158020456583,-0.021158222438758489,0,0,1,UNSTABLE,1.945061890536762e-16,8.8921807814759266e-17,1
B3_D2_Original,B3,2,Original,full-grid,597,8,60,98,1.0004438623147724,1.0002214469636423,-0.021094517706203512,0,0,1,UNSTABLE,2.9196250369543711e-16,8.8921807814757504e-17,1
B3_D2_Original,B3,2,Original,full-grid,598,8,61,99,1.0005045463395419,1.0002835042128155,-0.021029941650485533,0,0,1,UNSTABLE,3.6045266819416726e-16,8.8921807814759266e-17,1
B3_D2_Original,B3,2,Original,full-grid,599,8,62,100,1.0005638381898687,1.0003441819029815,-0.020964542115111555,0,0,1,UNSTABLE,1.8640403796295899e-16,8.8921807829948943e-17,1
B3_D2_Original,B3,2,Original,full-grid,600,8,63,101,1.0006217310015486,1.0004034720143311,-0.020898366783244457,0,0,1,UNSTABLE,2.376687824613889e-16,8.8921807814759279e-17,1
B3_D2_Original,B3,2,Original,full-grid,601,8,64,102,1.0006782201224338,1.000461368756971,-0.020831463038635308,0,0,1,UNSTABLE,3.4532071000151523e-16,8.8921807814757504e-17,1
B3_D2_Original,B3,2,Original,full-grid,602,8,65,103,1.0007333030483589,1.000517868509788,-0.020763877834094883,0,0,1,UNSTABLE,4.3514813198707852e-16,8.8921807814759266e-17,1
B3_D2_Original,B3,2,Original,full-grid,603,8,66,104,1.0007869793504798,1.0005729697504679,-0.020695657568356927,0,0,1,UNSTABLE,3.007588809271136e-16,8.892180782994898e-17,1
B3_D2_Original,B3,2,Original,full-grid,604,9,0,39,0.99547101585551889,0.99522019348151591,-0.022345243230561168,1,0,-1,STABLE,3.0515016329846046e-16,9.6280366670588443e-17,1
B3_D2_Original,B3,2,Original,full-grid,605,9,1,40,0.99555296422828177,0.99530160183712302,-0.022370202595760991,1,0,-1,STABLE,3.2916929251425359e-16,8.892180782994898e-17,1
B3_D2_Original,B3,2,Original,full-grid,606,9,2,41,0.99563556980683943,0.99538369764625667,-0.022393801031877561,1,0,-1,STABLE,5.1664892845873433e-16,8.8921807814759266e-17,1
B3_D2_Original,B3,2,Original,full-grid,607,9,3,42,0.99571880810366875,0.99546645688483548,-0.022416021693035658,1,0,-1,STABLE,3.1198544132960395e-16,8.8921807814757504e-17,1
B3_D2_Original,B3,2,Original,full-grid,608,9,4,43,0.99580265438108151,0.99554985526915007,-0.022436847951132197,1,0,-1,STABLE,2.1651779499358204e-16,8.8921807814759254e-17,1
B3_D2_Original,B3,2,Original,full-grid,609,9,5,44,0.99588708362392608,0.99563386822878464,-0.022456263374740461,1,0,-1,STABLE,2.4049101309219236e-16,8.8921807829948943e-17,1
B3_D2_Original,B3,2,Original,full-grid,610,9,6,45,0.99615752086457532,0.993100840390442,-0.07797773522522039,1,0,-1,STABLE,3.6704833690119859e-16,8.8921807814759266e-17,1
B3_D2_Original,B3,2,Original,full-grid,611,9,7,46,0.99649847875515507,0.99345396257220653,-0.077835996883954151,1,0,-1,STABLE,3.4405250815134828e-16,8.8921807814757504e-17,1
B3_D2_Original,B3,2,Original,full-grid,612,9,8,47,0.99682587208364737,0.99379552470359689,-0.077667717453434107,1,0,-1,STABLE,3.8788458321474281e-16,8.8921807814759279e-17,1
B3_D2_Original,B3,2,Original,full-grid,613,9,9,48,0.99713772382969545,0.99412343198880881,-0.077474139266327346,1,0,-1,STABLE,2.8761664220920343e-16,8.8921807829948968e-17,1
B3_D2_Original,B3,2,Original,full-grid,614,9,10,49,0.99743224290326393,0.99443576128928823,-0.077256688073134044,1,0,-1,STABLE,2.5966517271039686e-16,8.8921807814759254e-17,1
B3_D2_Original,B3,2,Original,full-grid,615,9,11,50,0.99770784005987057,0.9947307797299314,-0.077016946023683711,1,0,-1,STABLE,2.2420199483051739e-16,8.8921807814757504e-17,1
B3_D2_Original,B3,2,Original,full-grid,616,9,12,51,0.99796313913843482,0.99500695876888257,-0.076756622388811743,1,0,-1,STABLE,4.8386349145175078e-16,8.8921807814759266e-17,1
B3_D2_Original,B3,2,Original,full-grid,617,9,13,52,0.99819698333291751,0.99526298335277419,-0.076477522859152991,1,0,-1,STABLE,2.6930834732152464e-16,8.8921807829948943e-17,1
B3_D2_Original,B3,2,Original,full-grid,618,9,14,53,0.99840843640497989,0.99549775597194656,-0.07618151835882167,1,0,-1,STABLE,2.6494858960633553e-16,8.8921807814759266e-17,1
B3_D2_Original,B3,2,Original,full-grid,619,9,15,54,0.99859677896841093,0.99571039565638753,-0.075870514351000562,1,0,-1,STABLE,3.111405293145178e-16,8.8921807814757504e-17,1
B3_D2_Original,B3,2,Original,full-grid,620,9,16,55,0.99876150020132137,0.99590023218754964,-0.075546421577589215,1,0,-1,STABLE,2.874307767198799e-16,8.8921807814759266e-17,1
B3_D2_Original,B3,2,Original,full-grid,621,9,17,56,0.99890228554133642,0.99606679601488035,-0.075211129072474986,1,0,-1,STABLE,3.3202004760147518e-16,8.892180782994898e-17,1
B3_D2_Original,B3,2,Original,full-grid,622,9,18,57,0.99901900107191499,0.99620980453733343,-0.074866480125718116,1,0,-1,STABLE,3.0700739852295943e-16,8.8921807814759266e-17,1
B3_D2_Original,B3,2,Original,full-grid,623,9,19,58,0.99911167539988543,0.99632914552227525,-0.074514251678582263,1,0,-1,STABLE,6.0736801901450477e-16,8.8921807814757504e-17,1
B3_D2_Original,B3,2,Original,full-grid,624,9,20,59,0.99918047985262626,0.9964248584825417,-0.074156137416744441,1,0,-1,STABLE,2.2294973204886061e-16,8.8921807814759254e-17,1
B3_D2_Original,B3,2,Original,full-grid,625,9,21,60,0.99922570779266484,0.99649711481970116,-0.073793734624041249,1,0,-1,STABLE,6.3393523136231868e-16,8.8921807829948943e-17,1
B3_D2_Original,B3,2,Original,full-grid,626,9,22,61,0.99924775376870012,0.99654619747738016,-0.073428534679422647,1,0,-1,STABLE,4.8169056176649232e-16,8.8921807814759266e-17,1
B3_D2_Original,B3,2,Original,full-grid,627,9,23,62,0.99924709311057958,0.99657248074774685,-0.07306191693505798,1,0,-1,STABLE,3.2696552589457313e-16,8.8921807814757504e-17,1
B3_D2_Original,B3,2,Original,full-grid,628,9,24,63,0.99922426244582818,0.99657641075086811,-0.072695145610463863,1,0,-1,STABLE,3.4366243821460375e-16,8.8921807814759279e-17,1
B3_D2_Original,B3,2,Original,full-grid,629,9,25,64,0.9991798414813311,0.99655848697557148,-0.072329369274297339,1,0,-1,STABLE,5.1171553056743108e-16,8.8921807829948968e-17,1
B3_D2_Original,B3,2,Original,full-grid,630,9,26,65,0.99911443626582619,0.99651924514228174,-0.071965622458481662,1,0,-1,STABLE,4.5393885843817506e-16,8.8921807814759254e-17,1
B3_D2_Original,B3,2,Original,full-grid,631,9,27,66,0.9990286640348377,0.99645924153175525,-0.071604828951627758,1,0,-1,STABLE,3.3253535069228192e-16,8.8921807814757504e-17,1
B3_D2_Original,B3,2,Original,full-grid,632,9,28,67,0.99892313964298973,0.99637903882288847,-0.071247806342265782,1,0,-1,STABLE,3.3525739572063846e-16,8.8921807814759266e-17,1
B3_D2_Original,B3,2,Original,full-grid,633,9,29,68,0.99879846351107227,0.9962791934002555,-0.070895271420700665,1,0,-1,STABLE,3.4242637345415644e-16,8.8921807829948943e-17,1
B3_D2_Original,B3,2,Original,full-grid,634,9,30,69,0.99865521095556997,0.99616024402720549,-0.070547846093075656,1,0,-1,STABLE,4.2499797613697746e-16,8.8921807814759266e-17,1
B3_D2_Original,B3,2,Original,full-grid,635,9,31,70,0.99849392272464799,0.99602270173162388,-0.070206063508017585,1,0,-1,STABLE,2.0274210311337649e-16,8.8921807814757504e-17,1
B3_D2_Original,B3,2,Original,full-grid,636,9,32,71,0.99831509653335337,0.99586704071565213,-0.069870374141322453,1,0,-1,STABLE,4.9414877860380127e-16,8.8921807814759266e-17,1
B3_D2_Original,B3,2,Original,full-grid,637,9,33,72,0.99836960661961938,0.99811900984132373,-0.022367691324521273,1,0,-1,STABLE,4.4575595943346022e-16,8.892180782994898e-17,1
B3_D2_Original,B3,2,Original,full-grid,638,9,34,73,0.99845742795457859,0.99820746523158954,-0.022340362432102245,1,0,-1,STABLE,2.9058399801184239e-16,8.8921807814759266e-17,1
B3_D2_Original,B3,2,Original,full-grid,639,9,35,74,0.99854477558533272,0.99829548404021962,-0.022311328818920693,1,0,-1,STABLE,2.4673140410904359e-16,8.8921807814757504e-17,1
B3_D2_Original,B3,2,Original,full-grid,640,9,36,75,0.99863160259371553,0.99838301900560522,-0.02228059828967453,1,0,-1,STABLE,2.7813105808539751e-16,8.8921807814759254e-17,1
B3_D2_Original,B3,2,Original,full-grid,641,9,37,76,0.99871786187591827,0.99847002262675377,-0.022248180728667005,1,0,-1,STABLE,2.7520055135673462e-16,8.8921807829948943e-17,1
B3_D2_Original,B3,2,Original,full-grid,642,9,38,77,0.99880350627796899,0.99855644729797233,-0.022214088160813616,1,0,-1,STABLE,2.3549780889368424e-16,8.8921807814759266e-17,1
B3_D2_Original,B3,2,Original,full-grid,643,9,39,78,0.99888848873909952,0.99864224545175273,-0.022178334801406761,1,0,-1,STABLE,2.9596665903002567e-16,8.8921807814757504e-17,1
B3_D2_Original,B3,2,Original,full-grid,644,9,40,79,0.99897276244193256,0.99872736970882792,-0.022140937092902296,1,0,-1,STABLE,2.9550676518413466e-16,8.8921807814759279e-17,1
B3_D2_Original,B3,2,Original,full-grid,645,9,41,80,0.99905628096791288,0.9988117730338345,-0.022101913728114975,1,0,-1,STABLE,3.5152195895298405e-16,8.8921807829948968e-17,1
B3_D2_Original,B3,2,Original,full-grid,646,9,42,81,0.99913899845672149,0.9988954088953248,-0.022061285659331638,1,0,-1,STABLE,2.8739420663133364e-16,8.8921807814759254e-17,1
B3_D2_Original,B3,2,Original,full-grid,647,9,43,82,0.99922086976781432,0.99897823142829112,-0.022019076092128123,1,0,-1,STABLE,3.3101525177493711e-16,8.8921807814757504e-17,1
B3_D2_Original,B3,2,Original,full-grid,648,9,44,83,0.99930185064255994,0.99906019559767012,-0.021975310464023578,1,0,-1,STABLE,2.8041442068921752e-16,8.8921807814759266e-17,1
B3_D2_Original,B3,2,Original,full-grid,649,9,45,84,0.99938189786519116,0.99914125736103743,-0.021930016407576695,1,0,-1,STABLE,4.1039884045677559e-16,8.8921807829948943e-17,1
B3_D2_Original,B3,2,Original,full-grid,650,9,46,85,0.99946096942081197,0.99922137382872978,-0.021883223697961515,1,0,-1,STABLE,3.0543303806414669e-16,8.8921807814759266e-17,1
B3_D2_Original,B3,2,Original,full-grid,651,9,47,86,0.99953902464867761,0.99930050341959165,-0.021834964185461114,1,0,-1,STABLE,4.8765967504360999e-16,8.8921807814757504e-17,1
B3_D2_Original,B3,2,Original,full-grid,652,9,48,87,0.99961602438922437,0.99937860601080064,-0.021785271713421556,1,0,-1,STABLE,3.9540871856483757e-16,8.8921807814759266e-17,1
B3_D2_Original,B3,2,Original,full-grid,653,9,49,88,0.99969193112299004,0.99945564307989232,-0.021734182022152514,1,0,-1,STABLE,4.1913760042801037e-16,8.892180782994898e-17,1
B3_D2_Original,B3,2,Original,full-grid,654,9,50,89,0.99976670910022192,0.99953157783774604,-0.021681732640028102,1,0,-1,STABLE,2.5277682733705163e-16,8.8921807814759266e-17,1
B3_D2_Original,B3,2,Original,full-grid,655,9,51,90,0.9998403244597055,0.99960637535102803,-0.0216279627627998,1,0,-1,STABLE,4.2884464284799577e-16,8.8921807814757504e-17,1
B3_D2_Original,B3,2,Original,full-grid,656,9,52,91,0.99991274533556684,0.99968000265281143,-0.021572913122368517,1,0,-1,STABLE,5.6467176571111515e-16,8.8921807814759254e-17,1
B3_D2_Original,B3,2,Original,full-grid,657,9,53,92,0.99998394195132689,0.99975242884060944,-0.021516625846464976,1,0,-1,STABLE,2.6215978407127262e-16,8.8921807829948943e-17,1
B3_D2_Original,B3,2,Original,full-grid,658,9,54,93,1.0000538867001461,0.99982362516071255,-0.021459144310984331,0,0,1,UNSTABLE,2.996276450560415e-16,8.8921807814759266e-17,1
B3_D2_Original,B3,2,Original,full-grid,659,9,55,94,1.0001225542109338,0.99989356507846994,-0.021400512986131763,0,0,1,UNSTABLE,4.0253554971852466e-16,8.8921807814757504e-17,1
B3_D2_Original,B3,2,Original,full-grid,660,9,56,95,1.0001899213998857,0.99996222433402893,-0.021340777278505443,0,0,1,UNSTABLE,4.0614071659283781e-16,8.8921807814759279e-17,1
B3_D2_Original,B3,2,Original,full-grid,661,9,57,96,1.0002559675072964,1.0000295809833399,-0.02127998337036334,0,0,1,UNSTABLE,4.5862856089147522e-16,8.8921807829948968e-17,1
B3_D2_Original,B3,2,Original,full-grid,662,9,58,97,1.000320674119817,1.0000956154245562,-0.021218178058058878,0,0,1,UNSTABLE,3.7139234974733739e-16,8.8921807814759254e-17,1
B3_D2_Original,B3,2,Original,full-grid,663,9,59,98,1.0003840251783611,1.0001603104099943,-0.021155408590795077,0,0,1,UNSTABLE,2.8720587447654557e-16,8.8921807814757504e-17,1
B3_D2_Original,B3,2,Original,full-grid,664,9,60,99,1.0004460069721781,1.0002236510441382,-0.021091722511668628,0,0,1,UNSTABLE,4.3547267935337541e-16,8.8921807814759266e-17,1
B3_D2_Original,B3,2,Original,full-grid,665,9,61,100,1.0005066081196825,1.0002856247682457,-0.021027167501894029,0,0,1,UNSTABLE,3.243916214328435e-16,8.8921807829948943e-17,1
B3_D2_Original,B3,2,Original,full-grid,666,9,62,101,1.0005658195367753,1.0003462213322598,-0.020961791229955892,0,0,1,UNSTABLE,3.2918559936556585e-16,8.8921807814759266e-17,1
B3_D2_Original,B3,2,Original,full-grid,667,9,63,102,1.0006236343936303,1.0004054327549874,-0.020895641206343428,0,0,1,UNSTABLE,4.0110767792698378e-16,8.8921807814757504e-17,1
B3_D2_Original,B3,2,Original,full-grid,668,9,64,103,1.0006800480608404,1.0004632532734026,-0.020828764645212966,0,0,1,UNSTABLE,2.8500863952576016e-16,8.8921807814759266e-17,1
B3_D2_Original,B3,2,Original,full-grid,669,9,65,104,1.0007350580459669,1.0005196792821152,-0.020761208333759378,0,0,1,UNSTABLE,3.4074683718709684e-16,8.892180782994898e-17,1
B3_D2_Original,B3,2,Original,full-grid,670,9,66,105,1.0007886639216494,1.0005747092641468,-0.020693018509827726,0,0,1,UNSTABLE,3.1759807641753165e-16,8.8921807814759266e-17,1
B3_D2_Original,B3,2,Original,full-grid,671,10,0,40,0.99547650344023575,0.99522564154661586,-0.022347064901788637,1,0,-1,STABLE,3.2748201722427387e-16,9.6280366670626826e-17,1
B3_D2_Original,B3,2,Original,full-grid,672,10,1,41,0.99555914718071459,0.98591208653733609,-0.13825835654595311,1,0,-1,STABLE,3.0683889577183332e-16,8.8921807814759279e-17,1
B3_D2_Original,B3,2,Original,full-grid,673,10,2,42,0.99567567669207058,0.9860119880561321,-0.13838501568380374,1,0,-1,STABLE,1.9603732228282895e-16,8.8921807814757504e-17,1
B3_D2_Original,B3,2,Original,full-grid,674,10,3,43,0.99580843498434612,0.98613030740361096,-0.13849713356612328,1,0,-1,STABLE,3.1286674853838943e-16,8.8921807814759254e-17,1
B3_D2_Original,B3,2,Original,full-grid,675,10,4,44,0.996072544106548,0.99299802129118775,-0.078201296886157762,1,0,-1,STABLE,2.1178797667267289e-16,8.8921807829948943e-17,1
B3_D2_Original,B3,2,Original,full-grid,676,10,5,45,0.99642827560615221,0.99336234098317133,-0.078106132562582364,1,0,-1,STABLE,2.7836690276599664e-16,8.8921807814759266e-17,1
B3_D2_Original,B3,2,Original,full-grid,677,10,6,46,0.99677393883718823,0.99371872263817462,-0.077983238092280818,1,0,-1,STABLE,2.762688381546738e-16,8.8921807814757504e-17,1
B3_D2_Original,B3,2,Original,full-grid,678,10,7,47,0.99710736293059221,0.99406490515233847,-0.07783352462064061,1,0,-1,STABLE,2.7652873620828652e-16,8.8921807814759279e-17,1
B3_D2_Original,B3,2,Original,full-grid,679,10,8,48,0.99742652791917752,0.99439876125174198,-0.077658111088969708,1,0,-1,STABLE,3.5993903177021537e-16,8.8921807829948968e-17,1
B3_D2_Original,B3,2,Original,full-grid,680,10,9,49,0.99772958435143688,0.9947183193286655,-0.077458302860611575,1,0,-1,STABLE,2.7519341222802952e-16,8.8921807814759266e-17,1
B3_D2_Original,B3,2,Original,full-grid,681,10,10,50,0.99801486938439876,0.99502178196552316,-0.077235567755492771,1,0,-1,STABLE,4.8593833919409592e-16,8.8921807814757504e-17,1
B3_D2_Original,B3,2,Original,full-grid,682,10,11,51,0.99828091900959037,0.99530754074101435,-0.076991509939124403,1,0,-1,STABLE,3.0051406167131911e-16,8.8921807814759266e-17,1
B3_D2_Original,B3,2,Original,full-grid,683,10,12,52,0.99852647611566558,0.99557418695462929,-0.076727842232124005,1,0,-1,STABLE,2.5256059384926143e-16,8.8921807829948943e-17,1
B3_D2_Original,B3,2,Original,full-grid,684,10,13,53,0.99875049419333783,0.995820518001577,-0.076446357522822084,1,0,-1,STABLE,2.2327688368131045e-16,8.8921807814759279e-17,1
B3_D2_Original,B3,2,Original,full-grid,685,10,14,54,0.99895213663757232,0.99604553927688633,-0.076148900053696317,1,0,-1,STABLE,3.3092137654757328e-16,8.8921807814757504e-17,1
B3_D2_Original,B3,2,Original,full-grid,686,10,15,55,0.99913077178032683,0.99624846166794734,-0.075837337391286744,1,0,-1,STABLE,3.0188587087216808e-16,8.8921807814759266e-17,1
B3_D2_Original,B3,2,Original,full-grid,687,10,16,56,0.99928596397243219,0.99642869488753272,-0.075513533866725296,1,0,-1,STABLE,2.6048198653947742e-16,8.892180782994898e-17,1
B3_D2_Original,B3,2,Original,full-grid,688,10,17,57,0.99941746120082509,0.99658583707892623,-0.075179326192768542,1,0,-1,STABLE,2.1383610949024787e-16,8.8921807814759279e-17,1
B3_D2_Original,B3,2,Original,full-grid,689,10,18,58,0.9995251798582363,0.99671966127119194,-0.074836501829521423,1,0,-1,STABLE,2.7418361983387915e-16,8.8921807814757504e-17,1
B3_D2_Original,B3,2,Original,full-grid,690,10,19,59,0.99960918736307902,0.99683009936027367,-0.074486780505417183,1,0,-1,STABLE,4.8421984311410281e-16,8.8921807814759254e-17,1
B3_D2_Original,B3,2,Original,full-grid,691,10,20,60,0.99966968335414774,0.99691722433557728,-0.074131799117722483,1,0,-1,STABLE,3.7741025298324116e-16,8.8921807829948943e-17,1
B3_D2_Original,B3,2,Original,full-grid,692,10,21,61,0.99970698016015247,0.99698123146243534,-0.073773100060779695,1,0,-1,STABLE,3.2520406317213094e-16,8.8921807814759266e-17,1
B3_D2_Original,B3,2,Original,full-grid,693,10,22,62,0.99972148317766485,0.99702241907705025,-0.073412122872838548,1,0,-1,STABLE,3.4743554427252578e-16,8.8921807814757504e-17,1
B3_D2_Original,B3,2,Original,full-grid,694,10,23,63,0.99971367169449676,0.99704116956324373,-0.07305019896517051,1,0,-1,STABLE,4.4833544116365014e-16,8.8921807814759279e-17,1
B3_D2_Original,B3,2,Original,full-grid,695,10,24,64,0.999684080582523,0.99703793097310078,-0.072688549105087583,1,0,-1,STABLE,2.8270612484524543e-16,8.8921807829948968e-17,1
B3_D2_Original,B3,2,Original,full-grid,696,10,25,65,0.99963328316496569,0.99701319963718427,-0.07232828326728602,1,0,-1,STABLE,2.7914535654285436e-16,8.8921807814759266e-17,1
B3_D2_Original,B3,2,Original,full-grid,697,10,26,66,0.99956187545017983,0.9969675039968352,-0.071970402442954842,1,0,-1,STABLE,5.0896781569526883e-16,8.8921807814757504e-17,1
B3_D2_Original,B3,2,Original,full-grid,698,10,27,67,0.99947046182040278,0.99690138978532139,-0.071615801996374032,1,0,-1,STABLE,2.7592354755686524e-16,8.8921807814759266e-17,1
B3_D2_Original,B3,2,Original,full-grid,699,10,28,68,0.99935964217701645,0.99681540659402279,-0.071265276179690973,1,0,-1,STABLE,3.9423843100120206e-16,8.8921807829948943e-17,1
B3_D2_Original,B3,2,Original,full-grid,700,10,29,69,0.99923000047171329,0.99671009578333525,-0.070919523449292629,1,0,-1,STABLE,2.6383196225129995e-16,8.8921807814759279e-17,1
B3_D2_Original,B3,2,Original,full-grid,701,10,30,70,0.99908209449780239,0.99658597963809559,-0.070579152268166315,1,0,-1,STABLE,3.0067999171663197e-16,8.8921807814757504e-17,1
B3_D2_Original,B3,2,Original,full-grid,702,10,31,71,0.99891644677358515,0.99644355162052278,-0.070244687120403174,1,0,-1,STABLE,3.1478392792258455e-16,8.8921807814759266e-17,1
B3_D2_Original,B3,2,Original,full-grid,703,10,32,72,0.99873353631891848,0.9962832675387101,-0.069916574504785611,1,0,-1,STABLE,3.2577228681124899e-16,8.892180782994898e-17,1
B3_D2_Original,B3,2,Original,full-grid,704,10,33,73,0.99853379110325913,0.99610553742236352,-0.069595188709792935,1,0,-1,STABLE,2.9839741173216046e-16,8.8921807814759279e-17,1
B3_D2_Original,B3,2,Original,full-grid,705,10,34,74,0.99846217616557698,0.99821226127925189,-0.022338278023662228,1,0,-1,STABLE,3.7719839531139489e-16,8.8921807814757504e-17,1
B3_D2_Original,B3,2,Original,full-grid,706,10,35,75,0.998549430263451,0.99830018828096967,-0.0223091630870213,1,0,-1,STABLE,2.2310915153280367e-16,8.8921807814759254e-17,1
B3_D2_Original,B3,2,Original,full-grid,707,10,36,76,0.99863616129284849,0.99838762888967358,-0.022278355454823918,1,0,-1,STABLE,3.5157555924148041e-16,8.8921807829948943e-17,1
B3_D2_Original,B3,2,Original,full-grid,708,10,37,77,0.998722322393226,0.99847453584539791,-0.022245865117729274,1,0,-1,STABLE,2.8138844212075251e-16,8.8921807814759266e-17,1
B3_D2_Original,B3,2,Original,full-grid,709,10,38,78,0.99880786665981713,0.9985608617898456,-0.022211704190712857,1,0,-1,STABLE,3.4832122615242726e-16,8.8921807814757504e-17,1
B3_D2_Original,B3,2,Original,full-grid,710,10,39,79,0.99889274728574229,0.99864655940803471,-0.022175886962013735,1,0,-1,STABLE,4.9474059757633178e-16,8.8921807814759279e-17,1
B3_D2_Original,B3,2,Original,full-grid,711,10,40,80,0.99897691771068153,0.99873158157684738,-0.02213842992948499,1,0,-1,STABLE,3.105947877013433e-16,8.8921807829948968e-17,1
B3_D2_Original,B3,2,Original,full-grid,712,10,41,81,0.99906033177491771,0.99881588151930134,-0.02209935182374503,1,0,-1,STABLE,2.8104079638436074e-16,8.8921807814759266e-17,1
B3_D2_Original,B3,2,Original,full-grid,713,10,42,82,0.9991429438771583,0.99889941296297569,-0.022058673616896084,1,0,-1,STABLE,3.9939621416344874e-16,8.8921807814757504e-17,1
B3_D2_Original,B3,2,Original,full-grid,714,10,43,83,0.99922470913458361,0.99898213030104022,-0.022016418516389809,1,0,-1,STABLE,2.1642841745547276e-16,8.8921807814759266e-17,1
B3_D2_Original,B3,2,Original,full-grid,715,10,44,84,0.99930558354350796,0.99906398875426938,-0.021972611943961655,1,0,-1,STABLE,2.5724307194300657e-16,8.8921807829948943e-17,1
B3_D2_Original,B3,2,Original,full-grid,716,10,45,85,0.99938552413876236,0.99914494453216318,-0.021927281498841204,1,0,-1,STABLE,2.3113053703358014e-16,8.8921807814759279e-17,1
B3_D2_Original,B3,2,Original,full-grid,717,10,46,86,0.99946448915031361,0.99922495499165609,-0.021880456906112244,1,0,-1,STABLE,3.0243516241371407e-16,8.8921807814757504e-17,1
B3_D2_Original,B3,2,Original,full-grid,718,10,47,87,0.99954243815515442,0.99930397879145982,-0.02183216994960745,1,0,-1,STABLE,4.836893780268721e-16,8.8921807814759266e-17,1
B3_D2_Original,B3,2,Original,full-grid,719,10,48,88,0.99961933222301647,0.99938197604054735,-0.021782454390640655,1,0,-1,STABLE,2.9826939968030009e-16,8.892180782994898e-17,1
B3_D2_Original,B3,2,Original,full-grid,720,10,49,89,0.99969513405411115,0.99945890843896834,-0.021731345873028621,1,0,-1,STABLE,2.5851034651879126e-16,8.8921807814759279e-17,1
B3_D2_Original,B3,2,Original,full-grid,721,10,50,90,0.99976980810767868,0.99953473940974935,-0.02167888181500964,1,0,-1,STABLE,3.5098036369045852e-16,8.8921807814757504e-17,1
B3_D2_Original,B3,2,Original,full-grid,722,10,51,91,0.99984332071983051,0.99960943422032045,-0.02162510128968315,1,0,-1,STABLE,3.3105793625406335e-16,8.8921807814759254e-17,1
B3_D2_Original,B3,2,Original,full-grid,723,10,52,92,0.99991564020955448,0.99968296009230073,-0.021570044895146873,1,0,-1,STABLE,3.2581023436824989e-16,8.8921807829948943e-17,1
B3_D2_Original,B3,2,Original,full-grid,724,10,53,93,0.99998673697209817,0.99975528629882948,-0.021513754615347346,1,0,-1,STABLE,3.2726914477159168e-16,8.8921807814759266e-17,1
B3_D2_Original,B3,2,Original,full-grid,725,10,54,94,1.0000565835586843,0.99982638424834092,-0.021456273673601377,0,0,1,UNSTABLE,4.0015552285951137e-16,8.8921807814757504e-17,1
B3_D2_Original,B3,2,Original,full-grid,726,10,55,95,1.0001251547422658,0.99989622755444962,-0.021397646380413419,0,0,1,UNSTABLE,3.322089186357531e-16,8.8921807814759279e-17,1
B3_D2_Original,B3,2,Original,full-grid,727,10,56,96,1.0001924275687968,0.99996479209139777,-0.021337917976469212,0,0,1,UNSTABLE,5.1645680982938437e-16,8.8921807829948968e-17,1
B3_D2_Original,B3,2,Original,full-grid,728,10,57,97,1.0002583813940142,1.0000320560349873,-0.021277134473634288,0,0,1,UNSTABLE,5.4763679052764317e-16,8.8921807814759266e-17,1
B3_D2_Original,B3,2,Original,full-grid,729,10,58,98,1.000322997905692,1.0000979998889488,-0.021215342494417914,0,0,1,UNSTABLE,3.0693031228099765e-16,8.8921807814757504e-17,1
B3_D2_Original,B3,2,Original,full-grid,730,10,59,99,1.0003862611317802,1.0001626064971001,-0.021152589112196633,0,0,1,UNSTABLE,3.2386664787178905e-16,8.8921807814759266e-17,1
B3_D2_Original,B3,2,Original,full-grid,731,10,60,100,1.0004481574347386,1.0002258610415855,-0.021088921693212272,0,0,1,UNSTABLE,3.3263993615974699e-16,8.8921807829948943e-17,1
B3_D2_Original,B3,2,Original,full-grid,732,10,61,101,1.0005086754927766,1.0002877510278605,-0.021024387742216967,0,0,1,UNSTABLE,3.4531175939278695e-16,8.8921807814759279e-17,1
B3_D2_Original,B3,2,Original,full-grid,733,10,62,102,1.0005678062686878,1.0003482662570975,-0.020959034752424676,0,0,1,UNSTABLE,3.1741943781928853e-16,8.8921807814757504e-17,1
B3_D2_Original,B3,2,Original,full-grid,734,10,63,103,1.0006255429672013,1.0004073987869004,-0.020892910061401853,0,0,1,UNSTABLE,3.693128415790262e-16,8.8921807814759266e-17,1
B3_D2_Original,B3,2,Original,full-grid,735,10,64,104,1.0006818809817697,1.0004651428812348,-0.020826060713518193,0,0,1,UNSTABLE,4.8814390422823762e-16,8.892180782994898e-17,1
B3_D2_Original,B3,2,Original,full-grid,736,10,65,105,1.0007368178318163,1.0005214949505756,-0.02075853333006257,0,0,1,UNSTABLE,2.6498477788059151e-16,8.8921807814759279e-17,1
B3_D2_Original,B3,2,Original,full-grid,737,10,66,106,1.0007903530915883,1.0005764534834087,-0.020690373987677181,0,0,1,UNSTABLE,4.1621110723054761e-16,8.8921807814757504e-17,1
B3_D2_Original,B3,2,Original,full-grid,738,11,0,41,0.99620208163339552,0.98696127866496253,-0.13537363800508836,1,0,-1,STABLE,1.9762303694120751e-16,9.6280366670588406e-17,1
B3_D2_Original,B3,2,Original,full-grid,739,11,1,42,0.99630379477810294,0.98704345036175967,-0.13552298176767161,1,0,-1,STABLE,3.0610427009882431e-16,8.8921807814756382e-17,1
B3_D2_Original,B3,2,Original,full-grid,740,11,2,43,0.99642496829306604,0.98714686051999656,-0.13566058087503471,1,0,-1,STABLE,3.0092805974981976e-16,8.892180781475812e-17,1
B3_D2_Original,B3,2,Original,full-grid,741,11,3,44,0.99656351380264407,0.98726985596510575,-0.13578316738577054,1,0,-1,STABLE,2.2381704364620981e-16,8.8921807829948943e-17,1
B3_D2_Original,B3,2,Original,full-grid,742,11,4,45,0.99672912172285189,0.99365653618184546,-0.078202494803585862,1,0,-1,STABLE,3.7457714753835702e-16,8.8921807814759266e-17,1
B3_D2_Original,B3,2,Original,full-grid,743,11,5,46,0.99707800831041393,0.99401474600735118,-0.078097627212375481,1,0,-1,STABLE,4.3633065390342108e-16,8.8921807814757504e-17,1
B3_D2_Original,B3,2,Original,full-grid,744,11,6,47,0.99741590452382645,0.9943640272248413,-0.07796581275326965,1,0,-1,STABLE,3.7328134598752604e-16,8.8921807814759279e-17,1
B3_D2_Original,B3,2,Original,full-grid,745,11,7,48,0.99774077039207709,0.99470224222879344,-0.077808060042558497,1,0,-1,STABLE,2.1538415092344691e-16,8.8921807829948968e-17,1
B3_D2_Original,B3,2,Original,full-grid,746,11,8,49,0.99805072312935372,0.99502739557175413,-0.077625562804516032,1,0,-1,STABLE,3.5384728013026812e-16,8.8921807814759266e-17,1
B3_D2_Original,B3,2,Original,full-grid,747,11,9,50,0.99834405231530443,0.99533765134536201,-0.077419678426366392,1,0,-1,STABLE,3.8215983108244374e-16,8.8921807814757504e-17,1
B3_D2_Original,B3,2,Original,full-grid,748,11,10,51,0.99861923193662705,0.99563134755189786,-0.077191904793772373,1,0,-1,STABLE,3.0409472903696784e-16,8.8921807814759266e-17,1
B3_D2_Original,B3,2,Original,full-grid,749,11,11,52,0.99887492908760522,0.99590700721852354,-0.076943855718386522,1,0,-1,STABLE,3.0894803353428828e-16,8.8921807829948968e-17,1
B3_D2_Original,B3,2,Original,full-grid,750,11,12,53,0.99911000913160986,0.99616334600482603,-0.07667723536640246,1,0,-1,STABLE,3.8587533924930909e-16,8.8921807814759279e-17,1
B3_D2_Original,B3,2,Original,full-grid,751,11,13,54,0.9993235371827679,0.99639927610606838,-0.076393812202177835,1,0,-1,STABLE,1.9625886576357519e-16,8.8921807814757528e-17,1
B3_D2_Original,B3,2,Original,full-grid,752,11,14,55,0.99951477587283544,0.99661390635733849,-0.076095393049056645,1,0,-1,STABLE,1.9630181910876122e-16,8.8921807814759266e-17,1
B3_D2_Original,B3,2,Original,full-grid,753,11,15,56,0.99968317950839203,0.99680653858473534,-0.075783797917012591,1,0,-1,STABLE,2.5512549388280502e-16,8.892180782994898e-17,1
B3_D2_Original,B3,2,Original,full-grid,754,11,16,57,0.99982838487587589,0.99697666040729449,-0.075460836243847737,1,0,-1,STABLE,3.3548310805070563e-16,8.8921807814759266e-17,1
B3_D2_Original,B3,2,Original,full-grid,755,11,17,58,0.99995019909629879,0.99712393484697759,-0.075128285139539189,1,0,-1,STABLE,4.0752186518008494e-16,8.8921807814757504e-17,1
B3_D2_Original,B3,2,Original,full-grid,756,11,18,59,1.0000485850470093,0.99724818723195163,-0.074787870120171296,0,0,1,UNSTABLE,3.0759455991115859e-16,8.8921807814759254e-17,1
B3_D2_Original,B3,2,Original,full-grid,757,11,19,60,1.0001236449435917,0.99734938996823064,-0.074441248681451633,0,0,1,UNSTABLE,3.6659514637830568e-16,8.8921807829948943e-17,1
B3_D2_Original,B3,2,Original,full-grid,758,11,20,61,1.0001756027041742,0.99742764579826215,-0.074089996909127306,0,0,1,UNSTABLE,4.9497276317359781e-16,8.8921807814759266e-17,1
B3_D2_Original,B3,2,Original,full-grid,759,11,21,62,1.0002047857030825,0.99748317016276911,-0.073735599172865846,0,0,1,UNSTABLE,2.0111940374689069e-16,8.8921807814757504e-17,1
B3_D2_Original,B3,2,Original,full-grid,760,11,22,63,1.0002116064681004,0.99751627324051939,-0.073379440811740526,0,0,1,UNSTABLE,2.339367684796585e-16,8.8921807814759279e-17,1
B3_D2_Original,B3,2,Original,full-grid,761,11,23,64,1.0001965447946717,0.99752734216785288,-0.073022803607768735,0,0,1,UNSTABLE,3.8281892398263412e-16,8.8921807829948968e-17,1
B3_D2_Original,B3,2,Original,full-grid,762,11,24,65,1.0001601306535139,0.99751682384815599,-0.072666863760182374,0,0,1,UNSTABLE,5.0016670527407976e-16,8.8921807814759266e-17,1
B3_D2_Original,B3,2,Original,full-grid,763,11,25,66,1.0001029281648319,0.99748520866059631,-0.072312692020125705,0,0,1,UNSTABLE,4.4865181308686979e-16,8.8921807814757504e-17,1
B3_D2_Original,B3,2,Original,full-grid,764,11,26,67,1.0000255208115809,0.99743301527667938,-0.071961255620958953,0,0,1,UNSTABLE,2.210209820205908e-16,8.8921807814759266e-17,1
B3_D2_Original,B3,2,Original,full-grid,765,11,27,68,0.99992849797232397,0.99736077669949419,-0.071613421637076749,1,0,-1,STABLE,2.0491889850231472e-16,8.8921807829948943e-17,1
B3_D2_Original,B3,2,Original,full-grid,766,11,28,69,0.99981244277426184,0.9972690275573689,-0.071269961421460873,1,0,-1,STABLE,2.4499244299366345e-16,8.8921807814759279e-17,1
B3_D2_Original,B3,2,Original,full-grid,767,11,29,70,0.99967792120135224,0.99715829261420263,-0.07093155579983651,1,0,-1,STABLE,4.1906921343138625e-16,8.8921807814757528e-17,1
B3_D2_Original,B3,2,Original,full-grid,768,11,30,71,0.99952547233975342,0.99702907640183791,-0.070598800735602332,1,0,-1,STABLE,4.6617066783517656e-16,8.8921807814759266e-17,1
B3_D2_Original,B3,2,Original,full-grid,769,11,31,72,0.99935559960230913,0.99688185383528083,-0.070272213217065754,1,0,-1,STABLE,2.7917269940032773e-16,8.892180782994898e-17,1
B3_D2_Original,B3,2,Original,full-grid,770,11,32,73,0.99916876274299782,0.99671706163700335,-0.069952237155584199,1,0,-1,STABLE,2.9885758206833421e-16,8.8921807814759266e-17,1
B3_D2_Original,B3,2,Original,full-grid,771,11,33,74,0.99896537044770217,0.9965350903687562,-0.069639249116067808,1,0,-1,STABLE,2.6124218800295615e-16,8.8921807814757504e-17,1
B3_D2_Original,B3,2,Original,full-grid,772,11,34,75,0.99874577326724512,0.99633627684632708,-0.069333563727724423,1,0,-1,STABLE,3.0346906001891043e-16,8.8921807814759254e-17,1
B3_D2_Original,B3,2,Original,full-grid,773,11,35,76,0.99855409816898344,0.99830490583261255,-0.022306993535897577,1,0,-1,STABLE,2.5359943410887395e-16,8.8921807829948943e-17,1
B3_D2_Original,B3,2,Original,full-grid,774,11,36,77,0.99864073293502231,0.99839225180497915,-0.022276108564599238,1,0,-1,STABLE,3.9922010797093028e-16,8.8921807814759266e-17,1
B3_D2_Original,B3,2,Original,full-grid,775,11,37,78,0.99872679556622623,0.99847906181233148,-0.022243545228877643,1,0,-1,STABLE,2.7074719461478825e-16,8.8921807814757504e-17,1
B3_D2_Original,B3,2,Original,full-grid,776,11,38,79,0.99881223940770258,0.99856528874444705,-0.022209315733467547,1,0,-1,STABLE,4.0300800817935185e-16,8.8921807814759279e-17,1
B3_D2_Original,B3,2,Original,full-grid,777,11,39,80,0.99889701790703311,0.99865088553945158,-0.022173434439275209,1,0,-1,STABLE,2.6138738490816369e-16,8.8921807829948968e-17,1
B3_D2_Original,B3,2,Original,full-grid,778,11,40,81,0.99898108476152392,0.99873580533095119,-0.022135917899358395,1,0,-1,STABLE,2.222799134224117e-16,8.8921807814759266e-17,1
B3_D2_Original,B3,2,Original,full-grid,779,11,41,82,0.99906439407079206,0.99882000160085138,-0.022096784881842378,1,0,-1,STABLE,3.8233987252292981e-16,8.8921807814757504e-17,1
B3_D2_Original,B3,2,Original,full-grid,780,11,42,83,0.99914690049303478,0.99890342833623091,-0.022056056378300101,1,0,-1,STABLE,3.5264611446283057e-16,8.8921807814759266e-17,1
B3_D2_Original,B3,2,Original,full-grid,781,11,43,84,0.9992285594036362,0.99898604018892345,-0.022013755597820924,1,0,-1,STABLE,4.5219835232397667e-16,8.8921807829948943e-17,1
B3_D2_Original,B3,2,Original,full-grid,782,11,44,85,0.9993093270542146,0.99906779263591183,-0.021969907945962455,1,0,-1,STABLE,2.6788263734079781e-16,8.8921807814759279e-17,1
B3_D2_Original,B3,2,Original,full-grid,783,11,45,86,0.99938916073061368,0.99914864213903809,-0.021924540988510398,1,0,-1,STABLE,3.5503307904163065e-16,8.8921807814757528e-17,1
B3_D2_Original,B3,2,Original,full-grid,784,11,46,87,0.99946801890798043,0.99922854630216573,-0.021877684399950189,1,0,-1,STABLE,2.3542222982326846e-16,8.8921807814759266e-17,1
B3_D2_Original,B3,2,Original,full-grid,785,11,47,88,0.9995458614013909,0.99930746402422488,-0.02182936989748395,1,0,-1,STABLE,1.8963948830688328e-16,8.892180782994898e-17,1
B3_D2_Original,B3,2,Original,full-grid,786,11,48,89,0.99962264951016855,0.99938535564628683,-0.021779631160190157,1,0,-1,STABLE,2.4231833606103332e-16,8.8921807814759266e-17,1
B3_D2_Original,B3,2,Original,full-grid,787,11,49,90,0.9996983461545198,0.99946218309124668,-0.021728503734985513,1,0,-1,STABLE,3.0236757825415774e-16,8.8921807814757504e-17,1
B3_D2_Original,B3,2,Original,full-grid,788,11,50,91,0.99977291600293805,0.99953790999454606,-0.021676024929684755,1,0,-1,STABLE,3.887573462537084e-16,8.8921807814759254e-17,1
B3_D2_Original,B3,2,Original,full-grid,789,11,51,92,0.99984632558910824,0.99961250182463102,-0.021622233694586029,1,0,-1,STABLE,5.5701288094603141e-16,8.8921807829948943e-17,1
B3_D2_Original,B3,2,Original,full-grid,790,11,52,93,0.99991854341716613,0.9996859259919616,-0.021567170493637464,1,0,-1,STABLE,2.9764295482758636e-16,8.8921807814759266e-17,1
B3_D2_Original,B3,2,Original,full-grid,791,11,53,94,0.99998954005430751,0.99975815194553141,-0.021510877166708478,1,0,-1,STABLE,3.5885968443032418e-16,8.8921807814757504e-17,1
B3_D2_Original,B3,2,Original,full-grid,792,11,54,95,1.0000592882100776,0.99982915125618244,-0.021453396784402303,0,0,1,UNSTABLE,3.8320077039605117e-16,8.8921807814759279e-17,1
B3_D2_Original,B3,2,Original,full-grid,793,11,55,96,1.0001277628016878,0.99989889768601947,-0.021394773497097369,0,0,1,UNSTABLE,3.78356692067575e-16,8.8921807829948968e-17,1
B3_D2_Original,B3,2,Original,full-grid,794,11,56,97,1.0001949410050854,0.99996736724361956,-0.021335052379375094,0,0,1,UNSTABLE,3.5863670163041555e-16,8.8921807814759266e-17,1
B3_D2_Original,B3,2,Original,full-grid,795,11,57,98,1.0002608022916548,1.0000345382248472,-0.021274279272436421,0,0,1,UNSTABLE,2.677994023333303e-16,8.8921807814757504e-17,1
B3_D2_Original,B3,2,Original,full-grid,796,11,58,99,1.000325328450512,1.0001003912392357,-0.021212500624701577,0,0,1,UNSTABLE,3.260714152236494e-16,8.8921807814759266e-17,1
B3_D2_Original,B3,2,Original,full-grid,797,11,59,100,1.000388503596839,1.0001649092223082,-0.021149763333295265,0,0,1,UNSTABLE,4.2814948229579607e-16,8.8921807829948943e-17,1
B3_D2_Original,B3,2,Original,full-grid,798,11,60,101,1.0004503141665033,1.0002280774340706,-0.021086114587522426,0,0,1,UNSTABLE,4.3441302430880761e-16,8.8921807814759279e-17,1
B3_D2_Original,B3,2,Original,full-grid,799,11,61,102,1.0005107488976746,1.0002898834443503,-0.021021601715225977,0,0,1,UNSTABLE,3.3244624890485561e-16,8.8921807814757528e-17,1
B3_D2_Original,B3,2,Original,full-grid,800,11,62,103,1.0005697988002304,1.0003503171057448,-0.020956272034145396,0,0,1,UNSTABLE,2.7083854160669977e-16,8.8921807814759266e-17,1
B3_D2_Original,B3,2,Original,full-grid,801,11,63,104,1.0006274571135942,1.0004093705148036,-0.02089017270853363,0,0,1,UNSTABLE,2.8313503702899359e-16,8.892180782994898e-17,1
B3_D2_Original,B3,2,Original,full-grid,802,11,64,105,1.0006837192542222,1.0004670379626326,-0.020823350612703472,0,0,1,UNSTABLE,3.1563198719528768e-16,8.8921807814759266e-17,1
B3_D2_Original,B3,2,Original,full-grid,803,11,65,106,1.000738582753526,1.0005233158757043,-0.020755852201761786,0,0,1,UNSTABLE,4.5827857863923878e-16,8.8921807814757504e-17,1
B3_D2_Original,B3,2,Original,full-grid,804,11,66,107,1.000792047187461,1.0005782027480803,-0.020687723390717953,0,0,1,UNSTABLE,2.3431513480971523e-16,8.8921807814759254e-17,1
B3_D2_Original,B3,2,Original,full-grid,805,12,0,42,0.9965730155657232,0.9877099711928039,-0.13261518827068605,1,0,-1,STABLE,3.0263931937734351e-16,9.6280366670625742e-17,1
B3_D2_Original,B3,2,Original,full-grid,806,12,1,43,0.99667903379742251,0.98779524559322618,-0.13277668919950439,1,0,-1,STABLE,2.5345191782908783e-16,8.892180781475812e-17,1
B3_D2_Original,B3,2,Original,full-grid,807,12,2,44,0.99680581096121723,0.98790308253543047,-0.13292601055867276,1,0,-1,STABLE,3.6006695438089867e-16,8.8921807829948943e-17,1
B3_D2_Original,B3,2,Original,full-grid,808,12,3,45,0.9970646869833345,0.99398832721734975,-0.07826362747042534,1,0,-1,STABLE,4.3961416757749064e-16,8.8921807814759266e-17,1
B3_D2_Original,B3,2,Original,full-grid,809,12,4,46,0.99741529883095625,0.9943469360682724,-0.07817575758305656,1,0,-1,STABLE,3.6722211207757257e-16,8.8921807814757504e-17,1
B3_D2_Original,B3,2,Original,full-grid,810,12,5,47,0.99775606815874152,0.99469777215388588,-0.078060960919575789,1,0,-1,STABLE,3.6971141133360071e-16,8.8921807814759291e-17,1
B3_D2_Original,B3,2,Original,full-grid,811,12,6,48,0.99808495722881951,0.99503870865703781,-0.077920152211022914,1,0,-1,STABLE,3.8787449701294619e-16,8.8921807829948968e-17,1
B3_D2_Original,B3,2,Original,full-grid,812,12,7,49,0.99840007485742421,0.9953677504848033,-0.077754426048504091,1,0,-1,STABLE,2.0297011234504129e-16,8.8921807814759266e-17,1
B3_D2_Original,B3,2,Original,full-grid,813,12,8,50,0.99869968971585754,0.99568304958436094,-0.077565037284445346,1,0,-1,STABLE,3.6252492246167731e-16,8.8921807814757504e-17,1
B3_D2_Original,B3,2,Original,full-grid,814,12,9,51,0.9989822410878072,0.9959829177999342,-0.077353380401550959,1,0,-1,STABLE,2.4330766134860769e-16,8.8921807814759266e-17,1
B3_D2_Original,B3,2,Original,full-grid,815,12,10,52,0.99924634706105719,0.9962658372233536,-0.077120967943335256,1,0,-1,STABLE,2.8958560263339622e-16,8.8921807829948943e-17,1
B3_D2_Original,B3,2,Original,full-grid,816,12,11,53,0.99949081004291673,0.99653046789907229,-0.076869408148507748,1,0,-1,STABLE,2.7865695644512487e-16,8.8921807814759266e-17,1
B3_D2_Original,B3,2,Original,full-grid,817,12,12,54,0.99971461944782647,0.99677565269796031,-0.076600382024292687,1,0,-1,STABLE,3.1525546316514804e-16,8.8921807814757504e-17,1
B3_D2_Original,B3,2,Original,full-grid,818,12,13,55,0.99991695142363302,0.99700041918619364,-0.076315620202460341,1,0,-1,STABLE,2.6858065066713414e-16,8.8921807814759254e-17,1
B3_D2_Original,B3,2,Original,full-grid,819,12,14,56,1.0000971655532955,0.99720397838138597,-0.076016880020635946,0,0,1,UNSTABLE,2.0394337626760582e-16,8.892180782994898e-17,1
B3_D2_Original,B3,2,Original,full-grid,820,12,15,57,1.0002547985795487,0.99738572039766626,-0.075705923336564895,0,0,1,UNSTABLE,3.387694996152056e-16,8.8921807814759266e-17,1
B3_D2_Original,B3,2,Original,full-grid,821,12,16,58,1.00038955532993,0.99754520711389394,-0.075384495602964341,0,0,1,UNSTABLE,2.3662267574462336e-16,8.8921807814757504e-17,1
B3_D2_Original,B3,2,Original,full-grid,822,12,17,59,1.0005012971480958,0.99768216213425187,-0.075054306699524884,0,0,1,UNSTABLE,3.1471286296197156e-16,8.8921807814759254e-17,1
B3_D2_Original,B3,2,Original,full-grid,823,12,18,60,1.000590028245925,0.99779645842850018,-0.074717013944102184,0,0,1,UNSTABLE,1.9689184990716664e-16,8.8921807829948943e-17,1
B3_D2_Original,B3,2,Original,full-grid,824,12,19,61,1.0006558804659806,0.99788810412569173,-0.074374207596314509,0,0,1,UNSTABLE,2.5250730676728003e-16,8.8921807814759266e-17,1
B3_D2_Original,B3,2,Original,full-grid,825,12,20,62,1.0006990969796949,0.99795722698290912,-0.074027399039538685,0,0,1,UNSTABLE,3.043853633502931e-16,8.8921807814757504e-17,1
B3_D2_Original,B3,2,Original,full-grid,826,12,21,63,1.0007200154427163,0.99800405805783132,-0.073678011698003407,0,0,1,UNSTABLE,4.6828935446105169e-16,8.8921807814759291e-17,1
B3_D2_Original,B3,2,Original,full-grid,827,12,22,64,1.0007190510901509,0.99802891508490998,-0.073327374623734246,0,0,1,UNSTABLE,3.5266628110325225e-16,8.8921807829948968e-17,1
B3_D2_Original,B3,2,Original,full-grid,828,12,23,65,1.0006966801898189,0.99803218599755095,-0.072976718588017159,0,0,1,UNSTABLE,5.5996509518179812e-16,8.8921807814759266e-17,1
B3_D2_Original,B3,2,Original,full-grid,829,12,24,66,1.0006534241899641,0.99801431296190446,-0.072627174434079123,0,0,1,UNSTABLE,4.7397908119767528e-16,8.8921807814757504e-17,1
B3_D2_Original,B3,2,Original,full-grid,830,12,25,67,1.0005898348088837,0.99797577720121611,-0.072279773398222016,0,0,1,UNSTABLE,2.888573999069291e-16,8.8921807814759266e-17,1
B3_D2_Original,B3,2,Original,full-grid,831,12,26,68,1.0005064802252741,0.99791708480137298,-0.071935449079687366,0,0,1,UNSTABLE,2.0085171785453658e-16,8.8921807829948943e-17,1
B3_D2_Original,B3,2,Original,full-grid,832,12,27,69,1.0004039324457457,0.99783875360447638,-0.071595040735916105,0,0,1,UNSTABLE,2.1461240190415961e-16,8.8921807814759266e-17,1
B3_D2_Original,B3,2,Original,full-grid,833,12,28,70,1.0002827558531966,0.99774130122197768,-0.071259297590843693,0,0,1,UNSTABLE,4.3306124753463223e-16,8.8921807814757504e-17,1
B3_D2_Original,B3,2,Original,full-grid,834,12,29,71,1.0001434968784471,0.9976252341342341,-0.0709288838687233,0,0,1,UNSTABLE,3.4103906164350018e-16,8.8921807814759254e-17,1
B3_D2_Original,B3,2,Original,full-grid,835,12,30,72,0.99998667468794122,0.99749103779016834,-0.07060438429544795,1,0,-1,STABLE,2.3845665742667853e-16,8.892180782994898e-17,1
B3_D2_Original,B3,2,Original,full-grid,836,12,31,73,0.99981277274053759,0.99733916757720464,-0.070286309844310155,1,0,-1,STABLE,3.9959626358838469e-16,8.8921807814759266e-17,1
B3_D2_Original,B3,2,Original,full-grid,837,12,32,74,0.99962223103529513,0.99717004049717983,-0.06997510353571286,1,0,-1,STABLE,4.4054752290550156e-16,8.8921807814757504e-17,1
B3_D2_Original,B3,2,Original,full-grid,838,12,33,75,0.9994154388460329,0.9969840273547742,-0.069671146131403128,1,0,-1,STABLE,3.1154659400247787e-16,8.8921807814759254e-17,1
B3_D2_Original,B3,2,Original,full-grid,839,12,34,76,0.99919272771579537,0.99678144523988399,-0.069374761589641801,1,0,-1,STABLE,3.2110229780897213e-16,8.8921807829948943e-17,1
B3_D2_Original,B3,2,Original,full-grid,840,12,35,77,0.99895436446038777,0.99656255005954075,-0.069086222166817202,1,0,-1,STABLE,3.7290176951055937e-16,8.8921807814759266e-17,1
B3_D2_Original,B3,2,Original,full-grid,841,12,36,78,0.99870054390271523,0.99632752884633502,-0.068805753062769287,1,0,-1,STABLE,3.419397594885573e-16,8.8921807814757504e-17,1
B3_D2_Original,B3,2,Original,full-grid,842,12,37,79,0.99873128261494315,0.99848360175845574,-0.022241220585913327,1,0,-1,STABLE,4.0064324871571117e-16,8.8921807814759291e-17,1
B3_D2_Original,B3,2,Original,full-grid,843,12,38,80,0.99881662570884366,0.9985697293604423,-0.022206922285924188,1,0,-1,STABLE,2.8577168061514555e-16,8.8921807829948968e-17,1
B3_D2_Original,B3,2,Original,full-grid,844,12,39,81,0.99890130175667358,0.99865522501167736,-0.022170976704994377,1,0,-1,STABLE,3.5718367481634864e-16,8.8921807814759266e-17,1
B3_D2_Original,B3,2,Original,full-grid,845,12,40,82,0.99898526471404481,0.99874004210317957,-0.022133400451114203,1,0,-1,STABLE,3.8306940345725346e-16,8.8921807814757504e-17,1
B3_D2_Original,B3,2,Original,full-grid,846,12,41,83,0.99906846894051982,0.99882413437636219,-0.02209421232959009,1,0,-1,STABLE,2.9905042550462586e-16,8.8921807814759266e-17,1
B3_D2_Original,B3,2,Original,full-grid,847,12,42,84,0.99915086935439701,0.9989074560784259,-0.022053433351179361,1,0,-1,STABLE,2.5420257880629868e-16,8.8921807829948943e-17,1
B3_D2_Original,B3,2,Original,full-grid,848,12,43,85,0.99923242158979009,0.9989899621204017,-0.022011086726338787,1,0,-1,STABLE,2.974475049498519e-16,8.8921807814759266e-17,1
B3_D2_Original,B3,2,Original,full-grid,849,12,44,86,0.99931308215415782,0.99907160823602559,-0.021967197844148096,1,0,-1,STABLE,4.5128308159599996e-16,8.8921807814757504e-17,1
B3_D2_Original,B3,2,Original,full-grid,850,12,45,87,0.99939280858481427,0.9991523511399526,-0.021921794236508335,1,0,-1,STABLE,2.6495992452805369e-16,8.8921807814759254e-17,1
B3_D2_Original,B3,2,Original,full-grid,851,12,46,88,0.9994715596025967,0.99923214868348942,-0.021874905527204429,1,0,-1,STABLE,2.6819504802811314e-16,8.892180782994898e-17,1
B3_D2_Original,B3,2,Original,full-grid,852,12,47,89,0.99954929526105296,0.99931096000618591,-0.021826563366293694,1,0,-1,STABLE,3.7816451857372246e-16,8.8921807814759266e-17,1
B3_D2_Original,B3,2,Original,full-grid,853,12,48,90,0.99962597708951562,0.99938874568163838,-0.021776801350301956,1,0,-1,STABLE,3.7543409524113163e-16,8.8921807814757504e-17,1
B3_D2_Original,B3,2,Original,full-grid,854,12,49,91,0.99970156822855816,0.99946546785596624,-0.021725654928974041,1,0,-1,STABLE,2.8500487205704943e-16,8.8921807814759254e-17,1
B3_D2_Original,B3,2,Original,full-grid,855,12,50,92,0.99977603355627853,0.99954109037738625,-0.021673161299421918,1,0,-1,STABLE,2.9542461304888107e-16,8.8921807829948943e-17,1
B3_D2_Original,B3,2,Original,full-grid,856,12,51,93,0.99984933980431356,0.99961557891574859,-0.021619359288714859,1,0,-1,STABLE,3.3349204720268932e-16,8.8921807814759266e-17,1
B3_D2_Original,B3,2,Original,full-grid,857,12,52,94,0.99992145566224633,0.99968890107066122,-0.021564289226389002,1,0,-1,STABLE,3.3910731788857547e-16,8.8921807814757504e-17,1
B3_D2_Original,B3,2,Original,full-grid,858,12,53,95,0.99999235186953972,0.9997610264673007,-0.0215079928078525,1,0,-1,STABLE,3.6336521835279497e-16,8.8921807814759291e-17,1
B3_D2_Original,B3,2,Original,full-grid,859,12,54,96,1.0000620012943606,0.99983192683922462,-0.021450512950627925,0,0,1,UNSTABLE,3.7542453311168641e-16,8.8921807829948968e-17,1
B3_D2_Original,B3,2,Original,full-grid,860,12,55,97,1.0001303789984546,0.99990157609731145,-0.021391893644671377,0,0,1,UNSTABLE,3.5065679853513608e-16,8.8921807814759266e-17,1
B3_D2_Original,B3,2,Original,full-grid,861,12,56,98,1.0001974622880514,0.99996995038476766,-0.021332179798213384,0,0,1,UNSTABLE,3.4383732048002001e-16,8.8921807814757504e-17,1
B3_D2_Original,B3,2,Original,full-grid,862,12,57,99,1.0002632307504116,1.0000370281177617,-0.021271417081293025,0,0,1,UNSTABLE,3.9622728429779372e-16,8.8921807814759266e-17,1
B3_D2_Original,B3,2,Original,full-grid,863,12,58,100,1.0003276662762592,1.0001027900119017,-0.02120965176793287,0,0,1,UNSTABLE,5.0548963728536339e-16,8.8921807829948943e-17,1
B3_D2_Original,B3,2,Original,full-grid,864,12,59,101,1.0003907530682234,1.0001672190946396,-0.021146930578752735,0,0,1,UNSTABLE,3.0253442637970683e-16,8.8921807814759266e-17,1
B3_D2_Original,B3,2,Original,full-grid,865,12,60,102,1.0004524776357757,1.0002303007040476,-0.021083300525600243,0,0,1,UNSTABLE,4.2822336574103835e-16,8.8921807814757504e-17,1
B3_D2_Original,B3,2,Original,full-grid,866,12,61,103,1.0005128287772858,1.0002920224745737,-0.021018808759136552,0,0,1,UNSTABLE,4.2820679242536621e-16,8.8921807814759254e-17,1
B3_D2_Original,B3,2,Original,full-grid,867,12,62,104,1.0005717975498347,1.0003523743103695,-0.020953502421159897,0,0,1,UNSTABLE,3.9428875007283491e-16,8.892180782994898e-17,1
B3_D2_Original,B3,2,Original,full-grid,868,12,63,105,1.0006293772277428,1.0004113483471377,-0.020887428502384047,0,0,1,UNSTABLE,4.068132689791954e-16,8.8921807814759266e-17,1
B3_D2_Original,B3,2,Original,full-grid,869,12,64,106,1.0006855632505915,1.0004689389032588,-0.020820633706516496,0,0,1,UNSTABLE,4.0372873092292179e-16,8.8921807814757504e-17,1
B3_D2_Original,B3,2,Original,full-grid,870,12,65,107,1.0007403531619068,1.0005251424213359,-0.020753164322175624,0,0,1,UNSTABLE,2.6735478911919866e-16,8.8921807814759254e-17,1
B3_D2_Original,B3,2,Original,full-grid,871,12,66,108,1.000793746539473,1.0005799574011329,-0.020685066102432207,0,0,1,UNSTABLE,5.0832693737930958e-16,8.8921807829948943e-17,1
B3_D2_Original,B3,2,Original,full-grid,872,13,0,43,0.99672002596924791,0.99363605499427943,-0.078346667979842299,1,0,-1,STABLE,2.1814523382371032e-16,9.6280366670588406e-17,1
B3_D2_Original,B3,2,Original,full-grid,873,13,1,44,0.99708192826960829,0.99400040756343466,-0.078329824751280155,1,0,-1,STABLE,2.7076269412493054e-16,8.8921807829948943e-17,1
B3_D2_Original,B3,2,Original,full-grid,874,13,2,45,0.99743940328795822,0.99436251012291721,-0.078285130730487845,1,0,-1,STABLE,3.3866083863803136e-16,8.8921807814759266e-17,1
B3_D2_Original,B3,2,Original,full-grid,875,13,3,46,0.99779020194302259,0.99472006574144145,-0.078213028996710052,1,0,-1,STABLE,2.5136124115266248e-16,8.8921807814757504e-17,1
B3_D2_Original,B3,2,Original,full-grid,876,13,4,47,0.99813218484817812,0.99507086928977873,-0.078114169781684673,1,0,-1,STABLE,2.550833090752714e-16,8.8921807814759279e-17,1
B3_D2_Original,B3,2,Original,full-grid,877,13,5,48,0.99846333841766333,0.99541282531710196,-0.077989392601622756,1,0,-1,STABLE,5.8519821187363995e-16,8.8921807829948968e-17,1
B3_D2_Original,B3,2,Original,full-grid,878,13,6,49,0.99878178795074635,0.995743962976393,-0.077839707978365896,1,0,-1,STABLE,4.2669470837437207e-16,8.8921807814759254e-17,1
B3_D2_Original,B3,2,Original,full-grid,879,13,7,50,0.99908580822579174,0.99606244849746983,-0.07766627898521182,1,0,-1,STABLE,2.0794447199994178e-16,8.8921807814757491e-17,1
B3_D2_Original,B3,2,Original,full-grid,880,13,8,51,0.9993738319996196,0.99636659558576668,-0.077470402647934117,1,0,-1,STABLE,3.5242063455411703e-16,8.8921807814759266e-17,1
B3_D2_Original,B3,2,Original,full-grid,881,13,9,52,0.99964445663200818,0.99665487395831409,-0.077253491120076803,1,0,-1,STABLE,3.2967781177852888e-16,8.8921807829948968e-17,1
B3_D2_Original,B3,2,Original,full-grid,882,13,10,53,0.99989644888384077,0.99692591605882086,-0.077017052532515104,1,0,-1,STABLE,2.769746715035457e-16,8.8921807814759266e-17,1
B3_D2_Original,B3,2,Original,full-grid,883,13,11,54,1.0001287478029741,0.99717852185560174,-0.076762671473978819,0,0,1,UNSTABLE,2.5769535832231149e-16,8.8921807814757504e-17,1
B3_D2_Original,B3,2,Original,full-grid,884,13,12,55,1.0003404655360058,0.99741166154323579,-0.076491989164579166,0,0,1,UNSTABLE,2.5087584514964998e-16,8.8921807814759266e-17,1
B3_D2_Original,B3,2,Original,full-grid,885,13,13,56,1.0005308858922206,0.99762447594894132,-0.076206683511829271,0,0,1,UNSTABLE,2.8302511918420726e-16,8.892180782994898e-17,1
B3_D2_Original,B3,2,Original,full-grid,886,13,14,57,1.0006994605345643,0.99781627448677179,-0.075908449355176613,0,0,1,UNSTABLE,4.3959350540517071e-16,8.8921807814759266e-17,1
B3_D2_Original,B3,2,Original,full-grid,887,13,15,58,1.000845802764821,0.99798653059138109,-0.075598979292959098,0,0,1,UNSTABLE,2.7709705524225025e-16,8.8921807814757504e-17,1
B3_D2_Original,B3,2,Original,full-grid,888,13,16,59,1.000969678988068,0.99813487468111961,-0.075279945528550829,0,0,1,UNSTABLE,2.1940945038686032e-16,8.8921807814759254e-17,1
B3_D2_Original,B3,2,Original,full-grid,889,13,17,60,1.0010709980629653,0.99826108482562059,-0.074952983166495568,0,0,1,UNSTABLE,2.9899297310735442e-16,8.8921807829948943e-17,1
B3_D2_Original,B3,2,Original,full-grid,890,13,18,61,1.0011497988516098,0.99836507540721575,-0.074619675339439209,0,0,1,UNSTABLE,2.4104671076494801e-16,8.8921807814759266e-17,1
B3_D2_Original,B3,2,Original,full-grid,891,13,19,62,1.0012062363622458,0.99844688415422866,-0.074281540461716047,0,0,1,UNSTABLE,1.6699598032652909e-16,8.8921807814757504e-17,1
B3_D2_Original,B3,2,Original,full-grid,892,13,20,63,1.0012405669224005,0.99850665797850224,-0.073940021799374853,0,0,1,UNSTABLE,3.3895519850245847e-16,8.8921807814759279e-17,1
B3_D2_Original,B3,2,Original,full-grid,893,13,21,64,1.0012531328285403,0.9985446380678038,-0.073596479433497383,0,0,1,UNSTABLE,2.6971017355525353e-16,8.8921807829948968e-17,1
B3_D2_Original,B3,2,Original,full-grid,894,13,22,65,1.0012443468939072,0.99856114466786705,-0.073252184585895747,0,0,1,UNSTABLE,3.7739629407831386e-16,8.8921807814759266e-17,1
B3_D2_Original,B3,2,Original,full-grid,895,13,23,66,1.0012146772665462,0.99855656194592513,-0.072908316183327465,0,0,1,UNSTABLE,2.9754355262778526e-16,8.8921807814757504e-17,1
B3_D2_Original,B3,2,Original,full-grid,896,13,24,67,1.0011646328221278,0.99853132326480987,-0.072565959463744112,0,0,1,UNSTABLE,3.521172777683149e-16,8.8921807814759266e-17,1
B3_D2_Original,B3,2,Original,full-grid,897,13,25,68,1.00109474936024,0.99848589712328073,-0.072226106378228461,0,0,1,UNSTABLE,4.2827002704961283e-16,8.8921807829948943e-17,1
B3_D2_Original,B3,2,Original,full-grid,898,13,26,69,1.0010055767546755,0.9984207739407257,-0.071889657514577238,0,0,1,UNSTABLE,2.3715187857178934e-16,8.8921807814759266e-17,1
B3_D2_Original,B3,2,Original,full-grid,899,13,27,70,1.0008976671344698,0.9983364537896775,-0.071557425260238311,0,0,1,UNSTABLE,3.0251094885791325e-16,8.8921807814757504e-17,1
B3_D2_Original,B3,2,Original,full-grid,900,13,28,71,1.0007715641055011,0.99823343511060658,-0.071230137929456358,0,0,1,UNSTABLE,3.5755576946880425e-16,8.8921807814759266e-17,1
B3_D2_Original,B3,2,Original,full-grid,901,13,29,72,1.0006277929655474,0.99811220438368897,-0.070908444598901263,0,0,1,UNSTABLE,5.4608895655538527e-16,8.892180782994898e-17,1
B3_D2_Original,B3,2,Original,full-grid,902,13,30,73,1.0004668518176838,0.99797322668114541,-0.070592920421316527,0,0,1,UNSTABLE,3.6166165893188913e-16,8.8921807814759266e-17,1
B3_D2_Original,B3,2,Original,full-grid,903,13,31,74,1.0002892034480944,0.99781693698157214,-0.07028407221793985,0,0,1,UNSTABLE,2.9471061862808312e-16,8.8921807814757504e-17,1
B3_D2_Original,B3,2,Original,full-grid,904,13,32,75,1.000095267802509,0.99764373209282331,-0.069982344179622735,0,0,1,UNSTABLE,3.4101102930962163e-16,8.8921807814759254e-17,1
B3_D2_Original,B3,2,Original,full-grid,905,13,33,76,0.99988541486787752,0.99745396299950073,-0.069688123536928909,1,0,-1,STABLE,3.7223825871276979e-16,8.8921807829948943e-17,1
B3_D2_Original,B3,2,Original,full-grid,906,13,34,77,0.99965995774081584,0.99724792742370127,-0.06940174608395433,1,0,-1,STABLE,2.7671856694272041e-16,8.8921807814759266e-17,1
B3_D2_Original,B3,2,Original,full-grid,907,13,35,78,0.99941914563751355,0.99702586235888579,-0.069123501461787917,1,0,-1,STABLE,2.9771582462253587e-16,8.8921807814757504e-17,1
B3_D2_Original,B3,2,Original,full-grid,908,13,36,79,0.99916315656836241,0.99678793630390827,-0.068853638122101865,1,0,-1,STABLE,3.3668601154587385e-16,8.8921807814759279e-17,1
B3_D2_Original,B3,2,Original,full-grid,909,13,37,80,0.99889208936034779,0.99653424088327647,-0.068592367898133097,1,0,-1,STABLE,2.1260874909151114e-16,8.8921807829948968e-17,1
B3_D2_Original,B3,2,Original,full-grid,910,13,38,81,0.99882102676268025,0.99857418484882587,-0.022204523340031309,1,0,-1,STABLE,4.282647954066332e-16,8.8921807814759266e-17,1
B3_D2_Original,B3,2,Original,full-grid,911,13,39,82,0.99890560000017914,0.99865957900231173,-0.022168513225825266,1,0,-1,STABLE,4.3336292421753752e-16,8.8921807814757504e-17,1
B3_D2_Original,B3,2,Original,full-grid,912,13,40,83,0.99898945869923361,0.998744293037092,-0.022130877027966234,1,0,-1,STABLE,3.6285535302731042e-16,8.8921807814759266e-17,1
B3_D2_Original,B3,2,Original,full-grid,913,13,41,84,0.99907255748008728,0.99882828095483545,-0.022091633588546971,1,0,-1,STABLE,3.9250251182695981e-16,8.8921807829948943e-17,1
B3_D2_Original,B3,2,Original,full-grid,914,13,42,85,0.99915485152186978,0.99891149726359751,-0.022050803937438031,1,0,-1,STABLE,4.6055146081187838e-16,8.8921807814759266e-17,1
B3_D2_Original,B3,2,Original,full-grid,915,13,43,86,0.99923629671806724,0.99899389713426434,-0.022008411285956805,1,0,-1,STABLE,4.7900009900196619e-16,8.8921807814757504e-17,1
B3_D2_Original,B3,2,Original,full-grid,916,13,44,87,0.99931684983263047,0.99907543655798414,-0.021964481006509159,1,0,-1,STABLE,3.4761632000970613e-16,8.8921807814759266e-17,1
B3_D2_Original,B3,2,Original,full-grid,917,13,45,88,0.99939646865493093,0.99915607250282168,-0.021919040596754501,1,0,-1,STABLE,3.5821546282697763e-16,8.892180782994898e-17,1
B3_D2_Original,B3,2,Original,full-grid,918,13,46,89,0.99947511215204377,0.99923576306808692,-0.021872119629302335,1,0,-1,STABLE,2.8378607597577946e-16,8.8921807814759266e-17,1
B3_D2_Original,B3,2,Original,full-grid,919,13,47,90,0.99955274061652077,0.9993144676344905,-0.021823749686805335,1,0,-1,STABLE,3.5499063628173889e-16,8.8921807814757504e-17,1
B3_D2_Original,B3,2,Original,full-grid,920,13,48,91,0.99962931580822256,0.99939214700868217,-0.021773964282866494,1,0,-1,STABLE,4.1366760351377167e-16,8.8921807814759254e-17,1
B3_D2_Original,B3,2,Original,full-grid,921,13,49,92,0.99970480108853232,0.99946876356046044,-0.021722798769646987,1,0,-1,STABLE,3.5583961059926696e-16,8.8921807829948943e-17,1
B3_D2_Original,B3,2,Original,full-grid,922,13,50,93,0.99977916154563773,0.99954428135131135,-0.021670290233145723,1,0,-1,STABLE,3.5524978557605832e-16,8.8921807814759266e-17,1
B3_D2_Original,B3,2,Original,full-grid,923,13,51,94,0.99985236410952727,0.99961866625289975,-0.02161647737686314,1,0,-1,STABLE,2.9749790127624263e-16,8.8921807814757504e-17,1
B3_D2_Original,B3,2,Original,full-grid,924,13,52,95,0.99992437765560582,0.99969188605436776,-0.021561400395421256,1,0,-1,STABLE,3.5734029495442558e-16,8.8921807814759279e-17,1
B3_D2_Original,B3,2,Original,full-grid,925,13,53,96,0.99999517309603891,0.99976391055751734,-0.021505100839505964,1,0,-1,STABLE,3.6983943311444111e-16,8.8921807829948968e-17,1
B3_D2_Original,B3,2,Original,full-grid,926,13,54,97,1.0000647234579132,0.99983471165893156,-0.021447621473104923,0,0,1,UNSTABLE,3.533825955261869e-16,8.8921807814759266e-17,1
B3_D2_Original,B3,2,Original,full-grid,927,13,55,98,1.0001330039478824,0.99990426341864702,-0.021389006125302826,0,0,1,UNSTABLE,4.1789091689921029e-16,8.8921807814757504e-17,1
B3_D2_Original,B3,2,Original,full-grid,928,13,56,99,1.0001999920027445,0.99997254211479603,-0.021329299537552835,0,0,1,UNSTABLE,3.7436624728771792e-16,8.8921807814759266e-17,1
B3_D2_Original,B3,2,Original,full-grid,929,13,57,100,1.0002656673259565,1.0000395262841795,-0.021268547208378761,0,0,1,UNSTABLE,2.74844560027553e-16,8.8921807829948943e-17,1
B3_D2_Original,B3,2,Original,full-grid,930,13,58,101,1.0003300119101213,1.0001051967487626,-0.021206795236948135,0,0,1,UNSTABLE,4.1087087587795855e-16,8.8921807814759266e-17,1
B3_D2_Original,B3,2,Original,full-grid,931,13,59,102,1.000393010045542,1.0001695366281629,-0.021144090166894749,0,0,1,UNSTABLE,3.6888243317361355e-16,8.8921807814757504e-17,1
B3_D2_Original,B3,2,Original,full-grid,932,13,60,103,1.0004546483155523,1.0002325313387885,-0.021080478832200163,0,0,1,UNSTABLE,3.2164687382681447e-16,8.8921807814759266e-17,1
B3_D2_Original,B3,2,Original,full-grid,933,13,61,104,1.000514915578911,1.0002941685799054,-0.02101600820591281,0,0,1,UNSTABLE,5.0889260593586562e-16,8.892180782994898e-17,1
B3_D2_Original,B3,2,Original,full-grid,934,13,62,105,1.0005738029401179,1.0003544383074441,-0.020950725253504245,0,0,1,UNSTABLE,3.6244075479810115e-16,8.8921807814759266e-17,1
B3_D2_Original,B3,2,Original,full-grid,935,13,63,106,1.0006313037085255,1.0004133326964098,-0.02088467679151006,0,0,1,UNSTABLE,2.8724055295296093e-16,8.8921807814757504e-17,1
B3_D2_Original,B3,2,Original,full-grid,936,13,64,107,1.0006874133469972,1.0004708460926193,-0.020817909352827162,0,0,1,UNSTABLE,3.4015686049874376e-16,8.8921807814759254e-17,1
B3_D2_Original,B3,2,Original,full-grid,937,13,65,108,1.0007421294112846,1.0005269749549313,-0.020750469058955754,0,0,1,UNSTABLE,2.1757806611310439e-16,8.8921807829948943e-17,1
B3_D2_Original,B3,2,Original,full-grid,938,13,66,109,1.0007954514810957,1.000581717788916,-0.020682401500601987,0,0,1,UNSTABLE,3.0452877084534366e-16,8.8921807814759266e-17,1
B3_D2_Original,B3,2,Original,full-grid,939,14,0,44,0.99750192093992596,0.99442469928905863,-0.078291760247854336,1,0,-1,STABLE,3.3715832930431934e-16,9.6280366670626789e-17,1
B3_D2_Original,B3,2,Original,full-grid,940,14,1,45,0.99785712146035033,0.99478341420817906,-0.078261060978336183,1,0,-1,STABLE,3.7179774306516343e-16,8.8921807814759266e-17,1
B3_D2_Original,B3,2,Original,full-grid,941,14,2,46,0.99820648956615399,0.99513840045336188,-0.07820332317177249,1,0,-1,STABLE,3.2193586002813016e-16,8.8921807814757504e-17,1
B3_D2_Original,B3,2,Original,full-grid,942,14,3,47,0.99854793376567597,0.99548750568167743,-0.078119152961186267,1,0,-1,STABLE,4.0792556143637112e-16,8.8921807814759279e-17,1
B3_D2_Original,B3,2,Original,full-grid,943,14,4,48,0.99887948689279205,0.99582868664177915,-0.078009334034566585,1,0,-1,STABLE,6.6787011280894941e-16,8.8921807829948968e-17,1
B3_D2_Original,B3,2,Original,full-grid,944,14,5,49,0.99919931579178622,0.99616002069330056,-0.077874808835058984,1,0,-1,STABLE,4.2938640814123088e-16,8.8921807814759266e-17,1
B3_D2_Original,B3,2,Original,full-grid,945,14,6,50,0.99950572851937758,0.99647971479623165,-0.07771666065054815,1,0,-1,STABLE,4.7342008917987554e-16,8.8921807814757504e-17,1
B3_D2_Original,B3,2,Original,full-grid,946,14,7,51,0.99979717978102378,0.99678611267680228,-0.077536096579322089,1,0,-1,STABLE,6.9714345861837451e-16,8.8921807814759266e-17,1
B3_D2_Original,B3,2,Original,full-grid,947,14,8,52,1.0000722750947275,0.99707770066903634,-0.077334431152571104,0,0,1,UNSTABLE,2.6239798741949808e-16,8.8921807829948943e-17,1
B3_D2_Original,B3,2,Original,full-grid,948,14,9,53,1.0003297739330945,0.99735311249613168,-0.077113070301439643,0,0,1,UNSTABLE,3.262799489003635e-16,8.8921807814759279e-17,1
B3_D2_Original,B3,2,Original,full-grid,949,14,10,54,1.0005685918769607,0.99761113303784454,-0.076873495364736394,0,0,1,UNSTABLE,3.0286073014482049e-16,8.8921807814757504e-17,1
B3_D2_Original,B3,2,Original,full-grid,950,14,11,55,1.0007878016490652,0.99785070095878736,-0.076617246920164347,0,0,1,UNSTABLE,4.4731180030483167e-16,8.8921807814759266e-17,1
B3_D2_Original,B3,2,Original,full-grid,951,14,12,56,1.0009866328008796,0.99807090996750547,-0.076345908355842609,0,0,1,UNSTABLE,3.7545821949467983e-16,8.892180782994898e-17,1
B3_D2_Original,B3,2,Original,full-grid,952,14,13,57,1.0011644698020874,0.9982710084422064,-0.076061089249857342,0,0,1,UNSTABLE,2.4432643441833353e-16,8.8921807814759266e-17,1
B3_D2_Original,B3,2,Original,full-grid,953,14,14,58,1.0013208483218825,0.9984503971898,-0.075764408765495353,0,0,1,UNSTABLE,2.6906356735063784e-16,8.8921807814757504e-17,1
B3_D2_Original,B3,2,Original,full-grid,954,14,15,59,1.0014554495786621,0.99860862518643612,-0.075457479377833148,0,0,1,UNSTABLE,4.6355873743655854e-16,8.8921807814759266e-17,1
B3_D2_Original,B3,2,Original,full-grid,955,14,16,60,1.0015680927490815,0.99874538326008699,-0.075141891310341116,0,0,1,UNSTABLE,2.5881973658749657e-16,8.8921807829948943e-17,1
B3_D2_Original,B3,2,Original,full-grid,956,14,17,61,1.0016587255492833,0.99886049579934055,-0.074819198074491694,0,0,1,UNSTABLE,2.3633805224356673e-16,8.8921807814759266e-17,1
B3_D2_Original,B3,2,Original,full-grid,957,14,18,62,1.0017274132110907,0.99895391068764017,-0.074490903474540779,0,0,1,UNSTABLE,2.8655214407775435e-16,8.8921807814757504e-17,1
B3_D2_Original,B3,2,Original,full-grid,958,14,19,63,1.0017743261620917,0.99902568775572509,-0.074158450372923027,0,0,1,UNSTABLE,2.9307174072607614e-16,8.8921807814759279e-17,1
B3_D2_Original,B3,2,Original,full-grid,959,14,20,64,1.0017997267727377,0.99907598610780957,-0.073823211421879698,0,0,1,UNSTABLE,2.4254748449723535e-16,8.8921807829948968e-17,1
B3_D2_Original,B3,2,Original,full-grid,960,14,21,65,1.0018039555534897,0.9991050507056386,-0.073486481866408659,0,0,1,UNSTABLE,3.5506365504745509e-16,8.8921807814759266e-17,1
B3_D2_Original,B3,2,Original,full-grid,961,14,22,66,1.0017874171744443,0.9991131985917685,-0.0731494744257912,0,0,1,UNSTABLE,4.3892576114738156e-16,8.8921807814757504e-17,1
B3_D2_Original,B3,2,Original,full-grid,962,14,23,67,1.0017505666429041,0.99910080510286758,-0.072813316173496428,0,0,1,UNSTABLE,2.7689433348677788e-16,8.8921807814759266e-17,1
B3_D2_Original,B3,2,Original,full-grid,963,14,24,68,1.0016938959204913,0.99906829037456357,-0.072479047264838573,0,0,1,UNSTABLE,2.5899868034741129e-16,8.8921807829948943e-17,1
B3_D2_Original,B3,2,Original,full-grid,964,14,25,69,1.0016179211957028,0.99901610637637772,-0.072147621312024027,0,0,1,UNSTABLE,4.2599387016420804e-16,8.8921807814759279e-17,1
B3_D2_Original,B3,2,Original,full-grid,965,14,26,70,1.0015231709598604,0.99894472464838047,-0.071819907175272923,0,0,1,UNSTABLE,4.6384497243502582e-16,8.8921807814757504e-17,1
B3_D2_Original,B3,2,Original,full-grid,966,14,27,71,1.001410174966906,0.99885462484323173,-0.071496691927224659,0,0,1,UNSTABLE,3.554160066354467e-16,8.8921807814759266e-17,1
B3_D2_Original,B3,2,Original,full-grid,967,14,28,72,1.0012794540965111,0.99874628411478428,-0.071178684749844651,0,0,1,UNSTABLE,3.6495626074154809e-16,8.892180782994898e-17,1
B3_D2_Original,B3,2,Original,full-grid,968,14,29,73,1.0011315110853909,0.99862016733751147,-0.070866521538162822,0,0,1,UNSTABLE,3.7655357650467711e-16,8.8921807814759266e-17,1
B3_D2_Original,B3,2,Original,full-grid,969,14,30,74,1.0009668220459886,0.99847671809257754,-0.070560770006578802,0,0,1,UNSTABLE,2.2308883727946003e-16,8.8921807814757504e-17,1
B3_D2_Original,B3,2,Original,full-grid,970,14,31,75,1.0007858286529479,0.99831635031473176,-0.070261935120244937,0,0,1,UNSTABLE,2.5342779842479575e-16,8.8921807814759266e-17,1
B3_D2_Original,B3,2,Original,full-grid,971,14,32,76,1.0005889308450098,0.99813944045852931,-0.069970464702572385,0,0,1,UNSTABLE,3.5127842078346372e-16,8.8921807829948943e-17,1
B3_D2_Original,B3,2,Original,full-grid,972,14,33,77,1.0003764798615111,0.99794632001130568,-0.069686755097371045,0,0,1,UNSTABLE,3.0081251135667588e-16,8.8921807814759266e-17,1
B3_D2_Original,B3,2,Original,full-grid,973,14,34,78,1.000148771404997,0.99773726815026309,-0.069411156790354991,0,0,1,UNSTABLE,2.7442814668849173e-16,8.8921807814757504e-17,1
B3_D2_Original,B3,2,Original,full-grid,974,14,35,79,0.99990603869228123,0.99751250430981009,-0.069143979917711387,1,0,-1,STABLE,3.0893440839767245e-16,8.8921807814759279e-17,1
B3_D2_Original,B3,2,Original,full-grid,975,14,36,80,0.99964844512184636,0.99727218038925902,-0.068885499607523007,1,0,-1,STABLE,2.9093114298558069e-16,8.8921807829948968e-17,1
B3_D2_Original,B3,2,Original,full-grid,976,14,37,81,0.99937607624118374,0.99701637228539886,-0.068635961114325086,1,0,-1,STABLE,2.7065357679001889e-16,8.8921807814759266e-17,1
B3_D2_Original,B3,2,Original,full-grid,977,14,38,82,0.99908893063827053,0.99674507037431748,-0.068395584714365437,1,0,-1,STABLE,2.8862136446160928e-16,8.8921807814757504e-17,1
B3_D2_Original,B3,2,Original,full-grid,978,14,39,83,0.99890991381610084,0.99866394870212427,-0.022166043462264955,1,0,-1,STABLE,6.0067556700725247e-16,8.8921807814759266e-17,1
B3_D2_Original,B3,2,Original,full-grid,979,14,40,84,0.99899366786066424,0.99874855928897355,-0.022128347066662085,1,0,-1,STABLE,3.7119513774999661e-16,8.8921807829948943e-17,1
B3_D2_Original,B3,2,Original,full-grid,980,14,41,85,0.99907666079764201,0.99883244245756897,-0.022089048073958794,1,0,-1,STABLE,2.4088122513645603e-16,8.8921807814759279e-17,1
B3_D2_Original,B3,2,Original,full-grid,981,14,42,86,0.9991588480677871,0.99891555297763446,-0.022048167532339107,1,0,-1,STABLE,2.7851661762414216e-16,8.8921807814757504e-17,1
B3_D2_Original,B3,2,Original,full-grid,982,14,43,87,0.99924018582477836,0.99899784628073229,-0.022005728654056058,1,0,-1,STABLE,2.5340387694022472e-16,8.8921807814759266e-17,1
B3_D2_Original,B3,2,Original,full-grid,983,14,44,88,0.99932063108975822,0.99907927861613854,-0.021961756794236797,1,0,-1,STABLE,4.6126015778369568e-16,8.892180782994898e-17,1
B3_D2_Original,B3,2,Original,full-grid,984,14,45,89,0.99940014190490745,0.99915980720608821,-0.021916279416042593,1,0,-1,STABLE,3.9722855516897412e-16,8.8921807814759266e-17,1
B3_D2_Original,B3,2,Original,full-grid,985,14,46,90,0.99947867748417352,0.99923939039853849,-0.021869326040591056,1,0,-1,STABLE,3.4388957513382407e-16,8.8921807814757504e-17,1
B3_D2_Original,B3,2,Original,full-grid,986,14,47,91,0.99955619835975706,0.99931798781601855,-0.021820928182680249,1,0,-1,STABLE,3.4976722298516619e-16,8.8921807814759266e-17,1
B3_D2_Original,B3,2,Original,full-grid,987,14,48,92,0.99963266652263227,0.99939556049883005,-0.021771119272494442,1,0,-1,STABLE,2.9699907140469598e-16,8.8921807829948943e-17,1
B3_D2_Original,B3,2,Original,full-grid,988,14,49,93,0.9997080455555768,0.99947207104104485,-0.0217199345642662,1,0,-1,STABLE,3.0683349428995227e-16,8.8921807814759266e-17,1
B3_D2_Original,B3,2,Original,full-grid,989,14,50,94,0.99978230075735974,0.99954748371792324,-0.021667411032417167,1,0,-1,STABLE,2.6214201851126351e-16,8.8921807814757504e-17,1
B3_D2_Original,B3,2,Original,full-grid,990,14,51,95,0.99985539925683353,0.9996217646034703,-0.021613587256310764,1,0,-1,STABLE,3.2166391894660856e-16,8.8921807814759279e-17,1
B3_D2_Original,B3,2,Original,full-grid,991,14,52,96,0.99992731011574221,0.99969488167688658,-0.021558503295441938,1,0,-1,STABLE,3.1017838442094778e-16,8.8921807829948968e-17,1
B3_D2_Original,B3,2,Original,full-grid,992,14,53,97,0.99999800441932885,0.99976680491699121,-0.021502200555087125,1,0,-1,STABLE,3.2994132152752008e-16,8.8921807814759266e-17,1
B3_D2_Original,B3,2,Original,full-grid,993,14,54,98,1.0000674553540707,0.99983750638387381,-0.021444721645277779,0,0,1,UNSTABLE,2.4333014729199959e-16,8.8921807814757504e-17,1
B3_D2_Original,B3,2,Original,full-grid,994,14,55,99,1.0001356382718782,0.99990696028708825,-0.021386110233804535,0,0,1,UNSTABLE,2.8786579191740122e-16,8.8921807814759266e-17,1
B3_D2_Original,B3,2,Original,full-grid,995,14,56,100,1.0002025307404956,0.9999751430400865,-0.021326410894728625,0,0,1,UNSTABLE,3.0502063374341169e-16,8.8921807829948943e-17,1
B3_D2_Original,B3,2,Original,full-grid,996,14,57,101,1.0002681125799164,1.0000420333006508,-0.021265668954650249,0,0,1,UNSTABLE,6.5327391963550371e-16,8.8921807814759279e-17,1
B3_D2_Original,B3,2,Original,full-grid,997,14,58,102,1.000332365884897,1.0001076119973915,-0.021203930337334836,0,0,1,UNSTABLE,3.0862902296873097e-16,8.8921807814757504e-17,1
B3_D2_Original,B3,2,Original,full-grid,998,14,59,103,1.0003952750337406,1.0001718623424283,-0.021141241408960169,0,0,1,UNSTABLE,3.9081732013957054e-16,8.8921807814759266e-17,1
B3_D2_Original,B3,2,Original,full-grid,999,14,60,104,1.00045682668387,1.0002347698307461,-0.021077648825084352,0,0,1,UNSTABLE,2.7336683204291907e-16,8.892180782994898e-17,1
B3_D2_Original,B3,2,Original,full-grid,1000,14,61,105,1.0005170097546372,1.0002963222266441,-0.021013199380649723,0,0,1,UNSTABLE,3.2578510698599057e-16,8.8921807814759266e-17,1
B3_D2_Original,B3,2,Original,full-grid,1001,14,62,106,1.0005758153981947,1.0003565095380782,-0.020947939864224344,0,0,1,UNSTABLE,3.202853181256856e-16,8.8921807814757504e-17,1
B3_D2_Original,B3,2,Original,full-grid,1002,14,63,107,1.0006332369590634,1.0004153239795019,-0.02088191691778199,0,0,1,UNSTABLE,3.313742931652761e-16,8.8921807814759266e-17,1
B3_D2_Original,B3,2,Original,full-grid,1003,14,64,108,1.0006892699235417,1.0004727599243366,-0.020815176902714942,0,0,1,UNSTABLE,2.2667922394170859e-16,8.8921807829948943e-17,1
B3_D2_Original,B3,2,Original,full-grid,1004,14,65,109,1.0007439118597297,1.0005288138478277,-0.020747765773043558,0,0,1,UNSTABLE,3.2208131987615752e-16,8.8921807814759266e-17,1
B3_D2_Original,B3,2,Original,full-grid,1005,14,66,110,1.000797162349315,1.0005834842614219,-0.020679728956494104,0,0,1,UNSTABLE,3.9857553912838766e-16,8.8921807814757504e-17,1
B3_D2_Original,B3,2,Original,full-grid,1006,15,0,45,0.99832049798738065,0.99525430750735611,-0.078183630574595681,1,0,-1,STABLE,3.0203947638249769e-16,9.6280366670588443e-17,1
B3_D2_Original,B3,2,Original,full-grid,1007,15,1,46,0.99866669008285758,0.99560509093711314,-0.078138727793283125,1,0,-1,STABLE,3.7511973742103894e-16,8.8921807814756382e-17,1
B3_D2_Original,B3,2,Original,full-grid,1008,15,2,47,0.99900571117011039,0.9959507096479765,-0.07806788649752118,1,0,-1,STABLE,5.2770277256933907e-16,8.8921807814758145e-17,1
B3_D2_Original,B3,2,Original,full-grid,1009,15,3,48,0.99933566378539951,0.99628919451885389,-0.077971852603220801,1,0,-1,STABLE,3.2029155255410288e-16,8.8921807829948968e-17,1
B3_D2_Original,B3,2,Original,full-grid,1010,15,4,49,0.99965478172103917,0.99661869548523285,-0.077851515252119516,1,0,-1,STABLE,3.1857309248492507e-16,8.8921807814759266e-17,1
B3_D2_Original,B3,2,Original,full-grid,1011,15,5,50,0.99996143330733944,0.99693748654424574,-0.077707889077689926,1,0,-1,STABLE,3.1576623763835332e-16,8.8921807814757504e-17,1
B3_D2_Original,B3,2,Original,full-grid,1012,15,6,51,1.0002541231988789,0.99724396912088664,-0.077542098426455291,0,0,1,UNSTABLE,6.23780680410696e-16,8.8921807814759266e-17,1
B3_D2_Original,B3,2,Original,full-grid,1013,15,7,52,1.0005314934274556,0.99753667457634143,-0.077355363197057991,0,0,1,UNSTABLE,2.7279398233360164e-16,8.8921807829948968e-17,1
B3_D2_Original,B3,2,Original,full-grid,1014,15,8,53,1.0007923241830952,0.99781426635107984,-0.07714898580057826,0,0,1,UNSTABLE,2.5725547823819645e-16,8.8921807814759266e-17,1
B3_D2_Original,B3,2,Original,full-grid,1015,15,9,54,1.00103553449685,0.99807554195050441,-0.076924338707596143,0,0,1,UNSTABLE,2.4339691698794199e-16,8.8921807814757528e-17,1
B3_D2_Original,B3,2,Original,full-grid,1016,15,10,55,1.0012601827603742,0.99831943473716311,-0.076682852107944288,0,0,1,UNSTABLE,3.8065437447158525e-16,8.8921807814759266e-17,1
B3_D2_Original,B3,2,Original,full-grid,1017,15,11,56,1.0014654668473517,0.99854501531342188,-0.076426001337910957,0,0,1,UNSTABLE,1.7366012623123033e-16,8.892180782994898e-17,1
B3_D2_Original,B3,2,Original,full-grid,1018,15,12,57,1.001650723508851,0.99875149217279302,-0.076155293896250101,0,0,1,UNSTABLE,1.9026567865518757e-16,8.8921807814759279e-17,1
B3_D2_Original,B3,2,Original,full-grid,1019,15,13,58,1.0018154266967381,0.99893821126741189,-0.075872256045480216,0,0,1,UNSTABLE,3.6383560918712899e-16,8.8921807814757504e-17,1
B3_D2_Original,B3,2,Original,full-grid,1020,15,14,59,1.0019591845140434,0.99910465417321759,-0.07557841915164705,0,0,1,UNSTABLE,1.9771236079051772e-16,8.8921807814759254e-17,1
B3_D2_Original,B3,2,Original,full-grid,1021,15,15,60,1.0020817345825619,0.99925043461822094,-0.075275306039182921,0,0,1,UNSTABLE,3.1627001487492631e-16,8.8921807829948943e-17,1
B3_D2_Original,B3,2,Original,full-grid,1022,15,16,61,1.0021829377360778,0.99937529325389041,-0.074964417712779161,0,0,1,UNSTABLE,2.8322732621144847e-16,8.8921807814759266e-17,1
B3_D2_Original,B3,2,Original,full-grid,1023,15,17,62,1.0022627700724238,0.99947909067483898,-0.074647220825999783,0,0,1,UNSTABLE,3.0518932701511452e-16,8.8921807814757504e-17,1
B3_D2_Original,B3,2,Original,full-grid,1024,15,18,63,1.0023213135127904,0.99956179881096574,-0.074325136258147476,0,0,1,UNSTABLE,3.9419510093069555e-16,8.8921807814759279e-17,1
B3_D2_Original,B3,2,Original,full-grid,1025,15,19,64,1.0023587451093092,0.99962349091498603,-0.073999529106918371,0,0,1,UNSTABLE,3.6615171267039857e-16,8.8921807829948968e-17,1
B3_D2_Original,B3,2,Original,full-grid,1026,15,20,65,1.0023753254045817,0.99966433043853131,-0.073671700325322109,0,0,1,UNSTABLE,2.5092566903229985e-16,8.8921807814759266e-17,1
B3_D2_Original,B3,2,Original,full-grid,1027,15,21,66,1.0023713861773125,0.99968455912838805,-0.073342880140524203,0,0,1,UNSTABLE,1.9121793409112964e-16,8.8921807814757504e-17,1
B3_D2_Original,B3,2,Original,full-grid,1028,15,22,67,1.0023473179084679,0.99968448468210402,-0.073014223300498837,0,0,1,UNSTABLE,2.6756345952244187e-16,8.8921807814759266e-17,1
B3_D2_Original,B3,2,Original,full-grid,1029,15,23,68,1.0023035572770198,0.99966446828302469,-0.072686806110777685,0,0,1,UNSTABLE,3.0061655898399825e-16,8.8921807829948943e-17,1
B3_D2_Original,B3,2,Original,full-grid,1030,15,24,69,1.0022405749508192,0.99962491229596839,-0.072361625154678214,0,0,1,UNSTABLE,4.1210317158108586e-16,8.8921807814759279e-17,1
B3_D2_Original,B3,2,Original,full-grid,1031,15,25,70,1.0021588638822749,0.99956624835187746,-0.072039597538887626,0,0,1,UNSTABLE,5.8641075450299057e-16,8.8921807814757528e-17,1
B3_D2_Original,B3,2,Original,full-grid,1032,15,26,71,1.0020589282578392,0.99948892599048955,-0.071721562473407843,0,0,1,UNSTABLE,4.499496905655403e-16,8.8921807814759266e-17,1
B3_D2_Original,B3,2,Original,full-grid,1033,15,27,72,1.0019412731893842,0.99939340196921611,-0.071408283978548162,0,0,1,UNSTABLE,3.4366120587038699e-16,8.892180782994898e-17,1
B3_D2_Original,B3,2,Original,full-grid,1034,15,28,73,1.001806395178084,0.99928013028785245,-0.071100454510504105,0,0,1,UNSTABLE,2.7324215404955034e-16,8.8921807814759279e-17,1
B3_D2_Original,B3,2,Original,full-grid,1035,15,29,74,1.0016547733301018,0.99914955292557972,-0.070798699307201618,0,0,1,UNSTABLE,2.7556917288396425e-16,8.8921807814757504e-17,1
B3_D2_Original,B3,2,Original,full-grid,1036,15,30,75,1.0014868612584347,0.99900209123944639,-0.070503581274172722,0,0,1,UNSTABLE,2.2316175319832269e-16,8.8921807814759254e-17,1
B3_D2_Original,B3,2,Original,full-grid,1037,15,31,76,1.0013030795669928,0.99883813793261111,-0.070215606254290658,0,0,1,UNSTABLE,3.5047266983629136e-16,8.8921807829948943e-17,1
B3_D2_Original,B3,2,Original,full-grid,1038,15,32,77,1.0011038087795783,0.99865804946459757,-0.06993522855145258,0,0,1,UNSTABLE,6.0592570078362233e-16,8.8921807814759266e-17,1
B3_D2_Original,B3,2,Original,full-grid,1039,15,33,78,1.0008893825466789,0.99846213874343892,-0.069662856606300755,0,0,1,UNSTABLE,3.5935806022501029e-16,8.8921807814757504e-17,1
B3_D2_Original,B3,2,Original,full-grid,1040,15,34,79,1.0006600809339727,0.99825066790820549,-0.069398858748588713,0,0,1,UNSTABLE,2.7843654069753579e-16,8.8921807814759279e-17,1
B3_D2_Original,B3,2,Original,full-grid,1041,15,35,80,1.0004161235654339,0.99802384097716823,-0.069143568976945458,0,0,1,UNSTABLE,4.4139661302392513e-16,8.8921807829948968e-17,1
B3_D2_Original,B3,2,Original,full-grid,1042,15,36,81,1.0001576623573811,0.99778179609832662,-0.068897292740560181,0,0,1,UNSTABLE,4.7449809362012082e-16,8.8921807814759266e-17,1
B3_D2_Original,B3,2,Original,full-grid,1043,15,37,82,0.99988477353318927,0.99752459709062025,-0.068660312719307573,1,0,-1,STABLE,2.4712682893000856e-16,8.8921807814757504e-17,1
B3_D2_Original,B3,2,Original,full-grid,1044,15,38,83,0.99959744854621591,0.99725222390038049,-0.068432894618379314,1,0,-1,STABLE,3.4410674219485813e-16,8.8921807814759266e-17,1
B3_D2_Original,B3,2,Original,full-grid,1045,15,39,84,0.99929558345288094,0.99696456151046964,-0.068215293011692241,1,0,-1,STABLE,3.4005401300269233e-16,8.8921807829948943e-17,1
B3_D2_Original,B3,2,Original,full-grid,1046,15,40,85,0.99899789335574718,0.99875284202908032,-0.022125809997729871,1,0,-1,STABLE,3.23542133859252e-16,8.8921807814759279e-17,1
B3_D2_Original,B3,2,Original,full-grid,1047,15,41,86,0.99908078001465239,0.99883662001933526,-0.022086455193992719,1,0,-1,STABLE,3.2885260467051344e-16,8.8921807814757528e-17,1
B3_D2_Original,B3,2,Original,full-grid,1048,15,42,87,0.999162860077348,0.99891962431944092,-0.022045523524135628,1,0,-1,STABLE,1.9426966092930535e-16,8.8921807814759266e-17,1
B3_D2_Original,B3,2,Original,full-grid,1049,15,43,88,0.99924408995858482,0.99900181062253479,-0.022003038200607773,1,0,-1,STABLE,2.5720601001633413e-16,8.892180782994898e-17,1
B3_D2_Original,B3,2,Original,full-grid,1050,15,44,89,0.99932442693759171,0.99908313543692151,-0.021959024561124425,1,0,-1,STABLE,4.4878456818603657e-16,8.8921807814759279e-17,1
B3_D2_Original,B3,2,Original,full-grid,1051,15,45,90,0.99940382931012628,0.99916355623978781,-0.021913510033864679,1,0,-1,STABLE,2.1778109793128042e-16,8.8921807814757504e-17,1
B3_D2_Original,B3,2,Original,full-grid,1052,15,46,91,0.99948225653780842,0.99924303162855344,-0.021866524087917175,1,0,-1,STABLE,2.3660968191056281e-16,8.8921807814759254e-17,1
B3_D2_Original,B3,2,Original,full-grid,1053,15,47,92,0.99955966939322971,0.99932152146831754,-0.021818098169866931,1,0,-1,STABLE,2.0792897147070405e-16,8.8921807829948943e-17,1
B3_D2_Original,B3,2,Original,full-grid,1054,15,48,93,0.99963603009915059,0.99939898703371877,-0.021768265626060261,1,0,-1,STABLE,2.8931293006982033e-16,8.8921807814759266e-17,1
B3_D2_Original,B3,2,Original,full-grid,1055,15,49,94,0.99971130246038664,0.99947539114375983,-0.021717061612266171,1,0,-1,STABLE,2.9144111653949628e-16,8.8921807814757504e-17,1
B3_D2_Original,B3,2,Original,full-grid,1056,15,50,95,0.99978545198694735,0.99955069828814846,-0.021664522990810491,1,0,-1,STABLE,3.7574393989046065e-16,8.8921807814759279e-17,1
B3_D2_Original,B3,2,Original,full-grid,1057,15,51,96,0.99985844600711637,0.99962487474380612,-0.021610688216612953,1,0,-1,STABLE,2.6996463801245046e-16,8.8921807829948968e-17,1
B3_D2_Original,B3,2,Original,full-grid,1058,15,52,97,0.99993025376948075,0.99969788868051634,-0.021555597213164201,1,0,-1,STABLE,2.6847074105807188e-16,8.8921807814759266e-17,1
B3_D2_Original,B3,2,Original,full-grid,1059,15,53,98,1.0000008465329135,0.99976971025467642,-0.021499291240038493,0,0,1,UNSTABLE,3.2253537690850539e-16,8.8921807814757504e-17,1
B3_D2_Original,B3,2,Original,full-grid,1060,15,54,99,1.0000701976437274,0.99984031169034338,-0.021441812752682685,0,0,1,UNSTABLE,5.8687926700690288e-16,8.8921807814759266e-17,1
B3_D2_Original,B3,2,Original,full-grid,1061,15,55,100,1.000138282599546,0.99990966734705933,-0.021383205256989481,0,0,1,UNSTABLE,2.4640906725281637e-16,8.8921807829948943e-17,1
B3_D2_Original,B3,2,Original,full-grid,1062,15,56,101,1.0002050790994717,0.99997775377401765,-0.021323513159190684,0,0,1,UNSTABLE,2.1572311815649832e-16,8.8921807814759279e-17,1
B3_D2_Original,B3,2,Original,full-grid,1063,15,57,102,1.0002705670803878,1.0000445497503541,-0.021262781613232942,0,0,1,UNSTABLE,2.8448662996354203e-16,8.8921807814757528e-17,1
B3_D2_Original,B3,2,Original,full-grid,1064,15,58,103,1.0003347287395565,1.000110036311689,-0.021201056366949706,0,0,1,UNSTABLE,2.6961270561346613e-16,8.8921807814759266e-17,1
B3_D2_Original,B3,2,Original,full-grid,1065,15,59,104,1.000397548543569,1.0001741967629454,-0.021138383608476766,0,0,1,UNSTABLE,4.0475072606414801e-16,8.892180782994898e-17,1
B3_D2_Original,B3,2,Original,full-grid,1066,15,60,105,1.000459013224221,1.0002370166779819,-0.021074809814395051,0,0,1,UNSTABLE,2.7598704454096555e-16,8.8921807814759279e-17,1
B3_D2_Original,B3,2,Original,full-grid,1067,15,61,106,1.0005191117617234,1.0002984838864117,-0.021010381600872357,0,0,1,UNSTABLE,1.9037423957403471e-16,8.8921807814757504e-17,1
B3_D2_Original,B3,2,Original,full-grid,1068,15,62,107,1.00057783535603,1.0003585884483774,-0.020945145579077031,0,0,1,UNSTABLE,3.1397452125828602e-16,8.8921807814759254e-17,1
B3_D2_Original,B3,2,Original,full-grid,1069,15,63,108,1.000635177387049,1.0004173226180146,-0.020879148215721125,0,0,1,UNSTABLE,4.1463690625439833e-16,8.8921807829948943e-17,1
B3_D2_Original,B3,2,Original,full-grid,1070,15,64,109,1.00069113336463,1.0004746807964777,-0.02081243570017274,0,0,1,UNSTABLE,3.8399559224848509e-16,8.8921807814759266e-17,1
B3_D2_Original,B3,2,Original,full-grid,1071,15,65,110,1.000745700869339,1.0005306594755297,-0.020745053818352829,0,0,1,UNSTABLE,2.8871493671550062e-16,8.8921807814757504e-17,1
B3_D2_Original,B3,2,Original,full-grid,1072,15,66,111,1.0007988794849196,1.000585257172582,-0.020677047834463981,0,0,1,UNSTABLE,2.5206914607146912e-16,8.8921807814759279e-17,1
B3_D2_Original,B3,2,Original,full-grid,1073,16,0,46,0.99917119936501753,0.99612128317229431,-0.078009453604734602,1,0,-1,STABLE,2.4253911840659194e-16,9.6280366670625742e-17,1
B3_D2_Original,B3,2,Original,full-grid,1074,16,1,47,0.99950574782113166,0.99646146429238613,-0.077950561946360894,1,0,-1,STABLE,3.6036104519392017e-16,8.8921807814758145e-17,1
B3_D2_Original,B3,2,Original,full-grid,1075,16,2,48,0.99983194633546446,0.99679517966429121,-0.077867134986438158,1,0,-1,STABLE,2.9721146140498936e-16,8.8921807829948968e-17,1
B3_D2_Original,B3,2,Original,full-grid,1076,16,3,49,1.0001481209852534,0.9971206763841719,-0.077760019531278632,0,0,1,UNSTABLE,4.310449743622163e-16,8.8921807814759266e-17,1
B3_D2_Original,B3,2,Original,full-grid,1077,16,4,50,1.0004527263042302,0.99743632095868917,-0.077630169405726313,0,0,1,UNSTABLE,3.1478437788718709e-16,8.8921807814757504e-17,1
B3_D2_Original,B3,2,Original,full-grid,1078,16,5,51,1.0007443431235623,0.99774059857844422,-0.077478630874181983,0,0,1,UNSTABLE,2.0895869147148205e-16,8.8921807814759266e-17,1
B3_D2_Original,B3,2,Original,full-grid,1079,16,6,52,1.0010216761955368,0.99803211197764863,-0.077306530608718171,0,0,1,UNSTABLE,2.9289652232744306e-16,8.8921807829948943e-17,1
B3_D2_Original,B3,2,Original,full-grid,1080,16,7,53,1.0012835522393673,0.99830958056636332,-0.077115065548162873,0,0,1,UNSTABLE,3.3673764620659057e-16,8.8921807814759266e-17,1
B3_D2_Original,B3,2,Original,full-grid,1081,16,8,54,1.0015289187109124,0.99857184018926215,-0.076905493921307327,0,0,1,UNSTABLE,4.8477172941477394e-16,8.8921807814757504e-17,1
B3_D2_Original,B3,2,Original,full-grid,1082,16,9,55,1.0017568433052348,0.99881784356828507,-0.076679126745613682,0,0,1,UNSTABLE,2.8675980417238604e-16,8.8921807814759266e-17,1
B3_D2_Original,B3,2,Original,full-grid,1083,16,10,56,1.0019665139761456,0.99904666125174701,-0.076437319231162718,0,0,1,UNSTABLE,3.0177690282837598e-16,8.892180782994898e-17,1
B3_D2_Original,B3,2,Original,full-grid,1084,16,11,57,1.0021572391086824,0.99925748273051895,-0.076181461688544325,0,0,1,UNSTABLE,2.8119543665926064e-16,8.8921807814759266e-17,1
B3_D2_Original,B3,2,Original,full-grid,1085,16,12,58,1.0023284474101573,0.99944961729664561,-0.075912969730113092,0,0,1,UNSTABLE,2.2430182892546252e-16,8.8921807814757504e-17,1
B3_D2_Original,B3,2,Original,full-grid,1086,16,13,59,1.0024796870858257,0.99962249420603633,-0.075633273742433726,0,0,1,UNSTABLE,2.6796794368781732e-16,8.8921807814759254e-17,1
B3_D2_Original,B3,2,Original,full-grid,1087,16,14,60,1.0026106239232857,0.99977566175327603,-0.075343807772364907,0,0,1,UNSTABLE,1.9699331568166695e-16,8.8921807829948943e-17,1
B3_D2_Original,B3,2,Original,full-grid,1088,16,15,61,1.0027210380096809,0.99990878495841651,-0.075045998095802646,0,0,1,UNSTABLE,3.2245611978975661e-16,8.8921807814759266e-17,1
B3_D2_Original,B3,2,Original,full-grid,1089,16,16,62,1.0028108189284384,1.0000216416840351,-0.074741251819143734,0,0,1,UNSTABLE,2.2622037427808152e-16,8.8921807814757504e-17,1
B3_D2_Original,B3,2,Original,full-grid,1090,16,17,63,1.0028799594108218,1.000114117129097,-0.074430945895764614,0,0,1,UNSTABLE,4.2540301914992839e-16,8.8921807814759279e-17,1
B3_D2_Original,B3,2,Original,full-grid,1091,16,18,64,1.0029285475361771,1.0001861967676708,-0.074116416929365894,0,0,1,UNSTABLE,1.8673094890921721e-16,8.8921807829948968e-17,1
B3_D2_Original,B3,2,Original,full-grid,1092,16,19,65,1.0029567576715683,1.0002379579028495,-0.073798952088783995,0,0,1,UNSTABLE,2.2942229154721875e-16,8.8921807814759266e-17,1
B3_D2_Original,B3,2,Original,full-grid,1093,16,20,66,1.0029648404109992,1.0002695600825782,-0.07347978138826175,0,0,1,UNSTABLE,3.078480807208933e-16,8.8921807814757504e-17,1
B3_D2_Original,B3,2,Original,full-grid,1094,16,21,67,1.0029531118119837,1.0002812346691281,-0.073160071501783289,0,0,1,UNSTABLE,2.7994761147805957e-16,8.8921807814759266e-17,1
B3_D2_Original,B3,2,Original,full-grid,1095,16,22,68,1.0029219422364088,1.0002732738701354,-0.072840921193867883,0,0,1,UNSTABLE,3.6081839406287422e-16,8.8921807829948943e-17,1
B3_D2_Original,B3,2,Original,full-grid,1096,16,23,69,1.0028717450864912,1.0002460195291314,-0.072523358367858906,0,0,1,UNSTABLE,3.2315976143956693e-16,8.8921807814759279e-17,1
B3_D2_Original,B3,2,Original,full-grid,1097,16,24,70,1.0028029656913948,1.0001998519429867,-0.072208338664478788,0,0,1,UNSTABLE,2.5208039875632486e-16,8.8921807814757504e-17,1
B3_D2_Original,B3,2,Original,full-grid,1098,16,25,71,1.0027160705522833,1.0001351789291366,-0.071896745490986083,0,0,1,UNSTABLE,3.5820251248170466e-16,8.8921807814759266e-17,1
B3_D2_Original,B3,2,Original,full-grid,1099,16,26,72,1.0026115370993078,1.0000524253129341,-0.071589391325496451,0,0,1,UNSTABLE,3.9622413592451658e-16,8.892180782994898e-17,1
B3_D2_Original,B3,2,Original,full-grid,1100,16,27,73,1.00248984405791,0.99995202294981289,-0.071287020121683864,0,0,1,UNSTABLE,1.8604803397805431e-16,8.8921807814759266e-17,1
B3_D2_Original,B3,2,Original,full-grid,1101,16,28,74,1.002351462468233,0.99983440134269019,-0.070990310633988057,0,0,1,UNSTABLE,4.0803155886775436e-16,8.8921807814757504e-17,1
B3_D2_Original,B3,2,Original,full-grid,1102,16,29,75,1.0021968473520468,0.99969997886419937,-0.070699880490005459,0,0,1,UNSTABLE,3.8008848532146901e-16,8.8921807814759254e-17,1
B3_D2_Original,B3,2,Original,full-grid,1103,16,30,76,1.002026429978125,0.9995491545478673,-0.0704162908519744,0,0,1,UNSTABLE,3.9907963464561122e-16,8.8921807829948943e-17,1
B3_D2_Original,B3,2,Original,full-grid,1104,16,31,77,1.0018406106384155,0.99938230037138553,-0.070140051530856243,0,0,1,UNSTABLE,3.3979470945392966e-16,8.8921807814759266e-17,1
B3_D2_Original,B3,2,Original,full-grid,1105,16,32,78,1.0016397518145363,0.99919975391982663,-0.06987162644195366,0,0,1,UNSTABLE,2.4906036084222309e-16,8.8921807814757504e-17,1
B3_D2_Original,B3,2,Original,full-grid,1106,16,33,79,1.0014241715828702,0.99900181128284515,-0.069611439318782858,0,0,1,UNSTABLE,3.0436434178392077e-16,8.8921807814759279e-17,1
B3_D2_Original,B3,2,Original,full-grid,1107,16,34,80,1.0011941370773842,0.99878872000825858,-0.069359879630753685,0,0,1,UNSTABLE,3.4436268946511917e-16,8.8921807829948968e-17,1
B3_D2_Original,B3,2,Original,full-grid,1108,16,35,81,1.0009498577972926,0.99856067189994557,-0.069117308679876852,0,0,1,UNSTABLE,3.659804557454849e-16,8.8921807814759266e-17,1
B3_D2_Original,B3,2,Original,full-grid,1109,16,36,82,1.0006914785096954,0.99831779540862997,-0.068884065881541862,0,0,1,UNSTABLE,3.4892966717315017e-16,8.8921807814757504e-17,1
B3_D2_Original,B3,2,Original,full-grid,1110,16,37,83,1.0004190714506167,0.99806014731496595,-0.068660475265924101,0,0,1,UNSTABLE,3.8380462658976698e-16,8.8921807814759266e-17,1
B3_D2_Original,B3,2,Original,full-grid,1111,16,38,84,1.0001326274657276,0.99778770333966538,-0.06844685226988638,0,0,1,UNSTABLE,2.2271576751466914e-16,8.8921807829948943e-17,1
B3_D2_Original,B3,2,Original,full-grid,1112,16,39,85,0.99983204564698025,0.9975003472275219,-0.068243510926670733,1,0,-1,STABLE,3.0605152367246965e-16,8.8921807814759279e-17,1
B3_D2_Original,B3,2,Original,full-grid,1113,16,40,86,0.99951712090306877,0.99719785773055369,-0.068050771604399055,1,0,-1,STABLE,1.9165959903094316e-16,8.8921807814757504e-17,1
B3_D2_Original,B3,2,Original,full-grid,1114,16,41,87,0.99918752873295147,0.99687989274270439,-0.06786896949826722,1,0,-1,STABLE,3.2253782919839229e-16,8.8921807814759266e-17,1
B3_D2_Original,B3,2,Original,full-grid,1115,16,42,88,0.99916688864971925,0.99892371240205458,-0.022042871293408046,1,0,-1,STABLE,3.2377230174020385e-16,8.892180782994898e-17,1
B3_D2_Original,B3,2,Original,full-grid,1116,16,43,89,0.9992480101816128,0.99900579123603306,-0.022000339287847104,1,0,-1,STABLE,3.4425181545694363e-16,8.8921807814759266e-17,1
B3_D2_Original,B3,2,Original,full-grid,1117,16,44,90,0.99932823840107843,0.99908700805983786,-0.021956283652840965,1,0,-1,STABLE,3.0984660648696713e-16,8.8921807814757504e-17,1
B3_D2_Original,B3,2,Original,full-grid,1118,16,45,91,0.99940753185837572,0.99916732060654667,-0.021910731781132085,1,0,-1,STABLE,5.002127734291813e-16,8.8921807814759254e-17,1
B3_D2_Original,B3,2,Original,full-grid,1119,16,46,92,0.99948585026367809,0.99924668772393066,-0.021863713089524138,1,0,-1,STABLE,2.9716610136255543e-16,8.8921807829948943e-17,1
B3_D2_Original,B3,2,Original,full-grid,1120,16,47,93,0.9995631546307957,0.99932506952050504,-0.021815258955732594,1,0,-1,STABLE,1.6674040544173551e-16,8.8921807814759266e-17,1
B3_D2_Original,B3,2,Original,full-grid,1121,16,48,94,0.99963940741508339,0.99940242750606689,-0.021765402641801209,1,0,-1,STABLE,5.2492782546273676e-16,8.8921807814757504e-17,1
B3_D2_Original,B3,2,Original,full-grid,1122,16,49,95,0.99971457264414754,0.99947872472531829,-0.021714179204429102,1,0,-1,STABLE,4.8053021117012931e-16,8.8921807814759279e-17,1
B3_D2_Original,B3,2,Original,full-grid,1123,16,50,96,0.99978861603989422,0.99955392588308256,-0.021661625393405742,1,0,-1,STABLE,3.2604719847535882e-16,8.8921807829948968e-17,1
B3_D2_Original,B3,2,Original,full-grid,1124,16,51,97,0.99986150513072813,0.99962799745990538,-0.021607779538493986,1,0,-1,STABLE,3.9065490286015529e-16,8.8921807814759266e-17,1
B3_D2_Original,B3,2,Original,full-grid,1125,16,52,98,0.99993320935270025,0.99970090781678889,-0.021552681426665422,1,0,-1,STABLE,2.1316094807207929e-16,8.8921807814757504e-17,1
B3_D2_Original,B3,2,Original,full-grid,1126,16,53,99,1.0000037001388775,0.99977262728828842,-0.021496372171118022,0,0,1,UNSTABLE,3.1257231564677305e-16,8.8921807814759266e-17,1
B3_D2_Original,B3,2,Original,full-grid,1127,16,54,100,1.0000729509959554,0.99984312826298982,-0.021438894072157558,0,0,1,UNSTABLE,3.0317258972953059e-16,8.8921807829948943e-17,1
B3_D2_Original,B3,2,Original,full-grid,1128,16,55,101,1.000140937567753,0.99991238525092241,-0.021380290473114592,0,0,1,UNSTABLE,3.3290035942738675e-16,8.8921807814759279e-17,1
B3_D2_Original,B3,2,Original,full-grid,1129,16,56,102,1.0002076376851701,0.99998037493747738,-0.021320605611728331,0,0,1,UNSTABLE,3.6485855682493045e-16,8.8921807814757504e-17,1
B3_D2_Original,B3,2,Original,full-grid,1130,16,57,103,1.0002730314024137,1.0000470762235916,-0.021259884468652648,0,0,1,UNSTABLE,3.1300756458338641e-16,8.8921807814759266e-17,1
B3_D2_Original,B3,2,Original,full-grid,1131,16,58,104,1.0003371010196147,1.0001124702522741,-0.021198172615140145,0,0,1,UNSTABLE,4.7916568561363966e-16,8.892180782994898e-17,1
B3_D2_Original,B3,2,Original,full-grid,1132,16,59,105,1.0003998310919884,1.0001765404216054,-0.021135516060594182,0,0,1,UNSTABLE,2.3453705501213791e-16,8.8921807814759266e-17,1
B3_D2_Original,B3,2,Original,full-grid,1133,16,60,106,1.0004612084259878,1.0002392723846163,-0.021071961101935884,0,0,1,UNSTABLE,3.0164056834784364e-16,8.8921807814757504e-17,1
B3_D2_Original,B3,2,Original,full-grid,1134,16,61,107,1.0005212220629263,1.0003006540364934,-0.021007554175944163,0,0,1,UNSTABLE,3.0710640028025224e-16,8.8921807814759254e-17,1
B3_D2_Original,B3,2,Original,full-grid,1135,16,62,108,1.0005798632507967,1.0003606754898204,-0.020942341715607236,0,0,1,UNSTABLE,4.8717848309035297e-16,8.8921807829948943e-17,1
B3_D2_Original,B3,2,Original,full-grid,1136,16,63,109,1.0006371254050588,1.0004193290385928,-0.020876370011834233,0,0,1,UNSTABLE,2.8780022970475226e-16,8.8921807814759266e-17,1
B3_D2_Original,B3,2,Original,full-grid,1137,16,64,110,1.0006930040592621,1.0004766091118618,-0.020809685081263584,0,0,1,UNSTABLE,3.2528692486226471e-16,8.8921807814757504e-17,1
B3_D2_Original,B3,2,Original,full-grid,1138,16,65,111,1.000747496806518,1.0005325122180029,-0.020742332541045957,0,0,1,UNSTABLE,2.7691279256144392e-16,8.8921807814759279e-17,1
B3_D2_Original,B3,2,Original,full-grid,1139,16,66,112,1.000800603232713,1.0005870368804937,-0.020674357491249844,0,0,1,UNSTABLE,2.4151467060081106e-16,8.8921807829948968e-17,1
B3_D2_Original,B3,2,Original,full-grid,1140,17,0,47,1.0000450377498329,0.99701759604461015,-0.07775596893802765,0,0,1,UNSTABLE,4.9754421352514114e-16,9.6280366670588431e-17,1
B3_D2_Original,B3,2,Original,full-grid,1141,17,1,48,1.0003651915099401,0.99734432249940752,-0.077684095945804429,0,0,1,UNSTABLE,3.3434015826018916e-16,8.8921807829948968e-17,1
B3_D2_Original,B3,2,Original,full-grid,1142,17,2,49,1.0006760811431865,0.99766352523991864,-0.077589366397357501,0,0,1,UNSTABLE,2.0852657233834291e-16,8.8921807814759266e-17,1
B3_D2_Original,B3,2,Original,full-grid,1143,17,3,50,1.0009762703716667,0.997973686213668,-0.077472675649386757,0,0,1,UNSTABLE,2.3234644007831946e-16,8.8921807814757491e-17,1
B3_D2_Original,B3,2,Original,full-grid,1144,17,4,51,1.0012644385687426,0.99827339687895034,-0.077334992248923581,0,0,1,UNSTABLE,3.5313619779721676e-16,8.8921807814759266e-17,1
B3_D2_Original,B3,2,Original,full-grid,1145,17,5,52,1.0015393750493122,0.9985613535062372,-0.077177348088402972,0,0,1,UNSTABLE,3.2543987740562161e-16,8.8921807829948968e-17,1
B3_D2_Original,B3,2,Original,full-grid,1146,17,6,53,1.0017999744104709,0.99883635333303389,-0.077000831094130057,0,0,1,UNSTABLE,3.3622753204496565e-16,8.8921807814759279e-17,1
B3_D2_Original,B3,2,Original,full-grid,1147,17,7,54,1.002045233308329,0.99909729202388231,-0.076806579578110448,0,0,1,UNSTABLE,2.6037797309110706e-16,8.8921807814757504e-17,1
B3_D2_Original,B3,2,Original,full-grid,1148,17,8,55,1.0022742487382506,0.99934316256555267,-0.076595777411706256,0,0,1,UNSTABLE,3.0998233984572246e-16,8.8921807814759266e-17,1
B3_D2_Original,B3,2,Original,full-grid,1149,17,9,56,1.0024862176314111,0.99957305546363551,-0.076369649285723429,0,0,1,UNSTABLE,2.5228042756633393e-16,8.892180782994898e-17,1
B3_D2_Original,B3,2,Original,full-grid,1150,17,10,57,1.0026804373996991,0.99978615991211028,-0.076129455483722047,0,0,1,UNSTABLE,2.8969472366759871e-16,8.8921807814759266e-17,1
B3_D2_Original,B3,2,Original,full-grid,1151,17,11,58,1.0028563069526153,0.99998176548349837,-0.075876485785408426,0,0,1,UNSTABLE,4.5228670319927342e-16,8.8921807814757504e-17,1
B3_D2_Original,B3,2,Original,full-grid,1152,17,12,59,1.0030133276721083,1.0001592638338419,-0.075612052314584399,0,0,1,UNSTABLE,2.3901577890166152e-16,8.8921807814759254e-17,1
B3_D2_Original,B3,2,Original,full-grid,1153,17,13,60,1.0031511038536634,1.0003181499249569,-0.075337481332567707,0,0,1,UNSTABLE,3.6025096894109708e-16,8.8921807829948943e-17,1
B3_D2_Original,B3,2,Original,full-grid,1154,17,14,61,1.003269342193861,1.0004580223269266,-0.075054104136932517,0,0,1,UNSTABLE,3.3236573653441433e-16,8.8921807814759266e-17,1
B3_D2_Original,B3,2,Original,full-grid,1155,17,15,62,1.0033678500106262,1.0005785822618285,-0.074763247346913794,0,0,1,UNSTABLE,3.9191082798246101e-16,8.8921807814757504e-17,1
B3_D2_Original,B3,2,Original,full-grid,1156,17,16,63,1.003446532007545,1.0006796311706738,-0.074466222934249204,0,0,1,UNSTABLE,5.2230745099234636e-16,8.8921807814759279e-17,1
B3_D2_Original,B3,2,Original,full-grid,1157,17,17,64,1.0035053855219342,1.0007610667132896,-0.07416431839101896,0,0,1,UNSTABLE,3.515355664406416e-16,8.8921807829948968e-17,1
B3_D2_Original,B3,2,Original,full-grid,1158,17,18,65,1.0035444943150229,1.0008228772321306,-0.073858787417577801,0,0,1,UNSTABLE,2.8799789952701126e-16,8.8921807814759266e-17,1
B3_D2_Original,B3,2,Original,full-grid,1159,17,19,66,1.0035640210611827,1.0008651348145237,-0.073550841471700837,0,0,1,UNSTABLE,4.7022400076114087e-16,8.8921807814757504e-17,1
B3_D2_Original,B3,2,Original,full-grid,1160,17,20,67,1.0035641987651656,1.0008879871662808,-0.073241642454272421,0,0,1,UNSTABLE,4.3707479974288089e-16,8.8921807814759266e-17,1
B3_D2_Original,B3,2,Original,full-grid,1161,17,21,68,1.003545321379375,1.0008916485596862,-0.072932296727216586,0,0,1,UNSTABLE,1.6999272973437326e-16,8.8921807829948943e-17,1
B3_D2_Original,B3,2,Original,full-grid,1162,17,22,69,1.0035077339082212,1.000876390140677,-0.072623850576657475,0,0,1,UNSTABLE,2.5844577078328821e-16,8.8921807814759279e-17,1
B3_D2_Original,B3,2,Original,full-grid,1163,17,23,70,1.0034518222778053,1.0008425298772445,-0.07231728715573231,0,0,1,UNSTABLE,3.4675243433659566e-16,8.8921807814757504e-17,1
B3_D2_Original,B3,2,Original,full-grid,1164,17,24,71,1.0033780032205488,1.0007904224072535,-0.072013524873922263,0,0,1,UNSTABLE,3.1074243582020442e-16,8.8921807814759266e-17,1
B3_D2_Original,B3,2,Original,full-grid,1165,17,25,72,1.0032867143834445,1.0007204490063724,-0.071713417146388125,0,0,1,UNSTABLE,2.5099453515328118e-16,8.892180782994898e-17,1
B3_D2_Original,B3,2,Original,full-grid,1166,17,26,73,1.0031784048193113,1.00063300784956,-0.0714177533793975,0,0,1,UNSTABLE,4.9601602517647178e-16,8.8921807814759266e-17,1
B3_D2_Original,B3,2,Original,full-grid,1167,17,27,74,1.003053525969291,1.000528504689199,-0.07112726104541503,0,0,1,UNSTABLE,3.0011487148237236e-16,8.8921807814757504e-17,1
B3_D2_Original,B3,2,Original,full-grid,1168,17,28,75,1.0029125231939411,1.0004073440218,-0.070842608693393816,0,0,1,UNSTABLE,5.3030808734980806e-16,8.8921807814759254e-17,1
B3_D2_Original,B3,2,Original,full-grid,1169,17,29,76,1.0027558278630944,1.0002699207668337,-0.070564409743947412,0,0,1,UNSTABLE,2.584431907988064e-16,8.8921807829948943e-17,1
B3_D2_Original,B3,2,Original,full-grid,1170,17,30,77,1.0025838499726607,1.0001166124376066,-0.070293226930684571,0,0,1,UNSTABLE,3.3933052356159417e-16,8.8921807814759266e-17,1
B3_D2_Original,B3,2,Original,full-grid,1171,17,31,78,1.0023969712184131,0.99994777174369276,-0.070029577270408511,0,0,1,UNSTABLE,4.3154602853471967e-16,8.8921807814757504e-17,1
B3_D2_Original,B3,2,Original,full-grid,1172,17,32,79,1.0021955384240038,0.99976371952934806,-0.069773937468240788,0,0,1,UNSTABLE,2.7772109212793637e-16,8.8921807814759279e-17,1
B3_D2_Original,B3,2,Original,full-grid,1173,17,33,80,1.0019798571899523,0.99956473791918365,-0.069526749693562415,0,0,1,UNSTABLE,3.0298509493043224e-16,8.8921807829948968e-17,1
B3_D2_Original,B3,2,Original,full-grid,1174,17,34,81,1.0017501856007678,0.99935106351023517,-0.069288427692756935,0,0,1,UNSTABLE,3.8845460500092296e-16,8.8921807814759266e-17,1
B3_D2_Original,B3,2,Original,full-grid,1175,17,35,82,1.0015067277968588,0.9991228804162946,-0.069059363239303312,0,0,1,UNSTABLE,3.5305392709852356e-16,8.8921807814757504e-17,1
B3_D2_Original,B3,2,Original,full-grid,1176,17,36,83,1.0012496271818869,0.99888031293151003,-0.068839932958393538,0,0,1,UNSTABLE,4.5677733578520906e-16,8.8921807814759266e-17,1
B3_D2_Original,B3,2,Original,full-grid,1177,17,37,84,1.0009789589924749,0.99862341753342287,-0.068630505604471648,0,0,1,UNSTABLE,2.7545456441813628e-16,8.8921807829948943e-17,1
B3_D2_Original,B3,2,Original,full-grid,1178,17,38,85,1.0006947218988436,0.99835217388365383,-0.068431449918780127,0,0,1,UNSTABLE,5.456805008076309e-16,8.8921807814759279e-17,1
B3_D2_Original,B3,2,Original,full-grid,1179,17,39,86,1.0003968282268412,0.99806647440209884,-0.068243143251819946,0,0,1,UNSTABLE,2.5135890772676059e-16,8.8921807814757504e-17,1
B3_D2_Original,B3,2,Original,full-grid,1180,17,40,87,1.0000850922819824,0.99776611187515973,-0.06806598121079116,0,0,1,UNSTABLE,4.5248733078645919e-16,8.8921807814759266e-17,1
B3_D2_Original,B3,2,Original,full-grid,1181,17,41,88,0.99975921610232632,0.99745076439763491,-0.067900388688959104,1,0,-1,STABLE,2.8417647500613e-16,8.892180782994898e-17,1
B3_D2_Original,B3,2,Original,full-grid,1182,17,42,89,0.99941877174554661,0.99711997671648589,-0.067746832769448956,1,0,-1,STABLE,2.8823161126359144e-16,8.8921807814759266e-17,1
B3_D2_Original,B3,2,Original,full-grid,1183,17,43,90,0.99925194757058411,0.99900978921236938,-0.0219976312693611,1,0,-1,STABLE,3.6031431642240766e-16,8.8921807814757504e-17,1
B3_D2_Original,B3,2,Original,full-grid,1184,17,44,91,0.99933206651918993,0.99909089753860347,-0.021953533406324617,1,0,-1,STABLE,2.9001376834478978e-16,8.8921807814759254e-17,1
B3_D2_Original,B3,2,Original,full-grid,1185,17,45,92,0.99941125055089552,0.99917110132262488,-0.021907943980163387,1,0,-1,STABLE,3.2441686653696647e-16,8.8921807829948943e-17,1
B3_D2_Original,B3,2,Original,full-grid,1186,17,46,93,0.99948945962540825,0.99925035966355535,-0.021860892354746427,1,0,-1,STABLE,2.0157541656946175e-16,8.8921807814759266e-17,1
B3_D2_Original,B3,2,Original,full-grid,1187,17,47,94,0.99956665499867547,0.99932863291425611,-0.021812409838555622,1,0,-1,STABLE,1.8845327637081805e-16,8.8921807814757504e-17,1
B3_D2_Original,B3,2,Original,full-grid,1188,17,48,95,0.99964279935954803,0.99940588282060172,-0.02176252960865269,1,0,-1,STABLE,2.0726359048095236e-16,8.8921807814759279e-17,1
B3_D2_Original,B3,2,Original,full-grid,1189,17,49,96,0.99971785695925963,0.9994820726538427,-0.021711286622252475,1,0,-1,STABLE,2.1285646179868544e-16,8.8921807829948968e-17,1
B3_D2_Original,B3,2,Original,full-grid,1190,17,50,97,0.999791793732422,0.99955716733474909,-0.02165871751573481,1,0,-1,STABLE,3.4261206143930565e-16,8.8921807814759266e-17,1
B3_D2_Original,B3,2,Original,full-grid,1191,17,51,98,0.99986457740826729,0.99963113354821254,-0.021604860493154295,1,0,-1,STABLE,4.8600452027207209e-16,8.8921807814757504e-17,1
B3_D2_Original,B3,2,Original,full-grid,1192,17,52,99,0.99993617761103359,0.99970393984718964,-0.021549755204434019,1,0,-1,STABLE,2.8024753574828088e-16,8.8921807814759266e-17,1
B3_D2_Original,B3,2,Original,full-grid,1193,17,53,100,1.0000065659485942,0.99977555674502816,-0.021493442615583877,0,0,1,UNSTABLE,1.7803393413155271e-16,8.8921807829948943e-17,1
B3_D2_Original,B3,2,Original,full-grid,1194,17,54,101,1.0000757160886311,0.99984595679546295,-0.021435964871067772,0,0,1,UNSTABLE,3.3199308277521023e-16,8.8921807814759279e-17,1
B3_D2_Original,B3,2,Original,full-grid,1195,17,55,102,1.0001436038217073,0.99991511465957605,-0.021377365150992683,0,0,1,UNSTABLE,2.0053691317750568e-16,8.8921807814757504e-17,1
B3_D2_Original,B3,2,Original,full-grid,1196,17,56,103,1.0002102071110233,0.99998300715947908,-0.021317687523771695,0,0,1,UNSTABLE,2.6025639843321616e-16,8.8921807814759266e-17,1
B3_D2_Original,B3,2,Original,full-grid,1197,17,57,104,1.0002755061285433,1.0000496133183592,-0.021256976796183106,0,0,1,UNSTABLE,2.1755111368646044e-16,8.892180782994898e-17,1
B3_D2_Original,B3,2,Original,full-grid,1198,17,58,105,1.0003394832776793,1.0001149143870465,-0.021195278362050818,0,0,1,UNSTABLE,2.5653174216223617e-16,8.8921807814759266e-17,1
B3_D2_Original,B3,2,Original,full-grid,1199,17,59,106,1.0004021232026317,1.000178893857157,-0.021132638051298357,0,0,1,UNSTABLE,1.6935524251647915e-16,8.8921807814757504e-17,1
B3_D2_Original,B3,2,Original,full-grid,1200,17,60,107,1.0004634127848233,1.000241537461223,-0.02106910198049558,0,0,1,UNSTABLE,2.6226818209772867e-16,8.8921807814759254e-17,1
B3_D2_Original,B3,2,Original,full-grid,1201,17,61,108,1.0005233411269456,1.0003028331602986,-0.021004716406229834,0,0,1,UNSTABLE,1.9253810317345274e-16,8.8921807829948943e-17,1
B3_D2_Original,B3,2,Original,full-grid,1202,17,62,109,1.0005818995252393,1.000362771119633,-0.020939527582659091,0,0,1,UNSTABLE,3.0643003296497303e-16,8.8921807814759266e-17,1
B3_D2_Original,B3,2,Original,full-grid,1203,17,63,110,1.0006390814308928,1.0004213436732772,-0.02087358162403314,0,0,1,UNSTABLE,5.3073267549431223e-16,8.8921807814757504e-17,1
B3_D2_Original,B3,2,Original,full-grid,1204,17,64,111,1.0006948824013076,1.0004785452783476,-0.020806924373578166,0,0,1,UNSTABLE,2.4060467556270765e-16,8.8921807814759279e-17,1
B3_D2_Original,B3,2,Original,full-grid,1205,17,65,112,1.0007493000422356,1.0005343724599451,-0.020739601278919516,0,0,1,UNSTABLE,3.578754767451663e-16,8.8921807829948968e-17,1
B3_D2_Original,B3,2,Original,full-grid,1206,17,66,113,1.0008023339417556,1.0005888237476752,-0.020671657275335719,0,0,1,UNSTABLE,3.766521797693042e-16,8.8921807814759266e-17,1
B3_D2_Original,B3,2,Original,full-grid,1207,18,0,48,1.0009280919458601,0.99793011364467854,-0.077411456048177396,0,0,1,UNSTABLE,2.5807959388309293e-16,9.6280366670626814e-17,1
B3_D2_Original,B3,2,Original,full-grid,1208,18,1,49,1.0012313391967111,0.99824069830561035,-0.077328538302278982,0,0,1,UNSTABLE,2.4275870416152464e-16,8.8921807814759266e-17,1
B3_D2_Original,B3,2,Original,full-grid,1209,18,2,50,1.0015247621500889,0.99854304102878944,-0.077224636048151496,0,0,1,UNSTABLE,2.6616648210220933e-16,8.8921807814757504e-17,1
B3_D2_Original,B3,2,Original,full-grid,1210,18,3,51,1.0018071545054767,0.99883585578619427,-0.077100635627867148,0,0,1,UNSTABLE,3.3519207238346942e-16,8.8921807814759266e-17,1
B3_D2_Original,B3,2,Original,full-grid,1211,18,4,52,1.0020774051104393,0.99911794785431818,-0.07695746947663637,0,0,1,UNSTABLE,3.7859765730460784e-16,8.8921807829948943e-17,1
B3_D2_Original,B3,2,Original,full-grid,1212,18,5,53,1.0023344910317853,0.99938820743885826,-0.076796111516753085,0,0,1,UNSTABLE,3.3774203732690614e-16,8.8921807814759266e-17,1
B3_D2_Original,B3,2,Original,full-grid,1213,18,6,54,1.0025774726120886,0.99964560513158951,-0.076617574552720724,0,0,1,UNSTABLE,4.5724561274763052e-16,8.8921807814757504e-17,1
B3_D2_Original,B3,2,Original,full-grid,1214,18,7,55,1.0028054906094033,0.9998891893679398,-0.076422908747901835,0,0,1,UNSTABLE,3.1073542682613271e-16,8.8921807814759266e-17,1
B3_D2_Original,B3,2,Original,full-grid,1215,18,8,56,1.0030177652634296,1.0001180857903285,-0.076213200360128658,0,0,1,UNSTABLE,2.6561418773136332e-16,8.892180782994898e-17,1
B3_D2_Original,B3,2,Original,full-grid,1216,18,9,57,1.0032135969414235,1.0003314982196314,-0.075989570059428635,0,0,1,UNSTABLE,2.4550169441574273e-16,8.8921807814759266e-17,1
B3_D2_Original,B3,2,Original,full-grid,1217,18,10,58,1.0033923678903294,1.0005287107955181,-0.075753170325869063,0,0,1,UNSTABLE,3.5609659709233895e-16,8.8921807814757504e-17,1
B3_D2_Original,B3,2,Original,full-grid,1218,18,11,59,1.0035535445564507,1.000709090765771,-0.075505181613981315,0,0,1,UNSTABLE,3.5000885236508635e-16,8.8921807814759254e-17,1
B3_D2_Original,B3,2,Original,full-grid,1219,18,12,60,1.0036966799244504,1.0008720913805154,-0.075246807154576628,0,0,1,UNSTABLE,2.728919802537963e-16,8.8921807829948943e-17,1
B3_D2_Original,B3,2,Original,full-grid,1220,18,13,61,1.003821415367016,1.0010172543737825,-0.074979266436882783,0,0,1,UNSTABLE,2.6101448518843679e-16,8.8921807814759266e-17,1
B3_D2_Original,B3,2,Original,full-grid,1221,18,14,62,1.0039274815752219,1.0011442115832301,-0.074703787556991225,0,0,1,UNSTABLE,3.3006549551352979e-16,8.8921807814757504e-17,1
B3_D2_Original,B3,2,Original,full-grid,1222,18,15,63,1.0040146982463418,1.0012526853583275,-0.074421598729341079,0,0,1,UNSTABLE,4.2400824071186535e-16,8.8921807814759279e-17,1
B3_D2_Original,B3,2,Original,full-grid,1223,18,16,64,1.0040829723275426,1.0013424875252541,-0.074133919327452891,0,0,1,UNSTABLE,2.8641511509787567e-16,8.8921807829948968e-17,1
B3_D2_Original,B3,2,Original,full-grid,1224,18,17,65,1.0041322947379416,1.0014135168002347,-0.07384195085092804,0,0,1,UNSTABLE,2.6399395354622052e-16,8.8921807814759266e-17,1
B3_D2_Original,B3,2,Original,full-grid,1225,18,18,66,1.0041627356064411,1.0014657546603665,-0.07354686820765273,0,0,1,UNSTABLE,2.1979860821454217e-16,8.8921807814757504e-17,1
B3_D2_Original,B3,2,Original,full-grid,1226,18,19,67,1.0041744381594802,1.0014992597821823,-0.073249811662886286,0,0,1,UNSTABLE,3.2521536294426702e-16,8.8921807814759266e-17,1
B3_D2_Original,B3,2,Original,full-grid,1227,18,20,68,1.0041676114653983,1.0015141612367842,-0.072951879744827808,0,0,1,UNSTABLE,3.6026963299058372e-16,8.8921807829948943e-17,1
B3_D2_Original,B3,2,Original,full-grid,1228,18,21,69,1.0041425222876494,1.0015106506824538,-0.072654123322840089,0,0,1,UNSTABLE,3.9454263232396802e-16,8.8921807814759266e-17,1
B3_D2_Original,B3,2,Original,full-grid,1229,18,22,70,1.0040994863191539,1.0014889738222272,-0.072357540995329928,0,0,1,UNSTABLE,2.9633044150787054e-16,8.8921807814757504e-17,1
B3_D2_Original,B3,2,Original,full-grid,1230,18,23,71,1.0040388590657383,1.0014494213954241,-0.072063075848867106,0,0,1,UNSTABLE,3.7044320434625556e-16,8.8921807814759266e-17,1
B3_D2_Original,B3,2,Original,full-grid,1231,18,24,72,1.0039610266249119,1.0013923199552193,-0.071771613583999555,0,0,1,UNSTABLE,4.5062938439954777e-16,8.892180782994898e-17,1
B3_D2_Original,B3,2,Original,full-grid,1232,18,25,73,1.0038663965699253,1.0013180226516052,-0.071483981949566011,0,0,1,UNSTABLE,3.4579823462517081e-16,8.8921807814759266e-17,1
B3_D2_Original,B3,2,Original,full-grid,1233,18,26,74,1.0037553891055015,1.0012269001978058,-0.071200951388516578,0,0,1,UNSTABLE,3.5142144609050685e-16,8.8921807814757504e-17,1
B3_D2_Original,B3,2,Original,full-grid,1234,18,27,75,1.0036284286139292,1.0011193321515597,-0.070923236773854065,0,0,1,UNSTABLE,3.1038650241574107e-16,8.8921807814759254e-17,1
B3_D2_Original,B3,2,Original,full-grid,1235,18,28,76,1.0034859356626413,1.0009956985950899,-0.07065150010335676,0,0,1,UNSTABLE,5.6871154341902744e-16,8.8921807829948943e-17,1
B3_D2_Original,B3,2,Original,full-grid,1236,18,29,77,1.0033283195000091,1.0008563722523973,-0.070386354021805764,0,0,1,UNSTABLE,6.368125549056422e-16,8.8921807814759266e-17,1
B3_D2_Original,B3,2,Original,full-grid,1237,18,30,78,1.0031559710244837,1.000701711039311,-0.070128366051621316,0,0,1,UNSTABLE,2.5980075283810831e-16,8.8921807814757504e-17,1
B3_D2_Original,B3,2,Original,full-grid,1238,18,31,79,1.0029692561766117,1.0005320510041935,-0.069878063430574885,0,0,1,UNSTABLE,2.9652305083383621e-16,8.8921807814759279e-17,1
B3_D2_Original,B3,2,Original,full-grid,1239,18,32,80,1.0027685096706482,1.0003476995820573,-0.069635938479917295,0,0,1,UNSTABLE,3.2703693226801646e-16,8.8921807829948968e-17,1
B3_D2_Original,B3,2,Original,full-grid,1240,18,33,81,1.0025540289534525,1.0001489290531915,-0.06940245445626797,0,0,1,UNSTABLE,2.8392773909854194e-16,8.8921807814759266e-17,1
B3_D2_Original,B3,2,Original,full-grid,1241,18,34,82,1.0023260682508202,0.9999359700671453,-0.069178051873587262,0,0,1,UNSTABLE,2.3439195083689518e-16,8.8921807814757504e-17,1
B3_D2_Original,B3,2,Original,full-grid,1242,18,35,83,1.0020848325326925,0.99970900506114191,-0.068963155320332828,0,0,1,UNSTABLE,4.1288684172693068e-16,8.8921807814759266e-17,1
B3_D2_Original,B3,2,Original,full-grid,1243,18,36,84,1.0018304711976602,0.99946816136766792,-0.068758180840240962,0,0,1,UNSTABLE,4.0558389330714696e-16,8.8921807829948943e-17,1
B3_D2_Original,B3,2,Original,full-grid,1244,18,37,85,1.0015630712384618,0.99921350376342277,-0.068563543997116491,0,0,1,UNSTABLE,2.5677280956884133e-16,8.8921807814759266e-17,1
B3_D2_Original,B3,2,Original,full-grid,1245,18,38,86,1.0012826496019245,0.99894502615900027,-0.068379668806192645,0,0,1,UNSTABLE,3.2130012995766133e-16,8.8921807814757504e-17,1
B3_D2_Original,B3,2,Original,full-grid,1246,18,39,87,1.0009891443909564,0.99866264205706523,-0.068206997794517082,0,0,1,UNSTABLE,4.5484249452196583e-16,8.8921807814759266e-17,1
B3_D2_Original,B3,2,Original,full-grid,1247,18,40,88,1.0006824044670657,0.99836617331015687,-0.068046003556576626,0,0,1,UNSTABLE,6.7028396136872603e-16,8.892180782994898e-17,1
B3_D2_Original,B3,2,Original,full-grid,1248,18,41,89,1.0003621768863737,0.99805533657351042,-0.067897202313359994,0,0,1,UNSTABLE,3.7541115079301328e-16,8.8921807814759266e-17,1
B3_D2_Original,B3,2,Original,full-grid,1249,18,42,90,1.0000280914252619,0.99772972665713089,-0.067761170181298472,0,0,1,UNSTABLE,3.4088637401922661e-16,8.8921807814757504e-17,1
B3_D2_Original,B3,2,Original,full-grid,1250,18,43,91,0.99967964119677577,0.99738879570572991,-0.067638563142544558,1,0,-1,STABLE,2.2877292192554156e-16,8.8921807814759254e-17,1
B3_D2_Original,B3,2,Original,full-grid,1251,18,44,92,0.99933591234604824,0.99909480494228597,-0.021950773149121691,1,0,-1,STABLE,3.321873120209848e-16,8.8921807829948943e-17,1
B3_D2_Original,B3,2,Original,full-grid,1252,18,45,93,0.99941498640344251,0.99917489941900905,-0.0219051459435027,1,0,-1,STABLE,2.9804856433719107e-16,8.8921807814759266e-17,1
B3_D2_Original,B3,2,Original,full-grid,1253,18,46,94,0.99949308560050931,0.999254048440406,-0.021858061183141195,1,0,-1,STABLE,2.2480477220804017e-16,8.8921807814757504e-17,1
B3_D2_Original,B3,2,Original,full-grid,1254,18,47,95,0.99957017143638427,0.99933221260475102,-0.02180955010666832,1,0,-1,STABLE,2.4036492176551476e-16,8.8921807814759279e-17,1
B3_D2_Original,B3,2,Original,full-grid,1255,18,48,96,0.99964620683438377,0.99940935389498198,-0.021759645805622143,1,0,-1,STABLE,2.9193848684354939e-16,8.8921807829948968e-17,1
B3_D2_Original,B3,2,Original,full-grid,1256,18,49,97,0.99972115627030689,0.99948543580985638,-0.021708383136955969,1,0,-1,STABLE,3.2629179369156374e-16,8.8921807814759266e-17,1
B3_D2_Original,B3,2,Original,full-grid,1257,18,50,98,0.99979498589234062,0.99956042348697483,-0.021655798623123425,1,0,-1,STABLE,3.0221055924057478e-16,8.8921807814757504e-17,1
B3_D2_Original,B3,2,Original,full-grid,1258,18,51,99,0.99986766363138657,0.99963428381643671,-0.021601930341686948,1,0,-1,STABLE,2.3541021833618681e-16,8.8921807814759266e-17,1
B3_D2_Original,B3,2,Original,full-grid,1259,18,52,100,0.99993915930059452,0.99970698554389803,-0.021546817804779114,1,0,-1,STABLE,5.4432693635474975e-16,8.8921807829948943e-17,1
B3_D2_Original,B3,2,Original,full-grid,1260,18,53,101,1.0000094446833938,0.99977849936226604,-0.021490501830457483,0,0,1,UNSTABLE,2.9085326902533729e-16,8.8921807814759266e-17,1
B3_D2_Original,B3,2,Original,full-grid,1261,18,54,102,1.0000784936090839,0.99984879799107629,-0.021433024406600273,0,0,1,UNSTABLE,4.3796960762671686e-16,8.8921807814757504e-17,1
B3_D2_Original,B3,2,Original,full-grid,1262,18,55,103,1.0001462820155815,0.99991785624309437,-0.021374428549222231,0,0,1,UNSTABLE,3.4568200404941784e-16,8.8921807814759266e-17,1
B3_D2_Original,B3,2,Original,full-grid,1263,18,56,104,1.0002127879989107,0.99998565107769166,-0.021314758156715699,0,0,1,UNSTABLE,3.8998393780263259e-16,8.892180782994898e-17,1
B3_D2_Original,B3,2,Original,full-grid,1264,18,57,105,1.0002779918493174,1.0000521616408535,-0.021254057861022427,0,0,1,UNSTABLE,2.4991701028877025e-16,8.8921807814759266e-17,1
B3_D2_Original,B3,2,Original,full-grid,1265,18,58,106,1.0003418760739147,1.0001173692916678,-0.021192372877830275,0,0,1,UNSTABLE,3.8402898820562931e-16,8.8921807814757504e-17,1
B3_D2_Original,B3,2,Original,full-grid,1266,18,59,107,1.0004044254062705,1.0001812576156888,-0.021129748856750171,0,0,1,UNSTABLE,3.7391327599487706e-16,8.8921807814759254e-17,1
B3_D2_Original,B3,2,Original,full-grid,1267,18,60,108,1.0004656268031091,1.0002438124253021,-0.021066231733148283,0,0,1,UNSTABLE,2.6519661855489105e-16,8.8921807829948943e-17,1
B3_D2_Original,B3,2,Original,full-grid,1268,18,61,109,1.0005254694287775,1.0003050217477267,-0.021001867582560542,0,0,1,UNSTABLE,2.7804138850571233e-16,8.8921807814759266e-17,1
B3_D2_Original,B3,2,Original,full-grid,1269,18,62,110,1.0005839446280131,1.0003648758011447,-0.020936702479499861,0,0,1,UNSTABLE,5.1886863335997222e-16,8.8921807814757504e-17,1
B3_D2_Original,B3,2,Original,full-grid,1270,18,63,111,1.0006410458879123,1.0004233669598601,-0.020870782360797858,0,0,1,UNSTABLE,2.6898391946191075e-16,8.8921807814759279e-17,1
B3_D2_Original,B3,2,Original,full-grid,1271,18,64,112,1.0006967687898594,1.0004804897092043,-0.020804152895419207,0,0,1,UNSTABLE,2.9131259861274739e-16,8.8921807829948968e-17,1
B3_D2_Original,B3,2,Original,full-grid,1272,18,65,113,1.0007511109523362,1.0005362405911087,-0.020736859360714482,0,0,1,UNSTABLE,2.6875483104024869e-16,8.8921807814759266e-17,1
B3_D2_Original,B3,2,Original,full-grid,1273,18,66,114,1.0008040719656786,1.0005906181413922,-0.020668946526359904,0,0,1,UNSTABLE,2.9846414242040928e-16,8.8921807814757504e-17,1
B3_D2_Original,B3,2,Original,full-grid,1274,19,0,49,1.0018021893691007,0.99884108811563133,-0.076968222772159742,0,0,1,UNSTABLE,2.7567639754470552e-16,9.6280366670588406e-17,1
B3_D2_Original,B3,2,Original,full-grid,1275,19,1,50,1.0020866785118248,0.99913343926576781,-0.076877056342055619,0,0,1,UNSTABLE,2.9370352287277339e-16,8.8921807814756382e-17,1
B3_D2_Original,B3,2,Original,full-grid,1276,19,2,51,1.0023611773383874,0.99941722091570839,-0.076766844225357012,0,0,1,UNSTABLE,2.4897792490806954e-16,8.8921807814758132e-17,1
B3_D2_Original,B3,2,Original,full-grid,1277,19,3,52,1.0026246804653212,0.99969135412144083,-0.076638413168771818,0,0,1,UNSTABLE,2.5989423872017405e-16,8.8921807829948968e-17,1
B3_D2_Original,B3,2,Original,full-grid,1278,19,4,53,1.0028762538319353,0.99995482891060417,-0.076492618195096757,0,0,1,UNSTABLE,3.013978401380524e-16,8.8921807814759266e-17,1
B3_D2_Original,B3,2,Original,full-grid,1279,19,5,54,1.0031150285485906,1.0002066982903126,-0.076330342559374084,0,0,1,UNSTABLE,3.3080822424887368e-16,8.8921807814757504e-17,1
B3_D2_Original,B3,2,Original,full-grid,1280,19,6,55,1.0033401971686455,1.0004460745888912,-0.076152498935328744,0,0,1,UNSTABLE,3.9986466825437206e-16,8.8921807814759266e-17,1
B3_D2_Original,B3,2,Original,full-grid,1281,19,7,56,1.0035510122596045,1.0006721280706761,-0.075960031001716388,0,0,1,UNSTABLE,1.9706130596036982e-16,8.892180782994898e-17,1
B3_D2_Original,B3,2,Original,full-grid,1282,19,8,57,1.0037467869710306,1.0008840875741329,-0.075753914721040067,0,0,1,UNSTABLE,3.2683666597938404e-16,8.8921807814759279e-17,1
B3_D2_Original,B3,2,Original,full-grid,1283,19,9,58,1.0039268971688333,1.0010812427827789,-0.075535158750930018,0,0,1,UNSTABLE,3.2649655139033053e-16,8.8921807814757504e-17,1
B3_D2_Original,B3,2,Original,full-grid,1284,19,10,59,1.0040907846251135,1.0012629476442689,-0.075304803590380928,0,0,1,UNSTABLE,3.4288225147931541e-16,8.8921807814759266e-17,1
B3_D2_Original,B3,2,Original,full-grid,1285,19,11,60,1.0042379607184233,1.0014286244050679,-0.075063919229355638,0,0,1,UNSTABLE,2.5435714240167517e-16,8.8921807829948943e-17,1
B3_D2_Original,B3,2,Original,full-grid,1286,19,12,61,1.0043680101068282,1.001577767722764,-0.074813601232895752,0,0,1,UNSTABLE,2.685459268919109e-16,8.8921807814759266e-17,1
B3_D2_Original,B3,2,Original,full-grid,1287,19,13,62,1.0044805938821277,1.0017099483528533,-0.074554965339108756,0,0,1,UNSTABLE,3.2610715611157015e-16,8.8921807814757504e-17,1
B3_D2_Original,B3,2,Original,full-grid,1288,19,14,63,1.004575451791264,1.001824815975515,-0.074289140776073959,0,0,1,UNSTABLE,4.8348158948111513e-16,8.8921807814759266e-17,1
B3_D2_Original,B3,2,Original,full-grid,1289,19,15,64,1.0046524032111335,1.0019221008217389,-0.074017262600417674,0,0,1,UNSTABLE,2.9386884369663912e-16,8.8921807829948968e-17,1
B3_D2_Original,B3,2,Original,full-grid,1290,19,16,65,1.0047113466768216,1.00200161386867,-0.073740463422282423,0,0,1,UNSTABLE,2.8990990689760296e-16,8.8921807814759266e-17,1
B3_D2_Original,B3,2,Original,full-grid,1291,19,17,66,1.0047522578792494,1.0020632454894862,-0.073459864909537709,0,0,1,UNSTABLE,5.2969416080480317e-16,8.8921807814757504e-17,1
B3_D2_Original,B3,2,Original,full-grid,1292,19,18,67,1.004775186156486,1.0021069625534698,-0.073176569458126325,0,0,1,UNSTABLE,2.9090321649671444e-16,8.8921807814759266e-17,1
B3_D2_Original,B3,2,Original,full-grid,1293,19,19,68,1.0047802495959572,1.0021328040689799,-0.072891652381859184,0,0,1,UNSTABLE,3.3002153651605469e-16,8.8921807829948943e-17,1
B3_D2_Original,B3,2,Original,full-grid,1294,19,20,69,1.0047676289358913,1.0021408755386332,-0.072606154918949145,0,0,1,UNSTABLE,3.2163190267731258e-16,8.8921807814759266e-17,1
B3_D2_Original,B3,2,Original,full-grid,1295,19,21,70,1.0047375605017175,1.0021313422494791,-0.072321078284271034,0,0,1,UNSTABLE,3.1801473347688925e-16,8.8921807814757504e-17,1
B3_D2_Original,B3,2,Original,full-grid,1296,19,22,71,1.0046903284356377,1.0021044217495811,-0.072037378922664083,0,0,1,UNSTABLE,2.8063105225582511e-16,8.8921807814759266e-17,1
B3_D2_Original,B3,2,Original,full-grid,1297,19,23,72,1.0046262564789534,1.0020603757694584,-0.071755965046035208,0,0,1,UNSTABLE,2.7256040734118387e-16,8.892180782994898e-17,1
B3_D2_Original,B3,2,Original,full-grid,1298,19,24,73,1.0045456995492439,1.0019995018340111,-0.071477694473683948,0,0,1,UNSTABLE,2.3826701354102519e-16,8.8921807814759279e-17,1
B3_D2_Original,B3,2,Original,full-grid,1299,19,25,74,1.0044490353241602,1.0019221247839076,-0.071203373741247994,0,0,1,UNSTABLE,3.152067337216613e-16,8.8921807814757504e-17,1
B3_D2_Original,B3,2,Original,full-grid,1300,19,26,75,1.0043366560041622,1.0018285883883187,-0.070933758405230335,0,0,1,UNSTABLE,3.5446910890312242e-16,8.8921807814759266e-17,1
B3_D2_Original,B3,2,Original,full-grid,1301,19,27,76,1.0042089603834417,1.001719247189133,-0.070669554443403601,0,0,1,UNSTABLE,3.165952863182602e-16,8.8921807829948943e-17,1
B3_D2_Original,B3,2,Original,full-grid,1302,19,28,77,1.0040663463136561,1.0015944586723409,-0.07041142063980256,0,0,1,UNSTABLE,2.8562457589344257e-16,8.8921807814759266e-17,1
B3_D2_Original,B3,2,Original,full-grid,1303,19,29,78,1.0039092036033388,1.0014545758199551,-0.070159971841243132,0,0,1,UNSTABLE,3.1188193841107543e-16,8.8921807814757504e-17,1
B3_D2_Original,B3,2,Original,full-grid,1304,19,30,79,1.0037379073565871,1.0012999400551856,-0.0699157829825445,0,0,1,UNSTABLE,3.841685932844595e-16,8.8921807814759266e-17,1
B3_D2_Original,B3,2,Original,full-grid,1305,19,31,80,1.0035528117204444,1.0011308745575924,-0.069679393794435343,0,0,1,UNSTABLE,5.2677319738372495e-16,8.8921807829948968e-17,1
B3_D2_Original,B3,2,Original,full-grid,1306,19,32,81,1.0033542439799277,1.000947677892202,-0.069451314132569789,0,0,1,UNSTABLE,5.1034070914441783e-16,8.8921807814759266e-17,1
B3_D2_Original,B3,2,Original,full-grid,1307,19,33,82,1.0031424989125182,1.0007506178668182,-0.069232029896811056,0,0,1,UNSTABLE,3.0924266843398098e-16,8.8921807814757504e-17,1
B3_D2_Original,B3,2,Original,full-grid,1308,19,34,83,1.0029178332898485,1.0005399255048093,-0.069022009545036983,0,0,1,UNSTABLE,3.1166022398245791e-16,8.8921807814759266e-17,1
B3_D2_Original,B3,2,Original,full-grid,1309,19,35,84,1.0026804603901991,1.0003157889932242,-0.068821711248450906,0,0,1,UNSTABLE,3.2631404496798825e-16,8.8921807829948943e-17,1
B3_D2_Original,B3,2,Original,full-grid,1310,19,36,85,1.00243054436074,1.0000783474377137,-0.068631590784570359,0,0,1,UNSTABLE,3.3510253460673045e-16,8.8921807814759266e-17,1
B3_D2_Original,B3,2,Original,full-grid,1311,19,37,86,1.0021681942401928,0.99982768422302648,-0.068452110324433879,0,0,1,UNSTABLE,1.7948465395794505e-16,8.8921807814757504e-17,1
B3_D2_Original,B3,2,Original,full-grid,1312,19,38,87,1.0018934574179545,0.99956381973778219,-0.068283748345540948,0,0,1,UNSTABLE,1.9600442967573638e-16,8.8921807814759266e-17,1
B3_D2_Original,B3,2,Original,full-grid,1313,19,39,88,1.0016063122612842,0.9992867031708117,-0.06812701099901107,0,0,1,UNSTABLE,2.9999964731426019e-16,8.892180782994898e-17,1
B3_D2_Original,B3,2,Original,full-grid,1314,19,40,89,1.0013066595835372,0.99899620301849201,-0.067982445388330176,0,0,1,UNSTABLE,3.3982121147039906e-16,8.8921807814759279e-17,1
B3_D2_Original,B3,2,Original,full-grid,1315,19,41,90,1.0009943125466212,0.99869209584996388,-0.067850655394691373,0,0,1,UNSTABLE,4.1157897741789882e-16,8.8921807814757504e-17,1
B3_D2_Original,B3,2,Original,full-grid,1316,19,42,91,1.0006689844826386,0.99837405275100011,-0.067732320933647464,0,0,1,UNSTABLE,4.0649385951160849e-16,8.8921807814759266e-17,1
B3_D2_Original,B3,2,Original,full-grid,1317,19,43,92,1.0003302739700213,0.99804162269166874,-0.067628221889375312,0,0,1,UNSTABLE,3.8638609663236321e-16,8.8921807829948943e-17,1
B3_D2_Original,B3,2,Original,full-grid,1318,19,44,93,0.99997764629316332,0.99769421181816154,-0.067539268507677719,1,0,-1,STABLE,3.7573160306975652e-16,8.8921807814759266e-17,1
B3_D2_Original,B3,2,Original,full-grid,1319,19,45,94,0.99961041012690777,0.9973310573230656,-0.06746654084019095,1,0,-1,STABLE,3.0099626845795737e-16,8.8921807814757504e-17,1
B3_D2_Original,B3,2,Original,full-grid,1320,19,46,95,0.9994967291814546,0.99925775506265024,-0.02185521886365888,1,0,-1,STABLE,5.2096173989947967e-16,8.8921807814759266e-17,1
B3_D2_Original,B3,2,Original,full-grid,1321,19,47,96,0.99957370489772679,0.99933580956168844,-0.021806679037681104,1,0,-1,STABLE,2.5620200510266772e-16,8.8921807829948968e-17,1
B3_D2_Original,B3,2,Original,full-grid,1322,19,48,97,0.99964963075507662,0.99941284166074529,-0.021756750500823457,1,0,-1,STABLE,2.9228647733090979e-16,8.8921807814759266e-17,1
B3_D2_Original,B3,2,Original,full-grid,1323,19,49,98,0.99972447145487564,0.99948881508711274,-0.021705468009008834,1,0,-1,STABLE,4.4800858169037846e-16,8.8921807814757504e-17,1
B3_D2_Original,B3,2,Original,full-grid,1324,19,50,99,0.99979819335987707,0.99956369519623234,-0.021652867970037824,1,0,-1,STABLE,4.4461511155461687e-16,8.8921807814759266e-17,1
B3_D2_Original,B3,2,Original,full-grid,1325,19,51,100,0.99987076460351842,0.99963744908429875,-0.021598988334197725,1,0,-1,STABLE,3.3166039931521891e-16,8.8921807829948943e-17,1
B3_D2_Original,B3,2,Original,full-grid,1326,19,52,101,0.99994215518873952,0.99971004569056465,-0.021543868475051724,1,0,-1,STABLE,2.1325203897841521e-16,8.8921807814759266e-17,1
B3_D2_Original,B3,2,Original,full-grid,1327,19,53,102,1.0000123370752734,0.99978145588826883,-0.021487549061810458,0,0,1,UNSTABLE,3.2658070171363919e-16,8.8921807814757504e-17,1
B3_D2_Original,B3,2,Original,full-grid,1328,19,54,103,1.0000812842547584,0.99985165256348885,-0.021430071924917776,0,0,1,UNSTABLE,3.06592293207731e-16,8.8921807814759266e-17,1
B3_D2_Original,B3,2,Original,full-grid,1329,19,55,104,1.0001489728131105,0.9999206106813382,-0.02137147991552819,0,0,1,UNSTABLE,3.5719345742842306e-16,8.892180782994898e-17,1
B3_D2_Original,B3,2,Original,full-grid,1330,19,56,105,1.0002153809798093,0.99998830733910626,-0.021311816760994678,0,0,1,UNSTABLE,4.1082749848269771e-16,8.8921807814759279e-17,1
B3_D2_Original,B3,2,Original,full-grid,1331,19,57,106,1.0002804891638453,1.0000547218060576,-0.021251126917649535,0,0,1,UNSTABLE,2.6414610393891426e-16,8.8921807814757504e-17,1
B3_D2_Original,B3,2,Original,full-grid,1332,19,58,107,1.000344279976549,1.0001198355500798,-0.021189455422011214,0,0,1,UNSTABLE,4.4122698707144093e-16,8.8921807814759266e-17,1
B3_D2_Original,B3,2,Original,full-grid,1333,19,59,108,1.000406738241258,1.0001836322510866,-0.021126847742536235,0,0,1,UNSTABLE,2.8998164159185123e-16,8.8921807829948943e-17,1
B3_D2_Original,B3,2,Original,full-grid,1334,19,60,109,1.0004678509903584,1.0002460978016996,-0.021063349632449012,0,0,1,UNSTABLE,3.4736656035750086e-16,8.8921807814759266e-17,1
B3_D2_Original,B3,2,Original,full-grid,1335,19,61,110,1.0005276074501392,1.0003072202956083,-0.020999006985417755,0,0,1,UNSTABLE,3.550024092668919e-16,8.8921807814757504e-17,1
B3_D2_Original,B3,2,Original,full-grid,1336,19,62,111,1.0005859990140706,1.0003669900041872,-0.020933865695279632,0,0,1,UNSTABLE,3.6438808553068703e-16,8.8921807814759266e-17,1
B3_D2_Original,B3,2,Original,full-grid,1337,19,63,112,1.0006430192053644,1.0004253993422196,-0.020867971520665465,0,0,1,UNSTABLE,2.615929700983525e-16,8.8921807829948968e-17,1
B3_D2_Original,B3,2,Original,full-grid,1338,19,64,113,1.0006986636295068,1.0004824428233918,-0.020801369955345993,0,0,1,UNSTABLE,2.1738199091863809e-16,8.8921807814759266e-17,1
B3_D2_Original,B3,2,Original,full-grid,1339,19,65,114,1.0007529299178097,1.0005381170065861,-0.020734106105530517,0,0,1,UNSTABLE,2.3336983664926796e-16,8.8921807814757504e-17,1
B3_D2_Original,B3,2,Original,full-grid,1340,19,66,115,1.0008058176628853,1.0005924204338723,-0.020666224574448396,0,0,1,UNSTABLE,3.3818675175440927e-16,8.8921807814759266e-17,1
B3_D2_Original,B3,2,Original,full-grid,1341,20,0,50,1.0026470397687697,0.99973013644178244,-0.076424738450137739,0,0,1,UNSTABLE,3.5839388035983805e-16,9.6280366670625742e-17,1
B3_D2_Original,B3,2,Original,full-grid,1342,20,1,51,1.0029119091047414,1.0000031163861225,-0.076328661996397401,0,0,1,UNSTABLE,2.7045830460691773e-16,8.8921807814758132e-17,1
B3_D2_Original,B3,2,Original,full-grid,1343,20,2,52,1.0031669892355033,1.0002675740464864,-0.076215409222687561,0,0,1,UNSTABLE,2.8020721002835554e-16,8.8921807829948943e-17,1
B3_D2_Original,B3,2,Original,full-grid,1344,20,3,53,1.0034114335485493,1.0005225980060783,-0.076085713870096522,0,0,1,UNSTABLE,2.6596026986471325e-16,8.8921807814759266e-17,1
B3_D2_Original,B3,2,Original,full-grid,1345,20,4,54,1.003644444163089,1.0007673239646842,-0.075940329101216897,0,0,1,UNSTABLE,4.8218432540091606e-16,8.8921807814757504e-17,1
B3_D2_Original,B3,2,Original,full-grid,1346,20,5,55,1.0038652676544964,1.0010009303493812,-0.07578003063279326,0,0,1,UNSTABLE,2.1126736310150305e-16,8.8921807814759254e-17,1
B3_D2_Original,B3,2,Original,full-grid,1347,20,6,56,1.004073193208423,1.0012226363232744,-0.075605620383882827,0,0,1,UNSTABLE,3.1060825385489735e-16,8.892180782994898e-17,1
B3_D2_Original,B3,2,Original,full-grid,1348,20,7,57,1.0042675529664786,1.0014317020053931,-0.075417929962711669,0,0,1,UNSTABLE,4.0657783644308725e-16,8.8921807814759266e-17,1
B3_D2_Original,B3,2,Original,full-grid,1349,20,8,58,1.0044477242079231,1.0016274305874122,-0.07521782342859136,0,0,1,UNSTABLE,3.1798233304074223e-16,8.8921807814757504e-17,1
B3_D2_Original,B3,2,Original,full-grid,1350,20,9,59,1.004613132927054,1.0018091719371203,-0.075006198891638107,0,0,1,UNSTABLE,2.667349587150363e-16,8.8921807814759254e-17,1
B3_D2_Original,B3,2,Original,full-grid,1351,20,10,60,1.0047632583144048,1.0019763272155915,-0.074783988648194369,0,0,1,UNSTABLE,2.3184706928828471e-16,8.8921807829948943e-17,1
B3_D2_Original,B3,2,Original,full-grid,1352,20,11,61,1.0048976376302272,1.0021283540040034,-0.074552157688682827,0,0,1,UNSTABLE,3.8875813969104486e-16,8.8921807814759266e-17,1
B3_D2_Original,B3,2,Original,full-grid,1353,20,12,62,1.0050158709715504,1.002264771438135,-0.074311700550903859,0,0,1,UNSTABLE,3.0792773979949357e-16,8.8921807814757504e-17,1
B3_D2_Original,B3,2,Original,full-grid,1354,20,13,63,1.005117625477491,1.0023851648824345,-0.074063636618278639,0,0,1,UNSTABLE,2.5628514776305189e-16,8.8921807814759279e-17,1
B3_D2_Original,B3,2,Original,full-grid,1355,20,14,64,1.0052026385868884,1.0024891897371786,-0.073809004072254464,0,0,1,UNSTABLE,2.3862039366279473e-16,8.8921807829948968e-17,1
B3_D2_Original,B3,2,Original,full-grid,1356,20,15,65,1.0052707200527933,1.0025765740571502,-0.073548852793834982,0,0,1,UNSTABLE,3.2337855864371456e-16,8.8921807814759279e-17,1
B3_D2_Original,B3,2,Original,full-grid,1357,20,16,66,1.0053217525204972,1.0026471197593601,-0.073284236566560426,0,0,1,UNSTABLE,3.4189955046980352e-16,8.8921807814757504e-17,1
B3_D2_Original,B3,2,Original,full-grid,1358,20,17,67,1.0053556905821761,1.0027007023031125,-0.073016204960332023,0,0,1,UNSTABLE,2.6124665646500899e-16,8.8921807814759266e-17,1
B3_D2_Original,B3,2,Original,full-grid,1359,20,18,68,1.0053725583218045,1.0027372688280227,-0.072745795272633487,0,0,1,UNSTABLE,3.2565805566120783e-16,8.8921807829948943e-17,1
B3_D2_Original,B3,2,Original,full-grid,1360,20,19,69,1.0053724454519146,1.0027568348270606,-0.072474024874972037,0,0,1,UNSTABLE,3.1513400783574716e-16,8.8921807814759266e-17,1
B3_D2_Original,B3,2,Original,full-grid,1361,20,20,70,1.0053555022133567,1.0027594795061789,-0.072201884263276533,0,0,1,UNSTABLE,3.6385754616128846e-16,8.8921807814757504e-17,1
B3_D2_Original,B3,2,Original,full-grid,1362,20,21,71,1.0053219332568253,1.0027453400352642,-0.071930331048891905,0,0,1,UNSTABLE,2.9893568132643798e-16,8.8921807814759254e-17,1
B3_D2_Original,B3,2,Original,full-grid,1363,20,22,72,1.0052719907511936,1.0027146049271847,-0.071660285057957823,0,0,1,UNSTABLE,3.4081072395406513e-16,8.892180782994898e-17,1
B3_D2_Original,B3,2,Original,full-grid,1364,20,23,73,1.0052059669682392,1.0026675067915582,-0.071392624639756,0,0,1,UNSTABLE,2.6566012250696997e-16,8.8921807814759266e-17,1
B3_D2_Original,B3,2,Original,full-grid,1365,20,24,74,1.005124186581863,1.0026043147030015,-0.07112818422240598,0,0,1,UNSTABLE,1.9805617297241735e-16,8.8921807814757504e-17,1
B3_D2_Original,B3,2,Original,full-grid,1366,20,25,75,1.0050269988938274,1.0025253264011413,-0.070867753102651115,0,0,1,UNSTABLE,3.4565848875369971e-16,8.8921807814759254e-17,1
B3_D2_Original,B3,2,Original,full-grid,1367,20,26,76,1.0049147701642154,1.002430860508368,-0.070612075416678452,0,0,1,UNSTABLE,2.5386997329194947e-16,8.8921807829948943e-17,1
B3_D2_Original,B3,2,Original,full-grid,1368,20,27,77,1.0047878761849518,1.002321248912867,-0.070361851212262003,0,0,1,UNSTABLE,2.6776112188878271e-16,8.8921807814759266e-17,1
B3_D2_Original,B3,2,Original,full-grid,1369,20,28,78,1.0046466951949333,1.0021968294251486,-0.070117738527998075,0,0,1,UNSTABLE,3.756334417261895e-16,8.8921807814757504e-17,1
B3_D2_Original,B3,2,Original,full-grid,1370,20,29,79,1.0044916011953076,1.0020579387758342,-0.069880356383175288,0,0,1,UNSTABLE,2.2185471325428985e-16,8.8921807814759279e-17,1
B3_D2_Original,B3,2,Original,full-grid,1371,20,30,80,1.0043229576878254,1.0019049059857252,-0.069650288589184095,0,0,1,UNSTABLE,2.8132308590831386e-16,8.8921807829948968e-17,1
B3_D2_Original,B3,2,Original,full-grid,1372,20,31,81,1.0041411118269479,1.0017380461052241,-0.069428088309753486,0,0,1,UNSTABLE,5.0755404195419512e-16,8.8921807814759279e-17,1
B3_D2_Original,B3,2,Original,full-grid,1373,20,32,82,1.0039463889488103,1.0015576542904541,-0.069214283320418221,0,0,1,UNSTABLE,2.5000488900959147e-16,8.8921807814757504e-17,1
B3_D2_Original,B3,2,Original,full-grid,1374,20,33,83,1.0037390874166552,1.0013640001572999,-0.06900938194905723,0,0,1,UNSTABLE,2.8309126740003466e-16,8.8921807814759266e-17,1
B3_D2_Original,B3,2,Original,full-grid,1375,20,34,84,1.0035194737023656,1.0011573223317147,-0.0688138797152444,0,0,1,UNSTABLE,4.1022298617761776e-16,8.8921807829948943e-17,1
B3_D2_Original,B3,2,Original,full-grid,1376,20,35,85,1.0032877776065985,1.0009378230940633,-0.068628266731027787,0,0,1,UNSTABLE,2.8085951427154053e-16,8.8921807814759266e-17,1
B3_D2_Original,B3,2,Original,full-grid,1377,20,36,86,1.0030441875040621,1.000705662995335,-0.068453035979064089,0,0,1,UNSTABLE,4.7329675131503499e-16,8.8921807814757504e-17,1
B3_D2_Original,B3,2,Original,full-grid,1378,20,37,87,1.0027888454856517,1.0004609553034582,-0.068288692649208657,0,0,1,UNSTABLE,2.8745058262598095e-16,8.8921807814759254e-17,1
B3_D2_Original,B3,2,Original,full-grid,1379,20,38,88,1.0025218422532225,1.0002037601160341,-0.068135764797512544,0,0,1,UNSTABLE,4.5617604293180379e-16,8.892180782994898e-17,1
B3_D2_Original,B3,2,Original,full-grid,1380,20,39,89,1.0022432116059272,0.99993407795127798,-0.067994815698631222,0,0,1,UNSTABLE,3.1919737132929799e-16,8.8921807814759266e-17,1
B3_D2_Original,B3,2,Original,full-grid,1381,20,40,90,1.0019529243379988,0.99965184259968787,-0.067866458405579269,0,0,1,UNSTABLE,2.6118295466235722e-16,8.8921807814757504e-17,1
B3_D2_Original,B3,2,Original,full-grid,1382,20,41,91,1.0016508813474019,0.99935691298450313,-0.067751373226755909,0,0,1,UNSTABLE,2.3773566228682236e-16,8.8921807814759254e-17,1
B3_D2_Original,B3,2,Original,full-grid,1383,20,42,92,1.0013369057342008,0.99904906373875324,-0.067650329105365434,0,0,1,UNSTABLE,2.6257077747683067e-16,8.8921807829948943e-17,1
B3_D2_Original,B3,2,Original,full-grid,1384,20,43,93,1.0010107336522995,0.99872797416328507,-0.067564210280410181,0,0,1,UNSTABLE,2.3507034910813534e-16,8.8921807814759266e-17,1
B3_D2_Original,B3,2,Original,full-grid,1385,20,44,94,1.0006720036794687,0.99839321518990576,-0.067494050187000221,0,0,1,UNSTABLE,5.8526096588928841e-16,8.8921807814757504e-17,1
B3_D2_Original,B3,2,Original,full-grid,1386,20,45,95,1.0003202445123134,0.99804423395335928,-0.06744107541866845,0,0,1,UNSTABLE,2.7028848881303154e-16,8.8921807814759279e-17,1
B3_D2_Original,B3,2,Original,full-grid,1387,20,46,96,0.99995486092903618,0.99768033561685709,-0.067406763896835781,1,0,-1,STABLE,2.8247746617079538e-16,8.8921807829948968e-17,1
B3_D2_Original,B3,2,Original,full-grid,1388,20,47,97,0.99957725635180239,0.99933942477030535,-0.021803795897779619,1,0,-1,STABLE,3.3009988756797077e-16,8.8921807814759279e-17,1
B3_D2_Original,B3,2,Original,full-grid,1389,20,48,98,0.99965307205170639,0.99941634706426963,-0.021753842950741765,1,0,-1,STABLE,4.2998615673781552e-16,8.8921807814757504e-17,1
B3_D2_Original,B3,2,Original,full-grid,1390,20,49,99,0.99972780340449785,0.99949221139355959,-0.021702540487094059,1,0,-1,STABLE,1.9310119351560566e-16,8.8921807814759266e-17,1
B3_D2_Original,B3,2,Original,full-grid,1391,20,50,100,0.99980141698850578,0.99956698333249117,-0.021649924799115535,1,0,-1,STABLE,5.0733412293468676e-16,8.8921807829948943e-17,1
B3_D2_Original,B3,2,Original,full-grid,1392,20,51,101,0.99987388114073972,0.99964063018441152,-0.021596033708961553,1,0,-1,STABLE,4.1198243497383225e-16,8.8921807814759266e-17,1
B3_D2_Original,B3,2,Original,full-grid,1393,20,52,102,0.99994516605480432,0.99971312108307142,-0.021540906450626847,1,0,-1,STABLE,3.0780336119721759e-16,8.8921807814757504e-17,1
B3_D2_Original,B3,2,Original,full-grid,1394,20,53,103,1.0000152438675942,0.99978442708291504,-0.021484583543820102,0,0,1,UNSTABLE,5.5089935682760588e-16,8.8921807814759254e-17,1
B3_D2_Original,B3,2,Original,full-grid,1395,20,54,104,1.0000840887338709,0.99985452123737439,-0.021427106660441397,0,0,1,UNSTABLE,2.8165571804816145e-16,8.892180782994898e-17,1
B3_D2_Original,B3,2,Original,full-grid,1396,20,55,105,1.0001516768882599,0.99992337866464509,-0.021368518485824651,0,0,1,UNSTABLE,2.5224771725888296e-16,8.8921807814759266e-17,1
B3_D2_Original,B3,2,Original,full-grid,1397,20,56,106,1.000217986694292,0.99999097660055147,-0.021308862575420442,0,0,1,UNSTABLE,3.5665244144334926e-16,8.8921807814757504e-17,1
B3_D2_Original,B3,2,Original,full-grid,1398,20,57,107,1.0002829986803328,1.0000572944382946,-0.021248183208849043,0,0,1,UNSTABLE,2.3409591124279523e-16,8.8921807814759254e-17,1
B3_D2_Original,B3,2,Original,full-grid,1399,20,58,108,1.0003466955623979,1.0001223137550492,-0.021186525242604885,0,0,1,UNSTABLE,3.2896839064048267e-16,8.8921807829948943e-17,1
B3_D2_Original,B3,2,Original,full-grid,1400,20,59,109,1.0004090622540363,1.0001860183255571,-0.021123933962887212,0,0,1,UNSTABLE,2.9764260902850154e-16,8.8921807814759266e-17,1
B3_D2_Original,B3,2,Original,full-grid,1401,20,60,110,1.0004700858636755,1.0002483941230791,-0.021060454939807766,0,0,1,UNSTABLE,3.114531804254626e-16,8.8921807814757504e-17,1
B3_D2_Original,B3,2,Original,full-grid,1402,20,61,111,1.0005297556798567,1.0003094293081078,-0.020996133884161102,0,0,1,UNSTABLE,2.6935534831105807e-16,8.8921807814759279e-17,1
B3_D2_Original,B3,2,Original,full-grid,1403,20,62,112,1.0005880631450512,1.0003691142054998,-0.020931016508255084,0,0,1,UNSTABLE,4.2371803330021308e-16,8.8921807829948968e-17,1
B3_D2_Original,B3,2,Original,full-grid,1404,20,63,113,1.0006450018187474,1.0004274412707037,-0.020865148391361565,0,0,1,UNSTABLE,3.7351940123935286e-16,8.8921807814759279e-17,1
B3_D2_Original,B3,2,Original,full-grid,1405,20,64,114,1.0007005673306892,1.0004844050459358,-0.020798574851243073,0,0,1,UNSTABLE,2.9379730246859974e-16,8.8921807814757504e-17,1
B3_D2_Original,B3,2,Original,full-grid,1406,20,65,115,1.0007547573250895,1.000540002107122,-0.020731340822027863,0,0,1,UNSTABLE,3.3094466102730423e-16,8.8921807814759266e-17,1
B3_D2_Original,B3,2,Original,full-grid,1407,20,66,116,1.0008075713968874,1.0005942310026543,-0.020663490739535172,0,0,1,UNSTABLE,2.8035685174665185e-16,8.8921807829948943e-17,1
B3_D2_Original,B3,2,Original,full-grid,1408,21,0,51,1.0034432977945147,1.0005772706632978,-0.075786392714764436,0,0,1,UNSTABLE,3.5673260817420437e-16,9.6280366670588431e-17,1
B3_D2_Original,B3,2,Original,full-grid,1409,21,1,52,1.0036887662977623,1.0008308262630115,-0.075688815514722355,0,0,1,UNSTABLE,3.3639486452985196e-16,8.8921807829948943e-17,1
B3_D2_Original,B3,2,Original,full-grid,1410,21,2,53,1.0039249317187542,1.001076207649076,-0.075575756730909174,0,0,1,UNSTABLE,3.0039120662731396e-16,8.8921807814759279e-17,1
B3_D2_Original,B3,2,Original,full-grid,1411,21,3,54,1.0041510627409571,1.0013126283465876,-0.075447843689812943,0,0,1,UNSTABLE,3.2734118654541016e-16,8.8921807814757528e-17,1
B3_D2_Original,B3,2,Original,full-grid,1412,21,4,55,1.0043664583018082,1.0015393307223408,-0.075305720751902061,0,0,1,UNSTABLE,2.5391723188717257e-16,8.8921807814759266e-17,1
B3_D2_Original,B3,2,Original,full-grid,1413,21,5,56,1.0045704453809778,1.0017555835066785,-0.075150054199115884,0,0,1,UNSTABLE,5.2599875731283604e-16,8.892180782994898e-17,1
B3_D2_Original,B3,2,Original,full-grid,1414,21,6,57,1.0047623789840476,1.0019606815190625,-0.074981537137744025,0,0,1,UNSTABLE,2.407995686125374e-16,8.8921807814759266e-17,1
B3_D2_Original,B3,2,Original,full-grid,1415,21,7,58,1.0049416440595658,1.002153947374683,-0.074800893888268438,0,0,1,UNSTABLE,3.1094056142233813e-16,8.8921807814757504e-17,1
B3_D2_Original,B3,2,Original,full-grid,1416,21,8,59,1.0051076590061203,1.0023347348601572,-0.074608883422697572,0,0,1,UNSTABLE,2.8565162835851167e-16,8.8921807814759266e-17,1
B3_D2_Original,B3,2,Original,full-grid,1417,21,9,60,1.0052598803650088,1.0025024335967205,-0.074406301508169709,0,0,1,UNSTABLE,1.7856950706722645e-16,8.8921807829948943e-17,1
B3_D2_Original,B3,2,Original,full-grid,1418,21,10,61,1.0053978082545472,1.0026564745606845,-0.074193981323195643,0,0,1,UNSTABLE,3.0778728281632771e-16,8.8921807814759266e-17,1
B3_D2_Original,B3,2,Original,full-grid,1419,21,11,62,1.0055209920863275,1.0027963360059982,-0.073972792425441095,0,0,1,UNSTABLE,2.468817731572195e-16,8.8921807814757504e-17,1
B3_D2_Original,B3,2,Original,full-grid,1420,21,12,63,1.0056290361136477,1.002921549334677,-0.073743638064547784,0,0,1,UNSTABLE,2.5670023463471645e-16,8.8921807814759279e-17,1
B3_D2_Original,B3,2,Original,full-grid,1421,21,13,64,1.0057216043974442,1.0030317044878625,-0.07350745094167177,0,0,1,UNSTABLE,3.6122139853208607e-16,8.8921807829948968e-17,1
B3_D2_Original,B3,2,Original,full-grid,1422,21,14,65,1.0057984248341989,1.0031264544825684,-0.073265187614496949,0,0,1,UNSTABLE,2.7235722488303733e-16,8.8921807814759266e-17,1
B3_D2_Original,B3,2,Original,full-grid,1423,21,15,66,1.00585929196841,1.0032055187922642,-0.073017821824092,0,0,1,UNSTABLE,2.843033357012965e-16,8.8921807814757504e-17,1
B3_D2_Original,B3,2,Original,full-grid,1424,21,16,67,1.0059040684025893,1.0032686853567934,-0.072766337075136703,0,0,1,UNSTABLE,3.6612018554340574e-16,8.8921807814759266e-17,1
B3_D2_Original,B3,2,Original,full-grid,1425,21,17,68,1.005932684714413,1.0033158111030458,-0.072511718827950988,0,0,1,UNSTABLE,3.226584470861391e-16,8.8921807829948943e-17,1
B3_D2_Original,B3,2,Original,full-grid,1426,21,18,69,1.0059451378829152,1.0033468209512324,-0.072254946663415823,0,0,1,UNSTABLE,3.3800126119305079e-16,8.8921807814759279e-17,1
B3_D2_Original,B3,2,Original,full-grid,1427,21,19,70,1.005941488309384,1.0033617053684276,-0.071996986758192924,0,0,1,UNSTABLE,3.0561625077434656e-16,8.8921807814757528e-17,1
B3_D2_Original,B3,2,Original,full-grid,1428,21,20,71,1.005921855585711,1.0033605166023767,-0.071738784966095537,0,0,1,UNSTABLE,1.608810488341186e-16,8.8921807814759266e-17,1
B3_D2_Original,B3,2,Original,full-grid,1429,21,21,72,1.0058864132118877,1.0033433637825453,-0.071481260745762928,0,0,1,UNSTABLE,2.7050702985128998e-16,8.892180782994898e-17,1
B3_D2_Original,B3,2,Original,full-grid,1430,21,22,73,1.0058353824926562,1.0033104071089818,-0.071225302112083416,0,0,1,UNSTABLE,2.2058647640622993e-16,8.8921807814759266e-17,1
B3_D2_Original,B3,2,Original,full-grid,1431,21,23,74,1.0057690258528551,1.0032618513641118,-0.070971761725742877,0,0,1,UNSTABLE,2.320777897191578e-16,8.8921807814757504e-17,1
B3_D2_Original,B3,2,Original,full-grid,1432,21,24,75,1.0056876398038643,1.0031979389799024,-0.070721454175823914,0,0,1,UNSTABLE,3.0644279596294046e-16,8.8921807814759266e-17,1
B3_D2_Original,B3,2,Original,full-grid,1433,21,25,76,1.0055915477728439,1.0031189428756173,-0.07047515446089761,0,0,1,UNSTABLE,2.8999019937754597e-16,8.8921807829948943e-17,1
B3_D2_Original,B3,2,Original,full-grid,1434,21,26,77,1.0054810929774709,1.0030251592551032,-0.070233597632789149,0,0,1,UNSTABLE,3.8227800573851234e-16,8.8921807814759266e-17,1
B3_D2_Original,B3,2,Original,full-grid,1435,21,27,78,1.0053566314935427,1.0029169005186485,-0.069997479541125104,0,0,1,UNSTABLE,2.694549020624319e-16,8.8921807814757504e-17,1
B3_D2_Original,B3,2,Original,full-grid,1436,21,28,79,1.005218525626604,1.0027944884090076,-0.069767458599549692,0,0,1,UNSTABLE,4.3444272799321533e-16,8.8921807814759279e-17,1
B3_D2_Original,B3,2,Original,full-grid,1437,21,29,80,1.0050671376625899,1.0026582474747272,-0.069544158490707261,0,0,1,UNSTABLE,2.6572396293762166e-16,8.8921807829948968e-17,1
B3_D2_Original,B3,2,Original,full-grid,1438,21,30,81,1.00490282403945,1.0025084988999637,-0.069328171732728969,0,0,1,UNSTABLE,3.0594767601864514e-16,8.8921807814759279e-17,1
B3_D2_Original,B3,2,Original,full-grid,1439,21,31,82,1.0047259299528646,1.0023455547196565,-0.069120064043609167,0,0,1,UNSTABLE,2.8027969569470118e-16,8.8921807814757504e-17,1
B3_D2_Original,B3,2,Original,full-grid,1440,21,32,83,1.0045367843848276,1.0021697124124702,-0.068920379462945047,0,0,1,UNSTABLE,2.9666021081241825e-16,8.8921807814759266e-17,1
B3_D2_Original,B3,2,Original,full-grid,1441,21,33,84,1.0043356955245906,1.0019812498422538,-0.068729646219213,0,0,1,UNSTABLE,3.8316278379336717e-16,8.8921807829948943e-17,1
B3_D2_Original,B3,2,Original,full-grid,1442,21,34,85,1.0041229465369694,1.0017804205013201,-0.068548383367397173,0,0,1,UNSTABLE,2.3144964971669491e-16,8.8921807814759279e-17,1
B3_D2_Original,B3,2,Original,full-grid,1443,21,35,86,1.0038987916235154,1.001567448996028,-0.068377108265433265,0,0,1,UNSTABLE,4.3471111945612721e-16,8.8921807814757528e-17,1
B3_D2_Original,B3,2,Original,full-grid,1444,21,36,87,1.0036634523165278,1.0013425267055927,-0.068216345011955976,0,0,1,UNSTABLE,2.7159230904079831e-16,8.8921807814759266e-17,1
B3_D2_Original,B3,2,Original,full-grid,1445,21,37,88,1.003417113946198,1.0011058075406289,-0.068066634032705853,0,0,1,UNSTABLE,3.7129182709818328e-16,8.892180782994898e-17,1
B3_D2_Original,B3,2,Original,full-grid,1446,21,38,89,1.003159922226176,1.0008574037269296,-0.06792854308622559,0,0,1,UNSTABLE,3.9076627962572062e-16,8.8921807814759266e-17,1
B3_D2_Original,B3,2,Original,full-grid,1447,21,39,90,1.0028919799161051,1.0005973815456377,-0.067802680065457741,0,0,1,UNSTABLE,3.3952859651731604e-16,8.8921807814757504e-17,1
B3_D2_Original,B3,2,Original,full-grid,1448,21,40,91,1.0026133435442732,1.0003257569755561,-0.067689708112145003,0,0,1,UNSTABLE,3.1972624242677409e-16,8.8921807814759266e-17,1
B3_D2_Original,B3,2,Original,full-grid,1449,21,41,92,1.0023240202153407,1.0000424912115771,-0.067590363750947596,0,0,1,UNSTABLE,3.2191867582287876e-16,8.8921807829948943e-17,1
B3_D2_Original,B3,2,Original,full-grid,1450,21,42,93,1.0020239646004541,0.99974748608693886,-0.067505479010655428,0,0,1,UNSTABLE,3.6142126557009517e-16,8.8921807814759266e-17,1
B3_D2_Original,B3,2,Original,full-grid,1451,21,43,94,1.0017130763285271,0.9994405795221819,-0.067436008867124642,0,0,1,UNSTABLE,3.4604751494357941e-16,8.8921807814757504e-17,1
B3_D2_Original,B3,2,Original,full-grid,1452,21,44,95,1.0013911982063892,0.99912154129511743,-0.067383065864479313,0,0,1,UNSTABLE,2.0331894067127326e-16,8.8921807814759279e-17,1
B3_D2_Original,B3,2,Original,full-grid,1453,21,45,96,1.0010581160551111,0.99879006973118645,-0.067347964528857218,0,0,1,UNSTABLE,3.1084933750252118e-16,8.8921807829948968e-17,1
B3_D2_Original,B3,2,Original,full-grid,1454,21,46,97,1.0007135615807732,0.99844579046433157,-0.067332279299992998,0,0,1,UNSTABLE,3.5386704343317059e-16,8.8921807814759279e-17,1
B3_D2_Original,B3,2,Original,full-grid,1455,21,47,98,1.000357220820058,0.9980882594210303,-0.067337921357346175,0,0,1,UNSTABLE,3.1801920739805164e-16,8.8921807814757504e-17,1
B3_D2_Original,B3,2,Original,full-grid,1456,21,48,99,0.99998875273745758,0.99771697403670112,-0.067367242191327226,1,0,-1,STABLE,3.650477033340085e-16,8.8921807814759266e-17,1
B3_D2_Original,B3,2,Original,full-grid,1457,21,49,100,0.99973115302557047,0.99949562565227601,-0.021699599807419742,1,0,-1,STABLE,3.1324868345315509e-16,8.8921807829948943e-17,1
B3_D2_Original,B3,2,Original,full-grid,1458,21,50,101,0.99980465764590709,0.99957028878019405,-0.021646968340367764,1,0,-1,STABLE,2.6677411439526499e-16,8.8921807814759279e-17,1
B3_D2_Original,B3,2,Original,full-grid,1459,21,51,102,0.99987701407259111,0.99964382796312168,-0.02159306569149827,1,0,-1,STABLE,3.4194537755799825e-16,8.8921807814757528e-17,1
B3_D2_Original,B3,2,Original,full-grid,1460,21,52,103,0.99994819269092561,0.9997162125303628,-0.021537930954366465,1,0,-1,STABLE,2.8010731292992744e-16,8.8921807814759266e-17,1
B3_D2_Original,B3,2,Original,full-grid,1461,21,53,104,1.0000181658158713,0.99978741371850166,-0.021481604498012386,0,0,1,UNSTABLE,3.7339838653147391e-16,8.892180782994898e-17,1
B3_D2_Original,B3,2,Original,full-grid,1462,21,54,105,1.0000869077661425,0.99985740474917595,-0.021424127834930053,0,0,1,UNSTABLE,4.833388117975448e-16,8.8921807814759266e-17,1
B3_D2_Original,B3,2,Original,full-grid,1463,21,55,106,1.0001543949258234,0.99992616089443964,-0.02136554348353786,0,0,1,UNSTABLE,3.192348274518734e-16,8.8921807814757504e-17,1
B3_D2_Original,B3,2,Original,full-grid,1464,21,56,107,1.0002206057932204,0.99999365952940256,-0.02130589482631276,0,0,1,UNSTABLE,2.8678299119588345e-16,8.8921807814759266e-17,1
B3_D2_Original,B3,2,Original,full-grid,1465,21,57,108,1.0002855210166672,1.000059880171821,-0.021245225965105051,0,0,1,UNSTABLE,3.8561199249695692e-16,8.8921807829948943e-17,1
B3_D2_Original,B3,2,Original,full-grid,1466,21,58,109,1.0003491234173816,1.000124804508701,-0.021183581575277957,0,0,1,UNSTABLE,4.434287805721273e-16,8.8921807814759266e-17,1
B3_D2_Original,B3,2,Original,full-grid,1467,21,59,110,1.0004113979996225,1.000188416410134,-0.021121006759805893,0,0,1,UNSTABLE,3.3559857131464541e-16,8.8921807814757504e-17,1
B3_D2_Original,B3,2,Original,full-grid,1468,21,60,111,1.0004723319482298,1.0002507019304172,-0.021057546904530388,0,0,1,UNSTABLE,3.8483934025230979e-16,8.8921807814759279e-17,1
B3_D2_Original,B3,2,Original,full-grid,1469,21,61,112,1.0005319146143405,1.0003116492972155,-0.02099324753634756,0,0,1,UNSTABLE,4.5891754812523056e-16,8.8921807829948968e-17,1
B3_D2_Original,B3,2,Original,full-grid,1470,21,62,113,1.000590137489664,1.0003712488891296,-0.020928154184919525,0,0,1,UNSTABLE,3.889552733795892e-16,8.8921807814759279e-17,1
B3_D2_Original,B3,2,Original,full-grid,1471,21,63,114,1.0006469941701777,1.00042949320251,-0.020862312249140719,0,0,1,UNSTABLE,3.1789564391060571e-16,8.8921807814757504e-17,1
B3_D2_Original,B3,2,Original,full-grid,1472,21,64,115,1.0007024803100155,1.0004863768082579,-0.020795766869770402,0,0,1,UNSTABLE,4.8537127912907074e-16,8.8921807814759266e-17,1
B3_D2_Original,B3,2,Original,full-grid,1473,21,65,116,1.00075659356638,1.0005418962994543,-0.020728562807789466,0,0,1,UNSTABLE,2.7769963811977288e-16,8.8921807829948943e-17,1
B3_D2_Original,B3,2,Original,full-grid,1474,21,66,117,1.0008093335365249,1.0005960502308238,-0.020660744330675947,0,0,1,UNSTABLE,4.0532424560664298e-16,8.8921807814759279e-17,1
B3_D2_Original,B3,2,Original,full-grid,1475,22,0,52,1.0041753942488023,1.0013658417253335,-0.075064461900767224,0,0,1,UNSTABLE,2.719966975341835e-16,9.6280366670626814e-17,1
B3_D2_Original,B3,2,Original,full-grid,1476,22,1,53,1.0044025869246151,1.0016008649849164,-0.074968419233210334,0,0,1,UNSTABLE,3.322262303413671e-16,8.8921807814759266e-17,1
B3_D2_Original,B3,2,Original,full-grid,1477,22,2,54,1.0046211441912385,1.0018282631561006,-0.074858362911194784,0,0,1,UNSTABLE,2.9076587318976897e-16,8.8921807814757504e-17,1
B3_D2_Original,B3,2,Original,full-grid,1478,22,3,55,1.0048304140614484,1.0020473383499184,-0.074734816041428384,0,0,1,UNSTABLE,2.4049104682656448e-16,8.8921807814759266e-17,1
B3_D2_Original,B3,2,Original,full-grid,1479,22,4,56,1.0050297611601438,1.0022574078022415,-0.074598319841314265,0,0,1,UNSTABLE,3.7242133408994432e-16,8.892180782994898e-17,1
B3_D2_Original,B3,2,Original,full-grid,1480,22,5,57,1.0052185662228879,1.0024578030398701,-0.074449439243526178,0,0,1,UNSTABLE,3.2503351579974983e-16,8.8921807814759254e-17,1
B3_D2_Original,B3,2,Original,full-grid,1481,22,6,58,1.0053962274896597,1.0026478709716833,-0.074288768238478048,0,0,1,UNSTABLE,2.207932780299917e-16,8.8921807814757504e-17,1
B3_D2_Original,B3,2,Original,full-grid,1482,22,7,59,1.0055621637562204,1.0028269766976399,-0.074116934539705595,0,0,1,UNSTABLE,2.1694314787266736e-16,8.8921807814759254e-17,1
B3_D2_Original,B3,2,Original,full-grid,1483,22,8,60,1.0057158187819037,1.0029945077590017,-0.07393460322090839,0,0,1,UNSTABLE,2.1459371176069568e-16,8.8921807829948943e-17,1
B3_D2_Original,B3,2,Original,full-grid,1484,22,9,61,1.0058566667019972,1.0031498794960072,-0.073742479047011714,0,0,1,UNSTABLE,2.1806201235590743e-16,8.8921807814759266e-17,1
B3_D2_Original,B3,2,Original,full-grid,1485,22,10,62,1.0059842180561227,1.0032925411352587,-0.073541307306463966,0,0,1,UNSTABLE,3.8978726539838646e-16,8.8921807814757504e-17,1
B3_D2_Original,B3,2,Original,full-grid,1486,22,11,63,1.0060980260266519,1.0034219822042028,-0.073331873043812668,0,0,1,UNSTABLE,2.8353855584387743e-16,8.8921807814759279e-17,1
B3_D2_Original,B3,2,Original,full-grid,1487,22,12,64,1.0061976924841769,1.0035377388654578,-0.073114998688957225,0,0,1,UNSTABLE,4.1491594259626759e-16,8.8921807829948968e-17,1
B3_D2_Original,B3,2,Original,full-grid,1488,22,13,65,1.0062828734631108,1.0036393997826982,-0.072891540174428837,0,0,1,UNSTABLE,1.7967175468102069e-16,8.8921807814759266e-17,1
B3_D2_Original,B3,2,Original,full-grid,1489,22,14,66,1.0063532837384499,1.0037266111716132,-0.072662381719223262,0,0,1,UNSTABLE,2.9428202110619593e-16,8.8921807814757504e-17,1
B3_D2_Original,B3,2,Original,full-grid,1490,22,15,67,1.0064087002405735,1.0037990807505246,-0.072428429530968147,0,0,1,UNSTABLE,2.2756673786797005e-16,8.8921807814759266e-17,1
B3_D2_Original,B3,2,Original,full-grid,1491,22,16,68,1.0064489641252072,1.0038565803824997,-0.072190604731202451,0,0,1,UNSTABLE,2.8955325159574358e-16,8.8921807829948943e-17,1
B3_D2_Original,B3,2,Original,full-grid,1492,22,17,69,1.0064739814016457,1.003898947285665,-0.071949835838685625,0,0,1,UNSTABLE,3.0878985108683592e-16,8.8921807814759266e-17,1
B3_D2_Original,B3,2,Original,full-grid,1493,22,18,70,1.0064837221085434,1.003926083775353,-0.071707051152246445,0,0,1,UNSTABLE,3.5771418151806237e-16,8.8921807814757504e-17,1
B3_D2_Original,B3,2,Original,full-grid,1494,22,19,71,1.0064782181051246,1.0039379555826637,-0.071463171358177494,0,0,1,UNSTABLE,2.4139602195500219e-16,8.8921807814759266e-17,1
B3_D2_Original,B3,2,Original,full-grid,1495,22,20,72,1.0064575596116314,1.0039345888636351,-0.071219102652339564,0,0,1,UNSTABLE,2.4873784254567763e-16,8.892180782994898e-17,1
B3_D2_Original,B3,2,Original,full-grid,1496,22,21,73,1.006421890682212,1.003916066067077,-0.070975730618027186,0,0,1,UNSTABLE,2.3252096818437534e-16,8.8921807814759254e-17,1
B3_D2_Original,B3,2,Original,full-grid,1497,22,22,74,1.0063714038248008,1.0038825208652513,-0.07073391504454439,0,0,1,UNSTABLE,2.9399475109411655e-16,8.8921807814757504e-17,1
B3_D2_Original,B3,2,Original,full-grid,1498,22,23,75,1.0063063339961373,1.0038341323699187,-0.070494485811854801,0,0,1,UNSTABLE,4.4230091234161866e-16,8.8921807814759254e-17,1
B3_D2_Original,B3,2,Original,full-grid,1499,22,24,76,1.0062269521975198,1.003771118857903,-0.070258239911512532,0,0,1,UNSTABLE,3.0774782502502081e-16,8.8921807829948943e-17,1
B3_D2_Original,B3,2,Original,full-grid,1500,22,25,77,1.0061335588819764,1.0036937312189833,-0.07002593962401947,0,0,1,UNSTABLE,4.217510269606492e-16,8.8921807814759266e-17,1
B3_D2_Original,B3,2,Original,full-grid,1501,22,26,78,1.0060264773586276,1.0036022463166074,-0.069798311833947496,0,0,1,UNSTABLE,2.8093004203211289e-16,8.8921807814757504e-17,1
B3_D2_Original,B3,2,Original,full-grid,1502,22,27,79,1.0059060473500494,1.0034969604236876,-0.069576048434930135,0,0,1,UNSTABLE,2.7294406934399595e-16,8.8921807814759279e-17,1
B3_D2_Original,B3,2,Original,full-grid,1503,22,28,80,1.005772618825467,1.003378182863617,-0.069359807758847328,0,0,1,UNSTABLE,2.6675851258913649e-16,8.8921807829948968e-17,1
B3_D2_Original,B3,2,Original,full-grid,1504,22,29,81,1.0056265462005458,1.0032462299545453,-0.069150216957218028,0,0,1,UNSTABLE,2.3291951283579096e-16,8.8921807814759266e-17,1
B3_D2_Original,B3,2,Original,full-grid,1505,22,30,82,1.005468182964625,1.0031014193243672,-0.068947875265482808,0,0,1,UNSTABLE,3.4191512121393479e-16,8.8921807814757504e-17,1
B3_D2_Original,B3,2,Original,full-grid,1506,22,31,83,1.0052978767705207,1.0029440646368577,-0.068753358092645711,0,0,1,UNSTABLE,3.7640657113580821e-16,8.8921807814759266e-17,1
B3_D2_Original,B3,2,Original,full-grid,1507,22,32,84,1.0051159650013464,1.0027744707468806,-0.06856722189866582,0,0,1,UNSTABLE,2.1534137426558432e-16,8.8921807829948943e-17,1
B3_D2_Original,B3,2,Original,full-grid,1508,22,33,85,1.0049227708137296,1.0025929292853357,-0.068390009847883487,0,0,1,UNSTABLE,3.1694922120939619e-16,8.8921807814759266e-17,1
B3_D2_Original,B3,2,Original,full-grid,1509,22,34,86,1.0047185996480965,1.0023997146630685,-0.068222258261001284,0,0,1,UNSTABLE,2.3543571109956656e-16,8.8921807814757504e-17,1
B3_D2_Original,B3,2,Original,full-grid,1510,22,35,87,1.0045037361940048,1.0021950804772133,-0.068064503928159631,0,0,1,UNSTABLE,2.4796768606721313e-16,8.8921807814759266e-17,1
B3_D2_Original,B3,2,Original,full-grid,1511,22,36,88,1.0042784418039552,1.0019792563051997,-0.067917292394936823,0,0,1,UNSTABLE,3.6601302234816405e-16,8.892180782994898e-17,1
B3_D2_Original,B3,2,Original,full-grid,1512,22,37,89,1.0040429523624976,1.0017524448806714,-0.067781187392948028,0,0,1,UNSTABLE,2.7744948394471217e-16,8.8921807814759254e-17,1
B3_D2_Original,B3,2,Original,full-grid,1513,22,38,90,1.0037974766424524,1.0015148196652626,-0.067656781660168447,0,0,1,UNSTABLE,2.3976210934188943e-16,8.8921807814757504e-17,1
B3_D2_Original,B3,2,Original,full-grid,1514,22,39,91,1.0035421952199282,1.001266522863332,-0.067544709489382501,0,0,1,UNSTABLE,2.7053140489558151e-16,8.8921807814759254e-17,1
B3_D2_Original,B3,2,Original,full-grid,1515,22,40,92,1.0032772600816284,1.001007663980058,-0.067445661462296913,0,0,1,UNSTABLE,2.5964936348383765e-16,8.8921807829948943e-17,1
B3_D2_Original,B3,2,Original,full-grid,1516,22,41,93,1.0030027951527019,1.0007383191068508,-0.067360401983122889,0,0,1,UNSTABLE,2.1871721425564378e-16,8.8921807814759266e-17,1
B3_D2_Original,B3,2,Original,full-grid,1517,22,42,94,1.0027188981187585,1.0004585312485903,-0.067289790432209881,0,0,1,UNSTABLE,3.6134121733839459e-16,8.8921807814757504e-17,1
B3_D2_Original,B3,2,Original,full-grid,1518,22,43,95,1.0024256441420647,1.0001683122136038,-0.067234807037906894,0,0,1,UNSTABLE,2.775190886705472e-16,8.8921807814759279e-17,1
B3_D2_Original,B3,2,Original,full-grid,1519,22,44,96,1.0021230924270335,0.9998676469153962,-0.067196584938439427,0,0,1,UNSTABLE,4.0636733314389467e-16,8.8921807829948968e-17,1
B3_D2_Original,B3,2,Original,full-grid,1520,22,45,97,1.0018112971572808,0.9995565014655392,-0.067176450411769645,0,0,1,UNSTABLE,6.3499654333535755e-16,8.8921807814759266e-17,1
B3_D2_Original,B3,2,Original,full-grid,1521,22,46,98,1.0014903252450138,0.99923483730623608,-0.067175973926272073,0,0,1,UNSTABLE,2.8983893725572196e-16,8.8921807814757504e-17,1
B3_D2_Original,B3,2,Original,full-grid,1522,22,47,99,1.0011602848427523,0.99890263507479338,-0.067197035552581816,0,0,1,UNSTABLE,3.058057927478844e-16,8.8921807814759266e-17,1
B3_D2_Original,B3,2,Original,full-grid,1523,22,48,100,1.0008213710864995,0.99855993432882295,-0.067241909377092735,0,0,1,UNSTABLE,3.3265442757787347e-16,8.8921807829948943e-17,1
B3_D2_Original,B3,2,Original,full-grid,1524,22,49,101,1.0004739397983047,0.99820689942655783,-0.067313372763216778,0,0,1,UNSTABLE,2.8990712952873433e-16,8.8921807814759266e-17,1
B3_D2_Original,B3,2,Original,full-grid,1525,22,50,102,1.0001186271514577,0.99784392905815844,-0.067414847156195931,0,0,1,UNSTABLE,3.9557534346535144e-16,8.8921807814757504e-17,1
B3_D2_Original,B3,2,Original,full-grid,1526,22,51,103,0.99988016424292137,0.99964704328136478,-0.021590083493971318,1,0,-1,STABLE,3.1032123412195946e-16,8.8921807814759266e-17,1
B3_D2_Original,B3,2,Original,full-grid,1527,22,52,104,0.99995123590281254,0.99971932085524262,-0.021534941195523953,1,0,-1,STABLE,2.8872449456217506e-16,8.892180782994898e-17,1
B3_D2_Original,B3,2,Original,full-grid,1528,22,53,105,1.0000211036884614,0.99979041658045031,-0.021478611132426093,0,0,1,UNSTABLE,3.1270702559707378e-16,8.8921807814759254e-17,1
B3_D2_Original,B3,2,Original,full-grid,1529,22,54,106,1.0000897420834525,0.99986030384777635,-0.021421134656662455,0,0,1,UNSTABLE,2.4347908305980763e-16,8.8921807814757504e-17,1
B3_D2_Original,B3,2,Original,full-grid,1530,22,55,107,1.0001571276221481,0.99992895808398097,-0.021362554118595341,0,0,1,UNSTABLE,3.4567999912774824e-16,8.8921807814759254e-17,1
B3_D2_Original,B3,2,Original,full-grid,1531,22,56,108,1.0002232389383381,0.99999635680419563,-0.021302912726568667,0,0,1,UNSTABLE,5.4292705249512422e-16,8.8921807829948943e-17,1
B3_D2_Original,B3,2,Original,full-grid,1532,22,57,109,1.0002880568009667,1.0000624796514002,-0.021242254403583946,0,0,1,UNSTABLE,2.6149233905349299e-16,8.8921807814759266e-17,1
B3_D2_Original,B3,2,Original,full-grid,1533,22,58,110,1.0003515641370837,1.0001273084230908,-0.021180623642704465,0,0,1,UNSTABLE,3.8633850589323253e-16,8.8921807814757504e-17,1
B3_D2_Original,B3,2,Original,full-grid,1534,22,59,111,1.000413746042093,1.0001908270851729,-0.02111806536240942,0,0,1,UNSTABLE,2.277485282252389e-16,8.8921807814759279e-17,1
B3_D2_Original,B3,2,Original,full-grid,1535,22,60,112,1.0004745897776985,1.0002530217734584,-0.021054624763214791,0,0,1,UNSTABLE,4.1377914985671534e-16,8.8921807829948968e-17,1
B3_D2_Original,B3,2,Original,full-grid,1536,22,61,113,1.0005340847579438,1.0003138807831218,-0.020990347186899318,0,0,1,UNSTABLE,4.1883110382458526e-16,8.8921807814759266e-17,1
B3_D2_Original,B3,2,Original,full-grid,1537,22,62,114,1.0005922225240775,1.0003733945468363,-0.020925277979356404,0,0,1,UNSTABLE,2.5846878942965421e-16,8.8921807814757504e-17,1
B3_D2_Original,B3,2,Original,full-grid,1538,22,63,115,1.0006489967087517,1.000431555602062,-0.020859462358114086,0,0,1,UNSTABLE,2.5899349852413907e-16,8.8921807814759266e-17,1
B3_D2_Original,B3,2,Original,full-grid,1539,22,64,116,1.0007044029906196,1.000488358548546,-0.020792945285562695,0,0,1,UNSTABLE,3.622603359897738e-16,8.8921807829948943e-17,1
B3_D2_Original,B3,2,Original,full-grid,1540,22,65,117,1.0007584390399298,1.0005437999966027,-0.020725771348620785,0,0,1,UNSTABLE,3.59878082105969e-16,8.8921807814759266e-17,1
B3_D2_Original,B3,2,Original,full-grid,1541,22,66,118,1.0008111044562793,1.0005978785073406,-0.020657984645332837,0,0,1,UNSTABLE,3.9469347480159894e-16,8.8921807814757504e-17,1
B3_D2_Original,B3,2,Original,full-grid,1542,23,0,53,1.0048331155335934,1.0020843228144298,-0.074273818014785623,0,0,1,UNSTABLE,5.6931294422831342e-16,9.6280366670588443e-17,1
B3_D2_Original,B3,2,Original,full-grid,1543,23,1,54,1.0050437310102658,1.0023023379223557,-0.074181700158566663,0,0,1,UNSTABLE,2.203516459973169e-16,8.8921807814756394e-17,1
B3_D2_Original,B3,2,Original,full-grid,1544,23,2,55,1.0052464676172495,1.0025133851878207,-0.074076805926104758,0,0,1,UNSTABLE,2.9249007771467028e-16,8.8921807814758132e-17,1
B3_D2_Original,B3,2,Original,full-grid,1545,23,3,56,1.005440727345615,1.0027168289076192,-0.073959564835981983,0,0,1,UNSTABLE,4.0329038952303633e-16,8.892180782994898e-17,1
B3_D2_Original,B3,2,Original,full-grid,1546,23,4,57,1.0056259193073285,1.0029120388469048,-0.073830426780926481,0,0,1,UNSTABLE,3.3589617703515587e-16,8.8921807814759266e-17,1
B3_D2_Original,B3,2,Original,full-grid,1547,23,5,58,1.0058014604346759,1.0030983905891178,-0.073689867757029751,0,0,1,UNSTABLE,2.3326678310711231e-16,8.8921807814757504e-17,1
B3_D2_Original,B3,2,Original,full-grid,1548,23,6,59,1.0059667778028611,1.0032752675475209,-0.07353839521312279,0,0,1,UNSTABLE,3.3666079636258572e-16,8.8921807814759254e-17,1
B3_D2_Original,B3,2,Original,full-grid,1549,23,7,60,1.0061213123781316,1.0034420644650259,-0.073376552683135074,0,0,1,UNSTABLE,3.6576633336449412e-16,8.8921807829948943e-17,1
B3_D2_Original,B3,2,Original,full-grid,1550,23,8,61,1.0062645239393635,1.0035981921704833,-0.073204923407183389,0,0,1,UNSTABLE,3.3680814535568474e-16,8.8921807814759266e-17,1
B3_D2_Original,B3,2,Original,full-grid,1551,23,9,62,1.0063958968733793,1.0037430833070031,-0.073024132702306122,0,0,1,UNSTABLE,3.7234377964128376e-16,8.8921807814757504e-17,1
B3_D2_Original,B3,2,Original,full-grid,1552,23,10,63,1.0065149465073853,1.00387619870522,-0.072834848911234443,0,0,1,UNSTABLE,3.5573526289792915e-16,8.8921807814759279e-17,1
B3_D2_Original,B3,2,Original,full-grid,1553,23,11,64,1.0066212256202185,1.0039970340464666,-0.072637782834065953,0,0,1,UNSTABLE,2.6759780335100298e-16,8.8921807829948968e-17,1
B3_D2_Original,B3,2,Original,full-grid,1554,23,12,65,1.0067143307703341,1.0041051264505003,-0.07243368563166204,0,0,1,UNSTABLE,3.9244383173764046e-16,8.8921807814759266e-17,1
B3_D2_Original,B3,2,Original,full-grid,1555,23,13,66,1.0067939080955088,1.0042000606331163,-0.072223345274734896,0,0,1,UNSTABLE,2.1669589633645777e-16,8.8921807814757504e-17,1
B3_D2_Original,B3,2,Original,full-grid,1556,23,14,67,1.0068596582766487,1.0042814743107404,-0.072007581692593525,0,0,1,UNSTABLE,3.8787978485008146e-16,8.8921807814759266e-17,1
B3_D2_Original,B3,2,Original,full-grid,1557,23,15,68,1.0069113404135031,1.0043490625799008,-0.071787240845377201,0,0,1,UNSTABLE,3.8679018055962694e-16,8.8921807829948943e-17,1
B3_D2_Original,B3,2,Original,full-grid,1558,23,16,69,1.0069487746299355,1.0044025810662345,-0.071563187996446301,0,0,1,UNSTABLE,3.3916164228993258e-16,8.8921807814759279e-17,1
B3_D2_Original,B3,2,Original,full-grid,1559,23,17,70,1.006971843304129,1.0044418477139925,-0.071336300494321214,0,0,1,UNSTABLE,2.6101138153939966e-16,8.8921807814757504e-17,1
B3_D2_Original,B3,2,Original,full-grid,1560,23,18,71,1.0069804908984228,1.0044667431665188,-0.071107460385499921,0,0,1,UNSTABLE,2.9077474028315405e-16,8.8921807814759266e-17,1
B3_D2_Original,B3,2,Original,full-grid,1561,23,19,72,1.0069747224384131,1.0044772097649839,-0.070877547168846547,0,0,1,UNSTABLE,3.8231269798550947e-16,8.892180782994898e-17,1
B3_D2_Original,B3,2,Original,full-grid,1562,23,20,73,1.0069546007551364,1.0044732492598252,-0.070647430974845951,0,0,1,UNSTABLE,3.1332138982844684e-16,8.8921807814759279e-17,1
B3_D2_Original,B3,2,Original,full-grid,1563,23,21,74,1.0069202426546113,1.0044549193837884,-0.070417966410063426,0,0,1,UNSTABLE,2.6990247216164149e-16,8.8921807814757504e-17,1
B3_D2_Original,B3,2,Original,full-grid,1564,23,22,75,1.0068718142128192,1.0044223294735359,-0.070189987257226014,0,0,1,UNSTABLE,4.0312906278165764e-16,8.8921807814759254e-17,1
B3_D2_Original,B3,2,Original,full-grid,1565,23,23,76,1.0068095254120193,1.0043756353490445,-0.069964302166022688,0,0,1,UNSTABLE,3.5338929849830834e-16,8.8921807829948943e-17,1
B3_D2_Original,B3,2,Original,full-grid,1566,23,24,77,1.0067336243364509,1.0043150336661824,-0.069741691416979279,0,0,1,UNSTABLE,3.7605107669848554e-16,8.8921807814759266e-17,1
B3_D2_Original,B3,2,Original,full-grid,1567,23,25,78,1.0066443911354019,1.0042407559512325,-0.069522904793033774,0,0,1,UNSTABLE,4.185146204505746e-16,8.8921807814757504e-17,1
B3_D2_Original,B3,2,Original,full-grid,1568,23,26,79,1.0065421319418224,1.0041530625090154,-0.069308660553744836,0,0,1,UNSTABLE,4.2084337110468091e-16,8.8921807814759279e-17,1
B3_D2_Original,B3,2,Original,full-grid,1569,23,27,80,1.0064271729088767,1.0040522363723561,-0.06909964547683474,0,0,1,UNSTABLE,2.7768354452092084e-16,8.8921807829948968e-17,1
B3_D2_Original,B3,2,Original,full-grid,1570,23,28,81,1.0062998544981558,1.0039385774329681,-0.068896515912472395,0,0,1,UNSTABLE,2.3821471322288799e-16,8.8921807814759266e-17,1
B3_D2_Original,B3,2,Original,full-grid,1571,23,29,82,1.0061605261241444,1.0038123968649677,-0.068699899786123772,0,0,1,UNSTABLE,3.5906892056133753e-16,8.8921807814757504e-17,1
B3_D2_Original,B3,2,Original,full-grid,1572,23,30,83,1.0060095412334147,1.0036740119256904,-0.068510399485439563,0,0,1,UNSTABLE,2.1787717484421271e-16,8.8921807814759266e-17,1
B3_D2_Original,B3,2,Original,full-grid,1573,23,31,84,1.0058472528735922,1.0035237411940106,-0.068328595575563519,0,0,1,UNSTABLE,3.6889560943724245e-16,8.8921807829948943e-17,1
B3_D2_Original,B3,2,Original,full-grid,1574,23,32,85,1.0056740097901937,1.0033619002879695,-0.068155051302170325,0,0,1,UNSTABLE,5.279837865834918e-16,8.8921807814759279e-17,1
B3_D2_Original,B3,2,Original,full-grid,1575,23,33,86,1.0054901530773845,1.003188798089488,-0.067990317864756275,0,0,1,UNSTABLE,2.8592962095029262e-16,8.8921807814757504e-17,1
B3_D2_Original,B3,2,Original,full-grid,1576,23,34,87,1.0052960134049072,1.0030047334979133,-0.067834940470079569,0,0,1,UNSTABLE,3.9462944796743141e-16,8.8921807814759266e-17,1
B3_D2_Original,B3,2,Original,full-grid,1577,23,35,88,1.0050919088460109,1.0028099927340188,-0.067689465210729494,0,0,1,UNSTABLE,3.85813270165352e-16,8.892180782994898e-17,1
B3_D2_Original,B3,2,Original,full-grid,1578,23,36,89,1.0048781433444656,1.0026048472262887,-0.067554446854151282,0,0,1,UNSTABLE,4.2705701327450785e-16,8.8921807814759279e-17,1
B3_D2_Original,B3,2,Original,full-grid,1579,23,37,90,1.0046550058819532,1.0023895521309429,-0.067430457676000741,0,0,1,UNSTABLE,3.1460892153638722e-16,8.8921807814757504e-17,1
B3_D2_Original,B3,2,Original,full-grid,1580,23,38,91,1.0044227704452091,1.0021643455710674,-0.067318097529144125,0,0,1,UNSTABLE,3.4201770540028011e-16,8.8921807814759254e-17,1
B3_D2_Original,B3,2,Original,full-grid,1581,23,39,92,1.0041816969493957,1.0019294487322772,-0.067218005409288364,0,0,1,UNSTABLE,3.2736730366238405e-16,8.8921807829948943e-17,1
B3_D2_Original,B3,2,Original,full-grid,1582,23,40,93,1.0039320333586164,1.0016850670306767,-0.06713087286275049,0,0,1,UNSTABLE,3.2597040495017907e-16,8.8921807814759266e-17,1
B3_D2_Original,B3,2,Original,full-grid,1583,23,41,94,1.003674019367236,1.0014313926841529,-0.067057459685410437,0,0,1,UNSTABLE,2.3469755595977462e-16,8.8921807814757504e-17,1
B3_D2_Original,B3,2,Original,full-grid,1584,23,42,95,1.0034078921872294,1.0011686091903558,-0.066998612489118578,0,0,1,UNSTABLE,2.9324676822897736e-16,8.8921807814759279e-17,1
B3_D2_Original,B3,2,Original,full-grid,1585,23,43,96,1.003133895254112,1.0008968984708004,-0.066955286865337291,0,0,1,UNSTABLE,3.8217974430129695e-16,8.8921807829948968e-17,1
B3_D2_Original,B3,2,Original,full-grid,1586,23,44,97,1.0028522910636324,1.000616451826718,-0.066928574056869028,0,0,1,UNSTABLE,3.1219838939790529e-16,8.8921807814759266e-17,1
B3_D2_Original,B3,2,Original,full-grid,1587,23,45,98,1.0025633799537754,1.0003274864395229,-0.066919733247558705,0,0,1,UNSTABLE,3.0250470613674612e-16,8.8921807814757504e-17,1
B3_D2_Original,B3,2,Original,full-grid,1588,23,46,99,1.0022675275600883,1.0000302700472825,-0.066930230767355256,0,0,1,UNSTABLE,3.4369535446593041e-16,8.8921807814759266e-17,1
B3_D2_Original,B3,2,Original,full-grid,1589,23,47,100,1.0019652050685692,0.99972515781511206,-0.066961787607928841,0,0,1,UNSTABLE,2.692388777954731e-16,8.8921807829948943e-17,1
B3_D2_Original,B3,2,Original,full-grid,1590,23,48,101,1.0016570485247838,0.99941264755963322,-0.067016436470655832,0,0,1,UNSTABLE,3.6445161997813153e-16,8.8921807814759279e-17,1
B3_D2_Original,B3,2,Original,full-grid,1591,23,49,102,1.0013439467027612,0.99909346278523681,-0.067096588721535455,0,0,1,UNSTABLE,3.3596483393119362e-16,8.8921807814757504e-17,1
B3_D2_Original,B3,2,Original,full-grid,1592,23,50,103,1.0010271718720773,0.99876867798203262,-0.067205109242023831,0,0,1,UNSTABLE,5.0275857599099978e-16,8.8921807814759266e-17,1
B3_D2_Original,B3,2,Original,full-grid,1593,23,51,104,1.0007085746647804,0.99843990788608528,-0.067345391438773813,0,0,1,UNSTABLE,3.6972556706544138e-16,8.892180782994898e-17,1
B3_D2_Original,B3,2,Original,full-grid,1594,23,52,105,1.0003908729183566,0.9981095919502101,-0.067521411976768003,0,0,1,UNSTABLE,2.9448043882195139e-16,8.8921807814759279e-17,1
B3_D2_Original,B3,2,Original,full-grid,1595,23,53,106,1.000078072025905,0.9977814147732168,-0.067737718297927102,0,0,1,UNSTABLE,3.1006852642411166e-16,8.8921807814757504e-17,1
B3_D2_Original,B3,2,Original,full-grid,1596,23,54,107,1.0000925924306396,0.99986321929531985,-0.021418126319470415,0,0,1,UNSTABLE,2.7635179169720827e-16,8.8921807814759254e-17,1
B3_D2_Original,B3,2,Original,full-grid,1597,23,55,108,1.0001598756857719,0.99993177095901808,-0.021359549586557489,0,0,1,UNSTABLE,2.6284415165066565e-16,8.8921807829948943e-17,1
B3_D2_Original,B3,2,Original,full-grid,1598,23,56,109,1.0002258868028893,0.9999990691152606,-0.021299915474910995,0,0,1,UNSTABLE,2.7330165113411133e-16,8.8921807814759266e-17,1
B3_D2_Original,B3,2,Original,full-grid,1599,23,57,110,1.0002906066722383,1.0000650935329762,-0.021239267727352289,0,0,1,UNSTABLE,3.5022336817730832e-16,8.8921807814757504e-17,1
B3_D2_Original,B3,2,Original,full-grid,1600,23,58,111,1.0003540183272828,1.000129826120761,-0.021177650653412206,0,0,1,UNSTABLE,4.3767483178441336e-16,8.8921807814759279e-17,1
B3_D2_Original,B3,2,Original,full-grid,1601,23,59,112,1.0004161069551241,1.0001932509409168,-0.021115108985899134,0,0,1,UNSTABLE,5.2546034396877598e-16,8.8921807829948968e-17,1
B3_D2_Original,B3,2,Original,full-grid,1602,23,60,113,1.0004768598947416,1.0002553542112111,-0.021051687738678822,0,0,1,UNSTABLE,3.9884786324611801e-16,8.8921807814759266e-17,1
B3_D2_Original,B3,2,Original,full-grid,1603,23,61,114,1.0005362666234736,1.0003161242947463,-0.020987432067228567,0,0,1,UNSTABLE,2.7529655153767695e-16,8.8921807814757504e-17,1
B3_D2_Original,B3,2,Original,full-grid,1604,23,62,115,1.0005943187323416,1.0003755516785289,-0.02092238713239352,0,0,1,UNSTABLE,3.2081069421182689e-16,8.8921807814759266e-17,1
B3_D2_Original,B3,2,Original,full-grid,1605,23,63,116,1.0006510098909047,1.0004336289413924,-0.020856597969081955,0,0,1,UNSTABLE,2.8645906382418374e-16,8.8921807829948943e-17,1
B3_D2_Original,B3,2,Original,full-grid,1606,23,64,117,1.0007063358024588,1.0004903507120744,-0.02079010936032118,0,0,1,UNSTABLE,4.214301692712884e-16,8.8921807814759279e-17,1
B3_D2_Original,B3,2,Original,full-grid,1607,23,65,118,1.000760294150367,1.0005457136182199,-0.020722965717677351,0,0,1,UNSTABLE,3.1406238528434938e-16,8.8921807814757504e-17,1
B3_D2_Original,B3,2,Original,full-grid,1608,23,66,119,1.0008128845365647,1.0005997162273434,-0.020655210968642101,0,0,1,UNSTABLE,3.2007955133778059e-16,8.8921807814759266e-17,1
B3_D2_Original,B3,2,Original,full-grid,1609,24,0,54,1.0054116904742703,1.0027266037690774,-0.073430412201359166,0,0,1,UNSTABLE,2.8165702117506203e-16,9.6280366670625766e-17,1
B3_D2_Original,B3,2,Original,full-grid,1610,24,1,55,1.0056076585465978,1.0029294270488833,-0.073343897407824474,0,0,1,UNSTABLE,2.7400572429143884e-16,8.8921807814758132e-17,1
B3_D2_Original,B3,2,Original,full-grid,1611,24,2,56,1.0057965267162645,1.0031259789504325,-0.073245638158444856,0,0,1,UNSTABLE,3.3761461711069151e-16,8.892180782994898e-17,1
B3_D2_Original,B3,2,Original,full-grid,1612,24,3,57,1.0059777350471368,1.0033156688287899,-0.073135983573104468,0,0,1,UNSTABLE,2.2312401266011764e-16,8.8921807814759266e-17,1
B3_D2_Original,B3,2,Original,full-grid,1613,24,4,58,1.0061507242523144,1.00349790488098,-0.073015305333474792,0,0,1,UNSTABLE,2.588435412658732e-16,8.8921807814757504e-17,1
B3_D2_Original,B3,2,Original,full-grid,1614,24,5,59,1.0063149371427242,1.0036720952506129,-0.072884003264156949,0,0,1,UNSTABLE,4.4631438042380117e-16,8.8921807814759266e-17,1
B3_D2_Original,B3,2,Original,full-grid,1615,24,6,60,1.0064698214823176,1.0038376505786419,-0.072742510510707251,0,0,1,UNSTABLE,1.8688357990684131e-16,8.8921807829948943e-17,1
B3_D2_Original,B3,2,Original,full-grid,1616,24,7,61,1.0066148340930317,1.0039939878638953,-0.072591298027338852,0,0,1,UNSTABLE,5.4637534488736946e-16,8.8921807814759266e-17,1
B3_D2_Original,B3,2,Original,full-grid,1617,24,8,62,1.0067494460022337,1.0041405354436077,-0.072430878117206082,0,0,1,UNSTABLE,1.7389556870920735e-16,8.8921807814757504e-17,1
B3_D2_Original,B3,2,Original,full-grid,1618,24,9,63,1.006873148379033,1.0042767388541098,-0.072261806808713899,0,0,1,UNSTABLE,2.7461884470890813e-16,8.8921807814759266e-17,1
B3_D2_Original,B3,2,Original,full-grid,1619,24,10,64,1.0069854589675082,1.004402067288785,-0.072084684906146168,0,0,1,UNSTABLE,3.98618967395687e-16,8.8921807829948968e-17,1
B3_D2_Original,B3,2,Original,full-grid,1620,24,11,65,1.0070859286992004,1.0045160203394237,-0.071900157617194912,0,0,1,UNSTABLE,2.2983549682885033e-16,8.8921807814759266e-17,1
B3_D2_Original,B3,2,Original,full-grid,1621,24,12,66,1.0071741481571954,1.0046181346913317,-0.071708912733923727,0,0,1,UNSTABLE,2.5323134134189044e-16,8.8921807814757504e-17,1
B3_D2_Original,B3,2,Original,full-grid,1622,24,13,67,1.0072497535734373,1.0047079904460872,-0.071511677420791703,0,0,1,UNSTABLE,2.5347336849696797e-16,8.8921807814759266e-17,1
B3_D2_Original,B3,2,Original,full-grid,1623,24,14,68,1.007312432068594,1.0047852167682683,-0.071309213737709168,0,0,1,UNSTABLE,3.458567527464191e-16,8.8921807829948943e-17,1
B3_D2_Original,B3,2,Original,full-grid,1624,24,15,69,1.0073619258903719,1.0048494965945483,-0.071102313093470315,0,0,1,UNSTABLE,3.3979800747945686e-16,8.8921807814759279e-17,1
B3_D2_Original,B3,2,Original,full-grid,1625,24,16,70,1.0073980354663539,1.0049005702005447,-0.070891789877878308,0,0,1,UNSTABLE,3.1009138439981206e-16,8.8921807814757504e-17,1
B3_D2_Original,B3,2,Original,full-grid,1626,24,17,71,1.0074206211576524,1.0049382374892524,-0.070678474556722798,0,0,1,UNSTABLE,3.5277093797185773e-16,8.8921807814759266e-17,1
B3_D2_Original,B3,2,Original,full-grid,1627,24,18,72,1.0074296036730421,1.0049623589380654,-0.070463206529805034,0,0,1,UNSTABLE,4.3404469752888956e-16,8.892180782994898e-17,1
B3_D2_Original,B3,2,Original,full-grid,1628,24,19,73,1.0074249631742882,1.0049728552136936,-0.070246827048292215,0,0,1,UNSTABLE,3.0272027881501251e-16,8.8921807814759266e-17,1
B3_D2_Original,B3,2,Original,full-grid,1629,24,20,74,1.0074067371663054,1.0049697055296583,-0.070030172466539878,0,0,1,UNSTABLE,3.0831752827013921e-16,8.8921807814757504e-17,1
B3_D2_Original,B3,2,Original,full-grid,1630,24,21,75,1.0073750173168665,1.0049529448755492,-0.069814068067392987,0,0,1,UNSTABLE,4.0006088670678973e-16,8.8921807814759266e-17,1
B3_D2_Original,B3,2,Original,full-grid,1631,24,22,76,1.0073299453871765,1.0049226602877297,-0.069599322654489176,0,0,1,UNSTABLE,2.4223964070918663e-16,8.8921807829948943e-17,1
B3_D2_Original,B3,2,Original,full-grid,1632,24,23,77,1.0072717084756375,1.0048789863561911,-0.069386724055712293,0,0,1,UNSTABLE,2.4059490267473366e-16,8.8921807814759266e-17,1
B3_D2_Original,B3,2,Original,full-grid,1633,24,24,78,1.0072005337846315,1.0048221001736917,-0.069177035630170997,0,0,1,UNSTABLE,3.675997023721256e-16,8.8921807814757504e-17,1
B3_D2_Original,B3,2,Original,full-grid,1634,24,25,79,1.0071166831139284,1.0047522159303792,-0.068970993826344293,0,0,1,UNSTABLE,3.6816585652522877e-16,8.8921807814759266e-17,1
B3_D2_Original,B3,2,Original,full-grid,1635,24,26,80,1.0070204472699638,1.0046695793455389,-0.068769306797840699,0,0,1,UNSTABLE,2.4645224480289677e-16,8.8921807829948968e-17,1
B3_D2_Original,B3,2,Original,full-grid,1636,24,27,81,1.0069121405581691,1.0045744621080051,-0.068572654052810073,0,0,1,UNSTABLE,3.537669113944245e-16,8.8921807814759266e-17,1
B3_D2_Original,B3,2,Original,full-grid,1637,24,28,82,1.0067920955006773,1.0044671564731624,-0.068381687090656187,0,0,1,UNSTABLE,3.6528022673795746e-16,8.8921807814757504e-17,1
B3_D2_Original,B3,2,Original,full-grid,1638,24,29,83,1.0066606578959769,1.0043479701391984,-0.068197030967871025,0,0,1,UNSTABLE,5.2567638949854494e-16,8.8921807814759266e-17,1
B3_D2_Original,B3,2,Original,full-grid,1639,24,30,84,1.0065181823131408,1.0042172215012171,-0.068019286730488529,0,0,1,UNSTABLE,2.4134891669088022e-16,8.8921807829948943e-17,1
B3_D2_Original,B3,2,Original,full-grid,1640,24,31,85,1.0063650280928134,1.0040752353606757,-0.067849034655274171,0,0,1,UNSTABLE,2.1406070003802353e-16,8.8921807814759279e-17,1
B3_D2_Original,B3,2,Original,full-grid,1641,24,32,86,1.0062015559115383,1.0039223391508654,-0.067686838252758008,0,0,1,UNSTABLE,3.7030902967390913e-16,8.8921807814757504e-17,1
B3_D2_Original,B3,2,Original,full-grid,1642,24,33,87,1.0060281249571015,1.003758859728733,-0.067533249002066406,0,0,1,UNSTABLE,2.1720284726119114e-16,8.8921807814759266e-17,1
B3_D2_Original,B3,2,Original,full-grid,1643,24,34,88,1.0058450907601417,1.0035851207791118,-0.06738881180918356,0,0,1,UNSTABLE,2.9157452877266994e-16,8.892180782994898e-17,1
B3_D2_Original,B3,2,Original,full-grid,1644,24,35,89,1.0056528037336065,1.0034014408816487,-0.067254071206842722,0,0,1,UNSTABLE,2.8571390497954878e-16,8.8921807814759266e-17,1
B3_D2_Original,B3,2,Original,full-grid,1645,24,36,90,1.005451608487695,1.0032081323044952,-0.067129578343821036,0,0,1,UNSTABLE,3.8067680312868855e-16,8.8921807814757504e-17,1
B3_D2_Original,B3,2,Original,full-grid,1646,24,37,91,1.005241844015049,1.0030055006133112,-0.067015898846597824,0,0,1,UNSTABLE,2.938276360035468e-16,8.8921807814759266e-17,1
B3_D2_Original,B3,2,Original,full-grid,1647,24,38,92,1.0050238448838396,1.0027938452242566,-0.066913621673357904,0,0,1,UNSTABLE,4.9298070915444962e-16,8.8921807829948943e-17,1
B3_D2_Original,B3,2,Original,full-grid,1648,24,39,93,1.0047979436372476,1.002573461087318,-0.066823369123663781,0,0,1,UNSTABLE,2.3886521285477481e-16,8.8921807814759266e-17,1
B3_D2_Original,B3,2,Original,full-grid,1649,24,40,94,1.0045644746859461,1.0023446417710518,-0.066745808212298183,0,0,1,UNSTABLE,3.3782238620161433e-16,8.8921807814757504e-17,1
B3_D2_Original,B3,2,Original,full-grid,1650,24,41,95,1.0043237801029099,1.0021076843389201,-0.06668166366465049,0,0,1,UNSTABLE,4.6562568597901969e-16,8.8921807814759266e-17,1
B3_D2_Original,B3,2,Original,full-grid,1651,24,42,96,1.0040762179040319,1.0018628965779737,-0.066631732836967578,0,0,1,UNSTABLE,4.6941507643983952e-16,8.8921807829948968e-17,1
B3_D2_Original,B3,2,Original,full-grid,1652,24,43,97,1.0038221736422182,1.0016106073816959,-0.066596902902894606,0,0,1,UNSTABLE,3.0393580063650616e-16,8.8921807814759266e-17,1
B3_D2_Original,B3,2,Original,full-grid,1653,24,44,98,1.0035620764890538,1.0013511814338427,-0.066578170657272021,0,0,1,UNSTABLE,3.9616182525093747e-16,8.8921807814757504e-17,1
B3_D2_Original,B3,2,Original,full-grid,1654,24,45,99,1.0032964214657314,1.0010850398299835,-0.066576665240476909,0,0,1,UNSTABLE,7.1589718538484498e-16,8.8921807814759266e-17,1
B3_D2_Original,B3,2,Original,full-grid,1655,24,46,100,1.0030258001725862,1.0008126889715607,-0.066593673914052423,0,0,1,UNSTABLE,5.0315192012839988e-16,8.8921807829948943e-17,1
B3_D2_Original,B3,2,Original,full-grid,1656,24,47,101,1.0027509433214477,1.0005347610484554,-0.066630670608689449,0,0,1,UNSTABLE,3.8202649971017522e-16,8.8921807814759279e-17,1
B3_D2_Original,B3,2,Original,full-grid,1657,24,48,102,1.0024727796708928,1.00025207077912,-0.06668934609942069,0,0,1,UNSTABLE,3.0337905751614289e-16,8.8921807814757504e-17,1
B3_D2_Original,B3,2,Original,full-grid,1658,24,49,103,1.0021925176389948,0.99996569486657205,-0.066771636954628275,0,0,1,UNSTABLE,3.8978779513882899e-16,8.8921807814759266e-17,1
B3_D2_Original,B3,2,Original,full-grid,1659,24,50,104,1.0019117578125489,0.99967708279236867,-0.066879747179330665,0,0,1,UNSTABLE,2.9854100895436746e-16,8.892180782994898e-17,1
B3_D2_Original,B3,2,Original,full-grid,1660,24,51,105,1.0016326462725065,0.99938820967484931,-0.067016150603892405,0,0,1,UNSTABLE,4.1598741844490041e-16,8.8921807814759266e-17,1
B3_D2_Original,B3,2,Original,full-grid,1661,24,52,106,1.001358078588972,0.99910178255948012,-0.067183551869985703,0,0,1,UNSTABLE,3.9116788206762508e-16,8.8921807814757504e-17,1
B3_D2_Original,B3,2,Original,full-grid,1662,24,53,107,1.0010919587801848,0.99882150710985362,-0.067384767337637722,0,0,1,UNSTABLE,2.8663192182943834e-16,8.8921807814759266e-17,1
B3_D2_Original,B3,2,Original,full-grid,1663,24,54,108,1.0008394986019968,0.99855240441544924,-0.067622463708605196,0,0,1,UNSTABLE,4.2064489730215918e-16,8.8921807829948943e-17,1
B3_D2_Original,B3,2,Original,full-grid,1664,24,55,109,1.0006074965401603,0.99830112344073285,-0.067898667655098333,0,0,1,UNSTABLE,2.6933552973448808e-16,8.8921807814759266e-17,1
B3_D2_Original,B3,2,Original,full-grid,1665,24,56,110,1.0004044473997504,0.99807610638418576,-0.068213959291214807,0,0,1,UNSTABLE,4.0484103727672298e-16,8.8921807814757504e-17,1
B3_D2_Original,B3,2,Original,full-grid,1666,24,57,111,1.0002931712809153,1.0000677224842285,-0.021236265124516984,0,0,1,UNSTABLE,3.0885087770671343e-16,8.8921807814759266e-17,1
B3_D2_Original,B3,2,Original,full-grid,1667,24,58,112,1.0003564866045365,1.000132358235337,-0.021174661801225361,0,0,1,UNSTABLE,3.0414347741556892e-16,8.8921807829948968e-17,1
B3_D2_Original,B3,2,Original,full-grid,1668,24,59,113,1.0004184813224977,1.0001956885780143,-0.021112136830844001,0,0,1,UNSTABLE,2.5764533008744933e-16,8.8921807814759266e-17,1
B3_D2_Original,B3,2,Original,full-grid,1669,24,60,114,1.0004791428515079,1.0002576998124693,-0.02104873503932549,0,0,1,UNSTABLE,2.4567784715143715e-16,8.8921807814757504e-17,1
B3_D2_Original,B3,2,Original,full-grid,1670,24,61,115,1.0005384607325762,1.0003183803701392,-0.02098450139446683,0,0,1,UNSTABLE,6.2331899573620969e-16,8.8921807814759266e-17,1
B3_D2_Original,B3,2,Original,full-grid,1671,24,62,116,1.0005964266067886,1.0003777207926874,-0.020919480870771601,0,0,1,UNSTABLE,4.5359757082841652e-16,8.8921807829948943e-17,1
B3_D2_Original,B3,2,Original,full-grid,1672,24,63,117,1.0006530341808197,1.000435713700556,-0.020853718319282767,0,0,1,UNSTABLE,2.6162242187793708e-16,8.8921807814759279e-17,1
B3_D2_Original,B3,2,Original,full-grid,1673,24,64,118,1.0007082791827142,1.0004923537516117,-0.020787258342288627,0,0,1,UNSTABLE,3.7312762787108273e-16,8.8921807814757504e-17,1
B3_D2_Original,B3,2,Original,full-grid,1674,24,65,119,1.0008127233409951,0.9982551015744523,-0.071504261284198095,0,0,1,UNSTABLE,4.7376484343494399e-16,8.8921807814759266e-17,1
B3_D2_Original,B3,2,Original,full-grid,1675,24,66,120,1.0010394164497993,0.99846489123134008,-0.071747991362425712,0,0,1,UNSTABLE,3.5741634357039981e-16,8.892180782994898e-17,1
B3_D2_Original,B3,2,Original,full-grid,1676,25,0,55,1.0059108440802602,1.0032911940621783,-0.072549336010399798,0,0,1,UNSTABLE,2.7206816553018438e-16,9.6280366670588443e-17,1
B3_D2_Original,B3,2,Original,full-grid,1677,25,1,56,1.0060940685485473,1.0034806680171937,-0.0724694672557743,0,0,1,UNSTABLE,2.3466029126702825e-16,8.892180782994898e-17,1
B3_D2_Original,B3,2,Original,full-grid,1678,25,2,57,1.006270954407656,1.0036645630328342,-0.07237871646143379,0,0,1,UNSTABLE,3.983143657991414e-16,8.8921807814759266e-17,1
B3_D2_Original,B3,2,Original,full-grid,1679,25,3,58,1.0064409706007869,1.0038423231952862,-0.072277364822913914,0,0,1,UNSTABLE,4.175214008144214e-16,8.8921807814757504e-17,1
B3_D2_Original,B3,2,Original,full-grid,1680,25,4,59,1.0066035822561585,1.004013386863005,-0.072165717697596166,0,0,1,UNSTABLE,5.5173015693933384e-16,8.8921807814759254e-17,1
B3_D2_Original,B3,2,Original,full-grid,1681,25,5,60,1.0067582525511023,1.0041771882004167,-0.072044109944211968,0,0,1,UNSTABLE,3.5119828639973352e-16,8.8921807829948943e-17,1
B3_D2_Original,B3,2,Original,full-grid,1682,25,6,61,1.0069044458187428,1.004333159991234,-0.071912910882343362,0,0,1,UNSTABLE,2.7995918553717298e-16,8.8921807814759266e-17,1
B3_D2_Original,B3,2,Original,full-grid,1683,25,7,62,1.0070416317759752,1.0044807376278904,-0.071772528620274612,0,0,1,UNSTABLE,1.8983462850237464e-16,8.8921807814757504e-17,1
B3_D2_Original,B3,2,Original,full-grid,1684,25,8,63,1.007169290703688,1.0046193641238683,-0.071623413517679091,0,0,1,UNSTABLE,2.6751443131850618e-16,8.8921807814759279e-17,1
B3_D2_Original,B3,2,Original,full-grid,1685,25,9,64,1.0072869193647409,1.0047484959472839,-0.071466060581094601,0,0,1,UNSTABLE,3.3363103610770835e-16,8.8921807829948968e-17,1
B3_D2_Original,B3,2,Original,full-grid,1686,25,10,65,1.0073940374055823,1.0048676094306805,-0.071301010633713566,0,0,1,UNSTABLE,3.9217339873154189e-16,8.8921807814759254e-17,1
B3_D2_Original,B3,2,Original,full-grid,1687,25,11,66,1.007490193958231,1.0049762074782365,-0.071128850156982809,0,0,1,UNSTABLE,2.8919602786235633e-16,8.8921807814757504e-17,1
B3_D2_Original,B3,2,Original,full-grid,1688,25,12,67,1.0075749741444686,1.0050738262716665,-0.070950209766134004,0,0,1,UNSTABLE,2.2059286348764032e-16,8.8921807814759266e-17,1
B3_D2_Original,B3,2,Original,full-grid,1689,25,13,68,1.0076480051859278,1.005160041672676,-0.070765761352249407,0,0,1,UNSTABLE,2.0558512488899282e-16,8.8921807829948943e-17,1
B3_D2_Original,B3,2,Original,full-grid,1690,25,14,69,1.0077089618439898,1.0052344750350728,-0.070576213993478742,0,0,1,UNSTABLE,2.6235989766208785e-16,8.8921807814759266e-17,1
B3_D2_Original,B3,2,Original,full-grid,1691,25,15,70,1.0077575709509938,1.0052967981728846,-0.070382308802665217,0,0,1,UNSTABLE,2.2368107758144148e-16,8.8921807814757504e-17,1
B3_D2_Original,B3,2,Original,full-grid,1692,25,16,71,1.0077936148464439,1.0053467372796918,-0.070184812932292923,0,0,1,UNSTABLE,3.599239259019254e-16,8.8921807814759266e-17,1
B3_D2_Original,B3,2,Original,full-grid,1693,25,17,72,1.0078169335947937,1.0053840756552583,-0.069984512995624443,0,0,1,UNSTABLE,2.3106186685716377e-16,8.892180782994898e-17,1
B3_D2_Original,B3,2,Original,full-grid,1694,25,18,73,1.007827425929364,1.0054086551628751,-0.069782208183651315,0,0,1,UNSTABLE,3.4872205881160831e-16,8.8921807814759266e-17,1
B3_D2_Original,B3,2,Original,full-grid,1695,25,19,74,1.0078250489340195,1.0054203764086269,-0.069578703359532548,0,0,1,UNSTABLE,3.704357349130579e-16,8.8921807814757504e-17,1
B3_D2_Original,B3,2,Original,full-grid,1696,25,20,75,1.0078098165362352,1.0054191976977922,-0.069374802396316146,0,0,1,UNSTABLE,3.2993027040224315e-16,8.8921807814759254e-17,1
B3_D2_Original,B3,2,Original,full-grid,1697,25,21,76,1.007781796936275,1.0054051328775162,-0.069171301994766801,0,0,1,UNSTABLE,3.2798168926467573e-16,8.8921807829948943e-17,1
B3_D2_Original,B3,2,Original,full-grid,1698,25,22,77,1.007741109136302,1.0053782482175033,-0.068968986177617403,0,0,1,UNSTABLE,3.8352101037761527e-16,8.8921807814759266e-17,1
B3_D2_Original,B3,2,Original,full-grid,1699,25,23,78,1.0076879187578895,1.0053386585088799,-0.068768621610242872,0,0,1,UNSTABLE,2.22117290553805e-16,8.8921807814757504e-17,1
B3_D2_Original,B3,2,Original,full-grid,1700,25,24,79,1.0076224333475228,1.0052865225760836,-0.068570953851234892,0,0,1,UNSTABLE,3.7757137042863885e-16,8.8921807814759279e-17,1
B3_D2_Original,B3,2,Original,full-grid,1701,25,25,80,1.0075448973685672,1.0052220383989179,-0.068376704589800996,0,0,1,UNSTABLE,4.5503795254243457e-16,8.8921807829948968e-17,1
B3_D2_Original,B3,2,Original,full-grid,1702,25,26,81,1.0074555870677213,1.0051454380341212,-0.068186569888518997,0,0,1,UNSTABLE,3.4506553494857201e-16,8.8921807814759254e-17,1
B3_D2_Original,B3,2,Original,full-grid,1703,25,27,82,1.0073548053859527,1.0050569825099953,-0.068001219416079409,0,0,1,UNSTABLE,4.0670616705680449e-16,8.8921807814757504e-17,1
B3_D2_Original,B3,2,Original,full-grid,1704,25,28,83,1.0072428770622874,1.0049569568473593,-0.067821296631727965,0,0,1,UNSTABLE,2.4433655378857078e-16,8.8921807814759266e-17,1
B3_D2_Original,B3,2,Original,full-grid,1705,25,29,84,1.007120144056131,1.0048456653382294,-0.067647419866637984,0,0,1,UNSTABLE,3.1135330841225114e-16,8.8921807829948943e-17,1
B3_D2_Original,B3,2,Original,full-grid,1706,25,30,85,1.0069869613911784,1.0047234271911107,-0.06748018424091165,0,0,1,UNSTABLE,3.1115779896151359e-16,8.8921807814759266e-17,1
B3_D2_Original,B3,2,Original,full-grid,1707,25,31,86,1.0068436935057503,1.0045905726332731,-0.06732016435402946,0,0,1,UNSTABLE,3.8888281936731507e-16,8.8921807814757504e-17,1
B3_D2_Original,B3,2,Original,full-grid,1708,25,32,87,1.0066907111793171,1.0044474395444869,-0.067167917693224166,0,0,1,UNSTABLE,4.9505701602852715e-16,8.8921807814759266e-17,1
B3_D2_Original,B3,2,Original,full-grid,1709,25,33,88,1.0065283890968484,1.0042943706875092,-0.06702398871506178,0,0,1,UNSTABLE,3.6086197303552523e-16,8.892180782994898e-17,1
B3_D2_Original,B3,2,Original,full-grid,1710,25,34,89,1.0063571041100143,1.0041317115966275,-0.066888913571091807,0,0,1,UNSTABLE,5.1358077112371679e-16,8.8921807814759266e-17,1
B3_D2_Original,B3,2,Original,full-grid,1711,25,35,90,1.0061772342612105,1.0039598091910995,-0.066763225465146334,0,0,1,UNSTABLE,3.522311866768262e-16,8.8921807814757504e-17,1
B3_D2_Original,B3,2,Original,full-grid,1712,25,36,91,1.0059891586500735,1.0037790111923055,-0.066647460651402202,0,0,1,UNSTABLE,2.7939754156433732e-16,8.8921807814759254e-17,1
B3_D2_Original,B3,2,Original,full-grid,1713,25,37,92,1.0057932582489502,1.0035896664487489,-0.066542165100995435,0,0,1,UNSTABLE,3.8799209799750089e-16,8.8921807829948943e-17,1
B3_D2_Original,B3,2,Original,full-grid,1714,25,38,93,1.0055899178113537,1.0033921263088854,-0.066447901886958136,0,0,1,UNSTABLE,2.5901230721803845e-16,8.8921807814759266e-17,1
B3_D2_Original,B3,2,Original,full-grid,1715,25,39,94,1.005379529072344,1.003186747235282,-0.066365259354746436,0,0,1,UNSTABLE,3.9762316235316603e-16,8.8921807814757504e-17,1
B3_D2_Original,B3,2,Original,full-grid,1716,25,40,95,1.0051624955147738,1.0029738949274343,-0.066294860159593072,0,0,1,UNSTABLE,4.0832130658326613e-16,8.8921807814759279e-17,1
B3_D2_Original,B3,2,Original,full-grid,1717,25,41,96,1.004939239077062,1.0027539503217082,-0.066237371256668315,0,0,1,UNSTABLE,2.9239177409396981e-16,8.8921807829948968e-17,1
B3_D2_Original,B3,2,Original,full-grid,1718,25,42,97,1.0047102093147162,1.0025273179739296,-0.066193514918156476,0,0,1,UNSTABLE,2.903209359519354e-16,8.8921807814759254e-17,1
B3_D2_Original,B3,2,Original,full-grid,1719,25,43,98,1.0044758957100186,1.0022944375147294,-0.066164080810333759,0,0,1,UNSTABLE,4.1710175900654057e-16,8.8921807814757504e-17,1
B3_D2_Original,B3,2,Original,full-grid,1720,25,44,99,1.0042368440648741,1.0020557991141201,-0.066149939071328989,0,0,1,UNSTABLE,2.2832508293979223e-16,8.8921807814759266e-17,1
B3_D2_Original,B3,2,Original,full-grid,1721,25,45,100,1.003993678224095,1.001811964215561,-0.0661520541518337,0,0,1,UNSTABLE,2.566198836284768e-16,8.8921807829948943e-17,1
B3_D2_Original,B3,2,Original,full-grid,1722,25,46,101,1.0037471287723851,1.001563593217097,-0.066171498856114896,0,0,1,UNSTABLE,3.6801921878395292e-16,8.8921807814759266e-17,1
B3_D2_Original,B3,2,Original,full-grid,1723,25,47,102,1.0034980708246783,1.0013114822912377,-0.06620946745425188,0,0,1,UNSTABLE,3.5657894034960655e-16,8.8921807814757504e-17,1
B3_D2_Original,B3,2,Original,full-grid,1724,25,48,103,1.0032475735515314,1.0010566121218289,-0.066267285776631282,0,0,1,UNSTABLE,2.5995552345984656e-16,8.8921807814759266e-17,1
B3_D2_Original,B3,2,Original,full-grid,1725,25,49,104,1.0029969645320325,1.0008002118942945,-0.066346414619075561,0,0,1,UNSTABLE,2.8113171807475782e-16,8.892180782994898e-17,1
B3_D2_Original,B3,2,Original,full-grid,1726,25,50,105,1.0027479121224652,1.0005438421445358,-0.066448440257188213,0,0,1,UNSTABLE,3.5051063091162328e-16,8.8921807814759266e-17,1
B3_D2_Original,B3,2,Original,full-grid,1727,25,51,106,1.0025025281565543,1.0002894994665139,-0.066575042000091594,0,0,1,UNSTABLE,3.3384468911555973e-16,8.8921807814757504e-17,1
B3_D2_Original,B3,2,Original,full-grid,1728,25,52,107,1.0022634902519696,1.0000397434220489,-0.066727921205613536,0,0,1,UNSTABLE,4.9777426530806115e-16,8.8921807814759254e-17,1
B3_D2_Original,B3,2,Original,full-grid,1729,25,53,108,1.0020341756934312,0.99979783918016962,-0.066908669305837123,0,0,1,UNSTABLE,3.221672815477031e-16,8.8921807829948943e-17,1
B3_D2_Original,B3,2,Original,full-grid,1730,25,54,109,1.0018187842191562,0.99956789522950296,-0.067118546176223537,0,0,1,UNSTABLE,3.4234698129159105e-16,8.8921807814759266e-17,1
B3_D2_Original,B3,2,Original,full-grid,1731,25,55,110,1.0016224020732942,0.99935495057497792,-0.067358140535198827,0,0,1,UNSTABLE,4.4813194674108632e-16,8.8921807814757504e-17,1
B3_D2_Original,B3,2,Original,full-grid,1732,25,56,111,1.001450925680569,0.99916493057886246,-0.067626903284162723,0,0,1,UNSTABLE,3.1513224887174598e-16,8.8921807814759279e-17,1
B3_D2_Original,B3,2,Original,full-grid,1733,25,57,112,1.0013107350784141,0.99900435863000914,-0.067922600226418772,0,0,1,UNSTABLE,3.6367779907778825e-16,8.8921807829948968e-17,1
B3_D2_Original,B3,2,Original,full-grid,1734,25,58,113,1.0012080236820853,0.99887972036973527,-0.06824083029584524,0,0,1,UNSTABLE,1.7464941913696117e-16,8.8921807814759254e-17,1
B3_D2_Original,B3,2,Original,full-grid,1735,25,59,114,1.0011478052623393,0.99879648388969156,-0.068574862385485116,0,0,1,UNSTABLE,2.8889758060708168e-16,8.8921807814757504e-17,1
B3_D2_Original,B3,2,Original,full-grid,1736,25,60,115,1.0011328362368401,0.99875799561746081,-0.068916050248195942,0,0,1,UNSTABLE,4.1312397238705718e-16,8.8921807814759266e-17,1
B3_D2_Original,B3,2,Original,full-grid,1737,25,61,116,1.0011628816313385,0.99876467559822413,-0.06925487949263727,0,0,1,UNSTABLE,3.0017192205176495e-16,8.8921807829948943e-17,1
B3_D2_Original,B3,2,Original,full-grid,1738,25,62,117,1.0012346979843791,0.99881390541297044,-0.069582345473263654,0,0,1,UNSTABLE,2.4616077813354607e-16,8.8921807814759266e-17,1
B3_D2_Original,B3,2,Original,full-grid,1739,25,63,118,1.0013427574017424,0.99890066890786233,-0.069891140041854205,0,0,1,UNSTABLE,3.8037674728957291e-16,8.8921807814757504e-17,1
B3_D2_Original,B3,2,Original,full-grid,1740,25,64,119,1.0014803614632994,0.99901862224139615,-0.070176255325881676,0,0,1,UNSTABLE,3.0277177691382099e-16,8.8921807814759266e-17,1
B3_D2_Original,B3,2,Original,full-grid,1741,25,65,120,1.0016406942681877,0.99916114637108144,-0.070434962884095162,0,0,1,UNSTABLE,3.4011385244771224e-16,8.892180782994898e-17,1
B3_D2_Original,B3,2,Original,full-grid,1742,25,66,121,1.0018175411174155,0.99932209359306157,-0.070666391922362834,0,0,1,UNSTABLE,3.1017309958792751e-16,8.8921807814759266e-17,1
B3_D2_Original,B3,2,Original,full-grid,1743,26,0,56,1.006333469813506,1.0037799705739394,-0.071643723671175913,0,0,1,UNSTABLE,4.3815214219893477e-16,9.6280366670626826e-17,1
B3_D2_Original,B3,2,Original,full-grid,1744,26,1,57,1.0065056792529783,1.0039578016505213,-0.071571047732668189,0,0,1,UNSTABLE,2.1806437317365528e-16,8.8921807814759279e-17,1
B3_D2_Original,B3,2,Original,full-grid,1745,26,2,58,1.0066722730797997,1.0041307186343893,-0.071488217787519709,0,0,1,UNSTABLE,2.6612460682824854e-16,8.8921807814757504e-17,1
B3_D2_Original,B3,2,Original,full-grid,1746,26,3,59,1.0068327440912741,1.0042981943635476,-0.07139545764601031,0,0,1,UNSTABLE,2.9808340001988209e-16,8.8921807814759254e-17,1
B3_D2_Original,B3,2,Original,full-grid,1747,26,4,60,1.0069865780855967,1.0044596927141152,-0.071293016188155367,0,0,1,UNSTABLE,2.4262730339081122e-16,8.8921807829948943e-17,1
B3_D2_Original,B3,2,Original,full-grid,1748,26,5,61,1.0071332559153479,1.0046146703385535,-0.071181172448962549,0,0,1,UNSTABLE,3.1735449788695106e-16,8.8921807814759266e-17,1
B3_D2_Original,B3,2,Original,full-grid,1749,26,6,62,1.0072722566595929,1.0047625795554151,-0.07106024036869614,0,0,1,UNSTABLE,2.5592006377369276e-16,8.8921807814757504e-17,1
B3_D2_Original,B3,2,Original,full-grid,1750,26,7,63,1.007403061823217,1.0049028723151716,-0.070930572981685661,0,0,1,UNSTABLE,3.1878046843750359e-16,8.8921807814759279e-17,1
B3_D2_Original,B3,2,Original,full-grid,1751,26,8,64,1.0075251604265849,1.0050350051198227,-0.070792565827308584,0,0,1,UNSTABLE,2.1113888925135386e-16,8.8921807829948968e-17,1
B3_D2_Original,B3,2,Original,full-grid,1752,26,9,65,1.007638054804036,1.0051584447271065,-0.070646659390562513,0,0,1,UNSTABLE,3.8410496198212801e-16,8.8921807814759266e-17,1
B3_D2_Original,B3,2,Original,full-grid,1753,26,10,66,1.0077412668895644,1.0052726744268643,-0.070493340414851252,0,0,1,UNSTABLE,2.658437764518524e-16,8.8921807814757504e-17,1
B3_D2_Original,B3,2,Original,full-grid,1754,26,11,67,1.0078343447360754,1.0053772006412025,-0.0703331419776871,0,0,1,UNSTABLE,2.614679073574746e-16,8.8921807814759266e-17,1
B3_D2_Original,B3,2,Original,full-grid,1755,26,12,68,1.0079168689956453,1.0054715595766885,-0.070166642276844118,0,0,1,UNSTABLE,4.157021011393523e-16,8.8921807829948943e-17,1
B3_D2_Original,B3,2,Original,full-grid,1756,26,13,69,1.0079884590839361,1.0055553236476795,-0.069994462139645705,0,0,1,UNSTABLE,2.4032845149834326e-16,8.8921807814759279e-17,1
B3_D2_Original,B3,2,Original,full-grid,1757,26,14,70,1.008048778765027,1.0056281073983391,-0.069817261333402922,0,0,1,UNSTABLE,2.5172890357986844e-16,8.8921807814757504e-17,1
B3_D2_Original,B3,2,Original,full-grid,1758,26,15,71,1.0080975409229727,1.005689572676709,-0.069635733817366985,0,0,1,UNSTABLE,3.9653796678219624e-16,8.8921807814759266e-17,1
B3_D2_Original,B3,2,Original,full-grid,1759,26,16,72,1.008134511330848,1.0057394328552429,-0.069450602130590386,0,0,1,UNSTABLE,2.1892918862148688e-16,8.892180782994898e-17,1
B3_D2_Original,B3,2,Original,full-grid,1760,26,17,73,1.0081595112842772,1.0057774559462018,-0.069262611150163966,0,0,1,UNSTABLE,3.3209340662348952e-16,8.8921807814759279e-17,1
B3_D2_Original,B3,2,Original,full-grid,1761,26,18,74,1.0081724190289509,1.005803466521765,-0.069072521479149329,0,0,1,UNSTABLE,3.5459503628562411e-16,8.8921807814757504e-17,1
B3_D2_Original,B3,2,Original,full-grid,1762,26,19,75,1.0081731699752505,1.0058173464126472,-0.068881102730476471,0,0,1,UNSTABLE,3.4712880574765012e-16,8.8921807814759254e-17,1
B3_D2_Original,B3,2,Original,full-grid,1763,26,20,76,1.0081617557533413,1.0058190342206792,-0.068689126963735081,0,0,1,UNSTABLE,2.6466758165219961e-16,8.8921807829948943e-17,1
B3_D2_Original,B3,2,Original,full-grid,1764,26,21,77,1.0081382222136599,1.0058085237348009,-0.068497362507902365,0,0,1,UNSTABLE,3.7040130836522237e-16,8.8921807814759266e-17,1
B3_D2_Original,B3,2,Original,full-grid,1765,26,22,78,1.0081026665184574,1.0057858613837358,-0.06830656836791546,0,0,1,UNSTABLE,2.4537290975330056e-16,8.8921807814757504e-17,1
B3_D2_Original,B3,2,Original,full-grid,1766,26,23,79,1.0080552334980539,1.0057511428900172,-0.068117489371235004,0,0,1,UNSTABLE,4.361307171877813e-16,8.8921807814759279e-17,1
B3_D2_Original,B3,2,Original,full-grid,1767,26,24,80,1.0079961114601683,1.0057045093081984,-0.067930852165828989,0,0,1,UNSTABLE,3.2597456402656425e-16,8.8921807829948968e-17,1
B3_D2_Original,B3,2,Original,full-grid,1768,26,25,81,1.0079255276439554,1.0056461426365664,-0.067747362137140554,0,0,1,UNSTABLE,3.4798338689936931e-16,8.8921807814759266e-17,1
B3_D2_Original,B3,2,Original,full-grid,1769,26,26,82,1.0078437435036609,1.0055762611877515,-0.067567701271658689,0,0,1,UNSTABLE,4.585712093097796e-16,8.8921807814757504e-17,1
B3_D2_Original,B3,2,Original,full-grid,1770,26,27,83,1.0077510499923941,1.0054951148914082,-0.067392526961722835,0,0,1,UNSTABLE,2.9894978145442955e-16,8.8921807814759266e-17,1
B3_D2_Original,B3,2,Original,full-grid,1771,26,28,84,1.0076477629982996,1.0054029806855993,-0.067222471718834928,0,0,1,UNSTABLE,3.8299619930462548e-16,8.8921807829948943e-17,1
B3_D2_Original,B3,2,Original,full-grid,1772,26,29,85,1.0075342190639567,1.0053001581329868,-0.067058143745623092,0,0,1,UNSTABLE,4.2095319563091264e-16,8.8921807814759279e-17,1
B3_D2_Original,B3,2,Original,full-grid,1773,26,30,86,1.0074107714998826,1.0051869653784884,-0.066900128304617612,0,0,1,UNSTABLE,3.9104141873895874e-16,8.8921807814757504e-17,1
B3_D2_Original,B3,2,Original,full-grid,1774,26,31,87,1.0072777869844722,1.0050637355464414,-0.066748989818339433,0,0,1,UNSTABLE,3.4984674502601481e-16,8.8921807814759266e-17,1
B3_D2_Original,B3,2,Original,full-grid,1775,26,32,88,1.0071356427283618,1.004930813660557,-0.066605274636481984,0,0,1,UNSTABLE,3.9179680841707216e-16,8.892180782994898e-17,1
B3_D2_Original,B3,2,Original,full-grid,1776,26,33,89,1.0069847242715788,1.0047885541596016,-0.066469514411983135,0,0,1,UNSTABLE,2.6725354913484264e-16,8.8921807814759279e-17,1
B3_D2_Original,B3,2,Original,full-grid,1777,26,34,90,1.006825423978529,1.0046373190775435,-0.066342230036610522,0,0,1,UNSTABLE,2.2707217036396505e-16,8.8921807814757504e-17,1
B3_D2_Original,B3,2,Original,full-grid,1778,26,35,91,1.006658140299,1.0044774769590248,-0.066223936097707811,0,0,1,UNSTABLE,3.3712049975908371e-16,8.8921807814759254e-17,1
B3_D2_Original,B3,2,Original,full-grid,1779,26,36,92,1.0064832778744104,1.0043094025910881,-0.066115145828691144,0,0,1,UNSTABLE,4.9264898958700707e-16,8.8921807829948943e-17,1
B3_D2_Original,B3,2,Original,full-grid,1780,26,37,93,1.0063012485880214,1.0041334776506612,-0.066016376536432567,0,0,1,UNSTABLE,3.2701492198434797e-16,8.8921807814759266e-17,1
B3_D2_Original,B3,2,Original,full-grid,1781,26,38,94,1.0061124736875136,1.0039500923963025,-0.065928155495683385,0,0,1,UNSTABLE,3.2518606406265075e-16,8.8921807814757504e-17,1
B3_D2_Original,B3,2,Original,full-grid,1782,26,39,95,1.0059173871493616,1.0037596485734286,-0.065851026302904861,0,0,1,UNSTABLE,3.1634885524793051e-16,8.8921807814759279e-17,1
B3_D2_Original,B3,2,Original,full-grid,1783,26,40,96,1.0057164405093717,1.0035625637573991,-0.065785555675364427,0,0,1,UNSTABLE,5.2250069511098966e-16,8.8921807829948968e-17,1
B3_D2_Original,B3,2,Original,full-grid,1784,26,41,97,1.0055101094551311,1.0033592774313984,-0.065732340661290287,0,0,1,UNSTABLE,2.8487221308401925e-16,8.8921807814759266e-17,1
B3_D2_Original,B3,2,Original,full-grid,1785,26,42,98,1.0052989025666321,1.003150259189131,-0.06569201618503083,0,0,1,UNSTABLE,3.1788284717314966e-16,8.8921807814757504e-17,1
B3_D2_Original,B3,2,Original,full-grid,1786,26,43,99,1.0050833727037729,1.0029360195695467,-0.065665262777096625,0,0,1,UNSTABLE,3.1333250178374122e-16,8.8921807814759266e-17,1
B3_D2_Original,B3,2,Original,full-grid,1787,26,44,100,1.0048641316752223,1.0027171241747705,-0.065652814212920296,0,0,1,UNSTABLE,3.5220365648886956e-16,8.8921807829948943e-17,1
B3_D2_Original,B3,2,Original,full-grid,1788,26,45,101,1.0046418689785301,1.0024942118911233,-0.065655464581932291,0,0,1,UNSTABLE,3.1755803977968869e-16,8.8921807814759279e-17,1
B3_D2_Original,B3,2,Original,full-grid,1789,26,46,102,1.0044173755656878,1.0022680182187009,-0.065674073988306825,0,0,1,UNSTABLE,3.0388402285570185e-16,8.8921807814757504e-17,1
B3_D2_Original,B3,2,Original,full-grid,1790,26,47,103,1.004191573730651,1.0020394048902435,-0.065709571592334995,0,0,1,UNSTABLE,5.2588491385630678e-16,8.8921807814759266e-17,1
B3_D2_Original,B3,2,Original,full-grid,1791,26,48,104,1.0039655542716788,1.0018093970662347,-0.065762953962139117,0,0,1,UNSTABLE,3.4868659786903108e-16,8.892180782994898e-17,1
B3_D2_Original,B3,2,Original,full-grid,1792,26,49,105,1.0037406219258038,1.0015792293109633,-0.065835275626797168,0,0,1,UNSTABLE,3.343261632594966e-16,8.8921807814759279e-17,1
B3_D2_Original,B3,2,Original,full-grid,1793,26,50,106,1.0035183494761872,1.0013504010607575,-0.065927627220092863,0,0,1,UNSTABLE,3.4425954242187056e-16,8.8921807814757504e-17,1
B3_D2_Original,B3,2,Original,full-grid,1794,26,51,107,1.0033006395069839,1.0011247410048347,-0.066041094654204782,0,0,1,UNSTABLE,3.2897720808547406e-16,8.8921807814759254e-17,1
B3_D2_Original,B3,2,Original,full-grid,1795,26,52,108,1.0030897899299769,1.000904477105776,-0.066176690544162906,0,0,1,UNSTABLE,3.465520552366887e-16,8.8921807829948943e-17,1
B3_D2_Original,B3,2,Original,full-grid,1796,26,53,109,1.0028885543538817,1.0006923040698452,-0.066335247262697683,0,0,1,UNSTABLE,2.9898791788355579e-16,8.8921807814759266e-17,1
B3_D2_Original,B3,2,Original,full-grid,1797,26,54,110,1.0027001804169555,1.0004914321396254,-0.066517261093616817,0,0,1,UNSTABLE,4.1552757641612924e-16,8.8921807814757504e-17,1
B3_D2_Original,B3,2,Original,full-grid,1798,26,55,111,1.0025283985589395,1.0003055901269413,-0.066722681885121954,0,0,1,UNSTABLE,5.4781680226002356e-16,8.8921807814759279e-17,1
B3_D2_Original,B3,2,Original,full-grid,1799,26,56,112,1.0023773231342084,1.0001389441049275,-0.066950656594104319,0,0,1,UNSTABLE,2.4050401518568048e-16,8.8921807829948968e-17,1
B3_D2_Original,B3,2,Original,full-grid,1800,26,57,113,1.0022512248103475,0.99999588842410891,-0.067199261667956964,0,0,1,UNSTABLE,3.7516851500776073e-16,8.8921807814759266e-17,1
B3_D2_Original,B3,2,Original,full-grid,1801,26,58,114,1.0021541506000862,0.99988068060368362,-0.067465295674846187,0,0,1,UNSTABLE,3.5749923824516992e-16,8.8921807814757504e-17,1
B3_D2_Original,B3,2,Original,full-grid,1802,26,59,115,1.0020894171363053,0.99979693877239018,-0.067744233392498743,0,0,1,UNSTABLE,3.0536248152600679e-16,8.8921807814759266e-17,1
B3_D2_Original,B3,2,Original,full-grid,1803,26,60,116,1.0020590776422185,0.99974709555924224,-0.068030434410142421,0,0,1,UNSTABLE,2.5960883078014168e-16,8.8921807829948943e-17,1
B3_D2_Original,B3,2,Original,full-grid,1804,26,61,117,1.0020635241891975,0.99973196820972343,-0.06831762766656363,0,0,1,UNSTABLE,2.2619386244823039e-16,8.8921807814759279e-17,1
B3_D2_Original,B3,2,Original,full-grid,1805,26,62,118,1.0021013771072083,0.99975060298813223,-0.068599575982867589,0,0,1,UNSTABLE,3.4709186065869708e-16,8.8921807814757504e-17,1
B3_D2_Original,B3,2,Original,full-grid,1806,26,63,119,1.0021697124701971,0.99980045745867074,-0.068870732956969341,0,0,1,UNSTABLE,4.3399555196293005e-16,8.8921807814759266e-17,1
B3_D2_Original,B3,2,Original,full-grid,1807,26,64,120,1.0022645420206706,0.99987784771643518,-0.069126708570955528,0,0,1,UNSTABLE,4.626076984134646e-16,8.892180782994898e-17,1
B3_D2_Original,B3,2,Original,full-grid,1808,26,65,121,1.0023813778038972,0.99997849915796988,-0.069364456242468564,0,0,1,UNSTABLE,2.5840724494040589e-16,8.8921807814759279e-17,1
B3_D2_Original,B3,2,Original,full-grid,1809,26,66,122,1.0025157264550872,1.0000980441190417,-0.069582209932124842,0,0,1,UNSTABLE,3.3805143320263637e-16,8.8921807814757504e-17,1
B3_D2_Original,B3,2,Original,full-grid,1810,27,0,57,1.0066843853843632,1.0041969508853625,-0.070724363618443961,0,0,1,UNSTABLE,4.2030466944435536e-16,9.6280366670588406e-17,1
B3_D2_Original,B3,2,Original,full-grid,1811,27,1,58,1.0068470707927775,1.0043646345912998,-0.070659074054797724,0,0,1,UNSTABLE,2.8603184489097405e-16,8.8921807814756382e-17,1
B3_D2_Original,B3,2,Original,full-grid,1812,27,2,59,1.0070048167652501,1.004528030515679,-0.070584253886445583,0,0,1,UNSTABLE,2.9361921600397215e-16,8.892180781475812e-17,1
B3_D2_Original,B3,2,Original,full-grid,1813,27,3,60,1.0071571373046253,1.0046866368288221,-0.070500078022923227,0,0,1,UNSTABLE,4.7968863432108004e-16,8.8921807829948943e-17,1
B3_D2_Original,B3,2,Original,full-grid,1814,27,4,61,1.007303537041222,1.0048399403643433,-0.070406746724583011,0,0,1,UNSTABLE,5.4374223818783142e-16,8.8921807814759266e-17,1
B3_D2_Original,B3,2,Original,full-grid,1815,27,5,62,1.0074435133276269,1.0049874184128922,-0.070304490451908966,0,0,1,UNSTABLE,3.0780715771613929e-16,8.8921807814757504e-17,1
B3_D2_Original,B3,2,Original,full-grid,1816,27,6,63,1.0075765593567472,1.0051285415674256,-0.070193574433282641,0,0,1,UNSTABLE,3.1487262185412664e-16,8.8921807814759279e-17,1
B3_D2_Original,B3,2,Original,full-grid,1817,27,7,64,1.0077021682362879,1.005262777567697,-0.070074302743550435,0,0,1,UNSTABLE,2.041016008062233e-16,8.8921807829948968e-17,1
B3_D2_Original,B3,2,Original,full-grid,1818,27,8,65,1.007819837909995,1.0053895960479453,-0.069947021691262601,0,0,1,UNSTABLE,2.3049881743626617e-16,8.8921807814759266e-17,1
B3_D2_Original,B3,2,Original,full-grid,1819,27,9,66,1.0079290767727189,1.005508474046777,-0.069812122328626491,0,0,1,UNSTABLE,2.8663730550494642e-16,8.8921807814757504e-17,1
B3_D2_Original,B3,2,Original,full-grid,1820,27,10,67,1.0080294097856262,1.0056189020949362,-0.069670041927163362,0,0,1,UNSTABLE,2.8279212493603114e-16,8.8921807814759266e-17,1
B3_D2_Original,B3,2,Original,full-grid,1821,27,11,68,1.0081203848645781,1.0057203906600172,-0.069521264302137689,0,0,1,UNSTABLE,3.7329605576084278e-16,8.8921807829948968e-17,1
B3_D2_Original,B3,2,Original,full-grid,1822,27,12,69,1.008201579291522,1.0058124766999537,-0.069366318920814143,0,0,1,UNSTABLE,3.3707673765611236e-16,8.8921807814759279e-17,1
B3_D2_Original,B3,2,Original,full-grid,1823,27,13,70,1.0082726058899467,1.0058947300640191,-0.06920577878716383,0,0,1,UNSTABLE,1.6990103490863989e-16,8.8921807814757528e-17,1
B3_D2_Original,B3,2,Original,full-grid,1824,27,14,71,1.0083331187118583,1.0059667594819826,-0.069040257158424878,0,0,1,UNSTABLE,2.2484871779147846e-16,8.8921807814759266e-17,1
B3_D2_Original,B3,2,Original,full-grid,1825,27,15,72,1.0083828180068009,1.0060282179011097,-0.068870403208156003,0,0,1,UNSTABLE,3.5005594845102749e-16,8.892180782994898e-17,1
B3_D2_Original,B3,2,Original,full-grid,1826,27,16,73,1.0084214542810741,1.0060788069648163,-0.068696896804791838,0,0,1,UNSTABLE,4.6292422460610988e-16,8.8921807814759266e-17,1
B3_D2_Original,B3,2,Original,full-grid,1827,27,17,74,1.008448831304751,1.0061182804738129,-0.068520442616318858,0,0,1,UNSTABLE,4.2559413041531434e-16,8.8921807814757504e-17,1
B3_D2_Original,B3,2,Original,full-grid,1828,27,18,75,1.0084648079816132,1.0061464467266958,-0.0683417637805461,0,0,1,UNSTABLE,5.1180113108634937e-16,8.8921807814759254e-17,1
B3_D2_Original,B3,2,Original,full-grid,1829,27,19,76,1.0084692990571111,1.0061631696968525,-0.068161595391569019,0,0,1,UNSTABLE,2.8430533251981272e-16,8.8921807829948943e-17,1
B3_D2_Original,B3,2,Original,full-grid,1830,27,20,77,1.0084622746976093,1.0061683690616268,-0.067980678050035784,0,0,1,UNSTABLE,3.5265142142192677e-16,8.8921807814759266e-17,1
B3_D2_Original,B3,2,Original,full-grid,1831,27,21,78,1.0084437590260766,1.0061620191536238,-0.067799751705641467,0,0,1,UNSTABLE,3.981411341163251e-16,8.8921807814757504e-17,1
B3_D2_Original,B3,2,Original,full-grid,1832,27,22,79,1.0084138277413031,1.0061441469485801,-0.067619549990964686,0,0,1,UNSTABLE,3.245482416195969e-16,8.8921807814759279e-17,1
B3_D2_Original,B3,2,Original,full-grid,1833,27,23,80,1.0083726049786808,1.0061148292383408,-0.067440795207313428,0,0,1,UNSTABLE,3.8066571739791752e-16,8.8921807829948968e-17,1
B3_D2_Original,B3,2,Original,full-grid,1834,27,24,81,1.0083202595885861,1.0060741891586695,-0.067264194082138087,0,0,1,UNSTABLE,3.3998986378948101e-16,8.8921807814759266e-17,1
B3_D2_Original,B3,2,Original,full-grid,1835,27,25,82,1.008257001015705,1.0060223922520828,-0.067090434374654867,0,0,1,UNSTABLE,3.7866480025226421e-16,8.8921807814757504e-17,1
B3_D2_Original,B3,2,Original,full-grid,1836,27,26,83,1.0081830749591956,1.0059596422452075,-0.066920182367303988,0,0,1,UNSTABLE,3.0838770145270514e-16,8.8921807814759266e-17,1
B3_D2_Original,B3,2,Original,full-grid,1837,27,27,84,1.0080987589831203,1.0058861767120093,-0.066754081246044206,0,0,1,UNSTABLE,2.3435389089546697e-16,8.8921807829948943e-17,1
B3_D2_Original,B3,2,Original,full-grid,1838,27,28,85,1.0080043582302192,1.0058022627796726,-0.066592750344210763,0,0,1,UNSTABLE,5.9016117150644862e-16,8.8921807814759279e-17,1
B3_D2_Original,B3,2,Original,full-grid,1839,27,29,86,1.0079002013733251,1.0057081930162992,-0.066436785204281951,0,0,1,UNSTABLE,3.1109330637482416e-16,8.8921807814757528e-17,1
B3_D2_Original,B3,2,Original,full-grid,1840,27,30,87,1.0077866369193116,1.0056042816209327,-0.066286758397015283,0,0,1,UNSTABLE,2.3152641737156984e-16,8.8921807814759266e-17,1
B3_D2_Original,B3,2,Original,full-grid,1841,27,31,88,1.0076640299623716,1.0054908610185258,-0.066143221030057042,0,0,1,UNSTABLE,2.642106594786887e-16,8.892180782994898e-17,1
B3_D2_Original,B3,2,Original,full-grid,1842,27,32,89,1.0075327594683288,1.0053682789472158,-0.066006704875933367,0,0,1,UNSTABLE,3.9173355744772989e-16,8.8921807814759266e-17,1
B3_D2_Original,B3,2,Original,full-grid,1843,27,33,90,1.0073932161606065,1.0052368961138656,-0.065877725050061411,0,0,1,UNSTABLE,3.9731836982924067e-16,8.8921807814757504e-17,1
B3_D2_Original,B3,2,Original,full-grid,1844,27,34,91,1.0072458010723824,1.0050970844871105,-0.065756783174475961,0,0,1,UNSTABLE,2.1891386637603208e-16,8.8921807814759254e-17,1
B3_D2_Original,B3,2,Original,full-grid,1845,27,35,92,1.0070909248289377,1.0049492262960187,-0.065644370968412649,0,0,1,UNSTABLE,4.4847216259892658e-16,8.8921807829948943e-17,1
B3_D2_Original,B3,2,Original,full-grid,1846,27,36,93,1.0069290077297919,1.0047937138074969,-0.065540974211871744,0,0,1,UNSTABLE,2.8341536332894172e-16,8.8921807814759266e-17,1
B3_D2_Original,B3,2,Original,full-grid,1847,27,37,94,1.0067604807124264,1.0046309499673265,-0.065447077032230988,0,0,1,UNSTABLE,3.2406663950286096e-16,8.8921807814757504e-17,1
B3_D2_Original,B3,2,Original,full-grid,1848,27,38,95,1.0065857872981867,1.0044613500082877,-0.06536316646428815,0,0,1,UNSTABLE,2.5921929365534909e-16,8.8921807814759279e-17,1
B3_D2_Original,B3,2,Original,full-grid,1849,27,39,96,1.0064053866483793,1.0042853441565933,-0.065289737226816025,0,0,1,UNSTABLE,6.5125318730157663e-16,8.8921807829948968e-17,1
B3_D2_Original,B3,2,Original,full-grid,1850,27,40,97,1.0062197578923233,1.0041033816023579,-0.065227296644852703,0,0,1,UNSTABLE,3.8979055844887741e-16,8.8921807814759266e-17,1
B3_D2_Original,B3,2,Original,full-grid,1851,27,41,98,1.0060294059328434,1.0039159359453915,-0.065176369617203217,0,0,1,UNSTABLE,2.6411596983259649e-16,8.8921807814757504e-17,1
B3_D2_Original,B3,2,Original,full-grid,1852,27,42,99,1.0058348689849139,1.0037235123808301,-0.065137503481393563,0,0,1,UNSTABLE,2.903118588517311e-16,8.8921807814759266e-17,1
B3_D2_Original,B3,2,Original,full-grid,1853,27,43,100,1.0056367281606187,1.0035266569514638,-0.065111272552555596,0,0,1,UNSTABLE,3.3018656265890102e-16,8.8921807829948943e-17,1
B3_D2_Original,B3,2,Original,full-grid,1854,27,44,101,1.0054356194730163,1.0033259682605848,-0.065098281997665972,0,0,1,UNSTABLE,2.767328681414468e-16,8.8921807814759279e-17,1
B3_D2_Original,B3,2,Original,full-grid,1855,27,45,102,1.0052322486839076,1.0031221121026914,-0.065099170538040624,0,0,1,UNSTABLE,2.9588933782327425e-16,8.8921807814757528e-17,1
B3_D2_Original,B3,2,Original,full-grid,1856,27,46,103,1.0050274094503391,1.0029158395155149,-0.065114611227817185,0,0,1,UNSTABLE,4.0567011786928627e-16,8.8921807814759266e-17,1
B3_D2_Original,B3,2,Original,full-grid,1857,27,47,104,1.0048220051996826,1.0027080087548166,-0.06514530921303166,0,0,1,UNSTABLE,3.5214406038800804e-16,8.892180782994898e-17,1
B3_D2_Original,B3,2,Original,full-grid,1858,27,48,105,1.0046170750320238,1.002499611593858,-0.065191994907829176,0,0,1,UNSTABLE,3.5643071192588313e-16,8.8921807814759266e-17,1
B3_D2_Original,B3,2,Original,full-grid,1859,27,49,106,1.0044138236254785,1.0022918040679245,-0.065255410413382509,0,0,1,UNSTABLE,2.4061511135369399e-16,8.8921807814757504e-17,1
B3_D2_Original,B3,2,Original,full-grid,1860,27,50,107,1.0042136544739158,1.0020859411892631,-0.065336286263344354,0,0,1,UNSTABLE,3.8725563067461571e-16,8.8921807814759254e-17,1
B3_D2_Original,B3,2,Original,full-grid,1861,27,51,108,1.0040182046341299,1.0018836140614802,-0.065435304781506665,0,0,1,UNSTABLE,3.6970779189865661e-16,8.8921807829948943e-17,1
B3_D2_Original,B3,2,Original,full-grid,1862,27,52,109,1.0038293772769915,1.0016866859872215,-0.065553045697740925,0,0,1,UNSTABLE,3.2859307801342043e-16,8.8921807814759266e-17,1
B3_D2_Original,B3,2,Original,full-grid,1863,27,53,110,1.003649365531706,1.0014973213668146,-0.065689909630713833,0,0,1,UNSTABLE,3.494084045817586e-16,8.8921807814757504e-17,1
B3_D2_Original,B3,2,Original,full-grid,1864,27,54,111,1.0034806573954804,1.0013179973871509,-0.065846016397739515,0,0,1,UNSTABLE,4.3016181618908903e-16,8.8921807814759279e-17,1
B3_D2_Original,B3,2,Original,full-grid,1865,27,55,112,1.0033260074219859,1.0011514841910116,-0.06602107899358621,0,0,1,UNSTABLE,2.9467421476871051e-16,8.8921807829948968e-17,1
B3_D2_Original,B3,2,Original,full-grid,1866,27,56,113,1.0031883581194565,1.0010007759312707,-0.066214261691912149,0,0,1,UNSTABLE,3.3724793751434961e-16,8.8921807814759266e-17,1
B3_D2_Original,B3,2,Original,full-grid,1867,27,57,114,1.0030706955247031,1.000868955862904,-0.066424042411700801,0,0,1,UNSTABLE,3.2363803502829967e-16,8.8921807814757504e-17,1
B3_D2_Original,B3,2,Original,full-grid,1868,27,58,115,1.0029758332342094,1.0007589875053906,-0.066648113094383288,0,0,1,UNSTABLE,2.8183770737632528e-16,8.8921807814759266e-17,1
B3_D2_Original,B3,2,Original,full-grid,1869,27,59,116,1.0029061397465191,1.00067344381194,-0.066883361090908186,0,0,1,UNSTABLE,3.2297149661153562e-16,8.8921807829948943e-17,1
B3_D2_Original,B3,2,Original,full-grid,1870,27,60,117,1.0028632520028025,1.0006142145622074,-0.067125969890147547,0,0,1,UNSTABLE,2.1083409665881404e-16,8.8921807814759279e-17,1
B3_D2_Original,B3,2,Original,full-grid,1871,27,61,118,1.0028478413273278,1.0005822571833098,-0.067371651789413525,0,0,1,UNSTABLE,4.2916669423906362e-16,8.8921807814757528e-17,1
B3_D2_Original,B3,2,Original,full-grid,1872,27,62,119,1.0028594994821658,1.0005774605661375,-0.06761598264197359,0,0,1,UNSTABLE,3.7095099923655211e-16,8.8921807814759266e-17,1
B3_D2_Original,B3,2,Original,full-grid,1873,27,63,120,1.0028967830894988,1.0005986647324852,-0.06785476893213209,0,0,1,UNSTABLE,3.3271284485023734e-16,8.892180782994898e-17,1
B3_D2_Original,B3,2,Original,full-grid,1874,27,64,121,1.0029574047549303,1.0006438303270997,-0.068084363704564305,0,0,1,UNSTABLE,3.5044558423687032e-16,8.8921807814759266e-17,1
B3_D2_Original,B3,2,Original,full-grid,1875,27,65,122,1.0030385149082346,1.0007103062577309,-0.06830186921948285,0,0,1,UNSTABLE,2.8034280078100047e-16,8.8921807814757504e-17,1
B3_D2_Original,B3,2,Original,full-grid,1876,27,66,123,1.0031370016746544,1.0007951242667326,-0.068505206902475455,0,0,1,UNSTABLE,3.3966050429487662e-16,8.8921807814759254e-17,1
B3_D2_Original,B3,2,Original,full-grid,1877,28,0,58,1.0069693729001319,1.0045473169157999,-0.069799756705536453,0,0,1,UNSTABLE,3.245360359354828e-16,9.6280366670625742e-17,1
B3_D2_Original,B3,2,Original,full-grid,1878,28,1,59,1.0071237799411097,1.0047061200360821,-0.06974181303142668,0,0,1,UNSTABLE,4.1968698727186303e-16,8.892180781475812e-17,1
B3_D2_Original,B3,2,Original,full-grid,1879,28,2,60,1.0072738750532073,1.0048612194281563,-0.069674881083953311,0,0,1,UNSTABLE,3.3453243760606687e-16,8.8921807829948943e-17,1
B3_D2_Original,B3,2,Original,full-grid,1880,28,3,61,1.0074191920785192,1.0050121366119473,-0.06959909360634256,0,0,1,UNSTABLE,3.1293661527024622e-16,8.8921807814759266e-17,1
B3_D2_Original,B3,2,Original,full-grid,1881,28,4,62,1.0075592536363871,1.0051583799574413,-0.069514608462145258,0,0,1,UNSTABLE,4.2245662856484427e-16,8.8921807814757504e-17,1
B3_D2_Original,B3,2,Original,full-grid,1882,28,5,63,1.0076935731638879,1.0052994464368172,-0.069421613274488647,0,0,1,UNSTABLE,2.7000843273263583e-16,8.8921807814759291e-17,1
B3_D2_Original,B3,2,Original,full-grid,1883,28,6,64,1.0078216579034367,1.0054348243473039,-0.069320329838641823,0,0,1,UNSTABLE,5.1156310452817559e-16,8.8921807829948968e-17,1
B3_D2_Original,B3,2,Original,full-grid,1884,28,7,65,1.0079430127913891,1.0055639969719565,-0.06921101811681149,0,0,1,UNSTABLE,3.8796680783647866e-16,8.8921807814759266e-17,1
B3_D2_Original,B3,2,Original,full-grid,1885,28,8,66,1.0080571451616134,1.0056864471052092,-0.069093979624011967,0,0,1,UNSTABLE,3.6659791251797874e-16,8.8921807814757504e-17,1
B3_D2_Original,B3,2,Original,full-grid,1886,28,9,67,1.00816357013559,1.0058016623263346,-0.068969560025572654,0,0,1,UNSTABLE,3.183960830033907e-16,8.8921807814759266e-17,1
B3_D2_Original,B3,2,Original,full-grid,1887,28,10,68,1.0082618165307742,1.005909140862117,-0.068838150788453692,0,0,1,UNSTABLE,2.854513145004664e-16,8.8921807829948943e-17,1
B3_D2_Original,B3,2,Original,full-grid,1888,28,11,69,1.0083514330837833,1.0060083978419625,-0.068700189763690564,0,0,1,UNSTABLE,2.8633154467861558e-16,8.8921807814759266e-17,1
B3_D2_Original,B3,2,Original,full-grid,1889,28,12,70,1.0084319947593015,1.0060989717194704,-0.068556160622136195,0,0,1,UNSTABLE,3.6715693562741913e-16,8.8921807814757504e-17,1
B3_D2_Original,B3,2,Original,full-grid,1890,28,13,71,1.0085031089020378,1.0061804306170004,-0.068406591118573001,0,0,1,UNSTABLE,3.9778061316382622e-16,8.8921807814759254e-17,1
B3_D2_Original,B3,2,Original,full-grid,1891,28,14,72,1.0085644209899964,1.0062523783464976,-0.068252050217582461,0,0,1,UNSTABLE,2.3345543286680275e-16,8.892180782994898e-17,1
B3_D2_Original,B3,2,Original,full-grid,1892,28,15,73,1.0086156197639065,1.0063144598724882,-0.068093144172313921,0,0,1,UNSTABLE,5.2082782902286868e-16,8.8921807814759266e-17,1
B3_D2_Original,B3,2,Original,full-grid,1893,28,16,74,1.0086564415385129,1.0063663660105782,-0.06793051169981372,0,0,1,UNSTABLE,2.0176233659985685e-16,8.8921807814757504e-17,1
B3_D2_Original,B3,2,Original,full-grid,1894,28,17,75,1.0086866735449391,1.0064078371956227,-0.067764818441309826,0,0,1,UNSTABLE,3.5020591519850119e-16,8.8921807814759254e-17,1
B3_D2_Original,B3,2,Original,full-grid,1895,28,18,76,1.008706156205369,1.0064386662041553,-0.067596750926437854,0,0,1,UNSTABLE,3.5237738044654088e-16,8.8921807829948943e-17,1
B3_D2_Original,B3,2,Original,full-grid,1896,28,19,77,1.008714784297785,1.0064586997716347,-0.067427010277166702,0,0,1,UNSTABLE,3.1571851400549238e-16,8.8921807814759266e-17,1
B3_D2_Original,B3,2,Original,full-grid,1897,28,20,78,1.0087125070245668,1.0064678391017061,-0.067256305888215254,0,0,1,UNSTABLE,2.4885562626478879e-16,8.8921807814757504e-17,1
B3_D2_Original,B3,2,Original,full-grid,1898,28,21,79,1.0086993270500677,1.0064660393175013,-0.067085349308188658,0,0,1,UNSTABLE,4.7277069302993453e-16,8.8921807814759291e-17,1
B3_D2_Original,B3,2,Original,full-grid,1899,28,22,80,1.0086752986156964,1.0064533079507578,-0.066914848519902551,0,0,1,UNSTABLE,3.0755604618102509e-16,8.8921807829948968e-17,1
B3_D2_Original,B3,2,Original,full-grid,1900,28,23,81,1.0086405248740984,1.0064297026003373,-0.066745502785532401,0,0,1,UNSTABLE,5.5762409202292161e-16,8.8921807814759266e-17,1
B3_D2_Original,B3,2,Original,full-grid,1901,28,24,82,1.0085951546053378,1.0063953279160978,-0.066577998182696801,0,0,1,UNSTABLE,3.1270707875273113e-16,8.8921807814757504e-17,1
B3_D2_Original,B3,2,Original,full-grid,1902,28,25,83,1.0085393784885504,1.0063503320775902,-0.066413003917872637,0,0,1,UNSTABLE,3.4504567309612428e-16,8.8921807814759266e-17,1
B3_D2_Original,B3,2,Original,full-grid,1903,28,26,84,1.0084734251031486,1.0062949029404651,-0.066251169463761764,0,0,1,UNSTABLE,5.7149975852386095e-16,8.8921807829948943e-17,1
B3_D2_Original,B3,2,Original,full-grid,1904,28,27,85,1.0083975568253636,1.0062292640174781,-0.066093122533337267,0,0,1,UNSTABLE,4.5528393314657915e-16,8.8921807814759266e-17,1
B3_D2_Original,B3,2,Original,full-grid,1905,28,28,86,1.0083120657730766,1.0061536704501026,-0.065939467872856733,0,0,1,UNSTABLE,4.5388782405282384e-16,8.8921807814757504e-17,1
B3_D2_Original,B3,2,Original,full-grid,1906,28,29,87,1.0082172699341645,1.0060684051103737,-0.06579078683348516,0,0,1,UNSTABLE,2.8633171711594302e-16,8.8921807814759254e-17,1
B3_D2_Original,B3,2,Original,full-grid,1907,28,30,88,1.0081135095954035,1.0059737749553106,-0.06564763766445475,0,0,1,UNSTABLE,3.0780061776995553e-16,8.892180782994898e-17,1
B3_D2_Original,B3,2,Original,full-grid,1908,28,31,89,1.0080011441708683,1.0058701077386329,-0.065510556459633024,0,0,1,UNSTABLE,2.22595184470669e-16,8.8921807814759266e-17,1
B3_D2_Original,B3,2,Original,full-grid,1909,28,32,90,1.0078805495127501,1.0057577491685539,-0.065380058684031322,0,0,1,UNSTABLE,3.495150529971938e-16,8.8921807814757504e-17,1
B3_D2_Original,B3,2,Original,full-grid,1910,28,33,91,1.0077521157747518,1.005637060587548,-0.065256641204745849,0,0,1,UNSTABLE,2.6872996076189575e-16,8.8921807814759254e-17,1
B3_D2_Original,B3,2,Original,full-grid,1911,28,34,92,1.0076162458892934,1.0055084172407196,-0.065140784751918243,0,0,1,UNSTABLE,4.259974206113594e-16,8.8921807829948943e-17,1
B3_D2_Original,B3,2,Original,full-grid,1912,28,35,93,1.0074733547151744,1.005372207194428,-0.065032956737733072,0,0,1,UNSTABLE,2.7888220880418178e-16,8.8921807814759266e-17,1
B3_D2_Original,B3,2,Original,full-grid,1913,28,36,94,1.0073238689129942,1.0052288309671713,-0.064933614362803121,0,0,1,UNSTABLE,2.6163482516448553e-16,8.8921807814757504e-17,1
B3_D2_Original,B3,2,Original,full-grid,1914,28,37,95,1.0071682276101404,1.0050787019389691,-0.064843207940606259,0,0,1,UNSTABLE,3.5805942824780558e-16,8.8921807814759291e-17,1
B3_D2_Original,B3,2,Original,full-grid,1915,28,38,96,1.0070068839276003,1.0049222476160067,-0.06476218436687381,0,0,1,UNSTABLE,3.6933168101053661e-16,8.8921807829948968e-17,1
B3_D2_Original,B3,2,Original,full-grid,1916,28,39,97,1.0068403074548602,1.0047599118417208,-0.064690990652602726,0,0,1,UNSTABLE,4.5076485377294221e-16,8.8921807814759266e-17,1
B3_D2_Original,B3,2,Original,full-grid,1917,28,40,98,1.0066689877778781,1.0045921580651189,-0.064630077423787707,0,0,1,UNSTABLE,3.8410222785238812e-16,8.8921807814757504e-17,1
B3_D2_Original,B3,2,Original,full-grid,1918,28,41,99,1.006493439186845,1.0044194738005814,-0.064579902263213307,0,0,1,UNSTABLE,2.5446195666256566e-16,8.8921807814759266e-17,1
B3_D2_Original,B3,2,Original,full-grid,1919,28,42,100,1.0063142067135713,1.004242376439096,-0.064540932728940972,0,0,1,UNSTABLE,4.0544462146903625e-16,8.8921807829948943e-17,1
B3_D2_Original,B3,2,Original,full-grid,1920,28,43,101,1.0061318736704012,1.0040614205969116,-0.064513648822744241,0,0,1,UNSTABLE,3.5463379280317701e-16,8.8921807814759266e-17,1
B3_D2_Original,B3,2,Original,full-grid,1921,28,44,102,1.005947070877665,1.0038772072083844,-0.064498544594808485,0,0,1,UNSTABLE,3.4086160308126588e-16,8.8921807814757504e-17,1
B3_D2_Original,B3,2,Original,full-grid,1922,28,45,103,1.0057604877669906,1.0036903945779985,-0.06449612845091196,0,0,1,UNSTABLE,2.8681953587855831e-16,8.8921807814759254e-17,1
B3_D2_Original,B3,2,Original,full-grid,1923,28,46,104,1.005572885518941,1.0035017115884191,-0.064506921566625783,0,0,1,UNSTABLE,2.7899531110432698e-16,8.892180782994898e-17,1
B3_D2_Original,B3,2,Original,full-grid,1924,28,47,105,1.0053851123133275,1.0033119731953355,-0.06453145360337384,0,0,1,UNSTABLE,3.9949910933558367e-16,8.8921807814759266e-17,1
B3_D2_Original,B3,2,Original,full-grid,1925,28,48,106,1.0051981206073122,1.0031220981943156,-0.064570254658833162,0,0,1,UNSTABLE,2.1546764697869829e-16,8.8921807814757504e-17,1
B3_D2_Original,B3,2,Original,full-grid,1926,28,49,107,1.0050129860617096,1.0029331289710055,-0.064623842079393021,0,0,1,UNSTABLE,2.9810633897794949e-16,8.8921807814759254e-17,1
B3_D2_Original,B3,2,Original,full-grid,1927,28,50,108,1.0048309272493785,1.0027462524816868,-0.064692700444322529,0,0,1,UNSTABLE,3.989040692409532e-16,8.8921807829948943e-17,1
B3_D2_Original,B3,2,Original,full-grid,1928,28,51,109,1.0046533245275515,1.0025628209780315,-0.064777252773127861,0,0,1,UNSTABLE,3.1419542323611135e-16,8.8921807814759266e-17,1
B3_D2_Original,B3,2,Original,full-grid,1929,28,52,110,1.0044817353762343,1.0023843699167654,-0.064877820948460632,0,0,1,UNSTABLE,3.094270682682082e-16,8.8921807814757504e-17,1
B3_D2_Original,B3,2,Original,full-grid,1930,28,53,111,1.0043179020832698,1.0022126290520585,-0.064994573723514193,0,0,1,UNSTABLE,2.3034973708607619e-16,8.8921807814759291e-17,1
B3_D2_Original,B3,2,Original,full-grid,1931,28,54,112,1.0041637460167054,1.0020495209964118,-0.06512746183572625,0,0,1,UNSTABLE,2.8958120076354724e-16,8.8921807829948968e-17,1
B3_D2_Original,B3,2,Original,full-grid,1932,28,55,113,1.0040213412412038,1.0018971399012786,-0.065276142084406505,0,0,1,UNSTABLE,3.1414406594145621e-16,8.8921807814759266e-17,1
B3_D2_Original,B3,2,Original,full-grid,1933,28,56,114,1.0038928596700594,1.0017577020922623,-0.065439896052480476,0,0,1,UNSTABLE,2.6414409186684278e-16,8.8921807814757504e-17,1
B3_D2_Original,B3,2,Original,full-grid,1934,28,57,115,1.0037804814621363,1.0016334616662261,-0.065617554319640128,0,0,1,UNSTABLE,2.867616233877215e-16,8.8921807814759266e-17,1
B3_D2_Original,B3,2,Original,full-grid,1935,28,58,116,1.0036862692530095,1.001526588565623,-0.065807442460029689,0,0,1,UNSTABLE,3.2847429257491147e-16,8.8921807829948943e-17,1
B3_D2_Original,B3,2,Original,full-grid,1936,28,59,117,1.0036120136373017,1.0014390152273571,-0.066007368509739359,0,0,1,UNSTABLE,3.7150008264961458e-16,8.8921807814759266e-17,1
B3_D2_Original,B3,2,Original,full-grid,1937,28,60,118,1.00355906878978,1.001372269470197,-0.066214669721425048,0,0,1,UNSTABLE,4.7010790122129103e-16,8.8921807814757504e-17,1
B3_D2_Original,B3,2,Original,full-grid,1938,28,61,119,1.0035282072443126,1.0013273220253582,-0.066426326862985483,0,0,1,UNSTABLE,4.2139349822928183e-16,8.8921807814759254e-17,1
B3_D2_Original,B3,2,Original,full-grid,1939,28,62,120,1.0035195259526515,1.0013044812997829,-0.06663913787863146,0,0,1,UNSTABLE,3.7308530359911479e-16,8.892180782994898e-17,1
B3_D2_Original,B3,2,Original,full-grid,1940,28,63,121,1.0035324276894011,1.0013033611096318,-0.066849924867103394,0,0,1,UNSTABLE,3.0227332168592993e-16,8.8921807814759266e-17,1
B3_D2_Original,B3,2,Original,full-grid,1941,28,64,122,1.0035656838282812,1.0013229298638047,-0.067055737164628787,0,0,1,UNSTABLE,3.6628567893069793e-16,8.8921807814757504e-17,1
B3_D2_Original,B3,2,Original,full-grid,1942,28,65,123,1.0036175636110307,1.0013616287351215,-0.067254014642148252,0,0,1,UNSTABLE,4.6481021312093423e-16,8.8921807814759254e-17,1
B3_D2_Original,B3,2,Original,full-grid,1943,28,66,124,1.0036860003009243,1.0014175307925388,-0.067442688420920952,0,0,1,UNSTABLE,3.4106013866380333e-16,8.8921807829948943e-17,1
B3_D2_Original,B3,2,Original,full-grid,1944,29,0,59,1.0071945252333219,1.0048367301892864,-0.068876391619187835,0,0,1,UNSTABLE,5.0587194566873457e-16,9.6280366670588406e-17,1
B3_D2_Original,B3,2,Original,full-grid,1945,29,1,60,1.0073416744028099,1.0049877037437507,-0.068825607970577837,0,0,1,UNSTABLE,2.6709461012769161e-16,8.8921807829948943e-17,1
B3_D2_Original,B3,2,Original,full-grid,1946,29,2,61,1.0074850919527805,1.0051355154259527,-0.068766315420465338,0,0,1,UNSTABLE,3.8614252076396824e-16,8.8921807814759266e-17,1
B3_D2_Original,B3,2,Original,full-grid,1947,29,3,62,1.0076243308645789,1.0052797089095973,-0.068698609919892184,0,0,1,UNSTABLE,3.7343090259007388e-16,8.8921807814757504e-17,1
B3_D2_Original,B3,2,Original,full-grid,1948,29,4,63,1.0077589313982442,1.0054198132856027,-0.06862261191236127,0,0,1,UNSTABLE,4.217385103325985e-16,8.8921807814759279e-17,1
B3_D2_Original,B3,2,Original,full-grid,1949,29,5,64,1.0078884230167977,1.0055553447093142,-0.068538470786991892,0,0,1,UNSTABLE,3.1524441663314295e-16,8.8921807829948968e-17,1
B3_D2_Original,B3,2,Original,full-grid,1950,29,6,65,1.0080123271944439,1.0056858089507421,-0.068446369158998419,0,0,1,UNSTABLE,2.527816810021704e-16,8.8921807814759254e-17,1
B3_D2_Original,B3,2,Original,full-grid,1951,29,7,66,1.0081301610804994,1.0058107048319327,-0.068346526800449975,0,0,1,UNSTABLE,2.8750324780631666e-16,8.8921807814757491e-17,1
B3_D2_Original,B3,2,Original,full-grid,1952,29,8,67,1.0082414419532433,1.005929528497816,-0.068239204040764376,0,0,1,UNSTABLE,4.1569432864413735e-16,8.8921807814759266e-17,1
B3_D2_Original,B3,2,Original,full-grid,1953,29,9,68,1.0083456923575072,1.0060417784256344,-0.06812470446267839,0,0,1,UNSTABLE,2.9431165953086451e-16,8.8921807829948968e-17,1
B3_D2_Original,B3,2,Original,full-grid,1954,29,10,69,1.0084424457802796,1.0061469610368969,-0.068003376736227403,0,0,1,UNSTABLE,2.6177141493230346e-16,8.8921807814759266e-17,1
B3_D2_Original,B3,2,Original,full-grid,1955,29,11,70,1.0085312526829413,1.0062445967376883,-0.06787561546262319,0,0,1,UNSTABLE,5.0158568731303949e-16,8.8921807814757504e-17,1
B3_D2_Original,B3,2,Original,full-grid,1956,29,12,71,1.0086116866804333,1.0063342261818176,-0.067741860938353105,0,0,1,UNSTABLE,3.95873369023988e-16,8.8921807814759266e-17,1
B3_D2_Original,B3,2,Original,full-grid,1957,29,13,72,1.0086833506403932,1.0064154165303425,-0.067602597799104547,0,0,1,UNSTABLE,2.7295648497248803e-16,8.892180782994898e-17,1
B3_D2_Original,B3,2,Original,full-grid,1958,29,14,73,1.008745882471197,1.0064877674731281,-0.067458352555875248,0,0,1,UNSTABLE,2.1671091887693978e-16,8.8921807814759266e-17,1
B3_D2_Original,B3,2,Original,full-grid,1959,29,15,74,1.0087989603782193,1.0065509167845932,-0.067309690091924695,0,0,1,UNSTABLE,2.9269710103730371e-16,8.8921807814757504e-17,1
B3_D2_Original,B3,2,Original,full-grid,1960,29,16,75,1.0088423073924275,1.0066045452072379,-0.067157209240756924,0,0,1,UNSTABLE,3.1604951119451248e-16,8.8921807814759254e-17,1
B3_D2_Original,B3,2,Original,full-grid,1961,29,17,76,1.0088756950128346,1.0066483804911135,-0.067001537611076134,0,0,1,UNSTABLE,3.1204951111002112e-16,8.8921807829948943e-17,1
B3_D2_Original,B3,2,Original,full-grid,1962,29,18,77,1.008898945851225,1.0066822004624796,-0.066843325857806779,0,0,1,UNSTABLE,3.1974858818258086e-16,8.8921807814759266e-17,1
B3_D2_Original,B3,2,Original,full-grid,1963,29,19,78,1.0089119352203377,1.00670583504672,-0.066683241619864803,0,0,1,UNSTABLE,4.9583370305428122e-16,8.8921807814757504e-17,1
B3_D2_Original,B3,2,Original,full-grid,1964,29,20,79,1.0089145916601041,1.0067191672242441,-0.066521963350451907,0,0,1,UNSTABLE,5.6077199085392071e-16,8.8921807814759279e-17,1
B3_D2_Original,B3,2,Original,full-grid,1965,29,21,80,1.008906896447614,1.0067221329502645,-0.066360174258561944,0,0,1,UNSTABLE,4.0368917558958696e-16,8.8921807829948968e-17,1
B3_D2_Original,B3,2,Original,full-grid,1966,29,22,81,1.0088888821803983,1.0067147201151911,-0.066198556559837404,0,0,1,UNSTABLE,3.3743707683484131e-16,8.8921807814759266e-17,1
B3_D2_Original,B3,2,Original,full-grid,1967,29,23,82,1.0088606305577448,1.0066969666599825,-0.066037786205779686,0,0,1,UNSTABLE,4.1801373802027012e-16,8.8921807814757504e-17,1
B3_D2_Original,B3,2,Original,full-grid,1968,29,24,83,1.0088222695090152,1.0066689579878327,-0.065878528224385821,0,0,1,UNSTABLE,3.6121799381758018e-16,8.8921807814759266e-17,1
B3_D2_Original,B3,2,Original,full-grid,1969,29,25,84,1.0087739698318778,1.0066308238303603,-0.065721432767221671,0,0,1,UNSTABLE,2.8829461804054125e-16,8.8921807829948943e-17,1
B3_D2_Original,B3,2,Original,full-grid,1970,29,26,85,1.0087159415067768,1.0065827347325618,-0.065567131920042807,0,0,1,UNSTABLE,4.0738403984603672e-16,8.8921807814759266e-17,1
B3_D2_Original,B3,2,Original,full-grid,1971,29,27,86,1.0086484298496396,1.006524898318891,-0.065416237298466906,0,0,1,UNSTABLE,4.0415986740876584e-16,8.8921807814757504e-17,1
B3_D2_Original,B3,2,Original,full-grid,1972,29,28,87,1.0085717116533819,1.0064575554933248,-0.065269338420374121,0,0,1,UNSTABLE,3.5040311070179661e-16,8.8921807814759266e-17,1
B3_D2_Original,B3,2,Original,full-grid,1973,29,29,88,1.0084860914536482,1.0063809767127017,-0.06512700182140127,0,0,1,UNSTABLE,2.663804188529087e-16,8.892180782994898e-17,1
B3_D2_Original,B3,2,Original,full-grid,1974,29,30,89,1.0083918980365905,1.0062954584560471,-0.064989770861050261,0,0,1,UNSTABLE,3.4635765423234279e-16,8.8921807814759266e-17,1
B3_D2_Original,B3,2,Original,full-grid,1975,29,31,90,1.0082894812885475,1.0062013199952786,-0.064858166154210042,0,0,1,UNSTABLE,2.9390762623890981e-16,8.8921807814757504e-17,1
B3_D2_Original,B3,2,Original,full-grid,1976,29,32,91,1.0081792094709388,1.0060989005564771,-0.064732686553975863,0,0,1,UNSTABLE,3.6427568246593138e-16,8.8921807814759254e-17,1
B3_D2_Original,B3,2,Original,full-grid,1977,29,33,92,1.0080614669890056,1.0059885569462113,-0.064613810608149219,0,0,1,UNSTABLE,4.2558403059104735e-16,8.8921807829948943e-17,1
B3_D2_Original,B3,2,Original,full-grid,1978,29,34,93,1.0079366527119971,1.0058706617062616,-0.064501998409913983,0,0,1,UNSTABLE,3.4354600164310434e-16,8.8921807814759266e-17,1
B3_D2_Original,B3,2,Original,full-grid,1979,29,35,94,1.0078051788942057,1.0057456018516135,-0.064397693763965203,0,0,1,UNSTABLE,3.4371327823064018e-16,8.8921807814757504e-17,1
B3_D2_Original,B3,2,Original,full-grid,1980,29,36,95,1.0076674707423068,1.0056137782424663,-0.064301326589031829,0,0,1,UNSTABLE,3.2369507821204707e-16,8.8921807814759279e-17,1
B3_D2_Original,B3,2,Original,full-grid,1981,29,37,96,1.0075239666738454,1.0054756056402159,-0.064213315477715707,0,0,1,UNSTABLE,4.9255548771767974e-16,8.8921807829948968e-17,1
B3_D2_Original,B3,2,Original,full-grid,1982,29,38,97,1.0073751193142544,1.0053315134999981,-0.064134070330921319,0,0,1,UNSTABLE,4.4951429500802892e-16,8.8921807814759266e-17,1
B3_D2_Original,B3,2,Original,full-grid,1983,29,39,98,1.0072213972855706,1.0051819475584838,-0.064063994977136218,0,0,1,UNSTABLE,3.044450902504303e-16,8.8921807814757504e-17,1
B3_D2_Original,B3,2,Original,full-grid,1984,29,40,99,1.0070632878471786,1.0050273722835485,-0.064003489673571917,0,0,1,UNSTABLE,3.738769727338499e-16,8.8921807814759266e-17,1
B3_D2_Original,B3,2,Original,full-grid,1985,29,41,100,1.0069013004574199,1.0048682742621773,-0.063952953365714715,0,0,1,UNSTABLE,3.8143635037567544e-16,8.8921807829948943e-17,1
B3_D2_Original,B3,2,Original,full-grid,1986,29,42,101,1.006735971331689,1.0047051666117175,-0.063912785550939447,0,0,1,UNSTABLE,2.7807305880553684e-16,8.8921807814759266e-17,1
B3_D2_Original,B3,2,Original,full-grid,1987,29,43,102,1.0065678690760103,1.0045385945057177,-0.06388338754869835,0,0,1,UNSTABLE,2.150136468778596e-16,8.8921807814757504e-17,1
B3_D2_Original,B3,2,Original,full-grid,1988,29,44,103,1.0063976014695657,1.0043691419038772,-0.06386516292129886,0,0,1,UNSTABLE,4.5936378207216143e-16,8.8921807814759266e-17,1
B3_D2_Original,B3,2,Original,full-grid,1989,29,45,104,1.0062258234499009,1.0041974395609703,-0.063858516711730456,0,0,1,UNSTABLE,2.3333923011083062e-16,8.892180782994898e-17,1
B3_D2_Original,B3,2,Original,full-grid,1990,29,46,105,1.0060532463105032,1.0040241743519887,-0.063863853068145307,0,0,1,UNSTABLE,3.7279052241828899e-16,8.8921807814759266e-17,1
B3_D2_Original,B3,2,Original,full-grid,1991,29,47,106,1.0058806480388001,1.0038500998769981,-0.063881570706246504,0,0,1,UNSTABLE,3.5234241353048548e-16,8.8921807814757504e-17,1
B3_D2_Original,B3,2,Original,full-grid,1992,29,48,107,1.0057088845860311,1.0036760481817149,-0.063912055526441774,0,0,1,UNSTABLE,2.6229289440554247e-16,8.8921807814759254e-17,1
B3_D2_Original,B3,2,Original,full-grid,1993,29,49,108,1.0055389016455931,1.0035029422245341,-0.063955669563606293,0,0,1,UNSTABLE,3.9499708007097706e-16,8.8921807829948943e-17,1
B3_D2_Original,B3,2,Original,full-grid,1994,29,50,109,1.0053717461971734,1.0033318084098797,-0.064012735330666065,0,0,1,UNSTABLE,4.8271767173131284e-16,8.8921807814759266e-17,1
B3_D2_Original,B3,2,Original,full-grid,1995,29,51,110,1.0052085766272432,1.0031637880652959,-0.064083514568523223,0,0,1,UNSTABLE,2.4436038357901245e-16,8.8921807814757504e-17,1
B3_D2_Original,B3,2,Original,full-grid,1996,29,52,111,1.0050506696504862,1.0030001461487981,-0.064168180513245465,0,0,1,UNSTABLE,3.4140003523989278e-16,8.8921807814759279e-17,1
B3_D2_Original,B3,2,Original,full-grid,1997,29,53,112,1.0048994215579166,1.0028422747528019,-0.064266783146983558,0,0,1,UNSTABLE,4.0579949108599641e-16,8.8921807829948968e-17,1
B3_D2_Original,B3,2,Original,full-grid,1998,29,54,113,1.0047563405956508,1.0026916882017034,-0.064379207655744036,0,0,1,UNSTABLE,3.2130188513266907e-16,8.8921807814759266e-17,1
B3_D2_Original,B3,2,Original,full-grid,1999,29,55,114,1.0046230267361456,1.0025500059149595,-0.064505127613308774,0,0,1,UNSTABLE,3.5291819167114203e-16,8.8921807814757504e-17,1
B3_D2_Original,B3,2,Original,full-grid,2000,29,56,115,1.0045011350766027,1.0024189190564132,-0.064643956314222414,0,0,1,UNSTABLE,4.3684032401991532e-16,8.8921807814759266e-17,1
B3_D2_Original,B3,2,Original,full-grid,2001,29,57,116,1.0043923200445726,1.0023001377783896,-0.064794802059581075,0,0,1,UNSTABLE,3.9680086518626391e-16,8.8921807829948943e-17,1
B3_D2_Original,B3,2,Original,full-grid,2002,29,58,117,1.004298159957673,1.0021953180747463,-0.06495643558128894,0,0,1,UNSTABLE,3.3374343458408689e-16,8.8921807814759266e-17,1
B3_D2_Original,B3,2,Original,full-grid,2003,29,59,118,1.004220065442732,1.0021059711086631,-0.065127279278102801,0,0,1,UNSTABLE,3.7567826965313361e-16,8.8921807814757504e-17,1
B3_D2_Original,B3,2,Original,full-grid,2004,29,60,119,1.0041591802932204,1.0020333629805842,-0.065305427346989381,0,0,1,UNSTABLE,3.0075410229856881e-16,8.8921807814759266e-17,1
B3_D2_Original,B3,2,Original,full-grid,2005,29,61,120,1.0041162881586867,1.0019784179418689,-0.065488702264501153,0,0,1,UNSTABLE,3.3878960851159741e-16,8.892180782994898e-17,1
B3_D2_Original,B3,2,Original,full-grid,2006,29,62,121,1.0040917409620522,1.0019416409913464,-0.065674746408134699,0,0,1,UNSTABLE,3.8369623056902075e-16,8.8921807814759266e-17,1
B3_D2_Original,B3,2,Original,full-grid,2007,29,63,122,1.0040854232791487,1.0019230746679075,-0.065861139450160797,0,0,1,UNSTABLE,3.10923246431689e-16,8.8921807814757504e-17,1
B3_D2_Original,B3,2,Original,full-grid,2008,29,64,123,1.0040967606626734,1.0019222990623022,-0.066045525321437704,0,0,1,UNSTABLE,3.8208105085578362e-16,8.8921807814759254e-17,1
B3_D2_Original,B3,2,Original,full-grid,2009,29,65,124,1.0041247707445071,1.0019384751219222,-0.066225729841701442,0,0,1,UNSTABLE,4.002366537768536e-16,8.8921807829948943e-17,1
B3_D2_Original,B3,2,Original,full-grid,2010,29,66,125,1.0041681471291426,1.0019704223504489,-0.066399852738081244,0,0,1,UNSTABLE,2.4262608511150201e-16,8.8921807814759266e-17,1
B3_D2_Original,B3,2,Original,full-grid,2011,30,0,60,1.0073658424254994,1.0050708943709517,-0.067959088972788378,0,0,1,UNSTABLE,2.6546840591992437e-16,9.6280366670626789e-17,1
B3_D2_Original,B3,2,Original,full-grid,2012,30,1,61,1.0075065600085202,1.0052148997480161,-0.067915195536696935,0,0,1,UNSTABLE,3.9417114969378973e-16,8.8921807814759266e-17,1
B3_D2_Original,B3,2,Original,full-grid,2013,30,2,62,1.007644082004683,1.0053562447755067,-0.067863223397890068,0,0,1,UNSTABLE,4.793955897161546e-16,8.8921807814757504e-17,1
B3_D2_Original,B3,2,Original,full-grid,2014,30,3,63,1.0077779801714344,1.0054944945132185,-0.067803236073387327,0,0,1,UNSTABLE,5.0178720567689544e-16,8.8921807814759279e-17,1
B3_D2_Original,B3,2,Original,full-grid,2015,30,4,64,1.0079078122966756,1.005629198276313,-0.067735320644480554,0,0,1,UNSTABLE,4.792867698052784e-16,8.8921807829948968e-17,1
B3_D2_Original,B3,2,Original,full-grid,2016,30,5,65,1.0080331239667328,1.005759891136405,-0.06765959204294196,0,0,1,UNSTABLE,3.2997414258844916e-16,8.8921807814759266e-17,1
B3_D2_Original,B3,2,Original,full-grid,2017,30,6,66,1.0081534511638521,1.0058860962670462,-0.067576197216390757,0,0,1,UNSTABLE,2.4048693459291434e-16,8.8921807814757504e-17,1
B3_D2_Original,B3,2,Original,full-grid,2018,30,7,67,1.0082683236804544,1.0060073281322097,-0.067485319008552119,0,0,1,UNSTABLE,2.0338070072708815e-16,8.8921807814759266e-17,1
B3_D2_Original,B3,2,Original,full-grid,2019,30,8,68,1.008377269302243,1.0061230964813372,-0.067387179583763002,0,0,1,UNSTABLE,2.5269561355597118e-16,8.8921807829948943e-17,1
B3_D2_Original,B3,2,Original,full-grid,2020,30,9,69,1.0084798186740349,1.0062329110758021,-0.067282043226488522,0,0,1,UNSTABLE,3.3005728545770906e-16,8.8921807814759279e-17,1
B3_D2_Original,B3,2,Original,full-grid,2021,30,10,70,1.0085755107233683,1.0063362870315311,-0.067170218359738451,0,0,1,UNSTABLE,3.950488634593678e-16,8.8921807814757504e-17,1
B3_D2_Original,B3,2,Original,full-grid,2022,30,11,71,1.0086638984809411,1.0064327506245592,-0.067052058648890731,0,0,1,UNSTABLE,4.0474924739756203e-16,8.8921807814759266e-17,1
B3_D2_Original,B3,2,Original,full-grid,2023,30,12,72,1.0087445551068486,1.0065218453734932,-0.066927963092054288,0,0,1,UNSTABLE,2.5411250137200369e-16,8.892180782994898e-17,1
B3_D2_Original,B3,2,Original,full-grid,2024,30,13,73,1.0088170799108032,1.0066031381888507,-0.066798375040995062,0,0,1,UNSTABLE,2.8397283333643389e-16,8.8921807814759266e-17,1
B3_D2_Original,B3,2,Original,full-grid,2025,30,14,74,1.0088811041461128,1.0066762253672548,-0.06666378014646232,0,0,1,UNSTABLE,4.4473252230623433e-16,8.8921807814757504e-17,1
B3_D2_Original,B3,2,Original,full-grid,2026,30,15,75,1.0089362963616677,1.0067407382092779,-0.066524703275078798,0,0,1,UNSTABLE,2.4336648388172734e-16,8.8921807814759266e-17,1
B3_D2_Original,B3,2,Original,full-grid,2027,30,16,76,1.008982367115383,1.0067963480555946,-0.066381704495135793,0,0,1,UNSTABLE,3.2859858770620101e-16,8.8921807829948943e-17,1
B3_D2_Original,B3,2,Original,full-grid,2028,30,17,77,1.0090190728839594,1.0068427705645915,-0.066235374275550249,0,0,1,UNSTABLE,2.8967764344304464e-16,8.8921807814759266e-17,1
B3_D2_Original,B3,2,Original,full-grid,2029,30,18,78,1.0090462190456975,1.006879769094418,-0.066086328077669343,0,0,1,UNSTABLE,3.8896812785308278e-16,8.8921807814757504e-17,1
B3_D2_Original,B3,2,Original,full-grid,2030,30,19,79,1.0090636618614623,1.0069071570996022,-0.06593520054462991,0,0,1,UNSTABLE,3.2461484839934174e-16,8.8921807814759279e-17,1
B3_D2_Original,B3,2,Original,full-grid,2031,30,20,80,1.009071309430517,1.0069247995038229,-0.065782639503171897,0,0,1,UNSTABLE,5.750162057677232e-16,8.8921807829948968e-17,1
B3_D2_Original,B3,2,Original,full-grid,2032,30,21,81,1.0090691216472301,1.0069326130604332,-0.065629299990171239,0,0,1,UNSTABLE,3.873786072282815e-16,8.8921807814759266e-17,1
B3_D2_Original,B3,2,Original,full-grid,2033,30,22,82,1.0090571092295777,1.0069305657588201,-0.065475838500735642,0,0,1,UNSTABLE,4.2076238028295664e-16,8.8921807814757504e-17,1
B3_D2_Original,B3,2,Original,full-grid,2034,30,23,83,1.0090353319268053,1.0069186753732333,-0.065322907630103608,0,0,1,UNSTABLE,4.1603924344576996e-16,8.8921807814759266e-17,1
B3_D2_Original,B3,2,Original,full-grid,2035,30,24,84,1.009003896040974,1.0068970072806978,-0.065171151248376857,0,0,1,UNSTABLE,3.1594511106437139e-16,8.8921807829948943e-17,1
B3_D2_Original,B3,2,Original,full-grid,2036,30,25,85,1.008962951413388,1.0068656716934836,-0.065021200312241428,0,0,1,UNSTABLE,3.1269406506114364e-16,8.8921807814759279e-17,1
B3_D2_Original,B3,2,Original,full-grid,2037,30,26,86,1.008912688034451,1.0068248204618442,-0.064873669380396667,0,0,1,UNSTABLE,5.381932359744488e-16,8.8921807814757504e-17,1
B3_D2_Original,B3,2,Original,full-grid,2038,30,27,87,1.0088533324332165,1.0067746436028069,-0.064729153864757277,0,0,1,UNSTABLE,3.4413288197732384e-16,8.8921807814759266e-17,1
B3_D2_Original,B3,2,Original,full-grid,2039,30,28,88,1.0087851439948521,1.0067153657048173,-0.064588228018194582,0,0,1,UNSTABLE,3.8317564003065345e-16,8.892180782994898e-17,1
B3_D2_Original,B3,2,Original,full-grid,2040,30,29,89,1.0087084113404059,1.0066472423458057,-0.064451443633715078,0,0,1,UNSTABLE,4.3147960151058707e-16,8.8921807814759266e-17,1
B3_D2_Original,B3,2,Original,full-grid,2041,30,30,90,1.008623448886804,1.0065705566469978,-0.064319329409318796,0,0,1,UNSTABLE,5.6844062220447378e-16,8.8921807814757504e-17,1
B3_D2_Original,B3,2,Original,full-grid,2042,30,31,91,1.0085305936880402,1.0064856160686526,-0.064192390917113415,0,0,1,UNSTABLE,1.895953176898034e-16,8.8921807814759266e-17,1
B3_D2_Original,B3,2,Original,full-grid,2043,30,32,92,1.0084302026404686,1.0063927495362506,-0.06407111110603618,0,0,1,UNSTABLE,5.5312512204258252e-16,8.8921807829948943e-17,1
B3_D2_Original,B3,2,Original,full-grid,2044,30,33,93,1.0083226501204219,1.0062923049711823,-0.063955951260659047,0,0,1,UNSTABLE,2.3310927323590693e-16,8.8921807814759266e-17,1
B3_D2_Original,B3,2,Original,full-grid,2045,30,34,94,1.0082083261084815,1.0061846472860534,-0.063847352335916166,0,0,1,UNSTABLE,2.1269860160194612e-16,8.8921807814757504e-17,1
B3_D2_Original,B3,2,Original,full-grid,2046,30,35,95,1.008087634844465,1.0060701568942978,-0.063745736586773835,0,0,1,UNSTABLE,3.5184977848135788e-16,8.8921807814759279e-17,1
B3_D2_Original,B3,2,Original,full-grid,2047,30,36,96,1.0079609940498153,1.0059492287762719,-0.063651509411130694,0,0,1,UNSTABLE,2.319592416984208e-16,8.8921807829948968e-17,1
B3_D2_Original,B3,2,Original,full-grid,2048,30,37,97,1.0078288347488877,1.0058222721386536,-0.063565061324105013,0,0,1,UNSTABLE,4.0397265103035327e-16,8.8921807814759266e-17,1
B3_D2_Original,B3,2,Original,full-grid,2049,30,38,98,1.0076916017189337,1.0056897107022831,-0.063486769979485463,0,0,1,UNSTABLE,3.1651165487985721e-16,8.8921807814757504e-17,1
B3_D2_Original,B3,2,Original,full-grid,2050,30,39,99,1.0075497545976839,1.0055519836528997,-0.063417002149042528,0,0,1,UNSTABLE,2.8095745349999425e-16,8.8921807814759266e-17,1
B3_D2_Original,B3,2,Original,full-grid,2051,30,40,100,1.0074037696786169,1.0054095472908489,-0.063356115561942553,0,0,1,UNSTABLE,3.0664003462249725e-16,8.8921807829948943e-17,1
B3_D2_Original,B3,2,Original,full-grid,2052,30,41,101,1.007254142424034,1.0052628774167138,-0.063304460492489598,0,0,1,UNSTABLE,4.8350919599891611e-16,8.8921807814759279e-17,1
B3_D2_Original,B3,2,Original,full-grid,2053,30,42,102,1.0071013907253965,1.0051124724904075,-0.063262380964108272,0,0,1,UNSTABLE,3.6064756332029859e-16,8.8921807814757504e-17,1
B3_D2_Original,B3,2,Original,full-grid,2054,30,43,103,1.0069460589349011,1.0049588575975461,-0.063230215409758359,0,0,1,UNSTABLE,4.2494131841965174e-16,8.8921807814759266e-17,1
B3_D2_Original,B3,2,Original,full-grid,2055,30,44,104,1.0067887226800001,1.0048025892470169,-0.063208296592432725,0,0,1,UNSTABLE,2.3526219970633696e-16,8.892180782994898e-17,1
B3_D2_Original,B3,2,Original,full-grid,2056,30,45,105,1.0066299944491035,1.0046442610031678,-0.063196950543526476,0,0,1,UNSTABLE,2.5180715137515161e-16,8.8921807814759266e-17,1
B3_D2_Original,B3,2,Original,full-grid,2057,30,46,106,1.0064705298962113,1.0044845099192408,-0.063196494221304148,0,0,1,UNSTABLE,3.9577256995525216e-16,8.8921807814757504e-17,1
B3_D2_Original,B3,2,Original,full-grid,2058,30,47,107,1.0063110347464899,1.0043240236770496,-0.063207231530040209,0,0,1,UNSTABLE,4.6053791943968232e-16,8.8921807814759266e-17,1
B3_D2_Original,B3,2,Original,full-grid,2059,30,48,108,1.0061522720870282,1.0041635482446236,-0.063229447274642248,0,0,1,UNSTABLE,4.12614178307536e-16,8.8921807829948943e-17,1
B3_D2_Original,B3,2,Original,full-grid,2060,30,49,109,1.0059950696836244,1.0040038957241402,-0.063263398569077034,0,0,1,UNSTABLE,2.7518587915902846e-16,8.8921807814759266e-17,1
B3_D2_Original,B3,2,Original,full-grid,2061,30,50,110,1.0058403267687881,1.003845951869528,-0.063309303182897514,0,0,1,UNSTABLE,2.8879429637223594e-16,8.8921807814757504e-17,1
B3_D2_Original,B3,2,Original,full-grid,2062,30,51,111,1.0056890194891868,1.0036906824955536,-0.063367324329905633,0,0,1,UNSTABLE,3.2117217501558361e-16,8.8921807814759279e-17,1
B3_D2_Original,B3,2,Original,full-grid,2063,30,52,112,1.0055422038881987,1.003539137681468,-0.063437551512266196,0,0,1,UNSTABLE,2.4755042745811925e-16,8.8921807829948968e-17,1
B3_D2_Original,B3,2,Original,full-grid,2064,30,53,113,1.0054010149521027,1.0033924523097553,-0.063519977286942114,0,0,1,UNSTABLE,4.726546400852556e-16,8.8921807814759266e-17,1
B3_D2_Original,B3,2,Original,full-grid,2065,30,54,114,1.0052666599225761,1.003251841126324,-0.063614470276293869,0,0,1,UNSTABLE,4.1720029754932945e-16,8.8921807814757504e-17,1
B3_D2_Original,B3,2,Original,full-grid,2066,30,55,115,1.0051404038719647,1.0031185862573657,-0.06372074545170045,0,0,1,UNSTABLE,2.7557873224374353e-16,8.8921807814759266e-17,1
B3_D2_Original,B3,2,Original,full-grid,2067,30,56,116,1.0050235456021861,1.0029940151201127,-0.063838333687718157,0,0,1,UNSTABLE,3.0557260522308348e-16,8.8921807829948943e-17,1
B3_D2_Original,B3,2,Original,full-grid,2068,30,57,117,1.0049173824512623,1.0028794671121866,-0.063966553740789731,0,0,1,UNSTABLE,3.8691666574888429e-16,8.8921807814759279e-17,1
B3_D2_Original,B3,2,Original,full-grid,2069,30,58,118,1.0048231637476397,1.0027762485442779,-0.064104490944707257,0,0,1,UNSTABLE,3.6449333419055572e-16,8.8921807814757504e-17,1
B3_D2_Original,B3,2,Original,full-grid,2070,30,59,119,1.0047420345093467,1.0026855770846077,-0.064250987669360701,0,0,1,UNSTABLE,3.0600699022300759e-16,8.8921807814759266e-17,1
B3_D2_Original,B3,2,Original,full-grid,2071,30,60,120,1.0046749733742006,1.0026085193730743,-0.064404650491889454,0,0,1,UNSTABLE,3.4986026865900685e-16,8.892180782994898e-17,1
B3_D2_Original,B3,2,Original,full-grid,2072,30,61,121,1.0046227311755886,1.0025459279739133,-0.064563877653250487,0,0,1,UNSTABLE,3.4575270611455909e-16,8.8921807814759266e-17,1
B3_D2_Original,B3,2,Original,full-grid,2073,30,62,122,1.0045857782604899,1.0024983856924639,-0.06472690759829762,0,0,1,UNSTABLE,3.2199088784036678e-16,8.8921807814757504e-17,1
B3_D2_Original,B3,2,Original,full-grid,2074,30,63,123,1.0045642687531786,1.0024661656311373,-0.064891885628431997,0,0,1,UNSTABLE,2.9902742325542294e-16,8.8921807814759266e-17,1
B3_D2_Original,B3,2,Original,full-grid,2075,30,64,124,1.0045580280269537,1.0024492136683596,-0.065056941897767229,0,0,1,UNSTABLE,3.4552434421939852e-16,8.8921807829948943e-17,1
B3_D2_Original,B3,2,Original,full-grid,2076,30,65,125,1.0045665659043037,1.0024471564793742,-0.065220271382312303,0,0,1,UNSTABLE,2.6933970124646833e-16,8.8921807814759266e-17,1
B3_D2_Original,B3,2,Original,full-grid,2077,30,66,126,1.0045891135657621,1.0024593337190733,-0.065380205982818157,0,0,1,UNSTABLE,6.7111898283311864e-16,8.8921807814757504e-17,1
