route_id,contract_id,division,method,mode,point_order,l_samples,j_samples,physical_root_count,rho,dominant_root_real,dominant_root_imag,stable,critical,stability_code,stability_status,maximum_state_eigenpair_residual,transition_reconstruction_relative_error,overall_pass
B1_D2_Guyan,B1,2,Guyan,full-grid,1,0,0,10,0.9954178824641482,0.99516492173212034,-0.022439680998433756,1,0,-1,STABLE,1.1889406241314363e-16,2.2373275059139536e-17,1
B1_D2_Guyan,B1,2,Guyan,full-grid,2,0,1,11,0.99552581223609393,0.99527216081937153,-0.022471509212189607,1,0,-1,STABLE,1.2252294145889185e-16,3.1885779653043099e-17,1
B1_D2_Guyan,B1,2,Guyan,full-grid,3,0,2,12,0.99563482557302574,0.99538053738002996,-0.022500926622522403,1,0,-1,STABLE,1.5989326715487086e-16,3.1885779653043093e-17,1
B1_D2_Guyan,B1,2,Guyan,full-grid,4,0,3,13,0.99574484298934562,0.99548997320773047,-0.022527884559996998,1,0,-1,STABLE,1.2609705209951512e-16,3.1885779653043099e-17,1
B1_D2_Guyan,B1,2,Guyan,full-grid,5,0,4,14,0.99585578240172989,0.99560038740648449,-0.022552337772825122,1,0,-1,STABLE,2.6339802615625119e-16,3.1885779653043093e-17,1
B1_D2_Guyan,B1,2,Guyan,full-grid,6,0,5,15,0.99596755931297376,0.99571169656904479,-0.022574244603891194,1,0,-1,STABLE,3.6682511377855541e-16,3.1885779653043105e-17,1
B1_D2_Guyan,B1,2,Guyan,full-grid,7,0,6,16,0.99608008700841644,0.99582381496818484,-0.022593567157600195,1,0,-1,STABLE,2.1412652794234224e-16,3.1885779653043099e-17,1
B1_D2_Guyan,B1,2,Guyan,full-grid,8,0,7,17,0.99619327676454139,0.99593665476049775,-0.022610271456646847,1,0,-1,STABLE,1.364387743268607e-16,3.1885779653043099e-17,1
B1_D2_Guyan,B1,2,Guyan,full-grid,9,0,8,18,0.9963070380691329,0.99605012620217348,-0.022624327586095384,1,0,-1,STABLE,1.2509558867432335e-16,3.1885779653043093e-17,1
B1_D2_Guyan,B1,2,Guyan,full-grid,10,0,9,19,0.9964212788524287,0.99616413787619051,-0.022635709825314536,1,0,-1,STABLE,1.0700381083924145e-16,3.1885779653043099e-17,1
B1_D2_Guyan,B1,2,Guyan,full-grid,11,0,10,20,0.99653590572854611,0.99627859693026322,-0.022644396765642075,1,0,-1,STABLE,2.3178886125513344e-16,3.1885779653043093e-17,1
B1_D2_Guyan,B1,2,Guyan,full-grid,12,0,11,21,0.99665082424640261,0.9963934093247846,-0.022650371413419843,1,0,-1,STABLE,2.1616281279816633e-16,3.1885779653043099e-17,1
B1_D2_Guyan,B1,2,Guyan,full-grid,13,0,12,22,0.9967659391491871,0.99650848008985693,-0.022653621277056755,1,0,-1,STABLE,1.0010468502889778e-16,3.1885779653043093e-17,1
B1_D2_Guyan,B1,2,Guyan,full-grid,14,0,13,23,0.99688115464143667,0.99662371359049207,-0.022654138437394462,1,0,-1,STABLE,2.3483506959553729e-16,3.1885779653043099e-17,1
B1_D2_Guyan,B1,2,Guyan,full-grid,15,0,14,24,0.99699637466246149,0.9967390137987584,-0.022651919600110197,1,0,-1,STABLE,1.6289618546594645e-16,3.1885779653043093e-17,1
B1_D2_Guyan,B1,2,Guyan,full-grid,16,0,15,25,0.99711150316497277,0.99685428457174108,-0.022646966129566935,1,0,-1,STABLE,6.2615765224966027e-17,3.1885779653043099e-17,1
B1_D2_Guyan,B1,2,Guyan,full-grid,17,0,16,26,0.99722644439737818,0.99696942993381255,-0.022639284063020664,1,0,-1,STABLE,1.9261327134692168e-16,3.1885779653043093e-17,1
B1_D2_Guyan,B1,2,Guyan,full-grid,18,0,17,27,0.99734110318829816,0.99708435436176401,-0.022628884104957826,1,0,-1,STABLE,2.3663732254699217e-16,3.1885779653043099e-17,1
B1_D2_Guyan,B1,2,Guyan,full-grid,19,0,18,28,0.99745538523157462,0.99719896307110145,-0.022615781600224667,1,0,-1,STABLE,1.5117763856407298e-16,3.1885779653043093e-17,1
B1_D2_Guyan,B1,2,Guyan,full-grid,20,0,19,29,0.99756919737006544,0.99731316230177902,-0.022599996486327423,1,0,-1,STABLE,2.6489544492697885e-16,3.1885779653043099e-17,1
B1_D2_Guyan,B1,2,Guyan,full-grid,21,0,20,30,0.99768244787630922,0.99742685960146849,-0.022581553224186576,1,0,-1,STABLE,9.3856839379606578e-17,3.1885779653043093e-17,1
B1_D2_Guyan,B1,2,Guyan,full-grid,22,0,21,31,0.99779504672811203,0.99753996410440382,-0.022560480707198353,1,0,-1,STABLE,2.6544552788563753e-16,3.1885779653043105e-17,1
B1_D2_Guyan,B1,2,Guyan,full-grid,23,0,22,32,0.99790690587715258,0.99765238680386981,-0.022536812149321551,1,0,-1,STABLE,1.5618868722209051e-16,3.1885779653043099e-17,1
B1_D2_Guyan,B1,2,Guyan,full-grid,24,0,23,33,0.9980179395085188,0.99776404081623604,-0.022510584952109079,1,0,-1,STABLE,1.3647279013225903e-16,3.1885779653043099e-17,1
B1_D2_Guyan,B1,2,Guyan,full-grid,25,0,24,34,0.99812806428924994,0.9978748416345774,-0.022481840551253577,1,0,-1,STABLE,1.4721814702432088e-16,3.1885779653043093e-17,1
B1_D2_Guyan,B1,2,Guyan,full-grid,26,0,25,35,0.99823719960394197,0.99798470736989298,-0.022450624244086378,1,0,-1,STABLE,1.1967970271798069e-16,3.1885779653043099e-17,1
B1_D2_Guyan,B1,2,Guyan,full-grid,27,0,26,36,0.99834526777557708,0.99809355897804464,-0.022416984998636137,1,0,-1,STABLE,1.8658383951861234e-16,3.1885779653043093e-17,1
B1_D2_Guyan,B1,2,Guyan,full-grid,28,0,27,37,0.99845219426987386,0.99820132047066545,-0.022380975245641373,1,0,-1,STABLE,1.8765833389514556e-16,3.1885779653043099e-17,1
B1_D2_Guyan,B1,2,Guyan,full-grid,29,0,28,38,0.99855790788158738,0.99830791910839856,-0.022342650655462884,1,0,-1,STABLE,5.3726737972822147e-16,3.1885779653043093e-17,1
B1_D2_Guyan,B1,2,Guyan,full-grid,30,0,29,39,0.99866234090141071,0.99841328557506936,-0.022302069901251772,1,0,-1,STABLE,1.0967145465553473e-16,3.1885779653043099e-17,1
B1_D2_Guyan,B1,2,Guyan,full-grid,31,0,30,40,0.99876542926229839,0.99851735413154052,-0.022259294410441915,1,0,-1,STABLE,2.8275071215143824e-16,3.1885779653043093e-17,1
B1_D2_Guyan,B1,2,Guyan,full-grid,32,0,31,41,0.99886711266432915,0.99862006274829929,-0.022214388106738731,1,0,-1,STABLE,1.1356225464885578e-16,3.1885779653043099e-17,1
B1_D2_Guyan,B1,2,Guyan,full-grid,33,0,32,42,0.99896733467743781,0.99872135321604039,-0.022167417144656868,1,0,-1,STABLE,6.6489606348529275e-17,3.1885779653043093e-17,1
B1_D2_Guyan,B1,2,Guyan,full-grid,34,0,33,43,0.99906604282158007,0.99882117123374603,-0.022118449638686154,1,0,-1,STABLE,8.9504846572529617e-17,3.1885779653043099e-17,1
B1_D2_Guyan,B1,2,Guyan,full-grid,35,0,34,44,0.99916318862428555,0.99891946647413332,-0.022067555389820075,1,0,-1,STABLE,1.2022261568283202e-16,3.1885779653043093e-17,1
B1_D2_Guyan,B1,2,Guyan,full-grid,36,0,35,45,0.99925872765566326,0.99901619262648567,-0.022014805611118429,1,0,-1,STABLE,4.9169280839941552e-16,3.1885779653043099e-17,1
B1_D2_Guyan,B1,2,Guyan,full-grid,37,0,36,46,0.99935261954129762,0.99911130741723353,-0.021960272654949927,1,0,-1,STABLE,2.2866516499534154e-16,3.1885779653043093e-17,1
B1_D2_Guyan,B1,2,Guyan,full-grid,38,0,37,47,0.99944482795363032,0.9992047726088259,-0.021904029743551337,1,0,-1,STABLE,2.1267550391368542e-16,3.1885779653043105e-17,1
B1_D2_Guyan,B1,2,Guyan,full-grid,39,0,38,48,0.99953532058278849,0.9992965539777896,-0.021846150705616248,1,0,-1,STABLE,2.2523453041909758e-16,3.1885779653043099e-17,1
B1_D2_Guyan,B1,2,Guyan,full-grid,40,0,39,49,0.99962406908782753,0.99938662127291122,-0.021786709719928674,1,0,-1,STABLE,3.2180312438401634e-16,3.1885779653043099e-17,1
B1_D2_Guyan,B1,2,Guyan,full-grid,41,0,40,50,0.99971104902968444,0.99947494815478111,-0.021725781068344233,1,0,-1,STABLE,8.0486290983127781e-17,3.1885779653043093e-17,1
B1_D2_Guyan,B1,2,Guyan,full-grid,42,0,41,51,0.99979623978722021,0.999561512118049,-0.021663438899308995,1,0,-1,STABLE,2.2374243492903488e-16,3.1885779653043099e-17,1
B1_D2_Guyan,B1,2,Guyan,full-grid,43,0,42,52,0.9998796244578716,0.99964629439787955,-0.021599757003312386,1,0,-1,STABLE,2.2523848775099869e-16,3.1885779653043093e-17,1
B1_D2_Guyan,B1,2,Guyan,full-grid,44,0,43,53,0.99996118974450565,0.99972927986217885,-0.02153480860134889,1,0,-1,STABLE,1.8958459144722837e-16,3.1885779653043099e-17,1
B1_D2_Guyan,B1,2,Guyan,full-grid,45,0,44,54,1.0000409258300857,0.99981045689118075,-0.021468666147273267,0,0,1,UNSTABLE,3.1922992992238015e-16,3.1885779653043093e-17,1
B1_D2_Guyan,B1,2,Guyan,full-grid,46,0,45,55,1.0001188262419194,0.99988981724615877,-0.021401401144729496,0,0,1,UNSTABLE,2.6717457410213107e-16,3.1885779653043099e-17,1
B1_D2_Guyan,B1,2,Guyan,full-grid,47,0,46,56,1.0001948877070186,0.99996735592878405,-0.021333083978936115,0,0,1,UNSTABLE,1.4098046797920713e-16,3.1885779653043093e-17,1
B1_D2_Guyan,B1,2,Guyan,full-grid,48,0,47,57,1.000269110000414,1.00004307103297,-0.021263783764103067,0,0,1,UNSTABLE,1.2924236494466676e-16,3.1885779653043099e-17,1
B1_D2_Guyan,B1,2,Guyan,full-grid,49,0,48,58,1.0003414957878369,1.0001169635906333,-0.021193568205908418,0,0,1,UNSTABLE,1.3715347948164898e-16,3.1885779653043093e-17,1
B1_D2_Guyan,B1,2,Guyan,full-grid,50,0,49,59,1.0004120504644136,1.0001890374130162,-0.021122503479375179,0,0,1,UNSTABLE,1.1290720587016895e-16,3.1885779653043099e-17,1
B1_D2_Guyan,B1,2,Guyan,full-grid,51,0,50,60,1.000480781990809,1.0002592989290231,-0.021050654121905866,0,0,1,UNSTABLE,1.6928098128190684e-16,3.1885779653043093e-17,1
B1_D2_Guyan,B1,2,Guyan,full-grid,52,0,51,61,1.000547700728164,1.0003277570219378,-0.020978082940877475,0,0,1,UNSTABLE,2.1126300950184024e-16,3.1885779653043099e-17,1
B1_D2_Guyan,B1,2,Guyan,full-grid,53,0,52,62,1.0006128192730779,1.0003944228657899,-0.020904850935613558,0,0,1,UNSTABLE,2.1760616343157492e-16,3.1885779653043093e-17,1
B1_D2_Guyan,B1,2,Guyan,full-grid,54,0,53,63,1.0006761522937746,1.0004593097625309,-0.020831017232805032,0,0,1,UNSTABLE,1.4522398168376118e-16,3.1885779653043105e-17,1
B1_D2_Guyan,B1,2,Guyan,full-grid,55,0,54,64,1.0007377163684823,1.0005224329810769,-0.020756639035052624,0,0,1,UNSTABLE,1.3405742014105104e-16,3.1885779653043099e-17,1
B1_D2_Guyan,B1,2,Guyan,full-grid,56,0,55,65,1.0007975298269589,1.0005838095991701,-0.020681771581621499,0,0,1,UNSTABLE,1.5211311426796299e-16,3.1885779653043099e-17,1
B1_D2_Guyan,B1,2,Guyan,full-grid,57,0,56,66,1.0008556125958712,1.0006434583488013,-0.020606468120642367,0,0,1,UNSTABLE,2.0600680413857642e-16,3.1885779653043093e-17,1
B1_D2_Guyan,B1,2,Guyan,full-grid,58,0,57,67,1.0009119860488207,1.0007013994660054,-0.020530779891969279,0,0,1,UNSTABLE,2.2991786065846855e-16,3.1885779653043099e-17,1
B1_D2_Guyan,B1,2,Guyan,full-grid,59,0,58,68,1.0009666728614695,1.0007576545455119,-0.020454756119939119,0,0,1,UNSTABLE,1.7420117399954033e-16,3.1885779653043093e-17,1
B1_D2_Guyan,B1,2,Guyan,full-grid,60,0,59,69,1.0010196968723402,1.000812246400848,-0.02037844401518079,0,0,1,UNSTABLE,2.0787579130163677e-16,3.1885779653043099e-17,1
B1_D2_Guyan,B1,2,Guyan,full-grid,61,0,60,70,1.0010710829495058,1.000865198930146,-0.020301888784435108,0,0,1,UNSTABLE,2.249644598783075e-16,3.1885779653043093e-17,1
B1_D2_Guyan,B1,2,Guyan,full-grid,62,0,61,71,1.0011208568636267,1.0009165369881168,-0.020225133647967065,0,0,1,UNSTABLE,1.6442418239161823e-16,3.1885779653043099e-17,1
B1_D2_Guyan,B1,2,Guyan,full-grid,63,0,62,72,1.0011690451673618,1.0009662862642572,-0.020148219863498764,0,0,1,UNSTABLE,2.152391985898492e-16,3.1885779653043093e-17,1
B1_D2_Guyan,B1,2,Guyan,full-grid,64,0,63,73,1.0012156750813901,1.0010144731675423,-0.020071186755932266,0,0,1,UNSTABLE,2.2940521042032312e-16,3.1885779653043099e-17,1
B1_D2_Guyan,B1,2,Guyan,full-grid,65,0,64,74,1.0012607743869626,1.0010611247175407,-0.019994071752210379,0,0,1,UNSTABLE,2.5730663067726859e-16,3.1885779653043093e-17,1
B1_D2_Guyan,B1,2,Guyan,full-grid,66,0,65,75,1.0013043713251559,1.0011062684421477,-0.019916910420653588,0,0,1,UNSTABLE,2.0138795340928228e-16,3.1885779653043099e-17,1
B1_D2_Guyan,B1,2,Guyan,full-grid,67,0,66,76,1.0013464945025612,1.001149932281685,-0.019839736514005949,0,0,1,UNSTABLE,2.7999591190665537e-16,3.1885779653043093e-17,1
B1_D2_Guyan,B1,2,Guyan,full-grid,68,1,0,11,0.99543340625041843,0.9951803531229414,-0.022443953248221238,1,0,-1,STABLE,3.0414893792499064e-16,8.8843936914985139e-17,1
B1_D2_Guyan,B1,2,Guyan,full-grid,69,1,1,12,0.99554149072480236,0.99528775543473724,-0.022475400691517169,1,0,-1,STABLE,2.0678611689686746e-16,6.850655455872745e-17,1
B1_D2_Guyan,B1,2,Guyan,full-grid,70,1,2,13,0.99565064121178881,0.99539627792142582,-0.02250442724483219,1,0,-1,STABLE,1.8904582286829327e-16,6.850655455872745e-17,1
B1_D2_Guyan,B1,2,Guyan,full-grid,71,1,3,14,0.99576077749697445,0.99550584162225064,-0.022530985272589968,1,0,-1,STABLE,1.5271631259181652e-16,6.8506554558727437e-17,1
B1_D2_Guyan,B1,2,Guyan,full-grid,72,1,4,15,0.99587181684621573,0.99561636496300521,-0.022555030623675056,1,0,-1,STABLE,1.2834583158313992e-16,6.850655455872745e-17,1
B1_D2_Guyan,B1,2,Guyan,full-grid,73,1,5,16,0.99598367419601996,0.99572776394112839,-0.02257652280144163,1,0,-1,STABLE,2.4918671357256616e-16,6.8506554558727437e-17,1
B1_D2_Guyan,B1,2,Guyan,full-grid,74,1,6,17,0.99609626235588555,0.99583995232308198,-0.022595425123835253,1,0,-1,STABLE,1.1857384984386041e-16,6.8506554558727437e-17,1
B1_D2_Guyan,B1,2,Guyan,full-grid,75,1,7,18,0.99620949222200539,0.99595284185348354,-0.022611704871503262,1,0,-1,STABLE,1.5966401551327159e-16,6.850655455872745e-17,1
B1_D2_Guyan,B1,2,Guyan,full-grid,76,1,8,19,0.99632327300173606,0.99606634247542036,-0.022625333423631367,1,0,-1,STABLE,1.3633336051935156e-16,6.8506554558727437e-17,1
B1_D2_Guyan,B1,2,Guyan,full-grid,77,1,9,20,0.99643751244810241,0.99618036256124853,-0.022636286380536271,1,0,-1,STABLE,2.2295831369456703e-16,6.850655455872745e-17,1
B1_D2_Guyan,B1,2,Guyan,full-grid,78,1,10,21,0.99655211710362879,0.99629480915320479,-0.022644543671801708,1,0,-1,STABLE,1.3725835723124829e-16,6.8506554558727437e-17,1
B1_D2_Guyan,B1,2,Guyan,full-grid,79,1,11,22,0.99666699255261682,0.99640958821297354,-0.022650089649502742,1,0,-1,STABLE,1.6770792997013094e-16,6.850655455872745e-17,1
B1_D2_Guyan,B1,2,Guyan,full-grid,80,1,12,23,0.99678204368092516,0.99652460487930505,-0.022652913165121205,1,0,-1,STABLE,1.6159000218184831e-16,6.850655455872745e-17,1
B1_D2_Guyan,B1,2,Guyan,full-grid,81,1,13,24,0.99689717494225449,0.99663976373269736,-0.022653007629919487,1,0,-1,STABLE,2.8312944813239373e-16,6.8506554558727437e-17,1
B1_D2_Guyan,B1,2,Guyan,full-grid,82,1,14,25,0.99701229062974384,0.99675496906598937,-0.022650371057169744,1,0,-1,STABLE,1.1288385062727647e-16,6.8506554558727437e-17,1
B1_D2_Guyan,B1,2,Guyan,full-grid,83,1,15,26,0.997127295151642,0.99687012515962881,-0.022645006086461937,1,0,-1,STABLE,1.5717722442408212e-16,6.8506554558727437e-17,1
B1_D2_Guyan,B1,2,Guyan,full-grid,84,1,16,27,0.99724209330966107,0.99698513656026122,-0.022636919988195333,1,0,-1,STABLE,2.4482369362176369e-16,6.8506554558727437e-17,1
B1_D2_Guyan,B1,2,Guyan,full-grid,85,1,17,28,0.99735659057854398,0.99709990836115614,-0.022626124648983781,1,0,-1,STABLE,1.0578972774004361e-16,6.850655455872745e-17,1
B1_D2_Guyan,B1,2,Guyan,full-grid,86,1,18,29,0.99747069338522532,0.99721434648287777,-0.022612636536433951,1,0,-1,STABLE,7.3826909454230167e-17,6.850655455872745e-17,1
B1_D2_Guyan,B1,2,Guyan,full-grid,87,1,19,30,0.99758430938589537,0.99732835795249963,-0.022596476643595736,1,0,-1,STABLE,1.595509991450476e-16,6.8506554558727437e-17,1
B1_D2_Guyan,B1,2,Guyan,full-grid,88,1,20,31,0.99769734773923213,0.99744185117962092,-0.022577670412809205,1,0,-1,STABLE,8.9027409359491623e-17,6.850655455872745e-17,1
B1_D2_Guyan,B1,2,Guyan,full-grid,89,1,21,32,0.9978097193739085,0.99755473622729018,-0.022556247638731253,1,0,-1,STABLE,2.0148411154675968e-16,6.8506554558727437e-17,1
B1_D2_Guyan,B1,2,Guyan,full-grid,90,1,22,33,0.99792133724859433,0.99766692507602173,-0.022532242351321719,1,0,-1,STABLE,2.1098750507289495e-16,6.8506554558727437e-17,1
B1_D2_Guyan,B1,2,Guyan,full-grid,91,1,23,34,0.99803211660247582,0.99777833187891873,-0.022505692678524432,1,0,-1,STABLE,2.5325390158475107e-16,6.850655455872745e-17,1
B1_D2_Guyan,B1,2,Guyan,full-grid,92,1,24,35,0.99814197519455972,0.99788887320612552,-0.02247664068996898,1,0,-1,STABLE,3.0012191750110439e-16,6.8506554558727437e-17,1
B1_D2_Guyan,B1,2,Guyan,full-grid,93,1,25,36,0.99825083352986055,0.99799846827667205,-0.022445132222332853,1,0,-1,STABLE,3.2002324683411243e-16,6.850655455872745e-17,1
B1_D2_Guyan,B1,2,Guyan,full-grid,94,1,26,37,0.99835861507085122,0.99810703917605148,-0.022411216687276726,1,0,-1,STABLE,1.3128511768509458e-16,6.8506554558727437e-17,1
B1_D2_Guyan,B1,2,Guyan,full-grid,95,1,27,38,0.9984652464325251,0.99821451105782288,-0.022374946863723679,1,0,-1,STABLE,1.8674937901071864e-16,6.850655455872745e-17,1
B1_D2_Guyan,B1,2,Guyan,full-grid,96,1,28,39,0.99857065755969154,0.99832081232780923,-0.022336378675552767,1,0,-1,STABLE,2.5157087132481523e-16,6.850655455872745e-17,1
B1_D2_Guyan,B1,2,Guyan,full-grid,97,1,29,40,0.99867478188520764,0.99842587480952982,-0.022295570956852515,1,0,-1,STABLE,2.1586189392493015e-16,6.8506554558727437e-17,1
B1_D2_Guyan,B1,2,Guyan,full-grid,98,1,30,41,0.9987775564681215,0.99852963388978588,-0.0222525852062644,1,0,-1,STABLE,1.7015767504917989e-16,6.8506554558727437e-17,1
B1_D2_Guyan,B1,2,Guyan,full-grid,99,1,31,42,0.99887892211090679,0.99863202864350908,-0.022207485332571341,1,0,-1,STABLE,1.5565616820640216e-16,6.8506554558727437e-17,1
B1_D2_Guyan,B1,2,Guyan,full-grid,100,1,32,43,0.99897882345515998,0.99873300193718573,-0.022160337393485319,1,0,-1,STABLE,1.4155307426913897e-16,6.8506554558727437e-17,1
B1_D2_Guyan,B1,2,Guyan,full-grid,101,1,33,44,0.99907720905552422,0.99883250051054073,-0.022111209330028459,1,0,-1,STABLE,1.9351576109784866e-16,6.850655455872745e-17,1
B1_D2_Guyan,B1,2,Guyan,full-grid,102,1,34,45,0.99917403143160188,0.99893047503620258,-0.022060170698033763,1,0,-1,STABLE,2.0015645665839662e-16,6.850655455872745e-17,1
B1_D2_Guyan,B1,2,Guyan,full-grid,103,1,35,46,0.9992692470982113,0.99902688015760754,-0.02200729240009245,1,0,-1,STABLE,1.7262899739122736e-16,6.8506554558727437e-17,1
B1_D2_Guyan,B1,2,Guyan,full-grid,104,1,36,47,0.99936281657424419,0.99912167450537792,-0.021952646418502548,1,0,-1,STABLE,2.1026378917526148e-16,6.850655455872745e-17,1
B1_D2_Guyan,B1,2,Guyan,full-grid,105,1,37,48,0.99945470437084882,0.99921482069281498,-0.021896305552451669,1,0,-1,STABLE,1.663009963793481e-16,6.8506554558727437e-17,1
B1_D2_Guyan,B1,2,Guyan,full-grid,106,1,38,49,0.99954487895978461,0.99930628529130927,-0.021838343160938512,1,0,-1,STABLE,2.1604179324475535e-16,6.8506554558727437e-17,1
B1_D2_Guyan,B1,2,Guyan,full-grid,107,1,39,50,0.99963331272292089,0.99939603878660743,-0.021778832912684044,1,0,-1,STABLE,1.4397291474526884e-16,6.850655455872745e-17,1
B1_D2_Guyan,B1,2,Guyan,full-grid,108,1,40,51,0.99971998188422051,0.99948405551721176,-0.021717848545686889,1,0,-1,STABLE,3.202786264185426e-16,6.8506554558727437e-17,1
B1_D2_Guyan,B1,2,Guyan,full-grid,109,1,41,52,0.99980486642542954,0.9995703135961207,-0.021655463636779254,1,0,-1,STABLE,2.6690102626286043e-16,6.850655455872745e-17,1
B1_D2_Guyan,B1,2,Guyan,full-grid,110,1,42,53,0.99988794998700026,0.99965479481739861,-0.021591751383121471,1,0,-1,STABLE,3.1043190392887796e-16,6.8506554558727437e-17,1
B1_D2_Guyan,B1,2,Guyan,full-grid,111,1,43,54,0.99996921975573061,0.99973748454904032,-0.021526784396233446,1,0,-1,STABLE,2.7355552181110431e-16,6.850655455872745e-17,1
B1_D2_Guyan,B1,2,Guyan,full-grid,112,1,44,55,1.0000486663407964,0.99981837161378551,-0.021460634509809694,0,0,1,UNSTABLE,2.547210154725009e-16,6.850655455872745e-17,1
B1_D2_Guyan,B1,2,Guyan,full-grid,113,1,45,56,1.0001262836396732,0.9998974481593792,-0.021393372601478462,0,0,1,UNSTABLE,4.82485708132532e-16,6.8506554558727437e-17,1
B1_D2_Guyan,B1,2,Guyan,full-grid,114,1,46,57,1.0002020686956528,0.99997470951996958,-0.021325068429335532,0,0,1,UNSTABLE,4.433231116927756e-16,6.8506554558727437e-17,1
B1_D2_Guyan,B1,2,Guyan,full-grid,115,1,47,58,1.0002760215485358,1.0000501540702309,-0.021255790483401728,0,0,1,UNSTABLE,3.234917761301444e-16,6.8506554558727437e-17,1
B1_D2_Guyan,B1,2,Guyan,full-grid,116,1,48,59,1.0003481450799561,1.0001237830736738,-0.021185605851897212,0,0,1,UNSTABLE,5.1900062417879978e-16,6.8506554558727437e-17,1
B1_D2_Guyan,B1,2,Guyan,full-grid,117,1,49,60,1.0004184448549238,1.0001956005267367,-0.021114580102504089,0,0,1,UNSTABLE,1.4664549984463259e-16,6.850655455872745e-17,1
B1_D2_Guyan,B1,2,Guyan,full-grid,118,1,50,61,1.0004869289609153,1.0002656130000034,-0.021042777178189941,0,0,1,UNSTABLE,1.21192731471864e-16,6.850655455872745e-17,1
B1_D2_Guyan,B1,2,Guyan,full-grid,119,1,51,62,1.000553607845853,1.0003338294779056,-0.020970259307441771,0,0,1,UNSTABLE,2.8397623256477403e-16,6.8506554558727437e-17,1
B1_D2_Guyan,B1,2,Guyan,full-grid,120,1,52,63,1.0006184941561724,1.0004002611981255,-0.020897086928285704,0,0,1,UNSTABLE,1.8852032510586488e-16,6.850655455872745e-17,1
B1_D2_Guyan,B1,2,Guyan,full-grid,121,1,53,64,1.0006816025760628,1.0004649214918122,-0.020823318625503476,0,0,1,UNSTABLE,2.0623762348311848e-16,6.8506554558727437e-17,1
B1_D2_Guyan,B1,2,Guyan,full-grid,122,1,54,65,1.000742949668892,1.0005278256256409,-0.020749011080567308,0,0,1,UNSTABLE,3.8396050797003753e-16,6.8506554558727437e-17,1
B1_D2_Guyan,B1,2,Guyan,full-grid,123,1,55,66,1.00080255372169,1.000588990646615,-0.02067421903348745,0,0,1,UNSTABLE,1.6094300118328471e-16,6.850655455872745e-17,1
B1_D2_Guyan,B1,2,Guyan,full-grid,124,1,56,67,1.0008604345934244,1.0006484352303711,-0.020598995255790089,0,0,1,UNSTABLE,2.6308917212526682e-16,6.8506554558727437e-17,1
B1_D2_Guyan,B1,2,Guyan,full-grid,125,1,57,68,1.0009166135677798,1.0007061795337246,-0.020523390533958047,0,0,1,UNSTABLE,2.0470343585315556e-16,6.850655455872745e-17,1
B1_D2_Guyan,B1,2,Guyan,full-grid,126,1,58,69,1.0009711132109473,1.0007622450519835,-0.020447453662428026,0,0,1,UNSTABLE,3.0076486037906901e-16,6.8506554558727437e-17,1
B1_D2_Guyan,B1,2,Guyan,full-grid,127,1,59,70,1.001023957234884,1.0008166544815214,-0.020371231445400227,0,0,1,UNSTABLE,2.0020980148739274e-16,6.850655455872745e-17,1
B1_D2_Guyan,B1,2,Guyan,full-grid,128,1,60,71,1.0010751703664258,1.0008694315880116,-0.020294768706717436,0,0,1,UNSTABLE,2.4084672234136945e-16,6.850655455872745e-17,1
B1_D2_Guyan,B1,2,Guyan,full-grid,129,1,61,72,1.0011247782224493,1.0009206010805451,-0.020218108306864602,0,0,1,UNSTABLE,1.6178363345362478e-16,6.8506554558727437e-17,1
B1_D2_Guyan,B1,2,Guyan,full-grid,130,1,62,73,1.0011728071913688,1.0009701884919411,-0.020141291166499316,0,0,1,UNSTABLE,2.2059419226024068e-16,6.8506554558727437e-17,1
B1_D2_Guyan,B1,2,Guyan,full-grid,131,1,63,74,1.0012192843210221,1.0010182200653202,-0.020064356295629245,0,0,1,UNSTABLE,2.8598768825748042e-16,6.8506554558727437e-17,1
B1_D2_Guyan,B1,2,Guyan,full-grid,132,1,64,75,1.0012642372130189,1.0010647226470406,-0.019987340827940927,0,0,1,UNSTABLE,2.2067685837852236e-16,6.8506554558727437e-17,1
B1_D2_Guyan,B1,2,Guyan,full-grid,133,1,65,76,1.0013076939234717,1.0011097235859328,-0.019910280059261494,0,0,1,UNSTABLE,4.5536614894314011e-16,6.850655455872745e-17,1
B1_D2_Guyan,B1,2,Guyan,full-grid,134,1,66,77,1.0013496828701742,1.0011532506389129,-0.019833207489882064,0,0,1,UNSTABLE,2.3895000260963497e-16,6.850655455872745e-17,1
B1_D2_Guyan,B1,2,Guyan,full-grid,135,2,0,12,0.99544895245404963,0.9951958074034285,-0.022448204126453167,1,0,-1,STABLE,2.9642317961503234e-16,8.8843936914985139e-17,1
B1_D2_Guyan,B1,2,Guyan,full-grid,136,2,1,13,0.99555719023026135,0.99530337157103155,-0.022479269527942859,1,0,-1,STABLE,2.0836338845605248e-16,6.8506554558727437e-17,1
B1_D2_Guyan,B1,2,Guyan,full-grid,137,2,2,14,0.99566647636226757,0.99541203850783855,-0.022507904063307153,1,0,-1,STABLE,2.214573334970174e-16,6.850655455872745e-17,1
B1_D2_Guyan,B1,2,Guyan,full-grid,138,2,3,15,0.9957767299177035,0.99552172850924769,-0.022534061142074964,1,0,-1,STABLE,2.0968704576801156e-16,6.8506554558727437e-17,1
B1_D2_Guyan,B1,2,Guyan,full-grid,139,2,4,16,0.99588786752373082,0.99563235933469929,-0.022557697723492667,1,0,-1,STABLE,9.3827302592790139e-17,6.8506554558727437e-17,1
B1_D2_Guyan,B1,2,Guyan,full-grid,140,2,5,17,0.9959998035638471,0.99574384639936087,-0.022578774480210555,1,0,-1,STABLE,1.5978708513328193e-16,6.850655455872745e-17,1
B1_D2_Guyan,B1,2,Guyan,full-grid,141,2,6,18,0.99611245038593932,0.99585610297742666,-0.022597255950517477,1,0,-1,STABLE,1.8783378941741608e-16,6.850655455872745e-17,1
B1_D2_Guyan,B1,2,Guyan,full-grid,142,2,7,19,0.99622571852092356,0.99596904041640122,-0.022613110678618299,1,0,-1,STABLE,1.9885614959481059e-16,6.8506554558727437e-17,1
B1_D2_Guyan,B1,2,Guyan,full-grid,143,2,8,20,0.9963395169112842,0.99608256836172382,-0.022626311341513019,1,0,-1,STABLE,8.1191288751052978e-17,6.850655455872745e-17,1
B1_D2_Guyan,B1,2,Guyan,full-grid,144,2,9,21,0.99645375314872886,0.99619659499097035,-0.022636834862331343,1,0,-1,STABLE,2.0980975859816939e-16,6.8506554558727437e-17,1
B1_D2_Guyan,B1,2,Guyan,full-grid,145,2,10,22,0.9965683337201604,0.99631102725686493,-0.0226446625090241,1,0,-1,STABLE,9.3910936968686919e-17,6.8506554558727437e-17,1
B1_D2_Guyan,B1,2,Guyan,full-grid,146,2,11,23,0.99668316426108017,0.99642577113824604,-0.022649779977543642,1,0,-1,STABLE,1.3258760141804003e-16,6.8506554558727437e-17,1
B1_D2_Guyan,B1,2,Guyan,full-grid,147,2,12,24,0.9967981498154409,0.99654073189802705,-0.022652177458928002,1,0,-1,STABLE,1.2231696477338715e-16,6.8506554558727437e-17,1
B1_D2_Guyan,B1,2,Guyan,full-grid,148,2,13,25,0.99691319510090759,0.99665581434713379,-0.022651849689408705,1,0,-1,STABLE,8.6433777219449265e-17,6.8506554558727437e-17,1
B1_D2_Guyan,B1,2,Guyan,full-grid,149,2,14,26,0.99702820477838905,0.99677092311329873,-0.022648795983004642,1,0,-1,STABLE,2.0024795300293553e-16,6.8506554558727437e-17,1
B1_D2_Guyan,B1,2,Guyan,full-grid,150,2,15,27,0.99714308372456983,0.99688596291345988,-0.022643020245728562,1,0,-1,STABLE,2.1080018807805852e-16,6.8506554558727437e-17,1
B1_D2_Guyan,B1,2,Guyan,full-grid,151,2,16,28,0.9972577373061382,0.99700083882846724,-0.022634530971316194,1,0,-1,STABLE,2.160080077384495e-16,6.850655455872745e-17,1
B1_D2_Guyan,B1,2,Guyan,full-grid,152,2,17,29,0.99737207165424047,0.99711545657864309,-0.022623341217334243,1,0,-1,STABLE,1.6838444399850556e-16,6.8506554558727437e-17,1
B1_D2_Guyan,B1,2,Guyan,full-grid,153,2,18,30,0.99748599393766468,0.99722972279869193,-0.022609468561973666,1,0,-1,STABLE,2.345737959330874e-16,6.850655455872745e-17,1
B1_D2_Guyan,B1,2,Guyan,full-grid,154,2,19,31,0.99759941263310714,0.99734354531031977,-0.022592935040898536,1,0,-1,STABLE,9.6224276646767683e-17,6.8506554558727437e-17,1
B1_D2_Guyan,B1,2,Guyan,full-grid,155,2,20,32,0.9977122377908908,0.99745683339091362,-0.022573767064407207,1,0,-1,STABLE,1.5008785578877633e-16,6.8506554558727437e-17,1
B1_D2_Guyan,B1,2,Guyan,full-grid,156,2,21,33,0.99782438129437889,0.99756949803652406,-0.022551995314549485,1,0,-1,STABLE,9.0780112216610851e-17,6.850655455872745e-17,1
B1_D2_Guyan,B1,2,Guyan,full-grid,157,2,22,34,0.99793575711135274,0.99768145221738236,-0.022527654623243382,1,0,-1,STABLE,9.8725034317198409e-17,6.850655455872745e-17,1
B1_D2_Guyan,B1,2,Guyan,full-grid,158,2,23,35,0.99804628153560515,0.99779261112419415,-0.022500783831038637,1,0,-1,STABLE,2.1811622689666108e-16,6.8506554558727437e-17,1
B1_D2_Guyan,B1,2,Guyan,full-grid,159,2,24,36,0.99815587341701884,0.99790289240343355,-0.022471425627962092,1,0,-1,STABLE,2.6186337920625719e-16,6.850655455872745e-17,1
B1_D2_Guyan,B1,2,Guyan,full-grid,160,2,25,37,0.99826445437846822,0.99801221637994209,-0.022439626376935879,1,0,-1,STABLE,2.577372215030994e-16,6.8506554558727437e-17,1
B1_D2_Guyan,B1,2,Guyan,full-grid,161,2,26,38,0.99837194901798809,0.99812050626523563,-0.022405435920909503,1,0,-1,STABLE,6.8804838074309914e-17,6.8506554558727437e-17,1
B1_D2_Guyan,B1,2,Guyan,full-grid,162,2,27,39,0.99847828509471048,0.99822768834996101,-0.022368907375350411,1,0,-1,STABLE,1.0064225522837504e-16,6.8506554558727437e-17,1
B1_D2_Guyan,B1,2,Guyan,full-grid,163,2,28,40,0.99858339369727522,0.99833369217916612,-0.022330096907118731,1,0,-1,STABLE,1.689005948778786e-16,6.8506554558727437e-17,1
B1_D2_Guyan,B1,2,Guyan,full-grid,164,2,29,41,0.99868720939358646,0.99843845070918991,-0.022289063501671764,1,0,-1,STABLE,1.2612290452803331e-16,6.8506554558727437e-17,1
B1_D2_Guyan,B1,2,Guyan,full-grid,165,2,30,42,0.99878967036091448,0.99854190044511471,-0.022245868720349737,1,0,-1,STABLE,1.7615206910474482e-16,6.8506554558727437e-17,1
B1_D2_Guyan,B1,2,Guyan,full-grid,166,2,31,43,0.99889071849568456,0.99864398155805523,-0.022200576449715133,1,0,-1,STABLE,3.4692768292815837e-16,6.8506554558727437e-17,1
B1_D2_Guyan,B1,2,Guyan,full-grid,167,2,32,44,0.99899029950234552,0.99874463798162583,-0.022153252644640374,1,0,-1,STABLE,1.4669221652064902e-16,6.850655455872745e-17,1
B1_D2_Guyan,B1,2,Guyan,full-grid,168,2,33,45,0.99908836296111247,0.99884381748730289,-0.022103965067539491,1,0,-1,STABLE,1.5251680818416947e-16,6.8506554558727437e-17,1
B1_D2_Guyan,B1,2,Guyan,full-grid,169,2,34,46,0.99918486237451853,0.99894147173856596,-0.022052783025585464,1,0,-1,STABLE,3.3765349449779708e-16,6.850655455872745e-17,1
B1_D2_Guyan,B1,2,Guyan,full-grid,170,2,35,47,0.99927975519297985,0.99903755632395419,-0.02199977710804972,1,0,-1,STABLE,2.2385497335544069e-16,6.8506554558727437e-17,1
B1_D2_Guyan,B1,2,Guyan,full-grid,171,2,36,48,0.99937300281977326,0.99913203076938961,-0.02194501892562711,1,0,-1,STABLE,2.8188359285125255e-16,6.8506554558727437e-17,1
B1_D2_Guyan,B1,2,Guyan,full-grid,172,2,37,49,0.99946457059611371,0.99922485853039023,-0.021888580853848431,1,0,-1,STABLE,1.9392546385605119e-16,6.850655455872745e-17,1
B1_D2_Guyan,B1,2,Guyan,full-grid,173,2,38,50,0.99955442776712355,0.99931600696492717,-0.021830535782144223,1,0,-1,STABLE,1.6030627832841586e-16,6.850655455872745e-17,1
B1_D2_Guyan,B1,2,Guyan,full-grid,174,2,39,51,0.9996425474297197,0.99940544728789982,-0.021770956870384731,1,0,-1,STABLE,1.0314745791162932e-16,6.8506554558727437e-17,1
B1_D2_Guyan,B1,2,Guyan,full-grid,175,2,40,52,0.99972890646364798,0.99949315450842402,-0.021709917314466323,1,0,-1,STABLE,2.4604304361578645e-16,6.850655455872745e-17,1
B1_D2_Guyan,B1,2,Guyan,full-grid,176,2,41,53,0.99981348544686199,0.99957910735109823,-0.021647490122052263,1,0,-1,STABLE,5.9608735112160418e-16,6.8506554558727437e-17,1
B1_D2_Guyan,B1,2,Guyan,full-grid,177,2,42,54,0.99989626855674629,0.99966328816272121,-0.021583747899784043,1,0,-1,STABLE,4.2452448526752213e-16,6.8506554558727437e-17,1
B1_D2_Guyan,B1,2,Guyan,full-grid,178,2,43,55,0.99997724345859718,0.99974568280584875,-0.021518762653132597,1,0,-1,STABLE,1.4896502241237446e-16,6.8506554558727437e-17,1
B1_D2_Guyan,B1,2,Guyan,full-grid,179,2,44,56,1.0000564011829807,0.9998262805408038,-0.021452605599247453,0,0,1,UNSTABLE,1.8193387248710971e-16,6.8506554558727437e-17,1
B1_D2_Guyan,B1,2,Guyan,full-grid,180,2,45,57,1.0001337359933606,0.99990507389751593,-0.021385346993691538,0,0,1,UNSTABLE,2.0145004504151222e-16,6.8506554558727437e-17,1
B1_D2_Guyan,B1,2,Guyan,full-grid,181,2,46,58,1.0002092452457314,0.99998205853892341,-0.021317055971515241,0,0,1,UNSTABLE,2.4766762863907203e-16,6.8506554558727437e-17,1
B1_D2_Guyan,B1,2,Guyan,full-grid,182,2,47,59,1.0002829292416451,1.0000572331173316,-0.021247800402696547,0,0,1,UNSTABLE,2.0303652815009803e-16,6.8506554558727437e-17,1
B1_D2_Guyan,B1,2,Guyan,full-grid,183,2,48,60,1.0003547910762045,1.0001305991253,-0.021177646762220479,0,0,1,UNSTABLE,1.6664049249262365e-16,6.850655455872745e-17,1
B1_D2_Guyan,B1,2,Guyan,full-grid,184,2,49,61,1.0004248364823642,1.0002021607424152,-0.021106660014535594,0,0,1,UNSTABLE,1.552361861708938e-16,6.8506554558727437e-17,1
B1_D2_Guyan,B1,2,Guyan,full-grid,185,2,50,62,1.000493073672964,1.0002719246793859,-0.021034903512310535,0,0,1,UNSTABLE,1.6632316145414523e-16,6.850655455872745e-17,1
B1_D2_Guyan,B1,2,Guyan,full-grid,186,2,51,63,1.0005595131816944,1.0003399000206741,-0.020962438909092922,0,0,1,UNSTABLE,2.5025431402979524e-16,6.8506554558727437e-17,1
B1_D2_Guyan,B1,2,Guyan,full-grid,187,2,52,64,1.0006241677042154,1.0004060980669047,-0.020889326085451229,0,0,1,UNSTABLE,2.0308442875888709e-16,6.8506554558727437e-17,1
B1_D2_Guyan,B1,2,Guyan,full-grid,188,2,53,65,1.000687051940417,1.000470532178068,-0.020815623087874487,0,0,1,UNSTABLE,1.7993327365599773e-16,6.850655455872745e-17,1
B1_D2_Guyan,B1,2,Guyan,full-grid,189,2,54,66,1.0007481824388473,1.0005332176185506,-0.020741386080162294,0,0,1,UNSTABLE,1.8868434552227177e-16,6.850655455872745e-17,1
B1_D2_Guyan,B1,2,Guyan,full-grid,190,2,55,67,1.0008075774441236,1.0005941714048512,-0.020666669306269928,0,0,1,UNSTABLE,1.7117658462428286e-16,6.8506554558727437e-17,1
B1_D2_Guyan,B1,2,Guyan,full-grid,191,2,56,68,1.0008652567480578,1.0006534121567212,-0.02059152506413358,0,0,1,UNSTABLE,1.5847642792974918e-16,6.850655455872745e-17,1
B1_D2_Guyan,B1,2,Guyan,full-grid,192,2,57,69,1.0009212415451645,1.000710959952434,-0.020516003689596198,0,0,1,UNSTABLE,1.519880052197001e-16,6.8506554558727437e-17,1
B1_D2_Guyan,B1,2,Guyan,full-grid,193,2,58,70,1.0009755542930563,1.0007668361887074,-0.02044015354972006,0,0,1,UNSTABLE,1.8945401111530288e-16,6.8506554558727437e-17,1
B1_D2_Guyan,B1,2,Guyan,full-grid,194,2,59,71,1.0010282185781947,1.0008210634457717,-0.020364021044685699,0,0,1,UNSTABLE,3.319448194385206e-16,6.8506554558727437e-17,1
B1_D2_Guyan,B1,2,Guyan,full-grid,195,2,60,72,1.0010792589872517,1.0008736653578663,-0.020287650617434642,0,0,1,UNSTABLE,1.703891178911629e-16,6.8506554558727437e-17,1
B1_D2_Guyan,B1,2,Guyan,full-grid,196,2,61,73,1.0011287009845533,1.0009246664896501,-0.020211084770544743,0,0,1,UNSTABLE,1.0323543851412497e-16,6.8506554558727437e-17,1
B1_D2_Guyan,B1,2,Guyan,full-grid,197,2,62,74,1.0011765707955358,1.0009740922184889,-0.020134364089311102,0,0,1,UNSTABLE,2.6382536994459823e-16,6.8506554558727437e-17,1
B1_D2_Guyan,B1,2,Guyan,full-grid,198,2,63,75,1.0012228952965039,1.0010219686229236,-0.020057527270348235,0,0,1,UNSTABLE,2.0523675707691605e-16,6.8506554558727437e-17,1
B1_D2_Guyan,B1,2,Guyan,full-grid,199,2,64,76,1.0012677019106753,1.0010683223773218,-0.019980611155299633,0,0,1,UNSTABLE,2.2970377696933679e-16,6.850655455872745e-17,1
B1_D2_Guyan,B1,2,Guyan,full-grid,200,2,65,77,1.0013110185105318,1.0011131806527565,-0.019903650768636729,0,0,1,UNSTABLE,2.4509511157740821e-16,6.8506554558727437e-17,1
B1_D2_Guyan,B1,2,Guyan,full-grid,201,2,66,78,1.0013528733263692,1.0011565710240147,-0.019826679359196967,0,0,1,UNSTABLE,4.6114191044270557e-16,6.850655455872745e-17,1
B1_D2_Guyan,B1,2,Guyan,full-grid,202,3,0,13,0.99546452455421031,0.9952112879968813,-0.022452436160209345,1,0,-1,STABLE,1.9802537768916424e-16,8.8843936914985139e-17,1
B1_D2_Guyan,B1,2,Guyan,full-grid,203,3,1,14,0.99557291432568029,0.99531901274802848,-0.022483118138243337,1,0,-1,STABLE,1.5579874302391883e-16,6.8506554558727437e-17,1
B1_D2_Guyan,B1,2,Guyan,full-grid,204,3,2,15,0.99568233468618872,0.99542782275012209,-0.022511359379007497,1,0,-1,STABLE,1.6952277590045022e-16,6.850655455872745e-17,1
B1_D2_Guyan,B1,2,Guyan,full-grid,205,3,3,16,0.99579270399588193,0.99553763756488733,-0.022537114348401707,1,0,-1,STABLE,1.5964302313582491e-16,6.8506554558727437e-17,1
B1_D2_Guyan,B1,2,Guyan,full-grid,206,3,4,17,0.99590393825501311,0.99564837429692354,-0.02256034112637282,1,0,-1,STABLE,1.2753586793130909e-16,6.8506554558727437e-17,1
B1_D2_Guyan,B1,2,Guyan,full-grid,207,3,5,18,0.9960159513070167,0.9957599477918373,-0.022581001563679922,1,0,-1,STABLE,2.9801191274141583e-16,6.850655455872745e-17,1
B1_D2_Guyan,B1,2,Guyan,full-grid,208,3,6,19,0.99612865505210257,0.99587227084528718,-0.022599061426567951,1,0,-1,STABLE,9.9050561777310756e-17,6.8506554558727437e-17,1
B1_D2_Guyan,B1,2,Guyan,full-grid,209,3,7,20,0.99624195967064288,0.99598525442224162,-0.022614490528542665,1,0,-1,STABLE,2.735168719616346e-16,6.850655455872745e-17,1
B1_D2_Guyan,B1,2,Guyan,full-grid,210,3,8,21,0.99635577385555962,0.99609880788569038,-0.022627262848556633,1,0,-1,STABLE,1.5288815368188131e-16,6.8506554558727437e-17,1
B1_D2_Guyan,B1,2,Guyan,full-grid,211,3,9,22,0.99647000505290295,0.99621283923402182,-0.022637356635032229,1,0,-1,STABLE,9.9773913324697552e-17,6.850655455872745e-17,1
B1_D2_Guyan,B1,2,Guyan,full-grid,212,3,10,23,0.99658455970973581,0.9963272553462138,-0.022644754494770832,1,0,-1,STABLE,7.0115687462022467e-17,6.850655455872745e-17,1
B1_D2_Guyan,B1,2,Guyan,full-grid,213,3,11,24,0.99669934352842016,0.99644196223395032,-0.022649443466413514,1,0,-1,STABLE,1.4255745285650479e-16,6.8506554558727437e-17,1
B1_D2_Guyan,B1,2,Guyan,full-grid,214,3,12,25,0.99681426172629506,0.99655686529968479,-0.022651415077306853,1,0,-1,STABLE,2.1617085191486685e-16,6.8506554558727437e-17,1
B1_D2_Guyan,B1,2,Guyan,full-grid,215,3,13,26,0.99692921929969858,0.99667186959960496,-0.022650665383925302,1,0,-1,STABLE,1.5973299599773891e-16,6.8506554558727437e-17,1
B1_D2_Guyan,B1,2,Guyan,full-grid,216,3,14,27,0.99704412129120512,0.99678688011040517,-0.022647194994430384,1,0,-1,STABLE,1.6372867329213551e-16,6.8506554558727437e-17,1
B1_D2_Guyan,B1,2,Guyan,full-grid,217,3,15,28,0.99715887305882889,0.99690180199861678,-0.022641009073455457,1,0,-1,STABLE,8.2807584159758094e-17,6.850655455872745e-17,1
B1_D2_Guyan,B1,2,Guyan,full-grid,218,3,16,29,0.99727338054593229,0.99701654089124325,-0.022632117328522848,1,0,-1,STABLE,8.9675803457376794e-17,6.850655455872745e-17,1
B1_D2_Guyan,B1,2,Guyan,full-grid,219,3,17,30,0.99738755055044304,0.99713100314631598,-0.022620533977654702,1,0,-1,STABLE,1.8372626890031563e-16,6.8506554558727437e-17,1
B1_D2_Guyan,B1,2,Guyan,full-grid,220,3,18,31,0.99750129099189744,0.99724509612188172,-0.02260627769803876,1,0,-1,STABLE,2.1617224896605454e-16,6.850655455872745e-17,1
B1_D2_Guyan,B1,2,Guyan,full-grid,221,3,19,32,0.99761451117484801,0.9973587284419565,-0.022589371555551505,1,0,-1,STABLE,1.5973901496881826e-16,6.8506554558727437e-17,1
B1_D2_Guyan,B1,2,Guyan,full-grid,222,3,20,33,0.99772712204700909,0.99747181025780274,-0.022569842915470609,1,0,-1,STABLE,8.4542906294653098e-17,6.8506554558727437e-17,1
B1_D2_Guyan,B1,2,Guyan,full-grid,223,3,21,34,0.99783903645051641,0.99758425350290558,-0.022547723333972491,1,0,-1,STABLE,3.001006038074712e-16,6.850655455872745e-17,1
B1_D2_Guyan,B1,2,Guyan,full-grid,224,3,22,35,0.99795016936473713,0.9976959721400418,-0.022523048431421444,1,0,-1,STABLE,1.1718937710473698e-16,6.8506554558727437e-17,1
B1_D2_Guyan,B1,2,Guyan,full-grid,225,3,23,36,0.99806043813892231,0.99780688239872117,-0.022495857747638164,1,0,-1,STABLE,3.0448476588444186e-16,6.850655455872745e-17,1
B1_D2_Guyan,B1,2,Guyan,full-grid,226,3,24,37,0.99816976271316471,0.99791690300142444,-0.022466194579888295,1,0,-1,STABLE,1.1329703056566065e-16,6.8506554558727437e-17,1
B1_D2_Guyan,B1,2,Guyan,full-grid,227,3,25,38,0.99827806582609224,0.99802595537702721,-0.022434105804680891,1,0,-1,STABLE,1.8071123682267432e-16,6.850655455872745e-17,1
B1_D2_Guyan,B1,2,Guyan,full-grid,228,3,26,39,0.99838527320785675,0.99813396385993314,-0.022399641684290976,1,0,-1,STABLE,1.1631168397619492e-16,6.850655455872745e-17,1
B1_D2_Guyan,B1,2,Guyan,full-grid,229,3,27,40,0.998491313757081,0.99824085587351941,-0.022362855659438099,1,0,-1,STABLE,1.9013168139218102e-16,6.8506554558727437e-17,1
B1_D2_Guyan,B1,2,Guyan,full-grid,230,3,28,41,0.99859611970055895,0.99834656209664829,-0.022323804129588062,1,0,-1,STABLE,3.4872755610212782e-16,6.8506554558727437e-17,1
B1_D2_Guyan,B1,2,Guyan,full-grid,231,3,29,42,0.99869962673464507,0.99845101661211966,-0.022282546222193517,1,0,-1,STABLE,2.2184939948977636e-16,6.8506554558727437e-17,1
B1_D2_Guyan,B1,2,Guyan,full-grid,232,3,30,43,0.99880177414753457,0.99855415703620687,-0.022239143553044193,1,0,-1,STABLE,1.5764982525251661e-16,6.8506554558727437e-17,1
B1_D2_Guyan,B1,2,Guyan,full-grid,233,3,31,44,0.99890250492170973,0.99865592462849428,-0.022193659979224577,1,0,-1,STABLE,1.7904456013952897e-16,6.850655455872745e-17,1
B1_D2_Guyan,B1,2,Guyan,full-grid,234,3,32,45,0.99900176581618505,0.99875626438158571,-0.022146161346739909,1,0,-1,STABLE,2.5308232595668785e-16,6.850655455872745e-17,1
B1_D2_Guyan,B1,2,Guyan,full-grid,235,3,33,46,0.99909950742821918,0.99885512509029883,-0.02209671523448116,1,0,-1,STABLE,2.1372149402794015e-16,6.8506554558727437e-17,1
B1_D2_Guyan,B1,2,Guyan,full-grid,236,3,34,47,0.99919568423463434,0.99895245940041277,-0.022045390697049506,1,0,-1,STABLE,1.4072528012036095e-16,6.850655455872745e-17,1
B1_D2_Guyan,B1,2,Guyan,full-grid,237,3,35,48,0.99929025461282495,0.99904822383701175,-0.021992258007682963,1,0,-1,STABLE,1.6909154883328113e-16,6.8506554558727437e-17,1
B1_D2_Guyan,B1,2,Guyan,full-grid,238,3,36,49,0.99938318084201938,0.99914237881291756,-0.021937388403747583,1,0,-1,STABLE,2.8202219862322901e-16,6.8506554558727437e-17,1
B1_D2_Guyan,B1,2,Guyan,full-grid,239,3,37,50,0.99947442908529982,0.9992348886176774,-0.021880853836263387,1,0,-1,STABLE,1.4423586101373262e-16,6.850655455872745e-17,1
B1_D2_Guyan,B1,2,Guyan,full-grid,240,3,38,51,0.99956396935332881,0.99932572138800646,-0.021822726725203939,1,0,-1,STABLE,1.5982881561043508e-16,6.8506554558727437e-17,1
B1_D2_Guyan,B1,2,Guyan,full-grid,241,3,39,52,0.99965177545068373,0.99941484906053968,-0.021763079722390211,1,0,-1,STABLE,1.6765176532242155e-16,6.850655455872745e-17,1
B1_D2_Guyan,B1,2,Guyan,full-grid,242,3,40,53,0.99973782490597274,0.99950224730803661,-0.021701985483127552,1,0,-1,STABLE,3.1340810640130968e-16,6.8506554558727437e-17,1
B1_D2_Guyan,B1,2,Guyan,full-grid,243,3,41,54,0.99982209888700246,0.99958789546027838,-0.02163951644798285,1,0,-1,STABLE,1.8290332161278687e-16,6.850655455872745e-17,1
B1_D2_Guyan,B1,2,Guyan,full-grid,244,3,42,55,0.99990458210229916,0.99967177641092908,-0.021575744635839597,1,0,-1,STABLE,2.4004913998550999e-16,6.850655455872745e-17,1
B1_D2_Guyan,B1,2,Guyan,full-grid,245,3,43,56,0.9999852626904745,0.99975387651183967,-0.021510741449013979,1,0,-1,STABLE,2.5572361486164931e-16,6.8506554558727437e-17,1
B1_D2_Guyan,B1,2,Guyan,full-grid,246,3,44,57,1.000064132098851,0.99983418545618785,-0.021444577491510873,0,0,1,UNSTABLE,2.0346124191846143e-16,6.8506554558727437e-17,1
B1_D2_Guyan,B1,2,Guyan,full-grid,247,3,45,58,1.000141184952871,0.99991269615197931,-0.02137732240043248,0,0,1,UNSTABLE,2.6757097352276216e-16,6.8506554558727437e-17,1
B1_D2_Guyan,B1,2,Guyan,full-grid,248,3,46,59,1.0002164189177756,0.99998940458738639,-0.02130904469148329,0,0,1,UNSTABLE,2.9649689745256816e-16,6.8506554558727437e-17,1
B1_D2_Guyan,B1,2,Guyan,full-grid,249,3,47,60,1.0002898345539994,1.0000643096893702,-0.021239811618535626,0,0,1,UNSTABLE,1.8294205117778183e-16,6.850655455872745e-17,1
B1_D2_Guyan,B1,2,Guyan,full-grid,250,3,48,61,1.0003614351677246,1.000137413177048,-0.021169689047138045,0,0,1,UNSTABLE,1.8774624974716621e-16,6.850655455872745e-17,1
B1_D2_Guyan,B1,2,Guyan,full-grid,251,3,49,62,1.000431226657994,1.0002087194111955,-0.021098741342432364,0,0,1,UNSTABLE,1.7989752120471623e-16,6.8506554558727437e-17,1
B1_D2_Guyan,B1,2,Guyan,full-grid,252,3,50,63,1.0004992173615688,1.0002782352411046,-0.021027031270561051,0,0,1,UNSTABLE,1.4719635776467663e-16,6.850655455872745e-17,1
B1_D2_Guyan,B1,2,Guyan,full-grid,253,3,51,64,1.0005654178969234,1.0003459698501871,-0.020954619913842325,0,0,1,UNSTABLE,2.7372434470391289e-16,6.8506554558727437e-17,1
B1_D2_Guyan,B1,2,Guyan,full-grid,254,3,52,65,1.0006298410082881,1.0004119346012663,-0.020881566598888422,0,0,1,UNSTABLE,1.7122901664992103e-16,6.8506554558727437e-17,1
B1_D2_Guyan,B1,2,Guyan,full-grid,255,3,53,66,1.0006925014109673,1.0004761428827975,-0.020807928837310197,0,0,1,UNSTABLE,1.4002310907194748e-16,6.850655455872745e-17,1
B1_D2_Guyan,B1,2,Guyan,full-grid,256,3,54,67,1.0007534156386924,1.0005386099568025,-0.020733762278428738,0,0,1,UNSTABLE,1.9796229961788714e-16,6.8506554558727437e-17,1
B1_D2_Guyan,B1,2,Guyan,full-grid,257,3,55,68,1.0008126018939254,1.0005993528094561,-0.02065912067311948,0,0,1,UNSTABLE,1.7580374572997538e-16,6.850655455872745e-17,1
B1_D2_Guyan,B1,2,Guyan,full-grid,258,3,56,69,1.0008700799018055,1.0006583900050359,-0.020584055848553277,0,0,1,UNSTABLE,2.4475857257123026e-16,6.8506554558727437e-17,1
B1_D2_Guyan,B1,2,Guyan,full-grid,259,3,57,70,1.0009258707683306,1.000715741543863,-0.020508617692495512,0,0,1,UNSTABLE,3.7901095888824343e-16,6.850655455872745e-17,1
B1_D2_Guyan,B1,2,Guyan,full-grid,260,3,58,71,1.0009799968433761,1.000771428724847,-0.020432854147029163,0,0,1,UNSTABLE,2.7212953099386996e-16,6.850655455872745e-17,1
B1_D2_Guyan,B1,2,Guyan,full-grid,261,3,59,72,1.0010324815887846,1.000825474012901,-0.020356811210311968,0,0,1,UNSTABLE,2.4290736677249257e-16,6.8506554558727437e-17,1
B1_D2_Guyan,B1,2,Guyan,full-grid,262,3,60,73,1.0010833494521778,1.0008779009118931,-0.020280532946488222,0,0,1,UNSTABLE,2.1228501206875544e-16,6.8506554558727437e-17,1
B1_D2_Guyan,B1,2,Guyan,full-grid,263,3,61,74,1.0011326257463979,1.0009287338430768,-0.020204061501898636,0,0,1,UNSTABLE,3.7323260602542469e-16,6.8506554558727437e-17,1
B1_D2_Guyan,B1,2,Guyan,full-grid,264,3,62,75,1.0011803365350678,1.0009779980294917,-0.020127437128011294,0,0,1,UNSTABLE,1.5623456252453367e-16,6.8506554558727437e-17,1
B1_D2_Guyan,B1,2,Guyan,full-grid,265,3,63,76,1.0012265085241316,1.00102571938624,-0.020050698209388089,0,0,1,UNSTABLE,4.4738244745780742e-16,6.850655455872745e-17,1
B1_D2_Guyan,B1,2,Guyan,full-grid,266,3,64,77,1.0012711689596363,1.0010719244168906,-0.019973881296831662,0,0,1,UNSTABLE,3.2497355370791149e-16,6.850655455872745e-17,1
B1_D2_Guyan,B1,2,Guyan,full-grid,267,3,65,78,1.0013143455316129,1.0011166401159146,-0.019897021144500662,0,0,1,UNSTABLE,2.402096772332187e-16,6.8506554558727437e-17,1
B1_D2_Guyan,B1,2,Guyan,full-grid,268,3,66,79,1.0013560662840828,1.0011598938771731,-0.019820150750689703,0,0,1,UNSTABLE,5.4784796727362146e-16,6.850655455872745e-17,1
B1_D2_Guyan,B1,2,Guyan,full-grid,269,4,0,14,0.99548012607906489,0.99522679837618755,-0.022456651849158224,1,0,-1,STABLE,2.0992693337361908e-16,8.8843936914985139e-17,1
B1_D2_Guyan,B1,2,Guyan,full-grid,270,4,1,15,0.9955886666313758,0.99533468253327584,-0.022486948908734612,1,0,-1,STABLE,6.2451745603435787e-17,6.8506554558727437e-17,1
B1_D2_Guyan,B1,2,Guyan,full-grid,271,4,2,16,0.99569821989021878,0.99544363430481142,-0.022514795459415086,1,0,-1,STABLE,1.7909594181825517e-16,6.8506554558727437e-17,1
B1_D2_Guyan,B1,2,Guyan,full-grid,272,4,3,17,0.99580870351837369,0.99555357252866039,-0.022540147035144426,1,0,-1,STABLE,2.7339748654236026e-16,6.850655455872745e-17,1
B1_D2_Guyan,B1,2,Guyan,full-grid,273,4,4,18,0.99592003290064435,0.99566441366575709,-0.022562962847215071,1,0,-1,STABLE,2.098535397193176e-16,6.850655455872745e-17,1
B1_D2_Guyan,B1,2,Guyan,full-grid,274,4,5,19,0.99603212135304919,0.99577607200454565,-0.022583205933902586,1,0,-1,STABLE,1.6774328468495234e-16,6.8506554558727437e-17,1
B1_D2_Guyan,B1,2,Guyan,full-grid,275,4,6,20,0.99614488034177884,0.99588845987560015,-0.022600843297139163,1,0,-1,STABLE,1.6766890183459062e-16,6.850655455872745e-17,1
B1_D2_Guyan,B1,2,Guyan,full-grid,276,4,7,21,0.99625821971114126,0.99600148787566201,-0.022615846026187603,1,0,-1,STABLE,8.905762041559078e-17,6.8506554558727437e-17,1
B1_D2_Guyan,B1,2,Guyan,full-grid,277,4,8,22,0.99637204791958645,0.99611506510023995,-0.022628189406480762,1,0,-1,STABLE,2.5252807722177732e-16,6.8506554558727437e-17,1
B1_D2_Guyan,B1,2,Guyan,full-grid,278,4,9,23,0.99648627228297482,0.9962290993839269,-0.022637853014557625,1,0,-1,STABLE,2.106391982437584e-16,6.8506554558727437e-17,1
B1_D2_Guyan,B1,2,Guyan,full-grid,279,4,10,24,0.99660079922414779,0.99634349754754492,-0.022644820797160681,1,0,-1,STABLE,1.5971036474632474e-16,6.8506554558727437e-17,1
B1_D2_Guyan,B1,2,Guyan,full-grid,280,4,11,25,0.99671553452785777,0.99645816565117595,-0.022649081134717468,1,0,-1,STABLE,4.6950810547421575e-17,6.8506554558727437e-17,1
B1_D2_Guyan,B1,2,Guyan,full-grid,281,4,12,26,0.99683038360003262,0.99657300925208014,-0.022650626888488776,1,0,-1,STABLE,1.0481829412337576e-16,6.8506554558727437e-17,1
B1_D2_Guyan,B1,2,Guyan,full-grid,282,4,13,27,0.9969452517303401,0.99668793366648079,-0.0226494554308048,1,0,-1,STABLE,8.0590735485399141e-17,6.8506554558727437e-17,1
B1_D2_Guyan,B1,2,Guyan,full-grid,283,4,14,28,0.99706004435689999,0.99680284423407173,-0.02264556865809032,1,0,-1,STABLE,9.1424231782224243e-17,6.850655455872745e-17,1
B1_D2_Guyan,B1,2,Guyan,full-grid,284,4,15,29,0.9971746673319668,0.9969176465840881,-0.02263897298602199,1,0,-1,STABLE,1.5990079535562937e-16,6.8506554558727437e-17,1
B1_D2_Guyan,B1,2,Guyan,full-grid,285,4,16,30,0.99728902718736256,0.99703224690170555,-0.02262967932721513,1,0,-1,STABLE,1.8865023231571004e-16,6.850655455872745e-17,1
B1_D2_Guyan,B1,2,Guyan,full-grid,286,4,17,31,0.99740303139824937,0.99714655219338677,-0.022617703050016754,1,0,-1,STABLE,1.2227129537596305e-16,6.8506554558727437e-17,1
B1_D2_Guyan,B1,2,Guyan,full-grid,287,4,18,32,0.99751658864399717,0.99726047054989797,-0.022603063919599355,1,0,-1,STABLE,2.2423160622760193e-16,6.8506554558727437e-17,1
B1_D2_Guyan,B1,2,Guyan,full-grid,288,4,19,33,0.99762960906456466,0.99737391140542775,-0.022585786020287942,1,0,-1,STABLE,1.2647853413908242e-16,6.850655455872745e-17,1
B1_D2_Guyan,B1,2,Guyan,full-grid,289,4,20,34,0.9977420045110349,0.99748678579142358,-0.022565897659806197,1,0,-1,STABLE,1.3777526454219254e-16,6.850655455872745e-17,1
B1_D2_Guyan,B1,2,Guyan,full-grid,290,4,21,35,0.99785368878871583,0.99759900658354184,-0.022543431255643828,1,0,-1,STABLE,2.676988735684194e-16,6.8506554558727437e-17,1
B1_D2_Guyan,B1,2,Guyan,full-grid,291,4,22,36,0.99796457789135384,0.99771048874024015,-0.022518423203665296,1,0,-1,STABLE,2.2284318693648018e-16,6.850655455872745e-17,1
B1_D2_Guyan,B1,2,Guyan,full-grid,292,4,23,37,0.99807459022490697,0.99782114953141998,-0.022490913730024095,1,0,-1,STABLE,2.2661652756590889e-16,6.8506554558727437e-17,1
B1_D2_Guyan,B1,2,Guyan,full-grid,293,4,24,38,0.99818364681941596,0.9979309087556405,-0.022460946726485104,1,0,-1,STABLE,1.3331993540902487e-16,6.8506554558727437e-17,1
B1_D2_Guyan,B1,2,Guyan,full-grid,294,4,25,39,0.99829167152759457,0.99803968894446338,-0.022428569570918894,1,0,-1,STABLE,1.1622803931599806e-16,6.8506554558727437e-17,1
B1_D2_Guyan,B1,2,Guyan,full-grid,295,4,26,40,0.99839859120875396,0.99814741555252562,-0.022393832933160586,1,0,-1,STABLE,1.6886559696740835e-16,6.8506554558727437e-17,1
B1_D2_Guyan,B1,2,Guyan,full-grid,296,4,27,41,0.9985043358968746,0.99825401713208395,-0.022356790568322217,1,0,-1,STABLE,1.9949243649962785e-16,6.8506554558727437e-17,1
B1_D2_Guyan,B1,2,Guyan,full-grid,297,4,28,42,0.99860883895171748,0.99835942549088874,-0.022317499098234293,1,0,-1,STABLE,1.7426429439269638e-16,6.8506554558727437e-17,1
B1_D2_Guyan,B1,2,Guyan,full-grid,298,4,29,43,0.99871203719205726,0.99846357583240386,-0.022276017783221098,1,0,-1,STABLE,2.5127799798539162e-16,6.8506554558727437e-17,1
B1_D2_Guyan,B1,2,Guyan,full-grid,299,4,30,44,0.99881387101022079,0.9985664068775072,-0.022232408285346804,1,0,-1,STABLE,9.5111324922633405e-17,6.850655455872745e-17,1
B1_D2_Guyan,B1,2,Guyan,full-grid,300,4,31,45,0.99891428446742092,0.99866786096710292,-0.022186734425119811,1,0,-1,STABLE,1.314131602728307e-16,6.8506554558727437e-17,1
B1_D2_Guyan,B1,2,Guyan,full-grid,301,4,32,46,0.99901322536946335,0.99876788414516005,-0.022139061933568956,1,0,-1,STABLE,1.6886196843997055e-16,6.850655455872745e-17,1
B1_D2_Guyan,B1,2,Guyan,full-grid,302,4,33,47,0.99911064532265725,0.99886642622196109,-0.022089458201232027,1,0,-1,STABLE,2.3541101411868527e-16,6.8506554558727437e-17,1
B1_D2_Guyan,B1,2,Guyan,full-grid,303,4,34,48,0.99920649976995368,0.99896344081752042,-0.022037992026111182,1,0,-1,STABLE,1.3412400505346893e-16,6.8506554558727437e-17,1
B1_D2_Guyan,B1,2,Guyan,full-grid,304,4,35,49,0.9993007480076368,0.99905888538543874,-0.021984733362659593,1,0,-1,STABLE,1.1143700144666328e-16,6.850655455872745e-17,1
B1_D2_Guyan,B1,2,Guyan,full-grid,305,4,36,50,0.99939335318286282,0.99915272121745513,-0.021929753072952477,1,0,-1,STABLE,1.7438621587419058e-16,6.850655455872745e-17,1
B1_D2_Guyan,B1,2,Guyan,full-grid,306,4,37,51,0.99948428227285624,0.99924491342943655,-0.02187312268250842,1,0,-1,STABLE,2.5753402053988401e-16,6.8506554558727437e-17,1
B1_D2_Guyan,B1,2,Guyan,full-grid,307,4,38,52,0.99957350604637529,0.99933543092939159,-0.021814914141709951,1,0,-1,STABLE,3.1981526126502815e-16,6.850655455872745e-17,1
B1_D2_Guyan,B1,2,Guyan,full-grid,308,4,39,53,0.99966099900863559,0.99942424636864202,-0.021755199594932176,1,0,-1,STABLE,2.9558877419704187e-16,6.8506554558727437e-17,1
B1_D2_Guyan,B1,2,Guyan,full-grid,309,4,40,54,0.99974673933055125,0.99951133607699383,-0.021694051158133991,1,0,-1,STABLE,2.1551486600914069e-16,6.8506554558727437e-17,1
B1_D2_Guyan,B1,2,Guyan,full-grid,310,4,41,55,0.99983070876370905,0.99959667998328083,-0.021631540706645323,1,0,-1,STABLE,1.2004480249999221e-16,6.8506554558727437e-17,1
B1_D2_Guyan,B1,2,Guyan,full-grid,311,4,42,56,0.99991289254225535,0.99968026152244405,-0.021567739673827975,1,0,-1,STABLE,1.7268386380294829e-16,6.8506554558727437e-17,1
B1_D2_Guyan,B1,2,Guyan,full-grid,312,4,43,57,0.99999327927313619,0.99976206753056784,-0.021502718861694137,1,0,-1,STABLE,3.5069628031850406e-16,6.8506554558727437e-17,1
B1_D2_Guyan,B1,2,Guyan,full-grid,313,4,44,58,1.0000718608160317,0.99984208812920183,-0.021436548264070255,0,0,1,UNSTABLE,2.4654825678826366e-16,6.8506554558727437e-17,1
B1_D2_Guyan,B1,2,Guyan,full-grid,314,4,45,59,1.0001486321545032,0.9999203166004782,-0.021369296902875905,0,0,1,UNSTABLE,8.4359502730824936e-17,6.8506554558727437e-17,1
B1_D2_Guyan,B1,2,Guyan,full-grid,315,4,46,60,1.0002235912597255,0.99999674925439419,-0.021301032677940531,0,0,1,UNSTABLE,2.4618501400915962e-16,6.850655455872745e-17,1
B1_D2_Guyan,B1,2,Guyan,full-grid,316,4,47,61,1.0002967389482136,1.0000713852896719,-0.021231822230492064,0,0,1,UNSTABLE,1.6776513889893068e-16,6.8506554558727437e-17,1
B1_D2_Guyan,B1,2,Guyan,full-grid,317,4,48,62,1.0003680787349576,1.0001442266496157,-0.021161730820336754,0,0,1,UNSTABLE,2.0489818196682942e-16,6.850655455872745e-17,1
B1_D2_Guyan,B1,2,Guyan,full-grid,318,4,49,63,1.0004376166832336,1.0002152778742421,-0.021090822216804445,0,0,1,UNSTABLE,3.4593929536696787e-16,6.8506554558727437e-17,1
B1_D2_Guyan,B1,2,Guyan,full-grid,319,4,50,64,1.000505361252362,1.0002845459499703,-0.021019158603070829,0,0,1,UNSTABLE,4.012164915758763e-16,6.8506554558727437e-17,1
B1_D2_Guyan,B1,2,Guyan,full-grid,320,4,51,65,1.000571323144559,1.0003520401580313,-0.020946800493586288,0,0,1,UNSTABLE,4.0429949686842058e-16,6.850655455872745e-17,1
B1_D2_Guyan,B1,2,Guyan,full-grid,321,4,52,66,1.000635515152013,1.0004177719227474,-0.020873806664340484,0,0,1,UNSTABLE,2.2838864897745359e-16,6.850655455872745e-17,1
B1_D2_Guyan,B1,2,Guyan,full-grid,322,4,53,67,1.0006979520051094,1.0004817546606262,-0.020800234095199748,0,0,1,UNSTABLE,3.0347687429565427e-16,6.8506554558727437e-17,1
B1_D2_Guyan,B1,2,Guyan,full-grid,323,4,54,68,1.0007586502226997,1.0005440036311843,-0.020726137923903393,0,0,1,UNSTABLE,2.9497270522948599e-16,6.850655455872745e-17,1
B1_D2_Guyan,B1,2,Guyan,full-grid,324,4,55,69,1.0008176279653149,1.0006045357904241,-0.020651571411132545,0,0,1,UNSTABLE,1.2964017281598809e-16,6.8506554558727437e-17,1
B1_D2_Guyan,B1,2,Guyan,full-grid,325,4,56,70,1.0008749048918113,1.0006633696474765,-0.020576585915804815,0,0,1,UNSTABLE,2.392996765065933e-16,6.8506554558727437e-17,1
B1_D2_Guyan,B1,2,Guyan,full-grid,326,4,57,71,1.0009305020202903,1.0007205251252689,-0.020501230880028743,0,0,1,UNSTABLE,2.7321137626201865e-16,6.8506554558727437e-17,1
B1_D2_Guyan,B1,2,Guyan,full-grid,327,4,58,72,1.0009844415935616,1.0007760234255207,-0.020425553822988315,0,0,1,UNSTABLE,2.8926518267064412e-16,6.8506554558727437e-17,1
B1_D2_Guyan,B1,2,Guyan,full-grid,328,4,59,73,1.0010367469497736,1.0008298868987,-0.020349600343017585,0,0,1,UNSTABLE,2.4492013234563705e-16,6.8506554558727437e-17,1
B1_D2_Guyan,B1,2,Guyan,full-grid,329,4,60,74,1.0010874423983851,1.0008821389191502,-0.020273414127052258,0,0,1,UNSTABLE,3.5443491098465522e-16,6.8506554558727437e-17,1
B1_D2_Guyan,B1,2,Guyan,full-grid,330,4,61,75,1.001136553101786,1.0009328037657088,-0.020197036966888977,0,0,1,UNSTABLE,4.1015256574847433e-16,6.8506554558727437e-17,1
B1_D2_Guyan,B1,2,Guyan,full-grid,331,4,62,76,1.0011841049628296,1.000981906508102,-0.020120508781526623,0,0,1,UNSTABLE,2.903938805103698e-16,6.850655455872745e-17,1
B1_D2_Guyan,B1,2,Guyan,full-grid,332,4,63,77,1.0012301245182094,1.0010294728990685,-0.020043867644793191,0,0,1,UNSTABLE,2.8686176013682868e-16,6.8506554558727437e-17,1
B1_D2_Guyan,B1,2,Guyan,full-grid,333,4,64,78,1.001274638837879,1.0010755292724336,-0.019967149817694922,0,0,1,UNSTABLE,4.058956736297129e-16,6.850655455872745e-17,1
B1_D2_Guyan,B1,2,Guyan,full-grid,334,4,65,79,1.0013176754305568,1.0011201024471807,-0.019890389785020772,0,0,1,UNSTABLE,4.0829444149989631e-16,6.8506554558727437e-17,1
B1_D2_Guyan,B1,2,Guyan,full-grid,335,4,66,80,1.0013592621550143,1.0011632196372524,-0.019813620295275825,0,0,1,UNSTABLE,4.7889990555411027e-16,6.8506554558727437e-17,1
B1_D2_Guyan,B1,2,Guyan,full-grid,336,5,0,15,0.9954957606084015,0.99524234206637052,-0.022460853669114041,1,0,-1,STABLE,2.1615631645112358e-16,8.8843936914985139e-17,1
B1_D2_Guyan,B1,2,Guyan,full-grid,337,5,1,16,0.99560445081751781,0.99535038454477043,-0.022490764198419857,1,0,-1,STABLE,1.4065561603933706e-16,6.8506554558727437e-17,1
B1_D2_Guyan,B1,2,Guyan,full-grid,338,5,2,17,0.99571413572882583,0.99545947687691727,-0.022518214541497536,1,0,-1,STABLE,1.9949647948793942e-16,6.8506554558727437e-17,1
B1_D2_Guyan,B1,2,Guyan,full-grid,339,5,3,18,0.99591948743769809,0.99240869417654332,-0.083550039981890423,1,0,-1,STABLE,1.5266874976755102e-16,6.850655455872745e-17,1
B1_D2_Guyan,B1,2,Guyan,full-grid,340,5,4,19,0.99619133442771313,0.99268349191596483,-0.083526401014256693,1,0,-1,STABLE,6.8282328365463758e-17,6.8506554558727437e-17,1
B1_D2_Guyan,B1,2,Guyan,full-grid,341,5,5,20,0.99645814082853224,0.9929553562345208,-0.083477463717045675,1,0,-1,STABLE,8.6449601238496685e-17,6.850655455872745e-17,1
B1_D2_Guyan,B1,2,Guyan,full-grid,342,5,6,21,0.99671729014525134,0.99322160893760625,-0.083403788966003686,1,0,-1,STABLE,1.3448902149296491e-16,6.8506554558727437e-17,1
B1_D2_Guyan,B1,2,Guyan,full-grid,343,5,7,22,0.99696633194800544,0.9934797080501967,-0.083306282658372019,1,0,-1,STABLE,2.2114676657895931e-16,6.850655455872745e-17,1
B1_D2_Guyan,B1,2,Guyan,full-grid,344,5,8,23,0.99720303164814572,0.99372730129334885,-0.083186158659303594,1,0,-1,STABLE,1.1167914289444964e-16,6.850655455872745e-17,1
B1_D2_Guyan,B1,2,Guyan,full-grid,345,5,9,24,0.99742540863032347,0.99396226868956616,-0.083044892695807698,1,0,-1,STABLE,1.8761210121717517e-16,6.8506554558727437e-17,1
B1_D2_Guyan,B1,2,Guyan,full-grid,346,5,10,25,0.99763176171117363,0.99418275294025005,-0.082884170570051721,1,0,-1,STABLE,2.3761720594581352e-16,6.8506554558727437e-17,1
B1_D2_Guyan,B1,2,Guyan,full-grid,347,5,11,26,0.99782068196295004,0.99438717729067871,-0.082705834092177175,1,0,-1,STABLE,1.2598385603339351e-16,6.8506554558727437e-17,1
B1_D2_Guyan,B1,2,Guyan,full-grid,348,5,12,27,0.99799105384824882,0.9945742515414826,-0.082511827829941486,1,0,-1,STABLE,2.571490393130204e-16,6.8506554558727437e-17,1
B1_D2_Guyan,B1,2,Guyan,full-grid,349,5,13,28,0.99814204627869563,0.99474296758951031,-0.082304149230985377,1,0,-1,STABLE,8.2877422520304576e-17,6.850655455872745e-17,1
B1_D2_Guyan,B1,2,Guyan,full-grid,350,5,14,29,0.99827309560601485,0.99489258634414512,-0.08208480400337978,1,0,-1,STABLE,1.2747711882393498e-16,6.850655455872745e-17,1
B1_D2_Guyan,B1,2,Guyan,full-grid,351,5,15,30,0.99838388269416833,0.99502261807333303,-0.081855767945654578,1,0,-1,STABLE,1.4074791626662004e-16,6.8506554558727437e-17,1
B1_D2_Guyan,B1,2,Guyan,full-grid,352,5,16,31,0.99847430615118538,0.99513279822441048,-0.081618955777109467,1,0,-1,STABLE,2.023068025029503e-16,6.850655455872745e-17,1
B1_D2_Guyan,B1,2,Guyan,full-grid,353,5,17,32,0.99854445357968713,0.99522306059427579,-0.081376196987315089,1,0,-1,STABLE,2.3254399341476562e-16,6.8506554558727437e-17,1
B1_D2_Guyan,B1,2,Guyan,full-grid,354,5,18,33,0.99859457239806537,0.99529350945205253,-0.081129218321713117,1,0,-1,STABLE,1.8984514756288218e-16,6.8506554558727437e-17,1
B1_D2_Guyan,B1,2,Guyan,full-grid,355,5,19,34,0.9986250414425456,0.99534439189808399,-0.080879632251632416,1,0,-1,STABLE,4.2442418855481978e-16,6.850655455872745e-17,1
B1_D2_Guyan,B1,2,Guyan,full-grid,356,5,20,35,0.9986363442258509,0.99537607141965601,-0.080628930626321066,1,0,-1,STABLE,3.1881127342988918e-16,6.8506554558727437e-17,1
B1_D2_Guyan,B1,2,Guyan,full-grid,357,5,21,36,0.99862904442660549,0.99538900330444124,-0.08037848264919023,1,0,-1,STABLE,3.8925567426167252e-16,6.850655455872745e-17,1
B1_D2_Guyan,B1,2,Guyan,full-grid,358,5,22,37,0.99860376393039052,0.99538371231511169,-0.080129536337920609,1,0,-1,STABLE,2.1387239731866533e-16,6.8506554558727437e-17,1
B1_D2_Guyan,B1,2,Guyan,full-grid,359,5,23,38,0.99856116354285773,0.99536077281983659,-0.07988322269139779,1,0,-1,STABLE,1.5272331322913015e-16,6.850655455872745e-17,1
B1_D2_Guyan,B1,2,Guyan,full-grid,360,5,24,39,0.99850192634572432,0.99532079141335239,-0.079640561879110006,1,0,-1,STABLE,7.9843126691547264e-17,6.850655455872745e-17,1
B1_D2_Guyan,B1,2,Guyan,full-grid,361,5,25,40,0.99842674356254846,0.99526439194824601,-0.079402470873413747,1,0,-1,STABLE,1.2213257274179731e-16,6.8506554558727437e-17,1
B1_D2_Guyan,B1,2,Guyan,full-grid,362,5,26,41,0.99841190657005763,0.9981608649171041,-0.022388008593799889,1,0,-1,STABLE,1.329461148576894e-16,6.8506554558727437e-17,1
B1_D2_Guyan,B1,2,Guyan,full-grid,363,5,27,42,0.99851735497146399,0.99826717560994749,-0.022350710927099504,1,0,-1,STABLE,1.2760845195946477e-16,6.8506554558727437e-17,1
B1_D2_Guyan,B1,2,Guyan,full-grid,364,5,28,43,0.99862155481237513,0.99837228575248571,-0.022311180543454951,1,0,-1,STABLE,1.2285588511909321e-16,6.8506554558727437e-17,1
B1_D2_Guyan,B1,2,Guyan,full-grid,365,5,29,44,0.99872444402843741,0.99847613166352955,-0.022269476826942854,1,0,-1,STABLE,4.9022997859884313e-17,6.850655455872745e-17,1
B1_D2_Guyan,B1,2,Guyan,full-grid,366,5,30,45,0.99882596410987201,0.99857865316252736,-0.022225661477854264,1,0,-1,STABLE,2.6512827950606919e-16,6.850655455872745e-17,1
B1_D2_Guyan,B1,2,Guyan,full-grid,367,5,31,46,0.99892606018980468,0.99867979366506099,-0.02217979827313149,1,0,-1,STABLE,2.0233621620164272e-16,6.8506554558727437e-17,1
B1_D2_Guyan,B1,2,Guyan,full-grid,368,5,32,47,0.99902468111359211,0.99877950025937423,-0.022131952822766573,1,0,-1,STABLE,2.9638374164340485e-16,6.850655455872745e-17,1
B1_D2_Guyan,B1,2,Guyan,full-grid,369,5,33,48,0.99912177948907299,0.99887772376381556,-0.022082192323912585,1,0,-1,STABLE,1.8089306967348365e-16,6.8506554558727437e-17,1
B1_D2_Guyan,B1,2,Guyan,full-grid,370,5,34,49,0.99921731171770467,0.99897441876510196,-0.022030585314134408,1,0,-1,STABLE,6.7083694064113551e-17,6.8506554558727437e-17,1
B1_D2_Guyan,B1,2,Guyan,full-grid,371,5,35,50,0.99931123800698507,0.99906954363774592,-0.02197720142600805,1,0,-1,STABLE,2.6498293668377157e-16,6.850655455872745e-17,1
B1_D2_Guyan,B1,2,Guyan,full-grid,372,5,36,51,0.99940352236447882,0.99916306054492587,-0.021922111144328849,1,0,-1,STABLE,1.1469760829424691e-16,6.8506554558727437e-17,1
B1_D2_Guyan,B1,2,Guyan,full-grid,373,5,37,52,0.99949413257418185,0.99925493542147892,-0.021865385567878971,1,0,-1,STABLE,3.5760848764363632e-16,6.850655455872745e-17,1
B1_D2_Guyan,B1,2,Guyan,full-grid,374,5,38,53,0.99958304015595045,0.9993451379397067,-0.021807096177188991,1,0,-1,STABLE,3.6349859594197442e-16,6.8506554558727437e-17,1
B1_D2_Guyan,B1,2,Guyan,full-grid,375,5,39,54,0.99967022030893349,0.99943364145889602,-0.021747314609446573,1,0,-1,STABLE,1.6928832509868454e-16,6.850655455872745e-17,1
B1_D2_Guyan,B1,2,Guyan,full-grid,376,5,40,55,0.99975565184011295,0.99952042295962573,-0.021686112442300468,1,0,-1,STABLE,1.5719341783045344e-16,6.850655455872745e-17,1
B1_D2_Guyan,B1,2,Guyan,full-grid,377,5,41,56,0.99983931707907803,0.99960546296395458,-0.021623560987388452,1,0,-1,STABLE,2.9402224613560707e-16,6.8506554558727437e-17,1
B1_D2_Guyan,B1,2,Guyan,full-grid,378,5,42,57,0.99992120178034416,0.99968874544278807,-0.021559731094617313,1,0,-1,STABLE,2.6083717573181633e-16,6.8506554558727437e-17,1
B1_D2_Guyan,B1,2,Guyan,full-grid,379,5,43,58,1.0000012950144108,0.99977025771159433,-0.021494692968054833,0,0,1,UNSTABLE,1.529747075174754e-16,6.8506554558727437e-17,1
B1_D2_Guyan,B1,2,Guyan,full-grid,380,5,44,59,1.000079589049107,0.99984999031600807,-0.021428515994100939,0,0,1,UNSTABLE,2.0608204244544025e-16,6.8506554558727437e-17,1
B1_D2_Guyan,B1,2,Guyan,full-grid,381,5,45,60,1.000156079222408,0.99992793690849857,-0.021361268582491686,0,0,1,UNSTABLE,1.6230836609050548e-16,6.850655455872745e-17,1
B1_D2_Guyan,B1,2,Guyan,full-grid,382,5,46,61,1.0002307638082277,1.000004094117608,-0.021293018020299637,0,0,1,UNSTABLE,2.2227691265806712e-16,6.850655455872745e-17,1
B1_D2_Guyan,B1,2,Guyan,full-grid,383,5,47,62,1.0003036438764767,1.0000784614110449,-0.0212238303393609,0,0,1,UNSTABLE,2.345453066316579e-16,6.8506554558727437e-17,1
B1_D2_Guyan,B1,2,Guyan,full-grid,384,5,48,63,1.0003747231487143,1.0001510409539751,-0.021153770196987536,0,0,1,UNSTABLE,1.968527305808394e-16,6.850655455872745e-17,1
B1_D2_Guyan,B1,2,Guyan,full-grid,385,5,49,64,1.0004440078506902,1.0002218374638061,-0.021082900770032036,0,0,1,UNSTABLE,1.9281010162760181e-16,6.8506554558727437e-17,1
B1_D2_Guyan,B1,2,Guyan,full-grid,386,5,50,65,1.0005115065628793,1.0002908580625944,-0.021011283661899464,0,0,1,UNSTABLE,4.3579481030450026e-16,6.8506554558727437e-17,1
B1_D2_Guyan,B1,2,Guyan,full-grid,387,5,51,66,1.0005772300702707,1.0003581121283385,-0.020938978822331034,0,0,1,UNSTABLE,2.1293169813633096e-16,6.850655455872745e-17,1
B1_D2_Guyan,B1,2,Guyan,full-grid,388,5,52,67,1.0006411912123327,1.0004236111461011,-0.020866044479753314,0,0,1,UNSTABLE,2.2609722015240026e-16,6.8506554558727437e-17,1
B1_D2_Guyan,B1,2,Guyan,full-grid,389,5,53,68,1.0007034047341623,1.0004873685599978,-0.020792537085118003,0,0,1,UNSTABLE,1.483765958879852e-16,6.850655455872745e-17,1
B1_D2_Guyan,B1,2,Guyan,full-grid,390,5,54,69,1.0007638871396793,1.0005493996269166,-0.020718511267416528,0,0,1,UNSTABLE,1.8005049348038351e-16,6.8506554558727437e-17,1
B1_D2_Guyan,B1,2,Guyan,full-grid,391,5,55,70,1.0008226565475913,1.0006097212727298,-0.020644019799635854,0,0,1,UNSTABLE,2.1011458836653325e-16,6.850655455872745e-17,1
B1_D2_Guyan,B1,2,Guyan,full-grid,392,5,56,71,1.0008797325508441,1.0006683519517314,-0.020569113574844949,0,0,1,UNSTABLE,2.2257947597880205e-16,6.850655455872745e-17,1
B1_D2_Guyan,B1,2,Guyan,full-grid,393,5,57,72,1.0009351360801071,1.0007253115098662,-0.020493841591647289,0,0,1,UNSTABLE,1.5108354246899575e-16,6.8506554558727437e-17,1
B1_D2_Guyan,B1,2,Guyan,full-grid,394,5,58,73,1.0009888892718328,1.0007806210523178,-0.020418250948470645,0,0,1,UNSTABLE,5.5524682132407372e-16,6.8506554558727437e-17,1
B1_D2_Guyan,B1,2,Guyan,full-grid,395,5,59,74,1.0010410153411931,1.0008343028157838,-0.020342386845469573,0,0,1,UNSTABLE,3.6796326668801238e-16,6.8506554558727437e-17,1
B1_D2_Guyan,B1,2,Guyan,full-grid,396,5,60,75,1.0010915384603396,1.0008863800458969,-0.020266292594113226,0,0,1,UNSTABLE,1.682805275219893e-16,6.8506554558727437e-17,1
B1_D2_Guyan,B1,2,Guyan,full-grid,397,5,61,76,1.001140483642154,1.0009368768799856,-0.020190009633148109,0,0,1,UNSTABLE,3.7989537475873194e-16,6.850655455872745e-17,1
B1_D2_Guyan,B1,2,Guyan,full-grid,398,5,62,77,1.0011878766296518,1.0009858182353613,-0.020113577550385991,0,0,1,UNSTABLE,6.3802217926868597e-16,6.850655455872745e-17,1
B1_D2_Guyan,B1,2,Guyan,full-grid,399,5,63,78,1.001233743791256,1.0010332297033551,-0.020037034109979229,0,0,1,UNSTABLE,7.4433171072318862e-16,6.8506554558727437e-17,1
B1_D2_Guyan,B1,2,Guyan,full-grid,400,5,64,79,1.0012781120218808,1.0010791374490744,-0.019960415284243076,0,0,1,UNSTABLE,3.4126177009227737e-16,6.850655455872745e-17,1
B1_D2_Guyan,B1,2,Guyan,full-grid,401,5,65,80,1.0013210086498527,1.0011235681169182,-0.01988375528939865,0,0,1,UNSTABLE,1.8461534048343404e-16,6.8506554558727437e-17,1
B1_D2_Guyan,B1,2,Guyan,full-grid,402,5,66,81,1.0013624613497627,1.001166548741961,-0.019807086624882002,0,0,1,UNSTABLE,1.9851569335881613e-16,6.8506554558727437e-17,1
B1_D2_Guyan,B1,2,Guyan,full-grid,403,6,0,16,0.99647666621170516,0.99299700202917629,-0.083202765972425874,1,0,-1,STABLE,1.2393247858073769e-16,8.8843936914985139e-17,1
B1_D2_Guyan,B1,2,Guyan,full-grid,404,6,1,17,0.99674417168240526,0.99326151944051466,-0.083249611299778828,1,0,-1,STABLE,1.4256472027469508e-16,6.850655455872745e-17,1
B1_D2_Guyan,B1,2,Guyan,full-grid,405,6,2,18,0.99701407547619503,0.99353048905661379,-0.083272048206932944,1,0,-1,STABLE,2.5355365459457779e-16,6.850655455872745e-17,1
B1_D2_Guyan,B1,2,Guyan,full-grid,406,6,3,19,0.99728369914272275,0.99380126037676697,-0.083269631014805792,1,0,-1,STABLE,1.7926764084214403e-16,6.8506554558727437e-17,1
B1_D2_Guyan,B1,2,Guyan,full-grid,407,6,4,20,0.99755035563678607,0.99407114167561494,-0.083242280836230143,1,0,-1,STABLE,2.2894126891555128e-16,6.850655455872745e-17,1
B1_D2_Guyan,B1,2,Guyan,full-grid,408,6,5,21,0.99781141466241075,0.99433746561935155,-0.083190286069265831,1,0,-1,STABLE,1.3144186575584718e-16,6.8506554558727437e-17,1
B1_D2_Guyan,B1,2,Guyan,full-grid,409,6,6,22,0.99806436463160952,0.99459765281931534,-0.08311428850568893,1,0,-1,STABLE,2.2993727680439206e-16,6.8506554558727437e-17,1
B1_D2_Guyan,B1,2,Guyan,full-grid,410,6,7,23,0.99830686776228417,0.99484926970875898,-0.08301525631648278,1,0,-1,STABLE,1.2793707853246635e-16,6.8506554558727437e-17,1
B1_D2_Guyan,B1,2,Guyan,full-grid,411,6,8,24,0.99853680556063007,0.99509007775985459,-0.082894446153612217,1,0,-1,STABLE,3.6076890116304124e-16,6.8506554558727437e-17,1
B1_D2_Guyan,B1,2,Guyan,full-grid,412,6,9,25,0.99875231288667976,0.995318071952221,-0.082753357284195903,1,0,-1,STABLE,1.5965435848254484e-16,6.8506554558727437e-17,1
B1_D2_Guyan,B1,2,Guyan,full-grid,413,6,10,26,0.99895179984121707,0.99553150742044227,-0.082593680988250484,1,0,-1,STABLE,2.8432037528597266e-16,6.8506554558727437e-17,1
B1_D2_Guyan,B1,2,Guyan,full-grid,414,6,11,27,0.99913396169610258,0.99572891420242482,-0.082417248412023886,1,0,-1,STABLE,1.1338204077745854e-16,6.8506554558727437e-17,1
B1_D2_Guyan,B1,2,Guyan,full-grid,415,6,12,28,0.99929777790670349,0.99590910086530315,-0.082225979732311494,1,0,-1,STABLE,8.3083197113302038e-17,6.850655455872745e-17,1
B1_D2_Guyan,B1,2,Guyan,full-grid,416,6,13,29,0.99944250182750671,0.99607114842415512,-0.0820218369473069,1,0,-1,STABLE,7.6334806495618114e-17,6.8506554558727437e-17,1
B1_D2_Guyan,B1,2,Guyan,full-grid,417,6,14,30,0.99956764308098356,0.9962143963619412,-0.081806781966325792,1,0,-1,STABLE,1.3425983951568557e-16,6.850655455872745e-17,1
B1_D2_Guyan,B1,2,Guyan,full-grid,418,6,15,31,0.99967294462466638,0.9963384227170724,-0.081582741019210064,1,0,-1,STABLE,1.2596474873534105e-16,6.8506554558727437e-17,1
B1_D2_Guyan,B1,2,Guyan,full-grid,419,6,16,32,0.99975835646832212,0.99644302016745856,-0.08135157581629443,1,0,-1,STABLE,2.5934658585044771e-16,6.8506554558727437e-17,1
B1_D2_Guyan,B1,2,Guyan,full-grid,420,6,17,33,0.99982400776892011,0.9965281698599302,-0.081115061404917657,1,0,-1,STABLE,1.1737900686222235e-16,6.850655455872745e-17,1
B1_D2_Guyan,B1,2,Guyan,full-grid,421,6,18,34,0.99987017873287853,0.99659401446719076,-0.080874870308936295,1,0,-1,STABLE,1.2573081641279382e-16,6.850655455872745e-17,1
B1_D2_Guyan,B1,2,Guyan,full-grid,422,6,19,35,0.99989727343094625,0.9966408316497537,-0.080632562300398239,1,0,-1,STABLE,1.5717167462890614e-16,6.8506554558727437e-17,1
B1_D2_Guyan,B1,2,Guyan,full-grid,423,6,20,36,0.99990579431764293,0.99666900879590914,-0.080389579024750968,1,0,-1,STABLE,9.6242830912787029e-17,6.850655455872745e-17,1
B1_D2_Guyan,B1,2,Guyan,full-grid,424,6,21,37,0.99989631896758746,0.99667901963424044,-0.080147242659124998,1,0,-1,STABLE,1.0407182109804462e-16,6.8506554558727437e-17,1
B1_D2_Guyan,B1,2,Guyan,full-grid,425,6,22,38,0.9998694793074816,0.9966714030749988,-0.079906757806381984,1,0,-1,STABLE,8.8671177826418875e-17,6.8506554558727437e-17,1
B1_D2_Guyan,B1,2,Guyan,full-grid,426,6,23,39,0.9998259434392649,0.99664674444520307,-0.079669215892930426,1,0,-1,STABLE,1.6535470489645644e-16,6.8506554558727437e-17,1
B1_D2_Guyan,B1,2,Guyan,full-grid,427,6,24,40,0.99976640001388306,0.99660565913633747,-0.079435601427483807,1,0,-1,STABLE,2.3706926391992804e-16,6.8506554558727437e-17,1
B1_D2_Guyan,B1,2,Guyan,full-grid,428,6,25,41,0.99969154502133128,0.99654877857915303,-0.07920679957891831,1,0,-1,STABLE,1.9878015206937729e-16,6.8506554558727437e-17,1
B1_D2_Guyan,B1,2,Guyan,full-grid,429,6,26,42,0.99960207080368446,0.99647673839105488,-0.078983604631209778,1,0,-1,STABLE,3.1116046615190443e-16,6.8506554558727437e-17,1
B1_D2_Guyan,B1,2,Guyan,full-grid,430,6,27,43,0.99949865706601593,0.99639016850034001,-0.078766728969999603,1,0,-1,STABLE,1.1735763821130038e-16,6.8506554558727437e-17,1
B1_D2_Guyan,B1,2,Guyan,full-grid,431,6,28,44,0.99938196364922061,0.99628968503257975,-0.078556812340212681,1,0,-1,STABLE,1.3715515069171244e-16,6.850655455872745e-17,1
B1_D2_Guyan,B1,2,Guyan,full-grid,432,6,29,45,0.9992526248321344,0.99617588374076782,-0.078354431190653148,1,0,-1,STABLE,8.4993392709510925e-17,6.8506554558727437e-17,1
B1_D2_Guyan,B1,2,Guyan,full-grid,433,6,30,46,0.99911124494391379,0.99604933476863189,-0.078160107985743923,1,0,-1,STABLE,2.0956842261034494e-16,6.850655455872745e-17,1
B1_D2_Guyan,B1,2,Guyan,full-grid,434,6,31,47,0.99895839508737927,0.99591057855142917,-0.077974320419675822,1,0,-1,STABLE,1.6916641402691296e-16,6.8506554558727437e-17,1
B1_D2_Guyan,B1,2,Guyan,full-grid,435,6,32,48,0.99903613598159857,0.99879111569320567,-0.022124832414380714,1,0,-1,STABLE,1.4641682892646099e-16,6.8506554558727437e-17,1
B1_D2_Guyan,B1,2,Guyan,full-grid,436,6,33,49,0.99913291275384863,0.99888902057941209,-0.02207491594304924,1,0,-1,STABLE,2.9356688863957838e-16,6.850655455872745e-17,1
B1_D2_Guyan,B1,2,Guyan,full-grid,437,6,34,50,0.99922812279707363,0.99898539600057723,-0.022023168848584893,1,0,-1,STABLE,2.6787034448708721e-16,6.850655455872745e-17,1
B1_D2_Guyan,B1,2,Guyan,full-grid,438,6,35,51,0.99932172722277812,0.99908020124499031,-0.021969660438571962,1,0,-1,STABLE,1.7790421241939128e-16,6.8506554558727437e-17,1
B1_D2_Guyan,B1,2,Guyan,full-grid,439,6,36,52,0.99941369089181853,0.99917339934019966,-0.021914460818317629,1,0,-1,STABLE,1.2522922537957152e-16,6.850655455872745e-17,1
B1_D2_Guyan,B1,2,Guyan,full-grid,440,6,37,53,0.99950398238804272,0.99926495703311646,-0.02185764065860369,1,0,-1,STABLE,1.7598804340328445e-16,6.8506554558727437e-17,1
B1_D2_Guyan,B1,2,Guyan,full-grid,441,6,38,54,0.99959257397570112,0.99935484475364,-0.021799270969362183,1,0,-1,STABLE,2.1179888810185227e-16,6.8506554558727437e-17,1
B1_D2_Guyan,B1,2,Guyan,full-grid,442,6,39,55,0.99967944154156818,0.99944303656270095,-0.021739422880778646,1,0,-1,STABLE,1.9543695167141872e-16,6.8506554558727437e-17,1
B1_D2_Guyan,B1,2,Guyan,full-grid,443,6,40,56,0.99976456452275397,0.99952951008568025,-0.021678167432967334,1,0,-1,STABLE,2.9050704200462799e-16,6.8506554558727437e-17,1
B1_D2_Guyan,B1,2,Guyan,full-grid,444,6,41,57,0.99984792582135684,0.99961424643232866,-0.021615575375111579,1,0,-1,STABLE,2.1709600028252146e-16,6.8506554558727437e-17,1
B1_D2_Guyan,B1,2,Guyan,full-grid,445,6,42,58,0.99992951170720445,0.99969723010440492,-0.021551716975421575,1,0,-1,STABLE,3.484888416700836e-16,6.8506554558727437e-17,1
B1_D2_Guyan,B1,2,Guyan,full-grid,446,6,43,59,1.0000093117098272,0.99977844889217582,-0.021486661842114143,0,0,1,UNSTABLE,1.9803114005844197e-16,6.8506554558727437e-17,1
B1_D2_Guyan,B1,2,Guyan,full-grid,447,6,44,60,1.0000873185011494,0.99985789376123591,-0.021420478756656914,0,0,1,UNSTABLE,3.4144733310299304e-16,6.850655455872745e-17,1
B1_D2_Guyan,B1,2,Guyan,full-grid,448,6,45,61,1.000163527769997,0.99993555873075479,-0.021353235519216744,0,0,1,UNSTABLE,3.1430251461626452e-16,6.8506554558727437e-17,1
B1_D2_Guyan,B1,2,Guyan,full-grid,449,6,46,62,1.0002379380899704,1.0000114407446861,-0.021284998806968033,0,0,1,UNSTABLE,1.7584641642258434e-16,6.850655455872745e-17,1
B1_D2_Guyan,B1,2,Guyan,full-grid,450,6,47,63,1.0003105507817536,1.0000855395370225,-0.021215834045298514,0,0,1,UNSTABLE,2.354626060434386e-16,6.8506554558727437e-17,1
B1_D2_Guyan,B1,2,Guyan,full-grid,451,6,48,64,1.0003813697713375,1.0001578574925696,-0.021145805292076322,0,0,1,UNSTABLE,1.9134320524425405e-16,6.8506554558727437e-17,1
B1_D2_Guyan,B1,2,Guyan,full-grid,452,6,49,65,1.0004504014451641,1.0002283995042667,-0.021074975134573681,0,0,1,UNSTABLE,3.1802558518970435e-16,6.850655455872745e-17,1
B1_D2_Guyan,B1,2,Guyan,full-grid,453,6,50,66,1.0005176545035441,1.0002971728284085,-0.021003404599410445,0,0,1,UNSTABLE,2.1073641283023017e-16,6.850655455872745e-17,1
B1_D2_Guyan,B1,2,Guyan,full-grid,454,6,51,67,1.000583139813227,1.0003641869386686,-0.020931153074602516,0,0,1,UNSTABLE,2.3676062779133586e-16,6.8506554558727437e-17,1
B1_D2_Guyan,B1,2,Guyan,full-grid,455,6,52,68,1.0006468702602822,1.000429453380101,-0.020858278243670935,0,0,1,UNSTABLE,4.9244239218411242e-16,6.850655455872745e-17,1
B1_D2_Guyan,B1,2,Guyan,full-grid,456,6,53,69,1.0007088606041492,1.0004929856239877,-0.02078483603143004,0,0,1,UNSTABLE,1.3501087727571697e-16,6.8506554558727437e-17,1
B1_D2_Guyan,B1,2,Guyan,full-grid,457,6,54,70,1.000769127333645,1.0005547989243526,-0.020710880560562396,0,0,1,UNSTABLE,1.9982091981569526e-16,6.8506554558727437e-17,1
B1_D2_Guyan,B1,2,Guyan,full-grid,458,6,55,71,1.0008276885257643,1.0006149101769874,-0.020636464118723698,0,0,1,UNSTABLE,1.805023943839699e-16,6.8506554558727437e-17,1
B1_D2_Guyan,B1,2,Guyan,full-grid,459,6,56,72,1.0008845637077939,1.000673337781544,-0.020561637135332905,0,0,1,UNSTABLE,1.6939552524970945e-16,6.8506554558727437e-17,1
B1_D2_Guyan,B1,2,Guyan,full-grid,460,6,57,73,1.0009397737234436,1.0007301015074024,-0.020486448167575281,0,0,1,UNSTABLE,1.5523385352354072e-16,6.8506554558727437e-17,1
B1_D2_Guyan,B1,2,Guyan,full-grid,461,6,58,74,1.0009933406033338,1.0007852223636919,-0.020410943894823078,0,0,1,UNSTABLE,2.6588619955142851e-16,6.8506554558727437e-17,1
B1_D2_Guyan,B1,2,Guyan,full-grid,462,6,59,75,1.0010452874403659,1.0008387224740012,-0.020335169120865533,0,0,1,UNSTABLE,2.5729306875561277e-16,6.8506554558727437e-17,1
B1_D2_Guyan,B1,2,Guyan,full-grid,463,6,60,76,1.0010956382701526,1.0008906249559817,-0.020259166783183909,0,0,1,UNSTABLE,2.0026143220377621e-16,6.850655455872745e-17,1
B1_D2_Guyan,B1,2,Guyan,full-grid,464,6,61,77,1.0011444179568405,1.0009409538061949,-0.020182977968722302,0,0,1,UNSTABLE,3.8736147198138763e-16,6.8506554558727437e-17,1
B1_D2_Guyan,B1,2,Guyan,full-grid,465,6,62,78,1.0011916520845188,1.0009897337904174,-0.020106641935368694,0,0,1,UNSTABLE,5.1889431894419768e-16,6.850655455872745e-17,1
B1_D2_Guyan,B1,2,Guyan,full-grid,466,6,63,79,1.0012373668542298,1.0010369903394367,-0.020030196138679953,0,0,1,UNSTABLE,2.90189049310067e-16,6.8506554558727437e-17,1
B1_D2_Guyan,B1,2,Guyan,full-grid,467,6,64,80,1.0012815889867031,1.0010827494504766,-0.019953676263062832,0,0,1,UNSTABLE,4.444401320736372e-16,6.8506554558727437e-17,1
B1_D2_Guyan,B1,2,Guyan,full-grid,468,6,65,81,1.0013243456308543,1.0011270375943142,-0.019877116256916388,0,0,1,UNSTABLE,2.3464157818034674e-16,6.850655455872745e-17,1
B1_D2_Guyan,B1,2,Guyan,full-grid,469,6,66,82,1.0013656642779247,1.001169881627971,-0.019800548371288557,0,0,1,UNSTABLE,6.5395455688235965e-16,6.850655455872745e-17,1
B1_D2_Guyan,B1,2,Guyan,full-grid,470,7,0,17,0.99780126949812886,0.99435870524475178,-0.082813879972250939,1,0,-1,STABLE,5.1431237596060947e-16,8.8843936914985139e-17,1
B1_D2_Guyan,B1,2,Guyan,full-grid,471,7,1,18,0.99806503616888209,0.99461986675442482,-0.082856122768338689,1,0,-1,STABLE,1.9893907504638783e-16,6.850655455872745e-17,1
B1_D2_Guyan,B1,2,Guyan,full-grid,472,7,2,19,0.99833049561761289,0.99488472385357407,-0.082874391237018397,1,0,-1,STABLE,1.3437711206792247e-16,6.8506554558727437e-17,1
B1_D2_Guyan,B1,2,Guyan,full-grid,473,7,3,20,0.99859504302397861,0.99515069044924043,-0.082868348906332531,1,0,-1,STABLE,1.6274076402544606e-16,6.850655455872745e-17,1
B1_D2_Guyan,B1,2,Guyan,full-grid,474,7,4,21,0.99885608086892841,0.99541515649293633,-0.082838013695272689,1,0,-1,STABLE,2.3443907234645398e-16,6.8506554558727437e-17,1
B1_D2_Guyan,B1,2,Guyan,full-grid,475,7,5,22,0.99911108090470535,0.99567555049841194,-0.082783755207485488,1,0,-1,STABLE,1.3426622975851774e-16,6.8506554558727437e-17,1
B1_D2_Guyan,B1,2,Guyan,full-grid,476,7,6,23,0.99935764217995904,0.99592939933936431,-0.082706278570734246,1,0,-1,STABLE,1.8867972190660035e-16,6.850655455872745e-17,1
B1_D2_Guyan,B1,2,Guyan,full-grid,477,7,7,24,0.9995935419685017,0.99617438202721509,-0.082606596212596042,1,0,-1,STABLE,2.0567335959548621e-16,6.8506554558727437e-17,1
B1_D2_Guyan,B1,2,Guyan,full-grid,478,7,8,25,0.99981677717356199,0.99640837481428401,-0.082485989826670492,1,0,-1,STABLE,2.920515075464368e-16,6.8506554558727437e-17,1
B1_D2_Guyan,B1,2,Guyan,full-grid,479,7,9,26,1.0000255946934276,0.9966294858330611,-0.082345965353934653,0,0,1,UNSTABLE,2.8984018033463416e-16,6.8506554558727437e-17,1
B1_D2_Guyan,B1,2,Guyan,full-grid,480,7,10,27,1.000218510203809,0.99683607843591848,-0.082188204036995949,0,0,1,UNSTABLE,4.6554763725364562e-16,6.8506554558727437e-17,1
B1_D2_Guyan,B1,2,Guyan,full-grid,481,7,11,28,1.0003943157108368,0.99702678331290739,-0.082014512516202176,0,0,1,UNSTABLE,1.3136437944158073e-16,6.8506554558727437e-17,1
B1_D2_Guyan,B1,2,Guyan,full-grid,482,7,12,29,1.0005520769587779,0.9972005002343387,-0.081826774584538201,0,0,1,UNSTABLE,3.3187820826303361e-16,6.850655455872745e-17,1
B1_D2_Guyan,B1,2,Guyan,full-grid,483,7,13,30,1.0006911222850186,0.99735639082718741,-0.08162690669268606,0,0,1,UNSTABLE,2.4412772303412692e-16,6.8506554558727437e-17,1
B1_D2_Guyan,B1,2,Guyan,full-grid,484,7,14,31,1.0008110247882975,0.99749386412781038,-0.081416818687368483,0,0,1,UNSTABLE,2.3103478936688051e-16,6.8506554558727437e-17,1
B1_D2_Guyan,B1,2,Guyan,full-grid,485,7,15,32,1.0009115797377848,0.99761255677300376,-0.08119838066130633,0,0,1,UNSTABLE,8.0336758165049526e-17,6.8506554558727437e-17,1
B1_D2_Guyan,B1,2,Guyan,full-grid,486,7,16,33,1.0009927790440916,0.99771230963533819,-0.080973396251686189,0,0,1,UNSTABLE,7.7675588750433829e-17,6.8506554558727437e-17,1
B1_D2_Guyan,B1,2,Guyan,full-grid,487,7,17,34,1.0010547843917221,0.99779314252677209,-0.080743582284328069,0,0,1,UNSTABLE,2.5704161323476594e-16,6.850655455872745e-17,1
B1_D2_Guyan,B1,2,Guyan,full-grid,488,7,18,35,1.0010979003480802,0.99785522833805529,-0.080510554337566917,0,0,1,UNSTABLE,4.421102254999127e-16,6.8506554558727437e-17,1
B1_D2_Guyan,B1,2,Guyan,full-grid,489,7,19,36,1.0011225484596609,0.99789886769379077,-0.080275817590455906,0,0,1,UNSTABLE,1.7363715949114835e-16,6.850655455872745e-17,1
B1_D2_Guyan,B1,2,Guyan,full-grid,490,7,20,37,1.0011292430550152,0.99792446491956688,-0.080040762208411512,0,0,1,UNSTABLE,1.425005859069354e-16,6.8506554558727437e-17,1
B1_D2_Guyan,B1,2,Guyan,full-grid,491,7,21,38,1.0011185692148838,0.99793250585855509,-0.079806662489550234,0,0,1,UNSTABLE,2.1510939815207533e-16,6.8506554558727437e-17,1
B1_D2_Guyan,B1,2,Guyan,full-grid,492,7,22,39,1.0010911631559933,0.99792353785653687,-0.079574679018596328,0,0,1,UNSTABLE,2.3563484380591018e-16,6.850655455872745e-17,1
B1_D2_Guyan,B1,2,Guyan,full-grid,493,7,23,40,1.0010476951061318,0.99789815205738763,-0.079345863142005618,0,0,1,UNSTABLE,2.4439487496365434e-16,6.8506554558727437e-17,1
B1_D2_Guyan,B1,2,Guyan,full-grid,494,7,24,41,1.0009888546246528,0.99785696801837576,-0.079121163160995364,0,0,1,UNSTABLE,1.8944900781801649e-16,6.8506554558727437e-17,1
B1_D2_Guyan,B1,2,Guyan,full-grid,495,7,25,42,1.0009153382370706,0.99780062055918661,-0.07890143173562611,0,0,1,UNSTABLE,1.7924903741292401e-16,6.8506554558727437e-17,1
B1_D2_Guyan,B1,2,Guyan,full-grid,496,7,26,43,1.0008278391994603,0.99772974869630626,-0.078687434086175151,0,0,1,UNSTABLE,3.7207506161633549e-16,6.8506554558727437e-17,1
B1_D2_Guyan,B1,2,Guyan,full-grid,497,7,27,44,1.0007270391806842,0.99764498647797661,-0.07847985666842372,0,0,1,UNSTABLE,1.1860898208959258e-16,6.8506554558727437e-17,1
B1_D2_Guyan,B1,2,Guyan,full-grid,498,7,28,45,1.0006136016413389,0.99754695551839789,-0.07827931607792768,0,0,1,UNSTABLE,2.3204409301694294e-16,6.850655455872745e-17,1
B1_D2_Guyan,B1,2,Guyan,full-grid,499,7,29,46,1.0004881666937231,0.99743625902868072,-0.078086368010283763,0,0,1,UNSTABLE,2.5297913279274572e-16,6.8506554558727437e-17,1
B1_D2_Guyan,B1,2,Guyan,full-grid,500,7,30,47,1.0003513472401866,0.99731347714993102,-0.077901516162205184,0,0,1,UNSTABLE,2.558047874906242e-16,6.8506554558727437e-17,1
B1_D2_Guyan,B1,2,Guyan,full-grid,501,7,31,48,1.0002037262082757,0.99717916341038138,-0.077725221010242596,0,0,1,UNSTABLE,1.4895273595651673e-16,6.8506554558727437e-17,1
B1_D2_Guyan,B1,2,Guyan,full-grid,502,7,32,49,1.0000458547240267,0.99703384214795931,-0.077557908445157142,0,0,1,UNSTABLE,1.6392731209818455e-16,6.8506554558727437e-17,1
B1_D2_Guyan,B1,2,Guyan,full-grid,503,7,33,50,0.9998782510908204,0.99687800676275673,-0.077399978276164808,1,0,-1,STABLE,1.3701467538569639e-16,6.850655455872745e-17,1
B1_D2_Guyan,B1,2,Guyan,full-grid,504,7,34,51,0.99970140046849998,0.99671211868873111,-0.07725181264993812,1,0,-1,STABLE,1.5090402791128667e-16,6.8506554558727437e-17,1
B1_D2_Guyan,B1,2,Guyan,full-grid,505,7,35,52,0.99951575517582991,0.99653660700024527,-0.077113784456142712,1,0,-1,STABLE,1.8057210412406959e-16,6.850655455872745e-17,1
B1_D2_Guyan,B1,2,Guyan,full-grid,506,7,36,53,0.99942386125502458,0.99918374013354372,-0.021906800283148824,1,0,-1,STABLE,2.6437309632426004e-16,6.8506554558727437e-17,1
B1_D2_Guyan,B1,2,Guyan,full-grid,507,7,37,54,0.99951383409878225,0.99927498068941545,-0.021849886109921047,1,0,-1,STABLE,2.1515010338028119e-16,6.8506554558727437e-17,1
B1_D2_Guyan,B1,2,Guyan,full-grid,508,7,38,55,0.99960210978537911,0.99936455369213006,-0.021791436646320172,1,0,-1,STABLE,2.821994198158372e-16,6.850655455872745e-17,1
B1_D2_Guyan,B1,2,Guyan,full-grid,509,7,39,56,0.99968866488319474,0.99945243389823624,-0.021731522515375062,1,0,-1,STABLE,3.4116401000548458e-16,6.8506554558727437e-17,1
B1_D2_Guyan,B1,2,Guyan,full-grid,510,7,40,57,0.99977347945383355,0.99953859957226221,-0.021670214220118032,1,0,-1,STABLE,8.749128417073859e-17,6.8506554558727437e-17,1
B1_D2_Guyan,B1,2,Guyan,full-grid,511,7,41,58,0.9998565369666651,0.99962303240637529,-0.021607581948357026,1,0,-1,STABLE,1.9806696968565824e-16,6.8506554558727437e-17,1
B1_D2_Guyan,B1,2,Guyan,full-grid,512,7,42,59,0.99993782420202182,0.99970571742833614,-0.021543695387959673,1,0,-1,STABLE,1.9384440124797389e-16,6.8506554558727437e-17,1
B1_D2_Guyan,B1,2,Guyan,full-grid,513,7,43,60,1.0000173311441436,0.99978664289883046,-0.021478623553245216,0,0,1,UNSTABLE,2.4458812446812951e-16,6.8506554558727437e-17,1
B1_D2_Guyan,B1,2,Guyan,full-grid,514,7,44,61,1.0000950508651352,0.9998658001994376,-0.02141243462280068,0,0,1,UNSTABLE,2.1725755553536953e-16,6.850655455872745e-17,1
B1_D2_Guyan,B1,2,Guyan,full-grid,515,7,45,62,1.0001709794012879,0.99994318371257218,-0.021345195789609642,0,0,1,UNSTABLE,2.3107574106882017e-16,6.8506554558727437e-17,1
B1_D2_Guyan,B1,2,Guyan,full-grid,516,7,46,63,1.0002451156228978,1.0000187906945375,-0.021276973123521798,0,0,1,UNSTABLE,5.4845230357324807e-16,6.8506554558727437e-17,1
B1_D2_Guyan,B1,2,Guyan,full-grid,517,7,47,64,1.0003174610989332,1.0000926211430459,-0.021207831446132905,0,0,1,UNSTABLE,3.315277918119983e-16,6.8506554558727437e-17,1
B1_D2_Guyan,B1,2,Guyan,full-grid,518,7,48,65,1.000388019957686,1.0001646776603399,-0.021137834218479291,0,0,1,UNSTABLE,2.5612362027789326e-16,6.8506554558727437e-17,1
B1_D2_Guyan,B1,2,Guyan,full-grid,519,7,49,66,1.0004567987446271,1.0002349653131493,-0.021067043441134074,0,0,1,UNSTABLE,1.6585180577555821e-16,6.850655455872745e-17,1
B1_D2_Guyan,B1,2,Guyan,full-grid,520,7,50,67,1.0005238062785342,1.0003034914905653,-0.020995519566567127,0,0,1,UNSTABLE,3.9339870704316935e-16,6.8506554558727437e-17,1
B1_D2_Guyan,B1,2,Guyan,full-grid,521,7,51,68,1.0005890535069093,1.000370265760862,-0.020923321423600285,0,0,1,UNSTABLE,2.7105975733301082e-16,6.850655455872745e-17,1
B1_D2_Guyan,B1,2,Guyan,full-grid,522,7,52,69,1.0006525533617452,1.0004352997283334,-0.02085050615355933,0,0,1,UNSTABLE,2.8315140600942229e-16,6.8506554558727437e-17,1
B1_D2_Guyan,B1,2,Guyan,full-grid,523,7,53,70,1.0007143206163844,1.0004986068909272,-0.020777129157467277,0,0,1,UNSTABLE,3.5925638548518175e-16,6.8506554558727437e-17,1
B1_D2_Guyan,B1,2,Guyan,full-grid,524,7,54,71,1.0007743717443824,1.0005602024995812,-0.020703244054019659,0,0,1,UNSTABLE,2.9305550959908851e-16,6.850655455872745e-17,1
B1_D2_Guyan,B1,2,Guyan,full-grid,525,7,55,72,1.0008327247810256,1.0006201034199571,-0.020628902647655621,0,0,1,UNSTABLE,3.8904979640138785e-16,6.8506554558727437e-17,1
B1_D2_Guyan,B1,2,Guyan,full-grid,526,7,56,73,1.0008893991881709,1.0006783279972389,-0.020554154906189587,0,0,1,UNSTABLE,2.113099136311474e-16,6.8506554558727437e-17,1
B1_D2_Guyan,B1,2,Guyan,full-grid,527,7,57,74,1.0009444157229044,1.0007348959245328,-0.020479048947175772,0,0,1,UNSTABLE,1.5536992992864081e-16,6.8506554558727437e-17,1
B1_D2_Guyan,B1,2,Guyan,full-grid,528,7,58,75,1.0009977963105445,1.0007898281153973,-0.020403631032737336,0,0,1,UNSTABLE,1.8721745434344971e-16,6.8506554558727437e-17,1
B1_D2_Guyan,B1,2,Guyan,full-grid,529,7,59,76,1.0010495639222701,1.0008431465808223,-0.020327945571686927,0,0,1,UNSTABLE,3.8208194850319124e-16,6.8506554558727437e-17,1
B1_D2_Guyan,B1,2,Guyan,full-grid,530,7,60,77,1.0010997424578247,1.0008948743111135,-0.020252035128928453,0,0,1,UNSTABLE,1.9269294236460748e-16,6.850655455872745e-17,1
B1_D2_Guyan,B1,2,Guyan,full-grid,531,7,61,78,1.0011483566333776,1.0009450351627911,-0.020175940440820491,0,0,1,UNSTABLE,5.8566966467392284e-16,6.8506554558727437e-17,1
B1_D2_Guyan,B1,2,Guyan,full-grid,532,7,62,79,1.0011954318748448,1.0009936537508239,-0.020099700436389614,0,0,1,UNSTABLE,3.6944916983003313e-16,6.8506554558727437e-17,1
B1_D2_Guyan,B1,2,Guyan,full-grid,533,7,63,80,1.0012409942166665,1.00104075534621,-0.020023352263495518,0,0,1,UNSTABLE,3.9129049056195281e-16,6.8506554558727437e-17,1
B1_D2_Guyan,B1,2,Guyan,full-grid,534,7,64,81,1.0012850702062426,1.0010863657791242,-0.019946931319519048,0,0,1,UNSTABLE,3.8554492196070402e-16,6.8506554558727437e-17,1
B1_D2_Guyan,B1,2,Guyan,full-grid,535,7,65,82,1.0013276868138534,1.0011305113474809,-0.019870471285660989,0,0,1,UNSTABLE,2.5919665037395662e-16,6.850655455872745e-17,1
B1_D2_Guyan,B1,2,Guyan,full-grid,536,7,66,83,1.0013688713482038,1.0011732187310467,-0.019794004165188058,0,0,1,UNSTABLE,2.2570109569507101e-16,6.8506554558727437e-17,1
B1_D2_Guyan,B1,2,Guyan,full-grid,537,8,0,18,0.99906134184613515,0.99566475043092706,-0.082312025371265488,1,0,-1,STABLE,1.5007989927580839e-16,8.8843936914985139e-17,1
B1_D2_Guyan,B1,2,Guyan,full-grid,538,8,1,19,0.99932078383056333,0.99592192097025634,-0.082350205383144151,1,0,-1,STABLE,2.1623546409046731e-16,6.8506554558727437e-17,1
B1_D2_Guyan,B1,2,Guyan,full-grid,539,8,2,20,0.99958130653985644,0.99618211474496998,-0.082364935780744816,1,0,-1,STABLE,3.7358603857565326e-16,6.850655455872745e-17,1
B1_D2_Guyan,B1,2,Guyan,full-grid,540,8,3,21,0.99984039007339931,0.99644282272556506,-0.082355975258845221,1,0,-1,STABLE,2.0242092640824493e-16,6.8506554558727437e-17,1
B1_D2_Guyan,B1,2,Guyan,full-grid,541,8,4,22,1.0000955347498166,0.99670152639139675,-0.082323422642535865,0,0,1,UNSTABLE,1.3183643627005246e-16,6.8506554558727437e-17,1
B1_D2_Guyan,B1,2,Guyan,full-grid,542,8,5,23,1.0003443194922987,0.99695575687031823,-0.082267711671356644,0,0,1,UNSTABLE,1.0251499899307501e-16,6.8506554558727437e-17,1
B1_D2_Guyan,B1,2,Guyan,full-grid,543,8,6,24,1.0005844559093477,0.99720315089871048,-0.082189593289473062,0,0,1,UNSTABLE,2.4545894772267077e-16,6.8506554558727437e-17,1
B1_D2_Guyan,B1,2,Guyan,full-grid,544,8,7,25,1.000813835230006,0.99744150060897607,-0.082090106899109949,0,0,1,UNSTABLE,1.9496267422726943e-16,6.8506554558727437e-17,1
B1_D2_Guyan,B1,2,Guyan,full-grid,545,8,8,26,1.0010305659591199,0.99766879479041148,-0.081970542793638163,0,0,1,UNSTABLE,1.4709181447324482e-16,6.8506554558727437e-17,1
B1_D2_Guyan,B1,2,Guyan,full-grid,546,8,9,27,1.0012330009805335,0.99788325009180889,-0.081832398465968015,0,0,1,UNSTABLE,1.9280325986182093e-16,6.850655455872745e-17,1
B1_D2_Guyan,B1,2,Guyan,full-grid,547,8,10,28,1.0014197537314875,0.99808333151943907,-0.081677331657509275,0,0,1,UNSTABLE,1.2982298768259244e-16,6.850655455872745e-17,1
B1_D2_Guyan,B1,2,Guyan,full-grid,548,8,11,29,1.0015897038867152,0.99826776241647863,-0.081507112891295835,0,0,1,UNSTABLE,3.814824259406191e-16,6.8506554558727437e-17,1
B1_D2_Guyan,B1,2,Guyan,full-grid,549,8,12,30,1.0017419936432044,0.99843552480051345,-0.08132357988053153,0,0,1,UNSTABLE,4.5947028522983492e-16,6.850655455872745e-17,1
B1_D2_Guyan,B1,2,Guyan,full-grid,550,8,13,31,1.0018760161411795,0.99858585143117362,-0.081128595700893633,0,0,1,UNSTABLE,2.8573514913064099e-16,6.8506554558727437e-17,1
B1_D2_Guyan,B1,2,Guyan,full-grid,551,8,14,32,1.0019913977867654,0.99871821126523119,-0.080924012047431465,0,0,1,UNSTABLE,1.8204426806487533e-16,6.8506554558727437e-17,1
B1_D2_Guyan,B1,2,Guyan,full-grid,552,8,15,33,1.002087976279904,0.99883229004748331,-0.080711638338306857,0,0,1,UNSTABLE,2.1189584769140954e-16,6.850655455872745e-17,1
B1_D2_Guyan,B1,2,Guyan,full-grid,553,8,16,34,1.0021657760392839,0.99892796771950698,-0.080493216932831638,0,0,1,UNSTABLE,3.5194268269971036e-16,6.850655455872745e-17,1
B1_D2_Guyan,B1,2,Guyan,full-grid,554,8,17,35,1.0022249825026461,0.99900529415053141,-0.080270404332103279,0,0,1,UNSTABLE,1.988773994637813e-16,6.8506554558727437e-17,1
B1_D2_Guyan,B1,2,Guyan,full-grid,555,8,18,36,1.0022659165130563,0.99906446445171604,-0.080044757939308875,0,0,1,UNSTABLE,2.3731727096487784e-16,6.850655455872745e-17,1
B1_D2_Guyan,B1,2,Guyan,full-grid,556,8,19,37,1.0022890097186481,0.99910579486686402,-0.079817727769211949,0,0,1,UNSTABLE,4.2802177457526164e-16,6.8506554558727437e-17,1
B1_D2_Guyan,B1,2,Guyan,full-grid,557,8,20,38,1.0022947816432513,0.99912969996888568,-0.079590652399496184,0,0,1,UNSTABLE,2.9787754742223574e-16,6.8506554558727437e-17,1
B1_D2_Guyan,B1,2,Guyan,full-grid,558,8,21,39,1.0022838188470591,0.99913667165296516,-0.079364758431428969,0,0,1,UNSTABLE,1.5744787611195961e-16,6.8506554558727437e-17,1
B1_D2_Guyan,B1,2,Guyan,full-grid,559,8,22,40,1.0022567563988027,0.99912726021512044,-0.079141162754130509,0,0,1,UNSTABLE,3.3551993705615923e-16,6.8506554558727437e-17,1
B1_D2_Guyan,B1,2,Guyan,full-grid,560,8,23,41,1.0022142617262131,0.99910205764280402,-0.078920876967591938,0,0,1,UNSTABLE,1.2028782204594673e-16,6.8506554558727437e-17,1
B1_D2_Guyan,B1,2,Guyan,full-grid,561,8,24,42,1.0021570207979436,0.99906168312180088,-0.078704813400733875,0,0,1,UNSTABLE,2.1652956029374382e-16,6.8506554558727437e-17,1
B1_D2_Guyan,B1,2,Guyan,full-grid,562,8,25,43,1.0020857265117715,0.99900677067631882,-0.078493792248163829,0,0,1,UNSTABLE,3.1734503072890829e-16,6.850655455872745e-17,1
B1_D2_Guyan,B1,2,Guyan,full-grid,563,8,26,44,1.0020010691157506,0.99893795880223601,-0.078288549438149266,0,0,1,UNSTABLE,3.0909058871937159e-16,6.850655455872745e-17,1
B1_D2_Guyan,B1,2,Guyan,full-grid,564,8,27,45,1.001903728463732,0.99885588192033414,-0.078089744926456761,0,0,1,UNSTABLE,1.3760478785569078e-16,6.8506554558727437e-17,1
B1_D2_Guyan,B1,2,Guyan,full-grid,565,8,28,46,1.0017943678991486,0.99876116346185562,-0.077897971185231327,0,0,1,UNSTABLE,3.1653251078554949e-16,6.850655455872745e-17,1
B1_D2_Guyan,B1,2,Guyan,full-grid,566,8,29,47,1.0016736295661333,0.99865441039800862,-0.07771376172079722,0,0,1,UNSTABLE,3.275119342098829e-16,6.8506554558727437e-17,1
B1_D2_Guyan,B1,2,Guyan,full-grid,567,8,30,48,1.0015421309606367,0.99853620903376439,-0.077537599509215543,0,0,1,UNSTABLE,3.6060942346715916e-16,6.8506554558727437e-17,1
B1_D2_Guyan,B1,2,Guyan,full-grid,568,8,31,49,1.0014004625537534,0.99840712190185088,-0.077369925284529656,0,0,1,UNSTABLE,2.1880984321133237e-16,6.850655455872745e-17,1
B1_D2_Guyan,B1,2,Guyan,full-grid,569,8,32,50,1.0012491863421598,0.99826768561236001,-0.077211145652551258,0,0,1,UNSTABLE,1.1256266455240697e-16,6.850655455872745e-17,1
B1_D2_Guyan,B1,2,Guyan,full-grid,570,8,33,51,1.0010888352057774,0.99811840953597197,-0.077061641035225503,0,0,1,UNSTABLE,2.0630755599496907e-16,6.8506554558727437e-17,1
B1_D2_Guyan,B1,2,Guyan,full-grid,571,8,34,52,1.0009199129788489,0.99795977522288781,-0.076921773475846153,0,0,1,UNSTABLE,1.3133657065141445e-16,6.850655455872745e-17,1
B1_D2_Guyan,B1,2,Guyan,full-grid,572,8,35,53,1.0007428951683026,0.9977922364854459,-0.076791894358768667,0,0,1,UNSTABLE,2.3145229543134867e-16,6.8506554558727437e-17,1
B1_D2_Guyan,B1,2,Guyan,full-grid,573,8,36,54,1.0005582302822233,0.9976162200999279,-0.076672352116177872,0,0,1,UNSTABLE,2.9351980728672482e-16,6.8506554558727437e-17,1
B1_D2_Guyan,B1,2,Guyan,full-grid,574,8,37,55,1.0003663417624495,0.9974321271129265,-0.076563500012531593,0,0,1,UNSTABLE,1.5874558451090902e-16,6.8506554558727437e-17,1
B1_D2_Guyan,B1,2,Guyan,full-grid,575,8,38,56,1.0001676305503342,0.99724033477136853,-0.076465704114708766,0,0,1,UNSTABLE,1.2861760034250965e-16,6.8506554558727437e-17,1
B1_D2_Guyan,B1,2,Guyan,full-grid,576,8,39,57,0.99996247835479257,0.99704119913413414,-0.076379351572443285,1,0,-1,STABLE,2.6874471304010342e-16,6.8506554558727437e-17,1
B1_D2_Guyan,B1,2,Guyan,full-grid,577,8,40,58,0.99978239869785135,0.99954769352574424,-0.021662250884759596,1,0,-1,STABLE,1.4087458436346032e-16,6.8506554558727437e-17,1
B1_D2_Guyan,B1,2,Guyan,full-grid,578,8,41,59,0.99986515248079477,0.99963182289384611,-0.021599578777589168,1,0,-1,STABLE,3.4904686860618301e-16,6.850655455872745e-17,1
B1_D2_Guyan,B1,2,Guyan,full-grid,579,8,42,60,0.99994614113421687,0.99971420932594435,-0.021535664396836466,1,0,-1,STABLE,3.3342448541557689e-16,6.850655455872745e-17,1
B1_D2_Guyan,B1,2,Guyan,full-grid,580,8,43,61,1.0000253550928824,0.99979484154891241,-0.021470576164383876,0,0,1,UNSTABLE,3.1463760821218255e-16,6.8506554558727437e-17,1
B1_D2_Guyan,B1,2,Guyan,full-grid,581,8,44,62,1.0001027878253979,0.99987371135657832,-0.02140438165785119,0,0,1,UNSTABLE,2.2867372338110206e-16,6.850655455872745e-17,1
B1_D2_Guyan,B1,2,Guyan,full-grid,582,8,45,63,1.0001784357122037,0.9999508134912245,-0.021337147465139452,0,0,1,UNSTABLE,2.3434350268500133e-16,6.8506554558727437e-17,1
B1_D2_Guyan,B1,2,Guyan,full-grid,583,8,46,64,1.0002522979174546,1.0000261455186039,-0.021268939050934348,0,0,1,UNSTABLE,2.5777615939998443e-16,6.8506554558727437e-17,1
B1_D2_Guyan,B1,2,Guyan,full-grid,584,8,47,65,1.0003243762559464,1.0000997076976232,-0.021199820635480156,0,0,1,UNSTABLE,2.1699958296717652e-16,6.850655455872745e-17,1
B1_D2_Guyan,B1,2,Guyan,full-grid,585,8,48,66,1.0003946750562436,1.0001715028458646,-0.021129855085447995,0,0,1,UNSTABLE,1.5592694143103558e-16,6.850655455872745e-17,1
B1_D2_Guyan,B1,2,Guyan,full-grid,586,8,49,67,1.0004632010211565,1.000241536202092,-0.021059103817065859,0,0,1,UNSTABLE,2.3148292680701422e-16,6.8506554558727437e-17,1
B1_D2_Guyan,B1,2,Guyan,full-grid,587,8,50,68,1.0005299630866145,1.0003098152868115,-0.020987626711161351,0,0,1,UNSTABLE,1.9713735385879264e-16,6.850655455872745e-17,1
B1_D2_Guyan,B1,2,Guyan,full-grid,588,8,51,69,1.0005949722798742,1.0003763497618312,-0.020915482039782343,0,0,1,UNSTABLE,3.0021245170806229e-16,6.8506554558727437e-17,1
B1_D2_Guyan,B1,2,Guyan,full-grid,589,8,52,70,1.0006582415781378,1.000441151289913,-0.020842726404289059,0,0,1,UNSTABLE,1.5074142419310948e-16,6.8506554558727437e-17,1
B1_D2_Guyan,B1,2,Guyan,full-grid,590,8,53,71,1.0007197857681704,1.000504233395128,-0.020769414684106438,0,0,1,UNSTABLE,4.7982123761758065e-16,6.8506554558727437e-17,1
B1_D2_Guyan,B1,2,Guyan,full-grid,591,8,54,72,1.0007796213080491,1.0005656113250567,-0.020695599996071214,0,0,1,UNSTABLE,3.4506623236695017e-16,6.8506554558727437e-17,1
B1_D2_Guyan,B1,2,Guyan,full-grid,592,8,55,73,1.0008377661913304,1.0006253019151543,-0.020621333663430521,0,0,1,UNSTABLE,4.0366776591347634e-16,6.8506554558727437e-17,1
B1_D2_Guyan,B1,2,Guyan,full-grid,593,8,56,74,1.0008942398145713,1.0006833234562218,-0.020546665194107996,0,0,1,UNSTABLE,3.6082214577587707e-16,6.8506554558727437e-17,1
B1_D2_Guyan,B1,2,Guyan,full-grid,594,8,57,75,1.0009490628485322,1.0007396955653429,-0.020471642267767296,0,0,1,UNSTABLE,1.6768266790785493e-16,6.850655455872745e-17,1
B1_D2_Guyan,B1,2,Guyan,full-grid,595,8,58,76,1.0010022571136177,1.0007944390608561,-0.02039631073069997,0,0,1,UNSTABLE,2.3641699905523016e-16,6.850655455872745e-17,1
B1_D2_Guyan,B1,2,Guyan,full-grid,596,8,59,77,1.0010538454598197,1.0008475758416502,-0.020320714598276904,0,0,1,UNSTABLE,1.3336267133872363e-16,6.8506554558727437e-17,1
B1_D2_Guyan,B1,2,Guyan,full-grid,597,8,60,78,1.0011038516515713,1.0008991287712132,-0.020244896063892754,0,0,1,UNSTABLE,4.4107470047374847e-16,6.850655455872745e-17,1
B1_D2_Guyan,B1,2,Guyan,full-grid,598,8,61,79,1.001152300257705,1.0009491215666348,-0.020168895514536846,0,0,1,UNSTABLE,5.0545514306624812e-16,6.8506554558727437e-17,1
B1_D2_Guyan,B1,2,Guyan,full-grid,599,8,62,80,1.0011992165466379,1.0009975786927261,-0.020092751551270382,0,0,1,UNSTABLE,3.8836570434203505e-16,6.8506554558727437e-17,1
B1_D2_Guyan,B1,2,Guyan,full-grid,600,8,63,81,1.0012446263869403,1.0010445252614084,-0.020016501015045759,0,0,1,UNSTABLE,1.3686139516877831e-16,6.850655455872745e-17,1
B1_D2_Guyan,B1,2,Guyan,full-grid,601,8,64,82,1.0012885561533427,1.0010899869364489,-0.019940179016908356,0,0,1,UNSTABLE,2.5524256714509337e-16,6.850655455872745e-17,1
B1_D2_Guyan,B1,2,Guyan,full-grid,602,8,65,83,1.0013310326382421,1.0011339898436331,-0.019863818971600868,0,0,1,UNSTABLE,4.0093596382633102e-16,6.8506554558727437e-17,1
B1_D2_Guyan,B1,2,Guyan,full-grid,603,8,66,84,1.0013720829685271,1.001176560486184,-0.019787452634967388,0,0,1,UNSTABLE,2.3560745225256703e-16,6.850655455872745e-17,1
B1_D2_Guyan,B1,2,Guyan,full-grid,604,9,0,19,1.0002460913390419,0.99690315575763278,-0.081708881276786938,0,0,1,UNSTABLE,1.053817129468811e-16,8.8843936914985139e-17,1
B1_D2_Guyan,B1,2,Guyan,full-grid,605,9,1,20,1.0005007590540387,0.99715583100031391,-0.08174360873964899,0,0,1,UNSTABLE,2.2299494513069206e-16,6.850655455872745e-17,1
B1_D2_Guyan,B1,2,Guyan,full-grid,606,9,2,21,1.0007559959031596,0.99741095078721553,-0.081755480463802821,0,0,1,UNSTABLE,1.5139086534454587e-16,6.8506554558727437e-17,1
B1_D2_Guyan,B1,2,Guyan,full-grid,607,9,3,22,1.0010093744460835,0.99766609213445911,-0.081744335180466712,0,0,1,UNSTABLE,1.8985249506156651e-16,6.850655455872745e-17,1
B1_D2_Guyan,B1,2,Guyan,full-grid,608,9,4,23,1.0012584974044938,0.99791883415305893,-0.081710336355350424,0,0,1,UNSTABLE,1.061383475885742e-16,6.850655455872745e-17,1
B1_D2_Guyan,B1,2,Guyan,full-grid,609,9,5,24,1.0015010524173436,0.99816681369978522,-0.081653965130085673,0,0,1,UNSTABLE,1.5578394542792087e-16,6.8506554558727437e-17,1
B1_D2_Guyan,B1,2,Guyan,full-grid,610,9,6,25,1.0017348623083069,0.99840777756787136,-0.081576001715128438,0,0,1,UNSTABLE,1.836131092546956e-16,6.8506554558727437e-17,1
B1_D2_Guyan,B1,2,Guyan,full-grid,611,9,7,26,1.0019579283104543,0.99863962851197607,-0.081477496707003966,0,0,1,UNSTABLE,1.8995136422547409e-16,6.850655455872745e-17,1
B1_D2_Guyan,B1,2,Guyan,full-grid,612,9,8,27,1.0021684643689621,0.99886046301921283,-0.081359734467902567,0,0,1,UNSTABLE,1.048023292912781e-16,6.850655455872745e-17,1
B1_D2_Guyan,B1,2,Guyan,full-grid,613,9,9,28,1.0023649214468988,0.99906859950935956,-0.081224191111113814,0,0,1,UNSTABLE,2.2683508488227316e-16,6.8506554558727437e-17,1
B1_D2_Guyan,B1,2,Guyan,full-grid,614,9,10,29,1.0025460015796319,0.99926259646191617,-0.081072489757604851,0,0,1,UNSTABLE,2.8515309694727533e-16,6.850655455872745e-17,1
B1_D2_Guyan,B1,2,Guyan,full-grid,615,9,11,30,1.0027106621618764,0.99944126072434991,-0.080906355589845269,0,0,1,UNSTABLE,1.7121124273113721e-16,6.850655455872745e-17,1
B1_D2_Guyan,B1,2,Guyan,full-grid,616,9,12,31,1.0028581115346682,0.99960364687550407,-0.080727572886057308,0,0,1,UNSTABLE,1.0751202381249529e-16,6.850655455872745e-17,1
B1_D2_Guyan,B1,2,Guyan,full-grid,617,9,13,32,1.0029877973315189,0.99974904895736283,-0.080537945744726294,0,0,1,UNSTABLE,2.4247042679952188e-16,6.8506554558727437e-17,1
B1_D2_Guyan,B1,2,Guyan,full-grid,618,9,14,33,1.0030993892392579,0.999876986135253,-0.080339263683799345,0,0,1,UNSTABLE,2.1142448409407847e-16,6.850655455872745e-17,1
B1_D2_Guyan,B1,2,Guyan,full-grid,619,9,15,34,1.0031927578525259,0.9999871839180976,-0.080133272785464116,0,0,1,UNSTABLE,3.7237094316948998e-16,6.850655455872745e-17,1
B1_D2_Guyan,B1,2,Guyan,full-grid,620,9,16,35,1.0032679511896507,1.0000795525002482,-0.07992165260542694,0,0,1,UNSTABLE,2.5434465656573966e-16,6.850655455872745e-17,1
B1_D2_Guyan,B1,2,Guyan,full-grid,621,9,17,36,1.0033251702363095,1.0001541636170483,-0.079705998702743253,0,0,1,UNSTABLE,3.5467817852740106e-16,6.850655455872745e-17,1
B1_D2_Guyan,B1,2,Guyan,full-grid,622,9,18,37,1.0033647446341998,1.0002112270793819,-0.079487810381276974,0,0,1,UNSTABLE,2.2334792911856779e-16,6.8506554558727437e-17,1
B1_D2_Guyan,B1,2,Guyan,full-grid,623,9,19,38,1.0033871093697286,1.0002510679033787,-0.079268483065402767,0,0,1,UNSTABLE,3.1451883336536976e-16,6.850655455872745e-17,1
B1_D2_Guyan,B1,2,Guyan,full-grid,624,9,20,39,1.0033927830686713,1.0002741047080352,-0.079049304644836574,0,0,1,UNSTABLE,2.4263152590710744e-16,6.850655455872745e-17,1
B1_D2_Guyan,B1,2,Guyan,full-grid,625,9,21,40,1.0033823482829152,1.0002808298333901,-0.078831455102399792,0,0,1,UNSTABLE,7.9026326947193081e-17,6.8506554558727437e-17,1
B1_D2_Guyan,B1,2,Guyan,full-grid,626,9,22,41,1.0033564339729664,1.0002717914451877,-0.078616008764007317,0,0,1,UNSTABLE,2.1085825235247249e-16,6.8506554558727437e-17,1
B1_D2_Guyan,B1,2,Guyan,full-grid,627,9,23,42,1.0033157002473094,1.0002475777425484,-0.078403938567609771,0,0,1,UNSTABLE,1.976608700343547e-16,6.850655455872745e-17,1
B1_D2_Guyan,B1,2,Guyan,full-grid,628,9,24,43,1.0032608253143303,1.0002088032717948,-0.078196121821959425,0,0,1,UNSTABLE,2.5921924559315476e-16,6.850655455872745e-17,1
B1_D2_Guyan,B1,2,Guyan,full-grid,629,9,25,44,1.0031924945302371,1.0001560972689139,-0.077993347008667308,0,0,1,UNSTABLE,3.1981652005627268e-16,6.8506554558727437e-17,1
B1_D2_Guyan,B1,2,Guyan,full-grid,630,9,26,45,1.0031113913814986,1.000090093900281,-0.077796321261694626,0,0,1,UNSTABLE,4.5232041943585307e-16,6.850655455872745e-17,1
B1_D2_Guyan,B1,2,Guyan,full-grid,631,9,27,46,1.0030181902167914,1.0000114242403964,-0.077605678235947773,0,0,1,UNSTABLE,2.6185590759016283e-16,6.850655455872745e-17,1
B1_D2_Guyan,B1,2,Guyan,full-grid,632,9,28,47,1.002913550536644,0.9999207098122449,-0.077421986144724814,0,0,1,UNSTABLE,2.2113142321953982e-16,6.850655455872745e-17,1
B1_D2_Guyan,B1,2,Guyan,full-grid,633,9,29,48,1.0027981126533434,0.9998185575148536,-0.077245755805902427,0,0,1,UNSTABLE,2.0524928465341489e-16,6.8506554558727437e-17,1
B1_D2_Guyan,B1,2,Guyan,full-grid,634,9,30,49,1.0026724945467975,0.99970555577125464,-0.07707744858766899,0,0,1,UNSTABLE,2.4860461202194516e-16,6.850655455872745e-17,1
B1_D2_Guyan,B1,2,Guyan,full-grid,635,9,31,50,1.0025372897599483,0.99958227174440339,-0.076917484186109941,0,0,1,UNSTABLE,2.3330086239782679e-16,6.850655455872745e-17,1
B1_D2_Guyan,B1,2,Guyan,full-grid,636,9,32,51,1.0023930661989204,0.99944924948723401,-0.076766248202437132,0,0,1,UNSTABLE,1.5318214663835037e-16,6.850655455872745e-17,1
B1_D2_Guyan,B1,2,Guyan,full-grid,637,9,33,52,1.0022403657263563,0.99930700891409341,-0.076624099514894642,0,0,1,UNSTABLE,2.7015186418347076e-16,6.850655455872745e-17,1
B1_D2_Guyan,B1,2,Guyan,full-grid,638,9,34,53,1.002079704461061,0.99915604550365855,-0.07649137746346614,0,0,1,UNSTABLE,1.9250095387410929e-16,6.8506554558727437e-17,1
B1_D2_Guyan,B1,2,Guyan,full-grid,639,9,35,54,1.0019115737225863,0.99899683066758249,-0.076368408883484742,0,0,1,UNSTABLE,2.6200466345016537e-16,6.850655455872745e-17,1
B1_D2_Guyan,B1,2,Guyan,full-grid,640,9,36,55,1.0017364415860517,0.99882981274465399,-0.076255515039666585,0,0,1,UNSTABLE,1.068122542241243e-16,6.850655455872745e-17,1
B1_D2_Guyan,B1,2,Guyan,full-grid,641,9,37,56,1.0015547550406401,0.99865541860756379,-0.076153018523678867,0,0,1,UNSTABLE,2.3566589734537339e-16,6.8506554558727437e-17,1
B1_D2_Guyan,B1,2,Guyan,full-grid,642,9,38,57,1.0013669427763974,0.99847405589980198,-0.076061250189223426,0,0,1,UNSTABLE,1.879277114806452e-16,6.8506554558727437e-17,1
B1_D2_Guyan,B1,2,Guyan,full-grid,643,9,39,58,1.0011734186582797,0.99828611595398375,-0.075980556206281816,0,0,1,UNSTABLE,1.9318306459748479e-16,6.850655455872745e-17,1
B1_D2_Guyan,B1,2,Guyan,full-grid,644,9,40,59,1.0009745859871926,0.9980919774832262,-0.075911305323085237,0,0,1,UNSTABLE,3.0648633558679167e-16,6.850655455872745e-17,1
B1_D2_Guyan,B1,2,Guyan,full-grid,645,9,41,60,1.0007708426960265,0.99789201118523696,-0.075853896427262577,0,0,1,UNSTABLE,4.0093949040004547e-16,6.8506554558727437e-17,1
B1_D2_Guyan,B1,2,Guyan,full-grid,646,9,42,61,1.0005625876882258,0.99768658545831634,-0.075808766497577243,0,0,1,UNSTABLE,1.0962950364014037e-16,6.850655455872745e-17,1
B1_D2_Guyan,B1,2,Guyan,full-grid,647,9,43,62,1.0003502286009003,0.99747607350351253,-0.075776399029569577,0,0,1,UNSTABLE,1.4612246615385365e-16,6.850655455872745e-17,1
B1_D2_Guyan,B1,2,Guyan,full-grid,648,9,44,63,1.0001341913681647,0.99726086218223087,-0.07575733299955846,0,0,1,UNSTABLE,1.6025022255466126e-16,6.850655455872745e-17,1
B1_D2_Guyan,B1,2,Guyan,full-grid,649,9,45,64,1.0001858982918637,0.99995844969726944,-0.021329088610053681,0,0,1,UNSTABLE,1.8890599835493274e-16,6.8506554558727437e-17,1
B1_D2_Guyan,B1,2,Guyan,full-grid,650,9,46,65,1.0002594864777443,1.00003350676206,-0.021260894663616099,0,0,1,UNSTABLE,8.4858329818514837e-17,6.850655455872745e-17,1
B1_D2_Guyan,B1,2,Guyan,full-grid,651,9,47,66,1.0003312976748624,1.0001068006634644,-0.021191799700915823,0,0,1,UNSTABLE,3.7160607567005806e-16,6.850655455872745e-17,1
B1_D2_Guyan,B1,2,Guyan,full-grid,652,9,48,67,1.0004013364100679,1.0001783344323532,-0.021121865996490401,0,0,1,UNSTABLE,2.9001152396701921e-16,6.850655455872745e-17,1
B1_D2_Guyan,B1,2,Guyan,full-grid,653,9,49,68,1.000469609541875,1.0002481134778287,-0.02105115438442268,0,0,1,UNSTABLE,3.2848648583152017e-16,6.850655455872745e-17,1
B1_D2_Guyan,B1,2,Guyan,full-grid,654,9,50,69,1.0005361261220376,1.0003161454504228,-0.020979724176033065,0,0,1,UNSTABLE,3.7936388444553102e-16,6.8506554558727437e-17,1
B1_D2_Guyan,B1,2,Guyan,full-grid,655,9,51,70,1.0006008972565756,1.0003824401044277,-0.020907633088791028,0,0,1,UNSTABLE,7.3859998843857259e-17,6.850655455872745e-17,1
B1_D2_Guyan,B1,2,Guyan,full-grid,656,9,52,71,1.0006639359671177,1.0004470091602324,-0.020834937186117154,0,0,1,UNSTABLE,1.5860953409009262e-16,6.850655455872745e-17,1
B1_D2_Guyan,B1,2,Guyan,full-grid,657,9,53,72,1.0007252570534271,1.000509866167552,-0.020761690827930813,0,0,1,UNSTABLE,1.4915263327886132e-16,6.8506554558727437e-17,1
B1_D2_Guyan,B1,2,Guyan,full-grid,658,9,54,73,1.0007848769577621,1.0005710263702208,-0.020687946630969203,0,0,1,UNSTABLE,1.5645454033258849e-16,6.8506554558727437e-17,1
B1_D2_Guyan,B1,2,Guyan,full-grid,659,9,55,74,1.0008428136318916,1.0006305065733807,-0.020613755439047358,0,0,1,UNSTABLE,2.8419885892299199e-16,6.850655455872745e-17,1
B1_D2_Guyan,B1,2,Guyan,full-grid,660,9,56,75,1.0008990864071512,1.0006883250134833,-0.020539166301950296,0,0,1,UNSTABLE,2.143852516619683e-16,6.850655455872745e-17,1
B1_D2_Guyan,B1,2,Guyan,full-grid,661,9,57,76,1.0009537158681905,1.0007445012317662,-0.020464226462822609,0,0,1,UNSTABLE,6.8883494402305926e-16,6.8506554558727437e-17,1
B1_D2_Guyan,B1,2,Guyan,full-grid,662,9,58,77,1.0010067237308058,1.0007990559516153,-0.020388981353587542,0,0,1,UNSTABLE,3.6460110262374318e-16,6.850655455872745e-17,1
B1_D2_Guyan,B1,2,Guyan,full-grid,663,9,59,78,1.0010581327242345,1.0008520109602206,-0.02031347459726408,0,0,1,UNSTABLE,1.9771046888851382e-16,6.850655455872745e-17,1
B1_D2_Guyan,B1,2,Guyan,full-grid,664,9,60,79,1.0011079664781048,1.000903388994725,-0.020237748017030568,0,0,1,UNSTABLE,2.7855979570186535e-16,6.850655455872745e-17,1
B1_D2_Guyan,B1,2,Guyan,full-grid,665,9,61,80,1.0011562494144435,1.0009532136332959,-0.020161841651314301,0,0,1,UNSTABLE,5.9486138811171885e-16,6.8506554558727437e-17,1
B1_D2_Guyan,B1,2,Guyan,full-grid,666,9,62,81,1.0012030066447559,1.0010015091911524,-0.020085793774072984,0,0,1,UNSTABLE,4.4027605859900319e-16,6.850655455872745e-17,1
B1_D2_Guyan,B1,2,Guyan,full-grid,667,9,63,82,1.0012482638723492,1.0010483006217221,-0.020009640920208308,0,0,1,UNSTABLE,3.1450581526957514e-16,6.850655455872745e-17,1
B1_D2_Guyan,B1,2,Guyan,full-grid,668,9,64,83,1.0012920472999474,1.0010936134230133,-0.019933417915014288,0,0,1,UNSTABLE,4.8409269017129587e-16,6.850655455872745e-17,1
B1_D2_Guyan,B1,2,Guyan,full-grid,669,9,65,84,1.0013343835426503,1.001137473549258,-0.019857157907114266,0,0,1,UNSTABLE,5.3938801603184253e-16,6.850655455872745e-17,1
B1_D2_Guyan,B1,2,Guyan,full-grid,670,9,66,85,1.0013752995461394,1.0011799073277303,-0.019780892405485716,0,0,1,UNSTABLE,6.4662326057194314e-16,6.8506554558727437e-17,1
B1_D2_Guyan,B1,2,Guyan,full-grid,671,10,0,20,1.0013476989229888,0.99806481732516428,-0.081017495370142745,0,0,1,UNSTABLE,2.3566110206114205e-16,8.8843936914985139e-17,1
B1_D2_Guyan,B1,2,Guyan,full-grid,672,10,1,21,1.0015972784580529,0.99831262665039455,-0.081049415080975837,0,0,1,UNSTABLE,1.1172578975971572e-16,6.8506554558727437e-17,1
B1_D2_Guyan,B1,2,Guyan,full-grid,673,10,2,22,1.0018470171468783,0.99856239900186516,-0.081059120805354545,0,0,1,UNSTABLE,2.6545982776789638e-16,6.8506554558727437e-17,1
B1_D2_Guyan,B1,2,Guyan,full-grid,674,10,3,23,1.002094584088322,0.99881180293865768,-0.081046516085361855,0,0,1,UNSTABLE,1.3848228623027995e-16,6.8506554558727437e-17,1
B1_D2_Guyan,B1,2,Guyan,full-grid,675,10,4,24,1.0023376856893846,0.99905851793441025,-0.081011813310473524,0,0,1,UNSTABLE,2.0258623122229806e-16,6.8506554558727437e-17,1
B1_D2_Guyan,B1,2,Guyan,full-grid,676,10,5,25,1.0025741168753011,0.99930028656660086,-0.080955525421054442,0,0,1,UNSTABLE,1.2999592932058793e-16,6.8506554558727437e-17,1
B1_D2_Guyan,B1,2,Guyan,full-grid,677,10,6,26,1.0028018077747447,0.99953496311696655,-0.080878446962466821,0,0,1,UNSTABLE,2.3900077316684014e-16,6.8506554558727437e-17,1
B1_D2_Guyan,B1,2,Guyan,full-grid,678,10,7,27,1.0030188635804238,0.99976055613788795,-0.080781625937001458,0,0,1,UNSTABLE,2.0460485422031392e-16,6.850655455872745e-17,1
B1_D2_Guyan,B1,2,Guyan,full-grid,679,10,8,28,1.0032235959221083,0.99997526312571461,-0.080666328486820038,0,0,1,UNSTABLE,1.6896376322524265e-16,6.850655455872745e-17,1
B1_D2_Guyan,B1,2,Guyan,full-grid,680,10,9,29,1.0034145448319765,1.0001774961574226,-0.080533998787041927,0,0,1,UNSTABLE,1.5121432378203434e-16,6.8506554558727437e-17,1
B1_D2_Guyan,B1,2,Guyan,full-grid,681,10,10,30,1.0035904911317735,1.0003658980934089,-0.080386216616293665,0,0,1,UNSTABLE,2.1944598767483377e-16,6.850655455872745e-17,1
B1_D2_Guyan,B1,2,Guyan,full-grid,682,10,11,31,1.003750459739394,1.0005393496354458,-0.080224654926799213,0,0,1,UNSTABLE,9.193668846373786e-17,6.8506554558727437e-17,1
B1_D2_Guyan,B1,2,Guyan,full-grid,683,10,12,32,1.0038937149168057,1.0006969680871545,-0.080051039410124772,0,0,1,UNSTABLE,3.61927692870286e-16,6.8506554558727437e-17,1
B1_D2_Guyan,B1,2,Guyan,full-grid,684,10,13,33,1.0040197488300853,1.0008380990565815,-0.07986711161445792,0,0,1,UNSTABLE,2.5768148762663964e-16,6.850655455872745e-17,1
B1_D2_Guyan,B1,2,Guyan,full-grid,685,10,14,34,1.0041282649637882,1.0009623025580041,-0.079674596685305438,0,0,1,UNSTABLE,1.8520438550171798e-16,6.850655455872745e-17,1
B1_D2_Guyan,B1,2,Guyan,full-grid,686,10,15,35,1.0042191579472262,1.0010693350290287,-0.079475176330562974,0,0,1,UNSTABLE,2.8144068515906978e-16,6.8506554558727437e-17,1
B1_D2_Guyan,B1,2,Guyan,full-grid,687,10,16,36,1.0042924912443945,1.001159128710349,-0.07927046719811183,0,0,1,UNSTABLE,2.1089381508314923e-16,6.850655455872745e-17,1
B1_D2_Guyan,B1,2,Guyan,full-grid,688,10,17,37,1.0043484739721573,1.001231769677331,-0.079062004521775781,0,0,1,UNSTABLE,2.0651582787832479e-16,6.8506554558727437e-17,1
B1_D2_Guyan,B1,2,Guyan,full-grid,689,10,18,38,1.0043874378813271,1.0012874756026848,-0.078851230649999077,0,0,1,UNSTABLE,6.3756964999220446e-16,6.8506554558727437e-17,1
B1_D2_Guyan,B1,2,Guyan,full-grid,690,10,19,39,1.0044098152937162,1.0013265740998529,-0.078639487916752709,0,0,1,UNSTABLE,3.5454146927986157e-16,6.8506554558727437e-17,1
B1_D2_Guyan,B1,2,Guyan,full-grid,691,10,20,40,1.0044161185586045,1.0013494822721918,-0.078428015234009593,0,0,1,UNSTABLE,4.9431816134995109e-16,6.8506554558727437e-17,1
B1_D2_Guyan,B1,2,Guyan,full-grid,692,10,21,41,1.0044069213891211,1.001356687889853,-0.078217947765432963,0,0,1,UNSTABLE,2.3188304046453384e-16,6.8506554558727437e-17,1
B1_D2_Guyan,B1,2,Guyan,full-grid,693,10,22,42,1.0043828422703436,1.0013487324436885,-0.078010319064033259,0,0,1,UNSTABLE,3.3036901135433993e-16,6.8506554558727437e-17,1
B1_D2_Guyan,B1,2,Guyan,full-grid,694,10,23,43,1.0043445299983782,1.0013261961867923,-0.077806065109044129,0,0,1,UNSTABLE,1.3464271250783944e-16,6.850655455872745e-17,1
B1_D2_Guyan,B1,2,Guyan,full-grid,695,10,24,44,1.0042926513116566,1.0012896851689375,-0.077606029745677055,0,0,1,UNSTABLE,4.8250524619738406e-16,6.850655455872745e-17,1
B1_D2_Guyan,B1,2,Guyan,full-grid,696,10,25,45,1.0042278805079263,1.0012398201937804,-0.077410971107255297,0,0,1,UNSTABLE,3.2747001915993065e-16,6.8506554558727437e-17,1
B1_D2_Guyan,B1,2,Guyan,full-grid,697,10,26,46,1.0041508908977788,1.0011772275787836,-0.077221568673935051,0,0,1,UNSTABLE,3.0452717901505628e-16,6.850655455872745e-17,1
B1_D2_Guyan,B1,2,Guyan,full-grid,698,10,27,47,1.0040623479235025,1.0011025315690123,-0.077038430693847595,0,0,1,UNSTABLE,1.4734980450929702e-16,6.8506554558727437e-17,1
B1_D2_Guyan,B1,2,Guyan,full-grid,699,10,28,48,1.0039629037644111,1.0010163482425205,-0.076862101755525922,0,0,1,UNSTABLE,2.6736637761888839e-16,6.8506554558727437e-17,1
B1_D2_Guyan,B1,2,Guyan,full-grid,700,10,29,49,1.0038531932539969,1.0009192807442207,-0.076693070356575882,0,0,1,UNSTABLE,3.7024112668301198e-16,6.850655455872745e-17,1
B1_D2_Guyan,B1,2,Guyan,full-grid,701,10,30,50,1.0037338309454793,1.0008119156923108,-0.076531776359726175,0,0,1,UNSTABLE,2.178728418510725e-16,6.850655455872745e-17,1
B1_D2_Guyan,B1,2,Guyan,full-grid,702,10,31,51,1.0036054091790649,1.0006948206146955,-0.076378618267161774,0,0,1,UNSTABLE,2.1110033569934586e-16,6.8506554558727437e-17,1
B1_D2_Guyan,B1,2,Guyan,full-grid,703,10,32,52,1.0034684970235515,1.0005685422895936,-0.076233960274823154,0,0,1,UNSTABLE,3.1178336719454447e-16,6.850655455872745e-17,1
B1_D2_Guyan,B1,2,Guyan,full-grid,704,10,33,53,1.0033236399866272,1.0004336058841956,-0.076098139093942391,0,0,1,UNSTABLE,1.5004086403843771e-16,6.8506554558727437e-17,1
B1_D2_Guyan,B1,2,Guyan,full-grid,705,10,34,54,1.0031713604102606,1.000290514805718,-0.075971470547070236,0,0,1,UNSTABLE,1.1169619632002495e-16,6.8506554558727437e-17,1
B1_D2_Guyan,B1,2,Guyan,full-grid,706,10,35,55,1.0030121584911476,1.0001397512016414,-0.075854255960953826,0,0,1,UNSTABLE,1.8463972269613028e-16,6.8506554558727437e-17,1
B1_D2_Guyan,B1,2,Guyan,full-grid,707,10,36,56,1.0028465138894178,0.99998177706831393,-0.075746788390366665,0,0,1,UNSTABLE,1.5302556268704999e-16,6.8506554558727437e-17,1
B1_D2_Guyan,B1,2,Guyan,full-grid,708,10,37,57,1.0026748879139162,0.99981703595162319,-0.075649358715690784,0,0,1,UNSTABLE,1.7464807955096638e-16,6.8506554558727437e-17,1
B1_D2_Guyan,B1,2,Guyan,full-grid,709,10,38,58,1.0024977262984558,0.9996459552491761,-0.075562261662393743,0,0,1,UNSTABLE,1.4861539297337337e-16,6.8506554558727437e-17,1
B1_D2_Guyan,B1,2,Guyan,full-grid,710,10,39,59,1.002315462612229,0.99946894915203077,-0.075485801794127352,0,0,1,UNSTABLE,2.4515697445165754e-16,6.850655455872745e-17,1
B1_D2_Guyan,B1,2,Guyan,full-grid,711,10,40,60,1.0021285223797403,0.9992864222962925,-0.075420299530545201,0,0,1,UNSTABLE,3.8589166379137501e-16,6.850655455872745e-17,1
B1_D2_Guyan,B1,2,Guyan,full-grid,712,10,41,61,1.001937328022535,0.99909877423212623,-0.075366097237416232,0,0,1,UNSTABLE,2.0550268765176446e-16,6.8506554558727437e-17,1
B1_D2_Guyan,B1,2,Guyan,full-grid,713,10,42,62,1.0017423047790481,0.99890640486250604,-0.075323565427446615,0,0,1,UNSTABLE,1.5102960349477634e-16,6.850655455872745e-17,1
B1_D2_Guyan,B1,2,Guyan,full-grid,714,10,43,63,1.0015438878105134,0.99870972105696909,-0.075293109093123992,0,0,1,UNSTABLE,2.4488750467839485e-16,6.8506554558727437e-17,1
B1_D2_Guyan,B1,2,Guyan,full-grid,715,10,44,64,1.001342530764096,0.99850914471103347,-0.075275174164427444,0,0,1,UNSTABLE,1.3015705526157185e-16,6.8506554558727437e-17,1
B1_D2_Guyan,B1,2,Guyan,full-grid,716,10,45,65,1.0011387161397982,0.9983051226008558,-0.075270254037925213,0,0,1,UNSTABLE,2.7759335969415925e-16,6.850655455872745e-17,1
B1_D2_Guyan,B1,2,Guyan,full-grid,717,10,46,66,1.0009329678975527,0.99809813847812134,-0.075278896051363703,0,0,1,UNSTABLE,2.8840932316120523e-16,6.850655455872745e-17,1
B1_D2_Guyan,B1,2,Guyan,full-grid,718,10,47,67,1.0007258668461581,0.99788872796404904,-0.075301707665140633,0,0,1,UNSTABLE,2.4443475877763611e-16,6.8506554558727437e-17,1
B1_D2_Guyan,B1,2,Guyan,full-grid,719,10,48,68,1.0005180694721756,0.99767749693108598,-0.075339361940834723,0,0,1,UNSTABLE,2.2719602372570629e-16,6.850655455872745e-17,1
B1_D2_Guyan,B1,2,Guyan,full-grid,720,10,49,69,1.000476025569816,1.0002546984430833,-0.021043193258428683,0,0,1,UNSTABLE,2.8991878614309476e-16,6.8506554558727437e-17,1
B1_D2_Guyan,B1,2,Guyan,full-grid,721,10,50,70,1.0005422965753219,1.0003224832110136,-0.020971810097624485,0,0,1,UNSTABLE,2.8970948446672408e-16,6.8506554558727437e-17,1
B1_D2_Guyan,B1,2,Guyan,full-grid,722,10,51,71,1.0006068295580397,1.0003885379481408,-0.020899772730192376,0,0,1,UNSTABLE,1.7884833620668573e-16,6.8506554558727437e-17,1
B1_D2_Guyan,B1,2,Guyan,full-grid,723,10,52,72,1.0006696375832929,1.0004528744316956,-0.020827136683580216,0,0,1,UNSTABLE,2.3611751747288895e-16,6.8506554558727437e-17,1
B1_D2_Guyan,B1,2,Guyan,full-grid,724,10,53,73,1.000730735463262,1.0005155062364097,-0.020753955799844726,0,0,1,UNSTABLE,2.2007905434575411e-16,6.8506554558727437e-17,1
B1_D2_Guyan,B1,2,Guyan,full-grid,725,10,54,74,1.0007901396241263,1.0005764486020603,-0.020680282197461354,0,0,1,UNSTABLE,3.0871987143372052e-16,6.8506554558727437e-17,1
B1_D2_Guyan,B1,2,Guyan,full-grid,726,10,55,75,1.0008478679756829,1.0006357183032515,-0.020606166242313109,0,0,1,UNSTABLE,1.1342332255494845e-16,6.850655455872745e-17,1
B1_D2_Guyan,B1,2,Guyan,full-grid,727,10,56,76,1.0009039397840531,1.0006933335220536,-0.020531656527409771,0,0,1,UNSTABLE,2.7295844997751952e-16,6.850655455872745e-17,1
B1_D2_Guyan,B1,2,Guyan,full-grid,728,10,57,77,1.0009583755479161,1.0007493137239603,-0.020456799860813699,0,0,1,UNSTABLE,2.1257563461145341e-16,6.8506554558727437e-17,1
B1_D2_Guyan,B1,2,Guyan,full-grid,729,10,58,78,1.0010111968787414,1.0008036795376536,-0.020381641261288087,0,0,1,UNSTABLE,3.7973744225931543e-16,6.850655455872745e-17,1
B1_D2_Guyan,B1,2,Guyan,full-grid,730,10,59,79,1.0010624263853094,1.0008564526388919,-0.020306223960558787,0,0,1,UNSTABLE,3.0477718317399675e-16,6.8506554558727437e-17,1
B1_D2_Guyan,B1,2,Guyan,full-grid,731,10,60,80,1.0011120875628645,1.0009076556388687,-0.020230589412583232,0,0,1,UNSTABLE,3.1989178359946634e-16,6.8506554558727437e-17,1
B1_D2_Guyan,B1,2,Guyan,full-grid,732,10,61,81,1.0011602046870915,1.0009573119772703,-0.020154777308039547,0,0,1,UNSTABLE,2.2797151163682801e-16,6.850655455872745e-17,1
B1_D2_Guyan,B1,2,Guyan,full-grid,733,10,62,82,1.0012068027130898,1.0010054458202062,-0.020078825594588762,0,0,1,UNSTABLE,5.5115507708349985e-16,6.850655455872745e-17,1
B1_D2_Guyan,B1,2,Guyan,full-grid,734,10,63,83,1.0012519071793933,1.0010520819630877,-0.020002770501610687,0,0,1,UNSTABLE,3.8931911497063741e-16,6.8506554558727437e-17,1
B1_D2_Guyan,B1,2,Guyan,full-grid,735,10,64,84,1.0012955441172513,1.0010972457386804,-0.019926646569112465,0,0,1,UNSTABLE,3.3804949788150239e-16,6.850655455872745e-17,1
B1_D2_Guyan,B1,2,Guyan,full-grid,736,10,65,85,1.0013377399650161,1.0011409629301973,-0.019850486680272977,0,0,1,UNSTABLE,2.3424900089386622e-16,6.8506554558727437e-17,1
B1_D2_Guyan,B1,2,Guyan,full-grid,737,10,66,86,1.0013785214877053,1.0011832596895005,-0.019774322097335189,0,0,1,UNSTABLE,2.7527997398877416e-16,6.8506554558727437e-17,1
B1_D2_Guyan,B1,2,Guyan,full-grid,738,11,0,21,1.002361283254191,0.9991435530197843,-0.080251496098141376,0,0,1,UNSTABLE,3.0486971809364782e-16,8.8843936914985139e-17,1
B1_D2_Guyan,B1,2,Guyan,full-grid,739,11,1,22,1.0026055860840202,0.99938625230597822,-0.080281255276017607,0,0,1,UNSTABLE,2.3343894465772148e-16,6.850655455872745e-17,1
B1_D2_Guyan,B1,2,Guyan,full-grid,740,11,2,23,1.0028497360687652,0.99963052876929459,-0.080289470577480482,0,0,1,UNSTABLE,2.4551879140765475e-16,6.850655455872745e-17,1
B1_D2_Guyan,B1,2,Guyan,full-grid,741,11,3,24,1.0030914999759726,0.99987414496212401,-0.080276095821281895,0,0,1,UNSTABLE,7.3904464607298422e-17,6.8506554558727437e-17,1
B1_D2_Guyan,B1,2,Guyan,full-grid,742,11,4,25,1.0033286865260933,1.0001148806471549,-0.080241377819070772,0,0,1,UNSTABLE,2.3194533809498823e-16,6.8506554558727437e-17,1
B1_D2_Guyan,B1,2,Guyan,full-grid,743,11,5,26,1.0035591942341022,1.0003505816535774,-0.080185847361923163,0,0,1,UNSTABLE,1.8899946122043375e-16,6.8506554558727437e-17,1
B1_D2_Guyan,B1,2,Guyan,full-grid,744,11,6,27,1.0037810548031341,1.0005792051372915,-0.080110300389642355,0,0,1,UNSTABLE,3.0003948166997933e-16,6.8506554558727437e-17,1
B1_D2_Guyan,B1,2,Guyan,full-grid,745,11,7,28,1.0039924699935208,1.0007988590307901,-0.080015770735271677,0,0,1,UNSTABLE,2.6034124038619586e-16,6.8506554558727437e-17,1
B1_D2_Guyan,B1,2,Guyan,full-grid,746,11,8,29,1.0041918404830303,1.001007834016622,-0.079903496356834872,0,0,1,UNSTABLE,1.5459572212020957e-16,6.850655455872745e-17,1
B1_D2_Guyan,B1,2,Guyan,full-grid,747,11,9,30,1.004377785916591,1.0012046270175947,-0.079774881267681536,0,0,1,UNSTABLE,2.5953213606339289e-16,6.8506554558727437e-17,1
B1_D2_Guyan,B1,2,Guyan,full-grid,748,11,10,31,1.0045491560270423,1.0013879558785699,-0.079631455443074359,0,0,1,UNSTABLE,2.8371784406868979e-16,6.8506554558727437e-17,1
B1_D2_Guyan,B1,2,Guyan,full-grid,749,11,11,32,1.0047050333145933,1.0015567655380737,-0.0794748348383926,0,0,1,UNSTABLE,1.672815556234681e-16,6.8506554558727437e-17,1
B1_D2_Guyan,B1,2,Guyan,full-grid,750,11,12,33,1.0048447282465223,1.0017102264931572,-0.079306683349227941,0,0,1,UNSTABLE,1.4684085421703411e-16,6.8506554558727437e-17,1
B1_D2_Guyan,B1,2,Guyan,full-grid,751,11,13,34,1.0049677682532789,1.0018477267150365,-0.079128678138140771,0,0,1,UNSTABLE,5.1921475961810547e-16,6.850655455872745e-17,1
B1_D2_Guyan,B1,2,Guyan,full-grid,752,11,14,35,1.0050738819507965,1.0019688583684858,-0.078942479308651364,0,0,1,UNSTABLE,3.384686323957509e-16,6.850655455872745e-17,1
B1_D2_Guyan,B1,2,Guyan,full-grid,753,11,15,36,1.0051629800312096,1.0020734007397931,-0.078749704475684232,0,0,1,UNSTABLE,3.660936730251012e-16,6.850655455872745e-17,1
B1_D2_Guyan,B1,2,Guyan,full-grid,754,11,16,37,1.0052351341667298,1.0021613007143062,-0.078551908403382636,0,0,1,UNSTABLE,4.4817277282653649e-16,6.8506554558727437e-17,1
B1_D2_Guyan,B1,2,Guyan,full-grid,755,11,17,38,1.0052905550998694,1.002232651999317,-0.078350567575604366,0,0,1,UNSTABLE,2.3465923639514981e-16,6.850655455872745e-17,1
B1_D2_Guyan,B1,2,Guyan,full-grid,756,11,18,39,1.0053295708823897,1.0022876740955109,-0.078147069342238418,0,0,1,UNSTABLE,2.0741549463249184e-16,6.850655455872745e-17,1
B1_D2_Guyan,B1,2,Guyan,full-grid,757,11,19,40,1.00535260600328,1.0023266918090901,-0.077942705140583518,0,0,1,UNSTABLE,3.5093458265034632e-16,6.8506554558727437e-17,1
B1_D2_Guyan,B1,2,Guyan,full-grid,758,11,20,41,1.0053601619346924,1.0023501158900949,-0.077738667215640836,0,0,1,UNSTABLE,2.2653074095949519e-16,6.8506554558727437e-17,1
B1_D2_Guyan,B1,2,Guyan,full-grid,759,11,21,42,1.0053527994367943,1.0023584251943825,-0.07753604824361772,0,0,1,UNSTABLE,2.5115032456549718e-16,6.8506554558727437e-17,1
B1_D2_Guyan,B1,2,Guyan,full-grid,760,11,22,43,1.005331122806177,1.0023521506070203,-0.077335843282463554,0,0,1,UNSTABLE,1.6554020472660072e-16,6.8506554558727437e-17,1
B1_D2_Guyan,B1,2,Guyan,full-grid,761,11,23,44,1.0052957661283988,1.0023318608352128,-0.077138953520930004,0,0,1,UNSTABLE,2.4850644814683741e-16,6.8506554558727437e-17,1
B1_D2_Guyan,B1,2,Guyan,full-grid,762,11,24,45,1.0052473815034824,1.0022981500805299,-0.0769461913596486,0,0,1,UNSTABLE,1.8106155297941335e-16,6.850655455872745e-17,1
B1_D2_Guyan,B1,2,Guyan,full-grid,763,11,25,46,1.0051866291487204,1.0022516275288087,-0.076758286427078493,0,0,1,UNSTABLE,2.3064972893998375e-16,6.8506554558727437e-17,1
B1_D2_Guyan,B1,2,Guyan,full-grid,764,11,26,47,1.0051141692425827,1.0021929085488177,-0.076575892202885576,0,0,1,UNSTABLE,3.1996610782711543e-16,6.8506554558727437e-17,1
B1_D2_Guyan,B1,2,Guyan,full-grid,765,11,27,48,1.0050306553515329,1.0021226074626957,-0.076399592986476667,0,0,1,UNSTABLE,4.5753010122102607e-16,6.8506554558727437e-17,1
B1_D2_Guyan,B1,2,Guyan,full-grid,766,11,28,49,1.0049367292735831,1.002041331737789,-0.07622991100772393,0,0,1,UNSTABLE,2.1850256383348565e-16,6.8506554558727437e-17,1
B1_D2_Guyan,B1,2,Guyan,full-grid,767,11,29,50,1.0048330171353272,1.0019496774478411,-0.076067313528557196,0,0,1,UNSTABLE,1.8874909554630698e-16,6.850655455872745e-17,1
B1_D2_Guyan,B1,2,Guyan,full-grid,768,11,30,51,1.0047201265888808,1.0018482258574015,-0.075912219827599409,0,0,1,UNSTABLE,2.0651746218069131e-16,6.850655455872745e-17,1
B1_D2_Guyan,B1,2,Guyan,full-grid,769,11,31,52,1.0045986449700726,1.0017375409951765,-0.075765007996058162,0,0,1,UNSTABLE,2.4195202963776399e-16,6.850655455872745e-17,1
B1_D2_Guyan,B1,2,Guyan,full-grid,770,11,32,53,1.0044691382964297,1.0016181680968397,-0.075626021502540802,0,0,1,UNSTABLE,1.7028908536038087e-16,6.8506554558727437e-17,1
B1_D2_Guyan,B1,2,Guyan,full-grid,771,11,33,54,1.0043321510035021,1.0014906328159801,-0.075495575507241147,0,0,1,UNSTABLE,2.5196413940528723e-16,6.850655455872745e-17,1
B1_D2_Guyan,B1,2,Guyan,full-grid,772,11,34,55,1.0041882063372873,1.0013554411197019,-0.07537396292397848,0,0,1,UNSTABLE,2.1585941754387154e-16,6.850655455872745e-17,1
B1_D2_Guyan,B1,2,Guyan,full-grid,773,11,35,56,1.004037807342036,1.0012130798059173,-0.075261460241968267,0,0,1,UNSTABLE,1.538154469169786e-16,6.8506554558727437e-17,1
B1_D2_Guyan,B1,2,Guyan,full-grid,774,11,36,57,1.0038814384028041,1.0010640175987697,-0.075158333128756014,0,0,1,UNSTABLE,1.6893665869857078e-16,6.8506554558727437e-17,1
B1_D2_Guyan,B1,2,Guyan,full-grid,775,11,37,58,1.0037195673238892,1.0009087068000266,-0.075064841841925953,0,0,1,UNSTABLE,3.3228411076996389e-16,6.8506554558727437e-17,1
B1_D2_Guyan,B1,2,Guyan,full-grid,776,11,38,59,1.0035526479460097,1.0007475854957812,-0.07498124648078279,0,0,1,UNSTABLE,1.7375363231053617e-16,6.8506554558727437e-17,1
B1_D2_Guyan,B1,2,Guyan,full-grid,777,11,39,60,1.0033811233285146,1.0005810803413298,-0.074907812109079555,0,0,1,UNSTABLE,1.7091261455557314e-16,6.8506554558727437e-17,1
B1_D2_Guyan,B1,2,Guyan,full-grid,778,11,40,61,1.003205429547771,1.0004096099722215,-0.074844813777277003,0,0,1,UNSTABLE,2.3080885430090028e-16,6.850655455872745e-17,1
B1_D2_Guyan,B1,2,Guyan,full-grid,779,11,41,62,1.0030260001907911,1.0002335891179732,-0.074792541465805759,0,0,1,UNSTABLE,3.5801993526939399e-16,6.8506554558727437e-17,1
B1_D2_Guyan,B1,2,Guyan,full-grid,780,11,42,63,1.002843271654245,1.0000534335270186,-0.074751304958580594,0,0,1,UNSTABLE,2.3861868573261883e-16,6.8506554558727437e-17,1
B1_D2_Guyan,B1,2,Guyan,full-grid,781,11,43,64,1.0026576893944001,0.99986956584828368,-0.074721438637662355,0,0,1,UNSTABLE,1.7041060777490709e-16,6.8506554558727437e-17,1
B1_D2_Guyan,B1,2,Guyan,full-grid,782,11,44,65,1.0024697153141988,0.99968242265771656,-0.074703306160630839,0,0,1,UNSTABLE,3.3772986560674407e-16,6.8506554558727437e-17,1
B1_D2_Guyan,B1,2,Guyan,full-grid,783,11,45,66,1.0022798365194421,0.99949246286709781,-0.07469730494002437,0,0,1,UNSTABLE,2.6849415246788635e-16,6.850655455872745e-17,1
B1_D2_Guyan,B1,2,Guyan,full-grid,784,11,46,67,1.0020885757274378,0.99930017780865832,-0.074703870281456461,0,0,1,UNSTABLE,1.1315405126183588e-16,6.850655455872745e-17,1
B1_D2_Guyan,B1,2,Guyan,full-grid,785,11,47,68,1.0018965036655743,0.99910610335007877,-0.074723478946873007,0,0,1,UNSTABLE,2.8748626957694183e-16,6.850655455872745e-17,1
B1_D2_Guyan,B1,2,Guyan,full-grid,786,11,48,69,1.001704253850447,0.99891083445764117,-0.074756651779087108,0,0,1,UNSTABLE,3.8024426527724567e-16,6.8506554558727437e-17,1
B1_D2_Guyan,B1,2,Guyan,full-grid,787,11,49,70,1.001512540180872,0.9987150426822764,-0.074803954839844894,0,0,1,UNSTABLE,2.8079455079912945e-16,6.850655455872745e-17,1
B1_D2_Guyan,B1,2,Guyan,full-grid,788,11,50,71,1.0013221777922341,0.99851949707748955,-0.074865998254882216,0,0,1,UNSTABLE,1.633195544090953e-16,6.850655455872745e-17,1
B1_D2_Guyan,B1,2,Guyan,full-grid,789,11,51,72,1.0011341075760529,0.99832508904229555,-0.074943431605395461,0,0,1,UNSTABLE,2.58901725375041e-16,6.8506554558727437e-17,1
B1_D2_Guyan,B1,2,Guyan,full-grid,790,11,52,73,1.0009494246150359,0.99813286146611191,-0.075036934230035934,0,0,1,UNSTABLE,2.8687415247937282e-16,6.8506554558727437e-17,1
B1_D2_Guyan,B1,2,Guyan,full-grid,791,11,53,74,1.0007694104396647,0.99794404225675104,-0.075147198191348269,0,0,1,UNSTABLE,1.1961414424880489e-16,6.8506554558727437e-17,1
B1_D2_Guyan,B1,2,Guyan,full-grid,792,11,54,75,1.000795410235771,1.0005818789856802,-0.020672604927066199,0,0,1,UNSTABLE,1.2112539744181618e-16,6.8506554558727437e-17,1
B1_D2_Guyan,B1,2,Guyan,full-grid,793,11,55,76,1.0008529300938886,1.0006409380116854,-0.02059856433387337,0,0,1,UNSTABLE,5.2953477483327955e-16,6.8506554558727437e-17,1
B1_D2_Guyan,B1,2,Guyan,full-grid,794,11,56,77,1.0009088007618301,1.0006983498334621,-0.020524134161297801,0,0,1,UNSTABLE,3.8407669465299781e-16,6.850655455872745e-17,1
B1_D2_Guyan,B1,2,Guyan,full-grid,795,11,57,78,1.0009630426523703,1.0007541338407926,-0.020449360783554919,0,0,1,UNSTABLE,2.4347706208103548e-16,6.8506554558727437e-17,1
B1_D2_Guyan,B1,2,Guyan,full-grid,796,11,58,79,1.0010156772728114,1.0008083105677859,-0.020374288807207288,0,0,1,UNSTABLE,3.5217948532536601e-16,6.8506554558727437e-17,1
B1_D2_Guyan,B1,2,Guyan,full-grid,797,11,59,80,1.0010667271117375,1.000860901579002,-0.020298961073741087,0,0,1,UNSTABLE,3.6205027367104837e-16,6.8506554558727437e-17,1
B1_D2_Guyan,B1,2,Guyan,full-grid,798,11,60,81,1.0011162155303275,1.0009119293599822,-0.020223418668546989,0,0,1,UNSTABLE,3.2460436632457205e-16,6.8506554558727437e-17,1
B1_D2_Guyan,B1,2,Guyan,full-grid,799,11,61,82,1.001164166658298,1.000961417212282,-0.020147700935449809,0,0,1,UNSTABLE,3.5641442952610478e-16,6.850655455872745e-17,1
B1_D2_Guyan,B1,2,Guyan,full-grid,800,11,62,83,1.0012106052947223,1.0010093891532654,-0.020071845496385687,0,0,1,UNSTABLE,3.5756523448875555e-16,6.850655455872745e-17,1
B1_D2_Guyan,B1,2,Guyan,full-grid,801,11,63,84,1.0012555568138315,1.0010558698207808,-0.019995888275746058,0,0,1,UNSTABLE,1.9164485630811401e-16,6.850655455872745e-17,1
B1_D2_Guyan,B1,2,Guyan,full-grid,802,11,64,85,1.0012990470758245,1.0011008843827633,-0.019919863528731603,0,0,1,UNSTABLE,2.9648840784264805e-16,6.8506554558727437e-17,1
B1_D2_Guyan,B1,2,Guyan,full-grid,803,11,65,86,1.0013411023427357,1.0011444584518272,-0.019843803873316902,0,0,1,UNSTABLE,2.9563387465242303e-16,6.850655455872745e-17,1
B1_D2_Guyan,B1,2,Guyan,full-grid,804,11,66,87,1.0013817491993569,1.0011866180048508,-0.019767740325398343,0,0,1,UNSTABLE,1.595388605495655e-16,6.850655455872745e-17,1
B1_D2_Guyan,B1,2,Guyan,full-grid,805,12,0,22,1.0032846540317224,1.0001359221379342,-0.079424393386770431,0,0,1,UNSTABLE,4.0079603682912217e-16,8.8843936914985139e-17,1
B1_D2_Guyan,B1,2,Guyan,full-grid,806,12,1,23,1.0035236002050816,1.0003733792891385,-0.07945261593049141,0,0,1,UNSTABLE,1.5194363979872122e-16,6.8506554558727437e-17,1
B1_D2_Guyan,B1,2,Guyan,full-grid,807,12,2,24,1.003762172439377,1.0006121181455681,-0.079459976343170799,0,0,1,UNSTABLE,2.4180722246536697e-16,6.8506554558727437e-17,1
B1_D2_Guyan,B1,2,Guyan,full-grid,808,12,3,25,1.0039982339698037,1.0008499952277261,-0.079446465416313991,0,0,1,UNSTABLE,1.4714416697235234e-16,6.8506554558727437e-17,1
B1_D2_Guyan,B1,2,Guyan,full-grid,809,12,4,26,1.004229692482836,1.0010848883550434,-0.079412351503667003,0,0,1,UNSTABLE,3.3874449373022428e-16,6.8506554558727437e-17,1
B1_D2_Guyan,B1,2,Guyan,full-grid,810,12,5,27,1.0044545448219468,1.0013147423633044,-0.079358171219942264,0,0,1,UNSTABLE,2.0640162629741016e-16,6.850655455872745e-17,1
B1_D2_Guyan,B1,2,Guyan,full-grid,811,12,6,28,1.0046709174066333,1.0015376113117416,-0.079284711077589873,0,0,1,UNSTABLE,2.355407166715786e-16,6.850655455872745e-17,1
B1_D2_Guyan,B1,2,Guyan,full-grid,812,12,7,29,1.0048771004795669,1.0017516951662091,-0.079192981379970578,0,0,1,UNSTABLE,1.4259817104218758e-16,6.8506554558727437e-17,1
B1_D2_Guyan,B1,2,Guyan,full-grid,813,12,8,30,1.0050715748433825,1.0019553694526142,-0.079084184153550757,0,0,1,UNSTABLE,1.275197663638994e-16,6.850655455872745e-17,1
B1_D2_Guyan,B1,2,Guyan,full-grid,814,12,9,31,1.0052530303730132,1.0021472069791182,-0.078959677165491585,0,0,1,UNSTABLE,2.4541949891170558e-16,6.8506554558727437e-17,1
B1_D2_Guyan,B1,2,Guyan,full-grid,815,12,10,32,1.005420376212439,1.0023259913476918,-0.078820936127589239,0,0,1,UNSTABLE,1.5990301196051124e-16,6.8506554558727437e-17,1
B1_D2_Guyan,B1,2,Guyan,full-grid,816,12,11,33,1.0055727431164536,1.0024907225433553,-0.078669517052353671,0,0,1,UNSTABLE,1.5115979022173116e-16,6.8506554558727437e-17,1
B1_D2_Guyan,B1,2,Guyan,full-grid,817,12,12,34,1.0057094788296792,1.002640615349514,-0.078507020446661677,0,0,1,UNSTABLE,2.905728030490003e-16,6.850655455872745e-17,1
B1_D2_Guyan,B1,2,Guyan,full-grid,818,12,13,35,1.0058301376824121,1.0027750916608347,-0.078335058657187623,0,0,1,UNSTABLE,1.690809137137771e-16,6.8506554558727437e-17,1
B1_D2_Guyan,B1,2,Guyan,full-grid,819,12,14,36,1.0059344657243392,1.0028937679444239,-0.078155227274622277,0,0,1,UNSTABLE,1.4712665261629358e-16,6.850655455872745e-17,1
B1_D2_Guyan,B1,2,Guyan,full-grid,820,12,15,37,1.0060223827305599,1.0029964391491362,-0.077969081109285576,0,0,1,UNSTABLE,1.789775796776188e-16,6.850655455872745e-17,1
B1_D2_Guyan,B1,2,Guyan,full-grid,821,12,16,38,1.0060939623268184,1.0030830603059979,-0.077778114901500911,0,0,1,UNSTABLE,2.7823305243107765e-16,6.850655455872745e-17,1
B1_D2_Guyan,B1,2,Guyan,full-grid,822,12,17,39,1.006149411325729,1.003153726931532,-0.077583748649368206,0,0,1,UNSTABLE,3.569230719788159e-16,6.8506554558727437e-17,1
B1_D2_Guyan,B1,2,Guyan,full-grid,823,12,18,40,1.0061890491732093,1.0032086551701176,-0.077387317228670857,0,0,1,UNSTABLE,2.4527546232659905e-16,6.8506554558727437e-17,1
B1_D2_Guyan,B1,2,Guyan,full-grid,824,12,19,41,1.0062132882009862,1.0032481624183709,-0.077190063845052087,0,0,1,UNSTABLE,3.1105376304973242e-16,6.8506554558727437e-17,1
B1_D2_Guyan,B1,2,Guyan,full-grid,825,12,20,42,1.0062226151858675,1.0032726489839512,-0.076993136786417962,0,0,1,UNSTABLE,4.224621931663527e-16,6.8506554558727437e-17,1
B1_D2_Guyan,B1,2,Guyan,full-grid,826,12,21,43,1.0062175745426596,1.0032825811575949,-0.076797588922223964,0,0,1,UNSTABLE,3.4261797680632547e-16,6.850655455872745e-17,1
B1_D2_Guyan,B1,2,Guyan,full-grid,827,12,22,44,1.0061987533313383,1.0032784759279854,-0.076604379412395382,0,0,1,UNSTABLE,1.8840480259639576e-16,6.850655455872745e-17,1
B1_D2_Guyan,B1,2,Guyan,full-grid,828,12,23,45,1.0061667681432964,1.003260887448344,-0.076414377130795366,0,0,1,UNSTABLE,2.1213666795374864e-16,6.8506554558727437e-17,1
B1_D2_Guyan,B1,2,Guyan,full-grid,829,12,24,46,1.0061222538440067,1.0032303952702426,-0.076228365363927922,0,0,1,UNSTABLE,4.4924872428792286e-16,6.850655455872745e-17,1
B1_D2_Guyan,B1,2,Guyan,full-grid,830,12,25,47,1.0060658540883205,1.0031875942927082,-0.076047047409289248,0,0,1,UNSTABLE,2.1522952386698485e-16,6.8506554558727437e-17,1
B1_D2_Guyan,B1,2,Guyan,full-grid,831,12,26,48,1.0059982134849739,1.0031330863289298,-0.075871052761607993,0,0,1,UNSTABLE,2.1361656229930036e-16,6.8506554558727437e-17,1
B1_D2_Guyan,B1,2,Guyan,full-grid,832,12,27,49,1.0059199712648246,1.0030674731652294,-0.07570094363577802,0,0,1,UNSTABLE,2.9472216885171709e-16,6.8506554558727437e-17,1
B1_D2_Guyan,B1,2,Guyan,full-grid,833,12,28,50,1.0058317562987382,1.0029913509733679,-0.075537221630282925,0,0,1,UNSTABLE,1.5629204357646611e-16,6.850655455872745e-17,1
B1_D2_Guyan,B1,2,Guyan,full-grid,834,12,29,51,1.0057341833123974,1.0029053059343802,-0.075380334383195441,0,0,1,UNSTABLE,2.5240107573344784e-16,6.8506554558727437e-17,1
B1_D2_Guyan,B1,2,Guyan,full-grid,835,12,30,52,1.0056278501533142,1.002809910936636,-0.075230682113304456,0,0,1,UNSTABLE,2.6497078513648921e-16,6.850655455872745e-17,1
B1_D2_Guyan,B1,2,Guyan,full-grid,836,12,31,53,1.0055133359784794,1.0027057232211205,-0.075088623973143295,0,0,1,UNSTABLE,3.6156797413383526e-16,6.850655455872745e-17,1
B1_D2_Guyan,B1,2,Guyan,full-grid,837,12,32,54,1.0053912002463701,1.0025932828600159,-0.074954484167477492,0,0,1,UNSTABLE,1.6429294578150442e-16,6.850655455872745e-17,1
B1_D2_Guyan,B1,2,Guyan,full-grid,838,12,33,55,1.0052619824144535,1.0024731119703456,-0.074828557812693444,0,0,1,UNSTABLE,3.0578960204699969e-16,6.8506554558727437e-17,1
B1_D2_Guyan,B1,2,Guyan,full-grid,839,12,34,56,1.0051262022613303,1.0023457145811838,-0.074711116529071211,0,0,1,UNSTABLE,1.506669240486798e-16,6.8506554558727437e-17,1
B1_D2_Guyan,B1,2,Guyan,full-grid,840,12,35,57,1.0049843607707787,1.0022115770901947,-0.074602413769498471,0,0,1,UNSTABLE,4.1261901453540842e-16,6.8506554558727437e-17,1
B1_D2_Guyan,B1,2,Guyan,full-grid,841,12,36,58,1.0048369415331311,1.0020711692627988,-0.074502689897373645,0,0,1,UNSTABLE,1.9215932313125912e-16,6.8506554558727437e-17,1
B1_D2_Guyan,B1,2,Guyan,full-grid,842,12,37,59,1.0046844126379348,1.0019249457455055,-0.074412177031034143,0,0,1,UNSTABLE,3.4250522212305651e-16,6.850655455872745e-17,1
B1_D2_Guyan,B1,2,Guyan,full-grid,843,12,38,60,1.0045272290498986,1.0017733480829027,-0.074331103674293256,0,0,1,UNSTABLE,1.9193869809641543e-16,6.850655455872745e-17,1
B1_D2_Guyan,B1,2,Guyan,full-grid,844,12,39,61,1.0043658354791731,1.0016168072469585,-0.074259699152278438,0,0,1,UNSTABLE,4.4206408312088612e-16,6.8506554558727437e-17,1
B1_D2_Guyan,B1,2,Guyan,full-grid,845,12,40,62,1.0042006697763608,1.0014557467070255,-0.07419819786737239,0,0,1,UNSTABLE,3.3009446847103284e-16,6.850655455872745e-17,1
B1_D2_Guyan,B1,2,Guyan,full-grid,846,12,41,63,1.0040321669034107,1.0012905860903012,-0.074146843383243816,0,0,1,UNSTABLE,2.0946115269429064e-16,6.8506554558727437e-17,1
B1_D2_Guyan,B1,2,Guyan,full-grid,847,12,42,64,1.0038607635537282,1.0011217455056132,-0.07410589233298992,0,0,1,UNSTABLE,1.1801219584299936e-16,6.8506554558727437e-17,1
B1_D2_Guyan,B1,2,Guyan,full-grid,848,12,43,65,1.0036869035186562,1.00094965062861,-0.074075618129933449,0,0,1,UNSTABLE,1.5135150066520455e-16,6.8506554558727437e-17,1
B1_D2_Guyan,B1,2,Guyan,full-grid,849,12,44,66,1.0035110439235282,1.0007747386743695,-0.074056314435275855,0,0,1,UNSTABLE,4.1794159237665761e-16,6.850655455872745e-17,1
B1_D2_Guyan,B1,2,Guyan,full-grid,850,12,45,67,1.0033336624837377,1.0005974654134269,-0.074048298300887508,0,0,1,UNSTABLE,4.4475728787003527e-16,6.8506554558727437e-17,1
B1_D2_Guyan,B1,2,Guyan,full-grid,851,12,46,68,1.0031552659597132,1.000418313419376,-0.07405191285735839,0,0,1,UNSTABLE,5.6989109069800836e-16,6.850655455872745e-17,1
B1_D2_Guyan,B1,2,Guyan,full-grid,852,12,47,69,1.0029764000159522,1.0002378017677052,-0.07406752934902297,0,0,1,UNSTABLE,3.2982738667148671e-16,6.850655455872745e-17,1
B1_D2_Guyan,B1,2,Guyan,full-grid,853,12,48,70,1.0027976607105766,1.0000564974339372,-0.074095548225045646,0,0,1,UNSTABLE,1.8873189322098334e-16,6.850655455872745e-17,1
B1_D2_Guyan,B1,2,Guyan,full-grid,854,12,49,71,1.0026197078498649,0.99987502865687383,-0.07413639886967964,0,0,1,UNSTABLE,1.1873851903547893e-16,6.8506554558727437e-17,1
B1_D2_Guyan,B1,2,Guyan,full-grid,855,12,50,72,1.002443280425189,0.99969410052875429,-0.07419053738596991,0,0,1,UNSTABLE,2.4448104703204425e-16,6.8506554558727437e-17,1
B1_D2_Guyan,B1,2,Guyan,full-grid,856,12,51,73,1.002269214288624,0.99951451303012284,-0.074258441627147134,0,0,1,UNSTABLE,1.6576923941413464e-16,6.8506554558727437e-17,1
B1_D2_Guyan,B1,2,Guyan,full-grid,857,12,52,74,1.0020984620866922,0.99933718161237495,-0.074340602388931448,0,0,1,UNSTABLE,3.4636554381246448e-16,6.8506554558727437e-17,1
B1_D2_Guyan,B1,2,Guyan,full-grid,858,12,53,75,1.0019321152164824,0.99916316020266926,-0.074437509334940921,0,0,1,UNSTABLE,5.7061641141706028e-16,6.850655455872745e-17,1
B1_D2_Guyan,B1,2,Guyan,full-grid,859,12,54,76,1.0017714271297149,0.99899366609805518,-0.074549629841289974,0,0,1,UNSTABLE,2.5617929597846987e-16,6.850655455872745e-17,1
B1_D2_Guyan,B1,2,Guyan,full-grid,860,12,55,77,1.0016178366103414,0.99883010554697993,-0.074677378562649735,0,0,1,UNSTABLE,1.8858491064404158e-16,6.8506554558727437e-17,1
B1_D2_Guyan,B1,2,Guyan,full-grid,861,12,56,78,1.001472988597651,0.99867409778622052,-0.074821075250156438,0,0,1,UNSTABLE,3.7513018170297262e-16,6.850655455872745e-17,1
B1_D2_Guyan,B1,2,Guyan,full-grid,862,12,57,79,1.0013387486502756,0.99852749382540407,-0.074980888386691133,0,0,1,UNSTABLE,4.5664242363684512e-16,6.8506554558727437e-17,1
B1_D2_Guyan,B1,2,Guyan,full-grid,863,12,58,80,1.0012172052562098,0.99839238433338007,-0.075156762877092512,0,0,1,UNSTABLE,1.7892558005580186e-16,6.8506554558727437e-17,1
B1_D2_Guyan,B1,2,Guyan,full-grid,864,12,59,81,1.0011106520952204,0.99827108874967974,-0.075348331800025703,0,0,1,UNSTABLE,2.3447746404565484e-16,6.8506554558727437e-17,1
B1_D2_Guyan,B1,2,Guyan,full-grid,865,12,60,82,1.0011203510042268,1.000916210813763,-0.020216234195440955,0,0,1,UNSTABLE,2.8194109529414824e-16,6.850655455872745e-17,1
B1_D2_Guyan,B1,2,Guyan,full-grid,866,12,61,83,1.0011681359100322,1.0009655299514779,-0.020140610976969179,0,0,1,UNSTABLE,2.8621559713263512e-16,6.8506554558727437e-17,1
B1_D2_Guyan,B1,2,Guyan,full-grid,867,12,62,84,1.0012144149321802,1.0010133397632492,-0.02006485195593959,0,0,1,UNSTABLE,1.2166987681097276e-16,6.850655455872745e-17,1
B1_D2_Guyan,B1,2,Guyan,full-grid,868,12,63,85,1.0012592132809091,1.0010596647296603,-0.019988992752141502,0,0,1,UNSTABLE,7.5419892030643066e-16,6.850655455872745e-17,1
B1_D2_Guyan,B1,2,Guyan,full-grid,869,12,64,86,1.0013025566457361,1.0011045298541732,-0.019913067336360606,0,0,1,UNSTABLE,2.2535352372022603e-16,6.850655455872745e-17,1
B1_D2_Guyan,B1,2,Guyan,full-grid,870,12,65,87,1.0013444711127484,1.0011479605791638,-0.019837108061683581,0,0,1,UNSTABLE,2.0373528623106351e-16,6.8506554558727437e-17,1
B1_D2_Guyan,B1,2,Guyan,full-grid,871,12,66,88,1.0013849830868258,1.0011899827068333,-0.019761145697890031,0,0,1,UNSTABLE,3.1121081260932462e-16,6.8506554558727437e-17,1
B1_D2_Guyan,B1,2,Guyan,full-grid,872,13,0,23,1.0041179245495959,1.0010408867964775,-0.078549025223168575,0,0,1,UNSTABLE,1.6159829926525494e-16,8.8843936914985139e-17,1
B1_D2_Guyan,B1,2,Guyan,full-grid,873,13,1,24,1.0043515226451909,1.0012730632336471,-0.078576293386886667,0,0,1,UNSTABLE,6.697460860915584e-17,6.8506554558727437e-17,1
B1_D2_Guyan,B1,2,Guyan,full-grid,874,13,2,25,1.0045846074249363,1.0015063085008036,-0.078583379338169015,0,0,1,UNSTABLE,1.2071385558367475e-16,6.8506554558727437e-17,1
B1_D2_Guyan,B1,2,Guyan,full-grid,875,13,3,26,1.0048151356856738,1.001738571188606,-0.078570299070510136,0,0,1,UNSTABLE,8.4508061070488583e-17,6.8506554558727437e-17,1
B1_D2_Guyan,B1,2,Guyan,full-grid,876,13,4,27,1.005041109395866,1.001967823411765,-0.078537331398278468,0,0,1,UNSTABLE,2.1374565838463596e-16,6.8506554558727437e-17,1
B1_D2_Guyan,B1,2,Guyan,full-grid,877,13,5,28,1.0052606175247247,1.0021921036180308,-0.078485008707759263,0,0,1,UNSTABLE,1.8098721727501442e-16,6.8506554558727437e-17,1
B1_D2_Guyan,B1,2,Guyan,full-grid,878,13,6,29,1.0054718738045072,1.0024095560395279,-0.078414099322657471,0,0,1,UNSTABLE,2.4582093821574661e-16,6.850655455872745e-17,1
B1_D2_Guyan,B1,2,Guyan,full-grid,879,13,7,30,1.005673248703703,1.0026184649458671,-0.078325582716331957,0,0,1,UNSTABLE,2.2124996423905891e-16,6.8506554558727437e-17,1
B1_D2_Guyan,B1,2,Guyan,full-grid,880,13,8,31,1.0058632943895494,1.0028172823245216,-0.078220619221902099,0,0,1,UNSTABLE,1.599816533210616e-16,6.8506554558727437e-17,1
B1_D2_Guyan,B1,2,Guyan,full-grid,881,13,9,32,1.0060407620289398,1.0030046481667574,-0.078100516129211844,0,0,1,UNSTABLE,1.5725215512445755e-16,6.8506554558727437e-17,1
B1_D2_Guyan,B1,2,Guyan,full-grid,882,13,10,33,1.0062046113451155,1.0031794031050447,-0.077966692106189131,0,0,1,UNSTABLE,1.1941302275416381e-16,6.8506554558727437e-17,1
B1_D2_Guyan,B1,2,Guyan,full-grid,883,13,11,34,1.0063540128520732,1.0033405936668469,-0.077820641758658826,0,0,1,UNSTABLE,1.5288536651388354e-16,6.850655455872745e-17,1
B1_D2_Guyan,B1,2,Guyan,full-grid,884,13,12,35,1.0064883435849945,1.0034874708315633,-0.077663901888447101,0,0,1,UNSTABLE,1.0897586755053082e-16,6.850655455872745e-17,1
B1_D2_Guyan,B1,2,Guyan,full-grid,885,13,13,36,1.0066071774106709,1.0036194828752956,-0.07749802067022199,0,0,1,UNSTABLE,2.3607680254123511e-16,6.850655455872745e-17,1
B1_D2_Guyan,B1,2,Guyan,full-grid,886,13,14,37,1.0067102711358344,1.0037362636561573,-0.077324530596454805,0,0,1,UNSTABLE,2.1660094867505749e-16,6.8506554558727437e-17,1
B1_D2_Guyan,B1,2,Guyan,full-grid,887,13,15,38,1.0067975476476452,1.0038376175416057,-0.077144925676971662,0,0,1,UNSTABLE,2.9535209664163495e-16,6.850655455872745e-17,1
B1_D2_Guyan,B1,2,Guyan,full-grid,888,13,16,39,1.0068690772448339,1.0039235021315069,-0.076960643057822894,0,0,1,UNSTABLE,2.4477360760041807e-16,6.850655455872745e-17,1
B1_D2_Guyan,B1,2,Guyan,full-grid,889,13,17,40,1.0069250581785774,1.003994009813225,-0.076773048963117443,0,0,1,UNSTABLE,4.0926090441725618e-16,6.8506554558727437e-17,1
B1_D2_Guyan,B1,2,Guyan,full-grid,890,13,18,41,1.0069657972474744,1.0040493490260265,-0.076583428668700992,0,0,1,UNSTABLE,1.6320213542200004e-16,6.8506554558727437e-17,1
B1_D2_Guyan,B1,2,Guyan,full-grid,891,13,19,42,1.0069916911048202,1.0040898259355719,-0.076392980088608189,0,0,1,UNSTABLE,4.3731982458085237e-16,6.8506554558727437e-17,1
B1_D2_Guyan,B1,2,Guyan,full-grid,892,13,20,43,1.007003208756194,1.0041158270436317,-0.076202810484615802,0,0,1,UNSTABLE,2.7971816503230797e-16,6.8506554558727437e-17,1
B1_D2_Guyan,B1,2,Guyan,full-grid,893,13,21,44,1.0070008755639304,1.0041278030972274,-0.076013935785869069,0,0,1,UNSTABLE,2.5622453589822101e-16,6.8506554558727437e-17,1
B1_D2_Guyan,B1,2,Guyan,full-grid,894,13,22,45,1.0069852589383013,1.0041262545221814,-0.075827282018366943,0,0,1,UNSTABLE,2.6342867463491681e-16,6.850655455872745e-17,1
B1_D2_Guyan,B1,2,Guyan,full-grid,895,13,23,46,1.0069569557856795,1.0041117184923292,-0.075643688378769197,0,0,1,UNSTABLE,3.2480207111435768e-16,6.8506554558727437e-17,1
B1_D2_Guyan,B1,2,Guyan,full-grid,896,13,24,47,1.0069165817010282,1.0040847576572554,-0.075463911539582249,0,0,1,UNSTABLE,2.8190104674773407e-16,6.8506554558727437e-17,1
B1_D2_Guyan,B1,2,Guyan,full-grid,897,13,25,48,1.0068647618327207,1.0040459504865478,-0.075288630828473424,0,0,1,UNSTABLE,2.9623108551535517e-16,6.8506554558727437e-17,1
B1_D2_Guyan,B1,2,Guyan,full-grid,898,13,26,49,1.0068021233092108,1.0039958831443874,-0.075118453984734032,0,0,1,UNSTABLE,2.0635119343264478e-16,6.8506554558727437e-17,1
B1_D2_Guyan,B1,2,Guyan,full-grid,899,13,27,50,1.0067292890942934,1.0039351427804415,-0.074953923250992871,0,0,1,UNSTABLE,1.4759738553276838e-16,6.850655455872745e-17,1
B1_D2_Guyan,B1,2,Guyan,full-grid,900,13,28,51,1.0066468731284568,1.0038643121091202,-0.074795521610470178,0,0,1,UNSTABLE,2.6943456137710343e-16,6.850655455872745e-17,1
B1_D2_Guyan,B1,2,Guyan,full-grid,901,13,29,52,1.0065554766133935,1.003783965144974,-0.074643679024078258,0,0,1,UNSTABLE,3.2009205047143375e-16,6.850655455872745e-17,1
B1_D2_Guyan,B1,2,Guyan,full-grid,902,13,30,53,1.0064556853033728,1.0036946639652757,-0.074498778561221793,0,0,1,UNSTABLE,2.9669954050410061e-16,6.8506554558727437e-17,1
B1_D2_Guyan,B1,2,Guyan,full-grid,903,13,31,54,1.0063480676780816,1.003596956379182,-0.074361162348706447,0,0,1,UNSTABLE,3.3131125014059146e-16,6.850655455872745e-17,1
B1_D2_Guyan,B1,2,Guyan,full-grid,904,13,32,55,1.0062331738854229,1.0034913743945582,-0.074231137289229449,0,0,1,UNSTABLE,2.9220864424672256e-16,6.850655455872745e-17,1
B1_D2_Guyan,B1,2,Guyan,full-grid,905,13,33,56,1.006111535357872,1.0033784333871338,-0.0741089805202821,0,0,1,UNSTABLE,2.3961702145403989e-16,6.8506554558727437e-17,1
B1_D2_Guyan,B1,2,Guyan,full-grid,906,13,34,57,1.0059836650221265,1.0032586318915646,-0.073994944600397433,0,0,1,UNSTABLE,2.1546463719419936e-16,6.8506554558727437e-17,1
B1_D2_Guyan,B1,2,Guyan,full-grid,907,13,35,58,1.0058500580378793,1.0031324519492397,-0.073889262420944665,0,0,1,UNSTABLE,3.3529685344588462e-16,6.8506554558727437e-17,1
B1_D2_Guyan,B1,2,Guyan,full-grid,908,13,36,59,1.0057111930175133,1.0030003599631259,-0.07379215184929705,0,0,1,UNSTABLE,2.0220143802747855e-16,6.8506554558727437e-17,1
B1_D2_Guyan,B1,2,Guyan,full-grid,909,13,37,60,1.0055675336942949,1.0028628080253899,-0.073703820114404572,0,0,1,UNSTABLE,2.9881864495676809e-16,6.8506554558727437e-17,1
B1_D2_Guyan,B1,2,Guyan,full-grid,910,13,38,61,1.0054195310221112,1.0027202356989906,-0.073624467947026748,0,0,1,UNSTABLE,2.685403448822106e-16,6.850655455872745e-17,1
B1_D2_Guyan,B1,2,Guyan,full-grid,911,13,39,62,1.0052676257052366,1.0025730722499591,-0.073554293486663966,0,0,1,UNSTABLE,1.4484121923715374e-16,6.8506554558727437e-17,1
B1_D2_Guyan,B1,2,Guyan,full-grid,912,13,40,63,1.0051122511720152,1.002421739342878,-0.073493495963081454,0,0,1,UNSTABLE,2.9388555614953959e-16,6.8506554558727437e-17,1
B1_D2_Guyan,B1,2,Guyan,full-grid,913,13,41,64,1.0049538370219182,1.0022666542281349,-0.073442279154559892,0,0,1,UNSTABLE,3.5627031019766075e-16,6.8506554558727437e-17,1
B1_D2_Guyan,B1,2,Guyan,full-grid,914,13,42,65,1.0047928129916459,1.0021082334666478,-0.073400854613683952,0,0,1,UNSTABLE,2.3535647597126875e-16,6.8506554558727437e-17,1
B1_D2_Guyan,B1,2,Guyan,full-grid,915,13,43,66,1.0046296135022099,1.0019468972550525,-0.073369444638575754,0,0,1,UNSTABLE,1.7964122298963078e-16,6.850655455872745e-17,1
B1_D2_Guyan,B1,2,Guyan,full-grid,916,13,44,67,1.0044646828656481,1.0017830744327128,-0.073348284946062589,0,0,1,UNSTABLE,3.2977669664492843e-16,6.850655455872745e-17,1
B1_D2_Guyan,B1,2,Guyan,full-grid,917,13,45,68,1.0042984812467439,1.0016172082706576,-0.073337626976951578,0,0,1,UNSTABLE,2.7704541032327414e-16,6.850655455872745e-17,1
B1_D2_Guyan,B1,2,Guyan,full-grid,918,13,46,69,1.004131491490232,1.0014497631604973,-0.073337739726431234,0,0,1,UNSTABLE,2.814164908471907e-16,6.8506554558727437e-17,1
B1_D2_Guyan,B1,2,Guyan,full-grid,919,13,47,70,1.0039642269365237,1.0012812323376303,-0.073348910944117163,0,0,1,UNSTABLE,1.4803690097186308e-16,6.850655455872745e-17,1
B1_D2_Guyan,B1,2,Guyan,full-grid,920,13,48,71,1.0037972403551718,1.0011121467842139,-0.073371447483072116,0,0,1,UNSTABLE,1.786773967802456e-16,6.850655455872745e-17,1
B1_D2_Guyan,B1,2,Guyan,full-grid,921,13,49,72,1.0036311341204052,1.0009430854589327,-0.073405674492934753,0,0,1,UNSTABLE,3.0331587451361654e-16,6.8506554558727437e-17,1
B1_D2_Guyan,B1,2,Guyan,full-grid,922,13,50,73,1.0034665717288105,1.0007746869847252,-0.073451933043301262,0,0,1,UNSTABLE,3.0281565179234799e-16,6.8506554558727437e-17,1
B1_D2_Guyan,B1,2,Guyan,full-grid,923,13,51,74,1.003304290704462,1.000607662881444,-0.073510575626354921,0,0,1,UNSTABLE,1.671057228476279e-16,6.8506554558727437e-17,1
B1_D2_Guyan,B1,2,Guyan,full-grid,924,13,52,75,1.0031451168324372,1.0004428123390798,-0.073581958820329738,0,0,1,UNSTABLE,2.0372182678822094e-16,6.8506554558727437e-17,1
B1_D2_Guyan,B1,2,Guyan,full-grid,925,13,53,76,1.0029899794850663,1.0002810383658618,-0.073666432200608228,0,0,1,UNSTABLE,4.8114359651539924e-16,6.8506554558727437e-17,1
B1_D2_Guyan,B1,2,Guyan,full-grid,926,13,54,77,1.0028399275220889,1.0001233648790206,-0.073764322375887564,0,0,1,UNSTABLE,5.6770844690167414e-16,6.850655455872745e-17,1
B1_D2_Guyan,B1,2,Guyan,full-grid,927,13,55,78,1.0026961448185123,0.99997095389443957,-0.073875910832636962,0,0,1,UNSTABLE,5.0993969333420425e-16,6.8506554558727437e-17,1
B1_D2_Guyan,B1,2,Guyan,full-grid,928,13,56,79,1.0025599638600311,0.99982512136796586,-0.074001404152619424,0,0,1,UNSTABLE,2.0295850140529168e-16,6.8506554558727437e-17,1
B1_D2_Guyan,B1,2,Guyan,full-grid,929,13,57,80,1.002432875018086,0.99968734941081094,-0.074140895226674192,0,0,1,UNSTABLE,7.5221208523562671e-16,6.8506554558727437e-17,1
B1_D2_Guyan,B1,2,Guyan,full-grid,930,13,58,81,1.0023165280865749,0.99955929154346734,-0.074294314483997675,0,0,1,UNSTABLE,2.6115072211621575e-16,6.8506554558727437e-17,1
B1_D2_Guyan,B1,2,Guyan,full-grid,931,13,59,82,1.0022127215300909,0.99944276645026631,-0.074461371106030919,0,0,1,UNSTABLE,2.3664533030787704e-16,6.850655455872745e-17,1
B1_D2_Guyan,B1,2,Guyan,full-grid,932,13,60,83,1.0021233739154365,0.99933973458648451,-0.074641485946303682,0,0,1,UNSTABLE,2.1588902676256986e-16,6.850655455872745e-17,1
B1_D2_Guyan,B1,2,Guyan,full-grid,933,13,61,84,1.0020504716486891,0.99925225143137908,-0.074833720612303339,0,0,1,UNSTABLE,4.6753642569570102e-16,6.850655455872745e-17,1
B1_D2_Guyan,B1,2,Guyan,full-grid,934,13,62,85,1.0019959881341112,0.99918239189101898,-0.075036710827408565,0,0,1,UNSTABLE,3.3909724926944689e-16,6.8506554558727437e-17,1
B1_D2_Guyan,B1,2,Guyan,full-grid,935,13,63,86,1.0019617726207906,0.99913214318823607,-0.075248616209726255,0,0,1,UNSTABLE,4.7568928185736765e-16,6.850655455872745e-17,1
B1_D2_Guyan,B1,2,Guyan,full-grid,936,13,64,87,1.0019494128410289,0.99910326916452963,-0.075467101688300287,0,0,1,UNSTABLE,1.9721698118856909e-16,6.850655455872745e-17,1
B1_D2_Guyan,B1,2,Guyan,full-grid,937,13,65,88,1.0019600836800595,0.99909715702194668,-0.075689365955959945,0,0,1,UNSTABLE,6.8977518734714885e-16,6.8506554558727437e-17,1
B1_D2_Guyan,B1,2,Guyan,full-grid,938,13,66,89,1.0019944026298906,0.99911466638938651,-0.075912227653102793,0,0,1,UNSTABLE,2.8199899171213077e-16,6.8506554558727437e-17,1
B1_D2_Guyan,B1,2,Guyan,full-grid,939,14,0,24,1.004863057003476,1.0018593877990996,-0.077637171568677804,0,0,1,UNSTABLE,1.8790866279680413e-16,8.8843936914985139e-17,1
B1_D2_Guyan,B1,2,Guyan,full-grid,940,14,1,25,1.0050913836335325,1.0020863187696545,-0.077664014762635014,0,0,1,UNSTABLE,9.3868941952201986e-17,6.8506554558727437e-17,1
B1_D2_Guyan,B1,2,Guyan,full-grid,941,14,2,26,1.0053191291435646,1.002314179186738,-0.077671343642238905,0,0,1,UNSTABLE,1.0615266283091122e-16,6.8506554558727437e-17,1
B1_D2_Guyan,B1,2,Guyan,full-grid,942,14,3,27,1.0055443398457884,1.0025410065015818,-0.077659189274017382,0,0,1,UNSTABLE,2.2116726680365816e-16,6.850655455872745e-17,1
B1_D2_Guyan,B1,2,Guyan,full-grid,943,14,4,28,1.005765106516092,1.002764862387145,-0.077627831652160695,0,0,1,UNSTABLE,1.3194938150367759e-16,6.850655455872745e-17,1
B1_D2_Guyan,B1,2,Guyan,full-grid,944,14,5,29,1.0059796036108142,1.0029838728820502,-0.077577790761880275,0,0,1,UNSTABLE,1.6477689000455558e-16,6.8506554558727437e-17,1
B1_D2_Guyan,B1,2,Guyan,full-grid,945,14,6,30,1.0061861246746135,1.0031962653755584,-0.077509809858166162,0,0,1,UNSTABLE,1.3006289532046551e-16,6.850655455872745e-17,1
B1_D2_Guyan,B1,2,Guyan,full-grid,946,14,7,31,1.0063831123546361,1.0034004007409103,-0.077424832099169866,0,0,1,UNSTABLE,3.1533158540709103e-16,6.8506554558727437e-17,1
B1_D2_Guyan,B1,2,Guyan,full-grid,947,14,8,32,1.0065691818928946,1.0035947993497631,-0.07732397205679456,0,0,1,UNSTABLE,2.4550282718284881e-16,6.8506554558727437e-17,1
B1_D2_Guyan,B1,2,Guyan,full-grid,948,14,9,33,1.0067431374895282,1.0037781602050422,-0.077208483844974002,0,0,1,UNSTABLE,3.6011787080168982e-16,6.8506554558727437e-17,1
B1_D2_Guyan,B1,2,Guyan,full-grid,949,14,10,34,1.0069039814493066,1.003949372948278,-0.077079727654064512,0,0,1,UNSTABLE,1.2556361794618372e-16,6.850655455872745e-17,1
B1_D2_Guyan,B1,2,Guyan,full-grid,950,14,11,35,1.0070509164873582,1.0041075229738148,-0.076939136370370115,0,0,1,UNSTABLE,1.8719543088185925e-16,6.8506554558727437e-17,1
B1_D2_Guyan,B1,2,Guyan,full-grid,951,14,12,36,1.0071833419367882,1.0042518902716886,-0.076788183730942719,0,0,1,UNSTABLE,4.4226473503820507e-16,6.850655455872745e-17,1
B1_D2_Guyan,B1,2,Guyan,full-grid,952,14,13,37,1.0073008448497192,1.0043819428987191,-0.076628355156248273,0,0,1,UNSTABLE,3.0243720530932212e-16,6.850655455872745e-17,1
B1_D2_Guyan,B1,2,Guyan,full-grid,953,14,14,38,1.0074031871125886,1.0044973261374981,-0.076461122063554751,0,0,1,UNSTABLE,2.6286169707068581e-16,6.850655455872745e-17,1
B1_D2_Guyan,B1,2,Guyan,full-grid,954,14,15,39,1.0074902897178224,1.0045978484536973,-0.076287920130936229,0,0,1,UNSTABLE,2.8010098596566482e-16,6.8506554558727437e-17,1
B1_D2_Guyan,B1,2,Guyan,full-grid,955,14,16,40,1.0075622152701535,1.0046834653238994,-0.076110131683370996,0,0,1,UNSTABLE,2.363044364215209e-16,6.8506554558727437e-17,1
B1_D2_Guyan,B1,2,Guyan,full-grid,956,14,17,41,1.0076191496821798,1.0047542619028516,-0.075929072128502889,0,0,1,UNSTABLE,2.7509586657594034e-16,6.8506554558727437e-17,1
B1_D2_Guyan,B1,2,Guyan,full-grid,957,14,18,42,1.0076613838555637,1.0048104353555192,-0.075745980186154721,0,0,1,UNSTABLE,3.1669497062748754e-16,6.8506554558727437e-17,1
B1_D2_Guyan,B1,2,Guyan,full-grid,958,14,19,43,1.0076892959740631,1.0048522775184019,-0.075562011532140524,0,0,1,UNSTABLE,2.7671405911743994e-16,6.850655455872745e-17,1
B1_D2_Guyan,B1,2,Guyan,full-grid,959,14,20,44,1.0077033348682649,1.0048801583927576,-0.075378235407635413,0,0,1,UNSTABLE,2.6014754501344135e-16,6.850655455872745e-17,1
B1_D2_Guyan,B1,2,Guyan,full-grid,960,14,21,45,1.0077040047614529,1.0048945108228231,-0.075195633719181212,0,0,1,UNSTABLE,1.5120493902672846e-16,6.8506554558727437e-17,1
B1_D2_Guyan,B1,2,Guyan,full-grid,961,14,22,46,1.0076918515776072,1.0048958165817075,-0.075015102162762901,0,0,1,UNSTABLE,3.348968675529976e-16,6.850655455872745e-17,1
B1_D2_Guyan,B1,2,Guyan,full-grid,962,14,23,47,1.007667450888742,1.0048845939801978,-0.074837452935466203,0,0,1,UNSTABLE,3.4119666703323146e-16,6.8506554558727437e-17,1
B1_D2_Guyan,B1,2,Guyan,full-grid,963,14,24,48,1.0076313974992954,1.0048613870294694,-0.074663418643898152,0,0,1,UNSTABLE,2.9046235147531851e-16,6.8506554558727437e-17,1
B1_D2_Guyan,B1,2,Guyan,full-grid,964,14,25,49,1.0075842966077271,1.0048267561260389,-0.074493657070317298,0,0,1,UNSTABLE,2.0810888398176206e-16,6.8506554558727437e-17,1
B1_D2_Guyan,B1,2,Guyan,full-grid,965,14,26,50,1.0075267564473445,1.0047812701840715,-0.074328756511800667,0,0,1,UNSTABLE,2.2882860452694705e-16,6.850655455872745e-17,1
B1_D2_Guyan,B1,2,Guyan,full-grid,966,14,27,51,1.0074593822852067,1.0047255001122455,-0.074169241459573321,0,0,1,UNSTABLE,2.4723465890112827e-16,6.8506554558727437e-17,1
B1_D2_Guyan,B1,2,Guyan,full-grid,967,14,28,52,1.0073827716474635,1.0046600135176327,-0.074015578433703655,0,0,1,UNSTABLE,2.0426564456180557e-16,6.850655455872745e-17,1
B1_D2_Guyan,B1,2,Guyan,full-grid,968,14,29,53,1.0072975106376347,1.0045853705135537,-0.073868181830352111,0,0,1,UNSTABLE,1.1979621834961486e-16,6.850655455872745e-17,1
B1_D2_Guyan,B1,2,Guyan,full-grid,969,14,30,54,1.0072041712194004,1.0045021205103342,-0.073727419675461814,0,0,1,UNSTABLE,7.1864370945619548e-16,6.850655455872745e-17,1
B1_D2_Guyan,B1,2,Guyan,full-grid,970,14,31,55,1.0071033093444484,1.0044107998743899,-0.073593619208652289,0,0,1,UNSTABLE,2.3423967377169061e-16,6.8506554558727437e-17,1
B1_D2_Guyan,B1,2,Guyan,full-grid,971,14,32,56,1.0069954638181404,1.0043119303512966,-0.073467072245762766,0,0,1,UNSTABLE,3.0227802331539603e-16,6.8506554558727437e-17,1
B1_D2_Guyan,B1,2,Guyan,full-grid,972,14,33,57,1.0068811558091249,1.0042060181603154,-0.073348040288227667,0,0,1,UNSTABLE,3.7799995760199014e-16,6.8506554558727437e-17,1
B1_D2_Guyan,B1,2,Guyan,full-grid,973,14,34,58,1.0067608889233512,1.0040935536810882,-0.073236759361813397,0,0,1,UNSTABLE,2.6069717621732207e-16,6.8506554558727437e-17,1
B1_D2_Guyan,B1,2,Guyan,full-grid,974,14,35,59,1.0066351497772874,1.003975011666689,-0.073133444579160906,0,0,1,UNSTABLE,3.8466255624447966e-16,6.850655455872745e-17,1
B1_D2_Guyan,B1,2,Guyan,full-grid,975,14,36,60,1.0065044090191941,1.0038508519308231,-0.073038294427226272,0,0,1,UNSTABLE,2.8583438572077871e-16,6.850655455872745e-17,1
B1_D2_Guyan,B1,2,Guyan,full-grid,976,14,37,61,1.006369122761112,1.0037215204704273,-0.072951494785944149,0,0,1,UNSTABLE,1.4416696539370609e-16,6.8506554558727437e-17,1
B1_D2_Guyan,B1,2,Guyan,full-grid,977,14,38,62,1.0062297343975481,1.0035874509981813,-0.072873222686617389,0,0,1,UNSTABLE,4.3653927115314102e-16,6.850655455872745e-17,1
B1_D2_Guyan,B1,2,Guyan,full-grid,978,14,39,63,1.0060866767996257,1.0034490668723413,-0.072803649817449897,0,0,1,UNSTABLE,1.6257750161670182e-16,6.8506554558727437e-17,1
B1_D2_Guyan,B1,2,Guyan,full-grid,979,14,40,64,1.0059403748859508,1.0033067834240474,-0.072742945781555921,0,0,1,UNSTABLE,4.2378693777206525e-16,6.8506554558727437e-17,1
B1_D2_Guyan,B1,2,Guyan,full-grid,980,14,41,65,1.0057912485838518,1.0031610106951379,-0.072691281106973857,0,0,1,UNSTABLE,4.3641289517478771e-16,6.8506554558727437e-17,1
B1_D2_Guyan,B1,2,Guyan,full-grid,981,14,42,66,1.0056397162063659,1.0030121566118761,-0.072648830000306627,0,0,1,UNSTABLE,3.878478944584366e-16,6.850655455872745e-17,1
B1_D2_Guyan,B1,2,Guyan,full-grid,982,14,43,67,1.0054861982822934,1.0028606306328487,-0.072615772824259336,0,0,1,UNSTABLE,3.2184794987081625e-16,6.8506554558727437e-17,1
B1_D2_Guyan,B1,2,Guyan,full-grid,983,14,44,68,1.0053311218876824,1.0027068479215286,-0.072592298263785993,0,0,1,UNSTABLE,4.0785376994887168e-16,6.850655455872745e-17,1
B1_D2_Guyan,B1,2,Guyan,full-grid,984,14,45,69,1.0051749255374691,1.0025512341059415,-0.07257860512513778,0,0,1,UNSTABLE,3.2140128819553094e-16,6.850655455872745e-17,1
B1_D2_Guyan,B1,2,Guyan,full-grid,985,14,46,70,1.0050180647046436,1.0023942306985427,-0.072574903685392378,0,0,1,UNSTABLE,3.5826495791064655e-16,6.850655455872745e-17,1
B1_D2_Guyan,B1,2,Guyan,full-grid,986,14,47,71,1.0048610180398052,1.0022363012575568,-0.072581416475332353,0,0,1,UNSTABLE,1.5744058881230645e-16,6.8506554558727437e-17,1
B1_D2_Guyan,B1,2,Guyan,full-grid,987,14,48,72,1.0047042943641622,1.0020779383746112,-0.072598378333664837,0,0,1,UNSTABLE,4.1192997761705939e-16,6.8506554558727437e-17,1
B1_D2_Guyan,B1,2,Guyan,full-grid,988,14,49,73,1.0045484405007872,1.0019196715695424,-0.072626035514432974,0,0,1,UNSTABLE,3.2503235146267552e-16,6.8506554558727437e-17,1
B1_D2_Guyan,B1,2,Guyan,full-grid,989,14,50,74,1.0043940499869417,1.0017620761566628,-0.072664643558362496,0,0,1,UNSTABLE,2.5669516313839909e-16,6.8506554558727437e-17,1
B1_D2_Guyan,B1,2,Guyan,full-grid,990,14,51,75,1.0042417726672586,1.0016057831103624,-0.07271446355268793,0,0,1,UNSTABLE,2.9159368739459255e-16,6.850655455872745e-17,1
B1_D2_Guyan,B1,2,Guyan,full-grid,991,14,52,76,1.0040923250936431,1.0014514898918507,-0.072775756302153133,0,0,1,UNSTABLE,4.4118436578407632e-16,6.850655455872745e-17,1
B1_D2_Guyan,B1,2,Guyan,full-grid,992,14,53,77,1.003946501538983,1.0012999720890212,-0.072848773818704707,0,0,1,UNSTABLE,3.162253502930612e-16,6.8506554558727437e-17,1
B1_D2_Guyan,B1,2,Guyan,full-grid,993,14,54,78,1.0038051852509011,1.0011520955499651,-0.072933747418528205,0,0,1,UNSTABLE,8.1496764197340738e-16,6.850655455872745e-17,1
B1_D2_Guyan,B1,2,Guyan,full-grid,994,14,55,79,1.0036693593086485,1.0010088284360257,-0.073030871610359205,0,0,1,UNSTABLE,2.4399560339301621e-16,6.8506554558727437e-17,1
B1_D2_Guyan,B1,2,Guyan,full-grid,995,14,56,80,1.0035401160810613,1.0008712522604171,-0.073140282899746209,0,0,1,UNSTABLE,9.6142730818605834e-16,6.8506554558727437e-17,1
B1_D2_Guyan,B1,2,Guyan,full-grid,996,14,57,81,1.0034186638027818,1.0007405704955357,-0.073262032677438513,0,0,1,UNSTABLE,3.2995964468069514e-16,6.8506554558727437e-17,1
B1_D2_Guyan,B1,2,Guyan,full-grid,997,14,58,82,1.0033063281973931,1.0006181127279965,-0.073396053583263662,0,0,1,UNSTABLE,5.7164938225415687e-16,6.850655455872745e-17,1
B1_D2_Guyan,B1,2,Guyan,full-grid,998,14,59,83,1.0032045464268728,1.0005053316537524,-0.073542119251232399,0,0,1,UNSTABLE,1.9512905619510494e-16,6.8506554558727437e-17,1
B1_D2_Guyan,B1,2,Guyan,full-grid,999,14,60,84,1.0031148500558511,1.0004037895457496,-0.073699798270256398,0,0,1,UNSTABLE,2.3884227940436563e-16,6.850655455872745e-17,1
B1_D2_Guyan,B1,2,Guyan,full-grid,1000,14,61,85,1.0030388334047791,1.0003151304032769,-0.073868404641601534,0,0,1,UNSTABLE,3.705824280531901e-16,6.850655455872745e-17,1
B1_D2_Guyan,B1,2,Guyan,full-grid,1001,14,62,86,1.0029781039632546,1.0002410341386376,-0.074046948991796799,0,0,1,UNSTABLE,2.1603673277652119e-16,6.850655455872745e-17,1
B1_D2_Guyan,B1,2,Guyan,full-grid,1002,14,63,87,1.0029342128556433,1.0001831502988479,-0.074234097116090622,0,0,1,UNSTABLE,5.5815429035389249e-16,6.8506554558727437e-17,1
B1_D2_Guyan,B1,2,Guyan,full-grid,1003,14,64,88,1.0029085660574135,1.0001430113571872,-0.074428144573907618,0,0,1,UNSTABLE,1.0119340846098914e-15,6.8506554558727437e-17,1
B1_D2_Guyan,B1,2,Guyan,full-grid,1004,14,65,89,1.0029023212106083,1.0001219296662915,-0.074627017160006429,0,0,1,UNSTABLE,2.9880595625056335e-16,6.8506554558727437e-17,1
B1_D2_Guyan,B1,2,Guyan,full-grid,1005,14,66,90,1.0029162799315865,1.0001208872756628,-0.074828306052948254,0,0,1,UNSTABLE,5.1169078474982055e-16,6.8506554558727437e-17,1
B1_D2_Guyan,B1,2,Guyan,full-grid,1006,15,0,25,1.005523402186391,1.0025938985696361,-0.076699327868193695,0,0,1,UNSTABLE,2.820636672214809e-16,8.8843936914985139e-17,1
B1_D2_Guyan,B1,2,Guyan,full-grid,1007,15,1,26,1.0057465829987362,1.0028156743721814,-0.076726217469000879,0,0,1,UNSTABLE,1.5205459924506636e-16,6.8506554558727437e-17,1
B1_D2_Guyan,B1,2,Guyan,full-grid,1008,15,2,27,1.0059691762387821,1.0030383042225459,-0.076734241410815751,0,0,1,UNSTABLE,1.1460585465236089e-16,6.8506554558727437e-17,1
B1_D2_Guyan,B1,2,Guyan,full-grid,1009,15,3,28,1.0061893130164989,1.0032599103896713,-0.076723437315613055,0,0,1,UNSTABLE,1.9326175982461811e-16,6.850655455872745e-17,1
B1_D2_Guyan,B1,2,Guyan,full-grid,1010,15,4,29,1.0064051670817442,1.003478638841683,-0.076694078762815143,0,0,1,UNSTABLE,2.959675532319511e-16,6.850655455872745e-17,1
B1_D2_Guyan,B1,2,Guyan,full-grid,1011,15,5,30,1.0066149916833829,1.0036926969652349,-0.076646666857665982,0,0,1,UNSTABLE,2.1378240661183874e-16,6.8506554558727437e-17,1
B1_D2_Guyan,B1,2,Guyan,full-grid,1012,15,6,31,1.0068171528996157,1.0039003883540571,-0.076581914545546623,0,0,1,UNSTABLE,1.7215206625849041e-16,6.850655455872745e-17,1
B1_D2_Guyan,B1,2,Guyan,full-grid,1013,15,7,32,1.007010157970553,1.0041001431000809,-0.076500724717321264,0,0,1,UNSTABLE,1.5633690633193675e-16,6.8506554558727437e-17,1
B1_D2_Guyan,B1,2,Guyan,full-grid,1014,15,8,33,1.0071926775794036,1.0042905424073547,-0.076404163503762529,0,0,1,UNSTABLE,3.2004098672421519e-16,6.8506554558727437e-17,1
B1_D2_Guyan,B1,2,Guyan,full-grid,1015,15,9,34,1.007363561503454,1.00447033680866,-0.076293430362122716,0,0,1,UNSTABLE,1.5590274692644253e-16,6.850655455872745e-17,1
B1_D2_Guyan,B1,2,Guyan,full-grid,1016,15,10,35,1.0075218475328849,1.0046384577402754,-0.076169826606857519,0,0,1,UNSTABLE,1.3631121259889436e-16,6.8506554558727437e-17,1
B1_D2_Guyan,B1,2,Guyan,full-grid,1017,15,11,36,1.0076667639830637,1.0047940226687362,-0.076034723944254604,0,0,1,UNSTABLE,4.3440709369592957e-16,6.850655455872745e-17,1
B1_D2_Guyan,B1,2,Guyan,full-grid,1018,15,12,37,1.007797726467945,1.0049363343256208,-0.075889534365043948,0,0,1,UNSTABLE,2.3891610293599248e-16,6.8506554558727437e-17,1
B1_D2_Guyan,B1,2,Guyan,full-grid,1019,15,13,38,1.0079143298378479,1.0050648748677722,-0.075735682472052132,0,0,1,UNSTABLE,2.5202004493031335e-16,6.850655455872745e-17,1
B1_D2_Guyan,B1,2,Guyan,full-grid,1020,15,14,39,1.0080163363116099,1.0051792959349759,-0.07557458100940169,0,0,1,UNSTABLE,2.7346182110393232e-16,6.850655455872745e-17,1
B1_D2_Guyan,B1,2,Guyan,full-grid,1021,15,15,40,1.008103660860777,1.0052794056316188,-0.075407610052563634,0,0,1,UNSTABLE,3.6463630653185021e-16,6.8506554558727437e-17,1
B1_D2_Guyan,B1,2,Guyan,full-grid,1022,15,16,41,1.0081763548513953,1.0053651534302954,-0.075236100041970511,0,0,1,UNSTABLE,1.2113888878347937e-16,6.8506554558727437e-17,1
B1_D2_Guyan,B1,2,Guyan,full-grid,1023,15,17,42,1.0082345888402855,1.005436613905589,-0.075061318613538736,0,0,1,UNSTABLE,3.0272184526188035e-16,6.8506554558727437e-17,1
B1_D2_Guyan,B1,2,Guyan,full-grid,1024,15,18,43,1.0082786352803854,1.0054939700778571,-0.074884461004577019,0,0,1,UNSTABLE,5.3621903450212852e-16,6.8506554558727437e-17,1
B1_D2_Guyan,B1,2,Guyan,full-grid,1025,15,19,44,1.0083088517339276,1.005537496999906,-0.07470664369489427,0,0,1,UNSTABLE,1.99058481999309e-16,6.850655455872745e-17,1
B1_D2_Guyan,B1,2,Guyan,full-grid,1026,15,20,45,1.0083256650387282,1.0055675460706228,-0.07452890087274501,0,0,1,UNSTABLE,2.4983970591946801e-16,6.850655455872745e-17,1
B1_D2_Guyan,B1,2,Guyan,full-grid,1027,15,21,46,1.0083295567323409,1.0055845304202444,-0.074352183286947732,0,0,1,UNSTABLE,2.4453907991001798e-16,6.8506554558727437e-17,1
B1_D2_Guyan,B1,2,Guyan,full-grid,1028,15,22,47,1.0083210499178248,1.0055889115895154,-0.074177359049769159,0,0,1,UNSTABLE,2.1866965096621224e-16,6.850655455872745e-17,1
B1_D2_Guyan,B1,2,Guyan,full-grid,1029,15,23,48,1.0083006976561155,1.0055811876230818,-0.07400521598077954,0,0,1,UNSTABLE,1.2165994349151289e-16,6.8506554558727437e-17,1
B1_D2_Guyan,B1,2,Guyan,full-grid,1030,15,24,49,1.0082690728933905,1.0055618826167041,-0.073836465121558434,0,0,1,UNSTABLE,2.1224998083062441e-16,6.8506554558727437e-17,1
B1_D2_Guyan,B1,2,Guyan,full-grid,1031,15,25,50,1.0082267598757639,1.0055315376972205,-0.073671745098406488,0,0,1,UNSTABLE,3.0027658803739941e-16,6.850655455872745e-17,1
B1_D2_Guyan,B1,2,Guyan,full-grid,1032,15,26,51,1.0081743469655486,1.0054907033714597,-0.073511627059790918,0,0,1,UNSTABLE,2.140144138700718e-16,6.8506554558727437e-17,1
B1_D2_Guyan,B1,2,Guyan,full-grid,1033,15,27,52,1.0081124207496586,1.0054399331522879,-0.073356619963434663,0,0,1,UNSTABLE,2.2450267320307047e-16,6.850655455872745e-17,1
B1_D2_Guyan,B1,2,Guyan,full-grid,1034,15,28,53,1.0080415613189404,1.0053797783542455,-0.073207176032785273,0,0,1,UNSTABLE,3.8518030199775457e-16,6.8506554558727437e-17,1
B1_D2_Guyan,B1,2,Guyan,full-grid,1035,15,29,54,1.0079623385940493,1.0053107839446267,-0.073063696242558943,0,0,1,UNSTABLE,1.4321517259147142e-16,6.850655455872745e-17,1
B1_D2_Guyan,B1,2,Guyan,full-grid,1036,15,30,55,1.0078753095768134,1.0052334853362996,-0.072926535727351111,0,0,1,UNSTABLE,1.8203415577478895e-16,6.850655455872745e-17,1
B1_D2_Guyan,B1,2,Guyan,full-grid,1037,15,31,56,1.007781016413414,1.0051484060136007,-0.072796009036015644,0,0,1,UNSTABLE,1.7494865013150154e-16,6.8506554558727437e-17,1
B1_D2_Guyan,B1,2,Guyan,full-grid,1038,15,32,57,1.0076799851663012,1.0050560558912931,-0.07267239517860008,0,0,1,UNSTABLE,2.3147856843902125e-16,6.8506554558727437e-17,1
B1_D2_Guyan,B1,2,Guyan,full-grid,1039,15,33,58,1.0075727252035418,1.0049569303169468,-0.072555942430868783,0,0,1,UNSTABLE,1.8836207120082967e-16,6.8506554558727437e-17,1
B1_D2_Guyan,B1,2,Guyan,full-grid,1040,15,34,59,1.0074597291270384,1.0048515096386843,-0.072446872876494262,0,0,1,UNSTABLE,3.4907277794616914e-16,6.8506554558727437e-17,1
B1_D2_Guyan,B1,2,Guyan,full-grid,1041,15,35,60,1.0073414731738604,1.0047402592723111,-0.07234538667732951,0,0,1,UNSTABLE,2.5451000736665585e-16,6.850655455872745e-17,1
B1_D2_Guyan,B1,2,Guyan,full-grid,1042,15,36,61,1.0072184180376029,1.0046236302139269,-0.072251666070497225,0,0,1,UNSTABLE,2.9206416390322809e-16,6.850655455872745e-17,1
B1_D2_Guyan,B1,2,Guyan,full-grid,1043,15,37,62,1.0070910100686408,1.0045020599558439,-0.072165879094911442,0,0,1,UNSTABLE,2.4562198663666734e-16,6.8506554558727437e-17,1
B1_D2_Guyan,B1,2,Guyan,full-grid,1044,15,38,63,1.0069596828240368,1.0043759737753468,-0.072088183053179503,0,0,1,UNSTABLE,3.5798094823500624e-16,6.850655455872745e-17,1
B1_D2_Guyan,B1,2,Guyan,full-grid,1045,15,39,64,1.0068248589486213,1.0042457863766725,-0.072018727714460246,0,0,1,UNSTABLE,1.89757777077398e-16,6.8506554558727437e-17,1
B1_D2_Guyan,B1,2,Guyan,full-grid,1046,15,40,65,1.0066869523793385,1.0041119038773723,-0.071957658262057675,0,0,1,UNSTABLE,2.3249529974945782e-16,6.8506554558727437e-17,1
B1_D2_Guyan,B1,2,Guyan,full-grid,1047,15,41,66,1.0065463708749347,1.0039747261405423,-0.071905117985613567,0,0,1,UNSTABLE,1.8418723929009682e-16,6.850655455872745e-17,1
B1_D2_Guyan,B1,2,Guyan,full-grid,1048,15,42,67,1.0064035188821878,1.0038346494640544,-0.071861250711552874,0,0,1,UNSTABLE,2.3402935842084635e-16,6.8506554558727437e-17,1
B1_D2_Guyan,B1,2,Guyan,full-grid,1049,15,43,68,1.0062588007590383,1.0036920696477794,-0.071826202956687346,0,0,1,UNSTABLE,1.9146811215193337e-16,6.850655455872745e-17,1
B1_D2_Guyan,B1,2,Guyan,full-grid,1050,15,44,69,1.0061126243824905,1.0035473854681973,-0.071800125778216803,0,0,1,UNSTABLE,3.9423457785977472e-16,6.8506554558727437e-17,1
B1_D2_Guyan,B1,2,Guyan,full-grid,1051,15,45,70,1.005965405176485,1.0034010025982978,-0.071783176278432059,0,0,1,UNSTABLE,3.1290087691281834e-16,6.850655455872745e-17,1
B1_D2_Guyan,B1,2,Guyan,full-grid,1052,15,46,71,1.005817570599788,1.0032533380169713,-0.071775518702859309,0,0,1,UNSTABLE,2.0047828234895246e-16,6.850655455872745e-17,1
B1_D2_Guyan,B1,2,Guyan,full-grid,1053,15,47,72,1.0056695651365817,1.0031048249565961,-0.071777325046269352,0,0,1,UNSTABLE,1.9808011903546013e-16,6.8506554558727437e-17,1
B1_D2_Guyan,B1,2,Guyan,full-grid,1054,15,48,73,1.0055218558309107,1.0029559184383485,-0.071788775049639653,0,0,1,UNSTABLE,2.2973608911756271e-16,6.8506554558727437e-17,1
B1_D2_Guyan,B1,2,Guyan,full-grid,1055,15,49,74,1.0053749383979966,1.0028071014394255,-0.071810055433993381,0,0,1,UNSTABLE,1.7061010732388728e-16,6.8506554558727437e-17,1
B1_D2_Guyan,B1,2,Guyan,full-grid,1056,15,50,75,1.0052293439284319,1.002658891723005,-0.071841358169099451,0,0,1,UNSTABLE,3.0629109015466781e-16,6.8506554558727437e-17,1
B1_D2_Guyan,B1,2,Guyan,full-grid,1057,15,51,76,1.0050856461696374,1.0025118493342227,-0.071882877521105032,0,0,1,UNSTABLE,4.7905023931283423e-16,6.850655455872745e-17,1
B1_D2_Guyan,B1,2,Guyan,full-grid,1058,15,52,77,1.004944469318279,1.0023665847197636,-0.071934805557770945,0,0,1,UNSTABLE,2.5128465338091423e-16,6.850655455872745e-17,1
B1_D2_Guyan,B1,2,Guyan,full-grid,1059,15,53,78,1.0048064961785432,1.002223767355215,-0.071997325720616345,0,0,1,UNSTABLE,4.8952900357041273e-16,6.8506554558727437e-17,1
B1_D2_Guyan,B1,2,Guyan,full-grid,1060,15,54,79,1.0046724764251516,1.0020841346539435,-0.072070604001241018,0,0,1,UNSTABLE,2.797954506973743e-16,6.850655455872745e-17,1
B1_D2_Guyan,B1,2,Guyan,full-grid,1061,15,55,80,1.0045432345463821,1.0019485007725493,-0.072154777198382883,0,0,1,UNSTABLE,4.2841652463312293e-16,6.8506554558727437e-17,1
B1_D2_Guyan,B1,2,Guyan,full-grid,1062,15,56,81,1.0044196768194389,1.0018177647081243,-0.072249937697434555,0,0,1,UNSTABLE,4.6597632849729048e-16,6.8506554558727437e-17,1
B1_D2_Guyan,B1,2,Guyan,full-grid,1063,15,57,82,1.0043027963822422,1.0016929167931052,-0.072356114238624453,0,0,1,UNSTABLE,2.4291163562006083e-16,6.850655455872745e-17,1
B1_D2_Guyan,B1,2,Guyan,full-grid,1064,15,58,83,1.0041936751151281,1.0015750423345833,-0.072473248262412582,0,0,1,UNSTABLE,2.624568897659817e-16,6.8506554558727437e-17,1
B1_D2_Guyan,B1,2,Guyan,full-grid,1065,15,59,84,1.0040934806540804,1.0014653207330633,-0.072601165700343362,0,0,1,UNSTABLE,4.2199062495013119e-16,6.850655455872745e-17,1
B1_D2_Guyan,B1,2,Guyan,full-grid,1066,15,60,85,1.0040034564817142,1.0013650180035201,-0.072739544582292523,0,0,1,UNSTABLE,5.6275296710522066e-16,6.8506554558727437e-17,1
B1_D2_Guyan,B1,2,Guyan,full-grid,1067,15,61,86,1.0039249027849575,1.0012754703060192,-0.072887879618264248,0,0,1,UNSTABLE,4.3760243169284557e-16,6.850655455872745e-17,1
B1_D2_Guyan,B1,2,Guyan,full-grid,1068,15,62,87,1.0038591457935369,1.0011980560359373,-0.07304544601267017,0,0,1,UNSTABLE,2.5182282170406479e-16,6.850655455872745e-17,1
B1_D2_Guyan,B1,2,Guyan,full-grid,1069,15,63,88,1.0038074938337913,1.0011341544414563,-0.073211266125284613,0,0,1,UNSTABLE,2.6345686793144481e-16,6.8506554558727437e-17,1
B1_D2_Guyan,B1,2,Guyan,full-grid,1070,15,64,89,1.0037711795710296,1.0010850898657515,-0.073384084009383371,0,0,1,UNSTABLE,2.9410773227823673e-16,6.8506554558727437e-17,1
B1_D2_Guyan,B1,2,Guyan,full-grid,1071,15,65,90,1.0037512900042653,1.0010520627151593,-0.073562353951946616,0,0,1,UNSTABLE,3.3106386423731971e-16,6.8506554558727437e-17,1
B1_D2_Guyan,B1,2,Guyan,full-grid,1072,15,66,91,1.0037486886227414,1.0010360710773285,-0.073744249361821668,0,0,1,UNSTABLE,5.385990515444088e-16,6.8506554558727437e-17,1
B1_D2_Guyan,B1,2,Guyan,full-grid,1073,16,0,26,1.0061032764772773,1.0032480035559777,-0.075744612344756448,0,0,1,UNSTABLE,1.3590901544505716e-16,8.8843936914985139e-17,1
B1_D2_Guyan,B1,2,Guyan,full-grid,1074,16,1,27,1.0063214697584819,1.0034647529505916,-0.075771961058689177,0,0,1,UNSTABLE,1.6345298882468679e-16,6.8506554558727437e-17,1
B1_D2_Guyan,B1,2,Guyan,full-grid,1075,16,2,28,1.006539120667189,1.0036823357227238,-0.075781068821016789,0,0,1,UNSTABLE,2.2104948473590473e-16,6.850655455872745e-17,1
B1_D2_Guyan,B1,2,Guyan,full-grid,1076,16,3,29,1.0067544400859807,1.0038989544636956,-0.075771972783708327,0,0,1,UNSTABLE,3.5590553083061227e-16,6.8506554558727437e-17,1
B1_D2_Guyan,B1,2,Guyan,full-grid,1077,16,4,30,1.0069656788647905,1.0041128339889749,-0.075744934023720581,0,0,1,UNSTABLE,1.5050695510804511e-16,6.850655455872745e-17,1
B1_D2_Guyan,B1,2,Guyan,full-grid,1078,16,5,31,1.0071711625589064,1.0043222568605197,-0.075700429753414053,0,0,1,UNSTABLE,1.7724192274802999e-16,6.8506554558727437e-17,1
B1_D2_Guyan,B1,2,Guyan,full-grid,1079,16,6,32,1.0073693229287231,1.0045255962233015,-0.075639138745063048,0,0,1,UNSTABLE,2.5707706804721419e-16,6.8506554558727437e-17,1
B1_D2_Guyan,B1,2,Guyan,full-grid,1080,16,7,33,1.0075587248301812,1.004721344497123,-0.075561920921282805,0,0,1,UNSTABLE,1.7821940087827203e-16,6.850655455872745e-17,1
B1_D2_Guyan,B1,2,Guyan,full-grid,1081,16,8,34,1.0077380875013879,1.0049081368152071,-0.075469792391023763,0,0,1,UNSTABLE,1.8716394932749368e-16,6.850655455872745e-17,1
B1_D2_Guyan,B1,2,Guyan,full-grid,1082,16,9,35,1.007906299684098,1.0050847685198094,-0.075363897406993813,0,0,1,UNSTABLE,2.2219994763812915e-16,6.8506554558727437e-17,1
B1_D2_Guyan,B1,2,Guyan,full-grid,1083,16,10,36,1.0080624284570816,1.0052502064615476,-0.075245478773175584,0,0,1,UNSTABLE,2.6519549132678774e-16,6.850655455872745e-17,1
B1_D2_Guyan,B1,2,Guyan,full-grid,1084,16,11,37,1.0082057220549836,1.0054035942547395,-0.075115848155115003,0,0,1,UNSTABLE,2.7808980558321802e-16,6.8506554558727437e-17,1
B1_D2_Guyan,B1,2,Guyan,full-grid,1085,16,12,38,1.0083356072670255,1.0055442519795019,-0.074976357563867807,0,0,1,UNSTABLE,2.8887338732800932e-16,6.8506554558727437e-17,1
B1_D2_Guyan,B1,2,Guyan,full-grid,1086,16,13,39,1.0084516822352605,1.0056716710696683,-0.074828373035018686,0,0,1,UNSTABLE,3.521615630560362e-16,6.8506554558727437e-17,1
B1_D2_Guyan,B1,2,Guyan,full-grid,1087,16,14,40,1.0085537055978593,1.0057855052765645,-0.074673251239914903,0,0,1,UNSTABLE,1.7943269821202368e-16,6.8506554558727437e-17,1
B1_D2_Guyan,B1,2,Guyan,full-grid,1088,16,15,41,1.0086415829573083,1.0058855586575324,-0.074512319483752837,0,0,1,UNSTABLE,2.3716188600574682e-16,6.8506554558727437e-17,1
B1_D2_Guyan,B1,2,Guyan,full-grid,1089,16,16,42,1.0087153516132461,1.0059717715196994,-0.07434685928640436,0,0,1,UNSTABLE,2.5276144988514488e-16,6.8506554558727437e-17,1
B1_D2_Guyan,B1,2,Guyan,full-grid,1090,16,17,43,1.0087751644050473,1.00604420517256,-0.074178093525934699,0,0,1,UNSTABLE,3.3587620433330578e-16,6.8506554558727437e-17,1
B1_D2_Guyan,B1,2,Guyan,full-grid,1091,16,18,44,1.008821273381713,1.0061030262285362,-0.074007176957929965,0,0,1,UNSTABLE,1.0900026154399902e-16,6.850655455872745e-17,1
B1_D2_Guyan,B1,2,Guyan,full-grid,1092,16,19,45,1.0088540138744266,1.0061484910572016,-0.073835189807149315,0,0,1,UNSTABLE,2.2566732839938447e-16,6.8506554558727437e-17,1
B1_D2_Guyan,B1,2,Guyan,full-grid,1093,16,20,46,1.0088737894051563,1.0061809308615588,-0.073663134058270074,0,0,1,UNSTABLE,2.3946361219781903e-16,6.850655455872745e-17,1
B1_D2_Guyan,B1,2,Guyan,full-grid,1094,16,21,47,1.0088810577332499,1.0062007377148376,-0.073491932040717467,0,0,1,UNSTABLE,2.3390518658596133e-16,6.8506554558727437e-17,1
B1_D2_Guyan,B1,2,Guyan,full-grid,1095,16,22,48,1.0088763182277269,1.0062083517810732,-0.07332242690166399,0,0,1,UNSTABLE,4.2041340281356865e-16,6.8506554558727437e-17,1
B1_D2_Guyan,B1,2,Guyan,full-grid,1096,16,23,49,1.0088601006584583,1.006204249845579,-0.073155384581658572,0,0,1,UNSTABLE,1.8602325848907335e-16,6.850655455872745e-17,1
B1_D2_Guyan,B1,2,Guyan,full-grid,1097,16,24,50,1.0088329554256419,1.0061889352039972,-0.072991496942326345,0,0,1,UNSTABLE,1.9711866582047207e-16,6.850655455872745e-17,1
B1_D2_Guyan,B1,2,Guyan,full-grid,1098,16,25,51,1.008795445191748,1.00616292889926,-0.072831385737742671,0,0,1,UNSTABLE,2.8211147756738198e-16,6.8506554558727437e-17,1
B1_D2_Guyan,B1,2,Guyan,full-grid,1099,16,26,52,1.0087481378422551,1.0061267622537384,-0.072675607166551734,0,0,1,UNSTABLE,3.0218039115301881e-16,6.850655455872745e-17,1
B1_D2_Guyan,B1,2,Guyan,full-grid,1100,16,27,53,1.0086916006770081,1.0060809706153189,-0.072524656787074274,0,0,1,UNSTABLE,4.215950727386169e-16,6.8506554558727437e-17,1
B1_D2_Guyan,B1,2,Guyan,full-grid,1101,16,28,54,1.0086263957210879,1.006026088219601,-0.072378974618877656,0,0,1,UNSTABLE,1.4360979830477153e-16,6.8506554558727437e-17,1
B1_D2_Guyan,B1,2,Guyan,full-grid,1102,16,29,55,1.0085530760395713,1.0059626440626335,-0.072238950292738885,0,0,1,UNSTABLE,3.1499208063453391e-16,6.8506554558727437e-17,1
B1_D2_Guyan,B1,2,Guyan,full-grid,1103,16,30,56,1.0084721829421108,1.0058911586774806,-0.072104928142960087,0,0,1,UNSTABLE,1.4850746473546113e-16,6.8506554558727437e-17,1
B1_D2_Guyan,B1,2,Guyan,full-grid,1104,16,31,57,1.0083842439694477,1.0058121417118209,-0.071977212164093127,0,0,1,UNSTABLE,1.9443873632966402e-16,6.8506554558727437e-17,1
B1_D2_Guyan,B1,2,Guyan,full-grid,1105,16,32,58,1.0082897715628147,1.005726090210799,-0.071856070776888353,0,0,1,UNSTABLE,2.1739478406410801e-16,6.8506554558727437e-17,1
B1_D2_Guyan,B1,2,Guyan,full-grid,1106,16,33,59,1.0081892623274817,1.0056334875182684,-0.071741741366350281,0,0,1,UNSTABLE,2.0464784322790651e-16,6.8506554558727437e-17,1
B1_D2_Guyan,B1,2,Guyan,full-grid,1107,16,34,60,1.0080831968132888,1.0055348027200381,-0.07163443456937707,0,0,1,UNSTABLE,2.2233832632125089e-16,6.850655455872745e-17,1
B1_D2_Guyan,B1,2,Guyan,full-grid,1108,16,35,61,1.007972039746426,1.0054304905634006,-0.071534338299939729,0,0,1,UNSTABLE,2.9393764678467186e-16,6.8506554558727437e-17,1
B1_D2_Guyan,B1,2,Guyan,full-grid,1109,16,36,62,1.0078562406578788,1.0053209917978325,-0.07144162150773381,0,0,1,UNSTABLE,6.6280586281964819e-16,6.850655455872745e-17,1
B1_D2_Guyan,B1,2,Guyan,full-grid,1110,16,37,63,1.0077362348651639,1.0052067338926414,-0.07135643767106753,0,0,1,UNSTABLE,2.9287300591482248e-16,6.8506554558727437e-17,1
B1_D2_Guyan,B1,2,Guyan,full-grid,1111,16,38,64,1.0076124447739891,1.0050881320971734,-0.071278928028066083,0,0,1,UNSTABLE,1.6973745586326931e-16,6.8506554558727437e-17,1
B1_D2_Guyan,B1,2,Guyan,full-grid,1112,16,39,65,1.007485281476296,1.0049655908190687,-0.071209224550274106,0,0,1,UNSTABLE,2.4585321797899694e-16,6.850655455872745e-17,1
B1_D2_Guyan,B1,2,Guyan,full-grid,1113,16,40,66,1.007355146630238,1.0048395053052137,-0.07114745266277335,0,0,1,UNSTABLE,2.5927352019398161e-16,6.850655455872745e-17,1
B1_D2_Guyan,B1,2,Guyan,full-grid,1114,16,41,67,1.0072224346156873,1.0047102636184078,-0.071093733711078674,0,0,1,UNSTABLE,4.0905739889999683e-16,6.8506554558727437e-17,1
B1_D2_Guyan,B1,2,Guyan,full-grid,1115,16,42,68,1.0070875349670423,1.0045782489112729,-0.071048187171483423,0,0,1,UNSTABLE,2.4964200976693305e-16,6.850655455872745e-17,1
B1_D2_Guyan,B1,2,Guyan,full-grid,1116,16,43,69,1.0069508350915615,1.0044438420059605,-0.071010932594201229,0,0,1,UNSTABLE,3.7438699935361384e-16,6.8506554558727437e-17,1
B1_D2_Guyan,B1,2,Guyan,full-grid,1117,16,44,70,1.0068127232879693,1.0043074242953707,-0.070982091260652719,0,0,1,UNSTABLE,2.8222762842017887e-16,6.8506554558727437e-17,1
B1_D2_Guyan,B1,2,Guyan,full-grid,1118,16,45,71,1.0066735920848868,1.0041693809872796,-0.070961787524787448,0,0,1,UNSTABLE,4.2631969449851047e-16,6.8506554558727437e-17,1
B1_D2_Guyan,B1,2,Guyan,full-grid,1119,16,46,72,1.0065338419221301,1.0040301047173101,-0.070950149794564543,0,0,1,UNSTABLE,2.748262917269347e-16,6.8506554558727437e-17,1
B1_D2_Guyan,B1,2,Guyan,full-grid,1120,16,47,73,1.0063938851996224,1.0038899995597141,-0.070947311092022361,0,0,1,UNSTABLE,2.2281376228450818e-16,6.8506554558727437e-17,1
B1_D2_Guyan,B1,2,Guyan,full-grid,1121,16,48,74,1.0062541507163527,1.0037494854642059,-0.070953409109286547,0,0,1,UNSTABLE,1.8777016285253744e-16,6.8506554558727437e-17,1
B1_D2_Guyan,B1,2,Guyan,full-grid,1122,16,49,75,1.0061150885162302,1.0036090031434857,-0.070968585651403099,0,0,1,UNSTABLE,4.2429189692011312e-16,6.8506554558727437e-17,1
B1_D2_Guyan,B1,2,Guyan,full-grid,1123,16,50,76,1.0059771751445685,1.0034690194252995,-0.070992985325831162,0,0,1,UNSTABLE,3.7436019372936113e-16,6.850655455872745e-17,1
B1_D2_Guyan,B1,2,Guyan,full-grid,1124,16,51,77,1.0058409192971476,1.0033300330638513,-0.071026753301994039,0,0,1,UNSTABLE,2.6222802712805764e-16,6.8506554558727437e-17,1
B1_D2_Guyan,B1,2,Guyan,full-grid,1125,16,52,78,1.0057068678093308,1.0031925809740503,-0.071070031922595006,0,0,1,UNSTABLE,2.8099352938395127e-16,6.850655455872745e-17,1
B1_D2_Guyan,B1,2,Guyan,full-grid,1126,16,53,79,1.0055756118806329,1.003057244803419,-0.07112295590372443,0,0,1,UNSTABLE,6.6937372351029494e-16,6.8506554558727437e-17,1
B1_D2_Guyan,B1,2,Guyan,full-grid,1127,16,54,80,1.0054477933555179,1.0029246576853723,-0.071185645815425622,0,0,1,UNSTABLE,5.087317803039246e-16,6.8506554558727437e-17,1
B1_D2_Guyan,B1,2,Guyan,full-grid,1128,16,55,81,1.0053241107774724,1.0027955109169362,-0.071258199495612129,0,0,1,UNSTABLE,2.2498133734557744e-16,6.850655455872745e-17,1
B1_D2_Guyan,B1,2,Guyan,full-grid,1129,16,56,82,1.0052053247944259,1.0026705601670025,-0.071340681027425606,0,0,1,UNSTABLE,3.2137445213679613e-16,6.850655455872745e-17,1
B1_D2_Guyan,B1,2,Guyan,full-grid,1130,16,57,83,1.0050922623156944,1.0025506306430283,-0.071433106919318964,0,0,1,UNSTABLE,3.1514035323313036e-16,6.8506554558727437e-17,1
B1_D2_Guyan,B1,2,Guyan,full-grid,1131,16,58,84,1.0049858186037262,1.0024366204228246,-0.071535429193282721,0,0,1,UNSTABLE,8.4490513950422433e-16,6.850655455872745e-17,1
B1_D2_Guyan,B1,2,Guyan,full-grid,1132,16,59,85,1.0048869562384879,1.0023295009020785,-0.071647515237046336,0,0,1,UNSTABLE,1.4093107683662259e-16,6.8506554558727437e-17,1
B1_D2_Guyan,B1,2,Guyan,full-grid,1133,16,60,86,1.0047966996448059,1.0022303130408561,-0.071769124553124897,0,0,1,UNSTABLE,3.2956132002200191e-16,6.8506554558727437e-17,1
B1_D2_Guyan,B1,2,Guyan,full-grid,1134,16,61,87,1.004716123673131,1.0021401578607008,-0.071899882974118229,0,0,1,UNSTABLE,1.0539552845663477e-15,6.8506554558727437e-17,1
B1_D2_Guyan,B1,2,Guyan,full-grid,1135,16,62,88,1.0046463346533228,1.0020601795270818,-0.072039255538271535,0,0,1,UNSTABLE,1.6640473894199927e-16,6.8506554558727437e-17,1
B1_D2_Guyan,B1,2,Guyan,full-grid,1136,16,63,89,1.0045884425123581,1.0019915394634835,-0.072186520022811423,0,0,1,UNSTABLE,2.5874336570765884e-16,6.8506554558727437e-17,1
B1_D2_Guyan,B1,2,Guyan,full-grid,1137,16,64,90,1.0045435230902884,1.0019353804181623,-0.07234074404483945,0,0,1,UNSTABLE,4.8381189592262955e-16,6.8506554558727437e-17,1
B1_D2_Guyan,B1,2,Guyan,full-grid,1138,16,65,91,1.0045125708195288,1.0018927803696727,-0.072500769496507064,0,0,1,UNSTABLE,3.6890849130550025e-16,6.8506554558727437e-17,1
B1_D2_Guyan,B1,2,Guyan,full-grid,1139,16,66,92,1.0044964434825181,1.0018646976641818,-0.072665208616539981,0,0,1,UNSTABLE,6.4953692862646996e-16,6.850655455872745e-17,1
B1_D2_Guyan,B1,2,Guyan,full-grid,1140,17,0,27,1.0066076000915904,1.0038260289560443,-0.074780773949524912,0,0,1,UNSTABLE,1.4078316582298408e-16,8.8843936914985139e-17,1
B1_D2_Guyan,B1,2,Guyan,full-grid,1141,17,1,28,1.0068209833856836,1.004037905329334,-0.0748089382868002,0,0,1,UNSTABLE,2.0016367232746134e-16,6.850655455872745e-17,1
B1_D2_Guyan,B1,2,Guyan,full-grid,1142,17,2,29,1.0070339123312952,1.0042506405421447,-0.074819459741212235,0,0,1,UNSTABLE,1.500823349140108e-16,6.850655455872745e-17,1
B1_D2_Guyan,B1,2,Guyan,full-grid,1143,17,3,30,1.0072446725165842,1.0044625128461759,-0.074812369296707829,0,0,1,UNSTABLE,9.3518119053294235e-17,6.8506554558727437e-17,1
B1_D2_Guyan,B1,2,Guyan,full-grid,1144,17,4,31,1.0074515861967914,1.0046718205152696,-0.074787910740741259,0,0,1,UNSTABLE,2.5937050684955861e-16,6.850655455872745e-17,1
B1_D2_Guyan,B1,2,Guyan,full-grid,1145,17,5,32,1.0076530451250314,1.004876915379691,-0.074746533610233215,0,0,1,UNSTABLE,1.9890769356657197e-16,6.8506554558727437e-17,1
B1_D2_Guyan,B1,2,Guyan,full-grid,1146,17,6,33,1.0078475404376153,1.0050762339273307,-0.074688879765357472,0,0,1,UNSTABLE,1.2274486502292349e-16,6.8506554558727437e-17,1
B1_D2_Guyan,B1,2,Guyan,full-grid,1147,17,7,34,1.0080336883059131,1.0052683246053817,-0.074615764451702357,0,0,1,UNSTABLE,4.0863768957588253e-16,6.850655455872745e-17,1
B1_D2_Guyan,B1,2,Guyan,full-grid,1148,17,8,35,1.0082102504073667,1.0054518702722375,-0.074528153019813248,0,0,1,UNSTABLE,3.4156571675949408e-16,6.8506554558727437e-17,1
B1_D2_Guyan,B1,2,Guyan,full-grid,1149,17,9,36,1.0083761486635963,1.0056257051308561,-0.074427134659985267,0,0,1,UNSTABLE,1.2808325200301019e-16,6.850655455872745e-17,1
B1_D2_Guyan,B1,2,Guyan,full-grid,1150,17,10,37,1.0085304740975627,1.0057888258761913,-0.074313894569232916,0,0,1,UNSTABLE,1.4683466860202639e-16,6.8506554558727437e-17,1
B1_D2_Guyan,B1,2,Guyan,full-grid,1151,17,11,38,1.0086724900309043,1.0059403971658152,-0.07418968590732028,0,0,1,UNSTABLE,2.0952380282077577e-16,6.850655455872745e-17,1
B1_D2_Guyan,B1,2,Guyan,full-grid,1152,17,12,39,1.0088016301453384,1.0060797518410043,-0.074055802739793411,0,0,1,UNSTABLE,2.1802419780738261e-16,6.850655455872745e-17,1
B1_D2_Guyan,B1,2,Guyan,full-grid,1153,17,13,40,1.0089174921488888,1.0062063865628823,-0.073913554941367518,0,0,1,UNSTABLE,2.6866599498926066e-16,6.8506554558727437e-17,1
B1_D2_Guyan,B1,2,Guyan,full-grid,1154,17,14,41,1.0090198279139515,1.0063199536772047,-0.073764245774010112,0,0,1,UNSTABLE,2.9921074604530469e-16,6.8506554558727437e-17,1
B1_D2_Guyan,B1,2,Guyan,full-grid,1155,17,15,42,1.0091085309954961,1.006420250185005,-0.073609152592867766,0,0,1,UNSTABLE,3.460234774605262e-16,6.8506554558727437e-17,1
B1_D2_Guyan,B1,2,Guyan,full-grid,1156,17,16,43,1.0091836224089028,1.0065072046876988,-0.073449510890881087,0,0,1,UNSTABLE,2.5258485893106001e-16,6.8506554558727437e-17,1
B1_D2_Guyan,B1,2,Guyan,full-grid,1157,17,17,44,1.0092452354660622,1.006580863110897,-0.073286501689387842,0,0,1,UNSTABLE,2.5244485965499018e-16,6.850655455872745e-17,1
B1_D2_Guyan,B1,2,Guyan,full-grid,1158,17,18,45,1.0092936003541375,1.0066413739095994,-0.073121242120271712,0,0,1,UNSTABLE,3.395089658627795e-16,6.850655455872745e-17,1
B1_D2_Guyan,B1,2,Guyan,full-grid,1159,17,19,46,1.009329029012288,1.0066889733367339,-0.072954778932714279,0,0,1,UNSTABLE,1.6011722769743205e-16,6.8506554558727437e-17,1
B1_D2_Guyan,B1,2,Guyan,full-grid,1160,17,20,47,1.0093519007297487,1.0067239712300018,-0.072788084585674581,0,0,1,UNSTABLE,1.5768368042543595e-16,6.850655455872745e-17,1
B1_D2_Guyan,B1,2,Guyan,full-grid,1161,17,21,48,1.0093626487660938,1.0067467376512194,-0.072622055552922352,0,0,1,UNSTABLE,2.5791952914950539e-16,6.8506554558727437e-17,1
B1_D2_Guyan,B1,2,Guyan,full-grid,1162,17,22,49,1.009361748185879,1.0067576906031719,-0.072457512462282811,0,0,1,UNSTABLE,1.8225156811498104e-16,6.8506554558727437e-17,1
B1_D2_Guyan,B1,2,Guyan,full-grid,1163,17,23,50,1.0093497050096309,1.0067572849566417,-0.072295201706338061,0,0,1,UNSTABLE,2.3481773178575597e-16,6.850655455872745e-17,1
B1_D2_Guyan,B1,2,Guyan,full-grid,1164,17,24,51,1.0093270467113273,1.0067460026452846,-0.072135798191677813,0,0,1,UNSTABLE,2.554680964109847e-16,6.8506554558727437e-17,1
B1_D2_Guyan,B1,2,Guyan,full-grid,1165,17,25,52,1.0092943140384771,1.0067243441283051,-0.071979908931826903,0,0,1,UNSTABLE,3.7059683797273813e-16,6.850655455872745e-17,1
B1_D2_Guyan,B1,2,Guyan,full-grid,1166,17,26,53,1.0092520540926382,1.0066928210787784,-0.071828077230702975,0,0,1,UNSTABLE,2.7258226471758801e-16,6.8506554558727437e-17,1
B1_D2_Guyan,B1,2,Guyan,full-grid,1167,17,27,54,1.0092008145832596,1.0066519502268396,-0.071680787244666547,0,0,1,UNSTABLE,3.6365180267650395e-16,6.850655455872745e-17,1
B1_D2_Guyan,B1,2,Guyan,full-grid,1168,17,28,55,1.0091411391534293,1.0066022482692316,-0.071538468750801137,0,0,1,UNSTABLE,3.9003848553501779e-16,6.850655455872745e-17,1
B1_D2_Guyan,B1,2,Guyan,full-grid,1169,17,29,56,1.0090735636702799,1.0065442277478827,-0.071401501984601268,0,0,1,UNSTABLE,2.3186789965980999e-16,6.8506554558727437e-17,1
B1_D2_Guyan,B1,2,Guyan,full-grid,1170,17,30,57,1.0089986133729605,1.0064783937977486,-0.071270222441499387,0,0,1,UNSTABLE,1.9778894893626426e-16,6.8506554558727437e-17,1
B1_D2_Guyan,B1,2,Guyan,full-grid,1171,17,31,58,1.0089168007757332,1.006405241666668,-0.071144925563220482,0,0,1,UNSTABLE,2.7532514426026518e-16,6.8506554558727437e-17,1
B1_D2_Guyan,B1,2,Guyan,full-grid,1172,17,32,59,1.0088286242310991,1.0063252549155681,-0.071025871252163184,0,0,1,UNSTABLE,2.1115068071190135e-16,6.8506554558727437e-17,1
B1_D2_Guyan,B1,2,Guyan,full-grid,1173,17,33,60,1.0087345670671546,1.0062389042153026,-0.07091328817469171,0,0,1,UNSTABLE,1.4025786688604913e-16,6.850655455872745e-17,1
B1_D2_Guyan,B1,2,Guyan,full-grid,1174,17,34,61,1.0086350972234936,1.0061466466654214,-0.070807377828683973,0,0,1,UNSTABLE,2.17831178935342e-16,6.850655455872745e-17,1
B1_D2_Guyan,B1,2,Guyan,full-grid,1175,17,35,62,1.008530667320195,1.0060489255696727,-0.070708318360893085,0,0,1,UNSTABLE,1.5906587880567489e-16,6.8506554558727437e-17,1
B1_D2_Guyan,B1,2,Guyan,full-grid,1176,17,36,63,1.0084217151049417,1.0059461706129418,-0.07061626812817702,0,0,1,UNSTABLE,4.7844780451501346e-16,6.850655455872745e-17,1
B1_D2_Guyan,B1,2,Guyan,full-grid,1177,17,37,64,1.0083086642328956,1.0058387983936032,-0.070531369001590113,0,0,1,UNSTABLE,1.9371313122852915e-16,6.8506554558727437e-17,1
B1_D2_Guyan,B1,2,Guyan,full-grid,1178,17,38,65,1.0081919253435483,1.0057272132746398,-0.070453749415896758,0,0,1,UNSTABLE,1.4824622322890965e-16,6.8506554558727437e-17,1
B1_D2_Guyan,B1,2,Guyan,full-grid,1179,17,39,66,1.0080718974071974,1.0056118085252916,-0.070383527168217594,0,0,1,UNSTABLE,3.3210914243998957e-16,6.850655455872745e-17,1
B1_D2_Guyan,B1,2,Guyan,full-grid,1180,17,40,67,1.0079489693218335,1.0054929677331716,-0.070320811969753247,0,0,1,UNSTABLE,3.546411384633933e-16,6.8506554558727437e-17,1
B1_D2_Guyan,B1,2,Guyan,full-grid,1181,17,41,68,1.007823521748449,1.0053710664742348,-0.070265707752118267,0,0,1,UNSTABLE,1.5568266998811841e-16,6.850655455872745e-17,1
B1_D2_Guyan,B1,2,Guyan,full-grid,1182,17,42,69,1.007695929179488,1.0052464742349452,-0.070218314727165984,0,0,1,UNSTABLE,2.3985814836074808e-16,6.8506554558727437e-17,1
B1_D2_Guyan,B1,2,Guyan,full-grid,1183,17,43,70,1.0075665622408418,1.0051195565870668,-0.070178731194333738,0,0,1,UNSTABLE,1.9869919398356414e-16,6.850655455872745e-17,1
B1_D2_Guyan,B1,2,Guyan,full-grid,1184,17,44,71,1.0074357902330546,1.0049906776212949,-0.070147055082803236,0,0,1,UNSTABLE,1.7885562995301999e-16,6.850655455872745e-17,1
B1_D2_Guyan,B1,2,Guyan,full-grid,1185,17,45,72,1.0073039839211662,1.0048602026502991,-0.070123385208166994,0,0,1,UNSTABLE,6.5923521668816689e-16,6.8506554558727437e-17,1
B1_D2_Guyan,B1,2,Guyan,full-grid,1186,17,46,73,1.0071715185856625,1.0047285011955773,-0.070107822212916754,0,0,1,UNSTABLE,4.2060259622653454e-16,6.8506554558727437e-17,1
B1_D2_Guyan,B1,2,Guyan,full-grid,1187,17,47,74,1.0070387773479459,1.0045959502744097,-0.070100469147514818,0,0,1,UNSTABLE,1.4889806633268484e-16,6.8506554558727437e-17,1
B1_D2_Guyan,B1,2,Guyan,full-grid,1188,17,48,75,1.0069061547825555,1.0044629380031349,-0.070101431633756164,0,0,1,UNSTABLE,3.519504815089494e-16,6.8506554558727437e-17,1
B1_D2_Guyan,B1,2,Guyan,full-grid,1189,17,49,76,1.006774060824049,1.0043298675300116,-0.070110817534065756,0,0,1,UNSTABLE,3.0676929544142327e-16,6.850655455872745e-17,1
B1_D2_Guyan,B1,2,Guyan,full-grid,1190,17,50,77,1.0066429249674422,1.0041971613034972,-0.070128736028860203,0,0,1,UNSTABLE,4.5922753436561593e-16,6.850655455872745e-17,1
B1_D2_Guyan,B1,2,Guyan,full-grid,1191,17,51,78,1.0065132007464026,1.0040652656689253,-0.070155295979409102,0,0,1,UNSTABLE,9.3164376672937519e-16,6.8506554558727437e-17,1
B1_D2_Guyan,B1,2,Guyan,full-grid,1192,17,52,79,1.0063853704498733,1.0039346557651296,-0.070190603425810419,0,0,1,UNSTABLE,2.4720568758287148e-16,6.850655455872745e-17,1
B1_D2_Guyan,B1,2,Guyan,full-grid,1193,17,53,80,1.0062599500039213,1.0038058406608963,-0.07023475804020142,0,0,1,UNSTABLE,4.080665779155573e-16,6.8506554558727437e-17,1
B1_D2_Guyan,B1,2,Guyan,full-grid,1194,17,54,81,1.0061374938964911,1.003679368624363,-0.070287848324666793,0,0,1,UNSTABLE,2.636869308327097e-16,6.8506554558727437e-17,1
B1_D2_Guyan,B1,2,Guyan,full-grid,1195,17,55,82,1.0060185999567584,1.0035558323545213,-0.07034994531753512,0,0,1,UNSTABLE,3.1677223121483792e-16,6.850655455872745e-17,1
B1_D2_Guyan,B1,2,Guyan,full-grid,1196,17,56,83,1.0059039137117585,1.0034358739164455,-0.070421094553921385,0,0,1,UNSTABLE,5.2664481807577521e-16,6.8506554558727437e-17,1
B1_D2_Guyan,B1,2,Guyan,full-grid,1197,17,57,84,1.0057941319305679,1.0033201890096155,-0.070501306028142766,0,0,1,UNSTABLE,1.017198393969977e-15,6.850655455872745e-17,1
B1_D2_Guyan,B1,2,Guyan,full-grid,1198,17,58,85,1.0056900048283428,1.0032095300587005,-0.070590541937523607,0,0,1,UNSTABLE,3.3596147570891845e-16,6.8506554558727437e-17,1
B1_D2_Guyan,B1,2,Guyan,full-grid,1199,17,59,86,1.0055923362436394,1.0031047074516752,-0.070688702069213988,0,0,1,UNSTABLE,4.1209328178025525e-16,6.850655455872745e-17,1
B1_D2_Guyan,B1,2,Guyan,full-grid,1200,17,60,87,1.0055019809356023,1.0030065880726224,-0.070795606843483724,0,0,1,UNSTABLE,3.6657109591330348e-16,6.850655455872745e-17,1
B1_D2_Guyan,B1,2,Guyan,full-grid,1201,17,61,88,1.0054198379963664,1.0029160901078003,-0.070910978272210171,0,0,1,UNSTABLE,3.6189058317655067e-16,6.8506554558727437e-17,1
B1_D2_Guyan,B1,2,Guyan,full-grid,1202,17,62,89,1.005346839280048,1.002834172983508,-0.071034419451885628,0,0,1,UNSTABLE,5.4904152665056983e-16,6.8506554558727437e-17,1
B1_D2_Guyan,B1,2,Guyan,full-grid,1203,17,63,90,1.0052839317728413,1.0027618212824463,-0.071165393689445328,0,0,1,UNSTABLE,4.4935326602527009e-16,6.8506554558727437e-17,1
B1_D2_Guyan,B1,2,Guyan,full-grid,1204,17,64,91,1.0052320530439962,1.0027000216577413,-0.071303204939277054,0,0,1,UNSTABLE,2.2594907350823077e-16,6.8506554558727437e-17,1
B1_D2_Guyan,B1,2,Guyan,full-grid,1205,17,65,92,1.0051920994055725,1.0026497322060979,-0.071446981842640284,0,0,1,UNSTABLE,6.5702374876154448e-16,6.850655455872745e-17,1
B1_D2_Guyan,B1,2,Guyan,full-grid,1206,17,66,93,1.0051648872241037,1.0026118445368701,-0.071595668183347755,0,0,1,UNSTABLE,3.2195427612068154e-16,6.850655455872745e-17,1
B1_D2_Guyan,B1,2,Guyan,full-grid,1207,18,0,28,1.007041605269249,1.0043327379571401,-0.07381426834142886,0,0,1,UNSTABLE,3.0642231280287352e-16,8.8843936914985139e-17,1
B1_D2_Guyan,B1,2,Guyan,full-grid,1208,18,1,29,1.0072503649581115,1.0045399083125797,-0.073843552972502183,0,0,1,UNSTABLE,9.7138873671526217e-17,6.8506554558727437e-17,1
B1_D2_Guyan,B1,2,Guyan,full-grid,1209,18,2,30,1.0074587933535204,1.0047480013824033,-0.073855764997712348,0,0,1,UNSTABLE,1.226061855074493e-16,6.850655455872745e-17,1
B1_D2_Guyan,B1,2,Guyan,full-grid,1210,18,3,31,1.0076652458229454,1.0049553664532427,-0.073850924681047189,0,0,1,UNSTABLE,1.4560349159467327e-16,6.8506554558727437e-17,1
B1_D2_Guyan,B1,2,Guyan,full-grid,1211,18,4,32,1.0078681106511216,1.0051603700898069,-0.073829254827500176,0,0,1,UNSTABLE,2.4744262419072372e-16,6.8506554558727437e-17,1
B1_D2_Guyan,B1,2,Guyan,full-grid,1212,18,5,33,1.0080658401536438,1.0053614278691021,-0.07379117452427221,0,0,1,UNSTABLE,1.5112468324001057e-16,6.850655455872745e-17,1
B1_D2_Guyan,B1,2,Guyan,full-grid,1213,18,6,34,1.0082569791343179,1.0055570339354774,-0.073737286876759151,0,0,1,UNSTABLE,3.6691733720368056e-16,6.850655455872745e-17,1
B1_D2_Guyan,B1,2,Guyan,full-grid,1214,18,7,35,1.0084401894695907,1.0057457870901536,-0.073668361512058647,0,0,1,UNSTABLE,1.55845434685541e-16,6.8506554558727437e-17,1
B1_D2_Guyan,B1,2,Guyan,full-grid,1215,18,8,36,1.0086142699101621,1.0059264124127498,-0.073585312915170578,0,0,1,UNSTABLE,2.4399409212745161e-16,6.850655455872745e-17,1
B1_D2_Guyan,B1,2,Guyan,full-grid,1216,18,9,37,1.008778170551369,1.0060977777603455,-0.073489175846929766,0,0,1,UNSTABLE,2.5001704140725973e-16,6.8506554558727437e-17,1
B1_D2_Guyan,B1,2,Guyan,full-grid,1217,18,10,38,1.0089310017965416,1.0062589048587729,-0.073381079159384743,0,0,1,UNSTABLE,2.3943315662866014e-16,6.8506554558727437e-17,1
B1_D2_Guyan,B1,2,Guyan,full-grid,1218,18,11,39,1.0090720379828968,1.0064089750520444,-0.073262219278768609,0,0,1,UNSTABLE,1.6764787588447929e-16,6.8506554558727437e-17,1
B1_D2_Guyan,B1,2,Guyan,full-grid,1219,18,12,40,1.0092007161263143,1.0065473300757954,-0.073133834489606059,0,0,1,UNSTABLE,2.3726569471902455e-16,6.8506554558727437e-17,1
B1_D2_Guyan,B1,2,Guyan,full-grid,1220,18,13,41,1.0093166304517651,1.0066734684492216,-0.0729971809518635,0,0,1,UNSTABLE,2.2607040410279913e-16,6.8506554558727437e-17,1
B1_D2_Guyan,B1,2,Guyan,full-grid,1221,18,14,42,1.0094195235030627,1.0067870382273758,-0.072853511147360939,0,0,1,UNSTABLE,1.9284212460250729e-16,6.8506554558727437e-17,1
B1_D2_Guyan,B1,2,Guyan,full-grid,1222,18,15,43,1.0095092746743086,1.0068878269249271,-0.072704055209092414,0,0,1,UNSTABLE,4.5976353985847081e-16,6.8506554558727437e-17,1
B1_D2_Guyan,B1,2,Guyan,full-grid,1223,18,16,44,1.0095858869873495,1.0069757494230545,-0.072550005361205094,0,0,1,UNSTABLE,1.9676689119737823e-16,6.850655455872745e-17,1
B1_D2_Guyan,B1,2,Guyan,full-grid,1224,18,17,45,1.009649472871355,1.0070508346186018,-0.072392503502660119,0,0,1,UNSTABLE,3.5711517942632778e-16,6.8506554558727437e-17,1
B1_D2_Guyan,B1,2,Guyan,full-grid,1225,18,18,46,1.0097002395996213,1.0071132114856134,-0.072232631813235734,0,0,1,UNSTABLE,3.7789049828963519e-16,6.850655455872745e-17,1
B1_D2_Guyan,B1,2,Guyan,full-grid,1226,18,19,47,1.0097384749206924,1.0071630951097164,-0.072071406148221301,0,0,1,UNSTABLE,2.7333169710735754e-16,6.8506554558727437e-17,1
B1_D2_Guyan,B1,2,Guyan,full-grid,1227,18,20,48,1.0097645332995733,1.0072007731394255,-0.071909771916258997,0,0,1,UNSTABLE,1.5040033571158974e-16,6.8506554558727437e-17,1
B1_D2_Guyan,B1,2,Guyan,full-grid,1228,18,21,49,1.0097788230691584,1.0072265929849304,-0.071748602097213829,0,0,1,UNSTABLE,3.3937056712297544e-16,6.850655455872745e-17,1
B1_D2_Guyan,B1,2,Guyan,full-grid,1229,18,22,50,1.0097817946896288,1.0072409499924317,-0.071588697047446803,0,0,1,UNSTABLE,2.6881517060923233e-16,6.850655455872745e-17,1
B1_D2_Guyan,B1,2,Guyan,full-grid,1230,18,23,51,1.0097739302262485,1.0072442767331133,-0.071430785750625947,0,0,1,UNSTABLE,1.4827086314316528e-16,6.8506554558727437e-17,1
B1_D2_Guyan,B1,2,Guyan,full-grid,1231,18,24,52,1.0097557340867647,1.0072370334738219,-0.071275528198366078,0,0,1,UNSTABLE,2.5605182913161748e-16,6.850655455872745e-17,1
B1_D2_Guyan,B1,2,Guyan,full-grid,1232,18,25,53,1.0097277250058441,1.0072196998395626,-0.071123518617816295,0,0,1,UNSTABLE,2.1165807760741443e-16,6.8506554558727437e-17,1
B1_D2_Guyan,B1,2,Guyan,full-grid,1233,18,26,54,1.0096904292258464,1.0071927676362633,-0.07097528930182917,0,0,1,UNSTABLE,2.5781278825286798e-16,6.8506554558727437e-17,1
B1_D2_Guyan,B1,2,Guyan,full-grid,1234,18,27,55,1.009644374797352,1.0071567347729777,-0.070831314835810205,0,0,1,UNSTABLE,4.209217065172243e-16,6.8506554558727437e-17,1
B1_D2_Guyan,B1,2,Guyan,full-grid,1235,18,28,56,1.0095900869074679,1.0071121002041843,-0.070692016551696185,0,0,1,UNSTABLE,3.8428405365825485e-16,6.8506554558727437e-17,1
B1_D2_Guyan,B1,2,Guyan,full-grid,1236,18,29,57,1.0095280841368084,1.0070593598027999,-0.070557767074287889,0,0,1,UNSTABLE,4.412547978203746e-16,6.8506554558727437e-17,1
B1_D2_Guyan,B1,2,Guyan,full-grid,1237,18,30,58,1.0094588755446805,1.0069990030708216,-0.070428894853618376,0,0,1,UNSTABLE,3.0595134739728452e-16,6.8506554558727437e-17,1
B1_D2_Guyan,B1,2,Guyan,full-grid,1238,18,31,59,1.0093829584854588,1.0069315105958054,-0.070305688604171246,0,0,1,UNSTABLE,2.2113910193833603e-16,6.8506554558727437e-17,1
B1_D2_Guyan,B1,2,Guyan,full-grid,1239,18,32,60,1.0093008170650282,1.0068573521656747,-0.070188401592142569,0,0,1,UNSTABLE,1.9078158569181701e-16,6.850655455872745e-17,1
B1_D2_Guyan,B1,2,Guyan,full-grid,1240,18,33,61,1.0092129211544223,1.0067769854612258,-0.070077255730007879,0,0,1,UNSTABLE,2.0330548111227661e-16,6.8506554558727437e-17,1
B1_D2_Guyan,B1,2,Guyan,full-grid,1241,18,34,62,1.0091197258865829,1.0066908552534704,-0.069972445451395804,0,0,1,UNSTABLE,3.1498465403036816e-16,6.850655455872745e-17,1
B1_D2_Guyan,B1,2,Guyan,full-grid,1242,18,35,63,1.0090216715716664,1.006599393041665,-0.069874141350229277,0,0,1,UNSTABLE,1.6752018575195693e-16,6.8506554558727437e-17,1
B1_D2_Guyan,B1,2,Guyan,full-grid,1243,18,36,64,1.0089191839756981,1.0065030170766935,-0.069782493576122887,0,0,1,UNSTABLE,2.5258742501619285e-16,6.8506554558727437e-17,1
B1_D2_Guyan,B1,2,Guyan,full-grid,1244,18,37,65,1.0088126749162234,1.0064021327229653,-0.069697634983495224,0,0,1,UNSTABLE,2.037665576086194e-16,6.850655455872745e-17,1
B1_D2_Guyan,B1,2,Guyan,full-grid,1245,18,38,66,1.0087025431373344,1.0062971331204598,-0.069619684035981955,0,0,1,UNSTABLE,2.5789928162266183e-16,6.850655455872745e-17,1
B1_D2_Guyan,B1,2,Guyan,full-grid,1246,18,39,67,1.0085891754341314,1.0061884001161752,-0.06954874746933247,0,0,1,UNSTABLE,1.6634203067127955e-16,6.8506554558727437e-17,1
B1_D2_Guyan,B1,2,Guyan,full-grid,1247,18,40,68,1.0084729480041901,1.006076305441765,-0.069484922716445296,0,0,1,UNSTABLE,2.502098396804648e-16,6.850655455872745e-17,1
B1_D2_Guyan,B1,2,Guyan,full-grid,1248,18,41,69,1.0083542280098128,1.0059612121204282,-0.069428300097758036,0,0,1,UNSTABLE,2.2326055572880231e-16,6.8506554558727437e-17,1
B1_D2_Guyan,B1,2,Guyan,full-grid,1249,18,42,70,1.0082333753411994,1.0058434760927504,-0.069378964777233362,0,0,1,UNSTABLE,2.3910196879710537e-16,6.8506554558727437e-17,1
B1_D2_Guyan,B1,2,Guyan,full-grid,1250,18,43,71,1.0081107445752435,1.0057234480559765,-0.069336998481687298,0,0,1,UNSTABLE,5.5355304798242053e-16,6.8506554558727437e-17,1
B1_D2_Guyan,B1,2,Guyan,full-grid,1251,18,44,72,1.007986687129665,1.0056014755166289,-0.069302480975906772,0,0,1,UNSTABLE,2.6113399230158086e-16,6.8506554558727437e-17,1
B1_D2_Guyan,B1,2,Guyan,full-grid,1252,18,45,73,1.0078615536153068,1.0054779050599327,-0.069275491280459608,0,0,1,UNSTABLE,2.4523547165213584e-16,6.8506554558727437e-17,1
B1_D2_Guyan,B1,2,Guyan,full-grid,1253,18,46,74,1.0077356963919513,1.0053530848426195,-0.06925610861144163,0,0,1,UNSTABLE,1.7940459846070903e-16,6.8506554558727437e-17,1
B1_D2_Guyan,B1,2,Guyan,full-grid,1254,18,47,75,1.0076094723344511,1.0052273673177883,-0.069244413012598025,0,0,1,UNSTABLE,3.1764372412546381e-16,6.8506554558727437e-17,1
B1_D2_Guyan,B1,2,Guyan,full-grid,1255,18,48,76,1.0074832458149978,1.0051011122003433,-0.06924048563922898,0,0,1,UNSTABLE,3.5682060164206006e-16,6.850655455872745e-17,1
B1_D2_Guyan,B1,2,Guyan,full-grid,1256,18,49,77,1.007357391904999,1.0049746896801346,-0.069244408640400962,0,0,1,UNSTABLE,7.1188786290235762e-16,6.8506554558727437e-17,1
B1_D2_Guyan,B1,2,Guyan,full-grid,1257,18,50,78,1.0072322997937579,1.0048484838847234,-0.069256264571483678,0,0,1,UNSTABLE,7.3675790830078537e-16,6.850655455872745e-17,1
B1_D2_Guyan,B1,2,Guyan,full-grid,1258,18,51,79,1.0071083764113127,1.0047228965851835,-0.069276135250957438,0,0,1,UNSTABLE,2.3955039131273608e-16,6.8506554558727437e-17,1
B1_D2_Guyan,B1,2,Guyan,full-grid,1259,18,52,80,1.0069860502274759,1.0045983511243968,-0.069304099957187809,0,0,1,UNSTABLE,2.1819799704873697e-16,6.8506554558727437e-17,1
B1_D2_Guyan,B1,2,Guyan,full-grid,1260,18,53,81,1.0068657751761312,1.0044752965258887,-0.069340232839667976,0,0,1,UNSTABLE,2.2481563623684478e-16,6.850655455872745e-17,1
B1_D2_Guyan,B1,2,Guyan,full-grid,1261,18,54,82,1.006748034622279,1.0043542117112412,-0.069384599398664135,0,0,1,UNSTABLE,3.6054620069589281e-16,6.850655455872745e-17,1
B1_D2_Guyan,B1,2,Guyan,full-grid,1262,18,55,83,1.0066333452458986,1.004235609712159,-0.069437251868122399,0,0,1,UNSTABLE,1.7235913931529463e-16,6.8506554558727437e-17,1
B1_D2_Guyan,B1,2,Guyan,full-grid,1263,18,56,84,1.0065222606594064,1.0041200417071101,-0.069498223322855796,0,0,1,UNSTABLE,1.6928958041373355e-16,6.850655455872745e-17,1
B1_D2_Guyan,B1,2,Guyan,full-grid,1264,18,57,85,1.0064153745024913,1.0040081006398633,-0.069567520327549565,0,0,1,UNSTABLE,7.2900951405926885e-16,6.8506554558727437e-17,1
B1_D2_Guyan,B1,2,Guyan,full-grid,1265,18,58,86,1.006313322668257,1.003900424086543,-0.069645113959894756,0,0,1,UNSTABLE,3.107519792760419e-16,6.8506554558727437e-17,1
B1_D2_Guyan,B1,2,Guyan,full-grid,1266,18,59,87,1.0062167842098482,1.0037976959302739,-0.069730929082306076,0,0,1,UNSTABLE,4.4255776612110796e-16,6.8506554558727437e-17,1
B1_D2_Guyan,B1,2,Guyan,full-grid,1267,18,60,88,1.0061264803616654,1.0037006462816718,-0.069824831820112523,0,0,1,UNSTABLE,7.5661915233102886e-16,6.8506554558727437e-17,1
B1_D2_Guyan,B1,2,Guyan,full-grid,1268,18,61,89,1.0060431709974273,1.0036100489618689,-0.069926615342899096,0,0,1,UNSTABLE,2.5719427230864238e-16,6.8506554558727437e-17,1
B1_D2_Guyan,B1,2,Guyan,full-grid,1269,18,62,90,1.0059676477575945,1.0035267157602208,-0.070035984254184808,0,0,1,UNSTABLE,3.6844643566057442e-16,6.8506554558727437e-17,1
B1_D2_Guyan,B1,2,Guyan,full-grid,1270,18,63,91,1.0059007230446704,1.0034514866242201,-0.070152538182402677,0,0,1,UNSTABLE,4.206820764873494e-16,6.8506554558727437e-17,1
B1_D2_Guyan,B1,2,Guyan,full-grid,1271,18,64,92,1.0058432141486819,1.0033852149765403,-0.070275755530862391,0,0,1,UNSTABLE,2.9703103019392738e-16,6.850655455872745e-17,1
B1_D2_Guyan,B1,2,Guyan,full-grid,1272,18,65,93,1.0057959219780208,1.0033287475363792,-0.070404978763563136,0,0,1,UNSTABLE,2.3771570593314118e-16,6.8506554558727437e-17,1
B1_D2_Guyan,B1,2,Guyan,full-grid,1273,18,66,94,1.0057596042802863,1.003282898400778,-0.070539403021093905,0,0,1,UNSTABLE,4.042564774462929e-16,6.850655455872745e-17,1
B1_D2_Guyan,B1,2,Guyan,full-grid,1274,19,0,29,1.0074106126761033,1.0047730915571973,-0.072850374158502249,0,0,1,UNSTABLE,1.594984809950572e-16,8.8843936914985139e-17,1
B1_D2_Guyan,B1,2,Guyan,full-grid,1275,19,1,30,1.0076149362020308,1.004975728101221,-0.072881037210261512,0,0,1,UNSTABLE,1.6189193610359883e-16,6.8506554558727437e-17,1
B1_D2_Guyan,B1,2,Guyan,full-grid,1276,19,2,31,1.0078190797945044,1.0051793828826656,-0.072895170110679142,0,0,1,UNSTABLE,2.4173969687412532e-16,6.850655455872745e-17,1
B1_D2_Guyan,B1,2,Guyan,full-grid,1277,19,3,32,1.0080214639318192,1.0053824717703654,-0.072892778820391857,0,0,1,UNSTABLE,1.4456565534468781e-16,6.8506554558727437e-17,1
B1_D2_Guyan,B1,2,Guyan,full-grid,1278,19,4,33,1.0082205379511755,1.0055834247739535,-0.072874062370943168,0,0,1,UNSTABLE,1.1270868476384036e-16,6.8506554558727437e-17,1
B1_D2_Guyan,B1,2,Guyan,full-grid,1279,19,5,34,1.0084148096113779,1.0057807161443977,-0.072839407435904918,0,0,1,UNSTABLE,1.5957231952863897e-16,6.850655455872745e-17,1
B1_D2_Guyan,B1,2,Guyan,full-grid,1280,19,6,35,1.0086028722816507,1.0059728925464109,-0.072789377223625287,0,0,1,UNSTABLE,1.365699046710107e-16,6.8506554558727437e-17,1
B1_D2_Guyan,B1,2,Guyan,full-grid,1281,19,7,36,1.0087834286010109,1.0061585980857062,-0.072724695380711135,0,0,1,UNSTABLE,2.8051521494516573e-16,6.850655455872745e-17,1
B1_D2_Guyan,B1,2,Guyan,full-grid,1282,19,8,37,1.008955309729159,1.0063365952288899,-0.072646225874360204,0,0,1,UNSTABLE,4.2557685539131547e-16,6.8506554558727437e-17,1
B1_D2_Guyan,B1,2,Guyan,full-grid,1283,19,9,38,1.0091174896394413,1.0065057809701612,-0.072554950002422486,0,0,1,UNSTABLE,1.9927723789024669e-16,6.850655455872745e-17,1
B1_D2_Guyan,B1,2,Guyan,full-grid,1284,19,10,39,1.0092690942495621,1.0066651979399273,-0.07245194175381682,0,0,1,UNSTABLE,2.4450615679525139e-16,6.850655455872745e-17,1
B1_D2_Guyan,B1,2,Guyan,full-grid,1285,19,11,40,1.0094094055091565,1.0068140404782264,-0.072338342711573342,0,0,1,UNSTABLE,4.5704618208011567e-16,6.8506554558727437e-17,1
B1_D2_Guyan,B1,2,Guyan,full-grid,1286,19,12,41,1.0095378608365024,1.006951655980278,-0.07221533757393328,0,0,1,UNSTABLE,2.453709841763312e-16,6.8506554558727437e-17,1
B1_D2_Guyan,B1,2,Guyan,full-grid,1287,19,13,42,1.0096540485014642,1.0070775420423141,-0.072084131189936188,0,0,1,UNSTABLE,1.6420363412699556e-16,6.8506554558727437e-17,1
B1_D2_Guyan,B1,2,Guyan,full-grid,1288,19,14,43,1.0097576996800302,1.0071913400826862,-0.071945927789892825,0,0,1,UNSTABLE,2.7774304930800036e-16,6.8506554558727437e-17,1
B1_D2_Guyan,B1,2,Guyan,full-grid,1289,19,15,44,1.0098486779615912,1.0072928261877339,-0.071801912867983708,0,0,1,UNSTABLE,2.8247065852530413e-16,6.850655455872745e-17,1
B1_D2_Guyan,B1,2,Guyan,full-grid,1290,19,16,45,1.0099269670823947,1.0073818999416002,-0.071653237961003119,0,0,1,UNSTABLE,2.5795706952427387e-16,6.850655455872745e-17,1
B1_D2_Guyan,B1,2,Guyan,full-grid,1291,19,17,46,1.0099926576024136,1.0074585719577254,-0.071501008382309508,0,0,1,UNSTABLE,2.5327687681750773e-16,6.8506554558727437e-17,1
B1_D2_Guyan,B1,2,Guyan,full-grid,1292,19,18,47,1.0100459331539704,1.0075229507523777,-0.071346273820686854,0,0,1,UNSTABLE,1.7887252246673095e-16,6.850655455872745e-17,1
B1_D2_Guyan,B1,2,Guyan,full-grid,1293,19,19,48,1.0100870567833227,1.007575229501676,-0.07119002160303424,0,0,1,UNSTABLE,1.9709821416985597e-16,6.8506554558727437e-17,1
B1_D2_Guyan,B1,2,Guyan,full-grid,1294,19,20,49,1.0101163577942136,1.0076156731164152,-0.071033172346454926,0,0,1,UNSTABLE,3.0475809198262858e-16,6.8506554558727437e-17,1
B1_D2_Guyan,B1,2,Guyan,full-grid,1295,19,21,50,1.0101342193940666,1.0076446059630819,-0.070876577685194342,0,0,1,UNSTABLE,1.6364312255183367e-16,6.850655455872745e-17,1
B1_D2_Guyan,B1,2,Guyan,full-grid,1296,19,22,51,1.0101410673459177,1.0076624004621562,-0.070721019743746491,0,0,1,UNSTABLE,4.0307701304627886e-16,6.8506554558727437e-17,1
B1_D2_Guyan,B1,2,Guyan,full-grid,1297,19,23,52,1.0101373597455605,1.0076694667098871,-0.070567212034654492,0,0,1,UNSTABLE,2.3554122173463542e-16,6.850655455872745e-17,1
B1_D2_Guyan,B1,2,Guyan,full-grid,1298,19,24,53,1.0101235779754782,1.007666243199542,-0.070415801480234616,0,0,1,UNSTABLE,1.9837981800464136e-16,6.8506554558727437e-17,1
B1_D2_Guyan,B1,2,Guyan,full-grid,1299,19,25,54,1.010100218834495,1.0076531886625744,-0.070267371287397198,0,0,1,UNSTABLE,2.6528335314400951e-16,6.850655455872745e-17,1
B1_D2_Guyan,B1,2,Guyan,full-grid,1300,19,26,55,1.0100677878032032,1.0076307750081592,-0.070122444439086065,0,0,1,UNSTABLE,2.3103471769629795e-16,6.850655455872745e-17,1
B1_D2_Guyan,B1,2,Guyan,full-grid,1301,19,27,56,1.0100267933790883,1.0075994813102604,-0.0699814876016326,0,0,1,UNSTABLE,3.0249864828840355e-16,6.8506554558727437e-17,1
B1_D2_Guyan,B1,2,Guyan,full-grid,1302,19,28,57,1.0099777423983469,1.0075597887715428,-0.069844915281683878,0,0,1,UNSTABLE,4.3720658886965085e-16,6.8506554558727437e-17,1
B1_D2_Guyan,B1,2,Guyan,full-grid,1303,19,29,58,1.009921136253159,1.0075121765825328,-0.069713094098593012,0,0,1,UNSTABLE,1.7960300677643755e-16,6.8506554558727437e-17,1
B1_D2_Guyan,B1,2,Guyan,full-grid,1304,19,30,59,1.0098574679105696,1.0074571185895034,-0.069586347066667081,0,0,1,UNSTABLE,3.4621173264893575e-16,6.8506554558727437e-17,1
B1_D2_Guyan,B1,2,Guyan,full-grid,1305,19,31,60,1.0097872196410207,1.0073950806844811,-0.069464957806441296,0,0,1,UNSTABLE,2.0988223904197878e-16,6.850655455872745e-17,1
B1_D2_Guyan,B1,2,Guyan,full-grid,1306,19,32,61,1.0097108613695898,1.0073265188341569,-0.069349174625064514,0,0,1,UNSTABLE,4.3383523394416646e-16,6.850655455872745e-17,1
B1_D2_Guyan,B1,2,Guyan,full-grid,1307,19,33,62,1.0096288495697856,1.0072518776699773,-0.069239214422996978,0,0,1,UNSTABLE,3.3594508905827196e-16,6.8506554558727437e-17,1
B1_D2_Guyan,B1,2,Guyan,full-grid,1308,19,34,63,1.0095416266278956,1.0071715895687858,-0.069135266398434703,0,0,1,UNSTABLE,3.183149143529501e-16,6.850655455872745e-17,1
B1_D2_Guyan,B1,2,Guyan,full-grid,1309,19,35,64,1.0094496206141499,1.0070860741609167,-0.069037495531080462,0,0,1,UNSTABLE,4.7779319547225704e-16,6.8506554558727437e-17,1
B1_D2_Guyan,B1,2,Guyan,full-grid,1310,19,36,65,1.0093532454058307,1.0069957382108738,-0.068946045836003084,0,0,1,UNSTABLE,1.0801115020214373e-16,6.8506554558727437e-17,1
B1_D2_Guyan,B1,2,Guyan,full-grid,1311,19,37,66,1.0092529011153542,1.0069009758233025,-0.068861043383322315,0,0,1,UNSTABLE,2.5722513531178443e-16,6.850655455872745e-17,1
B1_D2_Guyan,B1,2,Guyan,full-grid,1312,19,38,67,1.0091489747845774,1.0068021689348692,-0.068782599084409965,0,0,1,UNSTABLE,1.7451485296248841e-16,6.8506554558727437e-17,1
B1_D2_Guyan,B1,2,Guyan,full-grid,1313,19,39,68,1.0090418413136615,1.0066996880596655,-0.068710811247114353,0,0,1,UNSTABLE,2.0815551730338264e-16,6.850655455872745e-17,1
B1_D2_Guyan,B1,2,Guyan,full-grid,1314,19,40,69,1.0089318645995864,1.0065938932624694,-0.068645767903798879,0,0,1,UNSTABLE,2.1504537285828441e-16,6.8506554558727437e-17,1
B1_D2_Guyan,B1,2,Guyan,full-grid,1315,19,41,70,1.00881939886539,1.0064851353402267,-0.068587548915911414,0,0,1,UNSTABLE,1.0794868150482097e-16,6.850655455872745e-17,1
B1_D2_Guyan,B1,2,Guyan,full-grid,1316,19,42,71,1.0087047901666655,1.0063737571977378,-0.068536227857135312,0,0,1,UNSTABLE,2.3553576275189744e-16,6.850655455872745e-17,1
B1_D2_Guyan,B1,2,Guyan,full-grid,1317,19,43,72,1.0085883780665341,1.0062600954084111,-0.068491873675184292,0,0,1,UNSTABLE,2.9978411924437909e-16,6.8506554558727437e-17,1
B1_D2_Guyan,B1,2,Guyan,full-grid,1318,19,44,73,1.0084704974743171,1.0061444819552197,-0.068454552128833529,0,0,1,UNSTABLE,2.4766050175647564e-16,6.8506554558727437e-17,1
B1_D2_Guyan,B1,2,Guyan,full-grid,1319,19,45,74,1.008351480646269,1.0060272461505013,-0.068424326992390122,0,0,1,UNSTABLE,3.1216857586175201e-16,6.8506554558727437e-17,1
B1_D2_Guyan,B1,2,Guyan,full-grid,1320,19,46,75,1.008231659349498,1.0059087167364056,-0.068401261014399833,0,0,1,UNSTABLE,2.464513665861105e-16,6.8506554558727437e-17,1
B1_D2_Guyan,B1,2,Guyan,full-grid,1321,19,47,76,1.0081113671909767,1.0057892241690669,-0.068385416610903138,0,0,1,UNSTABLE,2.3031406613204187e-16,6.850655455872745e-17,1
B1_D2_Guyan,B1,2,Guyan,full-grid,1322,19,48,77,1.0079909421142277,1.0056691030908769,-0.068376856265258024,0,0,1,UNSTABLE,1.9210467601323684e-16,6.850655455872745e-17,1
B1_D2_Guyan,B1,2,Guyan,full-grid,1323,19,49,78,1.0078707290642221,1.0055486949938142,-0.06837564259795896,0,0,1,UNSTABLE,4.7159997928842549e-16,6.8506554558727437e-17,1
B1_D2_Guyan,B1,2,Guyan,full-grid,1324,19,50,79,1.0077510828175702,1.0054283510741744,-0.068381838058449343,0,0,1,UNSTABLE,6.3736693924929304e-16,6.850655455872745e-17,1
B1_D2_Guyan,B1,2,Guyan,full-grid,1325,19,51,80,1.0076323709684873,1.005308435273307,-0.068395504179077637,0,0,1,UNSTABLE,6.0315214161629056e-16,6.8506554558727437e-17,1
B1_D2_Guyan,B1,2,Guyan,full-grid,1326,19,52,81,1.0075149770507621,1.0051893274897237,-0.068416700317645185,0,0,1,UNSTABLE,4.2227726322774675e-16,6.8506554558727437e-17,1
B1_D2_Guyan,B1,2,Guyan,full-grid,1327,19,53,82,1.0073993037611406,1.0050714269342027,-0.068445481800311736,0,0,1,UNSTABLE,3.0107014706542506e-16,6.850655455872745e-17,1
B1_D2_Guyan,B1,2,Guyan,full-grid,1328,19,54,83,1.0072857762283065,1.004955155579395,-0.068481897361683225,0,0,1,UNSTABLE,1.8245124693524026e-16,6.8506554558727437e-17,1
B1_D2_Guyan,B1,2,Guyan,full-grid,1329,19,55,84,1.0071748452435447,1.0048409616284455,-0.068525985764375297,0,0,1,UNSTABLE,7.4858698323688202e-16,6.850655455872745e-17,1
B1_D2_Guyan,B1,2,Guyan,full-grid,1330,19,56,85,1.0070669903310663,1.0047293228898686,-0.068577771469610041,0,0,1,UNSTABLE,3.6241888376586146e-16,6.8506554558727437e-17,1
B1_D2_Guyan,B1,2,Guyan,full-grid,1331,19,57,86,1.0069627224883333,1.0046207498988433,-0.068637259224142613,0,0,1,UNSTABLE,1.634956533378793e-16,6.850655455872745e-17,1
B1_D2_Guyan,B1,2,Guyan,full-grid,1332,19,58,87,1.0068625863668685,1.0045157885649914,-0.068704427433998752,0,0,1,UNSTABLE,2.378948130727301e-16,6.850655455872745e-17,1
B1_D2_Guyan,B1,2,Guyan,full-grid,1333,19,59,88,1.0067671615936526,1.0044150220550363,-0.068779220215999096,0,0,1,UNSTABLE,4.5811852396993541e-16,6.8506554558727437e-17,1
B1_D2_Guyan,B1,2,Guyan,full-grid,1334,19,60,89,1.0066770628533295,1.0043190715358383,-0.068861538062972724,0,0,1,UNSTABLE,3.1944125685782422e-16,6.8506554558727437e-17,1
B1_D2_Guyan,B1,2,Guyan,full-grid,1335,19,61,90,1.0065929382690368,1.0042285953155747,-0.0689512271362928,0,0,1,UNSTABLE,5.3934763163674627e-16,6.8506554558727437e-17,1
B1_D2_Guyan,B1,2,Guyan,full-grid,1336,19,62,91,1.0065154655439266,1.004144285836676,-0.069048067320227641,0,0,1,UNSTABLE,3.064939417945958e-16,6.8506554558727437e-17,1
B1_D2_Guyan,B1,2,Guyan,full-grid,1337,19,63,92,1.0064453452745297,1.0040668639110772,-0.069151759345236305,0,0,1,UNSTABLE,6.1720265841085338e-16,6.850655455872745e-17,1
B1_D2_Guyan,B1,2,Guyan,full-grid,1338,19,64,93,1.0063832908440655,1.0039970695691225,-0.069261911515242913,0,0,1,UNSTABLE,6.2827101354189639e-16,6.850655455872745e-17,1
B1_D2_Guyan,B1,2,Guyan,full-grid,1339,19,65,94,1.0063300143810237,1.0039356489508202,-0.069378026851494565,0,0,1,UNSTABLE,3.8055030258841995e-16,6.8506554558727437e-17,1
B1_D2_Guyan,B1,2,Guyan,full-grid,1340,19,66,95,1.0062862084584994,1.00388333683606,-0.069499491772821345,0,0,1,UNSTABLE,5.6017171274363415e-16,6.850655455872745e-17,1
B1_D2_Guyan,B1,2,Guyan,full-grid,1341,20,0,30,1.0077198683949491,1.0051520693398637,-0.071893328339445201,0,0,1,UNSTABLE,2.9733138251989176e-16,8.8843936914985139e-17,1
B1_D2_Guyan,B1,2,Guyan,full-grid,1342,20,1,31,1.0079199386926319,1.0053503432899968,-0.071925586969064453,0,0,1,UNSTABLE,2.2680074799920407e-16,6.8506554558727437e-17,1
B1_D2_Guyan,B1,2,Guyan,full-grid,1343,20,2,32,1.0081200030141362,1.0055497568264729,-0.071941830831881728,0,0,1,UNSTABLE,3.4213092952378965e-16,6.8506554558727437e-17,1
B1_D2_Guyan,B1,2,Guyan,full-grid,1344,20,3,33,1.0083185426059462,1.0057487882053193,-0.071942048806738074,0,0,1,UNSTABLE,1.4103148294754835e-16,6.850655455872745e-17,1
B1_D2_Guyan,B1,2,Guyan,full-grid,1345,20,4,34,1.0085140633161485,1.0059459264106356,-0.071926414093128416,0,0,1,UNSTABLE,2.4499433589160597e-16,6.850655455872745e-17,1
B1_D2_Guyan,B1,2,Guyan,full-grid,1346,20,5,35,1.0087051237506222,1.0061396997673486,-0.071895279628272385,0,0,1,UNSTABLE,1.7985627344637176e-16,6.8506554558727437e-17,1
B1_D2_Guyan,B1,2,Guyan,full-grid,1347,20,6,36,1.00889036132826,1.0063287028708581,-0.071849168118519685,0,0,1,UNSTABLE,2.5428383815757016e-16,6.850655455872745e-17,1
B1_D2_Guyan,B1,2,Guyan,full-grid,1348,20,7,37,1.0090685151332528,1.006511620677689,-0.071788757295271635,0,0,1,UNSTABLE,1.8546280183872236e-16,6.8506554558727437e-17,1
B1_D2_Guyan,B1,2,Guyan,full-grid,1349,20,8,38,1.0092384447104594,1.0066872488286469,-0.07171486127293851,0,0,1,UNSTABLE,2.118531727796735e-16,6.8506554558727437e-17,1
B1_D2_Guyan,B1,2,Guyan,full-grid,1350,20,9,39,1.009399144250924,1.00685450956398,-0.071628409064946649,0,0,1,UNSTABLE,2.0999729593281126e-16,6.8506554558727437e-17,1
B1_D2_Guyan,B1,2,Guyan,full-grid,1351,20,10,40,1.0095497519341035,1.0070124629046493,-0.071530421394833482,0,0,1,UNSTABLE,2.2010311064460398e-16,6.8506554558727437e-17,1
B1_D2_Guyan,B1,2,Guyan,full-grid,1352,20,11,41,1.0096895544974047,1.0071603130807849,-0.071421986924077793,0,0,1,UNSTABLE,2.5337332906147488e-16,6.8506554558727437e-17,1
B1_D2_Guyan,B1,2,Guyan,full-grid,1353,20,12,42,1.0098179873645354,1.0072974104588326,-0.071304238919516302,0,0,1,UNSTABLE,1.9349223645812612e-16,6.8506554558727437e-17,1
B1_D2_Guyan,B1,2,Guyan,full-grid,1354,20,13,43,1.0099346308641923,1.007423249432986,-0.071178333224908685,0,0,1,UNSTABLE,2.7451525391492068e-16,6.8506554558727437e-17,1
B1_D2_Guyan,B1,2,Guyan,full-grid,1355,20,14,44,1.0100392032005805,1.0075374628931941,-0.071045428204838876,0,0,1,UNSTABLE,2.5912681186078188e-16,6.850655455872745e-17,1
B1_D2_Guyan,B1,2,Guyan,full-grid,1356,20,15,45,1.0101315508997943,1.0076398139617591,-0.070906667121894029,0,0,1,UNSTABLE,2.1417563719298466e-16,6.8506554558727437e-17,1
B1_D2_Guyan,B1,2,Guyan,full-grid,1357,20,16,46,1.010211637458265,1.0077301857088943,-0.070763163208171248,0,0,1,UNSTABLE,2.0349956909936535e-16,6.850655455872745e-17,1
B1_D2_Guyan,B1,2,Guyan,full-grid,1358,20,17,47,1.0102795308747372,1.0078085695268293,-0.070615987515328549,0,0,1,UNSTABLE,2.3571703746347841e-16,6.8506554558727437e-17,1
B1_D2_Guyan,B1,2,Guyan,full-grid,1359,20,18,48,1.0103353906693462,1.0078750527752764,-0.070466159482508769,0,0,1,UNSTABLE,1.7816627369315005e-16,6.8506554558727437e-17,1
B1_D2_Guyan,B1,2,Guyan,full-grid,1360,20,19,49,1.0103794548968696,1.0079298062226374,-0.070314640052355062,0,0,1,UNSTABLE,2.766444786004321e-16,6.850655455872745e-17,1
B1_D2_Guyan,B1,2,Guyan,full-grid,1361,20,20,50,1.0104120275573081,1.0079730717086424,-0.070162327090213583,0,0,1,UNSTABLE,2.3129529354894848e-16,6.850655455872745e-17,1
B1_D2_Guyan,B1,2,Guyan,full-grid,1362,20,21,51,1.0104334667054657,1.008005150355257,-0.070010052818876026,0,0,1,UNSTABLE,2.7577127035245157e-16,6.8506554558727437e-17,1
B1_D2_Guyan,B1,2,Guyan,full-grid,1363,20,22,52,1.0104441734682705,1.0080263915604357,-0.069858582963180496,0,0,1,UNSTABLE,2.583672940500778e-16,6.850655455872745e-17,1
B1_D2_Guyan,B1,2,Guyan,full-grid,1364,20,23,53,1.010444582098166,1.0080371829279908,-0.069708617301863729,0,0,1,UNSTABLE,4.6010180201097427e-16,6.8506554558727437e-17,1
B1_D2_Guyan,B1,2,Guyan,full-grid,1365,20,24,54,1.0104351511244389,1.008037941218481,-0.069560791340193301,0,0,1,UNSTABLE,2.3136713813337773e-16,6.8506554558727437e-17,1
B1_D2_Guyan,B1,2,Guyan,full-grid,1366,20,25,55,1.0104163556124222,1.0080291043515288,-0.069415678843784051,0,0,1,UNSTABLE,2.9961915471782724e-16,6.8506554558727437e-17,1
B1_D2_Guyan,B1,2,Guyan,full-grid,1367,20,26,56,1.010388680501364,1.0080111244480277,-0.069273795004389987,0,0,1,UNSTABLE,1.5594208417172829e-16,6.8506554558727437e-17,1
B1_D2_Guyan,B1,2,Guyan,full-grid,1368,20,27,57,1.0103526149647695,1.0079844618708136,-0.069135600041903694,0,0,1,UNSTABLE,2.1385760807137822e-16,6.8506554558727437e-17,1
B1_D2_Guyan,B1,2,Guyan,full-grid,1369,20,28,58,1.0103086477190661,1.0079495802017007,-0.069001503078872817,0,0,1,UNSTABLE,1.556067423759884e-16,6.8506554558727437e-17,1
B1_D2_Guyan,B1,2,Guyan,full-grid,1370,20,29,59,1.0102572631970634,1.0079069420808691,-0.068871866154564865,0,0,1,UNSTABLE,4.2992707137740626e-16,6.8506554558727437e-17,1
B1_D2_Guyan,B1,2,Guyan,full-grid,1371,20,30,60,1.0101989384985584,1.0078570058282992,-0.06874700827257621,0,0,1,UNSTABLE,2.2732372641453615e-16,6.850655455872745e-17,1
B1_D2_Guyan,B1,2,Guyan,full-grid,1372,20,31,61,1.0101341410313445,1.0078002227659204,-0.068627209400451528,0,0,1,UNSTABLE,2.2818932081966118e-16,6.8506554558727437e-17,1
B1_D2_Guyan,B1,2,Guyan,full-grid,1373,20,32,62,1.0100633267596484,1.0077370351613808,-0.068512714359583948,0,0,1,UNSTABLE,2.6764388416938472e-16,6.850655455872745e-17,1
B1_D2_Guyan,B1,2,Guyan,full-grid,1374,20,33,63,1.009986938982693,1.0076678747186969,-0.068403736561205727,0,0,1,UNSTABLE,2.6909857148793054e-16,6.8506554558727437e-17,1
B1_D2_Guyan,B1,2,Guyan,full-grid,1375,20,34,64,1.0099054075734046,1.0075931615473734,-0.068300461557542921,0,0,1,UNSTABLE,2.0164152428612127e-16,6.8506554558727437e-17,1
B1_D2_Guyan,B1,2,Guyan,full-grid,1376,20,35,65,1.0098191486147992,1.0075133035483059,-0.068203050388502634,0,0,1,UNSTABLE,2.9947125449755998e-16,6.850655455872745e-17,1
B1_D2_Guyan,B1,2,Guyan,full-grid,1377,20,36,66,1.0097285643794391,1.007428696162064,-0.068111642712290782,0,0,1,UNSTABLE,5.0152367957968203e-16,6.850655455872745e-17,1
B1_D2_Guyan,B1,2,Guyan,full-grid,1378,20,37,67,1.0096340436050553,1.0073397224324141,-0.068026359715052567,0,0,1,UNSTABLE,3.1119100263736968e-16,6.8506554558727437e-17,1
B1_D2_Guyan,B1,2,Guyan,full-grid,1379,20,38,68,1.0095359620267306,1.0072467533450142,-0.067947306798461379,0,0,1,UNSTABLE,4.479076687806322e-16,6.850655455872745e-17,1
B1_D2_Guyan,B1,2,Guyan,full-grid,1380,20,39,69,1.0094346831327972,1.0071501484077485,-0.067874576047742038,0,0,1,UNSTABLE,2.0960148547348711e-16,6.8506554558727437e-17,1
B1_D2_Guyan,B1,2,Guyan,full-grid,1381,20,40,70,1.0093305591178536,1.0070502564454238,-0.067808248483242836,0,0,1,UNSTABLE,4.1959845272043632e-16,6.8506554558727437e-17,1
B1_D2_Guyan,B1,2,Guyan,full-grid,1382,20,41,71,1.00922393201202,1.0069474165872245,-0.067748396099956448,0,0,1,UNSTABLE,2.2283951989677388e-16,6.8506554558727437e-17,1
B1_D2_Guyan,B1,2,Guyan,full-grid,1383,20,42,72,1.0091151349704568,1.0068419594303566,-0.067695083698032038,0,0,1,UNSTABLE,2.3446950181414523e-16,6.8506554558727437e-17,1
B1_D2_Guyan,B1,2,Guyan,full-grid,1384,20,43,73,1.0090044937117104,1.0067342083679591,-0.06764837050634484,0,0,1,UNSTABLE,1.175159786603955e-16,6.8506554558727437e-17,1
B1_D2_Guyan,B1,2,Guyan,full-grid,1385,20,44,74,1.0088923280970834,1.0066244810732401,-0.067608311598375451,0,0,1,UNSTABLE,2.4975391146822299e-16,6.8506554558727437e-17,1
B1_D2_Guyan,B1,2,Guyan,full-grid,1386,20,45,75,1.0087789538464762,1.0065130911352549,-0.067574959096879064,0,0,1,UNSTABLE,2.0967610362502242e-16,6.8506554558727437e-17,1
B1_D2_Guyan,B1,2,Guyan,full-grid,1387,20,46,76,1.0086646843883567,1.0064003498443077,-0.06754836315943015,0,0,1,UNSTABLE,1.5378688727022281e-16,6.850655455872745e-17,1
B1_D2_Guyan,B1,2,Guyan,full-grid,1388,20,47,77,1.0085498328433704,1.0062865681271402,-0.067528572732531836,0,0,1,UNSTABLE,2.4145102086396852e-16,6.8506554558727437e-17,1
B1_D2_Guyan,B1,2,Guyan,full-grid,1389,20,48,78,1.0084347141412449,1.0061720586327003,-0.067515636055424641,0,0,1,UNSTABLE,9.6610525537921836e-16,6.850655455872745e-17,1
B1_D2_Guyan,B1,2,Guyan,full-grid,1390,20,49,79,1.0083196472704508,1.0060571379695327,-0.067509600888758389,0,0,1,UNSTABLE,3.0859184729729584e-16,6.8506554558727437e-17,1
B1_D2_Guyan,B1,2,Guyan,full-grid,1391,20,50,80,1.0082049576575791,1.0059421290939472,-0.06751051443484464,0,0,1,UNSTABLE,2.601927410221747e-16,6.8506554558727437e-17,1
B1_D2_Guyan,B1,2,Guyan,full-grid,1392,20,51,81,1.0080909796695487,1.0058273638449109,-0.067518422907441436,0,0,1,UNSTABLE,8.2643780830696475e-16,6.850655455872745e-17,1
B1_D2_Guyan,B1,2,Guyan,full-grid,1393,20,52,82,1.0079780592247922,1.0057131856153505,-0.067533370699250916,0,0,1,UNSTABLE,2.102472836006115e-16,6.850655455872745e-17,1
B1_D2_Guyan,B1,2,Guyan,full-grid,1394,20,53,83,1.0078665564902005,1.0055999521409911,-0.067555399084389456,0,0,1,UNSTABLE,2.1713429544748927e-16,6.8506554558727437e-17,1
B1_D2_Guyan,B1,2,Guyan,full-grid,1395,20,54,84,1.0077568486262953,1.0054880383743408,-0.067584544381997305,0,0,1,UNSTABLE,2.1051813318217263e-16,6.850655455872745e-17,1
B1_D2_Guyan,B1,2,Guyan,full-grid,1396,20,55,85,1.0076493325245339,1.0053778393936872,-0.067620835496319365,0,0,1,UNSTABLE,1.807152369859715e-16,6.8506554558727437e-17,1
B1_D2_Guyan,B1,2,Guyan,full-grid,1397,20,56,86,1.0075444274555445,1.0052697732725806,-0.067664290739024177,0,0,1,UNSTABLE,2.5001117616521735e-16,6.8506554558727437e-17,1
B1_D2_Guyan,B1,2,Guyan,full-grid,1398,20,57,87,1.0074425775150511,1.0051642838037536,-0.067714913833340051,0,0,1,UNSTABLE,3.8349786901200857e-16,6.8506554558727437e-17,1
B1_D2_Guyan,B1,2,Guyan,full-grid,1399,20,58,88,1.0073442537142649,1.0050618429315488,-0.067772688999245281,0,0,1,UNSTABLE,3.815645830621549e-16,6.8506554558727437e-17,1
B1_D2_Guyan,B1,2,Guyan,full-grid,1400,20,59,89,1.0072499555133545,1.0049629526982897,-0.067837575027338948,0,0,1,UNSTABLE,7.0347108309368515e-16,6.8506554558727437e-17,1
B1_D2_Guyan,B1,2,Guyan,full-grid,1401,20,60,90,1.0071602115407794,1.0048681464526705,-0.067909498272642532,0,0,1,UNSTABLE,3.2976808509533466e-16,6.8506554558727437e-17,1
B1_D2_Guyan,B1,2,Guyan,full-grid,1402,20,61,91,1.0070755791811916,1.0047779890053303,-0.067988344541817486,0,0,1,UNSTABLE,5.4601083856660169e-16,6.8506554558727437e-17,1
B1_D2_Guyan,B1,2,Guyan,full-grid,1403,20,62,92,1.0069966426537551,1.004693075351184,-0.068073949917092758,0,0,1,UNSTABLE,2.903869307149423e-16,6.850655455872745e-17,1
B1_D2_Guyan,B1,2,Guyan,full-grid,1404,20,63,93,1.006924009152347,1.004614027520617,-0.06816609066273735,0,0,1,UNSTABLE,2.8432570988052358e-16,6.8506554558727437e-17,1
B1_D2_Guyan,B1,2,Guyan,full-grid,1405,20,64,94,1.0068583025900102,1.0045414890827358,-0.068264472501268686,0,0,1,UNSTABLE,3.3172412609223299e-16,6.850655455872745e-17,1
B1_D2_Guyan,B1,2,Guyan,full-grid,1406,20,65,95,1.0068001545027971,1.0044761168239618,-0.068368719727014082,0,0,1,UNSTABLE,3.8113037585579376e-16,6.8506554558727437e-17,1
B1_D2_Guyan,B1,2,Guyan,full-grid,1407,20,66,96,1.0067501917439665,1.0044185691859799,-0.068478364838116798,0,0,1,UNSTABLE,2.539773462544422e-16,6.8506554558727437e-17,1
B1_D2_Guyan,B1,2,Guyan,full-grid,1408,21,0,31,1.0079744313733747,1.0054745413588333,-0.070946465604156517,0,0,1,UNSTABLE,1.4927173305309719e-16,8.8843936914985139e-17,1
B1_D2_Guyan,B1,2,Guyan,full-grid,1409,21,1,32,1.008170423063562,1.0056686185607311,-0.070980501423365622,0,0,1,UNSTABLE,1.2228751550899314e-16,6.8506554558727437e-17,1
B1_D2_Guyan,B1,2,Guyan,full-grid,1410,21,2,33,1.0083666005494774,1.0058639775785121,-0.070999012061039743,0,0,1,UNSTABLE,1.8906436344875881e-16,6.8506554558727437e-17,1
B1_D2_Guyan,B1,2,Guyan,full-grid,1411,21,3,34,1.0085615018619343,1.0060591551654388,-0.07100196719671914,0,0,1,UNSTABLE,1.2729084443194229e-16,6.850655455872745e-17,1
B1_D2_Guyan,B1,2,Guyan,full-grid,1412,21,4,35,1.0087536852613499,1.006252695206906,-0.070989512726825355,0,0,1,UNSTABLE,3.6071031244157597e-16,6.8506554558727437e-17,1
B1_D2_Guyan,B1,2,Guyan,full-grid,1413,21,5,36,1.0089417561116851,1.0064431759721817,-0.07096196702994538,0,0,1,UNSTABLE,2.8124428727624471e-16,6.850655455872745e-17,1
B1_D2_Guyan,B1,2,Guyan,full-grid,1414,21,6,37,1.0091243919157504,1.0066292359203273,-0.070919812110517816,0,0,1,UNSTABLE,2.6044092184223913e-16,6.8506554558727437e-17,1
B1_D2_Guyan,B1,2,Guyan,full-grid,1415,21,7,38,1.009300364457296,1.0068095969587396,-0.070863680157123327,0,0,1,UNSTABLE,2.2608905581190088e-16,6.850655455872745e-17,1
B1_D2_Guyan,B1,2,Guyan,full-grid,1416,21,8,39,1.0094685582168932,1.0069830842547973,-0.070794336307284947,0,0,1,UNSTABLE,4.226910382544239e-16,6.850655455872745e-17,1
B1_D2_Guyan,B1,2,Guyan,full-grid,1417,21,9,40,1.0096279845032559,1.0071486419627116,-0.070712658589336883,0,0,1,UNSTABLE,1.5046430290998792e-16,6.8506554558727437e-17,1
B1_D2_Guyan,B1,2,Guyan,full-grid,1418,21,10,41,1.0097777910378549,1.0073053445183697,-0.070619616099340476,0,0,1,UNSTABLE,2.4103910450944776e-16,6.8506554558727437e-17,1
B1_D2_Guyan,B1,2,Guyan,full-grid,1419,21,11,42,1.0099172670169851,1.0074524034429337,-0.070516246469255708,0,0,1,UNSTABLE,2.6412982425357295e-16,6.8506554558727437e-17,1
B1_D2_Guyan,B1,2,Guyan,full-grid,1420,21,12,43,1.010045843925204,1.0075891698535879,-0.070403633601789237,0,0,1,UNSTABLE,2.7312740366666137e-16,6.8506554558727437e-17,1
B1_D2_Guyan,B1,2,Guyan,full-grid,1421,21,13,44,1.0101630925697651,1.0077151330878302,-0.070282886507942843,0,0,1,UNSTABLE,1.9285196445150031e-16,6.850655455872745e-17,1
B1_D2_Guyan,B1,2,Guyan,full-grid,1422,21,14,45,1.0102687169377764,1.0078299159949031,-0.070155119904450142,0,0,1,UNSTABLE,3.285905117177945e-16,6.850655455872745e-17,1
B1_D2_Guyan,B1,2,Guyan,full-grid,1423,21,15,46,1.0103625455464902,1.0079332675323387,-0.070021437037284209,0,0,1,UNSTABLE,3.0695029567975433e-16,6.8506554558727437e-17,1
B1_D2_Guyan,B1,2,Guyan,full-grid,1424,21,16,47,1.0104445209688944,1.0080250533324786,-0.069882915008693883,0,0,1,UNSTABLE,2.4334587967226567e-16,6.850655455872745e-17,1
B1_D2_Guyan,B1,2,Guyan,full-grid,1425,21,17,48,1.0105146881824758,1.0081052448827659,-0.0697405927160442,0,0,1,UNSTABLE,1.9900908163658338e-16,6.8506554558727437e-17,1
B1_D2_Guyan,B1,2,Guyan,full-grid,1426,21,18,49,1.0105731823221427,1.0081739079073868,-0.069595461371057432,0,0,1,UNSTABLE,2.5563359425248814e-16,6.8506554558727437e-17,1
B1_D2_Guyan,B1,2,Guyan,full-grid,1427,21,19,50,1.0106202163311468,1.0082311904587451,-0.069448457458432311,0,0,1,UNSTABLE,3.9290397049797812e-16,6.850655455872745e-17,1
B1_D2_Guyan,B1,2,Guyan,full-grid,1428,21,20,51,1.0106560689081463,1.0082773111367751,-0.069300457918129582,0,0,1,UNSTABLE,1.642898910017484e-16,6.8506554558727437e-17,1
B1_D2_Guyan,B1,2,Guyan,full-grid,1429,21,21,52,1.0106810730534423,1.0083125477619856,-0.069152277288541161,0,0,1,UNSTABLE,2.248966449668447e-16,6.850655455872745e-17,1
B1_D2_Guyan,B1,2,Guyan,full-grid,1430,21,22,53,1.0106956054287837,1.0083372267403985,-0.069004666527255967,0,0,1,UNSTABLE,1.5614216178446531e-16,6.8506554558727437e-17,1
B1_D2_Guyan,B1,2,Guyan,full-grid,1431,21,23,54,1.0107000766677097,1.0083517132806674,-0.06885831322401606,0,0,1,UNSTABLE,3.4556998204823185e-16,6.850655455872745e-17,1
B1_D2_Guyan,B1,2,Guyan,full-grid,1432,21,24,55,1.0106949227085789,1.0083564025572322,-0.068713842933845054,0,0,1,UNSTABLE,1.6570770883215323e-16,6.850655455872745e-17,1
B1_D2_Guyan,B1,2,Guyan,full-grid,1433,21,25,56,1.0106805971706743,1.0083517118594201,-0.068571821380560491,0,0,1,UNSTABLE,2.1211826851666286e-16,6.8506554558727437e-17,1
B1_D2_Guyan,B1,2,Guyan,full-grid,1434,21,26,57,1.0106575647548197,1.0083380737249179,-0.068432757308651893,0,0,1,UNSTABLE,2.7549687686965153e-16,6.8506554558727437e-17,1
B1_D2_Guyan,B1,2,Guyan,full-grid,1435,21,27,58,1.0106262956217054,1.0083159300251276,-0.068297105792359966,0,0,1,UNSTABLE,1.9649736867419571e-16,6.8506554558727437e-17,1
B1_D2_Guyan,B1,2,Guyan,full-grid,1436,21,28,59,1.0105872606826518,1.0082857269489462,-0.068165271840588584,0,0,1,UNSTABLE,1.8805708152152795e-16,6.8506554558727437e-17,1
B1_D2_Guyan,B1,2,Guyan,full-grid,1437,21,29,60,1.0105409277264044,1.0082479108179625,-0.068037614165662619,0,0,1,UNSTABLE,2.1761412970945636e-16,6.850655455872745e-17,1
B1_D2_Guyan,B1,2,Guyan,full-grid,1438,21,30,61,1.010487758300757,1.0082029246592232,-0.067914449009602001,0,0,1,UNSTABLE,2.1036942388152859e-16,6.850655455872745e-17,1
B1_D2_Guyan,B1,2,Guyan,full-grid,1439,21,31,62,1.0104282052670899,1.0081512054591317,-0.067796053945431159,0,0,1,UNSTABLE,2.6449278983342011e-16,6.8506554558727437e-17,1
B1_D2_Guyan,B1,2,Guyan,full-grid,1440,21,32,63,1.0103627109488071,1.0080931820234853,-0.067682671590202595,0,0,1,UNSTABLE,5.0713667362855703e-16,6.850655455872745e-17,1
B1_D2_Guyan,B1,2,Guyan,full-grid,1441,21,33,64,1.0102917057993546,1.0080292733720282,-0.067574513183820573,0,0,1,UNSTABLE,2.1646856357731315e-16,6.8506554558727437e-17,1
B1_D2_Guyan,B1,2,Guyan,full-grid,1442,21,34,65,1.0102156075218214,1.0079598876012719,-0.067471762000961916,0,0,1,UNSTABLE,3.7144595439600124e-16,6.8506554558727437e-17,1
B1_D2_Guyan,B1,2,Guyan,full-grid,1443,21,35,66,1.0101348205790472,1.0078854211554387,-0.067374576574460804,0,0,1,UNSTABLE,2.1335822669868353e-16,6.850655455872745e-17,1
B1_D2_Guyan,B1,2,Guyan,full-grid,1444,21,36,67,1.0100497360401799,1.0078062584518284,-0.067283093717247874,0,0,1,UNSTABLE,2.6397298298980047e-16,6.8506554558727437e-17,1
B1_D2_Guyan,B1,2,Guyan,full-grid,1445,21,37,68,1.0099607317170045,1.007722771813844,-0.067197431336103577,0,0,1,UNSTABLE,1.7846643805929417e-16,6.850655455872745e-17,1
B1_D2_Guyan,B1,2,Guyan,full-grid,1446,21,38,69,1.0098681725499019,1.0076353216711587,-0.067117691035517596,0,0,1,UNSTABLE,4.30312220149487e-16,6.8506554558727437e-17,1
B1_D2_Guyan,B1,2,Guyan,full-grid,1447,21,39,70,1.0097724112099085,1.0075442569929214,-0.067043960512893519,0,0,1,UNSTABLE,2.4740701565078333e-16,6.850655455872745e-17,1
B1_D2_Guyan,B1,2,Guyan,full-grid,1448,21,40,71,1.0096737888889986,1.0074499159254744,-0.0669763157483384,0,0,1,UNSTABLE,9.1305445437393043e-17,6.850655455872745e-17,1
B1_D2_Guyan,B1,2,Guyan,full-grid,1449,21,41,72,1.0095726362563873,1.0073526266116852,-0.066914822993192916,0,0,1,UNSTABLE,2.3884195284165511e-16,6.8506554558727437e-17,1
B1_D2_Guyan,B1,2,Guyan,full-grid,1450,21,42,73,1.009469274562907,1.0072527081733242,-0.066859540561284042,0,0,1,UNSTABLE,2.3355773457631795e-16,6.8506554558727437e-17,1
B1_D2_Guyan,B1,2,Guyan,full-grid,1451,21,43,74,1.0093640168802038,1.0071504718426856,-0.066810520426022146,0,0,1,UNSTABLE,1.7572636125728694e-16,6.8506554558727437e-17,1
B1_D2_Guyan,B1,2,Guyan,full-grid,1452,21,44,75,1.0092571694647872,1.0070462222331011,-0.066767809624948479,0,0,1,UNSTABLE,3.08378261916196e-16,6.8506554558727437e-17,1
B1_D2_Guyan,B1,2,Guyan,full-grid,1453,21,45,76,1.0091490332401463,1.0069402587413516,-0.066731451470966471,0,0,1,UNSTABLE,2.9434620333722077e-16,6.850655455872745e-17,1
B1_D2_Guyan,B1,2,Guyan,full-grid,1454,21,46,77,1.0090399053923897,1.0068328770774793,-0.066701486566406148,0,0,1,UNSTABLE,2.4938507778530318e-16,6.850655455872745e-17,1
B1_D2_Guyan,B1,2,Guyan,full-grid,1455,21,47,78,1.0089300810769073,1.0067243709198084,-0.066677953612648042,0,0,1,UNSTABLE,2.6554967205632466e-16,6.8506554558727437e-17,1
B1_D2_Guyan,B1,2,Guyan,full-grid,1456,21,48,79,1.0088198552340719,1.0066150336938287,-0.066660890003552728,0,0,1,UNSTABLE,5.1828178064320167e-16,6.850655455872745e-17,1
B1_D2_Guyan,B1,2,Guyan,full-grid,1457,21,49,80,1.0087095245124553,1.0065051604744255,-0.066650332185930611,0,0,1,UNSTABLE,2.7378439428697548e-16,6.8506554558727437e-17,1
B1_D2_Guyan,B1,2,Guyan,full-grid,1458,21,50,81,1.0085993892968279,1.0063950500101801,-0.066646315764196606,0,0,1,UNSTABLE,2.2851161838392958e-16,6.8506554558727437e-17,1
B1_D2_Guyan,B1,2,Guyan,full-grid,1459,21,51,82,1.0084897558355206,1.006285006866215,-0.066648875320214795,0,0,1,UNSTABLE,4.0430990425569798e-16,6.850655455872745e-17,1
B1_D2_Guyan,B1,2,Guyan,full-grid,1460,21,52,83,1.0083809384580926,1.0061753436789855,-0.066658043911434761,0,0,1,UNSTABLE,2.6977952472062881e-16,6.8506554558727437e-17,1
B1_D2_Guyan,B1,2,Guyan,full-grid,1461,21,53,84,1.0082732618671868,1.006066383509935,-0.066673852202621023,0,0,1,UNSTABLE,1.9231596078710742e-16,6.850655455872745e-17,1
B1_D2_Guyan,B1,2,Guyan,full-grid,1462,21,54,85,1.0081670634799758,1.0059584622770381,-0.066696327178147691,0,0,1,UNSTABLE,1.4036722511819637e-16,6.8506554558727437e-17,1
B1_D2_Guyan,B1,2,Guyan,full-grid,1463,21,55,86,1.0080626957815422,1.0058519312308625,-0.066725490372829196,0,0,1,UNSTABLE,2.1486150955492789e-16,6.850655455872745e-17,1
B1_D2_Guyan,B1,2,Guyan,full-grid,1464,21,56,87,1.0079605286361955,1.0057471594259679,-0.066761355552107701,0,0,1,UNSTABLE,5.1366696549236436e-16,6.850655455872745e-17,1
B1_D2_Guyan,B1,2,Guyan,full-grid,1465,21,57,88,1.0078609514809826,1.0056445361172464,-0.0668039257654819,0,0,1,UNSTABLE,3.1827836495391456e-16,6.8506554558727437e-17,1
B1_D2_Guyan,B1,2,Guyan,full-grid,1466,21,58,89,1.0077643752985275,1.0055444729838938,-0.066853189694841483,0,0,1,UNSTABLE,4.8216999747739776e-16,6.8506554558727437e-17,1
B1_D2_Guyan,B1,2,Guyan,full-grid,1467,21,59,90,1.007671234233362,1.0054474060507135,-0.066909117220890407,0,0,1,UNSTABLE,5.1513549446834004e-16,6.8506554558727437e-17,1
B1_D2_Guyan,B1,2,Guyan,full-grid,1468,21,60,91,1.0075819866764688,1.0053537971362785,-0.066971654142381612,0,0,1,UNSTABLE,1.8646136445693679e-16,6.8506554558727437e-17,1
B1_D2_Guyan,B1,2,Guyan,full-grid,1469,21,61,92,1.007497115599018,1.005264134612327,-0.067040716005054374,0,0,1,UNSTABLE,2.2490058787119875e-16,6.850655455872745e-17,1
B1_D2_Guyan,B1,2,Guyan,full-grid,1470,21,62,93,1.0074171278696737,1.0051789332095518,-0.067116181036245351,0,0,1,UNSTABLE,2.3515146566656066e-16,6.850655455872745e-17,1
B1_D2_Guyan,B1,2,Guyan,full-grid,1471,21,63,94,1.0073425522452206,1.0050987325562386,-0.067197882241614965,0,0,1,UNSTABLE,1.742196238147652e-16,6.8506554558727437e-17,1
B1_D2_Guyan,B1,2,Guyan,full-grid,1472,21,64,95,1.0072739356890537,1.0050240940951218,-0.067285598806842539,0,0,1,UNSTABLE,4.5768976267838107e-16,6.850655455872745e-17,1
B1_D2_Guyan,B1,2,Guyan,full-grid,1473,21,65,96,1.007211837656548,1.0049555960003904,-0.067379047061978628,0,0,1,UNSTABLE,4.129734862444333e-16,6.8506554558727437e-17,1
B1_D2_Guyan,B1,2,Guyan,full-grid,1474,21,66,97,1.007156822004927,1.0048938257253723,-0.06747787141047859,0,0,1,UNSTABLE,4.0127202386646135e-16,6.8506554558727437e-17,1
B1_D2_Guyan,B1,2,Guyan,full-grid,1475,22,0,32,1.0081791008862804,1.0057451814229532,-0.070012352541389086,0,0,1,UNSTABLE,3.3885035529576063e-16,8.8843936914985139e-17,1
B1_D2_Guyan,B1,2,Guyan,full-grid,1476,22,1,33,1.0083711778224091,1.005935219384686,-0.070048316642416814,0,0,1,UNSTABLE,2.3085647869414748e-16,6.850655455872745e-17,1
B1_D2_Guyan,B1,2,Guyan,full-grid,1477,22,2,34,1.008563646170626,1.0061266981122392,-0.070069220937234056,0,0,1,UNSTABLE,1.2961443690156133e-16,6.850655455872745e-17,1
B1_D2_Guyan,B1,2,Guyan,full-grid,1478,22,3,35,1.0087550971300037,1.0063182092921226,-0.070075014326498403,0,0,1,UNSTABLE,2.1896859621704802e-16,6.8506554558727437e-17,1
B1_D2_Guyan,B1,2,Guyan,full-grid,1479,22,4,36,1.0089441377064374,1.0065083480352928,-0.070065814399409232,0,0,1,UNSTABLE,2.4374989056534519e-16,6.850655455872745e-17,1
B1_D2_Guyan,B1,2,Guyan,full-grid,1480,22,5,37,1.0091294164107167,1.0066957388773976,-0.070041904539527439,0,0,1,UNSTABLE,2.4383963627814562e-16,6.8506554558727437e-17,1
B1_D2_Guyan,B1,2,Guyan,full-grid,1481,22,6,38,1.0093096473691472,1.0068790605616831,-0.070003726149789364,0,0,1,UNSTABLE,2.1173105669786047e-16,6.8506554558727437e-17,1
B1_D2_Guyan,B1,2,Guyan,full-grid,1482,22,7,39,1.0094836318346065,1.0070570685519806,-0.069951866461722717,0,0,1,UNSTABLE,1.6095778045798314e-16,6.8506554558727437e-17,1
B1_D2_Guyan,B1,2,Guyan,full-grid,1483,22,8,40,1.0096502762829231,1.0072286144013647,-0.069887042642323524,0,0,1,UNSTABLE,1.309883406365301e-16,6.8506554558727437e-17,1
B1_D2_Guyan,B1,2,Guyan,full-grid,1484,22,9,41,1.0098086065298595,1.0073926613396618,-0.069810083088119285,0,0,1,UNSTABLE,5.1554055533894108e-16,6.8506554558727437e-17,1
B1_D2_Guyan,B1,2,Guyan,full-grid,1485,22,10,42,1.0099577775786222,1.0075482957113839,-0.069721906891844099,0,0,1,UNSTABLE,1.7523104406258769e-16,6.8506554558727437e-17,1
B1_D2_Guyan,B1,2,Guyan,full-grid,1486,22,11,43,1.0100970791775969,1.007694734166044,-0.069623502476812552,0,0,1,UNSTABLE,2.4707363201271739e-16,6.8506554558727437e-17,1
B1_D2_Guyan,B1,2,Guyan,full-grid,1487,22,12,44,1.0102259373079017,1.0078313267489531,-0.069515906331380078,0,0,1,UNSTABLE,2.3026983825994227e-16,6.850655455872745e-17,1
B1_D2_Guyan,B1,2,Guyan,full-grid,1488,22,13,45,1.0103439120118609,1.0079575562429399,-0.069400182652434361,0,0,1,UNSTABLE,2.0952170100185033e-16,6.8506554558727437e-17,1
B1_D2_Guyan,B1,2,Guyan,full-grid,1489,22,14,46,1.0104506921078056,1.0080730342591258,-0.069277404546811541,0,0,1,UNSTABLE,2.6864736080485044e-16,6.850655455872745e-17,1
B1_D2_Guyan,B1,2,Guyan,full-grid,1490,22,15,47,1.0105460874111369,1.0081774946639421,-0.069148637261297136,0,0,1,UNSTABLE,2.4362269017157632e-16,6.8506554558727437e-17,1
B1_D2_Guyan,B1,2,Guyan,full-grid,1491,22,16,48,1.0106300191022675,1.0082707849642885,-0.069014923734995876,0,0,1,UNSTABLE,2.5622912401829794e-16,6.8506554558727437e-17,1
B1_D2_Guyan,B1,2,Guyan,full-grid,1492,22,17,49,1.0107025088580062,1.0083528562612387,-0.068877272606205617,0,0,1,UNSTABLE,1.7687811200442271e-16,6.850655455872745e-17,1
B1_D2_Guyan,B1,2,Guyan,full-grid,1493,22,18,50,1.0107636673059193,1.0084237523360127,-0.068736648669160169,0,0,1,UNSTABLE,1.7789090730829349e-16,6.850655455872745e-17,1
B1_D2_Guyan,B1,2,Guyan,full-grid,1494,22,19,51,1.0108136822833553,1.008483598361976,-0.068593965668394347,0,0,1,UNSTABLE,3.6261042507952074e-16,6.8506554558727437e-17,1
B1_D2_Guyan,B1,2,Guyan,full-grid,1495,22,20,52,1.0108528072948226,1.0085325896537918,-0.068450081242025382,0,0,1,UNSTABLE,2.1225003242625718e-16,6.850655455872745e-17,1
B1_D2_Guyan,B1,2,Guyan,full-grid,1496,22,21,53,1.010881350472089,1.0085709807787291,-0.068305793775540427,0,0,1,UNSTABLE,2.6867412991734131e-16,6.8506554558727437e-17,1
B1_D2_Guyan,B1,2,Guyan,full-grid,1497,22,22,54,1.0108996642572683,1.0085990752722787,-0.068161840903558688,0,0,1,UNSTABLE,2.4686920077207405e-16,6.8506554558727437e-17,1
B1_D2_Guyan,B1,2,Guyan,full-grid,1498,22,23,55,1.0109081359542058,1.0086172161251272,-0.068018899391311588,0,0,1,UNSTABLE,1.6624140596346724e-16,6.8506554558727437e-17,1
B1_D2_Guyan,B1,2,Guyan,full-grid,1499,22,24,56,1.0109071792302369,1.0086257771440552,-0.067877586136993448,0,0,1,UNSTABLE,1.78326419307069e-16,6.8506554558727437e-17,1
B1_D2_Guyan,B1,2,Guyan,full-grid,1500,22,25,57,1.0108972265991041,1.0086251552361714,-0.067738460054607555,0,0,1,UNSTABLE,1.5749992415727546e-16,6.8506554558727437e-17,1
B1_D2_Guyan,B1,2,Guyan,full-grid,1501,22,26,58,1.0108787228765921,1.0086157636243565,-0.06760202462253953,0,0,1,UNSTABLE,3.0218347323307905e-16,6.8506554558727437e-17,1
B1_D2_Guyan,B1,2,Guyan,full-grid,1502,22,27,59,1.0108521195714493,1.0085980259704206,-0.067468730910417801,0,0,1,UNSTABLE,2.1463330408704518e-16,6.8506554558727437e-17,1
B1_D2_Guyan,B1,2,Guyan,full-grid,1503,22,28,60,1.0108178701546231,1.0085723713605481,-0.067338980925531505,0,0,1,UNSTABLE,4.4683971955579768e-16,6.850655455872745e-17,1
B1_D2_Guyan,B1,2,Guyan,full-grid,1504,22,29,61,1.0107764261377876,1.0085392300933358,-0.067213131147269428,0,0,1,UNSTABLE,1.5022236521415273e-16,6.8506554558727437e-17,1
B1_D2_Guyan,B1,2,Guyan,full-grid,1505,22,30,62,1.0107282338858148,1.0084990302024068,-0.067091496143278001,0,0,1,UNSTABLE,2.0174871881615544e-16,6.850655455872745e-17,1
B1_D2_Guyan,B1,2,Guyan,full-grid,1506,22,31,63,1.0106737320863284,1.0084521946423211,-0.066974352183456848,0,0,1,UNSTABLE,1.1997277063012148e-16,6.8506554558727437e-17,1
B1_D2_Guyan,B1,2,Guyan,full-grid,1507,22,32,64,1.0106133498011087,1.0083991390666613,-0.066861940787227819,0,0,1,UNSTABLE,3.3521653347156665e-16,6.8506554558727437e-17,1
B1_D2_Guyan,B1,2,Guyan,full-grid,1508,22,33,65,1.0105475050279937,1.0083402701298039,-0.066754472156230538,0,0,1,UNSTABLE,2.5561875233108174e-16,6.850655455872745e-17,1
B1_D2_Guyan,B1,2,Guyan,full-grid,1509,22,34,66,1.0104766037073756,1.0082759842483675,-0.066652128457974247,0,0,1,UNSTABLE,1.1432828459736124e-16,6.850655455872745e-17,1
B1_D2_Guyan,B1,2,Guyan,full-grid,1510,22,35,67,1.0104010391135609,1.0082066667637011,-0.066555066937020943,0,0,1,UNSTABLE,3.0737300066122721e-16,6.8506554558727437e-17,1
B1_D2_Guyan,B1,2,Guyan,full-grid,1511,22,36,68,1.0103211915778878,1.0081326914528026,-0.066463422839117367,0,0,1,UNSTABLE,2.8791380571863329e-16,6.850655455872745e-17,1
B1_D2_Guyan,B1,2,Guyan,full-grid,1512,22,37,69,1.0102374284969231,1.0080544203410478,-0.066377312140142961,0,0,1,UNSTABLE,1.9875321707089678e-16,6.8506554558727437e-17,1
B1_D2_Guyan,B1,2,Guyan,full-grid,1513,22,38,70,1.0101501045857402,1.0079722037764498,-0.066296834076964822,0,0,1,UNSTABLE,1.6879114301220543e-16,6.8506554558727437e-17,1
B1_D2_Guyan,B1,2,Guyan,full-grid,1514,22,39,71,1.0100595623420199,1.007886380730731,-0.066222073480531538,0,0,1,UNSTABLE,3.5997902339409043e-16,6.8506554558727437e-17,1
B1_D2_Guyan,B1,2,Guyan,full-grid,1515,22,40,72,1.0099661326923715,1.0077972792979843,-0.066153102914114692,0,0,1,UNSTABLE,4.0338978795916593e-16,6.8506554558727437e-17,1
B1_D2_Guyan,B1,2,Guyan,full-grid,1516,22,41,73,1.009870135797436,1.0077052173668606,-0.066089984620515407,0,0,1,UNSTABLE,1.4561257275526079e-16,6.8506554558727437e-17,1
B1_D2_Guyan,B1,2,Guyan,full-grid,1517,22,42,74,1.009771881996768,1.0076105034466236,-0.066032772282682312,0,0,1,UNSTABLE,1.8792737969613084e-16,6.8506554558727437e-17,1
B1_D2_Guyan,B1,2,Guyan,full-grid,1518,22,43,75,1.0096716728785291,1.007513437631528,-0.065981512601854794,0,0,1,UNSTABLE,4.157900056172344e-16,6.8506554558727437e-17,1
B1_D2_Guyan,B1,2,Guyan,full-grid,1519,22,44,76,1.0095698024625757,1.0074143126916466,-0.065936246695891737,0,0,1,UNSTABLE,7.4237510021900114e-16,6.850655455872745e-17,1
B1_D2_Guyan,B1,2,Guyan,full-grid,1520,22,45,77,1.0094665584884139,1.0073134152812653,-0.065897011319447529,0,0,1,UNSTABLE,2.2152245118303853e-16,6.8506554558727437e-17,1
B1_D2_Guyan,B1,2,Guyan,full-grid,1521,22,46,78,1.0093622238020163,1.0072110272587016,-0.065863839904931748,0,0,1,UNSTABLE,3.9247693166744377e-16,6.850655455872745e-17,1
B1_D2_Guyan,B1,2,Guyan,full-grid,1522,22,47,79,1.0092570778372514,1.0071074271133487,-0.065836763420741809,0,0,1,UNSTABLE,9.0486378815270231e-16,6.8506554558727437e-17,1
B1_D2_Guyan,B1,2,Guyan,full-grid,1523,22,48,80,1.009151398189102,1.0070028914974305,-0.065815811039853123,0,0,1,UNSTABLE,4.5945274762651643e-16,6.8506554558727437e-17,1
B1_D2_Guyan,B1,2,Guyan,full-grid,1524,22,49,81,1.0090454622760952,1.0068976968604764,-0.065801010608097579,0,0,1,UNSTABLE,3.4689087431245185e-16,6.850655455872745e-17,1
B1_D2_Guyan,B1,2,Guyan,full-grid,1525,22,50,82,1.0089395490894397,1.0067921211849162,-0.06579238889703444,0,0,1,UNSTABLE,2.6151015285687057e-16,6.850655455872745e-17,1
B1_D2_Guyan,B1,2,Guyan,full-grid,1526,22,51,83,1.0088339410247869,1.0066864458199998,-0.065789971621057833,0,0,1,UNSTABLE,1.4410079415547512e-16,6.8506554558727437e-17,1
B1_D2_Guyan,B1,2,Guyan,full-grid,1527,22,52,84,1.0087289257901795,1.0065809574092544,-0.065793783193232203,0,0,1,UNSTABLE,5.981928786939424e-16,6.850655455872745e-17,1
B1_D2_Guyan,B1,2,Guyan,full-grid,1528,22,53,85,1.008624798379562,1.0064759499029798,-0.065803846187791129,0,0,1,UNSTABLE,3.0329462691650365e-16,6.8506554558727437e-17,1
B1_D2_Guyan,B1,2,Guyan,full-grid,1529,22,54,86,1.0085218630954551,1.0063717266419565,-0.065820180470848658,0,0,1,UNSTABLE,6.6523220506466614e-16,6.8506554558727437e-17,1
B1_D2_Guyan,B1,2,Guyan,full-grid,1530,22,55,87,1.0084204355958093,1.0062686024904348,-0.065842801954269253,0,0,1,UNSTABLE,1.6128350097055602e-16,6.8506554558727437e-17,1
B1_D2_Guyan,B1,2,Guyan,full-grid,1531,22,56,88,1.0083208449292651,1.0061669059861773,-0.065871720920819291,0,0,1,UNSTABLE,2.2790969893662866e-16,6.8506554558727437e-17,1
B1_D2_Guyan,B1,2,Guyan,full-grid,1532,22,57,89,1.0082234355080082,1.0060669814606924,-0.065906939863274838,0,0,1,UNSTABLE,2.0951399719354901e-16,6.8506554558727437e-17,1
B1_D2_Guyan,B1,2,Guyan,full-grid,1533,22,58,90,1.0081285689493513,1.0059691910650719,-0.065948450775978829,0,0,1,UNSTABLE,3.0490158980091226e-16,6.8506554558727437e-17,1
B1_D2_Guyan,B1,2,Guyan,full-grid,1534,22,59,91,1.0080366256938198,1.0058739166135831,-0.065996231836620955,0,0,1,UNSTABLE,3.6151811019437079e-16,6.8506554558727437e-17,1
B1_D2_Guyan,B1,2,Guyan,full-grid,1535,22,60,92,1.0079480062803938,1.0057815611298839,-0.066050243419340862,0,0,1,UNSTABLE,3.1264945759589616e-16,6.850655455872745e-17,1
B1_D2_Guyan,B1,2,Guyan,full-grid,1536,22,61,93,1.0078631321270117,1.0056925499474327,-0.066110423392238396,0,0,1,UNSTABLE,1.9617843635108759e-16,6.8506554558727437e-17,1
B1_D2_Guyan,B1,2,Guyan,full-grid,1537,22,62,94,1.007782445630363,1.0056073311803044,-0.066176681672180465,0,0,1,UNSTABLE,1.440226648147485e-16,6.850655455872745e-17,1
B1_D2_Guyan,B1,2,Guyan,full-grid,1538,22,63,95,1.0077064093610564,1.0055263753403358,-0.066248894045702625,0,0,1,UNSTABLE,4.0077603963008798e-16,6.8506554558727437e-17,1
B1_D2_Guyan,B1,2,Guyan,full-grid,1539,22,64,96,1.0076355040980505,1.0054501738409005,-0.066326895315813927,0,0,1,UNSTABLE,2.5531126709860496e-16,6.8506554558727437e-17,1
B1_D2_Guyan,B1,2,Guyan,full-grid,1540,22,65,97,1.0075702254199592,1.0053792360965021,-0.06641047190647939,0,0,1,UNSTABLE,5.1584194819805055e-16,6.850655455872745e-17,1
B1_D2_Guyan,B1,2,Guyan,full-grid,1541,22,66,98,1.0075110785633032,1.0053140849133642,-0.066499354151721507,0,0,1,UNSTABLE,3.1534087231879357e-16,6.850655455872745e-17,1
B1_D2_Guyan,B1,2,Guyan,full-grid,1542,23,0,33,1.0083383744827119,1.0059684125898347,-0.069092910822499701,0,0,1,UNSTABLE,1.8318307026708142e-16,8.8843936914985139e-17,1
B1_D2_Guyan,B1,2,Guyan,full-grid,1543,23,1,34,1.0085266883043937,1.0061545585928235,-0.069130928281835147,0,0,1,UNSTABLE,1.5018399759547421e-16,6.850655455872745e-17,1
B1_D2_Guyan,B1,2,Guyan,full-grid,1544,23,2,35,1.0087156097253369,1.0063423175555459,-0.069154328862992526,0,0,1,UNSTABLE,1.4824515806064327e-16,6.8506554558727437e-17,1
B1_D2_Guyan,B1,2,Guyan,full-grid,1545,23,3,36,1.0089037798579736,1.0065303328627864,-0.069163039543061189,0,0,1,UNSTABLE,2.7265845481978247e-16,6.850655455872745e-17,1
B1_D2_Guyan,B1,2,Guyan,full-grid,1546,23,4,37,1.0090898511960129,1.0067172475593229,-0.069157148967928225,0,0,1,UNSTABLE,2.535260990612298e-16,6.8506554558727437e-17,1
B1_D2_Guyan,B1,2,Guyan,full-grid,1547,23,5,38,1.0092725122272843,1.0069017291927951,-0.069136905384409017,0,0,1,UNSTABLE,1.5707559665467015e-16,6.8506554558727437e-17,1
B1_D2_Guyan,B1,2,Guyan,full-grid,1548,23,6,39,1.0094505106990754,1.0070824936585046,-0.069102709912076302,0,0,1,UNSTABLE,1.1279918463592028e-16,6.850655455872745e-17,1
B1_D2_Guyan,B1,2,Guyan,full-grid,1549,23,7,40,1.0096226745622781,1.0072583270379387,-0.06905510555361262,0,0,1,UNSTABLE,2.24025365928659e-16,6.8506554558727437e-17,1
B1_D2_Guyan,B1,2,Guyan,full-grid,1550,23,8,41,1.0097879297951542,1.0074281045792661,-0.068994762582463898,0,0,1,UNSTABLE,2.6717339735878097e-16,6.8506554558727437e-17,1
B1_D2_Guyan,B1,2,Guyan,full-grid,1551,23,9,42,1.0099453145349595,1.0075908061827112,-0.068922461122572887,0,0,1,UNSTABLE,3.5163265732628156e-16,6.8506554558727437e-17,1
B1_D2_Guyan,B1,2,Guyan,full-grid,1552,23,10,43,1.0100939892005816,1.0077455280018859,-0.068839071836746854,0,0,1,UNSTABLE,3.4266636498561085e-16,6.8506554558727437e-17,1
B1_D2_Guyan,B1,2,Guyan,full-grid,1553,23,11,44,1.0102332425436977,1.0078914900259703,-0.068745535662928722,0,0,1,UNSTABLE,5.0592426441777427e-16,6.8506554558727437e-17,1
B1_D2_Guyan,B1,2,Guyan,full-grid,1554,23,12,45,1.0103624937963573,1.0080280397429786,-0.068642843489484559,0,0,1,UNSTABLE,2.6205233545004476e-16,6.850655455872745e-17,1
B1_D2_Guyan,B1,2,Guyan,full-grid,1555,23,13,46,1.0104812912710259,1.0081546521817704,-0.068532016554405856,0,0,1,UNSTABLE,1.5593001574188729e-16,6.8506554558727437e-17,1
B1_D2_Guyan,B1,2,Guyan,full-grid,1556,23,14,47,1.0105893079049415,1.0082709267782621,-0.068414088209176979,0,0,1,UNSTABLE,2.7380097264334545e-16,6.8506554558727437e-17,1
B1_D2_Guyan,B1,2,Guyan,full-grid,1557,23,15,48,1.0106863343210581,1.0083765816050365,-0.068290087522852011,0,0,1,UNSTABLE,2.2417135769122985e-16,6.8506554558727437e-17,1
B1_D2_Guyan,B1,2,Guyan,full-grid,1558,23,16,49,1.010772270006876,1.0084714455456238,-0.068161025036107173,0,0,1,UNSTABLE,1.5123916014137173e-16,6.8506554558727437e-17,1
B1_D2_Guyan,B1,2,Guyan,full-grid,1559,23,17,50,1.0108471131979182,1.008555448992142,-0.068027880819732003,0,0,1,UNSTABLE,4.2446114303064542e-16,6.850655455872745e-17,1
B1_D2_Guyan,B1,2,Guyan,full-grid,1560,23,18,51,1.0109109500051348,1.0086286136074842,-0.067891594859217835,0,0,1,UNSTABLE,3.0827961075627999e-16,6.8506554558727437e-17,1
B1_D2_Guyan,B1,2,Guyan,full-grid,1561,23,19,52,1.0109639432565478,1.0086910416320525,-0.067753059680529942,0,0,1,UNSTABLE,3.4144421835944326e-16,6.850655455872745e-17,1
B1_D2_Guyan,B1,2,Guyan,full-grid,1562,23,20,53,1.0110063214424885,1.0087429051395409,-0.067613115054046019,0,0,1,UNSTABLE,1.8596773040260409e-16,6.8506554558727437e-17,1
B1_D2_Guyan,B1,2,Guyan,full-grid,1563,23,21,54,1.0110383680704538,1.008784435566342,-0.067472544561940836,0,0,1,UNSTABLE,4.407138023625597e-16,6.8506554558727437e-17,1
B1_D2_Guyan,B1,2,Guyan,full-grid,1564,23,22,55,1.0110604116554121,1.0088159137605093,-0.067332073786271401,0,0,1,UNSTABLE,1.1647440448099716e-16,6.850655455872745e-17,1
B1_D2_Guyan,B1,2,Guyan,full-grid,1565,23,23,56,1.0110728164990896,1.0088376607240597,-0.067192369865997595,0,0,1,UNSTABLE,2.4702485069557099e-16,6.8506554558727437e-17,1
B1_D2_Guyan,B1,2,Guyan,full-grid,1566,23,24,57,1.0110759743499926,1.0088500291597282,-0.067054042176461881,0,0,1,UNSTABLE,3.3556654123249959e-16,6.8506554558727437e-17,1
B1_D2_Guyan,B1,2,Guyan,full-grid,1567,23,25,58,1.0110702969850756,1.0088533958808346,-0.066917643900522336,0,0,1,UNSTABLE,1.866300687682857e-16,6.8506554558727437e-17,1
B1_D2_Guyan,B1,2,Guyan,full-grid,1568,23,26,59,1.0110562097143232,1.0088481551012345,-0.066783674282932581,0,0,1,UNSTABLE,3.9829788621063887e-16,6.8506554558727437e-17,1
B1_D2_Guyan,B1,2,Guyan,full-grid,1569,23,27,60,1.0110341457801164,1.0088347125907857,-0.066652581384343296,0,0,1,UNSTABLE,4.9461231000615789e-16,6.8506554558727437e-17,1
B1_D2_Guyan,B1,2,Guyan,full-grid,1570,23,28,61,1.0110045416025575,1.0088134806587981,-0.066524765178678863,0,0,1,UNSTABLE,2.2757488744757455e-16,6.850655455872745e-17,1
B1_D2_Guyan,B1,2,Guyan,full-grid,1571,23,29,62,1.010967832808594,1.0087848739125742,-0.066400580862650591,0,0,1,UNSTABLE,2.0727777609331484e-16,6.8506554558727437e-17,1
B1_D2_Guyan,B1,2,Guyan,full-grid,1572,23,30,63,1.0109244509758006,1.0087493057292043,-0.066280342271085049,0,0,1,UNSTABLE,3.0756401573748568e-16,6.8506554558727437e-17,1
B1_D2_Guyan,B1,2,Guyan,full-grid,1573,23,31,64,1.0108748210185292,1.0087071853740086,-0.066164325312728658,0,0,1,UNSTABLE,2.6253737579962743e-16,6.8506554558727437e-17,1
B1_D2_Guyan,B1,2,Guyan,full-grid,1574,23,32,65,1.0108193591451651,1.0086589156985553,-0.066052771360912602,0,0,1,UNSTABLE,2.3918992510433579e-16,6.8506554558727437e-17,1
B1_D2_Guyan,B1,2,Guyan,full-grid,1575,23,33,66,1.0107584713180016,1.0086048913528067,-0.06594589054896545,0,0,1,UNSTABLE,2.4325641635963109e-16,6.850655455872745e-17,1
B1_D2_Guyan,B1,2,Guyan,full-grid,1576,23,34,67,1.0106925521519368,1.0085454974496175,-0.065843864934395091,0,0,1,UNSTABLE,2.3976532884034735e-16,6.8506554558727437e-17,1
B1_D2_Guyan,B1,2,Guyan,full-grid,1577,23,35,68,1.0106219841937623,1.0084811086246019,-0.06574685150660127,0,0,1,UNSTABLE,3.0976682353179775e-16,6.850655455872745e-17,1
B1_D2_Guyan,B1,2,Guyan,full-grid,1578,23,36,69,1.010547137529763,1.008412088439741,-0.065654985021684278,0,0,1,UNSTABLE,2.477469408616204e-16,6.8506554558727437e-17,1
B1_D2_Guyan,B1,2,Guyan,full-grid,1579,23,37,70,1.010468369675491,1.0083387890847708,-0.065568380654877828,0,0,1,UNSTABLE,3.7356345546256927e-16,6.8506554558727437e-17,1
B1_D2_Guyan,B1,2,Guyan,full-grid,1580,23,38,71,1.0103860257074997,1.0082615513359614,-0.06548713646661275,0,0,1,UNSTABLE,2.9544521861938876e-16,6.850655455872745e-17,1
B1_D2_Guyan,B1,2,Guyan,full-grid,1581,23,39,72,1.0103004386026737,1.0081807047375713,-0.065411335681278299,0,0,1,UNSTABLE,3.3588088295389157e-16,6.8506554558727437e-17,1
B1_D2_Guyan,B1,2,Guyan,full-grid,1582,23,40,73,1.0102119297558612,1.0080965679761249,-0.065341048781137653,0,0,1,UNSTABLE,1.3199210283028318e-16,6.8506554558727437e-17,1
B1_D2_Guyan,B1,2,Guyan,full-grid,1583,23,41,74,1.0101208096515837,1.0080094494226939,-0.065276335418959233,0,0,1,UNSTABLE,1.539639831818137e-16,6.8506554558727437e-17,1
B1_D2_Guyan,B1,2,Guyan,full-grid,1584,23,42,75,1.0100273786697389,1.0079196478224746,-0.065217246153781036,0,0,1,UNSTABLE,1.6964294217070764e-16,6.8506554558727437e-17,1
B1_D2_Guyan,B1,2,Guyan,full-grid,1585,23,43,76,1.0099319280093406,1.0078274531151139,-0.065163824014301555,0,0,1,UNSTABLE,2.1596796448232365e-16,6.8506554558727437e-17,1
B1_D2_Guyan,B1,2,Guyan,full-grid,1586,23,44,77,1.0098347407175778,1.0077331473725364,-0.065116105893854664,0,0,1,UNSTABLE,3.4255926189763303e-16,6.850655455872745e-17,1
B1_D2_Guyan,B1,2,Guyan,full-grid,1587,23,45,78,1.0097360928143784,1.0076370058440476,-0.065074123779653381,0,0,1,UNSTABLE,4.83260570598548e-16,6.8506554558727437e-17,1
B1_D2_Guyan,B1,2,Guyan,full-grid,1588,23,46,79,1.0096362545052815,1.0075392981012292,-0.065037905817574293,0,0,1,UNSTABLE,5.0532570809381263e-16,6.8506554558727437e-17,1
B1_D2_Guyan,B1,2,Guyan,full-grid,1589,23,47,80,1.0095354914772292,1.007440289277113,-0.065007477211607365,0,0,1,UNSTABLE,1.9785731044272707e-16,6.8506554558727437e-17,1
B1_D2_Guyan,B1,2,Guyan,full-grid,1590,23,48,81,1.009434066273329,1.0073402413957511,-0.064982860954697963,0,0,1,UNSTABLE,2.7378886864012342e-16,6.8506554558727437e-17,1
B1_D2_Guyan,B1,2,Guyan,full-grid,1591,23,49,82,1.0093322397438413,1.0072394147897303,-0.064964078384600291,0,0,1,UNSTABLE,4.6384672208269961e-16,6.850655455872745e-17,1
B1_D2_Guyan,B1,2,Guyan,full-grid,1592,23,50,83,1.0092302725702713,1.0071380696030419,-0.064951149555052642,0,0,1,UNSTABLE,1.7498576146811837e-16,6.8506554558727437e-17,1
B1_D2_Guyan,B1,2,Guyan,full-grid,1593,23,51,84,1.0091284268597096,1.0070364673772514,-0.064944093408857609,0,0,1,UNSTABLE,5.5757398526604924e-16,6.850655455872745e-17,1
B1_D2_Guyan,B1,2,Guyan,full-grid,1594,23,52,85,1.0090269678046557,1.0069348727173306,-0.064942927734981573,0,0,1,UNSTABLE,3.0857552327326773e-16,6.8506554558727437e-17,1
B1_D2_Guyan,B1,2,Guyan,full-grid,1595,23,53,86,1.0089261654011881,1.0068335550314695,-0.064947668886867871,0,0,1,UNSTABLE,3.9021576116175623e-16,6.8506554558727437e-17,1
B1_D2_Guyan,B1,2,Guyan,full-grid,1596,23,54,87,1.0088262962147425,1.0067327903359331,-0.064958331234583111,0,0,1,UNSTABLE,4.3394834280250403e-16,6.850655455872745e-17,1
B1_D2_Guyan,B1,2,Guyan,full-grid,1597,23,55,88,1.0087276451770337,1.0066328631107018,-0.064974926317423076,0,0,1,UNSTABLE,4.5551669266423764e-16,6.8506554558727437e-17,1
B1_D2_Guyan,B1,2,Guyan,full-grid,1598,23,56,89,1.0086305073904198,1.0065340681847874,-0.064997461658418368,0,0,1,UNSTABLE,1.8914467816041926e-16,6.8506554558727437e-17,1
B1_D2_Guyan,B1,2,Guyan,full-grid,1599,23,57,90,1.008535189905984,1.0064367126204192,-0.065025939197391955,0,0,1,UNSTABLE,2.2951276287527696e-16,6.8506554558727437e-17,1
B1_D2_Guyan,B1,2,Guyan,full-grid,1600,23,58,91,1.0084420134290739,1.0063411175531298,-0.065060353294476417,0,0,1,UNSTABLE,3.282817108331599e-16,6.8506554558727437e-17,1
B1_D2_Guyan,B1,2,Guyan,full-grid,1601,23,59,92,1.0083513138899698,1.0062476199288655,-0.065100688253827255,0,0,1,UNSTABLE,3.683560045259801e-16,6.8506554558727437e-17,1
B1_D2_Guyan,B1,2,Guyan,full-grid,1602,23,60,93,1.0082634437981566,1.0061565740601086,-0.065146915317178977,0,0,1,UNSTABLE,3.8935143406592533e-16,6.850655455872745e-17,1
B1_D2_Guyan,B1,2,Guyan,full-grid,1603,23,61,94,1.0081787732756362,1.0060683528996868,-0.065198989081717645,0,0,1,UNSTABLE,3.7277023053642818e-16,6.8506554558727437e-17,1
B1_D2_Guyan,B1,2,Guyan,full-grid,1604,23,62,95,1.0080976906379617,1.0059833489035626,-0.065256843306772477,0,0,1,UNSTABLE,2.7784430576039797e-16,6.8506554558727437e-17,1
B1_D2_Guyan,B1,2,Guyan,full-grid,1605,23,63,96,1.0080206023641001,1.0059019743250932,-0.06532038609318741,0,0,1,UNSTABLE,1.4722316975517852e-16,6.8506554558727437e-17,1
B1_D2_Guyan,B1,2,Guyan,full-grid,1606,23,64,97,1.0079479322661311,1.0058246607511703,-0.065389494449512045,0,0,1,UNSTABLE,2.7173746883095568e-16,6.8506554558727437e-17,1
B1_D2_Guyan,B1,2,Guyan,full-grid,1607,23,65,98,1.0078801196442873,1.0057518576622795,-0.065464008302704962,0,0,1,UNSTABLE,2.8652798503814711e-16,6.850655455872745e-17,1
B1_D2_Guyan,B1,2,Guyan,full-grid,1608,23,66,99,1.0078176161937029,1.0056840297753387,-0.065543724071749909,0,0,1,UNSTABLE,3.7041722903570996e-16,6.8506554558727437e-17,1
B1_D2_Guyan,B1,2,Guyan,full-grid,1609,24,0,34,1.0084564283367727,1.0061483768660926,-0.068189526934037306,0,0,1,UNSTABLE,9.600350939475949e-17,8.8843936914985139e-17,1
B1_D2_Guyan,B1,2,Guyan,full-grid,1610,24,1,35,1.0086411177512273,1.0063307668721941,-0.068229700753171085,0,0,1,UNSTABLE,3.3160071641168826e-16,6.8506554558727437e-17,1
B1_D2_Guyan,B1,2,Guyan,full-grid,1611,24,2,36,1.0088266388359521,1.0065149523835726,-0.068255680007888078,0,0,1,UNSTABLE,1.809594877689857e-16,6.850655455872745e-17,1
B1_D2_Guyan,B1,2,Guyan,full-grid,1612,24,3,37,1.0090116797067208,1.0066996255687437,-0.068267368957136171,0,0,1,UNSTABLE,1.4823205365992283e-16,6.8506554558727437e-17,1
B1_D2_Guyan,B1,2,Guyan,full-grid,1613,24,4,38,1.0091949354680463,1.0068834744770729,-0.068264826955994284,0,0,1,UNSTABLE,8.6893755633516266e-17,6.8506554558727437e-17,1
B1_D2_Guyan,B1,2,Guyan,full-grid,1614,24,5,39,1.0093751318176964,1.0070652068048367,-0.068248267195025303,0,0,1,UNSTABLE,1.3282106491121194e-16,6.8506554558727437e-17,1
B1_D2_Guyan,B1,2,Guyan,full-grid,1615,24,6,40,1.0095510475324792,1.0072435728730016,-0.068218050983272785,0,0,1,UNSTABLE,1.9830029069884333e-16,6.8506554558727437e-17,1
B1_D2_Guyan,B1,2,Guyan,full-grid,1616,24,7,41,1.0097215348971611,1.0074173868495324,-0.068174677911512341,0,0,1,UNSTABLE,2.1195403035527535e-16,6.8506554558727437e-17,1
B1_D2_Guyan,B1,2,Guyan,full-grid,1617,24,8,42,1.0098855372914302,1.0075855453848066,-0.068118772464003552,0,0,1,UNSTABLE,1.6898141143920366e-16,6.8506554558727437e-17,1
B1_D2_Guyan,B1,2,Guyan,full-grid,1618,24,9,43,1.0100421033564675,1.0077470430226185,-0.068051067823553732,0,0,1,UNSTABLE,3.3166681114794093e-16,6.850655455872745e-17,1
B1_D2_Guyan,B1,2,Guyan,full-grid,1619,24,10,44,1.0101903973984852,1.007900983977853,-0.067972387721671704,0,0,1,UNSTABLE,2.2142271287887753e-16,6.850655455872745e-17,1
B1_D2_Guyan,B1,2,Guyan,full-grid,1620,24,11,45,1.0103297059268099,1.0080465901105655,-0.067883627220531276,0,0,1,UNSTABLE,1.8689798176900629e-16,6.8506554558727437e-17,1
B1_D2_Guyan,B1,2,Guyan,full-grid,1621,24,12,46,1.0104594404455436,1.0081832051513973,-0.067785733279037821,0,0,1,UNSTABLE,3.3751863693744234e-16,6.850655455872745e-17,1
B1_D2_Guyan,B1,2,Guyan,full-grid,1622,24,13,47,1.010579136802384,1.00831029542567,-0.067679685865477138,0,0,1,UNSTABLE,2.4681639549708087e-16,6.8506554558727437e-17,1
B1_D2_Guyan,B1,2,Guyan,full-grid,1623,24,14,48,1.0106884515358436,1.0084274474718575,-0.067566480249570057,0,0,1,UNSTABLE,4.0282308682241206e-16,6.8506554558727437e-17,1
B1_D2_Guyan,B1,2,Guyan,full-grid,1624,24,15,49,1.010787155747507,1.0085343630476846,-0.06744711095470271,0,0,1,UNSTABLE,2.0845361972486452e-16,6.850655455872745e-17,1
B1_D2_Guyan,B1,2,Guyan,full-grid,1625,24,16,50,1.010875127063386,1.0086308520667155,-0.067322557694936516,0,0,1,UNSTABLE,2.9005392555130652e-16,6.850655455872745e-17,1
B1_D2_Guyan,B1,2,Guyan,full-grid,1626,24,17,51,1.0109523402424392,1.0087168240136144,-0.067193773473077353,0,0,1,UNSTABLE,1.7595269572742953e-16,6.8506554558727437e-17,1
B1_D2_Guyan,B1,2,Guyan,full-grid,1627,24,18,52,1.011018856952391,1.0087922783580088,-0.067061674886458283,0,0,1,UNSTABLE,2.6758056855913106e-16,6.850655455872745e-17,1
B1_D2_Guyan,B1,2,Guyan,full-grid,1628,24,19,53,1.0110748151719686,1.0088572944335135,-0.066927134581733799,0,0,1,UNSTABLE,5.1593782403404767e-16,6.8506554558727437e-17,1
B1_D2_Guyan,B1,2,Guyan,full-grid,1629,24,20,54,1.0111204186051332,1.0089120211804892,-0.066790975720674911,0,0,1,UNSTABLE,2.687959629575153e-16,6.8506554558727437e-17,1
B1_D2_Guyan,B1,2,Guyan,full-grid,1630,24,21,55,1.0111559264146266,1.0089566670764398,-0.066653968264638361,0,0,1,UNSTABLE,2.7263597166209336e-16,6.8506554558727437e-17,1
B1_D2_Guyan,B1,2,Guyan,full-grid,1631,24,22,56,1.0111816435062233,1.0089914905038402,-0.066516826854454786,0,0,1,UNSTABLE,3.1155171834968848e-16,6.8506554558727437e-17,1
B1_D2_Guyan,B1,2,Guyan,full-grid,1632,24,23,57,1.0111979115252938,1.0090167907358674,-0.066380210049433175,0,0,1,UNSTABLE,5.0498029284390442e-16,6.8506554558727437e-17,1
B1_D2_Guyan,B1,2,Guyan,full-grid,1633,24,24,58,1.0112051006666323,1.0090328996592344,-0.066244720691473413,0,0,1,UNSTABLE,2.2672708637461445e-16,6.8506554558727437e-17,1
B1_D2_Guyan,B1,2,Guyan,full-grid,1634,24,25,59,1.0112036023484836,1.0090401743019988,-0.066110907172281574,0,0,1,UNSTABLE,3.410020465378619e-16,6.850655455872745e-17,1
B1_D2_Guyan,B1,2,Guyan,full-grid,1635,24,26,60,1.0111938227614723,1.009038990192177,-0.065979265401424986,0,0,1,UNSTABLE,2.8936375716166544e-16,6.850655455872745e-17,1
B1_D2_Guyan,B1,2,Guyan,full-grid,1636,24,27,61,1.0111761772733598,1.0090297355412527,-0.065850241295795309,0,0,1,UNSTABLE,3.7716414882068834e-16,6.8506554558727437e-17,1
B1_D2_Guyan,B1,2,Guyan,full-grid,1637,24,28,62,1.0111510856486454,1.0090128062227102,-0.065724233635741813,0,0,1,UNSTABLE,3.3811511474287266e-16,6.850655455872745e-17,1
B1_D2_Guyan,B1,2,Guyan,full-grid,1638,24,29,63,1.0111189680279733,1.0089886014996954,-0.065601597157709232,0,0,1,UNSTABLE,1.5925917995762293e-16,6.8506554558727437e-17,1
B1_D2_Guyan,B1,2,Guyan,full-grid,1639,24,30,64,1.0110802416037004,1.0089575204454948,-0.065482645776388945,0,0,1,UNSTABLE,2.4622932838366042e-16,6.8506554558727437e-17,1
B1_D2_Guyan,B1,2,Guyan,full-grid,1640,24,31,65,1.0110353179244476,1.0089199589953912,-0.065367655850023618,0,0,1,UNSTABLE,3.2069296390347023e-16,6.850655455872745e-17,1
B1_D2_Guyan,B1,2,Guyan,full-grid,1641,24,32,66,1.0109846007608303,1.0088763075663993,-0.065256869421718586,0,0,1,UNSTABLE,2.174750919147794e-16,6.850655455872745e-17,1
B1_D2_Guyan,B1,2,Guyan,full-grid,1642,24,33,67,1.0109284844669442,1.0088269491826301,-0.065150497384896769,0,0,1,UNSTABLE,3.9934897562906535e-16,6.8506554558727437e-17,1
B1_D2_Guyan,B1,2,Guyan,full-grid,1643,24,34,68,1.0108673527759728,1.0087722580468115,-0.065048722535037962,0,0,1,UNSTABLE,1.652547730204924e-16,6.850655455872745e-17,1
B1_D2_Guyan,B1,2,Guyan,full-grid,1644,24,35,69,1.0108015779730974,1.0087125985025449,-0.064951702480744236,0,0,1,UNSTABLE,5.0191414800268401e-16,6.8506554558727437e-17,1
B1_D2_Guyan,B1,2,Guyan,full-grid,1645,24,36,70,1.0107315203944212,1.008648324336805,-0.064859572395856074,0,0,1,UNSTABLE,3.9280045017160709e-16,6.8506554558727437e-17,1
B1_D2_Guyan,B1,2,Guyan,full-grid,1646,24,37,71,1.0106575282062833,1.008579778377342,-0.064772447601939814,0,0,1,UNSTABLE,2.0660688572760542e-16,6.8506554558727437e-17,1
B1_D2_Guyan,B1,2,Guyan,full-grid,1647,24,38,72,1.0105799374248938,1.0085072923448868,-0.064690425975467022,0,0,1,UNSTABLE,2.2263780189770451e-16,6.8506554558727437e-17,1
B1_D2_Guyan,B1,2,Guyan,full-grid,1648,24,39,73,1.0104990721416922,1.0084311869252709,-0.064613590178149188,0,0,1,UNSTABLE,1.4234499986405069e-16,6.8506554558727437e-17,1
B1_D2_Guyan,B1,2,Guyan,full-grid,1649,24,40,74,1.0104152449247505,1.0083517720313215,-0.06454200971179487,0,0,1,UNSTABLE,1.336640129187446e-16,6.8506554558727437e-17,1
B1_D2_Guyan,B1,2,Guyan,full-grid,1650,24,41,75,1.0103287573713957,1.0082693472291475,-0.064475742800974206,0,0,1,UNSTABLE,4.0406174242622961e-16,6.850655455872745e-17,1
B1_D2_Guyan,B1,2,Guyan,full-grid,1651,24,42,76,1.0102399007911447,1.0081842023073291,-0.064414838107661063,0,0,1,UNSTABLE,2.3256313276341831e-16,6.850655455872745e-17,1
B1_D2_Guyan,B1,2,Guyan,full-grid,1652,24,43,77,1.0101489570021849,1.0080966179716395,-0.064359336282660107,0,0,1,UNSTABLE,7.4682293135002376e-16,6.8506554558727437e-17,1
B1_D2_Guyan,B1,2,Guyan,full-grid,1653,24,44,78,1.0100561992275112,1.0080068666508724,-0.064309271358151204,0,0,1,UNSTABLE,3.0011489374343911e-16,6.850655455872745e-17,1
B1_D2_Guyan,B1,2,Guyan,full-grid,1654,24,45,79,1.0099618930802565,1.0079152134028377,-0.064264671985218888,0,0,1,UNSTABLE,1.4207102638375432e-15,6.8506554558727437e-17,1
B1_D2_Guyan,B1,2,Guyan,full-grid,1655,24,46,80,1.0098662976296178,1.0078219169115519,-0.064225562518959806,0,0,1,UNSTABLE,7.215653096854613e-16,6.8506554558727437e-17,1
B1_D2_Guyan,B1,2,Guyan,full-grid,1656,24,47,81,1.0097696665412672,1.0077272305692717,-0.064191963952257389,0,0,1,UNSTABLE,3.5219280015178216e-16,6.850655455872745e-17,1
B1_D2_Guyan,B1,2,Guyan,full-grid,1657,24,48,82,1.0096722492876899,1.0076314036387031,-0.064163894697566531,0,0,1,UNSTABLE,3.5644959614664599e-16,6.850655455872745e-17,1
B1_D2_Guyan,B1,2,Guyan,full-grid,1658,24,49,83,1.0095742924245985,1.007534682491614,-0.064141371213525117,0,0,1,UNSTABLE,3.0676316894335809e-16,6.8506554558727437e-17,1
B1_D2_Guyan,B1,2,Guyan,full-grid,1659,24,50,84,1.0094760409308658,1.0074373119215569,-0.06412440847074441,0,0,1,UNSTABLE,3.5727006223432464e-16,6.850655455872745e-17,1
B1_D2_Guyan,B1,2,Guyan,full-grid,1660,24,51,85,1.009377739608923,1.0073395365281257,-0.064113020247993771,0,0,1,UNSTABLE,1.8935154613338901e-16,6.8506554558727437e-17,1
B1_D2_Guyan,B1,2,Guyan,full-grid,1661,24,52,86,1.0092796345423323,1.0072416021701609,-0.064107219247063613,0,0,1,UNSTABLE,1.3855112284251837e-16,6.8506554558727437e-17,1
B1_D2_Guyan,B1,2,Guyan,full-grid,1662,24,53,87,1.009181974605623,1.0071437574839905,-0.064107017010098244,0,0,1,UNSTABLE,2.9988836214325006e-16,6.8506554558727437e-17,1
B1_D2_Guyan,B1,2,Guyan,full-grid,1663,24,54,88,1.0090850130192937,1.0070462554608659,-0.064112423619733391,0,0,1,UNSTABLE,3.4955996986029777e-16,6.8506554558727437e-17,1
B1_D2_Guyan,B1,2,Guyan,full-grid,1664,24,55,89,1.0089890089393174,1.0069493550744824,-0.064123447158042315,0,0,1,UNSTABLE,2.6773172719871962e-16,6.8506554558727437e-17,1
B1_D2_Guyan,B1,2,Guyan,full-grid,1665,24,56,90,1.0088942290655487,1.0068533229448797,-0.064140092895328724,0,0,1,UNSTABLE,7.2940212352672918e-16,6.8506554558727437e-17,1
B1_D2_Guyan,B1,2,Guyan,full-grid,1666,24,57,91,1.0088009492467536,1.0067584350186249,-0.064162362175966617,0,0,1,UNSTABLE,4.6509905776311733e-16,6.850655455872745e-17,1
B1_D2_Guyan,B1,2,Guyan,full-grid,1667,24,58,92,1.0087094560514986,1.0066649782369934,-0.064190250964018231,0,0,1,UNSTABLE,3.4747153101057443e-16,6.850655455872745e-17,1
B1_D2_Guyan,B1,2,Guyan,full-grid,1668,24,59,93,1.0086200482629513,1.0065732521529176,-0.064223748008481893,0,0,1,UNSTABLE,3.3180668387423861e-16,6.8506554558727437e-17,1
B1_D2_Guyan,B1,2,Guyan,full-grid,1669,24,60,94,1.008533038242037,1.0064835704440109,-0.064262832586104546,0,0,1,UNSTABLE,4.8625677148846735e-16,6.850655455872745e-17,1
B1_D2_Guyan,B1,2,Guyan,full-grid,1670,24,61,95,1.0084487530868818,1.0063962622524389,-0.064307471780554779,0,0,1,UNSTABLE,3.3800235826181066e-16,6.8506554558727437e-17,1
B1_D2_Guyan,B1,2,Guyan,full-grid,1671,24,62,96,1.0083675354973469,1.0063116732630248,-0.064357617261396438,0,0,1,UNSTABLE,1.9588616351442502e-16,6.8506554558727437e-17,1
B1_D2_Guyan,B1,2,Guyan,full-grid,1672,24,63,97,1.0082897442309433,1.006230166407889,-0.064413201535502215,0,0,1,UNSTABLE,7.6298050565781467e-16,6.850655455872745e-17,1
B1_D2_Guyan,B1,2,Guyan,full-grid,1673,24,64,98,1.0082157540137253,1.006152122062137,-0.06447413366089684,0,0,1,UNSTABLE,1.9013527313104574e-16,6.850655455872745e-17,1
B1_D2_Guyan,B1,2,Guyan,full-grid,1674,24,65,99,1.0081459547453031,1.0060779375690045,-0.064540294438568152,0,0,1,UNSTABLE,4.4246942450077798e-16,6.8506554558727437e-17,1
B1_D2_Guyan,B1,2,Guyan,full-grid,1675,24,66,100,1.0080807498165156,1.0060080259098294,-0.064611531135213521,0,0,1,UNSTABLE,3.4662307019390023e-16,6.850655455872745e-17,1
B1_D2_Guyan,B1,2,Guyan,full-grid,1676,25,0,35,1.0085371134892964,1.0062889225230638,-0.067303147717570053,0,0,1,UNSTABLE,2.9329508620388802e-16,8.8843936914985139e-17,1
B1_D2_Guyan,B1,2,Guyan,full-grid,1677,25,1,36,1.0087183040644061,1.0064676806560555,-0.067345562210081561,0,0,1,UNSTABLE,1.1620832382861869e-16,6.850655455872745e-17,1
B1_D2_Guyan,B1,2,Guyan,full-grid,1678,25,2,37,1.0089005560649575,1.006648424790604,-0.067374185670600065,0,0,1,UNSTABLE,2.427608508054448e-16,6.8506554558727437e-17,1
B1_D2_Guyan,B1,2,Guyan,full-grid,1679,25,3,38,1.0090826020232726,1.006829893269255,-0.067388899126481688,0,0,1,UNSTABLE,1.3626917072154077e-16,6.850655455872745e-17,1
B1_D2_Guyan,B1,2,Guyan,full-grid,1680,25,4,39,1.0092631771272935,1.0070108165536267,-0.067389732519698792,0,0,1,UNSTABLE,1.7831414873041096e-16,6.850655455872745e-17,1
B1_D2_Guyan,B1,2,Guyan,full-grid,1681,25,5,40,1.0094410418817126,1.0071899399823434,-0.067376864230986142,0,0,1,UNSTABLE,1.6882947708049496e-16,6.8506554558727437e-17,1
B1_D2_Guyan,B1,2,Guyan,full-grid,1682,25,6,41,1.009615003868368,1.0073660459410851,-0.067350616338295879,0,0,1,UNSTABLE,2.4094100500185939e-16,6.8506554558727437e-17,1
B1_D2_Guyan,B1,2,Guyan,full-grid,1683,25,7,42,1.0097839377008537,1.0075379745157456,-0.067311445886643187,0,0,1,UNSTABLE,2.4606224253167167e-16,6.850655455872745e-17,1
B1_D2_Guyan,B1,2,Guyan,full-grid,1684,25,8,43,1.0099468024016547,1.0077046418163813,-0.067259932672027761,0,0,1,UNSTABLE,1.5713389067039349e-16,6.850655455872745e-17,1
B1_D2_Guyan,B1,2,Guyan,full-grid,1685,25,9,44,1.0101026556166484,1.0078650553335584,-0.067196764217398633,0,0,1,UNSTABLE,2.3491517779510065e-16,6.8506554558727437e-17,1
B1_D2_Guyan,B1,2,Guyan,full-grid,1686,25,10,45,1.0102506643002371,1.0080183258994406,-0.067122718731885855,0,0,1,UNSTABLE,1.5999737896423627e-16,6.850655455872745e-17,1
B1_D2_Guyan,B1,2,Guyan,full-grid,1687,25,11,46,1.0103901117307992,1.0081636760499597,-0.067038646889751058,0,0,1,UNSTABLE,2.0965361276609829e-16,6.850655455872745e-17,1
B1_D2_Guyan,B1,2,Guyan,full-grid,1688,25,12,47,1.0105204009290287,1.0083004447998716,-0.066945453244761227,0,0,1,UNSTABLE,1.0739268741182717e-16,6.850655455872745e-17,1
B1_D2_Guyan,B1,2,Guyan,full-grid,1689,25,13,48,1.0106410547331575,1.008428089030478,-0.066844078021076392,0,0,1,UNSTABLE,1.6891137491779055e-16,6.8506554558727437e-17,1
B1_D2_Guyan,B1,2,Guyan,full-grid,1690,25,14,49,1.0107517129235681,1.0085461818378465,-0.066735479905583317,0,0,1,UNSTABLE,4.3052582315125007e-16,6.850655455872745e-17,1
B1_D2_Guyan,B1,2,Guyan,full-grid,1691,25,15,50,1.0108521268803827,1.0086544082914375,-0.066620620327668884,0,0,1,UNSTABLE,2.2614046447881363e-16,6.850655455872745e-17,1
B1_D2_Guyan,B1,2,Guyan,full-grid,1692,25,16,51,1.0109421523017272,1.0087525591085709,-0.066500449565083275,0,0,1,UNSTABLE,1.4981851301027851e-16,6.850655455872745e-17,1
B1_D2_Guyan,B1,2,Guyan,full-grid,1693,25,17,52,1.0110217405136444,1.0088405227641619,-0.066375894872846022,0,0,1,UNSTABLE,2.3886838071748755e-16,6.850655455872745e-17,1
B1_D2_Guyan,B1,2,Guyan,full-grid,1694,25,18,53,1.0110909288728742,1.0089182765347373,-0.066247850706167774,0,0,1,UNSTABLE,3.9926296970744552e-16,6.8506554558727437e-17,1
B1_D2_Guyan,B1,2,Guyan,full-grid,1695,25,19,54,1.0111498307111051,1.0089858769306708,-0.066117171003771569,0,0,1,UNSTABLE,3.3931257182805239e-16,6.850655455872745e-17,1
B1_D2_Guyan,B1,2,Guyan,full-grid,1696,25,20,55,1.0111986252022205,1.009043449909143,-0.065984663417459191,0,0,1,UNSTABLE,5.2576472534135996e-16,6.850655455872745e-17,1
B1_D2_Guyan,B1,2,Guyan,full-grid,1697,25,21,56,1.011237547461306,1.0090911811912808,-0.065851085317879518,0,0,1,UNSTABLE,4.3625236428231013e-16,6.8506554558727437e-17,1
B1_D2_Guyan,B1,2,Guyan,full-grid,1698,25,22,57,1.0112668791121449,1.0091293069370215,-0.065717141371365154,0,0,1,UNSTABLE,2.030905465227044e-16,6.8506554558727437e-17,1
B1_D2_Guyan,B1,2,Guyan,full-grid,1699,25,23,58,1.0112869394923709,1.0091581049643892,-0.065583482467229559,0,0,1,UNSTABLE,2.3915358124287353e-16,6.850655455872745e-17,1
B1_D2_Guyan,B1,2,Guyan,full-grid,1700,25,24,59,1.0112980776065881,1.0091778866407002,-0.06545070577305305,0,0,1,UNSTABLE,1.9784374466239055e-16,6.850655455872745e-17,1
B1_D2_Guyan,B1,2,Guyan,full-grid,1701,25,25,60,1.0113006648877267,1.0091889895221056,-0.0653193557049489,0,0,1,UNSTABLE,3.1583730191229386e-16,6.8506554558727437e-17,1
B1_D2_Guyan,B1,2,Guyan,full-grid,1702,25,26,61,1.0112950887869359,1.0091917707763556,-0.065189925616312802,0,0,1,UNSTABLE,5.8761291822388506e-16,6.850655455872745e-17,1
B1_D2_Guyan,B1,2,Guyan,full-grid,1703,25,27,62,1.0112817471814823,1.0091866013910518,-0.065062860029432762,0,0,1,UNSTABLE,2.2163430633151408e-16,6.850655455872745e-17,1
B1_D2_Guyan,B1,2,Guyan,full-grid,1704,25,28,63,1.0112610435675804,1.0091738611452032,-0.064938557257408325,0,0,1,UNSTABLE,4.2255972944571991e-16,6.850655455872745e-17,1
B1_D2_Guyan,B1,2,Guyan,full-grid,1705,25,29,64,1.0112333829899243,1.0091539343049394,-0.064817372286364777,0,0,1,UNSTABLE,2.9011642449193884e-16,6.8506554558727437e-17,1
B1_D2_Guyan,B1,2,Guyan,full-grid,1706,25,30,65,1.0111991686499935,1.0091272059927647,-0.064699619810891312,0,0,1,UNSTABLE,2.0915732802669848e-16,6.850655455872745e-17,1
B1_D2_Guyan,B1,2,Guyan,full-grid,1707,25,31,66,1.0111587991304591,1.009094059173496,-0.064585577335110542,0,0,1,UNSTABLE,2.1072707621149211e-16,6.850655455872745e-17,1
B1_D2_Guyan,B1,2,Guyan,full-grid,1708,25,32,67,1.0111126661719729,1.009054872197571,-0.064475488270658271,0,0,1,UNSTABLE,2.8523209441622274e-16,6.850655455872745e-17,1
B1_D2_Guyan,B1,2,Guyan,full-grid,1709,25,33,68,1.0110611529394784,1.0090100168421787,-0.064369564977972929,0,0,1,UNSTABLE,2.0000104835170078e-16,6.850655455872745e-17,1
B1_D2_Guyan,B1,2,Guyan,full-grid,1710,25,34,69,1.0110046327187376,1.0089598567931926,-0.06426799171134874,0,0,1,UNSTABLE,1.881907935118004e-16,6.8506554558727437e-17,1
B1_D2_Guyan,B1,2,Guyan,full-grid,1711,25,35,70,1.0109434679877376,1.0089047465141294,-0.064170927438634964,0,0,1,UNSTABLE,2.9512814664492774e-16,6.850655455872745e-17,1
B1_D2_Guyan,B1,2,Guyan,full-grid,1712,25,36,71,1.0108780098127368,1.0088450304528043,-0.064078508516039592,0,0,1,UNSTABLE,2.1396521519081343e-16,6.850655455872745e-17,1
B1_D2_Guyan,B1,2,Guyan,full-grid,1713,25,37,72,1.0108085975237855,1.0087810425409451,-0.063990851205512192,0,0,1,UNSTABLE,1.1306361407605435e-16,6.8506554558727437e-17,1
B1_D2_Guyan,B1,2,Guyan,full-grid,1714,25,38,73,1.0107355586300288,1.0087131059471444,-0.063908054027808803,0,0,1,UNSTABLE,1.5129913730743757e-16,6.8506554558727437e-17,1
B1_D2_Guyan,B1,2,Guyan,full-grid,1715,25,39,74,1.0106592089400122,1.0086415330481731,-0.063830199948630872,0,0,1,UNSTABLE,1.7128083952103511e-16,6.850655455872745e-17,1
B1_D2_Guyan,B1,2,Guyan,full-grid,1716,25,40,75,1.0105798528570233,1.0085666255883086,-0.063757358398347577,0,0,1,UNSTABLE,1.4924159280237432e-16,6.850655455872745e-17,1
B1_D2_Guyan,B1,2,Guyan,full-grid,1717,25,41,76,1.01049778382422,1.0084886750009321,-0.063689587127915018,0,0,1,UNSTABLE,2.4992126072638903e-16,6.8506554558727437e-17,1
B1_D2_Guyan,B1,2,Guyan,full-grid,1718,25,42,77,1.0104132848979499,1.0084079628702465,-0.063626933904952013,0,0,1,UNSTABLE,2.4316745910044478e-16,6.850655455872745e-17,1
B1_D2_Guyan,B1,2,Guyan,full-grid,1719,25,43,78,1.0103266294318125,1.0083247615150879,-0.063569438054684277,0,0,1,UNSTABLE,2.0979167406260393e-16,6.850655455872745e-17,1
B1_D2_Guyan,B1,2,Guyan,full-grid,1720,25,44,79,1.0102380818568388,1.0082393346796605,-0.063517131850394246,0,0,1,UNSTABLE,2.7704058340293345e-16,6.850655455872745e-17,1
B1_D2_Guyan,B1,2,Guyan,full-grid,1721,25,45,80,1.0101478985462755,1.0081519383191788,-0.063470041757816731,0,0,1,UNSTABLE,1.8883281346278044e-16,6.8506554558727437e-17,1
B1_D2_Guyan,B1,2,Guyan,full-grid,1722,25,46,81,1.0100563287558211,1.0080628214708289,-0.06342818953713783,0,0,1,UNSTABLE,8.5471514986358041e-16,6.850655455872745e-17,1
B1_D2_Guyan,B1,2,Guyan,full-grid,1723,25,47,82,1.0099636156323237,1.0079722272027332,-0.063391593205075217,0,0,1,UNSTABLE,2.7623473053737233e-16,6.850655455872745e-17,1
B1_D2_Guyan,B1,2,Guyan,full-grid,1724,25,48,83,1.0098699972854357,1.0078803936351992,-0.063360267858034391,0,0,1,UNSTABLE,3.260613662711442e-16,6.850655455872745e-17,1
B1_D2_Guyan,B1,2,Guyan,full-grid,1725,25,49,84,1.0097757079183833,1.007787555030319,-0.063334226355772433,0,0,1,UNSTABLE,3.544367176907721e-16,6.850655455872745e-17,1
B1_D2_Guyan,B1,2,Guyan,full-grid,1726,25,50,85,1.0096809790145003,1.0076939429466472,-0.06331347986265809,0,0,1,UNSTABLE,3.447660074450239e-16,6.8506554558727437e-17,1
B1_D2_Guyan,B1,2,Guyan,full-grid,1727,25,51,86,1.0095860405770303,1.007599787456686,-0.063298038241689489,0,0,1,UNSTABLE,2.4451991256232567e-16,6.850655455872745e-17,1
B1_D2_Guyan,B1,2,Guyan,full-grid,1728,25,52,87,1.0094911224191674,1.0075053184245992,-0.063287910293020264,0,0,1,UNSTABLE,2.6899343629443371e-16,6.850655455872745e-17,1
B1_D2_Guyan,B1,2,Guyan,full-grid,1729,25,53,88,1.009396455501353,1.0074107668417769,-0.06328310382683662,0,0,1,UNSTABLE,5.6723637182963989e-16,6.8506554558727437e-17,1
B1_D2_Guyan,B1,2,Guyan,full-grid,1730,25,54,89,1.0093022733106394,1.0073163662159401,-0.063283625556210088,0,0,1,UNSTABLE,6.3931042128921926e-16,6.8506554558727437e-17,1
B1_D2_Guyan,B1,2,Guyan,full-grid,1731,25,55,90,1.0092088132756085,1.0072223540083625,-0.063289480792741257,0,0,1,UNSTABLE,1.9440036023293016e-16,6.850655455872745e-17,1
B1_D2_Guyan,B1,2,Guyan,full-grid,1732,25,56,91,1.0091163182065253,1.0071289731102613,-0.06330067292346607,0,0,1,UNSTABLE,1.8171103096424124e-16,6.850655455872745e-17,1
B1_D2_Guyan,B1,2,Guyan,full-grid,1733,25,57,92,1.0090250377462848,1.0070364733454997,-0.063317202644700935,0,0,1,UNSTABLE,4.3710356218864739e-16,6.8506554558727437e-17,1
B1_D2_Guyan,B1,2,Guyan,full-grid,1734,25,58,93,1.0089352298117999,1.0069451129811586,-0.063339066923595325,0,0,1,UNSTABLE,2.3231441160355115e-16,6.850655455872745e-17,1
B1_D2_Guyan,B1,2,Guyan,full-grid,1735,25,59,94,1.0088471619979367,1.0068551602201674,-0.063366257655886854,0,0,1,UNSTABLE,4.3050278521696863e-16,6.850655455872745e-17,1
B1_D2_Guyan,B1,2,Guyan,full-grid,1736,25,60,95,1.0087611129063327,1.0067668946406245,-0.063398759985482556,0,0,1,UNSTABLE,2.1031332430840333e-16,6.850655455872745e-17,1
B1_D2_Guyan,B1,2,Guyan,full-grid,1737,25,61,96,1.0086773733498886,1.0066806085349977,-0.063436550250127038,0,0,1,UNSTABLE,2.0213152677634847e-16,6.8506554558727437e-17,1
B1_D2_Guyan,B1,2,Guyan,full-grid,1738,25,62,97,1.0085962473696668,1.0065966080882975,-0.063479593518771082,0,0,1,UNSTABLE,3.0328912223590821e-16,6.850655455872745e-17,1
B1_D2_Guyan,B1,2,Guyan,full-grid,1739,25,63,98,1.0085180529840014,1.0065152143171296,-0.063527840690393286,0,0,1,UNSTABLE,3.5651560184157347e-16,6.850655455872745e-17,1
B1_D2_Guyan,B1,2,Guyan,full-grid,1740,25,64,99,1.0084431225719019,1.0064367636733356,-0.063581225132191749,0,0,1,UNSTABLE,4.3761039398621646e-16,6.850655455872745e-17,1
B1_D2_Guyan,B1,2,Guyan,full-grid,1741,25,65,100,1.0083718027723099,1.0063616081944393,-0.063639658850280167,0,0,1,UNSTABLE,4.1572586833692596e-16,6.850655455872745e-17,1
B1_D2_Guyan,B1,2,Guyan,full-grid,1742,25,66,101,1.0083044537615657,1.0062901150625385,-0.063703028207712134,0,0,1,UNSTABLE,2.4082801307403522e-16,6.8506554558727437e-17,1
B1_D2_Guyan,B1,2,Guyan,full-grid,1743,26,0,36,1.0085839629247815,1.0063936038116119,-0.066434362163970209,0,0,1,UNSTABLE,1.7786069773207099e-16,8.8843936914985139e-17,1
B1_D2_Guyan,B1,2,Guyan,full-grid,1744,26,1,37,1.0087617672306313,1.006568842242745,-0.066479085826793988,0,0,1,UNSTABLE,1.4745093888742141e-16,6.8506554558727437e-17,1
B1_D2_Guyan,B1,2,Guyan,full-grid,1745,26,2,38,1.0089408666019051,1.0067462631303057,-0.066510404994769623,0,0,1,UNSTABLE,3.7605229815151509e-16,6.8506554558727437e-17,1
B1_D2_Guyan,B1,2,Guyan,full-grid,1746,26,3,39,1.0091200356997474,1.0069246486665655,-0.066528177176088471,0,0,1,UNSTABLE,1.3846588845912863e-16,6.8506554558727437e-17,1
B1_D2_Guyan,B1,2,Guyan,full-grid,1747,26,4,40,1.0092980475865516,1.0071027694428292,-0.066532402952311206,0,0,1,UNSTABLE,1.4412808835484487e-16,6.8506554558727437e-17,1
B1_D2_Guyan,B1,2,Guyan,full-grid,1748,26,5,41,1.0094736954982773,1.0072794062574775,-0.066523226263705826,0,0,1,UNSTABLE,2.1797992366274965e-16,6.8506554558727437e-17,1
B1_D2_Guyan,B1,2,Guyan,full-grid,1749,26,6,42,1.0096458139237092,1.0074533715274869,-0.066500930606785885,0,0,1,UNSTABLE,2.5507702460396046e-16,6.8506554558727437e-17,1
B1_D2_Guyan,B1,2,Guyan,full-grid,1750,26,7,43,1.009813298116798,1.0076235294101337,-0.066465931367810607,0,0,1,UNSTABLE,3.4097197166800885e-16,6.850655455872745e-17,1
B1_D2_Guyan,B1,2,Guyan,full-grid,1751,26,8,44,1.0099751212832184,1.007788813840826,-0.066418764730704058,0,0,1,UNSTABLE,2.7350422340603292e-16,6.850655455872745e-17,1
B1_D2_Guyan,B1,2,Guyan,full-grid,1752,26,9,45,1.0101303488500808,1.0079482438481184,-0.066360073775426257,0,0,1,UNSTABLE,2.1475352061302876e-16,6.8506554558727437e-17,1
B1_D2_Guyan,B1,2,Guyan,full-grid,1753,26,10,46,1.0102781494291482,1.0081009357003854,-0.066290592499931689,0,0,1,UNSTABLE,1.8323373142173146e-16,6.850655455872745e-17,1
B1_D2_Guyan,B1,2,Guyan,full-grid,1754,26,11,47,1.0104178022976951,1.0082461116491872,-0.066211128554032106,0,0,1,UNSTABLE,1.7748411973196375e-16,6.8506554558727437e-17,1
B1_D2_Guyan,B1,2,Guyan,full-grid,1755,26,12,48,1.0105487014254126,1.0083831052400773,-0.066122545466479735,0,0,1,UNSTABLE,1.5952956791600445e-16,6.8506554558727437e-17,1
B1_D2_Guyan,B1,2,Guyan,full-grid,1756,26,13,49,1.0106703562539379,1.0085113633452336,-0.066025745084773449,0,0,1,UNSTABLE,2.3447261209207521e-16,6.850655455872745e-17,1
B1_D2_Guyan,B1,2,Guyan,full-grid,1757,26,14,50,1.010782389575164,1.0086304452201826,-0.065921650845641042,0,0,1,UNSTABLE,2.8250037834645311e-16,6.850655455872745e-17,1
B1_D2_Guyan,B1,2,Guyan,full-grid,1758,26,15,51,1.0108845329501723,1.0087400189926086,-0.065811192366344251,0,0,1,UNSTABLE,2.0454408917271151e-16,6.8506554558727437e-17,1
B1_D2_Guyan,B1,2,Guyan,full-grid,1759,26,16,52,1.0109766201617401,1.0088398560529388,-0.065695291709080839,0,0,1,UNSTABLE,2.9435905691130307e-16,6.850655455872745e-17,1
B1_D2_Guyan,B1,2,Guyan,full-grid,1760,26,17,53,1.0110585792047913,1.0089298238379962,-0.065574851535029011,0,0,1,UNSTABLE,2.4472690129146613e-16,6.8506554558727437e-17,1
B1_D2_Guyan,B1,2,Guyan,full-grid,1761,26,18,54,1.0111304232978928,1.0090098774867247,-0.065450745242513195,0,0,1,UNSTABLE,1.8528622847196091e-16,6.8506554558727437e-17,1
B1_D2_Guyan,B1,2,Guyan,full-grid,1762,26,19,55,1.0111922413537473,1.0090800508093278,-0.065323809079532766,0,0,1,UNSTABLE,4.321655983513506e-16,6.8506554558727437e-17,1
B1_D2_Guyan,B1,2,Guyan,full-grid,1763,26,20,56,1.0112441882862642,1.009140446956416,-0.065194836140223422,0,0,1,UNSTABLE,2.8912859244779159e-16,6.8506554558727437e-17,1
B1_D2_Guyan,B1,2,Guyan,full-grid,1764,26,21,57,1.0112864754643642,1.0091912291112615,-0.065064572096015988,0,0,1,UNSTABLE,5.3476646777550667e-16,6.8506554558727437e-17,1
B1_D2_Guyan,B1,2,Guyan,full-grid,1765,26,22,58,1.011319361554009,1.0092326114619228,-0.064933712474772851,0,0,1,UNSTABLE,2.2639237401217628e-16,6.8506554558727437e-17,1
B1_D2_Guyan,B1,2,Guyan,full-grid,1766,26,23,59,1.0113431439253553,1.0092648506463755,-0.06480290128205092,0,0,1,UNSTABLE,2.1384632081578955e-16,6.850655455872745e-17,1
B1_D2_Guyan,B1,2,Guyan,full-grid,1767,26,24,60,1.0113581507440048,1.0092882378058379,-0.064672730753535648,0,0,1,UNSTABLE,1.5475181283283227e-16,6.850655455872745e-17,1
B1_D2_Guyan,B1,2,Guyan,full-grid,1768,26,25,61,1.011364733816118,1.0093030913314149,-0.064543742034350593,0,0,1,UNSTABLE,2.7907807004357968e-16,6.8506554558727437e-17,1
B1_D2_Guyan,B1,2,Guyan,full-grid,1769,26,26,62,1.0113632622167263,1.0093097503474611,-0.064416426594501544,0,0,1,UNSTABLE,2.4884520844043211e-16,6.850655455872745e-17,1
B1_D2_Guyan,B1,2,Guyan,full-grid,1770,26,27,63,1.0113541166992976,1.0093085689421484,-0.064291228208588597,0,0,1,UNSTABLE,2.1608314843138421e-16,6.8506554558727437e-17,1
B1_D2_Guyan,B1,2,Guyan,full-grid,1771,26,28,64,1.0113376848613123,1.0092999111306973,-0.064168545348992301,0,0,1,UNSTABLE,2.1177229958667073e-16,6.8506554558727437e-17,1
B1_D2_Guyan,B1,2,Guyan,full-grid,1772,26,29,65,1.0113143570240586,1.0092841465184559,-0.064048733863341062,0,0,1,UNSTABLE,2.3655017685465004e-16,6.850655455872745e-17,1
B1_D2_Guyan,B1,2,Guyan,full-grid,1773,26,30,66,1.0112845227745317,1.0092616466190525,-0.063932109828404887,0,0,1,UNSTABLE,2.7543099242897973e-16,6.850655455872745e-17,1
B1_D2_Guyan,B1,2,Guyan,full-grid,1774,26,31,67,1.0112485681114651,1.009232781775494,-0.063818952492081873,0,0,1,UNSTABLE,3.0613507099835429e-16,6.8506554558727437e-17,1
B1_D2_Guyan,B1,2,Guyan,full-grid,1775,26,32,68,1.0112068731351691,1.0091979186284294,-0.063709507232843784,0,0,1,UNSTABLE,2.9592769444290656e-16,6.850655455872745e-17,1
B1_D2_Guyan,B1,2,Guyan,full-grid,1776,26,33,69,1.0111598102216235,1.0091574180754153,-0.063603988481786125,0,0,1,UNSTABLE,3.8972271677715966e-16,6.8506554558727437e-17,1
B1_D2_Guyan,B1,2,Guyan,full-grid,1777,26,34,70,1.0111077426233732,1.0091116336662065,-0.063502582565227686,0,0,1,UNSTABLE,2.4040116211911918e-16,6.8506554558727437e-17,1
B1_D2_Guyan,B1,2,Guyan,full-grid,1778,26,35,71,1.0110510234435424,1.0090609103820458,-0.063405450437568303,0,0,1,UNSTABLE,3.3611866697822779e-16,6.8506554558727437e-17,1
B1_D2_Guyan,B1,2,Guyan,full-grid,1779,26,36,72,1.0109899949338419,1.0090055837508829,-0.06331273028285625,0,0,1,UNSTABLE,3.5414788936379904e-16,6.8506554558727437e-17,1
B1_D2_Guyan,B1,2,Guyan,full-grid,1780,26,37,73,1.0109249880719309,1.0089459792544433,-0.063224539970852256,0,0,1,UNSTABLE,1.6939864081284728e-16,6.8506554558727437e-17,1
B1_D2_Guyan,B1,2,Guyan,full-grid,1781,26,38,74,1.010856322378761,1.0088824119879463,-0.063140979359665575,0,0,1,UNSTABLE,1.692812730156661e-16,6.8506554558727437e-17,1
B1_D2_Guyan,B1,2,Guyan,full-grid,1782,26,39,75,1.0107843059411032,1.0088151865375736,-0.063062132440935351,0,0,1,UNSTABLE,2.5238165688657616e-16,6.850655455872745e-17,1
B1_D2_Guyan,B1,2,Guyan,full-grid,1783,26,40,76,1.0107092356092426,1.0087445970453826,-0.06298806932720237,0,0,1,UNSTABLE,3.6700553709650651e-16,6.850655455872745e-17,1
B1_D2_Guyan,B1,2,Guyan,full-grid,1784,26,41,77,1.010631397343867,1.0086709274352372,-0.062918848083508963,0,0,1,UNSTABLE,7.2188791329507571e-16,6.8506554558727437e-17,1
B1_D2_Guyan,B1,2,Guyan,full-grid,1785,26,42,78,1.0105510666905202,1.0085944517776431,-0.062854516406571775,0,0,1,UNSTABLE,4.687012098457901e-16,6.850655455872745e-17,1
B1_D2_Guyan,B1,2,Guyan,full-grid,1786,26,43,79,1.0104685093631194,1.008515434774421,-0.062795113156082341,0,0,1,UNSTABLE,1.0545194534187669e-15,6.8506554558727437e-17,1
B1_D2_Guyan,B1,2,Guyan,full-grid,1787,26,44,80,1.0103839819215221,1.0084341323476704,-0.062740669742932798,0,0,1,UNSTABLE,4.2298808350433402e-16,6.8506554558727437e-17,1
B1_D2_Guyan,B1,2,Guyan,full-grid,1788,26,45,81,1.0102977325308087,1.0083507923201758,-0.062691211379007891,0,0,1,UNSTABLE,1.6350024760939398e-16,6.850655455872745e-17,1
B1_D2_Guyan,B1,2,Guyan,full-grid,1789,26,46,82,1.0102100017924949,1.0082656551770008,-0.062646758192950486,0,0,1,UNSTABLE,3.390124079307408e-16,6.850655455872745e-17,1
B1_D2_Guyan,B1,2,Guyan,full-grid,1790,26,47,83,1.0101210236398546,1.0081789549000741,-0.062607326215241774,0,0,1,UNSTABLE,5.0150817930978612e-16,6.8506554558727437e-17,1
B1_D2_Guyan,B1,2,Guyan,full-grid,1791,26,48,84,1.0100310262914332,1.0080909198695496,-0.062572928234907926,0,0,1,UNSTABLE,4.5624682337889473e-16,6.850655455872745e-17,1
B1_D2_Guyan,B1,2,Guyan,full-grid,1792,26,49,85,1.0099402332581853,1.0080017738271596,-0.062543574529265483,0,0,1,UNSTABLE,3.0206767208016115e-16,6.8506554558727437e-17,1
B1_D2_Guyan,B1,2,Guyan,full-grid,1793,26,50,86,1.0098488644007497,1.007911736898047,-0.06251927346543712,0,0,1,UNSTABLE,3.7626322862403428e-16,6.8506554558727437e-17,1
B1_D2_Guyan,B1,2,Guyan,full-grid,1794,26,51,87,1.0097571370341794,1.0078210266684136,-0.06250003197188933,0,0,1,UNSTABLE,3.0447572338731479e-16,6.8506554558727437e-17,1
B1_D2_Guyan,B1,2,Guyan,full-grid,1795,26,52,88,1.0096652670775896,1.0077298593166955,-0.062485855874855556,0,0,1,UNSTABLE,1.5222809706415877e-16,6.8506554558727437e-17,1
B1_D2_Guyan,B1,2,Guyan,full-grid,1796,26,53,89,1.0095734702462682,1.0076384507961664,-0.062476750093089929,0,0,1,UNSTABLE,3.7076348931918636e-16,6.8506554558727437e-17,1
B1_D2_Guyan,B1,2,Guyan,full-grid,1797,26,54,90,1.0094819632830228,1.0075470180663206,-0.062472718681128796,0,0,1,UNSTABLE,6.6294718186243322e-16,6.8506554558727437e-17,1
B1_D2_Guyan,B1,2,Guyan,full-grid,1798,26,55,91,1.0093909652242941,1.0074557803693054,-0.062473764708923255,0,0,1,UNSTABLE,2.1727311292608185e-16,6.850655455872745e-17,1
B1_D2_Guyan,B1,2,Guyan,full-grid,1799,26,56,92,1.0093006986946533,1.0073649605459907,-0.062479889962208761,0,0,1,UNSTABLE,3.7416658934230127e-16,6.850655455872745e-17,1
B1_D2_Guyan,B1,2,Guyan,full-grid,1800,26,57,93,1.00921139122027,1.007274786383437,-0.062491094445160794,0,0,1,UNSTABLE,1.8347567152745652e-16,6.8506554558727437e-17,1
B1_D2_Guyan,B1,2,Guyan,full-grid,1801,26,58,94,1.0091232765483156,1.0071854919821304,-0.062507375663375789,0,0,1,UNSTABLE,3.2439841338473378e-16,6.850655455872745e-17,1
B1_D2_Guyan,B1,2,Guyan,full-grid,1802,26,59,95,1.0090365959536642,1.0070973191259585,-0.062528727662298486,0,0,1,UNSTABLE,4.842353838581693e-16,6.8506554558727437e-17,1
B1_D2_Guyan,B1,2,Guyan,full-grid,1803,26,60,96,1.0089515995080025,1.007010518631847,-0.062555139793427222,0,0,1,UNSTABLE,2.9205464374294708e-16,6.8506554558727437e-17,1
B1_D2_Guyan,B1,2,Guyan,full-grid,1804,26,61,97,1.0088685472779617,1.0069253516476422,-0.062586595178336785,0,0,1,UNSTABLE,6.3376611207676138e-16,6.850655455872745e-17,1
B1_D2_Guyan,B1,2,Guyan,full-grid,1805,26,62,98,1.0087877104085681,1.0068420908565496,-0.062623068840261739,0,0,1,UNSTABLE,4.190393879301742e-16,6.850655455872745e-17,1
B1_D2_Guyan,B1,2,Guyan,full-grid,1806,26,63,99,1.0087093720364562,1.0067610215346021,-0.062664525473237226,0,0,1,UNSTABLE,4.0762622012259201e-16,6.8506554558727437e-17,1
B1_D2_Guyan,B1,2,Guyan,full-grid,1807,26,64,100,1.0086338279628559,1.006682442392929,-0.06271091682323672,0,0,1,UNSTABLE,4.6202543268132714e-16,6.850655455872745e-17,1
B1_D2_Guyan,B1,2,Guyan,full-grid,1808,26,65,101,1.0085613870008545,1.0066066661206863,-0.062762178662666465,0,0,1,UNSTABLE,4.1925813157471716e-16,6.8506554558727437e-17,1
B1_D2_Guyan,B1,2,Guyan,full-grid,1809,26,66,102,1.0084923708943565,1.0065340195266239,-0.062818227352404055,0,0,1,UNSTABLE,3.0158402265163024e-16,6.8506554558727437e-17,1
B1_D2_Guyan,B1,2,Guyan,full-grid,1810,27,0,37,1.0086002056769614,1.0064656890734356,-0.065583470551225292,0,0,1,UNSTABLE,2.5356196422953194e-16,8.8843936914985139e-17,1
B1_D2_Guyan,B1,2,Guyan,full-grid,1811,27,1,38,1.0087747236558267,1.0066375081833971,-0.065630558470961983,0,0,1,UNSTABLE,1.7246071838677633e-16,6.850655455872745e-17,1
B1_D2_Guyan,B1,2,Guyan,full-grid,1812,27,2,39,1.0089507727514755,1.0068117105079415,-0.065664613147970202,0,0,1,UNSTABLE,1.8871348165190366e-16,6.850655455872745e-17,1
B1_D2_Guyan,B1,2,Guyan,full-grid,1813,27,3,40,1.0091271677402944,1.0069871200289093,-0.065685468464729529,0,0,1,UNSTABLE,2.1583455061508552e-16,6.8506554558727437e-17,1
B1_D2_Guyan,B1,2,Guyan,full-grid,1814,27,4,41,1.00930271763836,1.0071625454673192,-0.065693095831824519,0,0,1,UNSTABLE,9.4528604826533921e-17,6.8506554558727437e-17,1
B1_D2_Guyan,B1,2,Guyan,full-grid,1815,27,5,42,1.0094762466306566,1.0073368011909452,-0.065687605207621472,0,0,1,UNSTABLE,2.7348272844457432e-16,6.8506554558727437e-17,1
B1_D2_Guyan,B1,2,Guyan,full-grid,1816,27,6,43,1.009646614504828,1.0075087279075017,-0.065669242201113587,0,0,1,UNSTABLE,1.8821224375339363e-16,6.8506554558727437e-17,1
B1_D2_Guyan,B1,2,Guyan,full-grid,1817,27,7,44,1.0098127357457225,1.0076772122847069,-0.065638381427199577,0,0,1,UNSTABLE,2.2514972493944198e-16,6.8506554558727437e-17,1
B1_D2_Guyan,B1,2,Guyan,full-grid,1818,27,8,45,1.0099735965443695,1.0078412047204948,-0.065595516495491932,0,0,1,UNSTABLE,3.9308263065147214e-16,6.850655455872745e-17,1
B1_D2_Guyan,B1,2,Guyan,full-grid,1819,27,9,46,1.0101282691251281,1.0079997346244038,-0.06554124718723775,0,0,1,UNSTABLE,1.757984897176597e-16,6.8506554558727437e-17,1
B1_D2_Guyan,B1,2,Guyan,full-grid,1820,27,10,47,1.0102759229803127,1.0081519227482167,-0.065476264499408868,0,0,1,UNSTABLE,1.8303764558305241e-16,6.8506554558727437e-17,1
B1_D2_Guyan,B1,2,Guyan,full-grid,1821,27,11,48,1.0104158328025399,1.0082969903010319,-0.065401334297786995,0,0,1,UNSTABLE,1.7688574129376776e-16,6.8506554558727437e-17,1
B1_D2_Guyan,B1,2,Guyan,full-grid,1822,27,12,49,1.0105473831016023,1.008434264780921,-0.065317280326570235,0,0,1,UNSTABLE,1.7134140008870983e-16,6.8506554558727437e-17,1
B1_D2_Guyan,B1,2,Guyan,full-grid,1823,27,13,50,1.0106700696668214,1.0085631826338401,-0.065224967273557158,0,0,1,UNSTABLE,2.5346247746503796e-16,6.850655455872745e-17,1
B1_D2_Guyan,B1,2,Guyan,full-grid,1824,27,14,51,1.0107834981768167,1.0086832889986788,-0.065125284501261704,0,0,1,UNSTABLE,1.9087198869691072e-16,6.850655455872745e-17,1
B1_D2_Guyan,B1,2,Guyan,full-grid,1825,27,15,52,1.0108873803579419,1.0087942349057133,-0.065019130938048453,0,0,1,UNSTABLE,2.0022726174143237e-16,6.850655455872745e-17,1
B1_D2_Guyan,B1,2,Guyan,full-grid,1826,27,16,53,1.0109815281508314,1.0088957723637804,-0.064907401493831979,0,0,1,UNSTABLE,4.375587961384402e-16,6.8506554558727437e-17,1
B1_D2_Guyan,B1,2,Guyan,full-grid,1827,27,17,54,1.0110658463633679,1.00898774779994,-0.064790975236355325,0,0,1,UNSTABLE,2.9087916381623218e-16,6.850655455872745e-17,1
B1_D2_Guyan,B1,2,Guyan,full-grid,1828,27,18,55,1.0111403242752579,1.0090700943109976,-0.064670705444334439,0,0,1,UNSTABLE,1.3637406037035808e-16,6.850655455872745e-17,1
B1_D2_Guyan,B1,2,Guyan,full-grid,1829,27,19,56,1.0112050266217143,1.0091428231558901,-0.06454741155136999,0,0,1,UNSTABLE,2.5147764403130013e-16,6.8506554558727437e-17,1
B1_D2_Guyan,B1,2,Guyan,full-grid,1830,27,20,57,1.0112600843297059,1.0092060148695809,-0.064421872912721473,0,0,1,UNSTABLE,2.8109619026265145e-16,6.8506554558727437e-17,1
B1_D2_Guyan,B1,2,Guyan,full-grid,1831,27,21,58,1.011305685317974,1.0092598103209098,-0.064294824266484474,0,0,1,UNSTABLE,2.5066381899545808e-16,6.8506554558727437e-17,1
B1_D2_Guyan,B1,2,Guyan,full-grid,1832,27,22,59,1.0113420656069851,1.0093044019743662,-0.06416695271999634,0,0,1,UNSTABLE,2.9491712179827543e-16,6.8506554558727437e-17,1
B1_D2_Guyan,B1,2,Guyan,full-grid,1833,27,23,60,1.0113695009230532,1.0093400255550375,-0.064038896070293408,0,0,1,UNSTABLE,2.7853376054373828e-16,6.8506554558727437e-17,1
B1_D2_Guyan,B1,2,Guyan,full-grid,1834,27,24,61,1.0113882989240712,1.0093669522593949,-0.063911242259146184,0,0,1,UNSTABLE,2.6275284505482491e-16,6.850655455872745e-17,1
B1_D2_Guyan,B1,2,Guyan,full-grid,1835,27,25,62,1.0113987921257952,1.0093854816055048,-0.063784529766557588,0,0,1,UNSTABLE,1.3847185575501961e-16,6.8506554558727437e-17,1
B1_D2_Guyan,B1,2,Guyan,full-grid,1836,27,26,63,1.0114013315669255,1.0093959349744357,-0.063659248758014195,0,0,1,UNSTABLE,2.4661240098116364e-16,6.8506554558727437e-17,1
B1_D2_Guyan,B1,2,Guyan,full-grid,1837,27,27,64,1.011396281219646,1.009398649861607,-0.063535842817216706,0,0,1,UNSTABLE,2.6010997768603791e-16,6.8506554558727437e-17,1
B1_D2_Guyan,B1,2,Guyan,full-grid,1838,27,28,65,1.011384013127661,1.0093939748306333,-0.063414711115225328,0,0,1,UNSTABLE,2.2050292258862409e-16,6.8506554558727437e-17,1
B1_D2_Guyan,B1,2,Guyan,full-grid,1839,27,29,66,1.0113649032367618,1.0093822651435747,-0.063296210887623577,0,0,1,UNSTABLE,1.1067765508771188e-16,6.850655455872745e-17,1
B1_D2_Guyan,B1,2,Guyan,full-grid,1840,27,30,67,1.0113393278713594,1.0093638790283705,-0.063180660111251799,0,0,1,UNSTABLE,2.6260656522926583e-16,6.850655455872745e-17,1
B1_D2_Guyan,B1,2,Guyan,full-grid,1841,27,31,68,1.0113076608034721,1.0093391745358529,-0.063068340291096786,0,0,1,UNSTABLE,2.9426195341619831e-16,6.850655455872745e-17,1
B1_D2_Guyan,B1,2,Guyan,full-grid,1842,27,32,69,1.0112702708577928,1.0093085069345895,-0.06295949928535817,0,0,1,UNSTABLE,2.1923343173519377e-16,6.8506554558727437e-17,1
B1_D2_Guyan,B1,2,Guyan,full-grid,1843,27,33,70,1.0112275199958927,1.0092722265901526,-0.062854354111703176,0,0,1,UNSTABLE,1.9309649726824392e-16,6.850655455872745e-17,1
B1_D2_Guyan,B1,2,Guyan,full-grid,1844,27,34,71,1.0111797618244727,1.0092306772762929,-0.062753093691327158,0,0,1,UNSTABLE,2.3244536034344534e-16,6.850655455872745e-17,1
B1_D2_Guyan,B1,2,Guyan,full-grid,1845,27,35,72,1.0111273404755359,1.0091841948677174,-0.06265588149828788,0,0,1,UNSTABLE,2.4266053817801311e-16,6.8506554558727437e-17,1
B1_D2_Guyan,B1,2,Guyan,full-grid,1846,27,36,73,1.011070589810328,1.0091331063674931,-0.062562858090873377,0,0,1,UNSTABLE,2.2353951797050343e-16,6.8506554558727437e-17,1
B1_D2_Guyan,B1,2,Guyan,full-grid,1847,27,37,74,1.0110098329031989,1.0090777292258928,-0.062474143509695983,0,0,1,UNSTABLE,2.0180931589982636e-16,6.8506554558727437e-17,1
B1_D2_Guyan,B1,2,Guyan,full-grid,1848,27,38,75,1.0109453817662959,1.0090183709119074,-0.062389839532428153,0,0,1,UNSTABLE,1.3340056120850405e-16,6.8506554558727437e-17,1
B1_D2_Guyan,B1,2,Guyan,full-grid,1849,27,39,76,1.010877537280364,1.0089553287026698,-0.062310031780615005,0,0,1,UNSTABLE,2.6608949343379797e-16,6.8506554558727437e-17,1
B1_D2_Guyan,B1,2,Guyan,full-grid,1850,27,40,77,1.0108065893014302,1.0088888896603687,-0.062234791676829396,0,0,1,UNSTABLE,3.544125707222032e-16,6.850655455872745e-17,1
B1_D2_Guyan,B1,2,Guyan,full-grid,1851,27,41,78,1.0107328169173018,1.0088193307701996,-0.062164178253639325,0,0,1,UNSTABLE,2.9852178386259135e-16,6.8506554558727437e-17,1
B1_D2_Guyan,B1,2,Guyan,full-grid,1852,27,42,79,1.010656488831561,1.0087469192165934,-0.062098239817009425,0,0,1,UNSTABLE,6.3322515988667857e-16,6.8506554558727437e-17,1
B1_D2_Guyan,B1,2,Guyan,full-grid,1853,27,43,80,1.0105778638562273,1.0086719127783725,-0.062037015468464102,0,0,1,UNSTABLE,6.0304755898804593e-16,6.8506554558727437e-17,1
B1_D2_Guyan,B1,2,Guyan,full-grid,1854,27,44,81,1.010497191497423,1.0085945603266451,-0.06198053649074961,0,0,1,UNSTABLE,4.4340489043004217e-16,6.8506554558727437e-17,1
B1_D2_Guyan,B1,2,Guyan,full-grid,1855,27,45,82,1.0104147126211462,1.0085151024120411,-0.061928827601558115,0,0,1,UNSTABLE,3.7117451438701169e-16,6.850655455872745e-17,1
B1_D2_Guyan,B1,2,Guyan,full-grid,1856,27,46,83,1.0103306601886157,1.0084337719302643,-0.061881908080340553,0,0,1,UNSTABLE,1.8642081590197247e-16,6.850655455872745e-17,1
B1_D2_Guyan,B1,2,Guyan,full-grid,1857,27,47,84,1.0102452600529093,1.0083507948572719,-0.061839792771954651,0,0,1,UNSTABLE,3.6004931066113839e-16,6.850655455872745e-17,1
B1_D2_Guyan,B1,2,Guyan,full-grid,1858,27,48,85,1.0101587318103298,1.0082663910471559,-0.06180249297073339,0,0,1,UNSTABLE,1.6605500096642772e-16,6.8506554558727437e-17,1
B1_D2_Guyan,B1,2,Guyan,full-grid,1859,27,49,86,1.0100712897013739,1.0081807750873395,-0.061770017187049005,0,0,1,UNSTABLE,4.4322428096417011e-16,6.850655455872745e-17,1
B1_D2_Guyan,B1,2,Guyan,full-grid,1860,27,50,87,1.0099831435576145,1.0080941572072306,-0.061742371797366948,0,0,1,UNSTABLE,9.1926343839362897e-16,6.850655455872745e-17,1
B1_D2_Guyan,B1,2,Guyan,full-grid,1861,27,51,88,1.0098944997914623,1.0080067442372282,-0.061719561577436702,0,0,1,UNSTABLE,2.3899314805623622e-16,6.8506554558727437e-17,1
B1_D2_Guyan,B1,2,Guyan,full-grid,1862,27,52,89,1.0098055624264799,1.0079187406158223,-0.06170159011625239,0,0,1,UNSTABLE,3.7292354773945597e-16,6.8506554558727437e-17,1
B1_D2_Guyan,B1,2,Guyan,full-grid,1863,27,53,90,1.0097165341661734,1.0078303494428953,-0.061688460106899851,0,0,1,UNSTABLE,2.3702025524210832e-16,6.8506554558727437e-17,1
B1_D2_Guyan,B1,2,Guyan,full-grid,1864,27,54,91,1.0096276174989096,1.0077417735772292,-0.061680173507744851,0,0,1,UNSTABLE,2.1362849275629539e-16,6.8506554558727437e-17,1
B1_D2_Guyan,B1,2,Guyan,full-grid,1865,27,55,92,1.0095390158361734,1.007653216775898,-0.061676731565922654,0,0,1,UNSTABLE,4.3813362364304941e-16,6.8506554558727437e-17,1
B1_D2_Guyan,B1,2,Guyan,full-grid,1866,27,56,93,1.0094509346799991,1.0075648848720729,-0.061678134691721329,0,0,1,UNSTABLE,4.5489745213510916e-16,6.850655455872745e-17,1
B1_D2_Guyan,B1,2,Guyan,full-grid,1867,27,57,94,1.0093635828138083,1.0074769869862956,-0.061684382170393744,0,0,1,UNSTABLE,4.4813103409886097e-16,6.8506554558727437e-17,1
B1_D2_Guyan,B1,2,Guyan,full-grid,1868,27,58,95,1.0092771735083013,1.0073897367639124,-0.061695471694774365,0,0,1,UNSTABLE,2.4108190630800728e-16,6.8506554558727437e-17,1
B1_D2_Guyan,B1,2,Guyan,full-grid,1869,27,59,96,1.0091919257303292,1.0073033536278109,-0.061711398699557538,0,0,1,UNSTABLE,2.3556014635406352e-16,6.8506554558727437e-17,1
B1_D2_Guyan,B1,2,Guyan,full-grid,1870,27,60,97,1.0091080653385129,1.0072180640316335,-0.061732155475123153,0,0,1,UNSTABLE,3.1148939288775868e-16,6.8506554558727437e-17,1
B1_D2_Guyan,B1,2,Guyan,full-grid,1871,27,61,98,1.0090258262432523,1.0071341026926841,-0.061757730036652338,0,0,1,UNSTABLE,3.3590381362842751e-16,6.850655455872745e-17,1
B1_D2_Guyan,B1,2,Guyan,full-grid,1872,27,62,99,1.008945451501509,1.0070517137766071,-0.061788104722373685,0,0,1,UNSTABLE,1.7018057957829318e-16,6.850655455872745e-17,1
B1_D2_Guyan,B1,2,Guyan,full-grid,1873,27,63,100,1.0088671943081107,1.0069711519973588,-0.061823254494012186,0,0,1,UNSTABLE,5.5049878846169066e-16,6.850655455872745e-17,1
B1_D2_Guyan,B1,2,Guyan,full-grid,1874,27,64,101,1.0087913188344757,1.0068926835850913,-0.061863144913703316,0,0,1,UNSTABLE,2.7412045531825614e-16,6.8506554558727437e-17,1
B1_D2_Guyan,B1,2,Guyan,full-grid,1875,27,65,102,1.0087181008536517,1.0068165870624046,-0.061907729774315003,0,0,1,UNSTABLE,8.6902916196589521e-16,6.850655455872745e-17,1
B1_D2_Guyan,B1,2,Guyan,full-grid,1876,27,66,103,1.0086478280767972,1.0067431537552651,-0.061956948366931823,0,0,1,UNSTABLE,3.7665575933379722e-16,6.850655455872745e-17,1
B1_D2_Guyan,B1,2,Guyan,full-grid,1877,28,0,38,1.0085887851710313,1.0065081742554898,-0.064750542311686865,0,0,1,UNSTABLE,2.9201883762755656e-16,8.8843936914985139e-17,1
B1_D2_Guyan,B1,2,Guyan,full-grid,1878,28,1,39,1.0087601046496877,1.0066766629792685,-0.064800038161817383,0,0,1,UNSTABLE,2.4565912876809173e-16,6.8506554558727437e-17,1
B1_D2_Guyan,B1,2,Guyan,full-grid,1879,28,2,40,1.0089331924974771,1.0068477385990713,-0.064836858353002888,0,0,1,UNSTABLE,1.7402061299837955e-16,6.8506554558727437e-17,1
B1_D2_Guyan,B1,2,Guyan,full-grid,1880,28,3,41,1.0091069018421086,1.0070202650685363,-0.064860813182336524,0,0,1,UNSTABLE,1.3111007394077047e-16,6.8506554558727437e-17,1
B1_D2_Guyan,B1,2,Guyan,full-grid,1881,28,4,42,1.009280075992554,1.007193087495089,-0.064871845184531776,0,0,1,UNSTABLE,1.3439853284005101e-16,6.8506554558727437e-17,1
B1_D2_Guyan,B1,2,Guyan,full-grid,1882,28,5,43,1.0094515685630456,1.0073650521884376,-0.064870030860015221,0,0,1,UNSTABLE,1.9592818008474905e-16,6.850655455872745e-17,1
B1_D2_Guyan,B1,2,Guyan,full-grid,1883,28,6,44,1.0096202632897089,1.0075350266682268,-0.064855578648539247,0,0,1,UNSTABLE,1.402217045811796e-16,6.850655455872745e-17,1
B1_D2_Guyan,B1,2,Guyan,full-grid,1884,28,7,45,1.0097850927252396,1.0077019188052336,-0.064828823268446523,0,0,1,UNSTABLE,1.69087320542074e-16,6.8506554558727437e-17,1
B1_D2_Guyan,B1,2,Guyan,full-grid,1885,28,8,46,1.0099450550779103,1.0078646943366842,-0.064790216745627918,0,0,1,UNSTABLE,3.1713889041017943e-16,6.850655455872745e-17,1
B1_D2_Guyan,B1,2,Guyan,full-grid,1886,28,9,47,1.0100992285943859,1.0080223921171285,-0.064740316630640102,0,0,1,UNSTABLE,2.1065867929444625e-16,6.8506554558727437e-17,1
B1_D2_Guyan,B1,2,Guyan,full-grid,1887,28,10,48,1.0102467830561455,1.0081741366279646,-0.064679772029195753,0,0,1,UNSTABLE,1.4901916164369931e-16,6.8506554558727437e-17,1
B1_D2_Guyan,B1,2,Guyan,full-grid,1888,28,11,49,1.0103869881481187,1.0083191474529187,-0.064609308143993557,0,0,1,UNSTABLE,2.0979044644686963e-16,6.8506554558727437e-17,1
B1_D2_Guyan,B1,2,Guyan,full-grid,1889,28,12,50,1.0105192186463732,1.0084567456145903,-0.064529710042008984,0,0,1,UNSTABLE,1.5270173601730638e-16,6.850655455872745e-17,1
B1_D2_Guyan,B1,2,Guyan,full-grid,1890,28,13,51,1.0106429565426793,1.0085863568414646,-0.064441806326253209,0,0,1,UNSTABLE,1.6692705066913201e-16,6.8506554558727437e-17,1
B1_D2_Guyan,B1,2,Guyan,full-grid,1891,28,14,52,1.0107577903646801,1.008707511981916,-0.064346453314408067,0,0,1,UNSTABLE,1.8963980413567049e-16,6.850655455872745e-17,1
B1_D2_Guyan,B1,2,Guyan,full-grid,1892,28,15,53,1.0108634120541149,1.0088198448936356,-0.064244520221325221,0,0,1,UNSTABLE,3.8441697840710513e-16,6.850655455872745e-17,1
B1_D2_Guyan,B1,2,Guyan,full-grid,1893,28,16,54,1.0109596118293986,1.0089230882098179,-0.064136875722255862,0,0,1,UNSTABLE,1.8962428212999735e-16,6.850655455872745e-17,1
B1_D2_Guyan,B1,2,Guyan,full-grid,1894,28,17,55,1.0110462714855621,1.009017067419288,-0.064024376150316115,0,0,1,UNSTABLE,6.7960227289628785e-16,6.8506554558727437e-17,1
B1_D2_Guyan,B1,2,Guyan,full-grid,1895,28,18,56,1.0111233565788067,1.009101693700353,-0.063907855466070376,0,0,1,UNSTABLE,3.2111922359176527e-16,6.8506554558727437e-17,1
B1_D2_Guyan,B1,2,Guyan,full-grid,1896,28,19,57,1.0111909079126997,1.0091769559251291,-0.063788117036012809,0,0,1,UNSTABLE,2.0551865883529653e-16,6.8506554558727437e-17,1
B1_D2_Guyan,B1,2,Guyan,full-grid,1897,28,20,58,1.0112490326951973,1.0092429122089879,-0.063665927173750983,0,0,1,UNSTABLE,2.6691693855787698e-16,6.8506554558727437e-17,1
B1_D2_Guyan,B1,2,Guyan,full-grid,1898,28,21,59,1.0112978956782881,1.0092996813265209,-0.06354201033581601,0,0,1,UNSTABLE,3.0868919477073246e-16,6.850655455872745e-17,1
B1_D2_Guyan,B1,2,Guyan,full-grid,1899,28,22,60,1.0113377105310957,1.0093474342572621,-0.063417045820189297,0,0,1,UNSTABLE,2.1906657984500673e-16,6.850655455872745e-17,1
B1_D2_Guyan,B1,2,Guyan,full-grid,1900,28,23,61,1.0113687316373698,1.0093863860659091,-0.063291665790888407,0,0,1,UNSTABLE,3.0233528412452449e-16,6.8506554558727437e-17,1
B1_D2_Guyan,B1,2,Guyan,full-grid,1901,28,24,62,1.0113912464533297,1.0094167882672997,-0.063166454440227324,0,0,1,UNSTABLE,3.0611911236832466e-16,6.850655455872745e-17,1
B1_D2_Guyan,B1,2,Guyan,full-grid,1902,28,25,63,1.0114055685134782,1.0094389217776856,-0.06304194810105003,0,0,1,UNSTABLE,2.5053542388470713e-16,6.8506554558727437e-17,1
B1_D2_Guyan,B1,2,Guyan,full-grid,1903,28,26,64,1.0114120311317587,1.0094530905126766,-0.062918636130129935,0,0,1,UNSTABLE,3.5668535923093855e-16,6.8506554558727437e-17,1
B1_D2_Guyan,B1,2,Guyan,full-grid,1904,28,27,65,1.0114109818126573,1.0094596156582236,-0.062796962397832973,0,0,1,UNSTABLE,3.3661286145418391e-16,6.8506554558727437e-17,1
B1_D2_Guyan,B1,2,Guyan,full-grid,1905,28,28,66,1.0114027773619962,1.0094588306146877,-0.062677327237104313,0,0,1,UNSTABLE,2.4722950833681504e-16,6.850655455872745e-17,1
B1_D2_Guyan,B1,2,Guyan,full-grid,1906,28,29,67,1.0113877796689836,1.0094510765943461,-0.062560089723978307,0,0,1,UNSTABLE,1.3236371608882565e-16,6.8506554558727437e-17,1
B1_D2_Guyan,B1,2,Guyan,full-grid,1907,28,30,68,1.0113663521182825,1.0094366988384555,-0.062445570180461672,0,0,1,UNSTABLE,3.0233037134961573e-16,6.850655455872745e-17,1
B1_D2_Guyan,B1,2,Guyan,full-grid,1908,28,31,69,1.0113388565835162,1.0094160434112218,-0.062334052809747451,0,0,1,UNSTABLE,1.8772459581066577e-16,6.850655455872745e-17,1
B1_D2_Guyan,B1,2,Guyan,full-grid,1909,28,32,70,1.0113056509491969,1.0093894545224074,-0.062225788389831074,0,0,1,UNSTABLE,2.7170075977199269e-16,6.850655455872745e-17,1
B1_D2_Guyan,B1,2,Guyan,full-grid,1910,28,33,71,1.0112670871072773,1.009357272328411,-0.062120996967109383,0,0,1,UNSTABLE,5.020462922179145e-16,6.8506554558727437e-17,1
B1_D2_Guyan,B1,2,Guyan,full-grid,1911,28,34,72,1.0112235093752526,1.0093198311614555,-0.062019870504642076,0,0,1,UNSTABLE,2.2103312652688029e-16,6.8506554558727437e-17,1
B1_D2_Guyan,B1,2,Guyan,full-grid,1912,28,35,73,1.0111752532853897,1.0092774581384156,-0.061922575450566633,0,0,1,UNSTABLE,2.1971391558624843e-16,6.8506554558727437e-17,1
B1_D2_Guyan,B1,2,Guyan,full-grid,1913,28,36,74,1.0111226446980177,1.0092304721035075,-0.061829255202092787,0,0,1,UNSTABLE,2.8042571507795024e-16,6.8506554558727437e-17,1
B1_D2_Guyan,B1,2,Guyan,full-grid,1914,28,37,75,1.0110659991957178,1.0091791828624919,-0.061740032447580785,0,0,1,UNSTABLE,9.2276625102172238e-17,6.850655455872745e-17,1
B1_D2_Guyan,B1,2,Guyan,full-grid,1915,28,38,76,1.0110056217197163,1.0091238906700759,-0.061655011375873439,0,0,1,UNSTABLE,4.0747568775774729e-16,6.850655455872745e-17,1
B1_D2_Guyan,B1,2,Guyan,full-grid,1916,28,39,77,1.0109418064138938,1.0090648859360327,-0.061574279746399119,0,0,1,UNSTABLE,2.5201828947252294e-16,6.8506554558727437e-17,1
B1_D2_Guyan,B1,2,Guyan,full-grid,1917,28,40,78,1.0108748366460101,1.0090024491194904,-0.061497910817909777,0,0,1,UNSTABLE,1.7946468068492119e-16,6.850655455872745e-17,1
B1_D2_Guyan,B1,2,Guyan,full-grid,1918,28,41,79,1.0108049851800489,1.0089368507850025,-0.061425965135927768,0,0,1,UNSTABLE,2.9150030809342766e-16,6.8506554558727437e-17,1
B1_D2_Guyan,B1,2,Guyan,full-grid,1919,28,42,80,1.010732514476679,1.008868351797001,-0.06135849218121759,0,0,1,UNSTABLE,3.8318426032703365e-16,6.8506554558727437e-17,1
B1_D2_Guyan,B1,2,Guyan,full-grid,1920,28,43,81,1.0106576771028721,1.0087972036331858,-0.061295531883147347,0,0,1,UNSTABLE,2.0815055069747488e-16,6.8506554558727437e-17,1
B1_D2_Guyan,B1,2,Guyan,full-grid,1921,28,44,82,1.0105807162343357,1.0087236488000229,-0.061237116002233194,0,0,1,UNSTABLE,5.0127387798743572e-16,6.850655455872745e-17,1
B1_D2_Guyan,B1,2,Guyan,full-grid,1922,28,45,83,1.0105018662372891,1.0086479213363848,-0.061183269386604115,0,0,1,UNSTABLE,2.8925701050495094e-16,6.8506554558727437e-17,1
B1_D2_Guyan,B1,2,Guyan,full-grid,1923,28,46,84,1.0104213533186643,1.0085702473939184,-0.061134011107494508,0,0,1,UNSTABLE,2.355320653386657e-16,6.850655455872745e-17,1
B1_D2_Guyan,B1,2,Guyan,full-grid,1924,28,47,85,1.0103393962356315,1.0084908458846156,-0.061089355477963188,0,0,1,UNSTABLE,1.991659639178185e-16,6.850655455872745e-17,1
B1_D2_Guyan,B1,2,Guyan,full-grid,1925,28,48,86,1.0102562070576224,1.0084099291883724,-0.061049312958914449,0,0,1,UNSTABLE,2.5260379140360375e-16,6.850655455872745e-17,1
B1_D2_Guyan,B1,2,Guyan,full-grid,1926,28,49,87,1.010171991975003,1.0083277039143603,-0.061013890955579214,0,0,1,UNSTABLE,4.1403386436850066e-16,6.8506554558727437e-17,1
B1_D2_Guyan,B1,2,Guyan,full-grid,1927,28,50,88,1.0100869521505653,1.0082443717121521,-0.06098309450648004,0,0,1,UNSTABLE,5.6681792010399128e-16,6.8506554558727437e-17,1
B1_D2_Guyan,B1,2,Guyan,full-grid,1928,28,51,89,1.0100012846102184,1.008160130128815,-0.060956926865962234,0,0,1,UNSTABLE,2.9258319280135165e-16,6.8506554558727437e-17,1
B1_D2_Guyan,B1,2,Guyan,full-grid,1929,28,52,90,1.0099151831708684,1.0080751735099232,-0.060935389979774143,0,0,1,UNSTABLE,4.252351791813039e-16,6.8506554558727437e-17,1
B1_D2_Guyan,B1,2,Guyan,full-grid,1930,28,53,91,1.0098288394031305,1.0079896939421618,-0.060918484851975041,0,0,1,UNSTABLE,2.4652012672982922e-16,6.850655455872745e-17,1
B1_D2_Guyan,B1,2,Guyan,full-grid,1931,28,54,92,1.0097424436274587,1.007903882236314,-0.060906211799111418,0,0,1,UNSTABLE,2.1329078727935747e-16,6.850655455872745e-17,1
B1_D2_Guyan,B1,2,Guyan,full-grid,1932,28,55,93,1.009656185941459,1.0078179289486549,-0.060898570586655418,0,0,1,UNSTABLE,4.325992614649224e-16,6.8506554558727437e-17,1
B1_D2_Guyan,B1,2,Guyan,full-grid,1933,28,56,94,1.0095702572760317,1.0077320254388731,-0.060895560439653253,0,0,1,UNSTABLE,2.5552351395369864e-16,6.850655455872745e-17,1
B1_D2_Guyan,B1,2,Guyan,full-grid,1934,28,57,95,1.0094848504766532,1.0076463649613956,-0.060897179917928444,0,0,1,UNSTABLE,4.9297449120409952e-16,6.8506554558727437e-17,1
B1_D2_Guyan,B1,2,Guyan,full-grid,1935,28,58,96,1.0094001614047674,1.0075611437858392,-0.060903426643678087,0,0,1,UNSTABLE,2.9465907676222342e-16,6.8506554558727437e-17,1
B1_D2_Guyan,B1,2,Guyan,full-grid,1936,28,59,97,1.0093163900515789,1.0074765623397894,-0.060914296866592291,0,0,1,UNSTABLE,3.6338535130613527e-16,6.8506554558727437e-17,1
B1_D2_Guyan,B1,2,Guyan,full-grid,1937,28,60,98,1.0092337416540811,1.0073928263648058,-0.060929784849653092,0,0,1,UNSTABLE,6.8492646907282221e-16,6.850655455872745e-17,1
B1_D2_Guyan,B1,2,Guyan,full-grid,1938,28,61,99,1.0091524277983566,1.0073101480719457,-0.060949882055603005,0,0,1,UNSTABLE,6.9342628247801177e-16,6.8506554558727437e-17,1
B1_D2_Guyan,B1,2,Guyan,full-grid,1939,28,62,100,1.0090726674908352,1.0072287472788508,-0.060974576112891414,0,0,1,UNSTABLE,1.7157767054250233e-16,6.850655455872745e-17,1
B1_D2_Guyan,B1,2,Guyan,full-grid,1940,28,63,101,1.0089946881712939,1.0071488525036802,-0.061003849537604612,0,0,1,UNSTABLE,4.6992117258479982e-16,6.850655455872745e-17,1
B1_D2_Guyan,B1,2,Guyan,full-grid,1941,28,64,102,1.0089187266338346,1.0070707019836977,-0.061037678187335236,0,0,1,UNSTABLE,1.7448527969904995e-16,6.850655455872745e-17,1
B1_D2_Guyan,B1,2,Guyan,full-grid,1942,28,65,103,1.0088450298129119,1.0069945445770789,-0.061076029424122866,0,0,1,UNSTABLE,6.2726341397938679e-16,6.8506554558727437e-17,1
B1_D2_Guyan,B1,2,Guyan,full-grid,1943,28,66,104,1.0087738553806853,1.0069206404956395,-0.061118859965342186,0,0,1,UNSTABLE,3.4234015734385882e-16,6.8506554558727437e-17,1
B1_D2_Guyan,B1,2,Guyan,full-grid,1944,29,0,39,1.0085523798053593,1.0065237996400844,-0.063935464095765601,0,0,1,UNSTABLE,2.02526380089389e-16,8.8843936914985139e-17,1
B1_D2_Guyan,B1,2,Guyan,full-grid,1945,29,1,40,1.0087205770892516,1.0066890359276148,-0.063987401778806199,0,0,1,UNSTABLE,1.7210382225671108e-16,6.8506554558727437e-17,1
B1_D2_Guyan,B1,2,Guyan,full-grid,1946,29,2,41,1.0088907801957039,1.0068570645590889,-0.064027009233223423,0,0,1,UNSTABLE,1.2754496186684642e-16,6.8506554558727437e-17,1
B1_D2_Guyan,B1,2,Guyan,full-grid,1947,29,3,42,1.0090618790662429,1.0070267878634267,-0.064054073330006733,0,0,1,UNSTABLE,4.034919777870309e-16,6.8506554558727437e-17,1
B1_D2_Guyan,B1,2,Guyan,full-grid,1948,29,4,43,1.00923274987586,1.0071970858233366,-0.064068508106312511,0,0,1,UNSTABLE,2.2478868122546661e-16,6.8506554558727437e-17,1
B1_D2_Guyan,B1,2,Guyan,full-grid,1949,29,5,44,1.0094022743829731,1.0073668352993081,-0.064070357175338877,0,0,1,UNSTABLE,4.4771937950827915e-16,6.8506554558727437e-17,1
B1_D2_Guyan,B1,2,Guyan,full-grid,1950,29,6,45,1.0095693591510633,1.0075349293779985,-0.064059792537600538,0,0,1,UNSTABLE,1.6806516214193147e-16,6.850655455872745e-17,1
B1_D2_Guyan,B1,2,Guyan,full-grid,1951,29,7,46,1.0097329538558433,1.0077002960514718,-0.064037109867816466,0,0,1,UNSTABLE,2.8538334430422173e-16,6.8506554558727437e-17,1
B1_D2_Guyan,B1,2,Guyan,full-grid,1952,29,8,47,1.0098920679572803,1.0078619154852146,-0.064002720547691877,0,0,1,UNSTABLE,2.8518449985018305e-16,6.8506554558727437e-17,1
B1_D2_Guyan,B1,2,Guyan,full-grid,1953,29,9,48,1.0100457851327977,1.0080188352376784,-0.063957140888284303,0,0,1,UNSTABLE,2.8613962199383906e-16,6.8506554558727437e-17,1
B1_D2_Guyan,B1,2,Guyan,full-grid,1954,29,10,49,1.010193275023626,1.0081701829408394,-0.063900979116078435,0,0,1,UNSTABLE,2.2490612829833364e-16,6.8506554558727437e-17,1
B1_D2_Guyan,B1,2,Guyan,full-grid,1955,29,11,50,1.0103338020231167,1.0083151761229239,-0.063834920777606677,0,0,1,UNSTABLE,1.9588529578247367e-16,6.850655455872745e-17,1
B1_D2_Guyan,B1,2,Guyan,full-grid,1956,29,12,51,1.0104667310160618,1.008453129033414,-0.063759713244355878,0,0,1,UNSTABLE,1.9183631526029306e-16,6.850655455872745e-17,1
B1_D2_Guyan,B1,2,Guyan,full-grid,1957,29,13,52,1.0105915301452471,1.0085834565000007,-0.063676149976447105,0,0,1,UNSTABLE,2.3867818567898056e-16,6.850655455872745e-17,1
B1_D2_Guyan,B1,2,Guyan,full-grid,1958,29,14,53,1.0107077708224437,1.0087056749933545,-0.063585055139351115,0,0,1,UNSTABLE,2.964418947116387e-16,6.8506554558727437e-17,1
B1_D2_Guyan,B1,2,Guyan,full-grid,1959,29,15,54,1.010815125308282,1.008819401190153,-0.063487269072931618,0,0,1,UNSTABLE,3.0358081703647351e-16,6.850655455872745e-17,1
B1_D2_Guyan,B1,2,Guyan,full-grid,1960,29,16,55,1.0109133622550934,1.0089243484028017,-0.063383635000525407,0,0,1,UNSTABLE,3.4561697182912053e-16,6.850655455872745e-17,1
B1_D2_Guyan,B1,2,Guyan,full-grid,1961,29,17,56,1.0110023406403732,1.0090203212864322,-0.063274987248821926,0,0,1,UNSTABLE,4.6076107139635127e-16,6.8506554558727437e-17,1
B1_D2_Guyan,B1,2,Guyan,full-grid,1962,29,18,57,1.0110820025205567,1.0091072092438804,-0.063162141136969288,0,0,1,UNSTABLE,5.8269885925674698e-16,6.8506554558727437e-17,1
B1_D2_Guyan,B1,2,Guyan,full-grid,1963,29,19,58,1.011152365011218,1.0091849789328113,-0.063045884593371543,0,0,1,UNSTABLE,2.5154050193584292e-16,6.8506554558727437e-17,1
B1_D2_Guyan,B1,2,Guyan,full-grid,1964,29,20,59,1.0112135118584353,1.009253666243481,-0.062926971476162552,0,0,1,UNSTABLE,3.8655800556826348e-16,6.8506554558727437e-17,1
B1_D2_Guyan,B1,2,Guyan,full-grid,1965,29,21,60,1.011265584913474,1.0093133680673936,-0.062806116508221266,0,0,1,UNSTABLE,2.9374011297790662e-16,6.8506554558727437e-17,1
B1_D2_Guyan,B1,2,Guyan,full-grid,1966,29,22,61,1.0113087757657166,1.00936423412276,-0.062683991692671567,0,0,1,UNSTABLE,4.0167115039538997e-16,6.850655455872745e-17,1
B1_D2_Guyan,B1,2,Guyan,full-grid,1967,29,23,62,1.0113433177314053,1.0094064590470175,-0.062561224045955585,0,0,1,UNSTABLE,1.6339754401506313e-16,6.8506554558727437e-17,1
B1_D2_Guyan,B1,2,Guyan,full-grid,1968,29,24,63,1.0113694783422575,1.0094402749138311,-0.062438394471504843,0,0,1,UNSTABLE,1.7099414019391445e-16,6.8506554558727437e-17,1
B1_D2_Guyan,B1,2,Guyan,full-grid,1969,29,25,64,1.0113875524303066,1.0094659442841412,-0.062316037594615167,0,0,1,UNSTABLE,2.9187828948990137e-16,6.8506554558727437e-17,1
B1_D2_Guyan,B1,2,Guyan,full-grid,1970,29,26,65,1.0113978558648549,1.0094837538596522,-0.062194642385424229,0,0,1,UNSTABLE,1.8895120199443783e-16,6.8506554558727437e-17,1
B1_D2_Guyan,B1,2,Guyan,full-grid,1971,29,27,66,1.0114007199644779,1.0094940087731288,-0.06207465340879776,0,0,1,UNSTABLE,1.9787105894780389e-16,6.850655455872745e-17,1
B1_D2_Guyan,B1,2,Guyan,full-grid,1972,29,28,67,1.0113964865811416,1.0094970275226482,-0.061956472556261827,0,0,1,UNSTABLE,1.6692235518037187e-16,6.850655455872745e-17,1
B1_D2_Guyan,B1,2,Guyan,full-grid,1973,29,29,68,1.0113855038344874,1.0094931375365856,-0.061840461132499774,0,0,1,UNSTABLE,3.3118217968495651e-16,6.850655455872745e-17,1
B1_D2_Guyan,B1,2,Guyan,full-grid,1974,29,30,69,1.011368122460689,1.0094826713410567,-0.061726942187210351,0,0,1,UNSTABLE,1.6818704117519399e-16,6.8506554558727437e-17,1
B1_D2_Guyan,B1,2,Guyan,full-grid,1975,29,31,70,1.0113446927316585,1.0094659632915941,-0.061616203001051181,0,0,1,UNSTABLE,2.3586778494842213e-16,6.850655455872745e-17,1
B1_D2_Guyan,B1,2,Guyan,full-grid,1976,29,32,71,1.0113155618955381,1.0094433468248223,-0.061508497650240024,0,0,1,UNSTABLE,2.323973890680287e-16,6.850655455872745e-17,1
B1_D2_Guyan,B1,2,Guyan,full-grid,1977,29,33,72,1.0112810720873735,1.0094151521827681,-0.061404049589799711,0,0,1,UNSTABLE,4.0915382559084425e-16,6.8506554558727437e-17,1
B1_D2_Guyan,B1,2,Guyan,full-grid,1978,29,34,73,1.0112415586592234,1.0093817045619042,-0.061303054208091318,0,0,1,UNSTABLE,2.2944207773730805e-16,6.8506554558727437e-17,1
B1_D2_Guyan,B1,2,Guyan,full-grid,1979,29,35,74,1.0111973488809629,1.0093433226402495,-0.061205681316600757,0,0,1,UNSTABLE,5.5300692882032473e-16,6.8506554558727437e-17,1
B1_D2_Guyan,B1,2,Guyan,full-grid,1980,29,36,75,1.0111487609656193,1.009300317437801,-0.061112077548233806,0,0,1,UNSTABLE,2.5315632165755944e-16,6.8506554558727437e-17,1
B1_D2_Guyan,B1,2,Guyan,full-grid,1981,29,37,76,1.0110961033771528,1.0092529914691155,-0.061022368645466125,0,0,1,UNSTABLE,4.4266907424208169e-16,6.8506554558727437e-17,1
B1_D2_Guyan,B1,2,Guyan,full-grid,1982,29,38,77,1.0110396743820924,1.0092016381499602,-0.060936661625691904,0,0,1,UNSTABLE,2.2827911873225304e-16,6.850655455872745e-17,1
B1_D2_Guyan,B1,2,Guyan,full-grid,1983,29,39,78,1.0109797618107514,1.0091465414239453,-0.06085504681629407,0,0,1,UNSTABLE,4.8288192072296175e-16,6.8506554558727437e-17,1
B1_D2_Guyan,B1,2,Guyan,full-grid,1984,29,40,79,1.0109166429976681,1.009087975578727,-0.06077759975600644,0,0,1,UNSTABLE,5.4077425402964166e-16,6.8506554558727437e-17,1
B1_D2_Guyan,B1,2,Guyan,full-grid,1985,29,41,80,1.0108505848746669,1.009026205224959,-0.060704382961823136,0,0,1,UNSTABLE,3.5614590733669191e-16,6.8506554558727437e-17,1
B1_D2_Guyan,B1,2,Guyan,full-grid,1986,29,42,81,1.0107818441936613,1.0089614854147539,-0.060635447563219702,0,0,1,UNSTABLE,4.0085974078132991e-16,6.8506554558727437e-17,1
B1_D2_Guyan,B1,2,Guyan,full-grid,1987,29,43,82,1.0107106678594087,1.0088940618794591,-0.060570834806679005,0,0,1,UNSTABLE,1.0225253918834446e-15,6.850655455872745e-17,1
B1_D2_Guyan,B1,2,Guyan,full-grid,1988,29,44,83,1.0106372933557424,1.0088241713697867,-0.060510577434727715,0,0,1,UNSTABLE,4.1719359322463335e-16,6.850655455872745e-17,1
B1_D2_Guyan,B1,2,Guyan,full-grid,1989,29,45,84,1.010561949251175,1.0087520420837266,-0.060454700944144048,0,0,1,UNSTABLE,2.7789405426258005e-16,6.850655455872745e-17,1
B1_D2_Guyan,B1,2,Guyan,full-grid,1990,29,46,85,1.0104848557723705,1.0086778941702597,-0.060403224728145487,0,0,1,UNSTABLE,3.2538771365072631e-16,6.8506554558727437e-17,1
B1_D2_Guyan,B1,2,Guyan,full-grid,1991,29,47,86,1.0104062254361161,1.0086019402990662,-0.060356163107161791,0,0,1,UNSTABLE,3.2126688465778589e-16,6.850655455872745e-17,1
B1_D2_Guyan,B1,2,Guyan,full-grid,1992,29,48,87,1.0103262637321047,1.0085243862881201,-0.060313526252780046,0,0,1,UNSTABLE,1.3222305065703978e-16,6.850655455872745e-17,1
B1_D2_Guyan,B1,2,Guyan,full-grid,1993,29,49,88,1.0102451698505976,1.0084454317829001,-0.060275321008375703,0,0,1,UNSTABLE,3.5216579527203585e-16,6.8506554558727437e-17,1
B1_D2_Guyan,B1,2,Guyan,full-grid,1994,29,50,89,1.0101631374503979,1.0083652709823554,-0.060241551609436984,0,0,1,UNSTABLE,4.5606412701531894e-16,6.8506554558727437e-17,1
B1_D2_Guyan,B1,2,Guyan,full-grid,1995,29,51,90,1.010080355463491,1.0082840934077559,-0.060212220305780446,0,0,1,UNSTABLE,1.8291623328921388e-16,6.8506554558727437e-17,1
B1_D2_Guyan,B1,2,Guyan,full-grid,1996,29,52,91,1.0099970089338015,1.0082020847117545,-0.060187327886338446,0,0,1,UNSTABLE,3.5612382216690813e-16,6.8506554558727437e-17,1
B1_D2_Guyan,B1,2,Guyan,full-grid,1997,29,53,92,1.0099132798881085,1.0081194275256316,-0.06016687410652119,0,0,1,UNSTABLE,4.0823950318790702e-16,6.8506554558727437e-17,1
B1_D2_Guyan,B1,2,Guyan,full-grid,1998,29,54,93,1.0098293482374798,1.0080363023431553,-0.060150858016094398,0,0,1,UNSTABLE,3.4732184802627411e-16,6.850655455872745e-17,1
B1_D2_Guyan,B1,2,Guyan,full-grid,1999,29,55,94,1.0097453927078914,1.0079528884398565,-0.060139278184598084,0,0,1,UNSTABLE,4.0908030014395649e-16,6.8506554558727437e-17,1
B1_D2_Guyan,B1,2,Guyan,full-grid,2000,29,56,95,1.009661591798277,1.007869364826238,-0.060132132819200129,0,0,1,UNSTABLE,6.9614941016434289e-16,6.8506554558727437e-17,1
B1_D2_Guyan,B1,2,Guyan,full-grid,2001,29,57,96,1.0095781247639846,1.0077859112332828,-0.06012941976824223,0,0,1,UNSTABLE,5.0292329044671891e-16,6.8506554558727437e-17,1
B1_D2_Guyan,B1,2,Guyan,full-grid,2002,29,58,97,1.0094951726226959,1.0077027091278403,-0.060131136401520943,0,0,1,UNSTABLE,2.3478774984742111e-16,6.8506554558727437e-17,1
B1_D2_Guyan,B1,2,Guyan,full-grid,2003,29,59,98,1.0094129191779011,1.0076199427536388,-0.060137279356533284,0,0,1,UNSTABLE,3.4072576004801253e-16,6.850655455872745e-17,1
B1_D2_Guyan,B1,2,Guyan,full-grid,2004,29,60,99,1.0093315520539627,1.0075378001927711,-0.060147844137368692,0,0,1,UNSTABLE,2.028648554007525e-16,6.850655455872745e-17,1
B1_D2_Guyan,B1,2,Guyan,full-grid,2005,29,61,100,1.0092512637331186,1.0074564744389436,-0.060162824550973507,0,0,1,UNSTABLE,4.9939029644954884e-16,6.850655455872745e-17,1
B1_D2_Guyan,B1,2,Guyan,full-grid,2006,29,62,101,1.0091722525819584,1.0073761644711303,-0.060182211963156262,0,0,1,UNSTABLE,4.6095363463462059e-16,6.8506554558727437e-17,1
B1_D2_Guyan,B1,2,Guyan,full-grid,2007,29,63,102,1.0090947238498993,1.0072970763113722,-0.06020599435492939,0,0,1,UNSTABLE,2.6888200286070125e-16,6.850655455872745e-17,1
B1_D2_Guyan,B1,2,Guyan,full-grid,2008,29,64,103,1.0090188906170645,1.0072194240454646,-0.060234155158131263,0,0,1,UNSTABLE,3.2785337962548511e-16,6.850655455872745e-17,1
B1_D2_Guyan,B1,2,Guyan,full-grid,2009,29,65,104,1.008944974661736,1.0071434307780727,-0.060266671848914995,0,0,1,UNSTABLE,4.4304019379065085e-16,6.8506554558727437e-17,1
B1_D2_Guyan,B1,2,Guyan,full-grid,2010,29,66,105,1.0088732072096667,1.0070693294859654,-0.060303514277421026,0,0,1,UNSTABLE,3.0373226382742659e-16,6.8506554558727437e-17,1
B1_D2_Guyan,B1,2,Guyan,full-grid,2011,30,0,40,1.0084934243802086,1.0065150682273964,-0.0631379794523,0,0,1,UNSTABLE,1.186411537097679e-16,8.8843936914985139e-17,1
B1_D2_Guyan,B1,2,Guyan,full-grid,2012,30,1,41,1.008658564888216,1.0066771195728297,-0.063192384437575203,0,0,1,UNSTABLE,3.8460841812116578e-16,6.8506554558727437e-17,1
B1_D2_Guyan,B1,2,Guyan,full-grid,2013,30,2,42,1.0088259480403914,1.0068421694994996,-0.063234793880706797,0,0,1,UNSTABLE,1.470548753055703e-16,6.8506554558727437e-17,1
B1_D2_Guyan,B1,2,Guyan,full-grid,2014,30,3,43,1.0089944992591025,1.0070091573160229,-0.063264971483439777,0,0,1,UNSTABLE,2.1755252116973187e-16,6.850655455872745e-17,1
B1_D2_Guyan,B1,2,Guyan,full-grid,2015,30,4,44,1.0091631263686214,1.0071769965787793,-0.063282803229942883,0,0,1,UNSTABLE,1.21134642218638e-16,6.850655455872745e-17,1
B1_D2_Guyan,B1,2,Guyan,full-grid,2016,30,5,45,1.0093307381964984,1.0073445935201968,-0.063288300450539695,0,0,1,UNSTABLE,4.1889870590368005e-16,6.8506554558727437e-17,1
B1_D2_Guyan,B1,2,Guyan,full-grid,2017,30,6,46,1.0094962632168192,1.0075108657583547,-0.063281599439109701,0,0,1,UNSTABLE,1.6918469370400412e-16,6.850655455872745e-17,1
B1_D2_Guyan,B1,2,Guyan,full-grid,2018,30,7,47,1.0096586674774293,1.0076747605260508,-0.063262957653467539,0,0,1,UNSTABLE,2.8208638146335673e-16,6.8506554558727437e-17,1
B1_D2_Guyan,B1,2,Guyan,full-grid,2019,30,8,48,1.0098169711039819,1.0078352716947805,-0.063232746718202046,0,0,1,UNSTABLE,2.5612281367698801e-16,6.8506554558727437e-17,1
B1_D2_Guyan,B1,2,Guyan,full-grid,2020,30,9,49,1.0099702627752125,1.007991454958661,-0.063191442621239768,0,0,1,UNSTABLE,1.8317247553159418e-16,6.8506554558727437e-17,1
B1_D2_Guyan,B1,2,Guyan,full-grid,2021,30,10,50,1.010117711705284,1.008142440675698,-0.063139613628574592,0,0,1,UNSTABLE,1.3785514517625581e-16,6.850655455872745e-17,1
B1_D2_Guyan,B1,2,Guyan,full-grid,2022,30,11,51,1.0102585768341112,1.008287444023112,-0.063077906530128972,0,0,1,UNSTABLE,1.049506176991912e-16,6.8506554558727437e-17,1
B1_D2_Guyan,B1,2,Guyan,full-grid,2023,30,12,52,1.0103922130988825,1.0084257722937757,-0.063007031865971549,0,0,1,UNSTABLE,1.9877854782568651e-16,6.850655455872745e-17,1
B1_D2_Guyan,B1,2,Guyan,full-grid,2024,30,13,53,1.0105180748229072,1.008556829325137,-0.062927748771276992,0,0,1,UNSTABLE,3.6672832500956607e-16,6.850655455872745e-17,1
B1_D2_Guyan,B1,2,Guyan,full-grid,2025,30,14,54,1.0106357163989579,1.0086801171973998,-0.062840850025079081,0,0,1,UNSTABLE,2.5392871037241261e-16,6.850655455872745e-17,1
B1_D2_Guyan,B1,2,Guyan,full-grid,2026,30,15,55,1.0107447905542839,1.008795235454214,-0.062747147803707076,0,0,1,UNSTABLE,2.6075729332737015e-16,6.8506554558727437e-17,1
B1_D2_Guyan,B1,2,Guyan,full-grid,2027,30,16,56,1.0108450445596606,1.0089018781819767,-0.062647460536736976,0,0,1,UNSTABLE,1.7676303769341253e-16,6.8506554558727437e-17,1
B1_D2_Guyan,B1,2,Guyan,full-grid,2028,30,17,57,1.0109363147850936,1.0089998293321847,-0.062542601152239599,0,0,1,UNSTABLE,2.6511266883874492e-16,6.8506554558727437e-17,1
B1_D2_Guyan,B1,2,Guyan,full-grid,2029,30,18,58,1.0110185200139883,1.0090889566882189,-0.062433366889489125,0,0,1,UNSTABLE,5.4497103104574534e-16,6.8506554558727437e-17,1
B1_D2_Guyan,B1,2,Guyan,full-grid,2030,30,19,59,1.0110916539109056,1.0091692048681249,-0.062320530759352975,0,0,1,UNSTABLE,2.1363517056605901e-16,6.850655455872745e-17,1
B1_D2_Guyan,B1,2,Guyan,full-grid,2031,30,20,60,1.0111557770026791,1.0092405877253507,-0.06220483464876253,0,0,1,UNSTABLE,2.5320329151288445e-16,6.850655455872745e-17,1
B1_D2_Guyan,B1,2,Guyan,full-grid,2032,30,21,61,1.0112110084851886,1.0093031804663086,-0.062086984000080413,0,0,1,UNSTABLE,3.6400896728597583e-16,6.8506554558727437e-17,1
B1_D2_Guyan,B1,2,Guyan,full-grid,2033,30,22,62,1.0112575181143542,1.0093571117529911,-0.061967643947977713,0,0,1,UNSTABLE,1.9574105388716263e-16,6.850655455872745e-17,1
B1_D2_Guyan,B1,2,Guyan,full-grid,2034,30,23,63,1.0112955183852714,1.0094025560061288,-0.061847436765224251,0,0,1,UNSTABLE,3.0540642496715087e-16,6.8506554558727437e-17,1
B1_D2_Guyan,B1,2,Guyan,full-grid,2035,30,24,64,1.0113252571513844,1.0094397260732428,-0.06172694045139749,0,0,1,UNSTABLE,4.0539384096948542e-16,6.8506554558727437e-17,1
B1_D2_Guyan,B1,2,Guyan,full-grid,2036,30,25,65,1.0113470107885436,1.0094688663789597,-0.061606688293564818,0,0,1,UNSTABLE,3.2401503614198921e-16,6.8506554558727437e-17,1
B1_D2_Guyan,B1,2,Guyan,full-grid,2037,30,26,66,1.0113610779682964,1.0094902466339448,-0.061487169231730678,0,0,1,UNSTABLE,2.1544869886109116e-16,6.850655455872745e-17,1
B1_D2_Guyan,B1,2,Guyan,full-grid,2038,30,27,67,1.0113677740715128,1.0095041561446396,-0.061368828871550422,0,0,1,UNSTABLE,3.4864975095946386e-16,6.8506554558727437e-17,1
B1_D2_Guyan,B1,2,Guyan,full-grid,2039,30,28,68,1.0113674262467698,1.0095108987381243,-0.061252071001394855,0,0,1,UNSTABLE,2.8286057271993232e-16,6.850655455872745e-17,1
B1_D2_Guyan,B1,2,Guyan,full-grid,2040,30,29,69,1.0113603690978643,1.0095107882950987,-0.061137259486967292,0,0,1,UNSTABLE,9.7200710019418812e-17,6.850655455872745e-17,1
B1_D2_Guyan,B1,2,Guyan,full-grid,2041,30,30,70,1.0113469409705573,1.0095041448683779,-0.061024720434176373,0,0,1,UNSTABLE,2.6532362272978422e-16,6.850655455872745e-17,1
B1_D2_Guyan,B1,2,Guyan,full-grid,2042,30,31,71,1.0113274807988568,1.0094912913532808,-0.060914744527477596,0,0,1,UNSTABLE,1.9352042111197967e-16,6.8506554558727437e-17,1
B1_D2_Guyan,B1,2,Guyan,full-grid,2043,30,32,72,1.0113023254654128,1.0094725506693663,-0.060807589467395819,0,0,1,UNSTABLE,2.4168431735985982e-16,6.8506554558727437e-17,1
B1_D2_Guyan,B1,2,Guyan,full-grid,2044,30,33,73,1.0112718076279807,1.0094482434093477,-0.060703482444964291,0,0,1,UNSTABLE,2.3277006684697317e-16,6.8506554558727437e-17,1
B1_D2_Guyan,B1,2,Guyan,full-grid,2045,30,34,74,1.0112362539633828,1.0094186859095573,-0.060602622604286858,0,0,1,UNSTABLE,3.8455895924974893e-16,6.8506554558727437e-17,1
B1_D2_Guyan,B1,2,Guyan,full-grid,2046,30,35,75,1.0111959837817883,1.0093841886969952,-0.060505183455039517,0,0,1,UNSTABLE,5.5190519510500587e-16,6.850655455872745e-17,1
B1_D2_Guyan,B1,2,Guyan,full-grid,2047,30,36,76,1.0111513079665739,1.0093450552697529,-0.060411315206777699,0,0,1,UNSTABLE,5.9563063796623391e-16,6.850655455872745e-17,1
B1_D2_Guyan,B1,2,Guyan,full-grid,2048,30,37,77,1.011102528198194,1.0093015811702972,-0.060321147004328911,0,0,1,UNSTABLE,2.5326308258078733e-16,6.8506554558727437e-17,1
B1_D2_Guyan,B1,2,Guyan,full-grid,2049,30,38,78,1.0110499364240073,1.0092540533141428,-0.0602347890505383,0,0,1,UNSTABLE,2.5008935626648853e-16,6.850655455872745e-17,1
B1_D2_Guyan,B1,2,Guyan,full-grid,2050,30,39,79,1.0109938145400614,1.0092027495402256,-0.060152334607336613,0,0,1,UNSTABLE,3.7766181651935313e-16,6.8506554558727437e-17,1
B1_D2_Guyan,B1,2,Guyan,full-grid,2051,30,40,80,1.0109344342543691,1.0091479383525201,-0.060073861870697694,0,0,1,UNSTABLE,2.0139652029388608e-16,6.8506554558727437e-17,1
B1_D2_Guyan,B1,2,Guyan,full-grid,2052,30,41,81,1.0108720571049157,1.0090898788260043,-0.059999435717714981,0,0,1,UNSTABLE,4.9749995534543825e-16,6.8506554558727437e-17,1
B1_D2_Guyan,B1,2,Guyan,full-grid,2053,30,42,82,1.010806934609306,1.0090288206535782,-0.059929109326858868,0,0,1,UNSTABLE,2.5422809309999808e-16,6.850655455872745e-17,1
B1_D2_Guyan,B1,2,Guyan,full-grid,2054,30,43,83,1.010739308525916,1.0089650043134355,-0.059862925673873031,0,0,1,UNSTABLE,3.7737899251018293e-16,6.8506554558727437e-17,1
B1_D2_Guyan,B1,2,Guyan,full-grid,2055,30,44,84,1.0106694112095507,1.0088986613394593,-0.059800918906878872,0,0,1,UNSTABLE,5.6398600305101653e-16,6.850655455872745e-17,1
B1_D2_Guyan,B1,2,Guyan,full-grid,2056,30,45,85,1.0105974660471777,1.0088300146797509,-0.059743115605316727,0,0,1,UNSTABLE,7.4451809556903561e-16,6.850655455872745e-17,1
B1_D2_Guyan,B1,2,Guyan,full-grid,2057,30,46,86,1.0105236879616659,1.0087592791307702,-0.059689535927288852,0,0,1,UNSTABLE,3.1048611968001554e-16,6.850655455872745e-17,1
B1_D2_Guyan,B1,2,Guyan,full-grid,2058,30,47,87,1.0104482839737128,1.0086866618368213,-0.059640194650175921,0,0,1,UNSTABLE,3.2009231925774728e-16,6.8506554558727437e-17,1
B1_D2_Guyan,B1,2,Guyan,full-grid,2059,30,48,88,1.0103714538138167,1.0086123628463373,-0.059595102108933179,0,0,1,UNSTABLE,2.0864165395833417e-16,6.8506554558727437e-17,1
B1_D2_Guyan,B1,2,Guyan,full-grid,2060,30,49,89,1.0102933905778977,1.0085365757181801,-0.05955426503645099,0,0,1,UNSTABLE,6.229596408195212e-16,6.8506554558727437e-17,1
B1_D2_Guyan,B1,2,Guyan,full-grid,2061,30,50,90,1.0102142814215225,1.0084594881726028,-0.059517687309360461,0,0,1,UNSTABLE,6.7388399242052906e-16,6.8506554558727437e-17,1
B1_D2_Guyan,B1,2,Guyan,full-grid,2062,30,51,91,1.0101343082888248,1.0083812827826877,-0.059485370602220394,0,0,1,UNSTABLE,3.4919934903288178e-16,6.850655455872745e-17,1
B1_D2_Guyan,B1,2,Guyan,full-grid,2063,30,52,92,1.0100536486733236,1.0083021377032853,-0.059457314951811037,0,0,1,UNSTABLE,2.7462543060114186e-16,6.850655455872745e-17,1
B1_D2_Guyan,B1,2,Guyan,full-grid,2064,30,53,93,1.0099724764083655,1.0082222274350294,-0.059433519232788015,0,0,1,UNSTABLE,3.9705754043291822e-16,6.8506554558727437e-17,1
B1_D2_Guyan,B1,2,Guyan,full-grid,2065,30,54,94,1.0098909624858508,1.0081417236220644,-0.059413981544169228,0,0,1,UNSTABLE,4.3931964875937356e-16,6.850655455872745e-17,1
B1_D2_Guyan,B1,2,Guyan,full-grid,2066,30,55,95,1.0098092759017443,1.0080607958820147,-0.059398699505328938,0,0,1,UNSTABLE,2.6617388528318557e-16,6.8506554558727437e-17,1
B1_D2_Guyan,B1,2,Guyan,full-grid,2067,30,56,96,1.0097275845276157,1.007979612667584,-0.059387670458441157,0,0,1,UNSTABLE,2.4790611635472161e-16,6.8506554558727437e-17,1
B1_D2_Guyan,B1,2,Guyan,full-grid,2068,30,57,97,1.0096460560066236,1.0078983421584282,-0.059380891573148901,0,0,1,UNSTABLE,1.232533764549147e-16,6.8506554558727437e-17,1
B1_D2_Guyan,B1,2,Guyan,full-grid,2069,30,58,98,1.0095648586724646,1.0078171531821778,-0.059378359847035142,0,0,1,UNSTABLE,4.4283495493387259e-16,6.850655455872745e-17,1
B1_D2_Guyan,B1,2,Guyan,full-grid,2070,30,59,99,1.0094841624886037,1.0077362161623853,-0.059380071994196426,0,0,1,UNSTABLE,1.4209729954213692e-16,6.8506554558727437e-17,1
B1_D2_Guyan,B1,2,Guyan,full-grid,2071,30,60,100,1.00940414000413,1.0076557040903322,-0.059386024211884186,0,0,1,UNSTABLE,2.6802415998948883e-16,6.850655455872745e-17,1
B1_D2_Guyan,B1,2,Guyan,full-grid,2072,30,61,101,1.0093249673203817,1.0075757935155507,-0.059396211813532898,0,0,1,UNSTABLE,3.9330467845859088e-16,6.850655455872745e-17,1
B1_D2_Guyan,B1,2,Guyan,full-grid,2073,30,62,102,1.0092468250608035,1.0074966655483868,-0.05941062871401169,0,0,1,UNSTABLE,3.7081865261327937e-16,6.850655455872745e-17,1
B1_D2_Guyan,B1,2,Guyan,full-grid,2074,30,63,103,1.0091698993325275,1.007418506864058,-0.059429266751457863,0,0,1,UNSTABLE,3.0312752404144694e-16,6.8506554558727437e-17,1
B1_D2_Guyan,B1,2,Guyan,full-grid,2075,30,64,104,1.0090943826649568,1.007341510694586,-0.05945211482798099,0,0,1,UNSTABLE,2.9913074080821019e-16,6.8506554558727437e-17,1
B1_D2_Guyan,B1,2,Guyan,full-grid,2076,30,65,105,1.0090204749053802,1.0072658777898367,-0.059479157850030308,0,0,1,UNSTABLE,4.0474292742826356e-16,6.8506554558727437e-17,1
B1_D2_Guyan,B1,2,Guyan,full-grid,2077,30,66,106,1.0089483840454805,1.0071918173227705,-0.059510375448667802,0,0,1,UNSTABLE,7.1409604776326934e-16,6.8506554558727437e-17,1
