route_id,contract_id,division,method,mode,point_order,l_samples,j_samples,physical_root_count,rho,dominant_root_real,dominant_root_imag,stable,critical,stability_code,stability_status,maximum_state_eigenpair_residual,transition_reconstruction_relative_error,overall_pass
B1_D1_Craig_Bampton,B1,1,Craig_Bampton,full-grid,1,0,0,18,0.99916868300920703,0.99903115636246598,-0.016577265257789301,1,0,-1,STABLE,2.2852584932487178e-16,1.2235192698296831e-16,1
B1_D1_Craig_Bampton,B1,1,Craig_Bampton,full-grid,2,0,1,19,0.99921958117510523,0.99908191780297839,-0.016585925445251015,1,0,-1,STABLE,2.5629991931267709e-16,1.6555692682568185e-16,1
B1_D1_Craig_Bampton,B1,1,Craig_Bampton,full-grid,3,0,2,20,0.9992706604794106,0.99913287312386345,-0.016593816264232814,1,0,-1,STABLE,2.7472542662815227e-16,1.6555692688326296e-16,1
B1_D1_Craig_Bampton,B1,1,Craig_Bampton,full-grid,4,0,3,21,0.99932190547968858,0.99918400698893295,-0.016600932175500953,1,0,-1,STABLE,2.6767875767038145e-16,1.6555692688143154e-16,1
B1_D1_Craig_Bampton,B1,1,Craig_Bampton,full-grid,5,0,4,22,0.99937330054962359,0.99923530387015147,-0.016607268016579625,1,0,-1,STABLE,2.7112841871869757e-16,1.6555692688143154e-16,1
B1_D1_Craig_Bampton,B1,1,Craig_Bampton,full-grid,6,0,5,23,0.99942482988823378,0.9992867480566795,-0.01661281900917605,1,0,-1,STABLE,5.9059132382120185e-16,1.6555692688143154e-16,1
B1_D1_Craig_Bampton,B1,1,Craig_Bampton,full-grid,7,0,6,24,0.99947647752936886,0.9993383236642075,-0.016617580766355181,1,0,-1,STABLE,1.8108736199714807e-16,1.6555692688326298e-16,1
B1_D1_Craig_Bampton,B1,1,Craig_Bampton,full-grid,8,0,7,25,0.99952822735144253,0.99939001464452781,-0.016621549299851966,1,0,-1,STABLE,2.8140240141884735e-16,1.6555692688143154e-16,1
B1_D1_Craig_Bampton,B1,1,Craig_Bampton,full-grid,9,0,8,26,0.99958006308753389,0.99944180479548062,-0.016624721027153535,1,0,-1,STABLE,2.4253272907155333e-16,1.6555692688143154e-16,1
B1_D1_Craig_Bampton,B1,1,Craig_Bampton,full-grid,10,0,9,27,0.99963196833577683,0.99949367777119624,-0.016627092778580217,1,0,-1,STABLE,2.9126382285439781e-16,1.6555692688143154e-16,1
B1_D1_Craig_Bampton,B1,1,Craig_Bampton,full-grid,11,0,10,28,0.99968392657014182,0.99954561709273593,-0.016628661804202079,1,0,-1,STABLE,2.8753072670828078e-16,1.6555692688326298e-16,1
B1_D1_Craig_Bampton,B1,1,Craig_Bampton,full-grid,12,0,11,29,0.99973592115157173,0.99959760615908788,-0.016629425780896712,1,0,-1,STABLE,2.4760306069592541e-16,1.6555692688143154e-16,1
B1_D1_Craig_Bampton,B1,1,Craig_Bampton,full-grid,13,0,12,30,0.99978793533954247,0.99964962825860526,-0.016629382818905341,1,0,-1,STABLE,2.7141324989083148e-16,1.6555692688143154e-16,1
B1_D1_Craig_Bampton,B1,1,Craig_Bampton,full-grid,14,0,13,31,0.99983995230408029,0.99970166658089643,-0.016628531468644007,1,0,-1,STABLE,3.9142930131285349e-16,1.6555692688143154e-16,1
B1_D1_Craig_Bampton,B1,1,Craig_Bampton,full-grid,15,0,14,32,0.99989195513814633,0.99975370422910737,-0.016626870726737273,1,0,-1,STABLE,3.3495669421252426e-16,1.6555692688326293e-16,1
B1_D1_Craig_Bampton,B1,1,Craig_Bampton,full-grid,16,0,15,33,0.99994392687060429,0.99980572423277558,-0.016624400042702103,1,0,-1,STABLE,3.171346788811773e-16,1.6555692688143154e-16,1
B1_D1_Craig_Bampton,B1,1,Craig_Bampton,full-grid,17,0,16,34,0.99999585047956885,0.99985770956109776,-0.016621119324276328,1,0,-1,STABLE,3.9152478441909937e-16,1.6555692688143154e-16,1
B1_D1_Craig_Bampton,B1,1,Craig_Bampton,full-grid,18,0,17,35,1.0000477089062949,0.99990964313672948,-0.016617028943456912,0,0,1,UNSTABLE,2.4689038603809464e-16,1.6555692688143154e-16,1
B1_D1_Craig_Bampton,B1,1,Craig_Bampton,full-grid,19,0,18,36,1.0000994850695604,0.99996150785010163,-0.016612129741577723,0,0,1,UNSTABLE,1.5662516345443901e-16,1.6555692688326298e-16,1
B1_D1_Craig_Bampton,B1,1,Craig_Bampton,full-grid,20,0,19,37,1.000151161880543,1.0000132865742408,-0.016606423034031582,0,0,1,UNSTABLE,1.7740240004314982e-16,1.6555692688143152e-16,1
B1_D1_Craig_Bampton,B1,1,Craig_Bampton,full-grid,21,0,20,38,1.0002027222582124,1.0000649621801161,-0.016599910614867878,0,0,1,UNSTABLE,4.3021210343239608e-16,1.6555692688143154e-16,1
B1_D1_Craig_Bampton,B1,1,Craig_Bampton,full-grid,22,0,21,39,1.0002541491451864,1.0001165175524673,-0.016592594760491387,0,0,1,UNSTABLE,3.6377225959756619e-16,1.6555692688143152e-16,1
B1_D1_Craig_Bampton,B1,1,Craig_Bampton,full-grid,23,0,22,40,1.0003054255240973,1.000167935606157,-0.016584478233074997,0,0,1,UNSTABLE,2.204638763848858e-16,1.6555692688326296e-16,1
B1_D1_Craig_Bampton,B1,1,Craig_Bampton,full-grid,24,0,23,41,1.0003565344343999,1.0002191993029799,-0.016575564283258671,0,0,1,UNSTABLE,1.8837409761966775e-16,1.6555692688143154e-16,1
B1_D1_Craig_Bampton,B1,1,Craig_Bampton,full-grid,25,0,24,42,1.000407458989631,1.0002702916689428,-0.016565856652120851,0,0,1,UNSTABLE,2.6847958441413391e-16,1.6555692688143154e-16,1
B1_D1_Craig_Bampton,B1,1,Craig_Bampton,full-grid,26,0,25,43,1.0004581823950791,1.0003211958119684,-0.016555359572618739,0,0,1,UNSTABLE,2.210882917549491e-16,1.6555692688143154e-16,1
B1_D1_Craig_Bampton,B1,1,Craig_Bampton,full-grid,27,0,26,44,1.0005086879658014,1.0003718949399705,-0.016544077770070557,0,0,1,UNSTABLE,3.4890653019700141e-16,1.6555692688326298e-16,1
B1_D1_Craig_Bampton,B1,1,Craig_Bampton,full-grid,28,0,27,45,1.0005589591450437,1.0004223723793451,-0.016532016461903144,0,0,1,UNSTABLE,2.2946709770287815e-16,1.6555692688143154e-16,1
B1_D1_Craig_Bampton,B1,1,Craig_Bampton,full-grid,29,0,28,46,1.0006089795228492,1.0004726115936766,-0.016519181356409986,0,0,1,UNSTABLE,2.6924575747306026e-16,1.6555692688143152e-16,1
B1_D1_Craig_Bampton,B1,1,Craig_Bampton,full-grid,30,0,29,47,1.0006587328549714,1.0005225962027606,-0.016505578651014482,0,0,1,UNSTABLE,1.4119059273119442e-16,1.6555692688143154e-16,1
B1_D1_Craig_Bampton,B1,1,Craig_Bampton,full-grid,31,0,30,48,1.0007082030819712,1.0005723100018402,-0.016491215028886685,0,0,1,UNSTABLE,3.9408530484030277e-16,1.6555692688326293e-16,1
B1_D1_Craig_Bampton,B1,1,Craig_Bampton,full-grid,32,0,31,49,1.0007573743483871,1.0006217369809298,-0.016476097655229911,0,0,1,UNSTABLE,3.9935828921594967e-16,1.6555692688143154e-16,1
B1_D1_Craig_Bampton,B1,1,Craig_Bampton,full-grid,33,0,32,50,1.0008062310219652,1.0006708613442226,-0.016460234172176569,0,0,1,UNSTABLE,3.8231985730101353e-16,1.6555692688143154e-16,1
B1_D1_Craig_Bampton,B1,1,Craig_Bampton,full-grid,34,0,33,51,1.0008547577129043,1.0007196675295358,-0.016443632692680298,0,0,1,UNSTABLE,2.8796936718076632e-16,1.6555692688143154e-16,1
B1_D1_Craig_Bampton,B1,1,Craig_Bampton,full-grid,35,0,34,52,1.0009029392929685,1.0007681402276414,-0.016426301793515116,0,0,1,UNSTABLE,2.7142980006005997e-16,1.6555692688326298e-16,1
B1_D1_Craig_Bampton,B1,1,Craig_Bampton,full-grid,36,0,35,53,1.0009507609144463,1.0008162644014695,-0.016408250506895507,0,0,1,UNSTABLE,3.410403262599363e-16,1.6555692688143152e-16,1
B1_D1_Craig_Bampton,B1,1,Craig_Bampton,full-grid,37,0,36,54,1.0009982080288433,1.0008640253050587,-0.016389488311424755,0,0,1,UNSTABLE,1.9698672273316704e-16,1.6555692688143154e-16,1
B1_D1_Craig_Bampton,B1,1,Craig_Bampton,full-grid,38,0,37,55,1.00104526640528,1.000911408502241,-0.016370025121482577,0,0,1,UNSTABLE,2.1135562170826327e-16,1.6555692688143152e-16,1
B1_D1_Craig_Bampton,B1,1,Craig_Bampton,full-grid,39,0,38,56,1.0010919221484345,1.0009583998848839,-0.016349871275947694,0,0,1,UNSTABLE,1.9815400495702009e-16,1.6555692688326296e-16,1
B1_D1_Craig_Bampton,B1,1,Craig_Bampton,full-grid,40,0,39,57,1.0011381617160309,1.0010049856907013,-0.016329037525609137,0,0,1,UNSTABLE,2.7289488497283907e-16,1.6555692688143154e-16,1
B1_D1_Craig_Bampton,B1,1,Craig_Bampton,full-grid,41,0,40,58,1.0011839719357334,1.0010511525204886,-0.016307535019528203,0,0,1,UNSTABLE,6.1916753443660936e-16,1.6555692688143154e-16,1
B1_D1_Craig_Bampton,B1,1,Craig_Bampton,full-grid,42,0,41,59,1.0012293400214065,1.0010968873547372,-0.016285375290667516,0,0,1,UNSTABLE,1.9600608050508012e-16,1.6555692688143154e-16,1
B1_D1_Craig_Bampton,B1,1,Craig_Bampton,full-grid,43,0,42,60,1.0012742535886154,1.0011421775695117,-0.016262570240132529,0,0,1,UNSTABLE,3.598867915506768e-16,1.6555692688326298e-16,1
B1_D1_Craig_Bampton,B1,1,Craig_Bampton,full-grid,44,0,43,61,1.0013187006693907,1.001187010951599,-0.016239132120882828,0,0,1,UNSTABLE,2.8923869874744797e-16,1.6555692688143154e-16,1
B1_D1_Craig_Bampton,B1,1,Craig_Bampton,full-grid,45,0,44,62,1.0013626697260363,1.0012313757127207,-0.016215073520258673,0,0,1,UNSTABLE,1.8181664048638302e-16,1.6555692688143152e-16,1
B1_D1_Craig_Bampton,B1,1,Craig_Bampton,full-grid,46,0,45,63,1.001406149664112,1.0012752605029269,-0.016190407341935806,0,0,1,UNSTABLE,2.6680386397862945e-16,1.6555692688143154e-16,1
B1_D1_Craig_Bampton,B1,1,Craig_Bampton,full-grid,47,0,46,64,1.0014491298443138,1.0013186544229027,-0.016165146786859628,0,0,1,UNSTABLE,3.5942692858289453e-16,1.6555692688326293e-16,1
B1_D1_Craig_Bampton,B1,1,Craig_Bampton,full-grid,48,0,47,65,1.0014916000933696,1.0013615470352959,-0.016139305333766139,0,0,1,UNSTABLE,1.7937017435708641e-16,1.6555692688143154e-16,1
B1_D1_Craig_Bampton,B1,1,Craig_Bampton,full-grid,49,0,48,66,1.0015335507138496,1.0014039283749678,-0.016112896718890039,0,0,1,UNSTABLE,2.02867298797139e-16,1.6555692688143154e-16,1
B1_D1_Craig_Bampton,B1,1,Craig_Bampton,full-grid,50,0,49,67,1.0015749724928023,1.0014457889580752,-0.016085934915197077,0,0,1,UNSTABLE,3.7689504818821598e-16,1.6555692688143154e-16,1
B1_D1_Craig_Bampton,B1,1,Craig_Bampton,full-grid,51,0,50,68,1.0016158567092344,1.0014871197899988,-0.016058434111267738,0,0,1,UNSTABLE,4.6134294321960344e-16,1.6555692688326298e-16,1
B1_D1_Craig_Bampton,B1,1,Craig_Bampton,full-grid,52,0,51,69,1.0016561951403993,1.0015279123720853,-0.016030408689549303,0,0,1,UNSTABLE,5.5874505302124888e-16,1.6555692688143152e-16,1
B1_D1_Craig_Bampton,B1,1,Craig_Bampton,full-grid,53,0,52,70,1.0016959800668737,1.0015681587071734,-0.016001873204618405,0,0,1,UNSTABLE,2.6594892614443292e-16,1.6555692688143154e-16,1
B1_D1_Craig_Bampton,B1,1,Craig_Bampton,full-grid,54,0,53,71,1.0017352042763978,1.0016078513038837,-0.015972842361130498,0,0,1,UNSTABLE,2.3988610580436838e-16,1.6555692688143152e-16,1
B1_D1_Craig_Bampton,B1,1,Craig_Bampton,full-grid,55,0,54,72,1.001773861066469,1.0016469831796617,-0.015943330991475262,0,0,1,UNSTABLE,2.9273992242960128e-16,1.6555692688326296e-16,1
B1_D1_Craig_Bampton,B1,1,Craig_Bampton,full-grid,56,0,55,73,1.0018119442457316,1.0016855478626066,-0.015913354033728174,0,0,1,UNSTABLE,3.3265182703118806e-16,1.6555692688143154e-16,1
B1_D1_Craig_Bampton,B1,1,Craig_Bampton,full-grid,57,0,56,74,1.0018494481341285,1.0017235393920585,-0.015882926509456802,0,0,1,UNSTABLE,2.577481985540026e-16,1.6555692688143154e-16,1
B1_D1_Craig_Bampton,B1,1,Craig_Bampton,full-grid,58,0,57,75,1.0018863675618332,1.0017609523179585,-0.015852063501686341,0,0,1,UNSTABLE,2.5071836615725615e-16,1.6555692688143154e-16,1
B1_D1_Craig_Bampton,B1,1,Craig_Bampton,full-grid,59,0,58,76,1.0019226978670517,1.0017977816990653,-0.015820780133204166,0,0,1,UNSTABLE,4.0838125631542547e-16,1.6555692688326298e-16,1
B1_D1_Craig_Bampton,B1,1,Craig_Bampton,full-grid,60,0,59,77,1.0019584348926298,1.0018340230999709,-0.015789091544966379,0,0,1,UNSTABLE,2.3755653634591172e-16,1.6555692688143154e-16,1
B1_D1_Craig_Bampton,B1,1,Craig_Bampton,full-grid,61,0,60,78,1.0019935749815383,1.0018696725869756,-0.015757012875212761,0,0,1,UNSTABLE,4.3077479384652154e-16,1.6555692688143152e-16,1
B1_D1_Craig_Bampton,B1,1,Craig_Bampton,full-grid,62,0,61,79,1.0020281149713521,1.0019047267229517,-0.015724559238626888,0,0,1,UNSTABLE,3.7081981651194862e-16,1.6555692688143154e-16,1
B1_D1_Craig_Bampton,B1,1,Craig_Bampton,full-grid,63,0,62,80,1.0020620521876036,1.0019391825610575,-0.015691745706311842,0,0,1,UNSTABLE,5.5401436927268573e-16,1.6555692688326293e-16,1
B1_D1_Craig_Bampton,B1,1,Craig_Bampton,full-grid,64,0,63,81,1.002095384436249,1.0019730376375557,-0.015658587286308642,0,0,1,UNSTABLE,2.0856632839329453e-16,1.6555692688143154e-16,1
B1_D1_Craig_Bampton,B1,1,Craig_Bampton,full-grid,65,0,64,82,1.0021281099951771,1.0020062899636544,-0.015625098904606265,0,0,1,UNSTABLE,2.3569050728958417e-16,1.6555692688143154e-16,1
B1_D1_Craig_Bampton,B1,1,Craig_Bampton,full-grid,66,0,65,83,1.0021602276048438,1.0020389380164567,-0.015591295386977547,0,0,1,UNSTABLE,2.736402736618971e-16,1.6555692688143154e-16,1
B1_D1_Craig_Bampton,B1,1,Craig_Bampton,full-grid,67,0,66,84,1.0021917364581161,1.0020709807291017,-0.01555719144158034,0,0,1,UNSTABLE,2.2200541586972452e-16,1.6555692688326298e-16,1
B1_D1_Craig_Bampton,B1,1,Craig_Bampton,full-grid,68,1,0,19,0.99917137245407495,0.99903383173823634,-0.016578135425232576,1,0,-1,STABLE,1.8080102746623085e-16,1.3204866093283045e-16,1
B1_D1_Craig_Bampton,B1,1,Craig_Bampton,full-grid,69,1,1,20,0.99922228437498872,0.99908460754689754,-0.016586758406416314,1,0,-1,STABLE,3.2228913220363276e-16,1.22050306014367e-16,1
B1_D1_Craig_Bampton,B1,1,Craig_Bampton,full-grid,70,1,2,21,0.9992733764197167,0.99913557622987992,-0.016594611566606392,1,0,-1,STABLE,3.1459051038472796e-16,1.2205030601189525e-16,1
B1_D1_Craig_Bampton,B1,1,Craig_Bampton,full-grid,71,1,3,22,0.99932463312874065,0.99918672243326934,-0.016601689400564602,1,0,-1,STABLE,3.2160301480891885e-16,1.2205030601189525e-16,1
B1_D1_Craig_Bampton,B1,1,Craig_Bampton,full-grid,72,1,4,23,0.99937603886002047,0.99923803061264516,-0.016607986780685279,1,0,-1,STABLE,3.9823814009523107e-16,1.2205030601189525e-16,1
B1_D1_Craig_Bampton,B1,1,Craig_Bampton,full-grid,73,1,5,24,0.99942757779826408,0.99928948504217974,-0.016613498964412096,1,0,-1,STABLE,2.3058026191825299e-16,1.22050306014367e-16,1
B1_D1_Craig_Bampton,B1,1,Craig_Bampton,full-grid,74,1,6,25,0.99947923396442206,0.99934106982397453,-0.016618221601070439,1,0,-1,STABLE,2.3359885596325586e-16,1.2205030601189525e-16,1
B1_D1_Craig_Bampton,B1,1,Craig_Bampton,full-grid,75,1,7,26,0.99953099122551392,0.99939276889772222,-0.01662215073937507,1,0,-1,STABLE,3.7141476577118774e-16,1.2205030601189525e-16,1
B1_D1_Craig_Bampton,B1,1,Craig_Bampton,full-grid,76,1,8,27,0.9995828333047021,0.99944456605063015,-0.016625282834397345,1,0,-1,STABLE,2.2689352784910737e-16,1.2205030601189523e-16,1
B1_D1_Craig_Bampton,B1,1,Craig_Bampton,full-grid,77,1,9,28,0.99963474379175832,0.99949644492774137,-0.016627614754398473,1,0,-1,STABLE,2.3838388172491776e-16,1.22050306014367e-16,1
B1_D1_Craig_Bampton,B1,1,Craig_Bampton,full-grid,78,1,10,29,0.99968670615383171,0.99954838904255805,-0.016629143788070851,1,0,-1,STABLE,1.5980944507762897e-16,1.2205030601189523e-16,1
B1_D1_Craig_Bampton,B1,1,Craig_Bampton,full-grid,79,1,11,30,0.99973870374665119,0.99960038178811317,-0.016629867651092031,1,0,-1,STABLE,4.6043305128695657e-16,1.2205030601189525e-16,1
B1_D1_Craig_Bampton,B1,1,Craig_Bampton,full-grid,80,1,12,31,0.99979071982607626,0.99965240644839248,-0.016629784492940371,1,0,-1,STABLE,3.5721169450911348e-16,1.2205030601189523e-16,1
B1_D1_Craig_Bampton,B1,1,Craig_Bampton,full-grid,81,1,13,32,0.99984273756014319,0.99970444621026366,-0.016628892903361111,1,0,-1,STABLE,4.3217443957900645e-16,1.2205030601436703e-16,1
B1_D1_Craig_Bampton,B1,1,Craig_Bampton,full-grid,82,1,14,33,0.99989474004148138,0.999756484175782,-0.01662719191868901,1,0,-1,STABLE,3.5451325521062968e-16,1.2205030601189525e-16,1
B1_D1_Craig_Bampton,B1,1,Craig_Bampton,full-grid,83,1,15,34,0.99994671030026649,0.9998085033750439,-0.01662468102791826,1,0,-1,STABLE,2.6178378220921127e-16,1.2205030601189525e-16,1
B1_D1_Craig_Bampton,B1,1,Craig_Bampton,full-grid,84,1,16,35,0.99999863131759037,0.99986048677946449,-0.016621360178587497,1,0,-1,STABLE,4.6297920927662118e-16,1.2205030601189525e-16,1
B1_D1_Craig_Bampton,B1,1,Craig_Bampton,full-grid,85,1,17,36,1.0000504860393604,0.99991241731559743,-0.016617229782344353,0,0,1,UNSTABLE,5.3997197701674304e-16,1.2205030601436703e-16,1
B1_D1_Craig_Bampton,B1,1,Craig_Bampton,full-grid,86,1,18,37,1.0001022573906959,0.99996427787946818,-0.01661229071981063,0,0,1,UNSTABLE,2.342441069384563e-16,1.2205030601189525e-16,1
B1_D1_Craig_Bampton,B1,1,Craig_Bampton,full-grid,87,1,19,38,1.0001539282907701,1.0000160513513525,-0.016606544345767988,0,0,1,UNSTABLE,4.4772834866115137e-16,1.2205030601189525e-16,1
B1_D1_Craig_Bampton,B1,1,Craig_Bampton,full-grid,88,1,20,39,1.0002054816682193,1.0000677206111508,-0.016599992493131498,0,0,1,UNSTABLE,5.1504511363682513e-16,1.2205030601189525e-16,1
B1_D1_Craig_Bampton,B1,1,Craig_Bampton,full-grid,89,1,21,40,1.0002569004769806,1.0001192685541955,-0.016592637476825524,0,0,1,UNSTABLE,2.4843065187774993e-16,1.22050306014367e-16,1
B1_D1_Craig_Bampton,B1,1,Craig_Bampton,full-grid,90,1,22,41,1.0003081677126533,1.0001706781076005,-0.016584482097082031,0,0,1,UNSTABLE,1.7702868662104909e-16,1.2205030601189525e-16,1
B1_D1_Craig_Bampton,B1,1,Craig_Bampton,full-grid,91,1,23,42,1.0003592664292766,1.000221932247042,-0.016575529642048333,0,0,1,UNSTABLE,2.6797956084252795e-16,1.2205030601189525e-16,1
B1_D1_Craig_Bampton,B1,1,Craig_Bampton,full-grid,92,1,24,43,1.0004101797565748,1.0002730140140257,-0.016565783889655437,0,0,1,UNSTABLE,1.7301857889735967e-16,1.2205030601189523e-16,1
B1_D1_Craig_Bampton,B1,1,Craig_Bampton,full-grid,93,1,25,44,1.0004608909175818,1.0003239065335479,-0.016555249109063846,0,0,1,UNSTABLE,3.8622886571342719e-16,1.2205030601436703e-16,1
B1_D1_Craig_Bampton,B1,1,Craig_Bampton,full-grid,94,1,26,45,1.0005113832466497,1.0003745930321635,-0.016543930060835592,0,0,1,UNSTABLE,3.3251086017174064e-16,1.2205030601189523e-16,1
B1_D1_Craig_Bampton,B1,1,Craig_Bampton,full-grid,95,1,27,46,1.0005616402077875,1.0004250568563968,-0.016531831996871988,0,0,1,UNSTABLE,3.6364624739881009e-16,1.2205030601189525e-16,1
B1_D1_Craig_Bampton,B1,1,Craig_Bampton,full-grid,96,1,28,47,1.0006116454132774,1.000475281491457,-0.016518960659076005,0,0,1,UNSTABLE,1.7888004039706813e-16,1.2205030601189523e-16,1
B1_D1_Craig_Bampton,B1,1,Craig_Bampton,full-grid,97,1,29,48,1.000661382642505,1.0005252505801825,-0.016505322277166279,0,0,1,UNSTABLE,2.114275466784919e-16,1.2205030601436703e-16,1
B1_D1_Craig_Bampton,B1,1,Craig_Bampton,full-grid,98,1,30,49,1.00071083586101,1.0005749479422268,-0.016490923565738971,0,0,1,UNSTABLE,2.3245560954805699e-16,1.2205030601189525e-16,1
B1_D1_Craig_Bampton,B1,1,Craig_Bampton,full-grid,99,1,31,50,1.0007599892395871,1.0006243575933205,-0.016475771720115186,0,0,1,UNSTABLE,3.2157312896907525e-16,1.2205030601189525e-16,1
B1_D1_Craig_Bampton,B1,1,Craig_Bampton,full-grid,100,1,32,51,1.0008088271734827,1.0006734637646422,-0.016459874411292083,0,0,1,UNSTABLE,3.735954197901159e-16,1.2205030601189525e-16,1
B1_D1_Craig_Bampton,B1,1,Craig_Bampton,full-grid,101,1,33,52,1.0008573343015337,1.0007222509221598,-0.016443239779847504,0,0,1,UNSTABLE,7.2696785826433892e-16,1.2205030601436703e-16,1
B1_D1_Craig_Bampton,B1,1,Craig_Bampton,full-grid,102,1,34,53,1.0009054955252448,1.0007707037859297,-0.016425876428697604,0,0,1,UNSTABLE,1.954320501027071e-16,1.2205030601189525e-16,1
B1_D1_Craig_Bampton,B1,1,Craig_Bampton,full-grid,103,1,35,54,1.0009532960276191,1.0008188073491677,-0.016407793414842428,0,0,1,UNSTABLE,4.8047989611104904e-16,1.2205030601189525e-16,1
B1_D1_Craig_Bampton,B1,1,Craig_Bampton,full-grid,104,1,36,55,1.001000721291835,1.0008665468971898,-0.016389000240086334,0,0,1,UNSTABLE,3.2433658362145402e-16,1.2205030601189525e-16,1
B1_D1_Craig_Bampton,B1,1,Craig_Bampton,full-grid,105,1,37,56,1.0010477571195076,1.0009139080259566,-0.016369506840579685,0,0,1,UNSTABLE,1.8388422566138302e-16,1.22050306014367e-16,1
B1_D1_Craig_Bampton,B1,1,Craig_Bampton,full-grid,106,1,38,57,1.0010943896485671,1.0009608766602565,-0.016349323575251873,0,0,1,UNSTABLE,1.9568767202114211e-16,1.2205030601189525e-16,1
B1_D1_Craig_Bampton,B1,1,Craig_Bampton,full-grid,107,1,39,58,1.00114060537065,1.0010074390714163,-0.016328461213357671,0,0,1,UNSTABLE,2.3113847187676495e-16,1.2205030601189525e-16,1
B1_D1_Craig_Bampton,B1,1,Craig_Bampton,full-grid,108,1,40,59,1.0011863911479146,1.0010535818944586,-0.016306930920919952,0,0,1,UNSTABLE,1.9187219691537604e-16,1.2205030601189523e-16,1
B1_D1_Craig_Bampton,B1,1,Craig_Bampton,full-grid,109,1,41,60,1.0012317342291663,1.0010992921445845,-0.016284744245950437,0,0,1,UNSTABLE,3.0735486556307774e-16,1.2205030601436703e-16,1
B1_D1_Craig_Bampton,B1,1,Craig_Bampton,full-grid,110,1,42,61,1.0012766222653302,1.001144557233018,-0.016261913103111425,0,0,1,UNSTABLE,5.7508391041454971e-16,1.2205030601189523e-16,1
B1_D1_Craig_Bampton,B1,1,Craig_Bampton,full-grid,111,1,43,62,1.0013210433240565,1.0011893649820018,-0.016238449757067428,0,0,1,UNSTABLE,2.812248925764433e-16,1.2205030601189525e-16,1
B1_D1_Craig_Bampton,B1,1,Craig_Bampton,full-grid,112,1,44,63,1.0013649859034672,1.0012337036389434,-0.016214366805261123,0,0,1,UNSTABLE,2.2899195473547368e-16,1.2205030601189523e-16,1
B1_D1_Craig_Bampton,B1,1,Craig_Bampton,full-grid,113,1,45,64,1.0014084389450095,1.0012775618896832,-0.016189677159604773,0,0,1,UNSTABLE,2.479159302715158e-16,1.2205030601436703e-16,1
B1_D1_Craig_Bampton,B1,1,Craig_Bampton,full-grid,114,1,46,65,1.0014513918452803,1.0013209288707416,-0.016164394027751716,0,0,1,UNSTABLE,4.0958400968566413e-16,1.2205030601189525e-16,1
B1_D1_Craig_Bampton,B1,1,Craig_Bampton,full-grid,115,1,47,66,1.0014938344668134,1.0013637941805396,-0.016138530893337284,0,0,1,UNSTABLE,2.2071592645861418e-16,1.2205030601189525e-16,1
B1_D1_Craig_Bampton,B1,1,Craig_Bampton,full-grid,116,1,48,67,1.001535757147777,1.001406147889536,-0.016112101495826845,0,0,1,UNSTABLE,1.5325852872491089e-16,1.2205030601189525e-16,1
B1_D1_Craig_Bampton,B1,1,Craig_Bampton,full-grid,117,1,49,68,1.0015771507105331,1.0014479805492305,-0.016085119809870308,0,0,1,UNSTABLE,1.9282104362929566e-16,1.2205030601436703e-16,1
B1_D1_Craig_Bampton,B1,1,Craig_Bampton,full-grid,118,1,50,69,1.0016180064690388,1.001489283200016,-0.01605760002396537,0,0,1,UNSTABLE,3.044239475208704e-16,1.2205030601189525e-16,1
B1_D1_Craig_Bampton,B1,1,Craig_Bampton,full-grid,119,1,51,70,1.0016583162350514,1.0015300473778312,-0.016029556519049349,0,0,1,UNSTABLE,3.3925463736965113e-16,1.2205030601189525e-16,1
B1_D1_Craig_Bampton,B1,1,Craig_Bampton,full-grid,120,1,52,71,1.001698072323095,1.0015702651195804,-0.016001003846575278,0,0,1,UNSTABLE,5.2320308661773554e-16,1.2205030601189525e-16,1
B1_D1_Craig_Bampton,B1,1,Craig_Bampton,full-grid,121,1,53,72,1.0017372675542424,1.0016099289673619,-0.015971956706558873,0,0,1,UNSTABLE,2.1411770826146269e-16,1.22050306014367e-16,1
B1_D1_Craig_Bampton,B1,1,Craig_Bampton,full-grid,122,1,54,73,1.0017758952586582,1.0016490319714586,-0.015942429925383566,0,0,1,UNSTABLE,2.588963948282628e-16,1.2205030601189525e-16,1
B1_D1_Craig_Bampton,B1,1,Craig_Bampton,full-grid,123,1,55,74,1.0018139492768803,1.0016875676920587,-0.015912438433724342,0,0,1,UNSTABLE,4.8683651304334548e-16,1.2205030601189525e-16,1
B1_D1_Craig_Bampton,B1,1,Craig_Bampton,full-grid,124,1,56,75,1.0018514239599254,1.001725530199794,-0.015881997244416586,0,0,1,UNSTABLE,2.386876241783053e-16,1.2205030601189523e-16,1
B1_D1_Craig_Bampton,B1,1,Craig_Bampton,full-grid,125,1,57,76,1.0018883141681698,1.0017629140750477,-0.015851121430545765,0,0,1,UNSTABLE,6.2978440210570902e-16,1.2205030601436703e-16,1
B1_D1_Craig_Bampton,B1,1,Craig_Bampton,full-grid,126,1,58,77,1.0019246152691084,1.0017997144061281,-0.015819826103701501,0,0,1,UNSTABLE,4.0013928597151604e-16,1.2205030601189523e-16,1
B1_D1_Craig_Bampton,B1,1,Craig_Bampton,full-grid,127,1,59,78,1.0019603231338607,1.0018359267861792,-0.015788126392575118,0,0,1,UNSTABLE,1.9686944165808098e-16,1.2205030601189525e-16,1
B1_D1_Craig_Bampton,B1,1,Craig_Bampton,full-grid,128,1,60,79,1.0019954341326884,1.0018715473090893,-0.015756037422069095,0,0,1,UNSTABLE,3.2117561439333128e-16,1.2205030601189523e-16,1
B1_D1_Craig_Bampton,B1,1,Craig_Bampton,full-grid,129,1,61,80,1.0020299451293591,1.001906572564234,-0.015723574292619721,0,0,1,UNSTABLE,5.3325997056098119e-16,1.2205030601436703e-16,1
B1_D1_Craig_Bampton,B1,1,Craig_Bampton,full-grid,130,1,62,81,1.0020638534745689,1.0019409996302624,-0.015690752060138622,0,0,1,UNSTABLE,5.3753581549135229e-16,1.2205030601189525e-16,1
B1_D1_Craig_Bampton,B1,1,Craig_Bampton,full-grid,131,1,63,82,1.0020971569982815,1.0019748260677832,-0.015657585716652222,0,0,1,UNSTABLE,4.8214653847363499e-16,1.2205030601189525e-16,1
B1_D1_Craig_Bampton,B1,1,Craig_Bampton,full-grid,132,1,64,83,1.0021298540012715,1.0020080499112398,-0.015624090171409952,0,0,1,UNSTABLE,2.6640451764882435e-16,1.2205030601189525e-16,1
B1_D1_Craig_Bampton,B1,1,Craig_Bampton,full-grid,133,1,65,84,1.0021619432457192,1.0020406696598205,-0.015590280232720313,0,0,1,UNSTABLE,2.5584613898028522e-16,1.2205030601436703e-16,1
B1_D1_Craig_Bampton,B1,1,Craig_Bampton,full-grid,134,1,66,85,1.0021934239450889,1.0020726842676297,-0.015556170590729489,0,0,1,UNSTABLE,1.8736000588423505e-16,1.2205030601189525e-16,1
B1_D1_Craig_Bampton,B1,1,Craig_Bampton,full-grid,135,2,0,20,0.99917406200859171,0.99903650722692239,-0.016579005355594572,1,0,-1,STABLE,2.4424323672489176e-16,1.3204866087315512e-16,1
B1_D1_Craig_Bampton,B1,1,Craig_Bampton,full-grid,136,2,1,21,0.99922498767531043,0.99908729739465474,-0.016587591126172401,1,0,-1,STABLE,2.4602662662312425e-16,1.2205030601189525e-16,1
B1_D1_Craig_Bampton,B1,1,Craig_Bampton,full-grid,137,2,2,22,0.999276092451029,0.9991382794304271,-0.016595406623614879,1,0,-1,STABLE,3.2826790386038293e-16,1.2205030601189525e-16,1
B1_D1_Craig_Bampton,B1,1,Craig_Bampton,full-grid,138,2,3,23,0.99932736085917007,0.99918943796262094,-0.016602446376820762,1,0,-1,STABLE,2.7146718884447178e-16,1.2205030601189525e-16,1
B1_D1_Craig_Bampton,B1,1,Craig_Bampton,full-grid,139,2,4,24,0.99937877724199675,0.99924075743045826,-0.016608705293081071,1,0,-1,STABLE,3.9262707200481349e-16,1.2205030601436703e-16,1
B1_D1_Craig_Bampton,B1,1,Craig_Bampton,full-grid,140,2,5,25,0.99943032576992008,0.99929222209313862,-0.016614178665406844,1,0,-1,STABLE,3.7409786531891452e-16,1.2205030601189525e-16,1
B1_D1_Craig_Bampton,B1,1,Craig_Bampton,full-grid,141,2,6,26,0.99948199045103225,0.99934381603921252,-0.016618862179516601,1,0,-1,STABLE,2.6060317954340588e-16,1.2205030601189525e-16,1
B1_D1_Craig_Bampton,B1,1,Craig_Bampton,full-grid,142,2,7,27,0.99953375514097165,0.99939552319628722,-0.016622751921124515,1,0,-1,STABLE,1.5037961137840697e-16,1.2205030601189523e-16,1
B1_D1_Craig_Bampton,B1,1,Craig_Bampton,full-grid,143,2,8,28,0.99958560355301784,0.99944732734097119,-0.016625844382787067,1,0,-1,STABLE,2.2079362868909954e-16,1.22050306014367e-16,1
B1_D1_Craig_Bampton,B1,1,Craig_Bampton,full-grid,144,2,9,29,0.99963751926859856,0.99949921210923542,-0.016628136470916551,1,0,-1,STABLE,2.4942765984535252e-16,1.2205030601189523e-16,1
B1_D1_Craig_Bampton,B1,1,Craig_Bampton,full-grid,145,2,10,30,0.99968948574808092,0.99955116100706554,-0.016629625512617204,1,0,-1,STABLE,3.275335743576543e-16,1.2205030601189525e-16,1
B1_D1_Craig_Bampton,B1,1,Craig_Bampton,full-grid,146,2,11,31,0.999741486341991,0.99960315742154715,-0.016630309262511675,1,0,-1,STABLE,3.3454937004332725e-16,1.2205030601189525e-16,1
B1_D1_Craig_Bampton,B1,1,Craig_Bampton,full-grid,147,2,12,32,0.99999502649014949,0.99378933117687296,-0.11123317061047136,1,0,-1,STABLE,3.3814999476622027e-16,1.2205030601436703e-16,1
B1_D1_Craig_Bampton,B1,1,Craig_Bampton,full-grid,148,2,13,33,1.000289868667473,0.99413710499822128,-0.1107756192695219,0,0,1,UNSTABLE,5.7473172449279671e-16,1.2205030601189525e-16,1
B1_D1_Craig_Bampton,B1,1,Craig_Bampton,full-grid,149,2,14,34,1.0005290067713095,0.99443227740504903,-0.11028480877161079,0,0,1,UNSTABLE,1.4061194334370141e-16,1.2205030601189525e-16,1
B1_D1_Craig_Bampton,B1,1,Craig_Bampton,full-grid,150,2,15,35,1.0007109231480142,0.99467252858006006,-0.10976753889880474,0,0,1,UNSTABLE,2.1252082198111959e-16,1.2205030601189525e-16,1
B1_D1_Craig_Bampton,B1,1,Craig_Bampton,full-grid,151,2,16,36,1.0008351133666686,0.99485658684284173,-0.10923047085444344,0,0,1,UNSTABLE,1.6702029305814527e-16,1.22050306014367e-16,1
B1_D1_Craig_Bampton,B1,1,Craig_Bampton,full-grid,152,2,17,37,1.0009019277793989,0.99498408935531013,-0.10867994737899651,0,0,1,UNSTABLE,1.7204638812700611e-16,1.2205030601189525e-16,1
B1_D1_Craig_Bampton,B1,1,Craig_Bampton,full-grid,153,2,18,38,1.0009123960258755,0.99505541860793811,-0.1081218683580706,0,0,1,UNSTABLE,3.4915390591411698e-16,1.2205030601189525e-16,1
B1_D1_Craig_Bampton,B1,1,Craig_Bampton,full-grid,154,2,19,39,1.000868051972341,0.99507153290012007,-0.10756161894799567,0,0,1,UNSTABLE,2.1144883687575965e-16,1.2205030601189525e-16,1
B1_D1_Craig_Bampton,B1,1,Craig_Bampton,full-grid,155,2,20,40,1.0007707713146856,0.99503380423776933,-0.10700404264280577,0,0,1,UNSTABLE,5.7863074709781244e-16,1.2205030601436703e-16,1
B1_D1_Craig_Bampton,B1,1,Craig_Bampton,full-grid,156,2,21,41,1.0006226288874016,0.99494387202130108,-0.10645344977404531,0,0,1,UNSTABLE,3.8943668846386312e-16,1.2205030601189525e-16,1
B1_D1_Craig_Bampton,B1,1,Craig_Bampton,full-grid,157,2,22,42,1.0004257784482173,0.99480351653235766,-0.10591365199339151,0,0,1,UNSTABLE,3.591913439744419e-16,1.2205030601189525e-16,1
B1_D1_Craig_Bampton,B1,1,Craig_Bampton,full-grid,158,2,23,43,1.0003619983112053,1.000224665081678,-0.016575494786981504,0,0,1,UNSTABLE,3.3774602802097335e-16,1.2205030601189523e-16,1
B1_D1_Craig_Bampton,B1,1,Craig_Bampton,full-grid,159,2,24,44,1.0004129004027711,1.0002757362417611,-0.01656571092006735,0,0,1,UNSTABLE,2.8234155958301797e-16,1.22050306014367e-16,1
B1_D1_Craig_Bampton,B1,1,Craig_Bampton,full-grid,160,2,25,45,1.0004635993119053,1.0003266171302181,-0.016555138445416957,0,0,1,UNSTABLE,1.6245990089610551e-16,1.2205030601189523e-16,1
B1_D1_Craig_Bampton,B1,1,Craig_Bampton,full-grid,161,2,26,46,1.0005140783922608,1.0003772909922488,-0.016543782158994404,0,0,1,UNSTABLE,1.5798109433879735e-16,1.2205030601189523e-16,1
B1_D1_Craig_Bampton,B1,1,Craig_Bampton,full-grid,162,2,27,47,1.0005643211286499,1.0004277411945497,-0.016531647347043318,0,0,1,UNSTABLE,2.944389234651977e-16,1.2205030601189525e-16,1
B1_D1_Craig_Bampton,B1,1,Craig_Bampton,full-grid,163,2,28,48,1.0006143111555901,1.0004779512439499,-0.016518739785004143,0,0,1,UNSTABLE,2.2375231114337703e-16,1.2205030601436703e-16,1
B1_D1_Craig_Bampton,B1,1,Craig_Bampton,full-grid,164,2,29,49,1.0006640322761269,1.0005279048063584,-0.01650506573498554,0,0,1,UNSTABLE,3.1516554425041531e-16,1.2205030601189525e-16,1
B1_D1_Craig_Bampton,B1,1,Craig_Bampton,full-grid,165,2,30,50,1.0007134684807861,1.0005775857258492,-0.016490631942894143,0,0,1,UNSTABLE,6.4538041609541439e-16,1.2205030601189525e-16,1
B1_D1_Craig_Bampton,B1,1,Craig_Bampton,full-grid,166,2,31,51,1.0007626039666417,1.0006269780438899,-0.016475445634227325,0,0,1,UNSTABLE,2.5989716365338151e-16,1.2205030601189525e-16,1
B1_D1_Craig_Bampton,B1,1,Craig_Bampton,full-grid,167,2,32,52,1.0008114231564513,1.0006760660186569,-0.01645951450881477,0,0,1,UNSTABLE,2.2010649399010013e-16,1.22050306014367e-16,1
B1_D1_Craig_Bampton,B1,1,Craig_Bampton,full-grid,168,2,33,53,1.0008599107176968,1.0007248341442783,-0.016442846734750733,0,0,1,UNSTABLE,2.8080719079921395e-16,1.2205030601189525e-16,1
B1_D1_Craig_Bampton,B1,1,Craig_Bampton,full-grid,169,2,34,54,1.000908051581616,1.0007732671700853,-0.016425450941138009,0,0,1,UNSTABLE,2.9404768424576184e-16,1.2205030601189525e-16,1
B1_D1_Craig_Bampton,B1,1,Craig_Bampton,full-grid,170,2,35,55,1.0009558309619615,1.0008213501196175,-0.016407336209665762,0,0,1,UNSTABLE,3.0272382568852442e-16,1.2205030601189525e-16,1
B1_D1_Craig_Bampton,B1,1,Craig_Bampton,full-grid,171,2,36,56,1.001003234373578,1.0008690683094601,-0.016388512065401536,0,0,1,UNSTABLE,4.0312025226495937e-16,1.2205030601436703e-16,1
B1_D1_Craig_Bampton,B1,1,Craig_Bampton,full-grid,172,2,37,57,1.0010502476505683,1.0009164073676984,-0.016368988466108656,0,0,1,UNSTABLE,1.9109925197938577e-16,1.2205030601189525e-16,1
B1_D1_Craig_Bampton,B1,1,Craig_Bampton,full-grid,173,2,38,58,1.0010968569641212,1.0009633532520477,-0.01634877579082044,0,0,1,UNSTABLE,2.5425123528617025e-16,1.2205030601189525e-16,1
B1_D1_Craig_Bampton,B1,1,Craig_Bampton,full-grid,174,2,39,59,1.0011430488397948,1.0010098922674566,-0.01632788482733414,0,0,1,UNSTABLE,2.4004846025322446e-16,1.2205030601189523e-16,1
B1_D1_Craig_Bampton,B1,1,Craig_Bampton,full-grid,175,2,40,60,1.0011888101742146,1.0010560110831506,-0.016306326758370415,0,0,1,UNSTABLE,2.8815833717255778e-16,1.22050306014367e-16,1
B1_D1_Craig_Bampton,B1,1,Craig_Bampton,full-grid,176,2,41,61,1.0012341282511514,1.0011016967490631,-0.016284113147174303,0,0,1,UNSTABLE,1.5954005560020469e-16,1.2205030601189523e-16,1
B1_D1_Craig_Bampton,B1,1,Craig_Bampton,full-grid,177,2,42,62,1.0012789907568638,1.0011469367115549,-0.016261255921782049,0,0,1,UNSTABLE,2.1382116297900261e-16,1.2205030601189523e-16,1
B1_D1_Craig_Bampton,B1,1,Craig_Bampton,full-grid,178,2,43,63,1.0013233857946109,1.0011917188283124,-0.016237767358616019,0,0,1,UNSTABLE,2.2498755503693183e-16,1.2205030601189525e-16,1
B1_D1_Craig_Bampton,B1,1,Craig_Bampton,full-grid,179,2,44,64,1.0013673018983216,1.0012360313824193,-0.016213660065114058,0,0,1,UNSTABLE,6.6075571704663325e-16,1.2205030601436703e-16,1
B1_D1_Craig_Bampton,B1,1,Craig_Bampton,full-grid,180,2,45,65,1.0014107280453304,1.0012798630955062,-0.016188946961525362,0,0,1,UNSTABLE,3.1593408697021974e-16,1.2205030601189525e-16,1
B1_D1_Craig_Bampton,B1,1,Craig_Bampton,full-grid,181,2,46,66,1.0014536536681149,1.0013232031399086,-0.016163641262091587,0,0,1,UNSTABLE,2.3876502117577691e-16,1.2205030601189525e-16,1
B1_D1_Craig_Bampton,B1,1,Craig_Bampton,full-grid,182,2,47,67,1.0014960686649925,1.0013660411498002,-0.016137756455353227,0,0,1,UNSTABLE,1.69486469605167e-16,1.2205030601189525e-16,1
B1_D1_Craig_Bampton,B1,1,Craig_Bampton,full-grid,183,2,48,68,1.0015379634097221,1.0014083672312291,-0.016111306284031606,0,0,1,UNSTABLE,2.3836778739367685e-16,1.22050306014367e-16,1
B1_D1_Craig_Bampton,B1,1,Craig_Bampton,full-grid,184,2,49,69,1.0015793287599561,1.0014501719710172,-0.016084304724317867,0,0,1,UNSTABLE,3.8759807693347148e-16,1.2205030601189525e-16,1
B1_D1_Craig_Bampton,B1,1,Craig_Bampton,full-grid,185,2,50,70,1.001620156064595,1.0014914464445601,-0.016056765964741402,0,0,1,UNSTABLE,3.8720244612201566e-16,1.2205030601189525e-16,1
B1_D1_Craig_Bampton,B1,1,Craig_Bampton,full-grid,186,2,51,71,1.0016604371698521,1.0015321822223437,-0.016028704384603604,0,0,1,UNSTABLE,6.6250109696026987e-16,1.2205030601189525e-16,1
B1_D1_Craig_Bampton,B1,1,Craig_Bampton,full-grid,187,2,52,72,1.0017001644241941,1.0015723713753326,-0.016000134532249251,0,0,1,UNSTABLE,6.4311323516360563e-16,1.2205030601436703e-16,1
B1_D1_Craig_Bampton,B1,1,Craig_Bampton,full-grid,188,2,53,73,1.001739330682015,1.0016120064790917,-0.015971071103074413,0,0,1,UNSTABLE,3.9746245099112781e-16,1.2205030601189525e-16,1
B1_D1_Craig_Bampton,B1,1,Craig_Bampton,full-grid,189,2,54,74,1.0017779293060971,1.0016510806166918,-0.015941528917430225,0,0,1,UNSTABLE,2.1680788633742433e-16,1.2205030601189525e-16,1
B1_D1_Craig_Bampton,B1,1,Craig_Bampton,full-grid,190,2,55,75,1.0018159541688583,1.0016895873803964,-0.015911522898555137,0,0,1,UNSTABLE,4.7295867028934022e-16,1.2205030601189523e-16,1
B1_D1_Craig_Bampton,B1,1,Craig_Bampton,full-grid,191,2,56,76,1.0018533996523766,1.0017275208721172,-0.015881068050563142,0,0,1,UNSTABLE,7.4746878207157114e-16,1.22050306014367e-16,1
B1_D1_Craig_Bampton,B1,1,Craig_Bampton,full-grid,192,2,57,77,1.0018902606472091,1.001764875702658,-0.015850179436541031,0,0,1,UNSTABLE,2.8056105863450305e-16,1.2205030601189523e-16,1
B1_D1_Craig_Bampton,B1,1,Craig_Bampton,full-grid,193,2,58,78,1.0019265325500737,1.0018016469898101,-0.015818872156941232,0,0,1,UNSTABLE,3.1147544547760313e-16,1.2205030601189523e-16,1
B1_D1_Craig_Bampton,B1,1,Craig_Bampton,full-grid,194,2,59,79,1.0019622112603963,1.0018378303553026,-0.015787161328209589,0,0,1,UNSTABLE,2.4210725892365965e-16,1.2205030601189525e-16,1
B1_D1_Craig_Bampton,B1,1,Craig_Bampton,full-grid,195,2,60,80,1.0019972931756687,1.0018734219205505,-0.015755062061875942,0,0,1,UNSTABLE,2.7655396090574002e-16,1.2205030601436703e-16,1
B1_D1_Craig_Bampton,B1,1,Craig_Bampton,full-grid,196,2,61,81,1.0020317751858629,1.0019084183014457,-0.015722589444088192,0,0,1,UNSTABLE,3.0317907829522854e-16,1.2205030601189525e-16,1
B1_D1_Craig_Bampton,B1,1,Craig_Bampton,full-grid,197,2,62,82,1.0020656546667748,1.001942816602063,-0.015689758515561453,0,0,1,UNSTABLE,4.4668439871013323e-16,1.2205030601189525e-16,1
B1_D1_Craig_Bampton,B1,1,Craig_Bampton,full-grid,198,2,63,83,1.0020989294723703,1.0019766144073521,-0.015656584252361782,0,0,1,UNSTABLE,5.9518531275418308e-16,1.2205030601189525e-16,1
B1_D1_Craig_Bampton,B1,1,Craig_Bampton,full-grid,199,2,64,84,1.0021315979262668,1.0020098097749495,-0.015623081546940957,0,0,1,UNSTABLE,3.6270156151066501e-16,1.22050306014367e-16,1
B1_D1_Craig_Bampton,B1,1,Craig_Bampton,full-grid,200,2,65,85,1.0021636588124039,1.0020424012261615,-0.015589265190261228,0,0,1,UNSTABLE,2.3786776010043172e-16,1.2205030601189525e-16,1
B1_D1_Craig_Bampton,B1,1,Craig_Bampton,full-grid,201,2,66,86,1.0021951113647622,1.0020743877359792,-0.015555149854322943,0,0,1,UNSTABLE,6.0115609507855822e-16,1.2205030601189525e-16,1
B1_D1_Craig_Bampton,B1,1,Craig_Bampton,full-grid,202,3,0,21,0.99917675203277023,0.99903918318597029,-0.016579875206561321,1,0,-1,STABLE,3.4574649029067975e-16,1.3204866086300172e-16,1
B1_D1_Craig_Bampton,B1,1,Craig_Bampton,full-grid,203,3,1,22,0.99922769143966395,0.99908998770739388,-0.016588423755126955,1,0,-1,STABLE,2.5219052988191133e-16,1.2205030600093825e-16,1
B1_D1_Craig_Bampton,B1,1,Craig_Bampton,full-grid,204,3,2,23,0.99927880894028709,0.99914098309011312,-0.016596201578705953,1,0,-1,STABLE,4.0049877220786634e-16,1.2205030600093825e-16,1
B1_D1_Craig_Bampton,B1,1,Craig_Bampton,full-grid,205,3,3,24,0.99933008904102039,0.99919215394482297,-0.016603203240314644,1,0,-1,STABLE,3.4000044234836074e-16,1.22050306014367e-16,1
B1_D1_Craig_Bampton,B1,1,Craig_Bampton,full-grid,206,3,4,25,0.99938151606845038,0.99924348469440538,-0.016609423682230801,1,0,-1,STABLE,5.6001085703376954e-16,1.2205030601189525e-16,1
B1_D1_Craig_Bampton,B1,1,Craig_Bampton,full-grid,207,3,5,26,0.99943307417871019,0.99929495958310643,-0.016614858233065879,1,0,-1,STABLE,2.7404108346312991e-16,1.2205030601189525e-16,1
B1_D1_Craig_Bampton,B1,1,Craig_Bampton,full-grid,208,3,6,27,0.99948474736706383,0.99934656268595545,-0.01661950261496857,1,0,-1,STABLE,2.2875229014075926e-16,1.2205030601189523e-16,1
B1_D1_Craig_Bampton,B1,1,Craig_Bampton,full-grid,209,3,7,28,0.99957075882787594,0.99315457796530238,-0.11307380850709041,1,0,-1,STABLE,2.0610859596593101e-16,1.2205030601436703e-16,1
B1_D1_Craig_Bampton,B1,1,Craig_Bampton,full-grid,210,3,8,29,1.0000886273713667,0.9936977809318519,-0.11288039142675628,0,0,1,UNSTABLE,4.8080822151389117e-16,1.2205030601189525e-16,1
B1_D1_Craig_Bampton,B1,1,Craig_Bampton,full-grid,211,3,9,30,1.0005750651332797,0.99421624549453491,-0.11262556619710115,0,0,1,UNSTABLE,2.465098313896637e-16,1.2205030601189525e-16,1
B1_D1_Craig_Bampton,B1,1,Craig_Bampton,full-grid,212,3,10,31,1.0010229243638593,0.99470228619779444,-0.11231320908447864,0,0,1,UNSTABLE,1.2914715915618905e-16,1.2205030601189523e-16,1
B1_D1_Craig_Bampton,B1,1,Craig_Bampton,full-grid,213,3,11,32,1.0014260136533768,0.99514904647048064,-0.11194836367980764,0,0,1,UNSTABLE,2.9301136830693386e-16,1.2205030601436703e-16,1
B1_D1_Craig_Bampton,B1,1,Craig_Bampton,full-grid,214,3,12,33,1.0017792896455646,0.99555072328222471,-0.11153700074419723,0,0,1,UNSTABLE,2.9155235203751905e-16,1.2205030601189525e-16,1
B1_D1_Craig_Bampton,B1,1,Craig_Bampton,full-grid,215,3,13,34,1.002078957689728,0.99590270516039203,-0.11108572950089,0,0,1,UNSTABLE,1.4607700697232339e-16,1.2205030601189525e-16,1
B1_D1_Craig_Bampton,B1,1,Craig_Bampton,full-grid,216,3,14,35,1.0023224785225893,0.99620161616151415,-0.11060149596119251,0,0,1,UNSTABLE,2.2843482915874647e-16,1.2205030601189525e-16,1
B1_D1_Craig_Bampton,B1,1,Craig_Bampton,full-grid,217,3,15,36,1.0025084926214618,0.9964452735567304,-0.11009130113050813,0,0,1,UNSTABLE,3.0094550544165015e-16,1.22050306014367e-16,1
B1_D1_Craig_Bampton,B1,1,Craig_Bampton,full-grid,218,3,16,37,1.0026366834177536,0.99663257780379921,-0.10956196326785433,0,0,1,UNSTABLE,2.7745398170721848e-16,1.2205030601189525e-16,1
B1_D1_Craig_Bampton,B1,1,Craig_Bampton,full-grid,219,3,17,38,1.0027076039805296,0.99676335825268758,-0.10901993728304468,0,0,1,UNSTABLE,4.6142347790728709e-16,1.2205030601189525e-16,1
B1_D1_Craig_Bampton,B1,1,Craig_Bampton,full-grid,220,3,18,39,1.0027224900360232,0.99683819754501191,-0.1084711940528649,0,0,1,UNSTABLE,1.3897645681930468e-16,1.2205030601189525e-16,1
B1_D1_Craig_Bampton,B1,1,Craig_Bampton,full-grid,221,3,19,40,1.0026830773019586,0.99685825363726099,-0.10792115484461794,0,0,1,UNSTABLE,3.9961284438821094e-16,1.22050306014367e-16,1
B1_D1_Craig_Bampton,B1,1,Craig_Bampton,full-grid,222,3,20,41,1.0025914351511382,0.99682509283934528,-0.107374671707296,0,0,1,UNSTABLE,2.0466523585960975e-16,1.2205030601189525e-16,1
B1_D1_Craig_Bampton,B1,1,Craig_Bampton,full-grid,223,3,21,42,1.0024498230641297,0.99674054178397298,-0.10683604319468543,0,0,1,UNSTABLE,1.9749900578082062e-16,1.2205030601189525e-16,1
B1_D1_Craig_Bampton,B1,1,Craig_Bampton,full-grid,224,3,22,43,1.0022605719674214,0.99660656173107776,-0.10630905528233214,0,0,1,UNSTABLE,2.8430079459719116e-16,1.2205030601189523e-16,1
B1_D1_Craig_Bampton,B1,1,Craig_Bampton,full-grid,225,3,23,44,1.0020259895748795,0.99642514537327909,-0.10579703895363052,0,0,1,UNSTABLE,3.0983733338468084e-16,1.2205030601436703e-16,1
B1_D1_Craig_Bampton,B1,1,Craig_Bampton,full-grid,226,3,24,45,1.0017482871125771,0.9961982342798551,-0.1053029379964361,0,0,1,UNSTABLE,1.3538073814352352e-16,1.2205030601189525e-16,1
B1_D1_Craig_Bampton,B1,1,Craig_Bampton,full-grid,227,3,25,46,1.0014295240160194,0.99592765405272154,-0.10482938263670892,0,0,1,UNSTABLE,2.2090288365988248e-16,1.2205030601189523e-16,1
B1_D1_Craig_Bampton,B1,1,Craig_Bampton,full-grid,228,3,26,47,1.0010715670444941,0.99561506388811927,-0.10437876653790734,0,0,1,UNSTABLE,2.8796803170182529e-16,1.2205030601189523e-16,1
B1_D1_Craig_Bampton,B1,1,Craig_Bampton,full-grid,229,3,27,48,1.0006760605120806,0.99526191729656266,-0.10395332635922339,0,0,1,UNSTABLE,2.349725212489546e-16,1.2205030601436703e-16,1
B1_D1_Craig_Bampton,B1,1,Craig_Bampton,full-grid,230,3,28,49,1.000616977112039,1.0004806212144084,-0.016518518676517158,0,0,1,UNSTABLE,2.5658099828726054e-16,1.2205030601189525e-16,1
B1_D1_Craig_Bampton,B1,1,Craig_Bampton,full-grid,231,3,29,50,1.0006666821145294,1.0005305592410931,-0.016504808959993685,0,0,1,UNSTABLE,5.3776632491320581e-16,1.2205030601189525e-16,1
B1_D1_Craig_Bampton,B1,1,Craig_Bampton,full-grid,232,3,30,51,1.0007161012962345,1.0005802237088617,-0.016490340089268495,0,0,1,UNSTABLE,1.7039436228930748e-16,1.2205030601189525e-16,1
B1_D1_Craig_Bampton,B1,1,Craig_Bampton,full-grid,233,3,31,52,1.0007652188805365,1.0006295986849483,-0.016475119319972448,0,0,1,UNSTABLE,2.5637569242615727e-16,1.22050306014367e-16,1
B1_D1_Craig_Bampton,B1,1,Craig_Bampton,full-grid,234,3,32,53,1.0008140193177,1.0006786684545246,-0.016459154380746698,0,0,1,UNSTABLE,4.7795897464615168e-16,1.2205030601189525e-16,1
B1_D1_Craig_Bampton,B1,1,Craig_Bampton,full-grid,235,3,33,54,1.0008624873039069,1.0007274175399314,-0.016442453467253565,0,0,1,UNSTABLE,2.1921901356491153e-16,1.2205030601189525e-16,1
B1_D1_Craig_Bampton,B1,1,Craig_Bampton,full-grid,236,3,34,55,1.0009106078001295,1.0007758307197792,-0.016425025234707936,0,0,1,UNSTABLE,1.6255745355351613e-16,1.2205030601189525e-16,1
B1_D1_Craig_Bampton,B1,1,Craig_Bampton,full-grid,237,3,35,56,1.0009583660508838,1.0008238930479441,-0.016406878789471595,0,0,1,UNSTABLE,5.2160607530229813e-16,1.22050306014367e-16,1
B1_D1_Craig_Bampton,B1,1,Craig_Bampton,full-grid,238,3,36,57,1.0010057476026772,1.0008715898722791,-0.01638802367983426,0,0,1,UNSTABLE,1.8018379463006228e-16,1.2205030601189525e-16,1
B1_D1_Craig_Bampton,B1,1,Craig_Bampton,full-grid,239,3,37,58,1.0010527383221466,1.0009189068530402,-0.016368469885211245,0,0,1,UNSTABLE,3.1269955882449733e-16,1.2205030601189525e-16,1
B1_D1_Craig_Bampton,B1,1,Craig_Bampton,full-grid,240,3,38,59,1.0010993244137392,1.0009658299808692,-0.016348227804700917,0,0,1,UNSTABLE,3.5352316743552575e-16,1.2205030601189523e-16,1
B1_D1_Craig_Bampton,B1,1,Craig_Bampton,full-grid,241,3,39,60,1.0011454924369259,1.0010123455943307,-0.016327308244503676,0,0,1,UNSTABLE,1.7000885733315995e-16,1.2205030601436703e-16,1
B1_D1_Craig_Bampton,B1,1,Craig_Bampton,full-grid,242,3,40,61,1.0011912293228267,1.001058440396879,-0.016305722404152626,0,0,1,UNSTABLE,3.5073303112558044e-16,1.2205030601189525e-16,1
B1_D1_Craig_Bampton,B1,1,Craig_Bampton,full-grid,243,3,41,62,1.0012365223901767,1.0011041014731812,-0.016283481861983983,0,0,1,UNSTABLE,1.4032440556574755e-16,1.2205030601189523e-16,1
B1_D1_Craig_Bampton,B1,1,Craig_Bampton,full-grid,244,3,42,63,1.0012813593605654,1.0011493163047303,-0.016260598559490278,0,0,1,UNSTABLE,3.5391857642854225e-16,1.2205030601189523e-16,1
B1_D1_Craig_Bampton,B1,1,Craig_Bampton,full-grid,245,3,43,64,1.0013257283728647,1.0011940727846631,-0.016237084784749431,0,0,1,UNSTABLE,2.1571208815256926e-16,1.2205030601436703e-16,1
B1_D1_Craig_Bampton,B1,1,Craig_Bampton,full-grid,246,3,44,65,1.0013696179968141,1.0012383592317426,-0.016212953155213906,0,0,1,UNSTABLE,2.1011592572920401e-16,1.2205030601189525e-16,1
B1_D1_Craig_Bampton,B1,1,Craig_Bampton,full-grid,247,3,45,66,1.0014130172456321,1.0012821644033867,-0.016188216599431818,0,0,1,UNSTABLE,3.1583466073183459e-16,1.2205030601189525e-16,1
B1_D1_Craig_Bampton,B1,1,Craig_Bampton,full-grid,248,3,46,67,1.0014559155876717,1.0013254775077431,-0.016162888338171571,0,0,1,UNSTABLE,1.4702770007817199e-16,1.2205030601189525e-16,1
B1_D1_Craig_Bampton,B1,1,Craig_Bampton,full-grid,249,3,47,68,1.0014983029570281,1.0013682882147306,-0.016136981864874889,0,0,1,UNSTABLE,1.9985365352912313e-16,1.22050306014367e-16,1
B1_D1_Craig_Bampton,B1,1,Craig_Bampton,full-grid,250,3,48,69,1.0015401697630288,1.0014105866659673,-0.01611051092548365,0,0,1,UNSTABLE,3.0203130109388459e-16,1.2205030601189525e-16,1
B1_D1_Craig_Bampton,B1,1,Craig_Bampton,full-grid,251,3,49,70,1.0015815068986336,1.0014523634836123,-0.016083489497752464,0,0,1,UNSTABLE,1.1950356626739075e-16,1.2205030601189525e-16,1
B1_D1_Craig_Bampton,B1,1,Craig_Bampton,full-grid,252,3,50,71,1.0016223057476488,1.0014936097780294,-0.016055931770173358,0,0,1,UNSTABLE,1.7321551990021018e-16,1.2205030601189525e-16,1
B1_D1_Craig_Bampton,B1,1,Craig_Bampton,full-grid,253,3,51,72,1.0016625581907479,1.0015343171542548,-0.016027852120413216,0,0,1,UNSTABLE,1.6564920351206124e-16,1.22050306014367e-16,1
B1_D1_Craig_Bampton,B1,1,Craig_Bampton,full-grid,254,3,52,73,1.0017022566103282,1.0015744777173015,-0.015999265093692802,0,0,1,UNSTABLE,1.8973296546221681e-16,1.2205030601189525e-16,1
B1_D1_Craig_Bampton,B1,1,Craig_Bampton,full-grid,255,3,53,74,1.0017413938940787,1.0016140840761758,-0.015970185380741374,0,0,1,UNSTABLE,2.5618385811161416e-16,1.2205030601189525e-16,1
B1_D1_Craig_Bampton,B1,1,Craig_Bampton,full-grid,256,3,54,75,1.0017799634374014,1.0016531293467386,-0.015940627795883129,0,0,1,UNSTABLE,1.851060227134464e-16,1.2205030601189523e-16,1
B1_D1_Craig_Bampton,B1,1,Craig_Bampton,full-grid,257,3,55,76,1.0018179591445711,1.001691607153306,-0.015910607254910843,0,0,1,UNSTABLE,3.8113899287883487e-16,1.2205030601436703e-16,1
B1_D1_Craig_Bampton,B1,1,Craig_Bampton,full-grid,258,3,56,77,1.0018553754286992,1.0017295116290417,-0.015880138753222962,0,0,1,UNSTABLE,2.9126805842031467e-16,1.2205030601189525e-16,1
B1_D1_Craig_Bampton,B1,1,Craig_Bampton,full-grid,259,3,57,78,1.0018922072105072,1.0017668374151545,-0.015849237343842457,0,0,1,UNSTABLE,2.4789495856671839e-16,1.2205030601189523e-16,1
B1_D1_Craig_Bampton,B1,1,Craig_Bampton,full-grid,260,3,58,79,1.0019284499159546,1.0018035796589371,-0.015817918116086113,0,0,1,UNSTABLE,6.5013343369688259e-16,1.2205030601189523e-16,1
B1_D1_Craig_Bampton,B1,1,Craig_Bampton,full-grid,261,3,59,80,1.0019640994726946,1.0018397340106255,-0.015786196174094051,0,0,1,UNSTABLE,4.7395957250500216e-16,1.2205030601436703e-16,1
B1_D1_Craig_Bampton,B1,1,Craig_Bampton,full-grid,262,3,60,81,1.0019991523054761,1.0018752966191875,-0.015754086616100834,0,0,1,UNSTABLE,3.581365542279099e-16,1.2205030601189525e-16,1
B1_D1_Craig_Bampton,B1,1,Craig_Bampton,full-grid,263,3,61,82,1.0020336053304377,1.0019102641269941,-0.015721604513923251,0,0,1,UNSTABLE,3.1599136206338455e-16,1.2205030601189525e-16,1
B1_D1_Craig_Bampton,B1,1,Craig_Bampton,full-grid,264,3,62,83,1.0020674559484624,1.0019446336635331,-0.015688764893127479,0,0,1,UNSTABLE,2.1460933500861766e-16,1.2205030601189525e-16,1
B1_D1_Craig_Bampton,B1,1,Craig_Bampton,full-grid,265,3,63,84,1.0021007020374941,1.0019784028380707,-0.015655582713765669,0,0,1,UNSTABLE,2.603223364236081e-16,1.22050306014367e-16,1
B1_D1_Craig_Bampton,B1,1,Craig_Bampton,full-grid,266,3,64,85,1.0021333419440117,1.0020115697314562,-0.015622072851467824,0,0,1,UNSTABLE,3.0890537042240244e-16,1.2205030601189525e-16,1
B1_D1_Craig_Bampton,B1,1,Craig_Bampton,full-grid,267,3,65,86,1.0021653744736252,1.0020441328870251,-0.015588250079835896,0,0,1,UNSTABLE,4.0891144580099024e-16,1.2205030601189525e-16,1
B1_D1_Craig_Bampton,B1,1,Craig_Bampton,full-grid,268,3,66,87,1.002196798880882,1.0020760913007019,-0.015554129052904668,0,0,1,UNSTABLE,2.834104609253703e-16,1.2205030601189525e-16,1
B1_D1_Craig_Bampton,B1,1,Craig_Bampton,full-grid,269,4,0,22,0.99917944288720617,0.99904185997341388,-0.01658074513552741,1,0,-1,STABLE,2.978424346595642e-16,1.3204866086300172e-16,1
B1_D1_Craig_Bampton,B1,1,Craig_Bampton,full-grid,270,4,1,23,0.99923039603220953,0.9990926788468325,-0.016589256443441305,1,0,-1,STABLE,2.0401647491897829e-16,1.2205030600093825e-16,1
B1_D1_Craig_Bampton,B1,1,Craig_Bampton,full-grid,271,4,2,24,0.99928152625498079,0.99914368757410554,-0.016596996574747187,1,0,-1,STABLE,3.0508435535216932e-16,1.2205030601436703e-16,1
B1_D1_Craig_Bampton,B1,1,Craig_Bampton,full-grid,272,4,3,25,0.99933281804487228,0.99919487074825419,-0.01660396012659264,1,0,-1,STABLE,2.2156274680120413e-16,1.2205030601189525e-16,1
B1_D1_Craig_Bampton,B1,1,Craig_Bampton,full-grid,273,4,4,26,0.99964984037929172,0.99321075811367598,-0.11327927143833684,1,0,-1,STABLE,5.6015330245744365e-16,1.2205030601189525e-16,1
B1_D1_Craig_Bampton,B1,1,Craig_Bampton,full-grid,274,4,5,27,1.0002216520151241,0.99378508585909298,-0.11328970069648493,0,0,1,UNSTABLE,2.6411068372588264e-16,1.2205030601189525e-16,1
B1_D1_Craig_Bampton,B1,1,Craig_Bampton,full-grid,275,4,6,28,1.0007865798676612,0.99436000727594276,-0.11323406896070387,0,0,1,UNSTABLE,3.9660413623868618e-16,1.22050306014367e-16,1
B1_D1_Craig_Bampton,B1,1,Craig_Bampton,full-grid,276,4,7,29,1.0013360333791412,0.99492687224486498,-0.11311220371172397,0,0,1,UNSTABLE,4.1426290006464101e-16,1.2205030601189523e-16,1
B1_D1_Craig_Bampton,B1,1,Craig_Bampton,full-grid,277,4,8,30,1.00186153104144,0.99547696379836037,-0.11292538212242753,0,0,1,UNSTABLE,3.0016591935289059e-16,1.2205030601189525e-16,1
B1_D1_Craig_Bampton,B1,1,Craig_Bampton,full-grid,278,4,9,31,1.0023550351647417,0.99600183548483023,-0.11267635169351048,0,0,1,UNSTABLE,2.3187839714276308e-16,1.2205030601189523e-16,1
B1_D1_Craig_Bampton,B1,1,Craig_Bampton,full-grid,279,4,10,32,1.0028092761784004,0.99649365140187629,-0.11236924448087791,0,0,1,UNSTABLE,3.0384169686568396e-16,1.2205030601436703e-16,1
B1_D1_Craig_Bampton,B1,1,Craig_Bampton,full-grid,280,4,11,33,1.0032180259587422,0.99694548719237064,-0.11200938878202298,0,0,1,UNSTABLE,2.9163936139181255e-16,1.2205030601189525e-16,1
B1_D1_Craig_Bampton,B1,1,Craig_Bampton,full-grid,281,4,12,34,1.0035762875770453,0.99735155602745418,-0.11160304062408052,0,0,1,UNSTABLE,1.899496947826874e-16,1.2205030601189525e-16,1
B1_D1_Craig_Bampton,B1,1,Craig_Bampton,full-grid,282,4,13,35,1.0038803842915605,0.9977073377012009,-0.11115707023196011,0,0,1,UNSTABLE,2.6807463992497059e-16,1.2205030601189525e-16,1
B1_D1_Craig_Bampton,B1,1,Craig_Bampton,full-grid,283,4,14,36,1.0041279484911703,0.99800960668356242,-0.11067864251248889,0,0,1,UNSTABLE,2.2308385585432745e-16,1.2205030601436703e-16,1
B1_D1_Craig_Bampton,B1,1,Craig_Bampton,full-grid,284,4,15,37,1.0043178263507457,0.99825637091642594,-0.11017492568935067,0,0,1,UNSTABLE,3.3125033009507529e-16,1.2205030601189525e-16,1
B1_D1_Craig_Bampton,B1,1,Craig_Bampton,full-grid,285,4,16,38,1.0044499228522437,0.99844674352337082,-0.10965285160657734,0,0,1,UNSTABLE,3.6428036000100221e-16,1.2205030601189525e-16,1
B1_D1_Craig_Bampton,B1,1,Craig_Bampton,full-grid,286,4,17,39,1.0045250139787871,0.99858077333670914,-0.10911893892144534,0,0,1,UNSTABLE,1.7446551985139845e-16,1.2205030601189525e-16,1
B1_D1_Craig_Bampton,B1,1,Craig_Bampton,full-grid,287,4,18,40,1.0045445498224221,0.99865925836182312,-0.10857917970838665,0,0,1,UNSTABLE,2.6574257742904732e-16,1.2205030601436703e-16,1
B1_D1_Craig_Bampton,B1,1,Craig_Bampton,full-grid,288,4,19,41,1.0045104664521809,0.99868356121763324,-0.1080389826203679,0,0,1,UNSTABLE,3.6796838911879655e-16,1.2205030601189525e-16,1
B1_D1_Craig_Bampton,B1,1,Craig_Bampton,full-grid,289,4,20,42,1.0044250178469543,0.99865543940283086,-0.1075031619441638,0,0,1,UNSTABLE,2.7958424791219405e-16,1.2205030601189523e-16,1
B1_D1_Craig_Bampton,B1,1,Craig_Bampton,full-grid,290,4,21,43,1.0042906334463015,0.99857689749133571,-0.10697596096578063,0,0,1,UNSTABLE,1.4885147005199609e-16,1.2205030601189525e-16,1
B1_D1_Craig_Bampton,B1,1,Craig_Bampton,full-grid,291,4,22,44,1.0041098025634883,0.99845006384695567,-0.10646109903667669,0,0,1,UNSTABLE,2.47911620089308e-16,1.22050306014367e-16,1
B1_D1_Craig_Bampton,B1,1,Craig_Bampton,full-grid,292,4,23,45,1.0038849841107607,0.99827709135677622,-0.10596183367286904,0,0,1,UNSTABLE,2.5164079670013013e-16,1.2205030601189523e-16,1
B1_D1_Craig_Bampton,B1,1,Craig_Bampton,full-grid,293,4,24,46,1.0036185385734091,0.99806007986068201,-0.10548103126493558,0,0,1,UNSTABLE,1.8112641921765928e-16,1.2205030601189523e-16,1
B1_D1_Craig_Bampton,B1,1,Craig_Bampton,full-grid,294,4,25,47,1.0033126785933304,0.99780101710124702,-0.10502124212672623,0,0,1,UNSTABLE,3.6982534711497029e-16,1.2205030601189523e-16,1
B1_D1_Craig_Bampton,B1,1,Craig_Bampton,full-grid,295,4,26,48,1.0029694345645701,0.99750173482986992,-0.10458477748780452,0,0,1,UNSTABLE,3.6455697845246267e-16,1.2205030601436703e-16,1
B1_D1_Craig_Bampton,B1,1,Craig_Bampton,full-grid,296,4,27,49,1.0025906320558944,0.99716387693355546,-0.10417378761031462,0,0,1,UNSTABLE,1.8841220925737567e-16,1.2205030601189525e-16,1
B1_D1_Craig_Bampton,B1,1,Craig_Bampton,full-grid,297,4,28,50,1.0021778784986599,0.9967888769219897,-0.10379034153847479,0,0,1,UNSTABLE,3.8876883265937649e-16,1.2205030601189525e-16,1
B1_D1_Craig_Bampton,B1,1,Craig_Bampton,full-grid,298,4,29,51,1.0017325573350602,0.99637794274488323,-0.10343651017176606,0,0,1,UNSTABLE,2.9988423264331915e-16,1.2205030601189525e-16,1
B1_D1_Craig_Bampton,B1,1,Craig_Bampton,full-grid,299,4,30,52,1.0012558287132853,0.99593204767902543,-0.10311445552487467,0,0,1,UNSTABLE,4.0549005813713061e-16,1.2205030601436703e-16,1
B1_D1_Craig_Bampton,B1,1,Craig_Bampton,full-grid,300,4,31,53,1.000767834332182,1.0006322198687485,-0.016474792698721898,0,0,1,UNSTABLE,1.7361335772463782e-16,1.2205030601189525e-16,1
B1_D1_Craig_Bampton,B1,1,Craig_Bampton,full-grid,301,4,32,54,1.0008166160040057,1.0006812714204649,-0.016458793942191765,0,0,1,UNSTABLE,2.436752943969015e-16,1.2205030601189525e-16,1
B1_D1_Craig_Bampton,B1,1,Craig_Bampton,full-grid,302,4,33,55,1.0008650644025967,1.000730001453094,-0.01644205988629906,0,0,1,UNSTABLE,3.6833116986315605e-16,1.2205030601189525e-16,1
B1_D1_Craig_Bampton,B1,1,Craig_Bampton,full-grid,303,4,34,56,1.0009131645187059,1.0007783947745694,-0.016424599212347565,0,0,1,UNSTABLE,1.8125454729379366e-16,1.2205030601436703e-16,1
B1_D1_Craig_Bampton,B1,1,Craig_Bampton,full-grid,304,4,35,57,1.0009609016276417,1.0008264364691324,-0.016406421051509173,0,0,1,UNSTABLE,2.4978459839866487e-16,1.2205030601189525e-16,1
B1_D1_Craig_Bampton,B1,1,Craig_Bampton,full-grid,305,4,36,58,1.0010082613076119,1.0008741119159437,-0.016387534975078395,0,0,1,UNSTABLE,2.4521096681051769e-16,1.2205030601189523e-16,1
B1_D1_Craig_Bampton,B1,1,Craig_Bampton,full-grid,306,4,37,59,1.0010552294577846,1.000921406807427,-0.016367950984145192,0,0,1,UNSTABLE,4.4877346366918037e-16,1.2205030601189525e-16,1
B1_D1_Craig_Bampton,B1,1,Craig_Bampton,full-grid,307,4,38,60,1.0011017923158856,1.0009683071671704,-0.016347679497950043,0,0,1,UNSTABLE,2.2566292440306335e-16,1.22050306014367e-16,1
B1_D1_Craig_Bampton,B1,1,Craig_Bampton,full-grid,308,4,39,61,1.0011479364753397,1.0010147993673968,-0.016326731340996759,0,0,1,UNSTABLE,2.9249012815602405e-16,1.2205030601189523e-16,1
B1_D1_Craig_Bampton,B1,1,Craig_Bampton,full-grid,309,4,40,62,1.0011936489017574,1.0010608701457859,-0.016305117729634586,0,0,1,UNSTABLE,1.4773916890500139e-16,1.2205030601189523e-16,1
B1_D1_Craig_Bampton,B1,1,Craig_Bampton,full-grid,310,4,41,63,1.0012389169488629,1.0011065066217637,-0.016282850257271546,0,0,1,UNSTABLE,3.3690259469580369e-16,1.2205030601189523e-16,1
B1_D1_Craig_Bampton,B1,1,Craig_Bampton,full-grid,311,4,42,64,1.0012837283735878,1.001151696311968,-0.016259940878783428,0,0,1,UNSTABLE,3.8962365183774722e-16,1.2205030601436703e-16,1
B1_D1_Craig_Bampton,B1,1,Craig_Bampton,full-grid,312,4,43,65,1.001328071350434,1.0011964271450025,-0.01623640189394901,0,0,1,UNSTABLE,2.4972421246924387e-16,1.2205030601189525e-16,1
B1_D1_Craig_Bampton,B1,1,Craig_Bampton,full-grid,313,4,44,66,1.0013719344849517,1.0012406874753115,-0.016212245930154738,0,0,1,UNSTABLE,3.5248770058589809e-16,1.2205030601189525e-16,1
B1_D1_Craig_Bampton,B1,1,Craig_Bampton,full-grid,314,4,45,67,1.0014153068262519,1.0012844660961089,-0.016187485924207143,0,0,1,UNSTABLE,2.2870725992464463e-16,1.2205030601189525e-16,1
B1_D1_Craig_Bampton,B1,1,Craig_Bampton,full-grid,315,4,46,68,1.001458177878578,1.0013277522513693,-0.016162135103438769,0,0,1,UNSTABLE,4.942798754813816e-16,1.2205030601436703e-16,1
B1_D1_Craig_Bampton,B1,1,Craig_Bampton,full-grid,316,4,47,69,1.00150053761179,1.0013705356467455,-0.01613620696614838,0,0,1,UNSTABLE,2.0048712579803211e-16,1.2205030601189525e-16,1
B1_D1_Craig_Bampton,B1,1,Craig_Bampton,full-grid,317,4,48,70,1.0015423764708058,1.0014128064594463,-0.016109715261441882,0,0,1,UNSTABLE,1.6368373583386374e-16,1.2205030601189525e-16,1
B1_D1_Craig_Bampton,B1,1,Craig_Bampton,full-grid,318,4,49,71,1.0015836853838724,1.0014545553469505,-0.016082673968637835,0,0,1,UNSTABLE,2.0336768668800665e-16,1.2205030601189525e-16,1
B1_D1_Craig_Bampton,B1,1,Craig_Bampton,full-grid,319,4,50,72,1.0016244557697145,1.0014957734546015,-0.016055097276137843,0,0,1,UNSTABLE,1.9687052200886608e-16,1.2205030601436703e-16,1
B1_D1_Craig_Bampton,B1,1,Craig_Bampton,full-grid,320,4,51,73,1.0016646795434658,1.0015364524219867,-0.016026999559987213,0,0,1,UNSTABLE,1.7149950847412764e-16,1.2205030601189525e-16,1
B1_D1_Craig_Bampton,B1,1,Craig_Bampton,full-grid,321,4,52,74,1.0017043491214257,1.0015765843881401,-0.015998395362211325,0,0,1,UNSTABLE,2.195318823008973e-16,1.2205030601189523e-16,1
B1_D1_Craig_Bampton,B1,1,Craig_Bampton,full-grid,322,4,53,75,1.0017434574245903,1.0016161619955208,-0.015969299368929907,0,0,1,UNSTABLE,2.5312187881448402e-16,1.2205030601189525e-16,1
B1_D1_Craig_Bampton,B1,1,Craig_Bampton,full-grid,323,4,54,76,1.0017819978809785,1.0016551783927787,-0.015939726388351703,0,0,1,UNSTABLE,3.7284594040274778e-16,1.22050306014367e-16,1
B1_D1_Craig_Bampton,B1,1,Craig_Bampton,full-grid,324,4,55,77,1.0018199644266927,1.0016936272362533,-0.015909691328808144,0,0,1,UNSTABLE,4.4085273713332833e-16,1.2205030601189523e-16,1
B1_D1_Craig_Bampton,B1,1,Craig_Bampton,full-grid,325,4,56,78,1.0018573515058833,1.0017315026903664,-0.015879209176888391,0,0,1,UNSTABLE,3.5496971121786425e-16,1.2205030601189523e-16,1
B1_D1_Craig_Bampton,B1,1,Craig_Bampton,full-grid,326,4,57,79,1.0018941540694366,1.0017687994267308,-0.015848294975749178,0,0,1,UNSTABLE,5.1203593872712902e-16,1.2205030601189523e-16,1
B1_D1_Craig_Bampton,B1,1,Craig_Bampton,full-grid,327,4,58,80,1.0019303675725058,1.0018055126220944,-0.015816963803438465,0,0,1,UNSTABLE,3.6258672556423305e-16,1.2205030601436703e-16,1
B1_D1_Craig_Bampton,B1,1,Craig_Bampton,full-grid,328,4,59,81,1.0019659879709981,1.0018416379552275,-0.015785230751711881,0,0,1,UNSTABLE,5.6734390827404654e-16,1.2205030601189525e-16,1
B1_D1_Craig_Bampton,B1,1,Craig_Bampton,full-grid,329,4,60,82,1.0020010117168765,1.0018771716026067,-0.01575311090561568,0,0,1,UNSTABLE,3.9230481802197344e-16,1.2205030601189525e-16,1
B1_D1_Craig_Bampton,B1,1,Craig_Bampton,full-grid,330,4,61,83,1.0020354357524508,1.0019121102330888,-0.015720619322503411,0,0,1,UNSTABLE,2.4733183648502886e-16,1.2205030601189525e-16,1
B1_D1_Craig_Bampton,B1,1,Craig_Bampton,full-grid,331,4,62,84,1.0020692575036803,1.0019464510015612,-0.015687771012909926,0,0,1,UNSTABLE,1.7522453529487683e-16,1.2205030601436703e-16,1
B1_D1_Craig_Bampton,B1,1,Craig_Bampton,full-grid,332,4,63,85,1.0021024748724698,1.0019801915415929,-0.015654580920666586,0,0,1,UNSTABLE,2.2177272829435323e-16,1.2205030601189525e-16,1
B1_D1_Craig_Bampton,B1,1,Craig_Bampton,full-grid,333,4,64,86,1.0021350862281275,1.0020133299572109,-0.015621063904820081,0,0,1,UNSTABLE,4.0160131974656755e-16,1.2205030601189525e-16,1
B1_D1_Craig_Bampton,B1,1,Craig_Bampton,full-grid,334,4,65,87,1.0021670903979423,1.0020458648137898,-0.015587234721445038,0,0,1,UNSTABLE,4.0775549972730441e-16,1.2205030601189525e-16,1
B1_D1_Craig_Bampton,B1,1,Craig_Bampton,full-grid,335,4,66,88,1.0023333731308266,0.99606846878967636,-0.11189189593000211,0,0,1,UNSTABLE,1.1311504439597439e-15,1.2205030601436703e-16,1
B1_D1_Craig_Bampton,B1,1,Craig_Bampton,full-grid,336,5,0,23,0.99918213493327734,0.99904453794807602,-0.016581615299404804,1,0,-1,STABLE,2.4070062609304777e-16,1.3204866086300172e-16,1
B1_D1_Craig_Bampton,B1,1,Craig_Bampton,full-grid,337,5,1,24,0.99966376302989945,0.99329953643491931,-0.11262180087919785,1,0,-1,STABLE,1.7740126530623504e-16,1.22050306014367e-16,1
B1_D1_Craig_Bampton,B1,1,Craig_Bampton,full-grid,338,5,2,25,1.0002151514443287,0.99383106127642074,-0.11282805866000065,0,0,1,UNSTABLE,4.3504279554694315e-16,1.2205030601189525e-16,1
B1_D1_Craig_Bampton,B1,1,Craig_Bampton,full-grid,339,5,3,26,1.0007839280843873,0.99438680287872061,-0.11297502809317052,0,0,1,UNSTABLE,3.4198197737973798e-16,1.2205030601189525e-16,1
B1_D1_Craig_Bampton,B1,1,Craig_Bampton,full-grid,340,5,4,27,1.0013625401102348,0.99495959966473013,-0.11305897474779171,0,0,1,UNSTABLE,3.0606155860135691e-16,1.2205030601189525e-16,1
B1_D1_Craig_Bampton,B1,1,Craig_Bampton,full-grid,341,5,5,28,1.0019427714998572,0.99554149515712065,-0.11307718063844586,0,0,1,UNSTABLE,2.2128969122321487e-16,1.2205030601436703e-16,1
B1_D1_Craig_Bampton,B1,1,Craig_Bampton,full-grid,342,5,6,29,1.0025159498348799,0.99612391933832345,-0.11302816903493032,0,0,1,UNSTABLE,6.0641408408207177e-16,1.2205030601189525e-16,1
B1_D1_Craig_Bampton,B1,1,Craig_Bampton,full-grid,343,5,7,30,1.0030732266232483,0.99669795009710727,-0.11291188706508713,0,0,1,UNSTABLE,3.8168191338674264e-16,1.2205030601189525e-16,1
B1_D1_Craig_Bampton,B1,1,Craig_Bampton,full-grid,344,5,8,31,1.0036059133498252,0.99725464091268057,-0.11272981189045615,0,0,1,UNSTABLE,2.3539163773163344e-16,1.2205030601189525e-16,1
B1_D1_Craig_Bampton,B1,1,Craig_Bampton,full-grid,345,5,9,32,1.0041058398981095,0.99778538425087615,-0.1124849531840571,0,0,1,UNSTABLE,4.2615260681768956e-16,1.2205030601436703e-16,1
B1_D1_Craig_Bampton,B1,1,Craig_Bampton,full-grid,346,5,10,33,1.0045656922991613,0.99828226833201783,-0.1121817403964417,0,0,1,UNSTABLE,2.2871857288981257e-16,1.2205030601189525e-16,1
B1_D1_Craig_Bampton,B1,1,Craig_Bampton,full-grid,347,5,11,34,1.0049792871303234,0.99873838273464732,-0.11182580388065268,0,0,1,UNSTABLE,1.8669991230334141e-16,1.2205030601189525e-16,1
B1_D1_Craig_Bampton,B1,1,Craig_Bampton,full-grid,348,5,12,35,1.0053417508359008,0.99914803705762645,-0.11142367799389177,0,0,1,UNSTABLE,2.2646509477312272e-16,1.2205030601189525e-16,1
B1_D1_Craig_Bampton,B1,1,Craig_Bampton,full-grid,349,5,13,36,1.0056495901999212,0.99950687367296354,-0.11098246595641967,0,0,1,UNSTABLE,2.4752165339845175e-16,1.2205030601436703e-16,1
B1_D1_Craig_Bampton,B1,1,Craig_Bampton,full-grid,350,5,14,37,1.00590065926382,0.99981187479842881,-0.11050950782371034,0,0,1,UNSTABLE,4.7750034711939681e-16,1.2205030601189525e-16,1
B1_D1_Craig_Bampton,B1,1,Craig_Bampton,full-grid,351,5,15,38,1.0060940427399785,1.0000612800500406,-0.11001208561584604,0,0,1,UNSTABLE,2.3860204977606083e-16,1.2205030601189525e-16,1
B1_D1_Craig_Bampton,B1,1,Craig_Bampton,full-grid,352,5,16,39,1.0062298835756427,1.0002544399184998,-0.10949718728798237,0,0,1,UNSTABLE,1.7303667533638898e-16,1.2205030601189525e-16,1
B1_D1_Craig_Bampton,B1,1,Craig_Bampton,full-grid,353,5,17,40,1.0063091828825865,1.0003916328186979,-0.10897133815897796,0,0,1,UNSTABLE,3.4297645791779548e-16,1.22050306014367e-16,1
B1_D1_Craig_Bampton,B1,1,Craig_Bampton,full-grid,354,5,18,41,1.0063335960382134,1.0004738702010287,-0.10844049778646862,0,0,1,UNSTABLE,2.8599882448385184e-16,1.2205030601189525e-16,1
B1_D1_Craig_Bampton,B1,1,Craig_Bampton,full-grid,355,5,19,42,1.0063052420281526,1.0005027082058149,-0.10791001346570717,0,0,1,UNSTABLE,2.0546041203488661e-16,1.2205030601189525e-16,1
B1_D1_Craig_Bampton,B1,1,Craig_Bampton,full-grid,356,5,20,43,1.0062265362116545,1.0004800777134863,-0.10738461842796831,0,0,1,UNSTABLE,3.0931124322125584e-16,1.2205030601189525e-16,1
B1_D1_Craig_Bampton,B1,1,Craig_Bampton,full-grid,357,5,21,44,1.006100050949972,1.0004081388308634,-0.10686846252521948,0,0,1,UNSTABLE,2.3416162892914764e-16,1.2205030601436703e-16,1
B1_D1_Craig_Bampton,B1,1,Craig_Bampton,full-grid,358,5,22,45,1.0059284044296715,1.0002891614909286,-0.10636516460853108,0,0,1,UNSTABLE,1.2846942809553134e-16,1.2205030601189525e-16,1
B1_D1_Craig_Bampton,B1,1,Craig_Bampton,full-grid,359,5,23,46,1.0057141754855363,1.0001254309933549,-0.1058778780147584,0,0,1,UNSTABLE,2.052680800153714e-16,1.2205030601189523e-16,1
B1_D1_Craig_Bampton,B1,1,Craig_Bampton,full-grid,360,5,24,47,1.0054598409659716,0.99991917573513966,-0.10540936292605156,0,0,1,UNSTABLE,2.632600583779097e-16,1.2205030601189525e-16,1
B1_D1_Craig_Bampton,B1,1,Craig_Bampton,full-grid,361,5,25,48,1.0051677318167536,0.99967251373963695,-0.10496206152278348,0,0,1,UNSTABLE,1.3275939500753544e-16,1.2205030601436703e-16,1
B1_D1_Craig_Bampton,B1,1,Craig_Bampton,full-grid,362,5,26,49,1.0048400042548256,0.99938741456914326,-0.10453817365747989,0,0,1,UNSTABLE,1.7633368192029021e-16,1.2205030601189525e-16,1
B1_D1_Craig_Bampton,B1,1,Craig_Bampton,full-grid,363,5,27,50,1.0044786229249416,0.99906567355839915,-0.10413973223745639,0,0,1,UNSTABLE,3.1997941371492649e-16,1.2205030601189525e-16,1
B1_D1_Craig_Bampton,B1,1,Craig_Bampton,full-grid,364,5,28,51,1.004085353627205,0.99870889587248501,-0.10376867867440227,0,0,1,UNSTABLE,3.529803724852553e-16,1.2205030601189525e-16,1
B1_D1_Craig_Bampton,B1,1,Craig_Bampton,full-grid,365,5,29,52,1.0036617640038683,0.99831848858962213,-0.10342693973761859,0,0,1,UNSTABLE,5.2907781875179082e-16,1.2205030601436703e-16,1
B1_D1_Craig_Bampton,B1,1,Craig_Bampton,full-grid,366,5,30,53,1.0032092314776415,0.99789565982248529,-0.1031165080353621,0,0,1,UNSTABLE,1.4810608818206471e-16,1.2205030601189525e-16,1
B1_D1_Craig_Bampton,B1,1,Craig_Bampton,full-grid,367,5,31,54,1.002728958809519,0.99744142487480469,-0.10283952926254071,0,0,1,UNSTABLE,2.4121762949677265e-16,1.2205030601189525e-16,1
B1_D1_Craig_Bampton,B1,1,Craig_Bampton,full-grid,368,5,32,55,1.0022219990341998,0.99695662071375535,-0.10259840039258404,0,0,1,UNSTABLE,5.1023098767647019e-16,1.2205030601189525e-16,1
B1_D1_Craig_Bampton,B1,1,Craig_Bampton,full-grid,369,5,33,56,1.0016892934932382,0.99644193186770436,-0.10239588426660369,0,0,1,UNSTABLE,6.0321857334027189e-16,1.22050306014367e-16,1
B1_D1_Craig_Bampton,B1,1,Craig_Bampton,full-grid,370,5,34,57,1.0011317296560407,0.99589793365982748,-0.102235247621267,0,0,1,UNSTABLE,2.3675442534183916e-16,1.2205030601189525e-16,1
B1_D1_Craig_Bampton,B1,1,Craig_Bampton,full-grid,371,5,35,58,1.0009634380255803,1.0008289807182627,-0.016405962892583618,0,0,1,UNSTABLE,3.1016773264145364e-16,1.2205030601189525e-16,1
B1_D1_Craig_Bampton,B1,1,Craig_Bampton,full-grid,372,5,36,59,1.0010107758168911,1.0008766347707856,-0.016387045842417396,0,0,1,UNSTABLE,2.4952256522534886e-16,1.2205030601189525e-16,1
B1_D1_Craig_Bampton,B1,1,Craig_Bampton,full-grid,373,5,37,60,1.0010577213810294,1.0009239075563112,-0.016367431648968266,0,0,1,UNSTABLE,2.3413145095654833e-16,1.2205030601436703e-16,1
B1_D1_Craig_Bampton,B1,1,Craig_Bampton,full-grid,374,5,38,61,1.0011042609890419,1.0009707851314205,-0.01634713075139264,0,0,1,UNSTABLE,2.260172163638437e-16,1.2205030601189525e-16,1
B1_D1_Craig_Bampton,B1,1,Craig_Bampton,full-grid,375,5,39,62,1.0011503812683089,1.0010172539019924,-0.016326153992741465,0,0,1,UNSTABLE,3.3942861395378997e-16,1.2205030601189523e-16,1
B1_D1_Craig_Bampton,B1,1,Craig_Bampton,full-grid,376,5,40,63,1.0011960692189885,1.0010633006399914,-0.016304512606011332,0,0,1,UNSTABLE,2.3242956055491596e-16,1.2205030601189525e-16,1
B1_D1_Craig_Bampton,B1,1,Craig_Bampton,full-grid,377,5,41,64,1.0012413122297925,1.0011089124996011,-0.016282218199709209,0,0,1,UNSTABLE,3.8443297571970189e-16,1.2205030601436703e-16,1
B1_D1_Craig_Bampton,B1,1,Craig_Bampton,full-grid,378,5,42,65,1.0012860980930383,1.0011540770326488,-0.016259282742073233,0,0,1,UNSTABLE,1.6730075907896453e-16,1.2205030601189525e-16,1
B1_D1_Craig_Bampton,B1,1,Craig_Bampton,full-grid,379,5,43,66,1.0013304150188664,1.0011987822032138,-0.016235718544524314,0,0,1,UNSTABLE,2.4296187565839368e-16,1.2205030601189525e-16,1
B1_D1_Craig_Bampton,B1,1,Craig_Bampton,full-grid,380,5,44,67,1.0013742516486615,1.0012430164014465,-0.01621153824439827,0,0,1,UNSTABLE,2.4298355670643601e-16,1.2205030601189525e-16,1
B1_D1_Craig_Bampton,B1,1,Craig_Bampton,full-grid,381,5,45,68,1.0014175970674475,1.0012867684563775,-0.01618675478671569,0,0,1,UNSTABLE,2.3154260678244949e-16,1.2205030601436703e-16,1
B1_D1_Craig_Bampton,B1,1,Craig_Bampton,full-grid,382,5,46,69,1.0014604408153607,1.0013300276478119,-0.016161381405335545,0,0,1,UNSTABLE,4.4398865225052189e-16,1.2205030601189525e-16,1
B1_D1_Craig_Bampton,B1,1,Craig_Bampton,full-grid,383,5,47,70,1.0015027728980603,1.0013727837171715,-0.016135431603357661,0,0,1,UNSTABLE,1.7892346323480931e-16,1.2205030601189525e-16,1
B1_D1_Craig_Bampton,B1,1,Craig_Bampton,full-grid,384,5,48,71,1.0015445837960455,1.0014150268772468,-0.01610891913310852,0,0,1,UNSTABLE,2.0598994001931541e-16,1.2205030601189525e-16,1
B1_D1_Craig_Bampton,B1,1,Craig_Bampton,full-grid,385,5,49,72,1.0015858644728701,1.0014567478208563,-0.01608185797538397,0,0,1,UNSTABLE,1.8065514188579051e-16,1.22050306014367e-16,1
B1_D1_Craig_Bampton,B1,1,Craig_Bampton,full-grid,386,5,50,73,1.0016266063821824,1.0014979377283293,-0.016054262318477501,0,0,1,UNSTABLE,1.7512886338494037e-16,1.2205030601189525e-16,1
B1_D1_Craig_Bampton,B1,1,Craig_Bampton,full-grid,387,5,51,74,1.0016668014735775,1.0015385882738057,-0.01602614653680905,0,0,1,UNSTABLE,1.8833398353122446e-16,1.2205030601189525e-16,1
B1_D1_Craig_Bampton,B1,1,Craig_Bampton,full-grid,388,5,52,75,1.0017064421972715,1.0015786916303568,-0.015997525169174336,0,0,1,UNSTABLE,2.6497329550957993e-16,1.2205030601189525e-16,1
B1_D1_Craig_Bampton,B1,1,Craig_Bampton,full-grid,389,5,53,76,1.0017455215075635,1.0016182404738896,-0.015968412897022961,0,0,1,UNSTABLE,2.4343408798100877e-16,1.2205030601436703e-16,1
B1_D1_Craig_Bampton,B1,1,Craig_Bampton,full-grid,390,5,54,77,1.0017840328650622,1.0016572279858171,-0.015938824522418595,0,0,1,UNSTABLE,1.9110904872387624e-16,1.2205030601189525e-16,1
B1_D1_Craig_Bampton,B1,1,Craig_Bampton,full-grid,391,5,55,78,1.0018219702377424,1.0016956478545469,-0.015908774946291501,0,0,1,UNSTABLE,4.949784625081932e-16,1.2205030601189523e-16,1
B1_D1_Craig_Bampton,B1,1,Craig_Bampton,full-grid,392,5,56,79,1.001859328100777,1.0017334942757414,-0.015878279146463607,0,0,1,UNSTABLE,2.5505522166596805e-16,1.2205030601189525e-16,1
B1_D1_Craig_Bampton,B1,1,Craig_Bampton,full-grid,393,5,57,80,1.0018961014351808,1.0017707619513863,-0.015847352155905801,0,0,1,UNSTABLE,2.6020727487466582e-16,1.2205030601436703e-16,1
B1_D1_Craig_Bampton,B1,1,Craig_Bampton,full-grid,394,5,58,81,1.0019322857253312,1.0018074460877129,-0.015816009041508251,0,0,1,UNSTABLE,3.033254822753665e-16,1.2205030601189525e-16,1
B1_D1_Craig_Bampton,B1,1,Craig_Bampton,full-grid,395,5,59,82,1.0019678769553795,1.0018435423920145,-0.015784264882812076,0,0,1,UNSTABLE,3.2418576317320016e-16,1.2205030601189525e-16,1
B1_D1_Craig_Bampton,B1,1,Craig_Bampton,full-grid,396,5,60,83,1.0020028716044842,1.0018790470682606,-0.01575213475139782,0,0,1,UNSTABLE,3.4219661293387112e-16,1.2205030601189525e-16,1
B1_D1_Craig_Bampton,B1,1,Craig_Bampton,full-grid,397,5,61,84,1.0020372666411244,1.0019139568117896,-0.015719633690359107,0,0,1,UNSTABLE,2.3346177617528228e-16,1.2205030601436703e-16,1
B1_D1_Craig_Bampton,B1,1,Craig_Bampton,full-grid,398,5,62,85,1.0023986644532425,0.99607976925850927,-0.11237515638057617,0,0,1,UNSTABLE,3.8090434426259727e-16,1.2205030601189525e-16,1
B1_D1_Craig_Bampton,B1,1,Craig_Bampton,full-grid,399,5,63,86,1.0027941931510149,0.99649940181678809,-0.11218349252977806,0,0,1,UNSTABLE,2.4793199496070684e-16,1.2205030601189525e-16,1
B1_D1_Craig_Bampton,B1,1,Craig_Bampton,full-grid,400,5,64,87,1.0031538250381966,0.99688588702961145,-0.11196483791775673,0,0,1,UNSTABLE,2.865947586227042e-16,1.2205030601189525e-16,1
B1_D1_Craig_Bampton,B1,1,Craig_Bampton,full-grid,401,5,65,88,1.0034785010622096,0.99723970008593132,-0.11172324138951852,0,0,1,UNSTABLE,5.907178003062479e-16,1.22050306014367e-16,1
B1_D1_Craig_Bampton,B1,1,Craig_Bampton,full-grid,402,5,66,89,1.0037692916553218,0.99756150434105062,-0.11146226234491532,0,0,1,UNSTABLE,2.2143988090062687e-16,1.2205030601189525e-16,1
B1_D1_Craig_Bampton,B1,1,Craig_Bampton,full-grid,403,6,0,24,1.000747727101887,0.99447471024424816,-0.11187521613034632,0,0,1,UNSTABLE,2.3804135114383246e-16,1.3204866087315512e-16,1
B1_D1_Craig_Bampton,B1,1,Craig_Bampton,full-grid,404,6,1,25,1.0012824513494587,0.99498228473994699,-0.11214633491138366,0,0,1,UNSTABLE,3.9964139643874776e-16,1.2205030601189525e-16,1
B1_D1_Craig_Bampton,B1,1,Craig_Bampton,full-grid,405,6,2,26,1.0018418360091872,0.99552092851774676,-0.11236167167420899,0,0,1,UNSTABLE,2.942312943819836e-16,1.2205030601189525e-16,1
B1_D1_Craig_Bampton,B1,1,Craig_Bampton,full-grid,406,6,3,27,1.0024189047349159,0.99608416997538085,-0.11251660719380412,0,0,1,UNSTABLE,2.296434562838081e-16,1.2205030601189525e-16,1
B1_D1_Craig_Bampton,B1,1,Craig_Bampton,full-grid,407,6,4,28,1.0030058524909389,0.99666459859292622,-0.11260736229339727,0,0,1,UNSTABLE,4.7731877897076929e-16,1.2205030601436703e-16,1
B1_D1_Craig_Bampton,B1,1,Craig_Bampton,full-grid,408,6,5,29,1.0035941985513996,0.99725398824560896,-0.11263124919068065,0,0,1,UNSTABLE,3.7804084015894933e-16,1.2205030601189523e-16,1
B1_D1_Craig_Bampton,B1,1,Craig_Bampton,full-grid,409,6,6,30,1.0041750208994249,0.99784350550595913,-0.11258690473558457,0,0,1,UNSTABLE,1.7024561018808439e-16,1.2205030601189525e-16,1
B1_D1_Craig_Bampton,B1,1,Craig_Bampton,full-grid,410,6,7,31,1.004739265921802,0.99842400113071217,-0.11247447021978459,0,0,1,UNSTABLE,2.5413810455900538e-16,1.2205030601189525e-16,1
B1_D1_Craig_Bampton,B1,1,Craig_Bampton,full-grid,411,6,8,32,1.0052781101432446,0.99898636548352626,-0.11229568251356856,0,0,1,UNSTABLE,3.479032244285145e-16,1.2205030601436703e-16,1
B1_D1_Craig_Bampton,B1,1,Craig_Bampton,full-grid,412,6,9,33,1.0057833353805834,0.99952191179769168,-0.11205385118584003,0,0,1,UNSTABLE,2.6340869016582794e-16,1.2205030601189525e-16,1
B1_D1_Craig_Bampton,B1,1,Craig_Bampton,full-grid,413,6,10,34,1.0062476709160175,1.0000227409737299,-0.11175371474496229,0,0,1,UNSTABLE,2.772361211741351e-16,1.2205030601189525e-16,1
B1_D1_Craig_Bampton,B1,1,Craig_Bampton,full-grid,414,6,11,35,1.0066650597073947,1.0004820423459722,-0.1114011911019136,0,0,1,UNSTABLE,2.5827222253773644e-16,1.2205030601189525e-16,1
B1_D1_Craig_Bampton,B1,1,Craig_Bampton,full-grid,415,6,12,36,1.0070308196465023,1.0008942967673946,-0.11100305588770508,0,0,1,UNSTABLE,2.4958478077630267e-16,1.2205030601436703e-16,1
B1_D1_Craig_Bampton,B1,1,Craig_Bampton,full-grid,416,6,13,37,1.0073416907385075,1.0012553673616313,-0.11056659183243159,0,0,1,UNSTABLE,2.1516657435657419e-16,1.2205030601189525e-16,1
B1_D1_Craig_Bampton,B1,1,Craig_Bampton,full-grid,417,6,14,38,1.0075957784090888,1.0015624830886494,-0.11009925130134422,0,0,1,UNSTABLE,4.1663110868131465e-16,1.2205030601189525e-16,1
B1_D1_Craig_Bampton,B1,1,Craig_Bampton,full-grid,418,6,15,39,1.0077924168031633,1.0018141353543479,-0.10960836450828537,0,0,1,UNSTABLE,2.1356977207318632e-16,1.2205030601189525e-16,1
B1_D1_Craig_Bampton,B1,1,Craig_Bampton,full-grid,419,6,16,40,1.0079319818025794,1.0020099155550244,-0.10910091232381031,0,0,1,UNSTABLE,5.4156538477745779e-16,1.2205030601436703e-16,1
B1_D1_Craig_Bampton,B1,1,Craig_Bampton,full-grid,420,6,17,41,1.0080156823918804,1.0021503219835235,-0.10858336933567879,0,0,1,UNSTABLE,3.6103182190397874e-16,1.2205030601189525e-16,1
B1_D1_Craig_Bampton,B1,1,Craig_Bampton,full-grid,421,6,18,42,1.0080453534427765,1.0022365601271754,-0.10806161271246585,0,0,1,UNSTABLE,3.6987875116155803e-16,1.2205030601189525e-16,1
B1_D1_Craig_Bampton,B1,1,Craig_Bampton,full-grid,422,6,19,43,1.0080232657038892,1.0022703537205824,-0.10754088642536093,0,0,1,UNSTABLE,2.5011422188597455e-16,1.2205030601189525e-16,1
B1_D1_Craig_Bampton,B1,1,Craig_Bampton,full-grid,423,6,20,44,1.0079519618201682,1.0022537771169617,-0.10702580806473462,0,0,1,UNSTABLE,1.1942152499846712e-16,1.2205030601436703e-16,1
B1_D1_Craig_Bampton,B1,1,Craig_Bampton,full-grid,424,6,21,45,1.0078341216682052,1.0021891138649588,-0.10652040578824017,0,0,1,UNSTABLE,2.7377121763147751e-16,1.2205030601189523e-16,1
B1_D1_Craig_Bampton,B1,1,Craig_Bampton,full-grid,425,6,22,46,1.0076724564964257,1.0020787422888218,-0.10602817471971086,0,0,1,UNSTABLE,4.3306491592408476e-16,1.2205030601189523e-16,1
B1_D1_Craig_Bampton,B1,1,Craig_Bampton,full-grid,426,6,23,47,1.0074696291369238,1.0019250463120253,-0.105552144487625,0,0,1,UNSTABLE,2.5112405912262228e-16,1.2205030601189525e-16,1
B1_D1_Craig_Bampton,B1,1,Craig_Bampton,full-grid,427,6,24,48,1.0072281965452987,1.0017303484395637,-0.10509495197698901,0,0,1,UNSTABLE,2.2481069894239757e-16,1.2205030601436703e-16,1
B1_D1_Craig_Bampton,B1,1,Craig_Bampton,full-grid,428,6,25,49,1.0069505707357433,1.0014968613621322,-0.10465891546751961,0,0,1,UNSTABLE,2.5778712299935218e-16,1.2205030601189525e-16,1
B1_D1_Craig_Bampton,B1,1,Craig_Bampton,full-grid,429,6,26,50,1.0066389944900853,1.0012266547522843,-0.10424610804034819,0,0,1,UNSTABLE,4.1299496802282513e-16,1.2205030601189525e-16,1
B1_D1_Craig_Bampton,B1,1,Craig_Bampton,full-grid,430,6,27,51,1.0062955288037521,1.0009216342542451,-0.10385842947124654,0,0,1,UNSTABLE,2.8237120317243753e-16,1.2205030601189525e-16,1
B1_D1_Craig_Bampton,B1,1,Craig_Bampton,full-grid,431,6,28,52,1.005922049749242,1.0005835302751849,-0.10349767685202015,0,0,1,UNSTABLE,4.0487908727006706e-16,1.2205030601436703e-16,1
B1_D1_Craig_Bampton,B1,1,Craig_Bampton,full-grid,432,6,29,53,1.0055202532258973,1.0002138948903516,-0.10316561498748283,0,0,1,UNSTABLE,5.3490979082860015e-16,1.2205030601189525e-16,1
B1_D1_Craig_Bampton,B1,1,Craig_Bampton,full-grid,433,6,30,54,1.0050916669172405,0.99981410595981235,-0.10286404828830169,0,0,1,UNSTABLE,3.1852384562420606e-16,1.2205030601189525e-16,1
B1_D1_Craig_Bampton,B1,1,Craig_Bampton,full-grid,434,6,31,55,1.0046376697452168,0.99938537846131292,-0.10259489650483443,0,0,1,UNSTABLE,3.9917150671411977e-16,1.2205030601189525e-16,1
B1_D1_Craig_Bampton,B1,1,Craig_Bampton,full-grid,435,6,32,56,1.0041595202955205,0.99892878416517816,-0.10236027728766936,0,0,1,UNSTABLE,3.17932018311651e-16,1.2205030601436703e-16,1
B1_D1_Craig_Bampton,B1,1,Craig_Bampton,full-grid,436,6,33,57,1.0036583972680559,0.99844528228557938,-0.10216259926388344,0,0,1,UNSTABLE,1.6549860624960237e-16,1.2205030601189525e-16,1
B1_D1_Craig_Bampton,B1,1,Craig_Bampton,full-grid,437,6,34,58,1.0031354572635081,0.99793576591875077,-0.10200467008634392,0,0,1,UNSTABLE,1.7016709705276304e-16,1.2205030601189525e-16,1
B1_D1_Craig_Bampton,B1,1,Craig_Bampton,full-grid,438,6,35,59,1.0025919185947509,0.99740113237557404,-0.10188982465107246,0,0,1,UNSTABLE,2.5159731020602525e-16,1.2205030601189525e-16,1
B1_D1_Craig_Bampton,B1,1,Craig_Bampton,full-grid,439,6,36,60,1.0020291850102114,0.99684239066415969,-0.10182207907517535,0,0,1,UNSTABLE,2.4102538579117142e-16,1.2205030601436703e-16,1
B1_D1_Craig_Bampton,B1,1,Craig_Bampton,full-grid,440,6,37,61,1.0014490312856625,0.99626082751036571,-0.10180631528227133,0,0,1,UNSTABLE,1.7476244025619568e-16,1.2205030601189523e-16,1
B1_D1_Craig_Bampton,B1,1,Craig_Bampton,full-grid,441,6,38,62,1.0011067307518382,1.0009732641942501,-0.016346581445106256,0,0,1,UNSTABLE,1.606348258262098e-16,1.2205030601189523e-16,1
B1_D1_Craig_Bampton,B1,1,Craig_Bampton,full-grid,442,6,39,63,1.00115282712926,1.0010197095136215,-0.016325576074814448,0,0,1,UNSTABLE,2.0193971927086453e-16,1.2205030601189525e-16,1
B1_D1_Craig_Bampton,B1,1,Craig_Bampton,full-grid,443,6,40,64,1.0011984905826208,1.0010657321897471,-0.016303906903675933,0,0,1,UNSTABLE,3.6773173310121618e-16,1.2205030601436703e-16,1
B1_D1_Craig_Bampton,B1,1,Craig_Bampton,full-grid,444,6,41,65,1.0012437085356662,1.0011113194116144,-0.016281585555191228,0,0,1,UNSTABLE,3.2863033972100634e-16,1.2205030601189525e-16,1
B1_D1_Craig_Bampton,B1,1,Craig_Bampton,full-grid,445,6,42,66,1.0012884688161052,1.0011564587662469,-0.016258624010924989,0,0,1,UNSTABLE,3.133623361611542e-16,1.2205030601189525e-16,1
B1_D1_Craig_Bampton,B1,1,Craig_Bampton,full-grid,446,6,43,67,1.0013327596697927,1.0012011382532757,-0.016235034593990703,0,0,1,UNSTABLE,1.9265524249854983e-16,1.2205030601189525e-16,1
B1_D1_Craig_Bampton,B1,1,Craig_Bampton,full-grid,447,6,44,68,1.0013765697739387,1.0012453462985489,-0.016210829951570072,0,0,1,UNSTABLE,3.0450250291220296e-16,1.2205030601436703e-16,1
B1_D1_Craig_Bampton,B1,1,Craig_Bampton,full-grid,448,6,45,69,1.0014198882495187,1.0012890717669527,-0.016186023036943158,0,0,1,UNSTABLE,2.6826507105096454e-16,1.2205030601189525e-16,1
B1_D1_Craig_Bampton,B1,1,Craig_Bampton,full-grid,449,6,46,70,1.0014627046725857,1.0013323039741477,-0.016160627090422996,0,0,1,UNSTABLE,1.7307130045685628e-16,1.2205030601189525e-16,1
B1_D1_Craig_Bampton,B1,1,Craig_Bampton,full-grid,450,6,47,71,1.0015050090846278,1.0013750326973541,-0.016134655619935018,0,0,1,UNSTABLE,2.1364742950220074e-16,1.2205030601189525e-16,1
B1_D1_Craig_Bampton,B1,1,Craig_Bampton,full-grid,451,6,48,72,1.001546792001752,1.0014172481849721,-0.016108122380915305,0,0,1,UNSTABLE,4.9847184544972542e-16,1.2205030601436703e-16,1
B1_D1_Craig_Bampton,B1,1,Craig_Bampton,full-grid,452,6,49,73,1.0015880444228233,1.0014589411651647,-0.016081041355659926,0,0,1,UNSTABLE,1.8171554642571434e-16,1.2205030601189525e-16,1
B1_D1_Craig_Bampton,B1,1,Craig_Bampton,full-grid,453,6,50,74,1.0016287578364294,1.0015001028532637,-0.016053426732337218,0,0,1,UNSTABLE,2.0669300223461606e-16,1.2205030601189525e-16,1
B1_D1_Craig_Bampton,B1,1,Craig_Bampton,full-grid,454,6,51,75,1.0016689242266406,1.0015407249579762,-0.016025292883647933,0,0,1,UNSTABLE,2.9203140379250094e-16,1.2205030601189525e-16,1
B1_D1_Craig_Bampton,B1,1,Craig_Bampton,full-grid,455,6,52,76,1.0017085360776103,1.0015807996864301,-0.015996654345214741,0,0,1,UNSTABLE,2.666918132210499e-16,1.2205030601436703e-16,1
B1_D1_Craig_Bampton,B1,1,Craig_Bampton,full-grid,456,6,53,77,1.0017475863769352,1.0016203197479787,-0.015967525793685836,0,0,1,UNSTABLE,4.1759707400749747e-16,1.2205030601189523e-16,1
B1_D1_Craig_Bampton,B1,1,Craig_Bampton,full-grid,457,6,54,78,1.0017860686178559,1.0016592783568383,-0.015937922025082381,0,0,1,UNSTABLE,4.9314976783055873e-16,1.2205030601189523e-16,1
B1_D1_Craig_Bampton,B1,1,Craig_Bampton,full-grid,458,6,55,79,1.0018239768001946,1.0016976692334605,-0.015907857932777675,0,0,1,UNSTABLE,2.0737352710707199e-16,1.2205030601189525e-16,1
B1_D1_Craig_Bampton,B1,1,Craig_Bampton,full-grid,459,6,56,80,1.0018613054301404,1.0017354866047459,-0.01587734848576083,0,0,1,UNSTABLE,2.5712165260382511e-16,1.2205030601436703e-16,1
B1_D1_Craig_Bampton,B1,1,Craig_Bampton,full-grid,460,6,57,81,1.0018980495188701,1.0017727252030806,-0.015846408707011782,0,0,1,UNSTABLE,4.6507230733129949e-16,1.2205030601189525e-16,1
B1_D1_Craig_Bampton,B1,1,Craig_Bampton,full-grid,461,6,58,82,1.0019342045799771,1.0018093802641754,-0.015815053652144615,0,0,1,UNSTABLE,3.2808544864814485e-16,1.2205030601189525e-16,1
B1_D1_Craig_Bampton,B1,1,Craig_Bampton,full-grid,462,6,59,83,1.0023986003634449,0.99613845286995373,-0.11185319273247629,0,0,1,UNSTABLE,3.7425064349911862e-16,1.2205030601189525e-16,1
B1_D1_Craig_Bampton,B1,1,Craig_Bampton,full-grid,463,6,60,84,1.0028917608101233,0.99663937709012296,-0.11181160912106293,0,0,1,UNSTABLE,2.0888055139526085e-16,1.2205030601436703e-16,1
B1_D1_Craig_Bampton,B1,1,Craig_Bampton,full-grid,464,6,61,85,1.0033509695817759,0.99711110523060809,-0.11172561025335667,0,0,1,UNSTABLE,4.6975639210254015e-16,1.2205030601189525e-16,1
B1_D1_Craig_Bampton,B1,1,Craig_Bampton,full-grid,465,6,62,86,1.0037757201302024,0.99755243262609383,-0.11160125664466715,0,0,1,UNSTABLE,3.6429712108796072e-16,1.2205030601189525e-16,1
B1_D1_Craig_Bampton,B1,1,Craig_Bampton,full-grid,466,6,63,87,1.0041660497837999,0.9979627792161696,-0.11144391790286058,0,0,1,UNSTABLE,3.1493233315499308e-16,1.2205030601189525e-16,1
B1_D1_Craig_Bampton,B1,1,Craig_Bampton,full-grid,467,6,64,88,1.0045223838218926,0.99834202650561976,-0.1112583377184405,0,0,1,UNSTABLE,2.880529487500764e-16,1.2205030601436703e-16,1
B1_D1_Craig_Bampton,B1,1,Craig_Bampton,full-grid,468,6,65,89,1.0048454179260737,0.99869039272166804,-0.11104869838258313,0,0,1,UNSTABLE,4.1151895329224529e-16,1.2205030601189525e-16,1
B1_D1_Craig_Bampton,B1,1,Craig_Bampton,full-grid,469,6,66,90,1.0051360293853371,0.99900833691056845,-0.11081868232252848,0,0,1,UNSTABLE,2.6468326384393006e-16,1.2205030601189525e-16,1
B1_D1_Craig_Bampton,B1,1,Craig_Bampton,full-grid,470,7,0,25,1.0022515010532069,0.99606596067319941,-0.11117856516245708,0,0,1,UNSTABLE,2.7285534850553231e-16,1.3204866086300172e-16,1
B1_D1_Craig_Bampton,B1,1,Craig_Bampton,full-grid,471,7,1,26,1.00279395394607,0.99658060098307477,-0.11145770415276844,0,0,1,UNSTABLE,2.4615470126989212e-16,1.2205030600093825e-16,1
B1_D1_Craig_Bampton,B1,1,Craig_Bampton,full-grid,472,7,2,27,1.0033612689972058,0.99712657584040421,-0.11168002451859363,0,0,1,UNSTABLE,1.9331128753180078e-16,1.2205030600093825e-16,1
B1_D1_Craig_Bampton,B1,1,Craig_Bampton,full-grid,473,7,3,28,1.0039462473013532,0.99769719217219555,-0.11184086999924013,0,0,1,UNSTABLE,3.8257826903417572e-16,1.22050306014367e-16,1
B1_D1_Craig_Bampton,B1,1,Craig_Bampton,full-grid,474,7,4,29,1.0045408457657645,0.99828479550065019,-0.11193649040425838,0,0,1,UNSTABLE,3.5226349479149232e-16,1.2205030601189523e-16,1
B1_D1_Craig_Bampton,B1,1,Craig_Bampton,full-grid,475,7,5,30,1.0051363545852849,0.9988809168835403,-0.11196430321711331,0,0,1,UNSTABLE,4.0675171185499492e-16,1.2205030601189525e-16,1
B1_D1_Craig_Bampton,B1,1,Craig_Bampton,full-grid,476,7,6,31,1.0057236593190217,0.99947650922366471,-0.11192312729780876,0,0,1,UNSTABLE,1.2181444839927307e-16,1.2205030601189525e-16,1
B1_D1_Craig_Bampton,B1,1,Craig_Bampton,full-grid,477,7,7,32,1.0062935765829548,1.0000622664160645,-0.11181335145178156,0,0,1,UNSTABLE,2.3340217392222309e-16,1.2205030601436703e-16,1
B1_D1_Craig_Bampton,B1,1,Craig_Bampton,full-grid,478,7,8,33,1.0068372347261587,1.0006290005367908,-0.11163700334459439,0,0,1,UNSTABLE,2.5262862779060189e-16,1.2205030601189525e-16,1
B1_D1_Craig_Bampton,B1,1,Craig_Bampton,full-grid,479,7,9,34,1.0073464566718389,1.0011680362755639,-0.11139769705626819,0,0,1,UNSTABLE,1.7387309983577833e-16,1.2205030601189525e-16,1
B1_D1_Craig_Bampton,B1,1,Craig_Bampton,full-grid,480,7,10,35,1.0078140969869336,1.0016715740687419,-0.1111004580919346,0,0,1,UNSTABLE,1.7361215835151984e-16,1.2205030601189525e-16,1
B1_D1_Craig_Bampton,B1,1,Craig_Bampton,full-grid,481,7,11,36,1.0082342918747917,1.0021329773626113,-0.1107514469188134,0,0,1,UNSTABLE,2.1446794234342061e-16,1.22050306014367e-16,1
B1_D1_Craig_Bampton,B1,1,Craig_Bampton,full-grid,482,7,12,37,1.0086025972948618,1.0025469541036947,-0.11035761907247479,0,0,1,UNSTABLE,2.7807419653339467e-16,1.2205030601189525e-16,1
B1_D1_Craig_Bampton,B1,1,Craig_Bampton,full-grid,483,7,13,38,1.0089160112379136,1.0029096228553307,-0.10992636679341249,0,0,1,UNSTABLE,3.1463554509988644e-16,1.2205030601189525e-16,1
B1_D1_Craig_Bampton,B1,1,Craig_Bampton,full-grid,484,7,14,39,1.0091728948567984,1.0032184733824243,-0.10946518340499209,0,0,1,UNSTABLE,1.6542665504049375e-16,1.2205030601189525e-16,1
B1_D1_Craig_Bampton,B1,1,Craig_Bampton,full-grid,485,7,15,40,1.0093728191273883,1.0034722451259896,-0.10898138031323072,0,0,1,UNSTABLE,2.4213735242302449e-16,1.2205030601436703e-16,1
B1_D1_Craig_Bampton,B1,1,Craig_Bampton,full-grid,486,7,16,41,1.0095163676985683,1.0036707528012094,-0.10848187232328073,0,0,1,UNSTABLE,1.8961501705689034e-16,1.2205030601189525e-16,1
B1_D1_Craig_Bampton,B1,1,Craig_Bampton,full-grid,487,7,17,42,1.0096049240292475,1.0038146873499523,-0.10797303406230813,0,0,1,UNSTABLE,2.2406266566297251e-16,1.2205030601189525e-16,1
B1_D1_Craig_Bampton,B1,1,Craig_Bampton,full-grid,488,7,18,43,1.0096404645470287,1.0039054151548019,-0.10746062103675416,0,0,1,UNSTABLE,2.7908207435831708e-16,1.2205030601189525e-16,1
B1_D1_Craig_Bampton,B1,1,Craig_Bampton,full-grid,489,7,19,44,1.0096253720643624,1.00394479142235,-0.10694974376797957,0,0,1,UNSTABLE,2.9398158045638893e-16,1.22050306014367e-16,1
B1_D1_Craig_Bampton,B1,1,Craig_Bampton,full-grid,490,7,20,45,1.0095622768941515,1.0039349969253084,-0.10644488186984109,0,0,1,UNSTABLE,2.7154287741854882e-16,1.2205030601189523e-16,1
B1_D1_Craig_Bampton,B1,1,Craig_Bampton,full-grid,491,7,21,46,1.0094539279094763,1.0038784019063693,-0.10594992570919524,0,0,1,UNSTABLE,5.1700335468669019e-16,1.2205030601189523e-16,1
B1_D1_Craig_Bampton,B1,1,Craig_Bampton,full-grid,492,7,22,47,1.0093030923541704,1.0037774571968554,-0.10546823530858099,0,0,1,UNSTABLE,2.6192151140282489e-16,1.2205030601189525e-16,1
B1_D1_Craig_Bampton,B1,1,Craig_Bampton,full-grid,493,7,23,48,1.0091124812935144,1.003634610349291,-0.10500270859068658,0,0,1,UNSTABLE,3.6821751959763499e-16,1.2205030601436703e-16,1
B1_D1_Craig_Bampton,B1,1,Craig_Bampton,full-grid,494,7,24,49,1.0088846968003455,1.0034522434857573,-0.10455585340537077,0,0,1,UNSTABLE,1.9115524629436172e-16,1.2205030601189525e-16,1
B1_D1_Craig_Bampton,B1,1,Craig_Bampton,full-grid,495,7,25,50,1.0086221969231004,1.0032326292670666,-0.10412985978992835,0,0,1,UNSTABLE,2.6947892123009008e-16,1.2205030601189525e-16,1
B1_D1_Craig_Bampton,B1,1,Craig_Bampton,full-grid,496,7,26,51,1.0083272748663814,1.0029779015835598,-0.10372667050716566,0,0,1,UNSTABLE,2.3229669179618816e-16,1.2205030601189525e-16,1
B1_D1_Craig_Bampton,B1,1,Craig_Bampton,full-grid,497,7,27,52,1.0080020494247632,1.0026900380415922,-0.10334804911885564,0,0,1,UNSTABLE,4.4975871930034434e-16,1.22050306014367e-16,1
B1_D1_Craig_Bampton,B1,1,Craig_Bampton,full-grid,498,7,28,53,1.0076484644182797,1.002370851930833,-0.10299564575249404,0,0,1,UNSTABLE,3.8014141393208432e-16,1.2205030601189525e-16,1
B1_D1_Craig_Bampton,B1,1,Craig_Bampton,full-grid,499,7,29,54,1.007268295622755,1.0020219920342335,-0.10267106138789225,0,0,1,UNSTABLE,4.3354260492121805e-16,1.2205030601189525e-16,1
B1_D1_Craig_Bampton,B1,1,Craig_Bampton,full-grid,500,7,30,55,1.006863164465241,1.0016449493692896,-0.10237591201035633,0,0,1,UNSTABLE,3.878431939276943e-16,1.2205030601189525e-16,1
B1_D1_Craig_Bampton,B1,1,Craig_Bampton,full-grid,501,7,31,56,1.0064345585928367,1.0012410707467618,-0.10211189440920232,0,0,1,UNSTABLE,2.8436016899666179e-16,1.2205030601436703e-16,1
B1_D1_Craig_Bampton,B1,1,Craig_Bampton,full-grid,502,7,32,57,1.0059838603996263,1.0008115799724475,-0.1018808557953266,0,0,1,UNSTABLE,2.4067233920409476e-16,1.2205030601189525e-16,1
B1_D1_Craig_Bampton,B1,1,Craig_Bampton,full-grid,503,7,33,58,1.0055123858242541,1.0003576087090289,-0.10168486978866124,0,0,1,UNSTABLE,7.8106546505822515e-16,1.2205030601189525e-16,1
B1_D1_Craig_Bampton,B1,1,Craig_Bampton,full-grid,504,7,34,59,1.0050214373928377,0.99988024064282754,-0.10152632166687918,0,0,1,UNSTABLE,4.8489885189365544e-16,1.2205030601189525e-16,1
B1_D1_Craig_Bampton,B1,1,Craig_Bampton,full-grid,505,7,35,60,1.0045123778410101,0.99938057493629207,-0.10140800597490741,0,0,1,UNSTABLE,3.0010793010599311e-16,1.22050306014367e-16,1
B1_D1_Craig_Bampton,B1,1,Craig_Bampton,full-grid,506,7,36,61,1.0039867340940039,0.99885981840631399,-0.10133323941357777,0,0,1,UNSTABLE,3.7568759299879245e-16,1.2205030601189523e-16,1
B1_D1_Craig_Bampton,B1,1,Craig_Bampton,full-grid,507,7,37,62,1.0034463464502235,0.99831942104434646,-0.10130599079019369,0,0,1,UNSTABLE,4.2822915938125405e-16,1.2205030601189523e-16,1
B1_D1_Craig_Bampton,B1,1,Craig_Bampton,full-grid,508,7,38,63,1.0028935851630658,0.99776127717407492,-0.10133102650810585,0,0,1,UNSTABLE,2.3849321065859021e-16,1.2205030601189525e-16,1
B1_D1_Craig_Bampton,B1,1,Craig_Bampton,full-grid,509,7,39,64,1.0023316668087117,0.99718802554526698,-0.10141406212484577,0,0,1,UNSTABLE,2.5301234979812711e-16,1.2205030601436703e-16,1
B1_D1_Craig_Bampton,B1,1,Craig_Bampton,full-grid,510,7,40,65,1.0017651154871134,0.99660349612166121,-0.10156189307507058,0,0,1,UNSTABLE,3.0919171111507199e-16,1.2205030601189525e-16,1
B1_D1_Craig_Bampton,B1,1,Craig_Bampton,full-grid,511,7,41,66,1.0012461061694167,1.0011137276629682,-0.016280952188829828,0,0,1,UNSTABLE,5.137438877420478e-16,1.2205030601189525e-16,1
B1_D1_Craig_Bampton,B1,1,Craig_Bampton,full-grid,512,7,42,67,1.0012908408402272,1.0011588418124984,-0.016257964546217286,0,0,1,UNSTABLE,3.4008172211807741e-16,1.2205030601189525e-16,1
B1_D1_Craig_Bampton,B1,1,Craig_Bampton,full-grid,513,7,43,68,1.0013351055950304,1.0012034955893649,-0.016234349899121193,0,0,1,UNSTABLE,1.7285735381352635e-16,1.22050306014367e-16,1
B1_D1_Craig_Bampton,B1,1,Craig_Bampton,full-grid,514,7,44,69,1.0013788891469533,1.001247677455205,-0.016210120904671471,0,0,1,UNSTABLE,5.4396953654628662e-16,1.2205030601189525e-16,1
B1_D1_Craig_Bampton,B1,1,Craig_Bampton,full-grid,515,7,45,70,1.0014221806529344,1.0012913763107738,-0.016185290524258898,0,0,1,UNSTABLE,2.1631947004989997e-16,1.2205030601189525e-16,1
B1_D1_Craig_Bampton,B1,1,Craig_Bampton,full-grid,516,7,46,71,1.0014649697249896,1.0013345815076331,-0.016159872004668077,0,0,1,UNSTABLE,1.8593161585233751e-16,1.2205030601189525e-16,1
B1_D1_Craig_Bampton,B1,1,Craig_Bampton,full-grid,517,7,47,72,1.00150724644044,1.0013772828588072,-0.016133878858624121,0,0,1,UNSTABLE,2.2224347102953616e-16,1.2205030601436703e-16,1
B1_D1_Craig_Bampton,B1,1,Craig_Bampton,full-grid,518,7,48,73,1.001549001351054,1.0014194706483606,-0.016107324844641377,0,0,1,UNSTABLE,2.9169457846969581e-16,1.2205030601189525e-16,1
B1_D1_Craig_Bampton,B1,1,Craig_Bampton,full-grid,519,7,49,74,1.0015902254910278,1.0014611356398209,-0.016080223946466989,0,0,1,UNSTABLE,8.9674182809756225e-16,1.2205030601189525e-16,1
B1_D1_Craig_Bampton,B1,1,Craig_Bampton,full-grid,520,7,50,75,1.0016309103839198,1.0015022690835536,-0.016052590352146137,0,0,1,UNSTABLE,2.0199916044738065e-16,1.2205030601189525e-16,1
B1_D1_Craig_Bampton,B1,1,Craig_Bampton,full-grid,521,7,51,76,1.0016710480483018,1.0015428627228604,-0.016024438432619307,0,0,1,UNSTABLE,1.8971322201365497e-16,1.22050306014367e-16,1
B1_D1_Craig_Bampton,B1,1,Craig_Bampton,full-grid,522,7,52,77,1.0017106310022692,1.0015829087989325,-0.015995782720244021,0,0,1,UNSTABLE,3.2507406342838839e-16,1.2205030601189523e-16,1
B1_D1_Craig_Bampton,B1,1,Craig_Bampton,full-grid,523,7,53,78,1.0017496522667553,1.0016224000546077,-0.015966637886946005,0,0,1,UNSTABLE,2.5863623400338107e-16,1.2205030601189523e-16,1
B1_D1_Craig_Bampton,B1,1,Craig_Bampton,full-grid,524,7,54,79,1.0017881053676141,1.0016613297368875,-0.015937018722595474,0,0,1,UNSTABLE,2.5180761933263662e-16,1.2205030601189525e-16,1
B1_D1_Craig_Bampton,B1,1,Craig_Bampton,full-grid,525,7,55,80,1.0018259843365516,1.0016996915983059,-0.015906940113032585,0,0,1,UNSTABLE,2.6422520879107119e-16,1.2205030601436703e-16,1
B1_D1_Craig_Bampton,B1,1,Craig_Bampton,full-grid,526,7,56,81,1.0020952679109958,0.99599370076840876,-0.11041500803450648,0,0,1,UNSTABLE,4.1713259376720837e-16,1.2205030601189525e-16,1
B1_D1_Craig_Bampton,B1,1,Craig_Bampton,full-grid,527,7,57,82,1.0026486637023453,0.99653042125202018,-0.11059594180334896,0,0,1,UNSTABLE,2.7696617388175574e-16,1.2205030601189525e-16,1
B1_D1_Craig_Bampton,B1,1,Craig_Bampton,full-grid,528,7,58,83,1.0031821925335411,0.99705477236696682,-0.11070814024568625,0,0,1,UNSTABLE,3.406604976406363e-16,1.2205030601189525e-16,1
B1_D1_Craig_Bampton,B1,1,Craig_Bampton,full-grid,529,7,59,84,1.0036907750599446,0.99756074962641483,-0.11075975237069625,0,0,1,UNSTABLE,2.0051050750239361e-16,1.22050306014367e-16,1
B1_D1_Craig_Bampton,B1,1,Craig_Bampton,full-grid,530,7,60,85,1.0041710639521269,0.99804414773816008,-0.11075831726943156,0,0,1,UNSTABLE,1.9688680081469007e-16,1.2205030601189525e-16,1
B1_D1_Craig_Bampton,B1,1,Craig_Bampton,full-grid,531,7,61,86,1.0046209907170041,0.99850211774724351,-0.11071068531756341,0,0,1,UNSTABLE,3.1248721882785464e-16,1.2205030601189525e-16,1
B1_D1_Craig_Bampton,B1,1,Craig_Bampton,full-grid,532,7,62,87,1.0050394261680569,0.99893282937864569,-0.11062301090546495,0,0,1,UNSTABLE,2.9124247696343103e-16,1.2205030601189525e-16,1
B1_D1_Craig_Bampton,B1,1,Craig_Bampton,full-grid,533,7,63,88,1.0054259263103793,0.99933521422378568,-0.11050078239263543,0,0,1,UNSTABLE,6.1644756009911133e-16,1.2205030601436703e-16,1
B1_D1_Craig_Bampton,B1,1,Craig_Bampton,full-grid,534,7,64,89,1.0057805418279173,0.99970877017634907,-0.11034887018973272,0,0,1,UNSTABLE,4.8327229671536437e-16,1.2205030601189525e-16,1
B1_D1_Craig_Bampton,B1,1,Craig_Bampton,full-grid,535,7,65,90,1.0061036749749162,1.0000534121981959,-0.11017158231039872,0,0,1,UNSTABLE,1.8536419061388606e-16,1.2205030601189525e-16,1
B1_D1_Craig_Bampton,B1,1,Craig_Bampton,full-grid,536,7,66,91,1.0063959719622084,1.0003693582471467,-0.10997272144468381,0,0,1,UNSTABLE,2.0632096906839133e-16,1.2205030601189525e-16,1
B1_D1_Craig_Bampton,B1,1,Craig_Bampton,full-grid,537,8,0,26,1.003617132921641,0.99753849485811574,-0.11029188895861836,0,0,1,UNSTABLE,3.6904376548847967e-16,1.3204866086300174e-16,1
B1_D1_Craig_Bampton,B1,1,Craig_Bampton,full-grid,538,8,1,27,1.0041668975351645,0.99806004650604663,-0.11057712997607545,0,0,1,UNSTABLE,3.2293705003952219e-16,1.2205030600093825e-16,1
B1_D1_Craig_Bampton,B1,1,Craig_Bampton,full-grid,539,8,2,28,1.0047414491987834,0.99861289802273068,-0.11080460117122612,0,0,1,UNSTABLE,1.9386681020099149e-16,1.22050306014367e-16,1
B1_D1_Craig_Bampton,B1,1,Craig_Bampton,full-grid,540,8,3,29,1.0053333858836038,0.99919014609884527,-0.11096967473665453,0,0,1,UNSTABLE,3.1180522539184861e-16,1.2205030601189523e-16,1
B1_D1_Craig_Bampton,B1,1,Craig_Bampton,full-grid,541,8,4,30,1.0059344650701598,0.99978392312580189,-0.11106869529786161,0,0,1,UNSTABLE,2.5699472424436907e-16,1.2205030601189525e-16,1
B1_D1_Craig_Bampton,B1,1,Craig_Bampton,full-grid,542,8,5,31,1.0065358057674272,1.0003855687347558,-0.11109924463794991,0,0,1,UNSTABLE,1.6406518104199641e-16,1.2205030601189525e-16,1
B1_D1_Craig_Bampton,B1,1,Craig_Bampton,full-grid,543,8,6,32,1.0071281752593311,1.0009858920223662,-0.11106036814893883,0,0,1,UNSTABLE,3.912874753945582e-16,1.2205030601436703e-16,1
B1_D1_Craig_Bampton,B1,1,Craig_Bampton,full-grid,544,8,7,33,1.007702344625907,1.0015755129237267,-0.11095272541097913,0,0,1,UNSTABLE,2.4950736767453386e-16,1.2205030601189525e-16,1
B1_D1_Craig_Bampton,B1,1,Craig_Bampton,full-grid,545,8,8,34,1.0082494798515336,1.002145253018262,-0.11077863274951329,0,0,1,UNSTABLE,2.6584383625885974e-16,1.2205030601189525e-16,1
B1_D1_Craig_Bampton,B1,1,Craig_Bampton,full-grid,546,8,9,35,1.0087615231255136,1.0026865317784086,-0.11054198084299183,0,0,1,UNSTABLE,2.4302276267394565e-16,1.2205030601189525e-16,1
B1_D1_Craig_Bampton,B1,1,Craig_Bampton,full-grid,547,8,10,36,1.0092315168028316,1.0031917194333857,-0.11024803203881466,0,0,1,UNSTABLE,3.1492746628877491e-16,1.2205030601436703e-16,1
B1_D1_Craig_Bampton,B1,1,Craig_Bampton,full-grid,548,8,11,37,1.0096538319745445,1.0036544045960158,-0.10990312350383176,0,0,1,UNSTABLE,1.6925902141231611e-16,1.2205030601189525e-16,1
B1_D1_Craig_Bampton,B1,1,Craig_Bampton,full-grid,549,8,12,38,1.010024281749454,1.0040695514185054,-0.10951431704458349,0,0,1,UNSTABLE,1.560061086832817e-16,1.2205030601189525e-16,1
B1_D1_Craig_Bampton,B1,1,Craig_Bampton,full-grid,550,8,13,39,1.010340120153935,1.0044335416605397,-0.10908904060414568,0,0,1,UNSTABLE,1.1574056122677505e-16,1.2205030601189525e-16,1
B1_D1_Craig_Bampton,B1,1,Craig_Bampton,full-grid,551,8,14,40,1.0105999448639302,1.0047441153704972,-0.10863476049283619,0,0,1,UNSTABLE,2.9765368311942561e-16,1.22050306014367e-16,1
B1_D1_Craig_Bampton,B1,1,Craig_Bampton,full-grid,552,8,15,41,1.0108035320387025,1.0050002356284529,-0.1081587110161298,0,0,1,UNSTABLE,1.7284288774163104e-16,1.2205030601189525e-16,1
B1_D1_Craig_Bampton,B1,1,Craig_Bampton,full-grid,553,8,16,42,1.0109516337882751,1.0052019068447458,-0.10766769401668089,0,0,1,UNSTABLE,5.1838235831108975e-16,1.2205030601189525e-16,1
B1_D1_Craig_Bampton,B1,1,Craig_Bampton,full-grid,554,8,17,43,1.0110457651476017,1.0053499738876841,-0.10716794869237665,0,0,1,UNSTABLE,1.4142496293333848e-16,1.2205030601189525e-16,1
B1_D1_Craig_Bampton,B1,1,Craig_Bampton,full-grid,555,8,18,44,1.0110880006427658,1.0054459234328845,-0.10666508377149396,0,0,1,UNSTABLE,1.8867987454028099e-16,1.22050306014367e-16,1
B1_D1_Craig_Bampton,B1,1,Craig_Bampton,full-grid,556,8,19,45,1.0110807931101824,1.0054917018944183,-0.10616405991568836,0,0,1,UNSTABLE,3.0813436665145219e-16,1.2205030601189523e-16,1
B1_D1_Craig_Bampton,B1,1,Craig_Bampton,full-grid,557,8,20,46,1.0110268209699245,1.0054895578461771,-0.1056692092468323,0,0,1,UNSTABLE,2.4617492487321937e-16,1.2205030601189523e-16,1
B1_D1_Craig_Bampton,B1,1,Craig_Bampton,full-grid,558,8,21,47,1.0109288653601831,1.0054419118270228,-0.10518428000442256,0,0,1,UNSTABLE,3.60268095414726e-16,1.2205030601189525e-16,1
B1_D1_Craig_Bampton,B1,1,Craig_Bampton,full-grid,559,8,22,48,1.0107897154597325,1.0053512530258732,-0.10471249647713432,0,0,1,UNSTABLE,4.8536769481634653e-16,1.2205030601436703e-16,1
B1_D1_Craig_Bampton,B1,1,Craig_Bampton,full-grid,560,8,23,49,1.0106120986736953,1.0052200603646626,-0.10425662677314569,0,0,1,UNSTABLE,1.8585095323653145e-16,1.2205030601189525e-16,1
B1_D1_Craig_Bampton,B1,1,Craig_Bampton,full-grid,561,8,24,50,1.010398631737512,1.0050507445892096,-0.10381905324993003,0,0,1,UNSTABLE,5.0613171922398361e-16,1.2205030601189525e-16,1
B1_D1_Craig_Bampton,B1,1,Craig_Bampton,full-grid,562,8,25,51,1.0101517888382427,1.0048456077917542,-0.10340184231783157,0,0,1,UNSTABLE,2.2797301887307619e-16,1.2205030601189525e-16,1
B1_D1_Craig_Bampton,B1,1,Craig_Bampton,full-grid,563,8,26,52,1.0098738832750993,1.0046068170392206,-0.10300681181094302,0,0,1,UNSTABLE,3.1016934137662829e-16,1.2205030601436703e-16,1
B1_D1_Craig_Bampton,B1,1,Craig_Bampton,full-grid,564,8,27,53,1.0095670597883406,1.0043363892656552,-0.10263559522164493,0,0,1,UNSTABLE,1.9929305437971176e-16,1.2205030601189525e-16,1
B1_D1_Craig_Bampton,B1,1,Craig_Bampton,full-grid,565,8,28,54,1.0092332953630196,1.004036185180301,-0.10228970289275557,0,0,1,UNSTABLE,2.7683081477517292e-16,1.2205030601189525e-16,1
B1_D1_Craig_Bampton,B1,1,Craig_Bampton,full-grid,566,8,29,55,1.0088744070044293,1.0037079105764786,-0.10197058082966207,0,0,1,UNSTABLE,1.9174927300355232e-16,1.2205030601189525e-16,1
B1_D1_Craig_Bampton,B1,1,Craig_Bampton,full-grid,567,8,30,56,1.0084920656775531,1.0033531240831652,-0.10167966820918592,0,0,1,UNSTABLE,2.8555846659918951e-16,1.22050306014367e-16,1
B1_D1_Craig_Bampton,B1,1,Craig_Bampton,full-grid,568,8,31,57,1.0080878163211298,1.002973251091962,-0.10141845497306672,0,0,1,UNSTABLE,3.9425606687463376e-16,1.2205030601189525e-16,1
B1_D1_Craig_Bampton,B1,1,Craig_Bampton,full-grid,569,8,32,58,1.0076631046418698,1.0025696043655041,-0.1011885411441853,0,0,1,UNSTABLE,1.7494381316519485e-16,1.2205030601189525e-16,1
B1_D1_Craig_Bampton,B1,1,Craig_Bampton,full-grid,570,8,33,59,1.007219312342277,1.0021434127636621,-0.10099169970670632,0,0,1,UNSTABLE,2.2276600378300416e-16,1.2205030601189525e-16,1
B1_D1_Craig_Bampton,B1,1,Craig_Bampton,full-grid,571,8,34,60,1.0067578036519951,1.0016958607281783,-0.10082994502737333,0,0,1,UNSTABLE,2.2006593264387116e-16,1.22050306014367e-16,1
B1_D1_Craig_Bampton,B1,1,Craig_Bampton,full-grid,572,8,35,61,1.006279987678973,1.0012281428131256,-0.10070560879202838,0,0,1,UNSTABLE,6.2143140638164024e-16,1.2205030601189523e-16,1
B1_D1_Craig_Bampton,B1,1,Craig_Bampton,full-grid,573,8,36,62,1.0057874033940448,1.0007415398768931,-0.10062142510896956,0,0,1,UNSTABLE,3.2279490939279707e-16,1.2205030601189523e-16,1
B1_D1_Craig_Bampton,B1,1,Craig_Bampton,full-grid,574,8,37,63,1.0052818372973762,1.0002375268856936,-0.10058062541851592,0,0,1,UNSTABLE,2.3122589767639108e-16,1.2205030601189525e-16,1
B1_D1_Craig_Bampton,B1,1,Craig_Bampton,full-grid,575,8,38,64,1.0047654883056993,0.99971792701327677,-0.10058704140428369,0,0,1,UNSTABLE,2.1518092159756754e-16,1.2205030601436703e-16,1
B1_D1_Craig_Bampton,B1,1,Craig_Bampton,full-grid,576,8,39,65,1.0042412003517884,0.99918513320936475,-0.10064520881485033,0,0,1,UNSTABLE,2.8175400397731294e-16,1.2205030601189525e-16,1
B1_D1_Craig_Bampton,B1,1,Craig_Bampton,full-grid,577,8,40,66,1.0037127902436189,0.99864242656540814,-0.10076045435677634,0,0,1,UNSTABLE,5.5992460473321641e-16,1.2205030601189525e-16,1
B1_D1_Craig_Bampton,B1,1,Craig_Bampton,full-grid,578,8,41,67,1.0031855043833846,0.99809442899988987,-0.10093892710114083,0,0,1,UNSTABLE,1.7770763539276102e-16,1.2205030601189525e-16,1
B1_D1_Craig_Bampton,B1,1,Craig_Bampton,full-grid,579,8,42,68,1.0026666363710814,0.9975477301322766,-0.10118749823787904,0,0,1,UNSTABLE,5.4429490294037807e-16,1.2205030601436703e-16,1
B1_D1_Craig_Bampton,B1,1,Craig_Bampton,full-grid,580,8,43,69,1.0021663116049311,0.99701170885657286,-0.10151339083455085,0,0,1,UNSTABLE,3.5409919356328375e-16,1.2205030601189525e-16,1
B1_D1_Craig_Bampton,B1,1,Craig_Bampton,full-grid,581,8,44,70,1.00169835975391,0.99649949407175009,-0.10192331552897861,0,0,1,UNSTABLE,1.5429485909823809e-16,1.2205030601189525e-16,1
B1_D1_Craig_Bampton,B1,1,Craig_Bampton,full-grid,582,8,45,71,1.0014244745584675,1.0012936823710961,-0.016184557097225667,0,0,1,UNSTABLE,1.8789029203630421e-16,1.2205030601189525e-16,1
B1_D1_Craig_Bampton,B1,1,Craig_Bampton,full-grid,583,8,46,72,1.0014672362475585,1.0013368605257869,-0.016159115993265069,0,0,1,UNSTABLE,2.6784234245081526e-16,1.22050306014367e-16,1
B1_D1_Craig_Bampton,B1,1,Craig_Bampton,full-grid,584,8,47,73,1.0015094852346966,1.0013795344733092,-0.016133101161447699,0,0,1,UNSTABLE,3.0299809563556821e-16,1.2205030601189525e-16,1
B1_D1_Craig_Bampton,B1,1,Craig_Bampton,full-grid,585,8,48,74,1.0015512121073087,1.00142169453339,-0.016106526363348413,0,0,1,UNSTABLE,1.7053666323879229e-16,1.2205030601189525e-16,1
B1_D1_Craig_Bampton,B1,1,Craig_Bampton,full-grid,586,8,49,75,1.0015924079350105,1.0014633315050094,-0.016079405584170609,0,0,1,UNSTABLE,2.8996818478096472e-16,1.2205030601189525e-16,1
B1_D1_Craig_Bampton,B1,1,Craig_Bampton,full-grid,587,8,50,76,1.0016330642763309,1.001504436673569,-0.016051753011726348,0,0,1,UNSTABLE,2.5851989320580409e-16,1.22050306014367e-16,1
B1_D1_Craig_Bampton,B1,1,Craig_Bampton,full-grid,588,8,51,77,1.0016731731843822,1.0015450018170045,-0.016023583015225561,0,0,1,UNSTABLE,2.2422526122664475e-16,1.2205030601189523e-16,1
B1_D1_Craig_Bampton,B1,1,Craig_Bampton,full-grid,589,8,52,78,1.0017127272112374,1.0015850192106055,-0.015994910123718103,0,0,1,UNSTABLE,2.7701276753946314e-16,1.2205030601189523e-16,1
B1_D1_Craig_Bampton,B1,1,Craig_Bampton,full-grid,590,8,53,79,1.0017902391075633,0.99596955752035909,-0.10783470528493518,0,0,1,UNSTABLE,4.2074561866734935e-16,1.2205030601189525e-16,1
B1_D1_Craig_Bampton,B1,1,Craig_Bampton,full-grid,591,8,54,80,1.0022778298866752,0.99640839487878985,-0.10831047455078793,0,0,1,UNSTABLE,3.0487392620604412e-16,1.2205030601436703e-16,1
B1_D1_Craig_Bampton,B1,1,Craig_Bampton,full-grid,592,8,55,81,1.0027921949370158,0.99688360164875378,-0.10869807261587784,0,0,1,UNSTABLE,2.7571329516212994e-16,1.2205030601189525e-16,1
B1_D1_Craig_Bampton,B1,1,Craig_Bampton,full-grid,593,8,56,82,1.003316496111653,0.99737785030234716,-0.10900190409361195,0,0,1,UNSTABLE,5.0184970373905151e-16,1.2205030601189525e-16,1
B1_D1_Craig_Bampton,B1,1,Craig_Bampton,full-grid,594,8,57,83,1.0038380088016368,0.9978776844583801,-0.10922854377321121,0,0,1,UNSTABLE,4.3480198295840379e-16,1.2205030601189525e-16,1
B1_D1_Craig_Bampton,B1,1,Craig_Bampton,full-grid,595,8,58,84,1.0043474259497909,0.99837296372246431,-0.10938545296333418,0,0,1,UNSTABLE,2.7421231754097467e-16,1.2205030601436703e-16,1
B1_D1_Craig_Bampton,B1,1,Craig_Bampton,full-grid,596,8,59,85,1.0048381300934508,0.99885622085691783,-0.10948021622713079,0,0,1,UNSTABLE,4.9001347812997082e-16,1.2205030601189525e-16,1
B1_D1_Craig_Bampton,B1,1,Craig_Bampton,full-grid,597,8,60,86,1.0053055598502989,0.99932207607724866,-0.10952012112201444,0,0,1,UNSTABLE,3.1584357685019034e-16,1.2205030601189525e-16,1
B1_D1_Craig_Bampton,B1,1,Craig_Bampton,full-grid,598,8,61,87,1.0057466999585902,0.99976675167414741,-0.10951194786194887,0,0,1,UNSTABLE,2.3199801245569347e-16,1.2205030601189525e-16,1
B1_D1_Craig_Bampton,B1,1,Craig_Bampton,full-grid,599,8,62,88,1.0061596855504729,1.0001876870030637,-0.10946188192466062,0,0,1,UNSTABLE,3.8454178454618573e-16,1.22050306014367e-16,1
B1_D1_Craig_Bampton,B1,1,Craig_Bampton,full-grid,600,8,63,89,1.006543500356752,1.0005832393771703,-0.10937549628646716,0,0,1,UNSTABLE,2.6202654894210851e-16,1.2205030601189525e-16,1
B1_D1_Craig_Bampton,B1,1,Craig_Bampton,full-grid,601,8,64,90,1.0068977483684609,1.0009524539245016,-0.10925777158625687,0,0,1,UNSTABLE,4.0701754356636487e-16,1.2205030601189525e-16,1
B1_D1_Craig_Bampton,B1,1,Craig_Bampton,full-grid,602,8,65,91,1.0072224816799851,1.0012948872486587,-0.10911313564958069,0,0,1,UNSTABLE,3.6606388273194514e-16,1.2205030601189525e-16,1
B1_D1_Craig_Bampton,B1,1,Craig_Bampton,full-grid,603,8,66,92,1.007518070907911,1.0016104725436203,-0.10894551159613673,0,0,1,UNSTABLE,2.6998340690568292e-16,1.22050306014367e-16,1
B1_D1_Craig_Bampton,B1,1,Craig_Bampton,full-grid,604,9,0,27,1.0048217732713851,0.99886571017516668,-0.10924325643494451,0,0,1,UNSTABLE,3.0557005094792533e-16,1.3204866086300172e-16,1
B1_D1_Craig_Bampton,B1,1,Craig_Bampton,full-grid,605,9,1,28,1.0053779667750722,0.99939349834678848,-0.1095330613967581,0,0,1,UNSTABLE,3.5609360227289003e-16,1.22050306014367e-16,1
B1_D1_Craig_Bampton,B1,1,Craig_Bampton,full-grid,606,9,2,29,1.0059586670918079,0.99995231617881819,-0.10976431690555642,0,0,1,UNSTABLE,1.6663204814149677e-16,1.2205030601189525e-16,1
B1_D1_Craig_Bampton,B1,1,Craig_Bampton,full-grid,607,9,3,30,1.0065563076488229,1.0005350821861103,-0.10993247828765185,0,0,1,UNSTABLE,1.5709013726589703e-16,1.2205030601189525e-16,1
B1_D1_Craig_Bampton,B1,1,Craig_Bampton,full-grid,608,9,4,31,1.0071625014834005,1.0011337652559633,-0.11003403318391371,0,0,1,UNSTABLE,5.2106161506910652e-16,1.2205030601189525e-16,1
B1_D1_Craig_Bampton,B1,1,Craig_Bampton,full-grid,609,9,5,32,1.0077682652924838,1.0017395790700152,-0.11006676271813788,0,0,1,UNSTABLE,1.4733539494705206e-16,1.2205030601436703e-16,1
B1_D1_Craig_Bampton,B1,1,Craig_Bampton,full-grid,610,9,6,33,1.0083643255519052,1.002343265613026,-0.11002995467582144,0,0,1,UNSTABLE,2.8749115184399318e-16,1.2205030601189525e-16,1
B1_D1_Craig_Bampton,B1,1,Craig_Bampton,full-grid,611,9,7,34,1.008941486339678,1.0029354516019802,-0.10992453219027437,0,0,1,UNSTABLE,2.3679552873244335e-16,1.2205030601189525e-16,1
B1_D1_Craig_Bampton,B1,1,Craig_Bampton,full-grid,612,9,8,35,1.0094910224381535,1.0035070443996694,-0.10975306931228848,0,0,1,UNSTABLE,2.3181124307317222e-16,1.2205030601189525e-16,1
B1_D1_Craig_Bampton,B1,1,Craig_Bampton,full-grid,613,9,9,36,1.0100050514902756,1.0040496219610007,-0.10951968168254501,0,0,1,UNSTABLE,2.3571363186944615e-16,1.22050306014367e-16,1
B1_D1_Craig_Bampton,B1,1,Craig_Bampton,full-grid,614,9,10,37,1.0104768396659436,1.0045557693919103,-0.10922980217275967,0,0,1,UNSTABLE,4.04498252929159e-16,1.2205030601189525e-16,1
B1_D1_Craig_Bampton,B1,1,Craig_Bampton,full-grid,615,9,11,38,1.0109010069195006,1.0050193240564638,-0.1088898712642687,0,0,1,UNSTABLE,5.5148937444625951e-16,1.2205030601189525e-16,1
B1_D1_Craig_Bampton,B1,1,Craig_Bampton,full-grid,616,9,12,39,1.0112736167729663,1.0054355088105713,-0.10850698412500587,0,0,1,UNSTABLE,2.562262613604042e-16,1.2205030601189525e-16,1
B1_D1_Craig_Bampton,B1,1,Craig_Bampton,full-grid,617,9,13,40,1.0115921555674077,1.0058009530431165,-0.10808853807445415,0,0,1,UNSTABLE,3.2074840523123951e-16,1.2205030601436703e-16,1
B1_D1_Craig_Bampton,B1,1,Craig_Bampton,full-grid,618,9,14,41,1.0118554217172706,1.006113617959326,-0.10764191662837885,0,0,1,UNSTABLE,5.2391385590210274e-16,1.2205030601189525e-16,1
B1_D1_Craig_Bampton,B1,1,Craig_Bampton,full-grid,619,9,15,42,1.012063353709663,1.0063726524470717,-0.1071742335111194,0,0,1,UNSTABLE,1.7778896051855344e-16,1.2205030601189525e-16,1
B1_D1_Craig_Bampton,B1,1,Craig_Bampton,full-grid,620,9,16,43,1.0122168264742091,1.0065782084358035,-0.10669214638241796,0,0,1,UNSTABLE,2.4423509301238004e-16,1.2205030601189525e-16,1
B1_D1_Craig_Bampton,B1,1,Craig_Bampton,full-grid,621,9,17,44,1.0123174413941876,1.00673124160531,-0.10620173881205953,0,0,1,UNSTABLE,2.649444067485505e-16,1.22050306014367e-16,1
B1_D1_Craig_Bampton,B1,1,Craig_Bampton,full-grid,622,9,18,45,1.0123673283470138,1.0068333172003578,-0.1057084617227687,0,0,1,UNSTABLE,4.2827665339099718e-16,1.2205030601189525e-16,1
B1_D1_Craig_Bampton,B1,1,Craig_Bampton,full-grid,623,9,19,46,1.0123689710080026,1.0068864338582801,-0.10521712204749498,0,0,1,UNSTABLE,2.4560325695386222e-16,1.2205030601189523e-16,1
B1_D1_Craig_Bampton,B1,1,Craig_Bampton,full-grid,624,9,20,47,1.0123250606092835,1.0068928722757118,-0.10473190582605207,0,0,1,UNSTABLE,2.8578005274392055e-16,1.2205030601189525e-16,1
B1_D1_Craig_Bampton,B1,1,Craig_Bampton,full-grid,625,9,21,48,1.0122383789549463,1.0068550709156396,-0.1042564242663238,0,0,1,UNSTABLE,3.6943336932844474e-16,1.2205030601436703e-16,1
B1_D1_Craig_Bampton,B1,1,Craig_Bampton,full-grid,626,9,22,49,1.012111708732752,1.0067755278839576,-0.1037937734544308,0,0,1,UNSTABLE,1.8986444593929242e-16,1.2205030601189525e-16,1
B1_D1_Craig_Bampton,B1,1,Craig_Bampton,full-grid,627,9,23,50,1.0119477677261319,1.006656726357422,-0.10334660074361217,0,0,1,UNSTABLE,3.7723271362929252e-16,1.2205030601189525e-16,1
B1_D1_Craig_Bampton,B1,1,Craig_Bampton,full-grid,628,9,24,51,1.0117491630327757,1.0065010801785914,-0.10291717299290004,0,0,1,UNSTABLE,2.396323683386457e-16,1.2205030601189525e-16,1
B1_D1_Craig_Bampton,B1,1,Craig_Bampton,full-grid,629,9,25,52,1.011518361496655,1.0063108961207106,-0.10250744360098887,0,0,1,UNSTABLE,2.2411213284655825e-16,1.22050306014367e-16,1
B1_D1_Craig_Bampton,B1,1,Craig_Bampton,full-grid,630,9,26,53,1.0112576729908909,1.0060883495983026,-0.10211911665067874,0,0,1,UNSTABLE,2.5476202756654959e-16,1.2205030601189525e-16,1
B1_D1_Craig_Bampton,B1,1,Craig_Bampton,full-grid,631,9,27,54,1.0109692437766589,1.0058354710759123,-0.10175370748944343,0,0,1,UNSTABLE,5.1016131797958715e-16,1.2205030601189525e-16,1
B1_D1_Craig_Bampton,B1,1,Craig_Bampton,full-grid,632,9,28,55,1.0106550577992632,1.0055541409887359,-0.10141259978739194,0,0,1,UNSTABLE,2.5496126297179594e-16,1.2205030601189525e-16,1
B1_D1_Craig_Bampton,B1,1,Craig_Bampton,full-grid,633,9,29,56,1.0103169444167595,1.0052460915745314,-0.10109709961094913,0,0,1,UNSTABLE,2.8921423363801404e-16,1.2205030601436703e-16,1
B1_D1_Craig_Bampton,B1,1,Craig_Bampton,full-grid,634,9,30,57,1.009956591676243,1.0049129146048599,-0.10080848739396436,0,0,1,UNSTABLE,4.9262112667137449e-16,1.2205030601189525e-16,1
B1_D1_Craig_Bampton,B1,1,Craig_Bampton,full-grid,635,9,31,58,1.009575564869867,1.0045560746009623,-0.10054806892534858,0,0,1,UNSTABLE,3.4222333032420192e-16,1.2205030601189525e-16,1
B1_D1_Craig_Bampton,B1,1,Craig_Bampton,full-grid,636,9,32,59,1.0091753307533373,1.0041769277572392,-0.10031722664198761,0,0,1,UNSTABLE,6.5774014559962756e-16,1.2205030601189525e-16,1
B1_D1_Craig_Bampton,B1,1,Craig_Bampton,full-grid,637,9,33,60,1.0087572885473841,1.0037767475248933,-0.10011747262998998,0,0,1,UNSTABLE,2.395465596350224e-16,1.22050306014367e-16,1
B1_D1_Craig_Bampton,B1,1,Craig_Bampton,full-grid,638,9,34,61,1.0083228097425871,1.003356758705737,-0.099950504784633354,0,0,1,UNSTABLE,4.3434472830211595e-16,1.2205030601189525e-16,1
B1_D1_Craig_Bampton,B1,1,Craig_Bampton,full-grid,639,9,35,62,1.007873289892838,1.0029181830787803,-0.099818267513370293,0,0,1,UNSTABLE,3.0959345758370518e-16,1.2205030601189523e-16,1
B1_D1_Craig_Bampton,B1,1,Craig_Bampton,full-grid,640,9,36,63,1.0074102171455892,1.0024623011750082,-0.099723018066192923,0,0,1,UNSTABLE,2.3381318430590162e-16,1.2205030601189525e-16,1
B1_D1_Craig_Bampton,B1,1,Craig_Bampton,full-grid,641,9,37,64,1.0069352643824623,1.0019905370164266,-0.099667398814818786,0,0,1,UNSTABLE,6.6558229150831718e-16,1.2205030601436703e-16,1
B1_D1_Craig_Bampton,B1,1,Craig_Bampton,full-grid,642,9,38,65,1.0064504147057627,1.0015045756638354,-0.09965451412656906,0,0,1,UNSTABLE,2.3194475848704688e-16,1.2205030601189525e-16,1
B1_D1_Craig_Bampton,B1,1,Craig_Bampton,full-grid,643,9,39,66,1.005958133703458,1.0010065274556332,-0.099688007078880508,0,0,1,UNSTABLE,2.264877653822263e-16,1.2205030601189525e-16,1
B1_D1_Craig_Bampton,B1,1,Craig_Bampton,full-grid,644,9,40,67,1.0054616062506594,1.0004991578109286,-0.099772124683092475,0,0,1,UNSTABLE,3.4816401009389707e-16,1.2205030601189525e-16,1
B1_D1_Craig_Bampton,B1,1,Craig_Bampton,full-grid,645,9,41,68,1.00496505946549,0.99998620657356763,-0.099911748103423056,0,0,1,UNSTABLE,2.0779636283848449e-16,1.22050306014367e-16,1
B1_D1_Craig_Bampton,B1,1,Craig_Bampton,full-grid,646,9,42,69,1.0044741935623251,0.99947282320957109,-0.10011234288624428,0,0,1,UNSTABLE,1.3860536606878632e-16,1.2205030601189525e-16,1
B1_D1_Craig_Bampton,B1,1,Craig_Bampton,full-grid,647,9,43,70,1.0039967307379065,0.99896613621785935,-0.10037974906506637,0,0,1,UNSTABLE,1.6422080346589262e-16,1.2205030601189525e-16,1
B1_D1_Craig_Bampton,B1,1,Craig_Bampton,full-grid,648,9,44,71,1.0035430521608,0.99847594035966636,-0.10071968061453612,0,0,1,UNSTABLE,1.6621183205344789e-16,1.2205030601189525e-16,1
B1_D1_Craig_Bampton,B1,1,Craig_Bampton,full-grid,649,9,45,72,1.0031267962945776,0.99801539420888385,-0.10113675081941786,0,0,1,UNSTABLE,1.4012141456617464e-16,1.2205030601436703e-16,1
B1_D1_Craig_Bampton,B1,1,Craig_Bampton,full-grid,650,9,46,73,1.002765108634502,0.99760143819543656,-0.10163283723856713,0,0,1,UNSTABLE,3.7851097974974895e-16,1.2205030601189525e-16,1
B1_D1_Craig_Bampton,B1,1,Craig_Bampton,full-grid,651,9,47,74,1.0024779862652593,0.99725437972688713,-0.10220477025066635,0,0,1,UNSTABLE,2.1119295678681693e-16,1.2205030601189525e-16,1
B1_D1_Craig_Bampton,B1,1,Craig_Bampton,full-grid,652,9,48,75,1.0022860455726645,0.99699592528109493,-0.10284183060692027,0,0,1,UNSTABLE,2.9505216512182304e-16,1.2205030601189525e-16,1
B1_D1_Craig_Bampton,B1,1,Craig_Bampton,full-grid,653,9,49,76,1.0022064901666041,0.99684530691061402,-0.10352431126236719,0,0,1,UNSTABLE,2.5590402765966864e-16,1.22050306014367e-16,1
B1_D1_Craig_Bampton,B1,1,Craig_Bampton,full-grid,654,9,50,77,1.0022483389301715,0.99681439361357271,-0.10422474549306177,0,0,1,UNSTABLE,3.086649447101209e-16,1.2205030601189525e-16,1
B1_D1_Craig_Bampton,B1,1,Craig_Bampton,full-grid,655,9,51,78,1.0024092799219606,0.99690409344078146,-0.10491231078704358,0,0,1,UNSTABLE,6.271115089094045e-16,1.2205030601189523e-16,1
B1_D1_Craig_Bampton,B1,1,Craig_Bampton,full-grid,656,9,52,79,1.0026761197473621,0.99710418829664094,-0.10555869832905018,0,0,1,UNSTABLE,2.8264000345670269e-16,1.2205030601189525e-16,1
B1_D1_Craig_Bampton,B1,1,Craig_Bampton,full-grid,657,9,53,80,1.0030284906289819,0.99739656047460112,-0.10614261239902259,0,0,1,UNSTABLE,1.4986473572970883e-16,1.2205030601436703e-16,1
B1_D1_Craig_Bampton,B1,1,Craig_Bampton,full-grid,658,9,54,81,1.0034435682590426,0.99775973635688808,-0.10665131591064797,0,0,1,UNSTABLE,3.1354677257797094e-16,1.2205030601189525e-16,1
B1_D1_Craig_Bampton,B1,1,Craig_Bampton,full-grid,659,9,55,82,1.0038997435516057,0.99817264812434048,-0.10707968826729583,0,0,1,UNSTABLE,2.0099245774533474e-16,1.2205030601189525e-16,1
B1_D1_Craig_Bampton,B1,1,Craig_Bampton,full-grid,660,9,56,83,1.0043785662924611,0.99861678901789852,-0.10742817656128106,0,0,1,UNSTABLE,2.01592955254777e-16,1.2205030601189525e-16,1
B1_D1_Craig_Bampton,B1,1,Craig_Bampton,full-grid,661,9,57,84,1.0048653008991257,0.99907698674405854,-0.10770073123940456,0,0,1,UNSTABLE,5.5122060677333683e-16,1.22050306014367e-16,1
B1_D1_Craig_Bampton,B1,1,Craig_Bampton,full-grid,662,9,58,85,1.0053487011775553,0.99954134987572529,-0.10790320128712631,0,0,1,UNSTABLE,3.128170246814817e-16,1.2205030601189525e-16,1
B1_D1_Craig_Bampton,B1,1,Craig_Bampton,full-grid,663,9,59,86,1.0058204713444381,1.0000008464536085,-0.10804224945647106,0,0,1,UNSTABLE,4.1634567879522386e-16,1.2205030601189525e-16,1
B1_D1_Craig_Bampton,B1,1,Craig_Bampton,full-grid,664,9,60,87,1.0062746732305521,1.000448784689087,-0.10812468358050034,0,0,1,UNSTABLE,8.8261716080556104e-16,1.2205030601189525e-16,1
B1_D1_Craig_Bampton,B1,1,Craig_Bampton,full-grid,665,9,61,88,1.006707192679521,1.0008803219610645,-0.10815707514443261,0,0,1,UNSTABLE,4.037725926126967e-16,1.2205030601436703e-16,1
B1_D1_Craig_Bampton,B1,1,Craig_Bampton,full-grid,666,9,62,89,1.0071152992858885,1.0012920471458091,-0.10814556106590605,0,0,1,UNSTABLE,2.9406343192633844e-16,1.2205030601189525e-16,1
B1_D1_Craig_Bampton,B1,1,Craig_Bampton,full-grid,667,9,63,90,1.0074972986287802,1.0016816431045834,-0.10809575667708518,0,0,1,UNSTABLE,5.357163497865174e-16,1.2205030601189525e-16,1
B1_D1_Craig_Bampton,B1,1,Craig_Bampton,full-grid,668,9,64,91,1.0078522637846397,1.002047621119496,-0.10801273362239208,0,0,1,UNSTABLE,2.4531421567147891e-16,1.2205030601189525e-16,1
B1_D1_Craig_Bampton,B1,1,Craig_Bampton,full-grid,669,9,65,92,1.0081798305673457,1.0023891148706485,-0.10790103406195926,0,0,1,UNSTABLE,4.2437241349042817e-16,1.22050306014367e-16,1
B1_D1_Craig_Bampton,B1,1,Craig_Bampton,full-grid,670,9,66,93,1.0084800424061338,1.0027057217974016,-0.10776470389802764,0,0,1,UNSTABLE,2.8936530767749505e-16,1.2205030601189525e-16,1
B1_D1_Craig_Bampton,B1,1,Craig_Bampton,full-grid,671,10,0,28,1.0058515663926684,1.0000297072186624,-0.10806460241328442,0,0,1,UNSTABLE,2.3987340593103688e-16,1.3204866087315512e-16,1
B1_D1_Craig_Bampton,B1,1,Craig_Bampton,full-grid,672,10,1,29,1.0064130808149985,1.0005627665688852,-0.10835792260631036,0,0,1,UNSTABLE,4.403037668322777e-16,1.2205030601189523e-16,1
B1_D1_Craig_Bampton,B1,1,Craig_Bampton,full-grid,673,10,2,30,1.0069987036250228,1.0011264344855051,-0.10859213266538389,0,0,1,UNSTABLE,3.4338675822199965e-16,1.2205030601189525e-16,1
B1_D1_Craig_Bampton,B1,1,Craig_Bampton,full-grid,674,10,3,31,1.0076007530457911,1.0017134964550731,-0.10876280870866303,0,0,1,UNSTABLE,1.8661480833573782e-16,1.2205030601189525e-16,1
B1_D1_Craig_Bampton,B1,1,Craig_Bampton,full-grid,675,10,4,32,1.0082107584848274,1.00231581611646,-0.10886660776999404,0,0,1,UNSTABLE,2.0785262616469168e-16,1.2205030601436703e-16,1
B1_D1_Craig_Bampton,B1,1,Craig_Bampton,full-grid,676,10,5,33,1.0088197023370207,1.0029245488606544,-0.10890152026490732,0,0,1,UNSTABLE,3.8105451333337359e-16,1.2205030601189525e-16,1
B1_D1_Craig_Bampton,B1,1,Craig_Bampton,full-grid,677,10,6,34,1.009418339191767,1.003530440677133,-0.10886706632873108,0,0,1,UNSTABLE,2.8546959002897531e-16,1.2205030601189525e-16,1
B1_D1_Craig_Bampton,B1,1,Craig_Bampton,full-grid,678,10,7,35,1.009997568636757,1.0041241923064936,-0.10876440169923557,0,0,1,UNSTABLE,2.7960381958360036e-16,1.2205030601189525e-16,1
B1_D1_Craig_Bampton,B1,1,Craig_Bampton,full-grid,679,10,8,36,1.0105488234402729,1.0046968529476605,-0.10859630856335156,0,0,1,UNSTABLE,4.8563712937801499e-16,1.2205030601436703e-16,1
B1_D1_Craig_Bampton,B1,1,Craig_Bampton,full-grid,680,10,9,37,1.0110644275309304,1.0052401981459465,-0.10836706441510034,0,0,1,UNSTABLE,2.7417539624673618e-16,1.2205030601189525e-16,1
B1_D1_Craig_Bampton,B1,1,Craig_Bampton,full-grid,681,10,10,38,1.0115378812069962,1.0057470469923822,-0.10808220289595495,0,0,1,UNSTABLE,2.0387579504138171e-16,1.2205030601189525e-16,1
B1_D1_Craig_Bampton,B1,1,Craig_Bampton,full-grid,682,10,11,39,1.0119640439655755,1.0062114847249592,-0.10774819853136386,0,0,1,UNSTABLE,2.1231021206190566e-16,1.2205030601189525e-16,1
B1_D1_Craig_Bampton,B1,1,Craig_Bampton,full-grid,683,10,12,40,1.0123392041117925,1.006628974675158,-0.10737211707951877,0,0,1,UNSTABLE,1.6137489775303939e-16,1.22050306014367e-16,1
B1_D1_Craig_Bampton,B1,1,Craig_Bampton,full-grid,684,10,13,41,1.0126610430576619,1.0069963625555318,-0.10696127302234021,0,0,1,UNSTABLE,4.6893609856088134e-16,1.2205030601189525e-16,1
B1_D1_Craig_Bampton,B1,1,Craig_Bampton,full-grid,685,10,14,42,1.0129285160481294,1.0073117911447014,-0.10652292731763971,0,0,1,UNSTABLE,1.7104008119643632e-16,1.2205030601189525e-16,1
B1_D1_Craig_Bampton,B1,1,Craig_Bampton,full-grid,686,10,15,43,1.0131416776822124,1.0075745517020116,-0.10606404583655175,0,0,1,UNSTABLE,2.014023386036044e-16,1.2205030601189525e-16,1
B1_D1_Craig_Bampton,B1,1,Craig_Bampton,full-grid,687,10,16,44,1.0133014804903699,1.0077848999004939,-0.10559112603115521,0,0,1,UNSTABLE,2.2359365391064382e-16,1.22050306014367e-16,1
B1_D1_Craig_Bampton,B1,1,Craig_Bampton,full-grid,688,10,17,45,1.0134095701326149,1.0079438605385884,-0.10511008913961428,0,0,1,UNSTABLE,1.2909077741859251e-16,1.2205030601189523e-16,1
B1_D1_Craig_Bampton,B1,1,Craig_Bampton,full-grid,689,10,18,46,1.0134680940345953,1.0080530392188942,-0.1046262287749378,0,0,1,UNSTABLE,2.8538490865060246e-16,1.2205030601189523e-16,1
B1_D1_Craig_Bampton,B1,1,Craig_Bampton,full-grid,690,10,19,47,1.0134795335052136,1.0081144526484218,-0.10414420384888405,0,0,1,UNSTABLE,2.980876580092361e-16,1.2205030601189525e-16,1
B1_D1_Craig_Bampton,B1,1,Craig_Bampton,full-grid,691,10,20,48,1.013446563767008,1.0081303835366846,-0.10366806355543402,0,0,1,UNSTABLE,5.3135799403269924e-16,1.2205030601436703e-16,1
B1_D1_Craig_Bampton,B1,1,Craig_Bampton,full-grid,692,10,21,49,1.0133719423094945,1.0081032618115029,-0.10320129352448028,0,0,1,UNSTABLE,3.2601116590077215e-16,1.2205030601189525e-16,1
B1_D1_Craig_Bampton,B1,1,Craig_Bampton,full-grid,693,10,22,50,1.0132584234782254,1.0080355710776834,-0.10274687436446545,0,0,1,UNSTABLE,2.909853612993124e-16,1.2205030601189525e-16,1
B1_D1_Craig_Bampton,B1,1,Craig_Bampton,full-grid,694,10,23,51,1.013108695938113,1.0079297776776686,-0.10230734605134438,0,0,1,UNSTABLE,2.6316349340129181e-16,1.2205030601189525e-16,1
B1_D1_Craig_Bampton,B1,1,Craig_Bampton,full-grid,695,10,24,52,1.0129253392325499,1.0077882790463395,-0.1018848736378138,0,0,1,UNSTABLE,1.9415930908271415e-16,1.2205030601436703e-16,1
B1_D1_Craig_Bampton,B1,1,Craig_Bampton,full-grid,696,10,25,53,1.0127107957841421,1.0076133679794925,-0.1014813114163105,0,0,1,UNSTABLE,4.3819552494501942e-16,1.2205030601189525e-16,1
B1_D1_Craig_Bampton,B1,1,Craig_Bampton,full-grid,697,10,26,54,1.0124673551035388,1.007407209711108,-0.10109826394372697,0,0,1,UNSTABLE,2.7600428942805185e-16,1.2205030601189525e-16,1
B1_D1_Craig_Bampton,B1,1,Craig_Bampton,full-grid,698,10,27,55,1.0121971475284799,1.0071718291488401,-0.10073714326786834,0,0,1,UNSTABLE,1.4383087198071303e-16,1.2205030601189525e-16,1
B1_D1_Craig_Bampton,B1,1,Craig_Bampton,full-grid,699,10,28,56,1.0119021454072044,1.0069091061417321,-0.10039922235037978,0,0,1,UNSTABLE,2.0290937061055393e-16,1.22050306014367e-16,1
B1_D1_Craig_Bampton,B1,1,Craig_Bampton,full-grid,700,10,29,57,1.0115841702215553,1.0066207771924518,-0.10008568512678027,0,0,1,UNSTABLE,1.7416170641416254e-16,1.2205030601189525e-16,1
B1_D1_Craig_Bampton,B1,1,Craig_Bampton,full-grid,701,10,30,58,1.0112449046988221,1.0063084425539204,-0.099797673940993939,0,0,1,UNSTABLE,2.8335000807880254e-16,1.2205030601189525e-16,1
B1_D1_Craig_Bampton,B1,1,Craig_Bampton,full-grid,702,10,31,59,1.0108859094964724,1.0059735781700194,-0.099536335286758357,0,0,1,UNSTABLE,1.7370804084702855e-16,1.2205030601189525e-16,1
B1_D1_Craig_Bampton,B1,1,Craig_Bampton,full-grid,703,10,32,60,1.0105086445848277,1.0056175524525357,-0.099302864913540984,0,0,1,UNSTABLE,5.0620006158914926e-16,1.22050306014367e-16,1
B1_D1_Craig_Bampton,B1,1,Craig_Bampton,full-grid,704,10,33,61,1.0101144960363426,1.0052416484665017,-0.099098553425893604,0,0,1,UNSTABLE,2.0227870713197363e-16,1.2205030601189523e-16,1
B1_D1_Craig_Bampton,B1,1,Craig_Bampton,full-grid,705,10,34,62,1.0097048096106827,1.0048470927775526,-0.098924833522455582,0,0,1,UNSTABLE,3.5445855246204663e-16,1.2205030601189523e-16,1
B1_D1_Craig_Bampton,B1,1,Craig_Bampton,full-grid,706,10,35,63,1.0092809333669792,1.0044350930658892,-0.098783329949132595,0,0,1,UNSTABLE,1.8968004500867742e-16,1.2205030601189525e-16,1
B1_D1_Craig_Bampton,B1,1,Craig_Bampton,full-grid,707,10,36,64,1.0088442726274496,1.0040068877273141,-0.098675913014882016,0,0,1,UNSTABLE,2.7136139997529305e-16,1.2205030601436703e-16,1
B1_D1_Craig_Bampton,B1,1,Craig_Bampton,full-grid,708,10,37,65,1.0083963620611927,1.0035638121788066,-0.09860475598767586,0,0,1,UNSTABLE,1.4434201478836457e-16,1.2205030601189525e-16,1
B1_D1_Craig_Bampton,B1,1,Craig_Bampton,full-grid,709,10,38,66,1.0079389615636292,1.0031073886005559,-0.098572395592988429,0,0,1,UNSTABLE,3.2648199055476211e-16,1.2205030601189525e-16,1
B1_D1_Craig_Bampton,B1,1,Craig_Bampton,full-grid,710,10,39,67,1.0074741850447295,1.0026394484964283,-0.098581792691754253,0,0,1,UNSTABLE,2.4910146427545801e-16,1.2205030601189525e-16,1
B1_D1_Craig_Bampton,B1,1,Craig_Bampton,full-grid,711,10,40,68,1.007004674122318,1.0021623007387126,-0.098636386198429585,0,0,1,UNSTABLE,2.0024252009412347e-16,1.2205030601436703e-16,1
B1_D1_Craig_Bampton,B1,1,Craig_Bampton,full-grid,712,10,41,69,1.0065338315181058,1.0016789612949848,-0.098740126035562203,0,0,1,UNSTABLE,3.7938463594469236e-16,1.2205030601189525e-16,1
B1_D1_Craig_Bampton,B1,1,Craig_Bampton,full-grid,713,10,42,70,1.0060661300809832,1.0011934632405759,-0.098897458311463043,0,0,1,UNSTABLE,3.9694764162421584e-16,1.2205030601189525e-16,1
B1_D1_Craig_Bampton,B1,1,Craig_Bampton,full-grid,714,10,43,71,1.0056075089223571,1.0007112633353779,-0.099113215237628949,0,0,1,UNSTABLE,1.9214485725672372e-16,1.2205030601189525e-16,1
B1_D1_Craig_Bampton,B1,1,Craig_Bampton,full-grid,715,10,44,72,1.0051658498647265,1.000239746348313,-0.09939233149162055,0,0,1,UNSTABLE,3.8989401317624793e-16,1.22050306014367e-16,1
B1_D1_Craig_Bampton,B1,1,Craig_Bampton,full-grid,716,10,45,73,1.0047514802865756,0.99978878519030134,-0.099739270830333876,0,0,1,UNSTABLE,2.8263499814748846e-16,1.2205030601189525e-16,1
B1_D1_Craig_Bampton,B1,1,Craig_Bampton,full-grid,717,10,46,74,1.0043775520360219,0.99937122139866275,-0.10015702109196789,0,0,1,UNSTABLE,2.3496057169967011e-16,1.2205030601189525e-16,1
B1_D1_Craig_Bampton,B1,1,Craig_Bampton,full-grid,718,10,47,75,1.004059991058051,0.99900297173436559,-0.1006455568289035,0,0,1,UNSTABLE,2.8516106306128138e-16,1.2205030601189525e-16,1
B1_D1_Craig_Bampton,B1,1,Craig_Bampton,full-grid,719,10,48,76,1.0038165519336941,0.9987022855711839,-0.10119987515281066,0,0,1,UNSTABLE,2.305811162341817e-16,1.22050306014367e-16,1
B1_D1_Craig_Bampton,B1,1,Craig_Bampton,full-grid,720,10,49,77,1.003664538965362,0.99848765931495742,-0.10180815769028584,0,0,1,UNSTABLE,2.6568108893573144e-16,1.2205030601189523e-16,1
B1_D1_Craig_Bampton,B1,1,Craig_Bampton,full-grid,721,10,50,78,1.0036172715114295,0.99837437491786574,-0.10245113558866731,0,0,1,UNSTABLE,3.8111303218091142e-16,1.2205030601189523e-16,1
B1_D1_Craig_Bampton,B1,1,Craig_Bampton,full-grid,722,10,51,79,1.0036803933760994,0.99837064774031314,-0.10310374279427992,0,0,1,UNSTABLE,2.9544313458342805e-16,1.2205030601189525e-16,1
B1_D1_Craig_Bampton,B1,1,Craig_Bampton,full-grid,723,10,52,80,1.0038498650681447,0.99847521552034757,-0.10373907455210714,0,0,1,UNSTABLE,2.3283630536510142e-16,1.2205030601436703e-16,1
B1_D1_Craig_Bampton,B1,1,Craig_Bampton,full-grid,724,10,53,81,1.004112845157183,0.99867773188373676,-0.10433308990540104,0,0,1,UNSTABLE,1.7514667628926972e-16,1.2205030601189525e-16,1
B1_D1_Craig_Bampton,B1,1,Craig_Bampton,full-grid,725,10,54,82,1.004450911412309,0.99896163113271153,-0.10486797872415847,0,0,1,UNSTABLE,3.9389665615546741e-16,1.2205030601189525e-16,1
B1_D1_Craig_Bampton,B1,1,Craig_Bampton,full-grid,726,10,55,83,1.0048438721434483,0.99930782290737075,-0.10533319733289019,0,0,1,UNSTABLE,3.0560894985905347e-16,1.2205030601189525e-16,1
B1_D1_Craig_Bampton,B1,1,Craig_Bampton,full-grid,727,10,56,84,1.0052726929627671,0.99969770022367732,-0.10572462052003173,0,0,1,UNSTABLE,2.5979490025360397e-16,1.2205030601436703e-16,1
B1_D1_Craig_Bampton,B1,1,Craig_Bampton,full-grid,728,10,57,85,1.0057210684256528,1.0001148837559044,-0.1060428534374203,0,0,1,UNSTABLE,2.6253965946370379e-16,1.2205030601189525e-16,1
B1_D1_Craig_Bampton,B1,1,Craig_Bampton,full-grid,729,10,58,86,1.0061758954372191,1.0005458732208163,-0.10629152430783799,0,0,1,UNSTABLE,4.7073744077390016e-16,1.2205030601189525e-16,1
B1_D1_Craig_Bampton,B1,1,Craig_Bampton,full-grid,730,10,59,87,1.0066271065962122,1.0009800235781134,-0.10647593217164851,0,0,1,UNSTABLE,2.9352499180152951e-16,1.2205030601189525e-16,1
B1_D1_Craig_Bampton,B1,1,Craig_Bampton,full-grid,731,10,60,88,1.0070672295522047,1.0014092043689491,-0.10660211181351503,0,0,1,UNSTABLE,4.9116073420980863e-16,1.22050306014367e-16,1
B1_D1_Craig_Bampton,B1,1,Craig_Bampton,full-grid,732,10,61,89,1.0074908865689904,1.0018273631251609,-0.10667624390302397,0,0,1,UNSTABLE,2.6567614646443336e-16,1.2205030601189525e-16,1
B1_D1_Craig_Bampton,B1,1,Craig_Bampton,full-grid,733,10,62,90,1.0078943340210542,1.0022301026150156,-0.10670431089716778,0,0,1,UNSTABLE,2.3827379560461453e-16,1.2205030601189525e-16,1
B1_D1_Craig_Bampton,B1,1,Craig_Bampton,full-grid,734,10,63,91,1.0082750761603965,1.0026143150257623,-0.10669191399386861,0,0,1,UNSTABLE,2.5618619194471842e-16,1.2205030601189525e-16,1
B1_D1_Craig_Bampton,B1,1,Craig_Bampton,full-grid,735,10,64,92,1.0086315563132848,1.0029778826586768,-0.10664419012996802,0,0,1,UNSTABLE,1.5149296166685013e-16,1.22050306014367e-16,1
B1_D1_Craig_Bampton,B1,1,Craig_Bampton,full-grid,736,10,65,93,1.0089629163930465,1.0033194403427204,-0.10656578853803035,0,0,1,UNSTABLE,4.4666924499778829e-16,1.2205030601189523e-16,1
B1_D1_Craig_Bampton,B1,1,Craig_Bampton,full-grid,737,10,66,94,1.0092688123801568,1.0036381899966087,-0.10646088118921229,0,0,1,UNSTABLE,2.6150941621354648e-16,1.2205030601189523e-16,1
B1_D1_Craig_Bampton,B1,1,Craig_Bampton,full-grid,738,11,0,29,1.006701246157832,1.001021283910287,-0.10678852079850405,0,0,1,UNSTABLE,1.3803010487015399e-16,1.3204866086300172e-16,1
B1_D1_Craig_Bampton,B1,1,Craig_Bampton,full-grid,739,11,1,30,1.0072669630172111,1.0015585764873292,-0.10708479187349684,0,0,1,UNSTABLE,4.5461657543946998e-16,1.2205030600093825e-16,1
B1_D1_Craig_Bampton,B1,1,Craig_Bampton,full-grid,740,11,2,31,1.0078563536039364,1.002125989716024,-0.10732162054079647,0,0,1,UNSTABLE,2.0523835285639435e-16,1.2205030600093825e-16,1
B1_D1_Craig_Bampton,B1,1,Craig_Bampton,full-grid,741,11,3,32,1.0084616724471578,1.0027162257151268,-0.10749472304504028,0,0,1,UNSTABLE,1.4751870737634977e-16,1.2205030601436703e-16,1
B1_D1_Craig_Bampton,B1,1,Craig_Bampton,full-grid,742,11,4,33,1.0090744228392199,1.0033211003103779,-0.10760093168870491,0,0,1,UNSTABLE,2.5311048805628484e-16,1.2205030601189525e-16,1
B1_D1_Craig_Bampton,B1,1,Craig_Bampton,full-grid,743,11,5,34,1.0096856114079429,1.0039317711396094,-0.10763843542489147,0,0,1,UNSTABLE,2.9827551387937546e-16,1.2205030601189525e-16,1
B1_D1_Craig_Bampton,B1,1,Craig_Bampton,full-grid,744,11,6,35,1.0102860743506217,1.0045390458187873,-0.10760695819634614,0,0,1,UNSTABLE,2.3155882875837654e-16,1.2205030601189525e-16,1
B1_D1_Craig_Bampton,B1,1,Craig_Bampton,full-grid,745,11,7,36,1.0108668491803807,1.0051337475013493,-0.10750784346160269,0,0,1,UNSTABLE,4.836507855238584e-16,1.2205030601436703e-16,1
B1_D1_Craig_Bampton,B1,1,Craig_Bampton,full-grid,746,11,8,37,1.0114195532425487,1.0057071010595127,-0.10734402433218215,0,0,1,UNSTABLE,2.3843714449442201e-16,1.2205030601189525e-16,1
B1_D1_Craig_Bampton,B1,1,Craig_Bampton,full-grid,747,11,9,38,1.011936725075681,1.0062510957142583,-0.10711987645039957,0,0,1,UNSTABLE,6.7219655216670172e-16,1.2205030601189525e-16,1
B1_D1_Craig_Bampton,B1,1,Craig_Bampton,full-grid,748,11,10,39,1.0124120894247108,1.0067587823527848,-0.10684097046005726,0,0,1,UNSTABLE,1.6850836857981507e-16,1.2205030601189525e-16,1
B1_D1_Craig_Bampton,B1,1,Craig_Bampton,full-grid,749,11,11,40,1.0128407202853247,1.0072244756116344,-0.10651375684372032,0,0,1,UNSTABLE,1.4843748133629629e-16,1.2205030601436703e-16,1
B1_D1_Craig_Bampton,B1,1,Craig_Bampton,full-grid,750,11,12,41,1.0132190945127699,1.007643848280984,-0.10614522366440511,0,0,1,UNSTABLE,3.233730342444813e-16,1.2205030601189525e-16,1
B1_D1_Craig_Bampton,B1,1,Craig_Bampton,full-grid,751,11,13,42,1.0135450458388797,1.008013923334536,-0.10574256620799817,0,0,1,UNSTABLE,1.6973898910416927e-16,1.2205030601189525e-16,1
B1_D1_Craig_Bampton,B1,1,Craig_Bampton,full-grid,752,11,14,43,1.0138176413583266,1.0083329823480822,-0.10531289872747267,0,0,1,UNSTABLE,1.7751204641734696e-16,1.2205030601189523e-16,1
B1_D1_Craig_Bampton,B1,1,Craig_Bampton,full-grid,753,11,15,44,1.0140370079344552,1.0086004160175639,-0.10486302622878679,0,0,1,UNSTABLE,1.6610980710395555e-16,1.2205030601436703e-16,1
B1_D1_Craig_Bampton,B1,1,Craig_Bampton,full-grid,754,11,16,45,1.0142041352328692,1.0088165431805594,-0.10439928222300442,0,0,1,UNSTABLE,3.611784169318341e-16,1.2205030601189523e-16,1
B1_D1_Craig_Bampton,B1,1,Craig_Bampton,full-grid,755,11,17,46,1.0143206773151296,1.0089824210177814,-0.10392742903641791,0,0,1,UNSTABLE,2.5621277384566089e-16,1.2205030601189525e-16,1
B1_D1_Craig_Bampton,B1,1,Craig_Bampton,full-grid,756,11,18,47,1.0143887682530484,1.0090996632295157,-0.10345261150891641,0,0,1,UNSTABLE,2.3372542166359192e-16,1.2205030601189525e-16,1
B1_D1_Craig_Bampton,B1,1,Craig_Bampton,full-grid,757,11,19,48,1.0144108608695808,1.0091702768217563,-0.10297935244340824,0,0,1,UNSTABLE,2.7304849255683644e-16,1.2205030601436703e-16,1
B1_D1_Craig_Bampton,B1,1,Craig_Bampton,full-grid,758,11,20,49,1.0143895925039697,1.0091965228504032,-0.10251157811206144,0,0,1,UNSTABLE,2.4094506017225108e-16,1.2205030601189525e-16,1
B1_D1_Craig_Bampton,B1,1,Craig_Bampton,full-grid,759,11,21,50,1.0143276779944459,1.0091808025399649,-0.10205266351446668,0,0,1,UNSTABLE,3.6771475663237621e-16,1.2205030601189525e-16,1
B1_D1_Craig_Bampton,B1,1,Craig_Bampton,full-grid,760,11,22,51,1.0142278277833683,1.0091255676249324,-0.10160548910284148,0,0,1,UNSTABLE,1.8076333905326714e-16,1.2205030601189525e-16,1
B1_D1_Craig_Bampton,B1,1,Craig_Bampton,full-grid,761,11,23,52,1.0140926878896173,1.0090332523300924,-0.10117250280261282,0,0,1,UNSTABLE,4.052489684829105e-16,1.2205030601436703e-16,1
B1_D1_Craig_Bampton,B1,1,Craig_Bampton,full-grid,762,11,24,53,1.0139247981228392,1.0089062238036894,-0.10075578305298437,0,0,1,UNSTABLE,1.9909481522449585e-16,1.2205030601189525e-16,1
B1_D1_Craig_Bampton,B1,1,Craig_Bampton,full-grid,763,11,25,54,1.0137265650398932,1.008746747760743,-0.10035710014595352,0,0,1,UNSTABLE,2.0715772283880843e-16,1.2205030601189525e-16,1
B1_D1_Craig_Bampton,B1,1,Craig_Bampton,full-grid,764,11,26,55,1.0135002465412739,1.0085569663568736,-0.099977974335566364,0,0,1,UNSTABLE,2.8047539750120727e-16,1.2205030601189525e-16,1
B1_D1_Craig_Bampton,B1,1,Craig_Bampton,full-grid,765,11,27,56,1.0132479455239953,1.0083388857381737,-0.099619730058336756,0,0,1,UNSTABLE,1.3903845632734929e-16,1.2205030601436703e-16,1
B1_D1_Craig_Bampton,B1,1,Craig_Bampton,full-grid,766,11,28,57,1.0129716105563564,1.0080943711995172,-0.099283546214813084,0,0,1,UNSTABLE,2.8718665087720184e-16,1.2205030601189525e-16,1
B1_D1_Craig_Bampton,B1,1,Craig_Bampton,full-grid,767,11,29,58,1.0126730420720083,1.0078251483767822,-0.098970502871777055,0,0,1,UNSTABLE,2.3231097118414352e-16,1.2205030601189525e-16,1
B1_D1_Craig_Bampton,B1,1,Craig_Bampton,full-grid,768,11,30,59,1.0123539030805317,1.0075328093750247,-0.098681625013253851,0,0,1,UNSTABLE,1.7559037651692545e-16,1.2205030601189523e-16,1
B1_D1_Craig_Bampton,B1,1,Craig_Bampton,full-grid,769,11,31,60,1.0120157338611535,1.0072188231914023,-0.098417924137099544,0,0,1,UNSTABLE,3.0632032795609493e-16,1.2205030601436703e-16,1
B1_D1_Craig_Bampton,B1,1,Craig_Bampton,full-grid,770,11,32,61,1.0116599705646021,1.0068845502437627,-0.098180438597449321,0,0,1,UNSTABLE,2.5401935784170107e-16,1.2205030601189523e-16,1
B1_D1_Craig_Bampton,B1,1,Craig_Bampton,full-grid,771,11,33,62,1.0112879681215443,1.0065312612874773,-0.097970273646866446,0,0,1,UNSTABLE,2.6153040901118761e-16,1.2205030601189525e-16,1
B1_D1_Craig_Bampton,B1,1,Craig_Bampton,full-grid,772,11,34,63,1.0109010283823323,1.0061601615313993,-0.097788642139900642,0,0,1,UNSTABLE,2.2324216979014649e-16,1.2205030601189525e-16,1
B1_D1_Craig_Bampton,B1,1,Craig_Bampton,full-grid,773,11,35,64,1.0105004350402185,1.0057724213982029,-0.097636906809191959,0,0,1,UNSTABLE,4.2757450430479768e-16,1.2205030601436703e-16,1
B1_D1_Craig_Bampton,B1,1,Craig_Bampton,full-grid,774,11,36,65,1.0100874976759895,1.0053692161765622,-0.097516624869133053,0,0,1,UNSTABLE,2.4348843407535022e-16,1.2205030601189525e-16,1
B1_D1_Craig_Bampton,B1,1,Craig_Bampton,full-grid,775,11,37,66,1.0096636082787735,1.0049517778634138,-0.097429595358272281,0,0,1,UNSTABLE,4.7631383139046984e-16,1.2205030601189525e-16,1
B1_D1_Craig_Bampton,B1,1,Craig_Bampton,full-grid,776,11,38,67,1.0092303149210482,1.0045214638854332,-0.097377908937831187,0,0,1,UNSTABLE,2.0027800658575709e-16,1.2205030601189525e-16,1
B1_D1_Craig_Bampton,B1,1,Craig_Bampton,full-grid,777,11,39,68,1.0087894189574287,1.0040798492098455,-0.097363998537450869,0,0,1,UNSTABLE,2.908247257162931e-16,1.2205030601436703e-16,1
B1_D1_Craig_Bampton,B1,1,Craig_Bampton,full-grid,778,11,40,69,1.0083431041643485,1.0036288506422482,-0.097390686794549888,0,0,1,UNSTABLE,3.3156103907115358e-16,1.2205030601189525e-16,1
B1_D1_Craig_Bampton,B1,1,Craig_Bampton,full-grid,779,11,41,70,1.0078941084153701,1.0031708947185662,-0.097461221867801762,0,0,1,UNSTABLE,4.6890710880072996e-16,1.2205030601189525e-16,1
B1_D1_Craig_Bampton,B1,1,Craig_Bampton,full-grid,780,11,42,71,1.0074459500483315,1.0027091429114383,-0.097579285663473778,0,0,1,UNSTABLE,2.9153881735646638e-16,1.2205030601189525e-16,1
B1_D1_Craig_Bampton,B1,1,Craig_Bampton,full-grid,781,11,43,72,1.007003220136186,1.0022477881795506,-0.097748946049799182,0,0,1,UNSTABLE,1.5444992101510364e-16,1.2205030601436703e-16,1
B1_D1_Craig_Bampton,B1,1,Craig_Bampton,full-grid,782,11,44,73,1.0065719442796279,1.0017924312476478,-0.097974505386846086,0,0,1,UNSTABLE,1.8966285290128934e-16,1.2205030601189525e-16,1
B1_D1_Craig_Bampton,B1,1,Craig_Bampton,full-grid,783,11,45,74,1.0061599953063882,1.0013505254784421,-0.098260171376804359,0,0,1,UNSTABLE,2.691106420481231e-16,1.2205030601189525e-16,1
B1_D1_Craig_Bampton,B1,1,Craig_Bampton,full-grid,784,11,46,75,1.0057774885783708,1.0009318324036895,-0.098609448898200239,0,0,1,UNSTABLE,2.0332537527064495e-16,1.2205030601189523e-16,1
B1_D1_Craig_Bampton,B1,1,Craig_Bampton,full-grid,785,11,47,76,1.0054370007381277,1.0005487399742945,-0.099024145485498968,0,0,1,UNSTABLE,2.8528435854853649e-16,1.2205030601436703e-16,1
B1_D1_Craig_Bampton,B1,1,Craig_Bampton,full-grid,786,11,48,77,1.0051533249713278,1.00021616146394,-0.099502949942486013,0,0,1,UNSTABLE,2.9621474466610946e-16,1.2205030601189523e-16,1
B1_D1_Craig_Bampton,B1,1,Craig_Bampton,full-grid,787,11,49,78,1.0049423781985303,0.99995061390645601,-0.10003975833347181,0,0,1,UNSTABLE,3.7769547542728151e-16,1.2205030601189525e-16,1
B1_D1_Craig_Bampton,B1,1,Craig_Bampton,full-grid,788,11,50,79,1.004818982596819,0.99976814272806158,-0.10062230653780835,0,0,1,UNSTABLE,3.1333501449787015e-16,1.2205030601189525e-16,1
B1_D1_Craig_Bampton,B1,1,Craig_Bampton,full-grid,789,11,51,80,1.0047937580143262,0.99968123613974669,-0.10123202188369328,0,0,1,UNSTABLE,5.6813001166377522e-16,1.2205030601436703e-16,1
B1_D1_Craig_Bampton,B1,1,Craig_Bampton,full-grid,790,11,52,81,1.0048701752288993,0.9996957002985285,-0.10184584365202974,0,0,1,UNSTABLE,5.9850273137631642e-16,1.2205030601189525e-16,1
B1_D1_Craig_Bampton,B1,1,Craig_Bampton,full-grid,791,11,53,82,1.0050432341416218,0.99980897795548374,-0.10243978764846293,0,0,1,UNSTABLE,4.5510494183290435e-16,1.2205030601189525e-16,1
B1_D1_Craig_Bampton,B1,1,Craig_Bampton,full-grid,792,11,54,83,1.0053005401633284,1.0000108232621763,-0.10299286097193497,0,0,1,UNSTABLE,2.8211901836529499e-16,1.2205030601189525e-16,1
B1_D1_Craig_Bampton,B1,1,Craig_Bampton,full-grid,793,11,55,84,1.0056251648438317,1.0002858844250326,-0.10348971730183409,0,0,1,UNSTABLE,3.3072447876106689e-16,1.2205030601436703e-16,1
B1_D1_Craig_Bampton,B1,1,Craig_Bampton,full-grid,794,11,56,85,1.0059988622618883,1.0006168385007936,-0.1039213807687845,0,0,1,UNSTABLE,5.5877640952269284e-16,1.2205030601189525e-16,1
B1_D1_Craig_Bampton,B1,1,Craig_Bampton,full-grid,795,11,57,86,1.0064045081303552,1.0009869057496688,-0.10428445954602251,0,0,1,UNSTABLE,1.8073761400067883e-16,1.2205030601189525e-16,1
B1_D1_Craig_Bampton,B1,1,Craig_Bampton,full-grid,796,11,58,87,1.0068274159328032,1.0013813128991136,-0.104579690429707,0,0,1,UNSTABLE,2.7288607540178569e-16,1.2205030601189525e-16,1
B1_D1_Craig_Bampton,B1,1,Craig_Bampton,full-grid,797,11,59,88,1.0072557413824477,1.0017878486972331,-0.10481047061469344,0,0,1,UNSTABLE,3.4599249252147208e-16,1.2205030601436703e-16,1
B1_D1_Craig_Bampton,B1,1,Craig_Bampton,full-grid,798,11,60,89,1.0076803448204663,1.0021968486802595,-0.10498168332071556,0,0,1,UNSTABLE,2.2124845626841594e-16,1.2205030601189525e-16,1
B1_D1_Craig_Bampton,B1,1,Craig_Bampton,full-grid,799,11,61,90,1.0080944130165737,1.0026009036916894,-0.10509887474106409,0,0,1,UNSTABLE,2.4868137173397679e-16,1.2205030601189525e-16,1
B1_D1_Craig_Bampton,B1,1,Craig_Bampton,full-grid,800,11,62,91,1.0084930223206365,1.0029944791267718,-0.10516772751480152,0,0,1,UNSTABLE,1.89836885236222e-16,1.2205030601189523e-16,1
B1_D1_Craig_Bampton,B1,1,Craig_Bampton,full-grid,801,11,63,92,1.0088727314289809,1.0033735412695788,-0.10519374934432711,0,0,1,UNSTABLE,2.8500925219414744e-16,1.2205030601436703e-16,1
B1_D1_Craig_Bampton,B1,1,Craig_Bampton,full-grid,802,11,64,93,1.0092312363392413,1.0037352306195988,-0.105182105017225,0,0,1,UNSTABLE,2.2252516536961464e-16,1.2205030601189523e-16,1
B1_D1_Craig_Bampton,B1,1,Craig_Bampton,full-grid,803,11,65,94,1.0095670923162079,1.004077592528446,-0.10513753882454462,0,0,1,UNSTABLE,2.654159100220974e-16,1.2205030601189525e-16,1
B1_D1_Craig_Bampton,B1,1,Craig_Bampton,full-grid,804,11,66,95,1.0098794960941999,1.0043993621476712,-0.10506435146531024,0,0,1,UNSTABLE,3.255408257253725e-16,1.2205030601189525e-16,1
B1_D1_Craig_Bampton,B1,1,Craig_Bampton,full-grid,805,12,0,30,1.007372652342716,1.0018387397986497,-0.10544572123444333,0,0,1,UNSTABLE,4.0372245477401801e-16,1.3204866086300172e-16,1
B1_D1_Craig_Bampton,B1,1,Craig_Bampton,full-grid,806,12,1,31,1.0079415932624247,1.0023793175972497,-0.10574478276334576,0,0,1,UNSTABLE,2.0583903022654812e-16,1.2205030600093825e-16,1
B1_D1_Craig_Bampton,B1,1,Craig_Bampton,full-grid,807,12,2,32,1.008533801340036,1.0029495306174576,-0.1059842793984314,0,0,1,UNSTABLE,4.2152808912740715e-16,1.2205030601436703e-16,1
B1_D1_Craig_Bampton,B1,1,Craig_Bampton,full-grid,808,12,3,33,1.0091415147016569,1.0035420449710295,-0.10616007097642002,0,0,1,UNSTABLE,4.2605279104581315e-16,1.2205030601189525e-16,1
B1_D1_Craig_Bampton,B1,1,Craig_Bampton,full-grid,809,12,4,34,1.0097562590639781,1.0041486789233813,-0.10626915514535648,0,0,1,UNSTABLE,1.9841188815873463e-16,1.2205030601189525e-16,1
B1_D1_Craig_Bampton,B1,1,Craig_Bampton,full-grid,810,12,5,35,1.0103691102628818,1.0047606407739351,-0.10630989476506129,0,0,1,UNSTABLE,6.0946149358668664e-16,1.2205030601189525e-16,1
B1_D1_Craig_Bampton,B1,1,Craig_Bampton,full-grid,811,12,6,36,1.0109710224365143,1.0053688410953039,-0.10628217894368026,0,0,1,UNSTABLE,5.2446933464861822e-16,1.2205030601436703e-16,1
B1_D1_Craig_Bampton,B1,1,Craig_Bampton,full-grid,812,12,7,37,1.011553194380818,1.005964254943589,-0.10618748908335128,0,0,1,UNSTABLE,1.6982218826642902e-16,1.2205030601189525e-16,1
B1_D1_Craig_Bampton,B1,1,Craig_Bampton,full-grid,813,12,8,38,1.0121074357581528,1.006538297262761,-0.10602885296146948,0,0,1,UNSTABLE,1.7801878352634657e-16,1.2205030601189525e-16,1
B1_D1_Craig_Bampton,B1,1,Craig_Bampton,full-grid,814,12,9,39,1.0126264914393928,1.0070831691812319,-0.10581068715749276,0,0,1,UNSTABLE,2.1809740582022065e-16,1.2205030601189525e-16,1
B1_D1_Craig_Bampton,B1,1,Craig_Bampton,full-grid,815,12,10,40,1.0131042881247532,1.0075921366455245,-0.10553854645043084,0,0,1,UNSTABLE,1.8431460097824027e-16,1.2205030601436703e-16,1
B1_D1_Craig_Bampton,B1,1,Craig_Bampton,full-grid,816,12,11,41,1.0135360810335403,1.0080597149848136,-0.10521881286900761,0,0,1,UNSTABLE,3.2786198706108292e-16,1.2205030601189525e-16,1
B1_D1_Craig_Bampton,B1,1,Craig_Bampton,full-grid,817,12,12,42,1.0139184956968494,1.0084817497492944,-0.10485836322756395,0,0,1,UNSTABLE,3.5823699912016423e-16,1.2205030601189525e-16,1
B1_D1_Craig_Bampton,B1,1,Craig_Bampton,full-grid,818,12,13,43,1.0142494757747305,1.0088554005665,-0.10446425157498908,0,0,1,UNSTABLE,1.9179702651842215e-16,1.2205030601189523e-16,1
B1_D1_Craig_Bampton,B1,1,Craig_Bampton,full-grid,819,12,14,44,1.0145281586688637,1.0091790468177622,-0.10404343418028876,0,0,1,UNSTABLE,1.4370119203281688e-16,1.22050306014367e-16,1
B1_D1_Craig_Bampton,B1,1,Craig_Bampton,full-grid,820,12,15,45,1.0147547051747703,1.0094521398663665,-0.10360255302620794,0,0,1,UNSTABLE,1.3695980868281584e-16,1.2205030601189523e-16,1
B1_D1_Craig_Bampton,B1,1,Craig_Bampton,full-grid,821,12,16,46,1.0149301083191762,1.0096750267849193,-0.1031477826210899,0,0,1,UNSTABLE,1.3645268173325561e-16,1.2205030601189523e-16,1
B1_D1_Craig_Bampton,B1,1,Craig_Bampton,full-grid,822,12,17,47,1.0150560018497641,1.0098487667976039,-0.10268473639537067,0,0,1,UNSTABLE,3.5186596658865278e-16,1.2205030601189525e-16,1
B1_D1_Craig_Bampton,B1,1,Craig_Bampton,full-grid,823,12,18,48,1.0151344827176121,1.0099749560510622,-0.10221842374057924,0,0,1,UNSTABLE,1.6616557485455338e-16,1.2205030601436703e-16,1
B1_D1_Craig_Bampton,B1,1,Craig_Bampton,full-grid,824,12,19,49,1.0151679559507076,1.0100555705510095,-0.10175324657234543,0,0,1,UNSTABLE,2.6932884818136696e-16,1.2205030601189525e-16,1
B1_D1_Craig_Bampton,B1,1,Craig_Bampton,full-grid,825,12,20,50,1.0151590054704849,1.0100928321748524,-0.10129302432452794,0,0,1,UNSTABLE,1.6905506143265868e-16,1.2205030601189525e-16,1
B1_D1_Craig_Bampton,B1,1,Craig_Bampton,full-grid,826,12,21,51,1.0151102909589076,1.0100890990118434,-0.1008410376192177,0,0,1,UNSTABLE,4.159829243287711e-16,1.2205030601189525e-16,1
B1_D1_Craig_Bampton,B1,1,Craig_Bampton,full-grid,827,12,22,52,1.015024468756121,1.0100467788938192,-0.10040008276822292,0,0,1,UNSTABLE,3.1798838134330318e-16,1.2205030601436703e-16,1
B1_D1_Craig_Bampton,B1,1,Craig_Bampton,full-grid,828,12,23,53,1.0149041336839315,1.0099682636424219,-0.099972531246553836,0,0,1,UNSTABLE,2.5316297623630302e-16,1.2205030601189525e-16,1
B1_D1_Craig_Bampton,B1,1,Craig_Bampton,full-grid,829,12,24,54,1.0147517783417392,1.0098558809941094,-0.099560390062178636,0,0,1,UNSTABLE,1.9379671623856567e-16,1.2205030601189525e-16,1
B1_D1_Craig_Bampton,B1,1,Craig_Bampton,full-grid,830,12,25,55,1.0145697665334901,1.0097118611064237,-0.099165360407869524,0,0,1,UNSTABLE,2.4261860590582412e-16,1.2205030601189525e-16,1
B1_D1_Craig_Bampton,B1,1,Craig_Bampton,full-grid,831,12,26,56,1.0143603178512668,1.0095383147906904,-0.098788893104923184,0,0,1,UNSTABLE,3.7299282398567127e-16,1.2205030601436703e-16,1
B1_D1_Craig_Bampton,B1,1,Craig_Bampton,full-grid,832,12,27,57,1.0141255009209502,1.0093372210086258,-0.098432240169330054,0,0,1,UNSTABLE,1.9999993089564103e-16,1.2205030601189525e-16,1
B1_D1_Craig_Bampton,B1,1,Craig_Bampton,full-grid,833,12,28,58,1.0138672333231789,1.0091104216201519,-0.0980965024045031,0,0,1,UNSTABLE,3.046170492525892e-16,1.2205030601189525e-16,1
B1_D1_Craig_Bampton,B1,1,Craig_Bampton,full-grid,834,12,29,59,1.0135872866927067,1.0088596218231687,-0.097782673311258964,0,0,1,UNSTABLE,2.1335298991929468e-16,1.2205030601189523e-16,1
B1_D1_Craig_Bampton,B1,1,Craig_Bampton,full-grid,835,12,30,60,1.0132872959529677,1.0085863951584932,-0.097491679854605523,0,0,1,UNSTABLE,1.7690754290490928e-16,1.22050306014367e-16,1
B1_D1_Craig_Bampton,B1,1,Craig_Bampton,full-grid,836,12,31,61,1.0129687720616167,1.0082921923606314,-0.0972244207831095,0,0,1,UNSTABLE,2.768577842469225e-16,1.2205030601189523e-16,1
B1_D1_Craig_Bampton,B1,1,Craig_Bampton,full-grid,837,12,32,62,1.0126331180388521,1.0079783537259122,-0.096981803288492013,0,0,1,UNSTABLE,1.7393156168601754e-16,1.2205030601189523e-16,1
B1_D1_Craig_Bampton,B1,1,Craig_Bampton,full-grid,838,12,33,63,1.0122816484435448,1.0076461250616378,-0.096764778839445467,0,0,1,UNSTABLE,3.5223518333979983e-16,1.2205030601189525e-16,1
B1_D1_Craig_Bampton,B1,1,Craig_Bampton,full-grid,839,12,34,64,1.0119156128821849,1.007296677701452,-0.096574379036807462,0,0,1,UNSTABLE,2.2580452525072476e-16,1.2205030601436703e-16,1
B1_D1_Craig_Bampton,B1,1,Craig_Bampton,full-grid,840,12,35,65,1.0115362246147332,1.0069311335564328,-0.09641175230533687,0,0,1,UNSTABLE,2.2783381861459577e-16,1.2205030601189525e-16,1
B1_D1_Craig_Bampton,B1,1,Craig_Bampton,full-grid,841,12,36,66,1.011144695904689,1.0065505967651376,-0.096278202143224439,0,0,1,UNSTABLE,2.7241652672807972e-16,1.2205030601189525e-16,1
B1_D1_Craig_Bampton,B1,1,Craig_Bampton,full-grid,842,12,37,67,1.0107422824985697,1.0061561942647683,-0.096175227439588187,0,0,1,UNSTABLE,3.298106681759688e-16,1.2205030601189525e-16,1
B1_D1_Craig_Bampton,B1,1,Craig_Bampton,full-grid,843,12,38,68,1.0103303405713762,1.0057491285976625,-0.096104564949408833,0,0,1,UNSTABLE,1.6593293293019734e-16,1.2205030601436703e-16,1
B1_D1_Craig_Bampton,B1,1,Craig_Bampton,full-grid,844,12,39,69,1.0099104006953563,1.0053307475651245,-0.096068233213706888,0,0,1,UNSTABLE,3.6123826618751146e-16,1.2205030601189525e-16,1
B1_D1_Craig_Bampton,B1,1,Craig_Bampton,full-grid,845,12,40,70,1.0094842649063385,1.0049026369992844,-0.096068575743451526,0,0,1,UNSTABLE,3.2982511908906195e-16,1.2205030601189525e-16,1
B1_D1_Craig_Bampton,B1,1,Craig_Bampton,full-grid,846,12,41,71,1.0090541346839492,1.0044667449202089,-0.096108298664440525,0,0,1,UNSTABLE,2.1794184739712939e-16,1.2205030601189525e-16,1
B1_D1_Craig_Bampton,B1,1,Craig_Bampton,full-grid,847,12,42,72,1.0086227793085094,1.0040255474362489,-0.096190493477073161,0,0,1,UNSTABLE,2.6165153707290069e-16,1.2205030601436703e-16,1
B1_D1_Craig_Bampton,B1,1,Craig_Bampton,full-grid,848,12,43,73,1.0081937547248558,1.0035822681622717,-0.096318627982716287,0,0,1,UNSTABLE,1.7857333921444391e-16,1.2205030601189525e-16,1
B1_D1_Craig_Bampton,B1,1,Craig_Bampton,full-grid,849,12,44,74,1.0077716806801869,1.0031411617721968,-0.096496476305073742,0,0,1,UNSTABLE,6.3464161846624338e-16,1.2205030601189525e-16,1
B1_D1_Craig_Bampton,B1,1,Craig_Bampton,full-grid,850,12,45,75,1.0073625743041137,1.0027078644971361,-0.096727941072907511,0,0,1,UNSTABLE,2.6611667880913265e-16,1.2205030601189523e-16,1
B1_D1_Craig_Bampton,B1,1,Craig_Bampton,full-grid,851,12,46,76,1.0069742139101736,1.0022897923039946,-0.097016698167003562,0,0,1,UNSTABLE,3.2781003720622163e-16,1.22050306014367e-16,1
B1_D1_Craig_Bampton,B1,1,Craig_Bampton,full-grid,852,12,47,77,1.0066164566787779,1.0018965194551601,-0.097365574820743692,0,0,1,UNSTABLE,3.6071392357614702e-16,1.2205030601189523e-16,1
B1_D1_Craig_Bampton,B1,1,Craig_Bampton,full-grid,853,12,48,78,1.0063013491575157,1.0015399849756401,-0.09777557880795483,0,0,1,UNSTABLE,1.8556497006753324e-16,1.2205030601189523e-16,1
B1_D1_Craig_Bampton,B1,1,Craig_Bampton,full-grid,854,12,49,79,1.0060427628537092,1.001234260149106,-0.098244577427949939,0,0,1,UNSTABLE,5.1365245150320475e-16,1.2205030601189525e-16,1
B1_D1_Craig_Bampton,B1,1,Craig_Bampton,full-grid,855,12,50,80,1.0058552309486677,1.0009945329230234,-0.098765837641441326,0,0,1,UNSTABLE,4.7114741064588021e-16,1.2205030601436703e-16,1
B1_D1_Craig_Bampton,B1,1,Craig_Bampton,full-grid,856,12,51,81,1.0057518118062898,1.0008350809907596,-0.099326973224065279,0,0,1,UNSTABLE,1.9732456441354358e-16,1.2205030601189525e-16,1
B1_D1_Craig_Bampton,B1,1,Craig_Bampton,full-grid,857,12,52,82,1.0057412986957004,1.0007664732967196,-0.099910088716607393,0,0,1,UNSTABLE,6.6891109742839426e-16,1.2205030601189525e-16,1
B1_D1_Craig_Bampton,B1,1,Craig_Bampton,full-grid,858,12,53,83,1.0058257646296982,1.0007929320825604,-0.10049366092698926,0,0,1,UNSTABLE,2.2810331488915123e-16,1.2205030601189525e-16,1
B1_D1_Craig_Bampton,B1,1,Craig_Bampton,full-grid,859,12,54,84,1.0059996601157777,1.0009111046265147,-0.10105581026537051,0,0,1,UNSTABLE,4.9267080790001453e-16,1.2205030601436703e-16,1
B1_D1_Craig_Bampton,B1,1,Craig_Bampton,full-grid,860,12,55,85,1.006250986270844,1.0011108924276222,-0.10157769653726234,0,0,1,UNSTABLE,5.8052327750912457e-16,1.2205030601189525e-16,1
B1_D1_Craig_Bampton,B1,1,Craig_Bampton,full-grid,861,12,56,86,1.0065639101028152,1.0013778390226502,-0.10204571836091689,0,0,1,UNSTABLE,3.2414341267782858e-16,1.2205030601189525e-16,1
B1_D1_Craig_Bampton,B1,1,Craig_Bampton,full-grid,862,12,57,87,1.0069215934917435,1.0016959000865568,-0.10245203360468265,0,0,1,UNSTABLE,3.5724910994692381e-16,1.2205030601189525e-16,1
B1_D1_Craig_Bampton,B1,1,Craig_Bampton,full-grid,863,12,58,88,1.0073083092375488,1.002049631252528,-0.10279380509389546,0,0,1,UNSTABLE,1.5010517647514368e-16,1.2205030601436703e-16,1
B1_D1_Craig_Bampton,B1,1,Craig_Bampton,full-grid,864,12,59,89,1.007710578050742,1.0024254556832322,-0.10307189196684498,0,0,1,UNSTABLE,5.715104372855963e-16,1.2205030601189525e-16,1
B1_D1_Craig_Bampton,B1,1,Craig_Bampton,full-grid,865,12,60,90,1.0081175150841519,1.0028121434692969,-0.10328954027373491,0,0,1,UNSTABLE,4.8640902755114208e-16,1.2205030601189525e-16,1
B1_D1_Craig_Bampton,B1,1,Craig_Bampton,full-grid,866,12,61,91,1.0085207030370125,1.0032007925396649,-0.10345133301247623,0,0,1,UNSTABLE,3.0764445547037453e-16,1.2205030601189523e-16,1
B1_D1_Craig_Bampton,B1,1,Craig_Bampton,full-grid,867,12,62,92,1.0089138518837073,1.0035845651892488,-0.10356244993589885,0,0,1,UNSTABLE,2.3614082417301549e-16,1.22050306014367e-16,1
B1_D1_Craig_Bampton,B1,1,Craig_Bampton,full-grid,868,12,63,93,1.0092924045497174,1.0039583437264794,-0.10362819087359802,0,0,1,UNSTABLE,3.7289796568922627e-16,1.2205030601189523e-16,1
B1_D1_Craig_Bampton,B1,1,Craig_Bampton,full-grid,869,12,64,94,1.0096531674377052,1.0043183910716711,-0.10365369203361953,0,0,1,UNSTABLE,2.6533011649021603e-16,1.2205030601189523e-16,1
B1_D1_Craig_Bampton,B1,1,Craig_Bampton,full-grid,870,12,65,95,1.0099939958803883,1.004662052744532,-0.10364377207327517,0,0,1,UNSTABLE,1.9807259510036077e-16,1.2205030601189525e-16,1
B1_D1_Craig_Bampton,B1,1,Craig_Bampton,full-grid,871,12,66,96,1.0103135396752538,1.0049875102347368,-0.10360286059431915,0,0,1,UNSTABLE,4.1451716300863986e-16,1.2205030601436703e-16,1
B1_D1_Craig_Bampton,B1,1,Craig_Bampton,full-grid,872,13,0,31,1.0078727972658796,1.0024860959862285,-0.10406345575099329,0,0,1,UNSTABLE,1.6635789521590577e-16,1.3204866086300172e-16,1
B1_D1_Craig_Bampton,B1,1,Craig_Bampton,full-grid,873,13,1,32,1.0084442055926732,1.0030291974629422,-0.10436543886883171,0,0,1,UNSTABLE,2.8329002649970614e-16,1.2205030601436703e-16,1
B1_D1_Craig_Bampton,B1,1,Craig_Bampton,full-grid,874,13,2,33,1.0090385451275894,1.0036014999433511,-0.10460791014382194,0,0,1,UNSTABLE,2.5246663860510617e-16,1.2205030601189525e-16,1
B1_D1_Craig_Bampton,B1,1,Craig_Bampton,full-grid,875,13,3,34,1.0096480772249739,1.0041956745598422,-0.1047868648227936,0,0,1,UNSTABLE,3.7211558895330718e-16,1.2205030601189525e-16,1
B1_D1_Craig_Bampton,B1,1,Craig_Bampton,full-grid,876,13,4,35,1.0102643874455017,1.0048035822023258,-0.10489944582317254,0,0,1,UNSTABLE,1.572572424103921e-16,1.2205030601189525e-16,1
B1_D1_Craig_Bampton,B1,1,Craig_Bampton,full-grid,877,13,5,36,1.010878651917628,1.0054165169696363,-0.10494415804343799,0,0,1,UNSTABLE,1.6243581371798891e-16,1.2205030601436703e-16,1
B1_D1_Craig_Bampton,B1,1,Craig_Bampton,full-grid,878,13,6,37,1.0114819636518861,1.0060255183764806,-0.10492101395053974,0,0,1,UNSTABLE,2.3635972638566979e-16,1.2205030601189525e-16,1
B1_D1_Craig_Bampton,B1,1,Craig_Bampton,full-grid,879,13,7,38,1.0120656908033738,1.006621727049013,-0.10483158462110807,0,0,1,UNSTABLE,3.8533642956924878e-16,1.2205030601189525e-16,1
B1_D1_Craig_Bampton,B1,1,Craig_Bampton,full-grid,880,13,8,39,1.0126218295951663,1.0071967478177277,-0.10467894228571002,0,0,1,UNSTABLE,2.7655577664714302e-16,1.2205030601189525e-16,1
B1_D1_Craig_Bampton,B1,1,Craig_Bampton,full-grid,881,13,9,40,1.0131433125803595,1.0077429800781901,-0.10446749699994125,0,0,1,UNSTABLE,1.9330063280425499e-16,1.2205030601436703e-16,1
B1_D1_Craig_Bampton,B1,1,Craig_Bampton,full-grid,882,13,10,41,1.0136242394321813,1.0082538798794336,-0.10420274695293293,0,0,1,UNSTABLE,2.5655922546374915e-16,1.2205030601189525e-16,1
B1_D1_Craig_Bampton,B1,1,Craig_Bampton,full-grid,883,13,11,42,1.0140600108106503,1.0087241302597341,-0.10389097437717737,0,0,1,UNSTABLE,5.8868992619410035e-16,1.2205030601189525e-16,1
B1_D1_Craig_Bampton,B1,1,Craig_Bampton,full-grid,884,13,12,43,1.0144473620737571,1.0091497122043613,-0.10353892396707018,0,0,1,UNSTABLE,2.0169473668342889e-16,1.2205030601189525e-16,1
B1_D1_Craig_Bampton,B1,1,Craig_Bampton,full-grid,885,13,13,44,1.0147843081870782,1.0095278837300041,-0.10315349782894635,0,0,1,UNSTABLE,3.3377622622760568e-16,1.2205030601436703e-16,1
B1_D1_Craig_Bampton,B1,1,Craig_Bampton,full-grid,886,13,14,45,1.015070020927372,1.0098570854940923,-0.10274149241116316,0,0,1,UNSTABLE,2.7216010879205772e-16,1.2205030601189523e-16,1
B1_D1_Craig_Bampton,B1,1,Craig_Bampton,full-grid,887,13,15,46,1.0153046633063083,1.0101367965096646,-0.10230939188915363,0,0,1,UNSTABLE,2.0103315591764665e-16,1.2205030601189523e-16,1
B1_D1_Craig_Bampton,B1,1,Craig_Bampton,full-grid,888,13,16,47,1.0154892048902135,1.0103673635022559,-0.10186322210718941,0,0,1,UNSTABLE,2.1121719219448497e-16,1.2205030601189525e-16,1
B1_D1_Craig_Bampton,B1,1,Craig_Bampton,full-grid,889,13,17,48,1.0156252372158059,1.0105498238320889,-0.10140846129685557,0,0,1,UNSTABLE,2.1267012166319636e-16,1.2205030601436703e-16,1
B1_D1_Craig_Bampton,B1,1,Craig_Bampton,full-grid,890,13,18,49,1.0157148027449987,1.0106857366243092,-0.10094999900687915,0,0,1,UNSTABLE,1.5151172590624716e-16,1.2205030601189525e-16,1
B1_D1_Craig_Bampton,B1,1,Craig_Bampton,full-grid,891,13,19,50,1.0157602452438301,1.010777031340317,-0.10049213269038343,0,0,1,UNSTABLE,2.4288578280061271e-16,1.2205030601189525e-16,1
B1_D1_Craig_Bampton,B1,1,Craig_Bampton,full-grid,892,13,20,51,1.0157640849356355,1.0108258784123498,-0.10003859143865397,0,0,1,UNSTABLE,1.3851981221221508e-16,1.2205030601189525e-16,1
B1_D1_Craig_Bampton,B1,1,Craig_Bampton,full-grid,893,13,21,52,1.0157289185471101,1.0108345831333951,-0.09959257760705556,0,0,1,UNSTABLE,4.2571326192466715e-16,1.2205030601436703e-16,1
B1_D1_Craig_Bampton,B1,1,Craig_Bampton,full-grid,894,13,22,53,1.0156573423543682,1.010805501741296,-0.099156818867212226,0,0,1,UNSTABLE,2.6856147901274556e-16,1.2205030601189525e-16,1
B1_D1_Craig_Bampton,B1,1,Craig_Bampton,full-grid,895,13,23,54,1.0155518953009925,1.0107409773661091,-0.098733625085076396,0,0,1,UNSTABLE,1.601889495052991e-16,1.2205030601189525e-16,1
B1_D1_Craig_Bampton,B1,1,Craig_Bampton,full-grid,896,13,24,55,1.0154150189123978,1.0106432929608324,-0.098324946102959235,0,0,1,UNSTABLE,2.0795705160340869e-16,1.2205030601189525e-16,1
B1_D1_Craig_Bampton,B1,1,Craig_Bampton,full-grid,897,13,25,56,1.0152490308204751,1.0105146382661623,-0.097932427886381929,0,0,1,UNSTABLE,5.723726346932323e-16,1.2205030601436703e-16,1
B1_D1_Craig_Bampton,B1,1,Craig_Bampton,full-grid,898,13,26,57,1.0150561090444636,1.0103570880739789,-0.097557465563412535,0,0,1,UNSTABLE,2.4347579590816989e-16,1.2205030601189525e-16,1
B1_D1_Craig_Bampton,B1,1,Craig_Bampton,full-grid,899,13,27,58,1.0148382846158623,1.0101725894134193,-0.097201252666070798,0,0,1,UNSTABLE,2.8175760922558718e-16,1.2205030601189525e-16,1
B1_D1_Craig_Bampton,B1,1,Craig_Bampton,full-grid,900,13,28,59,1.0145974406050615,1.0099629556981982,-0.09686482643199687,0,0,1,UNSTABLE,2.2284593968162536e-16,1.2205030601189525e-16,1
B1_D1_Craig_Bampton,B1,1,Craig_Bampton,full-grid,901,13,29,60,1.0143353160597435,1.0097298662915604,-0.096549109394379176,0,0,1,UNSTABLE,2.84848584711596e-16,1.2205030601436703e-16,1
B1_D1_Craig_Bampton,B1,1,Craig_Bampton,full-grid,902,13,30,61,1.0140535137818532,1.0094748703417555,-0.096254947726434614,0,0,1,UNSTABLE,2.4030351470797241e-16,1.2205030601189523e-16,1
B1_D1_Craig_Bampton,B1,1,Craig_Bampton,full-grid,903,13,31,62,1.0137535112483937,1.0091993941084652,-0.095983146955879672,0,0,1,UNSTABLE,1.793111825213597e-16,1.2205030601189523e-16,1
B1_D1_Craig_Bampton,B1,1,Craig_Bampton,full-grid,904,13,32,63,1.0134366743304928,1.00890475134503,-0.095734505751438742,0,0,1,UNSTABLE,2.2547680356592493e-16,1.2205030601189525e-16,1
B1_D1_Craig_Bampton,B1,1,Craig_Bampton,full-grid,905,13,33,64,1.0131042738005889,1.0085921566355251,-0.09550984853049993,0,0,1,UNSTABLE,2.0190367963981608e-16,1.2205030601436703e-16,1
B1_D1_Craig_Bampton,B1,1,Craig_Bampton,full-grid,906,13,34,65,1.0127575049608157,1.0082627419301247,-0.095310057653973379,0,0,1,UNSTABLE,1.906613419059468e-16,1.2205030601189525e-16,1
B1_D1_Craig_Bampton,B1,1,Craig_Bampton,full-grid,907,13,35,66,1.0123975111029764,1.0079175769028321,-0.095136105963113102,0,0,1,UNSTABLE,2.6371175112181191e-16,1.2205030601189525e-16,1
B1_D1_Craig_Bampton,B1,1,Craig_Bampton,full-grid,908,13,36,67,1.0120254119548686,1.0075576942063513,-0.094989090363062856,0,0,1,UNSTABLE,2.1773977618312072e-16,1.2205030601189525e-16,1
B1_D1_Craig_Bampton,B1,1,Craig_Bampton,full-grid,909,13,37,68,1.0116423388180167,1.007184121261365,-0.09487026703956894,0,0,1,UNSTABLE,2.3422648177535765e-16,1.2205030601436703e-16,1
B1_D1_Craig_Bampton,B1,1,Craig_Bampton,full-grid,910,13,38,69,1.0112494788048245,1.0067979209436637,-0.094781088654570092,0,0,1,UNSTABLE,2.636598534647908e-16,1.2205030601189525e-16,1
B1_D1_Craig_Bampton,B1,1,Craig_Bampton,full-grid,911,13,39,70,1.0108481314897615,1.0064002444831512,-0.094723243402005497,0,0,1,UNSTABLE,2.7194969797116331e-16,1.2205030601189525e-16,1
B1_D1_Craig_Bampton,B1,1,Craig_Bampton,full-grid,912,13,40,71,1.0104397824412963,1.0059924011224348,-0.094698694943131878,0,0,1,UNSTABLE,2.926744164645129e-16,1.2205030601189525e-16,1
B1_D1_Craig_Bampton,B1,1,Craig_Bampton,full-grid,913,13,41,72,1.0100261995050441,1.0055759506339403,-0.094709720690385316,0,0,1,UNSTABLE,1.7041159827161475e-16,1.2205030601436703e-16,1
B1_D1_Craig_Bampton,B1,1,Craig_Bampton,full-grid,914,13,42,73,1.0096095592553078,1.0051528266016554,-0.094758943189545322,0,0,1,UNSTABLE,2.9758402766372119e-16,1.2205030601189525e-16,1
B1_D1_Craig_Bampton,B1,1,Craig_Bampton,full-grid,915,13,43,74,1.0091926123460075,1.0047255001342896,-0.094849344719196399,0,0,1,UNSTABLE,2.7439753855848482e-16,1.2205030601189525e-16,1
B1_D1_Craig_Bampton,B1,1,Craig_Bampton,full-grid,916,13,44,75,1.0087788966054367,1.0042971945298551,-0.094984247620037571,0,0,1,UNSTABLE,4.8361340295179618e-16,1.2205030601189525e-16,1
B1_D1_Craig_Bampton,B1,1,Craig_Bampton,full-grid,917,13,45,76,1.008373003493177,1.0038721593487021,-0.095167231011648645,0,0,1,UNSTABLE,2.7353505744444231e-16,1.2205030601436703e-16,1
B1_D1_Craig_Bampton,B1,1,Craig_Bampton,full-grid,918,13,46,77,1.0079808927517149,1.0034560032439763,-0.095401937643681226,0,0,1,UNSTABLE,2.1012244082870046e-16,1.2205030601189523e-16,1
B1_D1_Craig_Bampton,B1,1,Craig_Bampton,full-grid,919,13,47,78,1.0076102245013219,1.0030560613636221,-0.095691704349444337,0,0,1,UNSTABLE,9.9460647316224503e-16,1.2205030601189523e-16,1
B1_D1_Craig_Bampton,B1,1,Craig_Bampton,full-grid,920,13,48,79,1.0072706279314478,1.0026817246216595,-0.09603893482930885,0,0,1,UNSTABLE,5.002631359705615e-16,1.2205030601189525e-16,1
B1_D1_Craig_Bampton,B1,1,Craig_Bampton,full-grid,921,13,49,80,1.0069737452860195,1.0023445764568732,-0.096444148307943012,0,0,1,UNSTABLE,3.7540837621416285e-16,1.2205030601436703e-16,1
B1_D1_Craig_Bampton,B1,1,Craig_Bampton,full-grid,922,13,50,81,1.0067327966081883,1.0020580810156019,-0.096904726602333929,0,0,1,UNSTABLE,3.481302343787572e-16,1.2205030601189525e-16,1
B1_D1_Craig_Bampton,B1,1,Craig_Bampton,full-grid,923,13,51,82,1.0065613795363668,1.001836515040665,-0.097413591994799542,0,0,1,UNSTABLE,2.2858024023750173e-16,1.2205030601189525e-16,1
B1_D1_Craig_Bampton,B1,1,Craig_Bampton,full-grid,924,13,52,83,1.006471392083006,1.0016929792275531,-0.097958350576829195,0,0,1,UNSTABLE,2.7782430689981141e-16,1.2205030601189525e-16,1
B1_D1_Craig_Bampton,B1,1,Craig_Bampton,full-grid,925,13,53,84,1.0064704447530417,1.0016367843295355,-0.098521614072105981,0,0,1,UNSTABLE,3.3055412966906867e-16,1.2205030601436703e-16,1
B1_D1_Craig_Bampton,B1,1,Craig_Bampton,full-grid,926,13,54,85,1.0065597109389808,1.0016711174352526,-0.099082915689723827,0,0,1,UNSTABLE,3.1368941613565588e-16,1.2205030601189525e-16,1
B1_D1_Craig_Bampton,B1,1,Craig_Bampton,full-grid,927,13,55,86,1.0067332861115013,1.0017920973287953,-0.099621800297101201,0,0,1,UNSTABLE,2.7722833942350777e-16,1.2205030601189525e-16,1
B1_D1_Craig_Bampton,B1,1,Craig_Bampton,full-grid,928,13,56,87,1.0069794290973708,1.0019897086934004,-0.10012089840678395,0,0,1,UNSTABLE,5.6868776969173444e-16,1.2205030601189525e-16,1
B1_D1_Craig_Bampton,B1,1,Craig_Bampton,full-grid,929,13,57,88,1.0072830358074878,1.0022500811437629,-0.10056783319167936,0,0,1,UNSTABLE,2.0743185110553949e-16,1.2205030601436703e-16,1
B1_D1_Craig_Bampton,B1,1,Craig_Bampton,full-grid,930,13,58,89,1.0076282297884982,1.0025580367906883,-0.10095559584839053,0,0,1,UNSTABLE,2.8000528739250597e-16,1.2205030601189525e-16,1
B1_D1_Craig_Bampton,B1,1,Craig_Bampton,full-grid,931,13,59,90,1.0080002672186295,1.0028990662341628,-0.10128179332670235,0,0,1,UNSTABLE,2.8563912400166142e-16,1.2205030601189525e-16,1
B1_D1_Craig_Bampton,B1,1,Craig_Bampton,full-grid,932,13,60,91,1.0083865457153678,1.0032604580278526,-0.10154742211161684,0,0,1,UNSTABLE,3.1698056885340618e-16,1.2205030601189525e-16,1
B1_D1_Craig_Bampton,B1,1,Craig_Bampton,full-grid,933,13,61,92,1.0087768993945334,1.0036317146707123,-0.10175565861009492,0,0,1,UNSTABLE,2.9825426939384375e-16,1.2205030601436703e-16,1
B1_D1_Craig_Bampton,B1,1,Craig_Bampton,full-grid,934,13,62,93,1.0091634685659441,1.0040045199448882,-0.10191089352116212,0,0,1,UNSTABLE,4.1452293474258368e-16,1.2205030601189523e-16,1
B1_D1_Craig_Bampton,B1,1,Craig_Bampton,full-grid,935,13,63,94,1.0095403785147901,1.004372487145802,-0.10201805191406614,0,0,1,UNSTABLE,6.3188339784896909e-16,1.2205030601189523e-16,1
B1_D1_Craig_Bampton,B1,1,Craig_Bampton,full-grid,936,13,64,95,1.0099033710283278,1.0047308357646445,-0.10208215553200024,0,0,1,UNSTABLE,2.8319349999471442e-16,1.2205030601189525e-16,1
B1_D1_Craig_Bampton,B1,1,Craig_Bampton,full-grid,937,13,65,96,1.0102494600156329,1.0050760742471847,-0.10210806255015024,0,0,1,UNSTABLE,2.6990086457295976e-16,1.2205030601436703e-16,1
B1_D1_Craig_Bampton,B1,1,Craig_Bampton,full-grid,938,13,66,97,1.0105766384758017,1.0054057218353818,-0.102100326805188,0,0,1,UNSTABLE,5.6466328840459359e-16,1.2205030601189525e-16,1
B1_D1_Craig_Bampton,B1,1,Craig_Bampton,full-grid,939,14,0,32,1.0082119900437032,1.0029712582947665,-0.10266485232296853,0,0,1,UNSTABLE,2.9571939362573849e-16,1.3204866087315512e-16,1
B1_D1_Craig_Bampton,B1,1,Craig_Bampton,full-grid,940,14,1,33,1.0087853574786421,1.0035163490545969,-0.10297006673516436,0,0,1,UNSTABLE,2.150128144967066e-16,1.2205030601189525e-16,1
B1_D1_Craig_Bampton,B1,1,Craig_Bampton,full-grid,941,14,2,34,1.0093814132480345,1.0040902864268557,-0.10321595861994555,0,0,1,UNSTABLE,1.6281433496519278e-16,1.2205030601189525e-16,1
B1_D1_Craig_Bampton,B1,1,Craig_Bampton,full-grid,942,14,3,35,1.009992472960376,1.0046857797506716,-0.10339864314100301,0,0,1,UNSTABLE,3.4362179928092363e-16,1.2205030601189525e-16,1
B1_D1_Craig_Bampton,B1,1,Craig_Bampton,full-grid,943,14,4,36,1.0106102086933417,1.0052947624221702,-0.10351538321308533,0,0,1,UNSTABLE,2.3069474840216903e-16,1.2205030601436703e-16,1
B1_D1_Craig_Bampton,B1,1,Craig_Bampton,full-grid,944,14,5,37,1.0112259159437822,1.0059086374944162,-0.10356479175119714,0,0,1,UNSTABLE,3.1078760068246275e-16,1.2205030601189525e-16,1
B1_D1_Craig_Bampton,B1,1,Craig_Bampton,full-grid,945,14,6,38,1.0118308354642396,1.0065185869104809,-0.10354696422392004,0,0,1,UNSTABLE,1.8859243279959929e-16,1.2205030601189525e-16,1
B1_D1_Craig_Bampton,B1,1,Craig_Bampton,full-grid,946,14,7,39,1.01241650204247,1.0071159188552019,-0.10346351819048732,0,0,1,UNSTABLE,1.8134974377629126e-16,1.2205030601189525e-16,1
B1_D1_Craig_Bampton,B1,1,Craig_Bampton,full-grid,947,14,8,40,1.0129750843033087,1.0076924182347469,-0.10331752828781315,0,0,1,UNSTABLE,2.3031877832879643e-16,1.2205030601436703e-16,1
B1_D1_Craig_Bampton,B1,1,Craig_Bampton,full-grid,948,14,9,41,1.0134996785614487,1.0082406623704088,-0.10311336085609701,0,0,1,UNSTABLE,3.1493531348139035e-16,1.2205030601189525e-16,1
B1_D1_Craig_Bampton,B1,1,Craig_Bampton,full-grid,949,14,10,42,1.0139845265517906,1.0087542690445708,-0.10285642795087158,0,0,1,UNSTABLE,1.6539596059501811e-16,1.2205030601189525e-16,1
B1_D1_Craig_Bampton,B1,1,Craig_Bampton,full-grid,950,14,11,43,1.0144251397261137,1.0092280557578737,-0.10255289161953139,0,0,1,UNSTABLE,2.6532543263458026e-16,1.2205030601189525e-16,1
B1_D1_Craig_Bampton,B1,1,Craig_Bampton,full-grid,951,14,12,44,1.0148183279970759,1.0096581039716663,-0.10220935340329831,0,0,1,UNSTABLE,3.3559536016734009e-16,1.22050306014367e-16,1
B1_D1_Craig_Bampton,B1,1,Craig_Bampton,full-grid,952,14,13,45,1.0151621442615457,1.0100417361053251,-0.101832560937256,0,0,1,UNSTABLE,4.1029497492822031e-16,1.2205030601189523e-16,1
B1_D1_Craig_Bampton,B1,1,Craig_Bampton,full-grid,953,14,14,46,1.0154557649067328,1.0103774230124674,-0.10142915532036896,0,0,1,UNSTABLE,1.4443695579662102e-16,1.2205030601189523e-16,1
B1_D1_Craig_Bampton,B1,1,Craig_Bampton,full-grid,954,14,15,47,1.0156993299045096,1.010664644314736,-0.10100547262717044,0,0,1,UNSTABLE,1.9023210804299917e-16,1.2205030601189525e-16,1
B1_D1_Craig_Bampton,B1,1,Craig_Bampton,full-grid,955,14,16,48,1.0158937648396646,1.0109037238235161,-0.10056740326694474,0,0,1,UNSTABLE,6.2442948297571889e-16,1.2205030601436703e-16,1
B1_D1_Craig_Bampton,B1,1,Craig_Bampton,full-grid,956,14,17,49,1.0160406030010876,1.0110956588586708,-0.10012030555268983,0,0,1,UNSTABLE,2.0745259055856384e-16,1.2205030601189525e-16,1
B1_D1_Craig_Bampton,B1,1,Craig_Bampton,full-grid,957,14,18,50,1.0161418202752353,1.0112419573243625,-0.09966896537569192,0,0,1,UNSTABLE,1.5514623277316501e-16,1.2205030601189525e-16,1
B1_D1_Craig_Bampton,B1,1,Craig_Bampton,full-grid,958,14,19,51,1.0161996903683113,1.0113444913292668,-0.09921759200161058,0,0,1,UNSTABLE,3.5134146541359552e-16,1.2205030601189525e-16,1
B1_D1_Craig_Bampton,B1,1,Craig_Bampton,full-grid,959,14,20,52,1.0162166636164904,1.0114053718037919,-0.098769840023485572,0,0,1,UNSTABLE,2.5654808593005157e-16,1.2205030601436703e-16,1
B1_D1_Craig_Bampton,B1,1,Craig_Bampton,full-grid,960,14,21,53,1.0161952695779444,1.0114268453198099,-0.09832884866105468,0,0,1,UNSTABLE,5.5098915944698874e-16,1.2205030601189525e-16,1
B1_D1_Craig_Bampton,B1,1,Craig_Bampton,full-grid,961,14,22,54,1.016138041676226,1.0114112121707572,-0.097897291264239725,0,0,1,UNSTABLE,2.164423766947132e-16,1.2205030601189525e-16,1
B1_D1_Craig_Bampton,B1,1,Craig_Bampton,full-grid,962,14,23,55,1.0160474611543406,1.0113607635413711,-0.097477429629614962,0,0,1,UNSTABLE,5.7167252969490668e-16,1.2205030601189525e-16,1
B1_D1_Craig_Bampton,B1,1,Craig_Bampton,full-grid,963,14,24,56,1.0159259172410164,1.0112777350500717,-0.097071169324354944,0,0,1,UNSTABLE,5.3513295229273818e-16,1.2205030601436703e-16,1
B1_D1_Craig_Bampton,B1,1,Craig_Bampton,full-grid,964,14,25,57,1.0157756804911064,1.01116427385742,-0.096680113526862177,0,0,1,UNSTABLE,6.5116217098523483e-16,1.2205030601189525e-16,1
B1_D1_Craig_Bampton,B1,1,Craig_Bampton,full-grid,965,14,26,58,1.0155988865579919,1.011022416718165,-0.096305613913177199,0,0,1,UNSTABLE,1.7950311570361045e-16,1.2205030601189525e-16,1
B1_D1_Craig_Bampton,B1,1,Craig_Bampton,full-grid,966,14,27,59,1.0153975280609115,1.0108540766804905,-0.09594881786995825,0,0,1,UNSTABLE,1.8917597088753861e-16,1.2205030601189525e-16,1
B1_D1_Craig_Bampton,B1,1,Craig_Bampton,full-grid,967,14,28,60,1.0151734526450049,1.0106610365180337,-0.095610711844823171,0,0,1,UNSTABLE,2.7217675207030314e-16,1.22050306014367e-16,1
B1_D1_Craig_Bampton,B1,1,Craig_Bampton,full-grid,968,14,29,61,1.0149283657525017,1.0104449473673269,-0.095292161004373668,0,0,1,UNSTABLE,2.116980631316411e-16,1.2205030601189523e-16,1
B1_D1_Craig_Bampton,B1,1,Craig_Bampton,full-grid,969,14,30,62,1.0146638370087844,1.0102073314088815,-0.094993945602522514,0,0,1,UNSTABLE,1.7480164810881134e-16,1.2205030601189523e-16,1
B1_D1_Craig_Bampton,B1,1,Craig_Bampton,full-grid,970,14,31,63,1.0143813094738598,1.0099495877662541,-0.094716794607270588,0,0,1,UNSTABLE,1.7477015411315774e-16,1.2205030601189525e-16,1
B1_D1_Craig_Bampton,B1,1,Craig_Bampton,full-grid,971,14,32,64,1.014082111323225,1.0096730011060473,-0.094461417220350938,0,0,1,UNSTABLE,4.6090512903917996e-16,1.2205030601436703e-16,1
B1_D1_Craig_Bampton,B1,1,Craig_Bampton,full-grid,972,14,33,65,1.0137674698145629,1.009378752712816,-0.094228532972454843,0,0,1,UNSTABLE,2.3893033414510873e-16,1.2205030601189525e-16,1
B1_D1_Craig_Bampton,B1,1,Craig_Bampton,full-grid,973,14,34,66,1.0134385276849618,1.0090679341017403,-0.094018901099241631,0,0,1,UNSTABLE,3.2366107691002357e-16,1.2205030601189525e-16,1
B1_D1_Craig_Bampton,B1,1,Craig_Bampton,full-grid,974,14,35,67,1.0130963624282094,1.0087415635386656,-0.093833349907365887,0,0,1,UNSTABLE,5.5866011326812715e-16,1.2205030601189525e-16,1
B1_D1_Craig_Bampton,B1,1,Craig_Bampton,full-grid,975,14,36,68,1.01274200924874,1.0084006061875832,-0.093672806820813567,0,0,1,UNSTABLE,3.3410944238088163e-16,1.2205030601436703e-16,1
B1_D1_Craig_Bampton,B1,1,Craig_Bampton,full-grid,976,14,37,69,1.012376488908479,1.0080459990317174,-0.093538329741376283,0,0,1,UNSTABLE,1.923210411287855e-16,1.2205030601189525e-16,1
B1_D1_Craig_Bampton,B1,1,Craig_Bampton,full-grid,977,14,38,70,1.0120008422136182,1.0076786822572066,-0.093431140234144033,0,0,1,UNSTABLE,2.5944233603126746e-16,1.2205030601189525e-16,1
B1_D1_Craig_Bampton,B1,1,Craig_Bampton,full-grid,978,14,39,71,1.0116161735733165,1.0072996394968041,-0.093352658798379742,0,0,1,UNSTABLE,2.1274247353366691e-16,1.2205030601189525e-16,1
B1_D1_Craig_Bampton,B1,1,Craig_Bampton,full-grid,979,14,40,72,1.0112237069496381,1.0069099502628116,-0.093304542004718966,0,0,1,UNSTABLE,4.4394876337763041e-16,1.2205030601436703e-16,1
B1_D1_Craig_Bampton,B1,1,Craig_Bampton,full-grid,980,14,41,73,1.0108248586453545,1.0065108591081458,-0.093288720394180111,0,0,1,UNSTABLE,1.6908363610537957e-16,1.2205030601189525e-16,1
B1_D1_Craig_Bampton,B1,1,Craig_Bampton,full-grid,981,14,42,74,1.0104213327383507,1.0061038675653571,-0.093307434445358883,0,0,1,UNSTABLE,2.4997551552567456e-16,1.2205030601189525e-16,1
B1_D1_Craig_Bampton,B1,1,Craig_Bampton,full-grid,982,14,43,75,1.0100152464464678,1.0056908566498932,-0.093363263145216493,0,0,1,UNSTABLE,2.744279203205154e-16,1.2205030601189525e-16,1
B1_D1_Craig_Bampton,B1,1,Craig_Bampton,full-grid,983,14,44,76,1.0096092938880079,1.0052742493417424,-0.093459135002622443,0,0,1,UNSTABLE,4.4743399796707904e-16,1.22050306014367e-16,1
B1_D1_Craig_Bampton,B1,1,Craig_Bampton,full-grid,984,14,45,77,1.0092069565794397,1.0048572230700363,-0.093598303682868075,0,0,1,UNSTABLE,3.3637377817052565e-16,1.2205030601189523e-16,1
B1_D1_Craig_Bampton,B1,1,Craig_Bampton,full-grid,985,14,46,78,1.0088127653764944,1.0044439797336833,-0.093784258611611687,0,0,1,UNSTABLE,4.2279333507300869e-16,1.2205030601189523e-16,1
B1_D1_Craig_Bampton,B1,1,Craig_Bampton,full-grid,986,14,47,79,1.0084326071361716,1.0040400709886903,-0.09402052427253102,0,0,1,UNSTABLE,5.6100595521271167e-16,1.2205030601189525e-16,1
B1_D1_Craig_Bampton,B1,1,Craig_Bampton,full-grid,987,14,48,80,1.0080740429596378,1.0036527520461389,-0.094310282574073395,0,0,1,UNSTABLE,3.0026952374971476e-16,1.2205030601436703e-16,1
B1_D1_Craig_Bampton,B1,1,Craig_Bampton,full-grid,988,14,49,81,1.0077465541972859,1.0032912878873415,-0.094655740163304483,0,0,1,UNSTABLE,3.0315717487044147e-16,1.2205030601189525e-16,1
B1_D1_Craig_Bampton,B1,1,Craig_Bampton,full-grid,989,14,50,82,1.0074615530209308,1.0029670548132685,-0.095057181604251417,0,0,1,UNSTABLE,3.0417403975955281e-16,1.2205030601189525e-16,1
B1_D1_Craig_Bampton,B1,1,Craig_Bampton,full-grid,990,14,51,83,1.0072319067482978,1.0026931837545723,-0.095511743905821941,0,0,1,UNSTABLE,1.846328758559288e-16,1.2205030601189525e-16,1
B1_D1_Craig_Bampton,B1,1,Craig_Bampton,full-grid,991,14,52,84,1.0070707069449332,1.00248345321388,-0.096012159745222023,0,0,1,UNSTABLE,4.866274496417786e-16,1.2205030601436703e-16,1
B1_D1_Craig_Bampton,B1,1,Craig_Bampton,full-grid,992,14,53,85,1.0069892046231885,1.0023503014721971,-0.096546006474826196,0,0,1,UNSTABLE,2.193694869202516e-16,1.2205030601189525e-16,1
B1_D1_Craig_Bampton,B1,1,Craig_Bampton,full-grid,993,14,54,86,1.0069943124085972,1.0023022919697024,-0.097096141712969236,0,0,1,UNSTABLE,6.6349302978282956e-16,1.2205030601189525e-16,1
B1_D1_Craig_Bampton,B1,1,Craig_Bampton,full-grid,994,14,55,87,1.0070866183930469,1.0023419404111211,-0.097642672224859853,0,0,1,UNSTABLE,2.759521538910071e-16,1.2205030601189525e-16,1
B1_D1_Craig_Bampton,B1,1,Craig_Bampton,full-grid,995,14,56,88,1.0072599133290325,1.002464948838294,-0.09816597857835993,0,0,1,UNSTABLE,3.3801771872939198e-16,1.2205030601436703e-16,1
B1_D1_Craig_Bampton,B1,1,Craig_Bampton,full-grid,996,14,57,89,1.0075025123308317,1.0026612411670399,-0.098649621460545539,0,0,1,UNSTABLE,2.023129579627753e-16,1.2205030601189525e-16,1
B1_D1_Craig_Bampton,B1,1,Craig_Bampton,full-grid,997,14,58,90,1.0077996859269984,1.0029172205915353,-0.099082064953786811,0,0,1,UNSTABLE,3.2315485175573419e-16,1.2205030601189525e-16,1
B1_D1_Craig_Bampton,B1,1,Craig_Bampton,full-grid,998,14,59,91,1.0081361285113701,1.0032182076160983,-0.099456932978232271,0,0,1,UNSTABLE,3.9289097130873778e-16,1.2205030601189525e-16,1
B1_D1_Craig_Bampton,B1,1,Craig_Bampton,full-grid,999,14,60,92,1.008497732479565,1.0035502875349742,-0.099772224616345787,0,0,1,UNSTABLE,6.9417858550425382e-16,1.22050306014367e-16,1
B1_D1_Craig_Bampton,B1,1,Craig_Bampton,full-grid,1000,14,61,93,1.0088725018894404,1.0039013402656569,-0.10002911616862721,0,0,1,UNSTABLE,2.1136635445615114e-16,1.2205030601189523e-16,1
B1_D1_Craig_Bampton,B1,1,Craig_Bampton,full-grid,1001,14,62,94,1.0092507967527971,1.0042613985305167,-0.10023080448488175,0,0,1,UNSTABLE,4.4081364450811815e-16,1.2205030601189523e-16,1
B1_D1_Craig_Bampton,B1,1,Craig_Bampton,full-grid,1002,14,63,95,1.0096251857149785,1.0046225913782392,-0.10038159454041623,0,0,1,UNSTABLE,2.1221797396959774e-16,1.2205030601189525e-16,1
B1_D1_Craig_Bampton,B1,1,Craig_Bampton,full-grid,1003,14,64,96,1.0099901274809462,1.0049788896585363,-0.10048626249230962,0,0,1,UNSTABLE,3.5327654561254189e-16,1.2205030601436703e-16,1
B1_D1_Craig_Bampton,B1,1,Craig_Bampton,full-grid,1004,14,65,97,1.0103416139937567,1.0053257905168054,-0.10054964887691044,0,0,1,UNSTABLE,3.56058798732198e-16,1.2205030601189525e-16,1
B1_D1_Craig_Bampton,B1,1,Craig_Bampton,full-grid,1005,14,66,98,1.0106768404033482,1.0056600119708654,-0.10057641895819314,0,0,1,UNSTABLE,4.4774625984727506e-16,1.2205030601189525e-16,1
B1_D1_Craig_Bampton,B1,1,Craig_Bampton,full-grid,1006,15,0,33,1.0084022981825216,1.0033044417557018,-0.10126891000238181,0,0,1,UNSTABLE,2.6970715768414392e-16,1.3204866086300172e-16,1
B1_D1_Craig_Bampton,B1,1,Craig_Bampton,full-grid,1007,15,1,34,1.0089773552164134,1.003851216478274,-0.10157774615828993,0,0,1,UNSTABLE,3.803855492449418e-16,1.2205030600093825e-16,1
B1_D1_Craig_Bampton,B1,1,Craig_Bampton,full-grid,1008,15,2,35,1.0095749576183946,1.00442657544963,-0.1018275482406976,0,0,1,UNSTABLE,1.7196710039249875e-16,1.2205030600093825e-16,1
B1_D1_Craig_Bampton,B1,1,Craig_Bampton,full-grid,1009,15,3,36,1.0101874983246686,1.0050232917786031,-0.10201453207241178,0,0,1,UNSTABLE,3.1973046422051834e-16,1.2205030601436703e-16,1
B1_D1_Craig_Bampton,B1,1,Craig_Bampton,full-grid,1010,15,4,37,1.010806753562085,1.0056333922364555,-0.10213605370152561,0,0,1,UNSTABLE,2.432886449274138e-16,1.2205030601189525e-16,1
B1_D1_Craig_Bampton,B1,1,Craig_Bampton,full-grid,1011,15,5,38,1.0114241479993225,1.0062484023939828,-0.10219080113059485,0,0,1,UNSTABLE,1.9422294074172858e-16,1.2205030601189525e-16,1
B1_D1_Craig_Bampton,B1,1,Craig_Bampton,full-grid,1012,15,6,39,1.0120310704954047,1.0068596509407208,-0.10217891639474561,0,0,1,UNSTABLE,1.9139461526965262e-16,1.2205030601189525e-16,1
B1_D1_Craig_Bampton,B1,1,Craig_Bampton,full-grid,1013,15,7,40,1.0126192129514768,1.0074586078645507,-0.10210202680696318,0,0,1,UNSTABLE,1.395374191250596e-16,1.22050306014367e-16,1
B1_D1_Craig_Bampton,B1,1,Craig_Bampton,full-grid,1014,15,8,41,1.0131808978438281,1.0080372228045398,-0.10196317568679497,0,0,1,UNSTABLE,2.1793511346518679e-16,1.2205030601189525e-16,1
B1_D1_Craig_Bampton,B1,1,Craig_Bampton,full-grid,1015,15,9,42,1.0137093596416811,1.0085882277712597,-0.10176665773413458,0,0,1,UNSTABLE,2.9348016195348743e-16,1.2205030601189525e-16,1
B1_D1_Craig_Bampton,B1,1,Craig_Bampton,full-grid,1016,15,10,43,1.0141989521411592,1.0091053736632338,-0.10151777858193421,0,0,1,UNSTABLE,2.1950568860883591e-16,1.2205030601189525e-16,1
B1_D1_Craig_Bampton,B1,1,Craig_Bampton,full-grid,1017,15,11,44,1.0146452660093521,1.0095835812522664,-0.10122256814089139,0,0,1,UNSTABLE,3.3809383327255637e-16,1.2205030601436703e-16,1
B1_D1_Craig_Bampton,B1,1,Craig_Bampton,full-grid,1018,15,12,45,1.0150451550557322,1.0100190013122796,-0.10088748084009738,0,0,1,UNSTABLE,3.5106926221135771e-16,1.2205030601189523e-16,1
B1_D1_Craig_Bampton,B1,1,Craig_Bampton,full-grid,1019,15,13,46,1.0153966822365885,1.0104089915794372,-0.1005191127721301,0,0,1,UNSTABLE,1.5054053711242712e-16,1.2205030601189523e-16,1
B1_D1_Craig_Bampton,B1,1,Craig_Bampton,full-grid,1020,15,14,47,1.0156990045996137,1.010752027443629,-0.10012395798828412,0,0,1,UNSTABLE,2.0886502868955951e-16,1.2205030601189523e-16,1
B1_D1_Craig_Bampton,B1,1,Craig_Bampton,full-grid,1021,15,15,48,1.0159522195130932,1.0110475675698067,-0.099708216535838348,0,0,1,UNSTABLE,2.2086538526520283e-16,1.2205030601436703e-16,1
B1_D1_Craig_Bampton,B1,1,Craig_Bampton,full-grid,1022,15,16,49,1.0161571933458937,1.0112958955003415,-0.099277657772362651,0,0,1,UNSTABLE,3.6958585903760968e-16,1.2205030601189525e-16,1
B1_D1_Craig_Bampton,B1,1,Craig_Bampton,full-grid,1023,15,17,50,1.0163153898358754,1.0114979551020569,-0.098837535590507231,0,0,1,UNSTABLE,1.7261438811924983e-16,1.2205030601189525e-16,1
B1_D1_Craig_Bampton,B1,1,Craig_Bampton,full-grid,1024,15,18,51,1.0164287103420766,1.0116551930949589,-0.098392547947791939,0,0,1,UNSTABLE,4.3195800458628543e-16,1.2205030601189525e-16,1
B1_D1_Craig_Bampton,B1,1,Craig_Bampton,full-grid,1025,15,19,52,1.0164993532725646,1.01176941713361,-0.0979468312742027,0,0,1,UNSTABLE,2.2082190331252477e-16,1.2205030601436703e-16,1
B1_D1_Craig_Bampton,B1,1,Craig_Bampton,full-grid,1026,15,20,53,1.0165296959346357,1.0118426738106119,-0.097503980291856238,0,0,1,UNSTABLE,1.9852885204321917e-16,1.2205030601189525e-16,1
B1_D1_Craig_Bampton,B1,1,Craig_Bampton,full-grid,1027,15,21,54,1.0165221991236617,1.0118771478564965,-0.097067084828005579,0,0,1,UNSTABLE,3.0063078243589891e-16,1.2205030601189525e-16,1
B1_D1_Craig_Bampton,B1,1,Craig_Bampton,full-grid,1028,15,22,55,1.0164793329011448,1.0118750817383526,-0.096638776752185046,0,0,1,UNSTABLE,2.2362701105729937e-16,1.2205030601189525e-16,1
B1_D1_Craig_Bampton,B1,1,Craig_Bampton,full-grid,1029,15,23,56,1.0164035210121565,1.0118387136556168,-0.096221281812580356,0,0,1,UNSTABLE,2.5814067024003639e-16,1.22050306014367e-16,1
B1_D1_Craig_Bampton,B1,1,Craig_Bampton,full-grid,1030,15,24,57,1.0162971010161794,1.0117702313777961,-0.095816472652731036,0,0,1,UNSTABLE,2.0148248999961441e-16,1.2205030601189525e-16,1
B1_D1_Craig_Bampton,B1,1,Craig_Bampton,full-grid,1031,15,25,58,1.016162297231844,1.0116717392533623,-0.095425920543507597,0,0,1,UNSTABLE,2.5743446034983749e-16,1.2205030601189525e-16,1
B1_D1_Craig_Bampton,B1,1,Craig_Bampton,full-grid,1032,15,26,59,1.0160012038566737,1.01154523587265,-0.095050944348570324,0,0,1,UNSTABLE,1.4151648062413962e-16,1.2205030601189525e-16,1
B1_D1_Craig_Bampton,B1,1,Craig_Bampton,full-grid,1033,15,27,60,1.0158157759920929,1.011392600160832,-0.094692655968291947,0,0,1,UNSTABLE,1.986960139706891e-16,1.2205030601436703e-16,1
B1_D1_Craig_Bampton,B1,1,Craig_Bampton,full-grid,1034,15,28,61,1.0156078267082804,1.0112155840298782,-0.094352002025549109,0,0,1,UNSTABLE,1.6194119941655989e-16,1.2205030601189523e-16,1
B1_D1_Craig_Bampton,B1,1,Craig_Bampton,full-grid,1035,15,29,62,1.0153790286750541,1.0110158100772679,-0.09402980190823744,0,0,1,UNSTABLE,1.9728621180569222e-16,1.2205030601189523e-16,1
B1_D1_Craig_Bampton,B1,1,Craig_Bampton,full-grid,1036,15,30,63,1.0151309192450073,1.010794773159593,-0.09372678251418072,0,0,1,UNSTABLE,2.9846309567136555e-16,1.2205030601189523e-16,1
B1_D1_Craig_Bampton,B1,1,Craig_Bampton,full-grid,1037,15,31,64,1.0148649081962189,1.0105538449795715,-0.093443610188839468,0,0,1,UNSTABLE,3.1636695376030825e-16,1.2205030601436703e-16,1
B1_D1_Craig_Bampton,B1,1,Craig_Bampton,full-grid,1038,15,32,65,1.0145822876277111,1.010294281105848,-0.093180920432766851,0,0,1,UNSTABLE,2.3266784160908996e-16,1.2205030601189525e-16,1
B1_D1_Craig_Bampton,B1,1,Craig_Bampton,full-grid,1039,15,33,66,1.014284243761191,1.0100172301035433,-0.092939346006829446,0,0,1,UNSTABLE,3.378868768433812e-16,1.2205030601189525e-16,1
B1_D1_Craig_Bampton,B1,1,Craig_Bampton,full-grid,1040,15,34,67,1.0139718706505501,1.0097237447015552,-0.092719544091006884,0,0,1,UNSTABLE,2.1513353956605458e-16,1.2205030601189525e-16,1
B1_D1_Craig_Bampton,B1,1,Craig_Bampton,full-grid,1041,15,35,68,1.013646186053023,1.0094147951759773,-0.09252222316654532,0,0,1,UNSTABLE,2.1034873528203354e-16,1.2205030601436703e-16,1
B1_D1_Craig_Bampton,B1,1,Craig_Bampton,full-grid,1042,15,36,69,1.0133081499924879,1.0090912854071581,-0.09234817029334072,0,0,1,UNSTABLE,1.6158277773859192e-16,1.2205030601189525e-16,1
B1_D1_Craig_Bampton,B1,1,Craig_Bampton,full-grid,1043,15,37,70,1.0129586868723448,1.0087540723975463,-0.092198279438996195,0,0,1,UNSTABLE,2.3014500508787261e-16,1.2205030601189525e-16,1
B1_D1_Craig_Bampton,B1,1,Craig_Bampton,full-grid,1044,15,38,71,1.0125987124009102,1.008403990448183,-0.092073581467009558,0,0,1,UNSTABLE,1.7050840920214053e-16,1.2205030601189525e-16,1
B1_D1_Craig_Bampton,B1,1,Craig_Bampton,full-grid,1045,15,39,72,1.0122291671164696,1.0080418817266756,-0.091975276277078605,0,0,1,UNSTABLE,2.0546641932703013e-16,1.22050306014367e-16,1
B1_D1_Craig_Bampton,B1,1,Craig_Bampton,full-grid,1046,15,40,73,1.0118510589851704,1.0076686356672651,-0.091904767351228711,0,0,1,UNSTABLE,1.870689970149058e-16,1.2205030601189525e-16,1
B1_D1_Craig_Bampton,B1,1,Craig_Bampton,full-grid,1047,15,41,74,1.0114655184427459,1.0072852405840544,-0.091863698489535101,0,0,1,UNSTABLE,2.9898378949902854e-16,1.2205030601189525e-16,1
B1_D1_Craig_Bampton,B1,1,Craig_Bampton,full-grid,1048,15,42,75,1.011073870401473,1.0068928521092451,-0.091853991638492852,0,0,1,UNSTABLE,1.9799268378074632e-16,1.2205030601189525e-16,1
B1_D1_Craig_Bampton,B1,1,Craig_Bampton,full-grid,1049,15,43,76,1.010677729145198,1.0064928846161969,-0.09187788312244255,0,0,1,UNSTABLE,2.6566107880438576e-16,1.2205030601436703e-16,1
B1_D1_Craig_Bampton,B1,1,Craig_Bampton,full-grid,1050,15,44,77,1.0102791235678841,1.0060871335798043,-0.091937952784826443,0,0,1,UNSTABLE,2.4187631324282685e-16,1.2205030601189523e-16,1
B1_D1_Craig_Bampton,B1,1,Craig_Bampton,full-grid,1051,15,45,78,1.0098806614664539,1.0056779385286014,-0.092037135770216674,0,0,1,UNSTABLE,3.1418112091175794e-16,1.2205030601189523e-16,1
B1_D1_Craig_Bampton,B1,1,Craig_Bampton,full-grid,1052,15,46,79,1.0094857415394576,1.0052683969227185,-0.092178698840329865,0,0,1,UNSTABLE,4.4727236538923959e-16,1.2205030601189523e-16,1
B1_D1_Craig_Bampton,B1,1,Craig_Bampton,full-grid,1053,15,47,80,1.0090988180950078,1.0048626368003888,-0.092366150960791552,0,0,1,UNSTABLE,4.8080664577066359e-16,1.2205030601436703e-16,1
B1_D1_Craig_Bampton,B1,1,Craig_Bampton,full-grid,1054,15,48,81,1.0087257117788271,1.0044661459948507,-0.092603040738156686,0,0,1,UNSTABLE,3.8062588297643495e-16,1.2205030601189525e-16,1
B1_D1_Craig_Bampton,B1,1,Craig_Bampton,full-grid,1055,15,49,82,1.008373932371742,1.0040861304266491,-0.092892573285967089,0,0,1,UNSTABLE,3.0293802394950505e-16,1.2205030601189525e-16,1
B1_D1_Craig_Bampton,B1,1,Craig_Bampton,full-grid,1056,15,50,83,1.0080529271572658,1.0037318227818419,-0.093236966302927146,0,0,1,UNSTABLE,2.2676756821064133e-16,1.2205030601189525e-16,1
B1_D1_Craig_Bampton,B1,1,Craig_Bampton,full-grid,1057,15,51,84,1.0077740859827387,1.0034145787968538,-0.093636485604046485,0,0,1,UNSTABLE,2.1946082960171896e-16,1.2205030601436703e-16,1
B1_D1_Craig_Bampton,B1,1,Craig_Bampton,full-grid,1058,15,52,85,1.0075502440377906,1.0031474990348028,-0.09408820032730969,0,0,1,UNSTABLE,3.2274788993944458e-16,1.2205030601189525e-16,1
B1_D1_Craig_Bampton,B1,1,Craig_Bampton,full-grid,1059,15,53,86,1.0073944085519015,1.0029442781475495,-0.094584720292057209,0,0,1,UNSTABLE,2.1920408946123861e-16,1.2205030601189525e-16,1
B1_D1_Craig_Bampton,B1,1,Craig_Bampton,full-grid,1060,15,54,87,1.007317642161901,1.0028171612026653,-0.095113476479619416,0,0,1,UNSTABLE,3.0521190667545343e-16,1.2205030601189525e-16,1
B1_D1_Craig_Bampton,B1,1,Craig_Bampton,full-grid,1061,15,55,88,1.0073265406477145,1.0027743775229414,-0.09565723849646196,0,0,1,UNSTABLE,3.0821975621155279e-16,1.22050306014367e-16,1
B1_D1_Craig_Bampton,B1,1,Craig_Bampton,full-grid,1062,15,56,89,1.0074212925430048,1.002818006488817,-0.096196187714551656,0,0,1,UNSTABLE,3.2268351615972252e-16,1.2205030601189525e-16,1
B1_D1_Craig_Bampton,B1,1,Craig_Bampton,full-grid,1063,15,57,90,1.0075953225164984,1.0029433265314933,-0.096711001044705508,0,0,1,UNSTABLE,3.1235041835745715e-16,1.2205030601189525e-16,1
B1_D1_Craig_Bampton,B1,1,Craig_Bampton,full-grid,1064,15,58,91,1.0078367377862341,1.0031399830286387,-0.097185721589646917,0,0,1,UNSTABLE,6.6250285149549627e-16,1.2205030601189525e-16,1
B1_D1_Craig_Bampton,B1,1,Craig_Bampton,full-grid,1065,15,59,92,1.0081308201215871,1.0033943198403306,-0.097609371431149283,0,0,1,UNSTABLE,3.5546732800049904e-16,1.2205030601436703e-16,1
B1_D1_Craig_Bampton,B1,1,Craig_Bampton,full-grid,1066,15,60,93,1.0084624720604911,1.0036918070236629,-0.097976089266366612,0,0,1,UNSTABLE,4.5788476925812354e-16,1.2205030601189523e-16,1
B1_D1_Craig_Bampton,B1,1,Craig_Bampton,full-grid,1067,15,61,94,1.0088179194002731,1.0040188229187215,-0.098284269992716694,0,0,1,UNSTABLE,4.5002467936167733e-16,1.2205030601189523e-16,1
B1_D1_Craig_Bampton,B1,1,Craig_Bampton,full-grid,1068,15,62,95,1.0091855478623895,1.0043636074878699,-0.098535343751687432,0,0,1,UNSTABLE,5.7995410096977761e-16,1.2205030601189523e-16,1
B1_D1_Craig_Bampton,B1,1,Craig_Bampton,full-grid,1069,15,63,96,1.0095560901357721,1.0047165602549768,-0.098732632293657294,0,0,1,UNSTABLE,2.4801034635936191e-16,1.2205030601436703e-16,1
B1_D1_Craig_Bampton,B1,1,Craig_Bampton,full-grid,1070,15,64,97,1.0099224459168585,1.0050701469968217,-0.09888046512065693,0,0,1,UNSTABLE,2.4894915090183085e-16,1.2205030601189525e-16,1
B1_D1_Craig_Bampton,B1,1,Craig_Bampton,full-grid,1071,15,65,98,1.0102793500233946,1.0054186279268214,-0.098983572886821108,0,0,1,UNSTABLE,3.4829521132388346e-16,1.2205030601189525e-16,1
B1_D1_Craig_Bampton,B1,1,Craig_Bampton,full-grid,1072,15,66,99,1.0106230142937138,1.0057577377191924,-0.099046706346469796,0,0,1,UNSTABLE,3.8025776291713096e-16,1.2205030601189525e-16,1
B1_D1_Craig_Bampton,B1,1,Craig_Bampton,full-grid,1073,16,0,34,1.0084564324705165,1.0034969791260733,-0.099890885850545771,0,0,1,UNSTABLE,2.1357910975764613e-16,1.3204866086300172e-16,1
B1_D1_Craig_Bampton,B1,1,Craig_Bampton,full-grid,1074,16,1,35,1.0090331181722956,1.004045339969263,-0.10020373672928971,0,0,1,UNSTABLE,2.2299910714932139e-16,1.2205030600093822e-16,1
B1_D1_Craig_Bampton,B1,1,Craig_Bampton,full-grid,1075,16,2,36,1.0096323023309401,1.0046221151268906,-0.10045791013179479,0,0,1,UNSTABLE,2.5402265989605461e-16,1.2205030601436703e-16,1
B1_D1_Craig_Bampton,B1,1,Craig_Bampton,full-grid,1076,16,3,37,1.0102464717607496,1.0052201605587119,-0.10064970199340093,0,0,1,UNSTABLE,6.5459024527218848e-16,1.2205030601189525e-16,1
B1_D1_Craig_Bampton,B1,1,Craig_Bampton,full-grid,1077,16,4,38,1.0108675175725921,1.0058316101723923,-0.10077653527179566,0,0,1,UNSTABLE,1.6930809587658035e-16,1.2205030601189525e-16,1
B1_D1_Craig_Bampton,B1,1,Craig_Bampton,full-grid,1078,16,5,39,1.0114869968708555,1.0064481186071652,-0.10083714291331217,0,0,1,UNSTABLE,3.0278391989529981e-16,1.2205030601189525e-16,1
B1_D1_Craig_Bampton,B1,1,Craig_Bampton,full-grid,1079,16,6,40,1.0120964415589764,1.0070611594823458,-0.10083168191801513,0,0,1,UNSTABLE,1.6706735793483894e-16,1.2205030601436703e-16,1
B1_D1_Craig_Bampton,B1,1,Craig_Bampton,full-grid,1080,16,7,41,1.0126876874412145,1.007662354264137,-0.100761759084942,0,0,1,UNSTABLE,1.6325270275315315e-16,1.2205030601189525e-16,1
B1_D1_Craig_Bampton,B1,1,Craig_Bampton,full-grid,1081,16,8,42,1.0132531907023026,1.0082437994305806,-0.10063036012150478,0,0,1,UNSTABLE,1.8631465701049269e-16,1.2205030601189525e-16,1
B1_D1_Craig_Bampton,B1,1,Craig_Bampton,full-grid,1082,16,9,43,1.0137862989041455,1.008798358047162,-0.10044168779503677,0,0,1,UNSTABLE,2.1145564263814437e-16,1.2205030601189525e-16,1
B1_D1_Craig_Bampton,B1,1,Craig_Bampton,full-grid,1083,16,10,44,1.0142814503307642,1.0093198870930598,-0.10020092815703578,0,0,1,UNSTABLE,2.4782252824276795e-16,1.22050306014367e-16,1
B1_D1_Craig_Bampton,B1,1,Craig_Bampton,full-grid,1084,16,11,45,1.014734287137588,1.0098033825784978,-0.099913973125149672,0,0,1,UNSTABLE,2.0600761773198156e-16,1.2205030601189523e-16,1
B1_D1_Craig_Bampton,B1,1,Craig_Bampton,full-grid,1085,16,12,46,1.0151416811039999,1.0102450376467709,-0.099587130818845612,0,0,1,UNSTABLE,2.7223170415843345e-16,1.2205030601189525e-16,1
B1_D1_Craig_Bampton,B1,1,Craig_Bampton,full-grid,1086,16,13,47,1.0155016824728171,1.0106422210326915,-0.099226852067526738,0,0,1,UNSTABLE,2.0873473613610279e-16,1.2205030601189523e-16,1
B1_D1_Craig_Bampton,B1,1,Craig_Bampton,full-grid,1087,16,14,48,1.0158134100556175,1.0109933918837513,-0.098839494212634951,0,0,1,UNSTABLE,1.8744391393572271e-16,1.2205030601436703e-16,1
B1_D1_Craig_Bampton,B1,1,Craig_Bampton,full-grid,1088,16,15,49,1.0160769037743109,1.0112979710207055,-0.09843113426652339,0,0,1,UNSTABLE,2.4536127665393502e-16,1.2205030601189525e-16,1
B1_D1_Craig_Bampton,B1,1,Craig_Bampton,full-grid,1089,16,16,50,1.0162929597736519,1.0115561886409674,-0.098007434961074696,0,0,1,UNSTABLE,1.4779414291711706e-16,1.2205030601189525e-16,1
B1_D1_Craig_Bampton,B1,1,Craig_Bampton,full-grid,1090,16,17,51,1.0164629646056051,1.0117689255325506,-0.097573560668471004,0,0,1,UNSTABLE,2.4830603395054738e-16,1.2205030601189523e-16,1
B1_D1_Craig_Bampton,B1,1,Craig_Bampton,full-grid,1091,16,18,52,1.0165887402683158,1.011937560546043,-0.097134136102837193,0,0,1,UNSTABLE,3.7797091287680335e-16,1.2205030601436703e-16,1
B1_D1_Craig_Bampton,B1,1,Craig_Bampton,full-grid,1092,16,19,53,1.0166724072519304,1.0120638325805347,-0.096693238904458217,0,0,1,UNSTABLE,2.2126018368369692e-16,1.2205030601189525e-16,1
B1_D1_Craig_Bampton,B1,1,Craig_Bampton,full-grid,1093,16,20,54,1.016716268885322,1.0121497214373991,-0.096254417094933625,0,0,1,UNSTABLE,1.6064803373975333e-16,1.2205030601189525e-16,1
B1_D1_Craig_Bampton,B1,1,Craig_Bampton,full-grid,1094,16,21,55,1.0167227174518099,1.0121973489215639,-0.095820723326169283,0,0,1,UNSTABLE,2.1315315566686063e-16,1.2205030601189525e-16,1
B1_D1_Craig_Bampton,B1,1,Craig_Bampton,full-grid,1095,16,22,56,1.0166941607169129,1.0122088995544334,-0.095394759283048511,0,0,1,UNSTABLE,2.0285050562389652e-16,1.2205030601436703e-16,1
B1_D1_Craig_Bampton,B1,1,Craig_Bampton,full-grid,1096,16,23,57,1.0166329665080449,1.0121865590692405,-0.094978725146836279,0,0,1,UNSTABLE,2.5138990791255236e-16,1.2205030601189525e-16,1
B1_D1_Craig_Bampton,B1,1,Craig_Bampton,full-grid,1097,16,24,58,1.0165414225845015,1.0121324682902562,-0.094574470460032575,0,0,1,UNSTABLE,4.379543817580098e-16,1.2205030601189525e-16,1
B1_D1_Craig_Bampton,B1,1,Craig_Bampton,full-grid,1098,16,25,59,1.0164217090282166,1.0120486898540564,-0.094183543936976422,0,0,1,UNSTABLE,2.3086636457010311e-16,1.2205030601189525e-16,1
B1_D1_Craig_Bampton,B1,1,Craig_Bampton,full-grid,1099,16,26,60,1.0162758806100525,1.0119371853523818,-0.093807240716468204,0,0,1,UNSTABLE,1.8659646368176046e-16,1.22050306014367e-16,1
B1_D1_Craig_Bampton,B1,1,Craig_Bampton,full-grid,1100,16,27,61,1.0161058569231594,1.011799800739257,-0.093446646261640301,0,0,1,UNSTABLE,5.0671367228631004e-16,1.2205030601189523e-16,1
B1_D1_Craig_Bampton,B1,1,Craig_Bampton,full-grid,1101,16,28,62,1.0159134184497263,1.011638258169514,-0.093102676620816602,0,0,1,UNSTABLE,2.9513124280010103e-16,1.2205030601189525e-16,1
B1_D1_Craig_Bampton,B1,1,Craig_Bampton,full-grid,1102,16,29,63,1.0157002070954215,1.0114541527713035,-0.092776115112496629,0,0,1,UNSTABLE,2.3325353929860459e-16,1.2205030601189523e-16,1
B1_D1_Craig_Bampton,B1,1,Craig_Bampton,full-grid,1103,16,30,64,1.0154677300633097,1.0112489531730617,-0.092467645727128456,0,0,1,UNSTABLE,1.5535886729882095e-16,1.2205030601436703e-16,1
B1_D1_Craig_Bampton,B1,1,Craig_Bampton,full-grid,1104,16,31,65,1.0152173662396571,1.0110240048951327,-0.092177883683629114,0,0,1,UNSTABLE,3.9502149900659504e-16,1.2205030601189525e-16,1
B1_D1_Craig_Bampton,B1,1,Craig_Bampton,full-grid,1105,16,32,66,1.014950374528703,1.01078053597544,-0.091907403668891843,0,0,1,UNSTABLE,2.3571593765801027e-16,1.2205030601189525e-16,1
B1_D1_Craig_Bampton,B1,1,Craig_Bampton,full-grid,1106,16,33,67,1.0146679038090016,1.0105196644322549,-0.091656766339842474,0,0,1,UNSTABLE,1.9060703628389728e-16,1.2205030601189523e-16,1
B1_D1_Craig_Bampton,B1,1,Craig_Bampton,full-grid,1107,16,34,68,1.0143710044021521,1.0102424073848451,-0.091426543700959664,0,0,1,UNSTABLE,2.01736266572357e-16,1.2205030601436703e-16,1
B1_D1_Craig_Bampton,B1,1,Craig_Bampton,full-grid,1108,16,35,69,1.0140606411579722,1.0099496918664066,-0.091217343990428884,0,0,1,UNSTABLE,3.9850522405921697e-16,1.2205030601189525e-16,1
B1_D1_Craig_Bampton,B1,1,Craig_Bampton,full-grid,1109,16,36,70,1.0137377084858774,1.0096423675897497,-0.091029836723803326,0,0,1,UNSTABLE,8.253583770124286e-16,1.2205030601189525e-16,1
B1_D1_Craig_Bampton,B1,1,Craig_Bampton,full-grid,1110,16,37,71,1.0134030479196412,1.0093212221841026,-0.090864778553674211,0,0,1,UNSTABLE,1.1095997520018599e-16,1.2205030601189525e-16,1
B1_D1_Craig_Bampton,B1,1,Craig_Bampton,full-grid,1111,16,38,72,1.0130574691168779,1.0089869997366085,-0.090723040601665264,0,0,1,UNSTABLE,2.9409752762471451e-16,1.2205030601436703e-16,1
B1_D1_Craig_Bampton,B1,1,Craig_Bampton,full-grid,1112,16,39,73,1.0127017755965995,1.0086404238772595,-0.090605637888641649,0,0,1,UNSTABLE,2.5722679892201243e-16,1.2205030601189525e-16,1
B1_D1_Craig_Bampton,B1,1,Craig_Bampton,full-grid,1113,16,40,74,1.0123367970485526,1.0082822271843743,-0.090513761399249437,0,0,1,UNSTABLE,4.0585614970693103e-16,1.2205030601189525e-16,1
B1_D1_Craig_Bampton,B1,1,Craig_Bampton,full-grid,1114,16,41,75,1.0119634307547698,1.007913189412954,-0.090448813106476109,0,0,1,UNSTABLE,3.0759257614751239e-16,1.2205030601189525e-16,1
B1_D1_Craig_Bampton,B1,1,Craig_Bampton,full-grid,1115,16,42,76,1.0115826956047231,1.0075341880276638,-0.090412443846817403,0,0,1,UNSTABLE,5.0293423216539518e-16,1.22050306014367e-16,1
B1_D1_Craig_Bampton,B1,1,Craig_Bampton,full-grid,1116,16,43,77,1.0111958034112809,1.0071462658235117,-0.090406593091113263,0,0,1,UNSTABLE,2.6939140259927619e-16,1.2205030601189523e-16,1
B1_D1_Craig_Bampton,B1,1,Craig_Bampton,full-grid,1117,16,44,78,1.0108042537634632,1.0067507220877367,-0.090433528086283674,0,0,1,UNSTABLE,8.0433850585560785e-16,1.2205030601189525e-16,1
B1_D1_Craig_Bampton,B1,1,Craig_Bampton,full-grid,1118,16,45,79,1.0104099603843257,1.0063492357454362,-0.090495877024488289,0,0,1,UNSTABLE,4.3242869017762243e-16,1.2205030601189523e-16,1
B1_D1_Craig_Bampton,B1,1,Craig_Bampton,full-grid,1119,16,46,80,1.0100154185127832,1.0059440309312966,-0.090596646004404729,0,0,1,UNSTABLE,1.7291905951782608e-16,1.2205030601436703e-16,1
B1_D1_Craig_Bampton,B1,1,Craig_Bampton,full-grid,1120,16,47,81,1.009623923157873,1.0055380965165304,-0.090739201377395634,0,0,1,UNSTABLE,3.0166794018322015e-16,1.2205030601189525e-16,1
B1_D1_Craig_Bampton,B1,1,Craig_Bampton,full-grid,1121,16,48,82,1.0092398448193447,1.0051354690736682,-0.090927186149314457,0,0,1,UNSTABLE,2.9320629363695605e-16,1.2205030601189525e-16,1
B1_D1_Craig_Bampton,B1,1,Craig_Bampton,full-grid,1122,16,49,83,1.0088689576580934,1.004741578915783,-0.091164320454591552,0,0,1,UNSTABLE,2.5433168737994013e-16,1.2205030601189523e-16,1
B1_D1_Craig_Bampton,B1,1,Craig_Bampton,full-grid,1123,16,50,84,1.0085187868130006,1.0043636327272867,-0.091454013633160858,0,0,1,UNSTABLE,4.4264017878604108e-16,1.2205030601436703e-16,1
B1_D1_Craig_Bampton,B1,1,Craig_Bampton,full-grid,1124,16,51,85,1.0081988853563115,1.0040109517304074,-0.091798699550215232,0,0,1,UNSTABLE,2.557713317952307e-16,1.2205030601189525e-16,1
B1_D1_Craig_Bampton,B1,1,Craig_Bampton,full-grid,1125,16,52,86,1.007920860901496,1.0036950923139154,-0.092198825943574342,0,0,1,UNSTABLE,4.3431124628868754e-16,1.2205030601189525e-16,1
B1_D1_Craig_Bampton,B1,1,Craig_Bampton,full-grid,1126,16,53,87,1.0076978698676873,1.0034294643734532,-0.092651535136119817,0,0,1,UNSTABLE,3.3415970423056642e-16,1.2205030601189525e-16,1
B1_D1_Craig_Bampton,B1,1,Craig_Bampton,full-grid,1127,16,54,88,1.0075432762577408,1.0032281186618248,-0.093149318078222673,0,0,1,UNSTABLE,4.2680132788539416e-16,1.2205030601436703e-16,1
B1_D1_Craig_Bampton,B1,1,Craig_Bampton,full-grid,1128,16,55,89,1.0074683989108033,1.0031035697582023,-0.093679256734075289,0,0,1,UNSTABLE,4.0098039922787551e-16,1.2205030601189525e-16,1
B1_D1_Craig_Bampton,B1,1,Craig_Bampton,full-grid,1129,16,56,90,1.0074798357652479,1.003064070722157,-0.094223614343041023,0,0,1,UNSTABLE,2.532352944480079e-16,1.2205030601189525e-16,1
B1_D1_Craig_Bampton,B1,1,Craig_Bampton,full-grid,1130,16,57,91,1.0075774590857183,1.003111399972894,-0.094762098446861065,0,0,1,UNSTABLE,2.6864855803082273e-16,1.2205030601189525e-16,1
B1_D1_Craig_Bampton,B1,1,Craig_Bampton,full-grid,1131,16,58,92,1.0077541556611891,1.0032402921280332,-0.095275151551989665,0,0,1,UNSTABLE,3.3732670220009579e-16,1.22050306014367e-16,1
B1_D1_Craig_Bampton,B1,1,Craig_Bampton,full-grid,1132,16,59,93,1.007997479154608,1.0034398072550972,-0.095746912210774998,0,0,1,UNSTABLE,3.7183694185045164e-16,1.2205030601189523e-16,1
B1_D1_Craig_Bampton,B1,1,Craig_Bampton,full-grid,1133,16,60,94,1.0082923243487529,1.0036958528890314,-0.096166762626025595,0,0,1,UNSTABLE,2.6824307233285885e-16,1.2205030601189525e-16,1
B1_D1_Craig_Bampton,B1,1,Craig_Bampton,full-grid,1134,16,61,95,1.0086234452612579,1.0039936976288006,-0.096529319133299943,0,0,1,UNSTABLE,2.8858028797434694e-16,1.2205030601189523e-16,1
B1_D1_Craig_Bampton,B1,1,Craig_Bampton,full-grid,1135,16,62,96,1.0089771283384357,1.0043197354090094,-0.096833437293391458,0,0,1,UNSTABLE,2.5322864744935564e-16,1.2205030601436703e-16,1
B1_D1_Craig_Bampton,B1,1,Craig_Bampton,full-grid,1136,16,63,97,1.0093419546096887,1.0046623698848269,-0.097080914049622519,0,0,1,UNSTABLE,2.3427099740930094e-16,1.2205030601189525e-16,1
B1_D1_Craig_Bampton,B1,1,Craig_Bampton,full-grid,1137,16,64,98,1.0097089133385633,1.0050122394974106,-0.097275321308859242,0,0,1,UNSTABLE,4.3881594435501341e-16,1.2205030601189525e-16,1
B1_D1_Craig_Bampton,B1,1,Craig_Bampton,full-grid,1138,16,65,99,1.0100711695542677,1.0053620694399124,-0.097421131671845046,0,0,1,UNSTABLE,2.8054789052581349e-16,1.2205030601189523e-16,1
B1_D1_Craig_Bampton,B1,1,Craig_Bampton,full-grid,1139,16,66,100,1.010423701928995,1.0057063665326293,-0.097523134361192823,0,0,1,UNSTABLE,3.2687298147387762e-16,1.2205030601436703e-16,1
B1_D1_Craig_Bampton,B1,1,Craig_Bampton,full-grid,1140,17,0,35,1.0083870264489194,1.0035605114885306,-0.098542858144933729,0,0,1,UNSTABLE,2.9017184878692057e-16,1.3204866086300172e-16,1
B1_D1_Craig_Bampton,B1,1,Craig_Bampton,full-grid,1141,17,1,36,1.0089654475270535,1.0041105332556426,-0.098860059217746654,0,0,1,UNSTABLE,3.9514927681104054e-16,1.2205030601436703e-16,1
B1_D1_Craig_Bampton,B1,1,Craig_Bampton,full-grid,1142,17,2,37,1.0095664060427816,1.0046888847486579,-0.099118984420929229,0,0,1,UNSTABLE,2.1060304606666518e-16,1.2205030601189525e-16,1
B1_D1_Craig_Bampton,B1,1,Craig_Bampton,full-grid,1143,17,3,38,1.0101824943492226,1.0052885188498748,-0.099315989438972171,0,0,1,UNSTABLE,1.8737271868205431e-16,1.2205030601189525e-16,1
B1_D1_Craig_Bampton,B1,1,Craig_Bampton,full-grid,1144,17,4,39,1.0108057243310982,1.0059016852043192,-0.099448539675686426,0,0,1,UNSTABLE,3.3478369577053568e-16,1.2205030601189525e-16,1
B1_D1_Craig_Bampton,B1,1,Craig_Bampton,full-grid,1145,17,5,40,1.0114277845720017,1.0065201693481143,-0.099515386245899617,0,0,1,UNSTABLE,1.426700880878657e-16,1.22050306014367e-16,1
B1_D1_Craig_Bampton,B1,1,Craig_Bampton,full-grid,1146,17,6,41,1.0120403418979498,1.0071355843035237,-0.099516674273807282,0,0,1,UNSTABLE,1.7544304829754187e-16,1.2205030601189525e-16,1
B1_D1_Craig_Bampton,B1,1,Craig_Bampton,full-grid,1147,17,7,42,1.012635361287699,1.0077396904349669,-0.099453965493114901,0,0,1,UNSTABLE,1.5632862174027148e-16,1.2205030601189525e-16,1
B1_D1_Craig_Bampton,B1,1,Craig_Bampton,full-grid,1148,17,8,43,1.0132054126636505,1.0083247125877759,-0.099330167802623215,0,0,1,UNSTABLE,3.737518387629117e-16,1.2205030601189523e-16,1
B1_D1_Craig_Bampton,B1,1,Craig_Bampton,full-grid,1149,17,9,44,1.0137439333818792,1.0088836223189666,-0.0991493776335724,0,0,1,UNSTABLE,1.7661754323074266e-16,1.2205030601436703e-16,1
B1_D1_Craig_Bampton,B1,1,Craig_Bampton,full-grid,1150,17,10,45,1.0142454216939885,1.0094103581257459,-0.098916653479937805,0,0,1,UNSTABLE,3.8790582033457656e-16,1.2205030601189523e-16,1
B1_D1_Craig_Bampton,B1,1,Craig_Bampton,full-grid,1151,17,11,46,1.0147055474412534,1.0098999667120663,-0.09863774755650706,0,0,1,UNSTABLE,1.5519292738327174e-16,1.2205030601189525e-16,1
B1_D1_Craig_Bampton,B1,1,Craig_Bampton,full-grid,1152,17,12,47,1.0151211788042969,1.0103486607205368,-0.09831882544682255,0,0,1,UNSTABLE,1.6099610158742008e-16,1.2205030601189523e-16,1
B1_D1_Craig_Bampton,B1,1,Craig_Bampton,full-grid,1153,17,13,48,1.0154903349483655,1.0107537998302571,-0.097966200815587462,0,0,1,UNSTABLE,2.1036512236937585e-16,1.2205030601436703e-16,1
B1_D1_Craig_Bampton,B1,1,Craig_Bampton,full-grid,1154,17,14,49,1.0158120817258893,1.0111138103131199,-0.097586105437040008,0,0,1,UNSTABLE,2.1952232659519371e-16,1.2205030601189525e-16,1
B1_D1_Craig_Bampton,B1,1,Craig_Bampton,full-grid,1155,17,15,50,1.0160863905300308,1.0114280620794094,-0.097184506268421997,0,0,1,UNSTABLE,1.6710576137092389e-16,1.2205030601189525e-16,1
B1_D1_Craig_Bampton,B1,1,Craig_Bampton,full-grid,1156,17,16,51,1.016313979536793,1.011696722291723,-0.096766973219673799,0,0,1,UNSTABLE,2.0076538932759794e-16,1.2205030601189525e-16,1
B1_D1_Craig_Bampton,B1,1,Craig_Bampton,full-grid,1157,17,17,52,1.016496153231834,1.0119206019487206,-0.096338595001459068,0,0,1,UNSTABLE,1.954021763189303e-16,1.2205030601436703e-16,1
B1_D1_Craig_Bampton,B1,1,Craig_Bampton,full-grid,1158,17,18,53,1.0166346516994691,1.0121010078075923,-0.095903936472686496,0,0,1,UNSTABLE,1.2988764737633681e-16,1.2205030601189525e-16,1
B1_D1_Craig_Bampton,B1,1,Craig_Bampton,full-grid,1159,17,19,54,1.0167315167591677,1.0122396077653493,-0.095467029085700594,0,0,1,UNSTABLE,1.7962498493888089e-16,1.2205030601189525e-16,1
B1_D1_Craig_Bampton,B1,1,Craig_Bampton,full-grid,1160,17,20,55,1.016788978335311,1.0123383140885727,-0.09503138582842928,0,0,1,UNSTABLE,2.7134736439640702e-16,1.2205030601189525e-16,1
B1_D1_Craig_Bampton,B1,1,Craig_Bampton,full-grid,1161,17,21,56,1.0168093617008973,1.0123991860035948,-0.094600032885009913,0,0,1,UNSTABLE,1.8242493932656962e-16,1.22050306014367e-16,1
B1_D1_Craig_Bampton,B1,1,Craig_Bampton,full-grid,1162,17,22,57,1.0167950144349722,1.012424351182541,-0.094175551564225107,0,0,1,UNSTABLE,5.5463587703968105e-16,1.2205030601189525e-16,1
B1_D1_Craig_Bampton,B1,1,Craig_Bampton,full-grid,1163,17,23,58,1.0167482509199892,1.01241594446837,-0.093760125506932288,0,0,1,UNSTABLE,2.4434391473800527e-16,1.2205030601189525e-16,1
B1_D1_Craig_Bampton,B1,1,Craig_Bampton,full-grid,1164,17,24,59,1.0166713117733743,1.0123760615911099,-0.09335558955020952,0,0,1,UNSTABLE,3.1131298683343371e-16,1.2205030601189523e-16,1
B1_D1_Craig_Bampton,B1,1,Craig_Bampton,full-grid,1165,17,25,60,1.0165663355647065,1.0123067254547122,-0.092963477788933005,0,0,1,UNSTABLE,2.2434086752361036e-16,1.2205030601436703e-16,1
B1_D1_Craig_Bampton,B1,1,Craig_Bampton,full-grid,1166,17,26,61,1.0164353403585145,1.0122098626630818,-0.092585069300153047,0,0,1,UNSTABLE,1.9322106322028645e-16,1.2205030601189523e-16,1
B1_D1_Craig_Bampton,B1,1,Craig_Bampton,full-grid,1167,17,27,62,1.0162802129288082,1.012087288188015,-0.092221430691861228,0,0,1,UNSTABLE,2.4147037420880016e-16,1.2205030601189525e-16,1
B1_D1_Craig_Bampton,B1,1,Craig_Bampton,full-grid,1168,17,28,63,1.0161027038401658,1.0119406963809006,-0.091873455140390831,0,0,1,UNSTABLE,4.3564615552523778e-16,1.2205030601189523e-16,1
B1_D1_Craig_Bampton,B1,1,Craig_Bampton,full-grid,1169,17,29,64,1.0159044269360802,1.0117716568435706,-0.091541897928441474,0,0,1,UNSTABLE,3.3944997866534386e-16,1.2205030601436703e-16,1
B1_D1_Craig_Bampton,B1,1,Craig_Bampton,full-grid,1170,17,30,65,1.0156868620945962,1.0115816139731444,-0.091227408727067041,0,0,1,UNSTABLE,3.6468948387262198e-16,1.2205030601189525e-16,1
B1_D1_Craig_Bampton,B1,1,Craig_Bampton,full-grid,1171,17,31,66,1.0154513603945883,1.0113718892678287,-0.090930561012471281,0,0,1,UNSTABLE,4.3396576378666557e-16,1.2205030601189525e-16,1
B1_D1_Craig_Bampton,B1,1,Craig_Bampton,full-grid,1172,17,32,67,1.0151991510843608,1.0111436857232399,-0.090651879100373284,0,0,1,UNSTABLE,1.6589105172051478e-16,1.2205030601189525e-16,1
B1_D1_Craig_Bampton,B1,1,Craig_Bampton,full-grid,1173,17,33,68,1.0149313499602108,1.0108980938624903,-0.090391863335365419,0,0,1,UNSTABLE,2.700923528113482e-16,1.2205030601436703e-16,1
B1_D1_Craig_Bampton,B1,1,Craig_Bampton,full-grid,1174,17,34,69,1.014648968958751,1.010636099138692,-0.090151014008631805,0,0,1,UNSTABLE,1.1728316783767563e-16,1.2205030601189525e-16,1
B1_D1_Craig_Bampton,B1,1,Craig_Bampton,full-grid,1175,17,35,70,1.0143529269505613,1.0103585906322736,-0.089929854601996484,0,0,1,UNSTABLE,1.4906946541849593e-16,1.2205030601189525e-16,1
B1_D1_Craig_Bampton,B1,1,Craig_Bampton,full-grid,1176,17,36,71,1.0140440619099564,1.0100663711524349,-0.089728954979956352,0,0,1,UNSTABLE,4.2101514544565363e-16,1.2205030601189525e-16,1
B1_D1_Craig_Bampton,B1,1,Craig_Bampton,full-grid,1177,17,37,72,1.0137231448415938,1.0097601690572136,-0.089548955175803566,0,0,1,UNSTABLE,4.4871406081318248e-16,1.22050306014367e-16,1
B1_D1_Craig_Bampton,B1,1,Craig_Bampton,full-grid,1178,17,38,73,1.0133908960887781,1.0094406523495043,-0.089390590443422902,0,0,1,UNSTABLE,1.4790552634673635e-16,1.2205030601189525e-16,1
B1_D1_Craig_Bampton,B1,1,Craig_Bampton,full-grid,1179,17,39,74,1.0130480049574584,1.0091084459141957,-0.089254718267010008,0,0,1,UNSTABLE,3.4046597287077653e-16,1.2205030601189525e-16,1
B1_D1_Craig_Bampton,B1,1,Craig_Bampton,full-grid,1180,17,40,75,1.0126951539965321,1.0087641531682396,-0.089142348021712087,0,0,1,UNSTABLE,1.1439319182562195e-16,1.2205030601189523e-16,1
B1_D1_Craig_Bampton,B1,1,Craig_Bampton,full-grid,1181,17,41,76,1.0123330498239616,1.0084083839484423,-0.089054673927729922,0,0,1,UNSTABLE,1.9593341819829998e-16,1.2205030601436703e-16,1
B1_D1_Craig_Bampton,B1,1,Craig_Bampton,full-grid,1182,17,42,77,1.0119624631367652,1.0080417912234654,-0.088993111782970785,0,0,1,UNSTABLE,3.1805058653528756e-16,1.2205030601189523e-16,1
B1_D1_Craig_Bampton,B1,1,Craig_Bampton,full-grid,1183,17,43,78,1.0115842815598084,1.0076651202653348,-0.088959339585690439,0,0,1,UNSTABLE,1.9418290173952061e-16,1.2205030601189525e-16,1
B1_D1_Craig_Bampton,B1,1,Craig_Bampton,full-grid,1184,17,44,79,1.0111995803489828,1.0072792753437694,-0.088955341384820363,0,0,1,UNSTABLE,3.5295496646612579e-16,1.2205030601189523e-16,1
B1_D1_Craig_Bampton,B1,1,Craig_Bampton,full-grid,1185,17,45,80,1.01080971771801,1.0068854108936565,-0.088983452184526302,0,0,1,UNSTABLE,4.7245845084050454e-16,1.2205030601436703e-16,1
B1_D1_Craig_Bampton,B1,1,Craig_Bampton,full-grid,1186,17,46,81,1.0104164636548398,1.0064850564534238,-0.089046398920453573,0,0,1,UNSTABLE,3.8372727258599957e-16,1.2205030601189525e-16,1
B1_D1_Craig_Bampton,B1,1,Craig_Bampton,full-grid,1187,17,47,82,1.010022173201395,1.0060802872337336,-0.089147327487461944,0,0,1,UNSTABLE,3.2067469751941568e-16,1.2205030601189525e-16,1
B1_D1_Craig_Bampton,B1,1,Craig_Bampton,full-grid,1188,17,48,83,1.0096300162839851,1.0056739540787858,-0.089289797116693562,0,0,1,UNSTABLE,4.0821714802050603e-16,1.2205030601189525e-16,1
B1_D1_Craig_Bampton,B1,1,Craig_Bampton,full-grid,1189,17,49,84,1.0092442738383283,1.0052699855413438,-0.089477709208277093,0,0,1,UNSTABLE,2.4767624788656216e-16,1.2205030601436703e-16,1
B1_D1_Craig_Bampton,B1,1,Craig_Bampton,full-grid,1190,17,50,85,1.0088706989216873,1.0048737657203883,-0.089715116394394612,0,0,1,UNSTABLE,4.3013827344592759e-16,1.2205030601189525e-16,1
B1_D1_Craig_Bampton,B1,1,Craig_Bampton,full-grid,1191,17,51,86,1.0085169120382036,1.0044925646188838,-0.090005830324769387,0,0,1,UNSTABLE,2.337283898192412e-16,1.2205030601189525e-16,1
B1_D1_Craig_Bampton,B1,1,Craig_Bampton,full-grid,1192,17,52,87,1.0081927378232287,1.0041359379396455,-0.090352724018515213,0,0,1,UNSTABLE,1.732994279304e-16,1.2205030601189525e-16,1
B1_D1_Craig_Bampton,B1,1,Craig_Bampton,full-grid,1193,17,53,88,1.0079102849263684,1.0038159069158179,-0.090756638782666002,0,0,1,UNSTABLE,2.9752673502266104e-16,1.22050306014367e-16,1
B1_D1_Craig_Bampton,B1,1,Craig_Bampton,full-grid,1194,17,54,89,1.0076834442180718,1.0035465918555113,-0.091214920525008916,0,0,1,UNSTABLE,3.1977813060573748e-16,1.2205030601189525e-16,1
B1_D1_Craig_Bampton,B1,1,Craig_Bampton,full-grid,1195,17,55,90,1.0075264400646098,1.0033429066808699,-0.091719894474693725,0,0,1,UNSTABLE,3.0293536529320268e-16,1.2205030601189525e-16,1
B1_D1_Craig_Bampton,B1,1,Craig_Bampton,full-grid,1196,17,56,91,1.0074513253838957,1.0032181398014308,-0.092257991475670514,0,0,1,UNSTABLE,2.8761381945626096e-16,1.2205030601189523e-16,1
B1_D1_Craig_Bampton,B1,1,Craig_Bampton,full-grid,1197,17,57,92,1.0074649875118413,1.0031809041427491,-0.092810423043810805,0,0,1,UNSTABLE,8.0511545729503341e-16,1.2205030601436703e-16,1
B1_D1_Craig_Bampton,B1,1,Craig_Bampton,full-grid,1198,17,58,93,1.0075669605985345,1.0032327148251439,-0.093355771082135691,0,0,1,UNSTABLE,7.1367578058789885e-16,1.2205030601189523e-16,1
B1_D1_Craig_Bampton,B1,1,Craig_Bampton,full-grid,1199,17,59,94,1.0077492799356667,1.0033675015945325,-0.093873680841865648,0,0,1,UNSTABLE,2.4649056429731577e-16,1.2205030601189525e-16,1
B1_D1_Craig_Bampton,B1,1,Craig_Bampton,full-grid,1200,17,60,95,1.0079984782086679,1.0035733049473679,-0.094348045385200488,0,0,1,UNSTABLE,4.8490781691094141e-16,1.2205030601189523e-16,1
B1_D1_Craig_Bampton,B1,1,Craig_Bampton,full-grid,1201,17,61,96,1.0082985986798165,1.0038351435203385,-0.094768500743563466,0,0,1,UNSTABLE,3.6768634005101552e-16,1.2205030601436703e-16,1
B1_D1_Craig_Bampton,B1,1,Craig_Bampton,full-grid,1202,17,62,97,1.0086338794505985,1.0041377135435288,-0.095130200331643211,0,0,1,UNSTABLE,6.9102966566457584e-16,1.2205030601189525e-16,1
B1_D1_Craig_Bampton,B1,1,Craig_Bampton,full-grid,1203,17,63,98,1.0089904198570727,1.0044671651366952,-0.095432602005830175,0,0,1,UNSTABLE,1.6364340456454191e-16,1.2205030601189525e-16,1
B1_D1_Craig_Bampton,B1,1,Craig_Bampton,full-grid,1204,17,64,99,1.0093568496174885,1.0048119047277222,-0.095678032939586669,0,0,1,UNSTABLE,2.742121341595419e-16,1.2205030601189525e-16,1
B1_D1_Craig_Bampton,B1,1,Craig_Bampton,full-grid,1205,17,65,100,1.0097243392280439,1.0051627204179687,-0.095870468401163117,0,0,1,UNSTABLE,2.93723402555352e-16,1.2205030601436703e-16,1
B1_D1_Craig_Bampton,B1,1,Craig_Bampton,full-grid,1206,17,66,101,1.0100862886927167,1.0055125542035674,-0.096014654839997826,0,0,1,UNSTABLE,1.8726570693665928e-16,1.2205030601189525e-16,1
B1_D1_Craig_Bampton,B1,1,Craig_Bampton,full-grid,1207,18,0,36,1.0082062343229063,1.0035065010207198,-0.097234321804222451,0,0,1,UNSTABLE,1.4324540079005504e-16,1.3204866087315512e-16,1
B1_D1_Craig_Bampton,B1,1,Craig_Bampton,full-grid,1208,18,1,37,1.0087866183915646,1.0040583885566543,-0.097556105984723127,0,0,1,UNSTABLE,2.581933270558405e-16,1.2205030601189525e-16,1
B1_D1_Craig_Bampton,B1,1,Craig_Bampton,full-grid,1209,18,2,38,1.0093896518307615,1.0046385956271189,-0.097820045999763655,0,0,1,UNSTABLE,1.4852923523310688e-16,1.2205030601189525e-16,1
B1_D1_Craig_Bampton,B1,1,Craig_Bampton,full-grid,1210,18,3,39,1.0100080408068586,1.0052401825347248,-0.098022537776074628,0,0,1,UNSTABLE,1.520947244482468e-16,1.2205030601189525e-16,1
B1_D1_Craig_Bampton,B1,1,Craig_Bampton,full-grid,1211,18,4,40,1.0106339207314592,1.0058555197942329,-0.098161066785741394,0,0,1,UNSTABLE,1.924580625738767e-16,1.2205030601436703e-16,1
B1_D1_Craig_Bampton,B1,1,Craig_Bampton,full-grid,1212,18,5,41,1.0112591082627191,1.0064765227613766,-0.098234378780942905,0,0,1,UNSTABLE,1.0453289764161539e-16,1.2205030601189525e-16,1
B1_D1_Craig_Bampton,B1,1,Craig_Bampton,full-grid,1213,18,6,42,1.0118753956310873,1.0070949363941035,-0.098242584315183026,0,0,1,UNSTABLE,1.7614261900913019e-16,1.2205030601189525e-16,1
B1_D1_Craig_Bampton,B1,1,Craig_Bampton,full-grid,1214,18,7,43,1.0124748621312214,1.0077026466676078,-0.098187180154713519,0,0,1,UNSTABLE,1.5205149995901249e-16,1.2205030601189523e-16,1
B1_D1_Craig_Bampton,B1,1,Craig_Bampton,full-grid,1215,18,8,44,1.0130501726116647,1.0082919889287529,-0.098070980879274725,0,0,1,UNSTABLE,1.1484802835926267e-16,1.22050306014367e-16,1
B1_D1_Craig_Bampton,B1,1,Craig_Bampton,full-grid,1216,18,9,45,1.0135948332140525,1.0088560224730441,-0.097897966465560607,0,0,1,UNSTABLE,2.0065021113865581e-16,1.2205030601189523e-16,1
B1_D1_Craig_Bampton,B1,1,Craig_Bampton,full-grid,1217,18,10,46,1.0141033807645796,1.0093887455090576,-0.097673063419763798,0,0,1,UNSTABLE,1.2292374528476639e-16,1.2205030601189523e-16,1
B1_D1_Craig_Bampton,B1,1,Craig_Bampton,full-grid,1218,18,11,47,1.014571492603088,1.0098852342565836,-0.097401885163394528,0,0,1,UNSTABLE,2.0284777954279593e-16,1.2205030601189525e-16,1
B1_D1_Craig_Bampton,B1,1,Craig_Bampton,full-grid,1219,18,12,48,1.0149960155062701,1.0103417016230876,-0.097090460164570846,0,0,1,UNSTABLE,3.1010859095411043e-16,1.2205030601436703e-16,1
B1_D1_Craig_Bampton,B1,1,Craig_Bampton,full-grid,1220,18,13,49,1.0153749228343318,1.0107554817912028,-0.096744973770522213,0,0,1,UNSTABLE,1.514087649282449e-16,1.2205030601189525e-16,1
B1_D1_Craig_Bampton,B1,1,Craig_Bampton,full-grid,1221,18,14,50,1.0157072160771796,1.0111249549032622,-0.096371543326495265,0,0,1,UNSTABLE,2.6720150984016318e-16,1.2205030601189525e-16,1
B1_D1_Craig_Bampton,B1,1,Craig_Bampton,full-grid,1222,18,15,51,1.0159927899154115,1.0114494299096857,-0.095976038131781544,0,0,1,UNSTABLE,1.8902268873003094e-16,1.2205030601189525e-16,1
B1_D1_Craig_Bampton,B1,1,Craig_Bampton,full-grid,1223,18,16,52,1.0162322792555509,1.0117290038476094,-0.095563948089519096,0,0,1,UNSTABLE,2.0386595769439755e-16,1.22050306014367e-16,1
B1_D1_Craig_Bampton,B1,1,Craig_Bampton,full-grid,1224,18,17,53,1.0164269036425468,1.0119644133964534,-0.09514029886198247,0,0,1,UNSTABLE,2.5778288284731563e-16,1.2205030601189525e-16,1
B1_D1_Craig_Bampton,B1,1,Craig_Bampton,full-grid,1225,18,18,54,1.0165783203075962,1.0121568907907963,-0.094709607454163056,0,0,1,UNSTABLE,1.7083726365080062e-16,1.2205030601189525e-16,1
B1_D1_Craig_Bampton,B1,1,Craig_Bampton,full-grid,1226,18,19,55,1.0166884929286473,1.0123080321397986,-0.094275870289128316,0,0,1,UNSTABLE,4.7772340573536497e-16,1.2205030601189525e-16,1
B1_D1_Craig_Bampton,B1,1,Craig_Bampton,full-grid,1227,18,20,56,1.0167595796129718,1.0124196826168173,-0.09384257554441966,0,0,1,UNSTABLE,2.2328973695834333e-16,1.2205030601436703e-16,1
B1_D1_Craig_Bampton,B1,1,Craig_Bampton,full-grid,1228,18,21,57,1.0167938409292276,1.0124938401830954,-0.093412732231209938,0,0,1,UNSTABLE,2.9159989431550694e-16,1.2205030601189525e-16,1
B1_D1_Craig_Bampton,B1,1,Craig_Bampton,full-grid,1229,18,22,58,1.0167935670273431,1.0125325775581757,-0.092988909723604671,0,0,1,UNSTABLE,3.2097122362119784e-16,1.2205030601189525e-16,1
B1_D1_Craig_Bampton,B1,1,Craig_Bampton,full-grid,1230,18,23,59,1.0167610218530212,1.012537980949952,-0.092573282827145456,0,0,1,UNSTABLE,2.9241186583707965e-16,1.2205030601189523e-16,1
B1_D1_Craig_Bampton,B1,1,Craig_Bampton,full-grid,1231,18,24,60,1.01669840199924,1.0125121034413858,-0.092167678784424473,0,0,1,UNSTABLE,2.0292653463080867e-16,1.22050306014367e-16,1
B1_D1_Craig_Bampton,B1,1,Craig_Bampton,full-grid,1232,18,25,61,1.0166078076582685,1.0124569307267954,-0.091773623743578281,0,0,1,UNSTABLE,1.3491948684880536e-16,1.2205030601189523e-16,1
B1_D1_Craig_Bampton,B1,1,Craig_Bampton,full-grid,1233,18,26,62,1.016491223291569,1.0123743569480277,-0.091392387116528764,0,0,1,UNSTABLE,1.6796608805615535e-16,1.2205030601189523e-16,1
B1_D1_Craig_Bampton,B1,1,Craig_Bampton,full-grid,1234,18,27,63,1.0163505059127758,1.0122661685878054,-0.091025022942705577,0,0,1,UNSTABLE,2.8327944557001959e-16,1.2205030601189525e-16,1
B1_D1_Craig_Bampton,B1,1,Craig_Bampton,full-grid,1235,18,28,64,1.0161873792028824,1.0121340346524903,-0.090672407871932259,0,0,1,UNSTABLE,3.9014757632963934e-16,1.2205030601436703e-16,1
B1_D1_Craig_Bampton,B1,1,Craig_Bampton,full-grid,1236,18,29,65,1.0160034320038684,1.0119795016711555,-0.090335275729027609,0,0,1,UNSTABLE,2.2482200084915843e-16,1.2205030601189525e-16,1
B1_D1_Craig_Bampton,B1,1,Craig_Bampton,full-grid,1237,18,30,66,1.0158001200399809,1.0118039923206923,-0.090014248856213383,0,0,1,UNSTABLE,1.7282501126338315e-16,1.2205030601189525e-16,1
B1_D1_Craig_Bampton,B1,1,Craig_Bampton,full-grid,1238,18,31,67,1.0155787699857983,1.0116088067449696,-0.089709866580471462,0,0,1,UNSTABLE,1.668218023078562e-16,1.2205030601189525e-16,1
B1_D1_Craig_Bampton,B1,1,Craig_Bampton,full-grid,1239,18,32,68,1.0153405852341644,1.0113951258639924,-0.089422611246901373,0,0,1,UNSTABLE,2.4402505057673167e-16,1.22050306014367e-16,1
B1_D1_Craig_Bampton,B1,1,Craig_Bampton,full-grid,1240,18,33,69,1.0150866529195797,1.0111640161688671,-0.08915293231701632,0,0,1,UNSTABLE,2.0316090219026009e-16,1.2205030601189525e-16,1
B1_D1_Craig_Bampton,B1,1,Craig_Bampton,full-grid,1241,18,34,70,1.014817951930423,1.0109164356752429,-0.088901269068113617,0,0,1,UNSTABLE,1.9064048179633019e-16,1.2205030601189525e-16,1
B1_D1_Craig_Bampton,B1,1,Craig_Bampton,full-grid,1242,18,35,71,1.0145353618055424,1.010653240869767,-0.088668072457562377,0,0,1,UNSTABLE,3.5202602354792968e-16,1.2205030601189525e-16,1
B1_D1_Craig_Bampton,B1,1,Craig_Bampton,full-grid,1243,18,36,72,1.0142396725687033,1.0103751946414299,-0.08845382674346744,0,0,1,UNSTABLE,2.1275591384579902e-16,1.2205030601436703e-16,1
B1_D1_Craig_Bampton,B1,1,Craig_Bampton,full-grid,1244,18,37,73,1.0139315957206536,1.0100829753545852,-0.088259071485368892,0,0,1,UNSTABLE,4.0449535470479145e-16,1.2205030601189525e-16,1
B1_D1_Craig_Bampton,B1,1,Craig_Bampton,full-grid,1245,18,38,74,1.0136117767995372,1.0097771874089041,-0.088084424589584681,0,0,1,UNSTABLE,1.9775326775589177e-16,1.2205030601189525e-16,1
B1_D1_Craig_Bampton,B1,1,Craig_Bampton,full-grid,1246,18,39,75,1.013280810156362,1.009458373863894,-0.087930607112631592,0,0,1,UNSTABLE,2.1182952697930969e-16,1.2205030601189523e-16,1
B1_D1_Craig_Bampton,B1,1,Craig_Bampton,full-grid,1247,18,40,76,1.0129392569012416,1.0091270320101218,-0.087798470590791711,0,0,1,UNSTABLE,2.0094001084085701e-16,1.22050306014367e-16,1
B1_D1_Craig_Bampton,B1,1,Craig_Bampton,full-grid,1248,18,41,77,1.0125876673942309,1.0087836331832978,-0.087689027708118497,0,0,1,UNSTABLE,5.6610977113485518e-16,1.2205030601189523e-16,1
B1_D1_Craig_Bampton,B1,1,Craig_Bampton,full-grid,1249,18,42,78,1.0122266102343471,1.008428648695503,-0.087603487126247659,0,0,1,UNSTABLE,2.3935710145637995e-16,1.2205030601189523e-16,1
B1_D1_Craig_Bampton,B1,1,Craig_Bampton,full-grid,1250,18,43,79,1.0118567105095355,1.0080625845726945,-0.087543293219966484,0,0,1,UNSTABLE,3.9228590503388696e-16,1.2205030601189525e-16,1
B1_D1_Craig_Bampton,B1,1,Craig_Bampton,full-grid,1251,18,44,80,1.0114787012005066,1.0076860289397698,-0.087510171190904748,0,0,1,UNSTABLE,4.037038134728452e-16,1.2205030601436703e-16,1
B1_D1_Craig_Bampton,B1,1,Craig_Bampton,full-grid,1252,18,45,81,1.0110934931905509,1.0072997175087806,-0.087506177376238919,0,0,1,UNSTABLE,5.4336208573456384e-16,1.2205030601189525e-16,1
B1_D1_Craig_Bampton,B1,1,Craig_Bampton,full-grid,1253,18,46,82,1.0107022714273295,1.006904624839271,-0.087533753179276183,0,0,1,UNSTABLE,2.9668647649158465e-16,1.2205030601189525e-16,1
B1_D1_Craig_Bampton,B1,1,Craig_Bampton,full-grid,1254,18,47,83,1.0103066274431312,1.006502091940042,-0.087595778299144916,0,0,1,UNSTABLE,2.8963626628607997e-16,1.2205030601189525e-16,1
B1_D1_Craig_Bampton,B1,1,Craig_Bampton,full-grid,1255,18,48,84,1.0099087414446861,1.0060940042429571,-0.087695613760110785,0,0,1,UNSTABLE,4.2460153495771869e-16,1.22050306014367e-16,1
B1_D1_Craig_Bampton,B1,1,Craig_Bampton,full-grid,1256,18,49,85,1.0095116296191189,1.0056830372478622,-0.087837115891654535,0,0,1,UNSTABLE,2.4990174492303129e-16,1.2205030601189525e-16,1
B1_D1_Craig_Bampton,B1,1,Craig_Bampton,full-grid,1257,18,50,86,1.0091194716439125,1.0052729879214404,-0.088024586374426589,0,0,1,UNSTABLE,4.4797491366046336e-16,1.2205030601189525e-16,1
B1_D1_Craig_Bampton,B1,1,Craig_Bampton,full-grid,1258,18,51,87,1.0087380237440815,1.0048692026060113,-0.088262597973740711,0,0,1,UNSTABLE,3.1706389712767289e-16,1.2205030601189525e-16,1
B1_D1_Craig_Bampton,B1,1,Craig_Bampton,full-grid,1259,18,52,88,1.0083750921675563,1.0044790849778518,-0.088555600308421925,0,0,1,UNSTABLE,4.6895720964565891e-16,1.2205030601436703e-16,1
B1_D1_Craig_Bampton,B1,1,Craig_Bampton,full-grid,1260,18,53,89,1.0080409713770326,1.0041126003562759,-0.088907175078893799,0,0,1,UNSTABLE,3.6511210979981722e-16,1.2205030601189525e-16,1
B1_D1_Craig_Bampton,B1,1,Craig_Bampton,full-grid,1261,18,54,90,1.0077486216377063,1.0037825631330612,-0.089318813039129807,0,0,1,UNSTABLE,3.1466429403790759e-16,1.2205030601189525e-16,1
B1_D1_Craig_Bampton,B1,1,Craig_Bampton,full-grid,1262,18,55,91,1.0075131893832896,1.0035043120277631,-0.089788209264770102,0,0,1,UNSTABLE,3.4411998068581769e-16,1.2205030601189523e-16,1
B1_D1_Craig_Bampton,B1,1,Craig_Bampton,full-grid,1263,18,56,92,1.0073503923331508,1.0032942650372962,-0.090307423155710304,0,0,1,UNSTABLE,4.2647061311668501e-16,1.22050306014367e-16,1
B1_D1_Craig_Bampton,B1,1,Craig_Bampton,full-grid,1264,18,57,93,1.0072735889333393,1.0031670942916755,-0.090861784557902836,0,0,1,UNSTABLE,4.6814913112607536e-16,1.2205030601189523e-16,1
B1_D1_Craig_Bampton,B1,1,Craig_Bampton,full-grid,1265,18,58,94,1.0072902279189857,1.0031321105762281,-0.091430695020677716,0,0,1,UNSTABLE,2.3738805586655365e-16,1.2205030601189523e-16,1
B1_D1_Craig_Bampton,B1,1,Craig_Bampton,full-grid,1266,18,59,95,1.0073993350384081,1.0031904694247598,-0.091990772858785347,0,0,1,UNSTABLE,2.625353951959116e-16,1.2205030601189525e-16,1
B1_D1_Craig_Bampton,B1,1,Craig_Bampton,full-grid,1267,18,60,96,1.0075915611166439,1.0033348197599203,-0.092520232872620733,0,0,1,UNSTABLE,3.8579996746161145e-16,1.2205030601436703e-16,1
B1_D1_Craig_Bampton,B1,1,Craig_Bampton,full-grid,1268,18,61,97,1.0078517603413992,1.0035515516990681,-0.093002440320941224,0,0,1,UNSTABLE,5.851222013596369e-16,1.2205030601189525e-16,1
B1_D1_Craig_Bampton,B1,1,Craig_Bampton,full-grid,1269,18,62,98,1.008162558202194,1.0038242284499339,-0.093427309378398771,0,0,1,UNSTABLE,5.0899749218314746e-16,1.2205030601189525e-16,1
B1_D1_Craig_Bampton,B1,1,Craig_Bampton,full-grid,1270,18,63,99,1.0085072930048644,1.004136574276389,-0.093790725791399465,0,0,1,UNSTABLE,3.3441377515692963e-16,1.2205030601189525e-16,1
B1_D1_Craig_Bampton,B1,1,Craig_Bampton,full-grid,1271,18,64,100,1.0088716640061854,1.004474261814535,-0.094092995418120343,0,0,1,UNSTABLE,3.6888768923875089e-16,1.22050306014367e-16,1
B1_D1_Craig_Bampton,B1,1,Craig_Bampton,full-grid,1272,18,65,101,1.009244256578872,1.0048255875080312,-0.094337204360632657,0,0,1,UNSTABLE,2.743630287465956e-16,1.2205030601189525e-16,1
B1_D1_Craig_Bampton,B1,1,Craig_Bampton,full-grid,1273,18,66,102,1.0096164001087062,1.005181450279633,-0.094527918533081109,0,0,1,UNSTABLE,2.7801611262102713e-16,1.2205030601189525e-16,1
B1_D1_Craig_Bampton,B1,1,Craig_Bampton,full-grid,1274,19,0,37,1.0079255634138862,1.003345990296419,-0.095972731227666613,0,0,1,UNSTABLE,2.260650944873289e-16,1.3204866086300172e-16,1
B1_D1_Craig_Bampton,B1,1,Craig_Bampton,full-grid,1275,19,1,38,1.0085082080724872,1.0039000301548113,-0.096299196282980393,0,0,1,UNSTABLE,1.1701419302720382e-16,1.2205030600093825e-16,1
B1_D1_Craig_Bampton,B1,1,Craig_Bampton,full-grid,1276,19,2,39,1.0091136740771294,1.0044824418971596,-0.096568271858630012,0,0,1,UNSTABLE,2.1739863580664535e-16,1.2205030600093825e-16,1
B1_D1_Craig_Bampton,B1,1,Craig_Bampton,full-grid,1277,19,3,40,1.0097347874949107,1.0050864013648999,-0.09677637557145867,0,0,1,UNSTABLE,2.4692952550375843e-16,1.22050306014367e-16,1
B1_D1_Craig_Bampton,B1,1,Craig_Bampton,full-grid,1278,19,4,41,1.0103638081533717,1.0057044029149682,-0.096920992481664234,0,0,1,UNSTABLE,1.6564959702860496e-16,1.2205030601189525e-16,1
B1_D1_Craig_Bampton,B1,1,Craig_Bampton,full-grid,1279,19,5,42,1.0109926761607122,1.0063284890481992,-0.097000842164215742,0,0,1,UNSTABLE,1.7585834462562541e-16,1.2205030601189525e-16,1
B1_D1_Craig_Bampton,B1,1,Craig_Bampton,full-grid,1280,19,6,43,1.0116132992959894,1.0069505284303713,-0.097015981190280945,0,0,1,UNSTABLE,1.3160060955188369e-16,1.2205030601189523e-16,1
B1_D1_Craig_Bampton,B1,1,Craig_Bampton,full-grid,1281,19,7,44,1.012217856961271,1.0075625195852613,-0.096967824964097948,0,0,1,UNSTABLE,1.3606366716931534e-16,1.2205030601436703e-16,1
B1_D1_Craig_Bampton,B1,1,Craig_Bampton,full-grid,1282,19,8,45,1.012799091714959,1.0081568917066166,-0.096859082605087549,0,0,1,UNSTABLE,1.8187351661898406e-16,1.2205030601189525e-16,1
B1_D1_Craig_Bampton,B1,1,Craig_Bampton,full-grid,1283,19,9,46,1.013350559841248,1.0087267731317096,-0.096693610429331403,0,0,1,UNSTABLE,1.0903296947711282e-16,1.2205030601189523e-16,1
B1_D1_Craig_Bampton,B1,1,Craig_Bampton,full-grid,1284,19,10,47,1.0138668182282409,1.0092662026396093,-0.096476200763090061,0,0,1,UNSTABLE,2.0582018056771462e-16,1.2205030601189523e-16,1
B1_D1_Craig_Bampton,B1,1,Craig_Bampton,full-grid,1285,19,11,48,1.0143435346400917,1.0097702677864659,-0.096212330605821572,0,0,1,UNSTABLE,2.522530447667751e-16,1.2205030601436703e-16,1
B1_D1_Craig_Bampton,B1,1,Craig_Bampton,full-grid,1286,19,12,49,1.0147775197376248,1.0102351655807067,-0.095907897427518984,0,0,1,UNSTABLE,2.6922119273961043e-16,1.2205030601189525e-16,1
B1_D1_Craig_Bampton,B1,1,Craig_Bampton,full-grid,1287,19,13,50,1.0151666892286337,1.0106581912009753,-0.095568967127401164,0,0,1,UNSTABLE,1.9122570340719782e-16,1.2205030601189525e-16,1
B1_D1_Craig_Bampton,B1,1,Craig_Bampton,full-grid,1288,19,14,51,1.0155099713833053,1.0110376680613717,-0.095201553243344811,0,0,1,UNSTABLE,3.50764104027275e-16,1.2205030601189525e-16,1
B1_D1_Craig_Bampton,B1,1,Craig_Bampton,full-grid,1289,19,15,52,1.0158071781431028,1.0113728364058603,-0.094811438905958362,0,0,1,UNSTABLE,2.1817122525176827e-16,1.22050306014367e-16,1
B1_D1_Craig_Bampton,B1,1,Craig_Bampton,full-grid,1290,19,16,53,1.0160588576090352,1.0116637179854691,-0.094404045663283823,0,0,1,UNSTABLE,2.3185436259265538e-16,1.2205030601189525e-16,1
B1_D1_Craig_Bampton,B1,1,Craig_Bampton,full-grid,1291,19,17,54,1.0162661429131816,1.0119109722049147,-0.093984347435834836,0,0,1,UNSTABLE,2.2630871199164498e-16,1.2205030601189525e-16,1
B1_D1_Craig_Bampton,B1,1,Craig_Bampton,full-grid,1292,19,18,55,1.0164306085829784,1.0121157556057012,-0.093556824011208017,0,0,1,UNSTABLE,3.2639797581044035e-16,1.2205030601189525e-16,1
B1_D1_Craig_Bampton,B1,1,Craig_Bampton,full-grid,1293,19,19,56,1.0165541415138337,1.0122795927158312,-0.093125446576102847,0,0,1,UNSTABLE,4.6049011903018169e-16,1.22050306014367e-16,1
B1_D1_Craig_Bampton,B1,1,Craig_Bampton,full-grid,1294,19,20,57,1.0166388302085538,1.0124042628347136,-0.092693687389792903,0,0,1,UNSTABLE,3.7843884443955929e-16,1.2205030601189525e-16,1
B1_D1_Craig_Bampton,B1,1,Craig_Bampton,full-grid,1295,19,21,58,1.0166868733067187,1.0124917045828457,-0.092264546306344675,0,0,1,UNSTABLE,2.7416570967254883e-16,1.2205030601189525e-16,1
B1_D1_Craig_Bampton,B1,1,Craig_Bampton,full-grid,1296,19,22,59,1.0167005066410701,1.0125439381098267,-0.091840587984031066,0,0,1,UNSTABLE,1.8795226078155156e-16,1.2205030601189523e-16,1
B1_D1_Craig_Bampton,B1,1,Craig_Bampton,full-grid,1297,19,23,60,1.0166819470024913,1.0125630036401754,-0.091423984927165206,0,0,1,UNSTABLE,1.5640470247123128e-16,1.2205030601436703e-16,1
B1_D1_Craig_Bampton,B1,1,Craig_Bampton,full-grid,1298,19,24,61,1.0166333502962108,1.0125509143925009,-0.091016562764192885,0,0,1,UNSTABLE,1.4990359785415444e-16,1.2205030601189525e-16,1
B1_D1_Craig_Bampton,B1,1,Craig_Bampton,full-grid,1299,19,25,62,1.0165567816565393,1.0125096216711422,-0.090619845261737456,0,0,1,UNSTABLE,2.4636096040839955e-16,1.2205030601189523e-16,1
B1_D1_Craig_Bampton,B1,1,Craig_Bampton,full-grid,1300,19,26,63,1.0164541952085158,1.0124409899561897,-0.090235097459482064,0,0,1,UNSTABLE,1.4392630798585066e-16,1.2205030601189523e-16,1
B1_D1_Craig_Bampton,B1,1,Craig_Bampton,full-grid,1301,19,27,64,1.0163274214147378,1.0123467799979244,-0.089863365991733404,0,0,1,UNSTABLE,2.2319936676142516e-16,1.2205030601436703e-16,1
B1_D1_Craig_Bampton,B1,1,Craig_Bampton,full-grid,1302,19,28,65,1.0161781602475075,1.012228638174816,-0.08950551615831466,0,0,1,UNSTABLE,6.1187562341534439e-16,1.2205030601189525e-16,1
B1_D1_Craig_Bampton,B1,1,Craig_Bampton,full-grid,1303,19,29,66,1.0160079787365772,1.0120880906516048,-0.089162265659718243,0,0,1,UNSTABLE,6.0407841090327319e-16,1.2205030601189525e-16,1
B1_D1_Craig_Bampton,B1,1,Craig_Bampton,full-grid,1304,19,30,67,1.0158183117315358,1.0119265411423823,-0.088834215146652754,0,0,1,UNSTABLE,3.0224210165505071e-16,1.2205030601189525e-16,1
B1_D1_Craig_Bampton,B1,1,Craig_Bampton,full-grid,1305,19,31,68,1.0156104649765281,1.011745271330033,-0.088521875890411786,0,0,1,UNSTABLE,2.7793941788342574e-16,1.22050306014367e-16,1
B1_D1_Craig_Bampton,B1,1,Craig_Bampton,full-grid,1306,19,32,69,1.0153856198178526,1.0115454432099917,-0.088225694975930774,0,0,1,UNSTABLE,2.2241664218804923e-16,1.2205030601189525e-16,1
B1_D1_Craig_Bampton,B1,1,Craig_Bampton,full-grid,1307,19,33,70,1.0151448390562434,1.011328102814518,-0.087946078480587497,0,0,1,UNSTABLE,2.3687722984228937e-16,1.2205030601189525e-16,1
B1_D1_Craig_Bampton,B1,1,Craig_Bampton,full-grid,1308,19,34,71,1.0148890736201104,1.0110941849370745,-0.087683413140221794,0,0,1,UNSTABLE,2.2854702963644643e-16,1.2205030601189525e-16,1
B1_D1_Craig_Bampton,B1,1,Craig_Bampton,full-grid,1309,19,35,72,1.0146191698809357,1.0108445186209329,-0.087438087032444697,0,0,1,UNSTABLE,7.6583155899932469e-16,1.22050306014367e-16,1
B1_D1_Craig_Bampton,B1,1,Craig_Bampton,full-grid,1310,19,36,73,1.0143358775679823,1.0105798333113296,-0.087210509837140043,0,0,1,UNSTABLE,3.1130427899947491e-16,1.2205030601189525e-16,1
B1_D1_Craig_Bampton,B1,1,Craig_Bampton,full-grid,1311,19,37,74,1.0140398583748249,1.010300765704371,-0.087001133268461636,0,0,1,UNSTABLE,2.2215509090872762e-16,1.2205030601189525e-16,1
B1_D1_Craig_Bampton,B1,1,Craig_Bampton,full-grid,1312,19,38,75,1.0137316955000415,1.0100078674727109,-0.086810472321120435,0,0,1,UNSTABLE,3.8209040321790695e-16,1.2205030601189523e-16,1
B1_D1_Craig_Bampton,B1,1,Craig_Bampton,full-grid,1313,19,39,76,1.0134119045430539,1.0097016142220072,-0.086639128037238028,0,0,1,UNSTABLE,4.9656671619978861e-16,1.2205030601436703e-16,1
B1_D1_Craig_Bampton,B1,1,Craig_Bampton,full-grid,1314,19,40,77,1.0130809464067045,1.0093824162561873,-0.086487812581456935,0,0,1,UNSTABLE,4.0017357765552333e-16,1.2205030601189525e-16,1
B1_D1_Craig_Bampton,B1,1,Craig_Bampton,full-grid,1315,19,41,78,1.0127392431694915,1.0090506320323165,-0.086357377511693409,0,0,1,UNSTABLE,3.8477064711738054e-16,1.2205030601189523e-16,1
B1_D1_Craig_Bampton,B1,1,Craig_Bampton,full-grid,1316,19,42,79,1.0123871983257742,1.0087065856115744,-0.086248846240106536,0,0,1,UNSTABLE,3.6186024207519602e-16,1.2205030601189523e-16,1
B1_D1_Craig_Bampton,B1,1,Craig_Bampton,full-grid,1317,19,43,80,1.0120252234113143,1.0083505900226113,-0.086163451774941432,0,0,1,UNSTABLE,3.0731055567731992e-16,1.2205030601436703e-16,1
B1_D1_Craig_Bampton,B1,1,Craig_Bampton,full-grid,1318,19,44,81,1.0116537739213392,1.0079829793384283,-0.086102680871814316,0,0,1,UNSTABLE,2.3033379071975974e-16,1.2205030601189525e-16,1
B1_D1_Craig_Bampton,B1,1,Craig_Bampton,full-grid,1319,19,45,82,1.0112733987081024,1.0076041535552884,-0.086068325606854734,0,0,1,UNSTABLE,4.2339202466829774e-16,1.2205030601189525e-16,1
B1_D1_Craig_Bampton,B1,1,Craig_Bampton,full-grid,1320,19,46,83,1.0108848088756184,1.0072146422292299,-0.086062542923970697,0,0,1,UNSTABLE,5.1825278436090215e-16,1.2205030601189525e-16,1
B1_D1_Craig_Bampton,B1,1,Craig_Bampton,full-grid,1321,19,47,84,1.010488974760172,1.0068151954937763,-0.086087921537768078,0,0,1,UNSTABLE,2.9777613128031502e-16,1.22050306014367e-16,1
B1_D1_Craig_Bampton,B1,1,Craig_Bampton,full-grid,1322,19,48,85,1.0100872630653412,1.0064069147808374,-0.08614755300151053,0,0,1,UNSTABLE,5.3375932804454875e-16,1.2205030601189525e-16,1
B1_D1_Craig_Bampton,B1,1,Craig_Bampton,full-grid,1323,19,49,86,1.0096816305812788,1.0059914403787689,-0.086245098515336252,0,0,1,UNSTABLE,3.8723714368775925e-16,1.2205030601189525e-16,1
B1_D1_Craig_Bampton,B1,1,Craig_Bampton,full-grid,1324,19,50,87,1.0092748954706263,1.0055712183941847,-0.086384832953928958,0,0,1,UNSTABLE,2.4386168786297968e-16,1.2205030601189525e-16,1
B1_D1_Craig_Bampton,B1,1,Craig_Bampton,full-grid,1325,19,51,88,1.0088711093830784,1.005149873592134,-0.086571629103075684,0,0,1,UNSTABLE,4.6447939000122788e-16,1.22050306014367e-16,1
B1_D1_Craig_Bampton,B1,1,Craig_Bampton,full-grid,1326,19,52,89,1.0084760470598046,1.004732710799199,-0.086810813516878096,0,0,1,UNSTABLE,3.2335083610675446e-16,1.2205030601189525e-16,1
B1_D1_Craig_Bampton,B1,1,Craig_Bampton,full-grid,1327,19,53,90,1.0080977996930176,1.0043273414850449,-0.087107777445447246,0,0,1,UNSTABLE,6.1683972037191856e-16,1.2205030601189525e-16,1
B1_D1_Craig_Bampton,B1,1,Craig_Bampton,full-grid,1328,19,54,91,1.0077473764646698,1.0039443555069361,-0.087467169939284439,0,0,1,UNSTABLE,2.4605676811683306e-16,1.2205030601189523e-16,1
B1_D1_Craig_Bampton,B1,1,Craig_Bampton,full-grid,1329,19,55,92,1.0074390506013007,1.0035977921951496,-0.087891479549905754,0,0,1,UNSTABLE,2.467004095839534e-16,1.2205030601436703e-16,1
B1_D1_Craig_Bampton,B1,1,Craig_Bampton,full-grid,1330,19,56,93,1.0071899361698835,1.0033049037940176,-0.08837894288104417,0,0,1,UNSTABLE,2.8397483919319874e-16,1.2205030601189525e-16,1
B1_D1_Craig_Bampton,B1,1,Craig_Bampton,full-grid,1331,19,57,94,1.0070181168166283,1.0030844989156591,-0.088921176510601885,0,0,1,UNSTABLE,3.9573345520658279e-16,1.2205030601189523e-16,1
B1_D1_Craig_Bampton,B1,1,Craig_Bampton,full-grid,1332,19,58,95,1.0069390056997123,1.002953441653718,-0.089501704310517557,0,0,1,UNSTABLE,3.1491408413282086e-16,1.2205030601189523e-16,1
B1_D1_Craig_Bampton,B1,1,Craig_Bampton,full-grid,1333,19,59,96,1.0069608584097285,1.0029220825325513,-0.090096985176128352,0,0,1,UNSTABLE,2.3622051180303042e-16,1.2205030601436703e-16,1
B1_D1_Craig_Bampton,B1,1,Craig_Bampton,full-grid,1334,19,60,97,1.0070817540014618,1.0029908782179522,-0.090680524117593989,0,0,1,UNSTABLE,2.5127169132185599e-16,1.2205030601189525e-16,1
B1_D1_Craig_Bampton,B1,1,Craig_Bampton,full-grid,1335,19,61,98,1.0072900519231138,1.0031503531503603,-0.091228381973906286,0,0,1,UNSTABLE,3.9140608353861451e-16,1.2205030601189525e-16,1
B1_D1_Craig_Bampton,B1,1,Craig_Bampton,full-grid,1336,19,62,99,1.0075679768219603,1.0033843106226352,-0.091723241947924167,0,0,1,UNSTABLE,2.0979460237408704e-16,1.2205030601189525e-16,1
B1_D1_Craig_Bampton,B1,1,Craig_Bampton,full-grid,1337,19,63,100,1.007896041031159,1.0036741428847606,-0.092155544764408751,0,0,1,UNSTABLE,5.6287644821880299e-16,1.22050306014367e-16,1
B1_D1_Craig_Bampton,B1,1,Craig_Bampton,full-grid,1338,19,64,101,1.0082563043075843,1.0040021898822289,-0.092522310215843576,0,0,1,UNSTABLE,2.8764735771108965e-16,1.2205030601189525e-16,1
B1_D1_Craig_Bampton,B1,1,Craig_Bampton,full-grid,1339,19,65,102,1.0086339242985942,1.0043534725747683,-0.092825079439698477,0,0,1,UNSTABLE,3.347746653464553e-16,1.2205030601189525e-16,1
B1_D1_Craig_Bampton,B1,1,Craig_Bampton,full-grid,1340,19,66,103,1.0090174352284533,1.0047161445440236,-0.093068004639612512,0,0,1,UNSTABLE,2.2467869755705054e-16,1.2205030601189525e-16,1
B1_D1_Craig_Bampton,B1,1,Craig_Bampton,full-grid,1341,20,0,38,1.0075558662342523,1.0030895364726411,-0.094763945686936704,0,0,1,UNSTABLE,1.4649874107544857e-16,1.3204866086300172e-16,1
B1_D1_Craig_Bampton,B1,1,Craig_Bampton,full-grid,1342,20,1,39,1.0081410840250304,1.0036460431464664,-0.095095033390839134,0,0,1,UNSTABLE,2.0478090378969339e-16,1.2205030600093825e-16,1
B1_D1_Craig_Bampton,B1,1,Craig_Bampton,full-grid,1343,20,2,40,1.0087493445668958,1.0042310262771263,-0.09536920900653062,0,0,1,UNSTABLE,2.4959760478881739e-16,1.2205030601436703e-16,1
B1_D1_Craig_Bampton,B1,1,Craig_Bampton,full-grid,1344,20,3,41,1.0093735985459957,1.0048377838336759,-0.095582893981715281,0,0,1,UNSTABLE,1.8655631261850879e-16,1.2205030601189525e-16,1
B1_D1_Craig_Bampton,B1,1,Craig_Bampton,full-grid,1345,20,4,42,1.0100062300566974,1.0054589357153541,-0.095733553906086732,0,0,1,UNSTABLE,1.5752937360736232e-16,1.2205030601189523e-16,1
B1_D1_Craig_Bampton,B1,1,Craig_Bampton,full-grid,1346,20,5,43,1.0106392975540126,1.0060866481294701,-0.095819863369115091,0,0,1,UNSTABLE,1.8478053839750063e-16,1.2205030601189525e-16,1
B1_D1_Craig_Bampton,B1,1,Craig_Bampton,full-grid,1347,20,6,44,1.0112648147389278,1.0067129051452905,-0.095841807907026247,0,0,1,UNSTABLE,2.7751478081527352e-16,1.22050306014367e-16,1
B1_D1_Craig_Bampton,B1,1,Craig_Bampton,full-grid,1348,20,7,45,1.0118750478886875,1.0073298054576383,-0.095800707598692483,0,0,1,UNSTABLE,2.4328914862632841e-16,1.2205030601189523e-16,1
B1_D1_Craig_Bampton,B1,1,Craig_Bampton,full-grid,1349,20,8,46,1.0124628017038564,1.007929856854666,-0.095699156187267154,0,0,1,UNSTABLE,1.5103089908822354e-16,1.2205030601189523e-16,1
B1_D1_Craig_Bampton,B1,1,Craig_Bampton,full-grid,1350,20,9,47,1.0130216661246578,1.0085062399963762,-0.095540880916755069,0,0,1,UNSTABLE,1.5529453482970179e-16,1.2205030601189523e-16,1
B1_D1_Craig_Bampton,B1,1,Craig_Bampton,full-grid,1351,20,10,48,1.013546202038321,1.0090530174409542,-0.095330538966328204,0,0,1,UNSTABLE,2.1767763856040529e-16,1.2205030601436703e-16,1
B1_D1_Craig_Bampton,B1,1,Craig_Bampton,full-grid,1352,20,11,49,1.0140320530848814,1.0095652724044042,-0.095073473895514557,0,0,1,UNSTABLE,2.1662229632502295e-16,1.2205030601189525e-16,1
B1_D1_Craig_Bampton,B1,1,Craig_Bampton,full-grid,1353,20,12,50,1.0144759815144435,1.0100391722940978,-0.094775458327286774,0,0,1,UNSTABLE,2.5140169468552907e-16,1.2205030601189525e-16,1
B1_D1_Craig_Bampton,B1,1,Craig_Bampton,full-grid,1354,20,13,51,1.0148758357119978,1.010471962051517,-0.094442447129897314,0,0,1,UNSTABLE,2.4445643161023253e-16,1.2205030601189525e-16,1
B1_D1_Craig_Bampton,B1,1,Craig_Bampton,full-grid,1355,20,14,52,1.0152304637345688,1.0108618997608105,-0.094080359834943381,0,0,1,UNSTABLE,2.2993914407231358e-16,1.2205030601436703e-16,1
B1_D1_Craig_Bampton,B1,1,Craig_Bampton,full-grid,1356,20,15,53,1.0155395902846371,1.0112081508933233,-0.09369490382296311,0,0,1,UNSTABLE,1.7349042425190724e-16,1.2205030601189525e-16,1
B1_D1_Craig_Bampton,B1,1,Craig_Bampton,full-grid,1357,20,16,54,1.0158036743247925,1.0115106581180315,-0.09329144272319638,0,0,1,UNSTABLE,2.2304093681270568e-16,1.2205030601189525e-16,1
B1_D1_Craig_Bampton,B1,1,Craig_Bampton,full-grid,1358,20,17,55,1.016023762016677,1.0117700016844777,-0.092874908742419118,0,0,1,UNSTABLE,3.4085559702593871e-16,1.2205030601189525e-16,1
B1_D1_Craig_Bampton,B1,1,Craig_Bampton,full-grid,1359,20,18,56,1.0162013460053338,1.0119872620959458,-0.092449753804992943,0,0,1,UNSTABLE,4.1310718297506898e-16,1.2205030601436703e-16,1
B1_D1_Craig_Bampton,B1,1,Craig_Bampton,full-grid,1360,20,19,57,1.0163382382398034,1.0121638931262147,-0.092019932405822985,0,0,1,UNSTABLE,2.4994297358953626e-16,1.2205030601189525e-16,1
B1_D1_Craig_Bampton,B1,1,Craig_Bampton,full-grid,1361,20,20,58,1.016436460157691,1.0123016098783428,-0.091588908584023687,0,0,1,UNSTABLE,3.0313261756584921e-16,1.2205030601189523e-16,1
B1_D1_Craig_Bampton,B1,1,Craig_Bampton,full-grid,1362,20,21,59,1.016498151459523,1.0124022938918151,-0.091159679920557554,0,0,1,UNSTABLE,1.9746020191310999e-16,1.2205030601189525e-16,1
B1_D1_Craig_Bampton,B1,1,Craig_Bampton,full-grid,1363,20,22,60,1.0165254969074744,1.0124679153744214,-0.09073481250524193,0,0,1,UNSTABLE,2.7184254519023734e-16,1.22050306014367e-16,1
B1_D1_Craig_Bampton,B1,1,Craig_Bampton,full-grid,1364,20,23,61,1.0165206694989788,1.0125004714012211,-0.090316482055918426,0,0,1,UNSTABLE,2.5223278672535476e-16,1.2205030601189523e-16,1
B1_D1_Craig_Bampton,B1,1,Craig_Bampton,full-grid,1365,20,24,62,1.0164857878311966,1.0125019382490736,-0.089906517587311607,0,0,1,UNSTABLE,1.7922561671104483e-16,1.2205030601189523e-16,1
B1_D1_Craig_Bampton,B1,1,Craig_Bampton,full-grid,1366,20,25,63,1.0164228853199546,1.0124742357653824,-0.089506445094453005,0,0,1,UNSTABLE,2.6262785033095173e-16,1.2205030601189523e-16,1
B1_D1_Craig_Bampton,B1,1,Craig_Bampton,full-grid,1367,20,26,64,1.0163338890262599,1.0124192016665767,-0.089117529589038458,0,0,1,UNSTABLE,3.5284454363589881e-16,1.2205030601436703e-16,1
B1_D1_Craig_Bampton,B1,1,Craig_Bampton,full-grid,1368,20,27,65,1.0162206060663823,1.0123385738158541,-0.088740814501601067,0,0,1,UNSTABLE,3.2214707814640357e-16,1.2205030601189525e-16,1
B1_D1_Craig_Bampton,B1,1,Craig_Bampton,full-grid,1369,20,28,66,1.0160847158641224,1.0122339787633827,-0.088377157962484937,0,0,1,UNSTABLE,3.0926340310778996e-16,1.2205030601189525e-16,1
B1_D1_Craig_Bampton,B1,1,Craig_Bampton,full-grid,1370,20,29,67,1.0159277667970283,1.0121069250924761,-0.08802726582741574,0,0,1,UNSTABLE,1.9039293557563689e-16,1.2205030601189525e-16,1
B1_D1_Craig_Bampton,B1,1,Craig_Bampton,full-grid,1371,20,30,68,1.0157511760662006,1.0119588003720761,-0.087691721555560695,0,0,1,UNSTABLE,1.7596156710709064e-16,1.2205030601436703e-16,1
B1_D1_Craig_Bampton,B1,1,Craig_Bampton,full-grid,1372,20,31,69,1.0155562318675888,1.0117908707517027,-0.087371013205793019,0,0,1,UNSTABLE,1.7977380138493798e-16,1.2205030601189525e-16,1
B1_D1_Craig_Bampton,B1,1,Craig_Bampton,full-grid,1373,20,32,70,1.0153440971572105,1.0116042824426881,-0.087065557918187639,0,0,1,UNSTABLE,1.2976826782342262e-16,1.2205030601189525e-16,1
B1_D1_Craig_Bampton,B1,1,Craig_Bampton,full-grid,1374,20,33,71,1.0151158144846051,1.0114000645083523,-0.086775724308380722,0,0,1,UNSTABLE,3.0112356968028355e-16,1.2205030601189525e-16,1
B1_D1_Craig_Bampton,B1,1,Craig_Bampton,full-grid,1375,20,34,72,1.0148723115233254,1.0111791325388397,-0.086501853244291257,0,0,1,UNSTABLE,4.9233371262273855e-16,1.2205030601436703e-16,1
B1_D1_Craig_Bampton,B1,1,Craig_Bampton,full-grid,1376,20,35,73,1.0146144070591614,1.0109422929178946,-0.086244277502472017,0,0,1,UNSTABLE,2.0569707483694292e-16,1.2205030601189525e-16,1
B1_D1_Craig_Bampton,B1,1,Craig_Bampton,full-grid,1377,20,36,74,1.0143428173150548,1.0106902475064028,-0.086003340830976813,0,0,1,UNSTABLE,5.8784132203027431e-16,1.2205030601189523e-16,1
B1_D1_Craig_Bampton,B1,1,Craig_Bampton,full-grid,1378,20,37,75,1.014058162603803,1.0104235986782393,-0.085779416980517428,0,0,1,UNSTABLE,5.7328789163711e-16,1.2205030601189525e-16,1
B1_D1_Craig_Bampton,B1,1,Craig_Bampton,full-grid,1379,20,38,76,1.013760974416626,1.0101428547579356,-0.085572929315495913,0,0,1,UNSTABLE,3.4935004027850615e-16,1.22050306014367e-16,1
B1_D1_Craig_Bampton,B1,1,Craig_Bampton,full-grid,1380,20,39,77,1.0134517031895185,1.0098484360387285,-0.085384371683990698,0,0,1,UNSTABLE,3.9784073588707447e-16,1.2205030601189523e-16,1
B1_D1_Craig_Bampton,B1,1,Craig_Bampton,full-grid,1381,20,40,78,1.013130727156784,1.0095406817195121,-0.085214331321302628,0,0,1,UNSTABLE,3.6916377000224577e-16,1.2205030601189523e-16,1
B1_D1_Craig_Bampton,B1,1,Craig_Bampton,full-grid,1382,20,41,79,1.0127983629259198,1.0092198583137304,-0.085063514685425168,0,0,1,UNSTABLE,2.7943115697499998e-16,1.2205030601189523e-16,1
B1_D1_Craig_Bampton,B1,1,Craig_Bampton,full-grid,1383,20,42,80,1.0124548787219825,1.0088861703834715,-0.084932777282490865,0,0,1,UNSTABLE,1.9430434701384209e-16,1.2205030601436703e-16,1
B1_D1_Craig_Bampton,B1,1,Craig_Bampton,full-grid,1384,20,43,81,1.0121005117032398,1.0085397748886584,-0.084823158733295059,0,0,1,UNSTABLE,3.4567655825304825e-16,1.2205030601189525e-16,1
B1_D1_Craig_Bampton,B1,1,Craig_Bampton,full-grid,1385,20,44,82,1.0117354914145142,1.0081808010860778,-0.084735924549172184,0,0,1,UNSTABLE,4.297152002656662e-16,1.2205030601189525e-16,1
B1_D1_Craig_Bampton,B1,1,Craig_Bampton,full-grid,1386,20,45,83,1.0113600724298626,1.0078093788785061,-0.084672616292733038,0,0,1,UNSTABLE,2.5687165793135261e-16,1.2205030601189525e-16,1
B1_D1_Craig_Bampton,B1,1,Craig_Bampton,full-grid,1387,20,46,84,1.0109745807030737,1.007425679967596,-0.084635111919240863,0,0,1,UNSTABLE,3.1814418612553231e-16,1.2205030601436703e-16,1
B1_D1_Craig_Bampton,B1,1,Craig_Bampton,full-grid,1388,20,47,85,1.0105794803249355,1.0070299783523997,-0.084625697949157599,0,0,1,UNSTABLE,2.2164801035256967e-16,1.2205030601189525e-16,1
B1_D1_Craig_Bampton,B1,1,Craig_Bampton,full-grid,1389,20,48,86,1.0101754706004573,1.0066227399897003,-0.084647154343686026,0,0,1,UNSTABLE,5.4142500193826272e-16,1.2205030601189525e-16,1
B1_D1_Craig_Bampton,B1,1,Craig_Bampton,full-grid,1390,20,49,87,1.0097636279899325,1.0062047562398391,-0.084702850788605621,0,0,1,UNSTABLE,3.7256912629688079e-16,1.2205030601189525e-16,1
B1_D1_Craig_Bampton,B1,1,Craig_Bampton,full-grid,1391,20,50,88,1.0093456138243002,1.0057773425101169,-0.084796848052507645,0,0,1,UNSTABLE,2.0140546323527739e-16,1.2205030601436703e-16,1
B1_D1_Craig_Bampton,B1,1,Craig_Bampton,full-grid,1392,20,51,89,1.0089239765882771,1.0053426323035501,-0.084933987352953461,0,0,1,UNSTABLE,3.2007508459705465e-16,1.2205030601189525e-16,1
B1_D1_Craig_Bampton,B1,1,Craig_Bampton,full-grid,1393,20,52,90,1.0085025849034917,1.004904006067298,-0.085119929199453881,0,0,1,UNSTABLE,3.0827041106813147e-16,1.2205030601189523e-16,1
B1_D1_Craig_Bampton,B1,1,Craig_Bampton,full-grid,1394,20,53,91,1.0080872269982832,1.0044666973829111,-0.085361063054273836,0,0,1,UNSTABLE,5.7485040914582574e-16,1.2205030601189525e-16,1
B1_D1_Craig_Bampton,B1,1,Craig_Bampton,full-grid,1395,20,54,92,1.007686385399619,1.0040385979683353,-0.085664141328382321,0,0,1,UNSTABLE,3.3314853802475256e-16,1.22050306014367e-16,1
B1_D1_Craig_Bampton,B1,1,Craig_Bampton,full-grid,1396,20,55,93,1.0073121005160606,1.0036311963310101,-0.086035397350530382,0,0,1,UNSTABLE,3.9982661743440109e-16,1.2205030601189523e-16,1
B1_D1_Craig_Bampton,B1,1,Craig_Bampton,full-grid,1397,20,56,94,1.0069806082945463,1.003260363110436,-0.086478837253808172,0,0,1,UNSTABLE,3.1753599287562146e-16,1.2205030601189523e-16,1
B1_D1_Craig_Bampton,B1,1,Craig_Bampton,full-grid,1398,20,57,95,1.0067120441573671,1.0029462930562292,-0.086993523300723505,0,0,1,UNSTABLE,5.9227619083434212e-16,1.2205030601189523e-16,1
B1_D1_Craig_Bampton,B1,1,Craig_Bampton,full-grid,1399,20,58,96,1.0065281649495623,1.0027115178431478,-0.087570307875582801,0,0,1,UNSTABLE,2.6791798125147945e-16,1.2205030601436703e-16,1
B1_D1_Craig_Bampton,B1,1,Craig_Bampton,full-grid,1400,20,59,97,1.0064474875578091,1.0025762408996672,-0.08818971819276171,0,0,1,UNSTABLE,2.2313436249128461e-16,1.2205030601189525e-16,1
B1_D1_Craig_Bampton,B1,1,Craig_Bampton,full-grid,1401,20,60,98,1.006479204098496,1.0025521341924486,-0.088823456974545148,0,0,1,UNSTABLE,2.5699162921182857e-16,1.2205030601189525e-16,1
B1_D1_Craig_Bampton,B1,1,Craig_Bampton,full-grid,1402,20,61,99,1.0066194560222257,1.0026381032879175,-0.089440276596671905,0,0,1,UNSTABLE,3.0848722730001539e-16,1.2205030601189525e-16,1
B1_D1_Craig_Bampton,B1,1,Craig_Bampton,full-grid,1403,20,62,100,1.0068527445171775,1.002821045881177,-0.090013327232999152,0,0,1,UNSTABLE,2.5737705383384708e-16,1.2205030601436703e-16,1
B1_D1_Craig_Bampton,B1,1,Craig_Bampton,full-grid,1404,20,63,101,1.0071572912701741,1.0030807911857802,-0.090524779551145143,0,0,1,UNSTABLE,3.0573965056248349e-16,1.2205030601189525e-16,1
B1_D1_Craig_Bampton,B1,1,Craig_Bampton,full-grid,1405,20,64,102,1.0075106930157964,1.0033957029740321,-0.09096625635046246,0,0,1,UNSTABLE,2.2913597515066873e-16,1.2205030601189525e-16,1
B1_D1_Craig_Bampton,B1,1,Craig_Bampton,full-grid,1406,20,65,103,1.0078934426209296,1.003746388748151,-0.091336623286142518,0,0,1,UNSTABLE,2.9077849203967564e-16,1.2205030601189525e-16,1
B1_D1_Craig_Bampton,B1,1,Craig_Bampton,full-grid,1407,20,66,104,1.0082901687978911,1.0041171832788955,-0.091639220525584097,0,0,1,UNSTABLE,2.6042925450923697e-16,1.2205030601436703e-16,1
B1_D1_Craig_Bampton,B1,1,Craig_Bampton,full-grid,1408,21,0,39,1.0071074293536475,1.0027472580565058,-0.093612556419911161,0,0,1,UNSTABLE,2.360282419560337e-16,1.3204866086300172e-16,1
B1_D1_Craig_Bampton,B1,1,Craig_Bampton,full-grid,1409,21,1,40,1.0076954887714473,1.00330651496168,-0.093948044821456037,0,0,1,UNSTABLE,2.221015537688848e-16,1.22050306014367e-16,1
B1_D1_Craig_Bampton,B1,1,Craig_Bampton,full-grid,1410,21,2,41,1.0083068552724068,1.003894398355595,-0.094227126346864781,0,0,1,UNSTABLE,1.784232707588715e-16,1.2205030601189525e-16,1
B1_D1_Craig_Bampton,B1,1,Craig_Bampton,full-grid,1411,21,3,42,1.0089346079311026,1.0045043338613071,-0.094446208684833874,0,0,1,UNSTABLE,2.0788222379946415e-16,1.2205030601189525e-16,1
B1_D1_Craig_Bampton,B1,1,Craig_Bampton,full-grid,1412,21,4,43,1.0095712543333519,1.0051290678283267,-0.094602719743020119,0,0,1,UNSTABLE,2.9931873946880885e-16,1.2205030601189525e-16,1
B1_D1_Craig_Bampton,B1,1,Craig_Bampton,full-grid,1413,21,5,44,1.0102089660287932,1.0057608863854097,-0.094695271593665711,0,0,1,UNSTABLE,2.1892779143149505e-16,1.2205030601436703e-16,1
B1_D1_Craig_Bampton,B1,1,Craig_Bampton,full-grid,1414,21,6,45,1.0108398534257674,1.006391880909937,-0.094723763187418833,0,0,1,UNSTABLE,1.4052634370418955e-16,1.2205030601189525e-16,1
B1_D1_Craig_Bampton,B1,1,Craig_Bampton,full-grid,1415,21,7,46,1.011456257414715,1.0070142386780527,-0.094689406815355717,0,0,1,UNSTABLE,1.5581905852696228e-16,1.2205030601189523e-16,1
B1_D1_Craig_Bampton,B1,1,Craig_Bampton,full-grid,1416,21,8,47,1.0120510307133883,1.0076205321229299,-0.094594672219608142,0,0,1,UNSTABLE,2.3806746286911976e-16,1.2205030601189525e-16,1
B1_D1_Craig_Bampton,B1,1,Craig_Bampton,full-grid,1417,21,9,48,1.0126177822002789,1.008203979194455,-0.094443153085217987,0,0,1,UNSTABLE,1.8052871366671708e-16,1.2205030601436703e-16,1
B1_D1_Craig_Bampton,B1,1,Craig_Bampton,full-grid,1418,21,10,49,1.0131510626208169,1.008758651339646,-0.09423937095030202,0,0,1,UNSTABLE,6.0979607102274306e-16,1.2205030601189525e-16,1
B1_D1_Craig_Bampton,B1,1,Craig_Bampton,full-grid,1419,21,11,50,1.0136464788525741,1.0092796137050353,-0.093988538927022913,0,0,1,UNSTABLE,2.3907400832453869e-16,1.2205030601189525e-16,1
B1_D1_Craig_Bampton,B1,1,Craig_Bampton,full-grid,1420,21,12,51,1.0141007342062112,1.0097629922459275,-0.093696310536368732,0,0,1,UNSTABLE,2.223183935777557e-16,1.2205030601189525e-16,1
B1_D1_Craig_Bampton,B1,1,Craig_Bampton,full-grid,1421,21,13,52,1.0145116016097513,1.010205972089016,-0.093368537294256385,0,0,1,UNSTABLE,1.9937443007573988e-16,1.2205030601436703e-16,1
B1_D1_Craig_Bampton,B1,1,Craig_Bampton,full-grid,1422,21,14,53,1.0148778431781178,1.0106067387916173,-0.093011053551928638,0,0,1,UNSTABLE,1.9630328586866844e-16,1.2205030601189525e-16,1
B1_D1_Craig_Bampton,B1,1,Craig_Bampton,full-grid,1423,21,15,54,1.0151990928640853,1.010964378124851,-0.092629500239907375,0,0,1,UNSTABLE,2.0987948765213891e-16,1.2205030601189525e-16,1
B1_D1_Craig_Bampton,B1,1,Craig_Bampton,full-grid,1424,21,16,55,1.0154757188932513,1.0112787507635477,-0.092229192319373113,0,0,1,UNSTABLE,2.3533482898011062e-16,1.2205030601189525e-16,1
B1_D1_Craig_Bampton,B1,1,Craig_Bampton,full-grid,1425,21,17,56,1.0157086804144113,1.0115503565800332,-0.091815029118289024,0,0,1,UNSTABLE,4.4143244254568975e-16,1.22050306014367e-16,1
B1_D1_Craig_Bampton,B1,1,Craig_Bampton,full-grid,1426,21,18,57,1.0158993893475459,1.0117802001637008,-0.091391442889464158,0,0,1,UNSTABLE,2.3388948308826007e-16,1.2205030601189525e-16,1
B1_D1_Craig_Bampton,B1,1,Craig_Bampton,full-grid,1427,21,19,58,1.0160495847279978,1.0119696656796875,-0.090962378872139371,0,0,1,UNSTABLE,2.6334314599154696e-16,1.2205030601189525e-16,1
B1_D1_Craig_Bampton,B1,1,Craig_Bampton,full-grid,1428,21,20,59,1.0161612235595456,1.0121204059151698,-0.090531299538583104,0,0,1,UNSTABLE,4.2397364654711302e-16,1.2205030601189525e-16,1
B1_D1_Craig_Bampton,B1,1,Craig_Bampton,full-grid,1429,21,21,60,1.016236389610977,1.012234247705925,-0.09010120610054792,0,0,1,UNSTABLE,4.0000825005236733e-16,1.2205030601436703e-16,1
B1_D1_Craig_Bampton,B1,1,Craig_Bampton,full-grid,1430,21,22,61,1.0162772197862204,1.012313114003113,-0.089674671305392611,0,0,1,UNSTABLE,2.0068253230049252e-16,1.2205030601189525e-16,1
B1_D1_Craig_Bampton,B1,1,Craig_Bampton,full-grid,1431,21,23,62,1.0162858465825992,1.0123589615824273,-0.089253878727255612,0,0,1,UNSTABLE,2.1260977082689247e-16,1.2205030601189523e-16,1
B1_D1_Craig_Bampton,B1,1,Craig_Bampton,full-grid,1432,21,24,63,1.0162643545798189,1.0123737326916276,-0.088840664931981714,0,0,1,UNSTABLE,2.1460917834791913e-16,1.2205030601189525e-16,1
B1_D1_Craig_Bampton,B1,1,Craig_Bampton,full-grid,1433,21,25,64,1.0162147487130293,1.0123593186285709,-0.08843656194007643,0,0,1,UNSTABLE,3.2238225736599232e-16,1.2205030601436703e-16,1
B1_D1_Craig_Bampton,B1,1,Craig_Bampton,full-grid,1434,21,26,65,1.0161389321416743,1.0123175332092198,-0.088042838273321392,0,0,1,UNSTABLE,1.8075749312437587e-16,1.2205030601189525e-16,1
B1_D1_Craig_Bampton,B1,1,Craig_Bampton,full-grid,1435,21,27,66,1.0160386917240065,1.0122500942146337,-0.087660537545100281,0,0,1,UNSTABLE,2.4020410465527606e-16,1.2205030601189525e-16,1
B1_D1_Craig_Bampton,B1,1,Craig_Bampton,full-grid,1436,21,28,67,1.0159156893700267,1.0121586111199188,-0.087290514054930379,0,0,1,UNSTABLE,2.6386174106800234e-16,1.2205030601189525e-16,1
B1_D1_Craig_Bampton,B1,1,Craig_Bampton,full-grid,1437,21,29,68,1.015771457825464,1.0120445776545912,-0.086933465206491062,0,0,1,UNSTABLE,2.0953993347076766e-16,1.2205030601436703e-16,1
B1_D1_Craig_Bampton,B1,1,Craig_Bampton,full-grid,1438,21,30,69,1.0156073997060711,1.0119093679889817,-0.086589960814557623,0,0,1,UNSTABLE,2.0789655137688842e-16,1.2205030601189525e-16,1
B1_D1_Craig_Bampton,B1,1,Craig_Bampton,full-grid,1439,21,31,70,1.0154247888419059,1.0117542355687426,-0.0862604695288543,0,0,1,UNSTABLE,1.6939608745722798e-16,1.2205030601189525e-16,1
B1_D1_Craig_Bampton,B1,1,Craig_Bampton,full-grid,1440,21,32,71,1.015224773198534,1.0115803138195938,-0.085945382707083892,0,0,1,UNSTABLE,2.9348454465759898e-16,1.2205030601189525e-16,1
B1_D1_Craig_Bampton,B1,1,Craig_Bampton,full-grid,1441,21,33,72,1.0150083788174347,1.0113886181163503,-0.085645036133429664,0,0,1,UNSTABLE,1.1767041379543949e-16,1.22050306014367e-16,1
B1_D1_Craig_Bampton,B1,1,Craig_Bampton,full-grid,1442,21,34,73,1.0147765143636729,1.0111800485546754,-0.08535973001978106,0,0,1,UNSTABLE,4.5781650475445082e-16,1.2205030601189525e-16,1
B1_D1_Craig_Bampton,B1,1,Craig_Bampton,full-grid,1443,21,35,74,1.0145299759914372,1.0109553931860575,-0.085089747756177087,0,0,1,UNSTABLE,2.343840998831081e-16,1.2205030601189525e-16,1
B1_D1_Craig_Bampton,B1,1,Craig_Bampton,full-grid,1444,21,36,75,1.0142694523423637,1.0107153314803461,-0.084835373904122796,0,0,1,UNSTABLE,5.1691862662023873e-16,1.2205030601189525e-16,1
B1_D1_Craig_Bampton,B1,1,Craig_Bampton,full-grid,1445,21,37,76,1.0139955295855785,1.0104604378729536,-0.084596911959813628,0,0,1,UNSTABLE,4.9492584521328669e-16,1.2205030601436703e-16,1
B1_D1_Craig_Bampton,B1,1,Craig_Bampton,full-grid,1446,21,38,77,1.0137086964996562,1.0101911853424119,-0.084374702461846432,0,0,1,UNSTABLE,2.5237713535923793e-16,1.2205030601189525e-16,1
B1_D1_Craig_Bampton,B1,1,Craig_Bampton,full-grid,1447,21,39,78,1.0134093496947487,1.0099079490574714,-0.084169142084644058,0,0,1,UNSTABLE,2.5864531148324657e-16,1.2205030601189523e-16,1
B1_D1_Craig_Bampton,B1,1,Craig_Bampton,full-grid,1448,21,40,79,1.0130977991905576,1.0096110102429954,-0.083980704455667202,0,0,1,UNSTABLE,3.5140987535813452e-16,1.2205030601189525e-16,1
B1_D1_Craig_Bampton,B1,1,Craig_Bampton,full-grid,1449,21,41,80,1.0127742747198121,1.0093005605572209,-0.083809963567112317,0,0,1,UNSTABLE,2.3274890576612814e-16,1.2205030601436703e-16,1
B1_D1_Craig_Bampton,B1,1,Craig_Bampton,full-grid,1450,21,42,81,1.0124389333415822,1.0089767074726446,-0.083657620833381546,0,0,1,UNSTABLE,3.3311173121192128e-16,1.2205030601189525e-16,1
B1_D1_Craig_Bampton,B1,1,Craig_Bampton,full-grid,1451,21,43,82,1.0120918692613003,1.0086394814448973,-0.083524537085826703,0,0,1,UNSTABLE,2.3216525516365713e-16,1.2205030601189525e-16,1
B1_D1_Craig_Bampton,B1,1,Craig_Bampton,full-grid,1452,21,44,83,1.0117331272214791,1.008288846094471,-0.083411771104765317,0,0,1,UNSTABLE,4.0670737343461912e-16,1.2205030601189525e-16,1
B1_D1_Craig_Bampton,B1,1,Craig_Bampton,full-grid,1453,21,45,84,1.0113627215359233,1.0079247133009883,-0.083320626675932971,0,0,1,UNSTABLE,2.943726606212857e-16,1.2205030601436703e-16,1
B1_D1_Craig_Bampton,B1,1,Craig_Bampton,full-grid,1454,21,46,85,1.0109806639289658,1.0075469661578556,-0.08325271061264819,0,0,1,UNSTABLE,5.6003163701400671e-16,1.2205030601189525e-16,1
B1_D1_Craig_Bampton,B1,1,Craig_Bampton,full-grid,1455,21,47,86,1.0105870050244865,1.007155494374373,-0.083210004662144024,0,0,1,UNSTABLE,2.1510410885509716e-16,1.2205030601189525e-16,1
B1_D1_Craig_Bampton,B1,1,Craig_Bampton,full-grid,1456,21,48,87,1.0101818969428005,1.0067502492894098,-0.08319495457457643,0,0,1,UNSTABLE,3.3287733713506829e-16,1.2205030601189525e-16,1
B1_D1_Craig_Bampton,B1,1,Craig_Bampton,full-grid,1457,21,49,88,1.009765688513071,1.0063313297091452,-0.083210579520277203,0,0,1,UNSTABLE,1.8724352160887705e-16,1.22050306014367e-16,1
B1_D1_Craig_Bampton,B1,1,Craig_Bampton,full-grid,1458,21,50,89,1.0093390708230336,1.0058991160942681,-0.083260603713133097,0,0,1,UNSTABLE,2.9404053638750895e-16,1.2205030601189525e-16,1
B1_D1_Craig_Bampton,B1,1,Craig_Bampton,full-grid,1459,21,51,90,1.0089033001196377,1.0054544802560184,-0.083349607829886235,0,0,1,UNSTABLE,3.8055327387996596e-16,1.2205030601189525e-16,1
B1_D1_Craig_Bampton,B1,1,Craig_Bampton,full-grid,1460,21,52,91,1.0084605381764513,1.0049991117135479,-0.083483187014615573,0,0,1,UNSTABLE,6.5778946331673687e-16,1.2205030601189525e-16,1
B1_D1_Craig_Bampton,B1,1,Craig_Bampton,full-grid,1461,21,53,92,1.0080143662949137,1.0045360199763462,-0.083668077706004942,0,0,1,UNSTABLE,2.5851317590733199e-16,1.2205030601436703e-16,1
B1_D1_Craig_Bampton,B1,1,Craig_Bampton,full-grid,1462,21,54,93,1.0075705413490614,1.0040702886441726,-0.083912163936158427,0,0,1,UNSTABLE,2.8737058709774357e-16,1.2205030601189525e-16,1
B1_D1_Craig_Bampton,B1,1,Craig_Bampton,full-grid,1463,21,55,94,1.0071380469792559,1.0036101504220647,-0.084224174932084644,0,0,1,UNSTABLE,1.7664700911396133e-16,1.2205030601189523e-16,1
B1_D1_Craig_Bampton,B1,1,Craig_Bampton,full-grid,1464,21,56,95,1.0067303869124402,1.0031683601203951,-0.084612724729964894,0,0,1,UNSTABLE,3.8387562436617283e-16,1.2205030601189525e-16,1
B1_D1_Craig_Bampton,B1,1,Craig_Bampton,full-grid,1465,21,57,96,1.0063667440959132,1.0027635352589133,-0.085084169956903696,0,0,1,UNSTABLE,5.2638082477603286e-16,1.2205030601436703e-16,1
B1_D1_Craig_Bampton,B1,1,Craig_Bampton,full-grid,1466,21,58,97,1.0060719639372362,1.002420463272311,-0.085638843017948274,0,0,1,UNSTABLE,2.9057032826078268e-16,1.2205030601189525e-16,1
B1_D1_Craig_Bampton,B1,1,Craig_Bampton,full-grid,1467,21,59,98,1.0058735873620319,1.0021675602195492,-0.086266186864607824,0,0,1,UNSTABLE,1.7594718100287763e-16,1.2205030601189525e-16,1
B1_D1_Craig_Bampton,B1,1,Craig_Bampton,full-grid,1468,21,60,99,1.0057947444959976,1.0020300579053019,-0.086941538461579676,0,0,1,UNSTABLE,2.3481434244392261e-16,1.2205030601189525e-16,1
B1_D1_Craig_Bampton,B1,1,Craig_Bampton,full-grid,1469,21,61,100,1.0058452478595652,1.0020208891343647,-0.087628764569901679,0,0,1,UNSTABLE,2.2837462398379195e-16,1.2205030601436703e-16,1
B1_D1_Craig_Bampton,B1,1,Craig_Bampton,full-grid,1470,21,62,101,1.0060171027031717,1.0021354025318421,-0.088289557273932284,0,0,1,UNSTABLE,2.7864499324983785e-16,1.2205030601189525e-16,1
B1_D1_Craig_Bampton,B1,1,Craig_Bampton,full-grid,1471,21,63,102,1.0062882496694177,1.0023542060508075,-0.088893683886964767,0,0,1,UNSTABLE,2.1717602304473573e-16,1.2205030601189525e-16,1
B1_D1_Craig_Bampton,B1,1,Craig_Bampton,full-grid,1472,21,64,103,1.0066310465670114,1.0026512135618744,-0.089423754425194138,0,0,1,UNSTABLE,1.8109794040469558e-16,1.2205030601189525e-16,1
B1_D1_Craig_Bampton,B1,1,Craig_Bampton,full-grid,1473,21,65,104,1.0070194474855321,1.0030009189342068,-0.089873935215963499,0,0,1,UNSTABLE,3.6159408844713626e-16,1.22050306014367e-16,1
B1_D1_Craig_Bampton,B1,1,Craig_Bampton,full-grid,1474,21,66,105,1.007432391930559,1.0033821169293144,-0.090246062171016439,0,0,1,UNSTABLE,2.4965816652071688e-16,1.2205030601189525e-16,1
B1_D1_Craig_Bampton,B1,1,Craig_Bampton,full-grid,1475,22,0,40,1.006590105482897,1.0023289397493,-0.09252208923880649,0,0,1,UNSTABLE,1.6631174290588894e-16,1.3204866087315512e-16,1
B1_D1_Craig_Bampton,B1,1,Craig_Bampton,full-grid,1476,22,1,41,1.0071811697954889,1.0028911365837279,-0.092861601065283489,0,0,1,UNSTABLE,1.8900427694508939e-16,1.2205030601189525e-16,1
B1_D1_Craig_Bampton,B1,1,Craig_Bampton,full-grid,1477,22,2,42,1.0077958473204192,1.0034821536690204,-0.09314524756564975,0,0,1,UNSTABLE,6.501103694356747e-16,1.2205030601189525e-16,1
B1_D1_Craig_Bampton,B1,1,Craig_Bampton,full-grid,1478,22,3,43,1.0084273484088246,1.0040955488581322,-0.09336940495761463,0,0,1,UNSTABLE,1.9633309855452366e-16,1.2205030601189525e-16,1
B1_D1_Craig_Bampton,B1,1,Craig_Bampton,full-grid,1479,22,4,44,1.0090683028079952,1.0047241951981993,-0.09353144559525671,0,0,1,UNSTABLE,3.8433863346068921e-16,1.2205030601436703e-16,1
B1_D1_Craig_Bampton,B1,1,Craig_Bampton,full-grid,1480,22,5,45,1.0097109897735679,1.0053604946937544,-0.093629902160834333,0,0,1,UNSTABLE,2.9893411518334804e-16,1.2205030601189523e-16,1
B1_D1_Craig_Bampton,B1,1,Craig_Bampton,full-grid,1481,22,6,46,1.0103476075229865,1.0059966381296999,-0.093664572273429059,0,0,1,UNSTABLE,2.106665477820575e-16,1.2205030601189523e-16,1
B1_D1_Craig_Bampton,B1,1,Craig_Bampton,full-grid,1482,22,7,47,1.0109705600369443,1.0066248904135793,-0.093636548747067436,0,0,1,UNSTABLE,2.9670464304043852e-16,1.2205030601189525e-16,1
B1_D1_Craig_Bampton,B1,1,Craig_Bampton,full-grid,1483,22,8,48,1.0115727349985935,1.0072378756858122,-0.093548169284420973,0,0,1,UNSTABLE,2.4189296113054036e-16,1.2205030601436703e-16,1
B1_D1_Craig_Bampton,B1,1,Craig_Bampton,full-grid,1484,22,9,49,1.0121477467883253,1.0078288354190374,-0.093402889819270293,0,0,1,UNSTABLE,1.7349713552010779e-16,1.2205030601189525e-16,1
B1_D1_Craig_Bampton,B1,1,Craig_Bampton,full-grid,1485,22,10,50,1.0126901232214931,1.0083918364427,-0.093205095708774277,0,0,1,UNSTABLE,3.8652682339740695e-16,1.2205030601189525e-16,1
B1_D1_Craig_Bampton,B1,1,Craig_Bampton,full-grid,1486,22,11,51,1.0131954230756395,1.0089219134780074,-0.092959872231516819,0,0,1,UNSTABLE,3.2215435737154906e-16,1.2205030601189525e-16,1
B1_D1_Craig_Bampton,B1,1,Craig_Bampton,full-grid,1487,22,12,52,1.0136602813502371,1.0094151404387781,-0.092672758888488596,0,0,1,UNSTABLE,2.5414194947548408e-16,1.2205030601436703e-16,1
B1_D1_Craig_Bampton,B1,1,Craig_Bampton,full-grid,1488,22,13,53,1.0140823883405221,1.0098686341430381,-0.092349510645656288,0,0,1,UNSTABLE,3.8591488456708236e-16,1.2205030601189525e-16,1
B1_D1_Craig_Bampton,B1,1,Craig_Bampton,full-grid,1489,22,14,54,1.0144604152301999,1.0102805012997691,-0.091995884486845023,0,0,1,UNSTABLE,3.4824272176660801e-16,1.2205030601189525e-16,1
B1_D1_Craig_Bampton,B1,1,Craig_Bampton,full-grid,1490,22,15,55,1.0147939022394576,1.0106497437170039,-0.091617463112337705,0,0,1,UNSTABLE,1.8917826388907851e-16,1.2205030601189525e-16,1
B1_D1_Craig_Bampton,B1,1,Craig_Bampton,full-grid,1491,22,16,56,1.0150831255980521,1.0109761376349193,-0.091219520973811571,0,0,1,UNSTABLE,1.380373097949671e-16,1.2205030601436703e-16,1
B1_D1_Craig_Bampton,B1,1,Craig_Bampton,full-grid,1492,22,17,57,1.0153289575829607,1.0112601016328999,-0.090806932289988998,0,0,1,UNSTABLE,2.5306970313714756e-16,1.2205030601189525e-16,1
B1_D1_Craig_Bampton,B1,1,Craig_Bampton,full-grid,1493,22,18,58,1.0155327306073121,1.0115025646835998,-0.090384116819513943,0,0,1,UNSTABLE,1.7840263868087394e-16,1.2205030601189525e-16,1
B1_D1_Craig_Bampton,B1,1,Craig_Bampton,full-grid,1494,22,19,59,1.0156961127946702,1.0117048425589648,-0.089955017030421067,0,0,1,UNSTABLE,3.8737522325953162e-16,1.2205030601189525e-16,1
B1_D1_Craig_Bampton,B1,1,Craig_Bampton,full-grid,1495,22,20,60,1.0158209992507941,1.0118685276051262,-0.089523099595109595,0,0,1,UNSTABLE,2.4644614927758386e-16,1.2205030601436703e-16,1
B1_D1_Craig_Bampton,B1,1,Craig_Bampton,full-grid,1496,22,21,61,1.0159094206808206,1.0119953942727911,-0.089091374434895496,0,0,1,UNSTABLE,1.533263799063488e-16,1.2205030601189523e-16,1
B1_D1_Craig_Bampton,B1,1,Craig_Bampton,full-grid,1497,22,22,62,1.0159634691759862,1.0120873208477033,-0.088662425409094039,0,0,1,UNSTABLE,4.892738698083746e-16,1.2205030601189523e-16,1
B1_D1_Craig_Bampton,B1,1,Craig_Bampton,full-grid,1498,22,23,63,1.0159852398443647,1.0121462265406684,-0.088238447862015082,0,0,1,UNSTABLE,2.5220160038915607e-16,1.2205030601189525e-16,1
B1_D1_Craig_Bampton,B1,1,Craig_Bampton,full-grid,1499,22,24,64,1.0159767863481455,1.01217402235498,-0.087821289378177791,0,0,1,UNSTABLE,2.9726894211891504e-16,1.2205030601436703e-16,1
B1_D1_Craig_Bampton,B1,1,Craig_Bampton,full-grid,1500,22,25,65,1.0159400881850589,1.0121725738120966,-0.087412491121470648,0,0,1,UNSTABLE,3.4373532794724118e-16,1.2205030601189525e-16,1
B1_D1_Craig_Bampton,B1,1,Craig_Bampton,full-grid,1501,22,26,66,1.0158770275788329,1.0121436735536973,-0.087013327988486072,0,0,1,UNSTABLE,2.7628893528032482e-16,1.2205030601189525e-16,1
B1_D1_Craig_Bampton,B1,1,Craig_Bampton,full-grid,1502,22,27,67,1.0157893740177781,1.0120890219440883,-0.086624846480025788,0,0,1,UNSTABLE,2.4675448417376104e-16,1.2205030601189525e-16,1
B1_D1_Craig_Bampton,B1,1,Craig_Bampton,full-grid,1503,22,28,68,1.015678774725945,1.0120102139930491,-0.086247899699295805,0,0,1,UNSTABLE,5.6411887556016667e-16,1.2205030601436703e-16,1
B1_D1_Craig_Bampton,B1,1,Craig_Bampton,full-grid,1504,22,29,69,1.0155467496178323,1.0119087311518808,-0.085883179249109376,0,0,1,UNSTABLE,1.7770869986174596e-16,1.2205030601189525e-16,1
B1_D1_Craig_Bampton,B1,1,Craig_Bampton,full-grid,1505,22,30,70,1.0153946895452506,1.0117859367710036,-0.085531244052208674,0,0,1,UNSTABLE,2.5599795932722036e-16,1.2205030601189525e-16,1
B1_D1_Craig_Bampton,B1,1,Craig_Bampton,full-grid,1506,22,31,71,1.0152238568784997,1.0116430742274813,-0.085192546286791682,0,0,1,UNSTABLE,2.0828708460916112e-16,1.2205030601189525e-16,1
B1_D1_Craig_Bampton,B1,1,Craig_Bampton,full-grid,1507,22,32,72,1.0150353876652571,1.0114812669246027,-0.084867454735955389,0,0,1,UNSTABLE,4.0151085670812109e-16,1.2205030601436703e-16,1
B1_D1_Craig_Bampton,B1,1,Craig_Bampton,full-grid,1508,22,33,73,1.0148302947809289,1.011301519532174,-0.084556275917657991,0,0,1,UNSTABLE,2.9419243067977087e-16,1.2205030601189525e-16,1
B1_D1_Craig_Bampton,B1,1,Craig_Bampton,full-grid,1509,22,34,74,1.0146094716234275,1.0111047199740444,-0.084259273401684306,0,0,1,UNSTABLE,1.5632331127754943e-16,1.2205030601189525e-16,1
B1_D1_Craig_Bampton,B1,1,Craig_Bampton,full-grid,1510,22,35,75,1.0143736960205023,1.010891641783932,-0.083976685750754385,0,0,1,UNSTABLE,2.0112503662738355e-16,1.2205030601189525e-16,1
B1_D1_Craig_Bampton,B1,1,Craig_Bampton,full-grid,1511,22,36,76,1.0141236341113329,1.0106629465440551,-0.083708743546089801,0,0,1,UNSTABLE,3.5771421665810139e-16,1.2205030601436703e-16,1
B1_D1_Craig_Bampton,B1,1,Craig_Bampton,full-grid,1512,22,37,77,1.0138598440439284,1.0104191861998422,-0.083455685989795345,0,0,1,UNSTABLE,3.085681370435912e-16,1.2205030601189523e-16,1
B1_D1_Craig_Bampton,B1,1,Craig_Bampton,full-grid,1513,22,38,78,1.0135827794006944,1.0101608051127318,-0.083217777617732816,0,0,1,UNSTABLE,2.3143836764320889e-16,1.2205030601189523e-16,1
B1_D1_Craig_Bampton,B1,1,Craig_Bampton,full-grid,1514,22,39,79,1.0132927923343733,1.0098881417787942,-0.082995325719980279,0,0,1,UNSTABLE,3.6593013154301971e-16,1.2205030601189525e-16,1
B1_D1_Craig_Bampton,B1,1,Craig_Bampton,full-grid,1515,22,40,80,1.0129901364737741,1.0096014302114487,-0.082788699157270634,0,0,1,UNSTABLE,2.1712577531807898e-16,1.2205030601436703e-16,1
B1_D1_Craig_Bampton,B1,1,Craig_Bampton,full-grid,1516,22,41,81,1.0126749697555923,1.0093008010733819,-0.082598349391009712,0,0,1,UNSTABLE,3.4124897836240597e-16,1.2205030601189525e-16,1
B1_D1_Craig_Bampton,B1,1,Craig_Bampton,full-grid,1517,22,42,82,1.0123473574720094,1.0089862827612825,-0.082424834729162996,0,0,1,UNSTABLE,3.7575513703257034e-16,1.2205030601189525e-16,1
B1_D1_Craig_Bampton,B1,1,Craig_Bampton,full-grid,1518,22,43,83,1.0120072760196777,1.0086578028222151,-0.082268849041601311,0,0,1,UNSTABLE,4.1624809701059603e-16,1.2205030601189525e-16,1
B1_D1_Craig_Bampton,B1,1,Craig_Bampton,full-grid,1519,22,44,84,1.0116546181344686,1.0083151903502243,-0.082131256545776604,0,0,1,UNSTABLE,2.8054006442121656e-16,1.2205030601436703e-16,1
B1_D1_Craig_Bampton,B1,1,Craig_Bampton,full-grid,1520,22,45,85,1.0112892008627719,1.0079581804386324,-0.082013134731610537,0,0,1,UNSTABLE,2.425055196895816e-16,1.2205030601189525e-16,1
B1_D1_Craig_Bampton,B1,1,Craig_Bampton,full-grid,1521,22,46,86,1.0109107782589324,1.0075864224490951,-0.081915828118340986,0,0,1,UNSTABLE,3.0514741259857755e-16,1.2205030601189525e-16,1
B1_D1_Craig_Bampton,B1,1,Craig_Bampton,full-grid,1522,22,47,87,1.0105190619815398,1.00719949497143,-0.081841016350896023,0,0,1,UNSTABLE,3.4195150083766205e-16,1.2205030601189525e-16,1
B1_D1_Craig_Bampton,B1,1,Craig_Bampton,full-grid,1523,22,48,88,1.0101137548745567,1.0067969321727626,-0.081790801159359508,0,0,1,UNSTABLE,5.632060748483234e-16,1.2205030601436703e-16,1
B1_D1_Craig_Bampton,B1,1,Craig_Bampton,full-grid,1524,22,49,89,1.0096946057347957,1.0063782692455616,-0.081767817876303273,0,0,1,UNSTABLE,4.5148594417029918e-16,1.2205030601189525e-16,1
B1_D1_Craig_Bampton,B1,1,Craig_Bampton,full-grid,1525,22,50,90,1.0092614985658359,1.0059431196604594,-0.081775378294079951,0,0,1,UNSTABLE,4.1450447766393621e-16,1.2205030601189525e-16,1
B1_D1_Craig_Bampton,B1,1,Craig_Bampton,full-grid,1526,22,51,91,1.0088145979598939,1.005491305226659,-0.081817651949762121,0,0,1,UNSTABLE,3.0482354233703494e-16,1.2205030601189525e-16,1
B1_D1_Craig_Bampton,B1,1,Craig_Bampton,full-grid,1527,22,52,92,1.008354585764424,1.0050230736386299,-0.081899890635486361,0,0,1,UNSTABLE,2.1952525908405228e-16,1.2205030601436703e-16,1
B1_D1_Craig_Bampton,B1,1,Craig_Bampton,full-grid,1528,22,53,93,1.0078830454581136,1.0045394601859425,-0.082028691634432327,0,0,1,UNSTABLE,1.9585344287091985e-16,1.2205030601189523e-16,1
B1_D1_Craig_Bampton,B1,1,Craig_Bampton,full-grid,1529,22,54,94,1.0074030817784245,1.0040428835713757,-0.082212268709384459,0,0,1,UNSTABLE,3.7422411811424067e-16,1.2205030601189523e-16,1
B1_D1_Craig_Bampton,B1,1,Craig_Bampton,full-grid,1530,22,55,95,1.0069203005458716,1.003538108620494,-0.082460634231068891,0,0,1,UNSTABLE,2.9418273273958981e-16,1.2205030601189525e-16,1
B1_D1_Craig_Bampton,B1,1,Craig_Bampton,full-grid,1531,22,56,96,1.0064442905968847,1.003033737966976,-0.082785449053938698,0,0,1,UNSTABLE,4.0641333580255935e-16,1.2205030601436703e-16,1
B1_D1_Craig_Bampton,B1,1,Craig_Bampton,full-grid,1532,22,57,97,1.0059906492155526,1.0025443186204943,-0.083199011477889398,0,0,1,UNSTABLE,5.5477966528938896e-16,1.2205030601189525e-16,1
B1_D1_Craig_Bampton,B1,1,Craig_Bampton,full-grid,1533,22,58,98,1.0055831222274618,1.0020927149198058,-0.0837114473258187,0,0,1,UNSTABLE,2.4699920491576619e-16,1.2205030601189525e-16,1
B1_D1_Craig_Bampton,B1,1,Craig_Bampton,full-grid,1534,22,59,99,1.0052542065129499,1.0017111878336431,-0.084325060811671917,0,0,1,UNSTABLE,2.0147481120069316e-16,1.2205030601189525e-16,1
B1_D1_Craig_Bampton,B1,1,Craig_Bampton,full-grid,1535,22,60,100,1.0050408735704968,1.0014377998879072,-0.085026410620552884,0,0,1,UNSTABLE,6.199473702197892e-16,1.2205030601436703e-16,1
B1_D1_Craig_Bampton,B1,1,Craig_Bampton,full-grid,1536,22,61,101,1.0049729249149322,1.0013052294265883,-0.085781217845407862,0,0,1,UNSTABLE,3.8815518207074717e-16,1.2205030601189525e-16,1
B1_D1_Craig_Bampton,B1,1,Craig_Bampton,full-grid,1537,22,62,102,1.005058944050617,1.0013262657240438,-0.086540109702282333,0,0,1,UNSTABLE,3.2127734176143287e-16,1.2205030601189525e-16,1
B1_D1_Craig_Bampton,B1,1,Craig_Bampton,full-grid,1538,22,63,103,1.0052819649222895,1.0014880970410862,-0.087254916669741001,0,0,1,UNSTABLE,2.1998755149638458e-16,1.2205030601189525e-16,1
B1_D1_Craig_Bampton,B1,1,Craig_Bampton,full-grid,1539,22,64,104,1.0056089749231827,1.0017605747434615,-0.087892896958194702,0,0,1,UNSTABLE,2.8023358573335257e-16,1.2205030601436703e-16,1
B1_D1_Craig_Bampton,B1,1,Craig_Bampton,full-grid,1540,22,65,105,1.0060044572964177,1.0021094670010215,-0.088439720980949557,0,0,1,UNSTABLE,2.5549908122958781e-16,1.2205030601189525e-16,1
B1_D1_Craig_Bampton,B1,1,Craig_Bampton,full-grid,1541,22,66,106,1.0064386322369998,1.0025051073371647,-0.088894489266673551,0,0,1,UNSTABLE,2.1003305382164319e-16,1.2205030601189525e-16,1
B1_D1_Craig_Bampton,B1,1,Craig_Bampton,full-grid,1542,23,0,41,1.0060134409824228,1.0018441457030944,-0.091495088161779703,0,0,1,UNSTABLE,1.4722150760215663e-16,1.3204866086300172e-16,1
B1_D1_Craig_Bampton,B1,1,Craig_Bampton,full-grid,1543,23,1,42,1.0066075093040192,1.0024093164611863,-0.091838118769162369,0,0,1,UNSTABLE,1.8209062133832785e-16,1.2205030600093825e-16,1
B1_D1_Craig_Bampton,B1,1,Craig_Bampton,full-grid,1544,23,2,43,1.0072255434418615,1.0030035489385976,-0.092125871384381067,0,0,1,UNSTABLE,1.6662990718852959e-16,1.2205030600093825e-16,1
B1_D1_Craig_Bampton,B1,1,Craig_Bampton,full-grid,1545,23,3,44,1.007860886864939,1.003620536705514,-0.092354672730281778,0,0,1,UNSTABLE,3.058976674512322e-16,1.22050306014367e-16,1
B1_D1_Craig_Bampton,B1,1,Craig_Bampton,full-grid,1546,23,4,45,1.0085062894517787,1.0042532789889398,-0.092521821770633825,0,0,1,UNSTABLE,1.6479332193675135e-16,1.2205030601189523e-16,1
B1_D1_Craig_Bampton,B1,1,Craig_Bampton,full-grid,1547,23,5,46,1.0091541324583562,1.0048942892339872,-0.092625755180172409,0,0,1,UNSTABLE,3.5519317962151147e-16,1.2205030601189523e-16,1
B1_D1_Craig_Bampton,B1,1,Craig_Bampton,full-grid,1548,23,6,47,1.0097966930739357,1.0055358497293689,-0.092666154836014328,0,0,1,UNSTABLE,2.3680429302540901e-16,1.2205030601189525e-16,1
B1_D1_Craig_Bampton,B1,1,Craig_Bampton,full-grid,1549,23,7,48,1.0104264272352999,1.0061702924113045,-0.09264398266721105,0,0,1,UNSTABLE,2.4053639155717314e-16,1.2205030601436703e-16,1
B1_D1_Craig_Bampton,B1,1,Craig_Bampton,full-grid,1550,23,8,49,1.0110362451693871,1.0067902808102627,-0.092561436420387264,0,0,1,UNSTABLE,1.8127149072291143e-16,1.2205030601189525e-16,1
B1_D1_Craig_Bampton,B1,1,Craig_Bampton,full-grid,1551,23,9,50,1.0116197540867113,1.0073890669456569,-0.092421829979813061,0,0,1,UNSTABLE,2.3533885809532098e-16,1.2205030601189525e-16,1
B1_D1_Craig_Bampton,B1,1,Craig_Bampton,full-grid,1552,23,10,51,1.0121714468761496,1.0079607003758142,-0.09222941162804818,0,0,1,UNSTABLE,4.6403024580821514e-16,1.2205030601189525e-16,1
B1_D1_Craig_Bampton,B1,1,Craig_Bampton,full-grid,1553,23,11,52,1.0126868236072215,1.0085001738596966,-0.091989140840890979,0,0,1,UNSTABLE,2.3388675393539832e-16,1.22050306014367e-16,1
B1_D1_Craig_Bampton,B1,1,Craig_Bampton,full-grid,1554,23,12,53,1.013162442201643,1.0090034993945129,-0.091706447415788248,0,0,1,UNSTABLE,3.5759158174239679e-16,1.2205030601189525e-16,1
B1_D1_Craig_Bampton,B1,1,Craig_Bampton,full-grid,1555,23,13,54,1.0135959035945536,1.0094677175640516,-0.091386995681462788,0,0,1,UNSTABLE,1.9883235733070874e-16,1.2205030601189525e-16,1
B1_D1_Craig_Bampton,B1,1,Craig_Bampton,full-grid,1556,23,14,55,1.0139857833353885,1.0098908503157351,-0.091036472113340941,0,0,1,UNSTABLE,4.224058280660293e-16,1.2205030601189525e-16,1
B1_D1_Craig_Bampton,B1,1,Craig_Bampton,full-grid,1557,23,15,56,1.014331525064788,1.0102718114859808,-0.090660408432201939,0,0,1,UNSTABLE,2.7923856798377209e-16,1.2205030601436703e-16,1
B1_D1_Craig_Bampton,B1,1,Craig_Bampton,full-grid,1558,23,16,57,1.0146333117669581,1.0106102905592751,-0.090264045792787628,0,0,1,UNSTABLE,2.7347733336098591e-16,1.2205030601189525e-16,1
B1_D1_Craig_Bampton,B1,1,Craig_Bampton,full-grid,1559,23,17,58,1.0148919288973191,1.0109066239156737,-0.089852240174274109,0,0,1,UNSTABLE,3.1439568645402327e-16,1.2205030601189525e-16,1
B1_D1_Craig_Bampton,B1,1,Craig_Bampton,full-grid,1560,23,18,59,1.015108630416341,1.0111616651333071,-0.089429405178484231,0,0,1,UNSTABLE,1.8744038811525587e-16,1.2205030601189525e-16,1
B1_D1_Craig_Bampton,B1,1,Craig_Bampton,full-grid,1561,23,19,60,1.015285015323552,1.0113766626707839,-0.088999486208926157,0,0,1,UNSTABLE,3.4380835172403343e-16,1.22050306014367e-16,1
B1_D1_Craig_Bampton,B1,1,Craig_Bampton,full-grid,1562,23,20,61,1.0154229191167228,1.0115531501313724,-0.088565959187623652,0,0,1,UNSTABLE,2.9428959359743797e-16,1.2205030601189523e-16,1
B1_D1_Craig_Bampton,B1,1,Craig_Bampton,full-grid,1563,23,21,62,1.0155243220421961,1.0116928516972932,-0.08813184716015518,0,0,1,UNSTABLE,3.698452143802555e-16,1.2205030601189523e-16,1
B1_D1_Craig_Bampton,B1,1,Craig_Bampton,full-grid,1564,23,22,63,1.0155912741535149,1.0117976033644036,-0.087699748932417054,0,0,1,UNSTABLE,4.0733876751489473e-16,1.2205030601189525e-16,1
B1_D1_Craig_Bampton,B1,1,Craig_Bampton,full-grid,1565,23,23,64,1.0156258360084791,1.0118692892914103,-0.087271874947306469,0,0,1,UNSTABLE,1.6253448095764332e-16,1.2205030601436703e-16,1
B1_D1_Craig_Bampton,B1,1,Craig_Bampton,full-grid,1566,23,24,65,1.0156300331821961,1.0119097917994369,-0.086850086713194205,0,0,1,UNSTABLE,1.6743115556074299e-16,1.2205030601189525e-16,1
B1_D1_Craig_Bampton,B1,1,Craig_Bampton,full-grid,1567,23,25,66,1.0156058225120701,1.0119209531861402,-0.08643593710530427,0,0,1,UNSTABLE,1.8658591668160381e-16,1.2205030601189525e-16,1
B1_D1_Craig_Bampton,B1,1,Craig_Bampton,full-grid,1568,23,26,67,1.0155550679879823,1.0119045474266217,-0.086030709711122547,0,0,1,UNSTABLE,1.6247674369948815e-16,1.2205030601189525e-16,1
B1_D1_Craig_Bampton,B1,1,Craig_Bampton,full-grid,1569,23,27,68,1.0154795243519255,1.0118622599161113,-0.08563545606506956,0,0,1,UNSTABLE,2.2366156578524194e-16,1.22050306014367e-16,1
B1_D1_Craig_Bampton,B1,1,Craig_Bampton,full-grid,1570,23,28,69,1.0153808267000417,1.0117956735883287,-0.08525103012867466,0,0,1,UNSTABLE,3.8369516322491218e-16,1.2205030601189525e-16,1
B1_D1_Craig_Bampton,B1,1,Craig_Bampton,full-grid,1571,23,29,70,1.0152604846343947,1.0117062599634155,-0.084878119741803162,0,0,1,UNSTABLE,1.5674406584877118e-16,1.2205030601189525e-16,1
B1_D1_Craig_Bampton,B1,1,Craig_Bampton,full-grid,1572,23,30,71,1.0151198797618304,1.0115953739066819,-0.084517275028680644,0,0,1,UNSTABLE,3.4814990131946947e-16,1.2205030601189525e-16,1
B1_D1_Craig_Bampton,B1,1,Craig_Bampton,full-grid,1573,23,31,72,1.0149602655640777,1.0114642510922012,-0.084168933915049093,0,0,1,UNSTABLE,2.8630711776085435e-16,1.2205030601436703e-16,1
B1_D1_Craig_Bampton,B1,1,Craig_Bampton,full-grid,1574,23,32,73,1.0147827688611391,1.0113140073551732,-0.083833445024647277,0,0,1,UNSTABLE,1.4556892681192467e-16,1.2205030601189525e-16,1
B1_D1_Craig_Bampton,B1,1,Craig_Bampton,full-grid,1575,23,33,74,1.0145883922548549,1.0111456392779004,-0.083511088291180716,0,0,1,UNSTABLE,3.9180146321655121e-16,1.2205030601189525e-16,1
B1_D1_Craig_Bampton,B1,1,Craig_Bampton,full-grid,1576,23,34,75,1.0143780170753158,1.0109600254883242,-0.083202093665343008,0,0,1,UNSTABLE,1.8905772782385378e-16,1.2205030601189525e-16,1
B1_D1_Craig_Bampton,B1,1,Craig_Bampton,full-grid,1577,23,35,76,1.0141524064610321,1.0107579282579795,-0.082906658323319546,0,0,1,UNSTABLE,4.6979862941627874e-16,1.22050306014367e-16,1
B1_D1_Craig_Bampton,B1,1,Craig_Bampton,full-grid,1578,23,36,77,1.0139122082898129,1.0105399950720853,-0.082624962806858479,0,0,1,UNSTABLE,3.1107296633270216e-16,1.2205030601189523e-16,1
B1_D1_Craig_Bampton,B1,1,Craig_Bampton,full-grid,1579,23,37,78,1.0136579577456633,1.0103067599123421,-0.082357186550622463,0,0,1,UNSTABLE,3.8586074333102018e-16,1.2205030601189523e-16,1
B1_D1_Craig_Bampton,B1,1,Craig_Bampton,full-grid,1580,23,38,79,1.0133900793616091,1.0100586440459203,-0.082103523290083885,0,0,1,UNSTABLE,3.2549855843507951e-16,1.2205030601189525e-16,1
B1_D1_Craig_Bampton,B1,1,Craig_Bampton,full-grid,1581,23,39,80,1.0131088884258272,1.0097959561582646,-0.081864196898470507,0,0,1,UNSTABLE,2.7864192016222286e-16,1.2205030601436703e-16,1
B1_D1_Craig_Bampton,B1,1,Craig_Bampton,full-grid,1582,23,40,81,1.0128145916830698,1.0095188917062181,-0.081639478283439801,0,0,1,UNSTABLE,4.0432712296627175e-16,1.2205030601189525e-16,1
B1_D1_Craig_Bampton,B1,1,Craig_Bampton,full-grid,1583,23,41,82,1.0125072873147061,1.0092275314101693,-0.081429704095745944,0,0,1,UNSTABLE,2.4580211810122751e-16,1.2205030601189525e-16,1
B1_D1_Craig_Bampton,B1,1,Craig_Bampton,full-grid,1584,23,42,83,1.0121869642472983,1.0089218388570469,-0.081235298174355652,0,0,1,UNSTABLE,2.8245780847418411e-16,1.2205030601189525e-16,1
B1_D1_Craig_Bampton,B1,1,Craig_Bampton,full-grid,1585,23,43,84,1.0118535009405611,1.0086016572671719,-0.081056796899363029,0,0,1,UNSTABLE,4.6432951429847002e-16,1.22050306014367e-16,1
B1_D1_Craig_Bampton,B1,1,Craig_Bampton,full-grid,1586,23,44,85,1.0115066639644577,1.0082667056086323,-0.080894879971614556,0,0,1,UNSTABLE,4.1031379543083866e-16,1.2205030601189525e-16,1
B1_D1_Craig_Bampton,B1,1,Craig_Bampton,full-grid,1587,23,45,86,1.0111461069363163,1.0079165744639087,-0.080750408626880626,0,0,1,UNSTABLE,2.2772682320440667e-16,1.2205030601189525e-16,1
B1_D1_Craig_Bampton,B1,1,Craig_Bampton,full-grid,1588,23,46,87,1.0107713708239781,1.0075507224319609,-0.080624473977926589,0,0,1,UNSTABLE,3.5554720855510076e-16,1.2205030601189525e-16,1
B1_D1_Craig_Bampton,B1,1,Craig_Bampton,full-grid,1589,23,47,88,1.0103818873516659,1.0071684744996163,-0.08051845914093464,0,0,1,UNSTABLE,2.1997193550785719e-16,1.2205030601436703e-16,1
B1_D1_Craig_Bampton,B1,1,Craig_Bampton,full-grid,1590,23,48,89,1.0099769884842884,1.0067690249432877,-0.080434120138995022,0,0,1,UNSTABLE,2.0933525467806513e-16,1.2205030601189525e-16,1
B1_D1_Craig_Bampton,B1,1,Craig_Bampton,full-grid,1591,23,49,90,1.0095559270819914,1.0063514492826489,-0.080373692419170528,0,0,1,UNSTABLE,2.9102380504770266e-16,1.2205030601189525e-16,1
B1_D1_Craig_Bampton,B1,1,Craig_Bampton,full-grid,1592,23,50,91,1.0091179174670335,1.005914733248328,-0.080340032281223814,0,0,1,UNSTABLE,5.4015430248743347e-16,1.2205030601189525e-16,1
B1_D1_Craig_Bampton,B1,1,Craig_Bampton,full-grid,1593,23,51,92,1.008662210991295,1.0054578328027235,-0.080336805621698315,0,0,1,UNSTABLE,4.4859598559403372e-16,1.22050306014367e-16,1
B1_D1_Craig_Bampton,B1,1,Craig_Bampton,full-grid,1594,23,52,93,1.0081882328117524,1.0049797900693087,-0.080368739770713696,0,0,1,UNSTABLE,3.763774485625899e-16,1.2205030601189523e-16,1
B1_D1_Craig_Bampton,B1,1,Craig_Bampton,full-grid,1595,23,53,94,1.0076958256037825,1.0044799493315044,-0.080441956280706425,0,0,1,UNSTABLE,2.5155433523405752e-16,1.2205030601189523e-16,1
B1_D1_Craig_Bampton,B1,1,Craig_Bampton,full-grid,1596,23,54,95,1.0071856799316175,1.0039583515072401,-0.080564398453532193,0,0,1,UNSTABLE,1.7109800355906462e-16,1.2205030601189525e-16,1
B1_D1_Craig_Bampton,B1,1,Craig_Bampton,full-grid,1597,23,55,96,1.0066600882463863,1.003416444589281,-0.080746343545875801,0,0,1,UNSTABLE,4.5069955526183939e-16,1.2205030601436703e-16,1
B1_D1_Craig_Bampton,B1,1,Craig_Bampton,full-grid,1598,23,56,97,1.0061242471790688,1.0028583415697456,-0.081000910523447031,0,0,1,UNSTABLE,1.8726007067586479e-16,1.2205030601189525e-16,1
B1_D1_Craig_Bampton,B1,1,Craig_Bampton,full-grid,1599,23,57,98,1.0055884316093808,1.0022929740639479,-0.081344255658656578,0,0,1,UNSTABLE,2.408384278297315e-16,1.2205030601189525e-16,1
B1_D1_Craig_Bampton,B1,1,Craig_Bampton,full-grid,1600,23,58,99,1.0050713327041594,1.0017375019996477,-0.081794626420205394,0,0,1,UNSTABLE,6.3496543527258317e-16,1.2205030601189525e-16,1
B1_D1_Craig_Bampton,B1,1,Craig_Bampton,full-grid,1601,23,59,100,1.0046041691342842,1.0012217390607936,-0.082368476215514977,0,0,1,UNSTABLE,3.9384868165013754e-16,1.22050306014367e-16,1
B1_D1_Craig_Bampton,B1,1,Craig_Bampton,full-grid,1602,23,60,101,1.004232700175663,1.0007909409061437,-0.083071106302364611,0,0,1,UNSTABLE,3.8904867577229929e-16,1.2205030601189525e-16,1
B1_D1_Craig_Bampton,B1,1,Craig_Bampton,full-grid,1603,23,61,102,1.0040099692618922,1.0004997616980011,-0.083882329602297134,0,0,1,UNSTABLE,3.5498416970853847e-16,1.2205030601189525e-16,1
B1_D1_Craig_Bampton,B1,1,Craig_Bampton,full-grid,1604,23,62,103,1.0039743468410121,1.0003910081048029,-0.084748569415022262,0,0,1,UNSTABLE,4.3709346121578566e-16,1.2205030601189525e-16,1
B1_D1_Craig_Bampton,B1,1,Craig_Bampton,full-grid,1605,23,63,104,1.0041264313612728,1.0004713149108297,-0.085598120300158176,0,0,1,UNSTABLE,2.9542625058044887e-16,1.2205030601436703e-16,1
B1_D1_Craig_Bampton,B1,1,Craig_Bampton,full-grid,1606,23,64,105,1.0044302735214159,1.0007098034536761,-0.086371659923909036,0,0,1,UNSTABLE,4.4850063028924687e-16,1.2205030601189525e-16,1
B1_D1_Craig_Bampton,B1,1,Craig_Bampton,full-grid,1607,23,65,106,1.004836174233068,1.0010594288904997,-0.087038823962502204,0,0,1,UNSTABLE,2.5581611856147091e-16,1.2205030601189525e-16,1
B1_D1_Craig_Bampton,B1,1,Craig_Bampton,full-grid,1608,23,66,107,1.0053001374371009,1.0014767623914891,-0.087593725351277504,0,0,1,UNSTABLE,4.1236429465802833e-16,1.2205030601189525e-16,1
B1_D1_Craig_Bampton,B1,1,Craig_Bampton,full-grid,1609,24,0,42,1.0054802161288645,1.0038752633779986,-0.056788384413556832,0,0,1,UNSTABLE,2.6003836550560726e-16,1.3204866086300174e-16,1
B1_D1_Craig_Bampton,B1,1,Craig_Bampton,full-grid,1610,24,1,43,1.0059836142243685,1.0018702648369491,-0.090879065375170501,0,0,1,UNSTABLE,2.6926308639007137e-16,1.2205030600093825e-16,1
B1_D1_Craig_Bampton,B1,1,Craig_Bampton,full-grid,1611,24,2,44,1.0066048468872375,1.0024675939278929,-0.091170394873008043,0,0,1,UNSTABLE,1.8638089439961941e-16,1.22050306014367e-16,1
B1_D1_Craig_Bampton,B1,1,Craig_Bampton,full-grid,1612,24,3,45,1.0072439313935544,1.0030881145872406,-0.091403346235016308,0,0,1,UNSTABLE,1.5766379120458206e-16,1.2205030601189523e-16,1
B1_D1_Craig_Bampton,B1,1,Craig_Bampton,full-grid,1613,24,4,46,1.0078937348337065,1.0037249507679333,-0.091575127206832918,0,0,1,UNSTABLE,2.7785467161743732e-16,1.2205030601189523e-16,1
B1_D1_Craig_Bampton,B1,1,Craig_Bampton,full-grid,1614,24,5,47,1.0085467342230978,1.0043707223411698,-0.091684061951642984,0,0,1,UNSTABLE,1.8235723232385978e-16,1.2205030601189525e-16,1
B1_D1_Craig_Bampton,B1,1,Craig_Bampton,full-grid,1615,24,6,48,1.0091952766674259,1.0050177949476715,-0.091729702312623757,0,0,1,UNSTABLE,2.3893551815941456e-16,1.2205030601436703e-16,1
B1_D1_Craig_Bampton,B1,1,Craig_Bampton,full-grid,1616,24,7,49,1.0098318589610065,1.0056585569780854,-0.091712867959720168,0,0,1,UNSTABLE,1.6871537540737142e-16,1.2205030601189525e-16,1
B1_D1_Craig_Bampton,B1,1,Craig_Bampton,full-grid,1617,24,8,50,1.0104494016600549,1.0062856992635831,-0.091635608650590283,0,0,1,UNSTABLE,2.4304933878569467e-16,1.2205030601189525e-16,1
B1_D1_Craig_Bampton,B1,1,Craig_Bampton,full-grid,1618,24,9,51,1.0110414924232323,1.0068924717331706,-0.09150109162443236,0,0,1,UNSTABLE,2.4386391998687944e-16,1.2205030601189525e-16,1
B1_D1_Craig_Bampton,B1,1,Craig_Bampton,full-grid,1619,24,10,52,1.0116025775083362,1.007472894386013,-0.091313426717974849,0,0,1,UNSTABLE,1.682368356502648e-16,1.2205030601436703e-16,1
B1_D1_Craig_Bampton,B1,1,Craig_Bampton,full-grid,1620,24,11,53,1.0121280879001622,1.008021906805181,-0.091077449005148178,0,0,1,UNSTABLE,1.942113187002697e-16,1.2205030601189525e-16,1
B1_D1_Craig_Bampton,B1,1,Craig_Bampton,full-grid,1621,24,12,54,1.012614495808607,1.0085354494312981,-0.090798482157624316,0,0,1,UNSTABLE,3.7465763933496027e-16,1.2205030601189525e-16,1
B1_D1_Craig_Bampton,B1,1,Craig_Bampton,full-grid,1622,24,13,55,1.0130593061003881,1.0090104788131666,-0.090482104981174025,0,0,1,UNSTABLE,2.4515620462696939e-16,1.2205030601189525e-16,1
B1_D1_Craig_Bampton,B1,1,Craig_Bampton,full-grid,1623,24,14,56,1.013460993896631,1.0094449262354304,-0.090133939487262671,0,0,1,UNSTABLE,2.1678141453632066e-16,1.22050306014367e-16,1
B1_D1_Craig_Bampton,B1,1,Craig_Bampton,full-grid,1624,24,15,57,1.0138189032261988,1.0098376134648972,-0.089759472872191229,0,0,1,UNSTABLE,3.351122631255965e-16,1.2205030601189525e-16,1
B1_D1_Craig_Bampton,B1,1,Craig_Bampton,full-grid,1625,24,16,58,1.0141331223196755,1.0101881407371738,-0.08936391945201265,0,0,1,UNSTABLE,1.5138537130046506e-16,1.2205030601189525e-16,1
B1_D1_Craig_Bampton,B1,1,Craig_Bampton,full-grid,1626,24,17,59,1.014404349551892,1.0104967610929272,-0.088952123136553998,0,0,1,UNSTABLE,2.9934079363412176e-16,1.2205030601189525e-16,1
B1_D1_Craig_Bampton,B1,1,Craig_Bampton,full-grid,1627,24,18,60,1.0146337611440133,1.0107642526625429,-0.088528497066071674,0,0,1,UNSTABLE,2.5340177221527442e-16,1.22050306014367e-16,1
B1_D1_Craig_Bampton,B1,1,Craig_Bampton,full-grid,1628,24,19,61,1.014822888402702,1.0109917973706486,-0.088096994700548117,0,0,1,UNSTABLE,2.6679358448732974e-16,1.2205030601189523e-16,1
B1_D1_Craig_Bampton,B1,1,Craig_Bampton,full-grid,1629,24,20,62,1.0149735091472918,1.0111808714635622,-0.087661105725165639,0,0,1,UNSTABLE,2.215441791328148e-16,1.2205030601189523e-16,1
B1_D1_Craig_Bampton,B1,1,Craig_Bampton,full-grid,1630,24,21,63,1.0150875554132559,1.0113331506565921,-0.087223870229832343,0,0,1,UNSTABLE,1.4221124410803906e-16,1.2205030601189525e-16,1
B1_D1_Craig_Bampton,B1,1,Craig_Bampton,full-grid,1631,24,22,64,1.0151670376426407,1.011450430719639,-0.086787905339345953,0,0,1,UNSTABLE,2.0195787891327167e-16,1.2205030601436703e-16,1
B1_D1_Craig_Bampton,B1,1,Craig_Bampton,full-grid,1632,24,23,65,1.0152139843432864,1.0115345629674235,-0.08635543948399492,0,0,1,UNSTABLE,2.1701774192647501e-16,1.2205030601189525e-16,1
B1_D1_Craig_Bampton,B1,1,Craig_Bampton,full-grid,1633,24,24,66,1.0152303955048498,1.011587403304536,-0.085928350574883433,0,0,1,UNSTABLE,1.6414311646624102e-16,1.2205030601189525e-16,1
B1_D1_Craig_Bampton,B1,1,Craig_Bampton,full-grid,1634,24,25,67,1.0152182077607346,1.011610773068214,-0.085508205344564173,0,0,1,UNSTABLE,1.9381779813121574e-16,1.2205030601189525e-16,1
B1_D1_Craig_Bampton,B1,1,Craig_Bampton,full-grid,1635,24,26,68,1.0151792692529851,1.0116064297909912,-0.085096297960305628,0,0,1,UNSTABLE,2.0733030782893094e-16,1.2205030601436703e-16,1
B1_D1_Craig_Bampton,B1,1,Craig_Bampton,full-grid,1636,24,27,69,1.0151153222854923,1.0115760460651089,-0.084693686695406917,0,0,1,UNSTABLE,2.5015474838269662e-16,1.2205030601189525e-16,1
B1_D1_Craig_Bampton,B1,1,Craig_Bampton,full-grid,1637,24,28,70,1.0150279920637695,1.0115211948532541,-0.084301227960528691,0,0,1,UNSTABLE,2.8205951585114412e-16,1.2205030601189525e-16,1
B1_D1_Craig_Bampton,B1,1,Craig_Bampton,full-grid,1638,24,29,71,1.0149187800630994,1.0114433397985823,-0.083919607374317931,0,0,1,UNSTABLE,4.1199049607490367e-16,1.2205030601189525e-16,1
B1_D1_Craig_Bampton,B1,1,Craig_Bampton,full-grid,1639,24,30,72,1.0147890608096062,1.0113438293064276,-0.083549367817201417,0,0,1,UNSTABLE,2.3579891720475254e-16,1.22050306014367e-16,1
B1_D1_Craig_Bampton,B1,1,Craig_Bampton,full-grid,1640,24,31,73,1.0146400810805425,1.0112238933773083,-0.083190934590062299,0,0,1,UNSTABLE,2.2886752416620603e-16,1.2205030601189525e-16,1
B1_D1_Craig_Bampton,B1,1,Craig_Bampton,full-grid,1641,24,32,74,1.0144729607246614,1.0110846423569397,-0.082844637915798047,0,0,1,UNSTABLE,2.1621648371615995e-16,1.2205030601189525e-16,1
B1_D1_Craig_Bampton,B1,1,Craig_Bampton,full-grid,1642,24,33,75,1.0142886944648444,1.0109270669261119,-0.082510733091924832,0,0,1,UNSTABLE,3.1637364654327712e-16,1.2205030601189525e-16,1
B1_D1_Craig_Bampton,B1,1,Craig_Bampton,full-grid,1643,24,34,76,1.0140881541779236,1.0107520387842281,-0.082189418646892998,0,0,1,UNSTABLE,4.3919507057872376e-16,1.22050306014367e-16,1
B1_D1_Craig_Bampton,B1,1,Craig_Bampton,full-grid,1644,24,35,77,1.0138720912496495,1.0105603115830784,-0.081880852878125548,0,0,1,UNSTABLE,2.2124240745449092e-16,1.2205030601189523e-16,1
B1_D1_Craig_Bampton,B1,1,Craig_Bampton,full-grid,1645,24,36,78,1.0136411386833266,1.0103525217479625,-0.081585169171632957,0,0,1,UNSTABLE,3.997619274837869e-16,1.2205030601189523e-16,1
B1_D1_Craig_Bampton,B1,1,Craig_Bampton,full-grid,1646,24,37,79,1.0133958126989915,1.0101291888815433,-0.081302490523749882,0,0,1,UNSTABLE,2.0479334114211867e-16,1.2205030601189525e-16,1
B1_D1_Craig_Bampton,B1,1,Craig_Bampton,full-grid,1647,24,38,80,1.0131365136027695,1.0098907154874366,-0.081032943717035108,0,0,1,UNSTABLE,2.674249306768832e-16,1.2205030601436703e-16,1
B1_D1_Craig_Bampton,B1,1,Craig_Bampton,full-grid,1648,24,39,81,1.0128635257341501,1.0096373857761063,-0.08077667364904012,0,0,1,UNSTABLE,2.61587785760582e-16,1.2205030601189525e-16,1
B1_D1_Craig_Bampton,B1,1,Craig_Bampton,full-grid,1649,24,40,82,1.0125770163184296,1.0093693633304257,-0.080533858384310417,0,0,1,UNSTABLE,2.9148789165556736e-16,1.2205030601189525e-16,1
B1_D1_Craig_Bampton,B1,1,Craig_Bampton,full-grid,1650,24,41,83,1.0122770330645277,1.0090866874134572,-0.08030472560726723,0,0,1,UNSTABLE,3.0699243492226347e-16,1.2205030601189525e-16,1
B1_D1_Craig_Bampton,B1,1,Craig_Bampton,full-grid,1651,24,42,84,1.0119635003617018,1.0087892677024617,-0.08008957131012287,0,0,1,UNSTABLE,2.9615520262288583e-16,1.2205030601436703e-16,1
B1_D1_Craig_Bampton,B1,1,Craig_Bampton,full-grid,1652,24,43,85,1.0116362139510438,1.0084768772377317,-0.079888781778387027,0,0,1,UNSTABLE,4.1615181475871164e-16,1.2205030601189525e-16,1
B1_D1_Craig_Bampton,B1,1,Craig_Bampton,full-grid,1653,24,44,86,1.0112948339918533,1.00814914339316,-0.07970286026390698,0,0,1,UNSTABLE,2.4178457194888656e-16,1.2205030601189525e-16,1
B1_D1_Craig_Bampton,B1,1,Craig_Bampton,full-grid,1654,24,45,87,1.0109388765343146,1.0078055367289676,-0.079532460209024256,0,0,1,UNSTABLE,1.8674592129659392e-16,1.2205030601189525e-16,1
B1_D1_Craig_Bampton,B1,1,Craig_Bampton,full-grid,1655,24,46,88,1.0105677035899352,1.0074453577122093,-0.079378427567909943,0,0,1,UNSTABLE,1.9316159936386651e-16,1.22050306014367e-16,1
B1_D1_Craig_Bampton,B1,1,Craig_Bampton,full-grid,1656,24,47,89,1.0101805123361076,1.007067721555476,-0.079241855762616734,0,0,1,UNSTABLE,3.0620153967475363e-16,1.2205030601189525e-16,1
B1_D1_Craig_Bampton,B1,1,Craig_Bampton,full-grid,1657,24,48,90,1.0097763246372984,1.0066715419530292,-0.079124158257266014,0,0,1,UNSTABLE,3.5861664536831202e-16,1.2205030601189525e-16,1
B1_D1_Craig_Bampton,B1,1,Craig_Bampton,full-grid,1658,24,49,91,1.0093539792662218,1.0062555155218185,-0.079027165851219106,0,0,1,UNSTABLE,4.0098143761194089e-16,1.2205030601189525e-16,1
B1_D1_Craig_Bampton,B1,1,Craig_Bampton,full-grid,1659,24,50,92,1.0089121314301255,1.0058181107216524,-0.078953258901736337,0,0,1,UNSTABLE,3.7045629748009698e-16,1.22050306014367e-16,1
B1_D1_Craig_Bampton,B1,1,Craig_Bampton,full-grid,1660,24,51,93,1.008449268336775,1.0053575687833951,-0.078905549227651764,0,0,1,UNSTABLE,4.7249828428771116e-16,1.2205030601189523e-16,1
B1_D1_Craig_Bampton,B1,1,Craig_Bampton,full-grid,1661,24,52,94,1.0079637572625966,1.0048719313577155,-0.078888132975407657,0,0,1,UNSTABLE,4.6402000232628365e-16,1.2205030601189523e-16,1
B1_D1_Craig_Bampton,B1,1,Craig_Bampton,full-grid,1662,24,53,95,1.0074539571948182,1.0043591234461329,-0.078906444717868243,0,0,1,UNSTABLE,2.0879751586014288e-16,1.2205030601189525e-16,1
B1_D1_Craig_Bampton,B1,1,Craig_Bampton,full-grid,1663,24,54,96,1.006918453017309,1.0038171471119024,-0.078967754120855244,0,0,1,UNSTABLE,2.4104002825533714e-16,1.2205030601436703e-16,1
B1_D1_Craig_Bampton,B1,1,Craig_Bampton,full-grid,1664,24,55,97,1.006356524823544,1.0032444942012324,-0.079081855756134217,0,0,1,UNSTABLE,6.775197240123964e-16,1.2205030601189525e-16,1
B1_D1_Craig_Bampton,B1,1,Craig_Bampton,full-grid,1665,24,56,98,1.0057690673651154,1.0026409891618056,-0.07926199417835901,0,0,1,UNSTABLE,2.6492236606717778e-16,1.2205030601189525e-16,1
B1_D1_Craig_Bampton,B1,1,Craig_Bampton,full-grid,1666,24,57,99,1.0051603627726207,1.0020094671915758,-0.079525986618465508,0,0,1,UNSTABLE,5.3730923195987383e-16,1.2205030601189525e-16,1
B1_D1_Craig_Bampton,B1,1,Craig_Bampton,full-grid,1667,24,58,100,1.0045414102664556,1.0013590184463625,-0.079897190915929325,0,0,1,UNSTABLE,3.1997335646954841e-16,1.2205030601436703e-16,1
B1_D1_Craig_Bampton,B1,1,Craig_Bampton,full-grid,1668,24,59,101,1.003935768729826,1.000710860937273,-0.080403983342421978,0,0,1,UNSTABLE,2.6616739704355263e-16,1.2205030601189525e-16,1
B1_D1_Craig_Bampton,B1,1,Craig_Bampton,full-grid,1669,24,60,102,1.0033879643450891,1.0001072003922311,-0.081074007648538601,0,0,1,UNSTABLE,2.148223861074074e-16,1.2205030601189525e-16,1
B1_D1_Craig_Bampton,B1,1,Craig_Bampton,full-grid,1670,24,61,103,1.0029688185701382,0.99961799643340998,-0.081916495472120751,0,0,1,UNSTABLE,3.5204554517761527e-16,1.2205030601189525e-16,1
B1_D1_Craig_Bampton,B1,1,Craig_Bampton,full-grid,1671,24,62,104,1.0027595755356606,0.99932752767987465,-0.082893056100541318,0,0,1,UNSTABLE,4.8662522490924466e-16,1.22050306014367e-16,1
B1_D1_Craig_Bampton,B1,1,Craig_Bampton,full-grid,1672,24,63,105,1.0028037688600211,0.99928709164999452,-0.083908922657594143,0,0,1,UNSTABLE,7.685177482211881e-16,1.2205030601189525e-16,1
B1_D1_Craig_Bampton,B1,1,Craig_Bampton,full-grid,1673,24,64,106,1.0030733806108021,0.99947745087633311,-0.084858895112593494,0,0,1,UNSTABLE,2.9662730556786985e-16,1.2205030601189525e-16,1
B1_D1_Craig_Bampton,B1,1,Craig_Bampton,full-grid,1674,24,65,107,1.0034969717499409,0.99983249320245293,-0.085680557000222896,0,0,1,UNSTABLE,1.6178365960801528e-16,1.2205030601189525e-16,1
B1_D1_Craig_Bampton,B1,1,Craig_Bampton,full-grid,1675,24,66,108,1.0040055711154956,1.0002846348064336,-0.086358764471894958,0,0,1,UNSTABLE,2.7498263438539571e-16,1.22050306014367e-16,1
B1_D1_Craig_Bampton,B1,1,Craig_Bampton,full-grid,1676,25,0,43,1.0058985301283787,1.0043071593259765,-0.056559549512181395,0,0,1,UNSTABLE,2.6040387072602971e-16,1.3204866086300172e-16,1
B1_D1_Craig_Bampton,B1,1,Craig_Bampton,full-grid,1677,25,1,44,1.0058487501562894,1.0042607791919207,-0.056497748342795202,0,0,1,UNSTABLE,3.0843804183006939e-16,1.22050306014367e-16,1
B1_D1_Craig_Bampton,B1,1,Craig_Bampton,full-grid,1678,25,2,45,1.0059423770829505,1.0018830870019904,-0.090279266671030658,0,0,1,UNSTABLE,4.2751377226703387e-16,1.2205030601189525e-16,1
B1_D1_Craig_Bampton,B1,1,Craig_Bampton,full-grid,1679,25,3,46,1.0065848819358558,1.0025068585375272,-0.090515872238183831,0,0,1,UNSTABLE,4.1879162660108299e-16,1.2205030601189523e-16,1
B1_D1_Craig_Bampton,B1,1,Craig_Bampton,full-grid,1680,25,4,47,1.007238830101169,1.0031475745211309,-0.090691811074339115,0,0,1,UNSTABLE,1.5086783197110768e-16,1.2205030601189525e-16,1
B1_D1_Craig_Bampton,B1,1,Craig_Bampton,full-grid,1681,25,5,48,1.0078967874844174,1.0037979555727734,-0.090805278532303135,0,0,1,UNSTABLE,1.4886632708448728e-16,1.2205030601436703e-16,1
B1_D1_Craig_Bampton,B1,1,Craig_Bampton,full-grid,1682,25,6,49,1.0085511616683274,1.0044504421356275,-0.090855682244289693,0,0,1,UNSTABLE,3.0315185968767445e-16,1.2205030601189525e-16,1
B1_D1_Craig_Bampton,B1,1,Craig_Bampton,full-grid,1683,25,7,50,1.0091944789977123,1.0050974682827247,-0.090843688229404487,0,0,1,UNSTABLE,2.0616215099655259e-16,1.2205030601189525e-16,1
B1_D1_Craig_Bampton,B1,1,Craig_Bampton,full-grid,1684,25,8,51,1.0098196580365497,1.0057317399853556,-0.090771190049944675,0,0,1,UNSTABLE,1.8989208640860141e-16,1.2205030601189525e-16,1
B1_D1_Craig_Bampton,B1,1,Craig_Bampton,full-grid,1685,25,9,52,1.0104202544352181,1.0063464924287264,-0.090641203375341803,0,0,1,UNSTABLE,2.683182213414747e-16,1.22050306014367e-16,1
B1_D1_Craig_Bampton,B1,1,Craig_Bampton,full-grid,1686,25,10,53,1.0109906560177246,1.0069357037421598,-0.090457697762163045,0,0,1,UNSTABLE,2.2014114014310056e-16,1.2205030601189525e-16,1
B1_D1_Craig_Bampton,B1,1,Craig_Bampton,full-grid,1687,25,11,54,1.0115262141484311,1.0074942490461893,-0.090225384722443111,0,0,1,UNSTABLE,3.9810150953163077e-16,1.2205030601189525e-16,1
B1_D1_Craig_Bampton,B1,1,Craig_Bampton,full-grid,1688,25,12,55,1.0120233064543425,1.0080179874375186,-0.089949484763364715,0,0,1,UNSTABLE,2.5848700683147611e-16,1.2205030601189525e-16,1
B1_D1_Craig_Bampton,B1,1,Craig_Bampton,full-grid,1689,25,13,56,1.0124793347103513,1.0085037834014943,-0.089635495649811506,0,0,1,UNSTABLE,2.3231660557921808e-16,1.2205030601436703e-16,1
B1_D1_Craig_Bampton,B1,1,Craig_Bampton,full-grid,1690,25,14,57,1.0128926684338546,1.0089494713580747,-0.089288980357690548,0,0,1,UNSTABLE,3.1922661817534804e-16,1.2205030601189525e-16,1
B1_D1_Craig_Bampton,B1,1,Craig_Bampton,full-grid,1691,25,15,58,1.013262548580528,1.0093537765486162,-0.088915387436330692,0,0,1,UNSTABLE,2.0867731080426919e-16,1.2205030601189525e-16,1
B1_D1_Craig_Bampton,B1,1,Craig_Bampton,full-grid,1692,25,16,59,1.0135889666612801,1.0097162070696259,-0.088519910293730061,0,0,1,UNSTABLE,2.6034253435748625e-16,1.2205030601189525e-16,1
B1_D1_Craig_Bampton,B1,1,Craig_Bampton,full-grid,1693,25,17,60,1.0138725332419682,1.0100369310636903,-0.088107386466333676,0,0,1,UNSTABLE,3.4182633673740806e-16,1.22050306014367e-16,1
B1_D1_Craig_Bampton,B1,1,Craig_Bampton,full-grid,1694,25,18,61,1.0141143470507199,1.0103166507346075,-0.08768223390466838,0,0,1,UNSTABLE,2.3514713294583954e-16,1.2205030601189525e-16,1
B1_D1_Craig_Bampton,B1,1,Craig_Bampton,full-grid,1695,25,19,62,1.0143158726769892,1.0105564818305415,-0.087248418866821595,0,0,1,UNSTABLE,2.1618264237212351e-16,1.2205030601189523e-16,1
B1_D1_Craig_Bampton,B1,1,Craig_Bampton,full-grid,1696,25,20,63,1.0144788317525302,1.0107578442155838,-0.086809448970973022,0,0,1,UNSTABLE,1.3774671606492793e-16,1.2205030601189525e-16,1
B1_D1_Craig_Bampton,B1,1,Craig_Bampton,full-grid,1697,25,21,64,1.0146051099306996,1.0109223665434364,-0.086368384954826002,0,0,1,UNSTABLE,1.6787514461026062e-16,1.2205030601436703e-16,1
B1_D1_Craig_Bampton,B1,1,Craig_Bampton,full-grid,1698,25,22,65,1.0146966800681008,1.0110518060416434,-0.085927865335737375,0,0,1,UNSTABLE,2.5948912194630904e-16,1.2205030601189525e-16,1
B1_D1_Craig_Bampton,B1,1,Craig_Bampton,full-grid,1699,25,23,66,1.0147555407399589,1.0111479830241539,-0.08549013913096605,0,0,1,UNSTABLE,1.7663901908973786e-16,1.2205030601189525e-16,1
B1_D1_Craig_Bampton,B1,1,Craig_Bampton,full-grid,1700,25,24,67,1.0147836684829599,1.0112127288929893,-0.085057102845837645,0,0,1,UNSTABLE,3.0928844923198807e-16,1.2205030601189525e-16,1
B1_D1_Craig_Bampton,B1,1,Craig_Bampton,full-grid,1701,25,25,68,1.0147829818234604,1.0112478459469183,-0.0846303389230562,0,0,1,UNSTABLE,1.9454628759616856e-16,1.22050306014367e-16,1
B1_D1_Craig_Bampton,B1,1,Craig_Bampton,full-grid,1702,25,26,69,1.014755315086876,1.01125507716439,-0.084211153693015309,0,0,1,UNSTABLE,2.0724332217583401e-16,1.2205030601189525e-16,1
B1_D1_Craig_Bampton,B1,1,Craig_Bampton,full-grid,1703,25,27,70,1.01470240009113,1.0112360841661605,-0.083800613547809419,0,0,1,UNSTABLE,2.3893027749946532e-16,1.2205030601189525e-16,1
B1_D1_Craig_Bampton,B1,1,Craig_Bampton,full-grid,1704,25,28,71,1.0146258540243227,1.0111924317093266,-0.083399578586257558,0,0,1,UNSTABLE,2.5385764586383284e-16,1.2205030601189525e-16,1
B1_D1_Craig_Bampton,B1,1,Craig_Bampton,full-grid,1705,25,29,72,1.0145271720407583,1.0111255772625993,-0.083008733362180676,0,0,1,UNSTABLE,3.6876644942001174e-16,1.2205030601436703e-16,1
B1_D1_Craig_Bampton,B1,1,Craig_Bampton,full-grid,1706,25,30,73,1.0144077233450643,1.011036864424244,-0.082628614639902953,0,0,1,UNSTABLE,2.2013892844508187e-16,1.2205030601189525e-16,1
B1_D1_Craig_Bampton,B1,1,Craig_Bampton,full-grid,1707,25,31,74,1.0142687497528122,1.0109275191475393,-0.082259636246061613,0,0,1,UNSTABLE,2.1193150373859031e-16,1.2205030601189525e-16,1
B1_D1_Craig_Bampton,B1,1,Craig_Bampton,full-grid,1708,25,32,75,1.0141113659066354,1.0107986479205042,-0.081902111224937887,0,0,1,UNSTABLE,3.6920733938817297e-16,1.2205030601189525e-16,1
B1_D1_Craig_Bampton,B1,1,Craig_Bampton,full-grid,1709,25,33,76,1.0139365604869568,1.0106512372020848,-0.081556271579908912,0,0,1,UNSTABLE,2.4343949325781396e-16,1.22050306014367e-16,1
B1_D1_Craig_Bampton,B1,1,Craig_Bampton,full-grid,1710,25,34,77,1.0137451978855896,1.0104861535443814,-0.081222285926793106,0,0,1,UNSTABLE,3.2548891723996954e-16,1.2205030601189525e-16,1
B1_D1_Craig_Bampton,B1,1,Craig_Bampton,full-grid,1711,25,35,78,1.0135380199107384,1.0103041439304579,-0.080900275410688519,0,0,1,UNSTABLE,2.6803797420163232e-16,1.2205030601189523e-16,1
B1_D1_Craig_Bampton,B1,1,Craig_Bampton,full-grid,1712,25,36,79,1.0133156471670008,1.0101058359325608,-0.080590328256312543,0,0,1,UNSTABLE,3.7812631675718428e-16,1.2205030601189525e-16,1
B1_D1_Craig_Bampton,B1,1,Craig_Bampton,full-grid,1713,25,37,80,1.0130785798052142,1.0098917373470884,-0.080292513338602572,0,0,1,UNSTABLE,3.1134422915245891e-16,1.2205030601436703e-16,1
B1_D1_Craig_Bampton,B1,1,Craig_Bampton,full-grid,1714,25,38,81,1.0128271973690435,1.0096622349941398,-0.080006893184713351,0,0,1,UNSTABLE,3.3576932018749168e-16,1.2205030601189525e-16,1
B1_D1_Craig_Bampton,B1,1,Craig_Bampton,full-grid,1715,25,39,82,1.0125617574783754,1.0094175923808741,-0.079733536856809104,0,0,1,UNSTABLE,2.5215123714408074e-16,1.2205030601189525e-16,1
B1_D1_Craig_Bampton,B1,1,Craig_Bampton,full-grid,1716,25,40,83,1.0122823930869493,1.0091579459216415,-0.079472533224091688,0,0,1,UNSTABLE,3.7259273969998915e-16,1.2205030601189525e-16,1
B1_D1_Craig_Bampton,B1,1,Craig_Bampton,full-grid,1717,25,41,84,1.0119891080336691,1.0088832993834753,-0.079224005225019531,0,0,1,UNSTABLE,3.1435734684143572e-16,1.22050306014367e-16,1
B1_D1_Craig_Bampton,B1,1,Craig_Bampton,full-grid,1718,25,42,85,1.0116817705758525,1.0085935161843034,-0.078988125857468144,0,0,1,UNSTABLE,4.6155664561000727e-16,1.2205030601189525e-16,1
B1_D1_Craig_Bampton,B1,1,Craig_Bampton,full-grid,1719,25,43,86,1.0113601045493128,1.0082883091124306,-0.078765136838531827,0,0,1,UNSTABLE,3.7047744932070332e-16,1.2205030601189525e-16,1
B1_D1_Craig_Bampton,B1,1,Craig_Bampton,full-grid,1720,25,44,87,1.0110236777499912,1.0079672269627165,-0.07855537117352171,0,0,1,UNSTABLE,2.7696076555951979e-16,1.2205030601189525e-16,1
B1_D1_Craig_Bampton,B1,1,Craig_Bampton,full-grid,1721,25,45,88,1.010671887081847,1.0076296375006966,-0.078359281312405868,0,0,1,UNSTABLE,3.7024453984644152e-16,1.2205030601436703e-16,1
B1_D1_Craig_Bampton,B1,1,Craig_Bampton,full-grid,1722,25,46,89,1.0103039399849094,1.0072747060845271,-0.078177475217362097,0,0,1,UNSTABLE,2.4166539719332089e-16,1.2205030601189525e-16,1
B1_D1_Craig_Bampton,B1,1,Craig_Bampton,full-grid,1723,25,47,90,1.0099188316809879,1.0069013692228344,-0.078010763623188734,0,0,1,UNSTABLE,2.9189300975354846e-16,1.2205030601189525e-16,1
B1_D1_Craig_Bampton,B1,1,Craig_Bampton,full-grid,1724,25,48,91,1.0095153179260159,1.0065083023847472,-0.07786022320696985,0,0,1,UNSTABLE,3.1515692702323849e-16,1.2205030601189525e-16,1
B1_D1_Craig_Bampton,B1,1,Craig_Bampton,full-grid,1725,25,49,92,1.0090918833820985,1.0060938816306639,-0.077727282552361734,0,0,1,UNSTABLE,5.212559266986787e-16,1.22050306014367e-16,1
B1_D1_Craig_Bampton,B1,1,Craig_Bampton,full-grid,1726,25,50,93,1.0086467067090581,1.0056561393555861,-0.077613841107410791,0,0,1,UNSTABLE,4.0525254612737933e-16,1.2205030601189525e-16,1
B1_D1_Craig_Bampton,B1,1,Craig_Bampton,full-grid,1727,25,51,94,1.0081776256042094,1.0051927161577385,-0.077522436445002618,0,0,1,UNSTABLE,3.1907632679904938e-16,1.2205030601189523e-16,1
B1_D1_Craig_Bampton,B1,1,Craig_Bampton,full-grid,1728,25,52,95,1.0076821094658741,1.0047008146550487,-0.077456483066786111,0,0,1,UNSTABLE,2.0459048686698643e-16,1.2205030601189525e-16,1
B1_D1_Craig_Bampton,B1,1,Craig_Bampton,full-grid,1729,25,53,96,1.0071572565302158,1.00417716924788,-0.077420618331198648,0,0,1,UNSTABLE,3.9017320032199409e-16,1.2205030601436703e-16,1
B1_D1_Craig_Bampton,B1,1,Craig_Bampton,full-grid,1730,25,54,97,1.0065998512777821,1.0036180632177718,-0.077421210113647748,0,0,1,UNSTABLE,7.8979821206119273e-16,1.2205030601189525e-16,1
B1_D1_Craig_Bampton,B1,1,Craig_Bampton,full-grid,1731,25,55,98,1.0060065573731489,1.0030194616584627,-0.077467109227999209,0,0,1,UNSTABLE,2.4075778847557747e-16,1.2205030601189525e-16,1
B1_D1_Craig_Bampton,B1,1,Craig_Bampton,full-grid,1732,25,56,99,1.0053744047826407,1.0023774088135333,-0.07757076828493828,0,0,1,UNSTABLE,3.2834084056648853e-16,1.2205030601189525e-16,1
B1_D1_Craig_Bampton,B1,1,Craig_Bampton,full-grid,1733,25,57,100,1.0047019084205593,1.0016890136285186,-0.077749885915282257,0,0,1,UNSTABLE,4.0226570108315701e-16,1.22050306014367e-16,1
B1_D1_Craig_Bampton,B1,1,Craig_Bampton,full-grid,1734,25,58,101,1.0039915397766734,1.0009547328794253,-0.078029703763464103,0,0,1,UNSTABLE,5.8936079910914286e-16,1.2205030601189525e-16,1
B1_D1_Craig_Bampton,B1,1,Craig_Bampton,full-grid,1735,25,59,102,1.0032550604886679,1.0001834781351289,-0.078445691160425504,0,0,1,UNSTABLE,3.4002265783371081e-16,1.2205030601189525e-16,1
B1_D1_Craig_Bampton,B1,1,Craig_Bampton,full-grid,1736,25,60,103,1.0025244709576078,0.99940346354693776,-0.079044493288377177,0,0,1,UNSTABLE,3.0966946466802496e-16,1.2205030601189525e-16,1
B1_D1_Craig_Bampton,B1,1,Craig_Bampton,full-grid,1737,25,61,104,1.002326650601068,1.0006103834027402,-0.058630837720234419,0,0,1,UNSTABLE,2.5821008700211522e-16,1.2205030601436703e-16,1
B1_D1_Craig_Bampton,B1,1,Craig_Bampton,full-grid,1738,25,62,105,1.0024794522184195,1.0007522673932727,-0.058821351798186254,0,0,1,UNSTABLE,2.6110413336606572e-16,1.2205030601189525e-16,1
B1_D1_Craig_Bampton,B1,1,Craig_Bampton,full-grid,1739,25,63,106,1.0026579948940244,1.0009212579139124,-0.058988898794069301,0,0,1,UNSTABLE,3.5451508054237184e-16,1.2205030601189525e-16,1
B1_D1_Craig_Bampton,B1,1,Craig_Bampton,full-grid,1740,25,64,107,1.0028553426378191,1.0011107671493402,-0.05912757524942816,0,0,1,UNSTABLE,2.3715968027106602e-16,1.2205030601189525e-16,1
B1_D1_Craig_Bampton,B1,1,Craig_Bampton,full-grid,1741,25,65,108,1.0030632417282637,1.0013127156394599,-0.059234385327637161,0,0,1,UNSTABLE,4.5628303980509075e-16,1.22050306014367e-16,1
B1_D1_Craig_Bampton,B1,1,Craig_Bampton,full-grid,1742,25,66,109,1.0032737019730131,1.001519104906808,-0.059309388610075786,0,0,1,UNSTABLE,3.2732367267053446e-16,1.2205030601189525e-16,1
B1_D1_Craig_Bampton,B1,1,Craig_Bampton,full-grid,1743,26,0,44,1.0063081059866277,1.0047320553842756,-0.056298321979281377,0,0,1,UNSTABLE,4.1721973935423753e-16,1.3204866087315512e-16,1
B1_D1_Craig_Bampton,B1,1,Craig_Bampton,full-grid,1744,26,1,45,1.0062524481494042,1.0046795742031205,-0.056240044325250871,0,0,1,UNSTABLE,2.4992932024404859e-16,1.2205030601189523e-16,1
B1_D1_Craig_Bampton,B1,1,Craig_Bampton,full-grid,1745,26,2,46,1.0061959425668907,1.0046261167380428,-0.056183987095202066,0,0,1,UNSTABLE,3.9952271015414508e-16,1.2205030601189523e-16,1
B1_D1_Craig_Bampton,B1,1,Craig_Bampton,full-grid,1746,26,3,47,1.0061385883397651,1.0045716857497866,-0.056130091182603377,0,0,1,UNSTABLE,5.0109142013765018e-16,1.2205030601189525e-16,1
B1_D1_Craig_Bampton,B1,1,Craig_Bampton,full-grid,1747,26,4,48,1.0065494326119087,1.0025292444248644,-0.089871432414676947,0,0,1,UNSTABLE,3.9386181902656968e-16,1.2205030601436703e-16,1
B1_D1_Craig_Bampton,B1,1,Craig_Bampton,full-grid,1748,26,5,49,1.0072119496515963,1.0031838741490986,-0.089989033599517432,0,0,1,UNSTABLE,1.9050445383146167e-16,1.2205030601189525e-16,1
B1_D1_Craig_Bampton,B1,1,Craig_Bampton,full-grid,1749,26,6,50,1.0078718162261131,1.003841478086452,-0.090043793879039963,0,0,1,UNSTABLE,2.6938652907702782e-16,1.2205030601189525e-16,1
B1_D1_Craig_Bampton,B1,1,Craig_Bampton,full-grid,1750,26,7,51,1.0085215766579245,1.0044945249759383,-0.090036214258210692,0,0,1,UNSTABLE,2.1935792562526963e-16,1.2205030601189525e-16,1
B1_D1_Craig_Bampton,B1,1,Craig_Bampton,full-grid,1751,26,8,52,1.0091541349459179,1.0051357235617868,-0.08996802375492681,0,0,1,UNSTABLE,2.4379715502653418e-16,1.2205030601436703e-16,1
B1_D1_Craig_Bampton,B1,1,Craig_Bampton,full-grid,1752,26,9,53,1.009763001991985,1.0057582814108454,-0.089842081261334181,0,0,1,UNSTABLE,1.3175024500194218e-16,1.2205030601189525e-16,1
B1_D1_Craig_Bampton,B1,1,Craig_Bampton,full-grid,1753,26,10,54,1.0103424950376063,1.0063561221995994,-0.089662213837272187,0,0,1,UNSTABLE,2.6838085915859196e-16,1.2205030601189525e-16,1
B1_D1_Craig_Bampton,B1,1,Craig_Bampton,full-grid,1754,26,11,55,1.0108878748710792,1.0069240449572607,-0.089433009835714561,0,0,1,UNSTABLE,2.3154526911965731e-16,1.2205030601189525e-16,1
B1_D1_Craig_Bampton,B1,1,Craig_Bampton,full-grid,1755,26,12,56,1.0113954151752975,1.0074578172347524,-0.089159589109644458,0,0,1,UNSTABLE,5.5915926962724994e-16,1.22050306014367e-16,1
B1_D1_Craig_Bampton,B1,1,Craig_Bampton,full-grid,1756,26,13,57,1.0118624070645834,1.0079542029488975,-0.088847372432646038,0,0,1,UNSTABLE,2.7180355914343333e-16,1.2205030601189525e-16,1
B1_D1_Craig_Bampton,B1,1,Craig_Bampton,full-grid,1757,26,14,58,1.0122871086975462,1.0084109329322961,-0.088501868781705378,0,0,1,UNSTABLE,1.6296911502003904e-16,1.2205030601189525e-16,1
B1_D1_Craig_Bampton,B1,1,Craig_Bampton,full-grid,1758,26,15,59,1.0126686539021201,1.0088266308996887,-0.088128493596084559,0,0,1,UNSTABLE,3.0688893665742466e-16,1.2205030601189525e-16,1
B1_D1_Craig_Bampton,B1,1,Craig_Bampton,full-grid,1759,26,16,60,1.0130069349157078,1.0092007093673336,-0.087732425019415416,0,0,1,UNSTABLE,5.1225472449592639e-16,1.22050306014367e-16,1
B1_D1_Craig_Bampton,B1,1,Craig_Bampton,full-grid,1760,26,17,61,1.0133024731980016,1.0095332494792584,-0.087318499672385017,0,0,1,UNSTABLE,2.2022010883345588e-16,1.2205030601189523e-16,1
B1_D1_Craig_Bampton,B1,1,Craig_Bampton,full-grid,1761,26,18,62,1.0135562896888635,1.0098248765111146,-0.086891145389892788,0,0,1,UNSTABLE,2.017544761772464e-16,1.2205030601189523e-16,1
B1_D1_Craig_Bampton,B1,1,Craig_Bampton,full-grid,1762,26,19,63,1.0137697827262553,1.0100766398945424,-0.08645434580279901,0,0,1,UNSTABLE,3.5986339875377531e-16,1.2205030601189525e-16,1
B1_D1_Craig_Bampton,B1,1,Craig_Bampton,full-grid,1763,26,20,64,1.013944618766945,1.0102899036155968,-0.086011630485845925,0,0,1,UNSTABLE,3.1646360817489546e-16,1.2205030601436703e-16,1
B1_D1_Craig_Bampton,B1,1,Craig_Bampton,full-grid,1764,26,21,65,1.0140826384617754,1.0104662502272754,-0.085566084292930139,0,0,1,UNSTABLE,1.9868950451298077e-16,1.2205030601189525e-16,1
B1_D1_Craig_Bampton,B1,1,Craig_Bampton,full-grid,1765,26,22,66,1.0141857786839252,1.0106073996774894,-0.085120370075692245,0,0,1,UNSTABLE,3.5220059186237569e-16,1.2205030601189525e-16,1
B1_D1_Craig_Bampton,B1,1,Craig_Bampton,full-grid,1766,26,23,67,1.0142560097889743,1.0107151427210062,-0.084676759902042681,0,0,1,UNSTABLE,2.6761750186487532e-16,1.2205030601189525e-16,1
B1_D1_Craig_Bampton,B1,1,Craig_Bampton,full-grid,1767,26,24,68,1.0142952866027053,1.0107912877841663,-0.084237170916948129,0,0,1,UNSTABLE,1.1759844679849073e-16,1.2205030601436703e-16,1
B1_D1_Craig_Bampton,B1,1,Craig_Bampton,full-grid,1768,26,25,69,1.0143055112582302,1.0108376196707995,-0.083803202964395127,0,0,1,UNSTABLE,1.6340074240120115e-16,1.2205030601189525e-16,1
B1_D1_Craig_Bampton,B1,1,Craig_Bampton,full-grid,1769,26,26,70,1.0142885059131286,1.0108558683181874,-0.083376175938754349,0,0,1,UNSTABLE,1.883963237458436e-16,1.2205030601189525e-16,1
B1_D1_Craig_Bampton,B1,1,Craig_Bampton,full-grid,1770,26,27,71,1.014245993462505,1.0108476858276605,-0.082957165522982698,0,0,1,UNSTABLE,3.8255893814457479e-16,1.2205030601189525e-16,1
B1_D1_Craig_Bampton,B1,1,Craig_Bampton,full-grid,1771,26,28,72,1.0141795845469583,1.0108146301256995,-0.082547036504567184,0,0,1,UNSTABLE,1.5980026893564045e-16,1.22050306014367e-16,1
B1_D1_Craig_Bampton,B1,1,Craig_Bampton,full-grid,1772,26,29,73,1.0140907693789454,1.0107581537991486,-0.082146473254290017,0,0,1,UNSTABLE,1.7656933918149301e-16,1.2205030601189525e-16,1
B1_D1_Craig_Bampton,B1,1,Craig_Bampton,full-grid,1773,26,30,74,1.0139809131410928,1.0106795968534628,-0.081756007232288735,0,0,1,UNSTABLE,3.3025731594679949e-16,1.2205030601189525e-16,1
B1_D1_Craig_Bampton,B1,1,Craig_Bampton,full-grid,1774,26,31,75,1.0138512539250515,1.010580182342111,-0.081376041577268257,0,0,1,UNSTABLE,2.330324466562835e-16,1.2205030601189525e-16,1
B1_D1_Craig_Bampton,B1,1,Craig_Bampton,full-grid,1775,26,32,76,1.013702902368304,1.0104610139948638,-0.081006872957761197,0,0,1,UNSTABLE,2.6580032894560979e-16,1.22050306014367e-16,1
B1_D1_Craig_Bampton,B1,1,Craig_Bampton,full-grid,1776,26,33,77,1.0135368423042592,1.0103230751257337,-0.080648710941773963,0,0,1,UNSTABLE,4.8606769315984167e-16,1.2205030601189523e-16,1
B1_D1_Craig_Bampton,B1,1,Craig_Bampton,full-grid,1777,26,34,78,1.0133539318686109,1.0101672282270147,-0.080301695185866301,0,0,1,UNSTABLE,2.9422625250114837e-16,1.2205030601189523e-16,1
B1_D1_Craig_Bampton,B1,1,Craig_Bampton,full-grid,1778,26,35,79,1.0131549046022608,1.0099942147529704,-0.079965910769192905,0,0,1,UNSTABLE,4.3824311206541296e-16,1.2205030601189525e-16,1
B1_D1_Craig_Bampton,B1,1,Craig_Bampton,full-grid,1779,26,36,80,1.0129403701617903,1.0098046546677792,-0.07964140201422916,0,0,1,UNSTABLE,1.9685640399008877e-16,1.2205030601436703e-16,1
B1_D1_Craig_Bampton,B1,1,Craig_Bampton,full-grid,1780,26,37,81,1.0127108142938985,1.0095990453783885,-0.079328185147889085,0,0,1,UNSTABLE,1.9572994348072239e-16,1.2205030601189525e-16,1
B1_D1_Craig_Bampton,B1,1,Craig_Bampton,full-grid,1781,26,38,82,1.0124665977525744,1.0093777596952886,-0.079026260174664034,0,0,1,UNSTABLE,1.5613387650080324e-16,1.2205030601189525e-16,1
B1_D1_Craig_Bampton,B1,1,Craig_Bampton,full-grid,1782,26,39,83,1.0122079538382447,1.0091410424636269,-0.078735622362629806,0,0,1,UNSTABLE,2.2407830027702122e-16,1.2205030601189525e-16,1
B1_D1_Craig_Bampton,B1,1,Craig_Bampton,full-grid,1783,26,40,84,1.0119349842159118,1.0088890054822808,-0.07845627379013384,0,0,1,UNSTABLE,2.7911704320451326e-16,1.2205030601436703e-16,1
B1_D1_Craig_Bampton,B1,1,Craig_Bampton,full-grid,1784,26,41,85,1.0116476526246174,1.0086216202787623,-0.078188235477868587,0,0,1,UNSTABLE,2.9571546530090614e-16,1.2205030601189525e-16,1
B1_D1_Craig_Bampton,B1,1,Craig_Bampton,full-grid,1785,26,42,86,1.0113457760197597,1.0083387082287181,-0.077931560748197418,0,0,1,UNSTABLE,3.9665393992337097e-16,1.2205030601189525e-16,1
B1_D1_Craig_Bampton,B1,1,Craig_Bampton,full-grid,1786,26,43,87,1.0110290125907426,1.0080399273966671,-0.077686350630816275,0,0,1,UNSTABLE,2.6709321702705331e-16,1.2205030601189525e-16,1
B1_D1_Craig_Bampton,B1,1,Craig_Bampton,full-grid,1787,26,44,88,1.010696845963496,1.0077247553215711,-0.077452772401240016,0,0,1,UNSTABLE,2.2881912284670742e-16,1.22050306014367e-16,1
B1_D1_Craig_Bampton,B1,1,Craig_Bampton,full-grid,1788,26,45,89,1.0103485647276544,1.0073924667708423,-0.07723108273609211,0,0,1,UNSTABLE,3.1662225646343731e-16,1.2205030601189525e-16,1
B1_D1_Craig_Bampton,B1,1,Craig_Bampton,full-grid,1789,26,46,90,1.0099832362179291,1.007042105230221,-0.077021657569320404,0,0,1,UNSTABLE,4.7361606888738171e-16,1.2205030601189525e-16,1
B1_D1_Craig_Bampton,B1,1,Craig_Bampton,full-grid,1790,26,47,91,1.009599673234487,1.0066724465828338,-0.076825031637575286,0,0,1,UNSTABLE,3.5373590377704999e-16,1.2205030601189525e-16,1
B1_D1_Craig_Bampton,B1,1,Craig_Bampton,full-grid,1791,26,48,92,1.0091963921284592,1.0062819530654299,-0.076641952088414428,0,0,1,UNSTABLE,1.7601780143173085e-16,1.22050306014367e-16,1
B1_D1_Craig_Bampton,B1,1,Craig_Bampton,full-grid,1792,26,49,93,1.0087715604706988,1.0058687152170931,-0.076473452661713667,0,0,1,UNSTABLE,4.0140462448067667e-16,1.2205030601189523e-16,1
B1_D1_Craig_Bampton,B1,1,Craig_Bampton,full-grid,1793,26,50,94,1.0083229325143048,1.0054303792698662,-0.07632095829783743,0,0,1,UNSTABLE,2.2180965734886158e-16,1.2205030601189523e-16,1
B1_D1_Craig_Bampton,B1,1,Craig_Bampton,full-grid,1794,26,51,95,1.0078477712009621,1.0049640575606451,-0.076186435314900616,0,0,1,UNSTABLE,4.2669945980475526e-16,1.2205030601189525e-16,1
B1_D1_Craig_Bampton,B1,1,Craig_Bampton,full-grid,1795,26,52,96,1.0073427573062823,1.0044662207312927,-0.07607261075589157,0,0,1,UNSTABLE,3.1239232316027471e-16,1.2205030601436703e-16,1
B1_D1_Craig_Bampton,B1,1,Craig_Bampton,full-grid,1796,26,53,97,1.0068038911168231,1.0039325742144904,-0.075983298158490947,0,0,1,UNSTABLE,1.846547231329863e-16,1.2205030601189525e-16,1
B1_D1_Craig_Bampton,B1,1,Craig_Bampton,full-grid,1797,26,54,98,1.0062264033372239,1.003357931063281,-0.075923889161302896,0,0,1,UNSTABLE,9.3095391096685707e-16,1.2205030601189525e-16,1
B1_D1_Craig_Bampton,B1,1,Craig_Bampton,full-grid,1798,26,55,99,1.0056047174556797,1.0027361158437529,-0.075902106371967773,0,0,1,UNSTABLE,2.6756332940389449e-16,1.2205030601189525e-16,1
B1_D1_Craig_Bampton,B1,1,Craig_Bampton,full-grid,1799,26,56,100,1.0049325625658834,1.0020599863685193,-0.075929171102782994,0,0,1,UNSTABLE,6.0446678911656643e-16,1.2205030601436703e-16,1
B1_D1_Craig_Bampton,B1,1,Craig_Bampton,full-grid,1800,26,57,101,1.0042034625851128,1.0013217793282647,-0.076021631860991812,0,0,1,UNSTABLE,3.3633049607537636e-16,1.2205030601189525e-16,1
B1_D1_Craig_Bampton,B1,1,Craig_Bampton,full-grid,1801,26,58,102,1.0034121204304258,1.0005142665416351,-0.076204237896179708,0,0,1,UNSTABLE,3.1809726880120972e-16,1.2205030601189525e-16,1
B1_D1_Craig_Bampton,B1,1,Craig_Bampton,full-grid,1802,26,59,103,1.0025579322557465,0.99963390993667645,-0.076514401478615796,0,0,1,UNSTABLE,3.5373130189744289e-16,1.2205030601189525e-16,1
B1_D1_Craig_Bampton,B1,1,Craig_Bampton,full-grid,1803,26,60,104,1.0026747745628239,1.0009598403060429,-0.058618270523024353,0,0,1,UNSTABLE,1.5764909225023231e-16,1.22050306014367e-16,1
B1_D1_Craig_Bampton,B1,1,Craig_Bampton,full-grid,1804,26,61,105,1.0028378146602899,1.0011110637680694,-0.058824489065273849,0,0,1,UNSTABLE,2.8482743725375239e-16,1.2205030601189525e-16,1
B1_D1_Craig_Bampton,B1,1,Craig_Bampton,full-grid,1805,26,62,106,1.0030311652591277,1.0012940873866878,-0.059005669605078297,0,0,1,UNSTABLE,2.6803150050259257e-16,1.2205030601189525e-16,1
B1_D1_Craig_Bampton,B1,1,Craig_Bampton,full-grid,1806,26,63,107,1.0032467044380011,1.0015012482706247,-0.059154033489614462,0,0,1,UNSTABLE,4.5026495026297382e-16,1.2205030601189525e-16,1
B1_D1_Craig_Bampton,B1,1,Craig_Bampton,full-grid,1807,26,64,108,1.003474228322166,1.0017225768413811,-0.059265554523937732,0,0,1,UNSTABLE,1.9659993180122439e-16,1.22050306014367e-16,1
B1_D1_Craig_Bampton,B1,1,Craig_Bampton,full-grid,1808,26,65,109,1.0037037634138914,1.0019480855813017,-0.059340361400768857,0,0,1,UNSTABLE,2.415435133952415e-16,1.2205030601189523e-16,1
B1_D1_Craig_Bampton,B1,1,Craig_Bampton,full-grid,1809,26,66,110,1.0039273229721526,1.0021695852980135,-0.059381748994456432,0,0,1,UNSTABLE,6.6940008752437104e-16,1.2205030601189523e-16,1
B1_D1_Craig_Bampton,B1,1,Craig_Bampton,full-grid,1810,27,0,45,1.0067045183265797,1.0051454760980525,-0.056004991730830907,0,0,1,UNSTABLE,2.2322351278009514e-16,1.3204866086300172e-16,1
B1_D1_Craig_Bampton,B1,1,Craig_Bampton,full-grid,1811,27,1,46,1.0066437991732506,1.0050876642591666,-0.05595109979266618,0,0,1,UNSTABLE,4.3381143882633593e-16,1.2205030600093825e-16,1
B1_D1_Craig_Bampton,B1,1,Craig_Bampton,full-grid,1812,27,2,47,1.0065824302006818,1.0050290764813576,-0.055899411586706256,0,0,1,UNSTABLE,2.5729280574401838e-16,1.2205030600093825e-16,1
B1_D1_Craig_Bampton,B1,1,Craig_Bampton,full-grid,1813,27,3,48,1.0065203983448903,1.0049697029645235,-0.055849873838300007,0,0,1,UNSTABLE,2.6314682197342714e-16,1.2205030601436703e-16,1
B1_D1_Craig_Bampton,B1,1,Craig_Bampton,full-grid,1814,27,4,49,1.006457689764173,1.0049095326470669,-0.055802441528035318,0,0,1,UNSTABLE,2.8714684644067011e-16,1.2205030601189525e-16,1
B1_D1_Craig_Bampton,B1,1,Craig_Bampton,full-grid,1815,27,5,50,1.0064994865141912,1.0025360333211393,-0.089234064381524481,0,0,1,UNSTABLE,4.4230105682538387e-16,1.2205030601189525e-16,1
B1_D1_Craig_Bampton,B1,1,Craig_Bampton,full-grid,1816,27,6,51,1.0071643351004191,1.0031982729704225,-0.089292905694859287,0,0,1,UNSTABLE,1.5587191702897937e-16,1.2205030601189525e-16,1
B1_D1_Craig_Bampton,B1,1,Craig_Bampton,full-grid,1817,27,7,52,1.0078200854767623,1.0038569220540872,-0.089289443578077748,0,0,1,UNSTABLE,4.1849938749894274e-16,1.2205030601436703e-16,1
B1_D1_Craig_Bampton,B1,1,Craig_Bampton,full-grid,1818,27,8,53,1.0084596142830147,1.0045046795584103,-0.08922523401539724,0,0,1,UNSTABLE,4.2810561055083171e-16,1.2205030601189525e-16,1
B1_D1_Craig_Bampton,B1,1,Craig_Bampton,full-grid,1819,27,9,54,1.0090763745939202,1.0051347122897272,-0.089102973653278267,0,0,1,UNSTABLE,1.9907044245049572e-16,1.2205030601189525e-16,1
B1_D1_Craig_Bampton,B1,1,Craig_Bampton,full-grid,1820,27,10,55,1.0096646004626759,1.0057408765077349,-0.088926344515606354,0,0,1,UNSTABLE,1.9168815047223452e-16,1.2205030601189525e-16,1
B1_D1_Craig_Bampton,B1,1,Craig_Bampton,full-grid,1821,27,11,56,1.0102194505853606,1.0063178830349566,-0.08869981186581756,0,0,1,UNSTABLE,3.603705397554141e-16,1.2205030601436703e-16,1
B1_D1_Craig_Bampton,B1,1,Craig_Bampton,full-grid,1822,27,12,57,1.0107370847022017,1.0068613971034541,-0.088428397108542126,0,0,1,UNSTABLE,3.5538457614528067e-16,1.2205030601189525e-16,1
B1_D1_Craig_Bampton,B1,1,Craig_Bampton,full-grid,1823,27,13,58,1.011214675015381,1.0073680729282539,-0.088117447825496117,0,0,1,UNSTABLE,1.100829270014652e-16,1.2205030601189525e-16,1
B1_D1_Craig_Bampton,B1,1,Craig_Bampton,full-grid,1824,27,14,59,1.0116503618721218,1.0078355303758357,-0.087772423847429601,0,0,1,UNSTABLE,1.4951237049193315e-16,1.2205030601189523e-16,1
B1_D1_Craig_Bampton,B1,1,Craig_Bampton,full-grid,1825,27,15,60,1.0120431672317818,1.0082622859752473,-0.087398712922475141,0,0,1,UNSTABLE,3.1340638841801771e-16,1.2205030601436703e-16,1
B1_D1_Craig_Bampton,B1,1,Craig_Bampton,full-grid,1826,27,16,61,1.0123928808481428,1.0086476525815815,-0.087001483514175693,0,0,1,UNSTABLE,2.7328906136888737e-16,1.2205030601189523e-16,1
B1_D1_Craig_Bampton,B1,1,Craig_Bampton,full-grid,1827,27,17,62,1.0126999331622528,1.0089916216311909,-0.086585576771718187,0,0,1,UNSTABLE,2.1735605032786579e-16,1.2205030601189525e-16,1
B1_D1_Craig_Bampton,B1,1,Craig_Bampton,full-grid,1828,27,18,63,1.0129652664612019,1.0092947398997523,-0.086155435507603559,0,0,1,UNSTABLE,1.7035119508771397e-16,1.2205030601189525e-16,1
B1_D1_Craig_Bampton,B1,1,Craig_Bampton,full-grid,1829,27,19,64,1.0131902127728369,1.009557989831559,-0.085715065338180227,0,0,1,UNSTABLE,2.2156674463494963e-16,1.2205030601436703e-16,1
B1_D1_Craig_Bampton,B1,1,Craig_Bampton,full-grid,1830,27,20,65,1.0133763839080623,1.0097826795454856,-0.08526802186353194,0,0,1,UNSTABLE,2.7184448630086795e-16,1.2205030601189525e-16,1
B1_D1_Craig_Bampton,B1,1,Craig_Bampton,full-grid,1831,27,21,66,1.0135255764454763,1.0099703459937395,-0.084817417565149031,0,0,1,UNSTABLE,1.8573770929650719e-16,1.2205030601189525e-16,1
B1_D1_Craig_Bampton,B1,1,Craig_Bampton,full-grid,1832,27,22,67,1.0136396924539159,1.0101226726723183,-0.084365942603645869,0,0,1,UNSTABLE,2.3936943971456107e-16,1.2205030601189525e-16,1
B1_D1_Craig_Bampton,B1,1,Craig_Bampton,full-grid,1833,27,23,68,1.0137206753775165,1.0102414218022002,-0.083915894578544523,0,0,1,UNSTABLE,1.9880959326545836e-16,1.2205030601436703e-16,1
B1_D1_Craig_Bampton,B1,1,Craig_Bampton,full-grid,1834,27,24,69,1.0137704596778683,1.0103283799556455,-0.083469213316510138,0,0,1,UNSTABLE,1.9265368158702974e-16,1.2205030601189525e-16,1
B1_D1_Craig_Bampton,B1,1,Craig_Bampton,full-grid,1835,27,25,70,1.0137909324146657,1.0103853155832891,-0.083027517726679129,0,0,1,UNSTABLE,1.6571841336962527e-16,1.2205030601189525e-16,1
B1_D1_Craig_Bampton,B1,1,Craig_Bampton,full-grid,1836,27,26,71,1.0137839048250996,1.0104139466876272,-0.082592142613927583,0,0,1,UNSTABLE,2.7706579959170887e-16,1.2205030601189525e-16,1
B1_D1_Craig_Bampton,B1,1,Craig_Bampton,full-grid,1837,27,27,72,1.0137510920273303,1.0104159168832287,-0.082164174039715043,0,0,1,UNSTABLE,3.3233899754488424e-16,1.2205030601436703e-16,1
B1_D1_Craig_Bampton,B1,1,Craig_Bampton,full-grid,1838,27,28,73,1.0136940991418113,1.0103927781996771,-0.081744482363439855,0,0,1,UNSTABLE,1.7575795206284834e-16,1.2205030601189525e-16,1
B1_D1_Craig_Bampton,B1,1,Craig_Bampton,full-grid,1839,27,29,74,1.013614412340472,1.0103459791617888,-0.081333752501200243,0,0,1,UNSTABLE,2.685730942240189e-16,1.2205030601189525e-16,1
B1_D1_Craig_Bampton,B1,1,Craig_Bampton,full-grid,1840,27,30,75,1.0135133935586913,1.010276856880975,-0.080932511227270756,0,0,1,UNSTABLE,2.4599559609212163e-16,1.2205030601189523e-16,1
B1_D1_Craig_Bampton,B1,1,Craig_Bampton,full-grid,1841,27,31,76,1.0133922778172058,1.0101866320873429,-0.080541151541157971,0,0,1,UNSTABLE,1.7000460686299185e-16,1.2205030601436703e-16,1
B1_D1_Craig_Bampton,B1,1,Craig_Bampton,full-grid,1842,27,32,77,1.013252172288194,1.0100764062095411,-0.080159954251245225,0,0,1,UNSTABLE,3.3136314788218161e-16,1.2205030601189523e-16,1
B1_D1_Craig_Bampton,B1,1,Craig_Bampton,full-grid,1843,27,33,78,1.0130940563968922,1.0099471597612384,-0.079789107006639631,0,0,1,UNSTABLE,4.6109613590102415e-16,1.2205030601189525e-16,1
B1_D1_Craig_Bampton,B1,1,Craig_Bampton,full-grid,1844,27,34,79,1.012918782375452,1.0097997514164931,-0.079428721053263082,0,0,1,UNSTABLE,3.7880350578037234e-16,1.2205030601189525e-16,1
B1_D1_Craig_Bampton,B1,1,Craig_Bampton,full-grid,1845,27,35,80,1.0127270757815381,1.0096349172516579,-0.079078846016259863,0,0,1,UNSTABLE,4.8194257831874969e-16,1.2205030601436703e-16,1
B1_D1_Craig_Bampton,B1,1,Craig_Bampton,full-grid,1846,27,36,81,1.0125195355602647,1.0094532696983314,-0.078739483021683002,0,0,1,UNSTABLE,2.4439553451027545e-16,1.2205030601189525e-16,1
B1_D1_Craig_Bampton,B1,1,Craig_Bampton,full-grid,1847,27,37,82,1.0122966332682075,1.0092552957927352,-0.078410596480745373,0,0,1,UNSTABLE,3.5736333105219076e-16,1.2205030601189525e-16,1
B1_D1_Craig_Bampton,B1,1,Craig_Bampton,full-grid,1848,27,38,83,1.0120587110914609,1.0090413543207513,-0.078092124869625648,0,0,1,UNSTABLE,3.5268208751589088e-16,1.2205030601189525e-16,1
B1_D1_Craig_Bampton,B1,1,Craig_Bampton,full-grid,1849,27,39,84,1.0118059782779303,1.0088116714456574,-0.077783990859163585,0,0,1,UNSTABLE,4.1073823850977141e-16,1.2205030601436703e-16,1
B1_D1_Craig_Bampton,B1,1,Craig_Bampton,full-grid,1850,27,40,85,1.0115385055631279,1.0085663343629463,-0.077486111185010129,0,0,1,UNSTABLE,3.8228687277821819e-16,1.2205030601189525e-16,1
B1_D1_Craig_Bampton,B1,1,Craig_Bampton,full-grid,1851,27,41,86,1.0112562170986716,1.0083052824527758,-0.077198406709877695,0,0,1,UNSTABLE,2.3465337933577928e-16,1.2205030601189525e-16,1
B1_D1_Craig_Bampton,B1,1,Craig_Bampton,full-grid,1852,27,42,87,1.0109588792841762,1.0080282952852038,-0.076920813229734042,0,0,1,UNSTABLE,1.9926297371035985e-16,1.2205030601189525e-16,1
B1_D1_Craig_Bampton,B1,1,Craig_Bampton,full-grid,1853,27,43,88,1.0106460857512192,1.0077349766702688,-0.076653293729841046,0,0,1,UNSTABLE,4.8675392421362189e-16,1.2205030601436703e-16,1
B1_D1_Craig_Bampton,B1,1,Craig_Bampton,full-grid,1854,27,44,89,1.0103172375382221,1.0074247337174387,-0.076395853036747854,0,0,1,UNSTABLE,2.4671923651151383e-16,1.2205030601189525e-16,1
B1_D1_Craig_Bampton,B1,1,Craig_Bampton,full-grid,1855,27,45,90,1.0099715172136681,1.0070967495601999,-0.076148556179082949,0,0,1,UNSTABLE,5.7754961036182137e-16,1.2205030601189525e-16,1
B1_D1_Craig_Bampton,B1,1,Craig_Bampton,full-grid,1856,27,46,91,1.0096078553325392,1.0067499479866868,-0.075911552335416785,0,0,1,UNSTABLE,4.9744741795053976e-16,1.2205030601189523e-16,1
B1_D1_Craig_Bampton,B1,1,Craig_Bampton,full-grid,1857,27,47,92,1.0092248871269207,1.0063829476675465,-0.075685107123699233,0,0,1,UNSTABLE,3.9945999836900645e-16,1.2205030601436703e-16,1
B1_D1_Craig_Bampton,B1,1,Craig_Bampton,full-grid,1858,27,48,93,1.0088208967218499,1.0059940029595706,-0.075469647356116776,0,0,1,UNSTABLE,2.679066162535808e-16,1.2205030601189523e-16,1
B1_D1_Craig_Bampton,B1,1,Craig_Bampton,full-grid,1859,27,49,94,1.0083937454403138,1.005580927373936,-0.075265824548191584,0,0,1,UNSTABLE,2.8169447882313222e-16,1.2205030601189525e-16,1
B1_D1_Craig_Bampton,B1,1,Craig_Bampton,full-grid,1860,27,50,95,1.0079407799906304,1.0051409947676526,-0.075074606929466492,0,0,1,UNSTABLE,2.6962401521074537e-16,1.2205030601189525e-16,1
B1_D1_Craig_Bampton,B1,1,Craig_Bampton,full-grid,1861,27,51,96,1.0074587157524388,1.0046708123212933,-0.074897415277337231,0,0,1,UNSTABLE,6.9994302702066133e-16,1.2205030601436703e-16,1
B1_D1_Craig_Bampton,B1,1,Craig_Bampton,full-grid,1862,27,52,97,1.0069434906078276,1.0041661589166591,-0.074736326937034872,0,0,1,UNSTABLE,2.0530470928383464e-16,1.2205030601189525e-16,1
B1_D1_Craig_Bampton,B1,1,Craig_Bampton,full-grid,1863,27,53,98,1.0063900872378706,1.0036217838952015,-0.074594387065399531,0,0,1,UNSTABLE,1.9315518853288977e-16,1.2205030601189525e-16,1
B1_D1_Craig_Bampton,B1,1,Craig_Bampton,full-grid,1864,27,54,99,1.0057923296837481,1.0030311672654393,-0.074476089752295083,0,0,1,UNSTABLE,2.6838553353614402e-16,1.2205030601189525e-16,1
B1_D1_Craig_Bampton,B1,1,Craig_Bampton,full-grid,1865,27,55,100,1.0051426797443226,1.0023862593439763,-0.0743881289050113,0,0,1,UNSTABLE,6.1341335972423585e-16,1.2205030601436703e-16,1
B1_D1_Craig_Bampton,B1,1,Craig_Bampton,full-grid,1866,27,56,101,1.0044321026776377,1.0016772572712194,-0.074340575428417918,0,0,1,UNSTABLE,6.876073689848945e-16,1.2205030601189525e-16,1
B1_D1_Craig_Bampton,B1,1,Craig_Bampton,full-grid,1867,27,57,102,1.00365016003677,1.0008925574129639,-0.074348720615559236,0,0,1,UNSTABLE,1.8300263013698095e-16,1.2205030601189525e-16,1
B1_D1_Craig_Bampton,B1,1,Craig_Bampton,full-grid,1868,27,58,103,1.0029256625502589,1.0012273735864621,-0.058340646062852497,0,0,1,UNSTABLE,4.0162234692021684e-16,1.2205030601189525e-16,1
B1_D1_Craig_Bampton,B1,1,Craig_Bampton,full-grid,1869,27,59,104,1.0030606493014871,1.0013488555593799,-0.058575896468092289,0,0,1,UNSTABLE,4.6454037789601279e-16,1.2205030601436703e-16,1
B1_D1_Craig_Bampton,B1,1,Craig_Bampton,full-grid,1870,27,60,105,1.0032348997468901,1.0015105325683273,-0.058795554465091729,0,0,1,UNSTABLE,2.8050087364854017e-16,1.2205030601189525e-16,1
B1_D1_Craig_Bampton,B1,1,Craig_Bampton,full-grid,1871,27,61,106,1.0034439192170317,1.0017086154058317,-0.058987700712680273,0,0,1,UNSTABLE,3.5556615297084418e-16,1.2205030601189525e-16,1
B1_D1_Craig_Bampton,B1,1,Craig_Bampton,full-grid,1872,27,62,107,1.0036781321251245,1.0019341070384444,-0.059142523274324232,0,0,1,UNSTABLE,1.6268433492855553e-16,1.2205030601189523e-16,1
B1_D1_Craig_Bampton,B1,1,Craig_Bampton,full-grid,1873,27,63,108,1.0039250030455671,1.0021747596707984,-0.059255065765040769,0,0,1,UNSTABLE,1.8182484874403422e-16,1.2205030601436703e-16,1
B1_D1_Craig_Bampton,B1,1,Craig_Bampton,full-grid,1874,27,64,109,1.0041723540913692,1.0024183526772275,-0.059325904437064023,0,0,1,UNSTABLE,2.686995676035967e-16,1.2205030601189523e-16,1
B1_D1_Craig_Bampton,B1,1,Craig_Bampton,full-grid,1875,27,65,110,1.0044108415116348,1.0026552597875196,-0.059359654366681953,0,0,1,UNSTABLE,3.2881483891895209e-16,1.2205030601189525e-16,1
B1_D1_Craig_Bampton,B1,1,Craig_Bampton,full-grid,1876,27,66,111,1.0046346617999782,1.0028792895683991,-0.05936273447828725,0,0,1,UNSTABLE,2.6433058363612782e-16,1.2205030601189525e-16,1
B1_D1_Craig_Bampton,B1,1,Craig_Bampton,full-grid,1877,28,0,46,1.0070835037057544,1.00554304996442,-0.055680859408870374,0,0,1,UNSTABLE,2.666725554264785e-16,1.3204866086300172e-16,1
B1_D1_Craig_Bampton,B1,1,Craig_Bampton,full-grid,1878,28,1,47,1.0070186858391152,1.0054808370032204,-0.055632005612257729,0,0,1,UNSTABLE,2.413248361309468e-16,1.2205030600093825e-16,1
B1_D1_Craig_Bampton,B1,1,Craig_Bampton,full-grid,1879,28,2,48,1.0069533841272675,1.0054180180888896,-0.055585310177826551,0,0,1,UNSTABLE,3.772268943522056e-16,1.2205030601436703e-16,1
B1_D1_Craig_Bampton,B1,1,Craig_Bampton,full-grid,1880,28,3,49,1.0068875764485476,1.0053545738402687,-0.055540727982999041,0,0,1,UNSTABLE,1.9772403249774866e-16,1.2205030601189525e-16,1
B1_D1_Craig_Bampton,B1,1,Craig_Bampton,full-grid,1881,28,4,50,1.006821240882033,1.0052904846291011,-0.055498221641994291,0,0,1,UNSTABLE,2.0189198886201216e-16,1.2205030601189525e-16,1
B1_D1_Craig_Bampton,B1,1,Craig_Bampton,full-grid,1882,28,5,51,1.0067543557599912,1.0052257306574734,-0.055457761096744891,0,0,1,UNSTABLE,2.8845217457471566e-16,1.2205030601189525e-16,1
B1_D1_Craig_Bampton,B1,1,Craig_Bampton,full-grid,1883,28,6,52,1.0066868997226539,1.005160292033648,-0.055419323273027593,0,0,1,UNSTABLE,4.4056358723896543e-16,1.2205030601436703e-16,1
B1_D1_Craig_Bampton,B1,1,Craig_Bampton,full-grid,1884,28,7,53,1.0070965015239315,1.0031914718036203,-0.08860154785458467,0,0,1,UNSTABLE,1.7768935537919109e-16,1.2205030601189525e-16,1
B1_D1_Craig_Bampton,B1,1,Craig_Bampton,full-grid,1885,28,8,54,1.0077424735163327,1.0038452840225949,-0.088541169375678186,0,0,1,UNSTABLE,2.2358750065139524e-16,1.2205030601189525e-16,1
B1_D1_Craig_Bampton,B1,1,Craig_Bampton,full-grid,1886,28,9,55,1.0083666388747763,1.0044823330180737,-0.088422401291648772,0,0,1,UNSTABLE,2.0407808823308006e-16,1.2205030601189525e-16,1
B1_D1_Craig_Bampton,B1,1,Craig_Bampton,full-grid,1887,28,10,56,1.0089631353792037,1.0050963942780813,-0.088248777688038849,0,0,1,UNSTABLE,2.3317447484218234e-16,1.2205030601436703e-16,1
B1_D1_Craig_Bampton,B1,1,Craig_Bampton,full-grid,1888,28,11,57,1.0095270074927227,1.0056820777579056,-0.088024640492044157,0,0,1,UNSTABLE,3.1268109842960516e-16,1.2205030601189525e-16,1
B1_D1_Craig_Bampton,B1,1,Craig_Bampton,full-grid,1889,28,12,58,1.0100542902951539,1.0062349349437856,-0.08775491463344201,0,0,1,UNSTABLE,2.5753826400018739e-16,1.2205030601189525e-16,1
B1_D1_Craig_Bampton,B1,1,Craig_Bampton,full-grid,1890,28,13,59,1.0105420280610908,1.0067515005002909,-0.087444878170393134,0,0,1,UNSTABLE,2.1812022345939354e-16,1.2205030601189523e-16,1
B1_D1_Craig_Bampton,B1,1,Craig_Bampton,full-grid,1891,28,14,60,1.0109882361075073,1.0072292752141023,-0.087099946609873816,0,0,1,UNSTABLE,2.0511110640487676e-16,1.22050306014367e-16,1
B1_D1_Craig_Bampton,B1,1,Craig_Bampton,full-grid,1892,28,15,61,1.0113918190477102,1.0076666620482806,-0.086725485487901655,0,0,1,UNSTABLE,2.2802376087994093e-16,1.2205030601189523e-16,1
B1_D1_Craig_Bampton,B1,1,Craig_Bampton,full-grid,1893,28,16,62,1.0117524602546593,1.008062869430733,-0.08632665930309702,0,0,1,UNSTABLE,1.6241115138990308e-16,1.2205030601189523e-16,1
B1_D1_Craig_Bampton,B1,1,Craig_Bampton,full-grid,1894,28,17,63,1.0120704966107013,1.0084177957447846,-0.085908319358844909,0,0,1,UNSTABLE,2.7795764458624947e-16,1.2205030601189525e-16,1
B1_D1_Craig_Bampton,B1,1,Craig_Bampton,full-grid,1895,28,18,64,1.0123467903184324,1.0087319071107048,-0.08547492875008697,0,0,1,UNSTABLE,3.5696993682190505e-16,1.2205030601436703e-16,1
B1_D1_Craig_Bampton,B1,1,Craig_Bampton,full-grid,1896,28,19,65,1.0125826065253327,1.0090061177815204,-0.085030519915506975,0,0,1,UNSTABLE,1.9200244493394435e-16,1.2205030601189525e-16,1
B1_D1_Craig_Bampton,B1,1,Craig_Bampton,full-grid,1897,28,20,66,1.0127795024607831,1.0092416795306263,-0.084578678772559243,0,0,1,UNSTABLE,1.8891305753972769e-16,1.2205030601189525e-16,1
B1_D1_Craig_Bampton,B1,1,Craig_Bampton,full-grid,1898,28,21,67,1.0129392311329524,1.0094400837554407,-0.084122549153158102,0,0,1,UNSTABLE,2.084589552210212e-16,1.2205030601189525e-16,1
B1_D1_Craig_Bampton,B1,1,Craig_Bampton,full-grid,1899,28,22,68,1.0130636605817258,1.0096029778988531,-0.083664851694207523,0,0,1,UNSTABLE,1.1725505947065302e-16,1.2205030601436703e-16,1
B1_D1_Craig_Bampton,B1,1,Craig_Bampton,full-grid,1900,28,23,69,1.0131547082578107,1.0097320962592822,-0.083207912176697943,0,0,1,UNSTABLE,1.9868394098637327e-16,1.2205030601189525e-16,1
B1_D1_Craig_Bampton,B1,1,Craig_Bampton,full-grid,1901,28,24,70,1.0132142892178082,1.0098292042669339,-0.082753695293678708,0,0,1,UNSTABLE,1.522590207378526e-16,1.2205030601189525e-16,1
B1_D1_Craig_Bampton,B1,1,Craig_Bampton,full-grid,1902,28,25,71,1.0132442763720144,1.0098960547455416,-0.082303840797604305,0,0,1,UNSTABLE,1.8164743933526204e-16,1.2205030601189525e-16,1
B1_D1_Craig_Bampton,B1,1,Craig_Bampton,full-grid,1903,28,26,72,1.0132464708704967,1.009934354438127,-0.081859699835509961,0,0,1,UNSTABLE,2.9025808337730884e-16,1.2205030601436703e-16,1
B1_D1_Craig_Bampton,B1,1,Craig_Bampton,full-grid,1904,28,27,73,1.0132225807570334,1.0099457390479389,-0.08142236999040918,0,0,1,UNSTABLE,4.4090234437600614e-16,1.2205030601189525e-16,1
B1_D1_Craig_Bampton,B1,1,Craig_Bampton,full-grid,1905,28,28,74,1.0131742061758455,1.0099317551471931,-0.08099272810175126,0,0,1,UNSTABLE,1.7195731135415834e-16,1.2205030601189525e-16,1
B1_D1_Craig_Bampton,B1,1,Craig_Bampton,full-grid,1906,28,29,75,1.0131028296241187,1.0098938474755512,-0.080571460353056082,0,0,1,UNSTABLE,1.9408829402060961e-16,1.2205030601189523e-16,1
B1_D1_Craig_Bampton,B1,1,Craig_Bampton,full-grid,1907,28,30,76,1.013009809963356,1.0098333503437711,-0.08015908941267437,0,0,1,UNSTABLE,1.9966543141861757e-16,1.22050306014367e-16,1
B1_D1_Craig_Bampton,B1,1,Craig_Bampton,full-grid,1908,28,31,77,1.0128963791131289,1.0097514820514071,-0.079755998617498602,0,0,1,UNSTABLE,5.6272598545856613e-16,1.2205030601189523e-16,1
B1_D1_Craig_Bampton,B1,1,Craig_Bampton,full-grid,1909,28,32,78,1.0127636405361427,1.0096493414024426,-0.079362453324196836,0,0,1,UNSTABLE,3.793105580792718e-16,1.2205030601189523e-16,1
B1_D1_Craig_Bampton,B1,1,Craig_Bampton,full-grid,1910,28,33,79,1.0126125687799621,1.0095279055537933,-0.078978619634209213,0,0,1,UNSTABLE,4.2309024111766873e-16,1.2205030601189525e-16,1
B1_D1_Craig_Bampton,B1,1,Craig_Bampton,full-grid,1911,28,34,80,1.0124440094644587,1.0093880285529875,-0.078604580746812008,0,0,1,UNSTABLE,2.116089528425283e-16,1.2205030601436703e-16,1
B1_D1_Craig_Bampton,B1,1,Craig_Bampton,full-grid,1912,28,35,81,1.0122586791975134,1.0092304400146015,-0.078240351217438414,0,0,1,UNSTABLE,2.8330637161252879e-16,1.2205030601189525e-16,1
B1_D1_Craig_Bampton,B1,1,Craig_Bampton,full-grid,1913,28,36,82,1.0120571649635999,1.0090557434478327,-0.077885889409448628,0,0,1,UNSTABLE,1.770975147741411e-16,1.2205030601189525e-16,1
B1_D1_Craig_Bampton,B1,1,Craig_Bampton,full-grid,1914,28,37,83,1.0118399225635901,1.0088644137824339,-0.077541108432352415,0,0,1,UNSTABLE,2.7334723053289009e-16,1.2205030601189525e-16,1
B1_D1_Craig_Bampton,B1,1,Craig_Bampton,full-grid,1915,28,38,84,1.0116072736882449,1.0086567936453354,-0.077205885864192872,0,0,1,UNSTABLE,3.8096151647501711e-16,1.2205030601436703e-16,1
B1_D1_Craig_Bampton,B1,1,Craig_Bampton,full-grid,1916,28,39,85,1.0113594011818956,1.0084330879144363,-0.076880072569927141,0,0,1,UNSTABLE,2.9080867595158287e-16,1.2205030601189525e-16,1
B1_D1_Craig_Bampton,B1,1,Craig_Bampton,full-grid,1917,28,40,86,1.0110963419929953,1.008193356015274,-0.076563500953617802,0,0,1,UNSTABLE,2.4856932465425778e-16,1.2205030601189525e-16,1
B1_D1_Craig_Bampton,B1,1,Craig_Bampton,full-grid,1918,28,41,87,1.0108179772092762,1.0079375013243339,-0.076255993033409616,0,0,1,UNSTABLE,3.8422075983634521e-16,1.2205030601189525e-16,1
B1_D1_Craig_Bampton,B1,1,Craig_Bampton,full-grid,1919,28,42,88,1.0105240184273985,1.0076652568892344,-0.075957368813108106,0,0,1,UNSTABLE,3.2134249357090738e-16,1.2205030601436703e-16,1
B1_D1_Craig_Bampton,B1,1,Craig_Bampton,full-grid,1920,28,43,89,1.0102139894973066,1.0073761664562468,-0.07566745556697356,0,0,1,UNSTABLE,1.1407494842908657e-16,1.2205030601189525e-16,1
B1_D1_Craig_Bampton,B1,1,Craig_Bampton,full-grid,1921,28,44,90,1.009887202390257,1.0070695594879908,-0.075386098879594618,0,0,1,UNSTABLE,2.5758942903612272e-16,1.2205030601189525e-16,1
B1_D1_Craig_Bampton,B1,1,Craig_Bampton,full-grid,1922,28,45,91,1.0095427255411147,1.0067445184292099,-0.075113176645116214,0,0,1,UNSTABLE,4.4293687429303161e-16,1.2205030601189523e-16,1
B1_D1_Craig_Bampton,B1,1,Craig_Bampton,full-grid,1923,28,46,92,1.0091793424758344,1.0063998358965798,-0.074848617804838688,0,0,1,UNSTABLE,7.6147950471370186e-16,1.22050306014367e-16,1
B1_D1_Craig_Bampton,B1,1,Craig_Bampton,full-grid,1924,28,47,93,1.0087954978149332,1.0060339586804397,-0.074592428526240415,0,0,1,UNSTABLE,2.006726003013349e-16,1.2205030601189523e-16,1
B1_D1_Craig_Bampton,B1,1,Craig_Bampton,full-grid,1925,28,48,94,1.0083892268051764,1.0056449143984103,-0.074344730017368216,0,0,1,UNSTABLE,3.3960275733096859e-16,1.2205030601189523e-16,1
B1_D1_Craig_Bampton,B1,1,Craig_Bampton,full-grid,1926,28,49,95,1.0079580633656755,1.0052302152966832,-0.074105814606325135,0,0,1,UNSTABLE,5.1403955980541114e-16,1.2205030601189525e-16,1
B1_D1_Craig_Bampton,B1,1,Craig_Bampton,full-grid,1927,28,50,96,1.0074989203253384,1.0047867320939292,-0.073876230715467742,0,0,1,UNSTABLE,2.1519884502766776e-16,1.2205030601436703e-16,1
B1_D1_Craig_Bampton,B1,1,Craig_Bampton,full-grid,1928,28,51,97,1.0070079344182241,1.0043105291725518,-0.07365691396201135,0,0,1,UNSTABLE,2.7975217126530663e-16,1.2205030601189525e-16,1
B1_D1_Craig_Bampton,B1,1,Craig_Bampton,full-grid,1929,28,52,98,1.0064802686640228,1.003796651697308,-0.073449392450021481,0,0,1,UNSTABLE,3.5316344496486879e-16,1.2205030601189525e-16,1
B1_D1_Craig_Bampton,B1,1,Craig_Bampton,full-grid,1930,28,53,99,1.0059098683813505,1.0032388576009812,-0.07325611173454695,0,0,1,UNSTABLE,5.0479012133200568e-16,1.2205030601189525e-16,1
B1_D1_Craig_Bampton,B1,1,Craig_Bampton,full-grid,1931,28,54,100,1.0052891795475989,1.0026292979181477,-0.073080951496589011,0,0,1,UNSTABLE,2.5430722315169026e-16,1.2205030601436703e-16,1
B1_D1_Craig_Bampton,B1,1,Craig_Bampton,full-grid,1932,28,55,101,1.004608869630188,1.0019581777400566,-0.07293004181727461,0,0,1,UNSTABLE,3.571015649652308e-16,1.2205030601189525e-16,1
B1_D1_Craig_Bampton,B1,1,Craig_Bampton,full-grid,1933,28,56,102,1.0038576554397654,1.0012134918392044,-0.072813021803589409,0,0,1,UNSTABLE,4.2280264269366038e-16,1.2205030601189525e-16,1
B1_D1_Craig_Bampton,B1,1,Craig_Bampton,full-grid,1934,28,57,103,1.0033453479703611,1.0016531443376406,-0.05824831098223094,0,0,1,UNSTABLE,2.0494598743340053e-16,1.2205030601189525e-16,1
B1_D1_Craig_Bampton,B1,1,Craig_Bampton,full-grid,1935,28,58,104,1.0034883882416277,1.001782136239314,-0.058493562445593096,0,0,1,UNSTABLE,5.0941079162840029e-16,1.2205030601436703e-16,1
B1_D1_Craig_Bampton,B1,1,Craig_Bampton,full-grid,1936,28,59,105,1.0036746651042516,1.0019553490948938,-0.058722327885232642,0,0,1,UNSTABLE,3.7365346729259228e-16,1.2205030601189525e-16,1
B1_D1_Craig_Bampton,B1,1,Craig_Bampton,full-grid,1937,28,60,106,1.003899305369258,1.0021687417765601,-0.058920525514160119,0,0,1,UNSTABLE,1.7182798266248845e-16,1.2205030601189525e-16,1
B1_D1_Craig_Bampton,B1,1,Craig_Bampton,full-grid,1938,28,61,107,1.0041509289091162,1.0024116173097795,-0.059076539433460362,0,0,1,UNSTABLE,4.7571529951010646e-16,1.2205030601189523e-16,1
B1_D1_Craig_Bampton,B1,1,Craig_Bampton,full-grid,1939,28,62,108,1.0044144722375896,1.0026692210941512,-0.059185007483009922,0,0,1,UNSTABLE,2.2180190934442023e-16,1.22050306014367e-16,1
B1_D1_Craig_Bampton,B1,1,Craig_Bampton,full-grid,1940,28,63,109,1.0046757408091616,1.0029272499632034,-0.059247577601819687,0,0,1,UNSTABLE,2.8082332823561692e-16,1.2205030601189523e-16,1
B1_D1_Craig_Bampton,B1,1,Craig_Bampton,full-grid,1941,28,64,110,1.00492453442721,1.0031751178421264,-0.059270589976651446,0,0,1,UNSTABLE,2.6862606730737275e-16,1.2205030601189523e-16,1
B1_D1_Craig_Bampton,B1,1,Craig_Bampton,full-grid,1942,28,65,111,1.005155163806488,1.0034066554464862,-0.059262020996115591,0,0,1,UNSTABLE,2.3131607135475072e-16,1.2205030601189525e-16,1
B1_D1_Craig_Bampton,B1,1,Craig_Bampton,full-grid,1943,28,66,112,1.005365400851014,1.0036191827173533,-0.059229429425511668,0,0,1,UNSTABLE,3.0098341958270169e-16,1.2205030601436703e-16,1
B1_D1_Craig_Bampton,B1,1,Craig_Bampton,full-grid,1944,29,0,47,1.0074412560228685,1.0059208116685368,-0.055328157289459071,0,0,1,UNSTABLE,2.6176849921995884e-16,1.3204866086300172e-16,1
B1_D1_Craig_Bampton,B1,1,Craig_Bampton,full-grid,1945,29,1,48,1.0073733729399834,1.0058552125823437,-0.055284752232483338,0,0,1,UNSTABLE,3.4344250927039523e-16,1.2205030601436703e-16,1
B1_D1_Craig_Bampton,B1,1,Craig_Bampton,full-grid,1946,29,2,49,1.0073051394394021,1.0057891457925781,-0.05524344437912132,0,0,1,UNSTABLE,4.3135117643444912e-16,1.2205030601189525e-16,1
B1_D1_Craig_Bampton,B1,1,Craig_Bampton,full-grid,1947,29,3,50,1.0072365274982287,1.0057225854420193,-0.055204197834132711,0,0,1,UNSTABLE,1.7919443243819645e-16,1.2205030601189525e-16,1
B1_D1_Craig_Bampton,B1,1,Craig_Bampton,full-grid,1948,29,4,51,1.0071675099784205,1.0056555061504713,-0.055166983834276977,0,0,1,UNSTABLE,2.5638956193810379e-16,1.2205030601189525e-16,1
B1_D1_Craig_Bampton,B1,1,Craig_Bampton,full-grid,1949,29,5,52,1.007098060618379,1.0055878830262388,-0.055131780418444201,0,0,1,UNSTABLE,2.397499194111861e-16,1.2205030601436703e-16,1
B1_D1_Craig_Bampton,B1,1,Craig_Bampton,full-grid,1950,29,6,53,1.0070281540352113,1.0055196916849156,-0.055098572154251423,0,0,1,UNSTABLE,2.1188375260716828e-16,1.2205030601189525e-16,1
B1_D1_Craig_Bampton,B1,1,Craig_Bampton,full-grid,1951,29,7,54,1.0069577657373208,1.0054509082754581,-0.055067349915836165,0,0,1,UNSTABLE,3.5876871535890755e-16,1.2205030601189525e-16,1
B1_D1_Craig_Bampton,B1,1,Craig_Bampton,full-grid,1952,29,8,55,1.0070085728654488,1.0031637474953361,-0.087913375180466172,0,0,1,UNSTABLE,1.4480314432490219e-16,1.2205030601189525e-16,1
B1_D1_Craig_Bampton,B1,1,Craig_Bampton,full-grid,1953,29,9,56,1.0076395885010505,1.0038072675852234,-0.087798119898174723,0,0,1,UNSTABLE,2.690417735360949e-16,1.2205030601436703e-16,1
B1_D1_Craig_Bampton,B1,1,Craig_Bampton,full-grid,1954,29,10,57,1.0082438325913328,1.0044287191381742,-0.087627473596504468,0,0,1,UNSTABLE,1.8616085077916553e-16,1.2205030601189525e-16,1
B1_D1_Craig_Bampton,B1,1,Craig_Bampton,full-grid,1955,29,11,58,1.0088162225478825,1.0050225979995844,-0.087405654198939683,0,0,1,UNSTABLE,2.1246454884374779e-16,1.2205030601189525e-16,1
B1_D1_Craig_Bampton,B1,1,Craig_Bampton,full-grid,1956,29,12,59,1.0093526572780784,1.0055843297630409,-0.087137491869652445,0,0,1,UNSTABLE,2.5849466168048079e-16,1.2205030601189525e-16,1
B1_D1_Craig_Bampton,B1,1,Craig_Bampton,full-grid,1957,29,13,60,1.0098500432726643,1.0061103189045917,-0.086828198711608698,0,0,1,UNSTABLE,2.8398603660765359e-16,1.2205030601436703e-16,1
B1_D1_Craig_Bampton,B1,1,Craig_Bampton,full-grid,1958,29,14,61,1.0103062627679713,1.0065979382151122,-0.086483150782509871,0,0,1,UNSTABLE,2.4858870230721304e-16,1.2205030601189523e-16,1
B1_D1_Craig_Bampton,B1,1,Craig_Bampton,full-grid,1959,29,15,62,1.0107200967703223,1.0070454699375975,-0.086107697063462579,0,0,1,UNSTABLE,2.9895418077540096e-16,1.2205030601189523e-16,1
B1_D1_Craig_Bampton,B1,1,Craig_Bampton,full-grid,1960,29,16,63,1.0110911176618418,1.0074520125875586,-0.085707004077557047,0,0,1,UNSTABLE,1.6699915209377384e-16,1.2205030601189525e-16,1
B1_D1_Craig_Bampton,B1,1,Craig_Bampton,full-grid,1961,29,17,64,1.0114195655921647,1.0078173674974265,-0.085285939246752263,0,0,1,UNSTABLE,2.3131475318608208e-16,1.2205030601436703e-16,1
B1_D1_Craig_Bampton,B1,1,Craig_Bampton,full-grid,1962,29,18,65,1.0117062206901717,1.0081419173920172,-0.084848991628291195,0,0,1,UNSTABLE,1.2511928832262285e-16,1.2205030601189525e-16,1
B1_D1_Craig_Bampton,B1,1,Craig_Bampton,full-grid,1963,29,19,66,1.0119522801624605,1.0084265066063076,-0.084400225709422433,0,0,1,UNSTABLE,3.2872847576815902e-16,1.2205030601189525e-16,1
B1_D1_Craig_Bampton,B1,1,Craig_Bampton,full-grid,1964,29,20,67,1.0121592462848861,1.0086723296180351,-0.083943262403332164,0,0,1,UNSTABLE,2.592289239338836e-16,1.2205030601189525e-16,1
B1_D1_Craig_Bampton,B1,1,Craig_Bampton,full-grid,1965,29,21,68,1.0123288285994476,1.00888083188168,-0.083481280987172182,0,0,1,UNSTABLE,1.8531988187754336e-16,1.2205030601436703e-16,1
B1_D1_Craig_Bampton,B1,1,Craig_Bampton,full-grid,1966,29,22,69,1.0124628615186644,1.0090536247757402,-0.08301703609200832,0,0,1,UNSTABLE,2.9166693929605186e-16,1.2205030601189525e-16,1
B1_D1_Craig_Bampton,B1,1,Craig_Bampton,full-grid,1967,29,23,70,1.0125632370529087,1.0091924148873153,-0.082552884655678421,0,0,1,UNSTABLE,1.8730553578671054e-16,1.2205030601189525e-16,1
B1_D1_Craig_Bampton,B1,1,Craig_Bampton,full-grid,1968,29,24,71,1.0126318514430555,1.0092989468133879,-0.08209081872155978,0,0,1,UNSTABLE,2.6090894682955483e-16,1.2205030601189525e-16,1
B1_D1_Craig_Bampton,B1,1,Craig_Bampton,full-grid,1969,29,25,72,1.0126705639861473,1.0093749580580735,-0.081632500937337177,0,0,1,UNSTABLE,2.8491495442128082e-16,1.2205030601436703e-16,1
B1_D1_Craig_Bampton,B1,1,Craig_Bampton,full-grid,1970,29,26,73,1.0126811661596351,1.0094221443326017,-0.081179300473773142,0,0,1,UNSTABLE,1.7642166038436815e-16,1.2205030601189525e-16,1
B1_D1_Craig_Bampton,B1,1,Craig_Bampton,full-grid,1971,29,27,74,1.0126653591732495,1.0094421335155346,-0.08073232780672393,0,0,1,UNSTABLE,2.3940651147048763e-16,1.2205030601189525e-16,1
B1_D1_Craig_Bampton,B1,1,Craig_Bampton,full-grid,1972,29,28,75,1.0126247382200335,1.0094364666180189,-0.080292467373475104,0,0,1,UNSTABLE,3.6942321530503285e-16,1.2205030601189525e-16,1
B1_D1_Craig_Bampton,B1,1,Craig_Bampton,full-grid,1973,29,29,76,1.0125607818978275,1.0094065842587401,-0.079860407541178999,0,0,1,UNSTABLE,2.7892977422733512e-16,1.2205030601436703e-16,1
B1_D1_Craig_Bampton,B1,1,Craig_Bampton,full-grid,1974,29,30,77,1.0124748454894728,1.0093538173426488,-0.079436667633748764,0,0,1,UNSTABLE,3.3931090043786969e-16,1.2205030601189523e-16,1
B1_D1_Craig_Bampton,B1,1,Craig_Bampton,full-grid,1975,29,31,78,1.0123681569976246,1.0092793808273191,-0.079021621975193482,0,0,1,UNSTABLE,2.6380675688059168e-16,1.2205030601189523e-16,1
B1_D1_Craig_Bampton,B1,1,Craig_Bampton,full-grid,1976,29,32,79,1.012241815015152,1.0091843696350362,-0.078615521047081208,0,0,1,UNSTABLE,1.7777237061758645e-16,1.2205030601189525e-16,1
B1_D1_Craig_Bampton,B1,1,Craig_Bampton,full-grid,1977,29,33,80,1.0120967876668221,1.0090697559176283,-0.078218509943866033,0,0,1,UNSTABLE,1.8207247057384611e-16,1.2205030601436703e-16,1
B1_D1_Craig_Bampton,B1,1,Craig_Bampton,full-grid,1978,29,34,81,1.01193391198076,1.0089363870014276,-0.077830644358053744,0,0,1,UNSTABLE,3.142511922953727e-16,1.2205030601189525e-16,1
B1_D1_Craig_Bampton,B1,1,Craig_Bampton,full-grid,1979,29,35,82,1.0117538931379184,1.0087849834290787,-0.077451904351848205,0,0,1,UNSTABLE,3.0437106425350064e-16,1.2205030601189525e-16,1
B1_D1_Craig_Bampton,B1,1,Craig_Bampton,full-grid,1980,29,36,83,1.011557303105262,1.0086161365733268,-0.077082206179423338,0,0,1,UNSTABLE,3.4706848868352295e-16,1.2205030601189525e-16,1
B1_D1_Craig_Bampton,B1,1,Craig_Bampton,full-grid,1981,29,37,84,1.0113445781844996,1.008430305325261,-0.076721412426938529,0,0,1,UNSTABLE,2.4308656575811244e-16,1.2205030601436703e-16,1
B1_D1_Craig_Bampton,B1,1,Craig_Bampton,full-grid,1982,29,38,85,1.0111160150004461,1.0082278113529566,-0.076369340738343491,0,0,1,UNSTABLE,2.593063075817035e-16,1.2205030601189525e-16,1
B1_D1_Craig_Bampton,B1,1,Craig_Bampton,full-grid,1983,29,39,86,1.0108717644107532,1.0080088323846321,-0.076025771403384665,0,0,1,UNSTABLE,4.0040769231272482e-16,1.2205030601189525e-16,1
B1_D1_Craig_Bampton,B1,1,Craig_Bampton,full-grid,1984,29,40,87,1.0106118227346597,1.007773392885708,-0.075690454105519722,0,0,1,UNSTABLE,3.9587245176909356e-16,1.2205030601189525e-16,1
B1_D1_Craig_Bampton,B1,1,Craig_Bampton,full-grid,1985,29,41,88,1.0103360195653246,1.0075213513633976,-0.075363114173826184,0,0,1,UNSTABLE,2.3741277460217359e-16,1.2205030601436703e-16,1
B1_D1_Craig_Bampton,B1,1,Craig_Bampton,full-grid,1986,29,42,89,1.0100440012336751,1.0072523833302507,-0.075043458766653526,0,0,1,UNSTABLE,3.2931982666192791e-16,1.2205030601189525e-16,1
B1_D1_Craig_Bampton,B1,1,Craig_Bampton,full-grid,1987,29,43,90,1.0097352087125815,1.0069659586685817,-0.074731183561511996,0,0,1,UNSTABLE,2.9237716691701581e-16,1.2205030601189525e-16,1
B1_D1_Craig_Bampton,B1,1,Craig_Bampton,full-grid,1988,29,44,91,1.009408848360922,1.0066613117306975,-0.074425980772538897,0,0,1,UNSTABLE,4.5612597961866613e-16,1.2205030601189525e-16,1
B1_D1_Craig_Bampton,B1,1,Craig_Bampton,full-grid,1989,29,45,92,1.0090638533702958,1.006337401943191,-0.074127549728411152,0,0,1,UNSTABLE,3.3628523240861639e-16,1.2205030601436703e-16,1
B1_D1_Craig_Bampton,B1,1,Craig_Bampton,full-grid,1990,29,46,93,1.0086988330465709,1.0059928619034673,-0.073835611928022737,0,0,1,UNSTABLE,6.2935984692943087e-16,1.2205030601189523e-16,1
B1_D1_Craig_Bampton,B1,1,Craig_Bampton,full-grid,1991,29,47,94,1.0083120060827662,1.0056259288983354,-0.073549933637034964,0,0,1,UNSTABLE,3.4747095556138678e-16,1.2205030601189523e-16,1
B1_D1_Craig_Bampton,B1,1,Craig_Bampton,full-grid,1992,29,48,95,1.007901112725792,1.0052343543823066,-0.073270361016422217,0,0,1,UNSTABLE,3.0871811309027287e-16,1.2205030601189525e-16,1
B1_D1_Craig_Bampton,B1,1,Craig_Bampton,full-grid,1993,29,49,96,1.0074632992512127,1.0048152842320675,-0.072996876041158704,0,0,1,UNSTABLE,3.577925076292472e-16,1.2205030601436703e-16,1
B1_D1_Craig_Bampton,B1,1,Craig_Bampton,full-grid,1994,29,50,97,1.0069949667256237,1.004365100766196,-0.072729687017399625,0,0,1,UNSTABLE,5.1112117170258981e-16,1.2205030601189525e-16,1
B1_D1_Craig_Bampton,B1,1,Craig_Bampton,full-grid,1995,29,51,98,1.0064915755827843,1.0038792164070107,-0.072469376878526892,0,0,1,UNSTABLE,3.2952890012701514e-16,1.2205030601189525e-16,1
B1_D1_Craig_Bampton,B1,1,Craig_Bampton,full-grid,1996,29,52,99,1.0059474005675917,1.0033518108123742,-0.072217147882093727,0,0,1,UNSTABLE,1.7157336909192252e-16,1.2205030601189525e-16,1
B1_D1_Craig_Bampton,B1,1,Craig_Bampton,full-grid,1997,29,53,100,1.0053552431237842,1.0027755141776167,-0.07197522519797675,0,0,1,UNSTABLE,3.7786951619060839e-16,1.2205030601436703e-16,1
B1_D1_Craig_Bampton,B1,1,Craig_Bampton,full-grid,1998,29,54,101,1.0047061430984827,1.002141072075478,-0.071747513122341289,0,0,1,UNSTABLE,4.1076297435068169e-16,1.2205030601189525e-16,1
B1_D1_Craig_Bampton,B1,1,Craig_Bampton,full-grid,1999,29,55,102,1.0039892100685326,1.0014371042112993,-0.071540619531309316,0,0,1,UNSTABLE,2.9128682096574327e-16,1.2205030601189525e-16,1
B1_D1_Craig_Bampton,B1,1,Craig_Bampton,full-grid,2000,29,56,103,1.0038062153712253,1.0021229298936234,-0.05810810097845643,0,0,1,UNSTABLE,1.7883259019555222e-16,1.2205030601189525e-16,1
B1_D1_Craig_Bampton,B1,1,Craig_Bampton,full-grid,2001,29,57,104,1.0039584261014389,1.0022609028022218,-0.058357553531256226,0,0,1,UNSTABLE,3.1089289372761053e-16,1.2205030601436703e-16,1
B1_D1_Craig_Bampton,B1,1,Craig_Bampton,full-grid,2002,29,58,105,1.0041564233176437,1.0024457531630899,-0.058588688800553512,0,0,1,UNSTABLE,2.0349232209174368e-16,1.2205030601189525e-16,1
B1_D1_Craig_Bampton,B1,1,Craig_Bampton,full-grid,2003,29,59,106,1.0043944295935676,1.0026726303407565,-0.058785768380931837,0,0,1,UNSTABLE,2.0000998648311374e-16,1.2205030601189525e-16,1
B1_D1_Craig_Bampton,B1,1,Craig_Bampton,full-grid,2004,29,60,107,1.0046590604803589,1.0029288827909908,-0.058936269553579439,0,0,1,UNSTABLE,3.2634511093540958e-16,1.2205030601189525e-16,1
B1_D1_Craig_Bampton,B1,1,Craig_Bampton,full-grid,2005,29,61,108,1.0049331381813873,1.0031976038392512,-0.059035411968379692,0,0,1,UNSTABLE,4.0528052184574421e-16,1.2205030601436703e-16,1
B1_D1_Craig_Bampton,B1,1,Craig_Bampton,full-grid,2006,29,62,109,1.0052013588260424,1.0034632818654297,-0.059086493664655591,0,0,1,UNSTABLE,4.9143569754529663e-16,1.2205030601189523e-16,1
B1_D1_Craig_Bampton,B1,1,Craig_Bampton,full-grid,2007,29,63,110,1.0054535962912114,1.0037153051191761,-0.059097551255953347,0,0,1,UNSTABLE,3.9726140039736064e-16,1.2205030601189523e-16,1
B1_D1_Craig_Bampton,B1,1,Craig_Bampton,full-grid,2008,29,64,111,1.0056848831850289,1.0039481610836321,-0.059077695653086834,0,0,1,UNSTABLE,3.2151796920157777e-16,1.2205030601189525e-16,1
B1_D1_Craig_Bampton,B1,1,Craig_Bampton,full-grid,2009,29,65,112,1.0058938300799571,1.0041599789324391,-0.059035024378153306,0,0,1,UNSTABLE,3.7850857646169469e-16,1.2205030601436703e-16,1
B1_D1_Craig_Bampton,B1,1,Craig_Bampton,full-grid,2010,29,66,113,1.0060810429757943,1.0043509843161,-0.058975972552751485,0,0,1,UNSTABLE,3.8278211365613694e-16,1.2205030601189525e-16,1
B1_D1_Craig_Bampton,B1,1,Craig_Bampton,full-grid,2011,30,0,48,1.0077746582570482,1.0062754464573584,-0.054949865169571614,0,0,1,UNSTABLE,4.2346847462029313e-16,1.3204866087315512e-16,1
B1_D1_Craig_Bampton,B1,1,Craig_Bampton,full-grid,2012,30,1,49,1.0077047378638522,1.0062074848723517,-0.05491207608633196,0,0,1,UNSTABLE,2.4460163458732504e-16,1.2205030601189525e-16,1
B1_D1_Craig_Bampton,B1,1,Craig_Bampton,full-grid,2013,30,2,50,1.0076345718080717,1.0061391653451865,-0.054876317855042947,0,0,1,UNSTABLE,2.4494227160208655e-16,1.2205030601189525e-16,1
B1_D1_Craig_Bampton,B1,1,Craig_Bampton,full-grid,2014,30,3,51,1.0075641289567099,1.0060704583406519,-0.054842563894516833,0,0,1,UNSTABLE,2.2973778435733303e-16,1.2205030601189525e-16,1
B1_D1_Craig_Bampton,B1,1,Craig_Bampton,full-grid,2015,30,4,52,1.0074933795116905,1.0060013352888908,-0.054810794163701396,0,0,1,UNSTABLE,2.3702030563955759e-16,1.2205030601436703e-16,1
B1_D1_Craig_Bampton,B1,1,Craig_Bampton,full-grid,2016,30,5,53,1.0074222949715916,1.0059317685622067,-0.054780994908266774,0,0,1,UNSTABLE,2.9518567589773018e-16,1.2205030601189525e-16,1
B1_D1_Craig_Bampton,B1,1,Craig_Bampton,full-grid,2017,30,6,54,1.0073508481084497,1.0058617314641054,-0.054753158455424264,0,0,1,UNSTABLE,2.7101086063155384e-16,1.2205030601189525e-16,1
B1_D1_Craig_Bampton,B1,1,Craig_Bampton,full-grid,2018,30,7,55,1.0072790129590561,1.0057911982302261,-0.054727283053122001,0,0,1,UNSTABLE,5.368357854581733e-16,1.2205030601189525e-16,1
B1_D1_Craig_Bampton,B1,1,Craig_Bampton,full-grid,2019,30,8,56,1.0072067648304981,1.0057201440410846,-0.05470337275066648,0,0,1,UNSTABLE,3.7155421596230127e-16,1.2205030601436703e-16,1
B1_D1_Craig_Bampton,B1,1,Craig_Bampton,full-grid,2020,30,9,57,1.0071340803196984,1.005648545046542,-0.054681437318140166,0,0,1,UNSTABLE,3.1242065368047205e-16,1.2205030601189525e-16,1
B1_D1_Craig_Bampton,B1,1,Craig_Bampton,full-grid,2021,30,10,58,1.0075118732938131,1.0037433889255833,-0.087059657799660142,0,0,1,UNSTABLE,2.3071804739844711e-16,1.2205030601189525e-16,1
B1_D1_Craig_Bampton,B1,1,Craig_Bampton,full-grid,2022,30,11,59,1.0080922702701882,1.0043449544844174,-0.086840300438194476,0,0,1,UNSTABLE,3.2807104113728123e-16,1.2205030601189525e-16,1
B1_D1_Craig_Bampton,B1,1,Craig_Bampton,full-grid,2023,30,12,60,1.0086373565598312,1.0049150688640685,-0.086573791749747164,0,0,1,UNSTABLE,3.907502582531996e-16,1.22050306014367e-16,1
B1_D1_Craig_Bampton,B1,1,Craig_Bampton,full-grid,2024,30,13,61,1.0091438900520113,1.0054499948141151,-0.086265281299036559,0,0,1,UNSTABLE,2.9295740429132795e-16,1.2205030601189523e-16,1
B1_D1_Craig_Bampton,B1,1,Craig_Bampton,full-grid,2025,30,14,62,1.0096096109165653,1.0059469673115813,-0.085920110636162797,0,0,1,UNSTABLE,7.3088790039195946e-16,1.2205030601189523e-16,1
B1_D1_Craig_Bampton,B1,1,Craig_Bampton,full-grid,2026,30,15,63,1.0100331694297977,1.0064041398724832,-0.08554361809000964,0,0,1,UNSTABLE,3.9774627302164451e-16,1.2205030601189525e-16,1
B1_D1_Craig_Bampton,B1,1,Craig_Bampton,full-grid,2027,30,16,64,1.0104140216092987,1.006820494841036,-0.085140978575114365,0,0,1,UNSTABLE,2.2528320625518868e-16,1.2205030601436703e-16,1
B1_D1_Craig_Bampton,B1,1,Craig_Bampton,full-grid,2028,30,17,65,1.0107523070396121,1.0071957318181055,-0.084717082063117094,0,0,1,UNSTABLE,3.290251920075433e-16,1.2205030601189525e-16,1
B1_D1_Craig_Bampton,B1,1,Craig_Bampton,full-grid,2029,30,18,66,1.0110487212278352,1.007530146799684,-0.084276449772448844,0,0,1,UNSTABLE,2.4543251911019001e-16,1.2205030601189525e-16,1
B1_D1_Craig_Bampton,B1,1,Craig_Bampton,full-grid,2030,30,19,67,1.0113043919054445,1.0078245119613398,-0.083823184007337584,0,0,1,UNSTABLE,2.5375128185778981e-16,1.2205030601189525e-16,1
B1_D1_Craig_Bampton,B1,1,Craig_Bampton,full-grid,2031,30,20,68,1.0115207656155452,1.0080799630833503,-0.083360945899923225,0,0,1,UNSTABLE,1.8476472716151202e-16,1.2205030601436703e-16,1
B1_D1_Craig_Bampton,B1,1,Craig_Bampton,full-grid,2032,30,21,69,1.0116995081776927,1.0082978988826441,-0.082892954802145841,0,0,1,UNSTABLE,2.5799961893183724e-16,1.2205030601189525e-16,1
B1_D1_Craig_Bampton,B1,1,Craig_Bampton,full-grid,2033,30,22,70,1.0118424204449701,1.0084798942823017,-0.082422003374663266,0,0,1,UNSTABLE,1.6139990241843643e-16,1.2205030601189525e-16,1
B1_D1_Craig_Bampton,B1,1,Craig_Bampton,full-grid,2034,30,23,71,1.0119513692153808,1.0086276279988113,-0.08195048318573335,0,0,1,UNSTABLE,2.0412365790409144e-16,1.2205030601189525e-16,1
B1_D1_Craig_Bampton,B1,1,Craig_Bampton,full-grid,2035,30,24,72,1.01202823216975,1.0087428237268385,-0.081480416593399274,0,0,1,UNSTABLE,2.0599229292994256e-16,1.2205030601436703e-16,1
B1_D1_Craig_Bampton,B1,1,Craig_Bampton,full-grid,2036,30,25,73,1.0120748551701073,1.0088272035571164,-0.081013491658625758,0,0,1,UNSTABLE,2.1952178270060251e-16,1.2205030601189525e-16,1
B1_D1_Craig_Bampton,B1,1,Craig_Bampton,full-grid,2037,30,26,74,1.0120930200386014,1.0088824519574984,-0.080551097714945064,0,0,1,UNSTABLE,2.078853282274906e-16,1.2205030601189525e-16,1
B1_D1_Craig_Bampton,B1,1,Craig_Bampton,full-grid,2038,30,27,75,1.0120844209400714,1.008910188575991,-0.080094359958475747,0,0,1,UNSTABLE,4.6937681175110962e-16,1.2205030601189525e-16,1
B1_D1_Craig_Bampton,B1,1,Craig_Bampton,full-grid,2039,30,28,76,1.0120506476204665,1.0089119481970368,-0.079644172004396635,0,0,1,UNSTABLE,3.357896808099399e-16,1.22050306014367e-16,1
B1_D1_Craig_Bampton,B1,1,Craig_Bampton,full-grid,2040,30,29,77,1.01199317394655,1.0088891663342152,-0.079201225797737071,0,0,1,UNSTABLE,2.6900851753514329e-16,1.2205030601189523e-16,1
B1_D1_Craig_Bampton,B1,1,Craig_Bampton,full-grid,2041,30,30,78,1.0119133504048532,1.0088431691265682,-0.078766038584138665,0,0,1,UNSTABLE,3.8554588845486763e-16,1.2205030601189523e-16,1
B1_D1_Craig_Bampton,B1,1,Craig_Bampton,full-grid,2042,30,31,79,1.0118123994244381,1.0087751663935336,-0.078338976868077295,0,0,1,UNSTABLE,1.7593247474858584e-16,1.2205030601189525e-16,1
B1_D1_Craig_Bampton,B1,1,Craig_Bampton,full-grid,2043,30,32,80,1.011691412571454,1.0086862468755602,-0.077920277430974946,0,0,1,UNSTABLE,2.9726562492781449e-16,1.2205030601436703e-16,1
B1_D1_Craig_Bampton,B1,1,Craig_Bampton,full-grid,2044,30,33,81,1.0115513488174415,1.0085773748351587,-0.077510065572189799,0,0,1,UNSTABLE,2.3341071681248277e-16,1.2205030601189525e-16,1
B1_D1_Craig_Bampton,B1,1,Craig_Bampton,full-grid,2045,30,34,82,1.0113930332030723,1.0084493873102303,-0.077108370786393265,0,0,1,UNSTABLE,3.8670831587552401e-16,1.2205030601189525e-16,1
B1_D1_Craig_Bampton,B1,1,Craig_Bampton,full-grid,2046,30,35,83,1.0112171553051932,1.0083029913971808,-0.076715140116043454,0,0,1,UNSTABLE,3.9365189963906971e-16,1.2205030601189525e-16,1
B1_D1_Craig_Bampton,B1,1,Craig_Bampton,full-grid,2047,30,36,84,1.0110242669654326,1.008138760992517,-0.076330249426181163,0,0,1,UNSTABLE,2.2973785184861882e-16,1.2205030601436703e-16,1
B1_D1_Craig_Bampton,B1,1,Craig_Bampton,full-grid,2048,30,37,85,1.0108147787544368,1.0079571324387533,-0.075953512849811264,0,0,1,UNSTABLE,2.2734159477924588e-16,1.2205030601189525e-16,1
B1_D1_Craig_Bampton,B1,1,Craig_Bampton,full-grid,2049,30,38,86,1.0105889546228581,1.0077583984985896,-0.075584690654121281,0,0,1,UNSTABLE,2.6636625988809541e-16,1.2205030601189525e-16,1
B1_D1_Craig_Bampton,B1,1,Craig_Bampton,full-grid,2050,30,39,87,1.0103469041258433,1.0075427000174377,-0.075223495785874298,0,0,1,UNSTABLE,3.5025796750953108e-16,1.2205030601189525e-16,1
B1_D1_Craig_Bampton,B1,1,Craig_Bampton,full-grid,2051,30,40,88,1.0100885714921652,1.0073100145177054,-0.074869599380679011,0,0,1,UNSTABLE,6.4386329186962655e-16,1.2205030601436703e-16,1
B1_D1_Craig_Bampton,B1,1,Craig_Bampton,full-grid,2052,30,41,89,1.0098137206315925,1.0070601407872928,-0.074522635576701426,0,0,1,UNSTABLE,4.5477231461254127e-16,1.2205030601189525e-16,1
B1_D1_Craig_Bampton,B1,1,Craig_Bampton,full-grid,2053,30,42,90,1.0095219149141725,1.0067926782575078,-0.074182206081056676,0,0,1,UNSTABLE,3.1926948128766767e-16,1.2205030601189525e-16,1
B1_D1_Craig_Bampton,B1,1,Craig_Bampton,full-grid,2054,30,43,91,1.0092124901883643,1.0065069995852183,-0.073847885129912097,0,0,1,UNSTABLE,1.7778480539868899e-16,1.2205030601189525e-16,1
B1_D1_Craig_Bampton,B1,1,Craig_Bampton,full-grid,2055,30,44,92,1.0088845189935201,1.0062022143185498,-0.073519225820416187,0,0,1,UNSTABLE,3.5312487984255349e-16,1.22050306014367e-16,1
B1_D1_Craig_Bampton,B1,1,Craig_Bampton,full-grid,2056,30,45,93,1.0085367632217908,1.0058771207833714,-0.073195769375295511,0,0,1,UNSTABLE,1.8508018943588841e-16,1.2205030601189523e-16,1
B1_D1_Craig_Bampton,B1,1,Craig_Bampton,full-grid,2057,30,46,94,1.0081676115464469,1.0055301423184033,-0.072877059905015473,0,0,1,UNSTABLE,3.1751865032018481e-16,1.2205030601189523e-16,1
B1_D1_Craig_Bampton,B1,1,Craig_Bampton,full-grid,2058,30,47,95,1.0077749967269416,1.00515924265749,-0.072562668971092467,0,0,1,UNSTABLE,2.4100959245952312e-16,1.2205030601189525e-16,1
B1_D1_Craig_Bampton,B1,1,Craig_Bampton,full-grid,2059,30,48,96,1.0073562864844545,1.0047618136298757,-0.072252237272998829,0,0,1,UNSTABLE,2.8983241754386518e-16,1.2205030601436703e-16,1
B1_D1_Craig_Bampton,B1,1,Craig_Bampton,full-grid,2060,30,49,97,1.0069081403402189,1.0043345266841912,-0.071945546029197741,0,0,1,UNSTABLE,3.2609061873527377e-16,1.2205030601189525e-16,1
B1_D1_Craig_Bampton,B1,1,Craig_Bampton,full-grid,2061,30,50,98,1.0064263246711664,1.0038731389831197,-0.071642639672825026,0,0,1,UNSTABLE,3.7519765297829247e-16,1.2205030601189525e-16,1
B1_D1_Craig_Bampton,B1,1,Craig_Bampton,full-grid,2062,30,51,99,1.0059054821271369,1.0033722476758336,-0.07134403666301499,0,0,1,UNSTABLE,2.2922758491366555e-16,1.2205030601189525e-16,1
B1_D1_Craig_Bampton,B1,1,Craig_Bampton,full-grid,2063,30,52,100,1.0053388665184253,1.0028249993372378,-0.071051088920728755,0,0,1,UNSTABLE,5.8928916709904311e-16,1.2205030601436703e-16,1
B1_D1_Craig_Bampton,B1,1,Craig_Bampton,full-grid,2064,30,53,101,1.0047180957971806,1.0022228011019316,-0.070766580910133964,0,0,1,UNSTABLE,4.1147108440618383e-16,1.2205030601189525e-16,1
B1_D1_Craig_Bampton,B1,1,Craig_Bampton,full-grid,2065,30,54,102,1.0041875289318525,1.00253111174133,-0.057653822535483915,0,0,1,UNSTABLE,3.4190636310059051e-16,1.2205030601189525e-16,1
B1_D1_Craig_Bampton,B1,1,Craig_Bampton,full-grid,2066,30,55,103,1.0043032276571842,1.0026324793719867,-0.057905823463795705,0,0,1,UNSTABLE,3.1243466136495092e-16,1.2205030601189525e-16,1
B1_D1_Craig_Bampton,B1,1,Craig_Bampton,full-grid,2067,30,56,104,1.0044641774432292,1.0027794676635149,-0.058151723957081278,0,0,1,UNSTABLE,3.354664662659165e-16,1.2205030601436703e-16,1
B1_D1_Craig_Bampton,B1,1,Craig_Bampton,full-grid,2068,30,57,105,1.0046710133373358,1.0029735802422495,-0.058376728037060871,0,0,1,UNSTABLE,3.1160295182349698e-16,1.2205030601189525e-16,1
B1_D1_Craig_Bampton,B1,1,Craig_Bampton,full-grid,2069,30,58,106,1.004916599066797,1.0032086279303516,-0.05856466448361991,0,0,1,UNSTABLE,2.3136441597249483e-16,1.2205030601189525e-16,1
B1_D1_Craig_Bampton,B1,1,Craig_Bampton,full-grid,2070,30,59,107,1.0051860260565895,1.0034703942193994,-0.058703619178054597,0,0,1,UNSTABLE,3.9901671740028993e-16,1.2205030601189525e-16,1
B1_D1_Craig_Bampton,B1,1,Craig_Bampton,full-grid,2071,30,60,108,1.0054613744286511,1.0037411371381311,-0.058790348566784514,0,0,1,UNSTABLE,3.2314471027651665e-16,1.22050306014367e-16,1
B1_D1_Craig_Bampton,B1,1,Craig_Bampton,full-grid,2072,30,61,109,1.0057277132027187,1.004005625824123,-0.058829723928309645,0,0,1,UNSTABLE,2.7972100791640112e-16,1.2205030601189523e-16,1
B1_D1_Craig_Bampton,B1,1,Craig_Bampton,full-grid,2073,30,62,110,1.0059758976113837,1.0042541781262579,-0.058830708741125615,0,0,1,UNSTABLE,4.0413052288613851e-16,1.2205030601189523e-16,1
B1_D1_Craig_Bampton,B1,1,Craig_Bampton,full-grid,2074,30,63,111,1.0062019423395947,1.0044822521619086,-0.058802668814547633,0,0,1,UNSTABLE,2.5840990848428582e-16,1.2205030601189525e-16,1
B1_D1_Craig_Bampton,B1,1,Craig_Bampton,full-grid,2075,30,64,112,1.0064051719306319,1.0046887023364037,-0.058753565732796852,0,0,1,UNSTABLE,4.9911266466881889e-16,1.2205030601436703e-16,1
B1_D1_Craig_Bampton,B1,1,Craig_Bampton,full-grid,2076,30,65,113,1.006586628885404,1.0048742098557017,-0.058689554588196899,0,0,1,UNSTABLE,2.9123985069154249e-16,1.2205030601189525e-16,1
B1_D1_Craig_Bampton,B1,1,Craig_Bampton,full-grid,2077,30,66,114,1.0067480796125938,1.0050402753295169,-0.05861519230723751,0,0,1,UNSTABLE,2.8163301286535871e-16,1.2205030601189525e-16,1
