route_id,contract_id,division,method,mode,point_order,l_samples,j_samples,physical_root_count,rho,dominant_root_real,dominant_root_imag,stable,critical,stability_code,stability_status,maximum_state_eigenpair_residual,transition_reconstruction_relative_error,overall_pass
B2_D1_Guyan,B2,1,Guyan,full-grid,1,0,0,12,0.99916949305841785,0.99903196539835748,-0.016577333045776774,1,0,-1,STABLE,1.1025966211703197e-16,3.5996683859888082e-17,1
B2_D1_Guyan,B2,1,Guyan,full-grid,2,0,1,13,0.99922028909806537,0.99908262477645848,-0.016585988514516026,1,0,-1,STABLE,1.8339809460826642e-16,3.5268825732480147e-17,1
B2_D1_Guyan,B2,1,Guyan,full-grid,3,0,2,14,0.99927126573556468,0.99913347742750247,-0.016593878641950985,1,0,-1,STABLE,1.7223931703215003e-16,3.526882573248016e-17,1
B2_D1_Guyan,B2,1,Guyan,full-grid,4,0,3,15,0.99932240771906411,0.99918450820509974,-0.016600997932663668,1,0,-1,STABLE,2.1105221056015945e-16,3.5268825732480147e-17,1
B2_D1_Guyan,B2,1,Guyan,full-grid,5,0,4,16,0.99937369961579903,0.99923570177416865,-0.016607341257834023,1,0,-1,STABLE,9.7871054753821874e-17,3.5268825732480147e-17,1
B2_D1_Guyan,B2,1,Guyan,full-grid,6,0,5,17,0.99942512582069432,0.99928704261937251,-0.016612903862327933,1,0,-1,STABLE,2.8008089355746838e-16,3.5268825732480147e-17,1
B2_D1_Guyan,B2,1,Guyan,full-grid,7,0,6,18,0.9994766705652196,0.99933851505381233,-0.016617681371902844,1,0,-1,STABLE,2.7589058216272876e-16,3.526882573248016e-17,1
B2_D1_Guyan,B2,1,Guyan,full-grid,8,0,7,19,0.99952831792651253,0.99939010322799371,-0.016621669800109821,1,0,-1,STABLE,1.4069903388840826e-16,3.5268825732480147e-17,1
B2_D1_Guyan,B2,1,Guyan,full-grid,9,0,8,20,0.99958005183679544,0.99944179113909171,-0.016624865555390052,1,0,-1,STABLE,1.0602150007372097e-16,3.526882573248016e-17,1
B2_D1_Guyan,B2,1,Guyan,full-grid,10,0,9,21,0.999631856093119,0.99949356264054767,-0.016627265448049156,1,0,-1,STABLE,1.6115631567644272e-16,3.5268825732480147e-17,1
B2_D1_Guyan,B2,1,Guyan,full-grid,11,0,10,22,0.99968371436745085,0.99954540145201465,-0.016628866697220489,1,0,-1,STABLE,2.6936499707771289e-16,3.526882573248016e-17,1
B2_D1_Guyan,B2,1,Guyan,full-grid,12,0,11,23,0.99973561021715052,0.99959729116969709,-0.016629666937808395,1,0,-1,STABLE,1.6263668200585693e-16,3.5268825732480147e-17,1
B2_D1_Guyan,B2,1,Guyan,full-grid,13,0,12,24,0.99978752709586427,0.99964921527711614,-0.016629664227206568,1,0,-1,STABLE,1.2633247092781473e-16,3.5268825732480147e-17,1
B2_D1_Guyan,B2,1,Guyan,full-grid,14,0,13,25,0.99983944836481964,0.99970115715628216,-0.016628857052043755,1,0,-1,STABLE,2.5722301768651696e-16,3.5268825732480147e-17,1
B2_D1_Guyan,B2,1,Guyan,full-grid,15,0,14,26,0.9998913573046091,0.99975310009936402,-0.016627244334662044,1,0,-1,STABLE,1.1355648365356304e-16,3.5268825732480154e-17,1
B2_D1_Guyan,B2,1,Guyan,full-grid,16,0,15,27,0.99994323712742339,0.999805027320813,-0.016624825439654101,1,0,-1,STABLE,1.4830684324421832e-16,3.5268825732480147e-17,1
B2_D1_Guyan,B2,1,Guyan,full-grid,17,0,16,28,0.99999507098980422,0.99985692197002041,-0.016621600179886006,1,0,-1,STABLE,1.2576632246262322e-16,3.526882573248016e-17,1
B2_D1_Guyan,B2,1,Guyan,full-grid,18,0,17,29,1.0000468420058728,0.99990876714446231,-0.016617568822204783,0,0,1,UNSTABLE,1.4030321180583376e-16,3.5268825732480147e-17,1
B2_D1_Guyan,B2,1,Guyan,full-grid,19,0,18,30,1.0000985332611116,0.99996054590339689,-0.016612732093408938,0,0,1,UNSTABLE,1.2760974348025583e-16,3.526882573248016e-17,1
B2_D1_Guyan,B2,1,Guyan,full-grid,20,0,19,31,1.0001501278266389,1.0000122412820824,-0.016607091185042746,0,0,1,UNSTABLE,1.5101527930334512e-16,3.5268825732480147e-17,1
B2_D1_Guyan,B2,1,Guyan,full-grid,21,0,20,32,1.0002016087740297,1.0000638363065395,-0.016600647758575133,0,0,1,UNSTABLE,3.0306432447908906e-16,3.5268825732480147e-17,1
B2_D1_Guyan,B2,1,Guyan,full-grid,22,0,21,33,1.0002529591906537,1.0001153140088557,-0.016593403949400939,0,0,1,UNSTABLE,2.0234678544352148e-16,3.5268825732480147e-17,1
B2_D1_Guyan,B2,1,Guyan,full-grid,23,0,22,34,1.0003041621955131,1.0001666574429955,-0.016585362370866507,0,0,1,UNSTABLE,1.262713385197198e-16,3.526882573248016e-17,1
B2_D1_Guyan,B2,1,Guyan,full-grid,24,0,23,35,1.0003552009556047,1.0002178497011558,-0.016576526117515662,0,0,1,UNSTABLE,1.160903416347262e-16,3.5268825732480147e-17,1
B2_D1_Guyan,B2,1,Guyan,full-grid,25,0,24,36,1.0004060587027255,1.000268873930579,-0.016566898767497257,0,0,1,UNSTABLE,1.3705300882756653e-16,3.526882573248016e-17,1
B2_D1_Guyan,B2,1,Guyan,full-grid,26,0,25,37,1.0004567187507547,1.000319713350859,-0.016556484384736468,0,0,1,UNSTABLE,1.8822756352521497e-16,3.5268825732480147e-17,1
B2_D1_Guyan,B2,1,Guyan,full-grid,27,0,26,38,1.0005071645133543,1.0003703512716848,-0.016545287519967127,0,0,1,UNSTABLE,1.9822943252252028e-16,3.526882573248016e-17,1
B2_D1_Guyan,B2,1,Guyan,full-grid,28,0,27,39,1.0005573795220164,1.0004207711109496,-0.016533313211128817,0,0,1,UNSTABLE,1.7533478979912797e-16,3.5268825732480147e-17,1
B2_D1_Guyan,B2,1,Guyan,full-grid,29,0,28,40,1.0006073474444979,1.0004709564132646,-0.016520566983058517,0,0,1,UNSTABLE,2.5612990463489959e-16,3.5268825732480147e-17,1
B2_D1_Guyan,B2,1,Guyan,full-grid,30,0,29,41,1.0006570521034843,1.0005208908687269,-0.016507054845871273,0,0,1,UNSTABLE,1.6274116275784254e-16,3.5268825732480147e-17,1
B2_D1_Guyan,B2,1,Guyan,full-grid,31,0,30,42,1.0007064774955305,1.0005705583319777,-0.016492783292914127,0,0,1,UNSTABLE,2.9514695659512668e-16,3.5268825732480154e-17,1
B2_D1_Guyan,B2,1,Guyan,full-grid,32,0,31,43,1.0007556078101367,1.0006199428414246,-0.016477759297313262,0,0,1,UNSTABLE,1.249200188916891e-16,3.5268825732480147e-17,1
B2_D1_Guyan,B2,1,Guyan,full-grid,33,0,32,44,1.0008044274489407,1.0006690286385946,-0.016461990307789696,0,0,1,UNSTABLE,1.4754115694706926e-16,3.526882573248016e-17,1
B2_D1_Guyan,B2,1,Guyan,full-grid,34,0,33,45,1.0008529210449415,1.0007178001875427,-0.016445484243315735,0,0,1,UNSTABLE,1.5332833103064731e-16,3.5268825732480147e-17,1
B2_D1_Guyan,B2,1,Guyan,full-grid,35,0,34,46,1.000901073481677,1.0007662421942389,-0.016428249486634895,0,0,1,UNSTABLE,1.9421729094178958e-16,3.526882573248016e-17,1
B2_D1_Guyan,B2,1,Guyan,full-grid,36,0,35,47,1.000948869912283,1.0008143396258522,-0.016410294876870873,0,0,1,UNSTABLE,1.7346322460003911e-16,3.5268825732480147e-17,1
B2_D1_Guyan,B2,1,Guyan,full-grid,37,0,36,48,1.0009962957783594,1.0008620777298678,-0.016391629700813211,0,0,1,UNSTABLE,1.8884330770722525e-16,3.5268825732480147e-17,1
B2_D1_Guyan,B2,1,Guyan,full-grid,38,0,37,49,1.0010433368285538,1.0009094420529403,-0.016372263683348928,0,0,1,UNSTABLE,1.7465607422009117e-16,3.5268825732480147e-17,1
B2_D1_Guyan,B2,1,Guyan,full-grid,39,0,38,50,1.0010899791367696,1.0009564184593913,-0.016352206976609461,0,0,1,UNSTABLE,1.6092017720968255e-16,3.526882573248016e-17,1
B2_D1_Guyan,B2,1,Guyan,full-grid,40,0,39,51,1.0011362091199518,1.0010029931493061,-0.016331470148105945,0,0,1,UNSTABLE,1.3751451715882509e-16,3.5268825732480147e-17,1
B2_D1_Guyan,B2,1,Guyan,full-grid,41,0,40,52,1.0011820135553282,1.0010491526761038,-0.016310064167741178,0,0,1,UNSTABLE,1.6069462912544766e-16,3.526882573248016e-17,1
B2_D1_Guyan,B2,1,Guyan,full-grid,42,0,41,53,1.0012273795970374,1.0010948839635128,-0.016288000393887888,0,0,1,UNSTABLE,2.3047699891848156e-16,3.5268825732480147e-17,1
B2_D1_Guyan,B2,1,Guyan,full-grid,43,0,42,54,1.0012722947920922,1.0011401743218951,-0.016265290558371968,0,0,1,UNSTABLE,2.5659909241215475e-16,3.526882573248016e-17,1
B2_D1_Guyan,B2,1,Guyan,full-grid,44,0,43,55,1.0013167470955382,1.0011850114637886,-0.016241946750414425,0,0,1,UNSTABLE,1.3396124355571217e-16,3.5268825732480147e-17,1
B2_D1_Guyan,B2,1,Guyan,full-grid,45,0,44,56,1.0013607248848289,1.0012293835186714,-0.016217981400006843,0,0,1,UNSTABLE,3.0936215721312873e-16,3.5268825732480147e-17,1
B2_D1_Guyan,B2,1,Guyan,full-grid,46,0,45,57,1.0014042169732296,1.0012732790467767,-0.016193407259838852,0,0,1,UNSTABLE,2.1321902233460786e-16,3.5268825732480147e-17,1
B2_D1_Guyan,B2,1,Guyan,full-grid,47,0,46,58,1.0014472126223104,1.0013166870519989,-0.016168237387058571,0,0,1,UNSTABLE,1.9204603211331509e-16,3.5268825732480154e-17,1
B2_D1_Guyan,B2,1,Guyan,full-grid,48,0,47,59,1.0014897015533779,1.0013595969937588,-0.016142485123774624,0,0,1,UNSTABLE,3.1636559576108665e-16,3.5268825732480147e-17,1
B2_D1_Guyan,B2,1,Guyan,full-grid,49,0,48,60,1.0015316739578333,1.0014019987977907,-0.016116164077381069,0,0,1,UNSTABLE,2.633221461578974e-16,3.526882573248016e-17,1
B2_D1_Guyan,B2,1,Guyan,full-grid,50,0,49,61,1.0015731205064118,1.001443882865833,-0.016089288099698063,0,0,1,UNSTABLE,2.373184838443776e-16,3.5268825732480147e-17,1
B2_D1_Guyan,B2,1,Guyan,full-grid,51,0,50,62,1.0016140323572535,1.0014852400841379,-0.016061871266267329,0,0,1,UNSTABLE,1.3449437373250022e-16,3.526882573248016e-17,1
B2_D1_Guyan,B2,1,Guyan,full-grid,52,0,51,63,1.001654401162791,1.0015260618308122,-0.016033927854832368,0,0,1,UNSTABLE,2.0378274957601209e-16,3.5268825732480147e-17,1
B2_D1_Guyan,B2,1,Guyan,full-grid,53,0,52,64,1.0016942190753899,1.0015663399819092,-0.016005472323478716,0,0,1,UNSTABLE,2.6334151570237205e-16,3.5268825732480147e-17,1
B2_D1_Guyan,B2,1,Guyan,full-grid,54,0,53,65,1.0017334787518033,1.0016060669163329,-0.015976519288757339,0,0,1,UNSTABLE,1.2169386143429172e-16,3.5268825732480147e-17,1
B2_D1_Guyan,B2,1,Guyan,full-grid,55,0,54,66,1.0017721733563258,1.0016452355194385,-0.015947083503417912,0,0,1,UNSTABLE,1.6575781215080133e-16,3.526882573248016e-17,1
B2_D1_Guyan,B2,1,Guyan,full-grid,56,0,55,67,1.0018102965627629,1.0016838391854466,-0.015917179834241069,0,0,1,UNSTABLE,1.9157539465880503e-16,3.5268825732480147e-17,1
B2_D1_Guyan,B2,1,Guyan,full-grid,57,0,56,68,1.0018478425551334,1.0017218718185803,-0.015886823239883822,0,0,1,UNSTABLE,2.5941014442827985e-16,3.526882573248016e-17,1
B2_D1_Guyan,B2,1,Guyan,full-grid,58,0,57,69,1.0018848060271288,1.0017593278329588,-0.015856028748596044,0,0,1,UNSTABLE,2.8186537252374543e-16,3.5268825732480147e-17,1
B2_D1_Guyan,B2,1,Guyan,full-grid,59,0,58,70,1.0019211821804372,1.0017962021513371,-0.015824811436540527,0,0,1,UNSTABLE,1.4007867045324343e-16,3.526882573248016e-17,1
B2_D1_Guyan,B2,1,Guyan,full-grid,60,0,59,71,1.0019569667218167,1.0018324902025935,-0.01579318640597252,0,0,1,UNSTABLE,2.163972604581039e-16,3.5268825732480147e-17,1
B2_D1_Guyan,B2,1,Guyan,full-grid,61,0,60,72,1.0019921558591018,1.0018681879181317,-0.015761168764077706,0,0,1,UNSTABLE,2.4777726056107136e-16,3.5268825732480147e-17,1
B2_D1_Guyan,B2,1,Guyan,full-grid,62,0,61,73,1.0020267462960442,1.0019032917271073,-0.015728773602026579,0,0,1,UNSTABLE,2.0701806948651285e-16,3.5268825732480147e-17,1
B2_D1_Guyan,B2,1,Guyan,full-grid,63,0,62,74,1.0020607352261564,1.0019377985506428,-0.015696015974648616,0,0,1,UNSTABLE,1.4326116978799097e-16,3.5268825732480154e-17,1
B2_D1_Guyan,B2,1,Guyan,full-grid,64,0,63,75,1.0020941203255147,1.0019717057949851,-0.015662910880650201,0,0,1,UNSTABLE,2.8351697412463238e-16,3.5268825732480147e-17,1
B2_D1_Guyan,B2,1,Guyan,full-grid,65,0,64,76,1.0021268997446273,1.0020050113437122,-0.015629473243376043,0,0,1,UNSTABLE,2.0488070711046e-16,3.526882573248016e-17,1
B2_D1_Guyan,B2,1,Guyan,full-grid,66,0,65,77,1.0021590720993869,1.0020377135490106,-0.015595717892256323,0,0,1,UNSTABLE,2.5122530418472621e-16,3.5268825732480147e-17,1
B2_D1_Guyan,B2,1,Guyan,full-grid,67,0,66,78,1.0021906364612425,1.0020698112221471,-0.015561659545206677,0,0,1,UNSTABLE,4.6010920636859197e-16,3.526882573248016e-17,1
B2_D1_Guyan,B2,1,Guyan,full-grid,68,1,0,13,0.99917224867277898,0.99903470682832674,-0.016578210707341019,1,0,-1,STABLE,1.7248353165324306e-16,9.3446663334799891e-17,1
B2_D1_Guyan,B2,1,Guyan,full-grid,69,1,1,14,0.99922305869462968,0.99908538082177478,-0.016586827763640583,1,0,-1,STABLE,1.5008124887031996e-16,1.1671942628602297e-16,1
B2_D1_Guyan,B2,1,Guyan,full-grid,70,1,2,15,0.99927404826188937,0.99913624704445148,-0.01659467901569095,1,0,-1,STABLE,2.3302405607198481e-16,1.1671942628602297e-16,1
B2_D1_Guyan,B2,1,Guyan,full-grid,71,1,3,16,0.99932520210514875,0.99918729033173714,-0.01660175900370903,1,0,-1,STABLE,1.897899645024729e-16,1.1671942628602297e-16,1
B2_D1_Guyan,B2,1,Guyan,full-grid,72,1,4,17,0.99937650477550621,0.99923849533172882,-0.016608062635050096,1,0,-1,STABLE,2.1893634841052986e-16,1.1671942628602299e-16,1
B2_D1_Guyan,B2,1,Guyan,full-grid,73,1,5,18,0.99942794065322083,0.99928984651371799,-0.016613585191885522,1,0,-1,STABLE,1.3609054588270211e-16,1.1671942628602297e-16,1
B2_D1_Guyan,B2,1,Guyan,full-grid,74,1,6,19,0.99947949395660529,0.99934132817692944,-0.016618322337772863,1,0,-1,STABLE,2.5027316754411423e-16,1.1671942628602299e-16,1
B2_D1_Guyan,B2,1,Guyan,full-grid,75,1,7,20,0.99953114875118243,0.99939292445952255,-0.016622270124781569,1,0,-1,STABLE,1.8022988544871655e-16,1.1671942628602299e-16,1
B2_D1_Guyan,B2,1,Guyan,full-grid,76,1,8,21,0.99958288895913405,0.99944461934788653,-0.016625425000484095,1,0,-1,STABLE,1.8361288993005248e-16,1.1671942628602299e-16,1
B2_D1_Guyan,B2,1,Guyan,full-grid,77,1,9,22,0.99963469836907348,0.99949639668626944,-0.016627783814813099,1,0,-1,STABLE,1.1999965262892508e-16,1.1671942628602297e-16,1
B2_D1_Guyan,B2,1,Guyan,full-grid,78,1,10,23,0.99968656064617367,0.99954824018676525,-0.016629343826990571,1,0,-1,STABLE,1.9872128824417242e-16,1.1671942628602299e-16,1
B2_D1_Guyan,B2,1,Guyan,full-grid,79,1,11,24,0.99973845934266015,0.9996001334396728,-0.016630102712363121,1,0,-1,STABLE,2.2195263426702307e-16,1.1671942628602297e-16,1
B2_D1_Guyan,B2,1,Guyan,full-grid,80,1,12,25,0.99979037790871461,0.99965205992427242,-0.016630058569029122,1,0,-1,STABLE,2.5657843313022882e-16,1.1671942628602299e-16,1
B2_D1_Guyan,B2,1,Guyan,full-grid,81,1,13,26,1.0000235115126519,0.99368919877439077,-0.11237793296374528,0,0,1,UNSTABLE,1.8785041246502685e-16,1.1671942628602297e-16,1
B2_D1_Guyan,B2,1,Guyan,full-grid,82,1,14,27,1.0002232623159504,0.99396400480318348,-0.11172346053349533,0,0,1,UNSTABLE,2.237922616762051e-16,1.1671942628602299e-16,1
B2_D1_Guyan,B2,1,Guyan,full-grid,83,1,15,28,1.0003509465155476,0.99416765147115727,-0.11105267652279127,0,0,1,UNSTABLE,1.3944875069042919e-16,1.1671942628602297e-16,1
B2_D1_Guyan,B2,1,Guyan,full-grid,84,1,16,29,1.000409115885647,0.99430185760359424,-0.11037307240963792,0,0,1,UNSTABLE,1.166914559737943e-16,1.1671942628602299e-16,1
B2_D1_Guyan,B2,1,Guyan,full-grid,85,1,17,30,1.0004007995656419,0.99436894853337499,-0.10969117541628401,0,0,1,UNSTABLE,1.3150265263724364e-16,1.1671942628602297e-16,1
B2_D1_Guyan,B2,1,Guyan,full-grid,86,1,18,31,1.0003292748382442,0.99437161725716661,-0.10901259051951102,0,0,1,UNSTABLE,1.377674149329513e-16,1.1671942628602297e-16,1
B2_D1_Guyan,B2,1,Guyan,full-grid,87,1,19,32,1.0001978865884091,0.99431273097384876,-0.10834207566429042,0,0,1,UNSTABLE,8.4691875061868016e-17,1.1671942628602297e-16,1
B2_D1_Guyan,B2,1,Guyan,full-grid,88,1,20,33,1.0002044314985872,1.0000666583406086,-0.016600712781686348,0,0,1,UNSTABLE,7.0147155364198416e-17,1.1671942628602299e-16,1
B2_D1_Guyan,B2,1,Guyan,full-grid,89,1,21,34,1.0002557732965636,1.0001181280916018,-0.01659342868899194,0,0,1,UNSTABLE,1.4193333383246169e-16,1.1671942628602297e-16,1
B2_D1_Guyan,B2,1,Guyan,full-grid,90,1,22,35,1.0003069665838202,1.0001694624691457,-0.016585347156563863,0,0,1,UNSTABLE,2.0762291899331944e-16,1.1671942628602299e-16,1
B2_D1_Guyan,B2,1,Guyan,full-grid,91,1,23,36,1.0003579945428687,1.0002206445802257,-0.016576471317738005,0,0,1,UNSTABLE,2.309380199470819e-16,1.1671942628602299e-16,1
B2_D1_Guyan,B2,1,Guyan,full-grid,92,1,24,37,1.0004088404226821,1.0002716575885482,-0.016566804788899991,0,0,1,UNSTABLE,1.3939280179215932e-16,1.1671942628602299e-16,1
B2_D1_Guyan,B2,1,Guyan,full-grid,93,1,25,38,1.0004594875559476,1.0003224847318219,-0.016556351671288334,0,0,1,UNSTABLE,8.1207574167208143e-17,1.1671942628602297e-16,1
B2_D1_Guyan,B2,1,Guyan,full-grid,94,1,26,39,1.0005099193767149,1.0003731093394481,-0.016545116552181986,0,0,1,UNSTABLE,2.3022814024225868e-16,1.1671942628602299e-16,1
B2_D1_Guyan,B2,1,Guyan,full-grid,95,1,27,40,1.0005601194384197,1.0004235148506093,-0.016533104505122655,0,0,1,UNSTABLE,2.5933483047851068e-16,1.1671942628602297e-16,1
B2_D1_Guyan,B2,1,Guyan,full-grid,96,1,28,41,1.0006100714322546,1.0004736848327218,-0.016520321089408176,0,0,1,UNSTABLE,1.5857146181728148e-16,1.1671942628602299e-16,1
B2_D1_Guyan,B2,1,Guyan,full-grid,97,1,29,42,1.0006597592057995,1.0005236030001672,-0.016506772348715636,0,0,1,UNSTABLE,3.0098026484991084e-16,1.1671942628602297e-16,1
B2_D1_Guyan,B2,1,Guyan,full-grid,98,1,30,43,1.0007091667818817,1.0005732532332781,-0.016492464808586103,0,0,1,UNSTABLE,1.5081606788114391e-16,1.1671942628602299e-16,1
B2_D1_Guyan,B2,1,Guyan,full-grid,99,1,31,44,1.0007582783776123,1.0006226195975154,-0.016477405473211127,0,0,1,UNSTABLE,2.7347429625772817e-16,1.1671942628602297e-16,1
B2_D1_Guyan,B2,1,Guyan,full-grid,100,1,32,45,1.0008070784234873,1.0006716863627367,-0.01646160182098998,0,0,1,UNSTABLE,1.8342374635706166e-16,1.1671942628602299e-16,1
B2_D1_Guyan,B2,1,Guyan,full-grid,101,1,33,46,1.0008555515825595,1.0007204380225532,-0.01644506179918288,0,0,1,UNSTABLE,1.4650875278609028e-16,1.1671942628602297e-16,1
B2_D1_Guyan,B2,1,Guyan,full-grid,102,1,34,47,1.0009036827695268,1.0007688593136252,-0.016427793817403731,0,0,1,UNSTABLE,2.0944698629261568e-16,1.1671942628602297e-16,1
B2_D1_Guyan,B2,1,Guyan,full-grid,103,1,35,48,1.0009514571697191,1.0008169352348792,-0.016409806740095428,0,0,1,UNSTABLE,1.4498448467784478e-16,1.1671942628602297e-16,1
B2_D1_Guyan,B2,1,Guyan,full-grid,104,1,36,49,1.0009988602578632,1.000864651066524,-0.016391109877807314,0,0,1,UNSTABLE,1.9031786532517144e-16,1.1671942628602299e-16,1
B2_D1_Guyan,B2,1,Guyan,full-grid,105,1,37,50,1.0010458778165954,1.000911992388831,-0.016371712977536392,0,0,1,UNSTABLE,2.867741115431292e-16,1.1671942628602297e-16,1
B2_D1_Guyan,B2,1,Guyan,full-grid,106,1,38,51,1.0010924959545751,1.0009589451005398,-0.016351626211961474,0,0,1,UNSTABLE,2.0096743855697753e-16,1.1671942628602299e-16,1
B2_D1_Guyan,B2,1,Guyan,full-grid,107,1,39,52,1.0011387011241615,1.0010054954368481,-0.016330860167277052,0,0,1,UNSTABLE,2.6739333214445066e-16,1.1671942628602299e-16,1
B2_D1_Guyan,B2,1,Guyan,full-grid,108,1,40,53,1.0011844801385668,1.001051629986891,-0.016309425830518545,0,0,1,UNSTABLE,1.2661320817355221e-16,1.1671942628602299e-16,1
B2_D1_Guyan,B2,1,Guyan,full-grid,109,1,41,54,1.0012298201884033,1.0010973357106365,-0.016287334575296273,0,0,1,UNSTABLE,2.2283574390628248e-16,1.1671942628602297e-16,1
B2_D1_Guyan,B2,1,Guyan,full-grid,110,1,42,55,1.0012747088575065,1.001142599955072,-0.016264598146987247,0,0,1,UNSTABLE,1.2836432558918847e-16,1.1671942628602299e-16,1
B2_D1_Guyan,B2,1,Guyan,full-grid,111,1,43,56,1.001319134138037,1.0011874104696872,-0.016241228646567574,0,0,1,UNSTABLE,1.8771772302340937e-16,1.1671942628602297e-16,1
B2_D1_Guyan,B2,1,Guyan,full-grid,112,1,44,57,1.0013630844447152,1.0012317554210994,-0.016217238513925751,0,0,1,UNSTABLE,1.6366983466739453e-16,1.1671942628602299e-16,1
B2_D1_Guyan,B2,1,Guyan,full-grid,113,1,45,58,1.0014065486281576,1.0012756234067983,-0.016192640509992046,0,0,1,UNSTABLE,2.3222242351673912e-16,1.1671942628602297e-16,1
B2_D1_Guyan,B2,1,Guyan,full-grid,114,1,46,59,1.0014495159872423,1.0013190034679291,-0.016167447698235384,0,0,1,UNSTABLE,1.4995553077081321e-16,1.1671942628602299e-16,1
B2_D1_Guyan,B2,1,Guyan,full-grid,115,1,47,60,1.0014919762804624,1.0013618851010719,-0.016141673425452297,0,0,1,UNSTABLE,1.238449427321632e-16,1.1671942628602297e-16,1
B2_D1_Guyan,B2,1,Guyan,full-grid,116,1,48,61,1.0015339197361792,1.0014042582689311,-0.016115331301824694,0,0,1,UNSTABLE,2.751967803687875e-16,1.1671942628602299e-16,1
B2_D1_Guyan,B2,1,Guyan,full-grid,117,1,49,62,1.0015753370617764,1.0014461134099299,-0.01608843518047489,0,0,1,UNSTABLE,1.5455212192635014e-16,1.1671942628602297e-16,1
B2_D1_Guyan,B2,1,Guyan,full-grid,118,1,50,63,1.0016162194516112,1.0014874414466108,-0.016060999136406705,0,0,1,UNSTABLE,2.2381182908217291e-16,1.1671942628602297e-16,1
B2_D1_Guyan,B2,1,Guyan,full-grid,119,1,51,64,1.0016565585938535,1.0015282337929183,-0.016033037445196768,0,0,1,UNSTABLE,1.6717595373453261e-16,1.1671942628602297e-16,1
B2_D1_Guyan,B2,1,Guyan,full-grid,120,1,52,65,1.0016963466760147,1.0015684823601827,-0.016004564561243082,0,0,1,UNSTABLE,2.0342713383556085e-16,1.1671942628602299e-16,1
B2_D1_Guyan,B2,1,Guyan,full-grid,121,1,53,66,1.0017355763893367,1.0016081795619534,-0.015975595095856884,0,0,1,UNSTABLE,1.5562792950863331e-16,1.1671942628602297e-16,1
B2_D1_Guyan,B2,1,Guyan,full-grid,122,1,54,67,1.0017742409318668,1.001647318317523,-0.015946143795062456,0,0,1,UNSTABLE,3.2895197390940004e-16,1.1671942628602299e-16,1
B2_D1_Guyan,B2,1,Guyan,full-grid,123,1,55,68,1.0018123340103438,1.001685892054256,-0.015916225517445325,0,0,1,UNSTABLE,2.1368404947825656e-16,1.1671942628602299e-16,1
B2_D1_Guyan,B2,1,Guyan,full-grid,124,1,56,69,1.001849849840863,1.0017238947086851,-0.015885855212192879,0,0,1,UNSTABLE,2.8539656835993647e-16,1.1671942628602299e-16,1
B2_D1_Guyan,B2,1,Guyan,full-grid,125,1,57,70,1.001886783148249,1.0017613207263187,-0.015855047896741799,0,0,1,UNSTABLE,1.884636098376312e-16,1.1671942628602297e-16,1
B2_D1_Guyan,B2,1,Guyan,full-grid,126,1,58,71,1.0019231291643462,1.0017981650603449,-0.015823818635252684,0,0,1,UNSTABLE,1.1662552624470987e-16,1.1671942628602299e-16,1
B2_D1_Guyan,B2,1,Guyan,full-grid,127,1,59,72,1.0019588836250279,1.0018344231690521,-0.015792182516829158,0,0,1,UNSTABLE,3.1716941139281606e-16,1.1671942628602297e-16,1
B2_D1_Guyan,B2,1,Guyan,full-grid,128,1,60,73,1.0019940427661682,1.0018700910121974,-0.01576015463441973,0,0,1,UNSTABLE,1.4516151040878701e-16,1.1671942628602299e-16,1
B2_D1_Guyan,B2,1,Guyan,full-grid,129,1,61,74,1.002028603318446,1.0019051650461936,-0.015727750063981576,0,0,1,UNSTABLE,1.7727706156331066e-16,1.1671942628602297e-16,1
B2_D1_Guyan,B2,1,Guyan,full-grid,130,1,62,75,1.0020625625011608,1.0019396422182933,-0.015694983844249319,0,0,1,UNSTABLE,1.4970929976566926e-16,1.1671942628602299e-16,1
B2_D1_Guyan,B2,1,Guyan,full-grid,131,1,63,76,1.0020959180149929,1.0019735199597042,-0.015661870956923469,0,0,1,UNSTABLE,3.025118322336832e-16,1.1671942628602297e-16,1
B2_D1_Guyan,B2,1,Guyan,full-grid,132,1,64,77,1.0021286680338615,1.0020067961777848,-0.015628426307611361,0,0,1,UNSTABLE,2.6191890451171386e-16,1.1671942628602299e-16,1
B2_D1_Guyan,B2,1,Guyan,full-grid,133,1,65,78,1.0021608111958888,1.0020394692473267,-0.015594664707461259,0,0,1,UNSTABLE,4.9365719323542439e-16,1.1671942628602297e-16,1
B2_D1_Guyan,B2,1,Guyan,full-grid,134,1,66,79,1.0021923465935183,1.0020715380009788,-0.015560600855229022,0,0,1,UNSTABLE,2.3868030899432931e-16,1.1671942628602297e-16,1
B2_D1_Guyan,B2,1,Guyan,full-grid,135,2,0,14,0.99917500442658025,0.99903744840235253,-0.016579088050110345,1,0,-1,STABLE,1.5834790992406581e-16,9.3446663334799891e-17,1
B2_D1_Guyan,B2,1,Guyan,full-grid,136,2,1,15,0.99922582841863039,0.99908813699930021,-0.016587666688413546,1,0,-1,STABLE,1.6149062168710307e-16,1.1671942628602297e-16,1
B2_D1_Guyan,B2,1,Guyan,full-grid,137,2,2,16,0.99927683090336317,0.99913901678146555,-0.016595479060118955,1,0,-1,STABLE,1.1031525298669502e-16,1.1671942628602297e-16,1
B2_D1_Guyan,B2,1,Guyan,full-grid,138,2,3,17,0.9993279965938392,0.99919007256603076,-0.016602519740886952,1,0,-1,STABLE,2.1752399158287421e-16,1.1671942628602297e-16,1
B2_D1_Guyan,B2,1,Guyan,full-grid,139,2,4,18,0.99937931002505553,0.99924128898430054,-0.016608783674605946,1,0,-1,STABLE,1.7382922515887449e-16,1.1671942628602297e-16,1
B2_D1_Guyan,B2,1,Guyan,full-grid,140,2,5,19,0.99943075556263827,0.99929265049022864,-0.016614266180601762,1,0,-1,STABLE,3.7345048225591149e-16,1.1671942628602299e-16,1
B2_D1_Guyan,B2,1,Guyan,full-grid,141,2,6,20,0.99948231741177629,0.9993441413691988,-0.016618962960232415,1,0,-1,STABLE,1.3976103539716838e-16,1.1671942628602299e-16,1
B2_D1_Guyan,B2,1,Guyan,full-grid,142,2,7,21,0.99953397962641,0.99939574574705325,-0.016622870104164231,1,0,-1,STABLE,3.4317958323285737e-16,1.1671942628602297e-16,1
B2_D1_Guyan,B2,1,Guyan,full-grid,143,2,8,22,1.000027813657101,0.99333256863344443,-0.11552504568224635,0,0,1,UNSTABLE,1.2450231837978127e-16,1.1671942628602299e-16,1
B2_D1_Guyan,B2,1,Guyan,full-grid,144,2,9,23,1.0005807500576394,0.99393938250777314,-0.11509275079680256,0,0,1,UNSTABLE,1.1642273657159801e-16,1.1671942628602297e-16,1
B2_D1_Guyan,B2,1,Guyan,full-grid,145,2,10,24,1.0010657574225239,0.99448483079038197,-0.11459743457755302,0,0,1,UNSTABLE,1.4404420351899646e-16,1.1671942628602297e-16,1
B2_D1_Guyan,B2,1,Guyan,full-grid,146,2,11,25,1.0014786752618718,0.99496342801106918,-0.11404961168165303,0,0,1,UNSTABLE,1.7842688118771038e-16,1.1671942628602299e-16,1
B2_D1_Guyan,B2,1,Guyan,full-grid,147,2,12,26,1.0018174145612897,0.99537179592014746,-0.11345977262874833,0,0,1,UNSTABLE,1.5475946822624844e-16,1.1671942628602297e-16,1
B2_D1_Guyan,B2,1,Guyan,full-grid,148,2,13,27,1.0020816373790633,0.99570839284450496,-0.11283795634146088,0,0,1,UNSTABLE,2.0833886785072054e-16,1.1671942628602299e-16,1
B2_D1_Guyan,B2,1,Guyan,full-grid,149,2,14,28,1.0022723945134251,0.99597318282241232,-0.11219345748424144,0,0,1,UNSTABLE,1.4337968345670941e-16,1.1671942628602299e-16,1
B2_D1_Guyan,B2,1,Guyan,full-grid,150,2,15,29,1.0023917678308842,0.99616729341540444,-0.11153465714544859,0,0,1,UNSTABLE,2.1725464492249329e-16,1.1671942628602299e-16,1
B2_D1_Guyan,B2,1,Guyan,full-grid,151,2,16,30,1.0024425468577343,0.99629269536481813,-0.11086895378475656,0,0,1,UNSTABLE,2.6352764404269752e-16,1.1671942628602297e-16,1
B2_D1_Guyan,B2,1,Guyan,full-grid,152,2,17,31,1.0024279543009413,0.99635192249587778,-0.11020276812647824,0,0,1,UNSTABLE,1.6209041348809777e-16,1.1671942628602297e-16,1
B2_D1_Guyan,B2,1,Guyan,full-grid,153,2,18,32,1.002351424242911,0.99634783888929856,-0.10954159768059048,0,0,1,UNSTABLE,2.9882614989781093e-16,1.1671942628602297e-16,1
B2_D1_Guyan,B2,1,Guyan,full-grid,154,2,19,33,1.0022164299242056,0.99628345279009978,-0.1088901010498967,0,0,1,UNSTABLE,2.0150250799485783e-16,1.1671942628602297e-16,1
B2_D1_Guyan,B2,1,Guyan,full-grid,155,2,20,34,1.0020263544724495,0.99616177242833537,-0.1082521972515295,0,0,1,UNSTABLE,1.8748934286424426e-16,1.1671942628602297e-16,1
B2_D1_Guyan,B2,1,Guyan,full-grid,156,2,21,35,1.0017843966262743,0.99598569697884809,-0.10763116991571994,0,0,1,UNSTABLE,2.3676280294032536e-16,1.1671942628602299e-16,1
B2_D1_Guyan,B2,1,Guyan,full-grid,157,2,22,36,1.0014935035369208,0.99575793542370095,-0.10702977000528799,0,0,1,UNSTABLE,8.8006048496592888e-17,1.1671942628602299e-16,1
B2_D1_Guyan,B2,1,Guyan,full-grid,158,2,23,37,1.0011563234443528,0.995480946434255,-0.10645031356916354,0,0,1,UNSTABLE,1.693864675780941e-16,1.1671942628602297e-16,1
B2_D1_Guyan,B2,1,Guyan,full-grid,159,2,24,38,1.0007751719823124,0.99515689309831745,-0.10589477312469556,0,0,1,UNSTABLE,3.1788712649859443e-16,1.1671942628602299e-16,1
B2_D1_Guyan,B2,1,Guyan,full-grid,160,2,25,39,1.0004622561924807,1.0003252559485472,-0.016556218687326887,0,0,1,UNSTABLE,2.4233829837113404e-16,1.1671942628602297e-16,1
B2_D1_Guyan,B2,1,Guyan,full-grid,161,2,26,40,1.0005126740623775,1.0003758672337586,-0.016544945323414804,0,0,1,UNSTABLE,2.925215389888327e-16,1.1671942628602297e-16,1
B2_D1_Guyan,B2,1,Guyan,full-grid,162,2,27,41,1.0005628591686049,1.0004262584081105,-0.016532895548023591,0,0,1,UNSTABLE,1.3504771797125304e-16,1.1671942628602299e-16,1
B2_D1_Guyan,B2,1,Guyan,full-grid,163,2,28,42,1.000612795225817,1.0004764130618491,-0.016520074955010573,0,0,1,UNSTABLE,1.5043716988074452e-16,1.1671942628602297e-16,1
B2_D1_Guyan,B2,1,Guyan,full-grid,164,2,29,43,1.0006624661065029,1.0005263149336572,-0.016506489621479048,0,0,1,UNSTABLE,2.5706246272094153e-16,1.1671942628602299e-16,1
B2_D1_Guyan,B2,1,Guyan,full-grid,165,2,30,44,1.0007118558597852,1.0005759479295813,-0.016492146105205531,0,0,1,UNSTABLE,3.8060128585205416e-16,1.1671942628602299e-16,1
B2_D1_Guyan,B2,1,Guyan,full-grid,166,2,31,45,1.0007609487303868,1.0006252961421394,-0.016477051441318689,0,0,1,UNSTABLE,1.4231444981826213e-16,1.1671942628602299e-16,1
B2_D1_Guyan,B2,1,Guyan,full-grid,167,2,32,46,1.0008097291776938,1.0006743438695505,-0.016461213137971154,0,0,1,UNSTABLE,3.7997275008670685e-16,1.1671942628602297e-16,1
B2_D1_Guyan,B2,1,Guyan,full-grid,168,2,33,47,1.0008581818948152,1.0007230756349843,-0.016444639170633251,0,0,1,UNSTABLE,2.0483890061586414e-16,1.1671942628602297e-16,1
B2_D1_Guyan,B2,1,Guyan,full-grid,169,2,34,48,1.0009062918276159,1.0007714762058018,-0.016427337975725365,0,0,1,UNSTABLE,2.0857493399374599e-16,1.1671942628602297e-16,1
B2_D1_Guyan,B2,1,Guyan,full-grid,170,2,35,49,1.0009540441936193,1.000819530612687,-0.016409318442969775,0,0,1,UNSTABLE,2.2376392731938314e-16,1.1671942628602297e-16,1
B2_D1_Guyan,B2,1,Guyan,full-grid,171,2,36,50,1.0010014245006982,1.0008672241685896,-0.016390589906679048,0,0,1,UNSTABLE,2.8557288502727427e-16,1.1671942628602297e-16,1
B2_D1_Guyan,B2,1,Guyan,full-grid,172,2,37,51,1.0010484185654678,1.0009145424873909,-0.016371162135939903,0,0,1,UNSTABLE,1.7830819397912089e-16,1.1671942628602299e-16,1
B2_D1_Guyan,B2,1,Guyan,full-grid,173,2,38,52,1.0010950125313409,1.000961471502247,-0.016351045323831276,0,0,1,UNSTABLE,2.6457680747489089e-16,1.1671942628602299e-16,1
B2_D1_Guyan,B2,1,Guyan,full-grid,174,2,39,53,1.0011411928860923,1.0010079974834687,-0.016330250075356989,0,0,1,UNSTABLE,3.7590830110514235e-16,1.1671942628602297e-16,1
B2_D1_Guyan,B2,1,Guyan,full-grid,175,2,40,54,1.0011869464789167,1.001054107055906,-0.01630878739452905,0,0,1,UNSTABLE,2.2360986272706525e-16,1.1671942628602299e-16,1
B2_D1_Guyan,B2,1,Guyan,full-grid,176,2,41,55,1.0012322605368771,1.0010997872157459,-0.016286668670211512,0,0,1,UNSTABLE,2.3894179768422817e-16,1.1671942628602297e-16,1
B2_D1_Guyan,B2,1,Guyan,full-grid,177,2,42,56,1.0012771226806354,1.0011450253466045,-0.016263905661269101,0,0,1,UNSTABLE,3.3803912012890616e-16,1.1671942628602297e-16,1
B2_D1_Guyan,B2,1,Guyan,full-grid,178,2,43,57,1.0013215209394415,1.0011898092348983,-0.016240510480399154,0,0,1,UNSTABLE,1.4282235159544618e-16,1.1671942628602299e-16,1
B2_D1_Guyan,B2,1,Guyan,full-grid,179,2,44,58,1.0013654437652753,1.0012341270843774,-0.016216495577380332,0,0,1,UNSTABLE,3.5350677028848662e-16,1.1671942628602297e-16,1
B2_D1_Guyan,B2,1,Guyan,full-grid,180,2,45,59,1.0014088800460832,1.0012779675297685,-0.016191873721291158,0,0,1,UNSTABLE,4.1043402410515757e-16,1.1671942628602299e-16,1
B2_D1_Guyan,B2,1,Guyan,full-grid,181,2,46,60,1.0014518191180386,1.0013213196494533,-0.016166657981981074,0,0,1,UNSTABLE,2.2139882004562199e-16,1.1671942628602299e-16,1
B2_D1_Guyan,B2,1,Guyan,full-grid,182,2,47,61,1.0014942507767985,1.001364172977151,-0.016140861710819208,0,0,1,UNSTABLE,2.6218874274255235e-16,1.1671942628602299e-16,1
B2_D1_Guyan,B2,1,Guyan,full-grid,183,2,48,62,1.0015361652876649,1.0014065175125142,-0.016114498520875247,0,0,1,UNSTABLE,2.2537627248839665e-16,1.1671942628602297e-16,1
B2_D1_Guyan,B2,1,Guyan,full-grid,184,2,49,63,1.0015775533946238,1.0014483437306105,-0.016087582266383967,0,0,1,UNSTABLE,2.8038734152045119e-16,1.1671942628602297e-16,1
B2_D1_Guyan,B2,1,Guyan,full-grid,185,2,50,64,1.0016184063282536,1.0014896425902728,-0.016060127021863175,0,0,1,UNSTABLE,3.218492138397587e-16,1.1671942628602297e-16,1
B2_D1_Guyan,B2,1,Guyan,full-grid,186,2,51,65,1.0016587158124237,1.0015304055412475,-0.01603214706077476,0,0,1,UNSTABLE,2.7375314631159489e-16,1.1671942628602297e-16,1
B2_D1_Guyan,B2,1,Guyan,full-grid,187,2,52,66,1.0016984740697643,1.0015706245301141,-0.016003656833719099,0,0,1,UNSTABLE,2.3437792414067691e-16,1.1671942628602297e-16,1
B2_D1_Guyan,B2,1,Guyan,full-grid,188,2,53,67,1.001737673825972,1.0016102920050356,-0.015974670946750077,0,0,1,UNSTABLE,1.51481074287344e-16,1.1671942628602299e-16,1
B2_D1_Guyan,B2,1,Guyan,full-grid,189,2,54,68,1.0017763083128219,1.0016494009192174,-0.015945204139147646,0,0,1,UNSTABLE,3.2575408556933504e-16,1.1671942628602299e-16,1
B2_D1_Guyan,B2,1,Guyan,full-grid,190,2,55,69,1.0018143712699668,1.0016879447331468,-0.015915271261380513,0,0,1,UNSTABLE,2.0367956316507262e-16,1.1671942628602297e-16,1
B2_D1_Guyan,B2,1,Guyan,full-grid,191,2,56,70,1.0018518569455361,1.0017259174156257,-0.01588488725304902,0,0,1,UNSTABLE,2.418221881013717e-16,1.1671942628602299e-16,1
B2_D1_Guyan,B2,1,Guyan,full-grid,192,2,57,71,1.0018887600954713,1.0017633134435342,-0.015854067120849323,0,0,1,UNSTABLE,2.0833815501323483e-16,1.1671942628602297e-16,1
B2_D1_Guyan,B2,1,Guyan,full-grid,193,2,58,72,1.0019250759817275,1.0018001278004482,-0.015822825916877916,0,0,1,UNSTABLE,3.0785177350639003e-16,1.1671942628602297e-16,1
B2_D1_Guyan,B2,1,Guyan,full-grid,194,2,59,73,1.0019608003692844,1.0018363559740588,-0.015791178717118201,0,0,1,UNSTABLE,3.1925286331944242e-16,1.1671942628602299e-16,1
B2_D1_Guyan,B2,1,Guyan,full-grid,195,2,60,74,1.0019959295220071,1.0018719939524272,-0.01575914060025782,0,0,1,UNSTABLE,3.2955043031855044e-16,1.1671942628602297e-16,1
B2_D1_Guyan,B2,1,Guyan,full-grid,196,2,61,75,1.0020304601974852,1.0019070382192059,-0.015726726627059831,0,0,1,UNSTABLE,3.4134967157128325e-16,1.1671942628602299e-16,1
B2_D1_Guyan,B2,1,Guyan,full-grid,197,2,62,76,1.0020643896407635,1.0019414857477376,-0.015693951820112507,0,0,1,UNSTABLE,3.5839522463412541e-16,1.1671942628602299e-16,1
B2_D1_Guyan,B2,1,Guyan,full-grid,198,2,63,77,1.0020977155771111,1.0019753339941744,-0.015660831144208166,0,0,1,UNSTABLE,3.4719636395936755e-16,1.1671942628602299e-16,1
B2_D1_Guyan,B2,1,Guyan,full-grid,199,2,64,78,1.002130436203843,1.0020085808896395,-0.015627379487147833,0,0,1,UNSTABLE,2.1887501377464745e-16,1.1671942628602297e-16,1
B2_D1_Guyan,B2,1,Guyan,full-grid,200,2,65,79,1.0021625501812652,1.0020412248314858,-0.015593611641713512,0,0,1,UNSTABLE,4.2079329744024855e-16,1.1671942628602297e-16,1
B2_D1_Guyan,B2,1,Guyan,full-grid,201,2,66,80,1.0021940566228,1.0020732646737267,-0.015559542287725514,0,0,1,UNSTABLE,2.9800601955498514e-16,1.1671942628602297e-16,1
B2_D1_Guyan,B2,1,Guyan,full-grid,202,3,0,15,0.99917776068889885,0.99904019048691495,-0.016579965233716326,1,0,-1,STABLE,1.8335182127044082e-16,9.3446663334799891e-17,1
B2_D1_Guyan,B2,1,Guyan,full-grid,203,3,1,16,0.99922859864278279,0.99909089367927439,-0.016588505441063103,1,0,-1,STABLE,2.373132404728463e-16,1.1671942628602297e-16,1
B2_D1_Guyan,B2,1,Guyan,full-grid,204,3,2,17,0.99927961403609644,0.99914178701230538,-0.01659627891990087,1,0,-1,STABLE,1.1879081594971066e-16,1.1671942628602299e-16,1
B2_D1_Guyan,B2,1,Guyan,full-grid,205,3,3,18,0.99933079156439719,0.99919285528501356,-0.016603280281512312,1,0,-1,STABLE,2.543461870971508e-16,1.1671942628602297e-16,1
B2_D1_Guyan,B2,1,Guyan,full-grid,206,3,4,19,0.99944278802567266,0.99261967519010419,-0.11658502031574144,1,0,-1,STABLE,2.4631463503435805e-16,1.1671942628602299e-16,1
B2_D1_Guyan,B2,1,Guyan,full-grid,207,3,5,20,1.0001787137137526,0.99337214007036678,-0.11648712674848005,0,0,1,UNSTABLE,2.1485430406714399e-16,1.1671942628602299e-16,1
B2_D1_Guyan,B2,1,Guyan,full-grid,208,3,6,21,1.0008836520243096,0.99410427864553053,-0.11629603633902913,0,0,1,UNSTABLE,1.1627552320313717e-16,1.1671942628602299e-16,1
B2_D1_Guyan,B2,1,Guyan,full-grid,209,3,7,22,1.0015450257869956,0.9948027461951896,-0.11601695928260913,0,0,1,UNSTABLE,1.7253193029583735e-16,1.1671942628602297e-16,1
B2_D1_Guyan,B2,1,Guyan,full-grid,210,3,8,23,1.0021521686478043,0.99545584142793808,-0.11565741174906599,0,0,1,UNSTABLE,2.2446764692976431e-16,1.1671942628602299e-16,1
B2_D1_Guyan,B2,1,Guyan,full-grid,211,3,9,24,1.0026966878953707,0.99605395191030199,-0.11522661498202653,0,0,1,UNSTABLE,1.7074519617253161e-16,1.1671942628602297e-16,1
B2_D1_Guyan,B2,1,Guyan,full-grid,212,3,10,25,1.003172582799726,0.99658976010061795,-0.11473482881699801,0,0,1,UNSTABLE,1.3421876801022001e-16,1.1671942628602299e-16,1
B2_D1_Guyan,B2,1,Guyan,full-grid,213,3,11,26,1.0035761474864668,0.99705822668649646,-0.11419271605736338,0,0,1,UNSTABLE,1.313209027663573e-16,1.1671942628602297e-16,1
B2_D1_Guyan,B2,1,Guyan,full-grid,214,3,12,27,1.0039057175921136,0.99745640231912613,-0.1136108062057571,0,0,1,UNSTABLE,2.0479906305498923e-16,1.1671942628602299e-16,1
B2_D1_Guyan,B2,1,Guyan,full-grid,215,3,13,28,1.0041613282578139,0.9977831319056536,-0.1129990922664517,0,0,1,UNSTABLE,2.469505651977657e-16,1.1671942628602297e-16,1
B2_D1_Guyan,B2,1,Guyan,full-grid,216,3,14,29,1.0043443429051664,0.99803871136608624,-0.11236676439380314,0,0,1,UNSTABLE,2.2964693752861233e-16,1.1671942628602299e-16,1
B2_D1_Guyan,B2,1,Guyan,full-grid,217,3,15,30,1.004457096079685,0.99822454296191299,-0.11172206448733941,0,0,1,UNSTABLE,2.734733265175604e-16,1.1671942628602297e-16,1
B2_D1_Guyan,B2,1,Guyan,full-grid,218,3,16,31,1.0045025764197641,0.99834281902797772,-0.11107223653647531,0,0,1,UNSTABLE,1.4582219962116739e-16,1.1671942628602297e-16,1
B2_D1_Guyan,B2,1,Guyan,full-grid,219,3,17,32,1.0044841615078905,0.9983962496024954,-0.11042354594868703,0,0,1,UNSTABLE,1.556699308189745e-16,1.1671942628602297e-16,1
B2_D1_Guyan,B2,1,Guyan,full-grid,220,3,18,33,1.0044054063405516,0.99838783886072546,-0.1097813440486981,0,0,1,UNSTABLE,1.2020146561072684e-16,1.1671942628602299e-16,1
B2_D1_Guyan,B2,1,Guyan,full-grid,221,3,19,34,1.0042698811506861,0.9983207084989254,-0.10915015881168892,0,0,1,UNSTABLE,1.5113544936121353e-16,1.1671942628602297e-16,1
B2_D1_Guyan,B2,1,Guyan,full-grid,222,3,20,35,1.0040810513890561,0.99819796255303295,-0.10853379802405327,0,0,1,UNSTABLE,1.6606691761693141e-16,1.1671942628602299e-16,1
B2_D1_Guyan,B2,1,Guyan,full-grid,223,3,21,36,1.0038421917834923,0.99802258663354215,-0.1079354555925895,0,0,1,UNSTABLE,2.7523688820179145e-16,1.1671942628602299e-16,1
B2_D1_Guyan,B2,1,Guyan,full-grid,224,3,22,37,1.0035563266901883,0.99779737438297178,-0.10735781533894835,0,0,1,UNSTABLE,2.2623445604769314e-16,1.1671942628602299e-16,1
B2_D1_Guyan,B2,1,Guyan,full-grid,225,3,23,38,1.0032261898206227,0.99752487449513594,-0.1068031493237319,0,0,1,UNSTABLE,2.4804226728721613e-16,1.1671942628602297e-16,1
B2_D1_Guyan,B2,1,Guyan,full-grid,226,3,24,39,1.0028541974833307,0.99720735246110026,-0.10627340969150355,0,0,1,UNSTABLE,1.2278124602577373e-16,1.1671942628602299e-16,1
B2_D1_Guyan,B2,1,Guyan,full-grid,227,3,25,40,1.0024424305004516,0.99684676207420075,-0.10577031440737257,0,0,1,UNSTABLE,2.1825453429953588e-16,1.1671942628602297e-16,1
B2_D1_Guyan,B2,1,Guyan,full-grid,228,3,26,41,1.0019926208309839,0.99644472249436644,-0.10529542826195824,0,0,1,UNSTABLE,1.5571380317817642e-16,1.1671942628602299e-16,1
B2_D1_Guyan,B2,1,Guyan,full-grid,229,3,27,42,1.001506139607806,0.99600249726829304,-0.10485024133235797,0,0,1,UNSTABLE,1.0357215197208413e-16,1.1671942628602297e-16,1
B2_D1_Guyan,B2,1,Guyan,full-grid,230,3,28,43,1.0009839837592149,0.99552097209117574,-0.10443624786973535,0,0,1,UNSTABLE,1.546189020081444e-16,1.1671942628602299e-16,1
B2_D1_Guyan,B2,1,Guyan,full-grid,231,3,29,44,1.0006651731718783,1.000529027036666,-0.016506206595319151,0,0,1,UNSTABLE,1.5678654229232281e-16,1.1671942628602297e-16,1
B2_D1_Guyan,B2,1,Guyan,full-grid,232,3,30,45,1.0007145450916055,1.0005786427845489,-0.01649182710706899,0,0,1,UNSTABLE,2.0318050161640899e-16,1.1671942628602299e-16,1
B2_D1_Guyan,B2,1,Guyan,full-grid,233,3,31,46,1.0007636192267295,1.0006279728349683,-0.01647669711939094,0,0,1,UNSTABLE,1.267296200376338e-16,1.1671942628602297e-16,1
B2_D1_Guyan,B2,1,Guyan,full-grid,234,3,32,47,1.0008123800655244,1.0006770015145072,-0.016460824169968427,0,0,1,UNSTABLE,2.1698822768892563e-16,1.1671942628602297e-16,1
B2_D1_Guyan,B2,1,Guyan,full-grid,235,3,33,48,1.0008608123311846,1.000725713375922,-0.016444216262588681,0,0,1,UNSTABLE,2.0899675067781072e-16,1.1671942628602297e-16,1
B2_D1_Guyan,B2,1,Guyan,full-grid,236,3,34,49,1.0009089010007655,1.000774093217297,-0.016426881860445459,0,0,1,UNSTABLE,1.5896955955782192e-16,1.1671942628602299e-16,1
B2_D1_Guyan,B2,1,Guyan,full-grid,237,3,35,50,1.0009566313240053,1.000822126101097,-0.016408829878467528,0,0,1,UNSTABLE,1.4072373845885031e-16,1.1671942628602297e-16,1
B2_D1_Guyan,B2,1,Guyan,full-grid,238,3,36,51,1.0010039888419175,1.000869797373009,-0.016390069674715291,0,0,1,UNSTABLE,1.5390006757853922e-16,1.1671942628602299e-16,1
B2_D1_Guyan,B2,1,Guyan,full-grid,239,3,37,52,1.0010509594051233,1.0009170926805493,-0.01637061104034733,0,0,1,UNSTABLE,1.7275498374592308e-16,1.1671942628602299e-16,1
B2_D1_Guyan,B2,1,Guyan,full-grid,240,3,38,53,1.001097529191791,1.0009639979912959,-0.016350464188820128,0,0,1,UNSTABLE,1.5551162775317435e-16,1.1671942628602299e-16,1
B2_D1_Guyan,B2,1,Guyan,full-grid,241,3,39,54,1.0011436847251172,1.001010499610679,-0.016329639743840368,0,0,1,UNSTABLE,1.2484346224640894e-16,1.1671942628602297e-16,1
B2_D1_Guyan,B2,1,Guyan,full-grid,242,3,40,55,1.0011894128902905,1.0010565841992758,-0.016308148726414423,0,0,1,UNSTABLE,2.9711485181025584e-16,1.1671942628602299e-16,1
B2_D1_Guyan,B2,1,Guyan,full-grid,243,3,41,56,1.001234700950816,1.0011022387894837,-0.016286002540634489,0,0,1,UNSTABLE,2.2573858817497548e-16,1.1671942628602297e-16,1
B2_D1_Guyan,B2,1,Guyan,full-grid,244,3,42,57,1.0012795365641856,1.0011474508015521,-0.016263212958811994,0,0,1,UNSTABLE,1.8809659736391359e-16,1.1671942628602299e-16,1
B2_D1_Guyan,B2,1,Guyan,full-grid,245,3,43,58,1.0013239077967435,1.0011922080588302,-0.01623979210535343,0,0,1,UNSTABLE,2.7632768609034488e-16,1.1671942628602297e-16,1
B2_D1_Guyan,B2,1,Guyan,full-grid,246,3,44,59,1.0013678031377204,1.0012364988021929,-0.016215752439872166,0,0,1,UNSTABLE,2.5179426674112268e-16,1.1671942628602299e-16,1
B2_D1_Guyan,B2,1,Guyan,full-grid,247,3,45,60,1.0014112115123743,1.0012803117035856,-0.016191106739565413,0,0,1,UNSTABLE,1.7500512529920498e-16,1.1671942628602297e-16,1
B2_D1_Guyan,B2,1,Guyan,full-grid,248,3,46,61,1.001454122294184,1.0013236358786377,-0.016165868080609051,0,0,1,UNSTABLE,1.6219832359827657e-16,1.1671942628602299e-16,1
B2_D1_Guyan,B2,1,Guyan,full-grid,249,3,47,62,1.0014965253159427,1.0013664608981809,-0.016140049818962179,0,0,1,UNSTABLE,2.6548304011385508e-16,1.1671942628602297e-16,1
B2_D1_Guyan,B2,1,Guyan,full-grid,250,3,48,63,1.0015384108798822,1.0014087767988067,-0.016113665570486792,0,0,1,UNSTABLE,1.4384147149254898e-16,1.1671942628602297e-16,1
B2_D1_Guyan,B2,1,Guyan,full-grid,251,3,49,64,1.0015797697665971,1.0014505740922306,-0.016086729190601279,0,0,1,UNSTABLE,2.1206475359166957e-16,1.1671942628602297e-16,1
B2_D1_Guyan,B2,1,Guyan,full-grid,252,3,50,65,1.0016205932428492,1.0014918437735414,-0.016059254753247612,0,0,1,UNSTABLE,2.3868412322273559e-16,1.1671942628602299e-16,1
B2_D1_Guyan,B2,1,Guyan,full-grid,253,3,51,66,1.0016608730681851,1.0015325773282657,-0.016031256529672158,0,0,1,UNSTABLE,3.1687665053272526e-16,1.1671942628602297e-16,1
B2_D1_Guyan,B2,1,Guyan,full-grid,254,3,52,67,1.0017006015003549,1.0015727667382324,-0.016002748966824031,0,0,1,UNSTABLE,3.0353445702719904e-16,1.1671942628602299e-16,1
B2_D1_Guyan,B2,1,Guyan,full-grid,255,3,53,68,1.0017397712994911,1.0016124044861996,-0.015973746665408267,0,0,1,UNSTABLE,2.2880321979906362e-16,1.1671942628602299e-16,1
B2_D1_Guyan,B2,1,Guyan,full-grid,256,3,54,69,1.0017783757310583,1.0016514835592476,-0.015944264357938238,0,0,1,UNSTABLE,2.0151551178599907e-16,1.1671942628602299e-16,1
B2_D1_Guyan,B2,1,Guyan,full-grid,257,3,55,70,1.0018164085676133,1.0016899974509781,-0.015914316886713947,0,0,1,UNSTABLE,1.489994483778051e-16,1.1671942628602297e-16,1
B2_D1_Guyan,B2,1,Guyan,full-grid,258,3,56,71,1.0018538640892936,1.001727940162435,-0.015883919181785413,0,0,1,UNSTABLE,2.2124409420100221e-16,1.1671942628602299e-16,1
B2_D1_Guyan,B2,1,Guyan,full-grid,259,3,57,72,1.0018907370831327,1.0017653062018472,-0.015853086239029944,0,0,1,UNSTABLE,1.4774168014605915e-16,1.1671942628602297e-16,1
B2_D1_Guyan,B2,1,Guyan,full-grid,260,3,58,73,1.0019270228411856,1.0018020905831668,-0.015821833098540749,0,0,1,UNSTABLE,2.3918809326525379e-16,1.1671942628602299e-16,1
B2_D1_Guyan,B2,1,Guyan,full-grid,261,3,59,74,1.0019627171574816,1.0018382888234307,-0.015790174823082388,0,0,1,UNSTABLE,2.6207687552651725e-16,1.1671942628602297e-16,1
B2_D1_Guyan,B2,1,Guyan,full-grid,262,3,60,75,1.0019978163239029,1.0018738969390304,-0.015758126477182839,0,0,1,UNSTABLE,1.6372746019673635e-16,1.1671942628602299e-16,1
B2_D1_Guyan,B2,1,Guyan,full-grid,263,3,61,76,1.0020323171248975,1.0019089114408066,-0.015725703106346769,0,0,1,UNSTABLE,2.6519929295550981e-16,1.1671942628602297e-16,1
B2_D1_Guyan,B2,1,Guyan,full-grid,264,3,62,77,1.0020662168312382,1.0019433293281736,-0.015692919717026597,0,0,1,UNSTABLE,1.5262472167944256e-16,1.1671942628602299e-16,1
B2_D1_Guyan,B2,1,Guyan,full-grid,265,3,63,78,1.0020995131927601,1.0019771480822073,-0.015659791257015308,0,0,1,UNSTABLE,2.173701180696302e-16,1.1671942628602297e-16,1
B2_D1_Guyan,B2,1,Guyan,full-grid,266,3,64,79,1.0022506309161843,0.99567992171597208,-0.11457670209761434,0,0,1,UNSTABLE,2.919512746327361e-16,1.1671942628602297e-16,1
B2_D1_Guyan,B2,1,Guyan,full-grid,267,3,65,80,1.0025186918745754,0.99599623684606331,-0.11417190436526203,0,0,1,UNSTABLE,2.5264704864841977e-16,1.1671942628602297e-16,1
B2_D1_Guyan,B2,1,Guyan,full-grid,268,3,66,81,1.0027484688728936,0.99627472197329037,-0.11375926416769482,0,0,1,UNSTABLE,4.22513984540434e-16,1.1671942628602299e-16,1
B2_D1_Guyan,B2,1,Guyan,full-grid,269,4,0,16,0.99918051782943185,0.99904293344912198,-0.016580842417225513,1,0,-1,STABLE,1.1803665721538599e-16,9.3446663334799891e-17,1
B2_D1_Guyan,B2,1,Guyan,full-grid,270,4,1,17,0.99929695068686186,0.99252506943761454,-0.11613949453101249,1,0,-1,STABLE,2.0750262599559146e-16,1.1671942628602297e-16,1
B2_D1_Guyan,B2,1,Guyan,full-grid,271,4,2,18,1.0000427613139957,0.99325463802587288,-0.11632174558788987,0,0,1,UNSTABLE,2.6198048848501623e-16,1.1671942628602297e-16,1
B2_D1_Guyan,B2,1,Guyan,full-grid,272,4,3,19,1.0007983965703258,0.994004933071992,-0.11641144104545567,0,0,1,UNSTABLE,2.1066425169964046e-16,1.1671942628602299e-16,1
B2_D1_Guyan,B2,1,Guyan,full-grid,273,4,4,20,1.0015494127287876,0.9947617423271784,-0.11640576506159628,0,0,1,UNSTABLE,1.8535291083790667e-16,1.1671942628602299e-16,1
B2_D1_Guyan,B2,1,Guyan,full-grid,274,4,5,21,1.002281319362194,0.99551043862980193,-0.11630481383639987,0,0,1,UNSTABLE,1.9563012364195854e-16,1.1671942628602297e-16,1
B2_D1_Guyan,B2,1,Guyan,full-grid,275,4,6,22,1.0029803778392183,0.99623678371848323,-0.11611162343518321,0,0,1,UNSTABLE,2.7557365183015922e-16,1.1671942628602299e-16,1
B2_D1_Guyan,B2,1,Guyan,full-grid,276,4,7,23,1.0036343260493639,0.99692769399720249,-0.11583191859751417,0,0,1,UNSTABLE,1.4318809552551851e-16,1.1671942628602297e-16,1
B2_D1_Guyan,B2,1,Guyan,full-grid,277,4,8,24,1.0042329254503168,0.99757185708517782,-0.11547362690299125,0,0,1,UNSTABLE,2.2794350926957931e-16,1.1671942628602297e-16,1
B2_D1_Guyan,B2,1,Guyan,full-grid,278,4,9,25,1.0047682704071517,0.99816012647566033,-0.11504624779223617,0,0,1,UNSTABLE,2.1516184632225332e-16,1.1671942628602299e-16,1
B2_D1_Guyan,B2,1,Guyan,full-grid,279,4,10,26,1.0052348541574434,0.99868567471075009,-0.11456018130428333,0,0,1,UNSTABLE,1.0846241008920998e-16,1.1671942628602297e-16,1
B2_D1_Guyan,B2,1,Guyan,full-grid,280,4,11,27,1.0056294306090106,0.99914393282015235,-0.11402610760559138,0,0,1,UNSTABLE,3.5390490726975171e-16,1.1671942628602299e-16,1
B2_D1_Guyan,B2,1,Guyan,full-grid,281,4,12,28,1.005950735394352,0.99953237247775895,-0.1134544772559459,0,0,1,UNSTABLE,1.7347972105041805e-16,1.1671942628602299e-16,1
B2_D1_Guyan,B2,1,Guyan,full-grid,282,4,13,29,1.0061991329670312,0.99985019529833252,-0.11285513787812895,0,0,1,UNSTABLE,1.8829660975208354e-16,1.1671942628602299e-16,1
B2_D1_Guyan,B2,1,Guyan,full-grid,283,4,14,30,1.0063762457219603,1.0000979863848829,-0.11223709539332379,0,0,1,UNSTABLE,2.363658879946103e-16,1.1671942628602297e-16,1
B2_D1_Guyan,B2,1,Guyan,full-grid,284,4,15,31,1.0064846043083584,1.0002773744118307,-0.11160839103547293,0,0,1,UNSTABLE,2.2903467943786042e-16,1.1671942628602297e-16,1
B2_D1_Guyan,B2,1,Guyan,full-grid,285,4,16,32,1.0065273416459648,1.0003907245542365,-0.11097606817121669,0,0,1,UNSTABLE,3.0814215323410481e-16,1.1671942628602297e-16,1
B2_D1_Guyan,B2,1,Guyan,full-grid,286,4,17,33,1.0065079398824253,1.0004408771172428,-0.11034620264986671,0,0,1,UNSTABLE,1.3153357290880871e-16,1.1671942628602297e-16,1
B2_D1_Guyan,B2,1,Guyan,full-grid,287,4,18,34,1.0064300305186828,1.000430935085536,-0.10972397392419322,0,0,1,UNSTABLE,1.4639997075749959e-16,1.1671942628602297e-16,1
B2_D1_Guyan,B2,1,Guyan,full-grid,288,4,19,35,1.0062972427115249,1.0003640978411354,-0.10911375916587596,0,0,1,UNSTABLE,2.5154954969047578e-16,1.1671942628602299e-16,1
B2_D1_Guyan,B2,1,Guyan,full-grid,289,4,20,36,1.0061130923630364,1.0002435351925096,-0.1085192376028426,0,0,1,UNSTABLE,2.1339335218164474e-16,1.1671942628602299e-16,1
B2_D1_Guyan,B2,1,Guyan,full-grid,290,4,21,37,1.0058809040356316,1.0000722947075387,-0.10794349661715491,0,0,1,UNSTABLE,8.9042153024828675e-17,1.1671942628602297e-16,1
B2_D1_Guyan,B2,1,Guyan,full-grid,291,4,22,38,1.0056037581971784,0.99985323537188364,-0.10738913453727954,0,0,1,UNSTABLE,1.5294103154199407e-16,1.1671942628602299e-16,1
B2_D1_Guyan,B2,1,Guyan,full-grid,292,4,23,39,1.0052844572552075,0.99958898123948225,-0.10685835757446001,0,0,1,UNSTABLE,2.4647918448258501e-16,1.1671942628602297e-16,1
B2_D1_Guyan,B2,1,Guyan,full-grid,293,4,24,40,1.0049255049396333,0.9992818896329867,-0.10635307014705649,0,0,1,UNSTABLE,1.2498331361743509e-16,1.1671942628602297e-16,1
B2_D1_Guyan,B2,1,Guyan,full-grid,294,4,25,41,1.0045290946516532,0.99893402937206544,-0.10587495909873816,0,0,1,UNSTABLE,1.6654022689747677e-16,1.1671942628602299e-16,1
B2_D1_Guyan,B2,1,Guyan,full-grid,295,4,26,42,1.0040971033242336,0.99854716534261201,-0.10542557322751876,0,0,1,UNSTABLE,1.7144326963067616e-16,1.1671942628602297e-16,1
B2_D1_Guyan,B2,1,Guyan,full-grid,296,4,27,43,1.0036310881093247,0.99812274642050203,-0.10500640026922897,0,0,1,UNSTABLE,1.0718574785886484e-16,1.1671942628602299e-16,1
B2_D1_Guyan,B2,1,Guyan,full-grid,297,4,28,44,1.0031322838292742,0.99766189432166064,-0.10461894416907083,0,0,1,UNSTABLE,2.449376533199489e-16,1.1671942628602299e-16,1
B2_D1_Guyan,B2,1,Guyan,full-grid,298,4,29,45,1.0026015996387252,0.99716539138192406,-0.10426480627836449,0,0,1,UNSTABLE,1.3161532838506692e-16,1.1671942628602299e-16,1
B2_D1_Guyan,B2,1,Guyan,full-grid,299,4,30,46,1.0020396137935406,0.99663366561063904,-0.10394577520519574,0,0,1,UNSTABLE,1.273871192895733e-16,1.1671942628602297e-16,1
B2_D1_Guyan,B2,1,Guyan,full-grid,300,4,31,47,1.001446565904947,0.99606677167568736,-0.10366393165602675,0,0,1,UNSTABLE,1.0019291946288163e-16,1.1671942628602297e-16,1
B2_D1_Guyan,B2,1,Guyan,full-grid,301,4,32,48,1.0008223467242052,0.99546436688015527,-0.10342177708025105,0,0,1,UNSTABLE,2.1648659577412783e-16,1.1671942628602297e-16,1
B2_D1_Guyan,B2,1,Guyan,full-grid,302,4,33,49,1.0008634432410111,1.0007283515963288,-0.016443792979340073,0,0,1,UNSTABLE,8.8783432905550207e-17,1.1671942628602297e-16,1
B2_D1_Guyan,B2,1,Guyan,full-grid,303,4,34,50,1.0009115106336532,1.0007767106945058,-0.016426425369718722,0,0,1,UNSTABLE,1.5978476659640141e-16,1.1671942628602297e-16,1
B2_D1_Guyan,B2,1,Guyan,full-grid,304,4,35,51,1.0009592189007164,1.0008247220417594,-0.016408340938899414,0,0,1,UNSTABLE,1.2732352203065751e-16,1.1671942628602299e-16,1
B2_D1_Guyan,B2,1,Guyan,full-grid,305,4,36,52,1.0010065536163895,1.0008723710165504,-0.016389549068557059,0,0,1,UNSTABLE,2.0568738505978173e-16,1.1671942628602299e-16,1
B2_D1_Guyan,B2,1,Guyan,full-grid,306,4,37,53,1.0010535006653167,1.0009196433000498,-0.016370059571871994,0,0,1,UNSTABLE,8.1990790458855584e-17,1.1671942628602297e-16,1
B2_D1_Guyan,B2,1,Guyan,full-grid,307,4,38,54,1.0011000462604374,1.0009665248942696,-0.016349882682738875,0,0,1,UNSTABLE,1.7776477708130461e-16,1.1671942628602299e-16,1
B2_D1_Guyan,B2,1,Guyan,full-grid,308,4,39,55,1.0011461769603909,1.0010130021397834,-0.016329029043521435,0,0,1,UNSTABLE,1.5488983571009255e-16,1.1671942628602297e-16,1
B2_D1_Guyan,B2,1,Guyan,full-grid,309,4,40,56,1.0011918796863659,1.001059061732902,-0.01630750969217289,0,0,1,UNSTABLE,1.836879270072345e-16,1.1671942628602297e-16,1
B2_D1_Guyan,B2,1,Guyan,full-grid,310,4,41,57,1.0012371417383417,1.0011046907422658,-0.016285336048005392,0,0,1,UNSTABLE,3.599653047105175e-16,1.1671942628602299e-16,1
B2_D1_Guyan,B2,1,Guyan,full-grid,311,4,42,58,1.0012819508106345,1.0011498766247537,-0.016262519896684619,0,0,1,UNSTABLE,2.4530927172551862e-16,1.1671942628602297e-16,1
B2_D1_Guyan,B2,1,Guyan,full-grid,312,4,43,59,1.0013262950066875,1.0011946072406521,-0.016239073374305902,0,0,1,UNSTABLE,1.7054087270602512e-16,1.1671942628602299e-16,1
B2_D1_Guyan,B2,1,Guyan,full-grid,313,4,44,60,1.0013701628529936,1.0012388708679723,-0.016215008950324173,0,0,1,UNSTABLE,2.0637248473696386e-16,1.1671942628602299e-16,1
B2_D1_Guyan,B2,1,Guyan,full-grid,314,4,45,61,1.0014135433121392,1.001282656215897,-0.016190339410021765,0,0,1,UNSTABLE,3.0049601090423815e-16,1.1671942628602299e-16,1
B2_D1_Guyan,B2,1,Guyan,full-grid,315,4,46,62,1.001456425794881,1.001325952437276,-0.016165077835876306,0,0,1,UNSTABLE,2.2114831649840753e-16,1.1671942628602297e-16,1
B2_D1_Guyan,B2,1,Guyan,full-grid,316,4,47,63,1.0014988001711744,1.0013687491400804,-0.016139237588344933,0,0,1,UNSTABLE,9.559727971277758e-17,1.1671942628602297e-16,1
B2_D1_Guyan,B2,1,Guyan,full-grid,317,4,48,64,1.001540656780167,1.0014110363978252,-0.016112832286154774,0,0,1,UNSTABLE,1.0631492570047096e-16,1.1671942628602297e-16,1
B2_D1_Guyan,B2,1,Guyan,full-grid,318,4,49,65,1.0015819864390485,1.001452804758864,-0.016085875785765251,0,0,1,UNSTABLE,1.6327124981662929e-16,1.1671942628602297e-16,1
B2_D1_Guyan,B2,1,Guyan,full-grid,319,4,50,66,1.0016227804507714,1.0014940452545478,-0.016058382160596709,0,0,1,UNSTABLE,1.9012270135067517e-16,1.1671942628602297e-16,1
B2_D1_Guyan,B2,1,Guyan,full-grid,320,4,51,67,1.0016630306105549,1.0015347494061788,-0.016030365679678582,0,0,1,UNSTABLE,1.1246853937646356e-16,1.1671942628602299e-16,1
B2_D1_Guyan,B2,1,Guyan,full-grid,321,4,52,68,1.0017027292112402,1.0015749092308082,-0.016001840786152206,0,0,1,UNSTABLE,1.3913108004030545e-16,1.1671942628602299e-16,1
B2_D1_Guyan,B2,1,Guyan,full-grid,322,4,53,69,1.0017418690473898,1.0016145172457838,-0.015972822075431402,0,0,1,UNSTABLE,3.8345167982188417e-16,1.1671942628602297e-16,1
B2_D1_Guyan,B2,1,Guyan,full-grid,323,4,54,70,1.0017804434181568,1.0016535664720596,-0.015943324273240373,0,0,1,UNSTABLE,1.2939043172400804e-16,1.1671942628602299e-16,1
B2_D1_Guyan,B2,1,Guyan,full-grid,324,4,55,71,1.0018184461289712,1.0016920504363218,-0.015913362213681254,0,0,1,UNSTABLE,1.2279930585686074e-16,1.1671942628602297e-16,1
B2_D1_Guyan,B2,1,Guyan,full-grid,325,4,56,72,1.0018558714919796,1.0017299631718575,-0.015882950817243835,0,0,1,UNSTABLE,2.5017333796247283e-16,1.1671942628602297e-16,1
B2_D1_Guyan,B2,1,Guyan,full-grid,326,4,57,73,1.0018927143252843,1.0017672992182203,-0.015852105068983786,0,0,1,UNSTABLE,2.3939861686979076e-16,1.1671942628602299e-16,1
B2_D1_Guyan,B2,1,Guyan,full-grid,327,4,58,74,1.0019289699510219,1.0018040536197224,-0.015820839996932574,0,0,1,UNSTABLE,2.135742159223812e-16,1.1671942628602297e-16,1
B2_D1_Guyan,B2,1,Guyan,full-grid,328,4,59,75,1.0019646341922772,1.0018402219227511,-0.015789170650691943,0,0,1,UNSTABLE,1.3592944567150051e-16,1.1671942628602299e-16,1
B2_D1_Guyan,B2,1,Guyan,full-grid,329,4,60,76,1.0023990897021529,0.99572983563796713,-0.11543842278934553,0,0,1,UNSTABLE,2.8819038592973498e-16,1.1671942628602299e-16,1
B2_D1_Guyan,B2,1,Guyan,full-grid,330,4,61,77,1.0028357794195282,0.99620395433913544,-0.11514027029255172,0,0,1,UNSTABLE,2.6114682228948847e-16,1.1671942628602299e-16,1
B2_D1_Guyan,B2,1,Guyan,full-grid,331,4,62,78,1.0032250764206387,0.99663277609810597,-0.11482013571747349,0,0,1,UNSTABLE,1.5353194260993528e-16,1.1671942628602297e-16,1
B2_D1_Guyan,B2,1,Guyan,full-grid,332,4,63,79,1.003569932076517,0.99701877784246018,-0.11448216104525745,0,0,1,UNSTABLE,2.2226875652586687e-16,1.1671942628602297e-16,1
B2_D1_Guyan,B2,1,Guyan,full-grid,333,4,64,80,1.003873062527292,0.99736428105421981,-0.11412982320639724,0,0,1,UNSTABLE,3.0076692385238312e-16,1.1671942628602297e-16,1
B2_D1_Guyan,B2,1,Guyan,full-grid,334,4,65,81,1.0041369568878051,0.99767144546402209,-0.11376605422370287,0,0,1,UNSTABLE,2.4340137085393544e-16,1.1671942628602297e-16,1
B2_D1_Guyan,B2,1,Guyan,full-grid,335,4,66,82,1.0043638888619335,0.99794226909734718,-0.11339333665918834,0,0,1,UNSTABLE,1.5185800214763618e-16,1.1671942628602297e-16,1
B2_D1_Guyan,B2,1,Guyan,full-grid,336,5,0,17,1.0005854784569521,0.99390910489159623,-0.11539493451843422,0,0,1,UNSTABLE,1.4832073515496914e-16,9.3446663334799879e-17,1
B2_D1_Guyan,B2,1,Guyan,full-grid,337,5,1,18,1.0013093860010329,0.99460695938298649,-0.11566106882047959,0,0,1,UNSTABLE,1.4569667737729965e-16,1.1671942628602297e-16,1
B2_D1_Guyan,B2,1,Guyan,full-grid,338,5,2,19,1.0020548864804806,0.99533672305965049,-0.11583955821862106,0,0,1,UNSTABLE,2.3035077754407222e-16,1.1671942628602299e-16,1
B2_D1_Guyan,B2,1,Guyan,full-grid,339,5,3,20,1.0028082094514514,0.99608513646567376,-0.1159254323062292,0,0,1,UNSTABLE,1.8471001502794638e-16,1.1671942628602299e-16,1
B2_D1_Guyan,B2,1,Guyan,full-grid,340,5,4,21,1.0035549238099732,0.99683793559190859,-0.11591641500712145,0,0,1,UNSTABLE,1.2345474155813609e-16,1.1671942628602299e-16,1
B2_D1_Guyan,B2,1,Guyan,full-grid,341,5,5,22,1.0042807123919062,0.99758060379976732,-0.11581316075855222,0,0,1,UNSTABLE,1.705130617791145e-16,1.1671942628602297e-16,1
B2_D1_Guyan,B2,1,Guyan,full-grid,342,5,6,23,1.004972162094905,0.99829917500428955,-0.11561921886720689,0,0,1,UNSTABLE,1.6317618801042477e-16,1.1671942628602299e-16,1
B2_D1_Guyan,B2,1,Guyan,full-grid,343,5,7,24,1.0056174529732409,0.99898097003732234,-0.11534072666529653,0,0,1,UNSTABLE,4.2580065683303651e-16,1.1671942628602297e-16,1
B2_D1_Guyan,B2,1,Guyan,full-grid,344,5,8,25,1.0062068531536776,0.99961516431019981,-0.11498588876257365,0,0,1,UNSTABLE,1.2180304968999499e-16,1.1671942628602299e-16,1
B2_D1_Guyan,B2,1,Guyan,full-grid,345,5,9,26,1.0067329736989068,1.000193127903692,-0.1145643366273851,0,0,1,UNSTABLE,1.7590756588294746e-16,1.1671942628602297e-16,1
B2_D1_Guyan,B2,1,Guyan,full-grid,346,5,10,27,1.007190789468497,1.0007085308704147,-0.11408646998373906,0,0,1,UNSTABLE,1.3066120946094752e-16,1.1671942628602299e-16,1
B2_D1_Guyan,B2,1,Guyan,full-grid,347,5,11,28,1.0075774712752625,1.001157248768433,-0.11356286303133749,0,0,1,UNSTABLE,3.2261456081115988e-16,1.1671942628602297e-16,1
B2_D1_Guyan,B2,1,Guyan,full-grid,348,5,12,29,1.0078920932833919,1.0015371265684487,-0.11300378669846663,0,0,1,UNSTABLE,1.6091278263925187e-16,1.1671942628602299e-16,1
B2_D1_Guyan,B2,1,Guyan,full-grid,349,5,13,30,1.0081352793695602,1.0018476631237263,-0.1124188658680987,0,0,1,UNSTABLE,1.9980572233798956e-16,1.1671942628602297e-16,1
B2_D1_Guyan,B2,1,Guyan,full-grid,350,5,14,31,1.0083088400500215,1.0020896693534365,-0.11181686589303121,0,0,1,UNSTABLE,1.7287376986670583e-16,1.1671942628602299e-16,1
B2_D1_Guyan,B2,1,Guyan,full-grid,351,5,15,32,1.00841543505116,1.0022649384201019,-0.1112055882731154,0,0,1,UNSTABLE,1.5506873960390291e-16,1.1671942628602297e-16,1
B2_D1_Guyan,B2,1,Guyan,full-grid,352,5,16,33,1.0084582809755007,1.0023759510389958,-0.11059184982054684,0,0,1,UNSTABLE,1.579794246368032e-16,1.1671942628602297e-16,1
B2_D1_Guyan,B2,1,Guyan,full-grid,353,5,17,34,1.0084409113913235,1.0024256266649179,-0.10998152014411389,0,0,1,UNSTABLE,1.1238883044297964e-16,1.1671942628602297e-16,1
B2_D1_Guyan,B2,1,Guyan,full-grid,354,5,18,35,1.0083669886091804,1.0024171226049157,-0.10937959601876426,0,0,1,UNSTABLE,1.0892936377399426e-16,1.1671942628602299e-16,1
B2_D1_Guyan,B2,1,Guyan,full-grid,355,5,19,36,1.0082401618465338,1.0023536778196809,-0.10879029608234314,0,0,1,UNSTABLE,2.0228540952520239e-16,1.1671942628602299e-16,1
B2_D1_Guyan,B2,1,Guyan,full-grid,356,5,20,37,1.0080639644764933,1.0022384955083865,-0.10821716405982128,0,0,1,UNSTABLE,1.4921200474699002e-16,1.1671942628602299e-16,1
B2_D1_Guyan,B2,1,Guyan,full-grid,357,5,21,38,1.0078417426904447,1.0020746576680621,-0.10766317275999512,0,0,1,UNSTABLE,1.2367848784583561e-16,1.1671942628602297e-16,1
B2_D1_Guyan,B2,1,Guyan,full-grid,358,5,22,39,1.0075766084569588,1.0018650649693535,-0.10713082424578324,0,0,1,UNSTABLE,1.7263730978785205e-16,1.1671942628602299e-16,1
B2_D1_Guyan,B2,1,Guyan,full-grid,359,5,23,40,1.0072714106366132,1.001612395985064,-0.10662224390309766,0,0,1,UNSTABLE,1.7029711255116508e-16,1.1671942628602297e-16,1
B2_D1_Guyan,B2,1,Guyan,full-grid,360,5,24,41,1.0069287192110437,1.0013190807168213,-0.10613926777782524,0,0,1,UNSTABLE,2.217961321422189e-16,1.1671942628602299e-16,1
B2_D1_Guyan,B2,1,Guyan,full-grid,361,5,25,42,1.0065508186403866,1.0009872842975578,-0.10568352369330306,0,0,1,UNSTABLE,2.0154041640894316e-16,1.1671942628602297e-16,1
B2_D1_Guyan,B2,1,Guyan,full-grid,362,5,26,43,1.0061397073036051,1.0006188976070445,-0.10525650746935913,0,0,1,UNSTABLE,2.469630948284555e-16,1.1671942628602299e-16,1
B2_D1_Guyan,B2,1,Guyan,full-grid,363,5,27,44,1.0056971007866617,1.0002155322907496,-0.10485965618401363,0,0,1,UNSTABLE,2.183277119755424e-16,1.1671942628602297e-16,1
B2_D1_Guyan,B2,1,Guyan,full-grid,364,5,28,45,1.0052244374847739,0.99977851832331588,-0.10449442097937678,0,0,1,UNSTABLE,2.0174381774073326e-16,1.1671942628602299e-16,1
B2_D1_Guyan,B2,1,Guyan,full-grid,365,5,29,46,1.0047228856251367,0.99930890284089013,-0.1041623425324044,0,0,1,UNSTABLE,1.2526990044200617e-16,1.1671942628602297e-16,1
B2_D1_Guyan,B2,1,Guyan,full-grid,366,5,30,47,1.0041933514686223,0.99880744954009082,-0.10386513311503065,0,0,1,UNSTABLE,1.8823778817664141e-16,1.1671942628602299e-16,1
B2_D1_Guyan,B2,1,Guyan,full-grid,367,5,31,48,1.0036364892286849,0.99827463860396415,-0.10360477031201323,0,0,1,UNSTABLE,1.873425091363692e-16,1.1671942628602297e-16,1
B2_D1_Guyan,B2,1,Guyan,full-grid,368,5,32,49,1.0030527143385946,0.9977106680297505,-0.10338360915372938,0,0,1,UNSTABLE,1.7136009962018011e-16,1.1671942628602297e-16,1
B2_D1_Guyan,B2,1,Guyan,full-grid,369,5,33,50,1.0024422234282315,0.99711545868979856,-0.10320452196279643,0,0,1,UNSTABLE,1.7691172835167091e-16,1.1671942628602297e-16,1
B2_D1_Guyan,B2,1,Guyan,full-grid,370,5,34,51,1.0018050273282586,0.99648866799414626,-0.10307107906403812,0,0,1,UNSTABLE,2.0995304829180896e-16,1.1671942628602299e-16,1
B2_D1_Guyan,B2,1,Guyan,full-grid,371,5,35,52,1.0011410087210444,0.9958297216825539,-0.10298778935697844,0,0,1,UNSTABLE,2.1056480718388168e-16,1.1671942628602299e-16,1
B2_D1_Guyan,B2,1,Guyan,full-grid,372,5,36,53,1.0010091191589745,1.0008749454359835,-0.016389027974314994,0,0,1,UNSTABLE,2.0178493152874101e-16,1.1671942628602299e-16,1
B2_D1_Guyan,B2,1,Guyan,full-grid,373,5,37,54,1.0010560426757689,1.0009221946776061,-0.016369507611257456,0,0,1,UNSTABLE,1.1200144742632631e-16,1.1671942628602297e-16,1
B2_D1_Guyan,B2,1,Guyan,full-grid,374,5,38,55,1.0011025640617426,1.0009690525377068,-0.016349300681086441,0,0,1,UNSTABLE,4.4969826905104846e-16,1.1671942628602299e-16,1
B2_D1_Guyan,B2,1,Guyan,full-grid,375,5,39,56,1.0011486699109973,1.00101550539202,-0.016328417844889417,0,0,1,UNSTABLE,1.4541922512087557e-16,1.1671942628602297e-16,1
B2_D1_Guyan,B2,1,Guyan,full-grid,376,5,40,57,1.0011943471807498,1.0010615399726213,-0.016306870157449936,0,0,1,UNSTABLE,2.2998856887668734e-16,1.1671942628602299e-16,1
B2_D1_Guyan,B2,1,Guyan,full-grid,377,5,41,58,1.0012395832074716,1.001107143384411,-0.016284669053313078,0,0,1,UNSTABLE,1.9395823702406163e-16,1.1671942628602297e-16,1
B2_D1_Guyan,B2,1,Guyan,full-grid,378,5,42,59,1.0012843657223349,1.0011523031209295,-0.016261826331537499,0,0,1,UNSTABLE,1.1200871163522115e-16,1.1671942628602299e-16,1
B2_D1_Guyan,B2,1,Guyan,full-grid,379,5,43,60,1.0013286828658916,1.0011970070794116,-0.016238354139810059,0,0,1,UNSTABLE,2.2830270279456045e-16,1.1671942628602297e-16,1
B2_D1_Guyan,B2,1,Guyan,full-grid,380,5,44,61,1.0013725232019137,1.0012412435750229,-0.01621426495740726,0,0,1,UNSTABLE,2.1988940498080168e-16,1.1671942628602299e-16,1
B2_D1_Guyan,B2,1,Guyan,full-grid,381,5,45,62,1.0014158757303289,1.0012850013541965,-0.016189571577651867,0,0,1,UNSTABLE,3.3029405850639028e-16,1.1671942628602297e-16,1
B2_D1_Guyan,B2,1,Guyan,full-grid,382,5,46,63,1.0014587298991879,1.0013282696070203,-0.0161642870892863,0,0,1,UNSTABLE,1.373893927263915e-16,1.1671942628602299e-16,1
B2_D1_Guyan,B2,1,Guyan,full-grid,383,5,47,64,1.0015010756156149,1.00137103797861,-0.016138424857293297,0,0,1,UNSTABLE,1.5106848274547405e-16,1.1671942628602297e-16,1
B2_D1_Guyan,B2,1,Guyan,full-grid,384,5,48,65,1.001542903255674,1.0014132965794089,-0.016111998503133353,0,0,1,UNSTABLE,1.636827149109598e-16,1.1671942628602297e-16,1
B2_D1_Guyan,B2,1,Guyan,full-grid,385,5,49,66,1.0015842036731706,1.0014550359944265,-0.016085021884385806,0,0,1,UNSTABLE,1.817864596580493e-16,1.1671942628602297e-16,1
B2_D1_Guyan,B2,1,Guyan,full-grid,386,5,50,67,1.0016249682072267,1.0014962472912576,-0.016057509073822602,0,0,1,UNSTABLE,1.353700838922051e-16,1.1671942628602299e-16,1
B2_D1_Guyan,B2,1,Guyan,full-grid,387,5,51,68,1.0016651886887475,1.0015369220269927,-0.016029474338280301,0,0,1,UNSTABLE,1.8827103780298304e-16,1.1671942628602299e-16,1
B2_D1_Guyan,B2,1,Guyan,full-grid,388,5,52,69,1.0017048574456737,1.0015770522539156,-0.016000932117071372,0,0,1,UNSTABLE,1.6955914244743765e-16,1.1671942628602299e-16,1
B2_D1_Guyan,B2,1,Guyan,full-grid,389,5,53,70,1.0017439673069735,1.0016166305239385,-0.015971897000256509,0,0,1,UNSTABLE,1.1448822613286659e-16,1.1671942628602297e-16,1
B2_D1_Guyan,B2,1,Guyan,full-grid,390,5,54,71,1.0017825116055008,1.0016556498919034,-0.015942383706774938,0,0,1,UNSTABLE,1.3256603859105969e-16,1.1671942628602299e-16,1
B2_D1_Guyan,B2,1,Guyan,full-grid,391,5,55,72,1.0018204841795446,1.0016941039175662,-0.015912407062458431,0,0,1,UNSTABLE,2.0041312239458764e-16,1.1671942628602297e-16,1
B2_D1_Guyan,B2,1,Guyan,full-grid,392,5,56,73,1.0018578793732573,1.0017319866664547,-0.015881981978267398,0,0,1,UNSTABLE,2.2904955598651856e-16,1.1671942628602299e-16,1
B2_D1_Guyan,B2,1,Guyan,full-grid,393,5,57,74,1.0023811981985189,0.99575094548394083,-0.11510048249132677,0,0,1,UNSTABLE,1.3167363265556758e-16,1.1671942628602297e-16,1
B2_D1_Guyan,B2,1,Guyan,full-grid,394,5,58,75,1.0029606619715932,0.99635039803524705,-0.11496074894284994,0,0,1,UNSTABLE,2.2499730584873027e-16,1.1671942628602299e-16,1
B2_D1_Guyan,B2,1,Guyan,full-grid,395,5,59,76,1.0034870448957349,0.99690141023789214,-0.11477729539972743,0,0,1,UNSTABLE,2.0678367438271561e-16,1.1671942628602297e-16,1
B2_D1_Guyan,B2,1,Guyan,full-grid,396,5,60,77,1.0039630937163015,0.99740583444994757,-0.11455782360716815,0,0,1,UNSTABLE,2.8042790379999838e-16,1.1671942628602299e-16,1
B2_D1_Guyan,B2,1,Guyan,full-grid,397,5,61,78,1.0043915752305355,0.99786570004932962,-0.11430870946317881,0,0,1,UNSTABLE,1.8765298635967448e-16,1.1671942628602297e-16,1
B2_D1_Guyan,B2,1,Guyan,full-grid,398,5,62,79,1.004775184172698,0.9982830908827971,-0.11403526290919039,0,0,1,UNSTABLE,1.9318026960874266e-16,1.1671942628602299e-16,1
B2_D1_Guyan,B2,1,Guyan,full-grid,399,5,63,80,1.0051164914116346,0.9986600695175909,-0.11374193096107951,0,0,1,UNSTABLE,3.2319683909504296e-16,1.1671942628602297e-16,1
B2_D1_Guyan,B2,1,Guyan,full-grid,400,5,64,81,1.005417916798901,0.99899863114491672,-0.11343245739568736,0,0,1,UNSTABLE,2.1129480817272613e-16,1.1671942628602297e-16,1
B2_D1_Guyan,B2,1,Guyan,full-grid,401,5,65,82,1.0056817170863912,0.99930067641880105,-0.11311000924214938,0,0,1,UNSTABLE,2.0548999626356031e-16,1.1671942628602297e-16,1
B2_D1_Guyan,B2,1,Guyan,full-grid,402,5,66,83,1.0059099829649782,0.999567996418389,-0.11277727769692847,0,0,1,UNSTABLE,2.60350535190081e-16,1.1671942628602299e-16,1
B2_D1_Guyan,B2,1,Guyan,full-grid,403,6,0,18,1.0024491053155651,0.99587278207897834,-0.11463686432492975,0,0,1,UNSTABLE,8.9672647533319946e-17,9.3446663334799891e-17,1
B2_D1_Guyan,B2,1,Guyan,full-grid,404,6,1,19,1.0031722282813753,0.99657048202071219,-0.11489905987441745,0,0,1,UNSTABLE,2.7081427467173553e-16,1.1671942628602299e-16,1
B2_D1_Guyan,B2,1,Guyan,full-grid,405,6,2,20,1.0039150228413991,0.99729806314814362,-0.11507365609733794,0,0,1,UNSTABLE,1.186347204396667e-16,1.1671942628602299e-16,1
B2_D1_Guyan,B2,1,Guyan,full-grid,406,6,3,21,1.0046637483727709,0.99804223281802051,-0.11515619308594081,0,0,1,UNSTABLE,1.6620937373540416e-16,1.1671942628602297e-16,1
B2_D1_Guyan,B2,1,Guyan,full-grid,407,6,4,22,1.0054041503593063,0.99878884236576904,-0.11514492574736244,0,0,1,UNSTABLE,2.4005823749416487e-16,1.1671942628602299e-16,1
B2_D1_Guyan,B2,1,Guyan,full-grid,408,6,5,23,1.006122232608244,0.99952364386442216,-0.11504100271027393,0,0,1,UNSTABLE,2.1138376031436411e-16,1.1671942628602297e-16,1
B2_D1_Guyan,B2,1,Guyan,full-grid,409,6,6,24,1.0068050191397548,1.0002330713697369,-0.11484837614552797,0,0,1,UNSTABLE,1.9211358435628995e-16,1.1671942628602297e-16,1
B2_D1_Guyan,B2,1,Guyan,full-grid,410,6,7,25,1.0074411963404692,1.0009049341271006,-0.11457345645454095,0,0,1,UNSTABLE,2.2118373393677748e-16,1.1671942628602299e-16,1
B2_D1_Guyan,B2,1,Guyan,full-grid,411,6,8,26,1.0080215546028459,1.0015289315256233,-0.11422457643205193,0,0,1,UNSTABLE,2.3965755765289192e-16,1.1671942628602297e-16,1
B2_D1_Guyan,B2,1,Guyan,full-grid,412,6,9,27,1.0085391958104866,1.0020969434809046,-0.11381135862597916,0,0,1,UNSTABLE,2.4101868308559281e-16,1.1671942628602299e-16,1
B2_D1_Guyan,B2,1,Guyan,full-grid,413,6,10,28,1.0089895206575776,1.0026030979922396,-0.11334408097987245,0,0,1,UNSTABLE,9.8798585523576825e-17,1.1671942628602299e-16,1
B2_D1_Guyan,B2,1,Guyan,full-grid,414,6,11,29,1.0093700434803012,1.0030436544814563,-0.11283311517417997,0,0,1,UNSTABLE,1.8099814267310386e-16,1.1671942628602299e-16,1
B2_D1_Guyan,B2,1,Guyan,full-grid,415,6,12,30,1.0096800965666324,1.0034167600588999,-0.11228848131355365,0,0,1,UNSTABLE,2.1474254880061329e-16,1.1671942628602297e-16,1
B2_D1_Guyan,B2,1,Guyan,full-grid,416,6,13,31,1.0099204835100533,1.0037221373295822,-0.11171953297304492,0,0,1,UNSTABLE,1.1356965608327945e-16,1.1671942628602297e-16,1
B2_D1_Guyan,B2,1,Guyan,full-grid,417,6,14,32,1.0100931287882255,1.0039607526652605,-0.1111347647362893,0,0,1,UNSTABLE,1.7414648347995454e-16,1.1671942628602297e-16,1
B2_D1_Guyan,B2,1,Guyan,full-grid,418,6,15,33,1.0102007550610146,1.0041344995740171,-0.1105417219473354,0,0,1,UNSTABLE,2.1591460601120034e-16,1.1671942628602297e-16,1
B2_D1_Guyan,B2,1,Guyan,full-grid,419,6,16,34,1.0102466052520165,1.0042459177189085,-0.1099469879902632,0,0,1,UNSTABLE,3.6001836615461274e-16,1.1671942628602297e-16,1
B2_D1_Guyan,B2,1,Guyan,full-grid,420,6,17,35,1.0102342154444075,1.004297956801119,-0.10935622533571246,0,0,1,UNSTABLE,1.3762448629502859e-16,1.1671942628602299e-16,1
B2_D1_Guyan,B2,1,Guyan,full-grid,421,6,18,36,1.0101672373599331,1.0042937866512083,-0.10877425030390658,0,0,1,UNSTABLE,1.0544894160884305e-16,1.1671942628602299e-16,1
B2_D1_Guyan,B2,1,Guyan,full-grid,422,6,19,37,1.0100493051307173,1.0042366501348075,-0.1082051261311828,0,0,1,UNSTABLE,8.4828046753769011e-17,1.1671942628602297e-16,1
B2_D1_Guyan,B2,1,Guyan,full-grid,423,6,20,38,1.0098839393357248,1.0041297531273559,-0.10765226338836177,0,0,1,UNSTABLE,1.08548288120453e-16,1.1671942628602299e-16,1
B2_D1_Guyan,B2,1,Guyan,full-grid,424,6,21,39,1.0096744810183129,1.0039761850619358,-0.10711852056521813,0,0,1,UNSTABLE,1.3448670756151381e-16,1.1671942628602297e-16,1
B2_D1_Guyan,B2,1,Guyan,full-grid,425,6,22,40,1.00942404897441,1.0037788637584075,-0.10660630056320425,0,0,1,UNSTABLE,1.4463403940286849e-16,1.1671942628602297e-16,1
B2_D1_Guyan,B2,1,Guyan,full-grid,426,6,23,41,1.0091355145554566,1.0035404989378698,-0.10611764098696171,0,0,1,UNSTABLE,1.0290559859924128e-16,1.1671942628602299e-16,1
B2_D1_Guyan,B2,1,Guyan,full-grid,427,6,24,42,1.0088114892926316,1.0032635697162935,-0.10565429763591043,0,0,1,UNSTABLE,3.9613978580574386e-16,1.1671942628602297e-16,1
B2_D1_Guyan,B2,1,Guyan,full-grid,428,6,25,43,1.0084543216715047,1.0029503122828665,-0.10521782163509816,0,0,1,UNSTABLE,1.6274212210225704e-16,1.1671942628602299e-16,1
B2_D1_Guyan,B2,1,Guyan,full-grid,429,6,26,44,1.0080661003058184,1.0026027148179468,-0.10480963135830386,0,0,1,UNSTABLE,2.142001872708879e-16,1.1671942628602299e-16,1
B2_D1_Guyan,B2,1,Guyan,full-grid,430,6,27,45,1.0076486615645968,1.002222517464177,-0.10443108081740174,0,0,1,UNSTABLE,1.5971678301292512e-16,1.1671942628602299e-16,1
B2_D1_Guyan,B2,1,Guyan,full-grid,431,6,28,46,1.0072036004219422,1.0018112158426127,-0.10408352662582902,0,0,1,UNSTABLE,2.0051738380473645e-16,1.1671942628602297e-16,1
B2_D1_Guyan,B2,1,Guyan,full-grid,432,6,29,47,1.0067322839695565,1.001370067238063,-0.10376839608569086,0,0,1,UNSTABLE,1.3905852963710614e-16,1.1671942628602297e-16,1
B2_D1_Guyan,B2,1,Guyan,full-grid,433,6,30,48,1.0062358677305943,1.0009000992265118,-0.10348725948589214,0,0,1,UNSTABLE,2.2930969354289638e-16,1.1671942628602297e-16,1
B2_D1_Guyan,B2,1,Guyan,full-grid,434,6,31,49,1.00571531574367,1.0004021212759087,-0.10324191042426482,0,0,1,UNSTABLE,1.3786270639790461e-16,1.1671942628602297e-16,1
B2_D1_Guyan,B2,1,Guyan,full-grid,435,6,32,50,1.0051714265101379,0.99987674086993583,-0.10303445899183854,0,0,1,UNSTABLE,2.2392461320948765e-16,1.1671942628602297e-16,1
B2_D1_Guyan,B2,1,Guyan,full-grid,436,6,33,51,1.004604868578133,0.99932438722943773,-0.10286744411813012,0,0,1,UNSTABLE,1.6009309507738604e-16,1.1671942628602299e-16,1
B2_D1_Guyan,B2,1,Guyan,full-grid,437,6,34,52,1.0040162322190211,0.99874534816468374,-0.10274397344216424,0,0,1,UNSTABLE,1.7278815308292567e-16,1.1671942628602299e-16,1
B2_D1_Guyan,B2,1,Guyan,full-grid,438,6,35,53,1.0034061081150012,0.99813982974090298,-0.10266790193285805,0,0,1,UNSTABLE,1.4934621173357979e-16,1.1671942628602297e-16,1
B2_D1_Guyan,B2,1,Guyan,full-grid,439,6,36,54,1.002775211614376,0.99750805565738809,-0.1026440642554344,0,0,1,UNSTABLE,2.6137431337410103e-16,1.1671942628602299e-16,1
B2_D1_Guyan,B2,1,Guyan,full-grid,440,6,37,55,1.0021245844449624,0.99685043606639023,-0.10267858035265157,0,0,1,UNSTABLE,8.3098950409442847e-17,1.1671942628602297e-16,1
B2_D1_Guyan,B2,1,Guyan,full-grid,441,6,38,56,1.0014559293607201,0.99616785868645208,-0.10277925749776985,0,0,1,UNSTABLE,2.7223917562382895e-16,1.1671942628602297e-16,1
B2_D1_Guyan,B2,1,Guyan,full-grid,442,6,39,57,1.0011511638961297,1.0010180096887515,-0.016327806017510431,0,0,1,UNSTABLE,1.4643954018137532e-16,1.1671942628602299e-16,1
B2_D1_Guyan,B2,1,Guyan,full-grid,443,6,40,58,1.0011968156871358,1.0010640192343685,-0.01630622998710091,0,0,1,UNSTABLE,1.3086287762802191e-16,1.1671942628602297e-16,1
B2_D1_Guyan,B2,1,Guyan,full-grid,444,6,41,59,1.001242025666307,1.001109597026332,-0.016284001416878739,0,0,1,UNSTABLE,1.7072046600540907e-16,1.1671942628602299e-16,1
B2_D1_Guyan,B2,1,Guyan,full-grid,445,6,42,60,1.0012867816016993,1.00115473059487,-0.016261132119334332,0,0,1,UNSTABLE,2.9665670619384984e-16,1.1671942628602299e-16,1
B2_D1_Guyan,B2,1,Guyan,full-grid,446,6,43,61,1.0013310716710162,1.0011994078742101,-0.016237634253696554,0,0,1,UNSTABLE,3.7712341269047685e-16,1.1671942628602299e-16,1
B2_D1_Guyan,B2,1,Guyan,full-grid,447,6,44,62,1.0013748844753241,1.0012436172166879,-0.016213520309024884,0,0,1,UNSTABLE,1.4642117122929164e-16,1.1671942628602297e-16,1
B2_D1_Guyan,B2,1,Guyan,full-grid,448,6,45,63,1.0014182090519201,1.0012873474060155,-0.016188803086710484,0,0,1,UNSTABLE,1.9495822116261267e-16,1.1671942628602297e-16,1
B2_D1_Guyan,B2,1,Guyan,full-grid,449,6,46,64,1.0014610348861679,1.0013305876695386,-0.016163495681656436,0,0,1,UNSTABLE,2.8362465425845493e-16,1.1671942628602297e-16,1
B2_D1_Guyan,B2,1,Guyan,full-grid,450,6,47,65,1.0015033519223742,1.0013733276895325,-0.01613761146337455,0,0,1,UNSTABLE,2.3704234328997692e-16,1.1671942628602297e-16,1
B2_D1_Guyan,B2,1,Guyan,full-grid,451,6,48,66,1.0015451505735466,1.0014155576133956,-0.016111164056023645,0,0,1,UNSTABLE,1.30061607715876e-16,1.1671942628602297e-16,1
B2_D1_Guyan,B2,1,Guyan,full-grid,452,6,49,67,1.0015864217301065,1.0014572680627953,-0.016084167318242644,0,0,1,UNSTABLE,1.404528870749328e-16,1.1671942628602299e-16,1
B2_D1_Guyan,B2,1,Guyan,full-grid,453,6,50,68,1.0016271567673691,1.0014984501415944,-0.016056635322147107,0,0,1,UNSTABLE,2.2690306210611913e-16,1.1671942628602299e-16,1
B2_D1_Guyan,B2,1,Guyan,full-grid,454,6,51,69,1.0016673475519378,1.0015390954426842,-0.016028582332335842,0,0,1,UNSTABLE,2.0203500517822504e-16,1.1671942628602297e-16,1
B2_D1_Guyan,B2,1,Guyan,full-grid,455,6,52,70,1.0017069864468409,1.0015791960535689,-0.016000022784295628,0,0,1,UNSTABLE,2.0239420274463147e-16,1.1671942628602299e-16,1
B2_D1_Guyan,B2,1,Guyan,full-grid,456,6,53,71,1.0017460663154816,1.0016187445607576,-0.015970971262676728,0,0,1,UNSTABLE,3.1881309192178456e-16,1.1671942628602297e-16,1
B2_D1_Guyan,B2,1,Guyan,full-grid,457,6,54,72,1.0018708175763673,0.99540233633458619,-0.11366320394387197,0,0,1,UNSTABLE,1.3705928983890756e-16,1.1671942628602297e-16,1
B2_D1_Guyan,B2,1,Guyan,full-grid,458,6,55,73,1.0025783008700877,0.99609962235163751,-0.11379275779449684,0,0,1,UNSTABLE,8.7658047588456265e-17,1.1671942628602299e-16,1
B2_D1_Guyan,B2,1,Guyan,full-grid,459,6,56,74,1.0032380979765572,0.99675842453752517,-0.11383902821568197,0,0,1,UNSTABLE,1.6464972622700451e-16,1.1671942628602297e-16,1
B2_D1_Guyan,B2,1,Guyan,full-grid,460,6,57,75,1.0038486614821642,0.99737555283585322,-0.1138162631828547,0,0,1,UNSTABLE,2.2502678911605095e-16,1.1671942628602299e-16,1
B2_D1_Guyan,B2,1,Guyan,full-grid,461,6,58,76,1.0044101478169944,0.99794980243187337,-0.11373626011057776,0,0,1,UNSTABLE,2.5327152788372043e-16,1.1671942628602299e-16,1
B2_D1_Guyan,B2,1,Guyan,full-grid,462,6,59,77,1.0049237066285932,0.9984811965848075,-0.11360878579899453,0,0,1,UNSTABLE,2.0694732728278747e-16,1.1671942628602299e-16,1
B2_D1_Guyan,B2,1,Guyan,full-grid,463,6,60,78,1.005391043779428,0.99897050787499087,-0.11344194686213041,0,0,1,UNSTABLE,3.1135141369509243e-16,1.1671942628602297e-16,1
B2_D1_Guyan,B2,1,Guyan,full-grid,464,6,61,79,1.0058141510644971,0.99941895272798442,-0.11324249824908346,0,0,1,UNSTABLE,2.6136446124637884e-16,1.1671942628602297e-16,1
B2_D1_Guyan,B2,1,Guyan,full-grid,465,6,62,80,1.0061951386816219,0.99982799501403452,-0.11301609395455163,0,0,1,UNSTABLE,3.0006743148494973e-16,1.1671942628602297e-16,1
B2_D1_Guyan,B2,1,Guyan,full-grid,466,6,63,81,1.0065361317834596,1.0001992191920617,-0.11276748872436448,0,0,1,UNSTABLE,4.015285393490556e-16,1.1671942628602297e-16,1
B2_D1_Guyan,B2,1,Guyan,full-grid,467,6,64,82,1.006839207402457,1.0005342483322091,-0.11250069989608813,0,0,1,UNSTABLE,2.4260262711179668e-16,1.1671942628602297e-16,1
B2_D1_Guyan,B2,1,Guyan,full-grid,468,6,65,83,1.0071063569988072,1.0008346913986996,-0.11221913740658926,0,0,1,UNSTABLE,3.8160391568731066e-16,1.1671942628602299e-16,1
B2_D1_Guyan,B2,1,Guyan,full-grid,469,6,66,84,1.0073394653284229,1.0011021097610202,-0.1119257085757656,0,0,1,UNSTABLE,1.5189121938129956e-16,1.1671942628602299e-16,1
B2_D1_Guyan,B2,1,Guyan,full-grid,470,7,0,19,1.0041240125255062,0.99767342229274392,-0.11363439171750515,0,0,1,UNSTABLE,1.3826425719163612e-16,9.3446663334799891e-17,1
B2_D1_Guyan,B2,1,Guyan,full-grid,471,7,1,20,1.0048440884765761,0.99836869773190373,-0.11389286867676994,0,0,1,UNSTABLE,1.9057775506695259e-16,1.1671942628602299e-16,1
B2_D1_Guyan,B2,1,Guyan,full-grid,472,7,2,21,1.005582081370993,0.99909191090881089,-0.1140643499565015,0,0,1,UNSTABLE,3.3214483461922323e-16,1.1671942628602299e-16,1
B2_D1_Guyan,B2,1,Guyan,full-grid,473,7,3,22,1.0063244221798253,0.99982988168626341,-0.11414486568738845,0,0,1,UNSTABLE,1.4753874056210006e-16,1.1671942628602297e-16,1
B2_D1_Guyan,B2,1,Guyan,full-grid,474,7,4,23,1.0070571597259916,1.0005687136093686,-0.11413313410870288,0,0,1,UNSTABLE,1.998994743313489e-16,1.1671942628602299e-16,1
B2_D1_Guyan,B2,1,Guyan,full-grid,475,7,5,24,1.0077667132373467,1.0012945371100417,-0.11403069000401381,0,0,1,UNSTABLE,1.3070821797803387e-16,1.1671942628602297e-16,1
B2_D1_Guyan,B2,1,Guyan,full-grid,476,7,6,25,1.0084405952693658,1.0019942560405148,-0.11384175441835123,0,0,1,UNSTABLE,2.1139017393047396e-16,1.1671942628602299e-16,1
B2_D1_Guyan,B2,1,Guyan,full-grid,477,7,7,26,1.0090680049135958,1.0026561933510933,-0.11357286856903551,0,0,1,UNSTABLE,2.4632372699870764e-16,1.1671942628602297e-16,1
B2_D1_Guyan,B2,1,Guyan,full-grid,478,7,8,27,1.0096402219540053,1.0032705570463596,-0.11323235911708401,0,0,1,UNSTABLE,2.7460090504832419e-16,1.1671942628602299e-16,1
B2_D1_Guyan,B2,1,Guyan,full-grid,479,7,9,28,1.0101507775315348,1.0038296900153525,-0.11282972476810267,0,0,1,UNSTABLE,3.0189394931186114e-16,1.1671942628602297e-16,1
B2_D1_Guyan,B2,1,Guyan,full-grid,480,7,10,29,1.0105954197741018,1.0043281110682623,-0.11237503186406492,0,0,1,UNSTABLE,3.1551068004261431e-16,1.1671942628602299e-16,1
B2_D1_Guyan,B2,1,Guyan,full-grid,481,7,11,30,1.0109719218217694,1.0047623866152708,-0.11187838555854733,0,0,1,UNSTABLE,1.3924976184503279e-16,1.1671942628602297e-16,1
B2_D1_Guyan,B2,1,Guyan,full-grid,482,7,12,31,1.0112797909006863,1.0051308875725267,-0.1113495142863257,0,0,1,UNSTABLE,1.2499222533606801e-16,1.1671942628602299e-16,1
B2_D1_Guyan,B2,1,Guyan,full-grid,483,7,13,32,1.0115199336262142,1.0054334860789429,-0.11079747828504495,0,0,1,UNSTABLE,2.348827460818172e-16,1.1671942628602297e-16,1
B2_D1_Guyan,B2,1,Guyan,full-grid,484,7,14,33,1.0116943207190769,1.0056712369860907,-0.11023049339497953,0,0,1,UNSTABLE,1.4677717990260036e-16,1.1671942628602297e-16,1
B2_D1_Guyan,B2,1,Guyan,full-grid,485,7,15,34,1.0118056797128359,1.0058460756764935,-0.1096558504839177,0,0,1,UNSTABLE,1.242976932930794e-16,1.1671942628602297e-16,1
B2_D1_Guyan,B2,1,Guyan,full-grid,486,7,16,35,1.0118572309758056,1.0059605507833607,-0.10907990715829619,0,0,1,UNSTABLE,1.9300154806034414e-16,1.1671942628602299e-16,1
B2_D1_Guyan,B2,1,Guyan,full-grid,487,7,17,36,1.0118524722918449,1.0060176000038576,-0.10850812949082207,0,0,1,UNSTABLE,2.8911556148838056e-16,1.1671942628602299e-16,1
B2_D1_Guyan,B2,1,Guyan,full-grid,488,7,18,37,1.011795010625246,1.0060203700090562,-0.10794516502828422,0,0,1,UNSTABLE,9.187099666266975e-17,1.1671942628602299e-16,1
B2_D1_Guyan,B2,1,Guyan,full-grid,489,7,19,38,1.0116884360008291,1.0059720771335812,-0.10739493268004709,0,0,1,UNSTABLE,1.8465921259280601e-16,1.1671942628602297e-16,1
B2_D1_Guyan,B2,1,Guyan,full-grid,490,7,20,39,1.0115362308570031,1.0058759033896447,-0.1068607192398504,0,0,1,UNSTABLE,1.0707422171612381e-16,1.1671942628602299e-16,1
B2_D1_Guyan,B2,1,Guyan,full-grid,491,7,21,40,1.0113417080146287,1.0057349216797054,-0.10634527579476041,0,0,1,UNSTABLE,2.6365758385416476e-16,1.1671942628602297e-16,1
B2_D1_Guyan,B2,1,Guyan,full-grid,492,7,22,41,1.0111079709521877,1.0055520442899217,-0.10585090999802219,0,0,1,UNSTABLE,1.4590469353195358e-16,1.1671942628602299e-16,1
B2_D1_Guyan,B2,1,Guyan,full-grid,493,7,23,42,1.0108378909798621,1.0053299894103636,-0.10537957217968821,0,0,1,UNSTABLE,1.6511773327689921e-16,1.1671942628602297e-16,1
B2_D1_Guyan,B2,1,Guyan,full-grid,494,7,24,43,1.0105340969098568,1.0050712612741663,-0.1049329346686553,0,0,1,UNSTABLE,1.8462688988147954e-16,1.1671942628602299e-16,1
B2_D1_Guyan,B2,1,Guyan,full-grid,495,7,25,44,1.0101989737908459,1.0047781403774709,-0.10451246465216245,0,0,1,UNSTABLE,3.7746958907184571e-16,1.1671942628602297e-16,1
B2_D1_Guyan,B2,1,Guyan,full-grid,496,7,26,45,1.0098346681518136,1.0044526810574164,-0.10411949153665456,0,0,1,UNSTABLE,1.9135684396922547e-16,1.1671942628602299e-16,1
B2_D1_Guyan,B2,1,Guyan,full-grid,497,7,27,46,1.0094430979733624,1.0040967144397008,-0.10375527021533444,0,0,1,UNSTABLE,1.7589847675146225e-16,1.1671942628602297e-16,1
B2_D1_Guyan,B2,1,Guyan,full-grid,498,7,28,47,1.0090259662925749,1.003711855428751,-0.10342104198101468,0,0,1,UNSTABLE,1.4861915414655448e-16,1.1671942628602299e-16,1
B2_D1_Guyan,B2,1,Guyan,full-grid,499,7,29,48,1.0085847779907748,1.0032995130328353,-0.10311809512775397,0,0,1,UNSTABLE,2.4982908426786562e-16,1.1671942628602297e-16,1
B2_D1_Guyan,B2,1,Guyan,full-grid,500,7,30,49,1.0081208599714799,1.0028609039461096,-0.10284782761939165,0,0,1,UNSTABLE,1.371764000120781e-16,1.1671942628602297e-16,1
B2_D1_Guyan,B2,1,Guyan,full-grid,501,7,31,50,1.007635385691549,1.0023970700258462,-0.10261181462850927,0,0,1,UNSTABLE,1.8839925578650662e-16,1.1671942628602297e-16,1
B2_D1_Guyan,B2,1,Guyan,full-grid,502,7,32,51,1.0071294059838347,1.0019089012221682,-0.10241188431592761,0,0,1,UNSTABLE,2.0004537856838153e-16,1.1671942628602299e-16,1
B2_D1_Guyan,B2,1,Guyan,full-grid,503,7,33,52,1.0066038894885851,1.0013971668175072,-0.10225020598227365,0,0,1,UNSTABLE,1.3916755361081705e-16,1.1671942628602299e-16,1
B2_D1_Guyan,B2,1,Guyan,full-grid,504,7,34,53,1.0060597780873268,1.0008625598034921,-0.10212939571309558,0,0,1,UNSTABLE,1.0346790272941738e-16,1.1671942628602299e-16,1
B2_D1_Guyan,B2,1,Guyan,full-grid,505,7,35,54,1.0054980659836488,1.0003057623406606,-0.10205264584971792,0,0,1,UNSTABLE,1.7431460543042842e-16,1.1671942628602297e-16,1
B2_D1_Guyan,B2,1,Guyan,full-grid,506,7,36,55,1.0049199162864084,0.99972754531235819,-0.10202388589349663,0,0,1,UNSTABLE,2.4211654844785928e-16,1.1671942628602299e-16,1
B2_D1_Guyan,B2,1,Guyan,full-grid,507,7,37,56,1.0043268374156658,0.99912892334414349,-0.1020479832751521,0,0,1,UNSTABLE,1.6971332802925003e-16,1.1671942628602297e-16,1
B2_D1_Guyan,B2,1,Guyan,full-grid,508,7,38,57,1.0037209554403375,0.99851140053340393,-0.10213099135367411,0,0,1,UNSTABLE,2.454292382604001e-16,1.1671942628602299e-16,1
B2_D1_Guyan,B2,1,Guyan,full-grid,509,7,39,58,1.0031054406568234,0.9978773649920426,-0.10228044540310498,0,0,1,UNSTABLE,1.4298451377084667e-16,1.1671942628602297e-16,1
B2_D1_Guyan,B2,1,Guyan,full-grid,510,7,40,59,1.0024851810603119,0.99723072681516278,-0.1025056863848456,0,0,1,UNSTABLE,2.8329547588408407e-16,1.1671942628602299e-16,1
B2_D1_Guyan,B2,1,Guyan,full-grid,511,7,41,60,1.0018678430826755,0.99657794766917229,-0.1028181366424864,0,0,1,UNSTABLE,1.7705864452908424e-16,1.1671942628602297e-16,1
B2_D1_Guyan,B2,1,Guyan,full-grid,512,7,42,61,1.0012891987513455,1.0011571593515831,-0.016260437115287022,0,0,1,UNSTABLE,1.7665944663894713e-16,1.1671942628602299e-16,1
B2_D1_Guyan,B2,1,Guyan,full-grid,513,7,43,62,1.0013334617189011,1.0012018099243394,-0.016236913567080208,0,0,1,UNSTABLE,2.3550344174445388e-16,1.1671942628602297e-16,1
B2_D1_Guyan,B2,1,Guyan,full-grid,514,7,44,63,1.0013772469642281,1.0012459920864802,-0.016212774852464615,0,0,1,UNSTABLE,1.4931305574101972e-16,1.1671942628602299e-16,1
B2_D1_Guyan,B2,1,Guyan,full-grid,515,7,45,64,1.001420543562018,1.0012896946590235,-0.016188033780764197,0,0,1,UNSTABLE,1.2959242757262397e-16,1.1671942628602297e-16,1
B2_D1_Guyan,B2,1,Guyan,full-grid,516,7,46,65,1.0014633410349902,1.0013329069066146,-0.016162703453137785,0,0,1,UNSTABLE,2.7540378704100962e-16,1.1671942628602297e-16,1
B2_D1_Guyan,B2,1,Guyan,full-grid,517,7,47,66,1.0015056293646536,1.0013756185487108,-0.016136797243494868,0,0,1,UNSTABLE,1.8940450390022388e-16,1.1671942628602297e-16,1
B2_D1_Guyan,B2,1,Guyan,full-grid,518,7,48,67,1.0015473990010022,1.0014178197697068,-0.016110328778757944,0,0,1,UNSTABLE,1.7587435239714998e-16,1.1671942628602299e-16,1
B2_D1_Guyan,B2,1,Guyan,full-grid,519,7,49,68,1.0015886408710735,1.001459501227931,-0.016083311918492778,0,0,1,UNSTABLE,2.4306992122044738e-16,1.1671942628602299e-16,1
B2_D1_Guyan,B2,1,Guyan,full-grid,520,7,50,69,1.001629346386421,1.001500654063558,-0.016055760734229266,0,0,1,UNSTABLE,1.8515293282442573e-16,1.1671942628602299e-16,1
B2_D1_Guyan,B2,1,Guyan,full-grid,521,7,51,70,1.0016695074493371,1.0015412699052735,-0.01602768948819203,0,0,1,UNSTABLE,1.1641431939831053e-16,1.1671942628602297e-16,1
B2_D1_Guyan,B2,1,Guyan,full-grid,522,7,52,71,1.0018910666852596,0.99569667394528172,-0.11123777684775343,0,0,1,UNSTABLE,2.0742387368850755e-16,1.1671942628602299e-16,1
B2_D1_Guyan,B2,1,Guyan,full-grid,523,7,53,72,1.0025876602817652,0.99635017617187294,-0.11166173467908178,0,0,1,UNSTABLE,3.0676494167972135e-16,1.1671942628602297e-16,1
B2_D1_Guyan,B2,1,Guyan,full-grid,524,7,54,73,1.0032732678369412,0.9970059295037037,-0.11196618458566145,0,0,1,UNSTABLE,2.9796004231384614e-16,1.1671942628602299e-16,1
B2_D1_Guyan,B2,1,Guyan,full-grid,525,7,55,74,1.0039329557643795,0.99764708841036065,-0.11216802867187015,0,0,1,UNSTABLE,1.7586442144791298e-16,1.1671942628602297e-16,1
B2_D1_Guyan,B2,1,Guyan,full-grid,526,7,56,75,1.0045579727825242,0.99826312091898006,-0.1122829554920631,0,0,1,UNSTABLE,2.0936606243264494e-16,1.1671942628602299e-16,1
B2_D1_Guyan,B2,1,Guyan,full-grid,527,7,57,76,1.00514359542007,0.99884773502647217,-0.11232475081865038,0,0,1,UNSTABLE,1.943025105047928e-16,1.1671942628602297e-16,1
B2_D1_Guyan,B2,1,Guyan,full-grid,528,7,58,77,1.0056876707174893,0.99939743271411929,-0.11230522034881955,0,0,1,UNSTABLE,2.0001992600084549e-16,1.1671942628602299e-16,1
B2_D1_Guyan,B2,1,Guyan,full-grid,529,7,59,78,1.006189663257411,0.99991053987503875,-0.11223435611643277,0,0,1,UNSTABLE,1.9637676071472158e-16,1.1671942628602297e-16,1
B2_D1_Guyan,B2,1,Guyan,full-grid,530,7,60,79,1.0066500393053981,1.0003865641511021,-0.1121205775025822,0,0,1,UNSTABLE,1.7268387739286746e-16,1.1671942628602299e-16,1
B2_D1_Guyan,B2,1,Guyan,full-grid,531,7,61,80,1.0070698697244196,1.0008257706798678,-0.11197097503285454,0,0,1,UNSTABLE,3.4630686330180752e-16,1.1671942628602297e-16,1
B2_D1_Guyan,B2,1,Guyan,full-grid,532,7,62,81,1.0074505736788171,1.0012289010254054,-0.11179152989934678,0,0,1,UNSTABLE,2.6593506202099122e-16,1.1671942628602297e-16,1
B2_D1_Guyan,B2,1,Guyan,full-grid,533,7,63,82,1.0077937530459296,1.0015969861958962,-0.11158730179414442,0,0,1,UNSTABLE,1.8084301750059344e-16,1.1671942628602297e-16,1
B2_D1_Guyan,B2,1,Guyan,full-grid,534,7,64,83,1.0081010855721684,1.0019312218059517,-0.11136258573783724,0,0,1,UNSTABLE,2.3392224309398189e-16,1.1671942628602299e-16,1
B2_D1_Guyan,B2,1,Guyan,full-grid,535,7,65,84,1.0083742563152061,1.00223288457989,-0.11112104150842644,0,0,1,UNSTABLE,4.0755806129545872e-16,1.1671942628602299e-16,1
B2_D1_Guyan,B2,1,Guyan,full-grid,536,7,66,85,1.0086149141848855,1.0025032765610411,-0.11086579995905273,0,0,1,UNSTABLE,3.4058237981296711e-16,1.1671942628602299e-16,1
B2_D1_Guyan,B2,1,Guyan,full-grid,537,8,0,20,1.0055846761633052,0.99927932821474519,-0.11243382559152966,0,0,1,UNSTABLE,1.5964300475523738e-16,9.3446663334799891e-17,1
B2_D1_Guyan,B2,1,Guyan,full-grid,538,8,1,21,1.006299880653547,0.99997025859119981,-0.11268953694283959,0,0,1,UNSTABLE,2.1560491821549873e-16,1.1671942628602297e-16,1
B2_D1_Guyan,B2,1,Guyan,full-grid,539,8,2,22,1.0070315577815434,1.0006874306170872,-0.1128593131863489,0,0,1,UNSTABLE,1.1612401951521139e-16,1.1671942628602299e-16,1
B2_D1_Guyan,B2,1,Guyan,full-grid,540,8,3,23,1.0077664153477706,1.0014178909024722,-0.11293961078089279,0,0,1,UNSTABLE,1.3097255318775538e-16,1.1671942628602297e-16,1
B2_D1_Guyan,B2,1,Guyan,full-grid,541,8,4,24,1.0084908842642764,1.0021480871856405,-0.11292951338912365,0,0,1,UNSTABLE,1.2661439917316177e-16,1.1671942628602297e-16,1
B2_D1_Guyan,B2,1,Guyan,full-grid,542,8,5,25,1.0091918414056955,1.0028645863858023,-0.11283082084719703,0,0,1,UNSTABLE,2.1011047883964476e-16,1.1671942628602299e-16,1
B2_D1_Guyan,B2,1,Guyan,full-grid,543,8,6,26,1.0098572903862115,1.0035547812812313,-0.11264789351674942,0,0,1,UNSTABLE,2.305594185188994e-16,1.1671942628602297e-16,1
B2_D1_Guyan,B2,1,Guyan,full-grid,544,8,7,27,1.0104769095870574,1.0042074905651468,-0.11238727998070197,0,0,1,UNSTABLE,1.8092603824508377e-16,1.1671942628602299e-16,1
B2_D1_Guyan,B2,1,Guyan,full-grid,545,8,8,28,1.0110424075168123,1.0048133831415957,-0.11205719457907523,0,0,1,UNSTABLE,1.3343775308262924e-16,1.1671942628602299e-16,1
B2_D1_Guyan,B2,1,Guyan,full-grid,546,8,9,29,1.0115476673318327,1.0053651974029436,-0.11166692946173518,0,0,1,UNSTABLE,3.9293714067954998e-16,1.1671942628602299e-16,1
B2_D1_Guyan,B2,1,Guyan,full-grid,547,8,10,30,1.01198870084155,1.0058577657489109,-0.11122628157758986,0,0,1,UNSTABLE,1.2460946592243267e-16,1.1671942628602297e-16,1
B2_D1_Guyan,B2,1,Guyan,full-grid,548,8,11,31,1.0123634575972875,1.0062878828421149,-0.11074505462307971,0,0,1,UNSTABLE,2.1123667846695063e-16,1.1671942628602297e-16,1
B2_D1_Guyan,B2,1,Guyan,full-grid,549,8,12,32,1.0126715438933545,1.0066540689012582,-0.11023266927681179,0,0,1,UNSTABLE,3.8418877669326095e-16,1.1671942628602297e-16,1
B2_D1_Guyan,B2,1,Guyan,full-grid,550,8,13,33,1.0129139027109504,1.0069562786517112,-0.10969789054045759,0,0,1,UNSTABLE,3.2419709499656629e-16,1.1671942628602297e-16,1
B2_D1_Guyan,B2,1,Guyan,full-grid,551,8,14,34,1.0130924943781701,1.0071955974129034,-0.10914866337911466,0,0,1,UNSTABLE,3.1441688897386384e-16,1.1671942628602297e-16,1
B2_D1_Guyan,B2,1,Guyan,full-grid,552,8,15,35,1.0132100042498307,1.0073739533943011,-0.10859203808142889,0,0,1,UNSTABLE,1.1090217351169623e-16,1.1671942628602299e-16,1
B2_D1_Guyan,B2,1,Guyan,full-grid,553,8,16,36,1.0132695915283283,1.0074938633240589,-0.10803416348705529,0,0,1,UNSTABLE,1.4440373041858062e-16,1.1671942628602299e-16,1
B2_D1_Guyan,B2,1,Guyan,full-grid,554,8,17,37,1.0132746840696707,1.0075582189772399,-0.10748032725993655,0,0,1,UNSTABLE,1.3304906103803678e-16,1.1671942628602297e-16,1
B2_D1_Guyan,B2,1,Guyan,full-grid,555,8,18,38,1.0132288178987587,1.0075701155292081,-0.10693502566032356,0,0,1,UNSTABLE,1.1797427815561795e-16,1.1671942628602299e-16,1
B2_D1_Guyan,B2,1,Guyan,full-grid,556,8,19,39,1.0131355167177789,1.0075327186465448,-0.10640204928338068,0,0,1,UNSTABLE,1.8904766528026496e-16,1.1671942628602297e-16,1
B2_D1_Guyan,B2,1,Guyan,full-grid,557,8,20,40,1.0129982052059037,1.0074491652233797,-0.10588457508578515,0,0,1,UNSTABLE,1.6377598106233044e-16,1.1671942628602297e-16,1
B2_D1_Guyan,B2,1,Guyan,full-grid,558,8,21,41,1.0128201496850868,1.007322492027561,-0.10538525828362366,0,0,1,UNSTABLE,3.0740367697658488e-16,1.1671942628602299e-16,1
B2_D1_Guyan,B2,1,Guyan,full-grid,559,8,22,42,1.0126044202200928,1.0071555866999349,-0.10490632024992852,0,0,1,UNSTABLE,1.9732013008970822e-16,1.1671942628602297e-16,1
B2_D1_Guyan,B2,1,Guyan,full-grid,560,8,23,43,1.0123538690532194,1.006951156160945,-0.10444963041178808,0,0,1,UNSTABLE,1.6501774025283229e-16,1.1671942628602299e-16,1
B2_D1_Guyan,B2,1,Guyan,full-grid,561,8,24,44,1.0120711212100497,1.0067117082671815,-0.1040167814592447,0,0,1,UNSTABLE,2.1707913783820824e-16,1.1671942628602299e-16,1
B2_D1_Guyan,B2,1,Guyan,full-grid,562,8,25,45,1.011758574022541,1.0064395433771574,-0.10360915806483903,0,0,1,UNSTABLE,8.6727721566083028e-17,1.1671942628602299e-16,1
B2_D1_Guyan,B2,1,Guyan,full-grid,563,8,26,46,1.0114184031411015,1.0061367532546883,-0.10322799989639546,0,0,1,UNSTABLE,1.4987961522042978e-16,1.1671942628602297e-16,1
B2_D1_Guyan,B2,1,Guyan,full-grid,564,8,27,47,1.011052573334499,1.0058052254326584,-0.10287446008933358,0,0,1,UNSTABLE,1.2338659182550518e-16,1.1671942628602297e-16,1
B2_D1_Guyan,B2,1,Guyan,full-grid,565,8,28,48,1.0106628530196791,1.0054466517835028,-0.10254966060997664,0,0,1,UNSTABLE,1.0791168503801975e-16,1.1671942628602297e-16,1
B2_D1_Guyan,B2,1,Guyan,full-grid,566,8,29,49,1.0102508320548191,1.0050625406197189,-0.102254746151415,0,0,1,UNSTABLE,2.3239073552849488e-16,1.1671942628602297e-16,1
B2_D1_Guyan,B2,1,Guyan,full-grid,567,8,30,50,1.0098179429143093,1.0046542322185825,-0.10199093840620176,0,0,1,UNSTABLE,1.7212630075869361e-16,1.1671942628602297e-16,1
B2_D1_Guyan,B2,1,Guyan,full-grid,568,8,31,51,1.009365486006482,1.0042229182883671,-0.10175959279349217,0,0,1,UNSTABLE,8.600302525308295e-17,1.1671942628602299e-16,1
B2_D1_Guyan,B2,1,Guyan,full-grid,569,8,32,52,1.0088946606792339,1.0037696666510367,-0.1015622600099734,0,0,1,UNSTABLE,1.5198211714308501e-16,1.1671942628602299e-16,1
B2_D1_Guyan,B2,1,Guyan,full-grid,570,8,33,53,1.0084066045075963,1.0032954534294434,-0.10140075513696768,0,0,1,UNSTABLE,1.1254454580564473e-16,1.1671942628602297e-16,1
B2_D1_Guyan,B2,1,Guyan,full-grid,571,8,34,54,1.0079024449533072,1.00280120647842,-0.10127723746370557,0,0,1,UNSTABLE,7.0060802878627327e-17,1.1671942628602299e-16,1
B2_D1_Guyan,B2,1,Guyan,full-grid,572,8,35,55,1.0073833697060364,1.0022878659716417,-0.10119430461395171,0,0,1,UNSTABLE,1.9941517956075253e-16,1.1671942628602297e-16,1
B2_D1_Guyan,B2,1,Guyan,full-grid,573,8,36,56,1.0068507253842718,1.00175647139279,-0.1011551048118724,0,0,1,UNSTABLE,2.6449109868491216e-16,1.1671942628602297e-16,1
B2_D1_Guyan,B2,1,Guyan,full-grid,574,8,37,57,1.0063061594302296,1.0012082893647292,-0.10116347075190373,0,0,1,UNSTABLE,1.3610614340388103e-16,1.1671942628602299e-16,1
B2_D1_Guyan,B2,1,Guyan,full-grid,575,8,38,58,1.0057518278972082,1.0006450048075468,-0.10122407654446516,0,0,1,UNSTABLE,1.4237293905837231e-16,1.1671942628602297e-16,1
B2_D1_Guyan,B2,1,Guyan,full-grid,576,8,39,59,1.0051907035586678,1.0000690102348497,-0.10134261338971656,0,0,1,UNSTABLE,1.8931146622553658e-16,1.1671942628602299e-16,1
B2_D1_Guyan,B2,1,Guyan,full-grid,577,8,40,60,1.004627035310987,0.99948384601596163,-0.10152596530387818,0,0,1,UNSTABLE,1.9685519277917189e-16,1.1671942628602299e-16,1
B2_D1_Guyan,B2,1,Guyan,full-grid,578,8,41,61,1.0040670301030967,0.99889486807078098,-0.10178233383996414,0,0,1,UNSTABLE,1.9856783432887031e-16,1.1671942628602299e-16,1
B2_D1_Guyan,B2,1,Guyan,full-grid,579,8,42,62,1.0035198437884902,0.99831024184113348,-0.10212119227845722,0,0,1,UNSTABLE,1.8111231055854315e-16,1.1671942628602297e-16,1
B2_D1_Guyan,B2,1,Guyan,full-grid,580,8,43,63,1.0029989456548147,0.99774235391854171,-0.10255281654716833,0,0,1,UNSTABLE,2.0917491165134288e-16,1.1671942628602297e-16,1
B2_D1_Guyan,B2,1,Guyan,full-grid,581,8,44,64,1.0025237758644157,0.99720961122237295,-0.10308691701263184,0,0,1,UNSTABLE,2.211858720908643e-16,1.1671942628602297e-16,1
B2_D1_Guyan,B2,1,Guyan,full-grid,582,8,45,65,1.0021211642085439,0.99673817497397454,-0.10372964043241494,0,0,1,UNSTABLE,3.0614781324507745e-16,1.1671942628602297e-16,1
B2_D1_Guyan,B2,1,Guyan,full-grid,583,8,46,66,1.0018250251314977,0.99636221624525656,-0.10447829927102831,0,0,1,UNSTABLE,3.2920315040771239e-16,1.1671942628602297e-16,1
B2_D1_Guyan,B2,1,Guyan,full-grid,584,8,47,67,1.0016717589584927,0.99612004988553082,-0.10531457121903079,0,0,1,UNSTABLE,3.8791646549008595e-16,1.1671942628602299e-16,1
B2_D1_Guyan,B2,1,Guyan,full-grid,585,8,48,68,1.0016896733584748,0.99604402841671058,-0.10620025973800289,0,0,1,UNSTABLE,2.3276969575192934e-16,1.1671942628602299e-16,1
B2_D1_Guyan,B2,1,Guyan,full-grid,586,8,49,69,1.0018862099711145,0.99614729262970858,-0.10708197381812669,0,0,1,UNSTABLE,3.0952555022580629e-16,1.1671942628602297e-16,1
B2_D1_Guyan,B2,1,Guyan,full-grid,587,8,50,70,1.0022426525726007,0.99641693463524372,-0.10790563937008797,0,0,1,UNSTABLE,1.9556037690436266e-16,1.1671942628602299e-16,1
B2_D1_Guyan,B2,1,Guyan,full-grid,588,8,51,71,1.0027215292728848,0.99681977631250418,-0.10863148171520999,0,0,1,UNSTABLE,1.4542515020147119e-16,1.1671942628602297e-16,1
B2_D1_Guyan,B2,1,Guyan,full-grid,589,8,52,72,1.0032801560209317,0.99731527079727367,-0.10923974597162825,0,0,1,UNSTABLE,1.1130596625871732e-16,1.1671942628602297e-16,1
B2_D1_Guyan,B2,1,Guyan,full-grid,590,8,53,73,1.0038808455322628,0.99786605627673242,-0.10972732457000869,0,0,1,UNSTABLE,3.0248771405591309e-16,1.1671942628602299e-16,1
B2_D1_Guyan,B2,1,Guyan,full-grid,591,8,54,74,1.0044948374435212,0.99844258518614981,-0.11010123767462335,0,0,1,UNSTABLE,1.2898269897417914e-16,1.1671942628602297e-16,1
B2_D1_Guyan,B2,1,Guyan,full-grid,592,8,55,75,1.0051020596941267,0.99902348041055755,-0.11037316698252463,0,0,1,UNSTABLE,3.5784018466300205e-16,1.1671942628602299e-16,1
B2_D1_Guyan,B2,1,Guyan,full-grid,593,8,56,76,1.0056893330927545,0.99959411164991374,-0.11055607921489077,0,0,1,UNSTABLE,3.1420321778332045e-16,1.1671942628602299e-16,1
B2_D1_Guyan,B2,1,Guyan,full-grid,594,8,57,77,1.0062484507899989,1.0001448675444244,-0.11066249880523348,0,0,1,UNSTABLE,2.2032341183135469e-16,1.1671942628602299e-16,1
B2_D1_Guyan,B2,1,Guyan,full-grid,595,8,58,78,1.006774623630698,1.0006696844465151,-0.11070377327103935,0,0,1,UNSTABLE,1.7291437629175959e-16,1.1671942628602297e-16,1
B2_D1_Guyan,B2,1,Guyan,full-grid,596,8,59,79,1.0072653504674449,1.0011649423057549,-0.11068985748576683,0,0,1,UNSTABLE,3.3203675907485559e-16,1.1671942628602297e-16,1
B2_D1_Guyan,B2,1,Guyan,full-grid,597,8,60,80,1.0077196361256262,1.001628680586736,-0.11062934176446308,0,0,1,UNSTABLE,3.2349813205571203e-16,1.1671942628602297e-16,1
B2_D1_Guyan,B2,1,Guyan,full-grid,598,8,61,81,1.0081374617663508,1.0020600549659715,-0.11052958001501118,0,0,1,UNSTABLE,2.9608578880302266e-16,1.1671942628602297e-16,1
B2_D1_Guyan,B2,1,Guyan,full-grid,599,8,62,82,1.0085194294468638,1.0024589645226145,-0.11039684787200869,0,0,1,UNSTABLE,1.7509224169642382e-16,1.1671942628602297e-16,1
B2_D1_Guyan,B2,1,Guyan,full-grid,600,8,63,83,1.0088665243412516,1.0028257965523641,-0.11023649897159112,0,0,1,UNSTABLE,2.2967987462827616e-16,1.1671942628602299e-16,1
B2_D1_Guyan,B2,1,Guyan,full-grid,601,8,64,84,1.0091799558304313,1.0031612517464796,-0.11005310647295435,0,0,1,UNSTABLE,2.6723425628073139e-16,1.1671942628602299e-16,1
B2_D1_Guyan,B2,1,Guyan,full-grid,602,8,65,85,1.0094610514228344,1.0034662241987367,-0.10985058594302126,0,0,1,UNSTABLE,3.2049620081434414e-16,1.1671942628602297e-16,1
B2_D1_Guyan,B2,1,Guyan,full-grid,603,8,66,86,1.0097111861550627,1.0037417189166169,-0.10963229977054666,0,0,1,UNSTABLE,3.3720887148449094e-16,1.1671942628602299e-16,1
B2_D1_Guyan,B2,1,Guyan,full-grid,604,9,0,21,1.0068204963358069,1.0006738243951021,-0.11108289252788382,0,0,1,UNSTABLE,2.5750531895832202e-16,9.3446663334799891e-17,1
B2_D1_Guyan,B2,1,Guyan,full-grid,605,9,1,22,1.007529581365572,1.0013590148787916,-0.11133723836911256,0,0,1,UNSTABLE,1.8922211661590392e-16,1.1671942628602297e-16,1
B2_D1_Guyan,B2,1,Guyan,full-grid,606,9,2,23,1.0082540705395946,1.0020690855999068,-0.1115070331621644,0,0,1,UNSTABLE,1.2890703262428393e-16,1.1671942628602299e-16,1
B2_D1_Guyan,B2,1,Guyan,full-grid,607,9,3,24,1.0089810139839477,1.0027913864309896,-0.11158907598814979,0,0,1,UNSTABLE,3.053190324533389e-16,1.1671942628602297e-16,1
B2_D1_Guyan,B2,1,Guyan,full-grid,608,9,4,25,1.0096972609386901,1.0035127588829593,-0.11158271150229643,0,0,1,UNSTABLE,1.5360434831253714e-16,1.1671942628602299e-16,1
B2_D1_Guyan,B2,1,Guyan,full-grid,609,9,5,26,1.0103901486926905,1.0042202232591368,-0.1114898908987097,0,0,1,UNSTABLE,1.3526405166119075e-16,1.1671942628602297e-16,1
B2_D1_Guyan,B2,1,Guyan,full-grid,610,9,6,27,1.011048142749885,1.0049016454285704,-0.11131500335958007,0,0,1,UNSTABLE,3.0008313148115746e-16,1.1671942628602299e-16,1
B2_D1_Guyan,B2,1,Guyan,full-grid,611,9,7,28,1.0116613460015034,1.0055462963177562,-0.11106450808074265,0,0,1,UNSTABLE,3.5826939381630574e-16,1.1671942628602297e-16,1
B2_D1_Guyan,B2,1,Guyan,full-grid,612,9,8,29,1.0122218242402989,1.0061452427621429,-0.11074643080238492,0,0,1,UNSTABLE,2.0222003493092887e-16,1.1671942628602299e-16,1
B2_D1_Guyan,B2,1,Guyan,full-grid,613,9,9,30,1.0127237337503323,1.0066915452679779,-0.11036980378339366,0,0,1,UNSTABLE,2.357199249268596e-16,1.1671942628602297e-16,1
B2_D1_Guyan,B2,1,Guyan,full-grid,614,9,10,31,1.0131632714162435,1.0071802740013567,-0.10994412312359679,0,0,1,UNSTABLE,2.1691776716780613e-16,1.1671942628602299e-16,1
B2_D1_Guyan,B2,1,Guyan,full-grid,615,9,11,32,1.0135384902898197,1.0076083795468072,-0.10947887817302464,0,0,1,UNSTABLE,2.0853780420466068e-16,1.1671942628602297e-16,1
B2_D1_Guyan,B2,1,Guyan,full-grid,616,9,12,33,1.013849031576149,1.0079744662422176,-0.10898318325141673,0,0,1,UNSTABLE,2.5192332589055844e-16,1.1671942628602297e-16,1
B2_D1_Guyan,B2,1,Guyan,full-grid,617,9,13,34,1.0140958203451313,1.0082785150528455,-0.10846551951792666,0,0,1,UNSTABLE,2.6807987193115495e-16,1.1671942628602297e-16,1
B2_D1_Guyan,B2,1,Guyan,full-grid,618,9,14,35,1.0142807619159533,1.008521594503365,-0.10793357871022788,0,0,1,UNSTABLE,1.7142686486086523e-16,1.1671942628602299e-16,1
B2_D1_Guyan,B2,1,Guyan,full-grid,619,9,15,36,1.0144064634888419,1.0087055867822363,-0.10739419147348371,0,0,1,UNSTABLE,1.2944797114033745e-16,1.1671942628602299e-16,1
B2_D1_Guyan,B2,1,Guyan,full-grid,620,9,16,37,1.0144759943616422,1.0088329451187883,-0.10685331992500187,0,0,1,UNSTABLE,9.0624595057002231e-17,1.1671942628602299e-16,1
B2_D1_Guyan,B2,1,Guyan,full-grid,621,9,17,38,1.0144926894521682,1.0089064896708653,-0.10631609498051493,0,0,1,UNSTABLE,1.8271801498848591e-16,1.1671942628602297e-16,1
B2_D1_Guyan,B2,1,Guyan,full-grid,622,9,18,39,1.0144599951089897,1.0089292429526844,-0.10578688194409726,0,0,1,UNSTABLE,1.3679626801324797e-16,1.1671942628602299e-16,1
B2_D1_Guyan,B2,1,Guyan,full-grid,623,9,19,40,1.0143813529217309,1.0089043020387951,-0.10526936155849495,0,0,1,UNSTABLE,1.9288836606644147e-16,1.1671942628602297e-16,1
B2_D1_Guyan,B2,1,Guyan,full-grid,624,9,20,41,1.0142601157895768,1.0088347428509414,-0.10476661728986129,0,0,1,UNSTABLE,2.4409678364753727e-16,1.1671942628602299e-16,1
B2_D1_Guyan,B2,1,Guyan,full-grid,625,9,21,42,1.0140994902424632,1.0087235511816206,-0.10428122267006713,0,0,1,UNSTABLE,2.4349626858779298e-16,1.1671942628602297e-16,1
B2_D1_Guyan,B2,1,Guyan,full-grid,626,9,22,43,1.0139024994312382,1.0085735752367482,-0.10381532491436635,0,0,1,UNSTABLE,2.3619854281149044e-16,1.1671942628602299e-16,1
B2_D1_Guyan,B2,1,Guyan,full-grid,627,9,23,44,1.013671961957207,1.0083874950263909,-0.10337072280183632,0,0,1,UNSTABLE,1.7442041448548355e-16,1.1671942628602297e-16,1
B2_D1_Guyan,B2,1,Guyan,full-grid,628,9,24,45,1.0134104825748775,1.0081678046569849,-0.10294893805067558,0,0,1,UNSTABLE,8.5878300612998307e-17,1.1671942628602299e-16,1
B2_D1_Guyan,B2,1,Guyan,full-grid,629,9,25,46,1.0131204516488879,1.0079168043376185,-0.1025512802606057,0,0,1,UNSTABLE,1.2671385827078173e-16,1.1671942628602297e-16,1
B2_D1_Guyan,B2,1,Guyan,full-grid,630,9,26,47,1.0128040510177481,1.0076365996320902,-0.10217890604151271,0,0,1,UNSTABLE,2.8324216625592543e-16,1.1671942628602299e-16,1
B2_D1_Guyan,B2,1,Guyan,full-grid,631,9,27,48,1.0124632645959744,1.0073291061380101,-0.10183287329510018,0,0,1,UNSTABLE,2.2919121090140884e-16,1.1671942628602297e-16,1
B2_D1_Guyan,B2,1,Guyan,full-grid,632,9,28,49,1.0120998926413269,1.0069960583537174,-0.1015141918386894,0,0,1,UNSTABLE,2.6715651747501995e-16,1.1671942628602297e-16,1
B2_D1_Guyan,B2,1,Guyan,full-grid,633,9,29,50,1.0117155691493294,1.0066390220206287,-0.10122387171267262,0,0,1,UNSTABLE,2.1187494991956109e-16,1.1671942628602297e-16,1
B2_D1_Guyan,B2,1,Guyan,full-grid,634,9,30,51,1.011311782348626,1.0062594097335309,-0.10096297063716343,0,0,1,UNSTABLE,1.8248257962058213e-16,1.1671942628602299e-16,1
B2_D1_Guyan,B2,1,Guyan,full-grid,635,9,31,52,1.0108898988036052,1.0058585001367477,-0.10073264220606754,0,0,1,UNSTABLE,1.3879088074921068e-16,1.1671942628602299e-16,1
B2_D1_Guyan,B2,1,Guyan,full-grid,636,9,32,53,1.010451192245394,1.0054374616282959,-0.10053418654660272,0,0,1,UNSTABLE,1.762805844518386e-16,1.1671942628602299e-16,1
B2_D1_Guyan,B2,1,Guyan,full-grid,637,9,33,54,1.0099968790286615,1.0049973822566352,-0.10036910533101087,0,0,1,UNSTABLE,1.6684691919922468e-16,1.1671942628602297e-16,1
B2_D1_Guyan,B2,1,Guyan,full-grid,638,9,34,55,1.0095281631622857,1.0045393085296088,-0.100239163188218,0,0,1,UNSTABLE,1.2660118408152093e-16,1.1671942628602299e-16,1
B2_D1_Guyan,B2,1,Guyan,full-grid,639,9,35,56,1.0090462953477268,1.0040642973295819,-0.10014645766588375,0,0,1,UNSTABLE,2.3084517243069904e-16,1.1671942628602297e-16,1
B2_D1_Guyan,B2,1,Guyan,full-grid,640,9,36,57,1.0085526526108599,1.0035734872873379,-0.10009349980060324,0,0,1,UNSTABLE,1.1107371182596724e-16,1.1671942628602299e-16,1
B2_D1_Guyan,B2,1,Guyan,full-grid,641,9,37,58,1.0080488482555305,1.0030681991648862,-0.10008330676698204,0,0,1,UNSTABLE,2.9346486528688184e-16,1.1671942628602297e-16,1
B2_D1_Guyan,B2,1,Guyan,full-grid,642,9,38,59,1.0075368864251415,1.0025500795222533,-0.10011950637709015,0,0,1,UNSTABLE,1.6665863507833372e-16,1.1671942628602299e-16,1
B2_D1_Guyan,B2,1,Guyan,full-grid,643,9,39,60,1.0070193819966575,1.0020213087879193,-0.10020644915311239,0,0,1,UNSTABLE,1.270911316884114e-16,1.1671942628602297e-16,1
B2_D1_Guyan,B2,1,Guyan,full-grid,644,9,40,61,1.0064998750704497,1.0014849042907077,-0.10034931486892773,0,0,1,UNSTABLE,2.3989913337865336e-16,1.1671942628602299e-16,1
B2_D1_Guyan,B2,1,Guyan,full-grid,645,9,41,62,1.0059832790439558,1.0009451604059281,-0.10055418228984822,0,0,1,UNSTABLE,2.6380119298638624e-16,1.1671942628602297e-16,1
B2_D1_Guyan,B2,1,Guyan,full-grid,646,9,42,63,1.0054765076921444,1.0004082780923094,-0.10082799534440427,0,0,1,UNSTABLE,3.4064107614390635e-16,1.1671942628602299e-16,1
B2_D1_Guyan,B2,1,Guyan,full-grid,647,9,43,64,1.0049893159872998,0.99988323219916064,-0.10117829419188587,0,0,1,UNSTABLE,1.8608929985205935e-16,1.1671942628602297e-16,1
B2_D1_Guyan,B2,1,Guyan,full-grid,648,9,44,65,1.0045353268081969,0.99938287346962196,-0.10161247473244836,0,0,1,UNSTABLE,9.0199909997112419e-17,1.1671942628602297e-16,1
B2_D1_Guyan,B2,1,Guyan,full-grid,649,9,45,66,1.0041330306904743,0.9989250912032257,-0.10213621046555554,0,0,1,UNSTABLE,1.9240630916921696e-16,1.1671942628602297e-16,1
B2_D1_Guyan,B2,1,Guyan,full-grid,650,9,46,67,1.0038061445628603,0.9985334664539931,-0.10275063130475814,0,0,1,UNSTABLE,1.2625878226381088e-16,1.1671942628602299e-16,1
B2_D1_Guyan,B2,1,Guyan,full-grid,651,9,47,68,1.0035821269942198,0.99823621847227784,-0.10344823706767055,0,0,1,UNSTABLE,1.8082427116443933e-16,1.1671942628602299e-16,1
B2_D1_Guyan,B2,1,Guyan,full-grid,652,9,48,69,1.0034874317910183,0.99806189801139822,-0.10420879761526355,0,0,1,UNSTABLE,1.421137021469122e-16,1.1671942628602299e-16,1
B2_D1_Guyan,B2,1,Guyan,full-grid,653,9,49,70,1.0035395484295826,0.99803154860841858,-0.10499834877050226,0,0,1,UNSTABLE,1.6430814995331873e-16,1.1671942628602297e-16,1
B2_D1_Guyan,B2,1,Guyan,full-grid,654,9,50,71,1.0037393992500767,0.99815056902947263,-0.10577439743645395,0,0,1,UNSTABLE,2.1203419051517819e-16,1.1671942628602299e-16,1
B2_D1_Guyan,B2,1,Guyan,full-grid,655,9,51,72,1.0040696279448489,0.9984059190162724,-0.10649619070454849,0,0,1,UNSTABLE,1.2838075734963038e-16,1.1671942628602297e-16,1
B2_D1_Guyan,B2,1,Guyan,full-grid,656,9,52,73,1.0045004187532116,0.99877094313520765,-0.10713400218504639,0,0,1,UNSTABLE,3.036017300616394e-16,1.1671942628602299e-16,1
B2_D1_Guyan,B2,1,Guyan,full-grid,657,9,53,74,1.0049984536011667,0.99921395648982614,-0.10767247046800932,0,0,1,UNSTABLE,1.1755410598702285e-16,1.1671942628602297e-16,1
B2_D1_Guyan,B2,1,Guyan,full-grid,658,9,54,75,1.0055337402253288,0.99970529120275009,-0.10810843386509579,0,0,1,UNSTABLE,2.2169262674105039e-16,1.1671942628602299e-16,1
B2_D1_Guyan,B2,1,Guyan,full-grid,659,9,55,76,1.006082585148006,1.0002207226244852,-0.10844664204412705,0,0,1,UNSTABLE,1.7172799203795684e-16,1.1671942628602297e-16,1
B2_D1_Guyan,B2,1,Guyan,full-grid,660,9,56,77,1.0066277761260085,1.0007420651593784,-0.10869590005577984,0,0,1,UNSTABLE,2.0332106994492489e-16,1.1671942628602299e-16,1
B2_D1_Guyan,B2,1,Guyan,full-grid,661,9,57,78,1.0071575220217766,1.0012563932160012,-0.10886647422016266,0,0,1,UNSTABLE,2.1509035371085679e-16,1.1671942628602297e-16,1
B2_D1_Guyan,B2,1,Guyan,full-grid,662,9,58,79,1.0076641339653301,1.0017548828475937,-0.10896862654499528,0,0,1,UNSTABLE,1.8987889834958556e-16,1.1671942628602299e-16,1
B2_D1_Guyan,B2,1,Guyan,full-grid,663,9,59,80,1.0081428653638751,1.0022317307685651,-0.10901190221590945,0,0,1,UNSTABLE,2.1678961834801365e-16,1.1671942628602297e-16,1
B2_D1_Guyan,B2,1,Guyan,full-grid,664,9,60,81,1.0085910163904017,1.002683290335566,-0.10900485138408654,0,0,1,UNSTABLE,1.8317947662098047e-16,1.1671942628602297e-16,1
B2_D1_Guyan,B2,1,Guyan,full-grid,665,9,61,82,1.0090072836563913,1.00310742757279,-0.10895497794937704,0,0,1,UNSTABLE,2.2492105524947068e-16,1.1671942628602297e-16,1
B2_D1_Guyan,B2,1,Guyan,full-grid,666,9,62,83,1.0093913020391245,1.0035030572417059,-0.10886879598300399,0,0,1,UNSTABLE,2.4982291911734023e-16,1.1671942628602299e-16,1
B2_D1_Guyan,B2,1,Guyan,full-grid,667,9,63,84,1.0097433266550002,1.0038698140080649,-0.10875192985745016,0,0,1,UNSTABLE,1.6676643688397428e-16,1.1671942628602299e-16,1
B2_D1_Guyan,B2,1,Guyan,full-grid,668,9,64,85,1.0100640136451988,1.0042078209908705,-0.10860922576750225,0,0,1,UNSTABLE,3.2375042727026557e-16,1.1671942628602299e-16,1
B2_D1_Guyan,B2,1,Guyan,full-grid,669,9,65,86,1.0103542695548102,1.0045175272125957,-0.10844485940018699,0,0,1,UNSTABLE,3.4521401650784595e-16,1.1671942628602297e-16,1
B2_D1_Guyan,B2,1,Guyan,full-grid,670,9,66,87,1.0106151480408736,1.0047995934351581,-0.10826243338396563,0,0,1,UNSTABLE,3.2993761541819639e-16,1.1671942628602299e-16,1
B2_D1_Guyan,B2,1,Guyan,full-grid,671,10,0,22,1.0078326676170386,1.0018526888075803,-0.10962607283442226,0,0,1,UNSTABLE,1.659729777103534e-16,9.3446663334799891e-17,1
B2_D1_Guyan,B2,1,Guyan,full-grid,672,10,1,23,1.0085349471281797,1.0025312881881743,-0.10988064334813401,0,0,1,UNSTABLE,2.1785405558278267e-16,1.1671942628602297e-16,1
B2_D1_Guyan,B2,1,Guyan,full-grid,673,10,2,24,1.009251944061587,1.0032337665835049,-0.11005224295200128,0,0,1,UNSTABLE,1.9312931334958302e-16,1.1671942628602297e-16,1
B2_D1_Guyan,B2,1,Guyan,full-grid,674,10,3,25,1.0099710831578614,1.0039478203254899,-0.11013792661368713,0,0,1,UNSTABLE,1.9780749412828591e-16,1.1671942628602299e-16,1
B2_D1_Guyan,B2,1,Guyan,full-grid,675,10,4,26,1.0106796372299347,1.0046607017204332,-0.1101372032050896,0,0,1,UNSTABLE,2.4257272672108887e-16,1.1671942628602297e-16,1
B2_D1_Guyan,B2,1,Guyan,full-grid,676,10,5,27,1.0113653817441344,1.0053598735774663,-0.11005207853902561,0,0,1,UNSTABLE,1.1016108826827218e-16,1.1671942628602299e-16,1
B2_D1_Guyan,B2,1,Guyan,full-grid,677,10,6,28,1.0120171982419039,1.0060336387931672,-0.10988688344826258,0,0,1,UNSTABLE,2.496902681001195e-16,1.1671942628602299e-16,1
B2_D1_Guyan,B2,1,Guyan,full-grid,678,10,7,29,1.0126255515258016,1.0066716653742842,-0.10964791715075438,0,0,1,UNSTABLE,1.0672934644149412e-16,1.1671942628602299e-16,1
B2_D1_Guyan,B2,1,Guyan,full-grid,679,10,8,30,1.0131827933004183,1.0072653515143193,-0.10934296629766871,0,0,1,UNSTABLE,1.0805508506122522e-16,1.1671942628602297e-16,1
B2_D1_Guyan,B2,1,Guyan,full-grid,680,10,9,31,1.0136832801663571,1.0078080092937687,-0.10898077303889996,0,0,1,UNSTABLE,1.8373729332807989e-16,1.1671942628602297e-16,1
B2_D1_Guyan,B2,1,Guyan,full-grid,681,10,10,32,1.0141233254336055,1.0082948781448302,-0.10857052037922904,0,0,1,UNSTABLE,1.3988912792496539e-16,1.1671942628602297e-16,1
B2_D1_Guyan,B2,1,Guyan,full-grid,682,10,11,33,1.0145010246704285,1.0087230021538034,-0.10812138541087533,0,0,1,UNSTABLE,1.0674303539371663e-16,1.1671942628602297e-16,1
B2_D1_Guyan,B2,1,Guyan,full-grid,683,10,12,34,1.0148160022729218,1.0090910155767436,-0.10764218852982664,0,0,1,UNSTABLE,1.707548055854256e-16,1.1671942628602297e-16,1
B2_D1_Guyan,B2,1,Guyan,full-grid,684,10,13,35,1.0150691231018039,1.0093988802616738,-0.10714114616310788,0,0,1,UNSTABLE,1.854242638588336e-16,1.1671942628602299e-16,1
B2_D1_Guyan,B2,1,Guyan,full-grid,685,10,14,36,1.0152622038244394,1.0096476110189019,-0.10662571959092289,0,0,1,UNSTABLE,2.3478627243225302e-16,1.1671942628602299e-16,1
B2_D1_Guyan,B2,1,Guyan,full-grid,686,10,15,37,1.0153977472445699,1.0098390145318867,-0.10610254397805485,0,0,1,UNSTABLE,2.3022248087584585e-16,1.1671942628602297e-16,1
B2_D1_Guyan,B2,1,Guyan,full-grid,687,10,16,38,1.0154787124866909,1.0099754572134776,-0.10557741870330933,0,0,1,UNSTABLE,3.0587028396285836e-16,1.1671942628602299e-16,1
B2_D1_Guyan,B2,1,Guyan,full-grid,688,10,17,39,1.0155083258270889,1.0100596691314925,-0.10505534074056694,0,0,1,UNSTABLE,7.6688761438584874e-17,1.1671942628602297e-16,1
B2_D1_Guyan,B2,1,Guyan,full-grid,689,10,18,40,1.0154899315139134,1.010094585258966,-0.10454056550760667,0,0,1,UNSTABLE,3.1305989314853682e-16,1.1671942628602297e-16,1
B2_D1_Guyan,B2,1,Guyan,full-grid,690,10,19,41,1.01542687875311,1.010083221664112,-0.10403668298697226,0,0,1,UNSTABLE,1.3016463616987974e-16,1.1671942628602299e-16,1
B2_D1_Guyan,B2,1,Guyan,full-grid,691,10,20,42,1.0153224395794596,1.0100285823585029,-0.10354670024901129,0,0,1,UNSTABLE,1.0359589538235367e-16,1.1671942628602297e-16,1
B2_D1_Guyan,B2,1,Guyan,full-grid,692,10,21,43,1.0151797520066823,1.0099335918351553,-0.10307312436950351,0,0,1,UNSTABLE,1.5891203289533035e-16,1.1671942628602299e-16,1
B2_D1_Guyan,B2,1,Guyan,full-grid,693,10,22,44,1.0150017831912181,1.0098010483936362,-0.10261804200268983,0,0,1,UNSTABLE,1.1646079198015484e-16,1.1671942628602299e-16,1
B2_D1_Guyan,B2,1,Guyan,full-grid,694,10,23,45,1.0147913080175048,1.0096335938261185,-0.10218319355762313,0,0,1,UNSTABLE,1.1337985720446872e-16,1.1671942628602299e-16,1
B2_D1_Guyan,B2,1,Guyan,full-grid,695,10,24,46,1.0145508993039209,1.009433695697084,-0.10177004112076102,0,0,1,UNSTABLE,1.4315260764679281e-16,1.1671942628602297e-16,1
B2_D1_Guyan,B2,1,Guyan,full-grid,696,10,25,47,1.0142829266149418,1.0092036391514041,-0.10137983007548253,0,0,1,UNSTABLE,2.0281229401353776e-16,1.1671942628602297e-16,1
B2_D1_Guyan,B2,1,Guyan,full-grid,697,10,26,48,1.0139895613854299,1.0089455258554874,-0.10101364489419699,0,0,1,UNSTABLE,1.5053836680247933e-16,1.1671942628602297e-16,1
B2_D1_Guyan,B2,1,Guyan,full-grid,698,10,27,49,1.0136727866965209,1.0086612782820819,-0.10067245990561152,0,0,1,UNSTABLE,1.8833970431141988e-16,1.1671942628602297e-16,1
B2_D1_Guyan,B2,1,Guyan,full-grid,699,10,28,50,1.0133344105935409,1.0083526480866367,-0.10035718603879905,0,0,1,UNSTABLE,2.0552056494348037e-16,1.1671942628602297e-16,1
B2_D1_Guyan,B2,1,Guyan,full-grid,700,10,29,51,1.012976082321944,1.0080212278029208,-0.10006871466650125,0,0,1,UNSTABLE,1.5190668843755716e-16,1.1671942628602299e-16,1
B2_D1_Guyan,B2,1,Guyan,full-grid,701,10,30,52,1.0125993113051448,1.0076684655312551,-0.099807959750410916,0,0,1,UNSTABLE,2.4166403398702167e-16,1.1671942628602299e-16,1
B2_D1_Guyan,B2,1,Guyan,full-grid,702,10,31,53,1.012205489132417,1.0072956827355011,-0.099575899555144953,0,0,1,UNSTABLE,1.523812302806492e-16,1.1671942628602297e-16,1
B2_D1_Guyan,B2,1,Guyan,full-grid,703,10,32,54,1.011795915308022,1.0069040957456172,-0.099373619259332344,0,0,1,UNSTABLE,1.9852386497991791e-16,1.1671942628602299e-16,1
B2_D1_Guyan,B2,1,Guyan,full-grid,704,10,33,55,1.0113718280888939,1.006494842135321,-0.09920235585340928,0,0,1,UNSTABLE,1.7608168714343614e-16,1.1671942628602297e-16,1
B2_D1_Guyan,B2,1,Guyan,full-grid,705,10,34,56,1.0109344424782598,1.0060690138813357,-0.099063546759981816,0,0,1,UNSTABLE,1.8731279466897298e-16,1.1671942628602297e-16,1
B2_D1_Guyan,B2,1,Guyan,full-grid,706,10,35,57,1.0104849984438853,1.0056277002133478,-0.098958883601988207,0,0,1,UNSTABLE,2.5540085657788793e-16,1.1671942628602299e-16,1
B2_D1_Guyan,B2,1,Guyan,full-grid,707,10,36,58,1.010024823822848,1.0051720444720296,-0.098890372384247097,0,0,1,UNSTABLE,1.2401433767506276e-16,1.1671942628602297e-16,1
B2_D1_Guyan,B2,1,Guyan,full-grid,708,10,37,59,1.0095554183366939,1.0047033213018244,-0.098860400859294206,0,0,1,UNSTABLE,3.1385209583382793e-16,1.1671942628602299e-16,1
B2_D1_Guyan,B2,1,Guyan,full-grid,709,10,38,60,1.0090785678860106,1.0042230433665869,-0.09887181265877612,0,0,1,UNSTABLE,2.2123547991661715e-16,1.1671942628602299e-16,1
B2_D1_Guyan,B2,1,Guyan,full-grid,710,10,39,61,1.0085965020415237,1.0037331107793848,-0.098927985199015717,0,0,1,UNSTABLE,1.9891045808835547e-16,1.1671942628602299e-16,1
B2_D1_Guyan,B2,1,Guyan,full-grid,711,10,40,62,1.0081121124703223,1.0032360217836085,-0.099032903144231729,0,0,1,UNSTABLE,1.5932125987190544e-16,1.1671942628602297e-16,1
B2_D1_Guyan,B2,1,Guyan,full-grid,712,10,41,63,1.0076292554424675,1.0027351696586408,-0.09919120905200389,0,0,1,UNSTABLE,2.453699757412164e-16,1.1671942628602297e-16,1
B2_D1_Guyan,B2,1,Guyan,full-grid,713,10,42,64,1.0071531654588874,1.002235256653607,-0.099408193899374997,0,0,1,UNSTABLE,9.0670635213090533e-17,1.1671942628602297e-16,1
B2_D1_Guyan,B2,1,Guyan,full-grid,714,10,43,65,1.0066910033564134,1.0017428555094923,-0.099689656807668503,0,0,1,UNSTABLE,1.6033215240622201e-16,1.1671942628602297e-16,1
B2_D1_Guyan,B2,1,Guyan,full-grid,715,10,44,66,1.0062525363021457,1.0012671287894892,-0.10004150948558146,0,0,1,UNSTABLE,1.8527282927086066e-16,1.1671942628602297e-16,1
B2_D1_Guyan,B2,1,Guyan,full-grid,716,10,45,67,1.0058508688967465,1.0008206456905078,-0.10046892862957794,0,0,1,UNSTABLE,1.9491140616102609e-16,1.1671942628602299e-16,1
B2_D1_Guyan,B2,1,Guyan,full-grid,717,10,46,68,1.0055029676231213,1.0004200652544353,-0.10097480346707918,0,0,1,UNSTABLE,2.603574414992815e-16,1.1671942628602299e-16,1
B2_D1_Guyan,B2,1,Guyan,full-grid,718,10,47,69,1.0052294166639215,1.0000861434648578,-0.10155730291847997,0,0,1,UNSTABLE,1.3864347969994294e-16,1.1671942628602297e-16,1
B2_D1_Guyan,B2,1,Guyan,full-grid,719,10,48,70,1.005052533557689,0.99984216725063457,-0.10220682853060065,0,0,1,UNSTABLE,2.7056061695706011e-16,1.1671942628602299e-16,1
B2_D1_Guyan,B2,1,Guyan,full-grid,720,10,49,71,1.0049921441118761,0.99970998893976959,-0.10290358468309911,0,0,1,UNSTABLE,2.0892867679459904e-16,1.1671942628602297e-16,1
B2_D1_Guyan,B2,1,Guyan,full-grid,721,10,50,72,1.0050596614136784,0.99970407864946575,-0.1036179431015718,0,0,1,UNSTABLE,1.5301501491800671e-16,1.1671942628602297e-16,1
B2_D1_Guyan,B2,1,Guyan,full-grid,722,10,51,73,1.0052532747428065,0.99982623616453337,-0.10431511807115464,0,0,1,UNSTABLE,2.0544476796308575e-16,1.1671942628602299e-16,1
B2_D1_Guyan,B2,1,Guyan,full-grid,723,10,52,74,1.0055575696464665,1.0000644280281339,-0.10496268701814754,0,0,1,UNSTABLE,1.9555592481410637e-16,1.1671942628602297e-16,1
B2_D1_Guyan,B2,1,Guyan,full-grid,724,10,53,75,1.0059480384597137,1.0003966269442901,-0.10553693609079397,0,0,1,UNSTABLE,1.9727135329207571e-16,1.1671942628602299e-16,1
B2_D1_Guyan,B2,1,Guyan,full-grid,725,10,54,76,1.0063974847573185,1.0007969676928334,-0.10602512335614966,0,0,1,UNSTABLE,3.2175472653441422e-16,1.1671942628602299e-16,1
B2_D1_Guyan,B2,1,Guyan,full-grid,726,10,55,77,1.0068810116107809,1.0012408791558935,-0.1064240266550876,0,0,1,UNSTABLE,2.6592814683471381e-16,1.1671942628602299e-16,1
B2_D1_Guyan,B2,1,Guyan,full-grid,727,10,56,78,1.0073784142899589,1.0017077926187898,-0.10673690919332292,0,0,1,UNSTABLE,3.9210668770392481e-16,1.1671942628602297e-16,1
B2_D1_Guyan,B2,1,Guyan,full-grid,728,10,57,79,1.0078745538977631,1.0021818205409141,-0.10697062667814064,0,0,1,UNSTABLE,2.3011086891854999e-16,1.1671942628602297e-16,1
B2_D1_Guyan,B2,1,Guyan,full-grid,729,10,58,80,1.008358713544617,1.0026513340678425,-0.10713354970937407,0,0,1,UNSTABLE,3.5821694276464468e-16,1.1671942628602297e-16,1
B2_D1_Guyan,B2,1,Guyan,full-grid,730,10,59,81,1.0088236527745704,1.0031081531747361,-0.10723430156343243,0,0,1,UNSTABLE,2.3884970469121409e-16,1.1671942628602297e-16,1
B2_D1_Guyan,B2,1,Guyan,full-grid,731,10,60,82,1.0092647108586836,1.0035467228628649,-0.1072810869439066,0,0,1,UNSTABLE,2.6103584503793366e-16,1.1671942628602297e-16,1
B2_D1_Guyan,B2,1,Guyan,full-grid,732,10,61,83,1.0096790776345246,1.0039634174647203,-0.10728138797323494,0,0,1,UNSTABLE,1.964385629443977e-16,1.1671942628602299e-16,1
B2_D1_Guyan,B2,1,Guyan,full-grid,733,10,62,84,1.0100652421895124,1.0043560003247163,-0.10724186724920813,0,0,1,UNSTABLE,2.4586015910329317e-16,1.1671942628602299e-16,1
B2_D1_Guyan,B2,1,Guyan,full-grid,734,10,63,85,1.0104225913984577,1.0047232215320592,-0.10716837837074612,0,0,1,UNSTABLE,1.7724156491365245e-16,1.1671942628602297e-16,1
B2_D1_Guyan,B2,1,Guyan,full-grid,735,10,64,86,1.0107511233252455,1.005064524907969,-0.10706602670671883,0,0,1,UNSTABLE,2.7704232388653406e-16,1.1671942628602299e-16,1
B2_D1_Guyan,B2,1,Guyan,full-grid,736,10,65,87,1.0110512447293201,1.0053798368904023,-0.10693924930976251,0,0,1,UNSTABLE,2.471697020261697e-16,1.1671942628602297e-16,1
B2_D1_Guyan,B2,1,Guyan,full-grid,737,10,66,88,1.0113236287579037,1.0056694151727807,-0.10679189796090179,0,0,1,UNSTABLE,2.7169049695575657e-16,1.1671942628602297e-16,1
B2_D1_Guyan,B2,1,Guyan,full-grid,738,11,0,23,1.0086304915265916,1.0028207294844729,-0.10810204879373538,0,0,1,UNSTABLE,6.6480469370632113e-17,9.3446663334799891e-17,1
B2_D1_Guyan,B2,1,Guyan,full-grid,739,11,1,24,1.0093257531594544,1.0034923637523057,-0.10835844167257948,0,0,1,UNSTABLE,1.6137912182272604e-16,1.1671942628602297e-16,1
B2_D1_Guyan,B2,1,Guyan,full-grid,740,11,2,25,1.010035397660213,1.0041872216365015,-0.10853353596279812,0,0,1,UNSTABLE,1.554989514106195e-16,1.1671942628602299e-16,1
B2_D1_Guyan,B2,1,Guyan,full-grid,741,11,3,26,1.0107472327363134,1.0048933639618021,-0.10862456236804198,0,0,1,UNSTABLE,2.1140473058677669e-16,1.1671942628602297e-16,1
B2_D1_Guyan,B2,1,Guyan,full-grid,742,11,4,27,1.0114489403185625,1.0055984489722452,-0.10863111108774551,0,0,1,UNSTABLE,1.6532074216870581e-16,1.1671942628602299e-16,1
B2_D1_Guyan,B2,1,Guyan,full-grid,743,11,5,28,1.0121286984413218,1.0062903548910476,-0.10855516506262515,0,0,1,UNSTABLE,9.0869115630132893e-17,1.1671942628602297e-16,1
B2_D1_Guyan,B2,1,Guyan,full-grid,744,11,6,29,1.0127757525934526,1.006957776214676,-0.10840093155517067,0,0,1,UNSTABLE,1.6773834136477819e-16,1.1671942628602299e-16,1
B2_D1_Guyan,B2,1,Guyan,full-grid,745,11,7,30,1.0133808673240934,1.007590720256643,-0.10817450120629747,0,0,1,UNSTABLE,1.2158119825324835e-16,1.1671942628602297e-16,1
B2_D1_Guyan,B2,1,Guyan,full-grid,746,11,8,31,1.0139366146232514,1.0081808530282392,-0.10788339103361291,0,0,1,UNSTABLE,1.5556871262917034e-16,1.1671942628602299e-16,1
B2_D1_Guyan,B2,1,Guyan,full-grid,747,11,9,32,1.014437487911817,1.0087216747393259,-0.10753603950270586,0,0,1,UNSTABLE,1.2106593771487539e-16,1.1671942628602297e-16,1
B2_D1_Guyan,B2,1,Guyan,full-grid,748,11,10,33,1.0148798594751982,1.0092085351025575,-0.10714131716825251,0,0,1,UNSTABLE,1.6538287278562912e-16,1.1671942628602297e-16,1
B2_D1_Guyan,B2,1,Guyan,full-grid,749,11,11,34,1.0152618181420745,1.0096385198274154,-0.10670810024480994,0,0,1,UNSTABLE,2.6418489545518496e-16,1.1671942628602297e-16,1
B2_D1_Guyan,B2,1,Guyan,full-grid,750,11,12,35,1.0155829310977897,1.0100102494385443,-0.10624493383812375,0,0,1,UNSTABLE,1.3453863305775209e-16,1.1671942628602299e-16,1
B2_D1_Guyan,B2,1,Guyan,full-grid,751,11,13,36,1.0158439710564999,1.010323631229566,-0.10575979250614477,0,0,1,UNSTABLE,2.6242526594368494e-16,1.1671942628602299e-16,1
B2_D1_Guyan,B2,1,Guyan,full-grid,752,11,14,37,1.0160466415514735,1.0105795983327854,-0.10525993179541114,0,0,1,UNSTABLE,1.1781318975576687e-16,1.1671942628602299e-16,1
B2_D1_Guyan,B2,1,Guyan,full-grid,753,11,15,38,1.0161933226757962,1.010779860324484,-0.10475181627681523,0,0,1,UNSTABLE,2.3362351031626972e-16,1.1671942628602297e-16,1
B2_D1_Guyan,B2,1,Guyan,full-grid,754,11,16,39,1.0162868499012241,1.010926680324338,-0.10424110652984632,0,0,1,UNSTABLE,2.1958912721384556e-16,1.1671942628602299e-16,1
B2_D1_Guyan,B2,1,Guyan,full-grid,755,11,17,40,1.0163303309722576,1.0110226857532663,-0.10373268793601406,0,0,1,UNSTABLE,3.7752732236025672e-16,1.1671942628602297e-16,1
B2_D1_Guyan,B2,1,Guyan,full-grid,756,11,18,41,1.0163270006401761,1.0110707143115696,-0.10323072649046443,0,0,1,UNSTABLE,1.8938924722583166e-16,1.1671942628602299e-16,1
B2_D1_Guyan,B2,1,Guyan,full-grid,757,11,19,42,1.0162801098959229,1.0110736932020599,-0.10273873994173729,0,0,1,UNSTABLE,1.7079067274390535e-16,1.1671942628602297e-16,1
B2_D1_Guyan,B2,1,Guyan,full-grid,758,11,20,43,1.0161928448713478,1.0110345477284237,-0.10225967566594668,0,0,1,UNSTABLE,1.4658948502449507e-16,1.1671942628602299e-16,1
B2_D1_Guyan,B2,1,Guyan,full-grid,759,11,21,44,1.0160682701791166,1.0109561346618268,-0.10179598938268997,0,0,1,UNSTABLE,2.3285833763111308e-16,1.1671942628602297e-16,1
B2_D1_Guyan,B2,1,Guyan,full-grid,760,11,22,45,1.0159092917168828,1.0108411957641616,-0.1013497209802699,0,0,1,UNSTABLE,1.0006395217930287e-16,1.1671942628602299e-16,1
B2_D1_Guyan,B2,1,Guyan,full-grid,761,11,23,46,1.0157186345535658,1.010692327261052,-0.10092256534095401,0,0,1,UNSTABLE,2.7991714261438334e-16,1.1671942628602297e-16,1
B2_D1_Guyan,B2,1,Guyan,full-grid,762,11,24,47,1.0154988322377707,1.0105119616522442,-0.10051593721400248,0,0,1,UNSTABLE,1.7919201445260475e-16,1.1671942628602299e-16,1
B2_D1_Guyan,B2,1,Guyan,full-grid,763,11,25,48,1.0152522245974902,1.0103023588940201,-0.10013102997238893,0,0,1,UNSTABLE,8.8733062225082053e-17,1.1671942628602297e-16,1
B2_D1_Guyan,B2,1,Guyan,full-grid,764,11,26,49,1.014980961773829,1.0100656046125045,-0.099768868601899263,0,0,1,UNSTABLE,1.6458296047765061e-16,1.1671942628602297e-16,1
B2_D1_Guyan,B2,1,Guyan,full-grid,765,11,27,50,1.0146870128247114,1.009803613572833,-0.099430357589544924,0,0,1,UNSTABLE,2.1884181588306928e-16,1.1671942628602297e-16,1
B2_D1_Guyan,B2,1,Guyan,full-grid,766,11,28,51,1.014372177747344,1.0095181371289703,-0.099116324566352457,0,0,1,UNSTABLE,1.4712752084579057e-16,1.1671942628602299e-16,1
B2_D1_Guyan,B2,1,Guyan,full-grid,767,11,29,52,1.0140381022128668,1.0092107738190212,-0.098827560665458947,0,0,1,UNSTABLE,1.3706626779896762e-16,1.1671942628602299e-16,1
B2_D1_Guyan,B2,1,Guyan,full-grid,768,11,30,53,1.0136862947045284,1.0088829826684167,-0.098564858615407827,0,0,1,UNSTABLE,1.908804735286531e-16,1.1671942628602299e-16,1
B2_D1_Guyan,B2,1,Guyan,full-grid,769,11,31,54,1.0133181461278513,1.0085360991418266,-0.098329049623052875,0,0,1,UNSTABLE,1.3983552643190564e-16,1.1671942628602297e-16,1
B2_D1_Guyan,B2,1,Guyan,full-grid,770,11,32,55,1.0129349523489841,1.0081713540738173,-0.098121040124962575,0,0,1,UNSTABLE,1.9136089752366677e-16,1.1671942628602299e-16,1
B2_D1_Guyan,B2,1,Guyan,full-grid,771,11,33,56,1.0125379405538641,1.0077898963458702,-0.097941849503879352,0,0,1,UNSTABLE,1.8046258733842522e-16,1.1671942628602297e-16,1
B2_D1_Guyan,B2,1,Guyan,full-grid,772,11,34,57,1.0121283008529192,1.0073928206111828,-0.097792649869315032,0,0,1,UNSTABLE,2.7057036370430076e-16,1.1671942628602299e-16,1
B2_D1_Guyan,B2,1,Guyan,full-grid,773,11,35,58,1.0117072252459272,1.0069812020632287,-0.097674808963767012,0,0,1,UNSTABLE,1.3591518432070335e-16,1.1671942628602297e-16,1
B2_D1_Guyan,B2,1,Guyan,full-grid,774,11,36,59,1.0112759569884815,1.0065561411843871,-0.097589937119384046,0,0,1,UNSTABLE,2.1934925376689155e-16,1.1671942628602299e-16,1
B2_D1_Guyan,B2,1,Guyan,full-grid,775,11,37,60,1.0108358546696385,1.0061188227121223,-0.097539938845949761,0,0,1,UNSTABLE,8.0726894701805462e-17,1.1671942628602297e-16,1
B2_D1_Guyan,B2,1,Guyan,full-grid,776,11,38,61,1.0103884770435552,1.0056705948669271,-0.097527068870112268,0,0,1,UNSTABLE,1.7738459332752749e-16,1.1671942628602299e-16,1
B2_D1_Guyan,B2,1,Guyan,full-grid,777,11,39,62,1.0099356969822484,1.0052130773626526,-0.097553990887741013,0,0,1,UNSTABLE,1.7181314744431295e-16,1.1671942628602297e-16,1
B2_D1_Guyan,B2,1,Guyan,full-grid,778,11,40,63,1.0094798558888682,1.0047483099917649,-0.097623834252205569,0,0,1,UNSTABLE,1.7783822708268037e-16,1.1671942628602299e-16,1
B2_D1_Guyan,B2,1,Guyan,full-grid,779,11,41,64,1.009023973329024,1.0042789575646909,-0.097740238108307939,0,0,1,UNSTABLE,1.8020685669094381e-16,1.1671942628602297e-16,1
B2_D1_Guyan,B2,1,Guyan,full-grid,780,11,42,65,1.0085720295814611,1.0038085909661112,-0.097907362116942565,0,0,1,UNSTABLE,2.7912190225775865e-16,1.1671942628602297e-16,1
B2_D1_Guyan,B2,1,Guyan,full-grid,781,11,43,66,1.0081293386180876,1.0033420657216154,-0.098129824905704016,0,0,1,UNSTABLE,1.4048294644066132e-16,1.1671942628602297e-16,1
B2_D1_Guyan,B2,1,Guyan,full-grid,782,11,44,67,1.0077030192775951,1.0028860127120183,-0.098412502090793413,0,0,1,UNSTABLE,2.8562103683827513e-16,1.1671942628602299e-16,1
B2_D1_Guyan,B2,1,Guyan,full-grid,783,11,45,68,1.007302539634773,1.0024494272762212,-0.098760073451975461,0,0,1,UNSTABLE,2.4144581713298298e-16,1.1671942628602299e-16,1
B2_D1_Guyan,B2,1,Guyan,full-grid,784,11,46,69,1.0069402303644608,1.0020442686400826,-0.099176162519001743,0,0,1,UNSTABLE,1.9524605632131627e-16,1.1671942628602299e-16,1
B2_D1_Guyan,B2,1,Guyan,full-grid,785,11,47,70,1.006631509899067,1.0016858300618465,-0.099661901321343213,0,0,1,UNSTABLE,1.5412433609094233e-16,1.1671942628602297e-16,1
B2_D1_Guyan,B2,1,Guyan,full-grid,786,11,48,71,1.0063943448136525,1.0013924085382324,-0.10021387825495345,0,0,1,UNSTABLE,2.3075355086808463e-16,1.1671942628602299e-16,1
B2_D1_Guyan,B2,1,Guyan,full-grid,787,11,49,72,1.0062473250774497,1.0011836178254812,-0.10082183604459657,0,0,1,UNSTABLE,2.5717468461959573e-16,1.1671942628602297e-16,1
B2_D1_Guyan,B2,1,Guyan,full-grid,788,11,50,73,1.006206035798364,1.0010769180741279,-0.10146718965392007,0,0,1,UNSTABLE,2.7660316074474713e-16,1.1671942628602299e-16,1
B2_D1_Guyan,B2,1,Guyan,full-grid,789,11,51,74,1.006278505686576,1.0010829827968464,-0.10212390788340164,0,0,1,UNSTABLE,3.0738287497574292e-16,1.1671942628602297e-16,1
B2_D1_Guyan,B2,1,Guyan,full-grid,790,11,52,75,1.0064618942415036,1.0012019809617803,-0.10276253149082523,0,0,1,UNSTABLE,2.1002909763115389e-16,1.1671942628602299e-16,1
B2_D1_Guyan,B2,1,Guyan,full-grid,791,11,53,76,1.006742591579155,1.0014230811353211,-0.10335597838999652,0,0,1,UNSTABLE,2.6171692340265345e-16,1.1671942628602297e-16,1
B2_D1_Guyan,B2,1,Guyan,full-grid,792,11,54,77,1.0070998024663798,1.0017275419038916,-0.10388428138562941,0,0,1,UNSTABLE,4.7597798343000238e-16,1.1671942628602299e-16,1
B2_D1_Guyan,B2,1,Guyan,full-grid,793,11,55,78,1.0075104546772551,1.0020934330830751,-0.10433631992621775,0,0,1,UNSTABLE,3.8987136018264143e-16,1.1671942628602297e-16,1
B2_D1_Guyan,B2,1,Guyan,full-grid,794,11,56,79,1.0079531168370213,1.0024996518648899,-0.10470880455931328,0,0,1,UNSTABLE,1.8430817491731028e-16,1.1671942628602299e-16,1
B2_D1_Guyan,B2,1,Guyan,full-grid,795,11,57,80,1.0084100250749322,1.0029281833604782,-0.10500398893792717,0,0,1,UNSTABLE,2.1010475331676063e-16,1.1671942628602297e-16,1
B2_D1_Guyan,B2,1,Guyan,full-grid,796,11,58,81,1.0088675472746507,1.0033648025839006,-0.10522737704485331,0,0,1,UNSTABLE,1.4105943491130903e-16,1.1671942628602297e-16,1
B2_D1_Guyan,B2,1,Guyan,full-grid,797,11,59,82,1.0093157857933301,1.0037988585334281,-0.10538599080804927,0,0,1,UNSTABLE,3.0397205380123978e-16,1.1671942628602297e-16,1
B2_D1_Guyan,B2,1,Guyan,full-grid,798,11,60,83,1.0097478695936293,1.0042226836314769,-0.1054872590831108,0,0,1,UNSTABLE,3.9086754185715535e-16,1.1671942628602299e-16,1
B2_D1_Guyan,B2,1,Guyan,full-grid,799,11,61,84,1.0101592349053388,1.0046309414221162,-0.10553838828526872,0,0,1,UNSTABLE,4.083632176197023e-16,1.1671942628602299e-16,1
B2_D1_Guyan,B2,1,Guyan,full-grid,800,11,62,85,1.01054701372629,1.0050200486855803,-0.10554605009736975,0,0,1,UNSTABLE,2.3214411211972305e-16,1.1671942628602299e-16,1
B2_D1_Guyan,B2,1,Guyan,full-grid,801,11,63,86,1.01090955570172,1.0053877108160021,-0.10551625822217017,0,0,1,UNSTABLE,2.5122733565656087e-16,1.1671942628602297e-16,1
B2_D1_Guyan,B2,1,Guyan,full-grid,802,11,64,87,1.0112460703965997,1.0057325663747965,-0.10545434948702043,0,0,1,UNSTABLE,3.6748352339391875e-16,1.1671942628602299e-16,1
B2_D1_Guyan,B2,1,Guyan,full-grid,803,11,65,88,1.0115563660181806,1.0060539223241758,-0.10536501795211095,0,0,1,UNSTABLE,2.1692774720909674e-16,1.1671942628602297e-16,1
B2_D1_Guyan,B2,1,Guyan,full-grid,804,11,66,89,1.011840661095468,1.0063515595971566,-0.1052523726216385,0,0,1,UNSTABLE,3.633054717992349e-16,1.1671942628602299e-16,1
B2_D1_Guyan,B2,1,Guyan,full-grid,805,12,0,24,1.0092280918826753,1.0035885425926399,-0.10654284876014312,0,0,1,UNSTABLE,1.8910716138201424e-16,9.3446663334799891e-17,1
B2_D1_Guyan,B2,1,Guyan,full-grid,806,12,1,25,1.0099164904435705,1.0042532206218948,-0.10680255867913613,0,0,1,UNSTABLE,1.1390128898785345e-16,1.1671942628602299e-16,1
B2_D1_Guyan,B2,1,Guyan,full-grid,807,12,2,26,1.0106192431915233,1.0049407771843784,-0.10698265775846486,0,0,1,UNSTABLE,2.4199967969343292e-16,1.1671942628602297e-16,1
B2_D1_Guyan,B2,1,Guyan,full-grid,808,12,3,27,1.0113245336747498,1.0056396385199986,-0.10708048304811284,0,0,1,UNSTABLE,1.1987600865714709e-16,1.1671942628602299e-16,1
B2_D1_Guyan,B2,1,Guyan,full-grid,809,12,4,28,1.0120204275592461,1.006337850837898,-0.10709563841800507,0,0,1,UNSTABLE,1.8433625304913617e-16,1.1671942628602299e-16,1
B2_D1_Guyan,B2,1,Guyan,full-grid,810,12,5,29,1.0126954644259192,1.0070236727955493,-0.10703002428380072,0,0,1,UNSTABLE,2.1399724785711763e-16,1.1671942628602299e-16,1
B2_D1_Guyan,B2,1,Guyan,full-grid,811,12,6,30,1.0133392017058194,1.007686142665859,-0.1068876774609171,0,0,1,UNSTABLE,1.6288146900166209e-16,1.1671942628602297e-16,1
B2_D1_Guyan,B2,1,Guyan,full-grid,812,12,7,31,1.013942646262846,1.0083155517812721,-0.10667444842384541,0,0,1,UNSTABLE,1.9407357594279729e-16,1.1671942628602297e-16,1
B2_D1_Guyan,B2,1,Guyan,full-grid,813,12,8,32,1.01449853279945,1.0089037766230728,-0.10639756843056972,0,0,1,UNSTABLE,2.7188440207149651e-16,1.1671942628602297e-16,1
B2_D1_Guyan,B2,1,Guyan,full-grid,814,12,9,33,1.0150014380085595,1.0094444506203317,-0.10606516992519313,0,0,1,UNSTABLE,1.8274010120472823e-16,1.1671942628602297e-16,1
B2_D1_Guyan,B2,1,Guyan,full-grid,815,12,10,34,1.0154477463035638,1.0099329844046345,-0.1056858196946755,0,0,1,UNSTABLE,1.163817939213277e-16,1.1671942628602297e-16,1
B2_D1_Guyan,B2,1,Guyan,full-grid,816,12,11,35,1.015835500861286,1.0103664631710054,-0.10526810965061363,0,0,1,UNSTABLE,2.5676403713768996e-16,1.1671942628602299e-16,1
B2_D1_Guyan,B2,1,Guyan,full-grid,817,12,12,36,1.016164180772015,1.0107434592737361,-0.1048203311358137,0,0,1,UNSTABLE,1.6281347373200119e-16,1.1671942628602299e-16,1
B2_D1_Guyan,B2,1,Guyan,full-grid,818,12,13,37,1.0164344430817809,1.0110637983392303,-0.10435024087570835,0,0,1,UNSTABLE,1.4349134668797656e-16,1.1671942628602297e-16,1
B2_D1_Guyan,B2,1,Guyan,full-grid,819,12,14,38,1.0166478609575449,1.0113283111612676,-0.10386491338873653,0,0,1,UNSTABLE,1.8354242030598446e-16,1.1671942628602299e-16,1
B2_D1_Guyan,B2,1,Guyan,full-grid,820,12,15,39,1.0168066796215391,1.0115385949016398,-0.1033706667647821,0,0,1,UNSTABLE,1.8395981324332026e-16,1.1671942628602297e-16,1
B2_D1_Guyan,B2,1,Guyan,full-grid,821,12,16,40,1.0169136026136816,1.0116967982968077,-0.10287304553052327,0,0,1,UNSTABLE,1.6111466916940354e-16,1.1671942628602297e-16,1
B2_D1_Guyan,B2,1,Guyan,full-grid,822,12,17,41,1.0169716136769156,1.0118054381864012,-0.10237684445739799,0,0,1,UNSTABLE,2.234348994370353e-16,1.1671942628602299e-16,1
B2_D1_Guyan,B2,1,Guyan,full-grid,823,12,18,42,1.0169838344899838,1.0118672492848602,-0.10188615921037271,0,0,1,UNSTABLE,2.317180562860469e-16,1.1671942628602297e-16,1
B2_D1_Guyan,B2,1,Guyan,full-grid,824,12,19,43,1.0169534153919539,1.0118850656458072,-0.1014044525666427,0,0,1,UNSTABLE,1.0877867238440045e-16,1.1671942628602299e-16,1
B2_D1_Guyan,B2,1,Guyan,full-grid,825,12,20,44,1.0168834547032135,1.0118617303541517,-0.10093462782338065,0,0,1,UNSTABLE,1.9215184575211593e-16,1.1671942628602299e-16,1
B2_D1_Guyan,B2,1,Guyan,full-grid,826,12,21,45,1.0167769417668515,1.0118000291826803,-0.10047910357222764,0,0,1,UNSTABLE,3.27321736996614e-16,1.1671942628602299e-16,1
B2_D1_Guyan,B2,1,Guyan,full-grid,827,12,22,46,1.0166367190021237,1.0117026438706369,-0.10003988608833203,0,0,1,UNSTABLE,2.1490860914887608e-16,1.1671942628602297e-16,1
B2_D1_Guyan,B2,1,Guyan,full-grid,828,12,23,47,1.0164654587755322,1.0115721210153514,-0.099618637153177481,0,0,1,UNSTABLE,1.2913283181536495e-16,1.1671942628602297e-16,1
B2_D1_Guyan,B2,1,Guyan,full-grid,829,12,24,48,1.016265651550907,1.0114108530997279,-0.099216736260925406,0,0,1,UNSTABLE,1.7358210972665148e-16,1.1671942628602297e-16,1
B2_D1_Guyan,B2,1,Guyan,full-grid,830,12,25,49,1.0160396024566707,1.0112210687744385,-0.098835336934680135,0,0,1,UNSTABLE,2.1129495262825589e-16,1.1671942628602297e-16,1
B2_D1_Guyan,B2,1,Guyan,full-grid,831,12,26,50,1.0157894340394034,1.0110048300954966,-0.098475417387626801,0,0,1,UNSTABLE,1.5913243201031091e-16,1.1671942628602297e-16,1
B2_D1_Guyan,B2,1,Guyan,full-grid,832,12,27,51,1.0155170935315094,1.0107640349492133,-0.098137826080824261,0,0,1,UNSTABLE,2.1851297585650852e-16,1.1671942628602299e-16,1
B2_D1_Guyan,B2,1,Guyan,full-grid,833,12,28,52,1.0152243634416751,1.0105004233642623,-0.097823322915350425,0,0,1,UNSTABLE,2.8285495887793016e-16,1.1671942628602299e-16,1
B2_D1_Guyan,B2,1,Guyan,full-grid,834,12,29,53,1.0149128746891456,1.0102155868184333,-0.097532616897495983,0,0,1,UNSTABLE,2.4270713065406299e-16,1.1671942628602297e-16,1
B2_D1_Guyan,B2,1,Guyan,full-grid,835,12,30,54,1.014584121862852,1.0099109800078845,-0.09726640116571067,0,0,1,UNSTABLE,2.1412716359334922e-16,1.1671942628602299e-16,1
B2_D1_Guyan,B2,1,Guyan,full-grid,836,12,31,55,1.0142394805145603,1.009587934877247,-0.097025386290087584,0,0,1,UNSTABLE,3.7999162900151005e-16,1.1671942628602297e-16,1
B2_D1_Guyan,B2,1,Guyan,full-grid,837,12,32,56,1.0138802267158402,1.0092476770326315,-0.096810332762575058,0,0,1,UNSTABLE,1.60933701766727e-16,1.1671942628602297e-16,1
B2_D1_Guyan,B2,1,Guyan,full-grid,838,12,33,57,1.0135075594495195,1.0088913450033925,-0.096622083596697009,0,0,1,UNSTABLE,1.8610647391855699e-16,1.1671942628602299e-16,1
B2_D1_Guyan,B2,1,Guyan,full-grid,839,12,34,58,1.0131226268007705,1.0085200132162051,-0.096461597944874855,0,0,1,UNSTABLE,2.4459541653398806e-16,1.1671942628602297e-16,1
B2_D1_Guyan,B2,1,Guyan,full-grid,840,12,35,59,1.0127265574025957,1.0081347200394337,-0.096329986606069229,0,0,1,UNSTABLE,1.843304288324777e-16,1.1671942628602299e-16,1
B2_D1_Guyan,B2,1,Guyan,full-grid,841,12,36,60,1.012320499227563,1.0077365029024661,-0.096228550203409272,0,0,1,UNSTABLE,2.7350574487263817e-16,1.1671942628602299e-16,1
B2_D1_Guyan,B2,1,Guyan,full-grid,842,12,37,61,1.0119056686685246,1.0073264433663689,-0.096158820595697955,0,0,1,UNSTABLE,3.5919060046629653e-16,1.1671942628602299e-16,1
B2_D1_Guyan,B2,1,Guyan,full-grid,843,12,38,62,1.0114834139961937,1.0069057262108352,-0.096122605630653862,0,0,1,UNSTABLE,2.9964182952205298e-16,1.1671942628602297e-16,1
B2_D1_Guyan,B2,1,Guyan,full-grid,844,12,39,63,1.0110552988069308,1.0064757182152113,-0.096122036436743885,0,0,1,UNSTABLE,1.2989151429848091e-16,1.1671942628602297e-16,1
B2_D1_Guyan,B2,1,Guyan,full-grid,845,12,40,64,1.0106232130405164,1.0060380744461224,-0.096159614709480631,0,0,1,UNSTABLE,2.2613948747724911e-16,1.1671942628602297e-16,1
B2_D1_Guyan,B2,1,Guyan,full-grid,846,12,41,65,1.0101895215069583,1.0055948825376499,-0.096238254226409053,0,0,1,UNSTABLE,2.1464727808404224e-16,1.1671942628602297e-16,1
B2_D1_Guyan,B2,1,Guyan,full-grid,847,12,42,66,1.0097572622492965,1.0051488584059709,-0.096361305047035009,0,0,1,UNSTABLE,1.7201111720771439e-16,1.1671942628602297e-16,1
B2_D1_Guyan,B2,1,Guyan,full-grid,848,12,43,67,1.0093304083539312,1.0047036091171919,-0.096532538839514168,0,0,1,UNSTABLE,2.1829413131763263e-16,1.1671942628602299e-16,1
B2_D1_Guyan,B2,1,Guyan,full-grid,849,12,44,68,1.0089142041718293,1.0042639776315219,-0.096756057233589376,0,0,1,UNSTABLE,2.3285713031764384e-16,1.1671942628602299e-16,1
B2_D1_Guyan,B2,1,Guyan,full-grid,850,12,45,69,1.0085155741558667,1.0038364739370178,-0.097036059836703784,0,0,1,UNSTABLE,2.3015282943587574e-16,1.1671942628602297e-16,1
B2_D1_Guyan,B2,1,Guyan,full-grid,851,12,46,70,1.0081435679012765,1.0034297658599935,-0.097376375404275281,0,0,1,UNSTABLE,2.6115142882311548e-16,1.1671942628602299e-16,1
B2_D1_Guyan,B2,1,Guyan,full-grid,852,12,47,71,1.0078097305361335,1.0030551314972047,-0.097779630498583125,0,0,1,UNSTABLE,1.4760052967678394e-16,1.1671942628602297e-16,1
B2_D1_Guyan,B2,1,Guyan,full-grid,853,12,48,72,1.0075281581608622,1.0027266447295999,-0.098245943612637124,0,0,1,UNSTABLE,1.868569786735383e-16,1.1671942628602297e-16,1
B2_D1_Guyan,B2,1,Guyan,full-grid,854,12,49,73,1.0073148371191176,1.0024606909456548,-0.098771170839851305,0,0,1,UNSTABLE,2.4974734850786546e-16,1.1671942628602299e-16,1
B2_D1_Guyan,B2,1,Guyan,full-grid,855,12,50,74,1.0071858086510734,1.0022743171096589,-0.099345087500508106,0,0,1,UNSTABLE,1.1062692967037574e-16,1.1671942628602297e-16,1
B2_D1_Guyan,B2,1,Guyan,full-grid,856,12,51,75,1.0071540275724233,1.0021821936412225,-0.099950417727094926,0,0,1,UNSTABLE,1.9436210597591332e-16,1.1671942628602299e-16,1
B2_D1_Guyan,B2,1,Guyan,full-grid,857,12,52,76,1.0072256768783645,1.0021928317780788,-0.10056387072758764,0,0,1,UNSTABLE,2.7007390327388148e-16,1.1671942628602299e-16,1
B2_D1_Guyan,B2,1,Guyan,full-grid,858,12,53,77,1.0073976620290916,1.0023057325135243,-0.10115961660765319,0,0,1,UNSTABLE,3.0200745165172063e-16,1.1671942628602299e-16,1
B2_D1_Guyan,B2,1,Guyan,full-grid,859,12,54,78,1.0076578599954193,1.0025111564423579,-0.10171403059142965,0,0,1,UNSTABLE,4.1438978173829692e-16,1.1671942628602297e-16,1
B2_D1_Guyan,B2,1,Guyan,full-grid,860,12,55,79,1.0079880770999414,1.0027926893775603,-0.10220951866904278,0,0,1,UNSTABLE,2.4392854499649501e-16,1.1671942628602297e-16,1
B2_D1_Guyan,B2,1,Guyan,full-grid,861,12,56,80,1.0083680529172063,1.0031310916915073,-0.10263597335165971,0,0,1,UNSTABLE,1.9351274800859488e-16,1.1671942628602297e-16,1
B2_D1_Guyan,B2,1,Guyan,full-grid,862,12,57,81,1.0087787332095868,1.0035076410816681,-0.10299003285097486,0,0,1,UNSTABLE,6.2697005348117829e-16,1.1671942628602297e-16,1
B2_D1_Guyan,B2,1,Guyan,full-grid,863,12,58,82,1.0092040633556081,1.0039061096223838,-0.10327325189186326,0,0,1,UNSTABLE,2.5912458087814795e-16,1.1671942628602297e-16,1
B2_D1_Guyan,B2,1,Guyan,full-grid,864,12,59,83,1.0096314973964766,1.0043134675719196,-0.10349018981873639,0,0,1,UNSTABLE,4.6018273911891604e-16,1.1671942628602299e-16,1
B2_D1_Guyan,B2,1,Guyan,full-grid,865,12,60,84,1.0100517508167535,1.0047197906179195,-0.10364690863056605,0,0,1,UNSTABLE,1.8652238651164974e-16,1.1671942628602299e-16,1
B2_D1_Guyan,B2,1,Guyan,full-grid,866,12,61,85,1.0104582456709892,1.0051178089368804,-0.10374997061405698,0,0,1,UNSTABLE,3.0847021145734831e-16,1.1671942628602297e-16,1
B2_D1_Guyan,B2,1,Guyan,full-grid,867,12,62,86,1.0108465104522211,1.0055023691215179,-0.10380584465456322,0,0,1,UNSTABLE,3.0683849302724031e-16,1.1671942628602299e-16,1
B2_D1_Guyan,B2,1,Guyan,full-grid,868,12,63,87,1.0112136507507063,1.005869937818282,-0.10382059361233269,0,0,1,UNSTABLE,4.2593005031685855e-16,1.1671942628602297e-16,1
B2_D1_Guyan,B2,1,Guyan,full-grid,869,12,64,88,1.0115579240887043,1.0062181913202735,-0.10379973623668952,0,0,1,UNSTABLE,4.2413226019681299e-16,1.1671942628602297e-16,1
B2_D1_Guyan,B2,1,Guyan,full-grid,870,12,65,89,1.0118784149482027,1.0065456947582294,-0.10374820963159047,0,0,1,UNSTABLE,3.4516952618092846e-16,1.1671942628602299e-16,1
B2_D1_Guyan,B2,1,Guyan,full-grid,871,12,66,90,1.0121747931542628,1.0068516589121868,-0.10367038556237899,0,0,1,UNSTABLE,2.3426968071975473e-16,1.1671942628602297e-16,1
B2_D1_Guyan,B2,1,Guyan,full-grid,872,13,0,25,1.0096419064123179,1.0041699181582313,-0.10497406655927358,0,0,1,UNSTABLE,1.5679133140682322e-16,9.3446663334799891e-17,1
B2_D1_Guyan,B2,1,Guyan,full-grid,873,13,1,26,1.0103238667604568,1.004827940096213,-0.10523842714428404,0,0,1,UNSTABLE,3.4998599922194217e-16,1.1671942628602297e-16,1
B2_D1_Guyan,B2,1,Guyan,full-grid,874,13,2,27,1.0110204074251901,1.0055087617556184,-0.105424827544938,0,0,1,UNSTABLE,1.5881915437989482e-16,1.1671942628602299e-16,1
B2_D1_Guyan,B2,1,Guyan,full-grid,875,13,3,28,1.0117200717132437,1.0062011651199572,-0.10553065345524693,0,0,1,UNSTABLE,9.2182876915980252e-17,1.1671942628602297e-16,1
B2_D1_Guyan,B2,1,Guyan,full-grid,876,13,4,29,1.0124112787679245,1.0068935596005666,-0.10555546888439425,0,0,1,UNSTABLE,1.9698062737176377e-16,1.1671942628602299e-16,1
B2_D1_Guyan,B2,1,Guyan,full-grid,877,13,5,30,1.0130828881992686,1.007574546834082,-0.10550104707663388,0,0,1,UNSTABLE,1.4092527952690011e-16,1.1671942628602297e-16,1
B2_D1_Guyan,B2,1,Guyan,full-grid,878,13,6,31,1.0137247208555236,1.0082334626838245,-0.10537122186913374,0,0,1,UNSTABLE,4.2914450794202311e-16,1.1671942628602297e-16,1
B2_D1_Guyan,B2,1,Guyan,full-grid,879,13,7,32,1.0143279750254146,1.008860832196909,-0.10517158446138582,0,0,1,UNSTABLE,1.8460380519935714e-16,1.1671942628602297e-16,1
B2_D1_Guyan,B2,1,Guyan,full-grid,880,13,8,33,1.0148854990152538,1.0094486922444639,-0.10490907414224077,0,0,1,UNSTABLE,1.5667646532905689e-16,1.1671942628602299e-16,1
B2_D1_Guyan,B2,1,Guyan,full-grid,881,13,9,34,1.0153919085339533,1.0099907630318568,-0.10459152215429382,0,0,1,UNSTABLE,1.8583416534721596e-16,1.1671942628602297e-16,1
B2_D1_Guyan,B2,1,Guyan,full-grid,882,13,10,35,1.0158435625195872,1.0104824755010657,-0.10422720478706211,0,0,1,UNSTABLE,1.3736071855392448e-16,1.1671942628602299e-16,1
B2_D1_Guyan,B2,1,Guyan,full-grid,883,13,11,36,1.0162384281905585,1.0109208805796435,-0.10382444865875726,0,0,1,UNSTABLE,1.5853884823248138e-16,1.1671942628602299e-16,1
B2_D1_Guyan,B2,1,Guyan,full-grid,884,13,12,37,1.0165758733046064,1.0113044756377585,-0.10339131365865077,0,0,1,UNSTABLE,2.4574365649783521e-16,1.1671942628602299e-16,1
B2_D1_Guyan,B2,1,Guyan,full-grid,885,13,13,38,1.0168564222962506,1.0116329842128438,-0.10293536232873063,0,0,1,UNSTABLE,1.5003163582012358e-16,1.1671942628602297e-16,1
B2_D1_Guyan,B2,1,Guyan,full-grid,886,13,14,39,1.0170815062759666,1.0119071198358154,-0.10246351172087392,0,0,1,UNSTABLE,2.2087614350022867e-16,1.1671942628602299e-16,1
B2_D1_Guyan,B2,1,Guyan,full-grid,887,13,15,40,1.0172532280553597,1.0121283568023491,-0.10198195598058558,0,0,1,UNSTABLE,1.2013967790456818e-16,1.1671942628602297e-16,1
B2_D1_Guyan,B2,1,Guyan,full-grid,888,13,16,41,1.0173741548147646,1.0122987224753632,-0.10149614455635304,0,0,1,UNSTABLE,1.57544619495957e-16,1.1671942628602299e-16,1
B2_D1_Guyan,B2,1,Guyan,full-grid,889,13,17,42,1.0174471440701089,1.0124206186662987,-0.10101080078768791,0,0,1,UNSTABLE,2.7511566874569037e-16,1.1671942628602297e-16,1
B2_D1_Guyan,B2,1,Guyan,full-grid,890,13,18,43,1.0174752036453161,1.0124966744111887,-0.10052996736973784,0,0,1,UNSTABLE,1.1592525987108147e-16,1.1671942628602299e-16,1
B2_D1_Guyan,B2,1,Guyan,full-grid,891,13,19,44,1.0174613832761903,1.0125296290218753,-0.10005706777195661,0,0,1,UNSTABLE,2.3026150545470834e-16,1.1671942628602297e-16,1
B2_D1_Guyan,B2,1,Guyan,full-grid,892,13,20,45,1.0174086938692501,1.0125222423421971,-0.099594975390642895,0,0,1,UNSTABLE,1.3369338508622094e-16,1.1671942628602299e-16,1
B2_D1_Guyan,B2,1,Guyan,full-grid,893,13,21,46,1.0173200498713089,1.0124772282718681,-0.099146084648250726,0,0,1,UNSTABLE,1.9283126866802408e-16,1.1671942628602297e-16,1
B2_D1_Guyan,B2,1,Guyan,full-grid,894,13,22,47,1.0171982302864262,1.0123972074655136,-0.098712380246183534,0,0,1,UNSTABLE,9.8136456666840438e-17,1.1671942628602297e-16,1
B2_D1_Guyan,B2,1,Guyan,full-grid,895,13,23,48,1.0170458543140812,1.0122846753771559,-0.098295502308221039,0,0,1,UNSTABLE,1.3135097903911429e-16,1.1671942628602297e-16,1
B2_D1_Guyan,B2,1,Guyan,full-grid,896,13,24,49,1.0168653681762885,1.0121419822927988,-0.097896806264057654,0,0,1,UNSTABLE,3.9177573720190658e-16,1.1671942628602299e-16,1
B2_D1_Guyan,B2,1,Guyan,full-grid,897,13,25,50,1.016659040329239,1.0119713225415619,-0.097517417093827663,0,0,1,UNSTABLE,1.0365123123821678e-16,1.1671942628602297e-16,1
B2_D1_Guyan,B2,1,Guyan,full-grid,898,13,26,51,1.0164289628486507,1.011774730619974,-0.097158278064519821,0,0,1,UNSTABLE,2.7529726186148519e-16,1.1671942628602299e-16,1
B2_D1_Guyan,B2,1,Guyan,full-grid,899,13,27,52,1.0161770573062439,1.0115540824642173,-0.096820194409807298,0,0,1,UNSTABLE,1.2135034578360845e-16,1.1671942628602299e-16,1
B2_D1_Guyan,B2,1,Guyan,full-grid,900,13,28,53,1.0159050839099062,1.011311100546457,-0.096503872593317344,0,0,1,UNSTABLE,1.0545206586122642e-16,1.1671942628602299e-16,1
B2_D1_Guyan,B2,1,Guyan,full-grid,901,13,29,54,1.0156146530670223,1.0110473618533082,-0.096209955898097249,0,0,1,UNSTABLE,1.6272538177237403e-16,1.1671942628602297e-16,1
B2_D1_Guyan,B2,1,Guyan,full-grid,902,13,30,55,1.0153072388622175,1.0107643081364066,-0.095939057132909955,0,0,1,UNSTABLE,1.3187801482791667e-16,1.1671942628602299e-16,1
B2_D1_Guyan,B2,1,Guyan,full-grid,903,13,31,56,1.0149841942338595,1.0104632581207493,-0.095691789264058386,0,0,1,UNSTABLE,2.3550170840899197e-16,1.1671942628602297e-16,1
B2_D1_Guyan,B2,1,Guyan,full-grid,904,13,32,57,1.0146467679071809,1.0101454216335179,-0.095468794783065802,0,0,1,UNSTABLE,2.3155211264826034e-16,1.1671942628602299e-16,1
B2_D1_Guyan,B2,1,Guyan,full-grid,905,13,33,58,1.0142961234179142,1.0098119158956798,-0.095270774614806431,0,0,1,UNSTABLE,2.0872100254607683e-16,1.1671942628602297e-16,1
B2_D1_Guyan,B2,1,Guyan,full-grid,906,13,34,59,1.0139333608627676,1.0094637845245744,-0.095098517358532142,0,0,1,UNSTABLE,2.420741309775168e-16,1.1671942628602299e-16,1
B2_D1_Guyan,B2,1,Guyan,full-grid,907,13,35,60,1.0135595423726371,1.0091020201591996,-0.094952929629643176,0,0,1,UNSTABLE,3.1827916860412317e-16,1.1671942628602297e-16,1
B2_D1_Guyan,B2,1,Guyan,full-grid,908,13,36,61,1.0131757227566205,1.0087275920783538,-0.094835068214274523,0,0,1,UNSTABLE,1.6663500296752524e-16,1.1671942628602299e-16,1
B2_D1_Guyan,B2,1,Guyan,full-grid,909,13,37,62,1.0127829873562773,1.0083414807850584,-0.094746174627267171,0,0,1,UNSTABLE,1.2011781387923944e-16,1.1671942628602297e-16,1
B2_D1_Guyan,B2,1,Guyan,full-grid,910,13,38,63,1.0123824999359836,1.0079447223413294,-0.094687712407113017,0,0,1,UNSTABLE,2.444339649347143e-16,1.1671942628602297e-16,1
B2_D1_Guyan,B2,1,Guyan,full-grid,911,13,39,64,1.0119755644815784,1.0075384663315528,-0.094661406972810475,0,0,1,UNSTABLE,2.1411251909733647e-16,1.1671942628602297e-16,1
B2_D1_Guyan,B2,1,Guyan,full-grid,912,13,40,65,1.0115637061471976,1.0071240527926473,-0.094669286892672663,0,0,1,UNSTABLE,4.0068308307013711e-16,1.1671942628602299e-16,1
B2_D1_Guyan,B2,1,Guyan,full-grid,913,13,41,66,1.0111487783007842,1.0067031153314951,-0.094713723615064027,0,0,1,UNSTABLE,1.8287798921223992e-16,1.1671942628602297e-16,1
B2_D1_Guyan,B2,1,Guyan,full-grid,914,13,42,67,1.0107331045662449,1.0062777199086166,-0.094797463476800098,0,0,1,UNSTABLE,1.265025586850901e-16,1.1671942628602299e-16,1
B2_D1_Guyan,B2,1,Guyan,full-grid,915,13,43,68,1.0103196665032244,1.0058505510570672,-0.094923640160817807,0,0,1,UNSTABLE,2.2137981554985293e-16,1.1671942628602299e-16,1
B2_D1_Guyan,B2,1,Guyan,full-grid,916,13,44,69,1.0099123478987782,1.0054251585667715,-0.095095746273980139,0,0,1,UNSTABLE,2.1257352599570088e-16,1.1671942628602299e-16,1
B2_D1_Guyan,B2,1,Guyan,full-grid,917,13,45,70,1.00951624276525,1.0050062752798088,-0.095317527533358287,0,0,1,UNSTABLE,1.6607723701964865e-16,1.1671942628602297e-16,1
B2_D1_Guyan,B2,1,Guyan,full-grid,918,13,46,71,1.0091380202707503,1.0046002049828684,-0.095592740855923619,0,0,1,UNSTABLE,1.6233304539005916e-16,1.1671942628602299e-16,1
B2_D1_Guyan,B2,1,Guyan,full-grid,919,13,47,72,1.0087863056569533,1.0042152479571387,-0.095924690520147543,0,0,1,UNSTABLE,2.1220620542895931e-16,1.1671942628602297e-16,1
B2_D1_Guyan,B2,1,Guyan,full-grid,920,13,48,73,1.0084719673838329,1.0038620650029673,-0.096315437220608424,0,0,1,UNSTABLE,2.2799213030504575e-16,1.1671942628602299e-16,1
B2_D1_Guyan,B2,1,Guyan,full-grid,921,13,49,74,1.0082080886643598,1.0035537665541241,-0.09676459932884672,0,0,1,UNSTABLE,1.35259923152734e-16,1.1671942628602297e-16,1
B2_D1_Guyan,B2,1,Guyan,full-grid,922,13,50,75,1.0080092754404049,1.0033053742434661,-0.097267802422326452,0,0,1,UNSTABLE,1.3070034440277362e-16,1.1671942628602299e-16,1
B2_D1_Guyan,B2,1,Guyan,full-grid,923,13,51,76,1.0078899358064988,1.0031322541258265,-0.097815149299413484,0,0,1,UNSTABLE,2.8440308880903483e-16,1.1671942628602297e-16,1
B2_D1_Guyan,B2,1,Guyan,full-grid,924,13,52,77,1.0078614826212422,1.0030473948434842,-0.098390506905840294,0,0,1,UNSTABLE,2.7126530069772018e-16,1.1671942628602299e-16,1
B2_D1_Guyan,B2,1,Guyan,full-grid,925,13,53,78,1.0079291669138606,1.0030581437014927,-0.098972551092636821,0,0,1,UNSTABLE,2.7623691149323638e-16,1.1671942628602297e-16,1
B2_D1_Guyan,B2,1,Guyan,full-grid,926,13,54,79,1.0080899949806534,1.0031638219937824,-0.099537853216354263,0,0,1,UNSTABLE,1.9055129357535864e-16,1.1671942628602297e-16,1
B2_D1_Guyan,B2,1,Guyan,full-grid,927,13,55,80,1.0083329954909017,1.0033555844212669,-0.1000649839170156,0,0,1,UNSTABLE,2.5260298570691887e-16,1.1671942628602297e-16,1
B2_D1_Guyan,B2,1,Guyan,full-grid,928,13,56,81,1.008641768289277,1.0036186341129663,-0.10053782372293417,0,0,1,UNSTABLE,3.7585854893550416e-16,1.1671942628602299e-16,1
B2_D1_Guyan,B2,1,Guyan,full-grid,929,13,57,82,1.0089979437309551,1.0039355448614939,-0.10094687819319005,0,0,1,UNSTABLE,2.9134969942583636e-16,1.1671942628602297e-16,1
B2_D1_Guyan,B2,1,Guyan,full-grid,930,13,58,83,1.0093840700922021,1.0042892003821207,-0.101288710880039,0,0,1,UNSTABLE,3.6741032587976e-16,1.1671942628602299e-16,1
B2_D1_Guyan,B2,1,Guyan,full-grid,931,13,59,84,1.0097852632069484,1.0046645964706524,-0.10156439527899178,0,0,1,UNSTABLE,3.0890425004027872e-16,1.1671942628602299e-16,1
B2_D1_Guyan,B2,1,Guyan,full-grid,932,13,60,85,1.0101897389922525,1.0050495409944102,-0.10177784096826145,0,0,1,UNSTABLE,1.2543333452717404e-16,1.1671942628602299e-16,1
B2_D1_Guyan,B2,1,Guyan,full-grid,933,13,61,86,1.0105886573705101,1.005434634453263,-0.10193444093025437,0,0,1,UNSTABLE,1.6963693295585966e-16,1.1671942628602297e-16,1
B2_D1_Guyan,B2,1,Guyan,full-grid,934,13,62,87,1.0109756640721019,1.0058129062872359,-0.10204014353209882,0,0,1,UNSTABLE,2.9391123572811551e-16,1.1671942628602299e-16,1
B2_D1_Guyan,B2,1,Guyan,full-grid,935,13,63,88,1.0113463683683062,1.0061793507362076,-0.10210088620489616,0,0,1,UNSTABLE,2.1384389181659439e-16,1.1671942628602297e-16,1
B2_D1_Guyan,B2,1,Guyan,full-grid,936,13,64,89,1.0116978690977698,1.0065304849319165,-0.10212228571516173,0,0,1,UNSTABLE,5.7827778209732103e-16,1.1671942628602299e-16,1
B2_D1_Guyan,B2,1,Guyan,full-grid,937,13,65,90,1.0120283663044805,1.0068639758136477,-0.10210949227985443,0,0,1,UNSTABLE,2.7375915705415464e-16,1.1671942628602297e-16,1
B2_D1_Guyan,B2,1,Guyan,full-grid,938,13,66,91,1.0123368597603055,1.0071783438912334,-0.10206714077443772,0,0,1,UNSTABLE,3.0008150310623493e-16,1.1671942628602299e-16,1
B2_D1_Guyan,B2,1,Guyan,full-grid,939,14,0,26,1.0098889690651054,1.0045799804389781,-0.10341563102647434,0,0,1,UNSTABLE,1.4127464699348343e-16,9.3446663334799891e-17,1
B2_D1_Guyan,B2,1,Guyan,full-grid,940,14,1,27,1.0105651076484539,1.0052318607829722,-0.10368578910985982,0,0,1,UNSTABLE,1.8024934587067011e-16,1.1671942628602299e-16,1
B2_D1_Guyan,B2,1,Guyan,full-grid,941,14,2,28,1.0112562580760034,1.0059066830341823,-0.10387956740884795,0,0,1,UNSTABLE,1.2124325725425457e-16,1.1671942628602299e-16,1
B2_D1_Guyan,B2,1,Guyan,full-grid,942,14,3,29,1.0119513029839671,1.0065935694451595,-0.10399435351307051,0,0,1,UNSTABLE,2.5353256066030634e-16,1.1671942628602299e-16,1
B2_D1_Guyan,B2,1,Guyan,full-grid,943,14,4,30,1.012638983738547,1.0072812653127774,-0.10402963009127467,0,0,1,UNSTABLE,1.8228888031353548e-16,1.1671942628602297e-16,1
B2_D1_Guyan,B2,1,Guyan,full-grid,944,14,5,31,1.0133084407533999,1.007958678591377,-0.10398701050810032,0,0,1,UNSTABLE,1.487423670173712e-16,1.1671942628602297e-16,1
B2_D1_Guyan,B2,1,Guyan,full-grid,945,14,6,32,1.0139497148093368,1.0086154002846717,-0.10387010383419856,0,0,1,UNSTABLE,1.3289229137406429e-16,1.1671942628602297e-16,1
B2_D1_Guyan,B2,1,Guyan,full-grid,946,14,7,33,1.0145541516796011,1.0092421447754245,-0.1036842316816594,0,0,1,UNSTABLE,1.4684610788809839e-16,1.1671942628602297e-16,1
B2_D1_Guyan,B2,1,Guyan,full-grid,947,14,8,34,1.0151146721078037,1.0098310664724028,-0.103436041667027,0,0,1,UNSTABLE,1.2741369155091702e-16,1.1671942628602297e-16,1
B2_D1_Guyan,B2,1,Guyan,full-grid,948,14,9,35,1.0156258946862755,1.0103759336175777,-0.10313307288986141,0,0,1,UNSTABLE,8.4749703463534851e-17,1.1671942628602299e-16,1
B2_D1_Guyan,B2,1,Guyan,full-grid,949,14,10,36,1.0160841229790898,1.0108721643862038,-0.10278332666020304,0,0,1,UNSTABLE,2.4007653866721608e-16,1.1671942628602299e-16,1
B2_D1_Guyan,B2,1,Guyan,full-grid,950,14,11,37,1.0164872248592678,1.0113167486193162,-0.10239488397449585,0,0,1,UNSTABLE,1.7104180895376594e-16,1.1671942628602297e-16,1
B2_D1_Guyan,B2,1,Guyan,full-grid,951,14,12,38,1.0168344394869997,1.0117080880047291,-0.10197559508360812,0,0,1,UNSTABLE,1.1042028839327693e-16,1.1671942628602299e-16,1
B2_D1_Guyan,B2,1,Guyan,full-grid,952,14,13,39,1.0171261467544337,1.0120457888029248,-0.10153285073210434,0,0,1,UNSTABLE,1.4148100005300694e-16,1.1671942628602297e-16,1
B2_D1_Guyan,B2,1,Guyan,full-grid,953,14,14,40,1.0173636281582659,1.0123304367509538,-0.10107343234981918,0,0,1,UNSTABLE,3.03000112402505e-16,1.1671942628602297e-16,1
B2_D1_Guyan,B2,1,Guyan,full-grid,954,14,15,41,1.0175488399408759,1.0125633764800814,-0.10060343073811706,0,0,1,UNSTABLE,2.0267350600155053e-16,1.1671942628602299e-16,1
B2_D1_Guyan,B2,1,Guyan,full-grid,955,14,16,42,1.0176842112688242,1.0127465100288844,-0.10012821924993916,0,0,1,UNSTABLE,2.3623644494646767e-16,1.1671942628602297e-16,1
B2_D1_Guyan,B2,1,Guyan,full-grid,956,14,17,43,1.0177724735131364,1.0128821222907813,-0.099652467028020664,0,0,1,UNSTABLE,1.9873931696534193e-16,1.1671942628602299e-16,1
B2_D1_Guyan,B2,1,Guyan,full-grid,957,14,18,44,1.0178165218315487,1.012972736129865,-0.099180179324531756,0,0,1,UNSTABLE,2.4656685088821602e-16,1.1671942628602299e-16,1
B2_D1_Guyan,B2,1,Guyan,full-grid,958,14,19,45,1.0178193071534662,1.0130209964773831,-0.098714754268711263,0,0,1,UNSTABLE,2.1941137963878091e-16,1.1671942628602299e-16,1
B2_D1_Guyan,B2,1,Guyan,full-grid,959,14,20,46,1.017783754993355,1.0130295807222669,-0.098259047980537431,0,0,1,UNSTABLE,2.2480462117398958e-16,1.1671942628602297e-16,1
B2_D1_Guyan,B2,1,Guyan,full-grid,960,14,21,47,1.0177127068609506,1.0130011317682543,-0.097815442249572448,0,0,1,UNSTABLE,1.3398043372898416e-16,1.1671942628602297e-16,1
B2_D1_Guyan,B2,1,Guyan,full-grid,961,14,22,48,1.0176088800311065,1.0129382098977739,-0.097385910927894948,0,0,1,UNSTABLE,2.2398986708249477e-16,1.1671942628602297e-16,1
B2_D1_Guyan,B2,1,Guyan,full-grid,962,14,23,49,1.0174748417993218,1.0128432597764694,-0.096972082683265418,0,0,1,UNSTABLE,1.386828295475081e-16,1.1671942628602297e-16,1
B2_D1_Guyan,B2,1,Guyan,full-grid,963,14,24,50,1.0173129948842439,1.0127185893477364,-0.096575298859907469,0,0,1,UNSTABLE,2.7567219868935627e-16,1.1671942628602297e-16,1
B2_D1_Guyan,B2,1,Guyan,full-grid,964,14,25,51,1.0171255712214446,1.0125663578698119,-0.09619666596516907,0,0,1,UNSTABLE,2.4978934040207913e-16,1.1671942628602299e-16,1
B2_D1_Guyan,B2,1,Guyan,full-grid,965,14,26,52,1.0169146319523621,1.0123885708573772,-0.095837102816003758,0,0,1,UNSTABLE,1.3226446329936132e-16,1.1671942628602299e-16,1
B2_D1_Guyan,B2,1,Guyan,full-grid,966,14,27,53,1.0166820719148866,1.012187080163224,-0.095497382706511952,0,0,1,UNSTABLE,9.8131474596905535e-17,1.1671942628602297e-16,1
B2_D1_Guyan,B2,1,Guyan,full-grid,967,14,28,54,1.0164296273756275,1.0119635878542774,-0.095178171153132068,0,0,1,UNSTABLE,2.3817699943950984e-16,1.1671942628602299e-16,1
B2_D1_Guyan,B2,1,Guyan,full-grid,968,14,29,55,1.0161588861112778,1.0117196528979244,-0.094880059880968856,0,0,1,UNSTABLE,1.9207819875027244e-16,1.1671942628602297e-16,1
B2_D1_Guyan,B2,1,Guyan,full-grid,969,14,30,56,1.0158712992573415,1.0114566999850467,-0.094603597765405334,0,0,1,UNSTABLE,1.522715853070589e-16,1.1671942628602297e-16,1
B2_D1_Guyan,B2,1,Guyan,full-grid,970,14,31,57,1.0155681946103166,1.011176030086375,-0.094349319461332098,0,0,1,UNSTABLE,1.2383221858871216e-16,1.1671942628602299e-16,1
B2_D1_Guyan,B2,1,Guyan,full-grid,971,14,32,58,1.0152507913103979,1.0108788325832518,-0.094117772452980003,0,0,1,UNSTABLE,1.6759181699522333e-16,1.1671942628602297e-16,1
B2_D1_Guyan,B2,1,Guyan,full-grid,972,14,33,59,1.0149202160628705,1.0105661990486197,-0.093909543250564137,0,0,1,UNSTABLE,1.9817982132498148e-16,1.1671942628602299e-16,1
B2_D1_Guyan,B2,1,Guyan,full-grid,973,14,34,60,1.0145775212969992,1.0102391389979881,-0.093725283449912253,0,0,1,UNSTABLE,1.4068465901877477e-16,1.1671942628602299e-16,1
B2_D1_Guyan,B2,1,Guyan,full-grid,974,14,35,61,1.014223705933992,1.0098985982060511,-0.093565736356498896,0,0,1,UNSTABLE,1.8796192645777605e-16,1.1671942628602299e-16,1
B2_D1_Guyan,B2,1,Guyan,full-grid,975,14,36,62,1.013859739766761,1.0095454805195057,-0.093431764847747886,0,0,1,UNSTABLE,2.8245913328506783e-16,1.1671942628602297e-16,1
B2_D1_Guyan,B2,1,Guyan,full-grid,976,14,37,63,1.013486592877421,1.0091806745261276,-0.093324381087008315,0,0,1,UNSTABLE,2.1124898244115585e-16,1.1671942628602297e-16,1
B2_D1_Guyan,B2,1,Guyan,full-grid,977,14,38,64,1.0131052720751055,1.008805087008966,-0.093244778573420201,0,0,1,UNSTABLE,2.9925415329443339e-16,1.1671942628602297e-16,1
B2_D1_Guyan,B2,1,Guyan,full-grid,978,14,39,65,1.0127168670774591,1.0084196858797936,-0.093194366746507662,0,0,1,UNSTABLE,2.033179626106434e-16,1.1671942628602297e-16,1
B2_D1_Guyan,B2,1,Guyan,full-grid,979,14,40,66,1.0123226101400529,1.008025556314845,-0.093174807844806903,0,0,1,UNSTABLE,1.1199412062141218e-16,1.1671942628602297e-16,1
B2_D1_Guyan,B2,1,Guyan,full-grid,980,14,41,67,1.0119239541088596,1.0076239751777472,-0.093188054740422341,0,0,1,UNSTABLE,1.8688910241687956e-16,1.1671942628602299e-16,1
B2_D1_Guyan,B2,1,Guyan,full-grid,981,14,42,68,1.0115226754358955,1.0072165105468898,-0.093236386688561365,0,0,1,UNSTABLE,2.6813435444492688e-16,1.1671942628602299e-16,1
B2_D1_Guyan,B2,1,Guyan,full-grid,982,14,43,69,1.0111210104298951,1.0068051551955488,-0.093322436768651373,0,0,1,UNSTABLE,2.2753766696305194e-16,1.1671942628602297e-16,1
B2_D1_Guyan,B2,1,Guyan,full-grid,983,14,44,70,1.0107218344508693,1.0063925048297027,-0.093449199345564518,0,0,1,UNSTABLE,2.3116744118282971e-16,1.1671942628602299e-16,1
B2_D1_Guyan,B2,1,Guyan,full-grid,984,14,45,71,1.0103288936984955,1.0059819926992994,-0.093619996831728391,0,0,1,UNSTABLE,2.3997187971194842e-16,1.1671942628602297e-16,1
B2_D1_Guyan,B2,1,Guyan,full-grid,985,14,46,72,1.0099470949801677,1.005578189313264,-0.093838370810329461,0,0,1,UNSTABLE,3.3136844143760831e-16,1.1671942628602297e-16,1
B2_D1_Guyan,B2,1,Guyan,full-grid,986,14,47,73,1.0095828449404993,1.0051871640779957,-0.094107842239576647,0,0,1,UNSTABLE,2.9061189492331158e-16,1.1671942628602299e-16,1
B2_D1_Guyan,B2,1,Guyan,full-grid,987,14,48,74,1.0092443972790885,1.0048168751160214,-0.094431461501477756,0,0,1,UNSTABLE,1.4294679980507074e-16,1.1671942628602297e-16,1
B2_D1_Guyan,B2,1,Guyan,full-grid,988,14,49,75,1.0089421020155696,1.0044774906615634,-0.094811054069894499,0,0,1,UNSTABLE,1.6795015675073451e-16,1.1671942628602299e-16,1
B2_D1_Guyan,B2,1,Guyan,full-grid,989,14,50,76,1.0086883489949512,1.004181441145295,-0.095246095235024045,0,0,1,UNSTABLE,4.0913170701473995e-16,1.1671942628602299e-16,1
B2_D1_Guyan,B2,1,Guyan,full-grid,990,14,51,77,1.0084968885756569,1.0039428794071052,-0.095732278540477139,0,0,1,UNSTABLE,3.4615162769988002e-16,1.1671942628602299e-16,1
B2_D1_Guyan,B2,1,Guyan,full-grid,991,14,52,78,1.0083812093668796,1.0037761953851994,-0.09626013184192439,0,0,1,UNSTABLE,3.5268980277686065e-16,1.1671942628602297e-16,1
B2_D1_Guyan,B2,1,Guyan,full-grid,992,14,53,79,1.0083519520748341,1.0036934939129893,-0.096814407656423782,0,0,1,UNSTABLE,1.9802489280677447e-16,1.1671942628602297e-16,1
B2_D1_Guyan,B2,1,Guyan,full-grid,993,14,54,80,1.0084140171824654,1.0037016107701995,-0.097375081963431656,0,0,1,UNSTABLE,1.988631805111483e-16,1.1671942628602297e-16,1
B2_D1_Guyan,B2,1,Guyan,full-grid,994,14,55,81,1.0085646722273816,1.0037999471087669,-0.097920193267593741,0,0,1,UNSTABLE,1.6951790614827579e-16,1.1671942628602297e-16,1
B2_D1_Guyan,B2,1,Guyan,full-grid,995,14,56,82,1.0087937839209642,1.0039803351308705,-0.09842959487919227,0,0,1,UNSTABLE,3.4687436635847967e-16,1.1671942628602297e-16,1
B2_D1_Guyan,B2,1,Guyan,full-grid,996,14,57,83,1.0090861192666387,1.0042290370819917,-0.098888003205548733,0,0,1,UNSTABLE,2.6744539311795151e-16,1.1671942628602299e-16,1
B2_D1_Guyan,B2,1,Guyan,full-grid,997,14,58,84,1.0094245024955746,1.0045297735936014,-0.099286253844256739,0,0,1,UNSTABLE,2.7318847896021746e-16,1.1671942628602299e-16,1
B2_D1_Guyan,B2,1,Guyan,full-grid,998,14,59,85,1.009792492797865,1.0048664423417639,-0.099620839016406643,0,0,1,UNSTABLE,4.2230482905854184e-16,1.1671942628602297e-16,1
B2_D1_Guyan,B2,1,Guyan,full-grid,999,14,60,86,1.0101759555608072,1.0052248235299612,-0.09989251900091603,0,0,1,UNSTABLE,3.7612806625448957e-16,1.1671942628602299e-16,1
B2_D1_Guyan,B2,1,Guyan,full-grid,1000,14,61,87,1.0105636078033289,1.005593276405738,-0.10010478442139048,0,0,1,UNSTABLE,3.4286831586973295e-16,1.1671942628602297e-16,1
B2_D1_Guyan,B2,1,Guyan,full-grid,1001,14,62,88,1.0109469134758011,1.0059627600487113,-0.10026259153556756,0,0,1,UNSTABLE,2.6456687707733074e-16,1.1671942628602297e-16,1
B2_D1_Guyan,B2,1,Guyan,full-grid,1002,14,63,89,1.0113196812110723,1.0063265193426756,-0.10037148037425821,0,0,1,UNSTABLE,2.9721147901089507e-16,1.1671942628602299e-16,1
B2_D1_Guyan,B2,1,Guyan,full-grid,1003,14,64,90,1.0116775884691052,1.0066796643151559,-0.10043702736037761,0,0,1,UNSTABLE,7.2025753025673364e-16,1.1671942628602297e-16,1
B2_D1_Guyan,B2,1,Guyan,full-grid,1004,14,65,91,1.012017741652085,1.0070187613460959,-0.1004645395926405,0,0,1,UNSTABLE,2.0744160169359271e-16,1.1671942628602299e-16,1
B2_D1_Guyan,B2,1,Guyan,full-grid,1005,14,66,92,1.0123383112148034,1.0073414835979113,-0.10045890590683838,0,0,1,UNSTABLE,2.7909996248006765e-16,1.1671942628602299e-16,1
B2_D1_Guyan,B2,1,Guyan,full-grid,1006,15,0,27,1.0099858447580246,1.0048339698244808,-0.10188277429651699,0,0,1,UNSTABLE,1.1705976602181961e-16,9.3446663334799891e-17,1
B2_D1_Guyan,B2,1,Guyan,full-grid,1007,15,1,28,1.010656909553046,1.0054803769274918,-0.10215968109319264,0,0,1,UNSTABLE,1.6790593822967131e-16,1.1671942628602297e-16,1
B2_D1_Guyan,B2,1,Guyan,full-grid,1008,15,2,29,1.0113435782630633,1.0061500463212101,-0.10236169977957528,0,0,1,UNSTABLE,1.8546647287908807e-16,1.1671942628602299e-16,1
B2_D1_Guyan,B2,1,Guyan,full-grid,1009,15,3,30,1.0120350511735201,1.0068324225903091,-0.10248618260389326,0,0,1,UNSTABLE,1.6857997641415655e-16,1.1671942628602297e-16,1
B2_D1_Guyan,B2,1,Guyan,full-grid,1010,15,4,31,1.0127203619733944,1.007516559747357,-0.10253249919110263,0,0,1,UNSTABLE,2.249161515980663e-16,1.1671942628602297e-16,1
B2_D1_Guyan,B2,1,Guyan,full-grid,1011,15,5,32,1.0133888963792954,1.0081916380390847,-0.10250207945653264,0,0,1,UNSTABLE,1.4371987247304915e-16,1.1671942628602297e-16,1
B2_D1_Guyan,B2,1,Guyan,full-grid,1012,15,6,33,1.0140308771638669,1.0088474658205053,-0.10239829368336972,0,0,1,UNSTABLE,2.6271984757968499e-16,1.1671942628602299e-16,1
B2_D1_Guyan,B2,1,Guyan,full-grid,1013,15,7,34,1.014637760292989,1.0094749084473622,-0.1022261895385085,0,0,1,UNSTABLE,1.0708715998409312e-16,1.1671942628602297e-16,1
B2_D1_Guyan,B2,1,Guyan,full-grid,1014,15,8,35,1.0152025048219815,1.0100662016769295,-0.10199212727836114,0,0,1,UNSTABLE,8.9929249923220563e-17,1.1671942628602299e-16,1
B2_D1_Guyan,B2,1,Guyan,full-grid,1015,15,9,36,1.0157197029418825,1.0106151297431407,-0.10170336512918896,0,0,1,UNSTABLE,1.9775735719584195e-16,1.1671942628602299e-16,1
B2_D1_Guyan,B2,1,Guyan,full-grid,1016,15,10,37,1.0161855791982497,1.0111170712567872,-0.10136764564484722,0,0,1,UNSTABLE,1.4557066009959758e-16,1.1671942628602299e-16,1
B2_D1_Guyan,B2,1,Guyan,full-grid,1017,15,11,38,1.0165978841785113,1.0115689337513454,-0.10099282343509387,0,0,1,UNSTABLE,1.9647803031220008e-16,1.1671942628602297e-16,1
B2_D1_Guyan,B2,1,Guyan,full-grid,1018,15,12,39,1.0169557157570648,1.0119690073405334,-0.10058655970446163,0,0,1,UNSTABLE,9.4098790471535331e-17,1.1671942628602299e-16,1
B2_D1_Guyan,B2,1,Guyan,full-grid,1019,15,13,40,1.0172593011009936,1.012316769837895,-0.10015609408045159,0,0,1,UNSTABLE,1.052301839495121e-16,1.1671942628602297e-16,1
B2_D1_Guyan,B2,1,Guyan,full-grid,1020,15,14,41,1.0175097675558933,1.0126126719575983,-0.099708092262070586,0,0,1,UNSTABLE,1.7009655559952556e-16,1.1671942628602299e-16,1
B2_D1_Guyan,B2,1,Guyan,full-grid,1021,15,15,42,1.0177089230537271,1.0128579245613616,-0.09924856027383118,0,0,1,UNSTABLE,2.3217745037869729e-16,1.1671942628602297e-16,1
B2_D1_Guyan,B2,1,Guyan,full-grid,1022,15,16,43,1.0178590590365946,1.0130543026149148,-0.098782812352504551,0,0,1,UNSTABLE,1.585083647626749e-16,1.1671942628602299e-16,1
B2_D1_Guyan,B2,1,Guyan,full-grid,1023,15,17,44,1.0179627824015065,1.0132039740293286,-0.098315478770092446,0,0,1,UNSTABLE,1.8871099012050216e-16,1.1671942628602297e-16,1
B2_D1_Guyan,B2,1,Guyan,full-grid,1024,15,18,45,1.0180228781674006,1.0133093565554443,-0.097850541078879652,0,0,1,UNSTABLE,2.0766578221997538e-16,1.1671942628602299e-16,1
B2_D1_Guyan,B2,1,Guyan,full-grid,1025,15,19,46,1.0180422014317774,1.0133730024742529,-0.097391384384745622,0,0,1,UNSTABLE,2.8496456200071728e-16,1.1671942628602297e-16,1
B2_D1_Guyan,B2,1,Guyan,full-grid,1026,15,20,47,1.0180235954299419,1.0133975087695062,-0.096940858629706528,0,0,1,UNSTABLE,1.542110151104572e-16,1.1671942628602297e-16,1
B2_D1_Guyan,B2,1,Guyan,full-grid,1027,15,21,48,1.0179698317606818,1.0133854494502632,-0.096501343085776389,0,0,1,UNSTABLE,1.1491948821243598e-16,1.1671942628602297e-16,1
B2_D1_Guyan,B2,1,Guyan,full-grid,1028,15,22,49,1.0178835687511625,1.0133393263812964,-0.096074810136180799,0,0,1,UNSTABLE,1.9131426880788404e-16,1.1671942628602299e-16,1
B2_D1_Guyan,B2,1,Guyan,full-grid,1029,15,23,50,1.0177673242256009,1.0132615351053333,-0.09566288589271553,0,0,1,UNSTABLE,1.8381458494064493e-16,1.1671942628602297e-16,1
B2_D1_Guyan,B2,1,Guyan,full-grid,1030,15,24,51,1.0176234594218652,1.0131543425022844,-0.095266906292208728,0,0,1,UNSTABLE,1.16709507088399e-16,1.1671942628602299e-16,1
B2_D1_Guyan,B2,1,Guyan,full-grid,1031,15,25,52,1.0174541713413228,1.0130198735916436,-0.094887968089892416,0,0,1,UNSTABLE,2.909362068128133e-16,1.1671942628602299e-16,1
B2_D1_Guyan,B2,1,Guyan,full-grid,1032,15,26,53,1.0172614913467841,1.0128601052627062,-0.094526974691371779,0,0,1,UNSTABLE,1.7786287607984346e-16,1.1671942628602299e-16,1
B2_D1_Guyan,B2,1,Guyan,full-grid,1033,15,27,54,1.0170472883030008,1.0126768651666356,-0.094184677101759318,0,0,1,UNSTABLE,1.7990759275865118e-16,1.1671942628602297e-16,1
B2_D1_Guyan,B2,1,Guyan,full-grid,1034,15,28,55,1.0168132749704974,1.0124718344048245,-0.093861710474283169,0,0,1,UNSTABLE,1.4751059937870767e-16,1.1671942628602299e-16,1
B2_D1_Guyan,B2,1,Guyan,full-grid,1035,15,29,56,1.0165610167153689,1.0122465529931475,-0.093558626854371718,0,0,1,UNSTABLE,1.8698368082024974e-16,1.1671942628602297e-16,1
B2_D1_Guyan,B2,1,Guyan,full-grid,1036,15,30,57,1.0162919418931644,1.0120024273761152,-0.093275924770702318,0,0,1,UNSTABLE,2.7533730189948634e-16,1.1671942628602299e-16,1
B2_D1_Guyan,B2,1,Guyan,full-grid,1037,15,31,58,1.0160073535147025,1.0117407395166063,-0.093014076345143984,0,0,1,UNSTABLE,7.3248349930081269e-17,1.1671942628602297e-16,1
B2_D1_Guyan,B2,1,Guyan,full-grid,1038,15,32,59,1.0157084420197757,1.0114626573082202,-0.092773552595737885,0,0,1,UNSTABLE,1.7892424417396738e-16,1.1671942628602299e-16,1
B2_D1_Guyan,B2,1,Guyan,full-grid,1039,15,33,60,1.015396299184685,1.0111692462607471,-0.092554847600906681,0,0,1,UNSTABLE,1.2129838075878003e-16,1.1671942628602297e-16,1
B2_D1_Guyan,B2,1,Guyan,full-grid,1040,15,34,61,1.0150719333878369,1.0108614826106184,-0.09235850218568635,0,0,1,UNSTABLE,1.8166530920218817e-16,1.1671942628602299e-16,1
B2_D1_Guyan,B2,1,Guyan,full-grid,1041,15,35,62,1.0147362866712222,1.0105402682243434,-0.092185127783026594,0,0,1,UNSTABLE,1.4855009759026521e-16,1.1671942628602297e-16,1
B2_D1_Guyan,B2,1,Guyan,full-grid,1042,15,36,63,1.0143902542849437,1.0102064479144242,-0.092035431114296462,0,0,1,UNSTABLE,1.1955149524511103e-16,1.1671942628602297e-16,1
B2_D1_Guyan,B2,1,Guyan,full-grid,1043,15,37,64,1.0140347077124319,1.0098608301005696,-0.09191024031100109,0,0,1,UNSTABLE,1.4548415818471718e-16,1.1671942628602297e-16,1
B2_D1_Guyan,B2,1,Guyan,full-grid,1044,15,38,65,1.0136705225765643,1.0095042121566542,-0.091810533048326828,0,0,1,UNSTABLE,1.453209838932963e-16,1.1671942628602299e-16,1
B2_D1_Guyan,B2,1,Guyan,full-grid,1045,15,39,66,1.0132986133619784,1.0091374123297645,-0.09173746714235724,0,0,1,UNSTABLE,1.9304170700565424e-16,1.1671942628602297e-16,1
B2_D1_Guyan,B2,1,Guyan,full-grid,1046,15,40,67,1.0129199776046143,1.0087613108559286,-0.091692413812491172,0,0,1,UNSTABLE,1.529732002190093e-16,1.1671942628602299e-16,1
B2_D1_Guyan,B2,1,Guyan,full-grid,1047,15,41,68,1.0125357531512076,1.0083769038936712,-0.091676993315100597,0,0,1,UNSTABLE,2.4510167671133116e-16,1.1671942628602299e-16,1
B2_D1_Guyan,B2,1,Guyan,full-grid,1048,15,42,69,1.0121472933268505,1.0079853752177184,-0.091693111715466596,0,0,1,UNSTABLE,2.0853433668196536e-16,1.1671942628602299e-16,1
B2_D1_Guyan,B2,1,Guyan,full-grid,1049,15,43,70,1.01175626637436,1.0075881922991869,-0.091742995847320638,0,0,1,UNSTABLE,1.7403042679592349e-16,1.1671942628602297e-16,1
B2_D1_Guyan,B2,1,Guyan,full-grid,1050,15,44,71,1.0113647872225318,1.0071872353758533,-0.091829220456356747,0,0,1,UNSTABLE,2.4543646326711851e-16,1.1671942628602299e-16,1
B2_D1_Guyan,B2,1,Guyan,full-grid,1051,15,45,72,1.0109755910605991,1.0067849700296987,-0.091954716260920194,0,0,1,UNSTABLE,2.2980523456865717e-16,1.1671942628602297e-16,1
B2_D1_Guyan,B2,1,Guyan,full-grid,1052,15,46,73,1.0105922581874094,1.0063846746065657,-0.092122738915888028,0,0,1,UNSTABLE,1.7140900486746524e-16,1.1671942628602299e-16,1
B2_D1_Guyan,B2,1,Guyan,full-grid,1053,15,47,74,1.0102194955567247,1.00599073107647,-0.092336765110724625,0,0,1,UNSTABLE,1.2167133635644425e-16,1.1671942628602297e-16,1
B2_D1_Guyan,B2,1,Guyan,full-grid,1054,15,48,75,1.0098634671198219,1.0056089765100471,-0.092600262341331438,0,0,1,UNSTABLE,2.6302316749978208e-16,1.1671942628602299e-16,1
B2_D1_Guyan,B2,1,Guyan,full-grid,1055,15,49,76,1.0095321333886393,1.0052470829505178,-0.092916255648255675,0,0,1,UNSTABLE,2.6348738805125452e-16,1.1671942628602297e-16,1
B2_D1_Guyan,B2,1,Guyan,full-grid,1056,15,50,77,1.0092354985452872,1.0049148729161996,-0.093286599872505621,0,0,1,UNSTABLE,2.66762003634002e-16,1.1671942628602299e-16,1
B2_D1_Guyan,B2,1,Guyan,full-grid,1057,15,51,78,1.0089855650440267,1.0046243771533234,-0.093710892091106099,0,0,1,UNSTABLE,2.8385388931843493e-16,1.1671942628602297e-16,1
B2_D1_Guyan,B2,1,Guyan,full-grid,1058,15,52,79,1.0087956894197805,1.0043893233460151,-0.094185084490403054,0,0,1,UNSTABLE,2.3959830249019071e-16,1.1671942628602297e-16,1
B2_D1_Guyan,B2,1,Guyan,full-grid,1059,15,53,80,1.008679027558621,1.0042237125674904,-0.094700135975467128,0,0,1,UNSTABLE,3.5716329888246998e-16,1.1671942628602297e-16,1
B2_D1_Guyan,B2,1,Guyan,full-grid,1060,15,54,81,1.008646041915648,1.0041393893970838,-0.09524140136177596,0,0,1,UNSTABLE,1.8323932068347145e-16,1.1671942628602299e-16,1
B2_D1_Guyan,B2,1,Guyan,full-grid,1061,15,55,82,1.00870169493568,1.0041431512903789,-0.0957895666695536,0,0,1,UNSTABLE,3.1849698313247224e-16,1.1671942628602297e-16,1
B2_D1_Guyan,B2,1,Guyan,full-grid,1062,15,56,83,1.0088435842272745,1.0042346271001721,-0.096323367723061673,0,0,1,UNSTABLE,4.3849200398565887e-16,1.1671942628602299e-16,1
B2_D1_Guyan,B2,1,Guyan,full-grid,1063,15,57,84,1.0090621176135175,1.0044061043460619,-0.096823213926433532,0,0,1,UNSTABLE,2.1385482142864505e-16,1.1671942628602299e-16,1
B2_D1_Guyan,B2,1,Guyan,full-grid,1064,15,58,85,1.0093426985849039,1.0046444251881441,-0.097274159595647933,0,0,1,UNSTABLE,4.9445440512692375e-16,1.1671942628602299e-16,1
B2_D1_Guyan,B2,1,Guyan,full-grid,1065,15,59,86,1.0096687671697493,1.0049339012292742,-0.09766715700885692,0,0,1,UNSTABLE,3.7731800658357146e-16,1.1671942628602297e-16,1
B2_D1_Guyan,B2,1,Guyan,full-grid,1066,15,60,87,1.0100244031977164,1.00525895228074,-0.097998642410659448,0,0,1,UNSTABLE,2.1843031350698666e-16,1.1671942628602299e-16,1
B2_D1_Guyan,B2,1,Guyan,full-grid,1067,15,61,88,1.0103958708074416,1.0056057765686059,-0.098269211234136622,0,0,1,UNSTABLE,2.6436222138618694e-16,1.1671942628602297e-16,1
B2_D1_Guyan,B2,1,Guyan,full-grid,1068,15,62,89,1.0107721694102461,1.005963044809022,-0.098482135094934087,0,0,1,UNSTABLE,2.7636530414589433e-16,1.1671942628602299e-16,1
B2_D1_Guyan,B2,1,Guyan,full-grid,1069,15,63,90,1.0111449489707547,1.0063219351029722,-0.098642134809013696,0,0,1,UNSTABLE,2.4960400568858576e-16,1.1671942628602297e-16,1
B2_D1_Guyan,B2,1,Guyan,full-grid,1070,15,64,91,1.0115081305517866,1.0066758379832079,-0.098754520874622331,0,0,1,UNSTABLE,2.390581485428377e-16,1.1671942628602299e-16,1
B2_D1_Guyan,B2,1,Guyan,full-grid,1071,15,65,92,1.011857450669025,1.0070199538936864,-0.098824657522179046,0,0,1,UNSTABLE,3.0349511365020549e-16,1.1671942628602297e-16,1
B2_D1_Guyan,B2,1,Guyan,full-grid,1072,15,66,93,1.0121900374344248,1.007350899445014,-0.098857661659698892,0,0,1,UNSTABLE,2.5484820379667588e-16,1.1671942628602299e-16,1
B2_D1_Guyan,B2,1,Guyan,full-grid,1073,16,0,28,1.0099480464436801,1.0049465195165337,-0.10038699829664655,0,0,1,UNSTABLE,1.5442673132250282e-16,9.3446663334799891e-17,1
B2_D1_Guyan,B2,1,Guyan,full-grid,1074,16,1,29,1.0106148711478256,1.0055882286068631,-0.10067140742259999,0,0,1,UNSTABLE,1.8825662557942829e-16,1.1671942628602299e-16,1
B2_D1_Guyan,B2,1,Guyan,full-grid,1075,16,2,30,1.0112980130596647,1.0062536598389022,-0.10088232391871614,0,0,1,UNSTABLE,2.4453411318630909e-16,1.1671942628602297e-16,1
B2_D1_Guyan,B2,1,Guyan,full-grid,1076,16,3,31,1.0119869691926386,1.0069325619883505,-0.10101703531226434,0,0,1,UNSTABLE,2.0245449327484395e-16,1.1671942628602297e-16,1
B2_D1_Guyan,B2,1,Guyan,full-grid,1077,16,4,32,1.0126710383620017,1.0076142724152106,-0.10107477411471265,0,0,1,UNSTABLE,1.7587247168058477e-16,1.1671942628602297e-16,1
B2_D1_Guyan,B2,1,Guyan,full-grid,1078,16,5,33,1.0133398204325954,1.00828821321858,-0.10105676998028429,0,0,1,UNSTABLE,7.4493034292286972e-17,1.1671942628602297e-16,1
B2_D1_Guyan,B2,1,Guyan,full-grid,1079,16,6,34,1.0139836877110184,1.0089443772325364,-0.10096614578602663,0,0,1,UNSTABLE,2.3820356088697711e-16,1.1671942628602297e-16,1
B2_D1_Guyan,B2,1,Guyan,full-grid,1080,16,7,35,1.0145941751003142,1.0095737481075699,-0.10080767470544909,0,0,1,UNSTABLE,2.1923905751152685e-16,1.1671942628602299e-16,1
B2_D1_Guyan,B2,1,Guyan,full-grid,1081,16,8,36,1.0151642518920094,1.0101686126605787,-0.10058743616806788,0,0,1,UNSTABLE,1.7520616706733705e-16,1.1671942628602299e-16,1
B2_D1_Guyan,B2,1,Guyan,full-grid,1082,16,9,37,1.0156884602408831,1.0107227447413747,-0.10031241961471192,0,0,1,UNSTABLE,1.1775817691722755e-16,1.1671942628602297e-16,1
B2_D1_Guyan,B2,1,Guyan,full-grid,1083,16,10,38,1.0161629270217503,1.0112314617346931,-0.099990124769033198,0,0,1,UNSTABLE,2.6023090753046657e-16,1.1671942628602299e-16,1
B2_D1_Guyan,B2,1,Guyan,full-grid,1084,16,11,39,1.0165852718192772,1.0116915720935133,-0.099628197990473913,0,0,1,UNSTABLE,2.2101469062357367e-16,1.1671942628602297e-16,1
B2_D1_Guyan,B2,1,Guyan,full-grid,1085,16,12,40,1.0169544419872065,1.0121012421877091,-0.099234130416942387,0,0,1,UNSTABLE,7.208126342285651e-17,1.1671942628602297e-16,1
B2_D1_Guyan,B2,1,Guyan,full-grid,1086,16,13,41,1.0172705065386569,1.0124598132510907,-0.098815029347675901,0,0,1,UNSTABLE,2.0419287529918545e-16,1.1671942628602299e-16,1
B2_D1_Guyan,B2,1,Guyan,full-grid,1087,16,14,42,1.0175344362908816,1.0127675961845359,-0.098377462644647293,0,0,1,UNSTABLE,3.0130721962896018e-16,1.1671942628602297e-16,1
B2_D1_Guyan,B2,1,Guyan,full-grid,1088,16,15,43,1.0177478908068698,1.0130256659195607,-0.097927368136096551,0,0,1,UNSTABLE,2.1677702947350184e-16,1.1671942628602299e-16,1
B2_D1_Guyan,B2,1,Guyan,full-grid,1089,16,16,44,1.0179130254100233,1.013235670156265,-0.097470016017087033,0,0,1,UNSTABLE,1.330247922298421e-16,1.1671942628602299e-16,1
B2_D1_Guyan,B2,1,Guyan,full-grid,1090,16,17,45,1.0180323252432186,1.0133996610230407,-0.097010011228227402,0,0,1,UNSTABLE,2.7331421579187202e-16,1.1671942628602299e-16,1
B2_D1_Guyan,B2,1,Guyan,full-grid,1091,16,18,46,1.0181084685788255,1.0135199532728083,-0.096551323708201353,0,0,1,UNSTABLE,1.7237982812793363e-16,1.1671942628602297e-16,1
B2_D1_Guyan,B2,1,Guyan,full-grid,1092,16,19,47,1.0181442184062943,1.0135990091872618,-0.096097336325024943,0,0,1,UNSTABLE,1.1532837167344958e-16,1.1671942628602297e-16,1
B2_D1_Guyan,B2,1,Guyan,full-grid,1093,16,20,48,1.0181423394840385,1.0136393482384101,-0.095650902519749656,0,0,1,UNSTABLE,1.9515067030738873e-16,1.1671942628602297e-16,1
B2_D1_Guyan,B2,1,Guyan,full-grid,1094,16,21,49,1.0181055372003152,1.0136434784577766,-0.095214407827603778,0,0,1,UNSTABLE,1.9274321862139362e-16,1.1671942628602297e-16,1
B2_D1_Guyan,B2,1,Guyan,full-grid,1095,16,22,50,1.0180364144117702,1.0136138460757933,-0.094789831267976896,0,0,1,UNSTABLE,2.4780636613643331e-16,1.1671942628602297e-16,1
B2_D1_Guyan,B2,1,Guyan,full-grid,1096,16,23,51,1.0179374426509267,1.0135528000539398,-0.094378804047980325,0,0,1,UNSTABLE,1.5025879065978603e-16,1.1671942628602299e-16,1
B2_D1_Guyan,B2,1,Guyan,full-grid,1097,16,24,52,1.0178109445202659,1.0134625684409087,-0.093982664116273193,0,0,1,UNSTABLE,1.1059622647100609e-16,1.1671942628602299e-16,1
B2_D1_Guyan,B2,1,Guyan,full-grid,1098,16,25,53,1.0176590845930185,1.0133452439058419,-0.093602505885848175,0,0,1,UNSTABLE,1.1496826194676089e-16,1.1671942628602297e-16,1
B2_D1_Guyan,B2,1,Guyan,full-grid,1099,16,26,54,1.0174838666424011,1.01320277625112,-0.093239224978516055,0,0,1,UNSTABLE,2.2712688762735624e-16,1.1671942628602299e-16,1
B2_D1_Guyan,B2,1,Guyan,full-grid,1100,16,27,55,1.017287135481201,1.0130369701358066,-0.09289355819222482,0,0,1,UNSTABLE,1.901638337881425e-16,1.1671942628602297e-16,1
B2_D1_Guyan,B2,1,Guyan,full-grid,1101,16,28,56,1.0170705820950949,1.0128494866251856,-0.092566119106038069,0,0,1,UNSTABLE,1.3475795719006155e-16,1.1671942628602297e-16,1
B2_D1_Guyan,B2,1,Guyan,full-grid,1102,16,29,57,1.016835751093156,1.0126418475141907,-0.092257429859222514,0,0,1,UNSTABLE,1.9835658079799688e-16,1.1671942628602299e-16,1
B2_D1_Guyan,B2,1,Guyan,full-grid,1103,16,30,58,1.0165840497828116,1.0124154416544577,-0.091967949702226673,0,0,1,UNSTABLE,2.3496909899423096e-16,1.1671942628602297e-16,1
B2_D1_Guyan,B2,1,Guyan,full-grid,1104,16,31,59,1.016316758413748,1.0121715327533474,-0.091698100941993516,0,0,1,UNSTABLE,1.4427100316062966e-16,1.1671942628602299e-16,1
B2_D1_Guyan,B2,1,Guyan,full-grid,1105,16,32,60,1.0160350413367318,1.0119112683177032,-0.091448292908024698,0,0,1,UNSTABLE,2.3020225922010195e-16,1.1671942628602299e-16,1
B2_D1_Guyan,B2,1,Guyan,full-grid,1106,16,33,61,1.0157399590020779,1.0116356895971026,-0.091218944561629711,0,0,1,UNSTABLE,1.7781217941799874e-16,1.1671942628602299e-16,1
B2_D1_Guyan,B2,1,Guyan,full-grid,1107,16,34,62,1.0154324808908755,1.0113457425526553,-0.091010506365013538,0,0,1,UNSTABLE,1.5628409048323477e-16,1.1671942628602297e-16,1
B2_D1_Guyan,B2,1,Guyan,full-grid,1108,16,35,63,1.0151134996447559,1.0110422900522067,-0.090823482024273788,0,0,1,UNSTABLE,1.6480289822788719e-16,1.1671942628602297e-16,1
B2_D1_Guyan,B2,1,Guyan,full-grid,1109,16,36,64,1.0147838468524857,1.0107261256866589,-0.090658450721184378,0,0,1,UNSTABLE,1.716363250141416e-16,1.1671942628602297e-16,1
B2_D1_Guyan,B2,1,Guyan,full-grid,1110,16,37,65,1.0144443111838233,1.010397989835085,-0.090516090450489764,0,0,1,UNSTABLE,1.8324161130408248e-16,1.1671942628602297e-16,1
B2_D1_Guyan,B2,1,Guyan,full-grid,1111,16,38,66,1.0140956598568889,1.0100585889032452,-0.090397203072683258,0,0,1,UNSTABLE,1.6675305038535011e-16,1.1671942628602297e-16,1
B2_D1_Guyan,B2,1,Guyan,full-grid,1112,16,39,67,1.0137386648156514,1.0097086190534585,-0.090302741660358551,0,0,1,UNSTABLE,1.9956226542779475e-16,1.1671942628602299e-16,1
B2_D1_Guyan,B2,1,Guyan,full-grid,1113,16,40,68,1.0133741355201586,1.0093487962778622,-0.090233840623456379,0,0,1,UNSTABLE,2.1769537391508661e-16,1.1671942628602299e-16,1
B2_D1_Guyan,B2,1,Guyan,full-grid,1114,16,41,69,1.0130029609636788,1.0089798953971956,-0.09019184888583337,0,0,1,UNSTABLE,2.1345178873920668e-16,1.1671942628602297e-16,1
B2_D1_Guyan,B2,1,Guyan,full-grid,1115,16,42,70,1.0126261644878007,1.0086028015633486,-0.090178365941276845,0,0,1,UNSTABLE,1.4398949942011071e-16,1.1671942628602299e-16,1
B2_D1_Guyan,B2,1,Guyan,full-grid,1116,16,43,71,1.0122449762258421,1.0082185791806715,-0.090195279751016003,0,0,1,UNSTABLE,2.0962683656584006e-16,1.1671942628602297e-16,1
B2_D1_Guyan,B2,1,Guyan,full-grid,1117,16,44,72,1.0118609295897807,1.0078285648921284,-0.090244803826969408,0,0,1,UNSTABLE,2.5965412027987758e-16,1.1671942628602297e-16,1
B2_D1_Guyan,B2,1,Guyan,full-grid,1118,16,45,73,1.011475990034653,1.0074344933616501,-0.090329507923695082,0,0,1,UNSTABLE,2.6730219699235206e-16,1.1671942628602299e-16,1
B2_D1_Guyan,B2,1,Guyan,full-grid,1119,16,46,74,1.0110927259965057,1.0070386667165701,-0.090452331649096579,0,0,1,UNSTABLE,3.1067082526405667e-16,1.1671942628602297e-16,1
B2_D1_Guyan,B2,1,Guyan,full-grid,1120,16,47,75,1.0107145323266031,1.0066441797401005,-0.090616561684740346,0,0,1,UNSTABLE,1.5755629775076591e-16,1.1671942628602299e-16,1
B2_D1_Guyan,B2,1,Guyan,full-grid,1121,16,48,76,1.0103459132182588,1.0062552108674367,-0.090825739517869958,0,0,1,UNSTABLE,2.6018128312222665e-16,1.1671942628602299e-16,1
B2_D1_Guyan,B2,1,Guyan,full-grid,1122,16,49,77,1.0099928193483296,1.0058773786732251,-0.091083446403115081,0,0,1,UNSTABLE,2.0227037860507687e-16,1.1671942628602299e-16,1
B2_D1_Guyan,B2,1,Guyan,full-grid,1123,16,50,78,1.009663003432919,1.0055181353986764,-0.091392887499801873,0,0,1,UNSTABLE,2.9164437430037582e-16,1.1671942628602297e-16,1
B2_D1_Guyan,B2,1,Guyan,full-grid,1124,16,51,79,1.0093662966210359,1.0051871091280642,-0.091756179068387345,0,0,1,UNSTABLE,2.5107005714998113e-16,1.1671942628602297e-16,1
B2_D1_Guyan,B2,1,Guyan,full-grid,1125,16,52,80,1.0091146069699946,1.0048962033534727,-0.092173263400960076,0,0,1,UNSTABLE,3.5328486077068334e-16,1.1671942628602297e-16,1
B2_D1_Guyan,B2,1,Guyan,full-grid,1126,16,53,81,1.0089213257802847,1.0046591361897117,-0.092640497002065281,0,0,1,UNSTABLE,2.2781312820012813e-16,1.1671942628602297e-16,1
B2_D1_Guyan,B2,1,Guyan,full-grid,1127,16,54,82,1.0087998062672687,1.0044900538604611,-0.093149239504608294,0,0,1,UNSTABLE,2.0097945866376115e-16,1.1671942628602297e-16,1
B2_D1_Guyan,B2,1,Guyan,full-grid,1128,16,55,83,1.0087608528843401,1.0044010903115359,-0.093685154069035853,0,0,1,UNSTABLE,3.9409716276568988e-16,1.1671942628602299e-16,1
B2_D1_Guyan,B2,1,Guyan,full-grid,1129,16,56,84,1.0088098309838971,1.0043994009892399,-0.094229073975155425,0,0,1,UNSTABLE,2.1451601011653313e-16,1.1671942628602299e-16,1
B2_D1_Guyan,B2,1,Guyan,full-grid,1130,16,57,85,1.0089446909403899,1.0044849346722509,-0.094759724531483597,0,0,1,UNSTABLE,2.8677985779789939e-16,1.1671942628602297e-16,1
B2_D1_Guyan,B2,1,Guyan,full-grid,1131,16,58,86,1.0091560767806533,1.0046501933030416,-0.095257421755373203,0,0,1,UNSTABLE,3.625690339010446e-16,1.1671942628602299e-16,1
B2_D1_Guyan,B2,1,Guyan,full-grid,1132,16,59,87,1.0094295230130923,1.00488213607504,-0.095707128928329707,0,0,1,UNSTABLE,3.3939062959829414e-16,1.1671942628602297e-16,1
B2_D1_Guyan,B2,1,Guyan,full-grid,1133,16,60,88,1.0097485500397647,1.0051651469042828,-0.096099748991860981,0,0,1,UNSTABLE,3.1443425588637662e-16,1.1671942628602297e-16,1
B2_D1_Guyan,B2,1,Guyan,full-grid,1134,16,61,89,1.0100973130406459,1.0054837187654824,-0.09643170178664838,0,0,1,UNSTABLE,2.3709798828229592e-16,1.1671942628602299e-16,1
B2_D1_Guyan,B2,1,Guyan,full-grid,1135,16,62,90,1.010462162628311,1.005824140241276,-0.096703572898734297,0,0,1,UNSTABLE,3.2471046502512761e-16,1.1671942628602297e-16,1
B2_D1_Guyan,B2,1,Guyan,full-grid,1136,16,63,91,1.0108321911126747,1.006175184284158,-0.096918610805107122,0,0,1,UNSTABLE,3.0349263403709606e-16,1.1671942628602299e-16,1
B2_D1_Guyan,B2,1,Guyan,full-grid,1137,16,64,92,1.0111991368980271,1.0065281308610294,-0.097081492822871276,0,0,1,UNSTABLE,2.3859945554006928e-16,1.1671942628602299e-16,1
B2_D1_Guyan,B2,1,Guyan,full-grid,1138,16,65,93,1.0115569964521129,1.00687646181934,-0.097197467587316372,0,0,1,UNSTABLE,3.3775604158261818e-16,1.1671942628602299e-16,1
B2_D1_Guyan,B2,1,Guyan,full-grid,1139,16,66,94,1.0119015645684668,1.007215452846006,-0.097271824925442313,0,0,1,UNSTABLE,3.218565797598198e-16,1.1671942628602297e-16,1
B2_D1_Guyan,B2,1,Guyan,full-grid,1140,17,0,29,1.0097897855178197,1.0049312874874841,-0.098936941355957847,0,0,1,UNSTABLE,1.3754343577438692e-16,9.3446663334799891e-17,1
B2_D1_Guyan,B2,1,Guyan,full-grid,1141,17,1,30,1.010453252693347,1.0055691425748228,-0.099229407838104036,0,0,1,UNSTABLE,1.6270734836487522e-16,1.1671942628602297e-16,1
B2_D1_Guyan,B2,1,Guyan,full-grid,1142,17,2,31,1.0111338379071924,1.0062312850082638,-0.099449681907718662,0,0,1,UNSTABLE,1.3414273565817429e-16,1.1671942628602297e-16,1
B2_D1_Guyan,B2,1,Guyan,full-grid,1143,17,3,32,1.011821316004482,1.0069077509013278,-0.099594963205333051,0,0,1,UNSTABLE,1.6725686685584589e-16,1.1671942628602297e-16,1
B2_D1_Guyan,B2,1,Guyan,full-grid,1144,17,4,33,1.0125052271474007,1.0075881383621017,-0.099664328788206608,0,0,1,UNSTABLE,1.6089108143323263e-16,1.1671942628602299e-16,1
B2_D1_Guyan,B2,1,Guyan,full-grid,1145,17,5,34,1.0131753586926024,1.0082620848953141,-0.099658796021414739,0,0,1,UNSTABLE,1.1598778599121178e-16,1.1671942628602297e-16,1
B2_D1_Guyan,B2,1,Guyan,full-grid,1146,17,6,35,1.0138222051643837,1.0089197397520395,-0.099581235295866544,0,0,1,UNSTABLE,2.1822410885690051e-16,1.1671942628602299e-16,1
B2_D1_Guyan,B2,1,Guyan,full-grid,1147,17,7,36,1.0144373544684693,1.0095521773656944,-0.099436146934465619,0,0,1,UNSTABLE,1.712000793155465e-16,1.1671942628602299e-16,1
B2_D1_Guyan,B2,1,Guyan,full-grid,1148,17,8,37,1.0150137631563969,1.0101517104260629,-0.099229336993703565,0,0,1,UNSTABLE,1.3191118073633957e-16,1.1671942628602299e-16,1
B2_D1_Guyan,B2,1,Guyan,full-grid,1149,17,9,38,1.0155459043044268,1.0107120807419812,-0.098967538070375519,0,0,1,UNSTABLE,1.1873166329248792e-16,1.1671942628602297e-16,1
B2_D1_Guyan,B2,1,Guyan,full-grid,1150,17,10,39,1.0160297923952684,1.0112285269529315,-0.098658022032557913,0,0,1,UNSTABLE,1.3158785430367221e-16,1.1671942628602299e-16,1
B2_D1_Guyan,B2,1,Guyan,full-grid,1151,17,11,40,1.0164629055199597,1.0116977451451312,-0.098308243633661585,0,0,1,UNSTABLE,2.6924972235133516e-16,1.1671942628602297e-16,1
B2_D1_Guyan,B2,1,Guyan,full-grid,1152,17,12,41,1.0168440338360993,1.0121177686139338,-0.097925541121924267,0,0,1,UNSTABLE,2.0397054028986116e-16,1.1671942628602299e-16,1
B2_D1_Guyan,B2,1,Guyan,full-grid,1153,17,13,42,1.0171730847507816,1.0124877961352872,-0.09751690632157059,0,0,1,UNSTABLE,7.5309936640483285e-17,1.1671942628602297e-16,1
B2_D1_Guyan,B2,1,Guyan,full-grid,1154,17,14,43,1.0174508716738049,1.0128079957669822,-0.097088825207918519,0,0,1,UNSTABLE,2.0801124805708716e-16,1.1671942628602299e-16,1
B2_D1_Guyan,B2,1,Guyan,full-grid,1155,17,15,44,1.0176789068644525,1.0130793057134584,-0.096647182121178177,0,0,1,UNSTABLE,1.2325048627422059e-16,1.1671942628602297e-16,1
B2_D1_Guyan,B2,1,Guyan,full-grid,1156,17,16,45,1.0178592119776508,1.0133032472757431,-0.096197216530412522,0,0,1,UNSTABLE,2.3888420939408898e-16,1.1671942628602299e-16,1
B2_D1_Guyan,B2,1,Guyan,full-grid,1157,17,17,46,1.0179941537676904,1.0134817588352059,-0.095743519955627326,0,0,1,UNSTABLE,1.6014255434342583e-16,1.1671942628602297e-16,1
B2_D1_Guyan,B2,1,Guyan,full-grid,1158,17,18,47,1.0180863076654452,1.0136170549431291,-0.095290061309021373,0,0,1,UNSTABLE,2.2872366342304672e-16,1.1671942628602297e-16,1
B2_D1_Guyan,B2,1,Guyan,full-grid,1159,17,19,48,1.0181383487083961,1.0137115111143782,-0.094840230624265068,0,0,1,UNSTABLE,2.5848660358417203e-16,1.1671942628602297e-16,1
B2_D1_Guyan,B2,1,Guyan,full-grid,1160,17,20,49,1.0181529673730618,1.0137675727296878,-0.094396893234514542,0,0,1,UNSTABLE,1.7159805121029064e-16,1.1671942628602299e-16,1
B2_D1_Guyan,B2,1,Guyan,full-grid,1161,17,21,50,1.018132806922464,1.0137876852683947,-0.093962448509846544,0,0,1,UNSTABLE,1.3771917549277232e-16,1.1671942628602297e-16,1
B2_D1_Guyan,B2,1,Guyan,full-grid,1162,17,22,51,1.0180804186216061,1.0137742426280316,-0.093538889049986418,0,0,1,UNSTABLE,2.2201785493401422e-16,1.1671942628602299e-16,1
B2_D1_Guyan,B2,1,Guyan,full-grid,1163,17,23,52,1.017998231328445,1.0137295502815959,-0.09312785766737626,0,0,1,UNSTABLE,1.660157793624563e-16,1.1671942628602299e-16,1
B2_D1_Guyan,B2,1,Guyan,full-grid,1164,17,24,53,1.0178885323435303,1.0136558002817071,-0.092730700588953885,0,0,1,UNSTABLE,1.52318683238075e-16,1.1671942628602299e-16,1
B2_D1_Guyan,B2,1,Guyan,full-grid,1165,17,25,54,1.017753456867345,1.0135550555052324,-0.092348516096447009,0,0,1,UNSTABLE,1.4870820028162656e-16,1.1671942628602297e-16,1
B2_D1_Guyan,B2,1,Guyan,full-grid,1166,17,26,55,1.0175949838906433,1.0134292409547347,-0.091982198371799911,0,0,1,UNSTABLE,2.0651420778978419e-16,1.1671942628602299e-16,1
B2_D1_Guyan,B2,1,Guyan,full-grid,1167,17,27,56,1.0174149367857797,1.0132801403428464,-0.091632476674993593,0,0,1,UNSTABLE,1.579014921232645e-16,1.1671942628602297e-16,1
B2_D1_Guyan,B2,1,Guyan,full-grid,1168,17,28,57,1.017214987256456,1.013109396556704,-0.091299950206247343,0,0,1,UNSTABLE,1.8639147583009702e-16,1.1671942628602299e-16,1
B2_D1_Guyan,B2,1,Guyan,full-grid,1169,17,29,58,1.0169966616338539,1.0129185149212652,-0.090985119135504944,0,0,1,UNSTABLE,1.8574334603534979e-16,1.1671942628602297e-16,1
B2_D1_Guyan,B2,1,Guyan,full-grid,1170,17,30,59,1.0167613487826068,1.0127088684531911,-0.090688412349554631,0,0,1,UNSTABLE,1.1391154846050992e-16,1.1671942628602299e-16,1
B2_D1_Guyan,B2,1,Guyan,full-grid,1171,17,31,60,1.0165103091080612,1.0124817045257191,-0.090410212496492268,0,0,1,UNSTABLE,2.9035931615304335e-16,1.1671942628602297e-16,1
B2_D1_Guyan,B2,1,Guyan,full-grid,1172,17,32,61,1.016244684346594,1.0122381525578379,-0.090150878914207061,0,0,1,UNSTABLE,1.8569457220598038e-16,1.1671942628602299e-16,1
B2_D1_Guyan,B2,1,Guyan,full-grid,1173,17,33,62,1.0159655079840955,1.0119792325074619,-0.08991076902679318,0,0,1,UNSTABLE,2.4493608450157732e-16,1.1671942628602297e-16,1
B2_D1_Guyan,B2,1,Guyan,full-grid,1174,17,34,63,1.0156737162954479,1.011705864098783,-0.089690258788458266,0,0,1,UNSTABLE,2.027501914182363e-16,1.1671942628602297e-16,1
B2_D1_Guyan,B2,1,Guyan,full-grid,1175,17,35,64,1.015370160141174,1.0114188768592696,-0.089489762754445132,0,0,1,UNSTABLE,1.1396612906454075e-16,1.1671942628602297e-16,1
B2_D1_Guyan,B2,1,Guyan,full-grid,1176,17,36,65,1.0150556178098502,1.0111190211952108,-0.089309754364096855,0,0,1,UNSTABLE,1.707288654387776e-16,1.1671942628602299e-16,1
B2_D1_Guyan,B2,1,Guyan,full-grid,1177,17,37,66,1.0147308093713838,1.0108069809109745,-0.089150787036035808,0,0,1,UNSTABLE,2.0788776473545147e-16,1.1671942628602297e-16,1
B2_D1_Guyan,B2,1,Guyan,full-grid,1178,17,38,67,1.014396413225108,1.0104833877951049,-0.089013516693204911,0,0,1,UNSTABLE,2.3109973984089597e-16,1.1671942628602299e-16,1
B2_D1_Guyan,B2,1,Guyan,full-grid,1179,17,39,68,1.0140530858131247,1.0101488391816393,-0.088898726352558965,0,0,1,UNSTABLE,2.3263346562867926e-16,1.1671942628602299e-16,1
B2_D1_Guyan,B2,1,Guyan,full-grid,1180,17,40,69,1.0137014858546547,1.0098039197804234,-0.088807353411903864,0,0,1,UNSTABLE,2.5085831780704434e-16,1.1671942628602299e-16,1
B2_D1_Guyan,B2,1,Guyan,full-grid,1181,17,41,70,1.0133423049851147,1.0094492296020805,-0.088740520216590887,0,0,1,UNSTABLE,1.4250926150975731e-16,1.1671942628602297e-16,1
B2_D1_Guyan,B2,1,Guyan,full-grid,1182,17,42,71,1.0129763074097724,1.0090854205423341,-0.08869956833287572,0,0,1,UNSTABLE,1.3324564765885528e-16,1.1671942628602299e-16,1
B2_D1_Guyan,B2,1,Guyan,full-grid,1183,17,43,72,1.0126043821764701,1.0087132452161134,-0.088686096591111249,0,0,1,UNSTABLE,1.6433489278611537e-16,1.1671942628602297e-16,1
B2_D1_Guyan,B2,1,Guyan,full-grid,1184,17,44,73,1.0122276130105765,1.0083336230366582,-0.088702002203195934,0,0,1,UNSTABLE,1.4684711345971885e-16,1.1671942628602299e-16,1
B2_D1_Guyan,B2,1,Guyan,full-grid,1185,17,45,74,1.0118473723942991,1.0079477304044717,-0.088749522780246032,0,0,1,UNSTABLE,1.6750132292730817e-16,1.1671942628602297e-16,1
B2_D1_Guyan,B2,1,Guyan,full-grid,1186,17,46,75,1.0114654486757182,1.0075571242210652,-0.088831274313435987,0,0,1,UNSTABLE,2.0449944985864795e-16,1.1671942628602299e-16,1
B2_D1_Guyan,B2,1,Guyan,full-grid,1187,17,47,76,1.0110842171546044,1.0071639105530048,-0.088950275203161802,0,0,1,UNSTABLE,1.8952982413976693e-16,1.1671942628602297e-16,1
B2_D1_Guyan,B2,1,Guyan,full-grid,1188,17,48,77,1.0107068673485018,1.0067709723142833,-0.089109937777863246,0,0,1,UNSTABLE,3.3509971348906524e-16,1.1671942628602299e-16,1
B2_D1_Guyan,B2,1,Guyan,full-grid,1189,17,49,78,1.0103376965765269,1.0063822690788538,-0.089313994464811169,0,0,1,UNSTABLE,1.8626046158077735e-16,1.1671942628602297e-16,1
B2_D1_Guyan,B2,1,Guyan,full-grid,1190,17,50,79,1.0099824693284749,1.0060032134845136,-0.089566303985794543,0,0,1,UNSTABLE,2.4323530642059762e-16,1.1671942628602297e-16,1
B2_D1_Guyan,B2,1,Guyan,full-grid,1191,17,51,80,1.0096488125779342,1.0056411020682103,-0.089870454383337753,0,0,1,UNSTABLE,4.1669057521138782e-16,1.1671942628602297e-16,1
B2_D1_Guyan,B2,1,Guyan,full-grid,1192,17,52,81,1.0093465539221456,1.005305517563754,-0.0902290544690761,0,0,1,UNSTABLE,2.308838598484972e-16,1.1671942628602299e-16,1
B2_D1_Guyan,B2,1,Guyan,full-grid,1193,17,53,82,1.0090877991308986,1.0050085086539919,-0.090642616290130304,0,0,1,UNSTABLE,1.7294329720307488e-16,1.1671942628602297e-16,1
B2_D1_Guyan,B2,1,Guyan,full-grid,1194,17,54,83,1.0088864076675075,1.0047642048333492,-0.09110804718495448,0,0,1,UNSTABLE,2.3286111095847157e-16,1.1671942628602299e-16,1
B2_D1_Guyan,B2,1,Guyan,full-grid,1195,17,55,84,1.0087564714484831,1.0045874431522643,-0.091617071280358398,0,0,1,UNSTABLE,2.9825002855083043e-16,1.1671942628602299e-16,1
B2_D1_Guyan,B2,1,Guyan,full-grid,1196,17,56,85,1.0087096680077605,1.0044912078445822,-0.092155345451355855,0,0,1,UNSTABLE,1.9014418852287522e-16,1.1671942628602299e-16,1
B2_D1_Guyan,B2,1,Guyan,full-grid,1197,17,57,86,1.0087521016308987,1.0044834043386921,-0.092703252116130286,0,0,1,UNSTABLE,1.7454116478951794e-16,1.1671942628602297e-16,1
B2_D1_Guyan,B2,1,Guyan,full-grid,1198,17,58,87,1.0088820661866369,1.0045643614494928,-0.093238764355767181,0,0,1,UNSTABLE,2.8698630055482755e-16,1.1671942628602299e-16,1
B2_D1_Guyan,B2,1,Guyan,full-grid,1199,17,59,88,1.0090900858770893,1.0047265014719651,-0.093741445771529458,0,0,1,UNSTABLE,2.8179436663708719e-16,1.1671942628602297e-16,1
B2_D1_Guyan,B2,1,Guyan,full-grid,1200,17,60,89,1.0093612739373776,1.004956386869523,-0.094195763252066134,0,0,1,UNSTABLE,2.723689129944608e-16,1.1671942628602299e-16,1
B2_D1_Guyan,B2,1,Guyan,full-grid,1201,17,61,90,1.0096786720577955,1.0052379267329026,-0.094592449308224524,0,0,1,UNSTABLE,2.5951624652917369e-16,1.1671942628602297e-16,1
B2_D1_Guyan,B2,1,Guyan,full-grid,1202,17,62,91,1.0100260674524841,1.0055552361253071,-0.094927993945453301,0,0,1,UNSTABLE,2.9283374624331128e-16,1.1671942628602299e-16,1
B2_D1_Guyan,B2,1,Guyan,full-grid,1203,17,63,92,1.0103896035950777,1.0058943824314484,-0.095203164053895908,0,0,1,UNSTABLE,2.0823399829030899e-16,1.1671942628602297e-16,1
B2_D1_Guyan,B2,1,Guyan,full-grid,1204,17,64,93,1.0107583009706758,1.0062440553344785,-0.095421402657631924,0,0,1,UNSTABLE,2.8950185176080177e-16,1.1671942628602299e-16,1
B2_D1_Guyan,B2,1,Guyan,full-grid,1205,17,65,94,1.0111239126420701,1.0065955433591116,-0.095587545246141534,0,0,1,UNSTABLE,4.7703653099183362e-16,1.1671942628602297e-16,1
B2_D1_Guyan,B2,1,Guyan,full-grid,1206,17,66,95,1.011480493097846,1.0069423856669972,-0.095706947839320156,0,0,1,UNSTABLE,3.0306302839597262e-16,1.1671942628602297e-16,1
B2_D1_Guyan,B2,1,Guyan,full-grid,1207,18,0,30,1.0095239424453826,1.0048008325364961,-0.097539106539032083,0,0,1,UNSTABLE,1.8118525285670228e-16,9.3446663334799891e-17,1
B2_D1_Guyan,B2,1,Guyan,full-grid,1208,18,1,31,1.0101849503165612,1.0054357121944415,-0.097839984107364705,0,0,1,UNSTABLE,1.7292044807929725e-16,1.1671942628602297e-16,1
B2_D1_Guyan,B2,1,Guyan,full-grid,1209,18,2,32,1.0108639364337566,1.0060955204439357,-0.098069881844509155,0,0,1,UNSTABLE,1.5352361741988666e-16,1.1671942628602297e-16,1
B2_D1_Guyan,B2,1,Guyan,full-grid,1210,18,3,33,1.0115509373524887,1.0067705661191384,-0.098225892995932165,0,0,1,UNSTABLE,7.4267077764652929e-17,1.1671942628602297e-16,1
B2_D1_Guyan,B2,1,Guyan,full-grid,1211,18,4,34,1.0122357145246805,1.0074506887581283,-0.098306924883569236,0,0,1,UNSTABLE,1.5078296483707832e-16,1.1671942628602297e-16,1
B2_D1_Guyan,B2,1,Guyan,full-grid,1212,18,5,35,1.0129082205199882,1.0081257188951369,-0.098313773699987755,0,0,1,UNSTABLE,1.5852012529682473e-16,1.1671942628602299e-16,1
B2_D1_Guyan,B2,1,Guyan,full-grid,1213,18,6,36,1.0135590494308224,1.0087859386448068,-0.098249054324347718,0,0,1,UNSTABLE,2.1934721322918374e-16,1.1671942628602299e-16,1
B2_D1_Guyan,B2,1,Guyan,full-grid,1214,18,7,37,1.0141798208252786,1.0094224902906199,-0.098116996818478283,0,0,1,UNSTABLE,1.9993219495090105e-16,1.1671942628602297e-16,1
B2_D1_Guyan,B2,1,Guyan,full-grid,1215,18,8,38,1.0147634597683288,1.0100276915429562,-0.097923141276184594,0,0,1,UNSTABLE,1.5293018479039822e-16,1.1671942628602299e-16,1
B2_D1_Guyan,B2,1,Guyan,full-grid,1216,18,9,39,1.015304354892314,1.0105952343827505,-0.097673974559098306,0,0,1,UNSTABLE,1.5730719100957223e-16,1.1671942628602297e-16,1
B2_D1_Guyan,B2,1,Guyan,full-grid,1217,18,10,40,1.015798396608302,1.0111202644747512,-0.097376554264908058,0,0,1,UNSTABLE,1.5792471149525626e-16,1.1671942628602297e-16,1
B2_D1_Guyan,B2,1,Guyan,full-grid,1218,18,11,41,1.0162429134336042,1.0115993549360729,-0.09703815845810887,0,0,1,UNSTABLE,1.9737954191130473e-16,1.1671942628602299e-16,1
B2_D1_Guyan,B2,1,Guyan,full-grid,1219,18,12,42,1.0166365334950707,1.0120303987734345,-0.096665987789693292,0,0,1,UNSTABLE,1.1388749937536965e-16,1.1671942628602297e-16,1
B2_D1_Guyan,B2,1,Guyan,full-grid,1220,18,13,43,1.0169790005032417,1.0124124480511096,-0.096266933553177184,0,0,1,UNSTABLE,1.1469673102255756e-16,1.1671942628602299e-16,1
B2_D1_Guyan,B2,1,Guyan,full-grid,1221,18,14,44,1.0172709705615826,1.0127455261752747,-0.095847413941483772,0,0,1,UNSTABLE,1.4956482172350565e-16,1.1671942628602299e-16,1
B2_D1_Guyan,B2,1,Guyan,full-grid,1222,18,15,45,1.0175138103826744,1.0130304347336581,-0.095413272781122535,0,0,1,UNSTABLE,3.2337548567364428e-16,1.1671942628602299e-16,1
B2_D1_Guyan,B2,1,Guyan,full-grid,1223,18,16,46,1.017709410886275,1.0132685701675732,-0.094969730530577737,0,0,1,UNSTABLE,3.4505041832469011e-16,1.1671942628602297e-16,1
B2_D1_Guyan,B2,1,Guyan,full-grid,1224,18,17,47,1.0178600241436115,1.0134617596528317,-0.094521375735965515,0,0,1,UNSTABLE,1.3683977989804933e-16,1.1671942628602297e-16,1
B2_D1_Guyan,B2,1,Guyan,full-grid,1225,18,18,48,1.0179681268974892,1.0136121207287885,-0.094072185532550104,0,0,1,UNSTABLE,1.4380415095232776e-16,1.1671942628602297e-16,1
B2_D1_Guyan,B2,1,Guyan,full-grid,1226,18,19,49,1.0180363105856327,1.0137219457000857,-0.093625565295166385,0,0,1,UNSTABLE,2.8530042148535926e-16,1.1671942628602297e-16,1
B2_D1_Guyan,B2,1,Guyan,full-grid,1227,18,20,50,1.0180671957710521,1.0137936095647859,-0.0931843995030084,0,0,1,UNSTABLE,2.2663240300124612e-16,1.1671942628602297e-16,1
B2_D1_Guyan,B2,1,Guyan,full-grid,1228,18,21,51,1.0180633678496169,1.0138294989534231,-0.092751107859451648,0,0,1,UNSTABLE,1.5712912060511315e-16,1.1671942628602299e-16,1
B2_D1_Guyan,B2,1,Guyan,full-grid,1229,18,22,52,1.0180273305616636,1.0138319590195501,-0.092327702457538754,0,0,1,UNSTABLE,2.2922591776679051e-16,1.1671942628602299e-16,1
B2_D1_Guyan,B2,1,Guyan,full-grid,1230,18,23,53,1.0179614739226346,1.0138032551523897,-0.091915843210850001,0,0,1,UNSTABLE,1.5830696701106404e-16,1.1671942628602297e-16,1
B2_D1_Guyan,B2,1,Guyan,full-grid,1231,18,24,54,1.0178680535142379,1.0137455465913705,-0.091516889867538698,0,0,1,UNSTABLE,2.4533915171563078e-16,1.1671942628602299e-16,1
B2_D1_Guyan,B2,1,Guyan,full-grid,1232,18,25,55,1.0177491785086481,1.0136608693708815,-0.091131949728382719,0,0,1,UNSTABLE,1.8540791507187432e-16,1.1671942628602297e-16,1
B2_D1_Guyan,B2,1,Guyan,full-grid,1233,18,26,56,1.0176068062513941,1.0135511264217238,-0.090761920751034078,0,0,1,UNSTABLE,2.1945303655335825e-16,1.1671942628602297e-16,1
B2_D1_Guyan,B2,1,Guyan,full-grid,1234,18,27,57,1.0174427416556311,1.0134180830484585,-0.090407530096307934,0,0,1,UNSTABLE,1.2039128200792009e-16,1.1671942628602299e-16,1
B2_D1_Guyan,B2,1,Guyan,full-grid,1235,18,28,58,1.0172586400396251,1.0132633663611581,-0.090069368409691652,0,0,1,UNSTABLE,2.0915597575570786e-16,1.1671942628602297e-16,1
B2_D1_Guyan,B2,1,Guyan,full-grid,1236,18,29,59,1.0170560123625882,1.0130884675535201,-0.089747920270887571,0,0,1,UNSTABLE,2.4681449891435595e-16,1.1671942628602299e-16,1
B2_D1_Guyan,B2,1,Guyan,full-grid,1237,18,30,60,1.0168362320834503,1.0128947461851747,-0.089443591319553442,0,0,1,UNSTABLE,1.743604491756426e-16,1.1671942628602299e-16,1
B2_D1_Guyan,B2,1,Guyan,full-grid,1238,18,31,61,1.0166005430885705,1.0126834358476748,-0.089156732598972888,0,0,1,UNSTABLE,1.906225790606062e-16,1.1671942628602299e-16,1
B2_D1_Guyan,B2,1,Guyan,full-grid,1239,18,32,62,1.0163500683170712,1.0124556507784679,-0.088887662669597273,0,0,1,UNSTABLE,2.1579201313177423e-16,1.1671942628602297e-16,1
B2_D1_Guyan,B2,1,Guyan,full-grid,1240,18,33,63,1.0160858188651418,1.0122123931426559,-0.088636688043177217,0,0,1,UNSTABLE,1.864831207690888e-16,1.1671942628602297e-16,1
B2_D1_Guyan,B2,1,Guyan,full-grid,1241,18,34,64,1.0158087034834091,1.0119545608377862,-0.088404122484464706,0,0,1,UNSTABLE,1.7918345875558317e-16,1.1671942628602297e-16,1
B2_D1_Guyan,B2,1,Guyan,full-grid,1242,18,35,65,1.0155195385041851,1.0116829558015512,-0.088190305727951751,0,0,1,UNSTABLE,2.7958854239509998e-16,1.1671942628602297e-16,1
B2_D1_Guyan,B2,1,Guyan,full-grid,1243,18,36,66,1.0152190583588137,1.0113982929265566,-0.087995622164986534,0,0,1,UNSTABLE,1.7110671446813073e-16,1.1671942628602297e-16,1
B2_D1_Guyan,B2,1,Guyan,full-grid,1244,18,37,67,1.0149079269810057,1.0111012098214924,-0.087820520075873404,0,0,1,UNSTABLE,1.7999202089130842e-16,1.1671942628602299e-16,1
B2_D1_Guyan,B2,1,Guyan,full-grid,1245,18,38,68,1.0145867505554615,1.0107922778195442,-0.087665532012688827,0,0,1,UNSTABLE,2.7800802481929555e-16,1.1671942628602299e-16,1
B2_D1_Guyan,B2,1,Guyan,full-grid,1246,18,39,69,1.0142560922800463,1.0104720148407038,-0.087531296979754952,0,0,1,UNSTABLE,2.241665011043955e-16,1.1671942628602297e-16,1
B2_D1_Guyan,B2,1,Guyan,full-grid,1247,18,40,70,1.0139164900897635,1.0101409009905229,-0.087418585106373278,0,0,1,UNSTABLE,2.0621056286686144e-16,1.1671942628602299e-16,1
B2_D1_Guyan,B2,1,Guyan,full-grid,1248,18,41,71,1.013568478676641,1.0097993981598905,-0.087328325546774901,0,0,1,UNSTABLE,1.3748697290570071e-16,1.1671942628602297e-16,1
B2_D1_Guyan,B2,1,Guyan,full-grid,1249,18,42,72,1.0132126176780811,1.0094479754273435,-0.087261638351034301,0,0,1,UNSTABLE,2.0982694325173098e-16,1.1671942628602297e-16,1
B2_D1_Guyan,B2,1,Guyan,full-grid,1250,18,43,73,1.0128495286632897,1.0090871428276507,-0.087219870977757186,0,0,1,UNSTABLE,2.9817478928978349e-16,1.1671942628602299e-16,1
B2_D1_Guyan,B2,1,Guyan,full-grid,1251,18,44,74,1.0124799446085357,1.0087174971318378,-0.087204639868439932,0,0,1,UNSTABLE,2.1023089342621074e-16,1.1671942628602297e-16,1
B2_D1_Guyan,B2,1,Guyan,full-grid,1252,18,45,75,1.0121047770228058,1.0083397848055204,-0.087217876898832952,0,0,1,UNSTABLE,8.9013935841134832e-17,1.1671942628602299e-16,1
B2_D1_Guyan,B2,1,Guyan,full-grid,1253,18,46,76,1.0117252078732339,1.0079549894106874,-0.087261879238528031,0,0,1,UNSTABLE,2.2320057442803226e-16,1.1671942628602299e-16,1
B2_D1_Guyan,B2,1,Guyan,full-grid,1254,18,47,77,1.0113428160130999,1.0075644534915436,-0.087339358605350192,0,0,1,UNSTABLE,1.4256927047635484e-16,1.1671942628602299e-16,1
B2_D1_Guyan,B2,1,Guyan,full-grid,1255,18,48,78,1.0109597507631065,1.0071700483576067,-0.087453481087597137,0,0,1,UNSTABLE,2.4597559260240037e-16,1.1671942628602297e-16,1
B2_D1_Guyan,B2,1,Guyan,full-grid,1256,18,49,79,1.0105789678541357,1.0067744085135324,-0.087607879961548812,0,0,1,UNSTABLE,3.5744236127129236e-16,1.1671942628602297e-16,1
B2_D1_Guyan,B2,1,Guyan,full-grid,1257,18,50,80,1.010204542849316,1.0063812487569213,-0.087806608770955238,0,0,1,UNSTABLE,2.0382701637782541e-16,1.1671942628602297e-16,1
B2_D1_Guyan,B2,1,Guyan,full-grid,1258,18,51,81,1.0098420690069174,1.0059957760327398,-0.088053977425537638,0,0,1,UNSTABLE,2.3119930089328565e-16,1.1671942628602297e-16,1
B2_D1_Guyan,B2,1,Guyan,full-grid,1259,18,52,82,1.0094991190730978,1.0056251838745078,-0.08835417911294606,0,0,1,UNSTABLE,4.6099151225589187e-16,1.1671942628602297e-16,1
B2_D1_Guyan,B2,1,Guyan,full-grid,1260,18,53,83,1.0091856844365972,1.0052791547319839,-0.088710578473543605,0,0,1,UNSTABLE,2.7467543148087296e-16,1.1671942628602299e-16,1
B2_D1_Guyan,B2,1,Guyan,full-grid,1261,18,54,84,1.0089143787524528,1.0049701699926277,-0.089124525684218955,0,0,1,UNSTABLE,2.9476345912708493e-16,1.1671942628602299e-16,1
B2_D1_Guyan,B2,1,Guyan,full-grid,1262,18,55,85,1.0087000150667866,1.0047132401291525,-0.08959366888857373,0,0,1,UNSTABLE,2.6446163998289179e-16,1.1671942628602297e-16,1
B2_D1_Guyan,B2,1,Guyan,full-grid,1263,18,56,86,1.008558054583468,1.0045245262744054,-0.090110074788402578,0,0,1,UNSTABLE,2.8022503673239034e-16,1.1671942628602299e-16,1
B2_D1_Guyan,B2,1,Guyan,full-grid,1264,18,57,87,1.0085016787627379,1.0044185265917447,-0.090659028819688889,0,0,1,UNSTABLE,2.1230566861157447e-16,1.1671942628602297e-16,1
B2_D1_Guyan,B2,1,Guyan,full-grid,1265,18,58,88,1.0085381187552009,1.0044043487836747,-0.091219740882783382,0,0,1,UNSTABLE,4.7542852736500853e-16,1.1671942628602297e-16,1
B2_D1_Guyan,B2,1,Guyan,full-grid,1266,18,59,89,1.0086659583622808,1.0044827276666042,-0.091768542422538582,0,0,1,UNSTABLE,2.730588941194491e-16,1.1671942628602299e-16,1
B2_D1_Guyan,B2,1,Guyan,full-grid,1267,18,60,90,1.0088751198649211,1.0046455915764381,-0.092283491527399064,0,0,1,UNSTABLE,3.2528611352692272e-16,1.1671942628602297e-16,1
B2_D1_Guyan,B2,1,Guyan,full-grid,1268,18,61,91,1.0091496034012193,1.0048784515241795,-0.092748152041998433,0,0,1,UNSTABLE,3.816318205106e-16,1.1671942628602299e-16,1
B2_D1_Guyan,B2,1,Guyan,full-grid,1269,18,62,92,1.009471319802431,1.0051640950081115,-0.093153033284943759,0,0,1,UNSTABLE,1.907349959895688e-16,1.1671942628602299e-16,1
B2_D1_Guyan,B2,1,Guyan,full-grid,1270,18,63,93,1.0098232131677736,1.0054857686067629,-0.093494871419528572,0,0,1,UNSTABLE,3.0548394109867312e-16,1.1671942628602299e-16,1
B2_D1_Guyan,B2,1,Guyan,full-grid,1271,18,64,94,1.0101909380404137,1.0058290127428093,-0.093774881625075315,0,0,1,UNSTABLE,2.5034213306004071e-16,1.1671942628602297e-16,1
B2_D1_Guyan,B2,1,Guyan,full-grid,1272,18,65,95,1.0105633101015399,1.0061822764369821,-0.093996969671760175,0,0,1,UNSTABLE,7.2257871238968425e-16,1.1671942628602297e-16,1
B2_D1_Guyan,B2,1,Guyan,full-grid,1273,18,66,96,1.0109320585156951,1.0065367970760264,-0.094166358465828381,0,0,1,UNSTABLE,4.1830037973024669e-16,1.1671942628602297e-16,1
B2_D1_Guyan,B2,1,Guyan,full-grid,1274,19,0,31,1.0091621778297504,1.0045666531815249,-0.096198443218975069,0,0,1,UNSTABLE,1.1635905084168316e-16,9.3446663334799891e-17,1
B2_D1_Guyan,B2,1,Guyan,full-grid,1275,19,1,32,1.0098216059068705,1.005199435397707,-0.096507879639240873,0,0,1,UNSTABLE,1.9380457289293243e-16,1.1671942628602297e-16,1
B2_D1_Guyan,B2,1,Guyan,full-grid,1276,19,2,33,1.0104999092245122,1.0058578392295878,-0.096747474401824851,0,0,1,UNSTABLE,2.7371761277322974e-16,1.1671942628602299e-16,1
B2_D1_Guyan,B2,1,Guyan,full-grid,1277,19,3,34,1.0111873730666991,1.0065324343864863,-0.096914199050217087,0,0,1,UNSTABLE,2.2875151923762337e-16,1.1671942628602297e-16,1
B2_D1_Guyan,B2,1,Guyan,full-grid,1278,19,4,35,1.0118739638571532,1.0072132859861063,-0.097006779479876806,0,0,1,UNSTABLE,1.5636462415025394e-16,1.1671942628602299e-16,1
B2_D1_Guyan,B2,1,Guyan,full-grid,1279,19,5,36,1.0125497811791195,1.0078903991428487,-0.097025783591539308,0,0,1,UNSTABLE,2.5910797000216582e-16,1.1671942628602299e-16,1
B2_D1_Guyan,B2,1,Guyan,full-grid,1280,19,6,37,1.013205500162266,1.0085541693718274,-0.096973568572940774,0,0,1,UNSTABLE,2.2793153311223279e-16,1.1671942628602299e-16,1
B2_D1_Guyan,B2,1,Guyan,full-grid,1281,19,7,38,1.0138327545771864,1.0091957878384317,-0.096854096778260498,0,0,1,UNSTABLE,1.8311716376862907e-16,1.1671942628602297e-16,1
B2_D1_Guyan,B2,1,Guyan,full-grid,1282,19,8,39,1.014424422690434,1.0098075600295511,-0.096672648965385605,0,0,1,UNSTABLE,1.6682562707660441e-16,1.1671942628602299e-16,1
B2_D1_Guyan,B2,1,Guyan,full-grid,1283,19,9,40,1.0149747961978257,1.0103831134177663,-0.096435476029514439,0,0,1,UNSTABLE,1.8296935676482018e-16,1.1671942628602297e-16,1
B2_D1_Guyan,B2,1,Guyan,full-grid,1284,19,10,41,1.0154796320402961,1.0109174890101076,-0.096149433187067035,0,0,1,UNSTABLE,1.0287402278897175e-16,1.1671942628602299e-16,1
B2_D1_Guyan,B2,1,Guyan,full-grid,1285,19,11,42,1.0159361028065756,1.0114071283508577,-0.095821634858129306,0,0,1,UNSTABLE,1.5097352536873338e-16,1.1671942628602297e-16,1
B2_D1_Guyan,B2,1,Guyan,full-grid,1286,19,12,43,1.0163426710031587,1.011849778452911,-0.095459157479153484,0,0,1,UNSTABLE,2.2216564827921542e-16,1.1671942628602299e-16,1
B2_D1_Guyan,B2,1,Guyan,full-grid,1287,19,13,44,1.0166989154100379,1.0122443415152478,-0.095068804906287621,0,0,1,UNSTABLE,1.2373366134510581e-16,1.1671942628602297e-16,1
B2_D1_Guyan,B2,1,Guyan,full-grid,1288,19,14,45,1.0170053354851221,1.0125906952616122,-0.094656939918903116,0,0,1,UNSTABLE,2.4725444911309484e-16,1.1671942628602299e-16,1
B2_D1_Guyan,B2,1,Guyan,full-grid,1289,19,15,46,1.0172631544950863,1.0128895053083322,-0.094229377210802878,0,0,1,UNSTABLE,1.7788055192807063e-16,1.1671942628602297e-16,1
B2_D1_Guyan,B2,1,Guyan,full-grid,1290,19,16,47,1.0174741357529551,1.0131420451370707,-0.09379132849947365,0,0,1,UNSTABLE,2.2114422779735282e-16,1.1671942628602297e-16,1
B2_D1_Guyan,B2,1,Guyan,full-grid,1291,19,17,48,1.0176404204514149,1.013350033501434,-0.09334738849681308,0,0,1,UNSTABLE,1.1660011296791392e-16,1.1671942628602297e-16,1
B2_D1_Guyan,B2,1,Guyan,full-grid,1292,19,18,49,1.0177643908407901,1.0135154942844795,-0.092901550626516671,0,0,1,UNSTABLE,1.8572014299869431e-16,1.1671942628602299e-16,1
B2_D1_Guyan,B2,1,Guyan,full-grid,1293,19,19,50,1.0178485591257354,1.0136406402600771,-0.092457242698863365,0,0,1,UNSTABLE,2.2827289884626823e-16,1.1671942628602297e-16,1
B2_D1_Guyan,B2,1,Guyan,full-grid,1294,19,20,51,1.0178954803314184,1.0137277798561788,-0.092017374593017828,0,0,1,UNSTABLE,2.170430341448199e-16,1.1671942628602299e-16,1
B2_D1_Guyan,B2,1,Guyan,full-grid,1295,19,21,52,1.0179076862589576,1.0137792446606433,-0.091584391903641829,0,0,1,UNSTABLE,2.8157616318077324e-16,1.1671942628602299e-16,1
B2_D1_Guyan,B2,1,Guyan,full-grid,1296,19,22,53,1.0178876372220369,1.0137973347863865,-0.091160331227352648,0,0,1,UNSTABLE,1.3356402463232419e-16,1.1671942628602299e-16,1
B2_D1_Guyan,B2,1,Guyan,full-grid,1297,19,23,54,1.0178376882795199,1.0137842790787917,-0.090746874187994112,0,0,1,UNSTABLE,1.6776236464075253e-16,1.1671942628602297e-16,1
B2_D1_Guyan,B2,1,Guyan,full-grid,1298,19,24,55,1.0177600669571958,1.0137422073089848,-0.090345398405359226,0,0,1,UNSTABLE,1.733760357581766e-16,1.1671942628602299e-16,1
B2_D1_Guyan,B2,1,Guyan,full-grid,1299,19,25,56,1.0176568598500657,1.0136731318111538,-0.089957024428688762,0,0,1,UNSTABLE,2.6003338945259062e-16,1.1671942628602297e-16,1
B2_D1_Guyan,B2,1,Guyan,full-grid,1300,19,26,57,1.0175300059276224,1.0135789363966259,-0.089582658233342938,0,0,1,UNSTABLE,1.5606889569994614e-16,1.1671942628602299e-16,1
B2_D1_Guyan,B2,1,Guyan,full-grid,1301,19,27,58,1.0173812947779646,1.0134613707549152,-0.089223029267425508,0,0,1,UNSTABLE,1.1446920054684956e-16,1.1671942628602297e-16,1
B2_D1_Guyan,B2,1,Guyan,full-grid,1302,19,28,59,1.0172123683968464,1.0133220489010455,-0.088878724284886496,0,0,1,UNSTABLE,1.3352218216822818e-16,1.1671942628602299e-16,1
B2_D1_Guyan,B2,1,Guyan,full-grid,1303,19,29,60,1.0170247254457492,1.0131624505354506,-0.088550217351522825,0,0,1,UNSTABLE,1.5787425362603353e-16,1.1671942628602297e-16,1
B2_D1_Guyan,B2,1,Guyan,full-grid,1304,19,30,61,1.0168197271677502,1.0129839244430485,-0.088237896492708009,0,0,1,UNSTABLE,8.6131472431388539e-17,1.1671942628602299e-16,1
B2_D1_Guyan,B2,1,Guyan,full-grid,1305,19,31,62,1.0165986043675719,1.0127876932752873,-0.087942087490673879,0,0,1,UNSTABLE,2.1160678249692397e-16,1.1671942628602297e-16,1
B2_D1_Guyan,B2,1,Guyan,full-grid,1306,19,32,63,1.0163624650393961,1.0125748592379433,-0.087663075352263919,0,0,1,UNSTABLE,2.5848297575719087e-16,1.1671942628602297e-16,1
B2_D1_Guyan,B2,1,Guyan,full-grid,1307,19,33,64,1.0161123023713658,1.0123464103554165,-0.0874011239684062,0,0,1,UNSTABLE,1.2489437641843578e-16,1.1671942628602297e-16,1
B2_D1_Guyan,B2,1,Guyan,full-grid,1308,19,34,65,1.0158490029779856,1.0121032271072075,-0.087156494482879376,0,0,1,UNSTABLE,2.182908435870357e-16,1.1671942628602299e-16,1
B2_D1_Guyan,B2,1,Guyan,full-grid,1309,19,35,66,1.0155733553194595,1.0118460893420567,-0.086929462888087755,0,0,1,UNSTABLE,1.6934658943055575e-16,1.1671942628602297e-16,1
B2_D1_Guyan,B2,1,Guyan,full-grid,1310,19,36,67,1.0152860583688978,1.0115756834781209,-0.086720337372646741,0,0,1,UNSTABLE,3.7577474293018234e-16,1.1671942628602299e-16,1
B2_D1_Guyan,B2,1,Guyan,full-grid,1311,19,37,68,1.0149877306948083,1.0112926101035162,-0.086529475966366079,0,0,1,UNSTABLE,1.5181610129262726e-16,1.1671942628602299e-16,1
B2_D1_Guyan,B2,1,Guyan,full-grid,1312,19,38,69,1.0146789202475024,1.010997392210768,-0.086357305062535902,0,0,1,UNSTABLE,2.3000729965759054e-16,1.1671942628602299e-16,1
B2_D1_Guyan,B2,1,Guyan,full-grid,1313,19,39,70,1.0143601152895851,1.0106904844462967,-0.086204339449997031,0,0,1,UNSTABLE,2.1379332641156863e-16,1.1671942628602297e-16,1
B2_D1_Guyan,B2,1,Guyan,full-grid,1314,19,40,71,1.0140317571105699,1.0103722839501406,-0.086071204558357053,0,0,1,UNSTABLE,2.0498042400038643e-16,1.1671942628602299e-16,1
B2_D1_Guyan,B2,1,Guyan,full-grid,1315,19,41,72,1.0136942554409254,1.0100431436287645,-0.085958661706980063,0,0,1,UNSTABLE,1.3106794751988536e-16,1.1671942628602297e-16,1
B2_D1_Guyan,B2,1,Guyan,full-grid,1316,19,42,73,1.0133480078689012,1.009703389083064,-0.085867637245037626,0,0,1,UNSTABLE,2.5120399561690273e-16,1.1671942628602299e-16,1
B2_D1_Guyan,B2,1,Guyan,full-grid,1317,19,43,74,1.0129934251184916,1.0093533409600768,-0.085799256558690765,0,0,1,UNSTABLE,2.4588118233891657e-16,1.1671942628602297e-16,1
B2_D1_Guyan,B2,1,Guyan,full-grid,1318,19,44,75,1.01263096484613,1.0089933452913122,-0.085754883960336675,0,0,1,UNSTABLE,1.7660298060441236e-16,1.1671942628602299e-16,1
B2_D1_Guyan,B2,1,Guyan,full-grid,1319,19,45,76,1.0122611777659347,1.0086238155384928,-0.0857361693840442,0,0,1,UNSTABLE,1.6437329893689773e-16,1.1671942628602297e-16,1
B2_D1_Guyan,B2,1,Guyan,full-grid,1320,19,46,77,1.0118847715653849,1.0082452917500944,-0.085745102423977967,0,0,1,UNSTABLE,2.5214276581661474e-16,1.1671942628602299e-16,1
B2_D1_Guyan,B2,1,Guyan,full-grid,1321,19,47,78,1.0115027004057628,1.0078585246471403,-0.085784073255122759,0,0,1,UNSTABLE,3.2759452801866785e-16,1.1671942628602297e-16,1
B2_D1_Guyan,B2,1,Guyan,full-grid,1322,19,48,79,1.0111162909892624,1.0074645958316992,-0.085855937765268633,0,0,1,UNSTABLE,3.2021636607018095e-16,1.1671942628602297e-16,1
B2_D1_Guyan,B2,1,Guyan,full-grid,1323,19,49,80,1.0107274202523167,1.0070650897785547,-0.085964079703181165,0,0,1,UNSTABLE,1.9004310826075471e-16,1.1671942628602297e-16,1
B2_D1_Guyan,B2,1,Guyan,full-grid,1324,19,50,81,1.0103387642248587,1.0066623385161795,-0.086112453852802709,0,0,1,UNSTABLE,4.2972531960963222e-16,1.1671942628602299e-16,1
B2_D1_Guyan,B2,1,Guyan,full-grid,1325,19,51,82,1.009954140540771,1.0062597642799382,-0.086305577958383853,0,0,1,UNSTABLE,3.1839324958337341e-16,1.1671942628602297e-16,1
B2_D1_Guyan,B2,1,Guyan,full-grid,1326,19,52,83,1.0095789630457932,1.0058623438971819,-0.086548412777395001,0,0,1,UNSTABLE,4.5987240515829636e-16,1.1671942628602299e-16,1
B2_D1_Guyan,B2,1,Guyan,full-grid,1327,19,53,84,1.0092208031020957,1.005477198818328,-0.086846025070164659,0,0,1,UNSTABLE,3.6214320210324479e-16,1.1671942628602299e-16,1
B2_D1_Guyan,B2,1,Guyan,full-grid,1328,19,54,85,1.0088899833114524,1.0051142510258058,-0.087202871575518315,0,0,1,UNSTABLE,2.8994755128858388e-16,1.1671942628602299e-16,1
B2_D1_Guyan,B2,1,Guyan,full-grid,1329,19,55,86,1.0085999792293208,1.0047867383775761,-0.087621506959985107,0,0,1,UNSTABLE,2.1487555947823738e-16,1.1671942628602297e-16,1
B2_D1_Guyan,B2,1,Guyan,full-grid,1330,19,56,87,1.0083671603893156,1.0045111314001087,-0.088100607517119484,0,0,1,UNSTABLE,2.0975529264903292e-16,1.1671942628602299e-16,1
B2_D1_Guyan,B2,1,Guyan,full-grid,1331,19,57,88,1.0082091866334097,1.0043057438895739,-0.088632594469592055,0,0,1,UNSTABLE,2.4425777598950201e-16,1.1671942628602297e-16,1
B2_D1_Guyan,B2,1,Guyan,full-grid,1332,19,58,89,1.0081415951595494,1.0041874802989805,-0.089201907499926,0,0,1,UNSTABLE,2.6791876619779466e-16,1.1671942628602299e-16,1
B2_D1_Guyan,B2,1,Guyan,full-grid,1333,19,59,90,1.0081732443183899,1.0041672359484104,-0.089785593539261133,0,0,1,UNSTABLE,3.4185628259645203e-16,1.1671942628602297e-16,1
B2_D1_Guyan,B2,1,Guyan,full-grid,1334,19,60,91,1.0083028548730879,1.0042461026639238,-0.090357138232344494,0,0,1,UNSTABLE,3.9192584971435795e-16,1.1671942628602299e-16,1
B2_D1_Guyan,B2,1,Guyan,full-grid,1335,19,61,92,1.008518997737939,1.0044148473600067,-0.090892151482464614,0,0,1,UNSTABLE,3.1004257360118488e-16,1.1671942628602297e-16,1
B2_D1_Guyan,B2,1,Guyan,full-grid,1336,19,62,93,1.0088035886060631,1.0046569934672085,-0.091372894568908264,0,0,1,UNSTABLE,1.9004195721911029e-16,1.1671942628602299e-16,1
B2_D1_Guyan,B2,1,Guyan,full-grid,1337,19,63,94,1.0091365828129129,1.004953375228937,-0.091789740098173256,0,0,1,UNSTABLE,6.027288774090641e-16,1.1671942628602297e-16,1
B2_D1_Guyan,B2,1,Guyan,full-grid,1338,19,64,95,1.0094995560929325,1.0052858158790423,-0.092140013806358362,0,0,1,UNSTABLE,4.0714538897982088e-16,1.1671942628602297e-16,1
B2_D1_Guyan,B2,1,Guyan,full-grid,1339,19,65,96,1.0098774198539611,1.0056390398921575,-0.092425778739877965,0,0,1,UNSTABLE,3.3271332707069685e-16,1.1671942628602297e-16,1
B2_D1_Guyan,B2,1,Guyan,full-grid,1340,19,66,97,1.0102587096871749,1.0060011495422365,-0.09265175453543506,0,0,1,UNSTABLE,2.9615866539268175e-16,1.1671942628602299e-16,1
B2_D1_Guyan,B2,1,Guyan,full-grid,1341,20,0,32,1.0087151288732557,1.0042393317527836,-0.094918785171908979,0,0,1,UNSTABLE,1.0252931947420493e-16,9.3446663334799891e-17,1
B2_D1_Guyan,B2,1,Guyan,full-grid,1342,20,1,33,1.0093737984044577,1.0048708536578785,-0.095236717574312901,0,0,1,UNSTABLE,1.0912916309517232e-16,1.1671942628602297e-16,1
B2_D1_Guyan,B2,1,Guyan,full-grid,1343,20,2,34,1.0100522603263253,1.0055287233037011,-0.095485890065221443,0,0,1,UNSTABLE,1.6245258010594721e-16,1.1671942628602297e-16,1
B2_D1_Guyan,B2,1,Guyan,full-grid,1344,20,3,35,1.0107410388414708,1.0062037623806486,-0.095663139031515548,0,0,1,UNSTABLE,1.8497925926206133e-16,1.1671942628602299e-16,1
B2_D1_Guyan,B2,1,Guyan,full-grid,1345,20,4,36,1.0114302925456313,1.0068862491208099,-0.095766998545259524,0,0,1,UNSTABLE,1.9159838164041265e-16,1.1671942628602299e-16,1
B2_D1_Guyan,B2,1,Guyan,full-grid,1346,20,5,37,1.0121102534726472,1.0075663483745094,-0.09579780168523,0,0,1,UNSTABLE,1.2722612567599777e-16,1.1671942628602297e-16,1
B2_D1_Guyan,B2,1,Guyan,full-grid,1347,20,6,38,1.0127716627677146,1.0082345531727908,-0.095757645615084541,0,0,1,UNSTABLE,1.3602118037037254e-16,1.1671942628602299e-16,1
B2_D1_Guyan,B2,1,Guyan,full-grid,1348,20,7,39,1.0134061541136408,1.0088820879204272,-0.095650226705008251,0,0,1,UNSTABLE,4.2098358533644906e-16,1.1671942628602297e-16,1
B2_D1_Guyan,B2,1,Guyan,full-grid,1349,20,8,40,1.0140065463536885,1.0095012315435117,-0.095480571637733616,0,0,1,UNSTABLE,4.4887374346570237e-16,1.1671942628602297e-16,1
B2_D1_Guyan,B2,1,Guyan,full-grid,1350,20,9,41,1.0145670238954352,1.0100855347244213,-0.095254703382669559,0,0,1,UNSTABLE,1.3995662934060919e-16,1.1671942628602299e-16,1
B2_D1_Guyan,B2,1,Guyan,full-grid,1351,20,10,42,1.0150832024138028,1.0106299240036885,-0.094979284746518053,0,0,1,UNSTABLE,1.9626413445330041e-16,1.1671942628602297e-16,1
B2_D1_Guyan,B2,1,Guyan,full-grid,1352,20,11,43,1.0155520933360811,1.011130702137466,-0.094661277586409437,0,0,1,UNSTABLE,1.2651940417900306e-16,1.1671942628602299e-16,1
B2_D1_Guyan,B2,1,Guyan,full-grid,1353,20,12,44,1.0159719906842406,1.0115854654133924,-0.09430764560346519,0,0,1,UNSTABLE,3.0050908274222309e-16,1.1671942628602299e-16,1
B2_D1_Guyan,B2,1,Guyan,full-grid,1354,20,13,45,1.0163423074932962,1.0119929636540832,-0.093925116531327846,0,0,1,UNSTABLE,2.8406577671975737e-16,1.1671942628602299e-16,1
B2_D1_Guyan,B2,1,Guyan,full-grid,1355,20,14,46,1.0166633874340125,1.0123529282627177,-0.093520008483220354,0,0,1,UNSTABLE,1.8140271124263379e-16,1.1671942628602297e-16,1
B2_D1_Guyan,B2,1,Guyan,full-grid,1356,20,15,47,1.0169363124744872,1.0126658897437761,-0.093098116944729456,0,0,1,UNSTABLE,2.1524823249762683e-16,1.1671942628602297e-16,1
B2_D1_Guyan,B2,1,Guyan,full-grid,1357,20,16,48,1.0171627214004093,1.0129330006132156,-0.092664653862161633,0,0,1,UNSTABLE,2.8363181876636625e-16,1.1671942628602297e-16,1
B2_D1_Guyan,B2,1,Guyan,full-grid,1358,20,17,49,1.017344648226929,1.0131558740038913,-0.092224228093191613,0,0,1,UNSTABLE,1.6376217557300887e-16,1.1671942628602297e-16,1
B2_D1_Guyan,B2,1,Guyan,full-grid,1359,20,18,50,1.0174843847790722,1.0133364434739343,-0.091780856374545597,0,0,1,UNSTABLE,1.5912177638085125e-16,1.1671942628602297e-16,1
B2_D1_Guyan,B2,1,Guyan,full-grid,1360,20,19,51,1.0175843682614711,1.0134768459026904,-0.091337995101883243,0,0,1,UNSTABLE,2.2546749304161094e-16,1.1671942628602299e-16,1
B2_D1_Guyan,B2,1,Guyan,full-grid,1361,20,20,52,1.0176470924115313,1.0135793269151452,-0.090898584938848045,0,0,1,UNSTABLE,1.8427224519000055e-16,1.1671942628602299e-16,1
B2_D1_Guyan,B2,1,Guyan,full-grid,1362,20,21,53,1.0176750395985292,1.0136461668261905,-0.090465102113682402,0,0,1,UNSTABLE,1.6702885929902089e-16,1.1671942628602297e-16,1
B2_D1_Guyan,B2,1,Guyan,full-grid,1363,20,22,54,1.0176706307187047,1.0136796243914292,-0.090039611955278029,0,0,1,UNSTABLE,1.4411061729161865e-16,1.1671942628602299e-16,1
B2_D1_Guyan,B2,1,Guyan,full-grid,1364,20,23,55,1.0176361896939805,1.0136818954530944,-0.089623821640814755,0,0,1,UNSTABLE,1.8008625639845568e-16,1.1671942628602297e-16,1
B2_D1_Guyan,B2,1,Guyan,full-grid,1365,20,24,56,1.0175739196133495,1.0136550836827831,-0.089219130243044439,0,0,1,UNSTABLE,1.5096206842532506e-16,1.1671942628602297e-16,1
B2_D1_Guyan,B2,1,Guyan,full-grid,1366,20,25,57,1.0174858879225823,1.0136011809041561,-0.088826674998593716,0,0,1,UNSTABLE,2.3868766755490809e-16,1.1671942628602299e-16,1
B2_D1_Guyan,B2,1,Guyan,full-grid,1367,20,26,58,1.0173740184781166,1.0135220548308732,-0.088447373311564811,0,0,1,UNSTABLE,1.938437183483195e-16,1.1671942628602297e-16,1
B2_D1_Guyan,B2,1,Guyan,full-grid,1368,20,27,59,1.0172400886823174,1.013419442418789,-0.08808196041188017,0,0,1,UNSTABLE,1.7129230271133021e-16,1.1671942628602299e-16,1
B2_D1_Guyan,B2,1,Guyan,full-grid,1369,20,28,60,1.0170857302799921,1.0132949473716222,-0.087731022850108059,0,0,1,UNSTABLE,2.5723247172834365e-16,1.1671942628602299e-16,1
B2_D1_Guyan,B2,1,Guyan,full-grid,1370,20,29,61,1.0169124327096581,1.01315004064081,-0.087395028170943495,0,0,1,UNSTABLE,1.5093545847507753e-16,1.1671942628602299e-16,1
B2_D1_Guyan,B2,1,Guyan,full-grid,1371,20,30,62,1.0167215481653111,1.0129860630172267,-0.087074351197848204,0,0,1,UNSTABLE,1.7595327970731003e-16,1.1671942628602297e-16,1
B2_D1_Guyan,B2,1,Guyan,full-grid,1372,20,31,63,1.0165142977390553,1.012804229126087,-0.086769297405461826,0,0,1,UNSTABLE,1.5538029341024697e-16,1.1671942628602297e-16,1
B2_D1_Guyan,B2,1,Guyan,full-grid,1373,20,32,64,1.0162917781890437,1.01260563231182,-0.086480123872644241,0,0,1,UNSTABLE,2.8612043552718862e-16,1.1671942628602297e-16,1
B2_D1_Guyan,B2,1,Guyan,full-grid,1374,20,33,65,1.016054969017592,1.0123912500425747,-0.086207058310631191,0,0,1,UNSTABLE,1.5871540258399444e-16,1.1671942628602297e-16,1
B2_D1_Guyan,B2,1,Guyan,full-grid,1375,20,34,66,1.0158047396593957,1.0121619495816789,-0.085950316657399703,0,0,1,UNSTABLE,1.6025797771101512e-16,1.1671942628602297e-16,1
B2_D1_Guyan,B2,1,Guyan,full-grid,1376,20,35,67,1.015541856676637,1.0119184937723624,-0.085710119727509387,0,0,1,UNSTABLE,1.927676492717427e-16,1.1671942628602299e-16,1
B2_D1_Guyan,B2,1,Guyan,full-grid,1377,20,36,68,1.0152669909443774,1.01166154686981,-0.085486709412830375,0,0,1,UNSTABLE,2.0286108396034154e-16,1.1671942628602299e-16,1
B2_D1_Guyan,B2,1,Guyan,full-grid,1378,20,37,69,1.0149807248938536,1.0113916804386269,-0.085280364947525861,0,0,1,UNSTABLE,2.4086380156508474e-16,1.1671942628602297e-16,1
B2_D1_Guyan,B2,1,Guyan,full-grid,1379,20,38,70,1.0146835599713595,1.0111093794220443,-0.085091419784371986,0,0,1,UNSTABLE,1.0374813709657413e-16,1.1671942628602299e-16,1
B2_D1_Guyan,B2,1,Guyan,full-grid,1380,20,39,71,1.0143759245785446,1.010815048593436,-0.08492027968410451,0,0,1,UNSTABLE,1.6347298220893382e-16,1.1671942628602297e-16,1
B2_D1_Guyan,B2,1,Guyan,full-grid,1381,20,40,72,1.0140581828979607,1.010509019732545,-0.084767442697564629,0,0,1,UNSTABLE,2.3368685916355163e-16,1.1671942628602297e-16,1
B2_D1_Guyan,B2,1,Guyan,full-grid,1382,20,41,73,1.0137306451980188,1.010191560050179,-0.084633521827801747,0,0,1,UNSTABLE,2.3740909867369305e-16,1.1671942628602299e-16,1
B2_D1_Guyan,B2,1,Guyan,full-grid,1383,20,42,74,1.0133935804792187,1.0098628826409501,-0.084519271297151102,0,0,1,UNSTABLE,1.6805826305228172e-16,1.1671942628602297e-16,1
B2_D1_Guyan,B2,1,Guyan,full-grid,1384,20,43,75,1.0130472327130171,1.0095231601180481,-0.084425617514894843,0,0,1,UNSTABLE,1.8000133547699256e-16,1.1671942628602299e-16,1
B2_D1_Guyan,B2,1,Guyan,full-grid,1385,20,44,76,1.0126918424954423,1.009172543137272,-0.084353696034404416,0,0,1,UNSTABLE,3.0017104470843333e-16,1.1671942628602299e-16,1
B2_D1_Guyan,B2,1,Guyan,full-grid,1386,20,45,77,1.0123276767844738,1.0088111863462252,-0.084304895982211692,0,0,1,UNSTABLE,1.6656680763969558e-16,1.1671942628602299e-16,1
B2_D1_Guyan,B2,1,Guyan,full-grid,1387,20,46,78,1.0119550706496392,1.0084392855403335,-0.084280913571330066,0,0,1,UNSTABLE,4.1551747407499635e-16,1.1671942628602297e-16,1
B2_D1_Guyan,B2,1,Guyan,full-grid,1388,20,47,79,1.0115744868376846,1.00805713168496,-0.084283816240224824,0,0,1,UNSTABLE,2.9390791581402646e-16,1.1671942628602297e-16,1
B2_D1_Guyan,B2,1,Guyan,full-grid,1389,20,48,80,1.0111866017301032,1.0076651902777627,-0.084316118393548606,0,0,1,UNSTABLE,3.0842046904303264e-16,1.1671942628602297e-16,1
B2_D1_Guyan,B2,1,Guyan,full-grid,1390,20,49,81,1.0107924302963056,1.007264218688221,-0.084380868060951603,0,0,1,UNSTABLE,2.2521053614895073e-16,1.1671942628602297e-16,1
B2_D1_Guyan,B2,1,Guyan,full-grid,1391,20,50,82,1.0103935082798516,1.0068554400743579,-0.084481739842038828,0,0,1,UNSTABLE,2.4544744240685731e-16,1.1671942628602297e-16,1
B2_D1_Guyan,B2,1,Guyan,full-grid,1392,20,51,83,1.0099921571140886,1.0064408004595848,-0.084623120967265902,0,0,1,UNSTABLE,3.0240329257901807e-16,1.1671942628602299e-16,1
B2_D1_Guyan,B2,1,Guyan,full-grid,1393,20,52,84,1.0095918646761892,1.0060233446531202,-0.084810159965031412,0,0,1,UNSTABLE,3.4435840585803689e-16,1.1671942628602299e-16,1
B2_D1_Guyan,B2,1,Guyan,full-grid,1394,20,53,85,1.0091978179149195,1.0056077524975882,-0.085048714281784801,0,0,1,UNSTABLE,5.54189183953278e-16,1.1671942628602297e-16,1
B2_D1_Guyan,B2,1,Guyan,full-grid,1395,20,54,86,1.0088176072560044,1.0052010658983259,-0.08534507499908292,0,0,1,UNSTABLE,4.3894869421100819e-16,1.1671942628602299e-16,1
B2_D1_Guyan,B2,1,Guyan,full-grid,1396,20,55,87,1.0084620539428133,1.0048135761210715,-0.085705259379699361,0,0,1,UNSTABLE,2.3109000513993285e-16,1.1671942628602297e-16,1
B2_D1_Guyan,B2,1,Guyan,full-grid,1397,20,56,88,1.008145929460883,1.0044596669075936,-0.086133574432005297,0,0,1,UNSTABLE,3.4856586130879239e-16,1.1671942628602297e-16,1
B2_D1_Guyan,B2,1,Guyan,full-grid,1398,20,57,89,1.0078879839145145,1.0041580539124384,-0.086630196133040113,0,0,1,UNSTABLE,3.3967199991102067e-16,1.1671942628602299e-16,1
B2_D1_Guyan,B2,1,Guyan,full-grid,1399,20,58,90,1.0077092872896223,1.0039304084727634,-0.087187972986350615,0,0,1,UNSTABLE,2.355979320866462e-16,1.1671942628602297e-16,1
B2_D1_Guyan,B2,1,Guyan,full-grid,1400,20,59,91,1.0076290053530919,1.0037973720472535,-0.087789796103470596,0,0,1,UNSTABLE,3.2518212149485469e-16,1.1671942628602299e-16,1
B2_D1_Guyan,B2,1,Guyan,full-grid,1401,20,60,92,1.0076583057761588,1.0037724379438264,-0.088409015513044836,0,0,1,UNSTABLE,3.6626225412058969e-16,1.1671942628602299e-16,1
B2_D1_Guyan,B2,1,Guyan,full-grid,1402,20,61,93,1.007795636999077,1.0038567974412831,-0.089014471774572848,0,0,1,UNSTABLE,2.4416831824853289e-16,1.1671942628602299e-16,1
B2_D1_Guyan,B2,1,Guyan,full-grid,1403,20,62,94,1.008026916567812,1.0040388587990399,-0.089578091890439623,0,0,1,UNSTABLE,6.5138942214458476e-16,1.1671942628602297e-16,1
B2_D1_Guyan,B2,1,Guyan,full-grid,1404,20,63,95,1.0083305012084771,1.0042987088816893,-0.090080536221264954,0,0,1,UNSTABLE,2.796969524583757e-16,1.1671942628602297e-16,1
B2_D1_Guyan,B2,1,Guyan,full-grid,1405,20,64,96,1.0086833151014905,1.0046141196035396,-0.090512434821619026,0,0,1,UNSTABLE,1.8543690519839741e-16,1.1671942628602297e-16,1
B2_D1_Guyan,B2,1,Guyan,full-grid,1406,20,65,97,1.0090650160883745,1.0049648862328531,-0.090872350758743919,0,0,1,UNSTABLE,3.0448278333679353e-16,1.1671942628602297e-16,1
B2_D1_Guyan,B2,1,Guyan,full-grid,1407,20,66,98,1.0094596078356752,1.0053347009114066,-0.091163803097105409,0,0,1,UNSTABLE,3.1173603587776591e-16,1.1671942628602297e-16,1
B2_D1_Guyan,B2,1,Guyan,full-grid,1408,21,0,33,1.0081926511184272,1.0038287410256177,-0.093703150748125505,0,0,1,UNSTABLE,1.8853047759830407e-16,9.3446663334799879e-17,1
B2_D1_Guyan,B2,1,Guyan,full-grid,1409,21,1,34,1.0088512777863714,1.0044597505562005,-0.094029305026516907,0,0,1,UNSTABLE,1.6363136595283122e-16,1.1671942628602297e-16,1
B2_D1_Guyan,B2,1,Guyan,full-grid,1410,21,2,35,1.0095306241941686,1.0051178548088875,-0.094287746448028606,0,0,1,UNSTABLE,1.1965638368292837e-16,1.1671942628602299e-16,1
B2_D1_Guyan,B2,1,Guyan,full-grid,1411,21,3,36,1.0102214465399508,1.0057941213500043,-0.094475163440151957,0,0,1,UNSTABLE,3.44124524339554e-16,1.1671942628602299e-16,1
B2_D1_Guyan,B2,1,Guyan,full-grid,1412,21,4,37,1.0109140858637622,1.0064790321108927,-0.094589888037182476,0,0,1,UNSTABLE,1.9561961954355244e-16,1.1671942628602299e-16,1
B2_D1_Guyan,B2,1,Guyan,full-grid,1413,21,5,38,1.0115988951407648,1.0071628999496534,-0.094632011576530034,0,0,1,UNSTABLE,1.5903065276795803e-16,1.1671942628602297e-16,1
B2_D1_Guyan,B2,1,Guyan,full-grid,1414,21,6,39,1.0122666693398368,1.0078363025008565,-0.094603367898656462,0,0,1,UNSTABLE,1.1009437328842878e-16,1.1671942628602299e-16,1
B2_D1_Guyan,B2,1,Guyan,full-grid,1415,21,7,40,1.0129090302075638,1.0084904844148461,-0.09450738765163641,0,0,1,UNSTABLE,2.3561163367135012e-16,1.1671942628602297e-16,1
B2_D1_Guyan,B2,1,Guyan,full-grid,1416,21,8,41,1.0135187264953385,1.0091176859257924,-0.09434884688487824,0,0,1,UNSTABLE,1.7420502463409403e-16,1.1671942628602299e-16,1
B2_D1_Guyan,B2,1,Guyan,full-grid,1417,21,9,42,1.0140898264161891,1.0097113703594287,-0.094133546664835296,0,0,1,UNSTABLE,1.2408085848580856e-16,1.1671942628602297e-16,1
B2_D1_Guyan,B2,1,Guyan,full-grid,1418,21,10,43,1.014617797551463,1.0102663412192583,-0.093867965289734123,0,0,1,UNSTABLE,2.5849876226437266e-16,1.1671942628602299e-16,1
B2_D1_Guyan,B2,1,Guyan,full-grid,1419,21,11,44,1.0150994854975406,1.0107787560761683,-0.093558921127200045,0,0,1,UNSTABLE,2.3448531492764464e-16,1.1671942628602297e-16,1
B2_D1_Guyan,B2,1,Guyan,full-grid,1420,21,12,45,1.015533013174736,1.0112460562383374,-0.093213274752944705,0,0,1,UNSTABLE,3.1920835353678881e-16,1.1671942628602299e-16,1
B2_D1_Guyan,B2,1,Guyan,full-grid,1421,21,13,46,1.0159176270770776,1.0116668368607291,-0.092837687401867486,0,0,1,UNSTABLE,1.7572193135025261e-16,1.1671942628602297e-16,1
B2_D1_Guyan,B2,1,Guyan,full-grid,1422,21,14,47,1.0162535158130728,1.0120406824263626,-0.092438441767555571,0,0,1,UNSTABLE,1.4311195782524971e-16,1.1671942628602299e-16,1
B2_D1_Guyan,B2,1,Guyan,full-grid,1423,21,15,48,1.0165416219750569,1.0123679891077966,-0.092021322732918784,0,0,1,UNSTABLE,1.3873005177344079e-16,1.1671942628602297e-16,1
B2_D1_Guyan,B2,1,Guyan,full-grid,1424,21,16,49,1.0167834626301688,1.0126497902997658,-0.091591550287328988,0,0,1,UNSTABLE,1.1272854892046845e-16,1.1671942628602297e-16,1
B2_D1_Guyan,B2,1,Guyan,full-grid,1425,21,17,50,1.0169809680315449,1.0128875961317565,-0.091153754397776177,0,0,1,UNSTABLE,1.0282843854101711e-16,1.1671942628602297e-16,1
B2_D1_Guyan,B2,1,Guyan,full-grid,1426,21,18,51,1.0171363433657292,1.0130832529736331,-0.090711981236043668,0,0,1,UNSTABLE,1.8347675253730841e-16,1.1671942628602299e-16,1
B2_D1_Guyan,B2,1,Guyan,full-grid,1427,21,19,52,1.0172519548074404,1.013238825257085,-0.090269721120657093,0,0,1,UNSTABLE,1.2857372610049913e-16,1.1671942628602299e-16,1
B2_D1_Guyan,B2,1,Guyan,full-grid,1428,21,20,53,1.0173302388172618,1.0133564993969038,-0.089829950139360251,0,0,1,UNSTABLE,1.9902594122386732e-16,1.1671942628602299e-16,1
B2_D1_Guyan,B2,1,Guyan,full-grid,1429,21,21,54,1.0173736322829623,1.0134385080509398,-0.089395179199513453,0,0,1,UNSTABLE,2.57609322504301e-16,1.1671942628602297e-16,1
B2_D1_Guyan,B2,1,Guyan,full-grid,1430,21,22,55,1.0173845205066856,1.0134870721702502,-0.088967505924312421,0,0,1,UNSTABLE,1.4761691378898409e-16,1.1671942628602299e-16,1
B2_D1_Guyan,B2,1,Guyan,full-grid,1431,21,23,56,1.017365199932444,1.0135043580279848,-0.088548666234248397,0,0,1,UNSTABLE,3.0714934226812429e-16,1.1671942628602297e-16,1
B2_D1_Guyan,B2,1,Guyan,full-grid,1432,21,24,57,1.0173178526935354,1.0134924464815649,-0.088140083581750253,0,0,1,UNSTABLE,2.0067143158385365e-16,1.1671942628602299e-16,1
B2_D1_Guyan,B2,1,Guyan,full-grid,1433,21,25,58,1.0172445303950071,1.0134533119714224,-0.087742914658183027,0,0,1,UNSTABLE,3.0130144849713879e-16,1.1671942628602297e-16,1
B2_D1_Guyan,B2,1,Guyan,full-grid,1434,21,26,59,1.0171471449375398,1.0133888090909249,-0.087358091004013552,0,0,1,UNSTABLE,1.4645199866257472e-16,1.1671942628602299e-16,1
B2_D1_Guyan,B2,1,Guyan,full-grid,1435,21,27,60,1.0170274645788158,1.0133006649126108,-0.086986356374289447,0,0,1,UNSTABLE,2.1800213830351713e-16,1.1671942628602297e-16,1
B2_D1_Guyan,B2,1,Guyan,full-grid,1436,21,28,61,1.016887113785039,1.0131904755885008,-0.086628299988020477,0,0,1,UNSTABLE,1.013666515118293e-16,1.1671942628602299e-16,1
B2_D1_Guyan,B2,1,Guyan,full-grid,1437,21,29,62,1.0167275757361303,1.0130597060398427,-0.08628438596140045,0,0,1,UNSTABLE,1.2765695405913131e-16,1.1671942628602297e-16,1
B2_D1_Guyan,B2,1,Guyan,full-grid,1438,21,30,63,1.0165501966081387,1.0129096918055542,-0.085954979323031921,0,0,1,UNSTABLE,1.3266485090320199e-16,1.1671942628602299e-16,1
B2_D1_Guyan,B2,1,Guyan,full-grid,1439,21,31,64,1.0163561909704208,1.0127416423310529,-0.085640369058664192,0,0,1,UNSTABLE,1.9298979289669603e-16,1.1671942628602297e-16,1
B2_D1_Guyan,B2,1,Guyan,full-grid,1440,21,32,65,1.0161466478069572,1.0125566451519694,-0.085340788652933625,0,0,1,UNSTABLE,1.2786589364248718e-16,1.1671942628602297e-16,1
B2_D1_Guyan,B2,1,Guyan,full-grid,1441,21,33,66,1.0159225368089011,1.012355670567274,-0.085056434597963901,0,0,1,UNSTABLE,2.6005705945384198e-16,1.1671942628602297e-16,1
B2_D1_Guyan,B2,1,Guyan,full-grid,1442,21,34,67,1.0156847146952801,1.0121395765087289,-0.084787483335475616,0,0,1,UNSTABLE,1.0745661974754664e-16,1.1671942628602299e-16,1
B2_D1_Guyan,B2,1,Guyan,full-grid,1443,21,35,68,1.0154339314083263,1.0119091134054292,-0.084534107095345451,0,0,1,UNSTABLE,2.218795800575136e-16,1.1671942628602299e-16,1
B2_D1_Guyan,B2,1,Guyan,full-grid,1444,21,36,69,1.0151708361048941,1.0116649289185735,-0.084296489097041141,0,0,1,UNSTABLE,2.5847018421170442e-16,1.1671942628602299e-16,1
B2_D1_Guyan,B2,1,Guyan,full-grid,1445,21,37,70,1.0148959829332838,1.0114075724896616,-0.084074838594469126,0,0,1,UNSTABLE,2.2240849166779383e-16,1.1671942628602297e-16,1
B2_D1_Guyan,B2,1,Guyan,full-grid,1446,21,38,71,1.0146098366515193,1.0111374997106632,-0.083869406274820382,0,0,1,UNSTABLE,2.1077213485663898e-16,1.1671942628602299e-16,1
B2_D1_Guyan,B2,1,Guyan,full-grid,1447,21,39,72,1.0143127782177619,1.0108550765959397,-0.08368050057242514,0,0,1,UNSTABLE,1.7064312439037155e-16,1.1671942628602297e-16,1
B2_D1_Guyan,B2,1,Guyan,full-grid,1448,21,40,73,1.0140051105750862,1.0105605839214233,-0.083508505535573513,0,0,1,UNSTABLE,1.4814390616236361e-16,1.1671942628602299e-16,1
B2_D1_Guyan,B2,1,Guyan,full-grid,1449,21,41,74,1.0136870649759457,1.0102542219108166,-0.08335390099399935,0,0,1,UNSTABLE,2.0164126384260697e-16,1.1671942628602297e-16,1
B2_D1_Guyan,B2,1,Guyan,full-grid,1450,21,42,75,1.0133588083662439,1.0099361157105271,-0.08321728592658291,0,0,1,UNSTABLE,1.4367173455423226e-16,1.1671942628602299e-16,1
B2_D1_Guyan,B2,1,Guyan,full-grid,1451,21,43,76,1.0130204526036792,1.0096063223326661,-0.083099406130678941,0,0,1,UNSTABLE,3.6245196529344841e-16,1.1671942628602297e-16,1
B2_D1_Guyan,B2,1,Guyan,full-grid,1452,21,44,77,1.0126720666672164,1.0092648401047699,-0.083001187559844564,0,0,1,UNSTABLE,2.1567177214816982e-16,1.1671942628602299e-16,1
B2_D1_Guyan,B2,1,Guyan,full-grid,1453,21,45,78,1.0123136935932977,1.0089116222146006,-0.082923777029317011,0,0,1,UNSTABLE,3.2271557047594646e-16,1.1671942628602297e-16,1
B2_D1_Guyan,B2,1,Guyan,full-grid,1454,21,46,79,1.0119453747613474,1.0085465967896829,-0.082868592390799037,0,0,1,UNSTABLE,2.3550877829574611e-16,1.1671942628602299e-16,1
B2_D1_Guyan,B2,1,Guyan,full-grid,1455,21,47,80,1.0115671855202641,1.0081696972803296,-0.082837384718959614,0,0,1,UNSTABLE,1.717456805988937e-16,1.1671942628602297e-16,1
B2_D1_Guyan,B2,1,Guyan,full-grid,1456,21,48,81,1.0111792882706421,1.0077809090005867,-0.082832315441944859,0,0,1,UNSTABLE,4.3874159521077241e-16,1.1671942628602297e-16,1
B2_D1_Guyan,B2,1,Guyan,full-grid,1457,21,49,82,1.0107820124131282,1.00738034096159,-0.082856051450958257,0,0,1,UNSTABLE,1.9845945658628337e-16,1.1671942628602297e-16,1
B2_D1_Guyan,B2,1,Guyan,full-grid,1458,21,50,83,1.0103759756606112,1.0069683372708376,-0.08291188048848161,0,0,1,UNSTABLE,3.4548288592506466e-16,1.1671942628602299e-16,1
B2_D1_Guyan,B2,1,Guyan,full-grid,1459,21,51,84,1.0099622689256009,1.0065456503063828,-0.083003846312378393,0,0,1,UNSTABLE,1.7349288219269633e-16,1.1671942628602299e-16,1
B2_D1_Guyan,B2,1,Guyan,full-grid,1460,21,52,85,1.0095427382105988,1.0061137097060437,-0.083136895631821195,0,0,1,UNSTABLE,2.5814663252531137e-16,1.1671942628602299e-16,1
B2_D1_Guyan,B2,1,Guyan,full-grid,1461,21,53,86,1.0091204117308017,1.0056750374840968,-0.083317011186809259,0,0,1,UNSTABLE,2.9676032571071324e-16,1.1671942628602297e-16,1
B2_D1_Guyan,B2,1,Guyan,full-grid,1462,21,54,87,1.0087001354007867,1.005233877721297,-0.083551267129649942,0,0,1,UNSTABLE,3.1501908039848131e-16,1.1671942628602299e-16,1
B2_D1_Guyan,B2,1,Guyan,full-grid,1463,21,55,88,1.0082894800497704,1.0047971160520808,-0.083847666350694169,0,0,1,UNSTABLE,3.5589503614717601e-16,1.1671942628602297e-16,1
B2_D1_Guyan,B2,1,Guyan,full-grid,1464,21,56,89,1.0078999253881018,1.0043755175814479,-0.084214483791921174,0,0,1,UNSTABLE,2.3015899711221236e-16,1.1671942628602299e-16,1
B2_D1_Guyan,B2,1,Guyan,full-grid,1465,21,57,90,1.0075481076153112,1.0039851100835413,-0.084658655137760372,0,0,1,UNSTABLE,2.9736632275515455e-16,1.1671942628602297e-16,1
B2_D1_Guyan,B2,1,Guyan,full-grid,1466,21,58,91,1.0072563880828693,1.0036480177337703,-0.085182673313423926,0,0,1,UNSTABLE,2.4487777441123529e-16,1.1671942628602299e-16,1
B2_D1_Guyan,B2,1,Guyan,full-grid,1467,21,59,92,1.0070511907016033,1.0033911968812328,-0.085779990176987203,0,0,1,UNSTABLE,3.5887805683606151e-16,1.1671942628602297e-16,1
B2_D1_Guyan,B2,1,Guyan,full-grid,1468,21,60,93,1.0069573756444365,1.0032411886065389,-0.086430745965022579,0,0,1,UNSTABLE,1.8854288251080969e-16,1.1671942628602299e-16,1
B2_D1_Guyan,B2,1,Guyan,full-grid,1469,21,61,94,1.0069893347537215,1.0032152176088815,-0.087101937209841593,0,0,1,UNSTABLE,1.8285134589745006e-16,1.1671942628602297e-16,1
B2_D1_Guyan,B2,1,Guyan,full-grid,1470,21,62,95,1.0071441428154084,1.0033137132129943,-0.087754870441115129,0,0,1,UNSTABLE,2.1898788225101863e-16,1.1671942628602299e-16,1
B2_D1_Guyan,B2,1,Guyan,full-grid,1471,21,63,96,1.0074026145179502,1.0035204054753446,-0.088356230862354154,0,0,1,UNSTABLE,2.592804737829135e-16,1.1671942628602297e-16,1
B2_D1_Guyan,B2,1,Guyan,full-grid,1472,21,64,97,1.007737239480494,1.0038096247607431,-0.088885212906663527,0,0,1,UNSTABLE,2.3666057324780713e-16,1.1671942628602297e-16,1
B2_D1_Guyan,B2,1,Guyan,full-grid,1473,21,65,98,1.008120580391674,1.0041546608261422,-0.089333766014765073,0,0,1,UNSTABLE,3.2330777083968823e-16,1.1671942628602297e-16,1
B2_D1_Guyan,B2,1,Guyan,full-grid,1474,21,66,99,1.008529950354381,1.0045327563826607,-0.089702854559173664,0,0,1,UNSTABLE,1.5117628279181922e-16,1.1671942628602299e-16,1
B2_D1_Guyan,B2,1,Guyan,full-grid,1475,22,0,34,1.0076040714173602,1.0033442771589882,-0.092553909853381452,0,0,1,UNSTABLE,2.3677316299474267e-16,9.3446663334799891e-17,1
B2_D1_Guyan,B2,1,Guyan,full-grid,1476,22,1,35,1.0082632100740727,1.003975375957292,-0.092887810073699797,0,0,1,UNSTABLE,1.250347060990404e-16,1.1671942628602299e-16,1
B2_D1_Guyan,B2,1,Guyan,full-grid,1477,22,2,36,1.008944003539118,1.0046343324616931,-0.093155033770547013,0,0,1,UNSTABLE,3.016494481223391e-16,1.1671942628602299e-16,1
B2_D1_Guyan,B2,1,Guyan,full-grid,1478,22,3,37,1.0096374353884194,1.0053124563104432,-0.093352108303819112,0,0,1,UNSTABLE,2.9325703166196402e-16,1.1671942628602297e-16,1
B2_D1_Guyan,B2,1,Guyan,full-grid,1479,22,4,38,1.0103340218000449,1.0060004262006994,-0.093477152773632749,0,0,1,UNSTABLE,2.8545648453492912e-16,1.1671942628602299e-16,1
B2_D1_Guyan,B2,1,Guyan,full-grid,1480,22,5,39,1.0110242275249168,1.0066886937435537,-0.093530008720474789,0,0,1,UNSTABLE,2.1734560044162551e-16,1.1671942628602297e-16,1
B2_D1_Guyan,B2,1,Guyan,full-grid,1481,22,6,40,1.0116988912475615,1.0073679105408242,-0.093512241787689618,0,0,1,UNSTABLE,1.5014834163831566e-16,1.1671942628602297e-16,1
B2_D1_Guyan,B2,1,Guyan,full-grid,1482,22,7,41,1.0123496126196732,1.0080293304236971,-0.093427015240533859,0,0,1,UNSTABLE,6.6502850308567344e-17,1.1671942628602299e-16,1
B2_D1_Guyan,B2,1,Guyan,full-grid,1483,22,8,42,1.012969060860651,1.0086651442977876,-0.093278855801475852,0,0,1,UNSTABLE,2.8193291876809977e-16,1.1671942628602297e-16,1
B2_D1_Guyan,B2,1,Guyan,full-grid,1484,22,9,43,1.0135511798495265,1.0092687186049121,-0.093073346453031308,0,0,1,UNSTABLE,1.2335557874957237e-16,1.1671942628602299e-16,1
B2_D1_Guyan,B2,1,Guyan,full-grid,1485,22,10,44,1.0140912826031565,1.0098347258591502,-0.092816786739738144,0,0,1,UNSTABLE,3.024606421074865e-16,1.1671942628602299e-16,1
B2_D1_Guyan,B2,1,Guyan,full-grid,1486,22,11,45,1.0145860442454042,1.0103591723155558,-0.092515858615495883,0,0,1,UNSTABLE,3.796777240941422e-16,1.1671942628602299e-16,1
B2_D1_Guyan,B2,1,Guyan,full-grid,1487,22,12,46,1.0150334137672474,1.0108393400475308,-0.09217732734389858,0,0,1,UNSTABLE,1.9863529587832909e-16,1.1671942628602297e-16,1
B2_D1_Guyan,B2,1,Guyan,full-grid,1488,22,13,47,1.0154324699609343,1.0112736670644673,-0.091807795709018161,0,0,1,UNSTABLE,1.1251562617912109e-16,1.1671942628602297e-16,1
B2_D1_Guyan,B2,1,Guyan,full-grid,1489,22,14,48,1.0157832466478465,1.01166159002814,-0.091413518869887855,0,0,1,UNSTABLE,1.5117246314448886e-16,1.1671942628602297e-16,1
B2_D1_Guyan,B2,1,Guyan,full-grid,1490,22,15,49,1.0160865484843307,1.0120033711977114,-0.091000278544996274,0,0,1,UNSTABLE,1.4857037993199595e-16,1.1671942628602297e-16,1
B2_D1_Guyan,B2,1,Guyan,full-grid,1491,22,16,50,1.0163437731466409,1.0122999263093093,-0.090573309579132913,0,0,1,UNSTABLE,2.0100192979767676e-16,1.1671942628602297e-16,1
B2_D1_Guyan,B2,1,Guyan,full-grid,1492,22,17,51,1.0165567500839414,1.0125526647301619,-0.090137269145859997,0,0,1,UNSTABLE,1.7861612692585899e-16,1.1671942628602299e-16,1
B2_D1_Guyan,B2,1,Guyan,full-grid,1493,22,18,52,1.0167276012089699,1.0127633484236407,-0.089696238214773127,0,0,1,UNSTABLE,2.1283473699021867e-16,1.1671942628602299e-16,1
B2_D1_Guyan,B2,1,Guyan,full-grid,1494,22,19,53,1.0168586252545826,1.0129339724954995,-0.0892537456868117,0,0,1,UNSTABLE,2.5171058421089218e-16,1.1671942628602297e-16,1
B2_D1_Guyan,B2,1,Guyan,full-grid,1495,22,20,54,1.0169522050739057,1.0130666674511466,-0.088812807095077023,0,0,1,UNSTABLE,1.1406357459900464e-16,1.1671942628602299e-16,1
B2_D1_Guyan,B2,1,Guyan,full-grid,1496,22,21,55,1.0170107357202349,1.0131636216489253,-0.088375971493653005,0,0,1,UNSTABLE,2.2370242051813156e-16,1.1671942628602297e-16,1
B2_D1_Guyan,B2,1,Guyan,full-grid,1497,22,22,56,1.0170365704562059,1.0132270215616903,-0.087945371808564168,0,0,1,UNSTABLE,1.7706073398034051e-16,1.1671942628602297e-16,1
B2_D1_Guyan,B2,1,Guyan,full-grid,1498,22,23,57,1.0170319816682269,1.0132590071304586,-0.087522775350180257,0,0,1,UNSTABLE,1.6573173057939939e-16,1.1671942628602299e-16,1
B2_D1_Guyan,B2,1,Guyan,full-grid,1499,22,24,58,1.0169991338011015,1.0132616395124001,-0.087109632330952508,0,0,1,UNSTABLE,1.2777327571598224e-16,1.1671942628602297e-16,1
B2_D1_Guyan,B2,1,Guyan,full-grid,1500,22,25,59,1.0169400657333072,1.0132368787424131,-0.086707121103146767,0,0,1,UNSTABLE,1.9255067966973122e-16,1.1671942628602299e-16,1
B2_D1_Guyan,B2,1,Guyan,full-grid,1501,22,26,60,1.0168566803860453,1.0131865691383584,-0.086316189462756501,0,0,1,UNSTABLE,2.2783362302718148e-16,1.1671942628602299e-16,1
B2_D1_Guyan,B2,1,Guyan,full-grid,1502,22,27,61,1.0167507397387596,1.0131124306186519,-0.08593759180522885,0,0,1,UNSTABLE,1.5098817208486619e-16,1.1671942628602299e-16,1
B2_D1_Guyan,B2,1,Guyan,full-grid,1503,22,28,62,1.0166238637753793,1.0130160544270816,-0.085571922209151899,0,0,1,UNSTABLE,2.0387480570418462e-16,1.1671942628602297e-16,1
B2_D1_Guyan,B2,1,Guyan,full-grid,1504,22,29,63,1.0164775321940007,1.0128989020537293,-0.085219643707044657,0,0,1,UNSTABLE,1.5587169059707213e-16,1.1671942628602297e-16,1
B2_D1_Guyan,B2,1,Guyan,full-grid,1505,22,30,64,1.0163130879727567,1.0127623063939586,-0.084881114108554506,0,0,1,UNSTABLE,1.3551100805801417e-16,1.1671942628602297e-16,1
B2_D1_Guyan,B2,1,Guyan,full-grid,1506,22,31,65,1.0161317420978044,1.0126074743983882,-0.084556608796925586,0,0,1,UNSTABLE,1.7041397784952811e-16,1.1671942628602297e-16,1
B2_D1_Guyan,B2,1,Guyan,full-grid,1507,22,32,66,1.0159345789312595,1.0124354906393407,-0.08424634094198423,0,0,1,UNSTABLE,1.4997626894514065e-16,1.1671942628602297e-16,1
B2_D1_Guyan,B2,1,Guyan,full-grid,1508,22,33,67,1.0157225618324588,1.0122473213568774,-0.083950479577662829,0,0,1,UNSTABLE,1.590053291405354e-16,1.1671942628602299e-16,1
B2_D1_Guyan,B2,1,Guyan,full-grid,1509,22,34,68,1.0154965387533448,1.0120438186575631,-0.083669165987481434,0,0,1,UNSTABLE,1.7390022367518602e-16,1.1671942628602299e-16,1
B2_D1_Guyan,B2,1,Guyan,full-grid,1510,22,35,69,1.0152572476122816,1.0118257246250113,-0.083402528836579115,0,0,1,UNSTABLE,4.0923705285704057e-16,1.1671942628602297e-16,1
B2_D1_Guyan,B2,1,Guyan,full-grid,1511,22,36,70,1.0150053213179666,1.0115936751703198,-0.08315069848891285,0,0,1,UNSTABLE,2.1749703578692576e-16,1.1671942628602299e-16,1
B2_D1_Guyan,B2,1,Guyan,full-grid,1512,22,37,71,1.0147412923703687,1.0113482035064547,-0.082913820957382575,0,0,1,UNSTABLE,1.5887997008571823e-16,1.1671942628602297e-16,1
B2_D1_Guyan,B2,1,Guyan,full-grid,1513,22,38,72,1.0144655970148411,1.0110897431789911,-0.082692071959287641,0,0,1,UNSTABLE,1.40862932050215e-16,1.1671942628602297e-16,1
B2_D1_Guyan,B2,1,Guyan,full-grid,1514,22,39,73,1.0141785789746958,1.0108186306321123,-0.082485671593038629,0,0,1,UNSTABLE,1.1853427874288028e-16,1.1671942628602299e-16,1
B2_D1_Guyan,B2,1,Guyan,full-grid,1515,22,40,74,1.0138804928431653,1.010535107339414,-0.082294900221208708,0,0,1,UNSTABLE,1.9873807653191747e-16,1.1671942628602297e-16,1
B2_D1_Guyan,B2,1,Guyan,full-grid,1516,22,41,75,1.0135715072874649,1.0102393215928032,-0.082120116248677377,0,0,1,UNSTABLE,3.0752656768906764e-16,1.1671942628602299e-16,1
B2_D1_Guyan,B2,1,Guyan,full-grid,1517,22,42,76,1.0132517083181756,1.0099313301314885,-0.081961776631204852,0,0,1,UNSTABLE,2.6126270015291776e-16,1.1671942628602299e-16,1
B2_D1_Guyan,B2,1,Guyan,full-grid,1518,22,43,77,1.0129211030266652,1.0096110999255834,-0.081820461156176583,0,0,1,UNSTABLE,2.7406216950156116e-16,1.1671942628602299e-16,1
B2_D1_Guyan,B2,1,Guyan,full-grid,1519,22,44,78,1.0125796244220973,1.0092785106340982,-0.08169690182015478,0,0,1,UNSTABLE,2.649514341149194e-16,1.1671942628602297e-16,1
B2_D1_Guyan,B2,1,Guyan,full-grid,1520,22,45,79,1.0122271383561963,1.0089333585812925,-0.081592019013178807,0,0,1,UNSTABLE,2.4351881404743357e-16,1.1671942628602297e-16,1
B2_D1_Guyan,B2,1,Guyan,full-grid,1521,22,46,80,1.0118634540877811,1.0085753636152546,-0.081506966737894052,0,0,1,UNSTABLE,3.4977463676860787e-16,1.1671942628602297e-16,1
B2_D1_Guyan,B2,1,Guyan,full-grid,1522,22,47,81,1.0114883409398134,1.0082041810547295,-0.081443189776300648,0,0,1,UNSTABLE,3.1979542003626041e-16,1.1671942628602297e-16,1
B2_D1_Guyan,B2,1,Guyan,full-grid,1523,22,48,82,1.0111015549528244,1.0078194223054018,-0.081402496595776419,0,0,1,UNSTABLE,1.8876339003043333e-16,1.1671942628602297e-16,1
B2_D1_Guyan,B2,1,Guyan,full-grid,1524,22,49,83,1.0107028817985602,1.0074206899932179,-0.081387152852910288,0,0,1,UNSTABLE,2.5600856892731986e-16,1.1671942628602299e-16,1
B2_D1_Guyan,B2,1,Guyan,full-grid,1525,22,50,84,1.0102922060799291,1.0070076372215562,-0.081400001494521576,0,0,1,UNSTABLE,4.0801421525971956e-16,1.1671942628602299e-16,1
B2_D1_Guyan,B2,1,Guyan,full-grid,1526,22,51,85,1.0098696234884683,1.0065800668225644,-0.081444616275247544,0,0,1,UNSTABLE,4.9472545197756443e-16,1.1671942628602297e-16,1
B2_D1_Guyan,B2,1,Guyan,full-grid,1527,22,52,86,1.0094356226818808,1.0061380968924187,-0.081525494913299898,0,0,1,UNSTABLE,3.0533966412233708e-16,1.1671942628602299e-16,1
B2_D1_Guyan,B2,1,Guyan,full-grid,1528,22,53,87,1.0089913804899928,1.0056824360113183,-0.081648293316161344,0,0,1,UNSTABLE,2.2644883860334131e-16,1.1671942628602297e-16,1
B2_D1_Guyan,B2,1,Guyan,full-grid,1529,22,54,88,1.0085392398783528,1.0052148386224733,-0.081820086700032477,0,0,1,UNSTABLE,5.3736997708238709e-16,1.1671942628602297e-16,1
B2_D1_Guyan,B2,1,Guyan,full-grid,1530,22,55,89,1.0080834756844359,1.0047388500328429,-0.082049601965475297,0,0,1,UNSTABLE,2.4385947080979646e-16,1.1671942628602299e-16,1
B2_D1_Guyan,B2,1,Guyan,full-grid,1531,22,56,90,1.0076314874846322,1.0042609930620516,-0.082347267013025999,0,0,1,UNSTABLE,2.9758620966210618e-16,1.1671942628602297e-16,1
B2_D1_Guyan,B2,1,Guyan,full-grid,1532,22,57,91,1.0071955393028154,1.0037925464662956,-0.082724712451595045,0,0,1,UNSTABLE,2.5373530436116438e-16,1.1671942628602299e-16,1
B2_D1_Guyan,B2,1,Guyan,full-grid,1533,22,58,92,1.0067949262822082,1.003351857399837,-0.083192991531102503,0,0,1,UNSTABLE,3.0875920345447467e-16,1.1671942628602299e-16,1
B2_D1_Guyan,B2,1,Guyan,full-grid,1534,22,59,93,1.006457628904676,1.0029663443876355,-0.083758407375768035,0,0,1,UNSTABLE,2.0575887882098187e-16,1.1671942628602299e-16,1
B2_D1_Guyan,B2,1,Guyan,full-grid,1535,22,60,94,1.0062188473171654,1.0026716396130111,-0.084415352940332991,0,0,1,UNSTABLE,3.0016538512676008e-16,1.1671942628602297e-16,1
B2_D1_Guyan,B2,1,Guyan,full-grid,1536,22,61,95,1.0061127367659211,1.0025039755473075,-0.085138816614133708,0,0,1,UNSTABLE,3.2795205454903993e-16,1.1671942628602297e-16,1
B2_D1_Guyan,B2,1,Guyan,full-grid,1537,22,62,96,1.0061579057391918,1.0024857169912862,-0.085884332156354867,0,0,1,UNSTABLE,2.8161963873903458e-16,1.1671942628602297e-16,1
B2_D1_Guyan,B2,1,Guyan,full-grid,1538,22,63,97,1.0063470204615379,1.0026138900299018,-0.086600884007745654,0,0,1,UNSTABLE,3.6336055172569846e-16,1.1671942628602297e-16,1
B2_D1_Guyan,B2,1,Guyan,full-grid,1539,22,64,98,1.0066509976799793,1.0028628720391271,-0.087248444201208489,0,0,1,UNSTABLE,4.8619284693263289e-16,1.1671942628602297e-16,1
B2_D1_Guyan,B2,1,Guyan,full-grid,1540,22,65,99,1.0070330185590908,1.0031976683288275,-0.087806256769311281,0,0,1,UNSTABLE,2.6433884978563004e-16,1.1671942628602299e-16,1
B2_D1_Guyan,B2,1,Guyan,full-grid,1541,22,66,100,1.0074600291160085,1.0035856323052894,-0.08826997732423715,0,0,1,UNSTABLE,2.3552624556282335e-16,1.1671942628602299e-16,1
B2_D1_Guyan,B2,1,Guyan,full-grid,1542,23,0,35,1.0069584175212432,1.0027950823260356,-0.091472823721615387,0,0,1,UNSTABLE,2.7484262439337392e-16,9.3446663334799891e-17,1
B2_D1_Guyan,B2,1,Guyan,full-grid,1543,23,1,36,1.0076184023119126,1.0034266627032746,-0.09181381842500648,0,0,1,UNSTABLE,2.3328402679160802e-16,1.1671942628602299e-16,1
B2_D1_Guyan,B2,1,Guyan,full-grid,1544,23,2,37,1.0083009901013413,1.0040868829106016,-0.092089186152432043,0,0,1,UNSTABLE,1.9408727286679795e-16,1.1671942628602299e-16,1
B2_D1_Guyan,B2,1,Guyan,full-grid,1545,23,3,38,1.0089973887383921,1.0047672924197169,-0.092295279209964692,0,0,1,UNSTABLE,3.0582385498422742e-16,1.1671942628602297e-16,1
B2_D1_Guyan,B2,1,Guyan,full-grid,1546,23,4,39,1.0096982838711439,1.0054587615079682,-0.092429991665020916,0,0,1,UNSTABLE,2.1083831159306624e-16,1.1671942628602299e-16,1
B2_D1_Guyan,B2,1,Guyan,full-grid,1547,23,5,40,1.0103942444239502,1.0061518730164321,-0.092492905622923963,0,0,1,UNSTABLE,2.0313351293126332e-16,1.1671942628602297e-16,1
B2_D1_Guyan,B2,1,Guyan,full-grid,1548,23,6,41,1.0110761440011069,1.0068373434091704,-0.09248531172522316,0,0,1,UNSTABLE,1.5108042734054992e-16,1.1671942628602299e-16,1
B2_D1_Guyan,B2,1,Guyan,full-grid,1549,23,7,42,1.0117355509417538,1.007506425828107,-0.092410102015348702,0,0,1,UNSTABLE,1.2467194859196292e-16,1.1671942628602297e-16,1
B2_D1_Guyan,B2,1,Guyan,full-grid,1550,23,8,43,1.0123650460130162,1.0081512520020799,-0.092271552905408255,0,0,1,UNSTABLE,1.391813866416812e-16,1.1671942628602299e-16,1
B2_D1_Guyan,B2,1,Guyan,full-grid,1551,23,9,44,1.0129584407344159,1.008765082340414,-0.092075030848959599,0,0,1,UNSTABLE,1.5195414294292955e-16,1.1671942628602297e-16,1
B2_D1_Guyan,B2,1,Guyan,full-grid,1552,23,10,45,1.0135108868584517,1.0093424504324919,-0.091826660265621085,0,0,1,UNSTABLE,1.2635734792622133e-16,1.1671942628602299e-16,1
B2_D1_Guyan,B2,1,Guyan,full-grid,1553,23,11,46,1.0140188839105657,1.0098792048204648,-0.09153299185766238,0,0,1,UNSTABLE,3.1627696631841208e-16,1.1671942628602297e-16,1
B2_D1_Guyan,B2,1,Guyan,full-grid,1554,23,12,47,1.0144802034763305,1.0103724636243931,-0.091200701724008487,0,0,1,UNSTABLE,2.0740031166776099e-16,1.1671942628602299e-16,1
B2_D1_Guyan,B2,1,Guyan,full-grid,1555,23,13,48,1.0148937547535979,1.0108205046507936,-0.090836340829929058,0,0,1,UNSTABLE,1.9180546388770019e-16,1.1671942628602297e-16,1
B2_D1_Guyan,B2,1,Guyan,full-grid,1556,23,14,49,1.015259416299062,1.0112226152088954,-0.090446143499844533,0,0,1,UNSTABLE,1.571191781953643e-16,1.1671942628602297e-16,1
B2_D1_Guyan,B2,1,Guyan,full-grid,1557,23,15,50,1.0155778555425548,1.0115789234295416,-0.090035894739507641,0,0,1,UNSTABLE,1.8647744716973524e-16,1.1671942628602297e-16,1
B2_D1_Guyan,B2,1,Guyan,full-grid,1558,23,16,51,1.0158503524154268,1.0118902282472182,-0.08961085023778774,0,0,1,UNSTABLE,2.2550869289665428e-16,1.1671942628602299e-16,1
B2_D1_Guyan,B2,1,Guyan,full-grid,1559,23,17,52,1.0160786379006317,1.0121578399476374,-0.089175699775978279,0,0,1,UNSTABLE,2.8415704963433211e-16,1.1671942628602299e-16,1
B2_D1_Guyan,B2,1,Guyan,full-grid,1560,23,18,53,1.0162647534466429,1.012383438362249,-0.088734563884635478,0,0,1,UNSTABLE,1.786803750879898e-16,1.1671942628602299e-16,1
B2_D1_Guyan,B2,1,Guyan,full-grid,1561,23,19,54,1.0164109334402835,1.012568951939844,-0.088291014176950081,0,0,1,UNSTABLE,1.8064254882985841e-16,1.1671942628602297e-16,1
B2_D1_Guyan,B2,1,Guyan,full-grid,1562,23,20,55,1.0165195103619697,1.0127164581765282,-0.087848109171039385,0,0,1,UNSTABLE,2.4024483360334637e-16,1.1671942628602299e-16,1
B2_D1_Guyan,B2,1,Guyan,full-grid,1563,23,21,56,1.0165928406935039,1.0128281041352223,-0.087408439084215403,0,0,1,UNSTABLE,2.426364664054645e-16,1.1671942628602297e-16,1
B2_D1_Guyan,B2,1,Guyan,full-grid,1564,23,22,57,1.0166332488716874,1.0129060448251992,-0.08697417471855555,0,0,1,UNSTABLE,1.4897566043050676e-16,1.1671942628602299e-16,1
B2_D1_Guyan,B2,1,Guyan,full-grid,1565,23,23,58,1.0166429863403958,1.0129523968163299,-0.086547116989365416,0,0,1,UNSTABLE,1.9305554990618939e-16,1.1671942628602297e-16,1
B2_D1_Guyan,B2,1,Guyan,full-grid,1566,23,24,59,1.0166242028465089,1.0129692044334637,-0.086128744811098154,0,0,1,UNSTABLE,1.3508507672172592e-16,1.1671942628602299e-16,1
B2_D1_Guyan,B2,1,Guyan,full-grid,1567,23,25,60,1.0165789274008359,1.0129584160615419,-0.085720259947843755,0,0,1,UNSTABLE,2.6738284812212539e-16,1.1671942628602297e-16,1
B2_D1_Guyan,B2,1,Guyan,full-grid,1568,23,26,61,1.0165090566805532,1.0129218683835179,-0.085322628089102306,0,0,1,UNSTABLE,3.3155058512082803e-16,1.1671942628602299e-16,1
B2_D1_Guyan,B2,1,Guyan,full-grid,1569,23,27,62,1.0164163490195888,1.012861276700324,-0.084936615869132037,0,0,1,UNSTABLE,2.8070987824365819e-16,1.1671942628602297e-16,1
B2_D1_Guyan,B2,1,Guyan,full-grid,1570,23,28,63,1.0163024224810528,1.0127782298028525,-0.084562823854555769,0,0,1,UNSTABLE,1.3192646920851734e-16,1.1671942628602299e-16,1
B2_D1_Guyan,B2,1,Guyan,full-grid,1571,23,29,64,1.0161687558130401,1.0126741881575412,-0.084201715719378539,0,0,1,UNSTABLE,2.5845966587558278e-16,1.1671942628602297e-16,1
B2_D1_Guyan,B2,1,Guyan,full-grid,1572,23,30,65,1.016016691349505,1.0125504844196676,-0.083853643941641506,0,0,1,UNSTABLE,1.9909669141146637e-16,1.1671942628602297e-16,1
B2_D1_Guyan,B2,1,Guyan,full-grid,1573,23,31,66,1.0158474391320691,1.0124083254998544,-0.083518872416740275,0,0,1,UNSTABLE,2.7006412198710151e-16,1.1671942628602297e-16,1
B2_D1_Guyan,B2,1,Guyan,full-grid,1574,23,32,67,1.0156620817006532,1.0122487955815416,-0.083197596408926655,0,0,1,UNSTABLE,2.1767323731439299e-16,1.1671942628602299e-16,1
B2_D1_Guyan,B2,1,Guyan,full-grid,1575,23,33,68,1.0154615791364139,1.012072859624737,-0.082889960267976098,0,0,1,UNSTABLE,2.5727770406799543e-16,1.1671942628602299e-16,1
B2_D1_Guyan,B2,1,Guyan,full-grid,1576,23,34,69,1.0152467740457434,1.0118813669991944,-0.082596073333606468,0,0,1,UNSTABLE,1.8538351843166711e-16,1.1671942628602299e-16,1
B2_D1_Guyan,B2,1,Guyan,full-grid,1577,23,35,70,1.0150183962544947,1.0116750549731504,-0.08231602444311531,0,0,1,UNSTABLE,2.8445436821238337e-16,1.1671942628602297e-16,1
B2_D1_Guyan,B2,1,Guyan,full-grid,1578,23,36,71,1.0147770670427676,1.0114545518469442,-0.082049895454041122,0,0,1,UNSTABLE,2.3834784109144533e-16,1.1671942628602299e-16,1
B2_D1_Guyan,B2,1,Guyan,full-grid,1579,23,37,72,1.0145233027969569,1.0112203795682988,-0.08179777419827354,0,0,1,UNSTABLE,2.0733456411973701e-16,1.1671942628602297e-16,1
B2_D1_Guyan,B2,1,Guyan,full-grid,1580,23,38,73,1.0142575179915898,1.0109729557017064,-0.081559767301137412,0,0,1,UNSTABLE,2.63542377360455e-16,1.1671942628602299e-16,1
B2_D1_Guyan,B2,1,Guyan,full-grid,1581,23,39,74,1.013980027443202,1.0107125946522095,-0.081336013334284613,0,0,1,UNSTABLE,2.1665898664049366e-16,1.1671942628602297e-16,1
B2_D1_Guyan,B2,1,Guyan,full-grid,1582,23,40,75,1.0136910478065686,1.0104395080679809,-0.081126696829808997,0,0,1,UNSTABLE,2.4055471254161061e-16,1.1671942628602299e-16,1
B2_D1_Guyan,B2,1,Guyan,full-grid,1583,23,41,76,1.0133906983152137,1.0101538043709573,-0.080932063773749299,0,0,1,UNSTABLE,4.6612115351232849e-16,1.1671942628602297e-16,1
B2_D1_Guyan,B2,1,Guyan,full-grid,1584,23,42,77,1.0130790008118569,1.0098554873981622,-0.080752439330154246,0,0,1,UNSTABLE,2.4411600485477686e-16,1.1671942628602299e-16,1
B2_D1_Guyan,B2,1,Guyan,full-grid,1585,23,43,78,1.0127558791805948,1.0095444541871847,-0.080588248738626037,0,0,1,UNSTABLE,4.5020036644252144e-16,1.1671942628602297e-16,1
B2_D1_Guyan,B2,1,Guyan,full-grid,1586,23,44,79,1.0124211583999763,1.009220492024665,-0.080440042599708619,0,0,1,UNSTABLE,3.2431091625971351e-16,1.1671942628602299e-16,1
B2_D1_Guyan,B2,1,Guyan,full-grid,1587,23,45,80,1.0120745636142461,1.0088832750234109,-0.080308528146166736,0,0,1,UNSTABLE,3.5670952813348461e-16,1.1671942628602297e-16,1
B2_D1_Guyan,B2,1,Guyan,full-grid,1588,23,46,81,1.011715719917897,1.0085323607471872,-0.080194608638573875,0,0,1,UNSTABLE,2.2261800687838764e-16,1.1671942628602297e-16,1
B2_D1_Guyan,B2,1,Guyan,full-grid,1589,23,47,82,1.0113441540503867,1.0081671878409999,-0.080099433784904042,0,0,1,UNSTABLE,4.9307506785649464e-16,1.1671942628602297e-16,1
B2_D1_Guyan,B2,1,Guyan,full-grid,1590,23,48,83,1.010959300049425,1.0077870763872969,-0.080024465153902866,0,0,1,UNSTABLE,1.6111270306933756e-16,1.1671942628602299e-16,1
B2_D1_Guyan,B2,1,Guyan,full-grid,1591,23,49,84,1.0105605123655159,1.0073912340376669,-0.079971562048771275,0,0,1,UNSTABLE,2.3382211085176964e-16,1.1671942628602299e-16,1
B2_D1_Guyan,B2,1,Guyan,full-grid,1592,23,50,85,1.0101470924493092,1.0069787733046429,-0.079943095372082065,0,0,1,UNSTABLE,3.6375912917840489e-16,1.1671942628602299e-16,1
B2_D1_Guyan,B2,1,Guyan,full-grid,1593,23,51,86,1.0097183391942974,1.0065487495346814,-0.079942099768891703,0,0,1,UNSTABLE,3.1189429158780483e-16,1.1671942628602297e-16,1
B2_D1_Guyan,B2,1,Guyan,full-grid,1594,23,52,87,1.0092736413070176,1.0061002364766205,-0.079972477758380234,0,0,1,UNSTABLE,4.2250959923543375e-16,1.1671942628602299e-16,1
B2_D1_Guyan,B2,1,Guyan,full-grid,1595,23,53,88,1.0088126433099787,1.0056324696772512,-0.080039273065781069,0,0,1,UNSTABLE,4.6143656589352242e-16,1.1671942628602297e-16,1
B2_D1_Guyan,B2,1,Guyan,full-grid,1596,23,54,89,1.0083355410842778,1.0051451119809038,-0.080149031651165853,0,0,1,UNSTABLE,2.3971826597575561e-16,1.1671942628602299e-16,1
B2_D1_Guyan,B2,1,Guyan,full-grid,1597,23,55,90,1.0078436052871829,1.0046387384090938,-0.080310260901401712,0,0,1,UNSTABLE,7.4631527176352767e-16,1.1671942628602297e-16,1
B2_D1_Guyan,B2,1,Guyan,full-grid,1598,23,56,91,1.0073401020745367,1.0041157117095669,-0.080533960200204355,0,0,1,UNSTABLE,2.675672723192539e-16,1.1671942628602299e-16,1
B2_D1_Guyan,B2,1,Guyan,full-grid,1599,23,57,92,1.006831884893238,1.0035817337442596,-0.080834077792330761,0,0,1,UNSTABLE,3.3323756866853602e-16,1.1671942628602297e-16,1
B2_D1_Guyan,B2,1,Guyan,full-grid,1600,23,58,93,1.0063320231196933,1.0030484761526983,-0.081227429135266399,0,0,1,UNSTABLE,2.8533465314099233e-16,1.1671942628602299e-16,1
B2_D1_Guyan,B2,1,Guyan,full-grid,1601,23,59,94,1.0058636584463614,1.0025375797839149,-0.081731881809418219,0,0,1,UNSTABLE,2.5416048634352689e-16,1.1671942628602297e-16,1
B2_D1_Guyan,B2,1,Guyan,full-grid,1602,23,60,95,1.0054640075727408,1.0020851395930777,-0.082360448826840058,0,0,1,UNSTABLE,2.9762612183352453e-16,1.1671942628602299e-16,1
B2_D1_Guyan,B2,1,Guyan,full-grid,1603,23,61,96,1.0051837202463492,1.0017420882866443,-0.083108964639222335,0,0,1,UNSTABLE,4.7086192376434442e-16,1.1671942628602297e-16,1
B2_D1_Guyan,B2,1,Guyan,full-grid,1604,23,62,97,1.0050728776893068,1.0015614295364954,-0.083941600720238208,0,0,1,UNSTABLE,6.6766868514283372e-16,1.1671942628602297e-16,1
B2_D1_Guyan,B2,1,Guyan,full-grid,1605,23,63,98,1.0051540455002241,1.0015712801015879,-0.084791662686452274,0,0,1,UNSTABLE,4.6250122097921491e-16,1.1671942628602297e-16,1
B2_D1_Guyan,B2,1,Guyan,full-grid,1606,23,64,99,1.0054069805692782,1.0017573658406898,-0.085588413709775352,0,0,1,UNSTABLE,6.5434867456969414e-16,1.1671942628602299e-16,1
B2_D1_Guyan,B2,1,Guyan,full-grid,1607,23,65,100,1.0057836601535279,1.0020755972854163,-0.08628596848215532,0,0,1,UNSTABLE,4.3332649703707095e-16,1.1671942628602299e-16,1
B2_D1_Guyan,B2,1,Guyan,full-grid,1608,23,66,101,1.0062339830055143,1.0024772600839662,-0.086868703050555163,0,0,1,UNSTABLE,6.0597005233034201e-16,1.1671942628602299e-16,1
B2_D1_Guyan,B2,1,Guyan,full-grid,1609,24,0,36,1.0062645866121378,1.0021902169852752,-0.09046097085872834,0,0,1,UNSTABLE,2.0488851681926669e-16,9.3446663334799891e-17,1
B2_D1_Guyan,B2,1,Guyan,full-grid,1610,24,1,37,1.0069254742132501,1.0028224002907455,-0.09080828208201068,0,0,1,UNSTABLE,2.6051096064334835e-16,1.1671942628602297e-16,1
B2_D1_Guyan,B2,1,Guyan,full-grid,1611,24,2,38,1.0076099387832314,1.0034840354116026,-0.091091050102590776,0,0,1,UNSTABLE,2.3044534082801545e-16,1.1671942628602299e-16,1
B2_D1_Guyan,B2,1,Guyan,full-grid,1612,24,3,39,1.0083094100391092,1.0041669101812296,-0.091305437244989074,0,0,1,UNSTABLE,1.8098294967776489e-16,1.1671942628602297e-16,1
B2_D1_Guyan,B2,1,Guyan,full-grid,1613,24,4,40,1.0090147383093211,1.0048620822724825,-0.091449099155967453,0,0,1,UNSTABLE,2.2196412370336019e-16,1.1671942628602297e-16,1
B2_D1_Guyan,B2,1,Guyan,full-grid,1614,24,5,41,1.0097165899256679,1.0055602592476318,-0.091521347198096265,0,0,1,UNSTABLE,1.4886831106569443e-16,1.1671942628602299e-16,1
B2_D1_Guyan,B2,1,Guyan,full-grid,1615,24,6,42,1.010405865228226,1.0062522141625545,-0.09152318821236867,0,0,1,UNSTABLE,1.9584077687891241e-16,1.1671942628602297e-16,1
B2_D1_Guyan,B2,1,Guyan,full-grid,1616,24,7,43,1.0110740922960264,1.0069291901201716,-0.091457236980835729,0,0,1,UNSTABLE,1.7446919966362347e-16,1.1671942628602299e-16,1
B2_D1_Guyan,B2,1,Guyan,full-grid,1617,24,8,44,1.011713754410452,1.0075832499692554,-0.091327516361090863,0,0,1,UNSTABLE,2.4027807773570812e-16,1.1671942628602299e-16,1
B2_D1_Guyan,B2,1,Guyan,full-grid,1618,24,9,45,1.0123185222350399,1.0082075387150007,-0.091139175651173368,0,0,1,UNSTABLE,2.1343990727453499e-16,1.1671942628602299e-16,1
B2_D1_Guyan,B2,1,Guyan,full-grid,1619,24,10,46,1.0128833788016138,1.0087964425543312,-0.090898165780722268,0,0,1,UNSTABLE,3.6243628138190214e-16,1.1671942628602297e-16,1
B2_D1_Guyan,B2,1,Guyan,full-grid,1620,24,11,47,1.0134046419627654,1.0093456451628338,-0.090610909621876498,0,0,1,UNSTABLE,2.2079816072924091e-16,1.1671942628602297e-16,1
B2_D1_Guyan,B2,1,Guyan,full-grid,1621,24,12,48,1.0138799013755206,1.0098520950987331,-0.090283998792338616,0,0,1,UNSTABLE,2.8270166251211082e-16,1.1671942628602297e-16,1
B2_D1_Guyan,B2,1,Guyan,full-grid,1622,24,13,49,1.0143078936836831,1.0103139059649942,-0.089923937874109836,0,0,1,UNSTABLE,3.1328107151712141e-16,1.1671942628602297e-16,1
B2_D1_Guyan,B2,1,Guyan,full-grid,1623,24,14,50,1.0146883406725047,1.0107302132519296,-0.089536946097294637,0,0,1,UNSTABLE,1.6285998812530697e-16,1.1671942628602297e-16,1
B2_D1_Guyan,B2,1,Guyan,full-grid,1624,24,15,51,1.0150217722996102,1.011101009861731,-0.089128817443234087,0,0,1,UNSTABLE,1.6323137832252992e-16,1.1671942628602299e-16,1
B2_D1_Guyan,B2,1,Guyan,full-grid,1625,24,16,52,1.0153093515345455,1.0114269779721003,-0.088704833823887705,0,0,1,UNSTABLE,1.2882528464013729e-16,1.1671942628602299e-16,1
B2_D1_Guyan,B2,1,Guyan,full-grid,1626,24,17,53,1.0155527124661259,1.0117093297390274,-0.088269722534477998,0,0,1,UNSTABLE,1.6367772118689869e-16,1.1671942628602297e-16,1
B2_D1_Guyan,B2,1,Guyan,full-grid,1627,24,18,54,1.0157538182157504,1.011949664491214,-0.087827648015844029,0,0,1,UNSTABLE,2.4374987904968524e-16,1.1671942628602299e-16,1
B2_D1_Guyan,B2,1,Guyan,full-grid,1628,24,19,55,1.0159148413323895,1.0121498461223986,-0.0873822283637741,0,0,1,UNSTABLE,2.2850052540988431e-16,1.1671942628602297e-16,1
B2_D1_Guyan,B2,1,Guyan,full-grid,1629,24,20,56,1.0160380666444842,1.0123119015223594,-0.086936568294626107,0,0,1,UNSTABLE,3.6945694766474665e-16,1.1671942628602297e-16,1
B2_D1_Guyan,B2,1,Guyan,full-grid,1630,24,21,57,1.016125814873573,1.0124379390262197,-0.086493301895713956,0,0,1,UNSTABLE,2.010721864225302e-16,1.1671942628602299e-16,1
B2_D1_Guyan,B2,1,Guyan,full-grid,1631,24,22,58,1.0161803844438124,1.0125300848090555,-0.08605464011278588,0,0,1,UNSTABLE,2.3488411401245943e-16,1.1671942628602297e-16,1
B2_D1_Guyan,B2,1,Guyan,full-grid,1632,24,23,59,1.0162040086122426,1.0125904346876355,-0.085622419369555502,0,0,1,UNSTABLE,2.4951652594192575e-16,1.1671942628602299e-16,1
B2_D1_Guyan,B2,1,Guyan,full-grid,1633,24,24,60,1.0161988250907659,1.0126210187133893,-0.085198148898381898,0,0,1,UNSTABLE,2.3381852594659033e-16,1.1671942628602299e-16,1
B2_D1_Guyan,B2,1,Guyan,full-grid,1634,24,25,61,1.0161668555771819,1.0126237760942001,-0.084783055278401215,0,0,1,UNSTABLE,2.6524489039537359e-16,1.1671942628602299e-16,1
B2_D1_Guyan,B2,1,Guyan,full-grid,1635,24,26,62,1.0161099929511472,1.0126005382550707,-0.084378123353873943,0,0,1,UNSTABLE,3.8731889304147728e-16,1.1671942628602297e-16,1
B2_D1_Guyan,B2,1,Guyan,full-grid,1636,24,27,63,1.0160299942522586,1.0125530181643105,-0.083984133183534773,0,0,1,UNSTABLE,2.0850646695800479e-16,1.1671942628602297e-16,1
B2_D1_Guyan,B2,1,Guyan,full-grid,1637,24,28,64,1.0159284779020243,1.0124828043679792,-0.083601692994078589,0,0,1,UNSTABLE,1.5019219050458416e-16,1.1671942628602297e-16,1
B2_D1_Guyan,B2,1,Guyan,full-grid,1638,24,29,65,1.0158069239384322,1.0123913584654234,-0.08323126831782808,0,0,1,UNSTABLE,2.6913044786187226e-16,1.1671942628602297e-16,1
B2_D1_Guyan,B2,1,Guyan,full-grid,1639,24,30,66,1.0156666762934139,1.0122800150116169,-0.082873207618571212,0,0,1,UNSTABLE,1.5477751701497297e-16,1.1671942628602297e-16,1
B2_D1_Guyan,B2,1,Guyan,full-grid,1640,24,31,67,1.015508946359285,1.012149983044389,-0.082527764776398158,0,0,1,UNSTABLE,1.2168366430806771e-16,1.1671942628602299e-16,1
B2_D1_Guyan,B2,1,Guyan,full-grid,1641,24,32,68,1.0153348172636834,1.0120023486079526,-0.082195118832355571,0,0,1,UNSTABLE,2.1950168356236964e-16,1.1671942628602299e-16,1
B2_D1_Guyan,B2,1,Guyan,full-grid,1642,24,33,69,1.0151452484085974,1.0118380777819926,-0.081875391400560285,0,0,1,UNSTABLE,3.0979945035071974e-16,1.1671942628602297e-16,1
B2_D1_Guyan,B2,1,Guyan,full-grid,1643,24,34,70,1.014941079933803,1.0116580198328475,-0.081568662150827795,0,0,1,UNSTABLE,2.5747050794020763e-16,1.1671942628602299e-16,1
B2_D1_Guyan,B2,1,Guyan,full-grid,1644,24,35,71,1.0147230368433202,1.0114629101843624,-0.081274982755524597,0,0,1,UNSTABLE,2.0168350981010256e-16,1.1671942628602297e-16,1
B2_D1_Guyan,B2,1,Guyan,full-grid,1645,24,36,72,1.0144917325906098,1.0112533729653983,-0.080994389687202073,0,0,1,UNSTABLE,2.8396177144973742e-16,1.1671942628602297e-16,1
B2_D1_Guyan,B2,1,Guyan,full-grid,1646,24,37,73,1.0142476719577291,1.0110299229320607,-0.080726916252665259,0,0,1,UNSTABLE,1.5090061212496136e-16,1.1671942628602299e-16,1
B2_D1_Guyan,B2,1,Guyan,full-grid,1647,24,38,74,1.0139912530896822,1.0107929665891733,-0.080472604259104699,0,0,1,UNSTABLE,1.530855425985772e-16,1.1671942628602297e-16,1
B2_D1_Guyan,B2,1,Guyan,full-grid,1648,24,39,75,1.0137227685596895,1.0105428023490379,-0.080231515733375725,0,0,1,UNSTABLE,2.3980497597838712e-16,1.1671942628602299e-16,1
B2_D1_Guyan,B2,1,Guyan,full-grid,1649,24,40,76,1.0134424053478708,1.0102796195694124,-0.080003745162094062,0,0,1,UNSTABLE,3.6079427663462019e-16,1.1671942628602299e-16,1
B2_D1_Guyan,B2,1,Guyan,full-grid,1650,24,41,77,1.0131502436165452,1.0100034963080624,-0.079789432795042289,0,0,1,UNSTABLE,1.1771159593246335e-16,1.1671942628602299e-16,1
B2_D1_Guyan,B2,1,Guyan,full-grid,1651,24,42,78,1.0128462541640615,1.0097143956214232,-0.079588779667960075,0,0,1,UNSTABLE,2.9842021584378474e-16,1.1671942628602297e-16,1
B2_D1_Guyan,B2,1,Guyan,full-grid,1652,24,43,79,1.0125302944404453,1.00941216022327,-0.079402065168649519,0,0,1,UNSTABLE,2.7024642959415651e-16,1.1671942628602297e-16,1
B2_D1_Guyan,B2,1,Guyan,full-grid,1653,24,44,80,1.012202103019759,1.0090965053118182,-0.079229668212726673,0,0,1,UNSTABLE,1.8009407866800278e-16,1.1671942628602297e-16,1
B2_D1_Guyan,B2,1,Guyan,full-grid,1654,24,45,81,1.011861292460744,1.0087670093823453,-0.079072093447222824,0,0,1,UNSTABLE,2.8889082061898883e-16,1.1671942628602297e-16,1
B2_D1_Guyan,B2,1,Guyan,full-grid,1655,24,46,82,1.0115073405716217,1.0084231028860697,-0.078930004408374388,0,0,1,UNSTABLE,3.2928352978567862e-16,1.1671942628602297e-16,1
B2_D1_Guyan,B2,1,Guyan,full-grid,1656,24,47,83,1.0111395802735945,1.0080640547151993,-0.07880426629956272,0,0,1,UNSTABLE,4.5331471872527621e-16,1.1671942628602299e-16,1
B2_D1_Guyan,B2,1,Guyan,full-grid,1657,24,48,84,1.0107571886091502,1.0076889567582663,-0.078696002138036403,0,0,1,UNSTABLE,2.300701504088658e-16,1.1671942628602299e-16,1
B2_D1_Guyan,B2,1,Guyan,full-grid,1658,24,49,85,1.010359176117094,1.007296707316226,-0.078606667617338907,0,0,1,UNSTABLE,4.4710828480358024e-16,1.1671942628602297e-16,1
B2_D1_Guyan,B2,1,Guyan,full-grid,1659,24,50,86,1.0099443790777569,1.0068859952583429,-0.078538152406151515,0,0,1,UNSTABLE,1.7969935384597275e-16,1.1671942628602299e-16,1
B2_D1_Guyan,B2,1,Guyan,full-grid,1660,24,51,87,1.0095114595534045,1.0064552889291813,-0.078492919146399026,0,0,1,UNSTABLE,4.0924457042993717e-16,1.1671942628602297e-16,1
B2_D1_Guyan,B2,1,Guyan,full-grid,1661,24,52,88,1.0090589227498084,1.006002837985466,-0.078474196690327694,0,0,1,UNSTABLE,4.0025174064800829e-16,1.1671942628602297e-16,1
B2_D1_Guyan,B2,1,Guyan,full-grid,1662,24,53,89,1.0085851700443023,1.0055267045189535,-0.078486251869655049,0,0,1,UNSTABLE,2.6648301841847444e-16,1.1671942628602299e-16,1
B2_D1_Guyan,B2,1,Guyan,full-grid,1663,24,54,90,1.0080886231403909,1.0050248560183945,-0.078534775038159824,0,0,1,UNSTABLE,3.5835980955632826e-16,1.1671942628602297e-16,1
B2_D1_Guyan,B2,1,Guyan,full-grid,1664,24,55,91,1.0075679884299626,1.0044953851555356,-0.078627428484169731,0,0,1,UNSTABLE,2.9942536889058237e-16,1.1671942628602299e-16,1
B2_D1_Guyan,B2,1,Guyan,full-grid,1665,24,56,92,1.007022797204751,1.0039369868360994,-0.07877461870764034,0,0,1,UNSTABLE,5.5982190621343496e-16,1.1671942628602299e-16,1
B2_D1_Guyan,B2,1,Guyan,full-grid,1666,24,57,93,1.006454488241981,1.0033499544914906,-0.0789905419930228,0,0,1,UNSTABLE,2.4185859528332399e-16,1.1671942628602299e-16,1
B2_D1_Guyan,B2,1,Guyan,full-grid,1667,24,58,94,1.005868544901084,1.0027382117045671,-0.079294441223522014,0,0,1,UNSTABLE,2.633056595177058e-16,1.1671942628602297e-16,1
B2_D1_Guyan,B2,1,Guyan,full-grid,1668,24,59,95,1.0052785868093053,1.0021133192016078,-0.079711558610090522,0,0,1,UNSTABLE,1.0579756134751552e-15,1.1671942628602297e-16,1
B2_D1_Guyan,B2,1,Guyan,full-grid,1669,24,60,96,1.0047135454361649,1.0015017430032875,-0.080271832820022204,0,0,1,UNSTABLE,1.6792831548536435e-16,1.1671942628602297e-16,1
B2_D1_Guyan,B2,1,Guyan,full-grid,1670,24,61,97,1.0042272319845891,1.0009551270029136,-0.081001032005837761,0,0,1,UNSTABLE,1.5359860470567536e-16,1.1671942628602297e-16,1
B2_D1_Guyan,B2,1,Guyan,full-grid,1671,24,62,98,1.0039003793595946,1.0005543173656635,-0.081896457061765446,0,0,1,UNSTABLE,3.3149138908550593e-16,1.1671942628602297e-16,1
B2_D1_Guyan,B2,1,Guyan,full-grid,1672,24,63,99,1.0038111187151171,1.0003824689737162,-0.082895583876022111,0,0,1,UNSTABLE,2.5063428932598414e-16,1.1671942628602299e-16,1
B2_D1_Guyan,B2,1,Guyan,full-grid,1673,24,64,100,1.0039773392757381,1.0004667144400818,-0.083885940876039983,0,0,1,UNSTABLE,3.2000316575698239e-16,1.1671942628602299e-16,1
B2_D1_Guyan,B2,1,Guyan,full-grid,1674,24,65,101,1.0043431728803871,1.0007592993614911,-0.084770476304786624,0,0,1,UNSTABLE,4.0571676485977031e-16,1.1671942628602297e-16,1
B2_D1_Guyan,B2,1,Guyan,full-grid,1675,24,66,102,1.0048284186020315,1.0011835497009223,-0.085508190476238005,0,0,1,UNSTABLE,3.3070717554224955e-16,1.1671942628602299e-16,1
B2_D1_Guyan,B2,1,Guyan,full-grid,1676,25,0,37,1.0057491732560304,1.0041433970168021,-0.056810542443686635,0,0,1,UNSTABLE,1.2311517334993945e-16,9.3446663334799891e-17,1
B2_D1_Guyan,B2,1,Guyan,full-grid,1677,25,1,38,1.0061929432889032,1.0021713293489389,-0.089871384519024627,0,0,1,UNSTABLE,1.6440499474117795e-16,1.1671942628602297e-16,1
B2_D1_Guyan,B2,1,Guyan,full-grid,1678,25,2,39,1.0068790652757198,1.0028342272844317,-0.090160771277445317,0,0,1,UNSTABLE,1.5768672487402454e-16,1.1671942628602299e-16,1
B2_D1_Guyan,B2,1,Guyan,full-grid,1679,25,3,40,1.0075814310528597,1.0035194601206543,-0.090382704992044482,0,0,1,UNSTABLE,2.0106487720650851e-16,1.1671942628602297e-16,1
B2_D1_Guyan,B2,1,Guyan,full-grid,1680,25,4,41,1.0082910512045751,1.0042182692095261,-0.090534588556258538,0,0,1,UNSTABLE,1.876711192289069e-16,1.1671942628602299e-16,1
B2_D1_Guyan,B2,1,Guyan,full-grid,1681,25,5,42,1.0089986830459561,1.0049214808293452,-0.090615449875997858,0,0,1,UNSTABLE,2.0182421350748868e-16,1.1671942628602297e-16,1
B2_D1_Guyan,B2,1,Guyan,full-grid,1682,25,6,43,1.0096952455933621,1.0056199166890543,-0.090626001413168553,0,0,1,UNSTABLE,1.5071980429117867e-16,1.1671942628602299e-16,1
B2_D1_Guyan,B2,1,Guyan,full-grid,1683,25,7,44,1.010372217506593,1.0063048005245228,-0.090568572642449302,0,0,1,UNSTABLE,9.5946914529852261e-17,1.1671942628602297e-16,1
B2_D1_Guyan,B2,1,Guyan,full-grid,1684,25,8,45,1.0110219749641971,1.0069681162558761,-0.090446927557534654,0,0,1,UNSTABLE,1.8650618381430508e-16,1.1671942628602299e-16,1
B2_D1_Guyan,B2,1,Guyan,full-grid,1685,25,9,46,1.0116380383576495,1.0076028834176953,-0.090265995704137278,0,0,1,UNSTABLE,1.5590770927830019e-16,1.1671942628602297e-16,1
B2_D1_Guyan,B2,1,Guyan,full-grid,1686,25,10,47,1.0122152133692524,1.0082033313718104,-0.090031554395912802,0,0,1,UNSTABLE,2.9925978418703904e-16,1.1671942628602299e-16,1
B2_D1_Guyan,B2,1,Guyan,full-grid,1687,25,11,48,1.0127496287821758,1.0087649706145951,-0.089749900609246827,0,0,1,UNSTABLE,2.1859727732156212e-16,1.1671942628602297e-16,1
B2_D1_Guyan,B2,1,Guyan,full-grid,1688,25,12,49,1.013238686429236,1.0092845732882498,-0.089427544969092276,0,0,1,UNSTABLE,1.1873249518290231e-16,1.1671942628602297e-16,1
B2_D1_Guyan,B2,1,Guyan,full-grid,1689,25,13,50,1.0136809460985134,1.009760083542397,-0.089070950189322221,0,0,1,UNSTABLE,1.1203661749649268e-16,1.1671942628602297e-16,1
B2_D1_Guyan,B2,1,Guyan,full-grid,1690,25,14,51,1.01407597004133,1.0101904813902303,-0.088686325461364082,0,0,1,UNSTABLE,2.1590309505990926e-16,1.1671942628602299e-16,1
B2_D1_Guyan,B2,1,Guyan,full-grid,1691,25,15,52,1.0144241493599317,1.0105756223083251,-0.088279478933454392,0,0,1,UNSTABLE,1.6641276228620893e-16,1.1671942628602299e-16,1
B2_D1_Guyan,B2,1,Guyan,full-grid,1692,25,16,53,1.0147265298378134,1.0109160707788303,-0.087855723762210902,0,0,1,UNSTABLE,1.4349772945182352e-16,1.1671942628602299e-16,1
B2_D1_Guyan,B2,1,Guyan,full-grid,1693,25,17,54,1.0149846493628141,1.0112129409127522,-0.087419829402359608,0,0,1,UNSTABLE,1.6534916978576948e-16,1.1671942628602297e-16,1
B2_D1_Guyan,B2,1,Guyan,full-grid,1694,25,18,55,1.0152003941054626,1.0114677524085565,-0.086976008355579906,0,0,1,UNSTABLE,1.6965531869545262e-16,1.1671942628602299e-16,1
B2_D1_Guyan,B2,1,Guyan,full-grid,1695,25,19,56,1.0153758766272967,1.011682306049257,-0.086527928806302432,0,0,1,UNSTABLE,1.6265084920955256e-16,1.1671942628602297e-16,1
B2_D1_Guyan,B2,1,Guyan,full-grid,1696,25,20,57,1.0155133362549573,1.011858579949283,-0.086078744732336787,0,0,1,UNSTABLE,1.5626889431768363e-16,1.1671942628602299e-16,1
B2_D1_Guyan,B2,1,Guyan,full-grid,1697,25,21,58,1.0156150602619012,1.0119986457833268,-0.085631136647238579,0,0,1,UNSTABLE,2.1366942583356901e-16,1.1671942628602297e-16,1
B2_D1_Guyan,B2,1,Guyan,full-grid,1698,25,22,59,1.0156833234309528,1.0121046030801037,-0.085187357746386264,0,0,1,UNSTABLE,1.6049641239140144e-16,1.1671942628602299e-16,1
B2_D1_Guyan,B2,1,Guyan,full-grid,1699,25,23,60,1.0157203431905928,1.0121785291267331,-0.084749281684616054,0,0,1,UNSTABLE,1.572689373981681e-16,1.1671942628602297e-16,1
B2_D1_Guyan,B2,1,Guyan,full-grid,1700,25,24,61,1.0157282475165841,1.0122224419020371,-0.084318449422342165,0,0,1,UNSTABLE,3.1298569896302022e-16,1.1671942628602299e-16,1
B2_D1_Guyan,B2,1,Guyan,full-grid,1701,25,25,62,1.0157090530076991,1.012238273578854,-0.083896113520818105,0,0,1,UNSTABLE,1.1750714611873513e-16,1.1671942628602297e-16,1
B2_D1_Guyan,B2,1,Guyan,full-grid,1702,25,26,63,1.0156646508663436,1.0122278523889827,-0.083483278969139901,0,0,1,UNSTABLE,2.8335752893151353e-16,1.1671942628602299e-16,1
B2_D1_Guyan,B2,1,Guyan,full-grid,1703,25,27,64,1.0155967988687475,1.0121928909514981,-0.083080740124865909,0,0,1,UNSTABLE,2.6410563960347923e-16,1.1671942628602297e-16,1
B2_D1_Guyan,B2,1,Guyan,full-grid,1704,25,28,65,1.0155071177514472,1.0121349794770569,-0.082689113689947552,0,0,1,UNSTABLE,3.3245908794319985e-16,1.1671942628602297e-16,1
B2_D1_Guyan,B2,1,Guyan,full-grid,1705,25,29,66,1.015397090748497,1.0120555825504876,-0.082308867863097462,0,0,1,UNSTABLE,1.1707961568466694e-16,1.1671942628602297e-16,1
B2_D1_Guyan,B2,1,Guyan,full-grid,1706,25,30,67,1.0152680652773438,1.0119560384477801,-0.081940347943340944,0,0,1,UNSTABLE,1.975607141618591e-16,1.1671942628602299e-16,1
B2_D1_Guyan,B2,1,Guyan,full-grid,1707,25,31,68,1.0151212559896687,1.0118375601579686,-0.081583798732419041,0,0,1,UNSTABLE,1.4212692202060229e-16,1.1671942628602299e-16,1
B2_D1_Guyan,B2,1,Guyan,full-grid,1708,25,32,69,1.0149577485787993,1.0117012374552097,-0.081239384117203911,0,0,1,UNSTABLE,4.4828450784213049e-16,1.1671942628602299e-16,1
B2_D1_Guyan,B2,1,Guyan,full-grid,1709,25,33,70,1.0147785038730028,1.0115480395056577,-0.08090720422181355,0,0,1,UNSTABLE,1.3807811358143424e-16,1.1671942628602297e-16,1
B2_D1_Guyan,B2,1,Guyan,full-grid,1710,25,34,71,1.0145843618486974,1.0113788176010265,-0.080587310513990276,0,0,1,UNSTABLE,2.4056104329191667e-16,1.1671942628602299e-16,1
B2_D1_Guyan,B2,1,Guyan,full-grid,1711,25,35,72,1.0143760452751558,1.0111943076911407,-0.080279719239042688,0,0,1,UNSTABLE,1.7362275875203464e-16,1.1671942628602297e-16,1
B2_D1_Guyan,B2,1,Guyan,full-grid,1712,25,36,73,1.0141541627562498,1.0109951324443744,-0.079984423543661934,0,0,1,UNSTABLE,1.2780558685848959e-16,1.1671942628602299e-16,1
B2_D1_Guyan,B2,1,Guyan,full-grid,1713,25,37,74,1.0139192109697686,1.0107818026018585,-0.079701404645690671,0,0,1,UNSTABLE,1.8059176058005297e-16,1.1671942628602297e-16,1
B2_D1_Guyan,B2,1,Guyan,full-grid,1714,25,38,75,1.013671575922551,1.0105547174101688,-0.07943064240808928,0,0,1,UNSTABLE,1.5160975706794971e-16,1.1671942628602299e-16,1
B2_D1_Guyan,B2,1,Guyan,full-grid,1715,25,39,76,1.0134115330430271,1.0103141639203979,-0.079172125691091999,0,0,1,UNSTABLE,5.1581421078350525e-16,1.1671942628602297e-16,1
B2_D1_Guyan,B2,1,Guyan,full-grid,1716,25,40,77,1.0131392459221367,1.0100603149291687,-0.078925862889576731,0,0,1,UNSTABLE,5.1931422711799704e-16,1.1671942628602299e-16,1
B2_D1_Guyan,B2,1,Guyan,full-grid,1717,25,41,78,1.0128547634900293,1.0097932253097792,-0.078691893120680548,0,0,1,UNSTABLE,5.4869454337226245e-16,1.1671942628602297e-16,1
B2_D1_Guyan,B2,1,Guyan,full-grid,1718,25,42,79,1.0125580153788993,1.0095128264380322,-0.078470298617698053,0,0,1,UNSTABLE,1.3946829497316859e-16,1.1671942628602299e-16,1
B2_D1_Guyan,B2,1,Guyan,full-grid,1719,25,43,80,1.0122488051720917,1.0092189183566789,-0.078261219025151388,0,0,1,UNSTABLE,2.9097955214149277e-16,1.1671942628602297e-16,1
B2_D1_Guyan,B2,1,Guyan,full-grid,1720,25,44,81,1.0119268011752438,1.0089111592422948,-0.078064868494928205,0,0,1,UNSTABLE,2.0749184065220272e-16,1.1671942628602297e-16,1
B2_D1_Guyan,B2,1,Guyan,full-grid,1721,25,45,82,1.011591524268699,1.0085890516383282,-0.077881556787004341,0,0,1,UNSTABLE,3.1988486010003313e-16,1.1671942628602297e-16,1
B2_D1_Guyan,B2,1,Guyan,full-grid,1722,25,46,83,1.0112423323152728,1.0082519247979547,-0.077711716025654798,0,0,1,UNSTABLE,3.0560941324581361e-16,1.1671942628602299e-16,1
B2_D1_Guyan,B2,1,Guyan,full-grid,1723,25,47,84,1.0108784005161504,1.0078989123468824,-0.077555935427677511,0,0,1,UNSTABLE,2.2290904259842507e-16,1.1671942628602299e-16,1
B2_D1_Guyan,B2,1,Guyan,full-grid,1724,25,48,85,1.0104986970563672,1.0075289243463748,-0.077415007318044113,0,0,1,UNSTABLE,2.337433889124099e-16,1.1671942628602299e-16,1
B2_D1_Guyan,B2,1,Guyan,full-grid,1725,25,49,86,1.0101019534223086,1.0071406127581581,-0.077289989265659123,0,0,1,UNSTABLE,2.4708199809770472e-16,1.1671942628602297e-16,1
B2_D1_Guyan,B2,1,Guyan,full-grid,1726,25,50,87,1.0096866290337319,1.0067323293883459,-0.077182289508770124,0,0,1,UNSTABLE,4.7405768683054353e-16,1.1671942628602299e-16,1
B2_D1_Guyan,B2,1,Guyan,full-grid,1727,25,51,88,1.0092508705871126,1.0063020758528154,-0.077093786488660013,0,0,1,UNSTABLE,2.5863403814619145e-16,1.1671942628602297e-16,1
B2_D1_Guyan,B2,1,Guyan,full-grid,1728,25,52,89,1.0087924683314013,1.0058474464715084,-0.077026999090626685,0,0,1,UNSTABLE,2.1593799442248295e-16,1.1671942628602299e-16,1
B2_D1_Guyan,B2,1,Guyan,full-grid,1729,25,53,90,1.0083088156254392,1.0053655683877054,-0.076985333463212111,0,0,1,UNSTABLE,6.521592004642035e-16,1.1671942628602297e-16,1
B2_D1_Guyan,B2,1,Guyan,full-grid,1730,25,54,91,1.0077968872322682,1.004853051110782,-0.076973447294512373,0,0,1,UNSTABLE,3.4095245081912314e-16,1.1671942628602299e-16,1
B2_D1_Guyan,B2,1,Guyan,full-grid,1731,25,55,92,1.0072532718046912,1.0043059757159565,-0.076997796737800953,0,0,1,UNSTABLE,3.0059812044564876e-16,1.1671942628602297e-16,1
B2_D1_Guyan,B2,1,Guyan,full-grid,1732,25,56,93,1.0066743383092975,1.0037199950671447,-0.077067469874602945,0,0,1,UNSTABLE,3.0594895311453858e-16,1.1671942628602299e-16,1
B2_D1_Guyan,B2,1,Guyan,full-grid,1733,25,57,94,1.0060567157419025,1.0030907112376111,-0.077195468249158336,0,0,1,UNSTABLE,2.2647885893770116e-16,1.1671942628602297e-16,1
B2_D1_Guyan,B2,1,Guyan,full-grid,1734,25,58,95,1.0053984931495703,1.002414718052661,-0.077400665751858749,0,0,1,UNSTABLE,4.8612061016206594e-16,1.1671942628602299e-16,1
B2_D1_Guyan,B2,1,Guyan,full-grid,1735,25,59,96,1.0047020691302979,1.0016922180568339,-0.077710668502352323,0,0,1,UNSTABLE,3.8072931302947279e-16,1.1671942628602297e-16,1
B2_D1_Guyan,B2,1,Guyan,full-grid,1736,25,60,97,1.0039807184993668,1.0009332990331254,-0.078165299239294925,0,0,1,UNSTABLE,3.0494070483234867e-16,1.1671942628602297e-16,1
B2_D1_Guyan,B2,1,Guyan,full-grid,1737,25,61,98,1.003272809483825,1.0001720360963677,-0.078817691290810482,0,0,1,UNSTABLE,3.252774273487626e-16,1.1671942628602297e-16,1
B2_D1_Guyan,B2,1,Guyan,full-grid,1738,25,62,99,1.0026661792212412,0.99949196919038952,-0.079719950313830557,0,0,1,UNSTABLE,1.7631888354523964e-16,1.1671942628602299e-16,1
B2_D1_Guyan,B2,1,Guyan,full-grid,1739,25,63,100,1.0023080209188382,0.99904064083099908,-0.080865114642996519,0,0,1,UNSTABLE,3.9429437322825942e-16,1.1671942628602299e-16,1
B2_D1_Guyan,B2,1,Guyan,full-grid,1740,25,64,101,1.0023198860439311,0.99895078132481374,-0.082112669239668187,0,0,1,UNSTABLE,3.0126731752690415e-16,1.1671942628602299e-16,1
B2_D1_Guyan,B2,1,Guyan,full-grid,1741,25,65,102,1.0026669530790713,0.99920392896182764,-0.083261798828245623,0,0,1,UNSTABLE,2.72223336519768e-16,1.1671942628602297e-16,1
B2_D1_Guyan,B2,1,Guyan,full-grid,1742,25,66,103,1.0032117255138928,0.99967125962064651,-0.084208900343325122,0,0,1,UNSTABLE,4.0325058914114188e-16,1.1671942628602299e-16,1
B2_D1_Guyan,B2,1,Guyan,full-grid,1743,26,0,38,1.0061694271806527,1.0045783134494179,-0.056562605493079468,0,0,1,UNSTABLE,1.0441428122789632e-16,9.3446663334799891e-17,1
B2_D1_Guyan,B2,1,Guyan,full-grid,1744,26,1,39,1.0061162825163852,1.0045287125914255,-0.056498137349861713,0,0,1,UNSTABLE,2.9300481183255766e-16,1.1671942628602297e-16,1
B2_D1_Guyan,B2,1,Guyan,full-grid,1745,26,2,40,1.0061164435693815,1.0021458129439462,-0.089297635016936189,0,0,1,UNSTABLE,1.5932139742218643e-16,1.1671942628602297e-16,1
B2_D1_Guyan,B2,1,Guyan,full-grid,1746,26,3,41,1.0068212297650923,1.0028329912301286,-0.089526422949459797,0,0,1,UNSTABLE,1.8342924850140428e-16,1.1671942628602299e-16,1
B2_D1_Guyan,B2,1,Guyan,full-grid,1747,26,4,42,1.0075347241257728,1.0035350847171856,-0.089685863216385248,0,0,1,UNSTABLE,1.5410356748529667e-16,1.1671942628602297e-16,1
B2_D1_Guyan,B2,1,Guyan,full-grid,1748,26,5,43,1.0082477687735674,1.0042430327749319,-0.089774686632056913,0,0,1,UNSTABLE,3.2217662423120235e-16,1.1671942628602299e-16,1
B2_D1_Guyan,B2,1,Guyan,full-grid,1749,26,6,44,1.0089512933259632,1.0049476979944765,-0.089793299303103813,0,0,1,UNSTABLE,1.4251557890800931e-16,1.1671942628602299e-16,1
B2_D1_Guyan,B2,1,Guyan,full-grid,1750,26,7,45,1.0096367174666403,1.0056402752309268,-0.089743735660369486,0,0,1,UNSTABLE,1.361811432045963e-16,1.1671942628602299e-16,1
B2_D1_Guyan,B2,1,Guyan,full-grid,1751,26,8,46,1.0102962998470646,1.0063126588373668,-0.089629493741397268,0,0,1,UNSTABLE,1.164153143919437e-16,1.1671942628602297e-16,1
B2_D1_Guyan,B2,1,Guyan,full-grid,1752,26,9,47,1.0109234000041953,1.006957731847246,-0.089455279045410424,0,0,1,UNSTABLE,2.0950076263258929e-16,1.1671942628602297e-16,1
B2_D1_Guyan,B2,1,Guyan,full-grid,1753,26,10,48,1.0115126362170614,1.0075695560928175,-0.089226693661214551,0,0,1,UNSTABLE,9.8381743771103671e-17,1.1671942628602297e-16,1
B2_D1_Guyan,B2,1,Guyan,full-grid,1754,26,11,49,1.0120599392386918,1.0081434591507443,-0.088949909406337055,0,0,1,UNSTABLE,2.1273130970855348e-16,1.1671942628602297e-16,1
B2_D1_Guyan,B2,1,Guyan,full-grid,1755,26,12,50,1.0125625155909002,1.0086760284001517,-0.088631358506275848,0,0,1,UNSTABLE,1.2240766564703375e-16,1.1671942628602297e-16,1
B2_D1_Guyan,B2,1,Guyan,full-grid,1756,26,13,51,1.0130187423747745,1.0091650318213854,-0.088277465706216834,0,0,1,UNSTABLE,1.1095705426811161e-16,1.1671942628602299e-16,1
B2_D1_Guyan,B2,1,Guyan,full-grid,1757,26,14,52,1.0134280181362647,1.0096092889178361,-0.087894434831897392,0,0,1,UNSTABLE,1.9203313501776038e-16,1.1671942628602299e-16,1
B2_D1_Guyan,B2,1,Guyan,full-grid,1758,26,15,53,1.013790592481371,1.0100085142980606,-0.087488093185035379,0,0,1,UNSTABLE,2.3498991916033065e-16,1.1671942628602297e-16,1
B2_D1_Guyan,B2,1,Guyan,full-grid,1759,26,16,54,1.0141073926855106,1.0103631527087003,-0.08706379010783058,0,0,1,UNSTABLE,2.4428038403514874e-16,1.1671942628602299e-16,1
B2_D1_Guyan,B2,1,Guyan,full-grid,1760,26,17,55,1.014379860183688,1.0106742193421128,-0.086626341856790287,0,0,1,UNSTABLE,1.4079023712064729e-16,1.1671942628602297e-16,1
B2_D1_Guyan,B2,1,Guyan,full-grid,1761,26,18,56,1.0146098047636933,1.0109431543121357,-0.086180013181996556,0,0,1,UNSTABLE,1.4814105149899816e-16,1.1671942628602297e-16,1
B2_D1_Guyan,B2,1,Guyan,full-grid,1762,26,19,57,1.0147992801589039,1.0111716960233808,-0.085728526012227121,0,0,1,UNSTABLE,1.4555380340186336e-16,1.1671942628602299e-16,1
B2_D1_Guyan,B2,1,Guyan,full-grid,1763,26,20,58,1.0149504817494399,1.0113617750305668,-0.085275086692663621,0,0,1,UNSTABLE,1.9536630858440329e-16,1.1671942628602297e-16,1
B2_D1_Guyan,B2,1,Guyan,full-grid,1764,26,21,59,1.0150656651547345,1.0115154278788328,-0.084822424742078822,0,0,1,UNSTABLE,1.3534796338593055e-16,1.1671942628602299e-16,1
B2_D1_Guyan,B2,1,Guyan,full-grid,1765,26,22,60,1.0151470834288143,1.0116347291644234,-0.08437283770533853,0,0,1,UNSTABLE,1.8900959981636315e-16,1.1671942628602299e-16,1
B2_D1_Guyan,B2,1,Guyan,full-grid,1766,26,23,61,1.0151969401153731,1.0117217394424871,-0.083928238150722173,0,0,1,UNSTABLE,1.3203926758552197e-16,1.1671942628602299e-16,1
B2_D1_Guyan,B2,1,Guyan,full-grid,1767,26,24,62,1.0152173553697408,1.0117784664300209,-0.083490200098249326,0,0,1,UNSTABLE,1.7728507037869735e-16,1.1671942628602297e-16,1
B2_D1_Guyan,B2,1,Guyan,full-grid,1768,26,25,63,1.0152103425426617,1.0118068370416373,-0.08306000313861131,0,0,1,UNSTABLE,2.6189606770846162e-16,1.1671942628602297e-16,1
B2_D1_Guyan,B2,1,Guyan,full-grid,1769,26,26,64,1.015177792926889,1.0118086780307531,-0.082638673232144133,0,0,1,UNSTABLE,3.3927240215739776e-16,1.1671942628602297e-16,1
B2_D1_Guyan,B2,1,Guyan,full-grid,1770,26,27,65,1.0151214667147459,1.0117857033070281,-0.082227019699120191,0,0,1,UNSTABLE,1.4257754570147577e-16,1.1671942628602297e-16,1
B2_D1_Guyan,B2,1,Guyan,full-grid,1771,26,28,66,1.015042988555378,1.0117395063095369,-0.081825668270827184,0,0,1,UNSTABLE,2.0989353402979407e-16,1.1671942628602297e-16,1
B2_D1_Guyan,B2,1,Guyan,full-grid,1772,26,29,67,1.0149438464093974,1.011671556104762,-0.081435090304315075,0,0,1,UNSTABLE,2.8181173654573293e-16,1.1671942628602299e-16,1
B2_D1_Guyan,B2,1,Guyan,full-grid,1773,26,30,68,1.0148253926653545,1.0115831961346564,-0.081055628406572142,0,0,1,UNSTABLE,1.7227400611448549e-16,1.1671942628602299e-16,1
B2_D1_Guyan,B2,1,Guyan,full-grid,1774,26,31,69,1.0146888467036492,1.0114756447565802,-0.080687518793439411,0,0,1,UNSTABLE,2.6484521901039931e-16,1.1671942628602297e-16,1
B2_D1_Guyan,B2,1,Guyan,full-grid,1775,26,32,70,1.0145352982717495,1.0113499968942841,-0.080330910745986167,0,0,1,UNSTABLE,1.1560674329442162e-16,1.1671942628602299e-16,1
B2_D1_Guyan,B2,1,Guyan,full-grid,1776,26,33,71,1.0143657111741751,1.0112072262601428,-0.07998588353677609,0,0,1,UNSTABLE,1.6974398035539988e-16,1.1671942628602297e-16,1
B2_D1_Guyan,B2,1,Guyan,full-grid,1777,26,34,72,1.0141809268865802,1.011048187717275,-0.079652461193216187,0,0,1,UNSTABLE,1.2613894849557498e-16,1.1671942628602297e-16,1
B2_D1_Guyan,B2,1,Guyan,full-grid,1778,26,35,73,1.0139816677803619,1.0108736194302819,-0.079330625451749875,0,0,1,UNSTABLE,1.9690852593756431e-16,1.1671942628602299e-16,1
B2_D1_Guyan,B2,1,Guyan,full-grid,1779,26,36,74,1.0137685396963581,1.0106841445084005,-0.07902032724184678,0,0,1,UNSTABLE,2.0492003739836033e-16,1.1671942628602297e-16,1
B2_D1_Guyan,B2,1,Guyan,full-grid,1780,26,37,75,1.0135420336374878,1.0104802718786017,-0.07872149702693397,0,0,1,UNSTABLE,1.9850190759347868e-16,1.1671942628602299e-16,1
B2_D1_Guyan,B2,1,Guyan,full-grid,1781,26,38,76,1.0133025263616195,1.0102623961393158,-0.078434054323929775,0,0,1,UNSTABLE,4.9084026172048903e-16,1.1671942628602299e-16,1
B2_D1_Guyan,B2,1,Guyan,full-grid,1782,26,39,77,1.0130502796496306,1.0100307961398389,-0.078157916728364946,0,0,1,UNSTABLE,3.7602467037835011e-16,1.1671942628602299e-16,1
B2_D1_Guyan,B2,1,Guyan,full-grid,1783,26,40,78,1.0127854379992045,1.0097856320054399,-0.077893008791643722,0,0,1,UNSTABLE,3.2139214811764948e-16,1.1671942628602297e-16,1
B2_D1_Guyan,B2,1,Guyan,full-grid,1784,26,41,79,1.0125080244506903,1.0095269402816198,-0.077639271136909965,0,0,1,UNSTABLE,5.2369513561469836e-16,1.1671942628602297e-16,1
B2_D1_Guyan,B2,1,Guyan,full-grid,1785,26,42,80,1.0122179341849105,1.0092546267999234,-0.077396670267624174,0,0,1,UNSTABLE,2.8331038785848536e-16,1.1671942628602297e-16,1
B2_D1_Guyan,B2,1,Guyan,full-grid,1786,26,43,81,1.0119149254393507,1.0089684567664459,-0.077165209630139384,0,0,1,UNSTABLE,2.9695152058421288e-16,1.1671942628602297e-16,1
B2_D1_Guyan,B2,1,Guyan,full-grid,1787,26,44,82,1.0115986071617284,1.0086680414344915,-0.076944942655485876,0,0,1,UNSTABLE,3.0152627098681808e-16,1.1671942628602297e-16,1
B2_D1_Guyan,B2,1,Guyan,full-grid,1788,26,45,83,1.0112684226497151,1.0083528205337915,-0.076735988753582327,0,0,1,UNSTABLE,2.486638324021091e-16,1.1671942628602299e-16,1
B2_D1_Guyan,B2,1,Guyan,full-grid,1789,26,46,84,1.0109236281998375,1.008022039374318,-0.076538553607735413,0,0,1,UNSTABLE,2.5383447238395443e-16,1.1671942628602299e-16,1
B2_D1_Guyan,B2,1,Guyan,full-grid,1790,26,47,85,1.0105632654927224,1.0076747192032456,-0.076352955685908663,0,0,1,UNSTABLE,3.5582130839711258e-16,1.1671942628602297e-16,1
B2_D1_Guyan,B2,1,Guyan,full-grid,1791,26,48,86,1.0101861260600138,1.0073096189447059,-0.076179661758302569,0,0,1,UNSTABLE,3.1977984870078363e-16,1.1671942628602299e-16,1
B2_D1_Guyan,B2,1,Guyan,full-grid,1792,26,49,87,1.0097907056970146,1.0069251858662329,-0.076019335568832308,0,0,1,UNSTABLE,2.3999190479797325e-16,1.1671942628602297e-16,1
B2_D1_Guyan,B2,1,Guyan,full-grid,1793,26,50,88,1.0093751461120017,1.0065194919775482,-0.075872905953859981,0,0,1,UNSTABLE,5.970728793903843e-16,1.1671942628602297e-16,1
B2_D1_Guyan,B2,1,Guyan,full-grid,1794,26,51,89,1.0089371604939563,1.0060901520923058,-0.075741664151828189,0,0,1,UNSTABLE,3.3209795761396223e-16,1.1671942628602299e-16,1
B2_D1_Guyan,B2,1,Guyan,full-grid,1795,26,52,90,1.0084739392326552,1.0056342185998719,-0.075627405696972294,0,0,1,UNSTABLE,2.7778946708156064e-16,1.1671942628602297e-16,1
B2_D1_Guyan,B2,1,Guyan,full-grid,1796,26,53,91,1.0079820322736153,1.0051480475141805,-0.075532641717858298,0,0,1,UNSTABLE,2.0394165198285209e-16,1.1671942628602299e-16,1
B2_D1_Guyan,B2,1,Guyan,full-grid,1797,26,54,92,1.0074572069032874,1.0046271314375397,-0.075460920488379671,0,0,1,UNSTABLE,5.0244104068390636e-16,1.1671942628602299e-16,1
B2_D1_Guyan,B2,1,Guyan,full-grid,1798,26,55,93,1.0068942875246198,1.0040659006840615,-0.075417327804795029,0,0,1,UNSTABLE,3.4555874650978498e-16,1.1671942628602299e-16,1
B2_D1_Guyan,B2,1,Guyan,full-grid,1799,26,56,94,1.0062870055643722,1.0034575115773885,-0.075409283424695425,0,0,1,UNSTABLE,2.1166329512572746e-16,1.1671942628602297e-16,1
B2_D1_Guyan,B2,1,Guyan,full-grid,1800,26,57,95,1.0056279439237599,1.0027936903974988,-0.075447836942446916,0,0,1,UNSTABLE,2.6711431185693132e-16,1.1671942628602297e-16,1
B2_D1_Guyan,B2,1,Guyan,full-grid,1801,26,58,96,1.0049088047449861,1.002064833634158,-0.075549818317082101,0,0,1,UNSTABLE,3.3247756972557494e-16,1.1671942628602297e-16,1
B2_D1_Guyan,B2,1,Guyan,full-grid,1802,26,59,97,1.004121604429824,1.0012609191869428,-0.075741456228689608,0,0,1,UNSTABLE,4.7440668512117737e-16,1.1671942628602297e-16,1
B2_D1_Guyan,B2,1,Guyan,full-grid,1803,26,60,98,1.0032624125238534,1.000374763760461,-0.076064449083552907,0,0,1,UNSTABLE,3.1668498258334739e-16,1.1671942628602297e-16,1
B2_D1_Guyan,B2,1,Guyan,full-grid,1804,26,61,99,1.0023421248711144,0.99941202334139823,-0.07658552664696594,0,0,1,UNSTABLE,2.5517136493194296e-16,1.1671942628602299e-16,1
B2_D1_Guyan,B2,1,Guyan,full-grid,1805,26,62,100,1.0022675475129608,1.0005282189003408,-0.059021351914004039,0,0,1,UNSTABLE,1.9591045102938938e-16,1.1671942628602299e-16,1
B2_D1_Guyan,B2,1,Guyan,full-grid,1806,26,63,101,1.0024787308126317,1.0007263035041793,-0.059249229586266342,0,0,1,UNSTABLE,1.9425486908779671e-16,1.1671942628602297e-16,1
B2_D1_Guyan,B2,1,Guyan,full-grid,1807,26,64,102,1.0027236581446819,1.0009605019580552,-0.059437430319044457,0,0,1,UNSTABLE,2.0666676821296105e-16,1.1671942628602299e-16,1
B2_D1_Guyan,B2,1,Guyan,full-grid,1808,26,65,103,1.0029875319194719,1.0012164836139039,-0.05957803391958108,0,0,1,UNSTABLE,2.3131192784232028e-16,1.1671942628602297e-16,1
B2_D1_Guyan,B2,1,Guyan,full-grid,1809,26,66,104,1.0032550959121806,1.0014790224969168,-0.059670386058569239,0,0,1,UNSTABLE,2.6624870458670559e-16,1.1671942628602297e-16,1
B2_D1_Guyan,B2,1,Guyan,full-grid,1810,27,0,39,1.0065783461351352,1.0050037168289094,-0.056280512330833997,0,0,1,UNSTABLE,1.5480096589951738e-16,9.3446663334799891e-17,1
B2_D1_Guyan,B2,1,Guyan,full-grid,1811,27,1,40,1.0065192901266633,1.0049479215270225,-0.056220604902469544,0,0,1,UNSTABLE,1.5820160615876801e-16,1.1671942628602297e-16,1
B2_D1_Guyan,B2,1,Guyan,full-grid,1812,27,2,41,1.006459508160864,1.00489127159143,-0.056162922348890594,0,0,1,UNSTABLE,1.9322859631084089e-16,1.1671942628602299e-16,1
B2_D1_Guyan,B2,1,Guyan,full-grid,1813,27,3,42,1.0063989844254355,1.0048337551169357,-0.056107400850032289,0,0,1,UNSTABLE,1.1952287300201382e-16,1.1671942628602297e-16,1
B2_D1_Guyan,B2,1,Guyan,full-grid,1814,27,4,43,1.0067530370368778,1.00282012627141,-0.088901473148481541,0,0,1,UNSTABLE,1.5331755410472454e-16,1.1671942628602299e-16,1
B2_D1_Guyan,B2,1,Guyan,full-grid,1815,27,5,44,1.0074708830088779,1.0035322518383034,-0.088997750707711959,0,0,1,UNSTABLE,2.4008474442529475e-16,1.1671942628602297e-16,1
B2_D1_Guyan,B2,1,Guyan,full-grid,1816,27,6,45,1.0081808189014896,1.0042426526861838,-0.089023918845977809,0,0,1,UNSTABLE,1.8654987460242046e-16,1.1671942628602299e-16,1
B2_D1_Guyan,B2,1,Guyan,full-grid,1817,27,7,46,1.008874195618279,1.0049424852287465,-0.088981705797877494,0,0,1,UNSTABLE,1.7478429242403291e-16,1.1671942628602297e-16,1
B2_D1_Guyan,B2,1,Guyan,full-grid,1818,27,8,47,1.0095431431065451,1.0056235430675464,-0.088874335000140928,0,0,1,UNSTABLE,1.3751168635873447e-16,1.1671942628602299e-16,1
B2_D1_Guyan,B2,1,Guyan,full-grid,1819,27,9,48,1.0101808482785763,1.0062785607073446,-0.088706282131418901,0,0,1,UNSTABLE,2.2351097471561119e-16,1.1671942628602297e-16,1
B2_D1_Guyan,B2,1,Guyan,full-grid,1820,27,10,49,1.0107817304590896,1.0069014204177495,-0.088482971189882992,0,0,1,UNSTABLE,2.0946641020504845e-16,1.1671942628602297e-16,1
B2_D1_Guyan,B2,1,Guyan,full-grid,1821,27,11,50,1.0113415117478433,1.0074872555715131,-0.088210448618027626,0,0,1,UNSTABLE,1.3752312369534007e-16,1.1671942628602297e-16,1
B2_D1_Guyan,B2,1,Guyan,full-grid,1822,27,12,51,1.0118571941744119,1.0080324588208107,-0.08789507020410274,0,0,1,UNSTABLE,1.3645443993897532e-16,1.1671942628602299e-16,1
B2_D1_Guyan,B2,1,Guyan,full-grid,1823,27,13,52,1.0123269646989508,1.008534613678612,-0.087543226286924181,0,0,1,UNSTABLE,1.2597460275658383e-16,1.1671942628602299e-16,1
B2_D1_Guyan,B2,1,Guyan,full-grid,1824,27,14,53,1.0127500525071291,1.0089923726325527,-0.087161119901734502,0,0,1,UNSTABLE,1.5822783949031712e-16,1.1671942628602299e-16,1
B2_D1_Guyan,B2,1,Guyan,full-grid,1825,27,15,54,1.0131265617576655,1.0094053046582554,-0.086754602567721786,0,0,1,UNSTABLE,1.2359197963883132e-16,1.1671942628602297e-16,1
B2_D1_Guyan,B2,1,Guyan,full-grid,1826,27,16,55,1.0134572987663688,1.0097737315699049,-0.086329064944634187,0,0,1,UNSTABLE,2.6203308798487003e-16,1.1671942628602299e-16,1
B2_D1_Guyan,B2,1,Guyan,full-grid,1827,27,17,56,1.0137436073043995,1.0100985677720187,-0.085889374985809536,0,0,1,UNSTABLE,2.7730375371936336e-16,1.1671942628602297e-16,1
B2_D1_Guyan,B2,1,Guyan,full-grid,1828,27,18,57,1.0139872205357825,1.010381172989929,-0.085439854151189251,0,0,1,UNSTABLE,1.2605062318641419e-16,1.1671942628602299e-16,1
B2_D1_Guyan,B2,1,Guyan,full-grid,1829,27,19,58,1.0141901338411941,1.0106232232576602,-0.084984282035659969,0,0,1,UNSTABLE,1.4248740383040667e-16,1.1671942628602297e-16,1
B2_D1_Guyan,B2,1,Guyan,full-grid,1830,27,20,59,1.0143544996260911,1.010826602163843,-0.084525920696538082,0,0,1,UNSTABLE,2.3396181924976062e-16,1.1671942628602299e-16,1
B2_D1_Guyan,B2,1,Guyan,full-grid,1831,27,21,60,1.014482543143798,1.0109933121139072,-0.084067551436091223,0,0,1,UNSTABLE,2.8460732188063399e-16,1.1671942628602297e-16,1
B2_D1_Guyan,B2,1,Guyan,full-grid,1832,27,22,61,1.0145764971828954,1.0111254040060995,-0.083611518401568552,0,0,1,UNSTABLE,1.898193655642486e-16,1.1671942628602299e-16,1
B2_D1_Guyan,B2,1,Guyan,full-grid,1833,27,23,62,1.0146385529364639,1.0112249230266346,-0.083159774860076502,0,0,1,UNSTABLE,2.6137633355897155e-16,1.1671942628602297e-16,1
B2_D1_Guyan,B2,1,Guyan,full-grid,1834,27,24,63,1.0146708242704341,1.0112938680372243,-0.08271392927404142,0,0,1,UNSTABLE,2.4798998021662482e-16,1.1671942628602299e-16,1
B2_D1_Guyan,B2,1,Guyan,full-grid,1835,27,25,64,1.0146753227662066,1.0113341620847764,-0.082275289309664087,0,0,1,UNSTABLE,1.4946360403912054e-16,1.1671942628602297e-16,1
B2_D1_Guyan,B2,1,Guyan,full-grid,1836,27,26,65,1.0146539412036721,1.0113476317800156,-0.081844902670226941,0,0,1,UNSTABLE,1.2561674652672979e-16,1.1671942628602297e-16,1
B2_D1_Guyan,B2,1,Guyan,full-grid,1837,27,27,66,1.014608443491495,1.0113359935812174,-0.081423594193120521,0,0,1,UNSTABLE,2.4382967175893191e-16,1.1671942628602297e-16,1
B2_D1_Guyan,B2,1,Guyan,full-grid,1838,27,28,67,1.0145404593916838,1.0113008453256258,-0.081011999027078077,0,0,1,UNSTABLE,3.0407050492474847e-16,1.1671942628602299e-16,1
B2_D1_Guyan,B2,1,Guyan,full-grid,1839,27,29,68,1.0144514826969335,1.0112436616418858,-0.080610591953651833,0,0,1,UNSTABLE,1.3164067974277004e-16,1.1671942628602299e-16,1
B2_D1_Guyan,B2,1,Guyan,full-grid,1840,27,30,69,1.0143428717893537,1.0111657921353687,-0.080219713070577583,0,0,1,UNSTABLE,1.6007560601843972e-16,1.1671942628602299e-16,1
B2_D1_Guyan,B2,1,Guyan,full-grid,1841,27,31,70,1.0142158517343858,1.0110684614582288,-0.0798395901404539,0,0,1,UNSTABLE,1.936776914191208e-16,1.1671942628602297e-16,1
B2_D1_Guyan,B2,1,Guyan,full-grid,1842,27,32,71,1.0140715172452763,1.0109527705563242,-0.079470357949545212,0,0,1,UNSTABLE,1.8834308373483016e-16,1.1671942628602299e-16,1
B2_D1_Guyan,B2,1,Guyan,full-grid,1843,27,33,72,1.013910835995689,1.010819698528608,-0.079112075032898563,0,0,1,UNSTABLE,2.3164770908004239e-16,1.1671942628602297e-16,1
B2_D1_Guyan,B2,1,Guyan,full-grid,1844,27,34,73,1.0137346518652555,1.0106701046443776,-0.078764738116072361,0,0,1,UNSTABLE,2.7816506107837576e-16,1.1671942628602299e-16,1
B2_D1_Guyan,B2,1,Guyan,full-grid,1845,27,35,74,1.0135436877802186,1.0105047301442829,-0.078428294608232696,0,0,1,UNSTABLE,1.3000538691554502e-16,1.1671942628602297e-16,1
B2_D1_Guyan,B2,1,Guyan,full-grid,1846,27,36,75,1.0133385478622621,1.0103241995051244,-0.078102653462784236,0,0,1,UNSTABLE,1.9362552384691836e-16,1.1671942628602299e-16,1
B2_D1_Guyan,B2,1,Guyan,full-grid,1847,27,37,76,1.0131197186263934,1.0101290208791573,-0.077787694703837451,0,0,1,UNSTABLE,3.9040578655807423e-16,1.1671942628602297e-16,1
B2_D1_Guyan,B2,1,Guyan,full-grid,1848,27,38,77,1.0128875689749763,1.0099195854271465,-0.077483277903675096,0,0,1,UNSTABLE,4.7318730448079305e-16,1.1671942628602299e-16,1
B2_D1_Guyan,B2,1,Guyan,full-grid,1849,27,39,78,1.0126423487201044,1.0096961652510248,-0.077189249891060269,0,0,1,UNSTABLE,3.0863555216843696e-16,1.1671942628602297e-16,1
B2_D1_Guyan,B2,1,Guyan,full-grid,1850,27,40,79,1.0123841853290774,1.0094589095950528,-0.076905451975700506,0,0,1,UNSTABLE,1.9733903292550718e-16,1.1671942628602299e-16,1
B2_D1_Guyan,B2,1,Guyan,full-grid,1851,27,41,80,1.0121130785251424,1.0092078389208361,-0.076631726995919816,0,0,1,UNSTABLE,3.6114151670729992e-16,1.1671942628602297e-16,1
B2_D1_Guyan,B2,1,Guyan,full-grid,1852,27,42,81,1.011828892281919,1.0089428363651112,-0.076367926539745182,0,0,1,UNSTABLE,3.1124515757788228e-16,1.1671942628602297e-16,1
B2_D1_Guyan,B2,1,Guyan,full-grid,1853,27,43,82,1.0115313436169517,1.008663635950958,-0.076113918764632679,0,0,1,UNSTABLE,2.74773812703154e-16,1.1671942628602297e-16,1
B2_D1_Guyan,B2,1,Guyan,full-grid,1854,27,44,83,1.0112199874044809,1.0083698067288802,-0.075869597362047222,0,0,1,UNSTABLE,3.3462240817775725e-16,1.1671942628602299e-16,1
B2_D1_Guyan,B2,1,Guyan,full-grid,1855,27,45,84,1.0108941961708937,1.008060731753277,-0.07563489240453132,0,0,1,UNSTABLE,2.3569572426742989e-16,1.1671942628602299e-16,1
B2_D1_Guyan,B2,1,Guyan,full-grid,1856,27,46,85,1.0105531334816407,1.0077355804226937,-0.075409784111208467,0,0,1,UNSTABLE,3.7571815960347015e-16,1.1671942628602299e-16,1
B2_D1_Guyan,B2,1,Guyan,full-grid,1857,27,47,86,1.0101957190369453,1.0073932721853767,-0.075194321036968409,0,0,1,UNSTABLE,4.2300012734340923e-16,1.1671942628602297e-16,1
B2_D1_Guyan,B2,1,Guyan,full-grid,1858,27,48,87,1.0098205829097562,1.007032428871713,-0.074988644933335971,0,0,1,UNSTABLE,3.7376737602609587e-16,1.1671942628602299e-16,1
B2_D1_Guyan,B2,1,Guyan,full-grid,1859,27,49,88,1.0094260054098145,1.0066513118756002,-0.074793025722643819,0,0,1,UNSTABLE,2.5129983195641478e-16,1.1671942628602297e-16,1
B2_D1_Guyan,B2,1,Guyan,full-grid,1860,27,50,89,1.0090098377426888,1.0062477389450559,-0.074607911976478286,0,0,1,UNSTABLE,2.8336560123064358e-16,1.1671942628602299e-16,1
B2_D1_Guyan,B2,1,Guyan,full-grid,1861,27,51,90,1.0085693968397993,1.0058189733059648,-0.074434005531954908,0,0,1,UNSTABLE,1.9262322422522376e-16,1.1671942628602297e-16,1
B2_D1_Guyan,B2,1,Guyan,full-grid,1862,27,52,91,1.0081013253734863,1.005361575068453,-0.074272374377414768,0,0,1,UNSTABLE,2.9109384616966897e-16,1.1671942628602299e-16,1
B2_D1_Guyan,B2,1,Guyan,full-grid,1863,27,53,92,1.0076014050995754,1.0048712012817156,-0.074124627441091329,0,0,1,UNSTABLE,4.0781794523786943e-16,1.1671942628602297e-16,1
B2_D1_Guyan,B2,1,Guyan,full-grid,1864,27,54,93,1.0070643088609752,1.0043423369419502,-0.073993191630148059,0,0,1,UNSTABLE,2.9666459996200371e-16,1.1671942628602299e-16,1
B2_D1_Guyan,B2,1,Guyan,full-grid,1865,27,55,94,1.006483275902025,1.0037679363377412,-0.07388176128615348,0,0,1,UNSTABLE,1.8079692024693371e-16,1.1671942628602297e-16,1
B2_D1_Guyan,B2,1,Guyan,full-grid,1866,27,56,95,1.0058497026124149,1.0031389575545282,-0.073796043809259651,0,0,1,UNSTABLE,2.2197035590079292e-16,1.1671942628602299e-16,1
B2_D1_Guyan,B2,1,Guyan,full-grid,1867,27,57,96,1.0051526723593951,1.00244379723643,-0.073745021075599507,0,0,1,UNSTABLE,3.8480784335589868e-16,1.1671942628602297e-16,1
B2_D1_Guyan,B2,1,Guyan,full-grid,1868,27,58,97,1.0043785422472127,1.0016677139857857,-0.073743114153973874,0,0,1,UNSTABLE,4.0889382719346174e-16,1.1671942628602297e-16,1
B2_D1_Guyan,B2,1,Guyan,full-grid,1869,27,59,98,1.0035109458498739,1.0007925475299575,-0.073813923137891799,0,0,1,UNSTABLE,5.2514492743670771e-16,1.1671942628602297e-16,1
B2_D1_Guyan,B2,1,Guyan,full-grid,1870,27,60,99,1.0025321295400509,0.99979755869256803,-0.073996705281319297,0,0,1,UNSTABLE,3.4610661930819845e-16,1.1671942628602299e-16,1
B2_D1_Guyan,B2,1,Guyan,full-grid,1871,27,61,100,1.0026399831183739,1.0008989828365156,-0.059060662919083594,0,0,1,UNSTABLE,2.6655884579761765e-16,1.1671942628602299e-16,1
B2_D1_Guyan,B2,1,Guyan,full-grid,1872,27,62,101,1.0028740665905325,1.0011187612484713,-0.059309521294292136,0,0,1,UNSTABLE,3.7066599411700343e-16,1.1671942628602299e-16,1
B2_D1_Guyan,B2,1,Guyan,full-grid,1873,27,63,102,1.00314904028008,1.0013822573310263,-0.05951110583297841,0,0,1,UNSTABLE,5.6746656788525773e-16,1.1671942628602297e-16,1
B2_D1_Guyan,B2,1,Guyan,full-grid,1874,27,64,103,1.0034451239015214,1.0016703271867278,-0.059654608500712997,0,0,1,UNSTABLE,3.6604455631053605e-16,1.1671942628602299e-16,1
B2_D1_Guyan,B2,1,Guyan,full-grid,1875,27,65,104,1.0037419423575897,1.0019625749322034,-0.059740147999615821,0,0,1,UNSTABLE,3.4479965229998576e-16,1.1671942628602297e-16,1
B2_D1_Guyan,B2,1,Guyan,full-grid,1876,27,66,105,1.0040246321106716,1.0022436404568751,-0.059775806550138075,0,0,1,UNSTABLE,2.4798334578907402e-16,1.1671942628602299e-16,1
B2_D1_Guyan,B2,1,Guyan,full-grid,1877,28,0,40,1.0069711062458571,1.005414694306809,-0.055965179227366123,0,0,1,UNSTABLE,1.6572258889472761e-16,9.3446663334799891e-17,1
B2_D1_Guyan,B2,1,Guyan,full-grid,1878,28,1,41,1.0069071846720374,1.0053537071220562,-0.055910661953758871,0,0,1,UNSTABLE,1.5353618208662616e-16,1.1671942628602299e-16,1
B2_D1_Guyan,B2,1,Guyan,full-grid,1879,28,2,42,1.0068427273630696,1.0052920604496203,-0.055858310401061637,0,0,1,UNSTABLE,1.0096785704233784e-16,1.1671942628602297e-16,1
B2_D1_Guyan,B2,1,Guyan,full-grid,1880,28,3,43,1.0067777071818973,1.0052297304355617,-0.055808070445822235,0,0,1,UNSTABLE,2.2152086463883876e-16,1.1671942628602299e-16,1
B2_D1_Guyan,B2,1,Guyan,full-grid,1881,28,4,44,1.0067120972094168,1.0051666929576115,-0.055759896309453376,0,0,1,UNSTABLE,2.5718034102567213e-16,1.1671942628602299e-16,1
B2_D1_Guyan,B2,1,Guyan,full-grid,1882,28,5,45,1.0066747342224565,1.0027962064069165,-0.088282438444744857,0,0,1,UNSTABLE,1.0948790852539444e-16,1.1671942628602299e-16,1
B2_D1_Guyan,B2,1,Guyan,full-grid,1883,28,6,46,1.0073903390924108,1.0035116357010128,-0.088315866691100323,0,0,1,UNSTABLE,2.3387463046034919e-16,1.1671942628602297e-16,1
B2_D1_Guyan,B2,1,Guyan,full-grid,1884,28,7,47,1.0080909927756578,1.0042180880841158,-0.088280695965169714,0,0,1,UNSTABLE,1.7172735880721168e-16,1.1671942628602297e-16,1
B2_D1_Guyan,B2,1,Guyan,full-grid,1885,28,8,48,1.0087686848636839,1.0049072449642287,-0.088179864935313948,0,0,1,UNSTABLE,2.3831417179467198e-16,1.1671942628602297e-16,1
B2_D1_Guyan,B2,1,Guyan,full-grid,1886,28,9,49,1.0094164168419011,1.0055716794567808,-0.088017612239890575,0,0,1,UNSTABLE,1.5430927275363741e-16,1.1671942628602297e-16,1
B2_D1_Guyan,B2,1,Guyan,full-grid,1887,28,10,50,1.0100283960971053,1.0062050809659384,-0.087799179727491253,0,0,1,UNSTABLE,1.4386021658345433e-16,1.1671942628602297e-16,1
B2_D1_Guyan,B2,1,Guyan,full-grid,1888,28,11,51,1.0106001237964719,1.0068023758376738,-0.087530487403302312,0,0,1,UNSTABLE,1.4467715795308005e-16,1.1671942628602299e-16,1
B2_D1_Guyan,B2,1,Guyan,full-grid,1889,28,12,52,1.011128386579162,1.0073597503875233,-0.087217816100645884,0,0,1,UNSTABLE,1.608911130779323e-16,1.1671942628602299e-16,1
B2_D1_Guyan,B2,1,Guyan,full-grid,1890,28,13,53,1.0116111721585854,1.0078745937405333,-0.086867525165749887,0,0,1,UNSTABLE,1.4026192676653518e-16,1.1671942628602297e-16,1
B2_D1_Guyan,B2,1,Guyan,full-grid,1891,28,14,54,1.012047533200398,1.008345383353527,-0.086485821535320931,0,0,1,UNSTABLE,1.4643158201435924e-16,1.1671942628602299e-16,1
B2_D1_Guyan,B2,1,Guyan,full-grid,1892,28,15,55,1.0124374231479298,1.0087715364582475,-0.086078586315571345,0,0,1,UNSTABLE,2.1230435295664333e-16,1.1671942628602297e-16,1
B2_D1_Guyan,B2,1,Guyan,full-grid,1893,28,16,56,1.0127815237853788,1.009153247573856,-0.085651257037906256,0,0,1,UNSTABLE,1.2541394148921325e-16,1.1671942628602297e-16,1
B2_D1_Guyan,B2,1,Guyan,full-grid,1894,28,17,57,1.013081079072836,1.0094913274574757,-0.085208758725410089,0,0,1,UNSTABLE,2.7532539895579623e-16,1.1671942628602299e-16,1
B2_D1_Guyan,B2,1,Guyan,full-grid,1895,28,18,58,1.0133377445329845,1.0097870538078788,-0.084755474496933769,0,0,1,UNSTABLE,2.4435871801595105e-16,1.1671942628602297e-16,1
B2_D1_Guyan,B2,1,Guyan,full-grid,1896,28,19,59,1.0135534570232971,1.0100420395932077,-0.0842952460004113,0,0,1,UNSTABLE,2.5126253790503107e-16,1.1671942628602299e-16,1
B2_D1_Guyan,B2,1,Guyan,full-grid,1897,28,20,60,1.0137303264016286,1.0102581214308273,-0.083831394771938253,0,0,1,UNSTABLE,2.1916285155661313e-16,1.1671942628602299e-16,1
B2_D1_Guyan,B2,1,Guyan,full-grid,1898,28,21,61,1.0138705483724701,1.0104372680564191,-0.083366757042443007,0,0,1,UNSTABLE,1.6131088976529087e-16,1.1671942628602299e-16,1
B2_D1_Guyan,B2,1,Guyan,full-grid,1899,28,22,62,1.0139763365023358,1.0105815074411646,-0.082903726120371779,0,0,1,UNSTABLE,1.8588150103298641e-16,1.1671942628602297e-16,1
B2_D1_Guyan,B2,1,Guyan,full-grid,1900,28,23,63,1.0140498707786372,1.0106928703386959,-0.082444297999912514,0,0,1,UNSTABLE,1.8462636107501881e-16,1.1671942628602297e-16,1
B2_D1_Guyan,B2,1,Guyan,full-grid,1901,28,24,64,1.0140932599336601,1.010773347755479,-0.081990117148711697,0,0,1,UNSTABLE,1.066623012159855e-16,1.1671942628602297e-16,1
B2_D1_Guyan,B2,1,Guyan,full-grid,1902,28,25,65,1.0141085148827493,1.0108248598608398,-0.081542520472507582,0,0,1,UNSTABLE,1.9734392726671066e-16,1.1671942628602297e-16,1
B2_D1_Guyan,B2,1,Guyan,full-grid,1903,28,26,66,1.014097530901704,1.0108492340516255,-0.081102578246161891,0,0,1,UNSTABLE,1.6210340215169022e-16,1.1671942628602297e-16,1
B2_D1_Guyan,B2,1,Guyan,full-grid,1904,28,27,67,1.0140620765038526,1.0108481901680231,-0.080671131375093061,0,0,1,UNSTABLE,1.4609033303050638e-16,1.1671942628602299e-16,1
B2_D1_Guyan,B2,1,Guyan,full-grid,1905,28,28,68,1.0140037873176526,1.0108233311617683,-0.080248824748836073,0,0,1,UNSTABLE,2.1263861203547471e-16,1.1671942628602299e-16,1
B2_D1_Guyan,B2,1,Guyan,full-grid,1906,28,29,69,1.0139241635806282,1.0107761378107138,-0.079836136712225475,0,0,1,UNSTABLE,3.1691055190433853e-16,1.1671942628602297e-16,1
B2_D1_Guyan,B2,1,Guyan,full-grid,1907,28,30,70,1.0138245701397803,1.0107079663355436,-0.079433404843178901,0,0,1,UNSTABLE,1.100192678601495e-16,1.1671942628602299e-16,1
B2_D1_Guyan,B2,1,Guyan,full-grid,1908,28,31,71,1.0137062380784994,1.0106200479983478,-0.079040848319590656,0,0,1,UNSTABLE,3.7472764667591207e-16,1.1671942628602297e-16,1
B2_D1_Guyan,B2,1,Guyan,full-grid,1909,28,32,72,1.0135702672752898,1.0105134899464823,-0.078658587202433503,0,0,1,UNSTABLE,1.4599954317475027e-16,1.1671942628602297e-16,1
B2_D1_Guyan,B2,1,Guyan,full-grid,1910,28,33,73,1.0134176293449586,1.0103892767115099,-0.078286658975511125,0,0,1,UNSTABLE,2.1743735881918751e-16,1.1671942628602299e-16,1
B2_D1_Guyan,B2,1,Guyan,full-grid,1911,28,34,74,1.0132491705216609,1.0102482718843642,-0.077925032675575961,0,0,1,UNSTABLE,1.7581645892297576e-16,1.1671942628602297e-16,1
B2_D1_Guyan,B2,1,Guyan,full-grid,1912,28,35,75,1.0130656141211019,1.0100912195690863,-0.07757362092877304,0,0,1,UNSTABLE,1.0915604372141535e-16,1.1671942628602299e-16,1
B2_D1_Guyan,B2,1,Guyan,full-grid,1913,28,36,76,1.0128675622686059,1.0099187452703888,-0.077232290186369984,0,0,1,UNSTABLE,2.592804813331524e-16,1.1671942628602299e-16,1
B2_D1_Guyan,B2,1,Guyan,full-grid,1914,28,37,77,1.0126554966045229,1.0097313558983867,-0.076900869429144231,0,0,1,UNSTABLE,3.2616328091170539e-16,1.1671942628602299e-16,1
B2_D1_Guyan,B2,1,Guyan,full-grid,1915,28,38,78,1.0124297776787761,1.0095294385771012,-0.076579157588073585,0,0,1,UNSTABLE,3.9938803109172051e-16,1.1671942628602297e-16,1
B2_D1_Guyan,B2,1,Guyan,full-grid,1916,28,39,79,1.0121906427223448,1.0093132579216291,-0.076266929912645359,0,0,1,UNSTABLE,3.8474371969210822e-16,1.1671942628602297e-16,1
B2_D1_Guyan,B2,1,Guyan,full-grid,1917,28,40,80,1.0119382014327329,1.0090829513996362,-0.075963943509495632,0,0,1,UNSTABLE,2.6316564002784584e-16,1.1671942628602297e-16,1
B2_D1_Guyan,B2,1,Guyan,full-grid,1918,28,41,81,1.0116724293278616,1.008838522310703,-0.075669942276272981,0,0,1,UNSTABLE,3.1792101564992353e-16,1.1671942628602297e-16,1
B2_D1_Guyan,B2,1,Guyan,full-grid,1919,28,42,82,1.0113931580997795,1.0085798297930793,-0.075384661474393475,0,0,1,UNSTABLE,3.0637376151617192e-16,1.1671942628602297e-16,1
B2_D1_Guyan,B2,1,Guyan,full-grid,1920,28,43,83,1.0111000622240582,1.0083065750890243,-0.075107832226315424,0,0,1,UNSTABLE,2.8520943224927566e-16,1.1671942628602299e-16,1
B2_D1_Guyan,B2,1,Guyan,full-grid,1921,28,44,84,1.0107926408316859,1.0080182830450874,-0.074839186301879843,0,0,1,UNSTABLE,3.1349262985568225e-16,1.1671942628602299e-16,1
B2_D1_Guyan,B2,1,Guyan,full-grid,1922,28,45,85,1.010470193499454,1.0077142774627545,-0.074578461693321399,0,0,1,UNSTABLE,2.5023062705752423e-16,1.1671942628602297e-16,1
B2_D1_Guyan,B2,1,Guyan,full-grid,1923,28,46,86,1.0101317881171854,1.0073936484000023,-0.074325409707276649,0,0,1,UNSTABLE,2.9078567786313933e-16,1.1671942628602299e-16,1
B2_D1_Guyan,B2,1,Guyan,full-grid,1924,28,47,87,1.0097762182805363,1.0070552087860185,-0.074079804683126291,0,0,1,UNSTABLE,3.607512060365495e-16,1.1671942628602297e-16,1
B2_D1_Guyan,B2,1,Guyan,full-grid,1925,28,48,88,1.0094019466387834,1.006697436643925,-0.073841458089043105,0,0,1,UNSTABLE,2.0218480374305656e-16,1.1671942628602297e-16,1
B2_D1_Guyan,B2,1,Guyan,full-grid,1926,28,49,89,1.0090070291531137,1.006318397660964,-0.07361023984108829,0,0,1,UNSTABLE,3.7696117890971298e-16,1.1671942628602299e-16,1
B2_D1_Guyan,B2,1,Guyan,full-grid,1927,28,50,90,1.0085890130869641,1.0059156405713776,-0.073386111585310082,0,0,1,UNSTABLE,2.2691142721189135e-16,1.1671942628602297e-16,1
B2_D1_Guyan,B2,1,Guyan,full-grid,1928,28,51,91,1.0081447984747762,1.0054860544959634,-0.073169180027438316,0,0,1,UNSTABLE,4.5306011232573924e-16,1.1671942628602299e-16,1
B2_D1_Guyan,B2,1,Guyan,full-grid,1929,28,52,92,1.0076704484729786,1.0050256725994005,-0.072959784414815654,0,0,1,UNSTABLE,5.60035870069897e-16,1.1671942628602299e-16,1
B2_D1_Guyan,B2,1,Guyan,full-grid,1930,28,53,93,1.0071609281859792,1.0045293998127218,-0.072758643310166279,0,0,1,UNSTABLE,2.8735052763646902e-16,1.1671942628602299e-16,1
B2_D1_Guyan,B2,1,Guyan,full-grid,1931,28,54,94,1.0066097448047153,1.0039906341281279,-0.072567106314183061,0,0,1,UNSTABLE,6.4513836454743569e-16,1.1671942628602297e-16,1
B2_D1_Guyan,B2,1,Guyan,full-grid,1932,28,55,95,1.0060084573428836,1.0034007436604957,-0.072387594703601676,0,0,1,UNSTABLE,1.6402424735349754e-16,1.1671942628602297e-16,1
B2_D1_Guyan,B2,1,Guyan,full-grid,1933,28,56,96,1.0053460329374495,1.0027483653041651,-0.072224385237201927,0,0,1,UNSTABLE,2.5106485721997848e-16,1.1671942628602297e-16,1
B2_D1_Guyan,B2,1,Guyan,full-grid,1934,28,57,97,1.0046080803307358,1.0020185358155085,-0.072085011950826686,0,0,1,UNSTABLE,3.0371225914994671e-16,1.1671942628602297e-16,1
B2_D1_Guyan,B2,1,Guyan,full-grid,1935,28,58,98,1.0037761636688181,1.0011918264454911,-0.071982729931778844,0,0,1,UNSTABLE,4.4209159401217093e-16,1.1671942628602297e-16,1
B2_D1_Guyan,B2,1,Guyan,full-grid,1936,28,59,99,1.0028683015762818,1.001144533946738,-0.058774590216053475,0,0,1,UNSTABLE,3.4130767361474979e-16,1.1671942628602299e-16,1
B2_D1_Guyan,B2,1,Guyan,full-grid,1937,28,60,100,1.0030674807138253,1.0013264959600003,-0.059073000212006774,0,0,1,UNSTABLE,5.9267088408263983e-16,1.1671942628602299e-16,1
B2_D1_Guyan,B2,1,Guyan,full-grid,1938,28,61,101,1.0033291827485513,1.0015729754274283,-0.059338215749414169,0,0,1,UNSTABLE,3.2612238613091161e-16,1.1671942628602297e-16,1
B2_D1_Guyan,B2,1,Guyan,full-grid,1939,28,62,102,1.0036379530757822,1.0018699797221657,-0.059545651274074594,0,0,1,UNSTABLE,3.7094229981511777e-16,1.1671942628602299e-16,1
B2_D1_Guyan,B2,1,Guyan,full-grid,1940,28,63,103,1.0039668655055836,1.0021913448629243,-0.059682286442039642,0,0,1,UNSTABLE,6.9471746161464754e-16,1.1671942628602297e-16,1
B2_D1_Guyan,B2,1,Guyan,full-grid,1941,28,64,104,1.0042896794197418,1.0025106194557212,-0.059751301806017253,0,0,1,UNSTABLE,4.1884033928997229e-16,1.1671942628602297e-16,1
B2_D1_Guyan,B2,1,Guyan,full-grid,1942,28,65,105,1.0045897370328449,1.0028103435004987,-0.059765832380483885,0,0,1,UNSTABLE,5.4250523161373211e-16,1.1671942628602299e-16,1
B2_D1_Guyan,B2,1,Guyan,full-grid,1943,28,66,106,1.0048601764074532,1.0030827598637679,-0.059740697968004026,0,0,1,UNSTABLE,2.0944492317001959e-16,1.1671942628602297e-16,1
B2_D1_Guyan,B2,1,Guyan,full-grid,1944,29,0,41,1.0073432710346417,1.0058066573194568,-0.055618646069751261,0,0,1,UNSTABLE,1.8003709587909498e-16,9.3446663334799891e-17,1
B2_D1_Guyan,B2,1,Guyan,full-grid,1945,29,1,42,1.0072756454309912,1.0057416134575821,-0.055570071424817305,0,0,1,UNSTABLE,1.8034015932216819e-16,1.1671942628602297e-16,1
B2_D1_Guyan,B2,1,Guyan,full-grid,1946,29,2,43,1.0072076323179164,1.0056760642661668,-0.055523583832238724,0,0,1,UNSTABLE,1.4045831437531099e-16,1.1671942628602299e-16,1
B2_D1_Guyan,B2,1,Guyan,full-grid,1947,29,3,44,1.0071391972731134,1.0056099779125622,-0.055479140283780766,0,0,1,UNSTABLE,2.4507126789933463e-16,1.1671942628602297e-16,1
B2_D1_Guyan,B2,1,Guyan,full-grid,1948,29,4,45,1.0070703068660585,1.0055433231219029,-0.05543670531568029,0,0,1,UNSTABLE,2.7245140119056058e-16,1.1671942628602299e-16,1
B2_D1_Guyan,B2,1,Guyan,full-grid,1949,29,5,46,1.007000928596143,1.0054760691384093,-0.0553962506264341,0,0,1,UNSTABLE,1.773985956041854e-16,1.1671942628602297e-16,1
B2_D1_Guyan,B2,1,Guyan,full-grid,1950,29,6,47,1.0069310308460107,1.0054081856981907,-0.055357754756511786,0,0,1,UNSTABLE,2.0197637433257133e-16,1.1671942628602297e-16,1
B2_D1_Guyan,B2,1,Guyan,full-grid,1951,29,7,48,1.0072930462534755,1.0034733927199357,-0.087638068975459768,0,0,1,UNSTABLE,1.6326672559458647e-16,1.1671942628602297e-16,1
B2_D1_Guyan,B2,1,Guyan,full-grid,1952,29,8,49,1.0079787486137908,1.0041699350678153,-0.087543698590607247,0,0,1,UNSTABLE,3.1164241438207547e-16,1.1671942628602299e-16,1
B2_D1_Guyan,B2,1,Guyan,full-grid,1953,29,9,50,1.0086358269359763,1.0048431326143594,-0.087387128437668965,0,0,1,UNSTABLE,1.8897118568647867e-16,1.1671942628602297e-16,1
B2_D1_Guyan,B2,1,Guyan,full-grid,1954,29,10,51,1.0092582623596509,1.0054864674590092,-0.087173412793264418,0,0,1,UNSTABLE,1.7561925103789117e-16,1.1671942628602299e-16,1
B2_D1_Guyan,B2,1,Guyan,full-grid,1955,29,11,52,1.0098413212110073,1.0060946446053236,-0.08690834322250382,0,0,1,UNSTABLE,1.2737752458307847e-16,1.1671942628602299e-16,1
B2_D1_Guyan,B2,1,Guyan,full-grid,1956,29,12,53,1.0103815621072416,1.0066636307710914,-0.086598126590785154,0,0,1,UNSTABLE,3.3953993089060824e-16,1.1671942628602299e-16,1
B2_D1_Guyan,B2,1,Guyan,full-grid,1957,29,13,54,1.0108767627268902,1.0071906091236762,-0.086249094570758564,0,0,1,UNSTABLE,1.854746555556443e-16,1.1671942628602297e-16,1
B2_D1_Guyan,B2,1,Guyan,full-grid,1958,29,14,55,1.0113257905257369,1.0076738725374836,-0.085867462917090076,0,0,1,UNSTABLE,1.7408207242495685e-16,1.1671942628602299e-16,1
B2_D1_Guyan,B2,1,Guyan,full-grid,1959,29,15,56,1.0117284416366632,1.0081126790271009,-0.08545914814314913,0,0,1,UNSTABLE,1.1518048018367055e-16,1.1671942628602297e-16,1
B2_D1_Guyan,B2,1,Guyan,full-grid,1960,29,16,57,1.0120852686283532,1.0085070902878606,-0.085029640794484759,0,0,1,UNSTABLE,3.0243141427812537e-16,1.1671942628602299e-16,1
B2_D1_Guyan,B2,1,Guyan,full-grid,1961,29,17,58,1.012397412591215,1.0088578095935832,-0.084583928990230761,0,0,1,UNSTABLE,1.4192298428271272e-16,1.1671942628602297e-16,1
B2_D1_Guyan,B2,1,Guyan,full-grid,1962,29,18,59,1.0126664496494622,1.0091660301696952,-0.084126463120617681,0,0,1,UNSTABLE,3.6283018565247212e-16,1.1671942628602299e-16,1
B2_D1_Guyan,B2,1,Guyan,full-grid,1963,29,19,60,1.0128942573644866,1.0094333005519491,-0.083661151909074902,0,0,1,UNSTABLE,3.3008898876460619e-16,1.1671942628602297e-16,1
B2_D1_Guyan,B2,1,Guyan,full-grid,1964,29,20,61,1.0130829029735924,1.0096614098157071,-0.083191380721562319,0,0,1,UNSTABLE,2.1979529046055213e-16,1.1671942628602299e-16,1
B2_D1_Guyan,B2,1,Guyan,full-grid,1965,29,21,62,1.0132345530203557,1.0098522930070548,-0.082720044383166616,0,0,1,UNSTABLE,1.1148873904194331e-16,1.1671942628602297e-16,1
B2_D1_Guyan,B2,1,Guyan,full-grid,1966,29,22,63,1.0133514025062327,1.0100079555002563,-0.082249588373078067,0,0,1,UNSTABLE,1.5365685996652685e-16,1.1671942628602297e-16,1
B2_D1_Guyan,B2,1,Guyan,full-grid,1967,29,23,64,1.0134356209912281,1.0101304141380252,-0.081782053821224984,0,0,1,UNSTABLE,2.1541350934955977e-16,1.1671942628602297e-16,1
B2_D1_Guyan,B2,1,Guyan,full-grid,1968,29,24,65,1.0134893128631601,1.0102216526634891,-0.081319123075013877,0,0,1,UNSTABLE,1.2345405527273488e-16,1.1671942628602299e-16,1
B2_D1_Guyan,B2,1,Guyan,full-grid,1969,29,25,66,1.0135144890915251,1.0102835889402055,-0.080862163689535707,0,0,1,UNSTABLE,1.7472978529209781e-16,1.1671942628602297e-16,1
B2_D1_Guyan,B2,1,Guyan,full-grid,1970,29,26,67,1.0135130480425487,1.0103180516365495,-0.080412269522903423,0,0,1,UNSTABLE,1.4310484752904585e-16,1.1671942628602299e-16,1
B2_D1_Guyan,B2,1,Guyan,full-grid,1971,29,27,68,1.0134867632634941,1.0103267643256033,-0.07997029822171689,0,0,1,UNSTABLE,9.5400188901906382e-17,1.1671942628602299e-16,1
B2_D1_Guyan,B2,1,Guyan,full-grid,1972,29,28,69,1.0134372764856268,1.0103113352551154,-0.079536904802932726,0,0,1,UNSTABLE,9.0110179255658106e-17,1.1671942628602299e-16,1
B2_D1_Guyan,B2,1,Guyan,full-grid,1973,29,29,70,1.0133660944144234,1.0102732513376151,-0.079112571317496327,0,0,1,UNSTABLE,1.9373282950379599e-16,1.1671942628602297e-16,1
B2_D1_Guyan,B2,1,Guyan,full-grid,1974,29,30,71,1.0132745881554786,1.0102138751769949,-0.07869763275685937,0,0,1,UNSTABLE,3.1933689154830666e-16,1.1671942628602299e-16,1
B2_D1_Guyan,B2,1,Guyan,full-grid,1975,29,31,72,1.0131639943590616,1.0101344441757989,-0.078292299463345816,0,0,1,UNSTABLE,1.7798796530785009e-16,1.1671942628602297e-16,1
B2_D1_Guyan,B2,1,Guyan,full-grid,1976,29,32,73,1.0130354173564338,1.010036070955588,-0.077896676354789626,0,0,1,UNSTABLE,1.647027074845646e-16,1.1671942628602299e-16,1
B2_D1_Guyan,B2,1,Guyan,full-grid,1977,29,33,74,1.0128898317088104,1.0099197444714572,-0.077510779287844722,0,0,1,UNSTABLE,1.5901221252774531e-16,1.1671942628602297e-16,1
B2_D1_Guyan,B2,1,Guyan,full-grid,1978,29,34,75,1.0127280847009388,1.0097863313154569,-0.077134548877283091,0,0,1,UNSTABLE,1.9720178040202753e-16,1.1671942628602299e-16,1
B2_D1_Guyan,B2,1,Guyan,full-grid,1979,29,35,76,1.0125508983886131,1.0096365767844779,-0.076767862068109899,0,0,1,UNSTABLE,4.7971293538313251e-16,1.1671942628602297e-16,1
B2_D1_Guyan,B2,1,Guyan,full-grid,1980,29,36,77,1.0123588708573008,1.0094711053398471,-0.076410541729634518,0,0,1,UNSTABLE,4.7254561310356404e-16,1.1671942628602299e-16,1
B2_D1_Guyan,B2,1,Guyan,full-grid,1981,29,37,78,1.0121524763692555,1.0092904201098194,-0.076062364510714839,0,0,1,UNSTABLE,6.0760306906884278e-16,1.1671942628602297e-16,1
B2_D1_Guyan,B2,1,Guyan,full-grid,1982,29,38,79,1.0119320640694844,1.0090949010826995,-0.075723067164662303,0,0,1,UNSTABLE,2.5184068852303588e-16,1.1671942628602297e-16,1
B2_D1_Guyan,B2,1,Guyan,full-grid,1983,29,39,80,1.0116978548854225,1.0088848016058849,-0.07539235152467208,0,0,1,UNSTABLE,2.5131217839496717e-16,1.1671942628602297e-16,1
B2_D1_Guyan,B2,1,Guyan,full-grid,1984,29,40,81,1.0114499361870326,1.008660242740536,-0.075069888286550659,0,0,1,UNSTABLE,2.9135783776610764e-16,1.1671942628602299e-16,1
B2_D1_Guyan,B2,1,Guyan,full-grid,1985,29,41,82,1.0111882536656522,1.0084212049149808,-0.074755319738530418,0,0,1,UNSTABLE,2.633083979611829e-16,1.1671942628602297e-16,1
B2_D1_Guyan,B2,1,Guyan,full-grid,1986,29,42,83,1.0109125997290529,1.0081675161598729,-0.074448261571270796,0,0,1,UNSTABLE,3.4351845697961246e-16,1.1671942628602299e-16,1
B2_D1_Guyan,B2,1,Guyan,full-grid,1987,29,43,84,1.0106225974779433,1.007898835975181,-0.074148303911419008,0,0,1,UNSTABLE,3.1399132599022042e-16,1.1671942628602299e-16,1
B2_D1_Guyan,B2,1,Guyan,full-grid,1988,29,44,85,1.0103176789952009,1.007614633542063,-0.073855011760499439,0,0,1,UNSTABLE,4.033203975866893e-16,1.1671942628602299e-16,1
B2_D1_Guyan,B2,1,Guyan,full-grid,1989,29,45,86,1.0099970561995868,1.0073141585062111,-0.073567925108400489,0,0,1,UNSTABLE,3.4668804019519439e-16,1.1671942628602297e-16,1
B2_D1_Guyan,B2,1,Guyan,full-grid,1990,29,46,87,1.0096596818201995,1.0069964018500506,-0.073286559165497978,0,0,1,UNSTABLE,4.1881795068872092e-16,1.1671942628602299e-16,1
B2_D1_Guyan,B2,1,Guyan,full-grid,1991,29,47,88,1.0093041970309526,1.0066600433286474,-0.073010405490323005,0,0,1,UNSTABLE,4.7679948352039678e-16,1.1671942628602297e-16,1
B2_D1_Guyan,B2,1,Guyan,full-grid,1992,29,48,89,1.0089288607822,1.0063033803946169,-0.072738935417251238,0,0,1,UNSTABLE,2.3641924421834055e-16,1.1671942628602299e-16,1
B2_D1_Guyan,B2,1,Guyan,full-grid,1993,29,49,90,1.0085314536305372,1.005924231213366,-0.072471608371298915,0,0,1,UNSTABLE,3.6303961470524602e-16,1.1671942628602297e-16,1
B2_D1_Guyan,B2,1,Guyan,full-grid,1994,29,50,91,1.0081091455270939,1.0055198008640085,-0.072207889913580472,0,0,1,UNSTABLE,2.8974686078352894e-16,1.1671942628602299e-16,1
B2_D1_Guyan,B2,1,Guyan,full-grid,1995,29,51,92,1.0076583120704714,1.0050864945511404,-0.071947288730097828,0,0,1,UNSTABLE,2.429246495391526e-16,1.1671942628602297e-16,1
B2_D1_Guyan,B2,1,Guyan,full-grid,1996,29,52,93,1.0071742765910994,1.0046196538976995,-0.071689430387405217,0,0,1,UNSTABLE,3.3503940744253383e-16,1.1671942628602299e-16,1
B2_D1_Guyan,B2,1,Guyan,full-grid,1997,29,53,94,1.0066509459739417,1.0041131817094961,-0.071434202924537102,0,0,1,UNSTABLE,3.5986681924727237e-16,1.1671942628602297e-16,1
B2_D1_Guyan,B2,1,Guyan,full-grid,1998,29,54,95,1.0060802985684065,1.0035590086036761,-0.07118204420990619,0,0,1,UNSTABLE,3.9366886581965163e-16,1.1671942628602297e-16,1
B2_D1_Guyan,B2,1,Guyan,full-grid,1999,29,55,96,1.0054516839904024,1.0029463515164885,-0.070934510775084059,0,0,1,UNSTABLE,2.5675423563276846e-16,1.1671942628602297e-16,1
B2_D1_Guyan,B2,1,Guyan,full-grid,2000,29,56,97,1.0047509469733542,1.0022607574462106,-0.070695399618367016,0,0,1,UNSTABLE,1.8664412968985417e-16,1.1671942628602299e-16,1
B2_D1_Guyan,B2,1,Guyan,full-grid,2001,29,57,98,1.0039596089088183,1.001483133710467,-0.070472897015875002,0,0,1,UNSTABLE,5.3458877505053186e-16,1.1671942628602297e-16,1
B2_D1_Guyan,B2,1,Guyan,full-grid,2002,29,58,99,1.0033386514465397,1.0016183643936962,-0.05872905240047236,0,0,1,UNSTABLE,3.8568270806753384e-16,1.1671942628602299e-16,1
B2_D1_Guyan,B2,1,Guyan,full-grid,2003,29,59,100,1.0035611587751985,1.0018229150303291,-0.059041056243540051,0,0,1,UNSTABLE,4.0399819523624263e-16,1.1671942628602299e-16,1
B2_D1_Guyan,B2,1,Guyan,full-grid,2004,29,60,101,1.0038543543247018,1.0021006296438002,-0.059311826511777861,0,0,1,UNSTABLE,3.0536280096231735e-16,1.1671942628602299e-16,1
B2_D1_Guyan,B2,1,Guyan,full-grid,2005,29,61,102,1.0041963227720507,1.002431379929432,-0.059511202320936422,0,0,1,UNSTABLE,2.7899541819999674e-16,1.1671942628602297e-16,1
B2_D1_Guyan,B2,1,Guyan,full-grid,2006,29,62,103,1.0045513652727238,1.0027801461445627,-0.059627376007862005,0,0,1,UNSTABLE,5.8337647008513828e-16,1.1671942628602299e-16,1
B2_D1_Guyan,B2,1,Guyan,full-grid,2007,29,63,104,1.0048892536738028,1.0031160854746297,-0.059670186954186556,0,0,1,UNSTABLE,2.7175433051942254e-16,1.1671942628602297e-16,1
B2_D1_Guyan,B2,1,Guyan,full-grid,2008,29,64,105,1.0051947717123975,1.0034228229051014,-0.059658759215191336,0,0,1,UNSTABLE,2.9103163619583742e-16,1.1671942628602299e-16,1
B2_D1_Guyan,B2,1,Guyan,full-grid,2009,29,65,106,1.0054642892497112,1.0036956661495062,-0.059610793562290439,0,0,1,UNSTABLE,2.3547493280340203e-16,1.1671942628602297e-16,1
B2_D1_Guyan,B2,1,Guyan,full-grid,2010,29,66,107,1.0056997606272593,1.0039357964183391,-0.059539274395996038,0,0,1,UNSTABLE,1.4238696759319204e-16,1.1671942628602299e-16,1
B2_D1_Guyan,B2,1,Guyan,full-grid,2011,30,0,42,1.0076911048062116,1.0061756676062323,-0.055243901226432322,0,0,1,UNSTABLE,2.4392240420287271e-16,9.3446663334799891e-17,1
B2_D1_Guyan,B2,1,Guyan,full-grid,2012,30,1,43,1.0076209565841527,1.0061077393644404,-0.055201530219173942,0,0,1,UNSTABLE,2.2094533266403783e-16,1.1671942628602299e-16,1
B2_D1_Guyan,B2,1,Guyan,full-grid,2013,30,2,44,1.007550531824408,1.0060394228366771,-0.055161162769589323,0,0,1,UNSTABLE,1.983941566816154e-16,1.1671942628602299e-16,1
B2_D1_Guyan,B2,1,Guyan,full-grid,2014,30,3,45,1.0074797923553909,1.0059706817582246,-0.055122767050956645,0,0,1,UNSTABLE,2.4360740177266724e-16,1.1671942628602299e-16,1
B2_D1_Guyan,B2,1,Guyan,full-grid,2015,30,4,46,1.007408701453419,1.0059014809268745,-0.055086318021668475,0,0,1,UNSTABLE,1.7818253309967079e-16,1.1671942628602297e-16,1
B2_D1_Guyan,B2,1,Guyan,full-grid,2016,30,5,47,1.0073372237492975,1.005831786126496,-0.055051797141644619,0,0,1,UNSTABLE,2.7374077315953647e-16,1.1671942628602297e-16,1
B2_D1_Guyan,B2,1,Guyan,full-grid,2017,30,6,48,1.0072653251538541,1.0057615640665678,-0.05501919213938658,0,0,1,UNSTABLE,3.3317770107097536e-16,1.1671942628602297e-16,1
B2_D1_Guyan,B2,1,Guyan,full-grid,2018,30,7,49,1.0071929728008595,1.0056907823362899,-0.054988496826644286,0,0,1,UNSTABLE,1.800303884862195e-16,1.1671942628602297e-16,1
B2_D1_Guyan,B2,1,Guyan,full-grid,2019,30,8,50,1.0071786350862557,1.0034173140635838,-0.08696261732282555,0,0,1,UNSTABLE,1.9492278447845005e-16,1.1671942628602297e-16,1
B2_D1_Guyan,B2,1,Guyan,full-grid,2020,30,9,51,1.0078443336818725,1.004098549201824,-0.086811891037171199,0,0,1,UNSTABLE,1.2285929216693567e-16,1.1671942628602299e-16,1
B2_D1_Guyan,B2,1,Guyan,full-grid,2021,30,10,52,1.0084765470474764,1.0047511464180303,-0.086603000620385284,0,0,1,UNSTABLE,1.8060654490893562e-16,1.1671942628602299e-16,1
B2_D1_Guyan,B2,1,Guyan,full-grid,2022,30,11,53,1.0090702910879976,1.0053695735588317,-0.08634160595303636,0,0,1,UNSTABLE,2.0758488191776185e-16,1.1671942628602297e-16,1
B2_D1_Guyan,B2,1,Guyan,full-grid,2023,30,12,54,1.0096218819412188,1.005949562765813,-0.086033840236256112,0,0,1,UNSTABLE,2.2797116719737676e-16,1.1671942628602299e-16,1
B2_D1_Guyan,B2,1,Guyan,full-grid,2024,30,13,55,1.0101288746744441,1.0064880779407717,-0.085686010609376723,0,0,1,UNSTABLE,1.1345328898581804e-16,1.1671942628602297e-16,1
B2_D1_Guyan,B2,1,Guyan,full-grid,2025,30,14,56,1.0105899412192567,1.0069832162021237,-0.08530434678706228,0,0,1,UNSTABLE,1.0571617681768905e-16,1.1671942628602297e-16,1
B2_D1_Guyan,B2,1,Guyan,full-grid,2026,30,15,57,1.0110047124067161,1.0074340674450615,-0.084894807024260263,0,0,1,UNSTABLE,2.2971951650578381e-16,1.1671942628602299e-16,1
B2_D1_Guyan,B2,1,Guyan,full-grid,2027,30,16,58,1.0113736057536789,1.0078405538037933,-0.084462941718014911,0,0,1,UNSTABLE,2.0681380522206517e-16,1.1671942628602297e-16,1
B2_D1_Guyan,B2,1,Guyan,full-grid,2028,30,17,59,1.0116976554973947,1.008203266238433,-0.084013808895206224,0,0,1,UNSTABLE,1.9300433001453039e-16,1.1671942628602299e-16,1
B2_D1_Guyan,B2,1,Guyan,full-grid,2029,30,18,60,1.0119783558745592,1.0085233102466629,-0.083551932638864318,0,0,1,UNSTABLE,2.2986596807539141e-16,1.1671942628602299e-16,1
B2_D1_Guyan,B2,1,Guyan,full-grid,2030,30,19,61,1.0122175237969444,1.0088021679082075,-0.08308129455730863,0,0,1,UNSTABLE,1.57437625711811e-16,1.1671942628602299e-16,1
B2_D1_Guyan,B2,1,Guyan,full-grid,2031,30,20,62,1.0124171833372988,1.0090415796408441,-0.082605348934192496,0,0,1,UNSTABLE,1.9818146636282698e-16,1.1671942628602297e-16,1
B2_D1_Guyan,B2,1,Guyan,full-grid,2032,30,21,63,1.0125794718663899,1.0092434463122835,-0.082127053526361751,0,0,1,UNSTABLE,2.0077254388335767e-16,1.1671942628602297e-16,1
B2_D1_Guyan,B2,1,Guyan,full-grid,2033,30,22,64,1.0127065661159487,1.0094097506048891,-0.081648909595487096,0,0,1,UNSTABLE,1.8530472178004808e-16,1.1671942628602297e-16,1
B2_D1_Guyan,B2,1,Guyan,full-grid,2034,30,23,65,1.0128006256453173,1.00954249556317,-0.081173006348372614,0,0,1,UNSTABLE,2.0538119784537546e-16,1.1671942628602297e-16,1
B2_D1_Guyan,B2,1,Guyan,full-grid,2035,30,24,66,1.012863750922244,1.0096436578425627,-0.080701066353350032,0,0,1,UNSTABLE,2.4127814992234901e-16,1.1671942628602297e-16,1
B2_D1_Guyan,B2,1,Guyan,full-grid,2036,30,25,67,1.0128979532921016,1.0097151531283404,-0.080234489630960582,0,0,1,UNSTABLE,2.4040631747769665e-16,1.1671942628602299e-16,1
B2_D1_Guyan,B2,1,Guyan,full-grid,2037,30,26,68,1.0129051343560995,1.0097588113552916,-0.079774394985462752,0,0,1,UNSTABLE,1.4638998693276641e-16,1.1671942628602299e-16,1
B2_D1_Guyan,B2,1,Guyan,full-grid,2038,30,27,69,1.0128870726061323,1.0097763596260543,-0.079321657780042187,0,0,1,UNSTABLE,1.7885528538668482e-16,1.1671942628602297e-16,1
B2_D1_Guyan,B2,1,Guyan,full-grid,2039,30,28,70,1.0128454155081019,1.0097694110300788,-0.078876943803290064,0,0,1,UNSTABLE,2.8113990567726794e-16,1.1671942628602299e-16,1
B2_D1_Guyan,B2,1,Guyan,full-grid,2040,30,29,71,1.0127816755496972,1.0097394578639356,-0.078440739172306928,0,0,1,UNSTABLE,1.3268716189888065e-16,1.1671942628602297e-16,1
B2_D1_Guyan,B2,1,Guyan,full-grid,2041,30,30,72,1.012697229054335,1.0096878680246997,-0.078013376404722209,0,0,1,UNSTABLE,2.0239012155410006e-16,1.1671942628602297e-16,1
B2_D1_Guyan,B2,1,Guyan,full-grid,2042,30,31,73,1.0125933168033414,1.0096158835812115,-0.077595056900048906,0,0,1,UNSTABLE,1.6433649812762487e-16,1.1671942628602299e-16,1
B2_D1_Guyan,B2,1,Guyan,full-grid,2043,30,32,74,1.0124710457027717,1.0095246207199313,-0.077185870123633732,0,0,1,UNSTABLE,2.0956205218162311e-16,1.1671942628602297e-16,1
B2_D1_Guyan,B2,1,Guyan,full-grid,2044,30,33,75,1.0123313908821843,1.0094150704137823,-0.076785809802310534,0,0,1,UNSTABLE,2.3779333196210149e-16,1.1671942628602299e-16,1
B2_D1_Guyan,B2,1,Guyan,full-grid,2045,30,34,76,1.0121751977247779,1.0092880992770841,-0.076394787432417718,0,0,1,UNSTABLE,2.761820538404437e-16,1.1671942628602299e-16,1
B2_D1_Guyan,B2,1,Guyan,full-grid,2046,30,35,77,1.0120031834044951,1.0091444501495177,-0.076012643377662545,0,0,1,UNSTABLE,5.1495149363090591e-16,1.1671942628602299e-16,1
B2_D1_Guyan,B2,1,Guyan,full-grid,2047,30,36,78,1.0118159375500755,1.0089847420005678,-0.075639155801649038,0,0,1,UNSTABLE,2.9041340609893708e-16,1.1671942628602297e-16,1
B2_D1_Guyan,B2,1,Guyan,full-grid,2048,30,37,79,1.0116139216689963,1.0088094687630331,-0.07527404764308282,0,0,1,UNSTABLE,2.6274048205258434e-16,1.1671942628602297e-16,1
B2_D1_Guyan,B2,1,Guyan,full-grid,2049,30,38,80,1.0113974669461057,1.0086189966901964,-0.074916991801997734,0,0,1,UNSTABLE,2.8002305619450887e-16,1.1671942628602297e-16,1
B2_D1_Guyan,B2,1,Guyan,full-grid,2050,30,39,81,1.0111667699786386,1.0084135597819395,-0.074567614665817475,0,0,1,UNSTABLE,4.1640742783585666e-16,1.1671942628602297e-16,1
B2_D1_Guyan,B2,1,Guyan,full-grid,2051,30,40,82,1.0109218859153017,1.0081932527345818,-0.074225498065113582,0,0,1,UNSTABLE,1.8535424331394046e-16,1.1671942628602297e-16,1
B2_D1_Guyan,B2,1,Guyan,full-grid,2052,30,41,83,1.0106627183194139,1.0079580207244185,-0.073890179713542586,0,0,1,UNSTABLE,5.1352928258304528e-16,1.1671942628602299e-16,1
B2_D1_Guyan,B2,1,Guyan,full-grid,2053,30,42,84,1.0103890048573072,1.0077076451182911,-0.073561152157153323,0,0,1,UNSTABLE,4.2010823025499309e-16,1.1671942628602299e-16,1
B2_D1_Guyan,B2,1,Guyan,full-grid,2054,30,43,85,1.0101002975927338,1.0074417238848161,-0.073237860242632541,0,0,1,UNSTABLE,4.2498256231508562e-16,1.1671942628602297e-16,1
B2_D1_Guyan,B2,1,Guyan,full-grid,2055,30,44,86,1.0097959361998605,1.0071596450100735,-0.072919697125920308,0,0,1,UNSTABLE,4.200266547766016e-16,1.1671942628602299e-16,1
B2_D1_Guyan,B2,1,Guyan,full-grid,2056,30,45,87,1.0094750117201057,1.0068605505280177,-0.072605998910037786,0,0,1,UNSTABLE,3.0157062475164467e-16,1.1671942628602297e-16,1
B2_D1_Guyan,B2,1,Guyan,full-grid,2057,30,46,88,1.009136317467088,1.0065432877399723,-0.072296038180823835,0,0,1,UNSTABLE,3.2847718639517869e-16,1.1671942628602297e-16,1
B2_D1_Guyan,B2,1,Guyan,full-grid,2058,30,47,89,1.0087782821511957,1.0062063426327357,-0.07198901711769122,0,0,1,UNSTABLE,1.858521791640743e-16,1.1671942628602299e-16,1
B2_D1_Guyan,B2,1,Guyan,full-grid,2059,30,48,90,1.0083988779676551,1.0058477481111678,-0.071684061730054746,0,0,1,UNSTABLE,2.004720547385927e-16,1.1671942628602297e-16,1
B2_D1_Guyan,B2,1,Guyan,full-grid,2060,30,49,91,1.0079954928327945,1.00546495596687,-0.071380220606049857,0,0,1,UNSTABLE,2.958076555961906e-16,1.1671942628602299e-16,1
B2_D1_Guyan,B2,1,Guyan,full-grid,2061,30,50,92,1.0075647505157255,1.0050546557896187,-0.071076475415055768,0,0,1,UNSTABLE,4.2829543801935734e-16,1.1671942628602299e-16,1
B2_D1_Guyan,B2,1,Guyan,full-grid,2062,30,51,93,1.0071022542779982,1.0046125153159515,-0.070771778572978242,0,0,1,UNSTABLE,2.3753880648448252e-16,1.1671942628602299e-16,1
B2_D1_Guyan,B2,1,Guyan,full-grid,2063,30,52,94,1.0066022182727536,1.0041328041276145,-0.070465151007019333,0,0,1,UNSTABLE,1.8917595184272138e-16,1.1671942628602297e-16,1
B2_D1_Guyan,B2,1,Guyan,full-grid,2064,30,53,95,1.0060569383378244,1.0036078473870904,-0.070155910946461009,0,0,1,UNSTABLE,2.8377185394540068e-16,1.1671942628602297e-16,1
B2_D1_Guyan,B2,1,Guyan,full-grid,2065,30,54,96,1.0054560528885674,1.0030272498256725,-0.069844186568431096,0,0,1,UNSTABLE,3.224996413422655e-16,1.1671942628602297e-16,1
B2_D1_Guyan,B2,1,Guyan,full-grid,2066,30,55,97,1.0047856085259652,1.0023768829431221,-0.069532033208619823,0,0,1,UNSTABLE,2.2588995376026004e-16,1.1671942628602297e-16,1
B2_D1_Guyan,B2,1,Guyan,full-grid,2067,30,56,98,1.0040272521374567,1.001637917277572,-0.069225758981320037,0,0,1,UNSTABLE,4.0252992305656229e-16,1.1671942628602297e-16,1
B2_D1_Guyan,B2,1,Guyan,full-grid,2068,30,57,99,1.0038755759405062,1.0021623184058168,-0.058624734859624814,0,0,1,UNSTABLE,2.4429671431402041e-16,1.1671942628602299e-16,1
B2_D1_Guyan,B2,1,Guyan,full-grid,2069,30,58,100,1.0041251897250258,1.0023940945106911,-0.058936202205528525,0,0,1,UNSTABLE,3.9369613963031969e-16,1.1671942628602299e-16,1
B2_D1_Guyan,B2,1,Guyan,full-grid,2070,30,59,101,1.0044475586213482,1.0027018191527479,-0.059194255533427484,0,0,1,UNSTABLE,3.2871966022510615e-16,1.1671942628602297e-16,1
B2_D1_Guyan,B2,1,Guyan,full-grid,2071,30,60,102,1.0048114612100383,1.003056092514973,-0.059367902503340335,0,0,1,UNSTABLE,2.1634877566923777e-16,1.1671942628602299e-16,1
B2_D1_Guyan,B2,1,Guyan,full-grid,2072,30,61,103,1.0051752347451448,1.0034154844584191,-0.059452654221935144,0,0,1,UNSTABLE,2.4291526747714658e-16,1.1671942628602297e-16,1
B2_D1_Guyan,B2,1,Guyan,full-grid,2073,30,62,104,1.0055105649664637,1.00375058732069,-0.059466416678214055,0,0,1,UNSTABLE,2.4245742910167175e-16,1.1671942628602297e-16,1
B2_D1_Guyan,B2,1,Guyan,full-grid,2074,30,63,105,1.0058071900883436,1.0040497871516072,-0.059431713371074606,0,0,1,UNSTABLE,2.7202012368185431e-16,1.1671942628602299e-16,1
B2_D1_Guyan,B2,1,Guyan,full-grid,2075,30,64,106,1.0060652855338375,1.0043122071261457,-0.059366230920378141,0,0,1,UNSTABLE,4.4094993525683029e-16,1.1671942628602297e-16,1
B2_D1_Guyan,B2,1,Guyan,full-grid,2076,30,65,107,1.0062888705224398,1.0045411673549818,-0.059281818683457534,0,0,1,UNSTABLE,1.8662749701298237e-16,1.1671942628602299e-16,1
B2_D1_Guyan,B2,1,Guyan,full-grid,2077,30,66,108,1.0064826966400848,1.0047409773662321,-0.059186037517690041,0,0,1,UNSTABLE,5.8156630686430056e-16,1.1671942628602299e-16,1
