route_id,contract_id,division,method,mode,point_order,l_samples,j_samples,physical_root_count,rho,dominant_root_real,dominant_root_imag,stable,critical,stability_code,stability_status,maximum_state_eigenpair_residual,transition_reconstruction_relative_error,overall_pass
B3_D1_Original,B3,1,Original,full-grid,1,0,0,30,0.99916909815034727,0.99903157840285661,-0.01657685291227308,1,0,-1,STABLE,3.1480110698477646e-16,7.644597842078411e-17,1
B3_D1_Original,B3,1,Original,full-grid,2,0,1,31,0.99921897143794147,0.99908131604393802,-0.016585439801552405,1,0,-1,STABLE,3.9782522132196336e-16,9.3449322577838945e-17,1
B3_D1_Original,B3,1,Original,full-grid,3,0,2,32,0.99926902123180861,0.99913124241681484,-0.016593288408537216,1,0,-1,STABLE,1.9153950707009072e-16,9.3449322574247853e-17,1
B3_D1_Original,B3,1,Original,full-grid,4,0,3,33,0.99931923330369565,0.99918134339394593,-0.016600393493997719,1,0,-1,STABLE,3.3605810368338496e-16,9.3449322577838896e-17,1
B3_D1_Original,B3,1,Original,full-grid,5,0,4,34,0.99936959325856178,0.99923160467407368,-0.016606750141404461,1,0,-1,STABLE,2.9802933564837519e-16,9.3449322575198468e-17,1
B3_D1_Original,B3,1,Original,full-grid,6,0,5,35,0.99942008654113801,0.99928201178863507,-0.016612353763213159,1,0,-1,STABLE,3.1374238562771468e-16,9.3449322577838884e-17,1
B3_D1_Original,B3,1,Original,full-grid,7,0,6,36,0.99947069844264802,0.99933255010834088,-0.016617200106968058,1,0,-1,STABLE,2.7041519513458321e-16,9.3449322574247853e-17,1
B3_D1_Original,B3,1,Original,full-grid,8,0,7,37,0.99952141410776596,0.9993832048499911,-0.016621285261647068,1,0,-1,STABLE,5.9803446228043226e-16,9.3449322577838921e-17,1
B3_D1_Original,B3,1,Original,full-grid,9,0,8,38,0.99957221854182432,0.99943396108354032,-0.016624605664162351,1,0,-1,STABLE,3.7181406094897953e-16,9.3449322575198468e-17,1
B3_D1_Original,B3,1,Original,full-grid,10,0,9,39,0.99962309661827664,0.99948480373942772,-0.016627158105651987,1,0,-1,STABLE,3.5184598520408218e-16,9.3449322577838896e-17,1
B3_D1_Original,B3,1,Original,full-grid,11,0,10,40,0.99967403308649594,0.99953571761623783,-0.016628939738089817,1,0,-1,STABLE,4.8016326640270917e-16,9.3449322574247853e-17,1
B3_D1_Original,B3,1,Original,full-grid,12,0,11,41,0.99972501257986401,0.9995866873886603,-0.016629948080919069,1,0,-1,STABLE,2.7661255165853347e-16,9.3449322577838884e-17,1
B3_D1_Original,B3,1,Original,full-grid,13,0,12,42,0.99977601962433549,0.9996376976159238,-0.016630181027710658,1,0,-1,STABLE,2.9165922215084117e-16,9.3449322575198468e-17,1
B3_D1_Original,B3,1,Original,full-grid,14,0,13,43,0.99982703864727551,0.99968873275051739,-0.01662963685247959,1,0,-1,STABLE,2.8805177854774848e-16,9.3449322577838921e-17,1
B3_D1_Original,B3,1,Original,full-grid,15,0,14,44,0.99987805398683649,0.99973977714743967,-0.016628314216739676,1,0,-1,STABLE,3.4253321091193196e-16,9.3449322574247841e-17,1
B3_D1_Original,B3,1,Original,full-grid,16,0,15,45,0.99992904990173326,0.99979081507386924,-0.016626212175686328,1,0,-1,STABLE,6.5137069595480376e-16,9.3449322577838921e-17,1
B3_D1_Original,B3,1,Original,full-grid,17,0,16,46,0.9999800105815273,0.99984183071933819,-0.016623330184828145,1,0,-1,STABLE,3.7601096428277037e-16,9.3449322575198468e-17,1
B3_D1_Original,B3,1,Original,full-grid,18,0,17,47,1.0000309201574156,0.99989280820642068,-0.01661966810634331,0,0,1,UNSTABLE,4.1870445326495691e-16,9.3449322577838945e-17,1
B3_D1_Original,B3,1,Original,full-grid,19,0,18,48,1.000081762713527,0.99994373160194305,-0.016615226215038494,0,0,1,UNSTABLE,6.2145447944061731e-16,9.3449322574247853e-17,1
B3_D1_Original,B3,1,Original,full-grid,20,0,19,49,1.0001325222987785,0.99999458492874826,-0.016610005204609986,0,0,1,UNSTABLE,4.5665200978380554e-16,9.3449322577838871e-17,1
B3_D1_Original,B3,1,Original,full-grid,21,0,20,50,1.0001831829392607,1.0000453521780157,-0.016604006193051721,0,0,1,UNSTABLE,4.5948075861839373e-16,9.3449322575198468e-17,1
B3_D1_Original,B3,1,Original,full-grid,22,0,21,51,1.0002337286511973,1.0000960173221525,-0.016597230728221175,0,0,1,UNSTABLE,2.5854513213199271e-16,9.3449322577838884e-17,1
B3_D1_Original,B3,1,Original,full-grid,23,0,22,52,1.0002841434544092,1.0001465643282099,-0.016589680792555805,0,0,1,UNSTABLE,6.3113165897448966e-16,9.3449322574247853e-17,1
B3_D1_Original,B3,1,Original,full-grid,24,0,23,53,1.0003344113864183,1.0001969771719432,-0.016581358807981565,0,0,1,UNSTABLE,3.4779434597811212e-16,9.3449322577838921e-17,1
B3_D1_Original,B3,1,Original,full-grid,25,0,24,54,1.0003845165170051,1.0002472398523454,-0.016572267639838559,0,0,1,UNSTABLE,4.0539236827700959e-16,9.3449322575198468e-17,1
B3_D1_Original,B3,1,Original,full-grid,26,0,25,55,1.0004344429633121,1.0002973364067413,-0.016562410600247317,0,0,1,UNSTABLE,4.5538905145334129e-16,9.3449322577838896e-17,1
B3_D1_Original,B3,1,Original,full-grid,27,0,26,56,1.0004841749054991,1.0003472509264406,-0.016551791451393818,0,0,1,UNSTABLE,3.6722984888131766e-16,9.3449322574247853e-17,1
B3_D1_Original,B3,1,Original,full-grid,28,0,27,57,1.0005336966027971,1.0003969675728164,-0.016540414407489826,0,0,1,UNSTABLE,5.9586554163362776e-16,9.3449322577838884e-17,1
B3_D1_Original,B3,1,Original,full-grid,29,0,28,58,1.0005829924100613,1.0004464705938909,-0.016528284136578524,0,0,1,UNSTABLE,4.203228303112095e-16,9.3449322575198468e-17,1
B3_D1_Original,B3,1,Original,full-grid,30,0,29,59,1.000632046794689,1.0004957443413098,-0.016515405761202633,0,0,1,UNSTABLE,2.8294621252799232e-16,9.3449322577838921e-17,1
B3_D1_Original,B3,1,Original,full-grid,31,0,30,60,1.0006808443539459,1.0005447732877371,-0.016501784858522592,0,0,1,UNSTABLE,5.1213154770179379e-16,9.3449322574247841e-17,1
B3_D1_Original,B3,1,Original,full-grid,32,0,31,61,1.0007293698325193,1.0005935420445047,-0.016487427459226468,0,0,1,UNSTABLE,3.7488698516135185e-16,9.3449322577838921e-17,1
B3_D1_Original,B3,1,Original,full-grid,33,0,32,62,1.0007776081403961,1.0006420353795957,-0.016472340046033179,0,0,1,UNSTABLE,2.678711292165847e-16,9.3449322575198468e-17,1
B3_D1_Original,B3,1,Original,full-grid,34,0,33,63,1.0008255443709011,1.0006902382358172,-0.016456529550730913,0,0,1,UNSTABLE,3.5530638788351238e-16,9.3449322577838945e-17,1
B3_D1_Original,B3,1,Original,full-grid,35,0,34,64,1.0008731638188437,1.0007381357490952,-0.016440003350584518,0,0,1,UNSTABLE,3.2600943737710124e-16,9.3449322574247853e-17,1
B3_D1_Original,B3,1,Original,full-grid,36,0,35,65,1.0009204519987618,1.0007857132668918,-0.01642276926356746,0,0,1,UNSTABLE,2.326802832101682e-16,9.3449322577838871e-17,1
B3_D1_Original,B3,1,Original,full-grid,37,0,36,66,1.0009673946630879,1.000832956366559,-0.016404835542713096,0,0,1,UNSTABLE,3.9112065142463597e-16,9.3449322575198468e-17,1
B3_D1_Original,B3,1,Original,full-grid,38,0,37,67,1.0010139778202876,1.0008798508736967,-0.016386210868957238,0,0,1,UNSTABLE,3.445097635164948e-16,9.3449322577838884e-17,1
B3_D1_Original,B3,1,Original,full-grid,39,0,38,68,1.0010601877527723,1.000926382880289,-0.016366904343718514,0,0,1,UNSTABLE,2.4272301436709298e-16,9.3449322574247853e-17,1
B3_D1_Original,B3,1,Original,full-grid,40,0,39,69,1.0011060110345793,1.0009725387626429,-0.01634692547962888,0,0,1,UNSTABLE,3.0214895752978254e-16,9.3449322577838921e-17,1
B3_D1_Original,B3,1,Original,full-grid,41,0,40,70,1.0011514345487158,1.0010183051990011,-0.016326284190554711,0,0,1,UNSTABLE,2.4090883804873782e-16,9.3449322575198468e-17,1
B3_D1_Original,B3,1,Original,full-grid,42,0,41,71,1.0011964455041251,1.0010636691867982,-0.016304990780706134,0,0,1,UNSTABLE,1.9429285373131844e-16,9.3449322577838896e-17,1
B3_D1_Original,B3,1,Original,full-grid,43,0,42,72,1.001241031452067,1.0011086180593507,-0.016283055932359722,0,0,1,UNSTABLE,3.3242626507821491e-16,9.3449322574247853e-17,1
B3_D1_Original,B3,1,Original,full-grid,44,0,43,73,1.0012851803020337,1.0011531395020969,-0.016260490692814267,0,0,1,UNSTABLE,3.9835455494540409e-16,9.3449322577838884e-17,1
B3_D1_Original,B3,1,Original,full-grid,45,0,44,74,1.0013288803369236,1.0011972215681144,-0.016237306460276477,0,0,1,UNSTABLE,4.7054058101977464e-16,9.3449322575198468e-17,1
B3_D1_Original,B3,1,Original,full-grid,46,0,45,75,1.0013721202275543,1.001240852692987,-0.016213514968936103,0,0,1,UNSTABLE,3.6420601853545743e-16,9.3449322577838921e-17,1
B3_D1_Original,B3,1,Original,full-grid,47,0,46,76,1.0014148890463344,1.0012840217088481,-0.016189128272925259,0,0,1,UNSTABLE,2.8448433455814762e-16,9.3449322574247841e-17,1
B3_D1_Original,B3,1,Original,full-grid,48,0,47,77,1.0014571762801303,1.0013267178576291,-0.016164158729731235,0,0,1,UNSTABLE,2.5907120819098187e-16,9.3449322577838921e-17,1
B3_D1_Original,B3,1,Original,full-grid,49,0,48,78,1.0014989718421274,1.0013689308033151,-0.01613861898253945,0,0,1,UNSTABLE,2.8834625006144273e-16,9.3449322575198468e-17,1
B3_D1_Original,B3,1,Original,full-grid,50,0,49,79,1.0015402660828154,1.0014106506433311,-0.016112521942167203,0,0,1,UNSTABLE,2.516513994740441e-16,9.3449322577838945e-17,1
B3_D1_Original,B3,1,Original,full-grid,51,0,50,80,1.001581049799835,1.0014518679188007,-0.016085880768075791,0,0,1,UNSTABLE,4.0648780791620299e-16,9.3449322574247853e-17,1
B3_D1_Original,B3,1,Original,full-grid,52,0,51,81,1.0016213142468566,1.0014925736238394,-0.016058708849065319,0,0,1,UNSTABLE,4.8282371799666687e-16,9.3449322577838871e-17,1
B3_D1_Original,B3,1,Original,full-grid,53,0,52,82,1.0016610511412825,1.0015327592136798,-0.016031019783291765,0,0,1,UNSTABLE,2.181020693662861e-16,9.3449322575198468e-17,1
B3_D1_Original,B3,1,Original,full-grid,54,0,53,83,1.0017002526708265,1.001572416611674,-0.01600282735797421,0,0,1,UNSTABLE,2.3195532016795991e-16,9.3449322577838884e-17,1
B3_D1_Original,B3,1,Original,full-grid,55,0,54,84,1.0017389114989672,1.0016115382151709,-0.015974145528788838,0,0,1,UNSTABLE,3.328515014898539e-16,9.3449322574247853e-17,1
B3_D1_Original,B3,1,Original,full-grid,56,0,55,85,1.0017770207691497,1.0016501169001426,-0.015944988398999698,0,0,1,UNSTABLE,3.379777384871256e-16,9.3449322577838921e-17,1
B3_D1_Original,B3,1,Original,full-grid,57,0,56,86,1.0018145741079083,1.0016881460247278,-0.01591537019842754,0,0,1,UNSTABLE,2.7159920079305337e-16,9.3449322575198468e-17,1
B3_D1_Original,B3,1,Original,full-grid,58,0,57,87,1.001851565626696,1.001725619431481,-0.015885305262339212,0,0,1,UNSTABLE,3.6709469525307724e-16,9.3449322577838896e-17,1
B3_D1_Original,B3,1,Original,full-grid,59,0,58,88,1.0018879899226283,1.0017625314485255,-0.015854808010400772,0,0,1,UNSTABLE,2.5388878564554903e-16,9.3449322574247853e-17,1
B3_D1_Original,B3,1,Original,full-grid,60,0,59,89,1.0019238420780052,1.0017988768894823,-0.015823892925681968,0,0,1,UNSTABLE,3.1474116656606614e-16,9.3449322577838884e-17,1
B3_D1_Original,B3,1,Original,full-grid,61,0,60,90,1.0019591176586995,1.001834651052254,-0.01579257453387424,0,0,1,UNSTABLE,4.7540956196698793e-16,9.3449322575198468e-17,1
B3_D1_Original,B3,1,Original,full-grid,62,0,61,91,1.0019938127114496,1.0018698497167042,-0.015760867382726741,0,0,1,UNSTABLE,3.0177121885694207e-16,9.3449322577838921e-17,1
B3_D1_Original,B3,1,Original,full-grid,63,0,62,92,1.0020279237600562,1.0019044691412289,-0.015728786021860335,0,0,1,UNSTABLE,2.9408808275343775e-16,9.3449322574247841e-17,1
B3_D1_Original,B3,1,Original,full-grid,64,0,63,93,1.0020614478005119,1.0019385060582489,-0.015696344982911933,0,0,1,UNSTABLE,4.3257480564410514e-16,9.3449322577838921e-17,1
B3_D1_Original,B3,1,Original,full-grid,65,0,64,94,1.0020943822951571,1.0019719576687156,-0.015663558760201195,0,0,1,UNSTABLE,2.1055482741117637e-16,9.3449322575198468e-17,1
B3_D1_Original,B3,1,Original,full-grid,66,0,65,95,1.0021267251658599,1.0020048216356239,-0.015630441791990635,0,0,1,UNSTABLE,3.6080850896674349e-16,9.3449322577838945e-17,1
B3_D1_Original,B3,1,Original,full-grid,67,0,66,96,1.0021584747862942,1.0020370960766112,-0.01559700844211633,0,0,1,UNSTABLE,3.3375089694350279e-16,9.3449322574247853e-17,1
B3_D1_Original,B3,1,Original,full-grid,68,1,0,31,0.99917199818377911,0.99903446403820173,-0.016577744673774712,1,0,-1,STABLE,2.8139668643649274e-16,1.2044523497416289e-16,1
B3_D1_Original,B3,1,Original,full-grid,69,1,1,32,0.9992218856610261,0.99908421652743906,-0.01658629162079538,1,0,-1,STABLE,2.2445134194715704e-16,2.4337632454626673e-16,1
B3_D1_Original,B3,1,Original,full-grid,70,1,2,33,0.99927194856386647,0.99913415667659866,-0.016594099817963177,1,0,-1,STABLE,4.0856991612156163e-16,2.4337632454763639e-16,1
B3_D1_Original,B3,1,Original,full-grid,71,1,3,34,0.99932217264650403,0.99918427033992074,-0.0166011640618796,1,0,-1,STABLE,3.9960942919669466e-16,2.4337632454662931e-16,1
B3_D1_Original,B3,1,Original,full-grid,72,1,4,35,0.99937254349778315,0.99923454319933847,-0.016607479472747561,1,0,-1,STABLE,3.0293251454198806e-16,2.4337632454763639e-16,1
B3_D1_Original,B3,1,Original,full-grid,73,1,5,36,0.99942304654772551,0.99928496077087092,-0.016613041500461292,1,0,-1,STABLE,3.4687416623690564e-16,2.4337632454626677e-16,1
B3_D1_Original,B3,1,Original,full-grid,74,1,6,37,0.99947366707436047,0.99933550841131136,-0.016617845930662553,1,0,-1,STABLE,3.8412402233051415e-16,2.4337632454763639e-16,1
B3_D1_Original,B3,1,Original,full-grid,75,1,7,38,0.99952439021066142,0.99938617132502183,-0.016621888891121164,1,0,-1,STABLE,3.5932966640646994e-16,2.433763245466294e-16,1
B3_D1_Original,B3,1,Original,full-grid,76,1,8,39,0.99957520095183261,0.99943693457107852,-0.016625166858175628,1,0,-1,STABLE,4.5336528513552026e-16,2.4337632454763648e-16,1
B3_D1_Original,B3,1,Original,full-grid,77,1,9,40,0.99962608416275323,0.99948778307058628,-0.016627676662859775,1,0,-1,STABLE,3.5059171309860509e-16,2.4337632454626677e-16,1
B3_D1_Original,B3,1,Original,full-grid,78,1,10,41,0.99967702458584073,0.99953870161440517,-0.016629415497514941,1,0,-1,STABLE,4.1532914850790612e-16,2.4337632454763643e-16,1
B3_D1_Original,B3,1,Original,full-grid,79,1,11,42,0.99972800684918117,0.99958967487115125,-0.016630380922351404,1,0,-1,STABLE,2.5582136672497673e-16,2.4337632454662935e-16,1
B3_D1_Original,B3,1,Original,full-grid,80,1,12,43,0.99977901547504922,0.99964068739559209,-0.01663057087194136,1,0,-1,STABLE,4.0336750353896989e-16,2.4337632454763639e-16,1
B3_D1_Original,B3,1,Original,full-grid,81,1,13,44,0.99983003488881761,0.99969172363743475,-0.016629983661729287,1,0,-1,STABLE,3.7276375402363695e-16,2.4337632454626668e-16,1
B3_D1_Original,B3,1,Original,full-grid,82,1,14,45,0.99988104942835854,0.99974276795060879,-0.016628617994617401,1,0,-1,STABLE,3.458351804317695e-16,2.4337632454763648e-16,1
B3_D1_Original,B3,1,Original,full-grid,83,1,15,46,0.99993204335379915,0.99979380460291256,-0.016626472967439482,1,0,-1,STABLE,2.7385852123833403e-16,2.4337632454662931e-16,1
B3_D1_Original,B3,1,Original,full-grid,84,1,16,47,0.99998300085784608,0.9998448177862318,-0.016623548077350229,1,0,-1,STABLE,3.2000843391388411e-16,2.4337632454763653e-16,1
B3_D1_Original,B3,1,Original,full-grid,85,1,17,48,1.0000339060765504,0.99989579162720754,-0.016619843227979644,0,0,1,UNSTABLE,4.7911620602720741e-16,2.4337632454626673e-16,1
B3_D1_Original,B3,1,Original,full-grid,86,1,18,49,1.0000847431006323,0.99994671019846915,-0.016615358735710076,0,0,1,UNSTABLE,2.8336938567143375e-16,2.4337632454763639e-16,1
B3_D1_Original,B3,1,Original,full-grid,87,1,19,50,1.0001354959873381,0.99999755753041275,-0.016610095335303984,0,0,1,UNSTABLE,3.9901743312337538e-16,2.4337632454662931e-16,1
B3_D1_Original,B3,1,Original,full-grid,88,1,20,51,1.0001861487728072,1.000048317623492,-0.016604054185753385,0,0,1,UNSTABLE,4.5795775812970059e-16,2.4337632454763639e-16,1
B3_D1_Original,B3,1,Original,full-grid,89,1,21,52,1.0002366854850204,1.0000989744611097,-0.016597236875346883,0,0,1,UNSTABLE,3.9460972498773426e-16,2.4337632454626673e-16,1
B3_D1_Original,B3,1,Original,full-grid,90,1,22,53,1.0002870901572902,1.0001495120230555,-0.016589645426670567,0,0,1,UNSTABLE,1.6912456337354558e-16,2.4337632454763643e-16,1
B3_D1_Original,B3,1,Original,full-grid,91,1,23,54,1.0003373468422929,1.0001999142995006,-0.016581282301119604,0,0,1,UNSTABLE,3.0356088150287655e-16,2.4337632454662935e-16,1
B3_D1_Original,B3,1,Original,full-grid,92,1,24,55,1.0003874396266128,1.000250165305518,-0.016572150402821437,0,0,1,UNSTABLE,2.9458179872191756e-16,2.4337632454763643e-16,1
B3_D1_Original,B3,1,Original,full-grid,93,1,25,56,1.0004373526458838,1.0003002490962138,-0.016562253082153186,0,0,1,UNSTABLE,4.2284136855097235e-16,2.4337632454626677e-16,1
B3_D1_Original,B3,1,Original,full-grid,94,1,26,57,1.0004870701003048,1.0003501497822473,-0.016551594138548373,0,0,1,UNSTABLE,3.9152114949001744e-16,2.4337632454763643e-16,1
B3_D1_Original,B3,1,Original,full-grid,95,1,27,58,1.0005365762707747,1.0003998515459886,-0.016540177822728968,0,0,1,UNSTABLE,2.8306826236544769e-16,2.4337632454662935e-16,1
B3_D1_Original,B3,1,Original,full-grid,96,1,28,59,1.0005858555352791,1.0004493386579416,-0.016528008838156989,0,0,1,UNSTABLE,1.7944614152030537e-16,2.4337632454763639e-16,1
B3_D1_Original,B3,1,Original,full-grid,97,1,29,60,1.0006348923858903,1.0004985954937982,-0.016515092341838514,0,0,1,UNSTABLE,2.5493364521625554e-16,2.4337632454626668e-16,1
B3_D1_Original,B3,1,Original,full-grid,98,1,30,61,1.0006836714459169,1.000547606551665,-0.016501433944180268,0,0,1,UNSTABLE,3.83065686519135e-16,2.4337632454763648e-16,1
B3_D1_Original,B3,1,Original,full-grid,99,1,31,62,1.0007321774874898,1.0005963564697402,-0.016487039708007179,0,0,1,UNSTABLE,2.8431960216393981e-16,2.4337632454662931e-16,1
B3_D1_Original,B3,1,Original,full-grid,100,1,32,63,1.0007803954493448,1.0006448300442068,-0.016471916146804971,0,0,1,UNSTABLE,5.0660771194988753e-16,2.4337632454763653e-16,1
B3_D1_Original,B3,1,Original,full-grid,101,1,33,64,1.0008283104547835,1.0006930122473279,-0.016456070221836837,0,0,1,UNSTABLE,4.1065093061200254e-16,2.4337632454626673e-16,1
B3_D1_Original,B3,1,Original,full-grid,102,1,34,65,1.0008759078297609,1.0007408882456841,-0.016439509338395004,0,0,1,UNSTABLE,3.125416693636969e-16,2.4337632454763639e-16,1
B3_D1_Original,B3,1,Original,full-grid,103,1,35,66,1.0009231731210579,1.0007884434185204,-0.016422241341013135,0,0,1,UNSTABLE,3.4588867641241051e-16,2.4337632454662931e-16,1
B3_D1_Original,B3,1,Original,full-grid,104,1,36,67,1.0009700921143299,1.0008356633759852,-0.016404274507631138,0,0,1,UNSTABLE,3.1823067156245609e-16,2.4337632454763639e-16,1
B3_D1_Original,B3,1,Original,full-grid,105,1,37,68,1.0010166508522378,1.0008825339774747,-0.01638561754282351,0,0,1,UNSTABLE,1.9052974855551333e-16,2.4337632454626673e-16,1
B3_D1_Original,B3,1,Original,full-grid,106,1,38,69,1.0010628356521685,1.0009290413495904,-0.016366279569596152,0,0,1,UNSTABLE,3.4452295122846482e-16,2.4337632454763643e-16,1
B3_D1_Original,B3,1,Original,full-grid,107,1,39,70,1.0011086331239119,1.000975171904062,-0.016346270120747491,0,0,1,UNSTABLE,2.0473295269684366e-16,2.4337632454662935e-16,1
B3_D1_Original,B3,1,Original,full-grid,108,1,40,71,1.0011540301868749,1.0010209123552394,-0.016325599128558466,0,0,1,UNSTABLE,3.282530705954361e-16,2.4337632454763643e-16,1
B3_D1_Original,B3,1,Original,full-grid,109,1,41,72,1.0011990140869258,1.0010662497372231,-0.016304276913856126,0,0,1,UNSTABLE,2.9237943373636546e-16,2.4337632454626677e-16,1
B3_D1_Original,B3,1,Original,full-grid,110,1,42,73,1.0012435724127382,1.0011111714205225,-0.016282314173708796,0,0,1,UNSTABLE,4.7379632798486951e-16,2.4337632454763643e-16,1
B3_D1_Original,B3,1,Original,full-grid,111,1,43,74,1.0012876931115329,1.0011556651281164,-0.016259721968539278,0,0,1,UNSTABLE,3.4811387738967183e-16,2.4337632454662935e-16,1
B3_D1_Original,B3,1,Original,full-grid,112,1,44,75,1.0013313645042119,1.0011997189509338,-0.016236511707815281,0,0,1,UNSTABLE,3.4409577285384749e-16,2.4337632454763639e-16,1
B3_D1_Original,B3,1,Original,full-grid,113,1,45,76,1.0013745752997472,1.0012433213625966,-0.016212695135138216,0,0,1,UNSTABLE,3.6151740130857571e-16,2.4337632454626668e-16,1
B3_D1_Original,B3,1,Original,full-grid,114,1,46,77,1.0014173146087482,1.0012864612333572,-0.016188284312339211,0,0,1,UNSTABLE,2.4424829277113917e-16,2.4337632454763648e-16,1
B3_D1_Original,B3,1,Original,full-grid,115,1,47,78,1.0014595719562125,1.001329127843231,-0.016163291602729127,0,0,1,UNSTABLE,3.0499646889984864e-16,2.4337632454662931e-16,1
B3_D1_Original,B3,1,Original,full-grid,116,1,48,79,1.0015013372933466,1.0013713108942099,-0.016137729653613681,0,0,1,UNSTABLE,3.3227359097969269e-16,2.4337632454763653e-16,1
B3_D1_Original,B3,1,Original,full-grid,117,1,49,80,1.001542601008373,1.0014130005214725,-0.016111611378094914,0,0,1,UNSTABLE,4.3238938000516085e-16,2.4337632454626673e-16,1
B3_D1_Original,B3,1,Original,full-grid,118,1,50,81,1.0015833539363543,1.0014541873036156,-0.01608494993623584,0,0,1,UNSTABLE,2.9923815644447703e-16,2.4337632454763639e-16,1
B3_D1_Original,B3,1,Original,full-grid,119,1,51,82,1.001623587367946,1.0014948622718243,-0.01605775871575154,0,0,1,UNSTABLE,2.3843092695317586e-16,2.4337632454662931e-16,1
B3_D1_Original,B3,1,Original,full-grid,120,1,52,83,1.0016632930570037,1.0015350169178983,-0.016030051312020309,0,0,1,UNSTABLE,4.4694163472189263e-16,2.4337632454763639e-16,1
B3_D1_Original,B3,1,Original,full-grid,121,1,53,84,1.0017024632271008,1.001574643201192,-0.016001841507980168,0,0,1,UNSTABLE,3.0450543188939989e-16,2.4337632454626673e-16,1
B3_D1_Original,B3,1,Original,full-grid,122,1,54,85,1.0017410905768811,1.0016137335543918,-0.015973143253325887,0,0,1,UNSTABLE,3.6635110128334631e-16,2.4337632454763643e-16,1
B3_D1_Original,B3,1,Original,full-grid,123,1,55,86,1.0017791682842061,1.0016522808880832,-0.015943970643988194,0,0,1,UNSTABLE,2.4112465886916894e-16,2.4337632454662935e-16,1
B3_D1_Original,B3,1,Original,full-grid,124,1,56,87,1.0018166900091761,1.0016902785941959,-0.015914337900896077,0,0,1,UNSTABLE,2.9080283452227362e-16,2.4337632454763643e-16,1
B3_D1_Original,B3,1,Original,full-grid,125,1,57,88,1.0018536498959503,1.0017277205482369,-0.015884259349152077,0,0,1,UNSTABLE,3.1518426176865065e-16,2.4337632454626677e-16,1
B3_D1_Original,B3,1,Original,full-grid,126,1,58,89,1.0018900425733566,1.0017646011103118,-0.015853749396910227,0,0,1,UNSTABLE,3.0438064194979931e-16,2.4337632454763643e-16,1
B3_D1_Original,B3,1,Original,full-grid,127,1,59,90,1.0019258631543984,1.0018009151250364,-0.015822822514502441,0,0,1,UNSTABLE,4.0751457844638208e-16,2.4337632454662935e-16,1
B3_D1_Original,B3,1,Original,full-grid,128,1,60,91,1.0019611072346117,1.0018366579202871,-0.015791493213708301,0,0,1,UNSTABLE,2.3271374413128759e-16,2.4337632454763639e-16,1
B3_D1_Original,B3,1,Original,full-grid,129,1,61,92,1.0019957708892888,1.0018718253048084,-0.015759776027317325,0,0,1,UNSTABLE,3.5884882866810773e-16,2.4337632454626668e-16,1
B3_D1_Original,B3,1,Original,full-grid,130,1,62,93,1.0020298506696266,1.0019064135647369,-0.015727685488982235,0,0,1,UNSTABLE,6.5790805319284739e-16,2.4337632454763648e-16,1
B3_D1_Original,B3,1,Original,full-grid,131,1,63,94,1.0020633435978523,1.0019404194590873,-0.015695236113422877,0,0,1,UNSTABLE,1.9548579521553853e-16,2.4337632454662931e-16,1
B3_D1_Original,B3,1,Original,full-grid,132,1,64,95,1.0020962471613477,1.0019738402142224,-0.015662442377265651,0,0,1,UNSTABLE,3.9614631548607283e-16,2.4337632454763653e-16,1
B3_D1_Original,B3,1,Original,full-grid,133,1,65,96,1.0021285593057818,1.0020066735173221,-0.015629318700199613,0,0,1,UNSTABLE,6.7186401224024033e-16,2.4337632454626673e-16,1
B3_D1_Original,B3,1,Original,full-grid,134,1,66,97,1.0021602784274253,1.0020389175090139,-0.015595879426891659,0,0,1,UNSTABLE,4.1681217861085392e-16,2.4337632454763639e-16,1
B3_D1_Original,B3,1,Original,full-grid,135,2,0,32,0.9991748984369152,0.99903734990175663,-0.016578635881603212,1,0,-1,STABLE,4.8518168337370045e-16,1.204452349741626e-16,1
B3_D1_Original,B3,1,Original,full-grid,136,2,1,33,0.99922480008561321,0.99908711722115284,-0.016587142878142801,1,0,-1,STABLE,3.4757541932264893e-16,2.4337632454763639e-16,1
B3_D1_Original,B3,1,Original,full-grid,137,2,2,34,0.99927487607882948,0.99913707112818562,-0.016594910658114272,1,0,-1,STABLE,2.8715223633748732e-16,2.4337632454662926e-16,1
B3_D1_Original,B3,1,Original,full-grid,138,2,3,35,0.99932511215327979,0.99918719745893114,-0.01660193405395647,1,0,-1,STABLE,2.8923183515269047e-16,2.4337632454763639e-16,1
B3_D1_Original,B3,1,Original,full-grid,139,2,4,36,0.99937549388170666,0.99923748187852679,-0.016608208222616973,1,0,-1,STABLE,3.2410110596944175e-16,2.4337632454626677e-16,1
B3_D1_Original,B3,1,Original,full-grid,140,2,5,37,0.99942600667949266,0.99928790988764404,-0.016613728651369564,1,0,-1,STABLE,4.3238614934759168e-16,2.4337632454763643e-16,1
B3_D1_Original,B3,1,Original,full-grid,141,2,6,38,0.99947663581150281,0.99933846682918581,-0.016618491164107175,1,0,-1,STABLE,4.4904645322446009e-16,2.433763245466294e-16,1
B3_D1_Original,B3,1,Original,full-grid,142,2,7,39,0.99952736639907147,0.99938913789513761,-0.016622491927435153,1,0,-1,STABLE,2.580126083042111e-16,2.4337632454763643e-16,1
B3_D1_Original,B3,1,Original,full-grid,143,2,8,40,0.99957818342729943,0.99943990813372374,-0.016625727456975849,1,0,-1,STABLE,2.5619091445124327e-16,2.4337632454626677e-16,1
B3_D1_Original,B3,1,Original,full-grid,144,2,9,41,0.99962907175256999,0.9994907624567928,-0.016628194623699154,1,0,-1,STABLE,2.8562589911803415e-16,2.4337632454763643e-16,1
B3_D1_Original,B3,1,Original,full-grid,145,2,10,42,0.99968001611038204,0.99954168564751633,-0.01662989066035565,1,0,-1,STABLE,6.335025019548542e-16,2.4337632454662935e-16,1
B3_D1_Original,B3,1,Original,full-grid,146,2,11,43,0.99973100112355129,0.99959266236846323,-0.016630813167896229,1,0,-1,STABLE,3.9563309155696202e-16,2.4337632454763643e-16,1
B3_D1_Original,B3,1,Original,full-grid,147,2,12,44,0.99978201131074085,0.99964367717000624,-0.016630960121977168,1,0,-1,STABLE,4.1303506719327215e-16,2.4337632454626668e-16,1
B3_D1_Original,B3,1,Original,full-grid,148,2,13,45,0.99987984683814835,0.99370930089516685,-0.11091227807378939,1,0,-1,STABLE,3.8804354770281229e-16,2.4337632454763648e-16,1
B3_D1_Original,B3,1,Original,full-grid,149,2,14,46,1.0001228019718593,0.99400426417539545,-0.1104587788506361,0,0,1,UNSTABLE,3.3341102683714177e-16,2.4337632454662935e-16,1
B3_D1_Original,B3,1,Original,full-grid,150,2,15,47,1.0003126936575479,0.99424880914668368,-0.10997631837273467,0,0,1,UNSTABLE,2.15793783556985e-16,2.4337632454763648e-16,1
B3_D1_Original,B3,1,Original,full-grid,151,2,16,48,1.0004481027079801,0.99444079219833525,-0.10947107848169231,0,0,1,UNSTABLE,2.7186176983611116e-16,2.4337632454626673e-16,1
B3_D1_Original,B3,1,Original,full-grid,152,2,17,49,1.000528494918091,0.99457898164368308,-0.10894915518568619,0,0,1,UNSTABLE,3.2652902055914947e-16,2.4337632454763643e-16,1
B3_D1_Original,B3,1,Original,full-grid,153,2,18,50,1.00055409241361,0.99466294589692517,-0.10841640053641957,0,0,1,UNSTABLE,3.9681974911687096e-16,2.4337632454662931e-16,1
B3_D1_Original,B3,1,Original,full-grid,154,2,19,51,1.0005257267920176,0.99469291752939037,-0.107878310097833,0,0,1,UNSTABLE,5.601640070123101e-16,2.4337632454763639e-16,1
B3_D1_Original,B3,1,Original,full-grid,155,2,20,52,1.0004446889874969,0.99466964855207973,-0.10733995515450628,0,0,1,UNSTABLE,2.7668259162053553e-16,2.4337632454626673e-16,1
B3_D1_Original,B3,1,Original,full-grid,156,2,21,53,1.0003125868794556,0.99459426879918333,-0.10680595461530303,0,0,1,UNSTABLE,1.9578699713011276e-16,2.4337632454763639e-16,1
B3_D1_Original,B3,1,Original,full-grid,157,2,22,54,1.0002900366587903,1.000152459525244,-0.016589609532755067,0,0,1,UNSTABLE,4.2577589430377181e-16,2.433763245466294e-16,1
B3_D1_Original,B3,1,Original,full-grid,158,2,23,55,1.0003402820805629,1.0002028512179768,-0.016581205277364588,0,0,1,UNSTABLE,1.986397743509551e-16,2.4337632454763639e-16,1
B3_D1_Original,B3,1,Original,full-grid,159,2,24,56,1.0003903625030288,1.0002530905338056,-0.016572032660836129,0,0,1,UNSTABLE,3.0443538537475657e-16,2.4337632454626677e-16,1
B3_D1_Original,B3,1,Original,full-grid,160,2,25,57,1.0004402620802926,1.0003031615455993,-0.016562095071680844,0,0,1,UNSTABLE,2.7016418700248532e-16,2.4337632454763643e-16,1
B3_D1_Original,B3,1,Original,full-grid,161,2,26,58,1.0004899650326791,1.0003530483834551,-0.016551396346546558,0,0,1,UNSTABLE,2.9265488781628751e-16,2.4337632454662935e-16,1
B3_D1_Original,B3,1,Original,full-grid,162,2,27,59,1.0005394556627336,1.0004027352507179,-0.016539940772615343,0,0,1,UNSTABLE,3.0360922286508291e-16,2.4337632454763643e-16,1
B3_D1_Original,B3,1,Original,full-grid,163,2,28,60,1.0005887183716586,1.0004522064404591,-0.016527733088827427,0,0,1,UNSTABLE,3.5758370643853466e-16,2.4337632454626668e-16,1
B3_D1_Original,B3,1,Original,full-grid,164,2,29,61,1.0006377376761706,1.0005014463523914,-0.016514778486485599,0,0,1,UNSTABLE,2.3747897885249147e-16,2.4337632454763648e-16,1
B3_D1_Original,B3,1,Original,full-grid,165,2,30,62,1.0006864982256884,1.0005504395101286,-0.016501082609302165,0,0,1,UNSTABLE,3.246115809366981e-16,2.4337632454662935e-16,1
B3_D1_Original,B3,1,Original,full-grid,166,2,31,63,1.0007349848197913,1.000599170578742,-0.016486651552133261,0,0,1,UNSTABLE,2.9916819812012959e-16,2.4337632454763648e-16,1
B3_D1_Original,B3,1,Original,full-grid,167,2,32,64,1.0007831824259765,1.0006476243826286,-0.016471491859195646,0,0,1,UNSTABLE,3.3607710211704423e-16,2.4337632454626673e-16,1
B3_D1_Original,B3,1,Original,full-grid,168,2,33,65,1.0008310761975396,1.000695785923525,-0.016455610521167851,0,0,1,UNSTABLE,3.6206752501786093e-16,2.4337632454763643e-16,1
B3_D1_Original,B3,1,Original,full-grid,169,2,34,66,1.0008786514916124,1.0007436403986991,-0.01643901497134008,0,0,1,UNSTABLE,2.3204370337847565e-16,2.4337632454662931e-16,1
B3_D1_Original,B3,1,Original,full-grid,170,2,35,67,1.0009258938871906,1.0007911732191519,-0.016421713080710693,0,0,1,UNSTABLE,2.0306931453634813e-16,2.4337632454763639e-16,1
B3_D1_Original,B3,1,Original,full-grid,171,2,36,68,1.0009727892032123,1.0008383700278864,-0.016403713152265419,0,0,1,UNSTABLE,1.7527728422403296e-16,2.4337632454626673e-16,1
B3_D1_Original,B3,1,Original,full-grid,172,2,37,69,1.0010193235164646,1.0008852167180327,-0.016385023913845363,0,0,1,UNSTABLE,7.535994607305105e-16,2.4337632454763639e-16,1
B3_D1_Original,B3,1,Original,full-grid,173,2,38,70,1.0010654831793802,1.0009316994508748,-0.016365654510264213,0,0,1,UNSTABLE,3.1456638031024037e-16,2.433763245466294e-16,1
B3_D1_Original,B3,1,Original,full-grid,174,2,39,71,1.0011112548374543,1.0009778046735223,-0.016345614494369849,0,0,1,UNSTABLE,2.8009774017842211e-16,2.4337632454763639e-16,1
B3_D1_Original,B3,1,Original,full-grid,175,2,40,72,1.001156625446501,1.0010235191364401,-0.016324913816704305,0,0,1,UNSTABLE,3.162719164283442e-16,2.4337632454626677e-16,1
B3_D1_Original,B3,1,Original,full-grid,176,2,41,73,1.0012015822893048,1.001068829910388,-0.016303562814734902,0,0,1,UNSTABLE,3.2108369630246498e-16,2.4337632454763643e-16,1
B3_D1_Original,B3,1,Original,full-grid,177,2,42,74,1.0012461129919319,1.0011137244030452,-0.016281572200367449,0,0,1,UNSTABLE,3.4492540129528013e-16,2.4337632454662935e-16,1
B3_D1_Original,B3,1,Original,full-grid,178,2,43,75,1.0012902055393225,1.0011581903749258,-0.016258953046936791,0,0,1,UNSTABLE,2.6420623868057757e-16,2.4337632454763643e-16,1
B3_D1_Original,B3,1,Original,full-grid,179,2,44,76,1.0013338482903646,1.001202215954792,-0.016235716775219244,0,0,1,UNSTABLE,2.4728043018655862e-16,2.4337632454626668e-16,1
B3_D1_Original,B3,1,Original,full-grid,180,2,45,77,1.0013770299921649,1.0012457896542846,-0.016211875138223988,0,0,1,UNSTABLE,4.1003739874785398e-16,2.4337632454763648e-16,1
B3_D1_Original,B3,1,Original,full-grid,181,2,46,78,1.0014197397935021,1.0012889003817449,-0.016187440205351563,0,0,1,UNSTABLE,2.4215489417349017e-16,2.4337632454662935e-16,1
B3_D1_Original,B3,1,Original,full-grid,182,2,47,79,1.0014619672574978,1.0013315374552654,-0.016162424345755388,0,0,1,UNSTABLE,2.5670955748026557e-16,2.4337632454763648e-16,1
B3_D1_Original,B3,1,Original,full-grid,183,2,48,80,1.0015037023733244,1.0013736906147914,-0.016136840210782138,0,0,1,UNSTABLE,2.6593419825871868e-16,2.4337632454626673e-16,1
B3_D1_Original,B3,1,Original,full-grid,184,2,49,81,1.001544935566931,1.0014153500332483,-0.016110700715823208,0,0,1,UNSTABLE,2.9429190197867116e-16,2.4337632454763643e-16,1
B3_D1_Original,B3,1,Original,full-grid,185,2,50,82,1.0015856577107634,1.0014565063266692,-0.016084019021506243,0,0,1,UNSTABLE,3.052328784326278e-16,2.4337632454662931e-16,1
B3_D1_Original,B3,1,Original,full-grid,186,2,51,83,1.0016258601324166,1.0014971505632628,-0.016056808514423128,0,0,1,UNSTABLE,2.3325157302524692e-16,2.4337632454763639e-16,1
B3_D1_Original,B3,1,Original,full-grid,187,2,52,84,1.0016655346221746,1.0015372742713717,-0.016029082787165624,0,0,1,UNSTABLE,4.4588738873156246e-16,2.4337632454626673e-16,1
B3_D1_Original,B3,1,Original,full-grid,188,2,53,85,1.0017046734394381,1.0015768694463216,-0.016000855618279734,0,0,1,UNSTABLE,3.4135111140854567e-16,2.4337632454763639e-16,1
B3_D1_Original,B3,1,Original,full-grid,189,2,54,86,1.0017432693179744,1.0016159285560937,-0.015972140951597807,0,0,1,UNSTABLE,1.9829462716883246e-16,2.433763245466294e-16,1
B3_D1_Original,B3,1,Original,full-grid,190,2,55,87,1.0017813154700275,1.0016544445458553,-0.015942952875583123,0,0,1,UNSTABLE,2.6677677038794267e-16,2.4337632454763639e-16,1
B3_D1_Original,B3,1,Original,full-grid,191,2,56,88,1.0018188055892403,1.0016924108413017,-0.015913305602324092,0,0,1,UNSTABLE,2.2037970755398599e-16,2.4337632454626677e-16,1
B3_D1_Original,B3,1,Original,full-grid,192,2,57,89,1.0018557338524032,1.001729821350819,-0.015883213446707026,0,0,1,UNSTABLE,2.9172273528822343e-16,2.4337632454763643e-16,1
B3_D1_Original,B3,1,Original,full-grid,193,2,58,90,1.0018920949200434,1.0017666704664829,-0.015852690805360416,0,0,1,UNSTABLE,3.5445223665514241e-16,2.4337632454662935e-16,1
B3_D1_Original,B3,1,Original,full-grid,194,2,59,91,1.001927883935839,1.0018029530638741,-0.015821752135873373,0,0,1,UNSTABLE,2.2384769415431611e-16,2.4337632454763643e-16,1
B3_D1_Original,B3,1,Original,full-grid,195,2,60,92,1.00196309652494,1.0018386645007928,-0.015790411936175541,0,0,1,UNSTABLE,3.5040461159911221e-16,2.4337632454626668e-16,1
B3_D1_Original,B3,1,Original,full-grid,196,2,61,93,1.001997728791143,1.0018738006148169,-0.015758684724011564,0,0,1,UNSTABLE,4.090995855651368e-16,2.4337632454763648e-16,1
B3_D1_Original,B3,1,Original,full-grid,197,2,62,94,1.0020317773130258,1.0019083577198074,-0.015726585017096988,0,0,1,UNSTABLE,4.7373138067433256e-16,2.4337632454662935e-16,1
B3_D1_Original,B3,1,Original,full-grid,198,2,63,95,1.0020652391390148,1.0019423326013359,-0.015694127313259872,0,0,1,UNSTABLE,2.9458108348070724e-16,2.4337632454763648e-16,1
B3_D1_Original,B3,1,Original,full-grid,199,2,64,96,1.0020981117814693,1.0019757225111161,-0.015661326071349232,0,0,1,UNSTABLE,2.4768236935976506e-16,2.4337632454626673e-16,1
B3_D1_Original,B3,1,Original,full-grid,200,2,65,97,1.0021303932098748,1.0020085251605262,-0.015628195692571022,0,0,1,UNSTABLE,3.1974694926949831e-16,2.4337632454763643e-16,1
B3_D1_Original,B3,1,Original,full-grid,201,2,66,98,1.0021620818430137,1.0020407387130978,-0.015594750502408572,0,0,1,UNSTABLE,2.6630974901393484e-16,2.4337632454662931e-16,1
B3_D1_Original,B3,1,Original,full-grid,202,3,0,33,0.99917779929846862,0.99904023637957629,-0.016579526699247914,1,0,-1,STABLE,3.4918134008969126e-16,1.2044523497416282e-16,1
B3_D1_Original,B3,1,Original,full-grid,203,3,1,34,0.99922771510411845,0.99909001851496337,-0.016587993729419607,1,0,-1,STABLE,3.2914851623203493e-16,2.4337632454662945e-16,1
B3_D1_Original,B3,1,Original,full-grid,204,3,2,35,0.99927780417256684,0.99913998616504163,-0.016595721077054783,1,0,-1,STABLE,3.2361846977434732e-16,2.4337632454763653e-16,1
B3_D1_Original,B3,1,Original,full-grid,205,3,3,36,0.99932805222307086,0.99919012514775196,-0.016602703610454152,1,0,-1,STABLE,5.0040048789040047e-16,2.4337632454626677e-16,1
B3_D1_Original,B3,1,Original,full-grid,206,3,4,37,0.99937844481232196,0.9992404211114877,-0.016608936523211579,1,0,-1,STABLE,2.6722441524151729e-16,2.4337632454763639e-16,1
B3_D1_Original,B3,1,Original,full-grid,207,3,5,38,0.9994289673411012,0.99929085954160712,-0.016614415340181529,1,0,-1,STABLE,4.2290457689990714e-16,2.4337632454662945e-16,1
B3_D1_Original,B3,1,Original,full-grid,208,3,6,39,0.9994796050611412,0.99934142576715801,-0.016619135923344658,1,0,-1,STABLE,3.1529420376112538e-16,2.4337632454763648e-16,1
B3_D1_Original,B3,1,Original,full-grid,209,3,7,40,0.99953034308218602,0.9993921049677964,-0.016623094478160821,1,0,-1,STABLE,4.8643545305080093e-16,2.4337632454626677e-16,1
B3_D1_Original,B3,1,Original,full-grid,210,3,8,41,0.999739156911433,0.9933499506963559,-0.11284616658766036,1,0,-1,STABLE,2.9096292133153106e-16,2.4337632454763639e-16,1
B3_D1_Original,B3,1,Original,full-grid,211,3,9,42,1.0001985215940004,0.99383725985518812,-0.1126258563668015,0,0,1,UNSTABLE,2.2671239195137411e-16,2.4337632454662931e-16,1
B3_D1_Original,B3,1,Original,full-grid,212,3,10,43,1.0006260221321162,0.99429857972069269,-0.11235110383683582,0,0,1,UNSTABLE,3.0276798039335692e-16,2.4337632454763643e-16,1
B3_D1_Original,B3,1,Original,full-grid,213,3,11,44,1.0010154866085275,0.99472724120891121,-0.11202553292448968,0,0,1,UNSTABLE,3.0867902283465057e-16,2.4337632454626673e-16,1
B3_D1_Original,B3,1,Original,full-grid,214,3,12,45,1.0013615473666011,0.99511727296596808,-0.11165375761347303,0,0,1,UNSTABLE,4.1513640631139614e-16,2.4337632454763648e-16,1
B3_D1_Original,B3,1,Original,full-grid,215,3,13,46,1.0016598044110803,0.99546359128204742,-0.111241189335123,0,0,1,UNSTABLE,4.9522165619718999e-16,2.4337632454662931e-16,1
B3_D1_Original,B3,1,Original,full-grid,216,3,14,47,1.0019069163382399,0.99576212141368159,-0.11079380201132946,0,0,1,UNSTABLE,3.3801559206350549e-16,2.4337632454763653e-16,1
B3_D1_Original,B3,1,Original,full-grid,217,3,15,48,1.0021006147992173,0.99600984278043203,-0.11031788279997216,0,0,1,UNSTABLE,2.4326329622689129e-16,2.4337632454626673e-16,1
B3_D1_Original,B3,1,Original,full-grid,218,3,16,49,1.002239650091679,0.99620476247566647,-0.1098197952861525,0,0,1,UNSTABLE,3.1119864171906114e-16,2.4337632454763643e-16,1
B3_D1_Original,B3,1,Original,full-grid,219,3,17,50,1.0023236835984235,0.99634583056639436,-0.10930577576356325,0,0,1,UNSTABLE,4.7339538233422394e-16,2.4337632454662931e-16,1
B3_D1_Original,B3,1,Original,full-grid,220,3,18,51,1.0023531463420738,0.99643281531656802,-0.10878177486212093,0,0,1,UNSTABLE,3.1233429485546151e-16,2.4337632454763639e-16,1
B3_D1_Original,B3,1,Original,full-grid,221,3,19,52,1.0023290823577256,0.99646615691081708,-0.10825334854620941,0,0,1,UNSTABLE,3.311038628949326e-16,2.4337632454626677e-16,1
B3_D1_Original,B3,1,Original,full-grid,222,3,20,53,1.0022529922749517,0.99644681567750903,-0.10772559607747251,0,0,1,UNSTABLE,3.1438960502089938e-16,2.4337632454763643e-16,1
B3_D1_Original,B3,1,Original,full-grid,223,3,21,54,1.0021266879977719,0.99637612671354714,-0.1072031385393772,0,0,1,UNSTABLE,3.4899606585270753e-16,2.433763245466294e-16,1
B3_D1_Original,B3,1,Original,full-grid,224,3,22,55,1.0019521649084211,0.9962556684733036,-0.10669012981285206,0,0,1,UNSTABLE,4.0893870890530855e-16,2.4337632454763648e-16,1
B3_D1_Original,B3,1,Original,full-grid,225,3,23,56,1.0017314943240947,0.99608714911100371,-0.10619029191360761,0,0,1,UNSTABLE,6.2252212622124693e-16,2.4337632454626677e-16,1
B3_D1_Original,B3,1,Original,full-grid,226,3,24,57,1.001466736279605,0.9958723115203747,-0.10570696770596212,0,0,1,UNSTABLE,3.1943671992124463e-16,2.4337632454763639e-16,1
B3_D1_Original,B3,1,Original,full-grid,227,3,25,58,1.0011598710655059,0.99561285613735606,-0.10524318565074264,0,0,1,UNSTABLE,2.8355913096476242e-16,2.4337632454662931e-16,1
B3_D1_Original,B3,1,Original,full-grid,228,3,26,59,1.0008127471444044,0.99531037952752355,-0.10480173305583451,0,0,1,UNSTABLE,2.2785065810369777e-16,2.4337632454763643e-16,1
B3_D1_Original,B3,1,Original,full-grid,229,3,27,60,1.0005423351714064,1.000405619080758,-0.016539703198559727,0,0,1,UNSTABLE,2.5662160700407029e-16,2.4337632454626673e-16,1
B3_D1_Original,B3,1,Original,full-grid,230,3,28,61,1.000591581308313,1.0004550743317022,-0.016527456822473051,0,0,1,UNSTABLE,1.5220058399007158e-16,2.4337632454763648e-16,1
B3_D1_Original,B3,1,Original,full-grid,231,3,29,62,1.0006405830508391,1.0005042973036606,-0.016514464121840072,0,0,1,UNSTABLE,2.3619414994753897e-16,2.4337632454662931e-16,1
B3_D1_Original,B3,1,Original,full-grid,232,3,30,63,1.0006893250745217,1.0005532725457675,-0.016500730773420371,0,0,1,UNSTABLE,4.6717363096871724e-16,2.4337632454763653e-16,1
B3_D1_Original,B3,1,Original,full-grid,233,3,31,64,1.0007377922064371,1.0006019847500145,-0.016486262904173363,0,0,1,UNSTABLE,2.3911069944558e-16,2.4337632454626673e-16,1
B3_D1_Original,B3,1,Original,full-grid,234,3,32,65,1.0007859694428678,1.0006504187690379,-0.016471067088991428,0,0,1,UNSTABLE,4.3849654321519501e-16,2.4337632454763643e-16,1
B3_D1_Original,B3,1,Original,full-grid,235,3,33,66,1.0008338419671396,1.0006985596340852,-0.016455150347932029,0,0,1,UNSTABLE,4.211493849645769e-16,2.4337632454662931e-16,1
B3_D1_Original,B3,1,Original,full-grid,236,3,34,67,1.0008813951675384,1.0007463925730888,-0.016438520142246806,0,0,1,UNSTABLE,3.675868529538548e-16,2.4337632454763639e-16,1
B3_D1_Original,B3,1,Original,full-grid,237,3,35,68,1.0009286146553416,1.0007939030288737,-0.016421184369427497,0,0,1,UNSTABLE,3.2388268312202285e-16,2.4337632454626677e-16,1
B3_D1_Original,B3,1,Original,full-grid,238,3,36,69,1.0009754862827602,1.0008410766772915,-0.016403151357226777,0,0,1,UNSTABLE,3.139787161460243e-16,2.4337632454763643e-16,1
B3_D1_Original,B3,1,Original,full-grid,239,3,37,70,1.0010219961607547,1.0008878994452499,-0.01638442985695298,0,0,1,UNSTABLE,3.2061868309773003e-16,2.433763245466294e-16,1
B3_D1_Original,B3,1,Original,full-grid,240,3,38,71,1.0010681306767484,1.000934357528664,-0.016365029035113571,0,0,1,UNSTABLE,3.1677954265389569e-16,2.4337632454763648e-16,1
B3_D1_Original,B3,1,Original,full-grid,241,3,39,72,1.0011138765120127,1.0009804374100943,-0.016344958464481439,0,0,1,UNSTABLE,3.7166126161925837e-16,2.4337632454626677e-16,1
B3_D1_Original,B3,1,Original,full-grid,242,3,40,73,1.0011592206587376,1.0010261258760904,-0.016324228113950533,0,0,1,UNSTABLE,2.432815866685053e-16,2.4337632454763639e-16,1
B3_D1_Original,B3,1,Original,full-grid,243,3,41,74,1.0012041504366416,1.0010714100340912,-0.016302848337456873,0,0,1,UNSTABLE,4.8807407908498142e-16,2.4337632454662931e-16,1
B3_D1_Original,B3,1,Original,full-grid,244,3,42,75,1.0012486535091585,1.0011162773289208,-0.016280829861715324,0,0,1,UNSTABLE,2.8485096078374732e-16,2.4337632454763643e-16,1
B3_D1_Original,B3,1,Original,full-grid,245,3,43,76,1.0012927178989757,1.001160715558655,-0.016258183773088082,0,0,1,UNSTABLE,3.8249483493289544e-16,2.4337632454626673e-16,1
B3_D1_Original,B3,1,Original,full-grid,246,3,44,77,1.0013363320029602,1.0012047128898867,-0.016234921503417432,0,0,1,UNSTABLE,2.5272583564805404e-16,2.4337632454763648e-16,1
B3_D1_Original,B3,1,Original,full-grid,247,3,45,78,1.0013794846062947,1.0012482578722171,-0.016211054815111602,0,0,1,UNSTABLE,3.9400796516899589e-16,2.4337632454662931e-16,1
B3_D1_Original,B3,1,Original,full-grid,248,3,46,79,1.0014221648959587,1.0012913394521075,-0.016186595785195882,0,0,1,UNSTABLE,3.2254132425331418e-16,2.4337632454763653e-16,1
B3_D1_Original,B3,1,Original,full-grid,249,3,47,80,1.0014643624731645,1.001333946985695,-0.016161556788590572,0,0,1,UNSTABLE,4.2936855786727976e-16,2.4337632454626673e-16,1
B3_D1_Original,B3,1,Original,full-grid,250,3,48,81,1.0015060673650358,1.0013760702508658,-0.016135950480595226,0,0,1,UNSTABLE,3.7463913177315694e-16,2.4337632454763643e-16,1
B3_D1_Original,B3,1,Original,full-grid,251,3,49,82,1.0015472700352246,1.0014176994582684,-0.01610978977888982,0,0,1,UNSTABLE,3.050557243668308e-16,2.4337632454662931e-16,1
B3_D1_Original,B3,1,Original,full-grid,252,3,50,83,1.001587961393551,1.0014588252613641,-0.016083087844631461,0,0,1,UNSTABLE,4.4423954326841756e-16,2.4337632454763639e-16,1
B3_D1_Original,B3,1,Original,full-grid,253,3,51,84,1.0016281328045209,1.0014994387653569,-0.016055858063224401,0,0,1,UNSTABLE,2.7107116618841143e-16,2.4337632454626677e-16,1
B3_D1_Original,B3,1,Original,full-grid,254,3,52,85,1.0016677760948094,1.0015395315350955,-0.016028114024501584,0,0,1,UNSTABLE,2.0112672602233891e-16,2.4337632454763643e-16,1
B3_D1_Original,B3,1,Original,full-grid,255,3,53,86,1.0017068835596252,1.0015790956018586,-0.015999869502582288,0,0,1,UNSTABLE,2.5063358704305832e-16,2.433763245466294e-16,1
B3_D1_Original,B3,1,Original,full-grid,256,3,54,87,1.001745447967836,1.001618123468899,-0.015971138435373674,0,0,1,UNSTABLE,2.8872055510014479e-16,2.4337632454763648e-16,1
B3_D1_Original,B3,1,Original,full-grid,257,3,55,88,1.001783462566036,1.0016566081159342,-0.015941934903838783,0,0,1,UNSTABLE,3.335469594818709e-16,2.4337632454626677e-16,1
B3_D1_Original,B3,1,Original,full-grid,258,3,56,89,1.0018209210813722,1.0016945430023878,-0.015912273111235716,0,0,1,UNSTABLE,2.7066892166443248e-16,2.4337632454763639e-16,1
B3_D1_Original,B3,1,Original,full-grid,259,3,57,90,1.0018578177232573,1.0017319220695153,-0.015882167362233527,0,0,1,UNSTABLE,3.0530466843493595e-16,2.4337632454662931e-16,1
B3_D1_Original,B3,1,Original,full-grid,260,3,58,91,1.0018941471838625,1.0017687397413075,-0.015851632041895714,0,0,1,UNSTABLE,5.044627944688431e-16,2.4337632454763643e-16,1
B3_D1_Original,B3,1,Original,full-grid,261,3,59,92,1.0019299046375167,1.001804990924287,-0.01582068159508087,0,0,1,UNSTABLE,5.1221311239541216e-16,2.4337632454626673e-16,1
B3_D1_Original,B3,1,Original,full-grid,262,3,60,93,1.0019650857389595,1.0018406710061538,-0.015789330505752774,0,0,1,UNSTABLE,3.7441828919042587e-16,2.4337632454763648e-16,1
B3_D1_Original,B3,1,Original,full-grid,263,3,61,94,1.0019996866204632,1.0018757758532897,-0.015757593276749547,0,0,1,UNSTABLE,3.6053010157738195e-16,2.4337632454662931e-16,1
B3_D1_Original,B3,1,Original,full-grid,264,3,62,95,1.0020337038879312,1.0019103018072251,-0.015725484409755221,0,0,1,UNSTABLE,3.861900321803692e-16,2.4337632454763653e-16,1
B3_D1_Original,B3,1,Original,full-grid,265,3,63,96,1.002067134615976,1.0019442456800771,-0.015693018385691374,0,0,1,UNSTABLE,2.9611569095097607e-16,2.4337632454626673e-16,1
B3_D1_Original,B3,1,Original,full-grid,266,3,64,97,1.0020999763419247,1.0019776047488986,-0.015660209645662993,0,0,1,UNSTABLE,2.581044484529547e-16,2.4337632454763643e-16,1
B3_D1_Original,B3,1,Original,full-grid,267,3,65,98,1.0021322270590027,1.0020103767491895,-0.015627072572432552,0,0,1,UNSTABLE,3.1763219344983384e-16,2.4337632454662931e-16,1
B3_D1_Original,B3,1,Original,full-grid,268,3,66,99,1.0021638852085286,1.0020425598674108,-0.015593621472233397,0,0,1,UNSTABLE,3.294410650124461e-16,2.4337632454763639e-16,1
B3_D1_Original,B3,1,Original,full-grid,269,4,0,34,0.99918070115786284,0.99904312385844041,-0.016580417289304851,1,0,-1,STABLE,3.358746232055838e-16,1.2044523497416284e-16,1
B3_D1_Original,B3,1,Original,full-grid,270,4,1,35,0.99923063110963717,0.99909292079944545,-0.016588844329752484,1,0,-1,STABLE,3.5679902055768564e-16,2.4337632454763653e-16,1
B3_D1_Original,B3,1,Original,full-grid,271,4,2,36,0.99928073324160405,0.9991429021812992,-0.016596531222167005,1,0,-1,STABLE,2.0739235268281161e-16,2.4337632454626677e-16,1
B3_D1_Original,B3,1,Original,full-grid,272,4,3,37,0.99933099325558516,0.99919305380382972,-0.016603472870803913,1,0,-1,STABLE,3.1660279148232644e-16,2.4337632454763648e-16,1
B3_D1_Original,B3,1,Original,full-grid,273,4,4,38,0.99946574473026195,0.99303506386834539,-0.11319512717961158,1,0,-1,STABLE,2.358190210152691e-16,2.433763245466294e-16,1
B3_D1_Original,B3,1,Original,full-grid,274,4,5,39,0.99999008714414983,0.99356044950646805,-0.11321575669079587,1,0,-1,STABLE,4.7980193176846105e-16,2.4337632454763648e-16,1
B3_D1_Original,B3,1,Original,full-grid,275,4,6,40,1.0005108728941372,0.99408893707705803,-0.1131777008089203,0,0,1,UNSTABLE,2.9646216375069493e-16,2.4337632454626677e-16,1
B3_D1_Original,B3,1,Original,full-grid,276,4,7,41,1.0010208182982232,0.99461327414419742,-0.11308012010342006,0,0,1,UNSTABLE,3.2117469748075514e-16,2.4337632454763643e-16,1
B3_D1_Original,B3,1,Original,full-grid,277,4,8,42,1.0015125098600524,0.9951259404710846,-0.11292329258271253,0,0,1,UNSTABLE,4.1056883819054877e-16,2.4337632454662935e-16,1
B3_D1_Original,B3,1,Original,full-grid,278,4,9,43,1.0019786526985797,0.99561938922968118,-0.11270870531408778,0,0,1,UNSTABLE,4.2205176927658586e-16,2.4337632454763639e-16,1
B3_D1_Original,B3,1,Original,full-grid,279,4,10,44,1.0024123423647608,0.99608632113770679,-0.11243907224606467,0,0,1,UNSTABLE,3.9256391840505538e-16,2.4337632454626668e-16,1
B3_D1_Original,B3,1,Original,full-grid,280,4,11,45,1.0028073295759974,0.99651996194198333,-0.11211826658707671,0,0,1,UNSTABLE,3.6139253883695868e-16,2.4337632454763643e-16,1
B3_D1_Original,B3,1,Original,full-grid,281,4,12,46,1.0031582457890142,0.99691431027686761,-0.11175117028331251,0,0,1,UNSTABLE,4.8737968795299509e-16,2.4337632454662935e-16,1
B3_D1_Original,B3,1,Original,full-grid,282,4,13,47,1.0034607633379045,0.99726432707175205,-0.11134345741360437,0,0,1,UNSTABLE,4.2214066392160108e-16,2.4337632454763648e-16,1
B3_D1_Original,B3,1,Original,full-grid,283,4,14,48,1.0037116754035418,0.99756604816346583,-0.11090133855328634,0,0,1,UNSTABLE,3.9276247619017116e-16,2.4337632454626673e-16,1
B3_D1_Original,B3,1,Original,full-grid,284,4,15,49,1.0039088947684829,0.99781661525474785,-0.11043129681768314,0,0,1,UNSTABLE,2.5062263949499702e-16,2.4337632454763639e-16,1
B3_D1_Original,B3,1,Original,full-grid,285,4,16,50,1.0040513822770785,0.99801423291767533,-0.10993984330649333,0,0,1,UNSTABLE,3.1263333200946485e-16,2.4337632454662926e-16,1
B3_D1_Original,B3,1,Original,full-grid,286,4,17,51,1.0041390235438814,0.99815806805252349,-0.1094333120458001,0,0,1,UNSTABLE,2.9475973558173569e-16,2.4337632454763639e-16,1
B3_D1_Original,B3,1,Original,full-grid,287,4,18,52,1.0041724750131948,0.99824811198332997,-0.1089177051532156,0,0,1,UNSTABLE,3.082661176722556e-16,2.4337632454626673e-16,1
B3_D1_Original,B3,1,Original,full-grid,288,4,19,53,1.0041529988488191,0.9982850247815207,-0.1083985903692241,0,0,1,UNSTABLE,5.1578616081559417e-16,2.4337632454763643e-16,1
B3_D1_Original,B3,1,Original,full-grid,289,4,20,54,1.0040823019887983,0.99826997796564276,-0.10788104680433656,0,0,1,UNSTABLE,4.7492083931421864e-16,2.433763245466294e-16,1
B3_D1_Original,B3,1,Original,full-grid,290,4,21,55,1.0039623896998982,0.99820450707372099,-0.10736965115729788,0,0,1,UNSTABLE,3.8754937272109614e-16,2.4337632454763643e-16,1
B3_D1_Original,B3,1,Original,full-grid,291,4,22,56,1.003795439314451,0.99809038101593139,-0.10686849541359071,0,0,1,UNSTABLE,3.975123279395354e-16,2.4337632454626677e-16,1
B3_D1_Original,B3,1,Original,full-grid,292,4,23,57,1.0035836961646898,0.99792949132366837,-0.1063812274513927,0,0,1,UNSTABLE,3.1859024856171411e-16,2.4337632454763643e-16,1
B3_D1_Original,B3,1,Original,full-grid,293,4,24,58,1.0033293912231755,0.99772376168470256,-0.10591110735893042,0,0,1,UNSTABLE,2.9875311091716731e-16,2.4337632454662935e-16,1
B3_D1_Original,B3,1,Original,full-grid,294,4,25,59,1.0030346785087894,0.99747507645604394,-0.10546107405218273,0,0,1,UNSTABLE,2.7855788531645902e-16,2.4337632454763639e-16,1
B3_D1_Original,B3,1,Original,full-grid,295,4,26,60,1.0027015897057083,0.99718522599566728,-0.10503381862202625,0,0,1,UNSTABLE,2.6911205882622795e-16,2.4337632454626668e-16,1
B3_D1_Original,B3,1,Original,full-grid,296,4,27,61,1.0023320034382071,0.99685586643927682,-0.10463186255653049,0,0,1,UNSTABLE,4.496294861501638e-16,2.4337632454763643e-16,1
B3_D1_Original,B3,1,Original,full-grid,297,4,28,62,1.0019276270689246,0.99648849179241239,-0.10425764053175639,0,0,1,UNSTABLE,3.8291990066744627e-16,2.4337632454662935e-16,1
B3_D1_Original,B3,1,Original,full-grid,298,4,29,63,1.0014899896418998,0.99608441680388915,-0.10391358887743467,0,0,1,UNSTABLE,3.0825231521208615e-16,2.4337632454763648e-16,1
B3_D1_Original,B3,1,Original,full-grid,299,4,30,64,1.0010204456647218,0.99564477001167617,-0.10360224219192882,0,0,1,UNSTABLE,3.7677356428450839e-16,2.4337632454626673e-16,1
B3_D1_Original,B3,1,Original,full-grid,300,4,31,65,1.0007406000242747,1.0006047993619105,-0.016485873675844989,0,0,1,UNSTABLE,2.9920474015318411e-16,2.4337632454763639e-16,1
B3_D1_Original,B3,1,Original,full-grid,301,4,32,66,1.0007887568724134,1.0006532135774435,-0.016470641741167018,0,0,1,UNSTABLE,5.2854168584542617e-16,2.4337632454662926e-16,1
B3_D1_Original,B3,1,Original,full-grid,302,4,33,67,1.0008366081312969,1.0007013337484403,-0.016454689600603964,0,0,1,UNSTABLE,2.8144776908881736e-16,2.4337632454763639e-16,1
B3_D1_Original,B3,1,Original,full-grid,303,4,34,68,1.0008841392204466,1.0007491451335824,-0.016438024743218121,0,0,1,UNSTABLE,5.2999822423207887e-16,2.4337632454626673e-16,1
B3_D1_Original,B3,1,Original,full-grid,304,4,35,69,1.0009313357834313,1.0007966332075271,-0.016420655092973763,0,0,1,UNSTABLE,6.3486265000020445e-16,2.4337632454763643e-16,1
B3_D1_Original,B3,1,Original,full-grid,305,4,36,70,1.0009781837057483,1.0008437836789876,-0.016402589002552922,0,0,1,UNSTABLE,6.2453843123915018e-16,2.433763245466294e-16,1
B3_D1_Original,B3,1,Original,full-grid,306,4,37,71,1.0010246691325591,1.0008905825086807,-0.016383835246458419,0,0,1,UNSTABLE,3.6566570096532368e-16,2.4337632454763643e-16,1
B3_D1_Original,B3,1,Original,full-grid,307,4,38,72,1.001070778486326,1.0009370159272013,-0.016364403012877587,0,0,1,UNSTABLE,3.4451138548377891e-16,2.4337632454626677e-16,1
B3_D1_Original,B3,1,Original,full-grid,308,4,39,73,1.0011164984840688,1.0009830704525333,-0.016344301894573129,0,0,1,UNSTABLE,2.1627565484556715e-16,2.4337632454763643e-16,1
B3_D1_Original,B3,1,Original,full-grid,309,4,40,74,1.0011618161543967,1.0010287329073551,-0.016323541878680459,0,0,1,UNSTABLE,2.9599455777975529e-16,2.4337632454662935e-16,1
B3_D1_Original,B3,1,Original,full-grid,310,4,41,75,1.0012067188539686,1.0010739904357906,-0.016302133335623099,0,0,1,UNSTABLE,2.9442890885628617e-16,2.4337632454763639e-16,1
B3_D1_Original,B3,1,Original,full-grid,311,4,42,76,1.0012511942836073,1.0011188305198346,-0.016280087006784009,0,0,1,UNSTABLE,3.5980370093334524e-16,2.4337632454626668e-16,1
B3_D1_Original,B3,1,Original,full-grid,312,4,43,77,1.0012952305037299,1.0011632409951068,-0.016257413991501272,0,0,1,UNSTABLE,2.8627289854434538e-16,2.4337632454763643e-16,1
B3_D1_Original,B3,1,Original,full-grid,313,4,44,78,1.0013388159491696,1.0012072100660165,-0.016234125732803469,0,0,1,UNSTABLE,3.5260654430829368e-16,2.4337632454662935e-16,1
B3_D1_Original,B3,1,Original,full-grid,314,4,45,79,1.0013819394432508,1.0012507263201933,-0.016210234002374934,0,0,1,UNSTABLE,2.2891414084340112e-16,2.4337632454763648e-16,1
B3_D1_Original,B3,1,Original,full-grid,315,4,46,80,1.0014245902110779,1.0012937787421441,-0.016185750884769281,0,0,1,UNSTABLE,1.8657237500895935e-16,2.4337632454626673e-16,1
B3_D1_Original,B3,1,Original,full-grid,316,4,47,81,1.0014667578919914,1.0013363567260902,-0.016160688760585913,0,0,1,UNSTABLE,3.2643742649049111e-16,2.4337632454763639e-16,1
B3_D1_Original,B3,1,Original,full-grid,317,4,48,82,1.0015084325510584,1.0013784500878486,-0.016135060289195376,0,0,1,UNSTABLE,3.1368956982030686e-16,2.4337632454662926e-16,1
B3_D1_Original,B3,1,Original,full-grid,318,4,49,83,1.001549604689622,1.0014200490757816,-0.016108878390420651,0,0,1,UNSTABLE,4.4664072901097892e-16,2.4337632454763639e-16,1
B3_D1_Original,B3,1,Original,full-grid,319,4,50,84,1.0015902652548281,1.00146114438073,-0.016082156225942345,0,0,1,UNSTABLE,3.9996268066278186e-16,2.4337632454626673e-16,1
B3_D1_Original,B3,1,Original,full-grid,320,4,51,85,1.0016304056481187,1.0015017271449191,-0.016054907180009952,0,0,1,UNSTABLE,2.0346606082054153e-16,2.4337632454763643e-16,1
B3_D1_Original,B3,1,Original,full-grid,321,4,52,86,1.0016700177325439,1.00154178896969,-0.016027144839541464,0,0,1,UNSTABLE,3.5559778099775517e-16,2.433763245466294e-16,1
B3_D1_Original,B3,1,Original,full-grid,322,4,53,87,1.0017090938390758,1.0015813219222283,-0.015998882974262968,0,0,1,UNSTABLE,2.919273879356273e-16,2.4337632454763643e-16,1
B3_D1_Original,B3,1,Original,full-grid,323,4,54,88,1.0017476267716816,1.0016203185410602,-0.015970135516068691,0,0,1,UNSTABLE,3.038155102179775e-16,2.4337632454626677e-16,1
B3_D1_Original,B3,1,Original,full-grid,324,4,55,89,1.0017856098112718,1.0016587718404175,-0.015940916538521928,0,0,1,UNSTABLE,3.8526893724499567e-16,2.4337632454763643e-16,1
B3_D1_Original,B3,1,Original,full-grid,325,4,56,90,1.0018230367184873,1.0016966753134429,-0.015911240235959294,0,0,1,UNSTABLE,3.8324651612096509e-16,2.4337632454662935e-16,1
B3_D1_Original,B3,1,Original,full-grid,326,4,57,91,1.0018599017353271,1.001734022934228,-0.015881120902728797,0,0,1,UNSTABLE,3.3944949110193511e-16,2.4337632454763639e-16,1
B3_D1_Original,B3,1,Original,full-grid,327,4,58,92,1.0018961995855979,1.0017708091586681,-0.015850572912405447,0,0,1,UNSTABLE,3.157135326631857e-16,2.4337632454626668e-16,1
B3_D1_Original,B3,1,Original,full-grid,328,4,59,93,1.0019319254742562,1.0018070289242056,-0.015819610697053451,0,0,1,UNSTABLE,3.3953362992849267e-16,2.4337632454763643e-16,1
B3_D1_Original,B3,1,Original,full-grid,329,4,60,94,1.001967075085574,1.0018426776483844,-0.015788248726696912,0,0,1,UNSTABLE,4.4029326013167233e-16,2.4337632454662935e-16,1
B3_D1_Original,B3,1,Original,full-grid,330,4,61,95,1.0020016445803044,1.0018777512263937,-0.015756501489194361,0,0,1,UNSTABLE,3.9728347744896808e-16,2.4337632454763648e-16,1
B3_D1_Original,B3,1,Original,full-grid,331,4,62,96,1.002035630591662,1.0019122460274208,-0.015724383470227764,0,0,1,UNSTABLE,3.2881267296880759e-16,2.4337632454626673e-16,1
B3_D1_Original,B3,1,Original,full-grid,332,4,63,97,1.0020690302203898,1.001946158890072,-0.015691909133795211,0,0,1,UNSTABLE,2.1089985836789122e-16,2.4337632454763639e-16,1
B3_D1_Original,B3,1,Original,full-grid,333,4,64,98,1.0021018410287652,1.0019794871167207,-0.015659092903288409,0,0,1,UNSTABLE,4.7986965176695279e-16,2.4337632454662926e-16,1
B3_D1_Original,B3,1,Original,full-grid,334,4,65,99,1.0021340610337366,1.0020122284669748,-0.015625949142881679,0,0,1,UNSTABLE,4.2498766179795009e-16,2.4337632454763639e-16,1
B3_D1_Original,B3,1,Original,full-grid,335,4,66,100,1.002165688699113,1.0020443811501769,-0.015592492139697626,0,0,1,UNSTABLE,1.7828867587142716e-16,2.4337632454626673e-16,1
B3_D1_Original,B3,1,Original,full-grid,336,5,0,35,0.99918360440544296,0.9990460127260562,-0.016581307813958314,1,0,-1,STABLE,4.1636240971298443e-16,1.2044523497416284e-16,1
B3_D1_Original,B3,1,Original,full-grid,337,5,1,36,0.99964448444635667,0.99328315116509835,-0.11259519037487625,1,0,-1,STABLE,4.9656194394838853e-16,2.4337632454626677e-16,1
B3_D1_Original,B3,1,Original,full-grid,338,5,2,37,1.000146380709255,0.99376633408361825,-0.11278854590705766,0,0,1,UNSTABLE,4.4272845107027562e-16,2.4337632454763639e-16,1
B3_D1_Original,B3,1,Original,full-grid,339,5,3,38,1.0006646609188059,0.99427188294908686,-0.11293000659092227,0,0,1,UNSTABLE,2.7958675350908234e-16,2.433763245466294e-16,1
B3_D1_Original,B3,1,Original,full-grid,340,5,4,39,1.0011932252537823,0.99479405418021494,-0.11301621149977814,0,0,1,UNSTABLE,3.9144715018031393e-16,2.4337632454763648e-16,1
B3_D1_Original,B3,1,Original,full-grid,341,5,5,40,1.0017253725427715,0.99532641267411548,-0.11304447898606459,0,0,1,UNSTABLE,3.1849345251061683e-16,2.4337632454626677e-16,1
B3_D1_Original,B3,1,Original,full-grid,342,5,6,41,1.0022539064288623,0.99586191616470532,-0.11301299431780401,0,0,1,UNSTABLE,4.7025621469955371e-16,2.4337632454763643e-16,1
B3_D1_Original,B3,1,Original,full-grid,343,5,7,42,1.0027713032234533,0.99639306341236566,-0.11292098897983673,0,0,1,UNSTABLE,2.5023313981999279e-16,2.4337632454662935e-16,1
B3_D1_Original,B3,1,Original,full-grid,344,5,8,43,1.0032699390817301,0.9969121070293111,-0.11276888544025775,0,0,1,UNSTABLE,2.6156661959355347e-16,2.4337632454763643e-16,1
B3_D1_Original,B3,1,Original,full-grid,345,5,9,44,1.0037423616852468,0.99741131920181747,-0.11255838027249204,0,0,1,UNSTABLE,5.0666602030095185e-16,2.4337632454626673e-16,1
B3_D1_Original,B3,1,Original,full-grid,346,5,10,45,1.0041815798424394,0.99788328587210706,-0.11229244441165337,0,0,1,UNSTABLE,3.9090387811199572e-16,2.4337632454763648e-16,1
B3_D1_Original,B3,1,Original,full-grid,347,5,11,46,1.0045813372519004,0.99832119614001624,-0.11197523160227725,0,0,1,UNSTABLE,3.1712981792460657e-16,2.4337632454662931e-16,1
B3_D1_Original,B3,1,Original,full-grid,348,5,12,47,1.004936336986888,0.99871909202481746,-0.11161190179254341,0,0,1,UNSTABLE,2.0902324013052954e-16,2.4337632454763653e-16,1
B3_D1_Original,B3,1,Original,full-grid,349,5,13,48,1.0052423913768422,0.99907205018448686,-0.11120838080468044,0,0,1,UNSTABLE,2.3182532773045897e-16,2.4337632454626673e-16,1
B3_D1_Original,B3,1,Original,full-grid,350,5,14,49,1.0054964853801667,0.99937627969901044,-0.11077108687213034,0,0,1,UNSTABLE,2.0422299490850638e-16,2.4337632454763643e-16,1
B3_D1_Original,B3,1,Original,full-grid,351,5,15,50,1.0056967560976986,0.99962913460650693,-0.11030665651392033,0,0,1,UNSTABLE,3.6094306655770027e-16,2.4337632454662931e-16,1
B3_D1_Original,B3,1,Original,full-grid,352,5,16,51,1.0058424028076847,0.9998290524265192,-0.10982169735451011,0,0,1,UNSTABLE,3.9118508496993291e-16,2.4337632454763643e-16,1
B3_D1_Original,B3,1,Original,full-grid,353,5,17,52,1.0059335485274055,0.99997543776643272,-0.10932258648956814,0,0,1,UNSTABLE,3.0345433488178894e-16,2.4337632454626677e-16,1
B3_D1_Original,B3,1,Original,full-grid,354,5,18,53,1.0059710754099462,1.0000685126760789,-0.10881532298026445,0,0,1,UNSTABLE,4.4721088267114255e-16,2.4337632454763643e-16,1
B3_D1_Original,B3,1,Original,full-grid,355,5,19,54,1.0059564535694701,1.0001091537117008,-0.10830543449029116,0,0,1,UNSTABLE,2.2929321164828743e-16,2.433763245466294e-16,1
B3_D1_Original,B3,1,Original,full-grid,356,5,20,55,1.0058915780690998,1.0000987314470358,-0.10779793220824609,0,0,1,UNSTABLE,2.4473137440630337e-16,2.4337632454763643e-16,1
B3_D1_Original,B3,1,Original,full-grid,357,5,21,56,1.0057786234842687,1.0000389631215505,-0.10729730516972176,0,0,1,UNSTABLE,3.8138101589885445e-16,2.4337632454626677e-16,1
B3_D1_Original,B3,1,Original,full-grid,358,5,22,57,1.0056199207789909,0.99993178444019459,-0.10680754436739119,0,0,1,UNSTABLE,3.1514799576126874e-16,2.4337632454763643e-16,1
B3_D1_Original,B3,1,Original,full-grid,359,5,23,58,1.005417857715063,0.9997792428541763,-0.10633218783734637,0,0,1,UNSTABLE,2.3843828668878983e-16,2.4337632454662935e-16,1
B3_D1_Original,B3,1,Original,full-grid,360,5,24,59,1.0051748017241173,0.99958341211919888,-0.10587437951297884,0,0,1,UNSTABLE,3.5073727882396464e-16,2.4337632454763643e-16,1
B3_D1_Original,B3,1,Original,full-grid,361,5,25,60,1.004893042939224,0.99934632643894394,-0.10543693651012857,0,0,1,UNSTABLE,4.6519509893381015e-16,2.4337632454626673e-16,1
B3_D1_Original,B3,1,Original,full-grid,362,5,26,61,1.0045747546503998,0.99906993183600434,-0.10502242133046018,0,0,1,UNSTABLE,4.2123905208829048e-16,2.4337632454763648e-16,1
B3_D1_Original,B3,1,Original,full-grid,363,5,27,62,1.0042219685745939,0.99875605232186093,-0.10463321708848043,0,0,1,UNSTABLE,3.8859277255520667e-16,2.4337632454662931e-16,1
B3_D1_Original,B3,1,Original,full-grid,364,5,28,63,1.0038365628356221,0.99840636878188838,-0.10427160524994129,0,0,1,UNSTABLE,4.3620407151297829e-16,2.4337632454763653e-16,1
B3_D1_Original,B3,1,Original,full-grid,365,5,29,64,1.0034202613283163,0.9980224091394283,-0.10393984654461419,0,0,1,UNSTABLE,3.6394562943225027e-16,2.4337632454626673e-16,1
B3_D1_Original,B3,1,Original,full-grid,366,5,30,65,1.0029746441718799,0.99760554928255485,-0.1036402667516865,0,0,1,UNSTABLE,1.6171487571549914e-16,2.4337632454763643e-16,1
B3_D1_Original,B3,1,Original,full-grid,367,5,31,66,1.002501170303213,0.99715702548158314,-0.10337535002133377,0,0,1,UNSTABLE,4.6398858285515507e-16,2.4337632454662931e-16,1
B3_D1_Original,B3,1,Original,full-grid,368,5,32,67,1.0020012150835498,0.99667796074887294,-0.10314784334332079,0,0,1,UNSTABLE,4.0132677058948888e-16,2.4337632454763643e-16,1
B3_D1_Original,B3,1,Original,full-grid,369,5,33,68,1.0014761283879454,0.99616941008981075,-0.10296087670677251,0,0,1,UNSTABLE,1.8647386452028946e-16,2.4337632454626677e-16,1
B3_D1_Original,B3,1,Original,full-grid,370,5,34,69,1.0009273225037096,0.99563243336294927,-0.10281810429208191,0,0,1,UNSTABLE,2.857020232715294e-16,2.4337632454763643e-16,1
B3_D1_Original,B3,1,Original,full-grid,371,5,35,70,1.0009340576293086,1.0007993641148918,-0.01642012513657428,0,0,1,UNSTABLE,3.8445400794132422e-16,2.433763245466294e-16,1
B3_D1_Original,B3,1,Original,full-grid,372,5,36,71,1.0009808818248491,1.0008464913876733,-0.016402025967443605,0,0,1,UNSTABLE,3.5814186164999369e-16,2.4337632454763643e-16,1
B3_D1_Original,B3,1,Original,full-grid,373,5,37,72,1.0010273427792438,1.0008932662578078,-0.016383239955836397,0,0,1,UNSTABLE,3.3568497613397962e-16,2.4337632454626677e-16,1
B3_D1_Original,B3,1,Original,full-grid,374,5,38,73,1.0010734269500066,1.000939674990583,-0.016363776311610744,0,0,1,UNSTABLE,2.3674842298873926e-16,2.4337632454763643e-16,1
B3_D1_Original,B3,1,Original,full-grid,375,5,39,74,1.0011191210899686,1.0009857041394699,-0.016343644647405953,0,0,1,UNSTABLE,4.0633281037973553e-16,2.4337632454662935e-16,1
B3_D1_Original,B3,1,Original,full-grid,376,5,40,75,1.0011644122641286,1.0010313405632472,-0.016322854968609562,0,0,1,UNSTABLE,4.8333266360035952e-16,2.4337632454763643e-16,1
B3_D1_Original,B3,1,Original,full-grid,377,5,41,76,1.0012092878661432,1.0010765714427832,-0.016301417662024503,0,0,1,UNSTABLE,3.7299815733415588e-16,2.4337632454626673e-16,1
B3_D1_Original,B3,1,Original,full-grid,378,5,42,77,1.0012537356342326,1.0011213842972495,-0.016279343483838568,0,0,1,UNSTABLE,3.2011552892388893e-16,2.4337632454763648e-16,1
B3_D1_Original,B3,1,Original,full-grid,379,5,43,78,1.0012977436665766,1.0011657669998455,-0.016256643546209072,0,0,1,UNSTABLE,4.2633199294932152e-16,2.4337632454662931e-16,1
B3_D1_Original,B3,1,Original,full-grid,380,5,44,79,1.0013413004359737,1.0012097077927988,-0.016233329303183119,0,0,1,UNSTABLE,3.9355487566505088e-16,2.4337632454763653e-16,1
B3_D1_Original,B3,1,Original,full-grid,381,5,45,80,1.0013843948038856,1.0012531953017616,-0.016209412535840226,0,0,1,UNSTABLE,3.4945034972685275e-16,2.4337632454626673e-16,1
B3_D1_Original,B3,1,Original,full-grid,382,5,46,81,1.0014270160335976,1.0012962185493433,-0.016184905336177776,0,0,1,UNSTABLE,1.774411475331608e-16,2.4337632454763643e-16,1
B3_D1_Original,B3,1,Original,full-grid,383,5,47,82,1.0014691538025455,1.0013387669678167,-0.016159820090548203,0,0,1,UNSTABLE,3.0843131997873179e-16,2.4337632454662931e-16,1
B3_D1_Original,B3,1,Original,full-grid,384,5,48,83,1.0015107982137241,1.0013808304109169,-0.016134169462147494,0,0,1,UNSTABLE,2.5714608919713209e-16,2.4337632454763643e-16,1
B3_D1_Original,B3,1,Original,full-grid,385,5,49,84,1.0015519398061943,1.001422399164746,-0.016107966373027256,0,0,1,UNSTABLE,3.1641706525266358e-16,2.4337632454626677e-16,1
B3_D1_Original,B3,1,Original,full-grid,386,5,50,85,1.0015925695644436,1.0014634639575413,-0.016081223985352375,0,0,1,UNSTABLE,5.859131181275152e-16,2.4337632454763643e-16,1
B3_D1_Original,B3,1,Original,full-grid,387,5,51,86,1.0016326789267966,1.0015040159684983,-0.016053955682043569,0,0,1,UNSTABLE,2.2772352468509643e-16,2.433763245466294e-16,1
B3_D1_Original,B3,1,Original,full-grid,388,5,52,87,1.0016722597927092,1.0015440468354782,-0.016026175047274278,0,0,1,UNSTABLE,3.107826639018615e-16,2.4337632454763643e-16,1
B3_D1_Original,B3,1,Original,full-grid,389,5,53,88,1.0017113045288988,1.0015835486615592,-0.015997895846213139,0,0,1,UNSTABLE,4.205931056418003e-16,2.4337632454626677e-16,1
B3_D1_Original,B3,1,Original,full-grid,390,5,54,89,1.0017498059744128,1.0016225140205206,-0.015969132004765716,0,0,1,UNSTABLE,2.8629869124427709e-16,2.4337632454763643e-16,1
B3_D1_Original,B3,1,Original,full-grid,391,5,55,90,1.001787757444472,1.0016609359611048,-0.015939897588998084,0,0,1,UNSTABLE,3.0267453066845304e-16,2.4337632454662935e-16,1
B3_D1_Original,B3,1,Original,full-grid,392,5,56,91,1.0018251527331936,1.0016988080101561,-0.01591020678429618,0,0,1,UNSTABLE,3.863695375483649e-16,2.4337632454763643e-16,1
B3_D1_Original,B3,1,Original,full-grid,393,5,57,92,1.0018619861151397,1.0017361241745775,-0.015880073874755558,0,0,1,UNSTABLE,3.1985616144006212e-16,2.4337632454626673e-16,1
B3_D1_Original,B3,1,Original,full-grid,394,5,58,93,1.001898252345754,1.0017728789421732,-0.015849513222372054,0,0,1,UNSTABLE,2.5376708638031796e-16,2.4337632454763648e-16,1
B3_D1_Original,B3,1,Original,full-grid,395,5,59,94,1.001933946660571,1.0018090672812554,-0.015818539246374132,0,0,1,UNSTABLE,4.2323647048512386e-16,2.4337632454662931e-16,1
B3_D1_Original,B3,1,Original,full-grid,396,5,60,95,1.0019690647734274,1.001844684639243,-0.01578716640288395,0,0,1,UNSTABLE,2.6686399724403962e-16,2.4337632454763653e-16,1
B3_D1_Original,B3,1,Original,full-grid,397,5,61,96,1.0020036028734818,1.0018797269400603,-0.015755409164739807,0,0,1,UNSTABLE,2.5320875893698045e-16,2.4337632454626673e-16,1
B3_D1_Original,B3,1,Original,full-grid,398,5,62,97,1.0021948680949906,0.99586551174173166,-0.11245637447167725,0,0,1,UNSTABLE,4.1526388146694829e-16,2.4337632454763643e-16,1
B3_D1_Original,B3,1,Original,full-grid,399,5,63,98,1.0025752051185541,0.99626727545175153,-0.11228783452562781,0,0,1,UNSTABLE,2.5372963194005613e-16,2.4337632454662931e-16,1
B3_D1_Original,B3,1,Original,full-grid,400,5,64,99,1.0029232441466627,0.99663962780096993,-0.1120914178089038,0,0,1,UNSTABLE,4.4957516748172809e-16,2.4337632454763643e-16,1
B3_D1_Original,B3,1,Original,full-grid,401,5,65,100,1.0032392980175475,0.99698244022859472,-0.11187092098744048,0,0,1,UNSTABLE,3.3308633621505063e-16,2.4337632454626677e-16,1
B3_D1_Original,B3,1,Original,full-grid,402,5,66,101,1.0035238896529826,0.99729584110687952,-0.1116297559576889,0,0,1,UNSTABLE,3.2837474660213088e-16,2.4337632454763643e-16,1
B3_D1_Original,B3,1,Original,full-grid,403,6,0,36,1.0008073017489616,0.99453019991549996,-0.11191486357974402,0,0,1,UNSTABLE,3.7165835582703631e-16,1.204452349741626e-16,1
B3_D1_Original,B3,1,Original,full-grid,404,6,1,37,1.0012942094639747,0.99499191669165976,-0.11216585765884077,0,0,1,UNSTABLE,2.230353733832608e-16,2.4337632454763639e-16,1
B3_D1_Original,B3,1,Original,full-grid,405,6,2,38,1.0018034519720256,0.995481593933631,-0.11236793369295237,0,0,1,UNSTABLE,3.5530283035164393e-16,2.433763245466294e-16,1
B3_D1_Original,B3,1,Original,full-grid,406,6,3,39,1.0023294042105755,0.99599404156242222,-0.11251712632874596,0,0,1,UNSTABLE,3.931697300454794e-16,2.4337632454763643e-16,1
B3_D1_Original,B3,1,Original,full-grid,407,6,4,40,1.0028657540307717,0.99652330870375083,-0.11261001650757931,0,0,1,UNSTABLE,4.0425447658062338e-16,2.4337632454626677e-16,1
B3_D1_Original,B3,1,Original,full-grid,408,6,5,41,1.0034055686501857,0.99706272719151245,-0.11264392235547395,0,0,1,UNSTABLE,2.6325446064583985e-16,2.4337632454763648e-16,1
B3_D1_Original,B3,1,Original,full-grid,409,6,6,42,1.0039414210131843,0.99760501510377209,-0.11261709757303466,0,0,1,UNSTABLE,3.2843207651823106e-16,2.4337632454662935e-16,1
B3_D1_Original,B3,1,Original,full-grid,410,6,7,43,1.0044655813973187,0.9981424485978263,-0.11252891414649374,0,0,1,UNSTABLE,4.7803930026648441e-16,2.4337632454763639e-16,1
B3_D1_Original,B3,1,Original,full-grid,411,6,8,44,1.0049702684011672,0.99866709954125155,-0.11238000117537704,0,0,1,UNSTABLE,3.6280766269373926e-16,2.4337632454626668e-16,1
B3_D1_Original,B3,1,Original,full-grid,412,6,9,45,1.0054479402628063,0.9991711229288649,-0.11217231246520105,0,0,1,UNSTABLE,3.6841080440766062e-16,2.4337632454763648e-16,1
B3_D1_Original,B3,1,Original,full-grid,413,6,10,46,1.0058915960756338,0.99964706550713922,-0.11190910364466088,0,0,1,UNSTABLE,5.0817322776128221e-16,2.4337632454662935e-16,1
B3_D1_Original,B3,1,Original,full-grid,414,6,11,47,1.0062950509102602,1.0000881596269762,-0.11159481377022507,0,0,1,UNSTABLE,2.6245800643153306e-16,2.4337632454763653e-16,1
B3_D1_Original,B3,1,Original,full-grid,415,6,12,48,1.0066531515208224,1.0004885670172499,-0.11123486294581153,0,0,1,UNSTABLE,2.336202283894776e-16,2.4337632454626673e-16,1
B3_D1_Original,B3,1,Original,full-grid,416,6,13,49,1.0069619096960849,1.0008435459964504,-0.11083539153193364,0,0,1,UNSTABLE,3.249057691134339e-16,2.4337632454763643e-16,1
B3_D1_Original,B3,1,Original,full-grid,417,6,14,50,1.0072185451235829,1.0011495297635404,-0.11040297412257108,0,0,1,UNSTABLE,3.9648985531058153e-16,2.4337632454662931e-16,1
B3_D1_Original,B3,1,Original,full-grid,418,6,15,51,1.0074214443596146,1.0014041184153415,-0.10994434126595347,0,0,1,UNSTABLE,2.999005830819768e-16,2.4337632454763639e-16,1
B3_D1_Original,B3,1,Original,full-grid,419,6,16,52,1.0075700533724867,1.0016059992232926,-0.10946613527911564,0,0,1,UNSTABLE,4.2095853128923435e-16,2.4337632454626673e-16,1
B3_D1_Original,B3,1,Original,full-grid,420,6,17,53,1.0076647263898968,1.0017548162975163,-0.1089747164949519,0,0,1,UNSTABLE,5.4817950649292218e-16,2.4337632454763639e-16,1
B3_D1_Original,B3,1,Original,full-grid,421,6,18,54,1.0077065537575653,1.0018510120045925,-0.10847602606715827,0,0,1,UNSTABLE,2.5683003914089549e-16,2.433763245466294e-16,1
B3_D1_Original,B3,1,Original,full-grid,422,6,19,55,1.0076971878462073,1.0018956597805935,-0.10797550326793461,0,0,1,UNSTABLE,3.1637363061729868e-16,2.4337632454763639e-16,1
B3_D1_Original,B3,1,Original,full-grid,423,6,20,56,1.0076386806950601,1.0018903031792783,-0.10747804998331169,0,0,1,UNSTABLE,3.4317720044440947e-16,2.4337632454626677e-16,1
B3_D1_Original,B3,1,Original,full-grid,424,6,21,57,1.0075333416568544,1.0018368107654054,-0.10698803272155673,0,0,1,UNSTABLE,3.600547063177593e-16,2.4337632454763648e-16,1
B3_D1_Original,B3,1,Original,full-grid,425,6,22,58,1.00738361877364,1.0017372518690753,-0.10650931222793303,0,0,1,UNSTABLE,5.3249884483122231e-16,2.4337632454662935e-16,1
B3_D1_Original,B3,1,Original,full-grid,426,6,23,59,1.0071920043405338,1.0015937947442159,-0.10604529191521608,0,0,1,UNSTABLE,2.834752853226508e-16,2.4337632454763639e-16,1
B3_D1_Original,B3,1,Original,full-grid,427,6,24,60,1.0069609630793641,1.0014086263835336,-0.1055989780744358,0,0,1,UNSTABLE,3.5742074726219602e-16,2.4337632454626668e-16,1
B3_D1_Original,B3,1,Original,full-grid,428,6,25,61,1.006692880324809,1.0011838919690408,-0.10517304672958802,0,0,1,UNSTABLE,4.0196552583860477e-16,2.4337632454763648e-16,1
B3_D1_Original,B3,1,Original,full-grid,429,6,26,62,1.0063900273467543,1.0009216514356067,-0.10476991376544319,0,0,1,UNSTABLE,3.3017065474915769e-16,2.4337632454662935e-16,1
B3_D1_Original,B3,1,Original,full-grid,430,6,27,63,1.0060545411500608,1.0006238506611438,-0.10439180646355495,0,0,1,UNSTABLE,4.7484995365869706e-16,2.4337632454763653e-16,1
B3_D1_Original,B3,1,Original,full-grid,431,6,28,64,1.0056884166300011,1.0002923051926109,-0.10404083581080557,0,0,1,UNSTABLE,6.0529288138824866e-16,2.4337632454626673e-16,1
B3_D1_Original,B3,1,Original,full-grid,432,6,29,65,1.0052935097136135,0.99992869506063831,-0.10371906992758827,0,0,1,UNSTABLE,3.0124101741725476e-16,2.4337632454763643e-16,1
B3_D1_Original,B3,1,Original,full-grid,433,6,30,66,1.004871551050676,0.99953457008482427,-0.10342860975734487,0,0,1,UNSTABLE,4.5951897472750171e-16,2.4337632454662931e-16,1
B3_D1_Original,B3,1,Original,full-grid,434,6,31,67,1.0044241709656163,0.99911136615239893,-0.10317166881006104,0,0,1,UNSTABLE,3.3748354481235264e-16,2.4337632454763639e-16,1
B3_D1_Original,B3,1,Original,full-grid,435,6,32,68,1.0039529378435725,0.99866043436019158,-0.10295065929003888,0,0,1,UNSTABLE,3.2043848104184708e-16,2.4337632454626673e-16,1
B3_D1_Original,B3,1,Original,full-grid,436,6,33,69,1.0034594140792952,0.9981830868251792,-0.10276828732891899,0,0,1,UNSTABLE,2.6191939122569188e-16,2.4337632454763639e-16,1
B3_D1_Original,B3,1,Original,full-grid,437,6,34,70,1.0029452364435967,0.99768066568197511,-0.10262766015686507,0,0,1,UNSTABLE,2.4286921122599061e-16,2.433763245466294e-16,1
B3_D1_Original,B3,1,Original,full-grid,438,6,35,71,1.0024122316165989,0.99715464572917079,-0.10253240753684453,0,0,1,UNSTABLE,4.6056065195875732e-16,2.4337632454763639e-16,1
B3_D1_Original,B3,1,Original,full-grid,439,6,36,72,1.0018625832153731,0.99660678695350779,-0.10248681790935822,0,0,1,UNSTABLE,3.5734673331671462e-16,2.4337632454626677e-16,1
B3_D1_Original,B3,1,Original,full-grid,440,6,37,73,1.0012990744358956,0.99603936144369509,-0.10249598490193436,0,0,1,UNSTABLE,4.7530410075895874e-16,2.4337632454763648e-16,1
B3_D1_Original,B3,1,Original,full-grid,441,6,38,74,1.0010760764097351,1.0009423350629714,-0.016363148798333421,0,0,1,UNSTABLE,4.4901261449197614e-16,2.4337632454662935e-16,1
B3_D1_Original,B3,1,Original,full-grid,442,6,39,75,1.0011217446660323,1.000988338809524,-0.016342986584778292,0,0,1,UNSTABLE,3.5786293419625366e-16,2.4337632454763639e-16,1
B3_D1_Original,B3,1,Original,full-grid,443,6,40,76,1.0011670093185681,1.0010339491767799,-0.016322167240470378,0,0,1,UNSTABLE,2.8862440287694071e-16,2.4337632454626668e-16,1
B3_D1_Original,B3,1,Original,full-grid,444,6,41,77,1.0012118577979945,1.0010791533823493,-0.016300701168677184,0,0,1,UNSTABLE,3.9349802144401028e-16,2.4337632454763648e-16,1
B3_D1_Original,B3,1,Original,full-grid,445,6,42,78,1.0012562778799856,1.0011239389826383,-0.016278599140272045,0,0,1,UNSTABLE,5.6545226459359043e-16,2.4337632454662935e-16,1
B3_D1_Original,B3,1,Original,full-grid,446,6,43,79,1.0013002577004597,1.0011682938884046,-0.016255872280146536,0,0,1,UNSTABLE,3.0991791415695238e-16,2.4337632454763653e-16,1
B3_D1_Original,B3,1,Original,full-grid,447,6,44,80,1.0013437857702676,1.0012122063797779,-0.016232532053520262,0,0,1,UNSTABLE,3.7711672965635104e-16,2.4337632454626673e-16,1
B3_D1_Original,B3,1,Original,full-grid,448,6,45,81,1.0013868509890014,1.0012556651204312,-0.01620859025059599,0,0,1,UNSTABLE,5.2894817245684318e-16,2.4337632454763643e-16,1
B3_D1_Original,B3,1,Original,full-grid,449,6,46,82,1.0014294426581301,1.0012986591710786,-0.016184058970881331,0,0,1,UNSTABLE,2.2764713148969774e-16,2.4337632454662931e-16,1
B3_D1_Original,B3,1,Original,full-grid,450,6,47,83,1.0014715504932143,1.0013411780020747,-0.016158950606400206,0,0,1,UNSTABLE,3.3721755339653e-16,2.4337632454763639e-16,1
B3_D1_Original,B3,1,Original,full-grid,451,6,48,84,1.0015131646352184,1.0013832115051144,-0.016133277824204411,0,0,1,UNSTABLE,4.4700863191658282e-16,2.4337632454626673e-16,1
B3_D1_Original,B3,1,Original,full-grid,452,6,49,85,1.0015542756608926,1.0014247500040132,-0.016107053548518487,0,0,1,UNSTABLE,4.9780205716133476e-16,2.4337632454763639e-16,1
B3_D1_Original,B3,1,Original,full-grid,453,6,50,86,1.0015948745920633,1.0014657842644035,-0.016080290941845675,0,0,1,UNSTABLE,2.9204914330075396e-16,2.433763245466294e-16,1
B3_D1_Original,B3,1,Original,full-grid,454,6,51,87,1.0016349529039845,1.0015063055024962,-0.016053003385910498,0,0,1,UNSTABLE,3.2194656998764744e-16,2.4337632454763639e-16,1
B3_D1_Original,B3,1,Original,full-grid,455,6,52,88,1.0016745025324829,1.0015463053926417,-0.016025204461923421,0,0,1,UNSTABLE,3.020364366604378e-16,2.4337632454626677e-16,1
B3_D1_Original,B3,1,Original,full-grid,456,6,53,89,1.001713515880031,1.0015857760738187,-0.015996907930571947,0,0,1,UNSTABLE,2.7407909442429964e-16,2.4337632454763648e-16,1
B3_D1_Original,B3,1,Original,full-grid,457,6,54,90,1.0017519858207662,1.0016247101550713,-0.015968127711731325,0,0,1,UNSTABLE,2.8160730236778977e-16,2.4337632454662935e-16,1
B3_D1_Original,B3,1,Original,full-grid,458,6,55,91,1.0017899057041904,1.0016631007196237,-0.015938877863868939,0,0,1,UNSTABLE,3.5456088703322432e-16,2.4337632454763639e-16,1
B3_D1_Original,B3,1,Original,full-grid,459,6,56,92,1.001827269357914,1.0017009413280393,-0.015909172563472487,0,0,1,UNSTABLE,3.2015788037470819e-16,2.4337632454626668e-16,1
B3_D1_Original,B3,1,Original,full-grid,460,6,57,93,1.0018640710890381,1.0017382260200094,-0.01587902608428618,0,0,1,UNSTABLE,3.4267895508643487e-16,2.4337632454763648e-16,1
B3_D1_Original,B3,1,Original,full-grid,461,6,58,94,1.0019003056846274,1.0017749493152315,-0.015848452776697702,0,0,1,UNSTABLE,4.5628513617046581e-16,2.4337632454662935e-16,1
B3_D1_Original,B3,1,Original,full-grid,462,6,59,95,1.0023375184661345,0.99606839675636294,-0.11192966500466725,0,0,1,UNSTABLE,3.0621010654759721e-16,2.4337632454763653e-16,1
B3_D1_Original,B3,1,Original,full-grid,463,6,60,96,1.0027974808461912,0.99653397101396202,-0.1119054610222916,0,0,1,UNSTABLE,4.8112879207060547e-16,2.4337632454626673e-16,1
B3_D1_Original,B3,1,Original,full-grid,464,6,61,97,1.0032292866447743,0.99697599931617575,-0.11183853704915765,0,0,1,UNSTABLE,3.4334648283297724e-16,2.4337632454763643e-16,1
B3_D1_Original,B3,1,Original,full-grid,465,6,62,98,1.0036316809585741,0.99739262881141544,-0.11173403696451367,0,0,1,UNSTABLE,3.6521563784421713e-16,2.4337632454662931e-16,1
B3_D1_Original,B3,1,Original,full-grid,466,6,63,99,1.0040039816581068,0.99778263198459394,-0.11159665987487262,0,0,1,UNSTABLE,2.9007350964365048e-16,2.4337632454763639e-16,1
B3_D1_Original,B3,1,Original,full-grid,467,6,64,100,1.0043459486210498,0.99814527476609183,-0.11143067339668634,0,0,1,UNSTABLE,4.4414315454607916e-16,2.4337632454626673e-16,1
B3_D1_Original,B3,1,Original,full-grid,468,6,65,101,1.0046576783416186,0.99848020889617595,-0.11123993479600663,0,0,1,UNSTABLE,3.1029377267673445e-16,2.4337632454763639e-16,1
B3_D1_Original,B3,1,Original,full-grid,469,6,66,102,1.0049395188945756,0.99878738392421351,-0.11102791698436568,0,0,1,UNSTABLE,1.8904226763707656e-16,2.433763245466294e-16,1
B3_D1_Original,B3,1,Original,full-grid,470,7,0,37,1.0023569037426732,0.99616257194912627,-0.11126316878599254,0,0,1,UNSTABLE,3.4580471260828561e-16,1.2044523497416282e-16,1
B3_D1_Original,B3,1,Original,full-grid,471,7,1,38,1.0028509817877911,0.99663081069956161,-0.1115218312128665,0,0,1,UNSTABLE,2.7872784050700227e-16,2.433763245466295e-16,1
B3_D1_Original,B3,1,Original,full-grid,472,7,2,39,1.0033676178680098,0.99712729378210718,-0.11173064298076742,0,0,1,UNSTABLE,4.241035777118005e-16,2.4337632454763658e-16,1
B3_D1_Original,B3,1,Original,full-grid,473,7,3,40,1.0039009984442828,0.99764664539527459,-0.11188559160581446,0,0,1,UNSTABLE,4.3282744569232242e-16,2.4337632454626677e-16,1
B3_D1_Original,B3,1,Original,full-grid,474,7,4,41,1.0044446029514507,0.99818270344189319,-0.11198326190878131,0,0,1,UNSTABLE,4.0306472419405525e-16,2.4337632454763648e-16,1
B3_D1_Original,B3,1,Original,full-grid,475,7,5,42,1.0049912879301088,0.99872857965528727,-0.11202103818100921,0,0,1,UNSTABLE,3.8906559727112816e-16,2.4337632454662935e-16,1
B3_D1_Original,B3,1,Original,full-grid,476,7,6,43,1.005533435184254,0.99927678465448833,-0.11199730766421986,0,0,1,UNSTABLE,4.4401941190965128e-16,2.4337632454763643e-16,1
B3_D1_Original,B3,1,Original,full-grid,477,7,7,44,1.006063166379916,0.99981942350206521,-0.11191163985207474,0,0,1,UNSTABLE,3.8312565235542459e-16,2.4337632454626668e-16,1
B3_D1_Original,B3,1,Original,full-grid,478,7,8,45,1.0065726142806206,1.0003484553668793,-0.11176491249413503,0,0,1,UNSTABLE,3.5722386792374044e-16,2.4337632454763648e-16,1
B3_D1_Original,B3,1,Original,full-grid,479,7,9,46,1.0070542275440564,1.0008559970518944,-0.11155935809968751,0,0,1,UNSTABLE,4.441115091396722e-16,2.4337632454662935e-16,1
B3_D1_Original,B3,1,Original,full-grid,480,7,10,47,1.0075010757547178,1.0013346384776984,-0.1112985149570767,0,0,1,UNSTABLE,3.2392346855837766e-16,2.4337632454763653e-16,1
B3_D1_Original,B3,1,Original,full-grid,481,7,11,48,1.0079071179414298,1.0017777328198618,-0.11098708223616369,0,0,1,UNSTABLE,4.5531891688835124e-16,2.4337632454626673e-16,1
B3_D1_Original,B3,1,Original,full-grid,482,7,12,49,1.0082674029163052,1.0021796271298178,-0.11063069533149651,0,0,1,UNSTABLE,3.7084165371979005e-16,2.4337632454763643e-16,1
B3_D1_Original,B3,1,Original,full-grid,483,7,13,50,1.0085781819840991,1.0025358101173945,-0.11023565034329781,0,0,1,UNSTABLE,3.3570740951822624e-16,2.4337632454662931e-16,1
B3_D1_Original,B3,1,Original,full-grid,484,7,14,51,1.0088369300376119,1.0028429688195954,-0.10980861212497543,0,0,1,UNSTABLE,4.380378504522056e-16,2.4337632454763643e-16,1
B3_D1_Original,B3,1,Original,full-grid,485,7,15,52,1.009042285233529,1.0030989605766316,-0.10935633808510362,0,0,1,UNSTABLE,2.3504881288668829e-16,2.4337632454626673e-16,1
B3_D1_Original,B3,1,Original,full-grid,486,7,16,53,1.0091939270032992,1.0033027174467075,-0.10888544193046575,0,0,1,UNSTABLE,4.5746218579447655e-16,2.4337632454763648e-16,1
B3_D1_Original,B3,1,Original,full-grid,487,7,17,54,1.0092924159319245,1.0034541053284305,-0.10840221103473956,0,0,1,UNSTABLE,4.0845068200712714e-16,2.4337632454662935e-16,1
B3_D1_Original,B3,1,Original,full-grid,488,7,18,55,1.0093390178253816,1.00355376005328,-0.10791248114851959,0,0,1,UNSTABLE,4.5428514708214365e-16,2.4337632454763648e-16,1
B3_D1_Original,B3,1,Original,full-grid,489,7,19,56,1.0093355299251641,1.0036029191977076,-0.10742156462811141,0,0,1,UNSTABLE,4.1326010925589755e-16,2.4337632454626677e-16,1
B3_D1_Original,B3,1,Original,full-grid,490,7,20,57,1.0092841216584476,1.0036032632460259,-0.10693422386585201,0,0,1,UNSTABLE,3.9510111178644341e-16,2.4337632454763648e-16,1
B3_D1_Original,B3,1,Original,full-grid,491,7,21,58,1.0091871969909203,1.003556774532949,-0.106454679838015,0,0,1,UNSTABLE,5.3450587772109388e-16,2.4337632454662935e-16,1
B3_D1_Original,B3,1,Original,full-grid,492,7,22,59,1.009047281175447,1.0034656180172377,-0.10598664587977427,0,0,1,UNSTABLE,2.3879111117396547e-16,2.4337632454763643e-16,1
B3_D1_Original,B3,1,Original,full-grid,493,7,23,60,1.0088669317131878,1.0033320447406697,-0.10553337813643907,0,0,1,UNSTABLE,3.3817568508314835e-16,2.4337632454626668e-16,1
B3_D1_Original,B3,1,Original,full-grid,494,7,24,61,1.008648671566988,1.0031583167919931,-0.10509773596469561,0,0,1,UNSTABLE,3.6943252604617748e-16,2.4337632454763648e-16,1
B3_D1_Original,B3,1,Original,full-grid,495,7,25,62,1.0083949418375935,1.0029466515210137,-0.10468224742729933,0,0,1,UNSTABLE,2.4815678060317119e-16,2.4337632454662935e-16,1
B3_D1_Original,B3,1,Original,full-grid,496,7,26,63,1.0081080709535137,1.0026991823793732,-0.10428917670281682,0,0,1,UNSTABLE,2.9684809497709363e-16,2.4337632454763653e-16,1
B3_D1_Original,B3,1,Original,full-grid,497,7,27,64,1.0077902576980904,1.0024179338720378,-0.10392059162118922,0,0,1,UNSTABLE,3.9578459488451535e-16,2.4337632454626673e-16,1
B3_D1_Original,B3,1,Original,full-grid,498,7,28,65,1.0074435659339418,1.0021048085154276,-0.103578430630875,0,0,1,UNSTABLE,2.654380649321361e-16,2.4337632454763639e-16,1
B3_D1_Original,B3,1,Original,full-grid,499,7,29,66,1.0070699295848502,1.0017615843070682,-0.10326456933831343,0,0,1,UNSTABLE,2.3964063043368173e-16,2.4337632454662931e-16,1
B3_D1_Original,B3,1,Original,full-grid,500,7,30,67,1.0066711672568878,1.0013899219680016,-0.10298088738821765,0,0,1,UNSTABLE,4.6093927779250566e-16,2.4337632454763643e-16,1
B3_D1_Original,B3,1,Original,full-grid,501,7,31,68,1.0062490068371339,1.0009913821299132,-0.10272933691192809,0,0,1,UNSTABLE,2.833775862049039e-16,2.4337632454626673e-16,1
B3_D1_Original,B3,1,Original,full-grid,502,7,32,69,1.0058051215573525,1.0005674537580398,-0.10251201408202429,0,0,1,UNSTABLE,2.2016227748237674e-16,2.4337632454763648e-16,1
B3_D1_Original,B3,1,Original,full-grid,503,7,33,70,1.005341180457384,1.0001195965363312,-0.10233123544378885,0,0,1,UNSTABLE,4.0920523037457647e-16,2.4337632454662935e-16,1
B3_D1_Original,B3,1,Original,full-grid,504,7,34,71,1.0048589180849841,0.99964930185925993,-0.10218962054543067,0,0,1,UNSTABLE,6.1633583961058723e-16,2.4337632454763648e-16,1
B3_D1_Original,B3,1,Original,full-grid,505,7,35,72,1.0043602308291517,0.99915817970362675,-0.1020901817146101,0,0,1,UNSTABLE,3.7814461881716916e-16,2.4337632454626677e-16,1
B3_D1_Original,B3,1,Original,full-grid,506,7,36,73,1.0038473107338828,0.99864808227635604,-0.10203642013225066,0,0,1,UNSTABLE,2.5468271013218901e-16,2.4337632454763648e-16,1
B3_D1_Original,B3,1,Original,full-grid,507,7,37,74,1.0033228321414949,0.99812128021155022,-0.10203242369603067,0,0,1,UNSTABLE,2.9347632397976309e-16,2.4337632454662935e-16,1
B3_D1_Original,B3,1,Original,full-grid,508,7,38,75,1.0027902118912715,0.99758071322507957,-0.10208295482735019,0,0,1,UNSTABLE,4.0742311798635538e-16,2.4337632454763643e-16,1
B3_D1_Original,B3,1,Original,full-grid,509,7,39,76,1.0022539688287313,0.99703034361854459,-0.10219350241982375,0,0,1,UNSTABLE,5.6059159498010524e-16,2.4337632454626668e-16,1
B3_D1_Original,B3,1,Original,full-grid,510,7,40,77,1.0017202091965018,0.99647564447727721,-0.10237024702655684,0,0,1,UNSTABLE,4.5998926853229208e-16,2.4337632454763648e-16,1
B3_D1_Original,B3,1,Original,full-grid,511,7,41,78,1.0012144289744844,1.0010817365819129,-0.016299983706867669,0,0,1,UNSTABLE,3.9148553821614222e-16,2.4337632454662935e-16,1
B3_D1_Original,B3,1,Original,full-grid,512,7,42,79,1.0012588213398623,1.0011264948975307,-0.016277853822751164,0,0,1,UNSTABLE,4.913759468018543e-16,2.4337632454763653e-16,1
B3_D1_Original,B3,1,Original,full-grid,513,7,43,80,1.0013027729184145,1.001170821976417,-0.016255100035723596,0,0,1,UNSTABLE,2.0756220087405573e-16,2.4337632454626673e-16,1
B3_D1_Original,B3,1,Original,full-grid,514,7,44,81,1.001346272259005,1.0012147061365695,-0.016231733821990071,0,0,1,UNSTABLE,3.059782394414469e-16,2.4337632454763639e-16,1
B3_D1_Original,B3,1,Original,full-grid,515,7,45,82,1.0013893082994123,1.0012581360797346,-0.016207766981017474,0,0,1,UNSTABLE,2.1266265730020959e-16,2.4337632454662931e-16,1
B3_D1_Original,B3,1,Original,full-grid,516,7,46,83,1.0014318703793259,1.0013011009047719,-0.016183211619658619,0,0,1,UNSTABLE,2.8331319707479182e-16,2.4337632454763643e-16,1
B3_D1_Original,B3,1,Original,full-grid,517,7,47,84,1.0014739482524513,1.0013435901201382,-0.016158080135533607,0,0,1,UNSTABLE,2.535207266809018e-16,2.4337632454626673e-16,1
B3_D1_Original,B3,1,Original,full-grid,518,7,48,85,1.0015155320977267,1.0013855936554927,-0.016132385199634888,0,0,1,UNSTABLE,2.7323431338822032e-16,2.4337632454763648e-16,1
B3_D1_Original,B3,1,Original,full-grid,519,7,49,86,1.00155661252963,1.0014271018724039,-0.016106139738159109,0,0,1,UNSTABLE,3.2997197374619247e-16,2.4337632454662935e-16,1
B3_D1_Original,B3,1,Original,full-grid,520,7,50,87,1.0015971806073516,1.0014681055739252,-0.016079356914050359,0,0,1,UNSTABLE,4.5423107073905252e-16,2.4337632454763648e-16,1
B3_D1_Original,B3,1,Original,full-grid,521,7,51,88,1.0016372278430734,1.0015085960132828,-0.016052050107709756,0,0,1,UNSTABLE,3.0122228781883906e-16,2.4337632454626677e-16,1
B3_D1_Original,B3,1,Original,full-grid,522,7,52,89,1.0016767462089862,1.0015485649013098,-0.016024232897342085,0,0,1,UNSTABLE,3.1704452983037843e-16,2.4337632454763648e-16,1
B3_D1_Original,B3,1,Original,full-grid,523,7,53,90,1.0017157281433506,1.0015880044129206,-0.015995919039134422,0,0,1,UNSTABLE,3.4955815319885019e-16,2.4337632454662935e-16,1
B3_D1_Original,B3,1,Original,full-grid,524,7,54,91,1.0017541665553906,1.0016269071924193,-0.015967122446885959,0,0,1,UNSTABLE,2.8006310749658023e-16,2.4337632454763643e-16,1
B3_D1_Original,B3,1,Original,full-grid,525,7,55,92,1.001792054828903,1.0016652663575285,-0.015937857171432739,0,0,1,UNSTABLE,3.1243358769460156e-16,2.4337632454626668e-16,1
B3_D1_Original,B3,1,Original,full-grid,526,7,56,93,1.0022628386462578,0.99614734331204913,-0.11054984461138335,0,0,1,UNSTABLE,2.6713527245094646e-16,2.4337632454763648e-16,1
B3_D1_Original,B3,1,Original,full-grid,527,7,57,94,1.0027610758357868,0.99662917615394098,-0.11072515725914059,0,0,1,UNSTABLE,3.2024931122349457e-16,2.4337632454662935e-16,1
B3_D1_Original,B3,1,Original,full-grid,528,7,58,95,1.0032459794985797,0.99710435155069144,-0.11083955746365942,0,0,1,UNSTABLE,2.9400684622591405e-16,2.4337632454763653e-16,1
B3_D1_Original,B3,1,Original,full-grid,529,7,59,96,1.0037124424560471,0.99756707390213895,-0.11089905413215954,0,0,1,UNSTABLE,2.6250192206677127e-16,2.4337632454626673e-16,1
B3_D1_Original,B3,1,Original,full-grid,530,7,60,97,1.0041567533317917,0.99801296450237054,-0.11090945832991286,0,0,1,UNSTABLE,3.2425408268373847e-16,2.4337632454763639e-16,1
B3_D1_Original,B3,1,Original,full-grid,531,7,61,98,1.0045763002679775,0.99843877997968755,-0.11087626298162596,0,0,1,UNSTABLE,3.029336878463833e-16,2.4337632454662931e-16,1
B3_D1_Original,B3,1,Original,full-grid,532,7,62,99,1.004969333364552,0.99884218267293046,-0.11080458075534635,0,0,1,UNSTABLE,3.2016917949254046e-16,2.4337632454763643e-16,1
B3_D1_Original,B3,1,Original,full-grid,533,7,63,100,1.0053347745795054,0.99922155411178493,-0.1106991182316014,0,0,1,UNSTABLE,4.4000821936486447e-16,2.4337632454626673e-16,1
B3_D1_Original,B3,1,Original,full-grid,534,7,64,101,1.0056720655030029,0.99957584354826645,-0.11056417289451316,0,0,1,UNSTABLE,3.7883939431958121e-16,2.4337632454763648e-16,1
B3_D1_Original,B3,1,Original,full-grid,535,7,65,102,1.0059810453887348,0.99990444492045927,-0.11040364445850599,0,0,1,UNSTABLE,2.9375482248369948e-16,2.4337632454662935e-16,1
B3_D1_Original,B3,1,Original,full-grid,536,7,66,103,1.0062618534905694,1.000207096967096,-0.11022105500733803,0,0,1,UNSTABLE,4.2580646069720287e-16,2.4337632454763648e-16,1
B3_D1_Original,B3,1,Original,full-grid,537,8,0,38,1.0037806215545202,0.99768934842754264,-0.11041512687401177,0,0,1,UNSTABLE,2.7416157923347206e-16,1.2044523497416284e-16,1
B3_D1_Original,B3,1,Original,full-grid,538,8,1,39,1.0042815426304148,0.99816403674741061,-0.11067959438053522,0,0,1,UNSTABLE,4.6895258101248521e-16,2.4337632454763658e-16,1
B3_D1_Original,B3,1,Original,full-grid,539,8,2,40,1.0048049848675529,0.99866697419298489,-0.11089333736032737,0,0,1,UNSTABLE,2.6544256377395525e-16,2.4337632454626677e-16,1
B3_D1_Original,B3,1,Original,full-grid,540,8,3,41,1.005344956682402,0.99919260252574227,-0.11105235244952914,0,0,1,UNSTABLE,4.0544148532468668e-16,2.4337632454763643e-16,1
B3_D1_Original,B3,1,Original,full-grid,541,8,4,42,1.0058947549902049,0.99973456716250686,-0.11115328756811282,0,0,1,UNSTABLE,3.4426361924867634e-16,2.4337632454662935e-16,1
B3_D1_Original,B3,1,Original,full-grid,542,8,5,43,1.0064470683292981,1.0002857959105405,-0.11119365021553661,0,0,1,UNSTABLE,4.8380262980023183e-16,2.4337632454763643e-16,1
B3_D1_Original,B3,1,Original,full-grid,543,8,6,44,1.0069941460277714,1.0008386455195257,-0.11117200982640224,0,0,1,UNSTABLE,3.4708588165958214e-16,2.4337632454626668e-16,1
B3_D1_Original,B3,1,Original,full-grid,544,8,7,45,1.0075280324494393,1.0013851183502236,-0.1110881673183379,0,0,1,UNSTABLE,4.6962966716194437e-16,2.4337632454763648e-16,1
B3_D1_Original,B3,1,Original,full-grid,545,8,8,46,1.0080408526769504,1.0019171388130228,-0.11094326305999427,0,0,1,UNSTABLE,3.7627261611239778e-16,2.4337632454662935e-16,1
B3_D1_Original,B3,1,Original,full-grid,546,8,9,47,1.0085251233251742,1.0024268657595397,-0.11073979944700729,0,0,1,UNSTABLE,4.63309263936117e-16,2.4337632454763653e-16,1
B3_D1_Original,B3,1,Original,full-grid,547,8,10,48,1.0089740536228391,1.002907006869437,-0.11048156613793464,0,0,1,UNSTABLE,4.6566271182668411e-16,2.4337632454626673e-16,1
B3_D1_Original,B3,1,Original,full-grid,548,8,11,49,1.0093818007733957,1.0033510979576401,-0.11017347212347091,0,0,1,UNSTABLE,4.3666153872374666e-16,2.4337632454763643e-16,1
B3_D1_Original,B3,1,Original,full-grid,549,8,12,50,1.0097436507816486,1.0037537154836911,-0.10982130461134183,0,0,1,UNSTABLE,3.6359809973462254e-16,2.4337632454662931e-16,1
B3_D1_Original,B3,1,Original,full-grid,550,8,13,51,1.0100561092852502,1.0041106027778199,-0.10943144563433428,0,0,1,UNSTABLE,3.2595190638947914e-16,2.4337632454763639e-16,1
B3_D1_Original,B3,1,Original,full-grid,551,8,14,52,1.0103169023011014,1.0044187057054796,-0.109010580698493,0,0,1,UNSTABLE,5.5614488278925105e-16,2.4337632454626673e-16,1
B3_D1_Original,B3,1,Original,full-grid,552,8,15,53,1.0105248998911511,1.0046761272867211,-0.10856542985765237,0,0,1,UNSTABLE,3.1383821683160216e-16,2.4337632454763643e-16,1
B3_D1_Original,B3,1,Original,full-grid,553,8,16,54,1.0106799838050797,1.0048820200588495,-0.10810252275817508,0,0,1,UNSTABLE,4.1776236446087582e-16,2.433763245466294e-16,1
B3_D1_Original,B3,1,Original,full-grid,554,8,17,55,1.0107828825632172,1.0050364387028452,-0.10762802870214014,0,0,1,UNSTABLE,2.126215219810136e-16,2.4337632454763643e-16,1
B3_D1_Original,B3,1,Original,full-grid,555,8,18,56,1.0108349953203686,1.0051401744448811,-0.10714764337699337,0,0,1,UNSTABLE,1.9656933152448657e-16,2.4337632454626677e-16,1
B3_D1_Original,B3,1,Original,full-grid,556,8,19,57,1.0108382211019291,1.0051945887378781,-0.1066665271423092,0,0,1,UNSTABLE,2.9714296995820629e-16,2.4337632454763643e-16,1
B3_D1_Original,B3,1,Original,full-grid,557,8,20,58,1.0107948044530317,1.0052014585396205,-0.10618928598998255,0,0,1,UNSTABLE,4.5049553890264127e-16,2.4337632454662935e-16,1
B3_D1_Original,B3,1,Original,full-grid,558,8,21,59,1.0107072034684905,1.0051628404910318,-0.10571998505059213,0,0,1,UNSTABLE,4.0555940589600097e-16,2.4337632454763643e-16,1
B3_D1_Original,B3,1,Original,full-grid,559,8,22,60,1.010577982222419,1.0050809572159896,-0.10526218501687243,0,0,1,UNSTABLE,3.2294599129437716e-16,2.4337632454626668e-16,1
B3_D1_Original,B3,1,Original,full-grid,560,8,23,61,1.0104097269412462,1.0049581060610056,-0.10481899331590828,0,0,1,UNSTABLE,4.1486394414911089e-16,2.4337632454763648e-16,1
B3_D1_Original,B3,1,Original,full-grid,561,8,24,62,1.010204983719819,1.0047965887977932,-0.10439312368483872,0,0,1,UNSTABLE,2.2637571249402953e-16,2.4337632454662935e-16,1
B3_D1_Original,B3,1,Original,full-grid,562,8,25,63,1.0099662149043553,1.0045986599038219,-0.10398695960396054,0,0,1,UNSTABLE,2.5227269263124788e-16,2.4337632454763653e-16,1
B3_D1_Original,B3,1,Original,full-grid,563,8,26,64,1.0096957711890777,1.004366490765765,-0.10360261861540476,0,0,1,UNSTABLE,3.740074128019483e-16,2.4337632454626673e-16,1
B3_D1_Original,B3,1,Original,full-grid,564,8,27,65,1.0093958767708626,1.0041021472982283,-0.10324201583224461,0,0,1,UNSTABLE,3.3055255139680189e-16,2.4337632454763643e-16,1
B3_D1_Original,B3,1,Original,full-grid,565,8,28,66,1.0090686254223626,1.0038075788757981,-0.10290692592476317,0,0,1,UNSTABLE,2.6584144635421275e-16,2.4337632454662926e-16,1
B3_D1_Original,B3,1,Original,full-grid,566,8,29,67,1.0087159859818138,1.0034846170363809,-0.10259904359500772,0,0,1,UNSTABLE,3.6080367302023591e-16,2.4337632454763639e-16,1
B3_D1_Original,B3,1,Original,full-grid,567,8,30,68,1.008339816474132,1.0031349830774561,-0.10232004306722088,0,0,1,UNSTABLE,2.6274128021830263e-16,2.4337632454626673e-16,1
B3_D1_Original,B3,1,Original,full-grid,568,8,31,69,1.0079418868722376,1.0027603044278548,-0.10207163746762635,0,0,1,UNSTABLE,3.7193751907442436e-16,2.4337632454763643e-16,1
B3_D1_Original,B3,1,Original,full-grid,569,8,32,70,1.0075239114117127,1.0023621405646077,-0.10185563916197607,0,0,1,UNSTABLE,2.8134128805679362e-16,2.433763245466294e-16,1
B3_D1_Original,B3,1,Original,full-grid,570,8,33,71,1.0070875924491047,1.0019420203210974,-0.10167402214829432,0,0,1,UNSTABLE,3.8530989048496655e-16,2.4337632454763643e-16,1
B3_D1_Original,B3,1,Original,full-grid,571,8,34,72,1.0066346791935445,1.0015014937953091,-0.10152898739204916,0,0,1,UNSTABLE,2.3104982795436594e-16,2.4337632454626677e-16,1
B3_D1_Original,B3,1,Original,full-grid,572,8,35,73,1.0061670463521923,1.0010422038403421,-0.10142303138619727,0,0,1,UNSTABLE,2.7573918686660871e-16,2.4337632454763643e-16,1
B3_D1_Original,B3,1,Original,full-grid,573,8,36,74,1.0056867999195871,1.0005659844432391,-0.10135901690343897,0,0,1,UNSTABLE,4.4263121020919495e-16,2.4337632454662935e-16,1
B3_D1_Original,B3,1,Original,full-grid,574,8,37,75,1.0051964200529737,1.0000749962742177,-0.10134024232474467,0,0,1,UNSTABLE,2.7915032544883932e-16,2.4337632454763643e-16,1
B3_D1_Original,B3,1,Original,full-grid,575,8,38,76,1.0046989540282574,0.99957191323649441,-0.10137050110465293,0,0,1,UNSTABLE,2.8652256385664132e-16,2.4337632454626668e-16,1
B3_D1_Original,B3,1,Original,full-grid,576,8,39,77,1.0041982748932889,0.99906017736168007,-0.10145411430151917,0,0,1,UNSTABLE,2.0860183458436124e-16,2.4337632454763648e-16,1
B3_D1_Original,B3,1,Original,full-grid,577,8,40,78,1.0036994214857473,0.99854434098211931,-0.10159590436335952,0,0,1,UNSTABLE,2.920783213493391e-16,2.4337632454662935e-16,1
B3_D1_Original,B3,1,Original,full-grid,578,8,41,79,1.0032090280043702,0.99803051010409571,-0.10180105486109606,0,0,1,UNSTABLE,3.597695681793255e-16,2.4337632454763653e-16,1
B3_D1_Original,B3,1,Original,full-grid,579,8,42,80,1.0027358263502701,0.99752688147719548,-0.10207476758112224,0,0,1,UNSTABLE,3.2274758370535374e-16,2.4337632454626673e-16,1
B3_D1_Original,B3,1,Original,full-grid,580,8,43,81,1.0022911454146579,0.99704431078510913,-0.10242159199931361,0,0,1,UNSTABLE,3.5715755169461119e-16,2.4337632454763643e-16,1
B3_D1_Original,B3,1,Original,full-grid,581,8,44,82,1.0018892198359983,0.99659673930261683,-0.10284429024003851,0,0,1,UNSTABLE,3.8540265732078527e-16,2.4337632454662926e-16,1
B3_D1_Original,B3,1,Original,full-grid,582,8,45,83,1.0015469608381133,0.99620113871701355,-0.10334217910895299,0,0,1,UNSTABLE,3.0817445050038283e-16,2.4337632454763639e-16,1
B3_D1_Original,B3,1,Original,full-grid,583,8,46,84,1.0014342994920034,1.0013035440480289,-0.016182363112240368,0,0,1,UNSTABLE,5.7993173892661947e-16,2.4337632454626673e-16,1
B3_D1_Original,B3,1,Original,full-grid,584,8,47,85,1.0014763473688229,1.0013460036134092,-0.016157208504367009,0,0,1,UNSTABLE,3.8592177469799263e-16,2.4337632454763643e-16,1
B3_D1_Original,B3,1,Original,full-grid,585,8,48,86,1.0015179008835613,1.001387977147246,-0.016131491411582981,0,0,1,UNSTABLE,4.5862634719110907e-16,2.433763245466294e-16,1
B3_D1_Original,B3,1,Original,full-grid,586,8,49,87,1.0015589506884415,1.0014294550488767,-0.016105224762224188,0,0,1,UNSTABLE,3.46055477222125e-16,2.4337632454763643e-16,1
B3_D1_Original,B3,1,Original,full-grid,587,8,50,88,1.0015994878800474,1.0014704281588069,-0.016078421719473119,0,0,1,UNSTABLE,4.2659590994298549e-16,2.4337632454626677e-16,1
B3_D1_Original,B3,1,Original,full-grid,588,8,51,89,1.0016395040074897,1.0015108877672798,-0.016051095662442536,0,0,1,UNSTABLE,2.3112108817328041e-16,2.4337632454763643e-16,1
B3_D1_Original,B3,1,Original,full-grid,589,8,52,90,1.0018462430081845,0.99604220541757749,-0.10768388763646433,0,0,1,UNSTABLE,1.9695655479019912e-16,2.4337632454662935e-16,1
B3_D1_Original,B3,1,Original,full-grid,590,8,53,91,1.0022351318067255,0.99638020510591252,-0.10817461024077719,0,0,1,UNSTABLE,5.2519347520500042e-16,2.4337632454763643e-16,1
B3_D1_Original,B3,1,Original,full-grid,591,8,54,92,1.0026642467985447,0.99676626971599136,-0.10859371696631744,0,0,1,UNSTABLE,3.4301580588956345e-16,2.4337632454626668e-16,1
B3_D1_Original,B3,1,Original,full-grid,592,8,55,93,1.0031178759069554,0.9971847350020322,-0.10894070517033087,0,0,1,UNSTABLE,2.3544507513093297e-16,2.4337632454763648e-16,1
B3_D1_Original,B3,1,Original,full-grid,593,8,56,94,1.0035830211757968,0.99762233444340964,-0.10921793905774513,0,0,1,UNSTABLE,4.592403185390007e-16,2.4337632454662935e-16,1
B3_D1_Original,B3,1,Original,full-grid,594,8,57,95,1.0040493064392924,0.99806822983836718,-0.10942951315130788,0,0,1,UNSTABLE,4.3394661024213168e-16,2.4337632454763653e-16,1
B3_D1_Original,B3,1,Original,full-grid,595,8,58,96,1.0045086610104723,0.9985137836435517,-0.10958044496574332,0,0,1,UNSTABLE,2.9167985768706571e-16,2.4337632454626673e-16,1
B3_D1_Original,B3,1,Original,full-grid,596,8,59,97,1.004954943198084,0.99895224230268398,-0.10967613895785938,0,0,1,UNSTABLE,2.8787620129811401e-16,2.4337632454763643e-16,1
B3_D1_Original,B3,1,Original,full-grid,597,8,60,98,1.005383581007574,0.99937841554117923,-0.10972204659964806,0,0,1,UNSTABLE,4.1444504707073558e-16,2.4337632454662926e-16,1
B3_D1_Original,B3,1,Original,full-grid,598,8,61,99,1.0057912587938431,0.99978838697438355,-0.10972345937521284,0,0,1,UNSTABLE,3.4118620854753798e-16,2.4337632454763639e-16,1
B3_D1_Original,B3,1,Original,full-grid,599,8,62,100,1.0061756554379815,1.0001792664436495,-0.10968538905567549,0,0,1,UNSTABLE,3.4424012573642609e-16,2.4337632454626673e-16,1
B3_D1_Original,B3,1,Original,full-grid,600,8,63,101,1.0065352302041568,1.0005489835643027,-0.10961250444441077,0,0,1,UNSTABLE,2.811272640161978e-16,2.4337632454763643e-16,1
B3_D1_Original,B3,1,Original,full-grid,601,8,64,102,1.006869049529693,1.0008961179667877,-0.10950910436964452,0,0,1,UNSTABLE,2.5770027758620246e-16,2.433763245466294e-16,1
B3_D1_Original,B3,1,Original,full-grid,602,8,65,103,1.0071766478092194,1.0012197607780138,-0.10937911372759304,0,0,1,UNSTABLE,1.8691381293901721e-16,2.4337632454763643e-16,1
B3_D1_Original,B3,1,Original,full-grid,603,8,66,104,1.0074579159859887,1.0015194021537042,-0.10922609391769977,0,0,1,UNSTABLE,3.3276633286904397e-16,2.4337632454626677e-16,1
B3_D1_Original,B3,1,Original,full-grid,604,9,0,39,1.0050523756606764,0.99908104664952679,-0.10939533832323771,0,0,1,UNSTABLE,2.6260968577959046e-16,1.2044523497416284e-16,1
B3_D1_Original,B3,1,Original,full-grid,605,9,1,40,1.0055593148948423,0.99956156783555183,-0.10966406830825798,0,0,1,UNSTABLE,3.087233058750664e-16,2.4337632454626677e-16,1
B3_D1_Original,B3,1,Original,full-grid,606,9,2,41,1.0060885367030574,1.0000701144525077,-0.10988134447779352,0,0,1,UNSTABLE,1.6270998239876426e-16,2.4337632454763648e-16,1
B3_D1_Original,B3,1,Original,full-grid,607,9,3,42,1.0066338998085624,1.0006009681519556,-0.11004322231361581,0,0,1,UNSTABLE,4.9652539421479945e-16,2.4337632454662935e-16,1
B3_D1_Original,B3,1,Original,full-grid,608,9,4,43,1.0071885613046081,1.0011476191946003,-0.1101464597880026,0,0,1,UNSTABLE,3.0108688386341961e-16,2.4337632454763648e-16,1
B3_D1_Original,B3,1,Original,full-grid,609,9,5,44,1.0077450980025029,1.0017028636863012,-0.11018872642306732,0,0,1,UNSTABLE,4.4407391297533556e-16,2.4337632454626668e-16,1
B3_D1_Original,B3,1,Original,full-grid,610,9,6,45,1.0082956936456637,1.0022589693058022,-0.11016879898801232,0,0,1,UNSTABLE,3.7986713111413387e-16,2.4337632454763648e-16,1
B3_D1_Original,B3,1,Original,full-grid,611,9,7,46,1.0088323876581342,1.0028079084270267,-0.11008671665657054,0,0,1,UNSTABLE,3.6233974984894707e-16,2.4337632454662931e-16,1
B3_D1_Original,B3,1,Original,full-grid,612,9,8,47,1.0093473685490271,1.003341644812817,-0.10994386831995805,0,0,1,UNSTABLE,3.8767166787393347e-16,2.4337632454763653e-16,1
B3_D1_Original,B3,1,Original,full-grid,613,9,9,48,1.0098332835797315,1.0038524475526602,-0.10974299142977625,0,0,1,UNSTABLE,3.8565894721275408e-16,2.4337632454626673e-16,1
B3_D1_Original,B3,1,Original,full-grid,614,9,10,49,1.0102835296876818,1.0043331976381094,-0.10948807460272282,0,0,1,UNSTABLE,2.9048617435349157e-16,2.4337632454763643e-16,1
B3_D1_Original,B3,1,Original,full-grid,615,9,11,50,1.0106924916363476,1.0047776516234932,-0.10918417214993448,0,0,1,UNSTABLE,3.0631835100140465e-16,2.4337632454662931e-16,1
B3_D1_Original,B3,1,Original,full-grid,616,9,12,51,1.011055702042841,1.005180633878958,-0.10883715316029918,0,0,1,UNSTABLE,3.3066525757130881e-16,2.4337632454763639e-16,1
B3_D1_Original,B3,1,Original,full-grid,617,9,13,52,1.0113699116995007,1.0055381418385974,-0.10845341672274221,0,0,1,UNSTABLE,2.8622169655784186e-16,2.4337632454626677e-16,1
B3_D1_Original,B3,1,Original,full-grid,618,9,14,53,1.0116330732934979,1.0058473633838823,-0.1080396064179264,0,0,1,UNSTABLE,5.6797899322267882e-16,2.4337632454763643e-16,1
B3_D1_Original,B3,1,Original,full-grid,619,9,15,54,1.011844253368829,1.0061066180576814,-0.10760235209352007,0,0,1,UNSTABLE,3.0812291041861272e-16,2.433763245466294e-16,1
B3_D1_Original,B3,1,Original,full-grid,620,9,16,55,1.0120034939758797,1.0063152416289487,-0.10714805777362107,0,0,1,UNSTABLE,3.3002607916857618e-16,2.4337632454763643e-16,1
B3_D1_Original,B3,1,Original,full-grid,621,9,17,56,1.0121116467486748,1.0064734360748107,-0.10668274443450577,0,0,1,UNSTABLE,2.4924977938404606e-16,2.4337632454626677e-16,1
B3_D1_Original,B3,1,Original,full-grid,622,9,18,57,1.0121701994366683,1.0065821053395618,-0.10621194771700679,0,0,1,UNSTABLE,5.0620794564012391e-16,2.4337632454763643e-16,1
B3_D1_Original,B3,1,Original,full-grid,623,9,19,58,1.0121811100506484,1.0066426930040802,-0.10574066467001243,0,0,1,UNSTABLE,4.1947958483066271e-16,2.4337632454662931e-16,1
B3_D1_Original,B3,1,Original,full-grid,624,9,20,59,1.0121466584225016,1.0066570329275519,-0.10527334046820171,0,0,1,UNSTABLE,2.8986620418362255e-16,2.4337632454763643e-16,1
B3_D1_Original,B3,1,Original,full-grid,625,9,21,60,1.0120693202327122,1.0066272191954579,-0.10481388520193062,0,0,1,UNSTABLE,3.6360554472602261e-16,2.4337632454626668e-16,1
B3_D1_Original,B3,1,Original,full-grid,626,9,22,61,1.0119516649458655,1.0065554979458833,-0.10436571152262766,0,0,1,UNSTABLE,4.304750090920318e-16,2.4337632454763648e-16,1
B3_D1_Original,B3,1,Original,full-grid,627,9,23,62,1.0117962766942041,1.006444181020683,-0.10393178542612126,0,0,1,UNSTABLE,2.0029648468530883e-16,2.4337632454662931e-16,1
B3_D1_Original,B3,1,Original,full-grid,628,9,24,63,1.0116056957972797,1.0062955797971136,-0.10351468422542369,0,0,1,UNSTABLE,1.8931999147115806e-16,2.4337632454763653e-16,1
B3_D1_Original,B3,1,Original,full-grid,629,9,25,64,1.0113823780432682,1.006111956776603,-0.10311665746915465,0,0,1,UNSTABLE,3.0786211099196695e-16,2.4337632454626673e-16,1
B3_D1_Original,B3,1,Original,full-grid,630,9,26,65,1.0111286688298791,1.0058954923020766,-0.1027396880277823,0,0,1,UNSTABLE,3.0247766234594667e-16,2.4337632454763639e-16,1
B3_D1_Original,B3,1,Original,full-grid,631,9,27,66,1.0108467895631421,1.0056482639392241,-0.10238555174503783,0,0,1,UNSTABLE,4.6542135254593777e-16,2.4337632454662931e-16,1
B3_D1_Original,B3,1,Original,full-grid,632,9,28,67,1.0105388341953123,1.0053722364413231,-0.10205587494011778,0,0,1,UNSTABLE,3.9597121479400394e-16,2.4337632454763639e-16,1
B3_D1_Original,B3,1,Original,full-grid,633,9,29,68,1.0102067743587313,1.0050692607246576,-0.10175218968976964,0,0,1,UNSTABLE,2.5159105226927807e-16,2.4337632454626677e-16,1
B3_D1_Original,B3,1,Original,full-grid,634,9,30,69,1.0098524721771776,1.0047410808618136,-0.10147598726295513,0,0,1,UNSTABLE,3.6979307991114209e-16,2.4337632454763643e-16,1
B3_D1_Original,B3,1,Original,full-grid,635,9,31,70,1.0094777005006883,1.0043893487384297,-0.10122877036174431,0,0,1,UNSTABLE,2.011760112614905e-16,2.433763245466294e-16,1
B3_D1_Original,B3,1,Original,full-grid,636,9,32,71,1.0090841710318865,1.0040156467295103,-0.10101210496486528,0,0,1,UNSTABLE,2.6500520711925793e-16,2.4337632454763643e-16,1
B3_D1_Original,B3,1,Original,full-grid,637,9,33,72,1.0086735716291613,1.0036215195718081,-0.10082767256811798,0,0,1,UNSTABLE,4.1415106116432161e-16,2.4337632454626677e-16,1
B3_D1_Original,B3,1,Original,full-grid,638,9,34,73,1.0082476150381208,1.0032085175961027,-0.1006773234283109,0,0,1,UNSTABLE,3.6440028590755653e-16,2.4337632454763643e-16,1
B3_D1_Original,B3,1,Original,full-grid,639,9,35,74,1.007808102481476,1.0027782547112074,-0.1005631309459798,0,0,1,UNSTABLE,4.1190246434336949e-16,2.4337632454662931e-16,1
B3_D1_Original,B3,1,Original,full-grid,640,9,36,75,1.0073570069843456,1.0023324860752221,-0.10048744637378276,0,0,1,UNSTABLE,3.2109311918534437e-16,2.4337632454763643e-16,1
B3_D1_Original,B3,1,Original,full-grid,641,9,37,76,1.0068965830394669,1.0018732122956768,-0.10045295128016922,0,0,1,UNSTABLE,3.3207990657307042e-16,2.4337632454626668e-16,1
B3_D1_Original,B3,1,Original,full-grid,642,9,38,77,1.00642951110352,1.0014028192053086,-0.10046270207261018,0,0,1,UNSTABLE,2.5531690345152061e-16,2.4337632454763648e-16,1
B3_D1_Original,B3,1,Original,full-grid,643,9,39,78,1.0059590870147777,1.0009242644090786,-0.10052015551495068,0,0,1,UNSTABLE,3.2644510025316504e-16,2.4337632454662931e-16,1
B3_D1_Original,B3,1,Original,full-grid,644,9,40,79,1.0054894665762042,1.0004413228656199,-0.10062915531091431,0,0,1,UNSTABLE,3.168802547623723e-16,2.4337632454763653e-16,1
B3_D1_Original,B3,1,Original,full-grid,645,9,41,80,1.0050259716897458,0.99995890134502585,-0.10079384600146322,0,0,1,UNSTABLE,4.1691037722803181e-16,2.4337632454626673e-16,1
B3_D1_Original,B3,1,Original,full-grid,646,9,42,81,1.0045754515258825,0.9994834207648533,-0.10101846081097136,0,0,1,UNSTABLE,3.4227246071523187e-16,2.4337632454763639e-16,1
B3_D1_Original,B3,1,Original,full-grid,647,9,43,82,1.0041466617898653,0.99902323745345578,-0.10130690702882246,0,0,1,UNSTABLE,3.3460175400039425e-16,2.4337632454662931e-16,1
B3_D1_Original,B3,1,Original,full-grid,648,9,44,83,1.0037505663726485,0.99858901736651529,-0.10166205727010612,0,0,1,UNSTABLE,5.0885711251722574e-16,2.4337632454763639e-16,1
B3_D1_Original,B3,1,Original,full-grid,649,9,45,84,1.0034003738340056,0.99819388348183313,-0.10208467656645917,0,0,1,UNSTABLE,5.0263365787605165e-16,2.4337632454626677e-16,1
B3_D1_Original,B3,1,Original,full-grid,650,9,46,85,1.0031110215685504,0.99785304596358126,-0.10257202471192625,0,0,1,UNSTABLE,3.9568153397735536e-16,2.4337632454763643e-16,1
B3_D1_Original,B3,1,Original,full-grid,651,9,47,86,1.0028978050360797,0.99758258406516409,-0.10311641632667796,0,0,1,UNSTABLE,3.0451105991809262e-16,2.433763245466294e-16,1
B3_D1_Original,B3,1,Original,full-grid,652,9,48,87,1.0027740748505023,0.99739723982226947,-0.10370434507386496,0,0,1,UNSTABLE,2.6228716700245427e-16,2.4337632454763643e-16,1
B3_D1_Original,B3,1,Original,full-grid,653,9,49,88,1.00274846582951,0.99730760819568265,-0.1043169226848772,0,0,1,UNSTABLE,3.2978063626113782e-16,2.4337632454626677e-16,1
B3_D1_Original,B3,1,Original,full-grid,654,9,50,89,1.002822702316152,0.99731772745928404,-0.10493199119486253,0,0,1,UNSTABLE,2.3893400147197776e-16,2.4337632454763643e-16,1
B3_D1_Original,B3,1,Original,full-grid,655,9,51,90,1.002991041525628,0.99742418456043258,-0.10552736817821405,0,0,1,UNSTABLE,2.3780744618201683e-16,2.4337632454662931e-16,1
B3_D1_Original,B3,1,Original,full-grid,656,9,52,91,1.003241617479689,0.99761712778710598,-0.10608397329034917,0,0,1,UNSTABLE,3.2310466633550933e-16,2.4337632454763643e-16,1
B3_D1_Original,B3,1,Original,full-grid,657,9,53,92,1.0035589493679167,0.99788256780010687,-0.10658773727357986,0,0,1,UNSTABLE,2.8114236702199381e-16,2.4337632454626668e-16,1
B3_D1_Original,B3,1,Original,full-grid,658,9,54,93,1.0039265143302269,0.99820490053016764,-0.10703000856207268,0,0,1,UNSTABLE,2.8759698209832251e-16,2.4337632454763648e-16,1
B3_D1_Original,B3,1,Original,full-grid,659,9,55,94,1.0043286465912056,0.99856887211607526,-0.10740688062015503,0,0,1,UNSTABLE,3.7900236206611951e-16,2.4337632454662931e-16,1
B3_D1_Original,B3,1,Original,full-grid,660,9,56,95,1.0047515879361335,0.99896074660504275,-0.10771805885030368,0,0,1,UNSTABLE,3.4008275196705641e-16,2.4337632454763653e-16,1
B3_D1_Original,B3,1,Original,full-grid,661,9,57,96,1.005183863911268,0.99936880271018524,-0.10796571880554183,0,0,1,UNSTABLE,3.5576451258598733e-16,2.4337632454626673e-16,1
B3_D1_Original,B3,1,Original,full-grid,662,9,58,97,1.0056162477037001,0.99978339835668506,-0.10815356682064209,0,0,1,UNSTABLE,1.9632901829816969e-16,2.4337632454763639e-16,1
B3_D1_Original,B3,1,Original,full-grid,663,9,59,98,1.0060415236740945,1.0001968093219529,-0.10828614860026478,0,0,1,UNSTABLE,2.1984682212005485e-16,2.4337632454662931e-16,1
B3_D1_Original,B3,1,Original,full-grid,664,9,60,99,1.0064541827605236,1.0006029768818359,-0.10836837477493924,0,0,1,UNSTABLE,2.0040890438239953e-16,2.4337632454763639e-16,1
B3_D1_Original,B3,1,Original,full-grid,665,9,61,100,1.0068501187860455,1.0009972386642723,-0.10840521152590422,0,0,1,UNSTABLE,2.7558081324311825e-16,2.4337632454626677e-16,1
B3_D1_Original,B3,1,Original,full-grid,666,9,62,101,1.0072263557232606,1.0013760777301508,-0.10840148805869544,0,0,1,UNSTABLE,5.7650612744591834e-16,2.4337632454763643e-16,1
B3_D1_Original,B3,1,Original,full-grid,667,9,63,102,1.0075808152756169,1.0017369031742485,-0.1083617835324934,0,0,1,UNSTABLE,3.1389291784709222e-16,2.433763245466294e-16,1
B3_D1_Original,B3,1,Original,full-grid,668,9,64,103,1.0079121244400637,1.002077864773975,-0.10829036671520548,0,0,1,UNSTABLE,3.9935773645816911e-16,2.4337632454763643e-16,1
B3_D1_Original,B3,1,Original,full-grid,669,9,65,104,1.0082194588322995,1.0023976994701542,-0.108191169995694,0,0,1,UNSTABLE,2.6876342314068791e-16,2.4337632454626677e-16,1
B3_D1_Original,B3,1,Original,full-grid,670,9,66,105,1.0085024164619012,1.0026956057436958,-0.10806778535612302,0,0,1,UNSTABLE,3.2889891010283998e-16,2.4337632454763643e-16,1
B3_D1_Original,B3,1,Original,full-grid,671,10,0,40,1.0061546005743498,1.0003162075960284,-0.10823384441859621,0,0,1,UNSTABLE,2.3356398808069985e-16,1.204452349741626e-16,1
B3_D1_Original,B3,1,Original,full-grid,672,10,1,41,1.0066664596000294,1.0008016097851136,-0.10850575438741938,0,0,1,UNSTABLE,2.7066178110847275e-16,2.4337632454763648e-16,1
B3_D1_Original,B3,1,Original,full-grid,673,10,2,42,1.0072002391642167,1.0013146601368232,-0.10872567851034015,0,0,1,UNSTABLE,2.9706131674991442e-16,2.4337632454662935e-16,1
B3_D1_Original,B3,1,Original,full-grid,674,10,3,43,1.0077496882044015,1.0018495159290124,-0.10888976769592047,0,0,1,UNSTABLE,2.5041567909080016e-16,2.4337632454763643e-16,1
B3_D1_Original,B3,1,Original,full-grid,675,10,4,44,1.0083078749483427,1.0023995601952487,-0.10899491916238521,0,0,1,UNSTABLE,7.2911911500362025e-16,2.4337632454626673e-16,1
B3_D1_Original,B3,1,Original,full-grid,676,10,5,45,1.0088673240186159,1.0029575155275015,-0.10903898165052833,0,0,1,UNSTABLE,2.0245888996820626e-16,2.4337632454763648e-16,1
B3_D1_Original,B3,1,Original,full-grid,677,10,6,46,1.0094202173869524,1.0035156250905355,-0.10902094050536418,0,0,1,UNSTABLE,3.6336779625579589e-16,2.4337632454662935e-16,1
B3_D1_Original,B3,1,Original,full-grid,678,10,7,47,1.0099586518869703,1.0040658966525811,-0.10894105608353,0,0,1,UNSTABLE,3.8331203388737183e-16,2.4337632454763648e-16,1
B3_D1_Original,B3,1,Original,full-grid,679,10,8,48,1.0104749340605343,1.0046003931454197,-0.10880093040369404,0,0,1,UNSTABLE,2.7214783969580842e-16,2.4337632454626673e-16,1
B3_D1_Original,B3,1,Original,full-grid,680,10,9,49,1.0109618830401257,1.005111542086679,-0.10860348486201896,0,0,1,UNSTABLE,3.1125667947364189e-16,2.4337632454763639e-16,1
B3_D1_Original,B3,1,Original,full-grid,681,10,10,50,1.0114131074379729,1.0055924297998511,-0.10835284503218146,0,0,1,UNSTABLE,3.3835133948182106e-16,2.4337632454662931e-16,1
B3_D1_Original,B3,1,Original,full-grid,682,10,11,51,1.011823224862709,1.0060370472260454,-0.10805414374410428,0,0,1,UNSTABLE,3.1878183686846793e-16,2.4337632454763639e-16,1
B3_D1_Original,B3,1,Original,full-grid,683,10,12,52,1.0121880022351095,1.0064404622662726,-0.10771326650860391,0,0,1,UNSTABLE,2.9444173406825419e-16,2.4337632454626673e-16,1
B3_D1_Original,B3,1,Original,full-grid,684,10,13,53,1.0125044086601132,1.0067989065323679,-0.1073365704752739,0,0,1,UNSTABLE,6.2825242991601349e-16,2.4337632454763643e-16,1
B3_D1_Original,B3,1,Original,full-grid,685,10,14,54,1.0127705862762617,1.0071097782533789,-0.10693060821295605,0,0,1,UNSTABLE,4.3335173149473977e-16,2.433763245466294e-16,1
B3_D1_Original,B3,1,Original,full-grid,686,10,15,55,1.0129857548616144,1.0073715743085794,-0.10650188180313584,0,0,1,UNSTABLE,2.4663765920757554e-16,2.4337632454763643e-16,1
B3_D1_Original,B3,1,Original,full-grid,687,10,16,56,1.013150071333079,1.0075837708990647,-0.10605664365349375,0,0,1,UNSTABLE,3.3085186868695192e-16,2.4337632454626677e-16,1
B3_D1_Original,B3,1,Original,full-grid,688,10,17,57,1.0132644657678331,1.0077466740180858,-0.10560075091237717,0,0,1,UNSTABLE,5.2047306121713339e-16,2.4337632454763643e-16,1
B3_D1_Original,B3,1,Original,full-grid,689,10,18,58,1.013330472555743,1.0078612587599447,-0.10513957247804029,0,0,1,UNSTABLE,3.7929815368137207e-16,2.4337632454662935e-16,1
B3_D1_Original,B3,1,Original,full-grid,690,10,19,59,1.0133500705021183,1.0079290122714804,-0.10467794231874374,0,0,1,UNSTABLE,4.9636292161221052e-16,2.4337632454763639e-16,1
B3_D1_Original,B3,1,Original,full-grid,691,10,20,60,1.0133255406286954,1.0079517903103974,-0.10422015016541911,0,0,1,UNSTABLE,3.757360387069198e-16,2.4337632454626673e-16,1
B3_D1_Original,B3,1,Original,full-grid,692,10,21,61,1.0132593460233328,1.0079316929691857,-0.10376996006505519,0,0,1,UNSTABLE,4.1894419450037198e-16,2.4337632454763648e-16,1
B3_D1_Original,B3,1,Original,full-grid,693,10,22,62,1.0131540347866446,1.0078709616689578,-0.10333064806216677,0,0,1,UNSTABLE,3.0764765838682767e-16,2.4337632454662935e-16,1
B3_D1_Original,B3,1,Original,full-grid,694,10,23,63,1.013012164956651,1.0077718971445533,-0.10290505175077089,0,0,1,UNSTABLE,4.5453215651675491e-16,2.4337632454763648e-16,1
B3_D1_Original,B3,1,Original,full-grid,695,10,24,64,1.012836249088217,1.0076367967142292,-0.10249562612412212,0,0,1,UNSTABLE,5.0829161987487347e-16,2.4337632454626673e-16,1
B3_D1_Original,B3,1,Original,full-grid,696,10,25,65,1.0126287156789064,1.007467908441849,-0.10210450174854019,0,0,1,UNSTABLE,3.3982665506101736e-16,2.4337632454763639e-16,1
B3_D1_Original,B3,1,Original,full-grid,697,10,26,66,1.0123918846280857,1.0072673996313948,-0.10173354265243759,0,0,1,UNSTABLE,4.8351538620668883e-16,2.4337632454662931e-16,1
B3_D1_Original,B3,1,Original,full-grid,698,10,27,67,1.0121279542039521,1.0070373372571586,-0.10138440240534437,0,0,1,UNSTABLE,4.6901305800035105e-16,2.4337632454763639e-16,1
B3_D1_Original,B3,1,Original,full-grid,699,10,28,68,1.0118389974368762,1.0067796782871636,-0.10105857767680115,0,0,1,UNSTABLE,2.2646471261182002e-16,2.4337632454626673e-16,1
B3_D1_Original,B3,1,Original,full-grid,700,10,29,69,1.0115269663755808,1.0064962683144394,-0.10075745914865789,0,0,1,UNSTABLE,3.8949151794479066e-16,2.4337632454763643e-16,1
B3_D1_Original,B3,1,Original,full-grid,701,10,30,70,1.0111937031896667,1.0061888474187839,-0.10048238004989168,0,0,1,UNSTABLE,3.2387991237947661e-16,2.433763245466294e-16,1
B3_D1_Original,B3,1,Original,full-grid,702,10,31,71,1.0108409576662845,1.0058590627235824,-0.10023466282942081,0,0,1,UNSTABLE,5.5224927187331606e-16,2.4337632454763643e-16,1
B3_D1_Original,B3,1,Original,full-grid,703,10,32,72,1.0104704112373775,1.0055084876917384,-0.100015664603641,0,0,1,UNSTABLE,7.6127676859234152e-16,2.4337632454626677e-16,1
B3_D1_Original,B3,1,Original,full-grid,704,10,33,73,1.010083708310842,1.005138648844663,-0.09982682201546636,0,0,1,UNSTABLE,3.4672190166317092e-16,2.4337632454763643e-16,1
B3_D1_Original,B3,1,Original,full-grid,705,10,34,74,1.0096824963992819,1.0047510613250827,-0.099669696002372674,0,0,1,UNSTABLE,5.0376844106369766e-16,2.4337632454662935e-16,1
B3_D1_Original,B3,1,Original,full-grid,706,10,35,75,1.0092684773831542,1.0043472756036667,-0.099546016629508446,0,0,1,UNSTABLE,4.5236115671081863e-16,2.4337632454763639e-16,1
B3_D1_Original,B3,1,Original,full-grid,707,10,36,76,1.0088434732469427,1.0039289386982073,-0.099457727488847639,0,0,1,UNSTABLE,2.1609642052622574e-16,2.4337632454626673e-16,1
B3_D1_Original,B3,1,Original,full-grid,708,10,37,77,1.0084095107962578,1.0034978745617169,-0.099407027993320352,0,0,1,UNSTABLE,3.9065857737351905e-16,2.4337632454763648e-16,1
B3_D1_Original,B3,1,Original,full-grid,709,10,38,78,1.007968931133552,1.0030561897689414,-0.099396409878469427,0,0,1,UNSTABLE,3.9159346451517958e-16,2.4337632454662935e-16,1
B3_D1_Original,B3,1,Original,full-grid,710,10,39,79,1.0075245307987617,1.002606412100487,-0.099428680853430151,0,0,1,UNSTABLE,2.6492318340334005e-16,2.4337632454763648e-16,1
B3_D1_Original,B3,1,Original,full-grid,711,10,40,80,1.0070797418503257,1.0021516705476765,-0.099506962891145273,0,0,1,UNSTABLE,3.9033364933404408e-16,2.4337632454626673e-16,1
B3_D1_Original,B3,1,Original,full-grid,712,10,41,81,1.0066388564298887,1.0016959243925767,-0.099634644224663713,0,0,1,UNSTABLE,2.7991235425518225e-16,2.4337632454763639e-16,1
B3_D1_Original,B3,1,Original,full-grid,713,10,42,82,1.0062072948933178,1.0012442438092743,-0.099815252017527681,0,0,1,UNSTABLE,3.5992777829817402e-16,2.4337632454662931e-16,1
B3_D1_Original,B3,1,Original,full-grid,714,10,43,83,1.0057919008707101,1.0008031303099494,-0.10005219747173323,0,0,1,UNSTABLE,4.5716417696512081e-16,2.4337632454763639e-16,1
B3_D1_Original,B3,1,Original,full-grid,715,10,44,84,1.0054012151848994,1.0003808354421997,-0.10034833120305904,0,0,1,UNSTABLE,3.5909082210268467e-16,2.4337632454626673e-16,1
B3_D1_Original,B3,1,Original,full-grid,716,10,45,85,1.005045627697114,0.99998758343347216,-0.10070524679464406,0,0,1,UNSTABLE,2.8701027030377303e-16,2.4337632454763643e-16,1
B3_D1_Original,B3,1,Original,full-grid,717,10,46,86,1.0047372361872191,0.99963552964034208,-0.10112231040578655,0,0,1,UNSTABLE,3.1329310854664003e-16,2.433763245466294e-16,1
B3_D1_Original,B3,1,Original,full-grid,718,10,47,87,1.0044891876452327,0.9993382213317874,-0.1015955091605875,0,0,1,UNSTABLE,2.1150903339379302e-16,2.4337632454763643e-16,1
B3_D1_Original,B3,1,Original,full-grid,719,10,48,88,1.0043143198371967,0.99910934900142467,-0.10211641282379931,0,0,1,UNSTABLE,2.3278639793584041e-16,2.4337632454626677e-16,1
B3_D1_Original,B3,1,Original,full-grid,720,10,49,89,1.0042231580845102,0.99896079125414605,-0.10267175254234982,0,0,1,UNSTABLE,3.8704128012046852e-16,2.4337632454763643e-16,1
B3_D1_Original,B3,1,Original,full-grid,721,10,50,90,1.0042217440808872,0.99890037613673699,-0.10324412738138844,0,0,1,UNSTABLE,3.9183462932995738e-16,2.4337632454662935e-16,1
B3_D1_Original,B3,1,Original,full-grid,722,10,51,91,1.0043101183777094,0.99893016574071058,-0.10381395787217206,0,0,1,UNSTABLE,2.7791616202461249e-16,2.4337632454763639e-16,1
B3_D1_Original,B3,1,Original,full-grid,723,10,52,92,1.0044821578665162,0.99904601867017084,-0.1043621485570963,0,0,1,UNSTABLE,2.1457949183111483e-16,2.4337632454626673e-16,1
B3_D1_Original,B3,1,Original,full-grid,724,10,53,93,1.0047268322657532,0.99923859243854629,-0.1048725076281095,0,0,1,UNSTABLE,3.9059826464626692e-16,2.4337632454763648e-16,1
B3_D1_Original,B3,1,Original,full-grid,725,10,54,94,1.0050302708631929,0.99949525689920793,-0.10533317040386472,0,0,1,UNSTABLE,3.6190512566651636e-16,2.4337632454662935e-16,1
B3_D1_Original,B3,1,Original,full-grid,726,10,55,95,1.005377831019924,0.99980212934711177,-0.1057368680229743,0,0,1,UNSTABLE,3.6375856408757535e-16,2.4337632454763648e-16,1
B3_D1_Original,B3,1,Original,full-grid,727,10,56,96,1.0057556365346561,1.0001456673582934,-0.10608036805019656,0,0,1,UNSTABLE,7.3385214547633343e-16,2.4337632454626673e-16,1
B3_D1_Original,B3,1,Original,full-grid,728,10,57,97,1.0061514535228604,1.0005136397063816,-0.10636354726903988,0,0,1,UNSTABLE,4.105399158854536e-16,2.4337632454763639e-16,1
B3_D1_Original,B3,1,Original,full-grid,729,10,58,98,1.0065550259081866,1.0008955610838783,-0.10658844207332496,0,0,1,UNSTABLE,2.1166542889441645e-16,2.4337632454662931e-16,1
B3_D1_Original,B3,1,Original,full-grid,730,10,59,99,1.0069580660226805,1.0012827673778659,-0.10675844922187272,0,0,1,UNSTABLE,4.7404844750091909e-16,2.4337632454763639e-16,1
B3_D1_Original,B3,1,Original,full-grid,731,10,60,100,1.0073540669870389,1.0016682926295455,-0.10687772366559382,0,0,1,UNSTABLE,2.9141713519670457e-16,2.4337632454626673e-16,1
B3_D1_Original,B3,1,Original,full-grid,732,10,61,101,1.0077380468654547,1.0020466589859751,-0.10695075649683844,0,0,1,UNSTABLE,2.8715764058222909e-16,2.4337632454763643e-16,1
B3_D1_Original,B3,1,Original,full-grid,733,10,62,102,1.0081062858919181,1.0024136446772787,-0.10698209485522457,0,0,1,UNSTABLE,2.4974406873654336e-16,2.433763245466294e-16,1
B3_D1_Original,B3,1,Original,full-grid,734,10,63,103,1.00845608586308,1.0027660630385447,-0.10697616525404954,0,0,1,UNSTABLE,3.11725232177614e-16,2.4337632454763643e-16,1
B3_D1_Original,B3,1,Original,full-grid,735,10,64,104,1.0087855624415534,1.003101566600654,-0.10693716881344408,0,0,1,UNSTABLE,4.5287176005469417e-16,2.4337632454626677e-16,1
B3_D1_Original,B3,1,Original,full-grid,736,10,65,105,1.0090934717882045,1.0034184801509956,-0.10686902496532001,0,0,1,UNSTABLE,4.1983038075095899e-16,2.4337632454763643e-16,1
B3_D1_Original,B3,1,Original,full-grid,737,10,66,106,1.0093790687662518,1.0037156617926835,-0.10677534703994503,0,0,1,UNSTABLE,2.9533738604349821e-16,2.4337632454662935e-16,1
B3_D1_Original,B3,1,Original,full-grid,738,11,0,41,1.0070785904525605,1.0013821674137611,-0.10696280724454912,0,0,1,UNSTABLE,3.3816716744563353e-16,1.2044523497416284e-16,1
B3_D1_Original,B3,1,Original,full-grid,739,11,1,42,1.0075942155846103,1.0018713814559415,-0.10723729901078943,0,0,1,UNSTABLE,3.363196452782998e-16,2.4337632454662945e-16,1
B3_D1_Original,B3,1,Original,full-grid,740,11,2,43,1.0081313542787997,1.0023877923206739,-0.10745948672170486,0,0,1,UNSTABLE,3.1764809811765723e-16,2.4337632454763653e-16,1
B3_D1_Original,B3,1,Original,full-grid,741,11,3,44,1.0086836896139746,1.0029254747045766,-0.10762563766064595,0,0,1,UNSTABLE,3.547904082949458e-16,2.4337632454626673e-16,1
B3_D1_Original,B3,1,Original,full-grid,742,11,4,45,1.0092442516650635,1.0034777543578874,-0.10773279922022563,0,0,1,UNSTABLE,3.3923974581979501e-16,2.4337632454763648e-16,1
B3_D1_Original,B3,1,Original,full-grid,743,11,5,46,1.0098055669421619,1.0040373353786283,-0.10777899699461431,0,0,1,UNSTABLE,2.7667890219006394e-16,2.4337632454662935e-16,1
B3_D1_Original,B3,1,Original,full-grid,744,11,6,47,1.0103598684224664,1.0045964920293455,-0.10776340715194731,0,0,1,UNSTABLE,3.6255767406801255e-16,2.4337632454763648e-16,1
B3_D1_Original,B3,1,Original,full-grid,745,11,7,48,1.0108993565594975,1.0051473183476007,-0.10768647784672407,0,0,1,UNSTABLE,2.6915437290632105e-16,2.4337632454626673e-16,1
B3_D1_Original,B3,1,Original,full-grid,746,11,8,49,1.0114164906312741,1.0056820173077541,-0.10754997714871067,0,0,1,UNSTABLE,6.9352318358667867e-16,2.4337632454763643e-16,1
B3_D1_Original,B3,1,Original,full-grid,747,11,9,50,1.0119042812068166,1.0061932015485602,-0.10735695358076654,0,0,1,UNSTABLE,4.0608144523029411e-16,2.4337632454662935e-16,1
B3_D1_Original,B3,1,Original,full-grid,748,11,10,51,1.0123565513964212,1.006674172960714,-0.10711160837704409,0,0,1,UNSTABLE,3.0865551780172592e-16,2.4337632454763639e-16,1
B3_D1_Original,B3,1,Original,full-grid,749,11,11,52,1.0127681383738365,1.0071191506198156,-0.10681909267555004,0,0,1,UNSTABLE,3.0821617763199453e-16,2.4337632454626677e-16,1
B3_D1_Original,B3,1,Original,full-grid,750,11,12,53,1.0131350165330435,1.0075234252245089,-0.10648525414011076,0,0,1,UNSTABLE,3.6295247237566108e-16,2.4337632454763643e-16,1
B3_D1_Original,B3,1,Original,full-grid,751,11,13,54,1.0134543366614983,1.0078834307510336,-0.10611636309035477,0,0,1,UNSTABLE,3.7663151411347037e-16,2.4337632454662945e-16,1
B3_D1_Original,B3,1,Original,full-grid,752,11,14,55,1.0137243880312845,1.0081967368580336,-0.10571884731785013,0,0,1,UNSTABLE,3.0113965833815432e-16,2.4337632454763643e-16,1
B3_D1_Original,B3,1,Original,full-grid,753,11,15,56,1.0139444994122944,1.0084619755484785,-0.10529905869146433,0,0,1,UNSTABLE,4.313526206677689e-16,2.4337632454626677e-16,1
B3_D1_Original,B3,1,Original,full-grid,754,11,16,57,1.0141148993916895,1.0086787210907486,-0.10486308591181247,0,0,1,UNSTABLE,2.7194171348022946e-16,2.4337632454763643e-16,1
B3_D1_Original,B3,1,Original,full-grid,755,11,17,58,1.0142365563527844,1.0088473432264169,-0.1044166189232103,0,0,1,UNSTABLE,3.9671115172384743e-16,2.4337632454662935e-16,1
B3_D1_Original,B3,1,Original,full-grid,756,11,18,59,1.0143110153554395,1.0089688513845789,-0.10396486332923416,0,0,1,UNSTABLE,3.5829559454523276e-16,2.4337632454763639e-16,1
B3_D1_Original,B3,1,Original,full-grid,757,11,19,60,1.0143402445687228,1.0090447435142234,-0.10351249846299621,0,0,1,UNSTABLE,4.7197287166922695e-16,2.4337632454626673e-16,1
B3_D1_Original,B3,1,Original,full-grid,758,11,20,61,1.0143264991624692,1.0090768685935854,-0.10306367047876006,0,0,1,UNSTABLE,2.424607902191431e-16,2.4337632454763648e-16,1
B3_D1_Original,B3,1,Original,full-grid,759,11,21,62,1.0142722065006822,1.009067307789993,-0.10262201142648623,0,0,1,UNSTABLE,4.6495460227001673e-16,2.4337632454662935e-16,1
B3_D1_Original,B3,1,Original,full-grid,760,11,22,63,1.014179873448918,1.0090182760646786,-0.1021906760733432,0,0,1,UNSTABLE,3.6090252763681476e-16,2.4337632454763648e-16,1
B3_D1_Original,B3,1,Original,full-grid,761,11,23,64,1.0140520146279273,1.0089320438345784,-0.10177238964836227,0,0,1,UNSTABLE,1.7201625636054679e-16,2.4337632454626673e-16,1
B3_D1_Original,B3,1,Original,full-grid,762,11,24,65,1.0138910993504522,1.0088108770001551,-0.10136950127255313,0,0,1,UNSTABLE,3.9968199710764075e-16,2.4337632454763639e-16,1
B3_D1_Original,B3,1,Original,full-grid,763,11,25,66,1.013699514539409,1.0086569930248155,-0.10098403933083175,0,0,1,UNSTABLE,1.9343082103552876e-16,2.4337632454662935e-16,1
B3_D1_Original,B3,1,Original,full-grid,764,11,26,67,1.0134795409261006,1.0084725306015407,-0.10061776631343262,0,0,1,UNSTABLE,3.3480531710517005e-16,2.4337632454763639e-16,1
B3_D1_Original,B3,1,Original,full-grid,765,11,27,68,1.0132333400912206,1.0082595305921904,-0.10027223166174701,0,0,1,UNSTABLE,3.4383229287882929e-16,2.4337632454626677e-16,1
B3_D1_Original,B3,1,Original,full-grid,766,11,28,69,1.0129629503158299,1.0080199262471905,-0.099948821909812122,0,0,1,UNSTABLE,2.8129241683017021e-16,2.4337632454763643e-16,1
B3_D1_Original,B3,1,Original,full-grid,767,11,29,70,1.0126702896742155,1.007755541122239,-0.099648807952140164,0,0,1,UNSTABLE,2.7374189555999075e-16,2.4337632454662945e-16,1
B3_D1_Original,B3,1,Original,full-grid,768,11,30,71,1.01235716528487,1.0074680935574492,-0.099373389633927098,0,0,1,UNSTABLE,3.1150904913482867e-16,2.4337632454763643e-16,1
B3_D1_Original,B3,1,Original,full-grid,769,11,31,72,1.012025288121964,1.0071592070502193,-0.099123738086885557,0,0,1,UNSTABLE,1.8604849532634518e-16,2.4337632454626677e-16,1
B3_D1_Original,B3,1,Original,full-grid,770,11,32,73,1.0116762932811709,1.0068304263361059,-0.098901036349397536,0,0,1,UNSTABLE,3.1622141482470873e-16,2.4337632454763643e-16,1
B3_D1_Original,B3,1,Original,full-grid,771,11,33,74,1.0113117661057032,1.0064832395053367,-0.098706518825656508,0,0,1,UNSTABLE,3.6312704763298073e-16,2.4337632454662935e-16,1
B3_D1_Original,B3,1,Original,full-grid,772,11,34,75,1.0109332751338727,1.0061191070498703,-0.0985415100456139,0,0,1,UNSTABLE,3.650219981083006e-16,2.4337632454763639e-16,1
B3_D1_Original,B3,1,Original,full-grid,773,11,35,76,1.0105424134580501,1.005739499389426,-0.09840746295646198,0,0,1,UNSTABLE,2.5663561192629239e-16,2.4337632454626673e-16,1
B3_D1_Original,B3,1,Original,full-grid,774,11,36,77,1.0101408508114278,1.0053459451966242,-0.098305996535009474,0,0,1,UNSTABLE,3.6346139946233897e-16,2.4337632454763648e-16,1
B3_D1_Original,B3,1,Original,full-grid,775,11,37,78,1.0097303995360649,1.0049400937557325,-0.098238931740328411,0,0,1,UNSTABLE,4.7103082885244427e-16,2.4337632454662935e-16,1
B3_D1_Original,B3,1,Original,full-grid,776,11,38,79,1.0093130985052088,1.0045237956385917,-0.09820832352719483,0,0,1,UNSTABLE,3.1219154533649593e-16,2.4337632454763648e-16,1
B3_D1_Original,B3,1,Original,full-grid,777,11,39,80,1.0088913199509559,1.0040992070723431,-0.098216484507815102,0,0,1,UNSTABLE,2.3028469092902888e-16,2.4337632454626673e-16,1
B3_D1_Original,B3,1,Original,full-grid,778,11,40,81,1.0084679046656173,1.0036689242331136,-0.098265992435862815,0,0,1,UNSTABLE,2.9826627966949291e-16,2.4337632454763639e-16,1
B3_D1_Original,B3,1,Original,full-grid,779,11,41,82,1.0080463304967122,1.0032361536827721,-0.098359668419957746,0,0,1,UNSTABLE,3.8960008624280179e-16,2.4337632454662935e-16,1
B3_D1_Original,B3,1,Original,full-grid,780,11,42,83,1.0076309160476578,1.0028049229407019,-0.098500505079591738,0,0,1,UNSTABLE,4.6037081772887909e-16,2.4337632454763639e-16,1
B3_D1_Original,B3,1,Original,full-grid,781,11,43,84,1.0072270535471373,1.0023803282873114,-0.098691513616266102,0,0,1,UNSTABLE,4.9438700420983775e-16,2.4337632454626677e-16,1
B3_D1_Original,B3,1,Original,full-grid,782,11,44,85,1.0068414481042005,1.0019688013387511,-0.098935447461210344,0,0,1,UNSTABLE,2.695559895595556e-16,2.4337632454763643e-16,1
B3_D1_Original,B3,1,Original,full-grid,783,11,45,86,1.0064823104217269,1.0015783465867352,-0.099234353126521388,0,0,1,UNSTABLE,3.1690890785013572e-16,2.4337632454662945e-16,1
B3_D1_Original,B3,1,Original,full-grid,784,11,46,87,1.0061594044832949,1.001218655688378,-0.099588908678305527,0,0,1,UNSTABLE,4.2152803121433952e-16,2.4337632454763643e-16,1
B3_D1_Original,B3,1,Original,full-grid,785,11,47,88,1.005883800034894,1.0009009478901012,-0.099997558396871106,0,0,1,UNSTABLE,3.7569768922534519e-16,2.4337632454626677e-16,1
B3_D1_Original,B3,1,Original,full-grid,786,11,48,89,1.0056671562789039,1.0006373516165556,-0.10045556115966364,0,0,1,UNSTABLE,3.7225793763668557e-16,2.4337632454763643e-16,1
B3_D1_Original,B3,1,Original,full-grid,787,11,49,90,1.0055204332693302,1.0004396956085047,-0.10095423306084736,0,0,1,UNSTABLE,3.7971412026300421e-16,2.4337632454662935e-16,1
B3_D1_Original,B3,1,Original,full-grid,788,11,50,91,1.0054521500160847,1.0003177862860497,-0.10148079824156021,0,0,1,UNSTABLE,2.6633696160277604e-16,2.4337632454763639e-16,1
B3_D1_Original,B3,1,Original,full-grid,789,11,51,92,1.0054666364405487,1.0002775810325883,-0.1020192034798572,0,0,1,UNSTABLE,3.4126753358723396e-16,2.4337632454626673e-16,1
B3_D1_Original,B3,1,Original,full-grid,790,11,52,93,1.0055629357413196,1.0003199119680319,-0.10255189640845269,0,0,1,UNSTABLE,4.6606389926563342e-16,2.4337632454763648e-16,1
B3_D1_Original,B3,1,Original,full-grid,791,11,53,94,1.0057348467896432,1.0004402988300756,-0.10306207121815505,0,0,1,UNSTABLE,2.41894356522135e-16,2.4337632454662935e-16,1
B3_D1_Original,B3,1,Original,full-grid,792,11,54,95,1.0059720815791331,1.0006299028588761,-0.10353562875305308,0,0,1,UNSTABLE,4.5844287250630456e-16,2.4337632454763648e-16,1
B3_D1_Original,B3,1,Original,full-grid,793,11,55,96,1.0062620264580162,1.0008771686720068,-0.10396229663921734,0,0,1,UNSTABLE,3.2383498783787353e-16,2.4337632454626673e-16,1
B3_D1_Original,B3,1,Original,full-grid,794,11,56,97,1.0065914758044692,1.0011695345932821,-0.10433581439031379,0,0,1,UNSTABLE,2.9042583082438945e-16,2.4337632454763639e-16,1
B3_D1_Original,B3,1,Original,full-grid,795,11,57,98,1.0069479275146187,1.0014947750405774,-0.10465344854523007,0,0,1,UNSTABLE,3.0614912574600832e-16,2.4337632454662935e-16,1
B3_D1_Original,B3,1,Original,full-grid,796,11,58,99,1.0073203344245585,1.00184183207579,-0.10491520217884992,0,0,1,UNSTABLE,4.4456833322187227e-16,2.4337632454763639e-16,1
B3_D1_Original,B3,1,Original,full-grid,797,11,59,100,1.007699403948727,1.0022011993984576,-0.10512299768800555,0,0,1,UNSTABLE,4.4824284291274834e-16,2.4337632454626677e-16,1
B3_D1_Original,B3,1,Original,full-grid,798,11,60,101,1.008077601013434,1.0025649982463347,-0.10527997889592915,0,0,1,UNSTABLE,2.2216888832557673e-16,2.4337632454763643e-16,1
B3_D1_Original,B3,1,Original,full-grid,799,11,61,102,1.0084489915508432,1.0029268773236941,-0.10538997723529717,0,0,1,UNSTABLE,2.8739494742799339e-16,2.4337632454662945e-16,1
B3_D1_Original,B3,1,Original,full-grid,800,11,62,103,1.0088090207346172,1.0032818315564698,-0.1054571324483678,0,0,1,UNSTABLE,3.2634970773073843e-16,2.4337632454763643e-16,1
B3_D1_Original,B3,1,Original,full-grid,801,11,63,104,1.0091542807199154,1.0036259973093093,-0.10548563798083604,0,0,1,UNSTABLE,3.0777251843641025e-16,2.4337632454626677e-16,1
B3_D1_Original,B3,1,Original,full-grid,802,11,64,105,1.0094822952541549,1.0039564546608917,-0.10547957895408008,0,0,1,UNSTABLE,3.7478531248294298e-16,2.4337632454763643e-16,1
B3_D1_Original,B3,1,Original,full-grid,803,11,65,106,1.0097913321557124,1.0042710505388777,-0.10544283544341448,0,0,1,UNSTABLE,4.9930149643480691e-16,2.4337632454662935e-16,1
B3_D1_Original,B3,1,Original,full-grid,804,11,66,107,1.0100802459187377,1.0045682471506003,-0.10537903022910981,0,0,1,UNSTABLE,5.6322968825884074e-16,2.4337632454763639e-16,1
B3_D1_Original,B3,1,Original,full-grid,805,12,0,42,1.0078234538340338,1.0022743594792427,-0.1056135522953128,0,0,1,UNSTABLE,4.3303424071800166e-16,1.2044523497416284e-16,1
B3_D1_Original,B3,1,Original,full-grid,806,12,1,43,1.0083418004015778,1.0027663730211613,-0.10589045082102794,0,0,1,UNSTABLE,4.0073513270370298e-16,2.4337632454763653e-16,1
B3_D1_Original,B3,1,Original,full-grid,807,12,2,44,1.0088812732842716,1.0032851267420568,-0.10611492845904304,0,0,1,UNSTABLE,3.6938271477311172e-16,2.4337632454626673e-16,1
B3_D1_Original,B3,1,Original,full-grid,808,12,3,45,1.0094355314294592,1.0038246541234401,-0.10628337539912062,0,0,1,UNSTABLE,2.4482081379230992e-16,2.4337632454763648e-16,1
B3_D1_Original,B3,1,Original,full-grid,809,12,4,46,1.0099976112122879,1.0043782690726495,-0.10639298505614178,0,0,1,UNSTABLE,4.26802721764303e-16,2.4337632454662935e-16,1
B3_D1_Original,B3,1,Original,full-grid,810,12,5,47,1.0105600845740665,1.0049387032353123,-0.10644194320883851,0,0,1,UNSTABLE,3.3418894856451287e-16,2.4337632454763648e-16,1
B3_D1_Original,B3,1,Original,full-grid,811,12,6,48,1.0111152738762201,1.0054983043414891,-0.10642958720287259,0,0,1,UNSTABLE,5.5295551598837481e-16,2.4337632454626673e-16,1
B3_D1_Original,B3,1,Original,full-grid,812,12,7,49,1.0116555122153059,1.0060492869767232,-0.10635651164474999,0,0,1,UNSTABLE,2.5202065077515497e-16,2.4337632454763639e-16,1
B3_D1_Original,B3,1,Original,full-grid,813,12,8,50,1.0121734279505874,1.006584016599037,-0.10622460061865584,0,0,1,UNSTABLE,2.8476476265811178e-16,2.4337632454662931e-16,1
B3_D1_Original,B3,1,Original,full-grid,814,12,9,51,1.0126622249856172,1.0070952992497146,-0.10603697535269557,0,0,1,UNSTABLE,4.5701094898643486e-16,2.4337632454763639e-16,1
B3_D1_Original,B3,1,Original,full-grid,815,12,10,52,1.0131159285019962,1.0075766460500777,-0.10579785876348388,0,0,1,UNSTABLE,2.447802364578446e-16,2.4337632454626677e-16,1
B3_D1_Original,B3,1,Original,full-grid,816,12,11,53,1.0135295703827985,1.0080224846489336,-0.1055123712297779,0,0,1,UNSTABLE,3.4883232634083335e-16,2.4337632454763639e-16,1
B3_D1_Original,B3,1,Original,full-grid,817,12,12,54,1.0138992983659727,1.0084282985660584,-0.10518628179651794,0,0,1,UNSTABLE,2.0544931510311688e-16,2.433763245466294e-16,1
B3_D1_Original,B3,1,Original,full-grid,818,12,13,55,1.0142224052214255,1.0087906872954786,-0.10482574339850724,0,0,1,UNSTABLE,3.0844860718422629e-16,2.4337632454763643e-16,1
B3_D1_Original,B3,1,Original,full-grid,819,12,14,56,1.0144972856489909,1.0091073517908988,-0.10443703917063962,0,0,1,UNSTABLE,2.7391706131868913e-16,2.4337632454626677e-16,1
B3_D1_Original,B3,1,Original,full-grid,820,12,15,57,1.0147233366374535,1.0093770188415161,-0.1040263608479137,0,0,1,UNSTABLE,2.4865931809590662e-16,2.4337632454763643e-16,1
B3_D1_Original,B3,1,Original,full-grid,821,12,16,58,1.0149008206809691,1.0095993225385755,-0.10359963199043647,0,0,1,UNSTABLE,2.4079643591376864e-16,2.4337632454662935e-16,1
B3_D1_Original,B3,1,Original,full-grid,822,12,17,59,1.0150307109192189,1.009774661664784,-0.10316238058975762,0,0,1,UNSTABLE,2.880378146663385e-16,2.4337632454763639e-16,1
B3_D1_Original,B3,1,Original,full-grid,823,12,18,60,1.015114534208869,1.0099040495015079,-0.10271965908502953,0,0,1,UNSTABLE,3.6499289340266934e-16,2.4337632454626668e-16,1
B3_D1_Original,B3,1,Original,full-grid,824,12,19,61,1.0151542238033331,1.0099889686461441,-0.10227600558706798,0,0,1,UNSTABLE,4.798602789866576e-16,2.4337632454763648e-16,1
B3_D1_Original,B3,1,Original,full-grid,825,12,20,62,1.0151519889024325,1.0100312391814588,-0.1018354380858208,0,0,1,UNSTABLE,3.5245741651997205e-16,2.4337632454662935e-16,1
B3_D1_Original,B3,1,Original,full-grid,826,12,21,63,1.0151102045706566,1.0100329047492866,-0.1014014731017174,0,0,1,UNSTABLE,3.352572203434591e-16,2.4337632454763648e-16,1
B3_D1_Original,B3,1,Original,full-grid,827,12,22,64,1.0150313227197818,1.0099961381385216,-0.10097716101942164,0,0,1,UNSTABLE,3.6259849787181656e-16,2.4337632454626673e-16,1
B3_D1_Original,B3,1,Original,full-grid,828,12,23,65,1.0149178030180088,1.0099231659759174,-0.10056513167137821,0,0,1,UNSTABLE,2.3036049813235215e-16,2.4337632454763639e-16,1
B3_D1_Original,B3,1,Original,full-grid,829,12,24,66,1.0147720615679019,1.0098162108966728,-0.10016764522067859,0,0,1,UNSTABLE,4.526380693700032e-16,2.4337632454662931e-16,1
B3_D1_Original,B3,1,Original,full-grid,830,12,25,67,1.0145964347820327,1.0096774489876696,-0.099786644788583165,0,0,1,UNSTABLE,3.5260439940530187e-16,2.4337632454763639e-16,1
B3_D1_Original,B3,1,Original,full-grid,831,12,26,68,1.0143931558766293,1.0095089801485679,-0.099423808460277999,0,0,1,UNSTABLE,3.137394614320546e-16,2.4337632454626673e-16,1
B3_D1_Original,B3,1,Original,full-grid,832,12,27,69,1.0141643416397883,1.0093128091463111,-0.099080599245501416,0,0,1,UNSTABLE,2.7895650197069819e-16,2.4337632454763639e-16,1
B3_D1_Original,B3,1,Original,full-grid,833,12,28,70,1.0139119874950309,1.0090908354264476,-0.098758312280421826,0,0,1,UNSTABLE,3.775154124688581e-16,2.433763245466294e-16,1
B3_D1_Original,B3,1,Original,full-grid,834,12,29,71,1.0136379693001805,1.0088448501118683,-0.098458119064683214,0,0,1,UNSTABLE,3.9871093257783149e-16,2.4337632454763643e-16,1
B3_D1_Original,B3,1,Original,full-grid,835,12,30,72,1.0133440507527598,1.0085765390175188,-0.098181108872608711,0,0,1,UNSTABLE,2.9470094585730964e-16,2.4337632454626677e-16,1
B3_D1_Original,B3,1,Original,full-grid,836,12,31,73,1.0130318956995756,1.0082874909169104,-0.097928327695092035,0,0,1,UNSTABLE,5.5076921624931834e-16,2.4337632454763643e-16,1
B3_D1_Original,B3,1,Original,full-grid,837,12,32,74,1.0127030850681258,1.007979210707469,-0.097700815186197998,0,0,1,UNSTABLE,4.4199226173628457e-16,2.4337632454662935e-16,1
B3_D1_Original,B3,1,Original,full-grid,838,12,33,75,1.012359138560595,1.0076531375445967,-0.09749964012077085,0,0,1,UNSTABLE,4.8072009273997566e-16,2.4337632454763639e-16,1
B3_D1_Original,B3,1,Original,full-grid,839,12,34,76,1.0120015416956489,1.0073106684662436,-0.097325934819346871,0,0,1,UNSTABLE,4.0716651251012074e-16,2.4337632454626668e-16,1
B3_D1_Original,B3,1,Original,full-grid,840,12,35,77,1.0116317792690128,1.0069531885323812,-0.097180928846452394,0,0,1,UNSTABLE,3.291719783743626e-16,2.4337632454763648e-16,1
B3_D1_Original,B3,1,Original,full-grid,841,12,36,78,1.0112513768539413,1.0065821090835469,-0.097065982001473483,0,0,1,UNSTABLE,2.1907032886540337e-16,2.4337632454662935e-16,1
B3_D1_Original,B3,1,Original,full-grid,842,12,37,79,1.0108619525910005,1.0061989164009937,-0.096982616120397075,0,0,1,UNSTABLE,2.1666935501037463e-16,2.4337632454763648e-16,1
B3_D1_Original,B3,1,Original,full-grid,843,12,38,80,1.0104652822182665,1.0058052338347268,-0.096932544375517238,0,0,1,UNSTABLE,2.9223051290639952e-16,2.4337632454626673e-16,1
B3_D1_Original,B3,1,Original,full-grid,844,12,39,81,1.0100633810131101,1.0054029013193424,-0.096917695403284557,0,0,1,UNSTABLE,7.681312360426552e-16,2.4337632454763639e-16,1
B3_D1_Original,B3,1,Original,full-grid,845,12,40,82,1.0096586068967397,1.0049940769906098,-0.096940227431428189,0,0,1,UNSTABLE,2.5089777870563703e-16,2.4337632454662931e-16,1
B3_D1_Original,B3,1,Original,full-grid,846,12,41,83,1.0092537890294948,1.0045813660244896,-0.097002524228818818,0,0,1,UNSTABLE,3.5022186370348897e-16,2.4337632454763639e-16,1
B3_D1_Original,B3,1,Original,full-grid,847,12,42,84,1.0088523850595557,1.0041679811522366,-0.097107159720565703,0,0,1,UNSTABLE,3.7476053489891961e-16,2.4337632454626673e-16,1
B3_D1_Original,B3,1,Original,full-grid,848,12,43,85,1.0084586664115873,1.0037579362294207,-0.097256811160410572,0,0,1,UNSTABLE,4.5029672019075311e-16,2.4337632454763639e-16,1
B3_D1_Original,B3,1,Original,full-grid,849,12,44,86,1.0080779223346055,1.0033562664526248,-0.097454092108562249,0,0,1,UNSTABLE,3.0255746647019503e-16,2.433763245466294e-16,1
B3_D1_Original,B3,1,Original,full-grid,850,12,45,87,1.0077166566389821,1.0029692529065402,-0.09770126811738393,0,0,1,UNSTABLE,2.4151799190831231e-16,2.4337632454763643e-16,1
B3_D1_Original,B3,1,Original,full-grid,851,12,46,88,1.007382722935497,1.0026046013260257,-0.097999815657058176,0,0,1,UNSTABLE,2.6678268192512548e-16,2.4337632454626677e-16,1
B3_D1_Original,B3,1,Original,full-grid,852,12,47,89,1.0070853050830173,1.0022714844411871,-0.098349800153397157,0,0,1,UNSTABLE,4.4136182868182995e-16,2.4337632454763643e-16,1
B3_D1_Original,B3,1,Original,full-grid,853,12,48,90,1.0068346110558533,1.001980313836875,-0.098749099759687084,0,0,1,UNSTABLE,3.7910277337394757e-16,2.4337632454662935e-16,1
B3_D1_Original,B3,1,Original,full-grid,854,12,49,91,1.0066411433910705,1.0017420922247529,-0.099192601704242156,0,0,1,UNSTABLE,3.5778451637625077e-16,2.4337632454763639e-16,1
B3_D1_Original,B3,1,Original,full-grid,855,12,50,92,1.0065144907291306,1.0015672648121716,-0.099671631392220239,0,0,1,UNSTABLE,2.8693441960026214e-16,2.4337632454626668e-16,1
B3_D1_Original,B3,1,Original,full-grid,856,12,51,93,1.0064617877666566,1.0014641819465884,-0.10017396124994439,0,0,1,UNSTABLE,3.1845564926856176e-16,2.4337632454763648e-16,1
B3_D1_Original,B3,1,Original,full-grid,857,12,52,94,1.0064862542103006,1.0014375564194506,-0.10068465874661188,0,0,1,UNSTABLE,3.530458286377235e-16,2.4337632454662935e-16,1
B3_D1_Original,B3,1,Original,full-grid,858,12,53,95,1.0065863565561646,1.0014874635213946,-0.10118771474095548,0,0,1,UNSTABLE,2.6487859989685982e-16,2.4337632454763648e-16,1
B3_D1_Original,B3,1,Original,full-grid,859,12,54,96,1.006755957876633,1.0016092933644729,-0.10166799971484579,0,0,1,UNSTABLE,2.6014888779314816e-16,2.4337632454626673e-16,1
B3_D1_Original,B3,1,Original,full-grid,860,12,55,97,1.0069853901229229,1.0017946530250297,-0.10211292323440463,0,0,1,UNSTABLE,3.518237058008289e-16,2.4337632454763639e-16,1
B3_D1_Original,B3,1,Original,full-grid,861,12,56,98,1.0072630058236478,1.0020328207827067,-0.10251335998366982,0,0,1,UNSTABLE,3.1133272574842708e-16,2.4337632454662931e-16,1
B3_D1_Original,B3,1,Original,full-grid,862,12,57,99,1.0075766872791969,1.0023122383607346,-0.10286378167661467,0,0,1,UNSTABLE,3.1375546121446603e-16,2.4337632454763639e-16,1
B3_D1_Original,B3,1,Original,full-grid,863,12,58,100,1.0079149766352815,1.0026216827980277,-0.10316182098504904,0,0,1,UNSTABLE,2.5673305788461646e-16,2.4337632454626673e-16,1
B3_D1_Original,B3,1,Original,full-grid,864,12,59,101,1.0082677383737098,1.0029509989004171,-0.10340757249781524,0,0,1,UNSTABLE,2.5083660275160188e-16,2.4337632454763639e-16,1
B3_D1_Original,B3,1,Original,full-grid,865,12,60,102,1.0086264293485845,1.003291443160951,-0.10360286704764102,0,0,1,UNSTABLE,2.9607020548176318e-16,2.433763245466294e-16,1
B3_D1_Original,B3,1,Original,full-grid,866,12,61,103,1.0089841064497167,1.0036357558232962,-0.10375064675043788,0,0,1,UNSTABLE,2.7991512535266028e-16,2.4337632454763643e-16,1
B3_D1_Original,B3,1,Original,full-grid,867,12,62,104,1.0093352898807659,1.0039780743816693,-0.10385448261661726,0,0,1,UNSTABLE,3.2612836841734804e-16,2.4337632454626677e-16,1
B3_D1_Original,B3,1,Original,full-grid,868,12,63,105,1.0096757650680195,1.0043137718156512,-0.10391822894521748,0,0,1,UNSTABLE,2.3502961685949426e-16,2.4337632454763643e-16,1
B3_D1_Original,B3,1,Original,full-grid,869,12,64,106,1.0100023727730814,1.0046392714811632,-0.10394578974182667,0,0,1,UNSTABLE,2.9664860411047788e-16,2.4337632454662935e-16,1
B3_D1_Original,B3,1,Original,full-grid,870,12,65,107,1.010312812951246,1.0049518669651309,-0.10394096928909771,0,0,1,UNSTABLE,2.0931871000638211e-16,2.4337632454763639e-16,1
B3_D1_Original,B3,1,Original,full-grid,871,12,66,108,1.0106054730954221,1.0052495601044198,-0.10390738260726431,0,0,1,UNSTABLE,3.045268422122526e-16,2.4337632454626668e-16,1
B3_D1_Original,B3,1,Original,full-grid,872,13,0,43,1.0083943001074203,1.0029947155785504,-0.10421451439524682,0,0,1,UNSTABLE,3.5092244122657097e-16,1.2044523497416284e-16,1
B3_D1_Original,B3,1,Original,full-grid,873,13,1,44,1.0089145290881911,1.0034886837361665,-0.10449396450849407,0,0,1,UNSTABLE,3.9963644422290567e-16,2.4337632454626673e-16,1
B3_D1_Original,B3,1,Original,full-grid,874,13,2,45,1.0094555616721621,1.0040089805706029,-0.1047210481442913,0,0,1,UNSTABLE,4.0834585285116166e-16,2.4337632454763648e-16,1
B3_D1_Original,B3,1,Original,full-grid,875,13,3,46,1.0100110684416554,1.004549635042886,-0.10489227383300992,0,0,1,UNSTABLE,3.7996338836521214e-16,2.4337632454662935e-16,1
B3_D1_Original,B3,1,Original,full-grid,876,13,4,47,1.0105741273930573,1.0051039866427636,-0.1050049665066512,0,0,1,UNSTABLE,4.5044013996783967e-16,2.4337632454763653e-16,1
B3_D1_Original,B3,1,Original,full-grid,877,13,5,48,1.0111373874437133,1.0056648294046922,-0.10505744707030223,0,0,1,UNSTABLE,2.8993816760752881e-16,2.4337632454626673e-16,1
B3_D1_Original,B3,1,Original,full-grid,878,13,6,49,1.0116932846555646,1.0062246131852799,-0.10504917913672233,0,0,1,UNSTABLE,3.1898808934020979e-16,2.4337632454763639e-16,1
B3_D1_Original,B3,1,Original,full-grid,879,13,7,50,1.0122342988967912,1.0067756923265909,-0.10498086112902609,0,0,1,UNSTABLE,4.3856319086427427e-16,2.4337632454662931e-16,1
B3_D1_Original,B3,1,Original,full-grid,880,13,8,51,1.0127532296867781,1.0073106022323048,-0.10485444612123658,0,0,1,UNSTABLE,2.245667437040073e-16,2.4337632454763639e-16,1
B3_D1_Original,B3,1,Original,full-grid,881,13,9,52,1.0132434639293419,1.0078223372122515,-0.10467308064429254,0,0,1,UNSTABLE,3.538687598055337e-16,2.4337632454626677e-16,1
B3_D1_Original,B3,1,Original,full-grid,882,13,10,53,1.0136992073248923,1.0083046006333081,-0.10444096549161244,0,0,1,UNSTABLE,3.1279068430419655e-16,2.4337632454763648e-16,1
B3_D1_Original,B3,1,Original,full-grid,883,13,11,54,1.0141156561480003,1.0087520019965197,-0.10416315333409644,0,0,1,UNSTABLE,3.0151273052188059e-16,2.4337632454662935e-16,1
B3_D1_Original,B3,1,Original,full-grid,884,13,12,55,1.0144890955596946,1.0091601841667703,-0.10384530659599983,0,0,1,UNSTABLE,3.141717722980708e-16,2.4337632454763648e-16,1
B3_D1_Original,B3,1,Original,full-grid,885,13,13,56,1.0148169220453347,1.0095258751600151,-0.10349344255542114,0,0,1,UNSTABLE,3.2161182567077432e-16,2.4337632454626677e-16,1
B3_D1_Original,B3,1,Original,full-grid,886,13,14,57,1.0150975979646633,1.009846869662804,-0.10311369077801757,0,0,1,UNSTABLE,6.0347821977481908e-16,2.4337632454763643e-16,1
B3_D1_Original,B3,1,Original,full-grid,887,13,15,58,1.0153305533874528,1.010121953443367,-0.102712082121958,0,0,1,UNSTABLE,4.5557798043075323e-16,2.4337632454662931e-16,1
B3_D1_Original,B3,1,Original,full-grid,888,13,16,59,1.0155160535353032,1.0103507879160043,-0.10229438081061136,0,0,1,UNSTABLE,2.0128936157945741e-16,2.4337632454763643e-16,1
B3_D1_Original,B3,1,Original,full-grid,889,13,17,60,1.0156550496826531,1.0105337725298726,-0.10186596351292188,0,0,1,UNSTABLE,4.1107043435917773e-16,2.4337632454626673e-16,1
B3_D1_Original,B3,1,Original,full-grid,890,13,18,61,1.0157490284525856,1.0106719003897244,-0.10143174337944816,0,0,1,UNSTABLE,4.6536332450277971e-16,2.4337632454763648e-16,1
B3_D1_Original,B3,1,Original,full-grid,891,13,19,62,1.0157998703956983,1.0107666188554458,-0.10099613311135847,0,0,1,UNSTABLE,3.4052649828104978e-16,2.4337632454662935e-16,1
B3_D1_Original,B3,1,Original,full-grid,892,13,20,63,1.0158097246349094,1.0108197029099797,-0.10056303929292644,0,0,1,UNSTABLE,3.816230731055362e-16,2.4337632454763653e-16,1
B3_D1_Original,B3,1,Original,full-grid,893,13,21,64,1.0157809028588476,1.0108331455595434,-0.1001358799378852,0,0,1,UNSTABLE,3.0748271687024866e-16,2.4337632454626673e-16,1
B3_D1_Original,B3,1,Original,full-grid,894,13,22,65,1.0157157933306442,1.0108090667859935,-0.099717617924461016,0,0,1,UNSTABLE,3.9586287435684877e-16,2.4337632454763639e-16,1
B3_D1_Original,B3,1,Original,full-grid,895,13,23,66,1.0156167938563414,1.0107496406759253,-0.099310804228552541,0,0,1,UNSTABLE,2.7399890831740846e-16,2.4337632454662931e-16,1
B3_D1_Original,B3,1,Original,full-grid,896,13,24,67,1.0154862616883649,1.010657039205511,-0.098917626246087575,0,0,1,UNSTABLE,3.8177060696669594e-16,2.4337632454763639e-16,1
B3_D1_Original,B3,1,Original,full-grid,897,13,25,68,1.0153264779343385,1.0105333905968403,-0.09853995780089729,0,0,1,UNSTABLE,3.2005023153302431e-16,2.4337632454626677e-16,1
B3_D1_Original,B3,1,Original,full-grid,898,13,26,69,1.0151396240162369,1.0103807500069508,-0.098179408549950054,0,0,1,UNSTABLE,2.6895897160689317e-16,2.4337632454763648e-16,1
B3_D1_Original,B3,1,Original,full-grid,899,13,27,70,1.0149277679298896,1.0102010804166643,-0.097837371388196676,0,0,1,UNSTABLE,3.6042368507143399e-16,2.4337632454662935e-16,1
B3_D1_Original,B3,1,Original,full-grid,900,13,28,71,1.0146928583817691,1.0099962418415611,-0.097515067127537242,0,0,1,UNSTABLE,4.1545858012869601e-16,2.4337632454763648e-16,1
B3_D1_Original,B3,1,Original,full-grid,901,13,29,72,1.014436725257857,1.0097679873160881,-0.097213586208418398,0,0,1,UNSTABLE,2.6208018240973767e-16,2.4337632454626677e-16,1
B3_D1_Original,B3,1,Original,full-grid,902,13,30,73,1.0141610852679197,1.0095179644585224,-0.096933927534822995,0,0,1,UNSTABLE,4.5295661472127659e-16,2.4337632454763643e-16,1
B3_D1_Original,B3,1,Original,full-grid,903,13,31,74,1.0138675519872546,1.0092477217845353,-0.096677034736043443,0,0,1,UNSTABLE,1.9772393730051226e-16,2.4337632454662931e-16,1
B3_D1_Original,B3,1,Original,full-grid,904,13,32,75,1.0135576498847749,1.0089587192946599,-0.09644383028078142,0,0,1,UNSTABLE,2.1295684683560839e-16,2.4337632454763643e-16,1
B3_D1_Original,B3,1,Original,full-grid,905,13,33,76,1.0132328322858497,1.0086523432185306,-0.096235247917654615,0,0,1,UNSTABLE,4.9449566098532735e-16,2.4337632454626673e-16,1
B3_D1_Original,B3,1,Original,full-grid,906,13,34,77,1.0128945035843302,1.0083299251690638,-0.096052263897821552,0,0,1,UNSTABLE,3.0101782645911914e-16,2.4337632454763648e-16,1
B3_D1_Original,B3,1,Original,full-grid,907,13,35,78,1.0125440464074964,1.0079927663596577,-0.095895927347674825,0,0,1,UNSTABLE,3.3852179076785388e-16,2.4337632454662935e-16,1
B3_D1_Original,B3,1,Original,full-grid,908,13,36,79,1.0121828548686804,1.0076421679878032,-0.095767389976713954,0,0,1,UNSTABLE,3.6274988545315622e-16,2.4337632454763653e-16,1
B3_D1_Original,B3,1,Original,full-grid,909,13,37,80,1.0118123755318218,1.0072794694097043,-0.095667934988965919,0,0,1,UNSTABLE,3.8483345502163254e-16,2.4337632454626673e-16,1
B3_D1_Original,B3,1,Original,full-grid,910,13,38,81,1.0114341582665884,1.0069060963366487,-0.095599004537356869,0,0,1,UNSTABLE,4.8205899820556939e-16,2.4337632454763639e-16,1
B3_D1_Original,B3,1,Original,full-grid,911,13,39,82,1.0110499197760159,1.0065236219705438,-0.095562224201753782,0,0,1,UNSTABLE,3.3618351018453742e-16,2.4337632454662931e-16,1
B3_D1_Original,B3,1,Original,full-grid,912,13,40,83,1.0106616231587937,1.0061338447091512,-0.095559421601163486,0,0,1,UNSTABLE,6.8059833165580283e-16,2.4337632454763639e-16,1
B3_D1_Original,B3,1,Original,full-grid,913,13,41,84,1.0102715772485866,1.0057388866401904,-0.095592634110045788,0,0,1,UNSTABLE,3.5302635887302153e-16,2.4337632454626677e-16,1
B3_D1_Original,B3,1,Original,full-grid,914,13,42,85,1.0098825592689875,1.0053413171575176,-0.095664097401626222,0,0,1,UNSTABLE,7.7227735128183377e-16,2.4337632454763648e-16,1
B3_D1_Original,B3,1,Original,full-grid,915,13,43,86,1.0094979628111524,1.0049443049655351,-0.095776201831167168,0,0,1,UNSTABLE,2.8286510731938487e-16,2.4337632454662935e-16,1
B3_D1_Original,B3,1,Original,full-grid,916,13,44,87,1.0091219689597821,1.0045517981893353,-0.095931397320379835,0,0,1,UNSTABLE,3.4644298559917828e-16,2.4337632454763648e-16,1
B3_D1_Original,B3,1,Original,full-grid,917,13,45,88,1.0087597294615447,1.0041687241341926,-0.096132019920713796,0,0,1,UNSTABLE,3.7012744803829519e-16,2.4337632454626677e-16,1
B3_D1_Original,B3,1,Original,full-grid,918,13,46,89,1.0084175343782025,1.0038011844570804,-0.096380006868515944,0,0,1,UNSTABLE,2.2999345932058722e-16,2.4337632454763643e-16,1
B3_D1_Original,B3,1,Original,full-grid,919,13,47,90,1.0081029103994652,1.0034565952769872,-0.096676467410580835,0,0,1,UNSTABLE,2.8342211960030473e-16,2.4337632454662931e-16,1
B3_D1_Original,B3,1,Original,full-grid,920,13,48,91,1.0078245615894115,1.0031436856658158,-0.097021094879888109,0,0,1,UNSTABLE,2.4689032954610457e-16,2.4337632454763643e-16,1
B3_D1_Original,B3,1,Original,full-grid,921,13,49,92,1.0075920343256466,1.0028722330363131,-0.097411456416858735,0,0,1,UNSTABLE,3.0801205231256495e-16,2.4337632454626673e-16,1
B3_D1_Original,B3,1,Original,full-grid,922,13,50,93,1.007414993407125,1.0026524100378238,-0.097842289358033643,0,0,1,UNSTABLE,5.0657578226768205e-16,2.4337632454763648e-16,1
B3_D1_Original,B3,1,Original,full-grid,923,13,51,94,1.0073020813791864,1.0024936912082465,-0.098305046861827006,0,0,1,UNSTABLE,2.7942467384253374e-16,2.4337632454662935e-16,1
B3_D1_Original,B3,1,Original,full-grid,924,13,52,95,1.0072595196378438,1.0024034476792172,-0.098787995130373868,0,0,1,UNSTABLE,2.0921666317032345e-16,2.4337632454763653e-16,1
B3_D1_Original,B3,1,Original,full-grid,925,13,53,96,1.0072898322471262,1.0023855897619594,-0.099277064753206343,0,0,1,UNSTABLE,4.5025347898489609e-16,2.4337632454626673e-16,1
B3_D1_Original,B3,1,Original,full-grid,926,13,54,97,1.0073911647486182,1.0024397369597944,-0.099757368537646829,0,0,1,UNSTABLE,2.5271094626101644e-16,2.4337632454763639e-16,1
B3_D1_Original,B3,1,Original,full-grid,927,13,55,98,1.0075574910769558,1.0025612491660261,-0.10021496642691315,0,0,1,UNSTABLE,2.9608599691592475e-16,2.4337632454662931e-16,1
B3_D1_Original,B3,1,Original,full-grid,928,13,56,99,1.0077796238070604,1.0027420886020715,-0.10063833219333268,0,0,1,UNSTABLE,3.2057011114060011e-16,2.4337632454763639e-16,1
B3_D1_Original,B3,1,Original,full-grid,929,13,57,100,1.0080466281780436,1.0029721506184075,-0.10101915494107729,0,0,1,UNSTABLE,2.0091893944142664e-16,2.4337632454626677e-16,1
B3_D1_Original,B3,1,Original,full-grid,930,13,58,101,1.0083471842619554,1.0032406131959002,-0.10135243481696747,0,0,1,UNSTABLE,1.9980312566727406e-16,2.4337632454763648e-16,1
B3_D1_Original,B3,1,Original,full-grid,931,13,59,102,1.0086706060127291,1.0035369945711465,-0.10163607608126554,0,0,1,UNSTABLE,3.0271027595041636e-16,2.4337632454662935e-16,1
B3_D1_Original,B3,1,Original,full-grid,932,13,60,103,1.0090074407845555,1.0038518159555232,-0.10187024669351027,0,0,1,UNSTABLE,3.2778082657457798e-16,2.4337632454763648e-16,1
B3_D1_Original,B3,1,Original,full-grid,933,13,61,104,1.0093497152681465,1.0041769141287444,-0.10205671385440906,0,0,1,UNSTABLE,2.2658656588295488e-16,2.4337632454626677e-16,1
B3_D1_Original,B3,1,Original,full-grid,934,13,62,105,1.0096909429759129,1.0045055071784628,-0.10219826992531446,0,0,1,UNSTABLE,2.9405435732036668e-16,2.4337632454763643e-16,1
B3_D1_Original,B3,1,Original,full-grid,935,13,63,106,1.0100259989815026,1.0048321148250363,-0.10229828754591684,0,0,1,UNSTABLE,3.8596045548631296e-16,2.4337632454662931e-16,1
B3_D1_Original,B3,1,Original,full-grid,936,13,64,107,1.0103509372931851,1.0051524088672972,-0.10236039975248162,0,0,1,UNSTABLE,3.1664960901167512e-16,2.4337632454763643e-16,1
B3_D1_Original,B3,1,Original,full-grid,937,13,65,108,1.0106627965120814,1.0054630414469934,-0.10238828320556216,0,0,1,UNSTABLE,3.0856263358213932e-16,2.4337632454626673e-16,1
B3_D1_Original,B3,1,Original,full-grid,938,13,66,109,1.0109594176568704,1.0057614774809585,-0.10238551931029168,0,0,1,UNSTABLE,2.8799129265324889e-16,2.4337632454763648e-16,1
B3_D1_Original,B3,1,Original,full-grid,939,14,0,44,1.0088002700582106,1.003549781718327,-0.1027901769753166,0,0,1,UNSTABLE,3.1044585741773512e-16,1.2044523497416262e-16,1
B3_D1_Original,B3,1,Original,full-grid,940,14,1,45,1.0093217869332674,1.0040450799228664,-0.10307253300879203,0,0,1,UNSTABLE,2.241300211785472e-16,2.4337632454763653e-16,1
B3_D1_Original,B3,1,Original,full-grid,941,14,2,46,1.0098638745177149,1.0045663716083266,-0.10330271094996774,0,0,1,UNSTABLE,4.1059012351117666e-16,2.4337632454662935e-16,1
B3_D1_Original,B3,1,Original,full-grid,942,14,3,47,1.0104202434199563,1.0051077113181033,-0.10347732583386594,0,0,1,UNSTABLE,2.5857219751788217e-16,2.4337632454763648e-16,1
B3_D1_Original,B3,1,Original,full-grid,943,14,4,48,1.0109840390961473,1.0056624926123026,-0.10359381381130238,0,0,1,UNSTABLE,4.5851839358648737e-16,2.4337632454626673e-16,1
B3_D1_Original,B3,1,Original,full-grid,944,14,5,49,1.0115480079547958,1.0062235959352066,-0.10365060241280691,0,0,1,UNSTABLE,5.3511690700043369e-16,2.4337632454763639e-16,1
B3_D1_Original,B3,1,Original,full-grid,945,14,6,50,1.0121047123899325,1.0067835900521103,-0.10364724619444637,0,0,1,UNSTABLE,2.6902775379068399e-16,2.4337632454662931e-16,1
B3_D1_Original,B3,1,Original,full-grid,946,14,7,51,1.0126467819328517,1.0073349764230048,-0.10358450769214886,0,0,1,UNSTABLE,5.0765875137696921e-16,2.4337632454763639e-16,1
B3_D1_Original,B3,1,Original,full-grid,947,14,8,52,1.0131671796669071,1.0078704571985293,-0.10346436807240522,0,0,1,UNSTABLE,4.1447245318898787e-16,2.4337632454626677e-16,1
B3_D1_Original,B3,1,Original,full-grid,948,14,9,53,1.0136594579562017,1.0083832013511307,-0.10328996048457859,0,0,1,UNSTABLE,3.8888418589999864e-16,2.4337632454763643e-16,1
B3_D1_Original,B3,1,Original,full-grid,949,14,10,54,1.0141179772614968,1.0088670818838765,-0.10306543016967984,0,0,1,UNSTABLE,2.9997760836622384e-16,2.433763245466294e-16,1
B3_D1_Original,B3,1,Original,full-grid,950,14,11,55,1.0145380668117714,1.0093168608751135,-0.10279573611474981,0,0,1,UNSTABLE,3.1214908096780747e-16,2.4337632454763643e-16,1
B3_D1_Original,B3,1,Original,full-grid,951,14,12,56,1.0149161149260422,1.0097283073812733,-0.10248641670738483,0,0,1,UNSTABLE,2.7767447684264449e-16,2.4337632454626677e-16,1
B3_D1_Original,B3,1,Original,full-grid,952,14,13,57,1.0152495873879877,1.0100982436458066,-0.10214334474225828,0,0,1,UNSTABLE,2.1750325581985033e-16,2.4337632454763643e-16,1
B3_D1_Original,B3,1,Original,full-grid,953,14,14,58,1.0155369817985431,1.0104245249552415,-0.10177249515202572,0,0,1,UNSTABLE,3.6135780169614923e-16,2.4337632454662935e-16,1
B3_D1_Original,B3,1,Original,full-grid,954,14,15,59,1.0157777323474311,1.0107059657436481,-0.10137974325815266,0,0,1,UNSTABLE,1.8917282456922225e-16,2.4337632454763643e-16,1
B3_D1_Original,B3,1,Original,full-grid,955,14,16,60,1.015972082249937,1.0109422282308125,-0.10097070412249586,0,0,1,UNSTABLE,2.6821742619004674e-16,2.4337632454626668e-16,1
B3_D1_Original,B3,1,Original,full-grid,956,14,17,61,1.016120940601507,1.0111336901886609,-0.10055061657867913,0,0,1,UNSTABLE,2.0100217835763865e-16,2.4337632454763648e-16,1
B3_D1_Original,B3,1,Original,full-grid,957,14,18,62,1.0162257376750949,1.0112813063019599,-0.1001242699723337,0,0,1,UNSTABLE,3.3870619634862796e-16,2.4337632454662935e-16,1
B3_D1_Original,B3,1,Original,full-grid,958,14,19,63,1.0162882889227083,1.0113864741816996,-0.0996959680416247,0,0,1,UNSTABLE,5.134405943144431e-16,2.4337632454763648e-16,1
B3_D1_Original,B3,1,Original,full-grid,959,14,20,64,1.0163106741192087,1.0114509124047446,-0.099269522635349591,0,0,1,UNSTABLE,3.1771155522868245e-16,2.4337632454626673e-16,1
B3_D1_Original,B3,1,Original,full-grid,960,14,21,65,1.0162951348120843,1.0114765546584548,-0.098848269681237277,0,0,1,UNSTABLE,3.7214871183714466e-16,2.4337632454763639e-16,1
B3_D1_Original,B3,1,Original,full-grid,961,14,22,66,1.0162439907762937,1.0114654614885286,-0.098435100470947987,0,0,1,UNSTABLE,3.2493205187140271e-16,2.4337632454662931e-16,1
B3_D1_Original,B3,1,Original,full-grid,962,14,23,67,1.0161595745345631,1.0114197493515649,-0.098032502466690236,0,0,1,UNSTABLE,3.3492755762884189e-16,2.4337632454763639e-16,1
B3_D1_Original,B3,1,Original,full-grid,963,14,24,68,1.016044182066012,1.0113415355732016,-0.097642605120048659,0,0,1,UNSTABLE,5.4431141374285342e-16,2.4337632454626673e-16,1
B3_D1_Original,B3,1,Original,full-grid,964,14,25,69,1.0159000374183214,1.0112328972581524,-0.097267227417203048,0,0,1,UNSTABLE,2.0011955941824818e-16,2.4337632454763639e-16,1
B3_D1_Original,B3,1,Original,full-grid,965,14,26,70,1.0157292688909609,1.0110958420297347,-0.096907924918181718,0,0,1,UNSTABLE,2.5659946126076442e-16,2.433763245466294e-16,1
B3_D1_Original,B3,1,Original,full-grid,966,14,27,71,1.0155338946301753,1.010932288556337,-0.096566034903474679,0,0,1,UNSTABLE,3.0673667932229471e-16,2.4337632454763643e-16,1
B3_D1_Original,B3,1,Original,full-grid,967,14,28,72,1.0153158157679685,1.0107440550457916,-0.096242718883898098,0,0,1,UNSTABLE,3.2296261893582531e-16,2.4337632454626677e-16,1
B3_D1_Original,B3,1,Original,full-grid,968,14,29,73,1.0150768155794971,1.0105328541835856,-0.09593900219716936,0,0,1,UNSTABLE,3.1078803402476053e-16,2.4337632454763643e-16,1
B3_D1_Original,B3,1,Original,full-grid,969,14,30,74,1.0148185634850668,1.0103002933119063,-0.095655810737092714,0,0,1,UNSTABLE,2.8812720226428922e-16,2.4337632454662935e-16,1
B3_D1_Original,B3,1,Original,full-grid,970,14,31,75,1.0145426230645866,1.010047878969544,-0.095394005073155833,0,0,1,UNSTABLE,2.579189718209225e-16,2.4337632454763643e-16,1
B3_D1_Original,B3,1,Original,full-grid,971,14,32,76,1.0142504635780107,1.0097770252285145,-0.095154412345732131,0,0,1,UNSTABLE,3.3416621261180058e-16,2.4337632454626668e-16,1
B3_D1_Original,B3,1,Original,full-grid,972,14,33,77,1.0139434747980374,1.0094890655726976,-0.094937856383426403,0,0,1,UNSTABLE,4.1124963400274353e-16,2.4337632454763648e-16,1
B3_D1_Original,B3,1,Original,full-grid,973,14,34,78,1.0136229852713257,1.0091852683754552,-0.094745186496804829,0,0,1,UNSTABLE,2.5455406129499808e-16,2.4337632454662935e-16,1
B3_D1_Original,B3,1,Original,full-grid,974,14,35,79,1.0132902844454361,1.008866856360634,-0.094577305356647365,0,0,1,UNSTABLE,3.7002478143818333e-16,2.4337632454763648e-16,1
B3_D1_Original,B3,1,Original,full-grid,975,14,36,80,1.0129466494462729,1.0085350307907803,-0.094435196257909609,0,0,1,UNSTABLE,4.162222218084957e-16,2.4337632454626673e-16,1
B3_D1_Original,B3,1,Original,full-grid,976,14,37,81,1.0125933776826155,1.008191001538211,-0.094319949873115635,0,0,1,UNSTABLE,4.7804095770046168e-16,2.4337632454763639e-16,1
B3_D1_Original,B3,1,Original,full-grid,977,14,38,82,1.012231826902156,1.0078360246742442,-0.094232790272244113,0,0,1,UNSTABLE,2.6660057866924596e-16,2.4337632454662931e-16,1
B3_D1_Original,B3,1,Original,full-grid,978,14,39,83,1.0118634648309797,1.0074714497710699,-0.094175099447433866,0,0,1,UNSTABLE,3.5516654822534137e-16,2.4337632454763639e-16,1
B3_D1_Original,B3,1,Original,full-grid,979,14,40,84,1.0114899310717143,1.007098779736167,-0.094148438719845323,0,0,1,UNSTABLE,3.5481558587907516e-16,2.4337632454626673e-16,1
B3_D1_Original,B3,1,Original,full-grid,980,14,41,85,1.0111131144369705,1.0067197466308484,-0.094154564042061101,0,0,1,UNSTABLE,2.3012412977183182e-16,2.4337632454763639e-16,1
B3_D1_Original,B3,1,Original,full-grid,981,14,42,86,1.0107352491667565,1.0063364073986918,-0.094195430101886857,0,0,1,UNSTABLE,4.2363330239392379e-16,2.433763245466294e-16,1
B3_D1_Original,B3,1,Original,full-grid,982,14,43,87,1.0103590331322181,1.0059512633883834,-0.094273174971389082,0,0,1,UNSTABLE,4.4345920081791081e-16,2.4337632454763643e-16,1
B3_D1_Original,B3,1,Original,full-grid,983,14,44,88,1.0099877694234543,1.0055674062906215,-0.094390072523103649,0,0,1,UNSTABLE,5.291859341593466e-16,2.4337632454626677e-16,1
B3_D1_Original,B3,1,Original,full-grid,984,14,45,89,1.0096255283733364,1.0051886893504967,-0.094548433857837247,0,0,1,UNSTABLE,2.8632032742488942e-16,2.4337632454763643e-16,1
B3_D1_Original,B3,1,Original,full-grid,985,14,46,90,1.0092773180933261,1.0048199144221186,-0.094750432180456784,0,0,1,UNSTABLE,2.7746192972390378e-16,2.4337632454662935e-16,1
B3_D1_Original,B3,1,Original,full-grid,986,14,47,91,1.0089492354878982,1.0044670098783182,-0.094997820278808306,0,0,1,UNSTABLE,2.5764906252591697e-16,2.4337632454763643e-16,1
B3_D1_Original,B3,1,Original,full-grid,987,14,48,92,1.0086485446562103,1.0041371492181963,-0.095291511673626858,0,0,1,UNSTABLE,3.1336564243101998e-16,2.4337632454626668e-16,1
B3_D1_Original,B3,1,Original,full-grid,988,14,49,93,1.0083835979163862,1.0038387267532298,-0.095631015979391026,0,0,1,UNSTABLE,3.1489258860177506e-16,2.4337632454763648e-16,1
B3_D1_Original,B3,1,Original,full-grid,989,14,50,94,1.0081634892288847,1.0035810764859137,-0.096013769499661478,0,0,1,UNSTABLE,2.2841842450296587e-16,2.4337632454662935e-16,1
B3_D1_Original,B3,1,Original,full-grid,990,14,51,95,1.0079973400617417,1.0033738220204591,-0.096434489969110082,0,0,1,UNSTABLE,3.3482101785879583e-16,2.4337632454763648e-16,1
B3_D1_Original,B3,1,Original,full-grid,991,14,52,96,1.0078932038041237,1.0032258212075389,-0.096884786922406901,0,0,1,UNSTABLE,1.9242488971833239e-16,2.4337632454626673e-16,1
B3_D1_Original,B3,1,Original,full-grid,992,14,53,97,1.0078567515651837,1.0031438409775659,-0.097353304948009811,0,0,1,UNSTABLE,4.5591035017037254e-16,2.4337632454763639e-16,1
B3_D1_Original,B3,1,Original,full-grid,993,14,54,98,1.0078901024963682,1.0031313077293911,-0.097826571867062298,0,0,1,UNSTABLE,5.5764283494299712e-16,2.4337632454662931e-16,1
B3_D1_Original,B3,1,Original,full-grid,994,14,55,99,1.0079912315866193,1.0031875749176531,-0.098290449619217624,0,0,1,UNSTABLE,3.6641545628493108e-16,2.4337632454763639e-16,1
B3_D1_Original,B3,1,Original,full-grid,995,14,56,100,1.0081542091424223,1.0033080004072565,-0.098731786828638021,0,0,1,UNSTABLE,2.5379459282804878e-16,2.4337632454626673e-16,1
B3_D1_Original,B3,1,Original,full-grid,996,14,57,101,1.0083701762322148,1.0034847872030581,-0.099139770862258489,0,0,1,UNSTABLE,2.6637125075113186e-16,2.4337632454763639e-16,1
B3_D1_Original,B3,1,Original,full-grid,997,14,58,102,1.0086286791512331,1.0037082438321305,-0.09950665138462679,0,0,1,UNSTABLE,3.7233646580930221e-16,2.433763245466294e-16,1
B3_D1_Original,B3,1,Original,full-grid,998,14,59,103,1.0089189433172139,1.0039680487485048,-0.09982780813202001,0,0,1,UNSTABLE,2.7958385623705853e-16,2.4337632454763643e-16,1
B3_D1_Original,B3,1,Original,full-grid,999,14,60,104,1.0092308217888575,1.0042542358628936,-0.10010135563541556,0,0,1,UNSTABLE,4.5428126469630416e-16,2.4337632454626677e-16,1
B3_D1_Original,B3,1,Original,full-grid,1000,14,61,105,1.009555351002972,1.004557809422665,-0.10032753493767668,0,0,1,UNSTABLE,4.0705099014063999e-16,2.4337632454763643e-16,1
B3_D1_Original,B3,1,Original,full-grid,1001,14,62,106,1.0098849764007953,1.00487103163033,-0.10050808599426771,0,0,1,UNSTABLE,3.4421817002530359e-16,2.4337632454662935e-16,1
B3_D1_Original,B3,1,Original,full-grid,1002,14,63,107,1.0102135554604672,1.0051874797259284,-0.10064570650710834,0,0,1,UNSTABLE,1.7543813127617577e-16,2.4337632454763643e-16,1
B3_D1_Original,B3,1,Original,full-grid,1003,14,64,108,1.0105362368140149,1.0055019673417309,-0.10074363298064769,0,0,1,UNSTABLE,3.1416328833369035e-16,2.4337632454626668e-16,1
B3_D1_Original,B3,1,Original,full-grid,1004,14,65,109,1.0108492859780094,1.0058104008328497,-0.1008053398323398,0,0,1,UNSTABLE,2.5126095019381572e-16,2.4337632454763648e-16,1
B3_D1_Original,B3,1,Original,full-grid,1005,14,66,110,1.0111499005206972,1.0061096153175086,-0.10083433586170196,0,0,1,UNSTABLE,3.6048715448766653e-16,2.4337632454662935e-16,1
B3_D1_Original,B3,1,Original,full-grid,1006,15,0,45,1.0090528085582335,1.0039489809793629,-0.10136081121300203,0,0,1,UNSTABLE,4.379347895568689e-16,1.2044523497416287e-16,1
B3_D1_Original,B3,1,Original,full-grid,1007,15,1,46,1.0095752629298524,1.004445216329652,-0.10164653910664846,0,0,1,UNSTABLE,1.9129905611939478e-16,2.4337632454662945e-16,1
B3_D1_Original,B3,1,Original,full-grid,1008,15,2,47,1.0101181543559095,1.0049672009934256,-0.10188037439481946,0,0,1,UNSTABLE,4.1790997274353524e-16,2.4337632454763663e-16,1
B3_D1_Original,B3,1,Original,full-grid,1009,15,3,48,1.0106752547084823,1.0055090384155032,-0.10205902284847661,0,0,1,UNSTABLE,2.8675855330672512e-16,2.4337632454626673e-16,1
B3_D1_Original,B3,1,Original,full-grid,1010,15,4,49,1.0112397944058369,1.0060641965063368,-0.10218000928762003,0,0,1,UNSTABLE,2.3465970676612394e-16,2.4337632454763643e-16,1
B3_D1_Original,B3,1,Original,full-grid,1011,15,5,50,1.0118046289614357,1.0066256570724605,-0.10224183933804101,0,0,1,UNSTABLE,4.4395725141765564e-16,2.4337632454662935e-16,1
B3_D1_Original,B3,1,Original,full-grid,1012,15,6,51,1.0123624510693903,1.0071861154228747,-0.10224412567283747,0,0,1,UNSTABLE,4.4251684088951282e-16,2.4337632454763643e-16,1
B3_D1_Original,B3,1,Original,full-grid,1013,15,7,52,1.0129060352494641,1.0077382191524777,-0.10218766023439978,0,0,1,UNSTABLE,3.1760477835143666e-16,2.4337632454626677e-16,1
B3_D1_Original,B3,1,Original,full-grid,1014,15,8,53,1.0134284948385781,1.0082748272365936,-0.10207441849848342,0,0,1,UNSTABLE,3.1992829951936782e-16,2.4337632454763648e-16,1
B3_D1_Original,B3,1,Original,full-grid,1015,15,9,54,1.0139235267604905,1.0087892651982346,-0.10190749010370499,0,0,1,UNSTABLE,3.5958783707968923e-16,2.433763245466294e-16,1
B3_D1_Original,B3,1,Original,full-grid,1016,15,10,55,1.0143856196357093,1.0092755510510965,-0.10169094047272498,0,0,1,UNSTABLE,2.586869550253481e-16,2.4337632454763648e-16,1
B3_D1_Original,B3,1,Original,full-grid,1017,15,11,56,1.0148102057149895,1.0097285705773738,-0.10142961787896559,0,0,1,UNSTABLE,3.5751864588792013e-16,2.4337632454626677e-16,1
B3_D1_Original,B3,1,Original,full-grid,1018,15,12,57,1.015193745632432,1.0101441883377398,-0.10112892730913352,0,0,1,UNSTABLE,3.5747470616395372e-16,2.4337632454763648e-16,1
B3_D1_Original,B3,1,Original,full-grid,1019,15,13,58,1.0155337448262933,1.0105192905174487,-0.1007945949593901,0,0,1,UNSTABLE,3.2281021080450523e-16,2.4337632454662935e-16,1
B3_D1_Original,B3,1,Original,full-grid,1020,15,14,59,1.0158287092616385,1.010851764851741,-0.10043244523701919,0,0,1,UNSTABLE,2.9584664273603244e-16,2.4337632454763643e-16,1
B3_D1_Original,B3,1,Original,full-grid,1021,15,15,60,1.0160780540885119,1.0111404295621162,-0.10004820690665074,0,0,1,UNSTABLE,3.855464528801338e-16,2.4337632454626668e-16,1
B3_D1_Original,B3,1,Original,full-grid,1022,15,16,61,1.0162819814573525,1.0113849266316621,-0.099647358304924508,0,0,1,UNSTABLE,2.6095706928364763e-16,2.4337632454763653e-16,1
B3_D1_Original,B3,1,Original,full-grid,1023,15,17,62,1.0164413432674235,1.0115855950415087,-0.099235015028975984,0,0,1,UNSTABLE,3.3717963396641339e-16,2.4337632454662935e-16,1
B3_D1_Original,B3,1,Original,full-grid,1024,15,18,63,1.0165575021091533,1.0117433376304907,-0.098815858315942778,0,0,1,UNSTABLE,3.1362436674786191e-16,2.4337632454763653e-16,1
B3_D1_Original,B3,1,Original,full-grid,1025,15,19,64,1.0166322001699335,1.0118594920821393,-0.098394098937053157,0,0,1,UNSTABLE,5.9423840403649728e-16,2.4337632454626673e-16,1
B3_D1_Original,B3,1,Original,full-grid,1026,15,20,65,1.0166674423020832,1.0119357131063975,-0.097973469760473081,0,0,1,UNSTABLE,4.1541051250046117e-16,2.4337632454763643e-16,1
B3_D1_Original,B3,1,Original,full-grid,1027,15,21,66,1.0166653963691774,1.0119738697874157,-0.097557239823496067,0,0,1,UNSTABLE,3.4931907304325266e-16,2.4337632454662931e-16,1
B3_D1_Original,B3,1,Original,full-grid,1028,15,22,67,1.0166283116452368,1.011975959624015,-0.097148243327908598,0,0,1,UNSTABLE,4.1539101262187373e-16,2.4337632454763643e-16,1
B3_D1_Original,B3,1,Original,full-grid,1029,15,23,68,1.0165584544636348,1.0119440390674781,-0.096748918016132154,0,0,1,UNSTABLE,3.6370595516128038e-16,2.4337632454626673e-16,1
B3_D1_Original,B3,1,Original,full-grid,1030,15,24,69,1.0164580593928578,1.0118801692908903,-0.096361348581959133,0,0,1,UNSTABLE,3.1274247122180806e-16,2.4337632454763643e-16,1
B3_D1_Original,B3,1,Original,full-grid,1031,15,25,70,1.0163292937975756,1.0117863753684913,-0.095987311920740878,0,0,1,UNSTABLE,3.1316899669048248e-16,2.433763245466294e-16,1
B3_D1_Original,B3,1,Original,full-grid,1032,15,26,71,1.0161742335706239,1.0116646168567467,-0.095628322023011511,0,0,1,UNSTABLE,2.450341518077683e-16,2.4337632454763648e-16,1
B3_D1_Original,B3,1,Original,full-grid,1033,15,27,72,1.0159948479626393,1.0115167678214316,-0.095285673124089129,0,0,1,UNSTABLE,3.4452173999720946e-16,2.4337632454626677e-16,1
B3_D1_Original,B3,1,Original,full-grid,1034,15,28,73,1.0157929916951489,1.0113446045489125,-0.094960480342005396,0,0,1,UNSTABLE,4.124011178523394e-16,2.4337632454763648e-16,1
B3_D1_Original,B3,1,Original,full-grid,1035,15,29,74,1.0155704028526109,1.0111497994439778,-0.094653717489688954,0,0,1,UNSTABLE,1.753914137586728e-16,2.4337632454662935e-16,1
B3_D1_Original,B3,1,Original,full-grid,1036,15,30,75,1.0153287053704712,1.010933919907937,-0.094366252065288869,0,0,1,UNSTABLE,2.2033381050418393e-16,2.4337632454763643e-16,1
B3_D1_Original,B3,1,Original,full-grid,1037,15,31,76,1.0150694152471886,1.0106984312829468,-0.094098877636559455,0,0,1,UNSTABLE,2.7276139504705202e-16,2.4337632454626668e-16,1
B3_D1_Original,B3,1,Original,full-grid,1038,15,32,77,1.0147939499021281,1.0104447032321349,-0.093852343966926127,0,0,1,UNSTABLE,3.4732005706800304e-16,2.4337632454763653e-16,1
B3_D1_Original,B3,1,Original,full-grid,1039,15,33,78,1.0145036403786691,1.0101740191979929,-0.093627385304437608,0,0,1,UNSTABLE,4.1138125563622604e-16,2.4337632454662935e-16,1
B3_D1_Original,B3,1,Original,full-grid,1040,15,34,79,1.0141997463603165,1.0098875888498915,-0.093424747279737652,0,0,1,UNSTABLE,3.6860745241007873e-16,2.4337632454763653e-16,1
B3_D1_Original,B3,1,Original,full-grid,1041,15,35,80,1.0138834742388096,1.0095865637061197,-0.093245212845637804,0,0,1,UNSTABLE,5.8045616863366922e-16,2.4337632454626673e-16,1
B3_D1_Original,B3,1,Original,full-grid,1042,15,36,81,1.0135559987602316,1.0092720564100626,-0.093089627631942576,0,0,1,UNSTABLE,3.0041309534364449e-16,2.4337632454763643e-16,1
B3_D1_Original,B3,1,Original,full-grid,1043,15,37,82,1.0132184890946541,1.008945164471551,-0.092958924976188712,0,0,1,UNSTABLE,3.6139261354411964e-16,2.4337632454662931e-16,1
B3_D1_Original,B3,1,Original,full-grid,1044,15,38,83,1.0128721405412657,1.0086069996701137,-0.092854150693960122,0,0,1,UNSTABLE,3.0913283126288731e-16,2.4337632454763643e-16,1
B3_D1_Original,B3,1,Original,full-grid,1045,15,39,84,1.0125182135071815,1.0082587247741592,-0.092776487326049151,0,0,1,UNSTABLE,4.1254084427198654e-16,2.4337632454626673e-16,1
B3_D1_Original,B3,1,Original,full-grid,1046,15,40,85,1.0121580818846121,1.0079015997664029,-0.092727277069169806,0,0,1,UNSTABLE,2.4955138476762991e-16,2.4337632454763643e-16,1
B3_D1_Original,B3,1,Original,full-grid,1047,15,41,86,1.0117932934740528,1.0075370403687707,-0.092708041744006611,0,0,1,UNSTABLE,2.7676380587488135e-16,2.433763245466294e-16,1
B3_D1_Original,B3,1,Original,full-grid,1048,15,42,87,1.0114256455804209,1.0071666922658542,-0.092720496806419819,0,0,1,UNSTABLE,3.2168817065025335e-16,2.4337632454763648e-16,1
B3_D1_Original,B3,1,Original,full-grid,1049,15,43,88,1.0110572791579502,1.0067925248713596,-0.092766554325520181,0,0,1,UNSTABLE,4.0983236149887833e-16,2.4337632454626677e-16,1
B3_D1_Original,B3,1,Original,full-grid,1050,15,44,89,1.0106907945083909,1.0064169484071752,-0.092848306730880667,0,0,1,UNSTABLE,3.0766222554830201e-16,2.4337632454763648e-16,1
B3_D1_Original,B3,1,Original,full-grid,1051,15,45,90,1.0103293898104984,1.0060429567643365,-0.092967978679356356,0,0,1,UNSTABLE,2.6490201874639087e-16,2.4337632454662935e-16,1
B3_D1_Original,B3,1,Original,full-grid,1052,15,46,91,1.0099770194042916,1.005674294828157,-0.093127828529749906,0,0,1,UNSTABLE,4.859186168573212e-16,2.4337632454763643e-16,1
B3_D1_Original,B3,1,Original,full-grid,1053,15,47,92,1.0096385598128588,1.0053156406620203,-0.093329974291731066,0,0,1,UNSTABLE,3.653395787715085e-16,2.4337632454626668e-16,1
B3_D1_Original,B3,1,Original,full-grid,1054,15,48,93,1.0093199555110823,1.0049727774905082,-0.093576113917529818,0,0,1,UNSTABLE,3.828185291581056e-16,2.4337632454763653e-16,1
B3_D1_Original,B3,1,Original,full-grid,1055,15,49,94,1.0090282917458353,1.0046527055710457,-0.093867112090955857,0,0,1,UNSTABLE,3.1448380194986255e-16,2.4337632454662935e-16,1
B3_D1_Original,B3,1,Original,full-grid,1056,15,50,95,1.0087717107726657,1.0043636113077132,-0.094202445489167563,0,0,1,UNSTABLE,2.128041324646824e-16,2.4337632454763653e-16,1
B3_D1_Original,B3,1,Original,full-grid,1057,15,51,96,1.0085590636612378,1.0041145820156556,-0.094579548935053437,0,0,1,UNSTABLE,2.1617884873957479e-16,2.4337632454626673e-16,1
B3_D1_Original,B3,1,Original,full-grid,1058,15,52,97,1.0083992016362757,1.0039149582582918,-0.094993191576714611,0,0,1,UNSTABLE,1.9276393447950633e-16,2.4337632454763643e-16,1
B3_D1_Original,B3,1,Original,full-grid,1059,15,53,98,1.0082998977605178,1.0037732927723053,-0.095435111677591902,0,0,1,UNSTABLE,3.9509408898700052e-16,2.4337632454662931e-16,1
B3_D1_Original,B3,1,Original,full-grid,1060,15,54,99,1.0082665644243407,1.00369605521785,-0.095894179574101582,0,0,1,UNSTABLE,3.2226770268540472e-16,2.4337632454763643e-16,1
B3_D1_Original,B3,1,Original,full-grid,1061,15,55,100,1.0083011259819341,1.0036864256857987,-0.096357249600130188,0,0,1,UNSTABLE,3.0374402972353452e-16,2.4337632454626673e-16,1
B3_D1_Original,B3,1,Original,full-grid,1062,15,56,101,1.0084014672455712,1.0037436070936088,-0.096810590132133806,0,0,1,UNSTABLE,4.4997286781412843e-16,2.4337632454763643e-16,1
B3_D1_Original,B3,1,Original,full-grid,1063,15,57,102,1.0085616962097572,1.0038629324839614,-0.097241492410410163,0,0,1,UNSTABLE,3.9683707079060852e-16,2.433763245466294e-16,1
B3_D1_Original,B3,1,Original,full-grid,1064,15,58,103,1.0087731157640165,1.004036709281124,-0.097639569356760075,0,0,1,UNSTABLE,3.5328116449530369e-16,2.4337632454763648e-16,1
B3_D1_Original,B3,1,Original,full-grid,1065,15,59,104,1.0090255304001665,1.0042554575365359,-0.097997433677727411,0,0,1,UNSTABLE,2.2134513188164007e-16,2.4337632454626677e-16,1
B3_D1_Original,B3,1,Original,full-grid,1066,15,60,105,1.0093084804547252,1.0045091374885882,-0.09831073908662892,0,0,1,UNSTABLE,3.3225618274639937e-16,2.4337632454763648e-16,1
B3_D1_Original,B3,1,Original,full-grid,1067,15,61,106,1.0096121519854775,1.0047880965688398,-0.098577778582777026,0,0,1,UNSTABLE,3.8157614763790608e-16,2.4337632454662935e-16,1
B3_D1_Original,B3,1,Original,full-grid,1068,15,62,107,1.009927902729153,1.0050836528191605,-0.098798884338835838,0,0,1,UNSTABLE,3.3574794869993278e-16,2.4337632454763643e-16,1
B3_D1_Original,B3,1,Original,full-grid,1069,15,63,108,1.0102484689100424,1.0053883611958767,-0.098975815768065217,0,0,1,UNSTABLE,2.6101868683482059e-16,2.4337632454626668e-16,1
B3_D1_Original,B3,1,Original,full-grid,1070,15,64,109,1.0105679589456114,1.005696058736409,-0.099111235939989856,0,0,1,UNSTABLE,4.8734547110292393e-16,2.4337632454763653e-16,1
B3_D1_Original,B3,1,Original,full-grid,1071,15,65,110,1.0108817300162032,1.0060017810769346,-0.0992083088787791,0,0,1,UNSTABLE,3.9518399471112403e-16,2.4337632454662935e-16,1
B3_D1_Original,B3,1,Original,full-grid,1072,15,66,111,1.0111862154477651,1.0063016185901061,-0.099270412180601009,0,0,1,UNSTABLE,5.3976748791677745e-16,2.4337632454763653e-16,1
B3_D1_Original,B3,1,Original,full-grid,1073,16,0,46,1.0091643472418057,1.0042032313359424,-0.099942733194723951,0,0,1,UNSTABLE,2.4022367868683434e-16,1.2044523497416284e-16,1
B3_D1_Original,B3,1,Original,full-grid,1074,16,1,47,1.0096876102171164,1.0047002288863309,-0.1002323316186241,0,0,1,UNSTABLE,2.3768680112019142e-16,2.4337632454763663e-16,1
B3_D1_Original,B3,1,Original,full-grid,1075,16,2,48,1.010231273921639,1.0052228250302395,-0.10047038791386216,0,0,1,UNSTABLE,4.1540247013797868e-16,2.4337632454626673e-16,1
B3_D1_Original,B3,1,Original,full-grid,1076,16,3,49,1.0107891866787719,1.0057651894644164,-0.10065368134519312,0,0,1,UNSTABLE,5.6261585567273991e-16,2.4337632454763643e-16,1
B3_D1_Original,B3,1,Original,full-grid,1077,16,4,50,1.011354674806382,1.0063208780358601,-0.10077980294611659,0,0,1,UNSTABLE,2.7844839071427067e-16,2.4337632454662931e-16,1
B3_D1_Original,B3,1,Original,full-grid,1078,16,5,51,1.0119207080209995,1.006882981987977,-0.10084730985365921,0,0,1,UNSTABLE,4.8798925551346602e-16,2.4337632454763639e-16,1
B3_D1_Original,B3,1,Original,full-grid,1079,16,6,52,1.0124801074621637,1.0074443243969107,-0.1008558438914004,0,0,1,UNSTABLE,3.4652341847672521e-16,2.4337632454626677e-16,1
B3_D1_Original,B3,1,Original,full-grid,1080,16,7,53,1.0130257834452492,1.0079976927141132,-0.1008061972692417,0,0,1,UNSTABLE,3.6854486872301497e-16,2.4337632454763648e-16,1
B3_D1_Original,B3,1,Original,full-grid,1081,16,8,54,1.0135509834969889,1.0085360891646244,-0.10070031281102576,0,0,1,UNSTABLE,2.2967482633459312e-16,2.433763245466294e-16,1
B3_D1_Original,B3,1,Original,full-grid,1082,16,9,55,1.0140495274342176,1.0090529760039988,-0.10054121397234674,0,0,1,UNSTABLE,3.1411915150972951e-16,2.4337632454763639e-16,1
B3_D1_Original,B3,1,Original,full-grid,1083,16,10,56,1.0145160066109005,1.0095424919063301,-0.1003328695158571,0,0,1,UNSTABLE,2.7030793378324884e-16,2.4337632454626677e-16,1
B3_D1_Original,B3,1,Original,full-grid,1084,16,11,57,1.0149459292012974,1.009999619528271,-0.10008000676975,0,0,1,UNSTABLE,5.5957346136548096e-16,2.4337632454763643e-16,1
B3_D1_Original,B3,1,Original,full-grid,1085,16,12,58,1.0153358013733678,1.0104202916717715,-0.099787893696737504,0,0,1,UNSTABLE,2.4159993664879353e-16,2.4337632454662935e-16,1
B3_D1_Original,B3,1,Original,full-grid,1086,16,13,59,1.0156831433798474,1.010801432515982,-0.099462112231776381,0,0,1,UNSTABLE,2.7281959495360905e-16,2.4337632454763639e-16,1
B3_D1_Original,B3,1,Original,full-grid,1087,16,14,60,1.0159864477665781,1.0111409388889772,-0.099108343483620964,0,0,1,UNSTABLE,5.093037217653886e-16,2.4337632454626668e-16,1
B3_D1_Original,B3,1,Original,full-grid,1088,16,15,61,1.0162450925053785,1.0114376127918625,-0.098732180524711485,0,0,1,UNSTABLE,2.5820259781032966e-16,2.4337632454763648e-16,1
B3_D1_Original,B3,1,Original,full-grid,1089,16,16,62,1.0164592243207173,1.011691059595748,-0.098338978237049166,0,0,1,UNSTABLE,3.7931510165026182e-16,2.4337632454662935e-16,1
B3_D1_Original,B3,1,Original,full-grid,1090,16,17,63,1.0166296271286559,1.011901566667238,-0.097933743582789098,0,0,1,UNSTABLE,2.307384951685818e-16,2.4337632454763653e-16,1
B3_D1_Original,B3,1,Original,full-grid,1091,16,18,64,1.0167575882121405,1.0120699754031239,-0.097521064773146995,0,0,1,UNSTABLE,2.9942941924839204e-16,2.4337632454626673e-16,1
B3_D1_Original,B3,1,Original,full-grid,1092,16,19,65,1.0168447715200695,1.0121975567355641,-0.097105074564910965,0,0,1,UNSTABLE,5.1149362946487985e-16,2.4337632454763643e-16,1
B3_D1_Original,B3,1,Original,full-grid,1093,16,20,66,1.0168931041314,1.0122858969557211,-0.096689441277449314,0,0,1,UNSTABLE,2.9727709576266259e-16,2.4337632454662926e-16,1
B3_D1_Original,B3,1,Original,full-grid,1094,16,21,67,1.0169046790059542,1.0123367977792981,-0.096277380760797324,0,0,1,UNSTABLE,4.1998422735920184e-16,2.4337632454763639e-16,1
B3_D1_Original,B3,1,Original,full-grid,1095,16,22,68,1.016881674900906,1.0123521922439145,-0.095871683036299019,0,0,1,UNSTABLE,2.3977910401031575e-16,2.4337632454626673e-16,1
B3_D1_Original,B3,1,Original,full-grid,1096,16,23,69,1.0168262927985727,1.012334076363671,-0.095474748281425631,0,0,1,UNSTABLE,3.8222448979340779e-16,2.4337632454763643e-16,1
B3_D1_Original,B3,1,Original,full-grid,1097,16,24,70,1.0167407072780508,1.012284455413393,-0.09508862794614821,0,0,1,UNSTABLE,2.2026594621398677e-16,2.433763245466294e-16,1
B3_D1_Original,B3,1,Original,full-grid,1098,16,25,71,1.0166270308288616,1.0122053031523548,-0.094715067872839231,0,0,1,UNSTABLE,2.4269115444082067e-16,2.4337632454763639e-16,1
B3_D1_Original,B3,1,Original,full-grid,1099,16,26,72,1.016487289004099,1.0120985320887561,-0.094355551244682201,0,0,1,UNSTABLE,2.8695275134224028e-16,2.4337632454626677e-16,1
B3_D1_Original,B3,1,Original,full-grid,1100,16,27,73,1.0163234044209202,1.0119659729120183,-0.09401133996471675,0,0,1,UNSTABLE,3.8651896953189409e-16,2.4337632454763643e-16,1
B3_D1_Original,B3,1,Original,full-grid,1101,16,28,74,1.0161371878445555,1.0118093613854542,-0.093683513669166663,0,0,1,UNSTABLE,3.5680396369669443e-16,2.4337632454662935e-16,1
B3_D1_Original,B3,1,Original,full-grid,1102,16,29,75,1.0159303348731841,1.0116303312286812,-0.093373006022558616,0,0,1,UNSTABLE,3.3842750021341987e-16,2.4337632454763639e-16,1
B3_D1_Original,B3,1,Original,full-grid,1103,16,30,76,1.0157044270360189,1.0114304117843287,-0.093080638257110285,0,0,1,UNSTABLE,2.1951978901012511e-16,2.4337632454626668e-16,1
B3_D1_Original,B3,1,Original,full-grid,1104,16,31,77,1.0154609364030451,1.011211029530938,-0.092807150131495292,0,0,1,UNSTABLE,3.7330216684617125e-16,2.4337632454763648e-16,1
B3_D1_Original,B3,1,Original,full-grid,1105,16,32,78,1.0152012330732549,1.0109735127613644,-0.092553228622260758,0,0,1,UNSTABLE,3.0931586216800258e-16,2.4337632454662935e-16,1
B3_D1_Original,B3,1,Original,full-grid,1106,16,33,79,1.0149265951583026,1.0107190989908024,-0.092319534741276355,0,0,1,UNSTABLE,3.964542891119654e-16,2.4337632454763653e-16,1
B3_D1_Original,B3,1,Original,full-grid,1107,16,34,80,1.0146382211159313,1.0104489448943563,-0.092106728913708261,0,0,1,UNSTABLE,2.2478692729641528e-16,2.4337632454626673e-16,1
B3_D1_Original,B3,1,Original,full-grid,1108,16,35,81,1.0143372445210774,1.0101641388090763,-0.09191549535703375,0,0,1,UNSTABLE,4.0541216920024879e-16,2.4337632454763643e-16,1
B3_D1_Original,B3,1,Original,full-grid,1109,16,36,82,1.014024751604129,1.0098657160807356,-0.091746565878830483,0,0,1,UNSTABLE,5.9201800809140357e-16,2.4337632454662926e-16,1
B3_D1_Original,B3,1,Original,full-grid,1110,16,37,83,1.0137018021502611,1.0095546778069111,-0.091600743451517433,0,0,1,UNSTABLE,4.0165686081083248e-16,2.4337632454763639e-16,1
B3_D1_Original,B3,1,Original,full-grid,1111,16,38,84,1.0133694546558538,1.0092320138410058,-0.091478925813163234,0,0,1,UNSTABLE,3.4459626940312432e-16,2.4337632454626673e-16,1
B3_D1_Original,B3,1,Original,full-grid,1112,16,39,85,1.0130287969935912,1.0088987312952682,-0.091382129155983927,0,0,1,UNSTABLE,2.1361071215422356e-16,2.4337632454763643e-16,1
B3_D1_Original,B3,1,Original,full-grid,1113,16,40,86,1.012680984260556,1.0085558902326177,-0.091311511651162455,0,0,1,UNSTABLE,3.2211144087421542e-16,2.433763245466294e-16,1
B3_D1_Original,B3,1,Original,full-grid,1114,16,41,87,1.0123272859755341,1.0082046487762724,-0.091268396044329736,0,0,1,UNSTABLE,2.6746545692598607e-16,2.4337632454763639e-16,1
B3_D1_Original,B3,1,Original,full-grid,1115,16,42,88,1.0119691453320538,1.0078463204832055,-0.091254289721369175,0,0,1,UNSTABLE,2.8782116283255274e-16,2.4337632454626677e-16,1
B3_D1_Original,B3,1,Original,full-grid,1116,16,43,89,1.0116082537274516,1.0074824474639859,-0.091270899313421278,0,0,1,UNSTABLE,2.0692569696543263e-16,2.4337632454763643e-16,1
B3_D1_Original,B3,1,Original,full-grid,1117,16,44,90,1.0112466440930894,1.0071148932288196,-0.09132013483475869,0,0,1,UNSTABLE,3.2875556148410981e-16,2.4337632454662935e-16,1
B3_D1_Original,B3,1,Original,full-grid,1118,16,45,91,1.0108868062634386,1.0067459592450758,-0.091404095210264727,0,0,1,UNSTABLE,3.3893052855322172e-16,2.4337632454763639e-16,1
B3_D1_Original,B3,1,Original,full-grid,1119,16,46,92,1.010531826002907,1.0063785279982018,-0.091525022529043237,0,0,1,UNSTABLE,1.6217291537194944e-16,2.4337632454626668e-16,1
B3_D1_Original,B3,1,Original,full-grid,1120,16,47,93,1.0101855450647932,1.0060162316765164,-0.091685206337962774,0,0,1,UNSTABLE,2.9749619607571035e-16,2.4337632454763648e-16,1
B3_D1_Original,B3,1,Original,full-grid,1121,16,48,94,1.0098527307606615,1.0056636373754881,-0.09188681235883582,0,0,1,UNSTABLE,2.8293724255177636e-16,2.4337632454662935e-16,1
B3_D1_Original,B3,1,Original,full-grid,1122,16,49,95,1.0095392273747954,1.0053264241303617,-0.092131604532640826,0,0,1,UNSTABLE,2.395379945748059e-16,2.4337632454763653e-16,1
B3_D1_Original,B3,1,Original,full-grid,1123,16,50,96,1.0092520364290785,1.0050115016673429,-0.092420531012292487,0,0,1,UNSTABLE,4.2205842742296614e-16,2.4337632454626673e-16,1
B3_D1_Original,B3,1,Original,full-grid,1124,16,51,97,1.0089992405482291,1.0047269867695878,-0.092753164279218495,0,0,1,UNSTABLE,2.9542954346623917e-16,2.4337632454763643e-16,1
B3_D1_Original,B3,1,Original,full-grid,1125,16,52,98,1.0087896595959895,1.0044819223438377,-0.093127036848709099,0,0,1,UNSTABLE,3.4656997485618403e-16,2.4337632454662926e-16,1
B3_D1_Original,B3,1,Original,full-grid,1126,16,53,99,1.0086321383296297,1.0042856264133189,-0.093537003645663919,0,0,1,UNSTABLE,3.1878926858157882e-16,2.4337632454763639e-16,1
B3_D1_Original,B3,1,Original,full-grid,1127,16,54,100,1.0085344534928373,1.0041466369027616,-0.093974866208841573,0,0,1,UNSTABLE,5.074907864312433e-16,2.4337632454626673e-16,1
B3_D1_Original,B3,1,Original,full-grid,1128,16,55,101,1.0085020096494046,1.0040713948051638,-0.094429537756470977,0,0,1,UNSTABLE,1.4237691280974231e-16,2.4337632454763643e-16,1
B3_D1_Original,B3,1,Original,full-grid,1129,16,56,102,1.008536695490126,1.0040630207994257,-0.094887915001200251,0,0,1,UNSTABLE,3.3156466790267573e-16,2.433763245466294e-16,1
B3_D1_Original,B3,1,Original,full-grid,1130,16,57,103,1.0086363352078254,1.0041206298352128,-0.095336338511650784,0,0,1,UNSTABLE,2.3334371337729535e-16,2.4337632454763639e-16,1
B3_D1_Original,B3,1,Original,full-grid,1131,16,58,104,1.0087949760100992,1.0042394634902303,-0.095762224243543109,0,0,1,UNSTABLE,3.6298947156040854e-16,2.4337632454626677e-16,1
B3_D1_Original,B3,1,Original,full-grid,1132,16,59,105,1.0090038934962897,1.0044117698225286,-0.096155362474734801,0,0,1,UNSTABLE,3.8423034445448747e-16,2.4337632454763643e-16,1
B3_D1_Original,B3,1,Original,full-grid,1133,16,60,106,1.0092529224952564,1.0046280688966294,-0.0965085734546174,0,0,1,UNSTABLE,2.1463941564557337e-16,2.4337632454662935e-16,1
B3_D1_Original,B3,1,Original,full-grid,1134,16,61,107,1.0095316960245198,1.0048783881988497,-0.096817716400592405,0,0,1,UNSTABLE,3.0708320035914679e-16,2.4337632454763639e-16,1
B3_D1_Original,B3,1,Original,full-grid,1135,16,62,108,1.0098305429171894,1.0051531994586089,-0.09708125991429753,0,0,1,UNSTABLE,4.1303966915408814e-16,2.4337632454626668e-16,1
B3_D1_Original,B3,1,Original,full-grid,1136,16,63,109,1.0101409933820897,1.0054439823102865,-0.097299665708505456,0,0,1,UNSTABLE,3.0793518515047547e-16,2.4337632454763648e-16,1
B3_D1_Original,B3,1,Original,full-grid,1137,16,64,110,1.0104559654443785,1.0057434697072429,-0.097474772343245211,0,0,1,UNSTABLE,2.683571871878682e-16,2.4337632454662935e-16,1
B3_D1_Original,B3,1,Original,full-grid,1138,16,65,111,1.0107697428076576,1.0060456760496248,-0.097609275570059287,0,0,1,UNSTABLE,2.3586935024598768e-16,2.4337632454763653e-16,1
B3_D1_Original,B3,1,Original,full-grid,1139,16,66,112,1.0110778412615034,1.0063458021136953,-0.097706333766880801,0,0,1,UNSTABLE,3.3385740501474996e-16,2.4337632454626673e-16,1
B3_D1_Original,B3,1,Original,full-grid,1140,17,0,47,1.0091474088525698,1.0043239622200488,-0.098548829036562452,0,0,1,UNSTABLE,3.3036091518095374e-16,1.2044523497416289e-16,1
B3_D1_Original,B3,1,Original,full-grid,1141,17,1,48,1.0096715397700735,1.0048217380825935,-0.098842768568809955,0,0,1,UNSTABLE,2.852970319732876e-16,2.4337632454626673e-16,1
B3_D1_Original,B3,1,Original,full-grid,1142,17,2,49,1.0102161232850777,1.0053450493801648,-0.099085556121592838,0,0,1,UNSTABLE,3.1414554009496318e-16,2.4337632454763643e-16,1
B3_D1_Original,B3,1,Original,full-grid,1143,17,3,50,1.0107750947383298,1.0058881446988246,-0.099274027306422721,0,0,1,UNSTABLE,3.6849351299160018e-16,2.4337632454662931e-16,1
B3_D1_Original,B3,1,Original,full-grid,1144,17,4,51,1.0113418825639022,1.006444676428849,-0.099405818320292827,0,0,1,UNSTABLE,5.1570856145316444e-16,2.4337632454763639e-16,1
B3_D1_Original,B3,1,Original,full-grid,1145,17,5,52,1.011909571426294,1.0070078485427936,-0.099479514058724933,0,0,1,UNSTABLE,5.2299634081608576e-16,2.4337632454626677e-16,1
B3_D1_Original,B3,1,Original,full-grid,1146,17,6,53,1.0124711055506159,1.00757060902261,-0.099494760709764582,0,0,1,UNSTABLE,3.3932481954328092e-16,2.4337632454763648e-16,1
B3_D1_Original,B3,1,Original,full-grid,1147,17,7,54,1.0130195196030958,1.0081258759585809,-0.09945232686886224,0,0,1,UNSTABLE,3.2658197101380037e-16,2.433763245466294e-16,1
B3_D1_Original,B3,1,Original,full-grid,1148,17,8,55,1.0135481784899945,1.0086667797673257,-0.099354101647586401,0,0,1,UNSTABLE,2.8373216942026374e-16,2.4337632454763648e-16,1
B3_D1_Original,B3,1,Original,full-grid,1149,17,9,56,1.0140510040637929,1.0091868997065876,-0.099203025676600665,0,0,1,UNSTABLE,2.6728079456700261e-16,2.4337632454626677e-16,1
B3_D1_Original,B3,1,Original,full-grid,1150,17,10,57,1.0145226672022805,1.0096804723292572,-0.099002959875940766,0,0,1,UNSTABLE,4.422638681125826e-16,2.4337632454763643e-16,1
B3_D1_Original,B3,1,Original,full-grid,1151,17,11,58,1.0149587282265884,1.0101425531269514,-0.098758505281811945,0,0,1,UNSTABLE,2.8020615239190448e-16,2.4337632454662935e-16,1
B3_D1_Original,B3,1,Original,full-grid,1152,17,12,59,1.0153557161017355,1.0105691195316813,-0.098474793066199273,0,0,1,UNSTABLE,2.3271272506961598e-16,2.4337632454763639e-16,1
B3_D1_Original,B3,1,Original,full-grid,1153,17,13,60,1.0157111454346339,1.010957111897872,-0.098157265972772884,0,0,1,UNSTABLE,2.8569615259490597e-16,2.4337632454626668e-16,1
B3_D1_Original,B3,1,Original,full-grid,1154,17,14,61,1.0160234779506201,1.0113044170518772,-0.097811470688448268,0,0,1,UNSTABLE,4.8591587389890526e-16,2.4337632454763648e-16,1
B3_D1_Original,B3,1,Original,full-grid,1155,17,15,62,1.0162920404416231,1.011609804890758,-0.097442876157677188,0,0,1,UNSTABLE,2.9276120693062493e-16,2.4337632454662931e-16,1
B3_D1_Original,B3,1,Original,full-grid,1156,17,16,63,1.0165169135827667,1.0118728316058991,-0.097056727008972499,0,0,1,UNSTABLE,2.1437943849883795e-16,2.4337632454763653e-16,1
B3_D1_Original,B3,1,Original,full-grid,1157,17,17,64,1.0166988057866007,1.0120937235199103,-0.096657935522662969,0,0,1,UNSTABLE,2.944184622709346e-16,2.4337632454626673e-16,1
B3_D1_Original,B3,1,Original,full-grid,1158,17,18,65,1.0168389241900493,1.0122732539420172,-0.096251010912183077,0,0,1,UNSTABLE,2.273047720268427e-16,2.4337632454763639e-16,1
B3_D1_Original,B3,1,Original,full-grid,1159,17,19,66,1.016938851868584,1.0124126227521373,-0.095840021556407612,0,0,1,UNSTABLE,1.798729832335559e-16,2.4337632454662931e-16,1
B3_D1_Original,B3,1,Original,full-grid,1160,17,20,67,1.0170004372242822,1.0125133454103925,-0.09542858418857729,0,0,1,UNSTABLE,3.0986167508470026e-16,2.4337632454763639e-16,1
B3_D1_Original,B3,1,Original,full-grid,1161,17,21,68,1.0170256987146931,1.012577155312949,-0.095019873628867255,0,0,1,UNSTABLE,3.0982069747939781e-16,2.4337632454626673e-16,1
B3_D1_Original,B3,1,Original,full-grid,1162,17,22,69,1.0170167459255441,1.0126059211725225,-0.094616647051827679,0,0,1,UNSTABLE,3.5667816931293247e-16,2.4337632454763643e-16,1
B3_D1_Original,B3,1,Original,full-grid,1163,17,23,70,1.0169757164882922,1.0126015794803598,-0.094221277643405613,0,0,1,UNSTABLE,2.7437576566058508e-16,2.4337632454662935e-16,1
B3_D1_Original,B3,1,Original,full-grid,1164,17,24,71,1.0169047274294167,1.0125660810627375,-0.093835793541410487,0,0,1,UNSTABLE,4.1464021425690025e-16,2.4337632454763643e-16,1
B3_D1_Original,B3,1,Original,full-grid,1165,17,25,72,1.0168058390837413,1.0125013501696039,-0.093461918980514605,0,0,1,UNSTABLE,4.1475317548328716e-16,2.4337632454626677e-16,1
B3_D1_Original,B3,1,Original,full-grid,1166,17,26,73,1.016681029575057,1.0124092543014744,-0.093101115474146803,0,0,1,UNSTABLE,3.2380545035728922e-16,2.4337632454763643e-16,1
B3_D1_Original,B3,1,Original,full-grid,1167,17,27,74,1.0165321779477232,1.0122915829797443,-0.092754621618036992,0,0,1,UNSTABLE,3.7441652859287243e-16,2.4337632454662935e-16,1
B3_D1_Original,B3,1,Original,full-grid,1168,17,28,75,1.0163610542322608,1.0121500338041161,-0.092423490685211288,0,0,1,UNSTABLE,4.5872946711766491e-16,2.4337632454763639e-16,1
B3_D1_Original,B3,1,Original,full-grid,1169,17,29,76,1.0161693149836728,1.011986204352876,-0.092108625621307089,0,0,1,UNSTABLE,2.9845118821828845e-16,2.4337632454626668e-16,1
B3_D1_Original,B3,1,Original,full-grid,1170,17,30,77,1.0159585031031464,1.0118015887242493,-0.091810811360489408,0,0,1,UNSTABLE,4.9522813917853015e-16,2.4337632454763648e-16,1
B3_D1_Original,B3,1,Original,full-grid,1171,17,31,78,1.015730051018779,1.011597577762956,-0.091530744598367825,0,0,1,UNSTABLE,5.4097756539791565e-16,2.4337632454662931e-16,1
B3_D1_Original,B3,1,Original,full-grid,1172,17,32,79,1.0154852865488737,1.0113754622525883,-0.091269061300155038,0,0,1,UNSTABLE,3.5166636709258713e-16,2.4337632454763653e-16,1
B3_D1_Original,B3,1,Original,full-grid,1173,17,33,80,1.0152254410001111,1.0111364385771333,-0.091026362310164616,0,0,1,UNSTABLE,3.7220169158210113e-16,2.4337632454626673e-16,1
B3_D1_Original,B3,1,Original,full-grid,1174,17,34,81,1.0149516592659082,1.0108816165654089,-0.090803237479321064,0,0,1,UNSTABLE,1.8850825142817508e-16,2.4337632454763639e-16,1
B3_D1_Original,B3,1,Original,full-grid,1175,17,35,82,1.0146650118951426,1.0106120294369418,-0.090600288749626459,0,0,1,UNSTABLE,3.8284869349929339e-16,2.4337632454662931e-16,1
B3_D1_Original,B3,1,Original,full-grid,1176,17,36,83,1.0143665093083083,1.0103286459764484,-0.09041815263385268,0,0,1,UNSTABLE,4.3925346437706751e-16,2.4337632454763639e-16,1
B3_D1_Original,B3,1,Original,full-grid,1177,17,37,84,1.0140571185590441,1.0100323852883184,-0.090257522506775267,0,0,1,UNSTABLE,2.9947215600765155e-16,2.4337632454626673e-16,1
B3_D1_Original,B3,1,Original,full-grid,1178,17,38,85,1.013737783289095,1.0097241347384167,-0.090119171071663867,0,0,1,UNSTABLE,2.413059379538311e-16,2.4337632454763643e-16,1
B3_D1_Original,B3,1,Original,full-grid,1179,17,39,86,1.0134094478196405,1.0094047719946961,-0.090003973270320073,0,0,1,UNSTABLE,6.461112511872143e-16,2.4337632454662935e-16,1
B3_D1_Original,B3,1,Original,full-grid,1180,17,40,87,1.0130730866802331,1.0090751924520804,-0.089912929735450051,0,0,1,UNSTABLE,2.9437172938633916e-16,2.4337632454763643e-16,1
B3_D1_Original,B3,1,Original,full-grid,1181,17,41,88,1.0127297413128866,1.0087363437895505,-0.089847190594675386,0,0,1,UNSTABLE,4.9962419492094929e-16,2.4337632454626677e-16,1
B3_D1_Original,B3,1,Original,full-grid,1182,17,42,89,1.0123805662122147,1.008389269974578,-0.089808078947842401,0,0,1,UNSTABLE,2.3959787902841946e-16,2.4337632454763643e-16,1
B3_D1_Original,B3,1,Original,full-grid,1183,17,43,90,1.0120268873589404,1.0080351676992712,-0.08979711253112771,0,0,1,UNSTABLE,4.7907559819762381e-16,2.4337632454662935e-16,1
B3_D1_Original,B3,1,Original,full-grid,1184,17,44,91,1.0116702764087631,1.0076754589561068,-0.089816020767916616,0,0,1,UNSTABLE,3.1162025445090304e-16,2.4337632454763639e-16,1
B3_D1_Original,B3,1,Original,full-grid,1185,17,45,92,1.0113126445430631,1.0073118840955853,-0.089866752319677209,0,0,1,UNSTABLE,6.395029167681695e-16,2.4337632454626668e-16,1
B3_D1_Original,B3,1,Original,full-grid,1186,17,46,93,1.0109563597955051,1.0069466199104244,-0.089951465035038827,0,0,1,UNSTABLE,2.5424843354703006e-16,2.4337632454763648e-16,1
B3_D1_Original,B3,1,Original,full-grid,1187,17,47,94,1.0106043902946733,1.0065824263544401,-0.090072485461858448,0,0,1,UNSTABLE,4.9513286288006598e-16,2.4337632454662931e-16,1
B3_D1_Original,B3,1,Original,full-grid,1188,17,48,95,1.0102604718521029,1.0062228220987262,-0.090232218605710415,0,0,1,UNSTABLE,2.5539615866732301e-16,2.4337632454763653e-16,1
B3_D1_Original,B3,1,Original,full-grid,1189,17,49,96,1.0099292894794656,1.0058722810194523,-0.090432980848924954,0,0,1,UNSTABLE,3.4087112552277354e-16,2.4337632454626673e-16,1
B3_D1_Original,B3,1,Original,full-grid,1190,17,50,97,1.0096166457651712,1.0055364257282793,-0.090676722149137995,0,0,1,UNSTABLE,3.9546362153635371e-16,2.4337632454763639e-16,1
B3_D1_Original,B3,1,Original,full-grid,1191,17,51,98,1.0093295619975944,1.0052221672761821,-0.090964603768888666,0,0,1,UNSTABLE,5.928440737793503e-16,2.4337632454662931e-16,1
B3_D1_Original,B3,1,Original,full-grid,1192,17,52,99,1.009076222056102,1.0049377026788844,-0.09129641643296714,0,0,1,UNSTABLE,2.9523522235116183e-16,2.4337632454763639e-16,1
B3_D1_Original,B3,1,Original,full-grid,1193,17,53,100,1.008865637664822,1.0046922456653524,-0.091669877063071947,0,0,1,UNSTABLE,4.1464294492398046e-16,2.4337632454626673e-16,1
B3_D1_Original,B3,1,Original,full-grid,1194,17,54,101,1.0087069199360279,1.0044953633828739,-0.092079939558714741,0,0,1,UNSTABLE,2.9581207242251684e-16,2.4337632454763643e-16,1
B3_D1_Original,B3,1,Original,full-grid,1195,17,55,102,1.0086081343107673,1.0043558728362405,-0.092518372754821526,0,0,1,UNSTABLE,3.8468414235413806e-16,2.4337632454662935e-16,1
B3_D1_Original,B3,1,Original,full-grid,1196,17,56,103,1.0085749149360255,1.0042804440924189,-0.092973913823957879,0,0,1,UNSTABLE,2.6060598568396123e-16,2.4337632454763643e-16,1
B3_D1_Original,B3,1,Original,full-grid,1197,17,57,104,1.0086092429146549,1.0042722961343262,-0.093433185271409369,0,0,1,UNSTABLE,3.4993177744468421e-16,2.4337632454626677e-16,1
B3_D1_Original,B3,1,Original,full-grid,1198,17,58,105,1.0087088669165389,1.0043304743622521,-0.093882247860508555,0,0,1,UNSTABLE,3.0903157225355589e-16,2.4337632454763643e-16,1
B3_D1_Original,B3,1,Original,full-grid,1199,17,59,106,1.0088676278487703,1.0044500135810408,-0.094308328042924439,0,0,1,UNSTABLE,2.6201713535984269e-16,2.4337632454662935e-16,1
B3_D1_Original,B3,1,Original,full-grid,1200,17,60,107,1.0090765471285252,1.0046228977052194,-0.094701168795294319,0,0,1,UNSTABLE,2.49910172409098e-16,2.4337632454763639e-16,1
B3_D1_Original,B3,1,Original,full-grid,1201,17,61,108,1.009325240455559,1.0048394097445206,-0.095053677703473394,0,0,1,UNSTABLE,3.4383536646166689e-16,2.4337632454626668e-16,1
B3_D1_Original,B3,1,Original,full-grid,1202,17,62,109,1.0096032061405786,1.0050894209270056,-0.095361888561164496,0,0,1,UNSTABLE,4.1163494903472819e-16,2.4337632454763648e-16,1
B3_D1_Original,B3,1,Original,full-grid,1203,17,63,110,1.0099007327787461,1.0053633421417314,-0.095624475656896121,0,0,1,UNSTABLE,2.197448015392035e-16,2.4337632454662931e-16,1
B3_D1_Original,B3,1,Original,full-grid,1204,17,64,111,1.0102093885318126,1.0056526744920677,-0.09584209390852258,0,0,1,UNSTABLE,3.7395922697985673e-16,2.4337632454763653e-16,1
B3_D1_Original,B3,1,Original,full-grid,1205,17,65,112,1.0105221812725675,1.0059502298158365,-0.096016738006108618,0,0,1,UNSTABLE,2.7766022711494148e-16,2.4337632454626673e-16,1
B3_D1_Original,B3,1,Original,full-grid,1206,17,66,113,1.0108335112299962,1.0062501336285308,-0.096151214231161311,0,0,1,UNSTABLE,2.8917870467192264e-16,2.4337632454763639e-16,1
B3_D1_Original,B3,1,Original,full-grid,1207,18,0,48,1.0090140698123786,1.0043224871045346,-0.097189171081460593,0,0,1,UNSTABLE,2.7048038087232366e-16,1.204452349741626e-16,1
B3_D1_Original,B3,1,Original,full-grid,1208,18,1,49,1.0095392784069361,1.0048212150558991,-0.097487847550266349,0,0,1,UNSTABLE,3.299444210609472e-16,2.4337632454763643e-16,1
B3_D1_Original,B3,1,Original,full-grid,1209,18,2,50,1.0100850665641508,1.0053454919711711,-0.097735783974697829,0,0,1,UNSTABLE,2.5445235949542528e-16,2.4337632454662931e-16,1
B3_D1_Original,B3,1,Original,full-grid,1210,18,3,51,1.0106454640049976,1.005889654584962,-0.097929856084968195,0,0,1,UNSTABLE,4.7342308791107941e-16,2.4337632454763639e-16,1
B3_D1_Original,B3,1,Original,full-grid,1211,18,4,52,1.0112140044120284,1.006447457053411,-0.098067726137257311,0,0,1,UNSTABLE,6.1002456634440591e-16,2.4337632454626677e-16,1
B3_D1_Original,B3,1,Original,full-grid,1212,18,5,53,1.0117838855423182,1.0070122163530408,-0.098147986015238511,0,0,1,UNSTABLE,2.4248303033485326e-16,2.4337632454763643e-16,1
B3_D1_Original,B3,1,Original,full-grid,1213,18,6,54,1.0123481675718038,1.007577000225653,-0.098170265367185219,0,0,1,UNSTABLE,4.8674582531621345e-16,2.433763245466294e-16,1
B3_D1_Original,B3,1,Original,full-grid,1214,18,7,55,1.0128999973777102,1.0081348469249516,-0.098135289796126915,0,0,1,UNSTABLE,2.1123842312977588e-16,2.4337632454763643e-16,1
B3_D1_Original,B3,1,Original,full-grid,1215,18,8,56,1.0134328409358484,1.0086789999340526,-0.098044878394254117,0,0,1,UNSTABLE,4.2132567200998709e-16,2.4337632454626677e-16,1
B3_D1_Original,B3,1,Original,full-grid,1216,18,9,57,1.0139407029309642,1.009203136912759,-0.097901876925751655,0,0,1,UNSTABLE,1.7865725934215679e-16,2.4337632454763643e-16,1
B3_D1_Original,B3,1,Original,full-grid,1217,18,10,58,1.0144183131787232,1.0097015716939417,-0.097710031374213552,0,0,1,UNSTABLE,2.7140579612569665e-16,2.4337632454662935e-16,1
B3_D1_Original,B3,1,Original,full-grid,1218,18,11,59,1.0148612636850618,1.0101694115466358,-0.097473814452724405,0,0,1,UNSTABLE,3.4706530219676911e-16,2.4337632454763643e-16,1
B3_D1_Original,B3,1,Original,full-grid,1219,18,12,60,1.0152660871652797,1.0106026583964716,-0.097198223182740837,0,0,1,UNSTABLE,3.2669393180518874e-16,2.4337632454626668e-16,1
B3_D1_Original,B3,1,Original,full-grid,1220,18,13,61,1.0156302758910376,1.0109982506222652,-0.096888567670415066,0,0,1,UNSTABLE,3.1740785156137918e-16,2.4337632454763648e-16,1
B3_D1_Original,B3,1,Original,full-grid,1221,18,14,62,1.015952246980347,1.0113540495621591,-0.096550269697384075,0,0,1,UNSTABLE,2.9529243007670437e-16,2.4337632454662935e-16,1
B3_D1_Original,B3,1,Original,full-grid,1222,18,15,63,1.0162312653400112,1.0116687804914768,-0.096188685579168515,0,0,1,UNSTABLE,4.5143280678320243e-16,2.4337632454763648e-16,1
B3_D1_Original,B3,1,Original,full-grid,1223,18,16,64,1.0164673378626512,1.0119419408681742,-0.095808962281915933,0,0,1,UNSTABLE,3.6968362835268884e-16,2.4337632454626673e-16,1
B3_D1_Original,B3,1,Original,full-grid,1224,18,17,65,1.0166610923940467,1.0121736891569539,-0.095415930358920528,0,0,1,UNSTABLE,2.6383179327496208e-16,2.4337632454763643e-16,1
B3_D1_Original,B3,1,Original,full-grid,1225,18,18,66,1.016813653127254,1.0123647261518189,-0.095014032803288767,0,0,1,UNSTABLE,3.8948688099559326e-16,2.4337632454662931e-16,1
B3_D1_Original,B3,1,Original,full-grid,1226,18,19,67,1.0169265212965939,1.0125161782309766,-0.094607285855417875,0,0,1,UNSTABLE,2.6459737703266527e-16,2.4337632454763639e-16,1
B3_D1_Original,B3,1,Original,full-grid,1227,18,20,68,1.0170014670736911,1.0126294891444854,-0.094199266159660483,0,0,1,UNSTABLE,2.6268718226105517e-16,2.4337632454626673e-16,1
B3_D1_Original,B3,1,Original,full-grid,1228,18,21,69,1.0170404359067144,1.0127063242872552,-0.09379311817994046,0,0,1,UNSTABLE,5.758358274310696e-16,2.4337632454763639e-16,1
B3_D1_Original,B3,1,Original,full-grid,1229,18,22,70,1.0170454704437581,1.0127484892424616,-0.093391576104467536,0,0,1,UNSTABLE,5.2580479528726558e-16,2.433763245466294e-16,1
B3_D1_Original,B3,1,Original,full-grid,1230,18,23,71,1.0170186477001355,1.0127578627907416,-0.092996995248994296,0,0,1,UNSTABLE,4.7879610811700659e-16,2.4337632454763639e-16,1
B3_D1_Original,B3,1,Original,full-grid,1231,18,24,72,1.0169620302077154,1.0127363435382599,-0.09261138893761077,0,0,1,UNSTABLE,3.1738488762165004e-16,2.4337632454626677e-16,1
B3_D1_Original,B3,1,Original,full-grid,1232,18,25,73,1.0168776294071624,1.0126858087253594,-0.092236467815041231,0,0,1,UNSTABLE,3.4053939603315778e-16,2.4337632454763643e-16,1
B3_D1_Original,B3,1,Original,full-grid,1233,18,26,74,1.0167673793860799,1.0126080835216418,-0.091873679420517287,0,0,1,UNSTABLE,3.5687737846978194e-16,2.4337632454662935e-16,1
B3_D1_Original,B3,1,Original,full-grid,1234,18,27,75,1.0166331191170881,1.0125049190859441,-0.091524246582560004,0,0,1,UNSTABLE,3.4696628915202223e-16,2.4337632454763643e-16,1
B3_D1_Original,B3,1,Original,full-grid,1235,18,28,76,1.0164765815224355,1.012377977782712,-0.091189203769542232,0,0,1,UNSTABLE,3.2709365363357339e-16,2.4337632454626668e-16,1
B3_D1_Original,B3,1,Original,full-grid,1236,18,29,77,1.0162993879240045,1.0122288241357693,-0.090869430962366091,0,0,1,UNSTABLE,3.3596627114199799e-16,2.4337632454763648e-16,1
B3_D1_Original,B3,1,Original,full-grid,1237,18,30,78,1.0161030466892205,1.0120589203224921,-0.09056568492971219,0,0,1,UNSTABLE,3.0576006237932765e-16,2.4337632454662935e-16,1
B3_D1_Original,B3,1,Original,full-grid,1238,18,31,79,1.0158889551305683,1.0118696252394521,-0.090278628002693151,0,0,1,UNSTABLE,3.2686320630904892e-16,2.4337632454763648e-16,1
B3_D1_Original,B3,1,Original,full-grid,1239,18,32,80,1.0156584039472023,1.011662196389385,-0.090008854593220153,0,0,1,UNSTABLE,3.2449715331337714e-16,2.4337632454626673e-16,1
B3_D1_Original,B3,1,Original,full-grid,1240,18,33,81,1.0154125837089587,1.0114377940445713,-0.089756915793462552,0,0,1,UNSTABLE,4.4794558547424387e-16,2.4337632454763643e-16,1
B3_D1_Original,B3,1,Original,full-grid,1241,18,34,82,1.0151525930768674,1.011197487332161,-0.089523342452189347,0,0,1,UNSTABLE,2.9007843355104214e-16,2.4337632454662931e-16,1
B3_D1_Original,B3,1,Original,full-grid,1242,18,35,83,1.0148794486368746,1.0109422620684803,-0.089308667156949462,0,0,1,UNSTABLE,3.0259343894245896e-16,2.4337632454763639e-16,1
B3_D1_Original,B3,1,Original,full-grid,1243,18,36,84,1.0145940964028508,1.0106730303490647,-0.089113445565501381,0,0,1,UNSTABLE,2.1619632624739312e-16,2.4337632454626673e-16,1
B3_D1_Original,B3,1,Original,full-grid,1244,18,37,85,1.0142974252313701,1.0103906420887896,-0.088938277532174842,0,0,1,UNSTABLE,2.6456674135021568e-16,2.4337632454763639e-16,1
B3_D1_Original,B3,1,Original,full-grid,1245,18,38,86,1.013990282598372,1.0100958989165116,-0.088783828459750178,0,0,1,UNSTABLE,4.1810781582557119e-16,2.433763245466294e-16,1
B3_D1_Original,B3,1,Original,full-grid,1246,18,39,87,1.0136734934305363,1.0097895710753537,-0.088650851271270287,0,0,1,UNSTABLE,3.3981204121323181e-16,2.4337632454763639e-16,1
B3_D1_Original,B3,1,Original,full-grid,1247,18,40,88,1.0133478829815787,1.0094724182842436,-0.088540209321010116,0,0,1,UNSTABLE,3.5440960516386539e-16,2.4337632454626677e-16,1
B3_D1_Original,B3,1,Original,full-grid,1248,18,41,89,1.0130143051153351,1.0091452159005807,-0.088452900423194841,0,0,1,UNSTABLE,3.2323371524131472e-16,2.4337632454763643e-16,1
B3_D1_Original,B3,1,Original,full-grid,1249,18,42,90,1.0126736778258805,1.0088087882146646,-0.088390081922437858,0,0,1,UNSTABLE,4.1754780378010382e-16,2.4337632454662935e-16,1
B3_D1_Original,B3,1,Original,full-grid,1250,18,43,91,1.0123270284056571,1.0084640513266581,-0.088353096281067647,0,0,1,UNSTABLE,2.6806339598741398e-16,2.4337632454763643e-16,1
B3_D1_Original,B3,1,Original,full-grid,1251,18,44,92,1.0119755513654556,1.0081120688174603,-0.088343495889614057,0,0,1,UNSTABLE,4.2982317998978033e-16,2.4337632454626668e-16,1
B3_D1_Original,B3,1,Original,full-grid,1252,18,45,93,1.0116206829695147,1.0077541242986761,-0.088363064516322698,0,0,1,UNSTABLE,3.1526827046298755e-16,2.4337632454763648e-16,1
B3_D1_Original,B3,1,Original,full-grid,1253,18,46,94,1.0112641969256075,1.0073918157918906,-0.088413830700358687,0,0,1,UNSTABLE,3.3670456534366148e-16,2.4337632454662935e-16,1
B3_D1_Original,B3,1,Original,full-grid,1254,18,47,95,1.0109083260084732,1.0070271774271324,-0.088498065043235333,0,0,1,UNSTABLE,3.8126094613685717e-16,2.4337632454763648e-16,1
B3_D1_Original,B3,1,Original,full-grid,1255,18,48,96,1.0105559134382711,1.0066628334557244,-0.088618248255938045,0,0,1,UNSTABLE,2.0509238604027387e-16,2.4337632454626673e-16,1
B3_D1_Original,B3,1,Original,full-grid,1256,18,49,97,1.0102105942389079,1.0063021866410575,-0.088776989552213123,0,0,1,UNSTABLE,2.9438816667472579e-16,2.4337632454763643e-16,1
B3_D1_Original,B3,1,Original,full-grid,1257,18,50,98,1.0098769980784987,1.0059496352254946,-0.088976865744609196,0,0,1,UNSTABLE,2.7904806895325629e-16,2.4337632454662931e-16,1
B3_D1_Original,B3,1,Original,full-grid,1258,18,51,99,1.0095609476135801,1.0056107960644551,-0.089220142260829347,0,0,1,UNSTABLE,4.6275003582650305e-16,2.4337632454763639e-16,1
B3_D1_Original,B3,1,Original,full-grid,1259,18,52,100,1.0092695963696139,1.0052926818672727,-0.089508334473332896,0,0,1,UNSTABLE,2.6789969899690033e-16,2.4337632454626673e-16,1
B3_D1_Original,B3,1,Original,full-grid,1260,18,53,101,1.0090114078620702,1.0050037367601279,-0.089841584436032365,0,0,1,UNSTABLE,3.2888930561739669e-16,2.4337632454763639e-16,1
B3_D1_Original,B3,1,Original,full-grid,1261,18,54,102,1.0087958362476268,1.0047535879781833,-0.090217884454889916,0,0,1,UNSTABLE,2.7954165215214567e-16,2.433763245466294e-16,1
B3_D1_Original,B3,1,Original,full-grid,1262,18,55,103,1.0086325665052585,1.0045523591187533,-0.090632290073305227,0,0,1,UNSTABLE,3.1692451424109545e-16,2.4337632454763639e-16,1
B3_D1_Original,B3,1,Original,full-grid,1263,18,56,104,1.0085302696662215,1.0044094745896066,-0.091076408513135976,0,0,1,UNSTABLE,3.8357463753887077e-16,2.4337632454626677e-16,1
B3_D1_Original,B3,1,Original,full-grid,1264,18,57,105,1.0084950600074616,1.0043321085100938,-0.091538526725759406,0,0,1,UNSTABLE,4.0015532742779155e-16,2.4337632454763643e-16,1
B3_D1_Original,B3,1,Original,full-grid,1265,18,58,106,1.0085291199492485,1.0043237213030192,-0.092004611915172674,0,0,1,UNSTABLE,3.6834216584592872e-16,2.4337632454662935e-16,1
B3_D1_Original,B3,1,Original,full-grid,1266,18,59,107,1.0086300559609618,1.0043832587850763,-0.092460041423758563,0,0,1,UNSTABLE,3.8398984511757442e-16,2.4337632454763643e-16,1
B3_D1_Original,B3,1,Original,full-grid,1267,18,60,108,1.0087912884747432,1.0045053656807801,-0.092891517487091499,0,0,1,UNSTABLE,3.5432312840866056e-16,2.4337632454626668e-16,1
B3_D1_Original,B3,1,Original,full-grid,1268,18,61,109,1.0090032943728675,1.0046814913799214,-0.093288525199601638,0,0,1,UNSTABLE,3.2716543372523236e-16,2.4337632454763648e-16,1
B3_D1_Original,B3,1,Original,full-grid,1269,18,62,110,1.0092551780680252,1.0049013981288297,-0.093643977360238273,0,0,1,UNSTABLE,2.8539922590454287e-16,2.4337632454662935e-16,1
B3_D1_Original,B3,1,Original,full-grid,1270,18,63,111,1.0095360576131662,1.0051545548163698,-0.093954098117323748,0,0,1,UNSTABLE,2.7190403708423496e-16,2.4337632454763648e-16,1
B3_D1_Original,B3,1,Original,full-grid,1271,18,64,112,1.0098359998414972,1.0054311239674498,-0.094217840844645226,0,0,1,UNSTABLE,3.5842383057758701e-16,2.4337632454626673e-16,1
B3_D1_Original,B3,1,Original,full-grid,1272,18,65,113,1.0101464897298771,1.005722498524992,-0.094436151309972766,0,0,1,UNSTABLE,2.6944265757007132e-16,2.4337632454763643e-16,1
B3_D1_Original,B3,1,Original,full-grid,1273,18,66,114,1.0104605515589016,1.0060214867450212,-0.094611280849890136,0,0,1,UNSTABLE,2.7893991107031304e-16,2.4337632454662931e-16,1
B3_D1_Original,B3,1,Original,full-grid,1274,19,0,49,1.0087756969946695,1.0042096592866288,-0.095871617502335846,0,0,1,UNSTABLE,3.9289561107636534e-16,1.2044523497416282e-16,1
B3_D1_Original,B3,1,Original,full-grid,1275,19,1,50,1.0093023029902242,1.0047096334304144,-0.096175315510231785,0,0,1,UNSTABLE,3.0915980787223059e-16,2.4337632454662945e-16,1
B3_D1_Original,B3,1,Original,full-grid,1276,19,2,51,1.0098496760654783,1.0052352335189463,-0.096428696670964639,0,0,1,UNSTABLE,3.6098301426988601e-16,2.4337632454763653e-16,1
B3_D1_Original,B3,1,Original,full-grid,1277,19,3,52,1.0104119457144281,1.0057808915287896,-0.096628661782979366,0,0,1,UNSTABLE,2.3333647266896208e-16,2.4337632454626677e-16,1
B3_D1_Original,B3,1,Original,full-grid,1278,19,4,53,1.0109827522330002,1.0063404665521698,-0.096772882008199501,0,0,1,UNSTABLE,2.2098422111465136e-16,2.4337632454763643e-16,1
B3_D1_Original,B3,1,Original,full-grid,1279,19,5,54,1.011555403327141,1.0069073871941665,-0.096859938127957512,0,0,1,UNSTABLE,3.2015728007237617e-16,2.4337632454662945e-16,1
B3_D1_Original,B3,1,Original,full-grid,1280,19,6,55,1.0121230674155757,1.0074748348231146,-0.096889425598729303,0,0,1,UNSTABLE,3.8111852612175329e-16,2.4337632454763648e-16,1
B3_D1_Original,B3,1,Original,full-grid,1281,19,7,56,1.0126789917387689,1.0080359572406543,-0.096862011227142386,0,0,1,UNSTABLE,6.3234806101644428e-16,2.4337632454626677e-16,1
B3_D1_Original,B3,1,Original,full-grid,1282,19,8,57,1.013216728224889,1.0085840966514326,-0.096779431371351504,0,0,1,UNSTABLE,3.1223810905827562e-16,2.4337632454763639e-16,1
B3_D1_Original,B3,1,Original,full-grid,1283,19,9,58,1.0137303471965009,1.0091130121674765,-0.096644428196460005,0,0,1,UNSTABLE,2.381557430763566e-16,2.4337632454662931e-16,1
B3_D1_Original,B3,1,Original,full-grid,1284,19,10,59,1.0142146194646069,1.0096170766674044,-0.096460628430991194,0,0,1,UNSTABLE,3.2652366433457069e-16,2.4337632454763643e-16,1
B3_D1_Original,B3,1,Original,full-grid,1285,19,11,60,1.0146651512972118,1.0100914309938918,-0.096232376514899756,0,0,1,UNSTABLE,2.2261443324081254e-16,2.4337632454626673e-16,1
B3_D1_Original,B3,1,Original,full-grid,1286,19,12,61,1.0150784633013172,1.0105320845267514,-0.095964539284997527,0,0,1,UNSTABLE,3.6074718661618209e-16,2.4337632454763648e-16,1
B3_D1_Original,B3,1,Original,full-grid,1287,19,13,62,1.0154520118430153,1.0109359586314701,-0.095662301362123808,0,0,1,UNSTABLE,2.41849183410318e-16,2.4337632454662931e-16,1
B3_D1_Original,B3,1,Original,full-grid,1288,19,14,63,1.0157841585332541,1.0113008766221721,-0.095330969104155144,0,0,1,UNSTABLE,2.4134902868848398e-16,2.4337632454763653e-16,1
B3_D1_Original,B3,1,Original,full-grid,1289,19,15,64,1.0160740982424188,1.0116255093037145,-0.094975797154563002,0,0,1,UNSTABLE,3.584715898326254e-16,2.4337632454626673e-16,1
B3_D1_Original,B3,1,Original,full-grid,1290,19,16,65,1.0163217585239093,1.0119092881720384,-0.094601846495140238,0,0,1,UNSTABLE,2.2771755682998452e-16,2.4337632454763643e-16,1
B3_D1_Original,B3,1,Original,full-grid,1291,19,17,66,1.0165276833924446,1.0121522989862464,-0.094213877746679386,0,0,1,UNSTABLE,3.9745746465402219e-16,2.4337632454662931e-16,1
B3_D1_Original,B3,1,Original,full-grid,1292,19,18,67,1.016692912750059,1.0123551672223299,-0.09381627915477958,0,0,1,UNSTABLE,2.7916533340870614e-16,2.4337632454763639e-16,1
B3_D1_Original,B3,1,Original,full-grid,1293,19,19,68,1.0168188661702811,1.0125189446283489,-0.093413025689732115,0,0,1,UNSTABLE,3.5165090780301877e-16,2.4337632454626677e-16,1
B3_D1_Original,B3,1,Original,full-grid,1294,19,20,69,1.0169072369375551,1.0126450034289767,-0.093007664019157221,0,0,1,UNSTABLE,4.197163813702937e-16,2.4337632454763643e-16,1
B3_D1_Original,B3,1,Original,full-grid,1295,19,21,70,1.0169598996797482,1.012734942190642,-0.092603317558069428,0,0,1,UNSTABLE,2.1814662457965162e-16,2.433763245466294e-16,1
B3_D1_Original,B3,1,Original,full-grid,1296,19,22,71,1.01697883288223,1.0127905052527213,-0.092202706036429244,0,0,1,UNSTABLE,4.5134874535745029e-16,2.4337632454763648e-16,1
B3_D1_Original,B3,1,Original,full-grid,1297,19,23,72,1.0169660561032958,1.0128135160630036,-0.09180817472528012,0,0,1,UNSTABLE,4.8993291554073587e-16,2.4337632454626677e-16,1
B3_D1_Original,B3,1,Original,full-grid,1298,19,24,73,1.0169235807770163,1.0128058237094875,-0.091421729367232654,0,0,1,UNSTABLE,5.6798216706571079e-16,2.4337632454763639e-16,1
B3_D1_Original,B3,1,Original,full-grid,1299,19,25,74,1.0168533729869831,1.0127692613298265,-0.091045073784592506,0,0,1,UNSTABLE,3.2220625708102108e-16,2.4337632454662931e-16,1
B3_D1_Original,B3,1,Original,full-grid,1300,19,26,75,1.016757326408134,1.0127056147993425,-0.090679647984000841,0,0,1,UNSTABLE,3.28115361440191e-16,2.4337632454763643e-16,1
B3_D1_Original,B3,1,Original,full-grid,1301,19,27,76,1.0166372436360034,1.0126166000446453,-0.090326665286800972,0,0,1,UNSTABLE,6.3221675577892307e-16,2.4337632454626673e-16,1
B3_D1_Original,B3,1,Original,full-grid,1302,19,28,77,1.0164948242700103,1.012503847418867,-0.08998714758070181,0,0,1,UNSTABLE,3.279333030497286e-16,2.4337632454763648e-16,1
B3_D1_Original,B3,1,Original,full-grid,1303,19,29,78,1.0163316583284461,1.012368891743145,-0.089661958217550283,0,0,1,UNSTABLE,2.1303280781181258e-16,2.4337632454662931e-16,1
B3_D1_Original,B3,1,Original,full-grid,1304,19,30,79,1.0161492238061831,1.0122131668227916,-0.08935183239577979,0,0,1,UNSTABLE,2.3834788883460933e-16,2.4337632454763653e-16,1
B3_D1_Original,B3,1,Original,full-grid,1305,19,31,80,1.0159488874179055,1.0120380034588172,-0.089057405086668318,0,0,1,UNSTABLE,3.1500159890252364e-16,2.4337632454626673e-16,1
B3_D1_Original,B3,1,Original,full-grid,1306,19,32,81,1.015731907786444,1.0118446301799193,-0.08877923671417326,0,0,1,UNSTABLE,4.112010788297429e-16,2.4337632454763643e-16,1
B3_D1_Original,B3,1,Original,full-grid,1307,19,33,82,1.0154994405335482,1.0116341761106407,-0.088517836896834248,0,0,1,UNSTABLE,2.5674324509262742e-16,2.4337632454662931e-16,1
B3_D1_Original,B3,1,Original,full-grid,1308,19,34,83,1.0152525449092018,1.0114076755662851,-0.08827368662413089,0,0,1,UNSTABLE,2.8068198763876911e-16,2.4337632454763639e-16,1
B3_D1_Original,B3,1,Original,full-grid,1309,19,35,84,1.0149921917604734,1.0111660741282695,-0.088047259280186252,0,0,1,UNSTABLE,2.5683918408789501e-16,2.4337632454626677e-16,1
B3_D1_Original,B3,1,Original,full-grid,1310,19,36,85,1.0147192727982475,1.0109102361103559,-0.087839040952804689,0,0,1,UNSTABLE,2.6184234132788912e-16,2.4337632454763643e-16,1
B3_D1_Original,B3,1,Original,full-grid,1311,19,37,86,1.0144346112793434,1.0106409534852574,-0.087649550483057295,0,0,1,UNSTABLE,2.9176552132032899e-16,2.433763245466294e-16,1
B3_D1_Original,B3,1,Original,full-grid,1312,19,38,87,1.0141389743936329,1.01035895651357,-0.0874793597197637,0,0,1,UNSTABLE,4.8329023916106049e-16,2.4337632454763648e-16,1
B3_D1_Original,B3,1,Original,full-grid,1313,19,39,88,1.0138330878443131,1.0100649265162573,-0.087329114444396685,0,0,1,UNSTABLE,3.7070588469652261e-16,2.4337632454626677e-16,1
B3_D1_Original,B3,1,Original,full-grid,1314,19,40,89,1.0135176533515478,1.0097595114757578,-0.08719955641783371,0,0,1,UNSTABLE,3.5856621764320179e-16,2.4337632454763639e-16,1
B3_D1_Original,B3,1,Original,full-grid,1315,19,41,90,1.0131933701165414,1.0094433454616509,-0.087091546956664725,0,0,1,UNSTABLE,3.401644162168804e-16,2.4337632454662931e-16,1
B3_D1_Original,B3,1,Original,full-grid,1316,19,42,91,1.0128609616799624,1.0091170732823711,-0.087006092345765618,0,0,1,UNSTABLE,4.3648512684492794e-16,2.4337632454763643e-16,1
B3_D1_Original,B3,1,Original,full-grid,1317,19,43,92,1.012521210125064,1.008781382298257,-0.086944371189524597,0,0,1,UNSTABLE,3.8420659834876869e-16,2.4337632454626673e-16,1
B3_D1_Original,B3,1,Original,full-grid,1318,19,44,93,1.0121750002422849,1.0084370440309545,-0.086907763413748659,0,0,1,UNSTABLE,2.2238309425593452e-16,2.4337632454763648e-16,1
B3_D1_Original,B3,1,Original,full-grid,1319,19,45,94,1.0118233771068066,1.0080849690998237,-0.086897879921377347,0,0,1,UNSTABLE,3.3700047082599167e-16,2.4337632454662931e-16,1
B3_D1_Original,B3,1,Original,full-grid,1320,19,46,95,1.0114676215072265,1.0077262801108966,-0.086916590656449938,0,0,1,UNSTABLE,3.2737472323529244e-16,2.4337632454763653e-16,1
B3_D1_Original,B3,1,Original,full-grid,1321,19,47,96,1.0111093486904044,1.0073624083370436,-0.086966046699416502,0,0,1,UNSTABLE,4.1885869531197512e-16,2.4337632454626673e-16,1
B3_D1_Original,B3,1,Original,full-grid,1322,19,48,97,1.0107506366333578,1.0069952210843973,-0.087048688490544993,0,0,1,UNSTABLE,5.3652906274120076e-16,2.4337632454763643e-16,1
B3_D1_Original,B3,1,Original,full-grid,1323,19,49,98,1.0103941897661708,1.0066271868513343,-0.087167226668088058,0,0,1,UNSTABLE,2.8878864345580729e-16,2.4337632454662931e-16,1
B3_D1_Original,B3,1,Original,full-grid,1324,19,50,99,1.0100435411908377,1.0062615832621766,-0.087324573586276683,0,0,1,UNSTABLE,3.1386216896625502e-16,2.4337632454763639e-16,1
B3_D1_Original,B3,1,Original,full-grid,1325,19,51,100,1.0097032880756129,1.0059027454346112,-0.087523692094289715,0,0,1,UNSTABLE,3.6120821134103912e-16,2.4337632454626677e-16,1
B3_D1_Original,B3,1,Original,full-grid,1326,19,52,101,1.0093793364007519,1.0055563351335417,-0.087767315246752534,0,0,1,UNSTABLE,1.9462730275414819e-16,2.4337632454763643e-16,1
B3_D1_Original,B3,1,Original,full-grid,1327,19,53,102,1.0090790968757015,1.0052295775038611,-0.088057482719473806,0,0,1,UNSTABLE,4.436790831100476e-16,2.433763245466294e-16,1
B3_D1_Original,B3,1,Original,full-grid,1328,19,54,103,1.0088115211890811,1.0049313585256301,-0.088394852427386233,0,0,1,UNSTABLE,2.8833161086452854e-16,2.4337632454763648e-16,1
B3_D1_Original,B3,1,Original,full-grid,1329,19,55,104,1.0085868092747616,1.0046720126499498,-0.088777806015601091,0,0,1,UNSTABLE,2.685339141712737e-16,2.4337632454626677e-16,1
B3_D1_Original,B3,1,Original,full-grid,1330,19,56,105,1.008415599693584,1.0044625996229315,-0.089201500346759888,0,0,1,UNSTABLE,2.2527943874496577e-16,2.4337632454763639e-16,1
B3_D1_Original,B3,1,Original,full-grid,1331,19,57,106,1.0083075594175666,1.0043135565597234,-0.08965720544924817,0,0,1,UNSTABLE,4.2048730846435677e-16,2.4337632454662931e-16,1
B3_D1_Original,B3,1,Original,full-grid,1332,19,58,107,1.0082695761585618,1.0042328865590118,-0.090132390184221631,0,0,1,UNSTABLE,3.1753921307267365e-16,2.4337632454763643e-16,1
B3_D1_Original,B3,1,Original,full-grid,1333,19,59,108,1.0083041256319532,1.0042244266902149,-0.090611867904411086,0,0,1,UNSTABLE,3.321506831588877e-16,2.4337632454626673e-16,1
B3_D1_Original,B3,1,Original,full-grid,1334,19,60,109,1.0084085260475804,1.0042869211047833,-0.091079830387020208,0,0,1,UNSTABLE,1.9781092341897571e-16,2.4337632454763648e-16,1
B3_D1_Original,B3,1,Original,full-grid,1335,19,61,110,1.008575450654023,1.0044143314197529,-0.091522076574869118,0,0,1,UNSTABLE,2.6251380251267873e-16,2.4337632454662931e-16,1
B3_D1_Original,B3,1,Original,full-grid,1336,19,62,111,1.0087944368600992,1.0045971954139605,-0.091927638968319292,0,0,1,UNSTABLE,4.4770737492628776e-16,2.4337632454763653e-16,1
B3_D1_Original,B3,1,Original,full-grid,1337,19,63,112,1.0090537163553286,1.0048243962879742,-0.092289409549568976,0,0,1,UNSTABLE,2.5521936127414945e-16,2.4337632454626673e-16,1
B3_D1_Original,B3,1,Original,full-grid,1338,19,64,113,1.0093417524119181,1.0050847193891304,-0.0926038876745192,0,0,1,UNSTABLE,3.5576880764145576e-16,2.4337632454763643e-16,1
B3_D1_Original,B3,1,Original,full-grid,1339,19,65,114,1.0096482102212487,1.0053678876309478,-0.092870441602574419,0,0,1,UNSTABLE,4.5199466384839514e-16,2.4337632454662931e-16,1
B3_D1_Original,B3,1,Original,full-grid,1340,19,66,115,1.0099643893166435,1.0056650711271877,-0.093090452799892212,0,0,1,UNSTABLE,2.7683720521250857e-16,2.4337632454763639e-16,1
B3_D1_Original,B3,1,Original,full-grid,1341,20,0,50,1.0084428808904387,1.0039957379666435,-0.094602336987108598,0,0,1,UNSTABLE,3.5037455226000779e-16,1.2044523497416282e-16,1
B3_D1_Original,B3,1,Original,full-grid,1342,20,1,51,1.0089712704670066,1.0044973312794629,-0.094911201026234043,0,0,1,UNSTABLE,3.7992262512143147e-16,2.4337632454763653e-16,1
B3_D1_Original,B3,1,Original,full-grid,1343,20,2,52,1.0095206612155831,1.0050246775221581,-0.095170179114207484,0,0,1,UNSTABLE,3.7746254415599975e-16,2.4337632454626677e-16,1
B3_D1_Original,B3,1,Original,full-grid,1344,20,3,53,1.0100852867859273,1.0055723098213685,-0.095376183095817191,0,0,1,UNSTABLE,2.2113533939375056e-16,2.4337632454763648e-16,1
B3_D1_Original,B3,1,Original,full-grid,1345,20,4,54,1.010658894650166,1.0061341943358331,-0.095526877493611398,0,0,1,UNSTABLE,3.2540723894506267e-16,2.433763245466294e-16,1
B3_D1_Original,B3,1,Original,full-grid,1346,20,5,55,1.0112348989314364,1.0067038692495311,-0.095620816012495585,0,0,1,UNSTABLE,2.3170271136952101e-16,2.4337632454763648e-16,1
B3_D1_Original,B3,1,Original,full-grid,1347,20,6,56,1.0118065687692412,1.0072746232976897,-0.095657544736850827,0,0,1,UNSTABLE,2.1548651397771524e-16,2.4337632454626677e-16,1
B3_D1_Original,B3,1,Original,full-grid,1348,20,7,57,1.0123672407629529,1.0078397037471891,-0.095637658486458749,0,0,1,UNSTABLE,3.8976527411347756e-16,2.4337632454763643e-16,1
B3_D1_Original,B3,1,Original,full-grid,1349,20,8,58,1.0129105391679445,1.0083925383907981,-0.095562800687604199,0,0,1,UNSTABLE,3.135371912729152e-16,2.4337632454662935e-16,1
B3_D1_Original,B3,1,Original,full-grid,1350,20,9,59,1.0134305847936971,1.0089269526603148,-0.09543560337141406,0,0,1,UNSTABLE,4.7250817576147766e-16,2.4337632454763639e-16,1
B3_D1_Original,B3,1,Original,full-grid,1351,20,10,60,1.013922173936556,1.009437362522482,-0.095259571403020604,0,0,1,UNSTABLE,5.2910939605974858e-16,2.4337632454626668e-16,1
B3_D1_Original,B3,1,Original,full-grid,1352,20,11,61,1.0143809123323471,1.0099189267387083,-0.095038922127413272,0,0,1,UNSTABLE,2.511916027875154e-16,2.4337632454763643e-16,1
B3_D1_Original,B3,1,Original,full-grid,1353,20,12,62,1.0148032952572041,1.0103676477328896,-0.094778396692429975,0,0,1,UNSTABLE,3.1745552641361621e-16,2.4337632454662935e-16,1
B3_D1_Original,B3,1,Original,full-grid,1354,20,13,63,1.0151867320892871,1.0107804173632606,-0.094483061365933388,0,0,1,UNSTABLE,3.2065893064034208e-16,2.4337632454763648e-16,1
B3_D1_Original,B3,1,Original,full-grid,1355,20,14,64,1.0155295202640935,1.0111550107195446,-0.094158116084476468,0,0,1,UNSTABLE,3.1840937191963764e-16,2.4337632454626673e-16,1
B3_D1_Original,B3,1,Original,full-grid,1356,20,15,65,1.0158307783800293,1.0114900363400796,-0.093808723948897846,0,0,1,UNSTABLE,2.2785239530542033e-16,2.4337632454763639e-16,1
B3_D1_Original,B3,1,Original,full-grid,1357,20,16,66,1.0160903506785961,1.0117848542701566,-0.093439870567496877,0,0,1,UNSTABLE,3.389307799576164e-16,2.4337632454662926e-16,1
B3_D1_Original,B3,1,Original,full-grid,1358,20,17,67,1.0163086953462943,1.0120394741461605,-0.093056257212773871,0,0,1,UNSTABLE,3.5948377505275319e-16,2.4337632454763639e-16,1
B3_D1_Original,B3,1,Original,full-grid,1359,20,18,68,1.0164867676316238,1.0122544444706274,-0.092662227577629666,0,0,1,UNSTABLE,2.5236058360896362e-16,2.4337632454626673e-16,1
B3_D1_Original,B3,1,Original,full-grid,1360,20,19,69,1.0166259063733389,1.0124307421353069,-0.092261724939242465,0,0,1,UNSTABLE,4.1455840386354392e-16,2.4337632454763643e-16,1
B3_D1_Original,B3,1,Original,full-grid,1361,20,20,70,1.0167277298637343,1.0125696687235217,-0.091858274831395748,0,0,1,UNSTABLE,3.4244443658376655e-16,2.433763245466294e-16,1
B3_D1_Original,B3,1,Original,full-grid,1362,20,21,71,1.0167940444992267,1.0126727576834003,-0.091454987698827234,0,0,1,UNSTABLE,5.8627455875337882e-16,2.4337632454763643e-16,1
B3_D1_Original,B3,1,Original,full-grid,1363,20,22,72,1.0168267676616811,1.012741694408628,-0.091054576159813938,0,0,1,UNSTABLE,3.5575890644413008e-16,2.4337632454626677e-16,1
B3_D1_Original,B3,1,Original,full-grid,1364,20,23,73,1.0168278648102544,1.0127782497104365,-0.090659382129186533,0,0,1,UNSTABLE,5.1038835700110237e-16,2.4337632454763643e-16,1
B3_D1_Original,B3,1,Original,full-grid,1365,20,24,74,1.0167992998139872,1.0127842261099826,-0.090271409898251456,0,0,1,UNSTABLE,3.0423428075523969e-16,2.4337632454662935e-16,1
B3_D1_Original,B3,1,Original,full-grid,1366,20,25,75,1.0167429970265174,1.0127614157484888,-0.089892362153753777,0,0,1,UNSTABLE,1.9701398071919341e-16,2.4337632454763639e-16,1
B3_D1_Original,B3,1,Original,full-grid,1367,20,26,76,1.0166608133883988,1.0127115684060461,-0.089523676734853716,0,0,1,UNSTABLE,4.129237431293645e-16,2.4337632454626668e-16,1
B3_D1_Original,B3,1,Original,full-grid,1368,20,27,77,1.0165545188371909,1.0126363680405046,-0.089166562623264611,0,0,1,UNSTABLE,2.2267928156699442e-16,2.4337632454763643e-16,1
B3_D1_Original,B3,1,Original,full-grid,1369,20,28,78,1.0164257834287982,1.0125374163238599,-0.088822034220393753,0,0,1,UNSTABLE,3.2297974763308993e-16,2.4337632454662935e-16,1
B3_D1_Original,B3,1,Original,full-grid,1370,20,29,79,1.0162761697646809,1.0124162218025641,-0.088490943393049193,0,0,1,UNSTABLE,2.9205522161977306e-16,2.4337632454763648e-16,1
B3_D1_Original,B3,1,Original,full-grid,1371,20,30,80,1.0161071295364774,1.0122741934953563,-0.088174009085363853,0,0,1,UNSTABLE,2.8036470003241343e-16,2.4337632454626673e-16,1
B3_D1_Original,B3,1,Original,full-grid,1372,20,31,81,1.0159200032181579,1.01211263794095,-0.087871844517988879,0,0,1,UNSTABLE,4.3682167558260899e-16,2.4337632454763639e-16,1
B3_D1_Original,B3,1,Original,full-grid,1373,20,32,82,1.0157160221406134,1.0119327588999711,-0.087584982150160223,0,0,1,UNSTABLE,3.1037371948095287e-16,2.4337632454662926e-16,1
B3_D1_Original,B3,1,Original,full-grid,1374,20,33,83,1.0154963123697252,1.0117356590939806,-0.087313896684198283,0,0,1,UNSTABLE,3.904504764769064e-16,2.4337632454763639e-16,1
B3_D1_Original,B3,1,Original,full-grid,1375,20,34,84,1.0152618999759566,1.0115223435271923,-0.08705902645932681,0,0,1,UNSTABLE,3.7140484462170776e-16,2.4337632454626673e-16,1
B3_D1_Original,B3,1,Original,full-grid,1376,20,35,85,1.0150137174337932,1.0112937240844218,-0.086820793628194171,0,0,1,UNSTABLE,3.0724163148835086e-16,2.4337632454763643e-16,1
B3_D1_Original,B3,1,Original,full-grid,1377,20,36,86,1.0147526110298231,1.0110506252381311,-0.086599623540911608,0,0,1,UNSTABLE,2.0905675144916276e-16,2.433763245466294e-16,1
B3_D1_Original,B3,1,Original,full-grid,1378,20,37,87,1.0144793492944799,1.0107937908327935,-0.086395963787795987,0,0,1,UNSTABLE,3.6763813750961921e-16,2.4337632454763643e-16,1
B3_D1_Original,B3,1,Original,full-grid,1379,20,38,88,1.0141946326160842,1.0105238920575177,-0.086210303376105718,0,0,1,UNSTABLE,2.9698125271384433e-16,2.4337632454626677e-16,1
B3_D1_Original,B3,1,Original,full-grid,1380,20,39,89,1.0138991043563883,1.0102415368772908,-0.086043192540119495,0,0,1,UNSTABLE,1.7724784334652801e-16,2.4337632454763643e-16,1
B3_D1_Original,B3,1,Original,full-grid,1381,20,40,90,1.0135933639806602,1.0099472813856503,-0.08589526370740895,0,0,1,UNSTABLE,2.7795110727744667e-16,2.4337632454662935e-16,1
B3_D1_Original,B3,1,Original,full-grid,1382,20,41,91,1.0132779829607956,1.009641643785868,-0.085767254161881343,0,0,1,UNSTABLE,2.617150770153307e-16,2.4337632454763639e-16,1
B3_D1_Original,B3,1,Original,full-grid,1383,20,42,92,1.0129535245322123,1.0093251220301502,-0.08566003094240375,0,0,1,UNSTABLE,5.1427304081788242e-16,2.4337632454626668e-16,1
B3_D1_Original,B3,1,Original,full-grid,1384,20,43,93,1.0126205688167678,1.008998216581293,-0.085574618471628436,0,0,1,UNSTABLE,2.6522951814687005e-16,2.4337632454763643e-16,1
B3_D1_Original,B3,1,Original,full-grid,1385,20,44,94,1.0122797454058692,1.0086614603537634,-0.085512229277365806,0,0,1,UNSTABLE,4.8750334584901769e-16,2.4337632454662935e-16,1
B3_D1_Original,B3,1,Original,full-grid,1386,20,45,95,1.01193177627884,1.0083154586969156,-0.085474297865946861,0,0,1,UNSTABLE,2.7654955785885757e-16,2.4337632454763648e-16,1
B3_D1_Original,B3,1,Original,full-grid,1387,20,46,96,1.0115775329601058,1.0079609433624808,-0.085462517195973392,0,0,1,UNSTABLE,2.8538443909337286e-16,2.4337632454626673e-16,1
B3_D1_Original,B3,1,Original,full-grid,1388,20,47,97,1.0112181131229716,1.0075988458009864,-0.085478876036734208,0,0,1,UNSTABLE,5.5973797008828347e-16,2.4337632454763639e-16,1
B3_D1_Original,B3,1,Original,full-grid,1389,20,48,98,1.0108549433769265,1.0072303968415535,-0.085525693379101986,0,0,1,UNSTABLE,2.7925387993052309e-16,2.4337632454662926e-16,1
B3_D1_Original,B3,1,Original,full-grid,1390,20,49,99,1.0104899164805472,1.0068572616340838,-0.085605642358301495,0,0,1,UNSTABLE,3.5471960139770232e-16,2.4337632454763639e-16,1
B3_D1_Original,B3,1,Original,full-grid,1391,20,50,100,1.0101255719918882,1.0064817200456169,-0.085721749900220481,0,0,1,UNSTABLE,3.540905541003706e-16,2.4337632454626673e-16,1
B3_D1_Original,B3,1,Original,full-grid,1392,20,51,101,1.0097653277430576,1.0061069019543749,-0.085877348304511922,0,0,1,UNSTABLE,3.7151673091423621e-16,2.4337632454763643e-16,1
B3_D1_Original,B3,1,Original,full-grid,1393,20,52,102,1.0094137620850379,1.0057370807534953,-0.086075940216222557,0,0,1,UNSTABLE,4.4910720299004614e-16,2.433763245466294e-16,1
B3_D1_Original,B3,1,Original,full-grid,1394,20,53,103,1.0090769274427185,1.0053780106653096,-0.086320919642356095,0,0,1,UNSTABLE,1.8158748278321065e-16,2.4337632454763643e-16,1
B3_D1_Original,B3,1,Original,full-grid,1395,20,54,104,1.0087626354204338,1.0050372547204844,-0.086615075156068214,0,0,1,UNSTABLE,3.565876443993952e-16,2.4337632454626677e-16,1
B3_D1_Original,B3,1,Original,full-grid,1396,20,55,105,1.0084805851180567,1.0047243814583935,-0.086959806020405678,0,0,1,UNSTABLE,3.404515174294969e-16,2.4337632454763643e-16,1
B3_D1_Original,B3,1,Original,full-grid,1397,20,56,106,1.0082421189701003,1.0044508157224887,-0.087354045468685332,0,0,1,UNSTABLE,2.4220130639036432e-16,2.4337632454662935e-16,1
B3_D1_Original,B3,1,Original,full-grid,1398,20,57,107,1.0080593407017862,1.0042290645636103,-0.087793053607991056,0,0,1,UNSTABLE,5.2383461484323394e-16,2.4337632454763639e-16,1
B3_D1_Original,B3,1,Original,full-grid,1399,20,58,108,1.0079434400250527,1.0040711255611543,-0.088267508766779829,0,0,1,UNSTABLE,3.532999714695884e-16,2.4337632454626668e-16,1
B3_D1_Original,B3,1,Original,full-grid,1400,20,59,109,1.0079024504536966,1.0039862478712043,-0.088763526946979851,0,0,1,UNSTABLE,3.223021451268434e-16,2.4337632454763643e-16,1
B3_D1_Original,B3,1,Original,full-grid,1401,20,60,110,1.0079391998236988,1.0039787636870876,-0.089264061114120871,0,0,1,UNSTABLE,2.3327547663805181e-16,2.4337632454662935e-16,1
B3_D1_Original,B3,1,Original,full-grid,1402,20,61,111,1.0080504268512307,1.0040469811794108,-0.089751449344623702,0,0,1,UNSTABLE,2.8918502799486593e-16,2.4337632454763648e-16,1
B3_D1_Original,B3,1,Original,full-grid,1403,20,62,112,1.0082275358092487,1.0041836951225322,-0.090210145848719281,0,0,1,UNSTABLE,2.934527983145333e-16,2.4337632454626673e-16,1
B3_D1_Original,B3,1,Original,full-grid,1404,20,63,113,1.0084585614711703,1.0043779821750762,-0.090628577868265572,0,0,1,UNSTABLE,1.9581253132160449e-16,2.4337632454763639e-16,1
B3_D1_Original,B3,1,Original,full-grid,1405,20,64,114,1.0087304022018868,1.0046173800635088,-0.090999692311084915,0,0,1,UNSTABLE,4.1469499668053452e-16,2.4337632454662926e-16,1
B3_D1_Original,B3,1,Original,full-grid,1406,20,65,115,1.0090305610782146,1.0048896688988247,-0.091320460633020586,0,0,1,UNSTABLE,3.1114388119479621e-16,2.4337632454763639e-16,1
B3_D1_Original,B3,1,Original,full-grid,1407,20,66,116,1.0093481362693053,1.0051839474712827,-0.091590894396603673,0,0,1,UNSTABLE,3.0916141199088472e-16,2.4337632454626673e-16,1
B3_D1_Original,B3,1,Original,full-grid,1408,21,0,51,1.0080255016916675,1.0036904025604607,-0.093386229545679947,0,0,1,UNSTABLE,3.8135217028877011e-16,1.2044523497416284e-16,1
B3_D1_Original,B3,1,Original,full-grid,1409,21,1,52,1.0085560791405197,1.0041940197885211,-0.09370024222097581,0,0,1,UNSTABLE,2.6297696012135313e-16,2.4337632454626677e-16,1
B3_D1_Original,B3,1,Original,full-grid,1410,21,2,53,1.0091079267904968,1.004723555182268,-0.09396481029257174,0,0,1,UNSTABLE,3.3457841319171574e-16,2.4337632454763643e-16,1
B3_D1_Original,B3,1,Original,full-grid,1411,21,3,54,1.0096753864575325,1.0052736484238689,-0.094176843240425578,0,0,1,UNSTABLE,1.9175196610900374e-16,2.433763245466294e-16,1
B3_D1_Original,B3,1,Original,full-grid,1412,21,4,55,1.0102523131614176,1.0058383745031794,-0.094333984463697229,0,0,1,UNSTABLE,3.1742180238636943e-16,2.4337632454763648e-16,1
B3_D1_Original,B3,1,Original,full-grid,1413,21,5,56,1.0108322240521017,1.0064113790700342,-0.094434746044400969,0,0,1,UNSTABLE,3.2967240685906644e-16,2.4337632454626677e-16,1
B3_D1_Original,B3,1,Original,full-grid,1414,21,6,57,1.011408482047891,1.0069860523315119,-0.094478611167907359,0,0,1,UNSTABLE,3.5684234516421611e-16,2.4337632454763643e-16,1
B3_D1_Original,B3,1,Original,full-grid,1415,21,7,58,1.0119745031627394,1.0075557317929333,-0.094466091179217088,0,0,1,UNSTABLE,2.6357474524977579e-16,2.4337632454662935e-16,1
B3_D1_Original,B3,1,Original,full-grid,1416,21,8,59,1.0125239718635546,1.008113919039588,-0.09439872794159361,0,0,1,UNSTABLE,2.2313736536393589e-16,2.4337632454763643e-16,1
B3_D1_Original,B3,1,Original,full-grid,1417,21,9,60,1.0130510461601583,1.0086544924321004,-0.094279038087652187,0,0,1,UNSTABLE,3.8539652186735036e-16,2.4337632454626673e-16,1
B3_D1_Original,B3,1,Original,full-grid,1418,21,10,61,1.013550534406872,1.0091718970857646,-0.094110402872238152,0,0,1,UNSTABLE,2.9223601341867972e-16,2.4337632454763648e-16,1
B3_D1_Original,B3,1,Original,full-grid,1419,21,11,62,1.0140180291626202,1.0096612961704228,-0.093896914125577838,0,0,1,UNSTABLE,4.7029885224241638e-16,2.4337632454662931e-16,1
B3_D1_Original,B3,1,Original,full-grid,1420,21,12,63,1.0144499892272321,1.010118672870407,-0.093643191752839777,0,0,1,UNSTABLE,4.7237340380706383e-16,2.4337632454763653e-16,1
B3_D1_Original,B3,1,Original,full-grid,1421,21,13,64,1.0148437678049962,1.0105408790325598,-0.093354190354490038,0,0,1,UNSTABLE,2.673723320365789e-16,2.4337632454626673e-16,1
B3_D1_Original,B3,1,Original,full-grid,1422,21,14,65,1.0151975911343041,1.0109256330934919,-0.093035011686010291,0,0,1,UNSTABLE,1.9872679991533253e-16,2.4337632454763643e-16,1
B3_D1_Original,B3,1,Original,full-grid,1423,21,15,66,1.015510496672883,1.011271475039984,-0.092690736447933325,0,0,1,UNSTABLE,2.4288155075447429e-16,2.4337632454662931e-16,1
B3_D1_Original,B3,1,Original,full-grid,1424,21,16,67,1.0157822424654455,1.0115776892184145,-0.092326284359665903,0,0,1,UNSTABLE,2.5437088575204183e-16,2.4337632454763643e-16,1
B3_D1_Original,B3,1,Original,full-grid,1425,21,17,68,1.0160131997046029,1.0118442067095486,-0.091946306735560188,0,0,1,UNSTABLE,3.3490541943452255e-16,2.4337632454626677e-16,1
B3_D1_Original,B3,1,Original,full-grid,1426,21,18,69,1.0162042392326749,1.0120714981440413,-0.091555111702925837,0,0,1,UNSTABLE,4.3652568511945938e-16,2.4337632454763643e-16,1
B3_D1_Original,B3,1,Original,full-grid,1427,21,19,70,1.0163566205068726,1.0122604658966226,-0.091156619238011688,0,0,1,UNSTABLE,3.3020692516460841e-16,2.433763245466294e-16,1
B3_D1_Original,B3,1,Original,full-grid,1428,21,20,71,1.0164718890050275,1.0124123422038587,-0.09075434144296296,0,0,1,UNSTABLE,3.9473872635216337e-16,2.4337632454763643e-16,1
B3_D1_Original,B3,1,Original,full-grid,1429,21,21,72,1.0165517856532305,1.0125285973955878,-0.090351382783524697,0,0,1,UNSTABLE,3.3352203511381963e-16,2.4337632454626677e-16,1
B3_D1_Original,B3,1,Original,full-grid,1430,21,22,73,1.0165981698791213,1.0126108604161086,-0.089950455079043187,0,0,1,UNSTABLE,4.2041141002231831e-16,2.4337632454763643e-16,1
B3_D1_Original,B3,1,Original,full-grid,1431,21,23,74,1.0166129564308499,1.0126608522669134,-0.089553902590125051,0,0,1,UNSTABLE,3.2315903636913174e-16,2.4337632454662935e-16,1
B3_D1_Original,B3,1,Original,full-grid,1432,21,24,75,1.0165980651324924,1.0126803319352189,-0.089163733337620316,0,0,1,UNSTABLE,4.4890181143864862e-16,2.4337632454763643e-16,1
B3_D1_Original,B3,1,Original,full-grid,1433,21,25,76,1.0165553821903772,1.0126710537179897,-0.088781653633620686,0,0,1,UNSTABLE,4.2221036422711929e-16,2.4337632454626673e-16,1
B3_D1_Original,B3,1,Original,full-grid,1434,21,26,77,1.0164867314192736,1.0126347345181026,-0.088409103597368643,0,0,1,UNSTABLE,1.6726233830346696e-16,2.4337632454763648e-16,1
B3_D1_Original,B3,1,Original,full-grid,1435,21,27,78,1.0163938537251938,1.012573029584527,-0.088047292112608394,0,0,1,UNSTABLE,4.792772827521207e-16,2.4337632454662931e-16,1
B3_D1_Original,B3,1,Original,full-grid,1436,21,28,79,1.0162783932820103,1.0124875152122732,-0.08769723023643064,0,0,1,UNSTABLE,2.9265765522677161e-16,2.4337632454763653e-16,1
B3_D1_Original,B3,1,Original,full-grid,1437,21,29,80,1.0161418890114171,1.0123796770481523,-0.08735976249721443,0,0,1,UNSTABLE,4.3136032068178252e-16,2.4337632454626673e-16,1
B3_D1_Original,B3,1,Original,full-grid,1438,21,30,81,1.0159857701783688,1.0122509028210811,-0.087035595837789678,0,0,1,UNSTABLE,2.5369067879168525e-16,2.4337632454763643e-16,1
B3_D1_Original,B3,1,Original,full-grid,1439,21,31,82,1.0158113551204293,1.0121024785017141,-0.086725326187283805,0,0,1,UNSTABLE,2.0915513859621072e-16,2.4337632454662931e-16,1
B3_D1_Original,B3,1,Original,full-grid,1440,21,32,83,1.0156198523240825,1.0119355870776523,-0.08642946280406022,0,0,1,UNSTABLE,5.7207730621322568e-16,2.4337632454763643e-16,1
B3_D1_Original,B3,1,Original,full-grid,1441,21,33,84,1.0154123632383831,1.0117513092998105,-0.086148450638868002,0,0,1,UNSTABLE,2.3505630619386825e-16,2.4337632454626677e-16,1
B3_D1_Original,B3,1,Original,full-grid,1442,21,34,85,1.0151898863725894,1.0115506259070279,-0.08588269104011105,0,0,1,UNSTABLE,2.607129752426484e-16,2.4337632454763643e-16,1
B3_D1_Original,B3,1,Original,full-grid,1443,21,35,86,1.014953322364325,1.011334420973395,-0.085632561171489582,0,0,1,UNSTABLE,2.3573143041506841e-16,2.433763245466294e-16,1
B3_D1_Original,B3,1,Original,full-grid,1444,21,36,87,1.0147034798303833,1.0111034861467265,-0.085398432548998732,0,0,1,UNSTABLE,2.9335254904705722e-16,2.4337632454763643e-16,1
B3_D1_Original,B3,1,Original,full-grid,1445,21,37,88,1.0144410819312599,1.0108585256643328,-0.085180689135488541,0,0,1,UNSTABLE,2.0642879803681339e-16,2.4337632454626677e-16,1
B3_D1_Original,B3,1,Original,full-grid,1446,21,38,89,1.014166773699438,1.0106001621496843,-0.084979745463015205,0,0,1,UNSTABLE,3.7765970656177071e-16,2.4337632454763643e-16,1
B3_D1_Original,B3,1,Original,full-grid,1447,21,39,90,1.0138811303110979,1.0103289433210039,-0.084796065290635089,0,0,1,UNSTABLE,1.6624441730435979e-16,2.4337632454662935e-16,1
B3_D1_Original,B3,1,Original,full-grid,1448,21,40,91,1.013584666632428,1.0100453498912274,-0.084630181350850403,0,0,1,UNSTABLE,2.8178431286370139e-16,2.4337632454763643e-16,1
B3_D1_Original,B3,1,Original,full-grid,1449,21,41,92,1.0132778485621636,1.0097498051251759,-0.084482716791284093,0,0,1,UNSTABLE,3.5098135898900103e-16,2.4337632454626673e-16,1
B3_D1_Original,B3,1,Original,full-grid,1450,21,42,93,1.0129611069430191,1.0094426867658548,-0.084354408978778148,0,0,1,UNSTABLE,2.1923661058742124e-16,2.4337632454763648e-16,1
B3_D1_Original,B3,1,Original,full-grid,1451,21,43,94,1.0126348551562188,1.0091243423784615,-0.084246136389117335,0,0,1,UNSTABLE,3.8932277133880945e-16,2.4337632454662931e-16,1
B3_D1_Original,B3,1,Original,full-grid,1452,21,44,95,1.0122995119871665,1.0087951096309513,-0.084158949340712566,0,0,1,UNSTABLE,3.2399512633390372e-16,2.4337632454763653e-16,1
B3_D1_Original,B3,1,Original,full-grid,1453,21,45,96,1.0119555320128064,1.0084553436939059,-0.084094105301907043,0,0,1,UNSTABLE,4.9115804830497638e-16,2.4337632454626673e-16,1
B3_D1_Original,B3,1,Original,full-grid,1454,21,46,97,1.0116034466880335,1.0081054548817296,-0.084053109334573689,0,0,1,UNSTABLE,3.8304272104737004e-16,2.4337632454763643e-16,1
B3_D1_Original,B3,1,Original,full-grid,1455,21,47,98,1.0112439205899459,1.0077459609744697,-0.084037759785511174,0,0,1,UNSTABLE,2.9141301538490144e-16,2.4337632454662931e-16,1
B3_D1_Original,B3,1,Original,full-grid,1456,21,48,99,1.0108778290126801,1.0073775604747657,-0.084050198341817581,0,0,1,UNSTABLE,2.5649564377496239e-16,2.4337632454763643e-16,1
B3_D1_Original,B3,1,Original,full-grid,1457,21,49,100,1.0105063653428794,1.0070012354583509,-0.084092961559407445,0,0,1,UNSTABLE,2.1498927799389203e-16,2.4337632454626677e-16,1
B3_D1_Original,B3,1,Original,full-grid,1458,21,50,101,1.0101311892738447,1.0066183956256753,-0.08416902715241098,0,0,1,UNSTABLE,2.4269474812575917e-16,2.4337632454763643e-16,1
B3_D1_Original,B3,1,Original,full-grid,1459,21,51,102,1.009754629357521,1.0062310781930492,-0.084281841385901876,0,0,1,UNSTABLE,3.0021281406962355e-16,2.433763245466294e-16,1
B3_D1_Original,B3,1,Original,full-grid,1460,21,52,103,1.0093799539705364,1.0058422198689208,-0.08443530189869479,0,0,1,UNSTABLE,1.9624658789685396e-16,2.4337632454763643e-16,1
B3_D1_Original,B3,1,Original,full-grid,1461,21,53,104,1.0090117194804495,1.0054560135523913,-0.084633650873791766,0,0,1,UNSTABLE,3.3137251242237228e-16,2.4337632454626677e-16,1
B3_D1_Original,B3,1,Original,full-grid,1462,21,54,105,1.0086561849824494,1.0050783454274974,-0.084881205552662903,0,0,1,UNSTABLE,3.342095713418586e-16,2.4337632454763643e-16,1
B3_D1_Original,B3,1,Original,full-grid,1463,21,55,106,1.0083217352642393,1.0047172632396255,-0.085181821737762217,0,0,1,UNSTABLE,2.6953481536019146e-16,2.4337632454662935e-16,1
B3_D1_Original,B3,1,Original,full-grid,1464,21,56,107,1.008019160789891,1.0043833349747757,-0.085537973698841835,0,0,1,UNSTABLE,3.0961792727162198e-16,2.4337632454763643e-16,1
B3_D1_Original,B3,1,Original,full-grid,1465,21,57,108,1.0077615062039345,1.0040896148365566,-0.085949396529575256,0,0,1,UNSTABLE,2.8546787082442633e-16,2.4337632454626673e-16,1
B3_D1_Original,B3,1,Original,full-grid,1466,21,58,109,1.0075630872093535,1.0038508028636361,-0.086411459291442505,0,0,1,UNSTABLE,2.8525925225427541e-16,2.4337632454763648e-16,1
B3_D1_Original,B3,1,Original,full-grid,1467,21,59,110,1.0074373839675357,1.0036812572733824,-0.086913844774435145,0,0,1,UNSTABLE,3.694857546159402e-16,2.4337632454662931e-16,1
B3_D1_Original,B3,1,Original,full-grid,1468,21,60,111,1.0073940711218445,1.0035920379724252,-0.087440470320087088,0,0,1,UNSTABLE,3.9119531649715627e-16,2.4337632454763653e-16,1
B3_D1_Original,B3,1,Original,full-grid,1469,21,61,112,1.0074362916398596,1.0035880243982787,-0.087971353277258954,0,0,1,UNSTABLE,3.0416174852182231e-16,2.4337632454626673e-16,1
B3_D1_Original,B3,1,Original,full-grid,1470,21,62,113,1.0075596218903389,1.0036665833625231,-0.088486050342424419,0,0,1,UNSTABLE,4.9494264493333527e-16,2.4337632454763643e-16,1
B3_D1_Original,B3,1,Original,full-grid,1471,21,63,114,1.0077533292992253,1.003818516403961,-0.088967178432405911,0,0,1,UNSTABLE,3.8033955506579757e-16,2.4337632454662931e-16,1
B3_D1_Original,B3,1,Original,full-grid,1472,21,64,115,1.0080031243490233,1.0040306200247164,-0.089402532123961029,0,0,1,UNSTABLE,3.335814237730609e-16,2.4337632454763643e-16,1
B3_D1_Original,B3,1,Original,full-grid,1473,21,65,116,1.0082939929013308,1.0042884846173188,-0.089785387374330006,0,0,1,UNSTABLE,2.6652218816110655e-16,2.4337632454626677e-16,1
B3_D1_Original,B3,1,Original,full-grid,1474,21,66,117,1.0086121662936223,1.0045785417980522,-0.090113569202492819,0,0,1,UNSTABLE,6.6360980793692805e-16,2.4337632454763643e-16,1
B3_D1_Original,B3,1,Original,full-grid,1475,22,0,52,1.0075328774366543,1.003302864169511,-0.092227229520572926,0,0,1,UNSTABLE,4.2231301504020898e-16,1.204452349741626e-16,1
B3_D1_Original,B3,1,Original,full-grid,1476,22,1,53,1.0080660105270018,1.003808887523195,-0.09254619878347746,0,0,1,UNSTABLE,2.9883357426987671e-16,2.4337632454763639e-16,1
B3_D1_Original,B3,1,Original,full-grid,1477,22,2,54,1.0086207101259144,1.0043410242591531,-0.092816183314006054,0,0,1,UNSTABLE,3.2858359268971691e-16,2.433763245466294e-16,1
B3_D1_Original,B3,1,Original,full-grid,1478,22,3,55,1.0091914301412723,1.0048940258604668,-0.093034076877938549,0,0,1,UNSTABLE,2.4277253274326014e-16,2.4337632454763643e-16,1
B3_D1_Original,B3,1,Original,full-grid,1479,22,4,56,1.0097721335852443,1.0054620778780441,-0.093197487704671039,0,0,1,UNSTABLE,3.8750151980477291e-16,2.4337632454626677e-16,1
B3_D1_Original,B3,1,Original,full-grid,1480,22,5,57,1.0103564375826837,1.0060389315258784,-0.093304872429258945,0,0,1,UNSTABLE,3.3401852723614311e-16,2.4337632454763648e-16,1
B3_D1_Original,B3,1,Original,full-grid,1481,22,6,58,1.0109377925586918,1.0066180731279446,-0.093355638692178194,0,0,1,UNSTABLE,2.3425329722789082e-16,2.4337632454662935e-16,1
B3_D1_Original,B3,1,Original,full-grid,1482,22,7,59,1.0115096850122025,1.0071929221006566,-0.093350203769599654,0,0,1,UNSTABLE,2.7429992628166375e-16,2.4337632454763639e-16,1
B3_D1_Original,B3,1,Original,full-grid,1483,22,8,60,1.012065848824421,1.0077570432593665,-0.093290000095588632,0,0,1,UNSTABLE,4.3424334572780817e-16,2.4337632454626668e-16,1
B3_D1_Original,B3,1,Original,full-grid,1484,22,9,61,1.0126004674563325,1.0083043559955851,-0.093177424160102135,0,0,1,UNSTABLE,3.3188570035593265e-16,2.4337632454763648e-16,1
B3_D1_Original,B3,1,Original,full-grid,1485,22,10,62,1.0131083495369857,1.0088293222791089,-0.093015732064146955,0,0,1,UNSTABLE,3.3328244078756828e-16,2.4337632454662935e-16,1
B3_D1_Original,B3,1,Original,full-grid,1486,22,11,63,1.0135850634392483,1.0093270978595936,-0.09280889156473833,0,0,1,UNSTABLE,3.192265346455674e-16,2.4337632454763653e-16,1
B3_D1_Original,B3,1,Original,full-grid,1487,22,12,64,1.0140270218674707,1.0097936360090136,-0.092561405310786618,0,0,1,UNSTABLE,3.1848559455472039e-16,2.4337632454626673e-16,1
B3_D1_Original,B3,1,Original,full-grid,1488,22,13,65,1.0144315140101607,1.01022573951651,-0.092278122191923689,0,0,1,UNSTABLE,3.5812828029448708e-16,2.4337632454763643e-16,1
B3_D1_Original,B3,1,Original,full-grid,1489,22,14,66,1.0147966890079974,1.0106210629905803,-0.091964053093498005,0,0,1,UNSTABLE,3.2000350423727305e-16,2.4337632454662931e-16,1
B3_D1_Original,B3,1,Original,full-grid,1490,22,15,67,1.0151214991957058,1.010978072609547,-0.091624204400490961,0,0,1,UNSTABLE,3.5867084638417993e-16,2.4337632454763639e-16,1
B3_D1_Original,B3,1,Original,full-grid,1491,22,16,68,1.0154056141991632,1.0112959735782905,-0.091263438306462677,0,0,1,UNSTABLE,3.2044307790682457e-16,2.4337632454626673e-16,1
B3_D1_Original,B3,1,Original,full-grid,1492,22,17,69,1.0156493175161332,1.0115746165917927,-0.090886364423684127,0,0,1,UNSTABLE,2.9304604684516905e-16,2.4337632454763639e-16,1
B3_D1_Original,B3,1,Original,full-grid,1493,22,18,70,1.0158533961289726,1.0118143939388269,-0.090497263190506563,0,0,1,UNSTABLE,4.4416954892857214e-16,2.433763245466294e-16,1
B3_D1_Original,B3,1,Original,full-grid,1494,22,19,71,1.0160190316331559,1.0120161341022116,-0.090100038610371441,0,0,1,UNSTABLE,3.5590595280592942e-16,2.4337632454763639e-16,1
B3_D1_Original,B3,1,Original,full-grid,1495,22,20,72,1.0161476989350768,1.0121810014402586,-0.089698196049009152,0,0,1,UNSTABLE,2.9076294713191457e-16,2.4337632454626677e-16,1
B3_D1_Original,B3,1,Original,full-grid,1496,22,21,73,1.0162410762420342,1.0123104052534271,-0.089294840036871007,0,0,1,UNSTABLE,3.0435327156109623e-16,2.4337632454763648e-16,1
B3_D1_Original,B3,1,Original,full-grid,1497,22,22,74,1.0163009681137776,1.0124059205596865,-0.088892687014710203,0,0,1,UNSTABLE,2.2521411543151669e-16,2.4337632454662935e-16,1
B3_D1_Original,B3,1,Original,full-grid,1498,22,23,75,1.0163292418752412,1.0124692213598099,-0.088494088445291608,0,0,1,UNSTABLE,3.0923971840937334e-16,2.4337632454763639e-16,1
B3_D1_Original,B3,1,Original,full-grid,1499,22,24,76,1.0163277766991732,1.0125020260907331,-0.088101060450170993,0,0,1,UNSTABLE,3.0328591466245321e-16,2.4337632454626668e-16,1
B3_D1_Original,B3,1,Original,full-grid,1500,22,25,77,1.0162984240818242,1.0125060542856485,-0.087715316941268148,0,0,1,UNSTABLE,2.7037464922651409e-16,2.4337632454763648e-16,1
B3_D1_Original,B3,1,Original,full-grid,1501,22,26,78,1.0162429781596507,1.012482993099209,-0.087338303988932539,0,0,1,UNSTABLE,4.7604492657502178e-16,2.4337632454662935e-16,1
B3_D1_Original,B3,1,Original,full-grid,1502,22,27,79,1.0161631542566032,1.0124344722267846,-0.086971233839709533,0,0,1,UNSTABLE,2.9927665740207546e-16,2.4337632454763653e-16,1
B3_D1_Original,B3,1,Original,full-grid,1503,22,28,80,1.0160605741297342,1.012362045768656,-0.086615117548535958,0,0,1,UNSTABLE,2.8471935747466685e-16,2.4337632454626673e-16,1
B3_D1_Original,B3,1,Original,full-grid,1504,22,29,81,1.0159367565359143,1.0122671797031648,-0.086270795617717749,0,0,1,UNSTABLE,1.8132536756206809e-16,2.4337632454763643e-16,1
B3_D1_Original,B3,1,Original,full-grid,1505,22,30,82,1.0157931119314101,1.0121512437915117,-0.085938966357492347,0,0,1,UNSTABLE,3.8825841951403029e-16,2.4337632454662931e-16,1
B3_D1_Original,B3,1,Original,full-grid,1506,22,31,83,1.0156309403118908,1.0120155069121313,-0.085620211913995437,0,0,1,UNSTABLE,2.3738816656634908e-16,2.4337632454763639e-16,1
B3_D1_Original,B3,1,Original,full-grid,1507,22,32,84,1.0154514313864254,1.0118611349949531,-0.085315022073871469,0,0,1,UNSTABLE,2.532443816174592e-16,2.4337632454626673e-16,1
B3_D1_Original,B3,1,Original,full-grid,1508,22,33,85,1.0152556664482342,1.0116891908866723,-0.085023816065372182,0,0,1,UNSTABLE,4.5068037844800244e-16,2.4337632454763639e-16,1
B3_D1_Original,B3,1,Original,full-grid,1509,22,34,86,1.0150446214538102,1.0115006356220264,-0.084746962650855934,0,0,1,UNSTABLE,6.3324108065894105e-16,2.433763245466294e-16,1
B3_D1_Original,B3,1,Original,full-grid,1510,22,35,87,1.0148191709523253,1.011296330703503,-0.084484798857523941,0,0,1,UNSTABLE,2.4725108086421845e-16,2.4337632454763639e-16,1
B3_D1_Original,B3,1,Original,full-grid,1511,22,36,88,1.0145800926219504,1.0110770411048771,-0.084237647731711954,0,0,1,UNSTABLE,4.0667910993856292e-16,2.4337632454626677e-16,1
B3_D1_Original,B3,1,Original,full-grid,1512,22,37,89,1.0143280722736143,1.0108434388164571,-0.084005835535551257,0,0,1,UNSTABLE,3.396738058230217e-16,2.4337632454763648e-16,1
B3_D1_Original,B3,1,Original,full-grid,1513,22,38,90,1.0140637092826299,1.0105961068480009,-0.083789708841301547,0,0,1,UNSTABLE,3.5908490791620909e-16,2.4337632454662935e-16,1
B3_D1_Original,B3,1,Original,full-grid,1514,22,39,91,1.0137875225111828,1.0103355437052939,-0.083589652021586983,0,0,1,UNSTABLE,2.8972555682485126e-16,2.4337632454763639e-16,1
B3_D1_Original,B3,1,Original,full-grid,1515,22,40,92,1.0134999569010863,1.0100621684688793,-0.083406105690464097,0,0,1,UNSTABLE,3.4984013477331279e-16,2.4337632454626668e-16,1
B3_D1_Original,B3,1,Original,full-grid,1516,22,41,93,1.0132013910580415,1.0097763267397575,-0.083239586723584807,0,0,1,UNSTABLE,2.9862157294168157e-16,2.4337632454763648e-16,1
B3_D1_Original,B3,1,Original,full-grid,1517,22,42,94,1.0128921463354554,1.0094782978961807,-0.083090710579915364,0,0,1,UNSTABLE,3.2408805983118629e-16,2.4337632454662935e-16,1
B3_D1_Original,B3,1,Original,full-grid,1518,22,43,95,1.0125724981804978,1.0091683043506614,-0.08296021676384982,0,0,1,UNSTABLE,3.7367175021731495e-16,2.4337632454763653e-16,1
B3_D1_Original,B3,1,Original,full-grid,1519,22,44,96,1.0122426908669426,1.0088465238465079,-0.082848998402914709,0,0,1,UNSTABLE,2.8877868181184466e-16,2.4337632454626673e-16,1
B3_D1_Original,B3,1,Original,full-grid,1520,22,45,97,1.0119029572586704,1.0085131063396853,-0.082758137061689843,0,0,1,UNSTABLE,3.2757679571838927e-16,2.4337632454763643e-16,1
B3_D1_Original,B3,1,Original,full-grid,1521,22,46,98,1.0115535460033638,1.0081681977556998,-0.082688944037297873,0,0,1,UNSTABLE,3.9149902033481252e-16,2.4337632454662931e-16,1
B3_D1_Original,B3,1,Original,full-grid,1522,22,47,99,1.0111947596580564,1.0078119740078753,-0.082643009421634453,0,0,1,UNSTABLE,2.4068999658175498e-16,2.4337632454763639e-16,1
B3_D1_Original,B3,1,Original,full-grid,1523,22,48,100,1.0108270088496722,1.0074446902768006,-0.082622260033581488,0,0,1,UNSTABLE,3.1741750698543012e-16,2.4337632454626673e-16,1
B3_D1_Original,B3,1,Original,full-grid,1524,22,49,101,1.0104508898764823,1.007066752905259,-0.082629026649435444,0,0,1,UNSTABLE,2.064463092558775e-16,2.4337632454763639e-16,1
B3_D1_Original,B3,1,Original,full-grid,1525,22,50,102,1.0100672963789694,1.0066788246210545,-0.08266611926232624,0,0,1,UNSTABLE,2.416194075532224e-16,2.433763245466294e-16,1
B3_D1_Original,B3,1,Original,full-grid,1526,22,51,103,1.0096775799937421,1.0062819783880799,-0.082736905389258181,0,0,1,UNSTABLE,2.7401733693039929e-16,2.4337632454763639e-16,1
B3_D1_Original,B3,1,Original,full-grid,1527,22,52,104,1.0092837799983516,1.0058779209029107,-0.082845378916381662,0,0,1,UNSTABLE,3.1322135078329825e-16,2.4337632454626677e-16,1
B3_D1_Original,B3,1,Original,full-grid,1528,22,53,105,1.0088889464169444,1.0054693124206269,-0.082996192579442282,0,0,1,UNSTABLE,3.2365608953131819e-16,2.4337632454763648e-16,1
B3_D1_Original,B3,1,Original,full-grid,1529,22,54,106,1.0084975804431446,1.0050602111633304,-0.083194601363300938,0,0,1,UNSTABLE,1.6957160107955107e-16,2.4337632454662935e-16,1
B3_D1_Original,B3,1,Original,full-grid,1530,22,55,107,1.0081161993322543,1.0046566574668256,-0.083446221985747984,0,0,1,UNSTABLE,3.9215158254500854e-16,2.4337632454763639e-16,1
B3_D1_Original,B3,1,Original,full-grid,1531,22,56,108,1.0077539774200597,1.004267362338729,-0.083756456152123168,0,0,1,UNSTABLE,4.2302612286111424e-16,2.4337632454626668e-16,1
B3_D1_Original,B3,1,Original,full-grid,1532,22,57,109,1.0074232851768563,1.0039043397372787,-0.084129377587071563,0,0,1,UNSTABLE,2.9330934071587283e-16,2.4337632454763648e-16,1
B3_D1_Original,B3,1,Original,full-grid,1533,22,58,110,1.0071397210050506,1.003583091287461,-0.084565929948382634,0,0,1,UNSTABLE,2.4390046629821764e-16,2.4337632454662935e-16,1
B3_D1_Original,B3,1,Original,full-grid,1534,22,59,111,1.0069209884530832,1.0033216846641502,-0.085061589863025824,0,0,1,UNSTABLE,2.7216084548136979e-16,2.4337632454763653e-16,1
B3_D1_Original,B3,1,Original,full-grid,1535,22,60,112,1.0067840503561558,1.0031380875350666,-0.085604330428055583,0,0,1,UNSTABLE,2.7445947665272323e-16,2.4337632454626673e-16,1
B3_D1_Original,B3,1,Original,full-grid,1536,22,61,113,1.0067408763467971,1.0030459423878826,-0.086174413643039613,0,0,1,UNSTABLE,3.5771315687053364e-16,2.4337632454763643e-16,1
B3_D1_Original,B3,1,Original,full-grid,1537,22,62,114,1.0067945998359138,1.0030504930449295,-0.086747188202740952,0,0,1,UNSTABLE,4.4346876977932884e-16,2.4337632454662931e-16,1
B3_D1_Original,B3,1,Original,full-grid,1538,22,63,115,1.0069384376261998,1.0031470737683046,-0.087298141785377731,0,0,1,UNSTABLE,7.8730542462654507e-16,2.4337632454763639e-16,1
B3_D1_Original,B3,1,Original,full-grid,1539,22,64,116,1.0071580455356182,1.0033230533093795,-0.087807627146336914,0,0,1,UNSTABLE,3.5165645870289808e-16,2.4337632454626673e-16,1
B3_D1_Original,B3,1,Original,full-grid,1540,22,65,117,1.007435634340907,1.003561746808215,-0.088263116210055836,0,0,1,UNSTABLE,3.0349993461935244e-16,2.4337632454763639e-16,1
B3_D1_Original,B3,1,Original,full-grid,1541,22,66,118,1.0077536176910851,1.0038460834332907,-0.088658867267252542,0,0,1,UNSTABLE,2.9155275014780795e-16,2.433763245466294e-16,1
B3_D1_Original,B3,1,Original,full-grid,1542,23,0,53,1.006973950337674,1.002842029426666,-0.091128484427572889,0,0,1,UNSTABLE,3.0809633581579285e-16,1.2044523497416282e-16,1
B3_D1_Original,B3,1,Original,full-grid,1543,23,1,54,1.0075099095455786,1.0033507569609326,-0.091452043927205712,0,0,1,UNSTABLE,3.0498074582587519e-16,2.433763245466295e-16,1
B3_D1_Original,B3,1,Original,full-grid,1544,23,2,55,1.0080677565910408,1.0038858198848462,-0.091727108929824303,0,0,1,UNSTABLE,2.8453862809572896e-16,2.4337632454763658e-16,1
B3_D1_Original,B3,1,Original,full-grid,1545,23,3,56,1.0086420612584022,1.004442086561941,-0.091950543678068875,0,0,1,UNSTABLE,2.4521852145388533e-16,2.4337632454626677e-16,1
B3_D1_Original,B3,1,Original,full-grid,1546,23,4,57,1.0092268950192074,1.0050138548070087,-0.092119907056333244,0,0,1,UNSTABLE,2.9001392910120776e-16,2.4337632454763648e-16,1
B3_D1_Original,B3,1,Original,full-grid,1547,23,5,58,1.0098159721739997,1.0055949796873014,-0.092233586536664525,0,0,1,UNSTABLE,3.0228352279270039e-16,2.4337632454662935e-16,1
B3_D1_Original,B3,1,Original,full-grid,1548,23,6,59,1.0104028248975581,1.0061790387429608,-0.092290901801079878,0,0,1,UNSTABLE,2.6890049861111527e-16,2.4337632454763643e-16,1
B3_D1_Original,B3,1,Original,full-grid,1549,23,7,60,1.0109810020136052,1.0067595256975357,-0.092292165700596895,0,0,1,UNSTABLE,3.9343212693235051e-16,2.4337632454626668e-16,1
B3_D1_Original,B3,1,Original,full-grid,1550,23,8,61,1.0115442769979111,1.0073300589910461,-0.092238693509406541,0,0,1,UNSTABLE,2.5974579939513395e-16,2.4337632454763648e-16,1
B3_D1_Original,B3,1,Original,full-grid,1551,23,9,62,1.0120868481224006,1.007884588268968,-0.092132756781875283,0,0,1,UNSTABLE,3.2544332406935502e-16,2.4337632454662935e-16,1
B3_D1_Original,B3,1,Original,full-grid,1552,23,10,63,1.0126035136591069,1.0084175812596377,-0.09197748464287997,0,0,1,UNSTABLE,3.3198343492803897e-16,2.4337632454763653e-16,1
B3_D1_Original,B3,1,Original,full-grid,1553,23,11,64,1.0130898078917057,1.0089241756482863,-0.091776721702614333,0,0,1,UNSTABLE,2.5177127173834904e-16,2.4337632454626673e-16,1
B3_D1_Original,B3,1,Original,full-grid,1554,23,12,65,1.0135420887998159,1.0094002852157249,-0.091534856612696211,0,0,1,UNSTABLE,4.4147140386630635e-16,2.4337632454763643e-16,1
B3_D1_Original,B3,1,Original,full-grid,1555,23,13,66,1.0139575745410312,1.0098426555955085,-0.091256637615802702,0,0,1,UNSTABLE,2.9314766221991121e-16,2.4337632454662931e-16,1
B3_D1_Original,B3,1,Original,full-grid,1556,23,14,67,1.0143343318998308,1.0102488711659818,-0.090946991036183783,0,0,1,UNSTABLE,4.7058510488601553e-16,2.4337632454763643e-16,1
B3_D1_Original,B3,1,Original,full-grid,1557,23,15,68,1.0146712245635423,1.0106173196306634,-0.090610855971080498,0,0,1,UNSTABLE,2.4258387556507278e-16,2.4337632454626673e-16,1
B3_D1_Original,B3,1,Original,full-grid,1558,23,16,69,1.0149678318071784,1.0109471240289425,-0.090253044386184089,0,0,1,UNSTABLE,4.584472072815156e-16,2.4337632454763648e-16,1
B3_D1_Original,B3,1,Original,full-grid,1559,23,17,70,1.0152243488798014,1.0112380531076388,-0.089878131408527406,0,0,1,UNSTABLE,2.8562621568480977e-16,2.4337632454662935e-16,1
B3_D1_Original,B3,1,Original,full-grid,1560,23,18,71,1.0154414794826792,1.0114904204869082,-0.089490376673639488,0,0,1,UNSTABLE,3.2722401438694812e-16,2.4337632454763648e-16,1
B3_D1_Original,B3,1,Original,full-grid,1561,23,19,72,1.0156203288150181,1.0117049814283192,-0.089093674609645415,0,0,1,UNSTABLE,3.7987326026198722e-16,2.4337632454626677e-16,1
B3_D1_Original,B3,1,Original,full-grid,1562,23,20,73,1.0157623033374448,1.0118828338525798,-0.088691529673715103,0,0,1,UNSTABLE,2.5256982310232578e-16,2.4337632454763648e-16,1
B3_D1_Original,B3,1,Original,full-grid,1563,23,21,74,1.0158690211295442,1.0120253280394269,-0.088287051697227809,0,0,1,UNSTABLE,2.8213168534770051e-16,2.4337632454662935e-16,1
B3_D1_Original,B3,1,Original,full-grid,1564,23,22,75,1.0159422347806042,1.0121339874869966,-0.087882966408061466,0,0,1,UNSTABLE,3.6281027436446069e-16,2.4337632454763643e-16,1
B3_D1_Original,B3,1,Original,full-grid,1565,23,23,76,1.0159837672735024,1.0122104418638509,-0.087481636616184286,0,0,1,UNSTABLE,3.0014636686878424e-16,2.4337632454626668e-16,1
B3_D1_Original,B3,1,Original,full-grid,1566,23,24,77,1.0159954603056993,1.0122563718843265,-0.087085090235755475,0,0,1,UNSTABLE,2.4164236684369872e-16,2.4337632454763648e-16,1
B3_D1_Original,B3,1,Original,full-grid,1567,23,25,78,1.0159791338753383,1.012273465231788,-0.08669505209474504,0,0,1,UNSTABLE,3.2853105569053111e-16,2.4337632454662935e-16,1
B3_D1_Original,B3,1,Original,full-grid,1568,23,26,79,1.0159365556558275,1.0122633822669411,-0.086312977235865104,0,0,1,UNSTABLE,2.8460577107533991e-16,2.4337632454763653e-16,1
B3_D1_Original,B3,1,Original,full-grid,1569,23,27,80,1.0158694185972983,1.0122277301033424,-0.085940084076338089,0,0,1,UNSTABLE,3.3973498732817026e-16,2.4337632454626673e-16,1
B3_D1_Original,B3,1,Original,full-grid,1570,23,28,81,1.01577932525057,1.0121680436336917,-0.085577386342704509,0,0,1,UNSTABLE,2.7725089917145974e-16,2.4337632454763639e-16,1
B3_D1_Original,B3,1,Original,full-grid,1571,23,29,82,1.015667777447534,1.0120857721866163,-0.085225723127669337,0,0,1,UNSTABLE,3.9474785081751026e-16,2.4337632454662931e-16,1
B3_D1_Original,B3,1,Original,full-grid,1572,23,30,83,1.0155361701487144,1.0119822706399664,-0.084885786741341729,0,0,1,UNSTABLE,2.8453281151294627e-16,2.4337632454763643e-16,1
B3_D1_Original,B3,1,Original,full-grid,1573,23,31,84,1.0153857884544333,1.0118587939811845,-0.084558148265993588,0,0,1,UNSTABLE,3.5956453054319245e-16,2.4337632454626673e-16,1
B3_D1_Original,B3,1,Original,full-grid,1574,23,32,85,1.0152178069554283,1.0117164944707819,-0.084243280890180197,0,0,1,UNSTABLE,2.4334904334800671e-16,2.4337632454763648e-16,1
B3_D1_Original,B3,1,Original,full-grid,1575,23,33,86,1.0150332907606001,1.0115564207179739,-0.083941581212975763,0,0,1,UNSTABLE,4.0324342122621559e-16,2.4337632454662935e-16,1
B3_D1_Original,B3,1,Original,full-grid,1576,23,34,87,1.014833197682717,1.0113795181154508,-0.08365338878663163,0,0,1,UNSTABLE,3.5604385473795245e-16,2.4337632454763648e-16,1
B3_D1_Original,B3,1,Original,full-grid,1577,23,35,88,1.0146183811854417,1.0111866301997505,-0.083379004219522712,0,0,1,UNSTABLE,1.6542334312032067e-16,2.4337632454626677e-16,1
B3_D1_Original,B3,1,Original,full-grid,1578,23,36,89,1.014389593801007,1.0109785006078071,-0.083118706201202625,0,0,1,UNSTABLE,2.7163098857296823e-16,2.4337632454763648e-16,1
B3_D1_Original,B3,1,Original,full-grid,1579,23,37,90,1.0141474908198964,1.0107557753908389,-0.082872767845389939,0,0,1,UNSTABLE,2.8406422563218687e-16,2.4337632454662935e-16,1
B3_D1_Original,B3,1,Original,full-grid,1580,23,38,91,1.0138926341373946,1.0105190055284559,-0.08264147278361722,0,0,1,UNSTABLE,3.6898288502895722e-16,2.4337632454763643e-16,1
B3_D1_Original,B3,1,Original,full-grid,1581,23,39,92,1.013625496223024,1.0102686495644073,-0.082425131487187706,0,0,1,UNSTABLE,4.1166134433033013e-16,2.4337632454626668e-16,1
B3_D1_Original,B3,1,Original,full-grid,1582,23,40,93,1.013346464264812,1.0100050763672936,-0.082224098355003883,0,0,1,UNSTABLE,6.0181645587828522e-16,2.4337632454763648e-16,1
B3_D1_Original,B3,1,Original,full-grid,1583,23,41,94,1.0130558446413187,1.0097285681145989,-0.082038790185968685,0,0,1,UNSTABLE,5.9285524470466537e-16,2.4337632454662935e-16,1
B3_D1_Original,B3,1,Original,full-grid,1584,23,42,95,1.0127538680032393,1.0094393237187029,-0.0818697067653886,0,0,1,UNSTABLE,2.9739370095104554e-16,2.4337632454763653e-16,1
B3_D1_Original,B3,1,Original,full-grid,1585,23,43,96,1.0124406954243219,1.0091374630797565,-0.081717454440515633,0,0,1,UNSTABLE,3.628260865721407e-16,2.4337632454626673e-16,1
B3_D1_Original,B3,1,Original,full-grid,1586,23,44,97,1.0121164263349072,1.0088230327880199,-0.081582773753565652,0,0,1,UNSTABLE,3.1246791880896391e-16,2.4337632454763639e-16,1
B3_D1_Original,B3,1,Original,full-grid,1587,23,45,98,1.0117811093260221,1.0084960142524264,-0.081466572445179783,0,0,1,UNSTABLE,2.779355649906236e-16,2.4337632454662931e-16,1
B3_D1_Original,B3,1,Original,full-grid,1588,23,46,99,1.0114347574739948,1.0081563357684713,-0.081369965444063636,0,0,1,UNSTABLE,2.1019040139256198e-16,2.4337632454763643e-16,1
B3_D1_Original,B3,1,Original,full-grid,1589,23,47,100,1.0110773706878606,1.0078038908604869,-0.081294323808867849,0,0,1,UNSTABLE,5.8863393290092065e-16,2.4337632454626673e-16,1
B3_D1_Original,B3,1,Original,full-grid,1590,23,48,101,1.0107089688825688,1.0074385665018291,-0.081241334949672048,0,0,1,UNSTABLE,3.4249444229631509e-16,2.4337632454763648e-16,1
B3_D1_Original,B3,1,Original,full-grid,1591,23,49,102,1.0103296417720002,1.0070602867816865,-0.081213076719983929,0,0,1,UNSTABLE,2.9484087922132074e-16,2.4337632454662935e-16,1
B3_D1_Original,B3,1,Original,full-grid,1592,23,50,103,1.0099396241122736,1.0066690806241856,-0.081212107886062548,0,0,1,UNSTABLE,6.873319232150616e-16,2.4337632454763648e-16,1
B3_D1_Original,B3,1,Original,full-grid,1593,23,51,104,1.0095394098051853,1.0062651868169212,-0.081241576487095332,0,0,1,UNSTABLE,4.2758251675397639e-16,2.4337632454626677e-16,1
B3_D1_Original,B3,1,Original,full-grid,1594,23,52,105,1.0091299249955019,1.0058492165698902,-0.0813053445178432,0,0,1,UNSTABLE,2.8202235716480365e-16,2.4337632454763648e-16,1
B3_D1_Original,B3,1,Original,full-grid,1595,23,53,106,1.0087127896180739,1.0054224037549007,-0.081408119784170022,0,0,1,UNSTABLE,3.510100908826037e-16,2.4337632454662935e-16,1
B3_D1_Original,B3,1,Original,full-grid,1596,23,54,107,1.0082907081922057,1.0049869856795937,-0.081555569039668221,0,0,1,UNSTABLE,4.1641213487135232e-16,2.4337632454763643e-16,1
B3_D1_Original,B3,1,Original,full-grid,1597,23,55,108,1.0078680398520063,1.0045467692642505,-0.081754352274862607,0,0,1,UNSTABLE,3.2812766641104131e-16,2.4337632454626668e-16,1
B3_D1_Original,B3,1,Original,full-grid,1598,23,56,109,1.0074515906384454,1.004107935887125,-0.08201195381425222,0,0,1,UNSTABLE,3.4490347678850028e-16,2.4337632454763648e-16,1
B3_D1_Original,B3,1,Original,full-grid,1599,23,57,110,1.0070516116633323,1.0036800876269318,-0.082336081124311872,0,0,1,UNSTABLE,1.9798007469840738e-16,2.4337632454662935e-16,1
B3_D1_Original,B3,1,Original,full-grid,1600,23,58,111,1.0066828018772411,1.0032773636336976,-0.082733277558854332,0,0,1,UNSTABLE,2.0360925655002885e-16,2.4337632454763653e-16,1
B3_D1_Original,B3,1,Original,full-grid,1601,23,59,112,1.0063647161934577,1.002919059533804,-0.083206382104791074,0,0,1,UNSTABLE,2.7670086776905366e-16,2.4337632454626673e-16,1
B3_D1_Original,B3,1,Original,full-grid,1602,23,60,113,1.0061204421237393,1.0026286096682373,-0.083750911242839135,0,0,1,UNSTABLE,3.0167437983900718e-16,2.4337632454763639e-16,1
B3_D1_Original,B3,1,Original,full-grid,1603,23,61,114,1.0059723696180169,1.0024296475859826,-0.084351704639152134,0,0,1,UNSTABLE,7.6031440602872375e-16,2.4337632454662931e-16,1
B3_D1_Original,B3,1,Original,full-grid,1604,23,62,115,1.0059355082891361,1.0023393621501056,-0.084982644824941056,0,0,1,UNSTABLE,2.937326079011346e-16,2.4337632454763643e-16,1
B3_D1_Original,B3,1,Original,full-grid,1605,23,63,116,1.0060118070127486,1.0023624203300789,-0.08561153052645569,0,0,1,UNSTABLE,2.6577468502664725e-16,2.4337632454626673e-16,1
B3_D1_Original,B3,1,Original,full-grid,1606,23,64,117,1.0061896215990502,1.0024897539201674,-0.086208166079102769,0,0,1,UNSTABLE,4.1072364591165571e-16,2.4337632454763648e-16,1
B3_D1_Original,B3,1,Original,full-grid,1607,23,65,118,1.0064485435476282,1.0027028393604773,-0.086750716121417257,0,0,1,UNSTABLE,4.5970028968878382e-16,2.4337632454662935e-16,1
B3_D1_Original,B3,1,Original,full-grid,1608,23,66,119,1.0067657780091144,1.0029799125730283,-0.087227442615829431,0,0,1,UNSTABLE,4.9145294398353792e-16,2.4337632454763648e-16,1
B3_D1_Original,B3,1,Original,full-grid,1609,24,0,54,1.0063574687448043,1.002316672817098,-0.09009240973196482,0,0,1,UNSTABLE,3.3139792658694374e-16,1.2044523497416284e-16,1
B3_D1_Original,B3,1,Original,full-grid,1610,24,1,55,1.0068963635444825,1.0028282523482717,-0.090420037664300346,0,0,1,UNSTABLE,4.7453288607659527e-16,2.4337632454763658e-16,1
B3_D1_Original,B3,1,Original,full-grid,1611,24,2,56,1.0074574965420129,1.0033664190315292,-0.090699705063168587,0,0,1,UNSTABLE,3.2019690543301425e-16,2.4337632454626677e-16,1
B3_D1_Original,B3,1,Original,full-grid,1612,24,3,57,1.0080355567133812,1.0039261627295875,-0.090928232059696856,0,0,1,UNSTABLE,5.0330379579613915e-16,2.4337632454763643e-16,1
B3_D1_Original,B3,1,Original,full-grid,1613,24,4,58,1.0086247241925739,1.0045018949506928,-0.091103113519863874,0,0,1,UNSTABLE,4.4361173975079756e-16,2.4337632454662935e-16,1
B3_D1_Original,B3,1,Original,full-grid,1614,24,5,59,1.0092188076224051,1.0050875728539754,-0.091222653728630962,0,0,1,UNSTABLE,3.483165718301599e-16,2.4337632454763643e-16,1
B3_D1_Original,B3,1,Original,full-grid,1615,24,6,60,1.0098114153660445,1.0056768604787711,-0.091286071780619774,0,0,1,UNSTABLE,3.392643504404149e-16,2.4337632454626668e-16,1
B3_D1_Original,B3,1,Original,full-grid,1616,24,7,61,1.0103961508099533,1.0062633186519403,-0.091293565529852724,0,0,1,UNSTABLE,3.6100023936074179e-16,2.4337632454763648e-16,1
B3_D1_Original,B3,1,Original,full-grid,1617,24,8,62,1.0109668177529436,1.0068406104044412,-0.091246325065318878,0,0,1,UNSTABLE,3.7591107310772028e-16,2.4337632454662935e-16,1
B3_D1_Original,B3,1,Original,full-grid,1618,24,9,63,1.0115176192682842,1.0074027055380548,-0.091146491785394648,0,0,1,UNSTABLE,4.7831380171602962e-16,2.4337632454763653e-16,1
B3_D1_Original,B3,1,Original,full-grid,1619,24,10,64,1.0120433332788692,1.0079440671569895,-0.090997065431970905,0,0,1,UNSTABLE,4.7692054505650686e-16,2.4337632454626673e-16,1
B3_D1_Original,B3,1,Original,full-grid,1620,24,11,65,1.012539450660195,1.0084598049171563,-0.090801767657357146,0,0,1,UNSTABLE,3.2544376934312763e-16,2.4337632454763643e-16,1
B3_D1_Original,B3,1,Original,full-grid,1621,24,12,66,1.0130022665175051,1.008945784119768,-0.090564875512249454,0,0,1,UNSTABLE,3.1924194399256322e-16,2.4337632454662931e-16,1
B3_D1_Original,B3,1,Original,full-grid,1622,24,13,67,1.0134289213095586,1.0093986856116046,-0.090291040708479917,0,0,1,UNSTABLE,3.3602060782600675e-16,2.4337632454763639e-16,1
B3_D1_Original,B3,1,Original,full-grid,1623,24,14,68,1.0138173944128988,1.0098160174671482,-0.089985110329138571,0,0,1,UNSTABLE,3.4346613390374987e-16,2.4337632454626673e-16,1
B3_D1_Original,B3,1,Original,full-grid,1624,24,15,69,1.0141664574173472,1.0101960844411557,-0.089651962221746651,0,0,1,UNSTABLE,2.0842239419047947e-16,2.4337632454763643e-16,1
B3_D1_Original,B3,1,Original,full-grid,1625,24,16,70,1.0144755972749258,1.0105379244541663,-0.089296364462295968,0,0,1,UNSTABLE,3.683770398168422e-16,2.433763245466294e-16,1
B3_D1_Original,B3,1,Original,full-grid,1626,24,17,71,1.0147449203010475,1.0108412227123542,-0.088922864001177368,0,0,1,UNSTABLE,2.6212363265820383e-16,2.4337632454763643e-16,1
B3_D1_Original,B3,1,Original,full-grid,1627,24,18,72,1.0149750472961232,1.0111062137322326,-0.088535705711516283,0,0,1,UNSTABLE,4.0712374093523623e-16,2.4337632454626677e-16,1
B3_D1_Original,B3,1,Original,full-grid,1628,24,19,73,1.0151670082837008,1.0113335800598113,-0.08813878006351504,0,0,1,UNSTABLE,4.7989421772706013e-16,2.4337632454763643e-16,1
B3_D1_Original,B3,1,Original,full-grid,1629,24,20,74,1.0153221431309112,1.0115243544157784,-0.087735595716273027,0,0,1,UNSTABLE,2.8663677350177688e-16,2.4337632454662935e-16,1
B3_D1_Original,B3,1,Original,full-grid,1630,24,21,75,1.0154420120918082,1.0116798298410195,-0.087329272377054776,0,0,1,UNSTABLE,2.1294446129853122e-16,2.4337632454763643e-16,1
B3_D1_Original,B3,1,Original,full-grid,1631,24,22,76,1.0155283183876136,1.0118014804807531,-0.086922549112012457,0,0,1,UNSTABLE,2.6166260845084986e-16,2.4337632454626668e-16,1
B3_D1_Original,B3,1,Original,full-grid,1632,24,23,77,1.0155828434447769,1.011890894094686,-0.086517803645465685,0,0,1,UNSTABLE,2.1024252273156731e-16,2.4337632454763648e-16,1
B3_D1_Original,B3,1,Original,full-grid,1633,24,24,78,1.015607394368069,1.0119497162556375,-0.086117078824316046,0,0,1,UNSTABLE,3.1415166637513418e-16,2.4337632454662935e-16,1
B3_D1_Original,B3,1,Original,full-grid,1634,24,25,79,1.0156037625785521,1.0119796054649548,-0.085722113172193123,0,0,1,UNSTABLE,2.324308397521337e-16,2.4337632454763653e-16,1
B3_D1_Original,B3,1,Original,full-grid,1635,24,26,80,1.0155736922114125,1.0119821979973189,-0.085334373194135296,0,0,1,UNSTABLE,3.0622581502789497e-16,2.4337632454626673e-16,1
B3_D1_Original,B3,1,Original,full-grid,1636,24,27,81,1.0155188567576885,1.0119590811074075,-0.084955085749437761,0,0,1,UNSTABLE,2.428091064824889e-16,2.4337632454763643e-16,1
B3_D1_Original,B3,1,Original,full-grid,1637,24,28,82,1.0154408424705399,1.0119117732118676,-0.084585269358757292,0,0,1,UNSTABLE,2.4617116338877547e-16,2.4337632454662926e-16,1
B3_D1_Original,B3,1,Original,full-grid,1638,24,29,83,1.0153411371792207,1.0118417097401851,-0.08422576374514143,0,0,1,UNSTABLE,1.9715555640497838e-16,2.4337632454763639e-16,1
B3_D1_Original,B3,1,Original,full-grid,1639,24,30,84,1.015221123318871,1.0117502334819419,-0.08387725723976798,0,0,1,UNSTABLE,3.6285136965674958e-16,2.4337632454626673e-16,1
B3_D1_Original,B3,1,Original,full-grid,1640,24,31,85,1.0150820741620046,1.0116385884142463,-0.08354031192345944,0,0,1,UNSTABLE,2.0926305983290234e-16,2.4337632454763643e-16,1
B3_D1_Original,B3,1,Original,full-grid,1641,24,32,86,1.0149251524096596,1.0115079161506673,-0.083215386547836487,0,0,1,UNSTABLE,2.7330839426534492e-16,2.433763245466294e-16,1
B3_D1_Original,B3,1,Original,full-grid,1642,24,33,87,1.014751410457583,1.0113592543013681,-0.082902857397285062,0,0,1,UNSTABLE,5.8514973490504679e-16,2.4337632454763643e-16,1
B3_D1_Original,B3,1,Original,full-grid,1643,24,34,88,1.0145617917899177,1.0111935361656572,-0.082603037333754167,0,0,1,UNSTABLE,3.7501937142702373e-16,2.4337632454626677e-16,1
B3_D1_Original,B3,1,Original,full-grid,1644,24,35,89,1.014357133070342,1.0110115912925184,-0.08231619332095616,0,0,1,UNSTABLE,5.3466580622009619e-16,2.4337632454763643e-16,1
B3_D1_Original,B3,1,Original,full-grid,1645,24,36,90,1.0141381665988005,1.0108141465409659,-0.0820425627649157,0,0,1,UNSTABLE,3.2525314906996438e-16,2.4337632454662935e-16,1
B3_D1_Original,B3,1,Original,full-grid,1646,24,37,91,1.013905522884764,1.0106018273535105,-0.081782369041085032,0,0,1,UNSTABLE,5.7303427513115265e-16,2.4337632454763643e-16,1
B3_D1_Original,B3,1,Original,full-grid,1647,24,38,92,1.0136597331581532,1.010375159024556,-0.081535836614102755,0,0,1,UNSTABLE,3.4892856489120888e-16,2.4337632454626668e-16,1
B3_D1_Original,B3,1,Original,full-grid,1648,24,39,93,1.0134012317021779,1.0101345678062965,-0.08130320619925098,0,0,1,UNSTABLE,2.7883134949502271e-16,2.4337632454763648e-16,1
B3_D1_Original,B3,1,Original,full-grid,1649,24,40,94,1.0131303579529722,1.0098803817515514,-0.081084750472937478,0,0,1,UNSTABLE,5.0038813652407727e-16,2.4337632454662935e-16,1
B3_D1_Original,B3,1,Original,full-grid,1650,24,41,95,1.0128473583768103,1.0096128312530332,-0.08088079092168364,0,0,1,UNSTABLE,4.7892531730264419e-16,2.4337632454763653e-16,1
B3_D1_Original,B3,1,Original,full-grid,1651,24,42,96,1.0125523882159753,1.0093320493103566,-0.080691716531693145,0,0,1,UNSTABLE,2.4066254206557862e-16,2.4337632454626673e-16,1
B3_D1_Original,B3,1,Original,full-grid,1652,24,43,97,1.0122455133026085,1.0090380716520662,-0.080518005178601373,0,0,1,UNSTABLE,2.9356832473295876e-16,2.4337632454763643e-16,1
B3_D1_Original,B3,1,Original,full-grid,1653,24,44,98,1.0119267122979818,1.0087308369808905,-0.080360248792761893,0,0,1,UNSTABLE,2.6588343296473139e-16,2.4337632454662926e-16,1
B3_D1_Original,B3,1,Original,full-grid,1654,24,45,99,1.0115958799525484,1.0084101878245939,-0.080219183669108213,0,0,1,UNSTABLE,3.2638784738474235e-16,2.4337632454763639e-16,1
B3_D1_Original,B3,1,Original,full-grid,1655,24,46,100,1.0112528323538743,1.008075872814175,-0.08009572768676454,0,0,1,UNSTABLE,3.0766648893993859e-16,2.4337632454626673e-16,1
B3_D1_Original,B3,1,Original,full-grid,1656,24,47,101,1.0108973157151719,1.007727551753328,-0.079991026730401635,0,0,1,UNSTABLE,3.3909171565234965e-16,2.4337632454763643e-16,1
B3_D1_Original,B3,1,Original,full-grid,1657,24,48,102,1.0105290211926303,1.0073648057213778,-0.079906513291885167,0,0,1,UNSTABLE,2.1365465328815328e-16,2.433763245466294e-16,1
B3_D1_Original,B3,1,Original,full-grid,1658,24,49,103,1.0101476097248618,1.006987155884471,-0.079843981091601415,0,0,1,UNSTABLE,3.5246282720019937e-16,2.4337632454763643e-16,1
B3_D1_Original,B3,1,Original,full-grid,1659,24,50,104,1.0097527533238488,1.0065940970397587,-0.079805680561013864,0,0,1,UNSTABLE,5.2608371817967209e-16,2.4337632454626677e-16,1
B3_D1_Original,B3,1,Original,full-grid,1660,24,51,105,1.0093442032033757,1.0061851557862695,-0.079794441006990152,0,0,1,UNSTABLE,3.5671755867387877e-16,2.4337632454763643e-16,1
B3_D1_Original,B3,1,Original,full-grid,1661,24,52,106,1.0089219015460333,1.0057599895803246,-0.079813825736202965,0,0,1,UNSTABLE,4.3195147618365091e-16,2.4337632454662935e-16,1
B3_D1_Original,B3,1,Original,full-grid,1662,24,53,107,1.0084861640082872,1.0053185533177955,-0.079868325080501262,0,0,1,UNSTABLE,4.1303504451483186e-16,2.4337632454763643e-16,1
B3_D1_Original,B3,1,Original,full-grid,1663,24,54,108,1.008037976148944,1.0048613766376691,-0.079963586089594058,0,0,1,UNSTABLE,3.1732912018964629e-16,2.4337632454626668e-16,1
B3_D1_Original,B3,1,Original,full-grid,1664,24,55,109,1.0075794705371022,1.0043900201159066,-0.080106659769309252,0,0,1,UNSTABLE,2.206564683649681e-16,2.4337632454763648e-16,1
B3_D1_Original,B3,1,Original,full-grid,1665,24,56,110,1.007114680722456,1.003907811484094,-0.080306202549439362,0,0,1,UNSTABLE,2.3632746191896642e-16,2.4337632454662935e-16,1
B3_D1_Original,B3,1,Original,full-grid,1666,24,57,111,1.0066506882847868,1.0034209910288163,-0.080572470403873941,0,0,1,UNSTABLE,3.3142094101736832e-16,2.4337632454763653e-16,1
B3_D1_Original,B3,1,Original,full-grid,1667,24,58,112,1.0061992333786756,1.0029403654406506,-0.080916751180509588,0,0,1,UNSTABLE,2.9083876454031308e-16,2.4337632454626673e-16,1
B3_D1_Original,B3,1,Original,full-grid,1668,24,59,113,1.0057785966841943,1.0024833321032767,-0.08134958145644576,0,0,1,UNSTABLE,2.2348080315092516e-16,2.4337632454763643e-16,1
B3_D1_Original,B3,1,Original,full-grid,1669,24,60,114,1.0054148150777766,1.0020754093439481,-0.081876885419750328,0,0,1,UNSTABLE,3.6831656222404059e-16,2.4337632454662926e-16,1
B3_D1_Original,B3,1,Original,full-grid,1670,24,61,115,1.0051400190999482,1.0017490830995728,-0.082493833135631842,0,0,1,UNSTABLE,1.9451289417213091e-16,2.4337632454763639e-16,1
B3_D1_Original,B3,1,Original,full-grid,1671,24,62,116,1.0049852568608837,1.0015371357372951,-0.083178917081622464,0,0,1,UNSTABLE,2.9513884593940536e-16,2.4337632454626673e-16,1
B3_D1_Original,B3,1,Original,full-grid,1672,24,63,117,1.0049688105427208,1.0014609704398898,-0.083894188411624535,0,0,1,UNSTABLE,3.6984266434754712e-16,2.4337632454763643e-16,1
B3_D1_Original,B3,1,Original,full-grid,1673,24,64,118,1.0050878242013042,1.0015214295482269,-0.084595274769856038,0,0,1,UNSTABLE,3.8728138644863143e-16,2.433763245466294e-16,1
B3_D1_Original,B3,1,Original,full-grid,1674,24,65,119,1.0053207070194097,1.0017000519236685,-0.085245116799296597,0,0,1,UNSTABLE,3.3058907398144852e-16,2.4337632454763643e-16,1
B3_D1_Original,B3,1,Original,full-grid,1675,24,66,120,1.0056373820792832,1.0019686697293533,-0.085821495652690538,0,0,1,UNSTABLE,3.9286430766069782e-16,2.4337632454626677e-16,1
B3_D1_Original,B3,1,Original,full-grid,1676,25,0,55,1.005692121135747,1.0017355717800562,-0.08912063029962014,0,0,1,UNSTABLE,2.2036306004457923e-16,1.2044523497416284e-16,1
B3_D1_Original,B3,1,Original,full-grid,1677,25,1,56,1.0062338405342164,1.0022499372614362,-0.089451691407631734,0,0,1,UNSTABLE,3.6544589652276577e-16,2.4337632454626677e-16,1
B3_D1_Original,B3,1,Original,full-grid,1678,25,2,57,1.0067981876052776,1.0027911805676104,-0.089735381768229941,0,0,1,UNSTABLE,7.4672784504113101e-16,2.4337632454763648e-16,1
B3_D1_Original,B3,1,Original,full-grid,1679,25,3,58,1.0073799729318018,1.0033544167929502,-0.08996846206397266,0,0,1,UNSTABLE,4.1561043373377908e-16,2.4337632454662935e-16,1
B3_D1_Original,B3,1,Original,full-grid,1680,25,4,59,1.0079734848789059,1.0039341719393771,-0.090148347912333282,0,0,1,UNSTABLE,2.0587410222165142e-16,2.4337632454763648e-16,1
B3_D1_Original,B3,1,Original,full-grid,1681,25,5,60,1.0085726232120629,1.004524503115624,-0.090273245943468555,0,0,1,UNSTABLE,2.1185199022200335e-16,2.4337632454626668e-16,1
B3_D1_Original,B3,1,Original,full-grid,1682,25,6,61,1.009171066752049,1.0051191559874226,-0.090342261630973614,0,0,1,UNSTABLE,4.0466504759751364e-16,2.4337632454763648e-16,1
B3_D1_Original,B3,1,Original,full-grid,1683,25,7,62,1.0097624656874529,1.0057117513111953,-0.090355466828372491,0,0,1,UNSTABLE,3.2897936955301641e-16,2.4337632454662931e-16,1
B3_D1_Original,B3,1,Original,full-grid,1684,25,8,63,1.0103406449837233,1.0062959878377984,-0.090313917906796631,0,0,1,UNSTABLE,1.9871849534242588e-16,2.4337632454763653e-16,1
B3_D1_Original,B3,1,Original,full-grid,1685,25,9,64,1.0108998026721103,1.0068658456614017,-0.090219620277753446,0,0,1,UNSTABLE,3.5400913944286335e-16,2.4337632454626673e-16,1
B3_D1_Original,B3,1,Original,full-grid,1686,25,10,65,1.0114346864933712,1.0074157731240314,-0.090075441174905471,0,0,1,UNSTABLE,1.9402176859866569e-16,2.4337632454763643e-16,1
B3_D1_Original,B3,1,Original,full-grid,1687,25,11,66,1.011940734700304,1.0079408420910196,-0.089884978670728061,0,0,1,UNSTABLE,3.4836650689728593e-16,2.4337632454662931e-16,1
B3_D1_Original,B3,1,Original,full-grid,1688,25,12,67,1.0124141713931774,1.0084368605217977,-0.089652399737399385,0,0,1,UNSTABLE,2.4218513119253556e-16,2.4337632454763639e-16,1
B3_D1_Original,B3,1,Original,full-grid,1689,25,13,68,1.0128520525842502,1.0089004368747887,-0.089382262770578924,0,0,1,UNSTABLE,3.2938482259851493e-16,2.4337632454626677e-16,1
B3_D1_Original,B3,1,Original,full-grid,1690,25,14,69,1.0132522650138576,1.0093289967766377,-0.089079340037849786,0,0,1,UNSTABLE,3.733144289110526e-16,2.4337632454763643e-16,1
B3_D1_Original,B3,1,Original,full-grid,1691,25,15,70,1.0136134844637987,1.0097207573982578,-0.088748453315717762,0,0,1,UNSTABLE,2.8885246223391431e-16,2.433763245466294e-16,1
B3_D1_Original,B3,1,Original,full-grid,1692,25,16,71,1.01393510326567,1.010074668352456,-0.088394332324201366,0,0,1,UNSTABLE,1.7060848700748399e-16,2.4337632454763643e-16,1
B3_D1_Original,B3,1,Original,full-grid,1693,25,17,72,1.0142171377463969,1.0103903294216092,-0.088021501406109787,0,0,1,UNSTABLE,3.3408391203675113e-16,2.4337632454626677e-16,1
B3_D1_Original,B3,1,Original,full-grid,1694,25,18,73,1.0144601257903105,1.0106678952568029,-0.0876341960405667,0,0,1,UNSTABLE,2.903916368044339e-16,2.4337632454763643e-16,1
B3_D1_Original,B3,1,Original,full-grid,1695,25,19,74,1.0146650230603387,1.0109079758475858,-0.08723630774954938,0,0,1,UNSTABLE,2.7295072738826943e-16,2.4337632454662931e-16,1
B3_D1_Original,B3,1,Original,full-grid,1696,25,20,75,1.0148331042780308,1.0111115395984609,-0.086831353953595578,0,0,1,UNSTABLE,2.2139469144380432e-16,2.4337632454763643e-16,1
B3_D1_Original,B3,1,Original,full-grid,1697,25,21,76,1.0149658737784233,1.0112798237414198,-0.08642246830726999,0,0,1,UNSTABLE,2.963176744931491e-16,2.4337632454626668e-16,1
B3_D1_Original,B3,1,Original,full-grid,1698,25,22,77,1.0150649876342279,1.0114142548913094,-0.086012406800022367,0,0,1,UNSTABLE,5.1195605446244322e-16,2.4337632454763648e-16,1
B3_D1_Original,B3,1,Original,full-grid,1699,25,23,78,1.0151321881322399,1.0115163809882044,-0.085603565198390505,0,0,1,UNSTABLE,3.0261713945611097e-16,2.4337632454662931e-16,1
B3_D1_Original,B3,1,Original,full-grid,1700,25,24,79,1.0151692503113157,1.0115878147210409,-0.085198003999786137,0,0,1,UNSTABLE,4.9161690681443585e-16,2.4337632454763653e-16,1
B3_D1_Original,B3,1,Original,full-grid,1701,25,25,80,1.0151779395910188,1.0116301877627842,-0.084797477788553288,0,0,1,UNSTABLE,4.1158879585290805e-16,2.4337632454626673e-16,1
B3_D1_Original,B3,1,Original,full-grid,1702,25,26,81,1.0151599791540964,1.0116451147022862,-0.084403466606196312,0,0,1,UNSTABLE,3.2344311533583497e-16,2.4337632454763639e-16,1
B3_D1_Original,B3,1,Original,full-grid,1703,25,27,82,1.0151170256094098,1.0116341653528524,-0.084017207600184593,0,0,1,UNSTABLE,2.6798697049064032e-16,2.4337632454662931e-16,1
B3_D1_Original,B3,1,Original,full-grid,1704,25,28,83,1.0150506514781221,1.0115988440781214,-0.083639725764547215,0,0,1,UNSTABLE,4.2099818776294264e-16,2.4337632454763639e-16,1
B3_D1_Original,B3,1,Original,full-grid,1705,25,29,84,1.0149623331533826,1.0115405748405002,-0.083271863024122802,0,0,1,UNSTABLE,4.1750474506187067e-16,2.4337632454626677e-16,1
B3_D1_Original,B3,1,Original,full-grid,1706,25,30,85,1.0148534431378422,1.0114606908000388,-0.082914305249710399,0,0,1,UNSTABLE,4.565493506102212e-16,2.4337632454763643e-16,1
B3_D1_Original,B3,1,Original,full-grid,1707,25,31,86,1.0147252455331524,1.0113604274392995,-0.082567607038800089,0,0,1,UNSTABLE,3.8143488917855014e-16,2.433763245466294e-16,1
B3_D1_Original,B3,1,Original,full-grid,1708,25,32,87,1.0145788939225682,1.0112409183419286,-0.08223221427223347,0,0,1,UNSTABLE,3.1668093040388064e-16,2.4337632454763643e-16,1
B3_D1_Original,B3,1,Original,full-grid,1709,25,33,88,1.0144154309401769,1.011103192895435,-0.08190848458005788,0,0,1,UNSTABLE,2.3481973691862661e-16,2.4337632454626677e-16,1
B3_D1_Original,B3,1,Original,full-grid,1710,25,34,89,1.0142357889535862,1.0109481753163441,-0.081596705931417629,0,0,1,UNSTABLE,2.129161715241154e-16,2.4337632454763643e-16,1
B3_D1_Original,B3,1,Original,full-grid,1711,25,35,90,1.0140407913996852,1.0107766845052846,-0.081297113620373965,0,0,1,UNSTABLE,4.0987892910808261e-16,2.4337632454662931e-16,1
B3_D1_Original,B3,1,Original,full-grid,1712,25,36,91,1.0138311544056475,1.0105894343303428,-0.081009905958257064,0,0,1,UNSTABLE,3.0208346023012837e-16,2.4337632454763643e-16,1
B3_D1_Original,B3,1,Original,full-grid,1713,25,37,92,1.0136074884021131,1.0103870340103922,-0.080735259016876518,0,0,1,UNSTABLE,3.0651402320920828e-16,2.4337632454626668e-16,1
B3_D1_Original,B3,1,Original,full-grid,1714,25,38,93,1.0133702994951301,1.0101699883285433,-0.080473340797810253,0,0,1,UNSTABLE,2.974244389791354e-16,2.4337632454763648e-16,1
B3_D1_Original,B3,1,Original,full-grid,1715,25,39,94,1.0131199904115373,1.0099386974517826,-0.080224325244093411,0,0,1,UNSTABLE,2.8892395207624349e-16,2.4337632454662931e-16,1
B3_D1_Original,B3,1,Original,full-grid,1716,25,40,95,1.0128568608717627,1.0096934561689639,-0.079988406563538922,0,0,1,UNSTABLE,3.4703010145818091e-16,2.4337632454763653e-16,1
B3_D1_Original,B3,1,Original,full-grid,1717,25,41,96,1.012581107280478,1.0094344523905341,-0.079765814409315919,0,0,1,UNSTABLE,3.1559935152778954e-16,2.4337632454626673e-16,1
B3_D1_Original,B3,1,Original,full-grid,1718,25,42,97,1.0122928216636884,1.0091617647836033,-0.079556830572084236,0,0,1,UNSTABLE,3.735131567484816e-16,2.4337632454763639e-16,1
B3_D1_Original,B3,1,Original,full-grid,1719,25,43,98,1.0119919898301133,1.0088753594535622,-0.079361807991991856,0,0,1,UNSTABLE,2.2982752555094877e-16,2.4337632454662931e-16,1
B3_D1_Original,B3,1,Original,full-grid,1720,25,44,99,1.011678488807263,1.0085750856391225,-0.079181193116702089,0,0,1,UNSTABLE,3.2541060935088539e-16,2.4337632454763639e-16,1
B3_D1_Original,B3,1,Original,full-grid,1721,25,45,100,1.0113520837197416,1.0082606704806198,-0.079015552938863434,0,0,1,UNSTABLE,2.7818452464754113e-16,2.4337632454626677e-16,1
B3_D1_Original,B3,1,Original,full-grid,1722,25,46,101,1.0110124244729619,1.0079317130828032,-0.078865608478362506,0,0,1,UNSTABLE,3.3521846630931014e-16,2.4337632454763643e-16,1
B3_D1_Original,B3,1,Original,full-grid,1723,25,47,102,1.0106590429367257,1.0075876783760203,-0.078732277082525129,0,0,1,UNSTABLE,3.4718047673254061e-16,2.433763245466294e-16,1
B3_D1_Original,B3,1,Original,full-grid,1724,25,48,103,1.0102913518891514,1.0072278917772184,-0.078616726770002532,0,0,1,UNSTABLE,4.1659952094645756e-16,2.4337632454763643e-16,1
B3_D1_Original,B3,1,Original,full-grid,1725,25,49,104,1.0099086479522144,1.0068515365265411,-0.078520447036504487,0,0,1,UNSTABLE,3.8094160800357803e-16,2.4337632454626677e-16,1
B3_D1_Original,B3,1,Original,full-grid,1726,25,50,105,1.009510122422858,1.0064576571138066,-0.078445342189328846,0,0,1,UNSTABLE,2.8612046326394914e-16,2.4337632454763643e-16,1
B3_D1_Original,B3,1,Original,full-grid,1727,25,51,106,1.0090948868041172,1.0060451749265618,-0.078393855506652455,0,0,1,UNSTABLE,2.8680583797562912e-16,2.4337632454662931e-16,1
B3_D1_Original,B3,1,Original,full-grid,1728,25,52,107,1.0086620248972622,1.0056129270689369,-0.078369135389450464,0,0,1,UNSTABLE,2.8803093158739339e-16,2.4337632454763643e-16,1
B3_D1_Original,B3,1,Original,full-grid,1729,25,53,108,1.00821069217251,1.0051597478749461,-0.078375257976907545,0,0,1,UNSTABLE,2.3442972874275441e-16,2.4337632454626668e-16,1
B3_D1_Original,B3,1,Original,full-grid,1730,25,54,109,1.0077402986544417,1.0046846279096431,-0.078417523387348934,0,0,1,UNSTABLE,3.1983965423619292e-16,2.4337632454763648e-16,1
B3_D1_Original,B3,1,Original,full-grid,1731,25,55,110,1.0072508385124035,1.0041870122490253,-0.078502841441030355,0,0,1,UNSTABLE,2.9813785570010098e-16,2.4337632454662931e-16,1
B3_D1_Original,B3,1,Original,full-grid,1732,25,56,111,1.0067434750202071,1.0036673463803059,-0.078640207945281926,0,0,1,UNSTABLE,2.9138466140481855e-16,2.4337632454763653e-16,1
B3_D1_Original,B3,1,Original,full-grid,1733,25,57,112,1.0062215605840064,1.0031280531580005,-0.078841219876106622,0,0,1,UNSTABLE,3.3116312309973453e-16,2.4337632454626673e-16,1
B3_D1_Original,B3,1,Original,full-grid,1734,25,58,113,1.0056923604350458,1.0025752248906179,-0.079120428922884387,0,0,1,UNSTABLE,2.6855769307275847e-16,2.4337632454763639e-16,1
B3_D1_Original,B3,1,Original,full-grid,1735,25,59,114,1.0051697757522222,1.0020213708973178,-0.079494970600869033,0,0,1,UNSTABLE,2.7842215551806005e-16,2.4337632454662931e-16,1
B3_D1_Original,B3,1,Original,full-grid,1736,25,60,115,1.0046780119994569,1.001489269743884,-0.079982187911079,0,0,1,UNSTABLE,2.5268221419573505e-16,2.4337632454763639e-16,1
B3_D1_Original,B3,1,Original,full-grid,1737,25,61,116,1.0042546171570019,1.0010155256216706,-0.080593135846216926,0,0,1,UNSTABLE,4.6385628117735921e-16,2.4337632454626677e-16,1
B3_D1_Original,B3,1,Original,full-grid,1738,25,62,117,1.0039479687935735,1.000649008154975,-0.081320886143761317,0,0,1,UNSTABLE,2.3324324980724507e-16,2.4337632454763643e-16,1
B3_D1_Original,B3,1,Original,full-grid,1739,25,63,118,1.0038027221252903,1.0004372325859787,-0.082129462447109156,0,0,1,UNSTABLE,3.3225844005386291e-16,2.433763245466294e-16,1
B3_D1_Original,B3,1,Original,full-grid,1740,25,64,119,1.0038372515919796,1.000403517550605,-0.082957999952479586,0,0,1,UNSTABLE,1.9472619513908168e-16,2.4337632454763643e-16,1
B3_D1_Original,B3,1,Original,full-grid,1741,25,65,120,1.0040338443586045,1.0005352855159075,-0.083744271774967585,0,0,1,UNSTABLE,2.8661132599078582e-16,2.4337632454626677e-16,1
B3_D1_Original,B3,1,Original,full-grid,1742,25,66,121,1.0043520551234946,1.0007955737914598,-0.084446847840577335,0,0,1,UNSTABLE,2.8390191710027929e-16,2.4337632454763643e-16,1
B3_D1_Original,B3,1,Original,full-grid,1743,26,0,56,1.0056454408456557,1.004052068034551,-0.056587961345097929,0,0,1,UNSTABLE,3.5487269223748429e-16,1.204452349741626e-16,1
B3_D1_Original,B3,1,Original,full-grid,1744,26,1,57,1.0056011673892493,1.0040112679515496,-0.05652505356868253,0,0,1,UNSTABLE,4.9905535659632918e-16,2.4337632454763648e-16,1
B3_D1_Original,B3,1,Original,full-grid,1745,26,2,58,1.0060979879028686,1.002168423839362,-0.088834742761656357,0,0,1,UNSTABLE,2.4571208794512879e-16,2.4337632454662935e-16,1
B3_D1_Original,B3,1,Original,full-grid,1746,26,3,59,1.0066832308514337,1.0027349304152779,-0.089071805879014448,0,0,1,UNSTABLE,2.0943631979183761e-16,2.4337632454763643e-16,1
B3_D1_Original,B3,1,Original,full-grid,1747,26,4,60,1.0072808732647547,1.0033185415610435,-0.089256158357994914,0,0,1,UNSTABLE,2.5452095060531947e-16,2.4337632454626673e-16,1
B3_D1_Original,B3,1,Original,full-grid,1748,26,5,61,1.0078849021847742,1.0039134115702433,-0.089385894420802955,0,0,1,UNSTABLE,3.8957799173021102e-16,2.4337632454763648e-16,1
B3_D1_Original,B3,1,Original,full-grid,1749,26,6,62,1.0084890607275394,1.0045133624498461,-0.089459992548730008,0,0,1,UNSTABLE,3.0097258912496631e-16,2.4337632454662935e-16,1
B3_D1_Original,B3,1,Original,full-grid,1750,26,7,63,1.0090870378261299,1.0051120674522211,-0.08947838717050581,0,0,1,UNSTABLE,5.5390110132370297e-16,2.4337632454763648e-16,1
B3_D1_Original,B3,1,Original,full-grid,1751,26,8,64,1.0096726702333796,1.0057032520100719,-0.089441991886185651,0,0,1,UNSTABLE,3.3171574901563251e-16,2.4337632454626673e-16,1
B3_D1_Original,B3,1,Original,full-grid,1752,26,9,65,1.010240140891403,1.0062808965150927,-0.089352669669479301,0,0,1,UNSTABLE,2.1837228878151437e-16,2.4337632454763639e-16,1
B3_D1_Original,B3,1,Original,full-grid,1753,26,10,66,1.0107841572960048,1.0068394242652579,-0.089213151417258135,0,0,1,UNSTABLE,4.4742285167274076e-16,2.4337632454662931e-16,1
B3_D1_Original,B3,1,Original,full-grid,1754,26,11,67,1.011300095576227,1.0073738593815695,-0.089026910241609594,0,0,1,UNSTABLE,2.5157961253040261e-16,2.4337632454763639e-16,1
B3_D1_Original,B3,1,Original,full-grid,1755,26,12,68,1.0117841003389114,1.0078799433581576,-0.088798003778110784,0,0,1,UNSTABLE,5.2726021267477585e-16,2.4337632454626673e-16,1
B3_D1_Original,B3,1,Original,full-grid,1756,26,13,69,1.0122331359728385,1.0083542043280462,-0.088530899551284389,0,0,1,UNSTABLE,3.3391105303703929e-16,2.4337632454763643e-16,1
B3_D1_Original,B3,1,Original,full-grid,1757,26,14,70,1.0126449908640747,1.0087939789233364,-0.088230298708124738,0,0,1,UNSTABLE,2.6635224313230408e-16,2.433763245466294e-16,1
B3_D1_Original,B3,1,Original,full-grid,1758,26,15,71,1.0130182407432613,1.0091973916409891,-0.087900971459912977,0,0,1,UNSTABLE,4.0631434352817611e-16,2.4337632454763643e-16,1
B3_D1_Original,B3,1,Original,full-grid,1759,26,16,72,1.0133521804682288,1.0095633001081352,-0.087547614099329624,0,0,1,UNSTABLE,6.6372806543542774e-16,2.4337632454626677e-16,1
B3_D1_Original,B3,1,Original,full-grid,1760,26,17,73,1.013646734761622,1.0098912162952667,-0.087174733395435036,0,0,1,UNSTABLE,3.2119889800471673e-16,2.4337632454763643e-16,1
B3_D1_Original,B3,1,Original,full-grid,1761,26,18,74,1.0139023580250979,1.0101812137208954,-0.086786560331842219,0,0,1,UNSTABLE,4.0673975014784868e-16,2.4337632454662935e-16,1
B3_D1_Original,B3,1,Original,full-grid,1762,26,19,75,1.0141199318445793,1.0104338294831625,-0.0863869920789294,0,0,1,UNSTABLE,4.4632221883816686e-16,2.4337632454763639e-16,1
B3_D1_Original,B3,1,Original,full-grid,1763,26,20,76,1.0143006667384742,1.0106499680790779,-0.085979559011847354,0,0,1,UNSTABLE,2.8393357170631034e-16,2.4337632454626673e-16,1
B3_D1_Original,B3,1,Original,full-grid,1764,26,21,77,1.0144460125522985,1.0108308119096758,-0.085567412472760992,0,0,1,UNSTABLE,3.9298023333699112e-16,2.4337632454763648e-16,1
B3_D1_Original,B3,1,Original,full-grid,1765,26,22,78,1.0145575799803734,1.0109777414537691,-0.085153328652894586,0,0,1,UNSTABLE,6.3138756763270005e-16,2.4337632454662935e-16,1
B3_D1_Original,B3,1,Original,full-grid,1766,26,23,79,1.0146370741622082,1.0110922665155209,-0.084739724196819369,0,0,1,UNSTABLE,2.5828655922421711e-16,2.4337632454763648e-16,1
B3_D1_Original,B3,1,Original,full-grid,1767,26,24,80,1.0146862401939629,1.0111759687718687,-0.0843286796839222,0,0,1,UNSTABLE,2.48080782920452e-16,2.4337632454626673e-16,1
B3_D1_Original,B3,1,Original,full-grid,1768,26,25,81,1.0147068196812383,1.0112304550508,-0.08392196783539467,0,0,1,UNSTABLE,4.5443657106533335e-16,2.4337632454763639e-16,1
B3_D1_Original,B3,1,Original,full-grid,1769,26,26,82,1.0147005170615782,1.0112573202957305,-0.083521084004775495,0,0,1,UNSTABLE,3.2863156809530796e-16,2.4337632454662931e-16,1
B3_D1_Original,B3,1,Original,full-grid,1770,26,27,83,1.0146689742628967,1.0112581189409084,-0.08312727715866923,0,0,1,UNSTABLE,2.4012481209610841e-16,2.4337632454763639e-16,1
B3_D1_Original,B3,1,Original,full-grid,1771,26,28,84,1.0146137522597776,1.0112343433627233,-0.082741580105935519,0,0,1,UNSTABLE,2.9631412231597608e-16,2.4337632454626673e-16,1
B3_D1_Original,B3,1,Original,full-grid,1772,26,29,85,1.0145363181828864,1.0111874081218106,-0.082364838177354321,0,0,1,UNSTABLE,3.5681546513121368e-16,2.4337632454763643e-16,1
B3_D1_Original,B3,1,Original,full-grid,1773,26,30,86,1.0144380367800576,1.0111186388221483,-0.081997735899375715,0,0,1,UNSTABLE,3.0225835437234431e-16,2.433763245466294e-16,1
B3_D1_Original,B3,1,Original,full-grid,1774,26,31,87,1.0143201651909846,1.0110292645539665,-0.081640821459194532,0,0,1,UNSTABLE,3.8186690323653329e-16,2.4337632454763643e-16,1
B3_D1_Original,B3,1,Original,full-grid,1775,26,32,88,1.0141838501590403,1.010920413033588,-0.081294528939006169,0,0,1,UNSTABLE,2.3874214098440317e-16,2.4337632454626677e-16,1
B3_D1_Original,B3,1,Original,full-grid,1776,26,33,89,1.0140301269527203,1.0107931076923131,-0.080959198424058534,0,0,1,UNSTABLE,3.7751671593208375e-16,2.4337632454763643e-16,1
B3_D1_Original,B3,1,Original,full-grid,1777,26,34,90,1.0138599193992817,1.0106482660906371,-0.080635094173113112,0,0,1,UNSTABLE,3.4982047132536974e-16,2.4337632454662935e-16,1
B3_D1_Original,B3,1,Original,full-grid,1778,26,35,91,1.0136740405421576,1.0104866991396011,-0.080322421097829527,0,0,1,UNSTABLE,2.2873741932935815e-16,2.4337632454763639e-16,1
B3_D1_Original,B3,1,Original,full-grid,1779,26,36,92,1.0134731935217272,1.0103091106972955,-0.080021339836122959,0,0,1,UNSTABLE,2.6919294667150658e-16,2.4337632454626673e-16,1
B3_D1_Original,B3,1,Original,full-grid,1780,26,37,93,1.01325797234737,1.0101160971757297,-0.079731980735307253,0,0,1,UNSTABLE,5.693948017443452e-16,2.4337632454763648e-16,1
B3_D1_Original,B3,1,Original,full-grid,1781,26,38,94,1.0130288622797441,1.0099081468432543,-0.079454457089684793,0,0,1,UNSTABLE,4.5669052320547943e-16,2.4337632454662935e-16,1
B3_D1_Original,B3,1,Original,full-grid,1782,26,39,95,1.0127862395770191,1.0096856385409378,-0.079188878011609398,0,0,1,UNSTABLE,3.4541425100472466e-16,2.4337632454763648e-16,1
B3_D1_Original,B3,1,Original,full-grid,1783,26,40,96,1.0125303703809478,1.0094488395507555,-0.078935361362398551,0,0,1,UNSTABLE,3.1004182188862168e-16,2.4337632454626673e-16,1
B3_D1_Original,B3,1,Original,full-grid,1784,26,41,97,1.0122614085288808,1.0091979023592821,-0.0786940472367397,0,0,1,UNSTABLE,4.8126117634477389e-16,2.4337632454763639e-16,1
B3_D1_Original,B3,1,Original,full-grid,1785,26,42,98,1.0119793920808922,1.0089328600567016,-0.078465112592900357,0,0,1,UNSTABLE,3.0539740352838902e-16,2.4337632454662931e-16,1
B3_D1_Original,B3,1,Original,full-grid,1786,26,43,99,1.0116842383477529,1.0086536200969882,-0.07824878776385949,0,0,1,UNSTABLE,3.5374773355950793e-16,2.4337632454763639e-16,1
B3_D1_Original,B3,1,Original,full-grid,1787,26,44,100,1.0113757372053276,1.0083599561294214,-0.078045375790568916,0,0,1,UNSTABLE,4.2918963322063272e-16,2.4337632454626673e-16,1
B3_D1_Original,B3,1,Original,full-grid,1788,26,45,101,1.0110535424896581,1.00805149759738,-0.077855275817160841,0,0,1,UNSTABLE,3.3515724458326309e-16,2.4337632454763643e-16,1
B3_D1_Original,B3,1,Original,full-grid,1789,26,46,102,1.0107171613066488,1.0077277168067242,-0.077679012218723184,0,0,1,UNSTABLE,2.3201807071887201e-16,2.433763245466294e-16,1
B3_D1_Original,B3,1,Original,full-grid,1790,26,47,103,1.0103659411898094,1.0073879132168755,-0.077517271758738349,0,0,1,UNSTABLE,2.8404454229147443e-16,2.4337632454763643e-16,1
B3_D1_Original,B3,1,Original,full-grid,1791,26,48,104,1.0099990552618912,1.007031194858748,-0.077370951986354353,0,0,1,UNSTABLE,4.4447988929486011e-16,2.4337632454626677e-16,1
B3_D1_Original,B3,1,Original,full-grid,1792,26,49,105,1.0096154860106434,1.0066564571328356,-0.077241225425774787,0,0,1,UNSTABLE,5.1408183973727779e-16,2.4337632454763643e-16,1
B3_D1_Original,B3,1,Original,full-grid,1793,26,50,106,1.0092140091854496,1.0062623599816378,-0.077129626087212771,0,0,1,UNSTABLE,2.2945107207067943e-16,2.4337632454662935e-16,1
B3_D1_Original,B3,1,Original,full-grid,1794,26,51,107,1.0087931810507058,1.0058473059285959,-0.077038167752016801,0,0,1,UNSTABLE,2.8381957995167563e-16,2.4337632454763639e-16,1
B3_D1_Original,B3,1,Original,full-grid,1795,26,52,108,1.0083513355413936,1.005409424442766,-0.076969507792226777,0,0,1,UNSTABLE,2.5131461651744603e-16,2.4337632454626673e-16,1
B3_D1_Original,B3,1,Original,full-grid,1796,26,53,109,1.0078866041885204,1.0049465739093801,-0.07692717654032323,0,0,1,UNSTABLE,3.5883124062321636e-16,2.4337632454763648e-16,1
B3_D1_Original,B3,1,Original,full-grid,1797,26,54,110,1.0073969837883587,1.0044563838811977,-0.076915900997064954,0,0,1,UNSTABLE,2.2339598062844296e-16,2.4337632454662935e-16,1
B3_D1_Original,B3,1,Original,full-grid,1798,26,55,111,1.0068805000557575,1.0039363826186851,-0.076942062924265003,0,0,1,UNSTABLE,2.6290683279808903e-16,2.4337632454763648e-16,1
B3_D1_Original,B3,1,Original,full-grid,1799,26,56,112,1.0063355602404094,1.0033842986881556,-0.07701434249837269,0,0,1,UNSTABLE,3.2496060214641164e-16,2.4337632454626673e-16,1
B3_D1_Original,B3,1,Original,full-grid,1800,26,57,113,1.0057616729175243,1.0027987104448837,-0.077144598255065366,0,0,1,UNSTABLE,1.9846331335027513e-16,2.4337632454763639e-16,1
B3_D1_Original,B3,1,Original,full-grid,1801,26,58,114,1.0051608698619756,1.0021803775169034,-0.077348983327257523,0,0,1,UNSTABLE,3.2105537627140404e-16,2.4337632454662931e-16,1
B3_D1_Original,B3,1,Original,full-grid,1802,26,59,115,1.0045404232176061,1.0015348632111307,-0.077649080167564555,0,0,1,UNSTABLE,3.5347403635105965e-16,2.4337632454763639e-16,1
B3_D1_Original,B3,1,Original,full-grid,1803,26,60,116,1.0039177348315318,1.0008773947870657,-0.078072139163276086,0,0,1,UNSTABLE,2.6962986205415276e-16,2.4337632454626673e-16,1
B3_D1_Original,B3,1,Original,full-grid,1804,26,61,117,1.0033279251413927,1.0002407022899127,-0.078647713578427397,0,0,1,UNSTABLE,2.9912252312433963e-16,2.4337632454763643e-16,1
B3_D1_Original,B3,1,Original,full-grid,1805,26,62,118,1.0028311714099754,0.99968334030623851,-0.079395072048991808,0,0,1,UNSTABLE,3.5624892107629743e-16,2.433763245466294e-16,1
B3_D1_Original,B3,1,Original,full-grid,1806,26,63,119,1.0025067611537557,0.99928578788562539,-0.080297697904722354,0,0,1,UNSTABLE,6.2066416742595826e-16,2.4337632454763643e-16,1
B3_D1_Original,B3,1,Original,full-grid,1807,26,64,120,1.0024168340459514,0.99911587265097634,-0.08128334513039305,0,0,1,UNSTABLE,3.6590309363109561e-16,2.4337632454626677e-16,1
B3_D1_Original,B3,1,Original,full-grid,1808,26,65,121,1.0025624445373902,0.99918294279285302,-0.082249024484197561,0,0,1,UNSTABLE,3.2116621244204692e-16,2.4337632454763643e-16,1
B3_D1_Original,B3,1,Original,full-grid,1809,26,66,122,1.0028885867799524,0.99943845704825585,-0.083116111954855798,0,0,1,UNSTABLE,3.7992916114378461e-16,2.4337632454662935e-16,1
B3_D1_Original,B3,1,Original,full-grid,1810,27,0,57,1.006051952159134,1.004472975513274,-0.056343339506226789,0,0,1,UNSTABLE,2.8179540191750841e-16,1.2044523497416284e-16,1
B3_D1_Original,B3,1,Original,full-grid,1811,27,1,58,1.0060014868136247,1.0044257743261609,-0.056283704040474579,0,0,1,UNSTABLE,2.5766014837067658e-16,2.4337632454662945e-16,1
B3_D1_Original,B3,1,Original,full-grid,1812,27,2,59,1.0059501141952962,1.0043775433519899,-0.056226174151824029,0,0,1,UNSTABLE,2.1697568191361121e-16,2.4337632454763653e-16,1
B3_D1_Original,B3,1,Original,full-grid,1813,27,3,60,1.0059531147389866,1.0020757116281134,-0.088237957921061441,0,0,1,UNSTABLE,2.639341345938863e-16,2.4337632454626673e-16,1
B3_D1_Original,B3,1,Original,full-grid,1814,27,4,61,1.0065544351429454,1.0026627664072865,-0.088426284363989513,0,0,1,UNSTABLE,5.5500245538202926e-16,2.4337632454763648e-16,1
B3_D1_Original,B3,1,Original,full-grid,1815,27,5,62,1.0071629652347025,1.0032618284611801,-0.088560386703583391,0,0,1,UNSTABLE,2.5088376409295941e-16,2.4337632454662935e-16,1
B3_D1_Original,B3,1,Original,full-grid,1816,27,6,63,1.0077725058090945,1.0038667904118466,-0.088639102956649105,0,0,1,UNSTABLE,3.7857041842653442e-16,2.4337632454763648e-16,1
B3_D1_Original,B3,1,Original,full-grid,1817,27,7,64,1.0083767761005042,1.0044713702243975,-0.088662218438114782,0,0,1,UNSTABLE,4.3144118041591454e-16,2.4337632454626673e-16,1
B3_D1_Original,B3,1,Original,full-grid,1818,27,8,65,1.0089696148950869,1.0050693106565505,-0.088630494514620892,0,0,1,UNSTABLE,2.416785264571268e-16,2.4337632454763643e-16,1
B3_D1_Original,B3,1,Original,full-grid,1819,27,9,66,1.009545179589965,1.0056545820655882,-0.088545644747901678,0,0,1,UNSTABLE,3.2748904074791794e-16,2.4337632454662935e-16,1
B3_D1_Original,B3,1,Original,full-grid,1820,27,10,67,1.0100981269014151,1.0062215720334118,-0.088410259270952626,0,0,1,UNSTABLE,2.4851336256244111e-16,2.4337632454763639e-16,1
B3_D1_Original,B3,1,Original,full-grid,1821,27,11,68,1.0106237607866002,1.0067652465213386,-0.088227684222583022,0,0,1,UNSTABLE,3.8110543152527166e-16,2.4337632454626677e-16,1
B3_D1_Original,B3,1,Original,full-grid,1822,27,12,69,1.0111181372507636,1.0072812708985395,-0.088001868016977278,0,0,1,UNSTABLE,3.5074415220187985e-16,2.4337632454763643e-16,1
B3_D1_Original,B3,1,Original,full-grid,1823,27,13,70,1.0115781212040915,1.0077660844344132,-0.087737189164750151,0,0,1,UNSTABLE,3.189768736710212e-16,2.4337632454662945e-16,1
B3_D1_Original,B3,1,Original,full-grid,1824,27,14,71,1.0120013962453551,1.008216927572033,-0.087438280860033871,0,0,1,UNSTABLE,6.8307714740948725e-16,2.4337632454763643e-16,1
B3_D1_Original,B3,1,Original,full-grid,1825,27,15,72,1.0123864330822119,1.0086318263712981,-0.087109865800743633,0,0,1,UNSTABLE,3.8405267647339462e-16,2.4337632454626677e-16,1
B3_D1_Original,B3,1,Original,full-grid,1826,27,16,73,1.0127324255247387,1.0090095421190375,-0.086756611401959047,0,0,1,UNSTABLE,2.3002555777563e-16,2.4337632454763643e-16,1
B3_D1_Original,B3,1,Original,full-grid,1827,27,17,74,1.013039204379965,1.0093494959232405,-0.086383011583834851,0,0,1,UNSTABLE,2.931385580526039e-16,2.4337632454662935e-16,1
B3_D1_Original,B3,1,Original,full-grid,1828,27,18,75,1.0133071393416913,1.0096516782676845,-0.085993297483523759,0,0,1,UNSTABLE,3.287696880971449e-16,2.4337632454763639e-16,1
B3_D1_Original,B3,1,Original,full-grid,1829,27,19,76,1.0135370375868433,1.0099165524244893,-0.085591376314135215,0,0,1,UNSTABLE,2.9023346006352288e-16,2.4337632454626673e-16,1
B3_D1_Original,B3,1,Original,full-grid,1830,27,20,77,1.0137300458022951,1.0101449588312938,-0.085180795429759301,0,0,1,UNSTABLE,3.7640565494975925e-16,2.4337632454763648e-16,1
B3_D1_Original,B3,1,Original,full-grid,1831,27,21,78,1.013887560245019,1.0103380255139365,-0.084764727453094948,0,0,1,UNSTABLE,3.8157371938667403e-16,2.4337632454662935e-16,1
B3_D1_Original,B3,1,Original,full-grid,1832,27,22,79,1.014011147510643,1.0104970877231771,-0.08434597191821791,0,0,1,UNSTABLE,2.8804144541368643e-16,2.4337632454763648e-16,1
B3_D1_Original,B3,1,Original,full-grid,1833,27,23,80,1.0141024771248488,1.0106236183551818,-0.083926969047107419,0,0,1,UNSTABLE,3.2442622338406761e-16,2.4337632454626673e-16,1
B3_D1_Original,B3,1,Original,full-grid,1834,27,24,81,1.0141632659299047,1.0107191695156632,-0.083509821788688349,0,0,1,UNSTABLE,3.1444948112633842e-16,2.4337632454763639e-16,1
B3_D1_Original,B3,1,Original,full-grid,1835,27,25,82,1.0141952334874103,1.0107853247578567,-0.083096322919470708,0,0,1,UNSTABLE,2.4480012598477952e-16,2.4337632454662935e-16,1
B3_D1_Original,B3,1,Original,full-grid,1836,27,26,83,1.0142000672883378,1.0108236610177883,-0.082687984703126965,0,0,1,UNSTABLE,2.162387594543041e-16,2.4337632454763639e-16,1
B3_D1_Original,B3,1,Original,full-grid,1837,27,27,84,1.0141793963728911,1.0108357190137078,-0.082286069254291758,0,0,1,UNSTABLE,3.9309443653428913e-16,2.4337632454626677e-16,1
B3_D1_Original,B3,1,Original,full-grid,1838,27,28,85,1.0141347719387599,1.0108229807965654,-0.081891618306312225,0,0,1,UNSTABLE,3.9742910929588035e-16,2.4337632454763643e-16,1
B3_D1_Original,B3,1,Original,full-grid,1839,27,29,86,1.0140676535949114,1.0107868531730086,-0.081505481534038915,0,0,1,UNSTABLE,2.6923864426005504e-16,2.4337632454662945e-16,1
B3_D1_Original,B3,1,Original,full-grid,1840,27,30,87,1.0139794000523432,1.0107286558240631,-0.081128342930153668,0,0,1,UNSTABLE,2.5686485858491164e-16,2.4337632454763643e-16,1
B3_D1_Original,B3,1,Original,full-grid,1841,27,31,88,1.0138712631995459,1.0106496130755427,-0.080760744994700262,0,0,1,UNSTABLE,4.8802646159113236e-16,2.4337632454626677e-16,1
B3_D1_Original,B3,1,Original,full-grid,1842,27,32,89,1.0137443846681631,1.0105508484181969,-0.080403110682953,0,0,1,UNSTABLE,3.8707372866598973e-16,2.4337632454763643e-16,1
B3_D1_Original,B3,1,Original,full-grid,1843,27,33,90,1.013599794140166,1.0104333810110462,-0.080055763187747306,0,0,1,UNSTABLE,3.2356661735449019e-16,2.4337632454662935e-16,1
B3_D1_Original,B3,1,Original,full-grid,1844,27,34,91,1.0134384087753046,1.010298123522634,-0.079718943718954619,0,0,1,UNSTABLE,3.661448554713568e-16,2.4337632454763639e-16,1
B3_D1_Original,B3,1,Original,full-grid,1845,27,35,92,1.0132610332436387,1.0101458807674084,-0.079392827500997437,0,0,1,UNSTABLE,3.5697369355885509e-16,2.4337632454626673e-16,1
B3_D1_Original,B3,1,Original,full-grid,1846,27,36,93,1.0130683599323922,1.0099773486770713,-0.079077538247850396,0,0,1,UNSTABLE,4.4951409471354344e-16,2.4337632454763648e-16,1
B3_D1_Original,B3,1,Original,full-grid,1847,27,37,94,1.0128609689591164,1.0097931132085494,-0.078773161402761277,0,0,1,UNSTABLE,5.0889515480010494e-16,2.4337632454662935e-16,1
B3_D1_Original,B3,1,Original,full-grid,1848,27,38,95,1.0126393276665582,1.0095936488329242,-0.07847975645477441,0,0,1,UNSTABLE,1.9288569832494153e-16,2.4337632454763648e-16,1
B3_D1_Original,B3,1,Original,full-grid,1849,27,39,96,1.0124037892983517,1.0093793162722744,-0.078197368672977788,0,0,1,UNSTABLE,1.7191835358023883e-16,2.4337632454626673e-16,1
B3_D1_Original,B3,1,Original,full-grid,1850,27,40,97,1.0121545905609934,1.0091503591557465,-0.077926040638031449,0,0,1,UNSTABLE,4.4269535558246129e-16,2.4337632454763639e-16,1
B3_D1_Original,B3,1,Original,full-grid,1851,27,41,98,1.0118918477655274,1.0089068992506294,-0.077665824007818546,0,0,1,UNSTABLE,4.0563917225692451e-16,2.4337632454662935e-16,1
B3_D1_Original,B3,1,Original,full-grid,1852,27,42,99,1.0116155512126814,1.0086489298887118,-0.077416792039542923,0,0,1,UNSTABLE,1.8765160540395825e-16,2.4337632454763639e-16,1
B3_D1_Original,B3,1,Original,full-grid,1853,27,43,100,1.011325557436952,1.0083763071509606,-0.077179053516826981,0,0,1,UNSTABLE,4.2411463479847178e-16,2.4337632454626677e-16,1
B3_D1_Original,B3,1,Original,full-grid,1854,27,44,101,1.0110215788575205,1.0080887382921031,-0.076952768918273309,0,0,1,UNSTABLE,3.2941009435420927e-16,2.4337632454763643e-16,1
B3_D1_Original,B3,1,Original,full-grid,1855,27,45,102,1.0107031702973948,1.0077857667795327,-0.07673816994034828,0,0,1,UNSTABLE,2.9233127981655476e-16,2.4337632454662945e-16,1
B3_D1_Original,B3,1,Original,full-grid,1856,27,46,103,1.010369711729922,1.0074667531877088,-0.076535583898089302,0,0,1,UNSTABLE,5.7772572892431115e-16,2.4337632454763643e-16,1
B3_D1_Original,B3,1,Original,full-grid,1857,27,47,104,1.0100203865028294,1.0071308510338954,-0.076345465137534874,0,0,1,UNSTABLE,3.4523685562669643e-16,2.4337632454626677e-16,1
B3_D1_Original,B3,1,Original,full-grid,1858,27,48,105,1.0096541541988406,1.00677697648015,-0.076168436510563112,0,0,1,UNSTABLE,3.0673422838972356e-16,2.4337632454763643e-16,1
B3_D1_Original,B3,1,Original,full-grid,1859,27,49,106,1.0092697172731653,1.0064037707016831,-0.076005345352082046,0,0,1,UNSTABLE,3.0195953788884504e-16,2.4337632454662935e-16,1
B3_D1_Original,B3,1,Original,full-grid,1860,27,50,107,1.0088654807814228,1.0060095537323854,-0.075857340524818226,0,0,1,UNSTABLE,3.2944008630625152e-16,2.4337632454763639e-16,1
B3_D1_Original,B3,1,Original,full-grid,1861,27,51,108,1.0084395051269124,1.0055922689618499,-0.075725980381704708,0,0,1,UNSTABLE,3.8161753016825568e-16,2.4337632454626673e-16,1
B3_D1_Original,B3,1,Original,full-grid,1862,27,52,109,1.0079894533402467,1.0051494186489216,-0.075613386611792552,0,0,1,UNSTABLE,4.3350034747337834e-16,2.4337632454763648e-16,1
B3_D1_Original,B3,1,Original,full-grid,1863,27,53,110,1.0075125380459666,1.0046779938403574,-0.075522466940245087,0,0,1,UNSTABLE,3.9094216706550414e-16,2.4337632454662935e-16,1
B3_D1_Original,B3,1,Original,full-grid,1864,27,54,111,1.0070054812492681,1.0041744090908891,-0.075457242150994294,0,0,1,UNSTABLE,1.8625760214762698e-16,2.4337632454763648e-16,1
B3_D1_Original,B3,1,Original,full-grid,1865,27,55,112,1.006464517140558,1.0036344679381584,-0.075423332129162773,0,0,1,UNSTABLE,2.5103476073613235e-16,2.4337632454626673e-16,1
B3_D1_Original,B3,1,Original,full-grid,1866,27,56,113,1.0058855042275099,1.0030534189365181,-0.075428684031962651,0,0,1,UNSTABLE,3.0933297371515626e-16,2.4337632454763639e-16,1
B3_D1_Original,B3,1,Original,full-grid,1867,27,57,114,1.0052642891009007,1.0024262349468176,-0.075484663554174949,0,0,1,UNSTABLE,4.5026048554177533e-16,2.4337632454662935e-16,1
B3_D1_Original,B3,1,Original,full-grid,1868,27,58,115,1.0045976231971525,1.0017484042057365,-0.075607666308571825,0,0,1,UNSTABLE,3.6324959146131208e-16,2.4337632454763639e-16,1
B3_D1_Original,B3,1,Original,full-grid,1869,27,59,116,1.0038852623951398,1.0010178508180352,-0.075821384831722571,0,0,1,UNSTABLE,5.4756938630043785e-16,2.4337632454626677e-16,1
B3_D1_Original,B3,1,Original,full-grid,1870,27,60,117,1.0031345275993471,1.0002392714147994,-0.076159571831491898,0,0,1,UNSTABLE,2.937496747199461e-16,2.4337632454763643e-16,1
B3_D1_Original,B3,1,Original,full-grid,1871,27,61,118,1.0023696674245581,0.99943333842731796,-0.076667804278234303,0,0,1,UNSTABLE,3.7570549985681249e-16,2.4337632454662945e-16,1
B3_D1_Original,B3,1,Original,full-grid,1872,27,62,119,1.0025272462527479,1.0008082378199068,-0.058683478006425302,0,0,1,UNSTABLE,2.3303360545079511e-16,2.4337632454763643e-16,1
B3_D1_Original,B3,1,Original,full-grid,1873,27,63,120,1.0027172726630835,1.0009875427778874,-0.058871623897934912,0,0,1,UNSTABLE,2.2002058991643413e-16,2.4337632454626677e-16,1
B3_D1_Original,B3,1,Original,full-grid,1874,27,64,121,1.002931292475675,1.0011927900428013,-0.059026897201522363,0,0,1,UNSTABLE,2.0578482924681854e-16,2.4337632454763643e-16,1
B3_D1_Original,B3,1,Original,full-grid,1875,27,65,122,1.0031587555499437,1.001413698929821,-0.059144673743333896,0,0,1,UNSTABLE,3.0136018350542689e-16,2.4337632454662935e-16,1
B3_D1_Original,B3,1,Original,full-grid,1876,27,66,123,1.0033891659225658,1.0016397785236837,-0.059224761458432293,0,0,1,UNSTABLE,3.0738123148091665e-16,2.4337632454763639e-16,1
B3_D1_Original,B3,1,Original,full-grid,1877,28,0,58,1.0064474070438092,1.0048846119738049,-0.056065138575255545,0,0,1,UNSTABLE,3.4241794136960051e-16,1.2044523497416284e-16,1
B3_D1_Original,B3,1,Original,full-grid,1878,28,1,59,1.0063915273696677,1.0048317348454814,-0.056009740303567389,0,0,1,UNSTABLE,4.5003623592444805e-16,2.4337632454763653e-16,1
B3_D1_Original,B3,1,Original,full-grid,1879,28,2,60,1.0063349516191746,1.0047780412739389,-0.055956435055077948,0,0,1,UNSTABLE,2.9029882189667027e-16,2.4337632454626673e-16,1
B3_D1_Original,B3,1,Original,full-grid,1880,28,3,61,1.0062776674463458,1.0047235224327098,-0.055905164982020639,0,0,1,UNSTABLE,2.8529874032311186e-16,2.4337632454763648e-16,1
B3_D1_Original,B3,1,Original,full-grid,1881,28,4,62,1.0062196612851693,1.0046681677865161,-0.055855880561723893,0,0,1,UNSTABLE,3.4677210029411286e-16,2.4337632454662935e-16,1
B3_D1_Original,B3,1,Original,full-grid,1882,28,5,63,1.0064139198713629,1.0025771307833296,-0.087795643064497109,0,0,1,UNSTABLE,4.0359608681749594e-16,2.4337632454763648e-16,1
B3_D1_Original,B3,1,Original,full-grid,1883,28,6,64,1.0070283066972863,1.0031866011276007,-0.087878631120743775,0,0,1,UNSTABLE,3.1219861914123983e-16,2.4337632454626673e-16,1
B3_D1_Original,B3,1,Original,full-grid,1884,28,7,65,1.0076383945266949,1.0037966173148141,-0.087906115780824468,0,0,1,UNSTABLE,2.5936523472797165e-16,2.4337632454763639e-16,1
B3_D1_Original,B3,1,Original,full-grid,1885,28,8,66,1.0082380141228904,1.0044009298275174,-0.08787869641778083,0,0,1,UNSTABLE,3.159066201431257e-16,2.4337632454662931e-16,1
B3_D1_Original,B3,1,Original,full-grid,1886,28,9,67,1.0088212864627248,1.0049934883107232,-0.087797929778278092,0,0,1,UNSTABLE,3.8321123273203332e-16,2.4337632454763639e-16,1
B3_D1_Original,B3,1,Original,full-grid,1887,28,10,68,1.009382806402509,1.0055686334930638,-0.087666260305190979,0,0,1,UNSTABLE,4.9284128851816581e-16,2.4337632454626677e-16,1
B3_D1_Original,B3,1,Original,full-grid,1888,28,11,69,1.0099177950160008,1.0061212621780289,-0.087486904638756441,0,0,1,UNSTABLE,6.0509279304590203e-16,2.4337632454763639e-16,1
B3_D1_Original,B3,1,Original,full-grid,1889,28,12,70,1.0104222098406628,1.0066469532666542,-0.087263701607545957,0,0,1,UNSTABLE,2.1706690502715433e-16,2.433763245466294e-16,1
B3_D1_Original,B3,1,Original,full-grid,1890,28,13,71,1.0108928076321924,1.0071420478697357,-0.087000942151517185,0,0,1,UNSTABLE,5.7626217863687263e-16,2.4337632454763643e-16,1
B3_D1_Original,B3,1,Original,full-grid,1891,28,14,72,1.0113271599190883,1.0076036822478818,-0.086703194350143981,0,0,1,UNSTABLE,1.8890491356266319e-16,2.4337632454626677e-16,1
B3_D1_Original,B3,1,Original,full-grid,1892,28,15,73,1.0117236265670182,1.0080297774508928,-0.086375137199441815,0,0,1,UNSTABLE,1.4735067801258761e-16,2.4337632454763643e-16,1
B3_D1_Original,B3,1,Original,full-grid,1893,28,16,74,1.0120812959453314,1.0084189932758285,-0.086021413630247054,0,0,1,UNSTABLE,2.2136739187535488e-16,2.4337632454662935e-16,1
B3_D1_Original,B3,1,Original,full-grid,1894,28,17,75,1.0123999018613006,1.0087706561574452,-0.085646509353553557,0,0,1,UNSTABLE,3.2096049172421521e-16,2.4337632454763639e-16,1
B3_D1_Original,B3,1,Original,full-grid,1895,28,18,76,1.0126797273589658,1.00908467092929,-0.085254660279401789,0,0,1,UNSTABLE,4.1498019110055681e-16,2.4337632454626668e-16,1
B3_D1_Original,B3,1,Original,full-grid,1896,28,19,77,1.0129215042171391,1.0093614254421697,-0.084849788066106172,0,0,1,UNSTABLE,1.9020365829680328e-16,2.4337632454763648e-16,1
B3_D1_Original,B3,1,Original,full-grid,1897,28,20,78,1.0131263150627081,1.009601695314112,-0.084435461101438139,0,0,1,UNSTABLE,3.0891310849789949e-16,2.4337632454662935e-16,1
B3_D1_Original,B3,1,Original,full-grid,1898,28,21,79,1.0132955029164779,1.0098065540918642,-0.084014876919941556,0,0,1,UNSTABLE,3.8545606588861037e-16,2.4337632454763648e-16,1
B3_D1_Original,B3,1,Original,full-grid,1899,28,22,80,1.0134305910493999,1.0099772921882599,-0.083590861574733749,0,0,1,UNSTABLE,3.2919692960258027e-16,2.4337632454626673e-16,1
B3_D1_Original,B3,1,Original,full-grid,1900,28,23,81,1.0135332144348124,1.0101153463354666,-0.083165881587006982,0,0,1,UNSTABLE,4.5384603808177929e-16,2.4337632454763639e-16,1
B3_D1_Original,B3,1,Original,full-grid,1901,28,24,82,1.0136050629016173,1.0102222400497665,-0.082742064565876683,0,0,1,UNSTABLE,3.5828871623174264e-16,2.4337632454662931e-16,1
B3_D1_Original,B3,1,Original,full-grid,1902,28,25,83,1.0136478353027361,1.0102995347365797,-0.082321225239746679,0,0,1,UNSTABLE,2.0142294908680216e-16,2.4337632454763639e-16,1
B3_D1_Original,B3,1,Original,full-grid,1903,28,26,84,1.0136632035502786,1.0103487905256501,-0.081904894329765388,0,0,1,UNSTABLE,2.973215984722884e-16,2.4337632454626673e-16,1
B3_D1_Original,B3,1,Original,full-grid,1904,28,27,85,1.0136527851531203,1.0103715356425607,-0.081494348343745943,0,0,1,UNSTABLE,3.3291840569477365e-16,2.4337632454763639e-16,1
B3_D1_Original,B3,1,Original,full-grid,1905,28,28,86,1.0136181228486121,1.0103692430221249,-0.081090638929796441,0,0,1,UNSTABLE,3.7367213943376208e-16,2.433763245466294e-16,1
B3_D1_Original,B3,1,Original,full-grid,1906,28,29,87,1.0135606699852429,1.0103433128897139,-0.0806946208862276,0,0,1,UNSTABLE,2.4336528879366272e-16,2.4337632454763643e-16,1
B3_D1_Original,B3,1,Original,full-grid,1907,28,30,88,1.0134817804375438,1.0102950601275842,-0.08030697828118509,0,0,1,UNSTABLE,4.926185750793152e-16,2.4337632454626677e-16,1
B3_D1_Original,B3,1,Original,full-grid,1908,28,31,89,1.0133827019853103,1.0102257053700172,-0.079928248402547197,0,0,1,UNSTABLE,3.7745435310140641e-16,2.4337632454763643e-16,1
B3_D1_Original,B3,1,Original,full-grid,1909,28,32,90,1.0132645722431193,1.0101363689085572,-0.079558843451037517,0,0,1,UNSTABLE,5.1757403837594011e-16,2.4337632454662935e-16,1
B3_D1_Original,B3,1,Original,full-grid,1910,28,33,91,1.013128416369286,1.0100280666210923,-0.079199070023551366,0,0,1,UNSTABLE,2.4528729865575161e-16,2.4337632454763639e-16,1
B3_D1_Original,B3,1,Original,full-grid,1911,28,34,92,1.0129751459089122,1.0099017072575212,-0.078849146523765012,0,0,1,UNSTABLE,3.2005611147700486e-16,2.4337632454626668e-16,1
B3_D1_Original,B3,1,Original,full-grid,1912,28,35,93,1.0128055582293509,1.0097580905147874,-0.078509218695625535,0,0,1,UNSTABLE,3.84305730927678e-16,2.4337632454763648e-16,1
B3_D1_Original,B3,1,Original,full-grid,1913,28,36,94,1.0126203360871042,1.0095979054129911,-0.078179373512844319,0,0,1,UNSTABLE,2.5365612331524226e-16,2.4337632454662935e-16,1
B3_D1_Original,B3,1,Original,full-grid,1914,28,37,95,1.0124200469237961,1.0094217285421112,-0.077859651683255926,0,0,1,UNSTABLE,4.3011463635290336e-16,2.4337632454763648e-16,1
B3_D1_Original,B3,1,Original,full-grid,1915,28,38,96,1.0122051415242805,1.0092300217839463,-0.077550059046812073,0,0,1,UNSTABLE,3.0489294126279219e-16,2.4337632454626673e-16,1
B3_D1_Original,B3,1,Original,full-grid,1916,28,39,97,1.0119759516840769,1.0090231291273799,-0.077250577168617773,0,0,1,UNSTABLE,3.2827603296463721e-16,2.4337632454763639e-16,1
B3_D1_Original,B3,1,Original,full-grid,1917,28,40,98,1.01173268652416,1.0088012721846291,-0.07696117345823407,0,0,1,UNSTABLE,5.0386104778964199e-16,2.4337632454662931e-16,1
B3_D1_Original,B3,1,Original,full-grid,1918,28,41,99,1.0114754270580788,1.0085645439804707,-0.076681811192670715,0,0,1,UNSTABLE,1.9471171586186727e-16,2.4337632454763639e-16,1
B3_D1_Original,B3,1,Original,full-grid,1919,28,42,100,1.0112041185560294,1.0083129005215028,-0.076412459890979292,0,0,1,UNSTABLE,2.9084043338145777e-16,2.4337632454626673e-16,1
B3_D1_Original,B3,1,Original,full-grid,1920,28,43,101,1.0109185601581447,1.0080461495525743,-0.076153106597470016,0,0,1,UNSTABLE,3.9078034337155739e-16,2.4337632454763639e-16,1
B3_D1_Original,B3,1,Original,full-grid,1921,28,44,102,1.0106183910587061,1.0077639357650379,-0.075903768796078547,0,0,1,UNSTABLE,2.5719342872136042e-16,2.433763245466294e-16,1
B3_D1_Original,B3,1,Original,full-grid,1922,28,45,103,1.0103030724043345,1.0074657215243474,-0.075664509930773005,0,0,1,UNSTABLE,3.1191650717307655e-16,2.4337632454763643e-16,1
B3_D1_Original,B3,1,Original,full-grid,1923,28,46,104,1.0099718638123847,1.0071507619193112,-0.075435458890451668,0,0,1,UNSTABLE,3.0740977060715901e-16,2.4337632454626677e-16,1
B3_D1_Original,B3,1,Original,full-grid,1924,28,47,105,1.009623793107584,1.0068180725834202,-0.075216835405065921,0,0,1,UNSTABLE,2.4397365474289227e-16,2.4337632454763643e-16,1
B3_D1_Original,B3,1,Original,full-grid,1925,28,48,106,1.009257617489159,1.00646638828533,-0.075008984207073193,0,0,1,UNSTABLE,2.7022513059944534e-16,2.4337632454662935e-16,1
B3_D1_Original,B3,1,Original,full-grid,1926,28,49,107,1.0088717738781949,1.0060941097173441,-0.074812422231876008,0,0,1,UNSTABLE,2.1288824313168884e-16,2.4337632454763639e-16,1
B3_D1_Original,B3,1,Original,full-grid,1927,28,50,108,1.0084643157031983,1.005699235252042,-0.074627905371769679,0,0,1,UNSTABLE,4.1380241065653442e-16,2.4337632454626668e-16,1
B3_D1_Original,B3,1,Original,full-grid,1928,28,51,109,1.0080328329947665,1.0052792737831173,-0.074456524882263189,0,0,1,UNSTABLE,1.8636765633213998e-16,2.4337632454763648e-16,1
B3_D1_Original,B3,1,Original,full-grid,1929,28,52,110,1.0075743527398817,1.0048311344145797,-0.074299849328922904,0,0,1,UNSTABLE,2.2514709739933311e-16,2.4337632454662935e-16,1
B3_D1_Original,B3,1,Original,full-grid,1930,28,53,111,1.0070852178567848,1.0043509894702947,-0.074160137376408156,0,0,1,UNSTABLE,3.3438466387110383e-16,2.4337632454763648e-16,1
B3_D1_Original,B3,1,Original,full-grid,1931,28,54,112,1.0065609478792314,1.0038341108767084,-0.07404066204394244,0,0,1,UNSTABLE,4.3331080715222489e-16,2.4337632454626673e-16,1
B3_D1_Original,B3,1,Original,full-grid,1932,28,55,113,1.0059960968969814,1.0032746905716845,-0.073946211736987996,0,0,1,UNSTABLE,3.4667612727246875e-16,2.4337632454763639e-16,1
B3_D1_Original,B3,1,Original,full-grid,1933,28,56,114,1.0053841539740851,1.0026656823292388,-0.073883871998081663,0,0,1,UNSTABLE,4.3984637528965972e-16,2.4337632454662931e-16,1
B3_D1_Original,B3,1,Original,full-grid,1934,28,57,115,1.0047175976753271,1.0019987643938402,-0.073864248670772653,0,0,1,UNSTABLE,4.0468387485397114e-16,2.4337632454763639e-16,1
B3_D1_Original,B3,1,Original,full-grid,1935,28,58,116,1.0039883573300827,1.0012646573695068,-0.073903366344720292,0,0,1,UNSTABLE,5.263115833724969e-16,2.4337632454626673e-16,1
B3_D1_Original,B3,1,Original,full-grid,1936,28,59,117,1.0031892191499667,1.0004543107810391,-0.074025545984856569,0,0,1,UNSTABLE,2.9552818274122654e-16,2.4337632454763639e-16,1
B3_D1_Original,B3,1,Original,full-grid,1937,28,60,118,1.002738999811525,1.00103336302433,-0.058461165359728687,0,0,1,UNSTABLE,3.1659449304660203e-16,2.433763245466294e-16,1
B3_D1_Original,B3,1,Original,full-grid,1938,28,61,119,1.0029095154847041,1.0011907994200837,-0.058689687393424901,0,0,1,UNSTABLE,2.9898846564241685e-16,2.4337632454763643e-16,1
B3_D1_Original,B3,1,Original,full-grid,1939,28,62,120,1.0031176176014989,1.0013874349096077,-0.058891085468543526,0,0,1,UNSTABLE,2.9880934161238632e-16,2.4337632454626677e-16,1
B3_D1_Original,B3,1,Original,full-grid,1940,28,63,121,1.0033535199370192,1.0016141348002341,-0.059054304994511621,0,0,1,UNSTABLE,2.912040143176253e-16,2.4337632454763643e-16,1
B3_D1_Original,B3,1,Original,full-grid,1941,28,64,122,1.0036038258509516,1.0018578443033741,-0.059173465932489455,0,0,1,UNSTABLE,3.8999917217108363e-16,2.4337632454662935e-16,1
B3_D1_Original,B3,1,Original,full-grid,1942,28,65,123,1.0038552838318104,1.0021052851863594,-0.0592488673192181,0,0,1,UNSTABLE,1.8716299343962645e-16,2.4337632454763639e-16,1
B3_D1_Original,B3,1,Original,full-grid,1943,28,66,124,1.0040977097684158,1.0023459748096486,-0.059285390654638184,0,0,1,UNSTABLE,1.7156776018751039e-16,2.4337632454626668e-16,1
B3_D1_Original,B3,1,Original,full-grid,1944,29,0,59,1.0068270548989118,1.0052821388894331,-0.055754279712887621,0,0,1,UNSTABLE,4.8665279374940187e-16,1.2044523497416284e-16,1
B3_D1_Original,B3,1,Original,full-grid,1945,29,1,60,1.0067667242911038,1.00522450988712,-0.05570387654408869,0,0,1,UNSTABLE,2.9588685494993552e-16,2.4337632454626673e-16,1
B3_D1_Original,B3,1,Original,full-grid,1946,29,2,61,1.0067058749154529,1.0051662457887236,-0.055655520088224851,0,0,1,UNSTABLE,3.2507253949703063e-16,2.4337632454763648e-16,1
B3_D1_Original,B3,1,Original,full-grid,1947,29,3,62,1.0066444840741715,1.0051073268863751,-0.055609160722676708,0,0,1,UNSTABLE,3.7240052008484692e-16,2.4337632454662935e-16,1
B3_D1_Original,B3,1,Original,full-grid,1948,29,4,63,1.0065825289482351,1.0050477328991256,-0.055564756619215679,0,0,1,UNSTABLE,4.0365305130264907e-16,2.4337632454763653e-16,1
B3_D1_Original,B3,1,Original,full-grid,1949,29,5,64,1.0065199866542993,1.0049874430563595,-0.055522273310909885,0,0,1,UNSTABLE,3.6836494459502709e-16,2.4337632454626673e-16,1
B3_D1_Original,B3,1,Original,full-grid,1950,29,6,65,1.0064568343017442,1.0049264361772092,-0.055481683327578843,0,0,1,UNSTABLE,5.5134494771152891e-16,2.4337632454763639e-16,1
B3_D1_Original,B3,1,Original,full-grid,1951,29,7,66,1.0068783237040453,1.003094539609755,-0.087208390365618518,0,0,1,UNSTABLE,3.2105575775275316e-16,2.4337632454662931e-16,1
B3_D1_Original,B3,1,Original,full-grid,1952,29,8,67,1.0074841472284608,1.0037046717978702,-0.087185083172457503,0,0,1,UNSTABLE,3.5545022772533392e-16,2.4337632454763639e-16,1
B3_D1_Original,B3,1,Original,full-grid,1953,29,9,68,1.0080745993931219,1.0043040191329473,-0.087108180413849878,0,0,1,UNSTABLE,5.8575488674257551e-16,2.4337632454626677e-16,1
B3_D1_Original,B3,1,Original,full-grid,1954,29,10,69,1.0086442016282795,1.0048868639582389,-0.08697997541115815,0,0,1,UNSTABLE,4.9948404296464e-16,2.4337632454763648e-16,1
B3_D1_Original,B3,1,Original,full-grid,1955,29,11,70,1.0091880807457423,1.0054480223404503,-0.086803552294546615,0,0,1,UNSTABLE,2.7454875716138567e-16,2.4337632454662935e-16,1
B3_D1_Original,B3,1,Original,full-grid,1956,29,12,71,1.0097020851471561,1.0059829756426053,-0.086582639528741998,0,0,1,UNSTABLE,4.9592633265562433e-16,2.4337632454763648e-16,1
B3_D1_Original,B3,1,Original,full-grid,1957,29,13,72,1.010182853872426,1.0064879566964176,-0.086321441617420683,0,0,1,UNSTABLE,3.1682914637060073e-16,2.4337632454626677e-16,1
B3_D1_Original,B3,1,Original,full-grid,1958,29,14,73,1.0106278381780867,1.006959988710697,-0.086024464173081655,0,0,1,UNSTABLE,2.7301475000068538e-16,2.4337632454763643e-16,1
B3_D1_Original,B3,1,Original,full-grid,1959,29,15,74,1.0110352803586722,1.007396880267807,-0.085696346226829478,0,0,1,UNSTABLE,2.0976491170314459e-16,2.4337632454662931e-16,1
B3_D1_Original,B3,1,Original,full-grid,1960,29,16,75,1.0114041580801192,1.0077971836663298,-0.085341710645899752,0,0,1,UNSTABLE,4.9256904665498739e-16,2.4337632454763643e-16,1
B3_D1_Original,B3,1,Original,full-grid,1961,29,17,76,1.0117341042567416,1.0081601260456192,-0.084965039680284113,0,0,1,UNSTABLE,3.6643085973457968e-16,2.4337632454626673e-16,1
B3_D1_Original,B3,1,Original,full-grid,1962,29,18,77,1.0120253126021515,1.0084855232224261,-0.084570578798254442,0,0,1,UNSTABLE,4.1430961730829471e-16,2.4337632454763648e-16,1
B3_D1_Original,B3,1,Original,full-grid,1963,29,19,78,1.0122784378402463,1.0087736853439113,-0.084162268707259708,0,0,1,UNSTABLE,3.7270397284122597e-16,2.4337632454662935e-16,1
B3_D1_Original,B3,1,Original,full-grid,1964,29,20,79,1.0124944977076813,1.0090253218226817,-0.083743703100372741,0,0,1,UNSTABLE,4.8367758522879012e-16,2.4337632454763653e-16,1
B3_D1_Original,B3,1,Original,full-grid,1965,29,21,80,1.0126747817959549,1.0092414510510164,-0.083318108271395408,0,0,1,UNSTABLE,2.8711062988121311e-16,2.4337632454626673e-16,1
B3_D1_Original,B3,1,Original,full-grid,1966,29,22,81,1.012820770324393,1.0094233184665746,-0.082888340171732272,0,0,1,UNSTABLE,1.9134301519880384e-16,2.4337632454763639e-16,1
B3_D1_Original,B3,1,Original,full-grid,1967,29,23,82,1.0129340643064486,1.0095723248870101,-0.082456894524460908,0,0,1,UNSTABLE,4.3975306911543364e-16,2.4337632454662931e-16,1
B3_D1_Original,B3,1,Original,full-grid,1968,29,24,83,1.0130163273479771,1.0096899657471687,-0.082025926042106442,0,0,1,UNSTABLE,4.4108145028097174e-16,2.4337632454763639e-16,1
B3_D1_Original,B3,1,Original,full-grid,1969,29,25,84,1.0130692384849036,1.0097777809669561,-0.081597273421557842,0,0,1,UNSTABLE,1.8443227998300718e-16,2.4337632454626677e-16,1
B3_D1_Original,B3,1,Original,full-grid,1970,29,26,85,1.0130944549688086,1.0098373146036699,-0.081172487473255395,0,0,1,UNSTABLE,4.5739411886720784e-16,2.4337632454763648e-16,1
B3_D1_Original,B3,1,Original,full-grid,1971,29,27,86,1.013093583666453,1.0098700831318987,-0.080752860390875966,0,0,1,UNSTABLE,4.4332478220750349e-16,2.4337632454662935e-16,1
B3_D1_Original,B3,1,Original,full-grid,1972,29,28,87,1.0130681596745799,1.0098775510719906,-0.080339454736007579,0,0,1,UNSTABLE,2.8301426996490511e-16,2.4337632454763648e-16,1
B3_D1_Original,B3,1,Original,full-grid,1973,29,29,88,1.0130196308033079,1.0098611126946819,-0.07993313117806107,0,0,1,UNSTABLE,3.3055829876161337e-16,2.4337632454626677e-16,1
B3_D1_Original,B3,1,Original,full-grid,1974,29,30,89,1.0129493466961244,1.0098220786097687,-0.079534574395988517,0,0,1,UNSTABLE,2.867811788347513e-16,2.4337632454763643e-16,1
B3_D1_Original,B3,1,Original,full-grid,1975,29,31,90,1.0128585515006319,1.0097616661681403,-0.079144316822494579,0,0,1,UNSTABLE,2.7707296726118675e-16,2.4337632454662931e-16,1
B3_D1_Original,B3,1,Original,full-grid,1976,29,32,91,1.0127483791541969,1.0096809927393737,-0.078762760110891561,0,0,1,UNSTABLE,4.0824765879426649e-16,2.4337632454763643e-16,1
B3_D1_Original,B3,1,Original,full-grid,1977,29,33,92,1.012619850489753,1.0095810710570867,-0.078390194342885341,0,0,1,UNSTABLE,3.9443799238722871e-16,2.4337632454626673e-16,1
B3_D1_Original,B3,1,Original,full-grid,1978,29,34,93,1.0124738714908277,1.0094628059412574,-0.078026815088330759,0,0,1,UNSTABLE,2.9176725913552215e-16,2.4337632454763648e-16,1
B3_D1_Original,B3,1,Original,full-grid,1979,29,35,94,1.0123112321260608,1.0093269918041832,-0.077672738487205586,0,0,1,UNSTABLE,2.8176268015059076e-16,2.4337632454662935e-16,1
B3_D1_Original,B3,1,Original,full-grid,1980,29,36,95,1.0121326052709774,1.0091743104224531,-0.077328014561232061,0,0,1,UNSTABLE,5.5791189339654464e-16,2.4337632454763653e-16,1
B3_D1_Original,B3,1,Original,full-grid,1981,29,37,96,1.0119385452783527,1.0090053285103289,-0.076992638984724984,0,0,1,UNSTABLE,3.8953889136934673e-16,2.4337632454626673e-16,1
B3_D1_Original,B3,1,Original,full-grid,1982,29,38,97,1.0117294857867447,1.0088204946580674,-0.07666656356041196,0,0,1,UNSTABLE,4.5043307761798208e-16,2.4337632454763639e-16,1
B3_D1_Original,B3,1,Original,full-grid,1983,29,39,98,1.0115057363595321,1.0086201352013608,-0.076349705661697409,0,0,1,UNSTABLE,3.1742979525527815e-16,2.4337632454662931e-16,1
B3_D1_Original,B3,1,Original,full-grid,1984,29,40,99,1.0112674775223172,1.0084044485629486,-0.076041956923831436,0,0,1,UNSTABLE,2.7869009949055731e-16,2.4337632454763639e-16,1
B3_D1_Original,B3,1,Original,full-grid,1985,29,41,100,1.0110147537102214,1.0081734975493353,-0.075743191501813675,0,0,1,UNSTABLE,2.8584102782827238e-16,2.4337632454626677e-16,1
B3_D1_Original,B3,1,Original,full-grid,1986,29,42,101,1.0107474635439295,1.0079271989893628,-0.07545327426921089,0,0,1,UNSTABLE,3.7670363372357121e-16,2.4337632454763648e-16,1
B3_D1_Original,B3,1,Original,full-grid,1987,29,43,102,1.0104653467136548,1.0076653099554149,-0.075172069424782467,0,0,1,UNSTABLE,4.1207233491915451e-16,2.4337632454662935e-16,1
B3_D1_Original,B3,1,Original,full-grid,1988,29,44,103,1.0101679665517433,1.0073874095991546,-0.074899450120738398,0,0,1,UNSTABLE,4.7518129358149756e-16,2.4337632454763648e-16,1
B3_D1_Original,B3,1,Original,full-grid,1989,29,45,104,1.0098546870967597,1.0070928753389308,-0.074635309960227506,0,0,1,UNSTABLE,2.735509124331264e-16,2.4337632454626677e-16,1
B3_D1_Original,B3,1,Original,full-grid,1990,29,46,105,1.0095246430708735,1.0067808517280237,-0.074379577581279416,0,0,1,UNSTABLE,4.0393973305406554e-16,2.4337632454763643e-16,1
B3_D1_Original,B3,1,Original,full-grid,1991,29,47,106,1.0091767006723911,1.0064502097699399,-0.074132236132850388,0,0,1,UNSTABLE,3.6948680353637178e-16,2.4337632454662931e-16,1
B3_D1_Original,B3,1,Original,full-grid,1992,29,48,107,1.0088094063875883,1.0060994936801735,-0.073893350394854604,0,0,1,UNSTABLE,3.3685295881881022e-16,2.4337632454763643e-16,1
B3_D1_Original,B3,1,Original,full-grid,1993,29,49,108,1.0084209201105463,1.0057268510664272,-0.073663105830595099,0,0,1,UNSTABLE,2.8368419337692908e-16,2.4337632454626673e-16,1
B3_D1_Original,B3,1,Original,full-grid,1994,29,50,109,1.0080089277121442,1.0053299411680223,-0.073441866387556037,0,0,1,UNSTABLE,3.389273495327181e-16,2.4337632454763648e-16,1
B3_D1_Original,B3,1,Original,full-grid,1995,29,51,110,1.0075705269021662,1.0049058141932061,-0.073230262068343391,0,0,1,UNSTABLE,3.6089188989350914e-16,2.4337632454662935e-16,1
B3_D1_Original,B3,1,Original,full-grid,1996,29,52,111,1.0071020791278178,1.0044507531824558,-0.07302932434831208,0,0,1,UNSTABLE,2.5730468993005319e-16,2.4337632454763653e-16,1
B3_D1_Original,B3,1,Original,full-grid,1997,29,53,112,1.0065990203844604,1.0039600691025834,-0.072840699382220916,0,0,1,UNSTABLE,2.9438257188133159e-16,2.4337632454626673e-16,1
B3_D1_Original,B3,1,Original,full-grid,1998,29,54,113,1.0060556278629338,1.0034278425021783,-0.072666988695732612,0,0,1,UNSTABLE,2.0082120723503612e-16,2.4337632454763639e-16,1
B3_D1_Original,B3,1,Original,full-grid,1999,29,55,114,1.0054647536985279,1.002846617108156,-0.072512298851772003,0,0,1,UNSTABLE,3.1274565575092547e-16,2.4337632454662931e-16,1
B3_D1_Original,B3,1,Original,full-grid,2000,29,56,115,1.0048175754727311,1.0022070857212069,-0.072383128621959961,0,0,1,UNSTABLE,2.2228808904188821e-16,2.4337632454763639e-16,1
B3_D1_Original,B3,1,Original,full-grid,2001,29,57,116,1.0041035005842271,1.0014978920658015,-0.072289778483926231,0,0,1,UNSTABLE,2.3897522090121182e-16,2.4337632454626677e-16,1
B3_D1_Original,B3,1,Original,full-grid,2002,29,58,117,1.0033105271810532,1.0007058352338221,-0.072248496740773036,0,0,1,UNSTABLE,3.6357153975181862e-16,2.4337632454763648e-16,1
B3_D1_Original,B3,1,Original,full-grid,2003,29,59,118,1.0031552956395957,1.0014528171091117,-0.058419194396952347,0,0,1,UNSTABLE,5.8405789216926548e-16,2.4337632454662935e-16,1
B3_D1_Original,B3,1,Original,full-grid,2004,29,60,119,1.0033406980222936,1.0016244681787283,-0.058659876010294688,0,0,1,UNSTABLE,3.0968710421397731e-16,2.4337632454763648e-16,1
B3_D1_Original,B3,1,Original,full-grid,2005,29,61,120,1.0035686282877465,1.0018404880553258,-0.058869586174996491,0,0,1,UNSTABLE,4.045876069789211e-16,2.4337632454626677e-16,1
B3_D1_Original,B3,1,Original,full-grid,2006,29,62,121,1.0038269222816223,1.0020895145850857,-0.059034690276322306,0,0,1,UNSTABLE,3.5246128298496859e-16,2.4337632454763643e-16,1
B3_D1_Original,B3,1,Original,full-grid,2007,29,63,122,1.0040986833538339,1.002355027325049,-0.05914866954634989,0,0,1,UNSTABLE,2.4936185747876267e-16,2.4337632454662931e-16,1
B3_D1_Original,B3,1,Original,full-grid,2008,29,64,123,1.0043678609744717,1.002620857192456,-0.059213316754765093,0,0,1,UNSTABLE,3.3449709640440758e-16,2.4337632454763643e-16,1
B3_D1_Original,B3,1,Original,full-grid,2009,29,65,124,1.0046231458385353,1.0028752516068127,-0.059235925493632151,0,0,1,UNSTABLE,3.44605380836196e-16,2.4337632454626673e-16,1
B3_D1_Original,B3,1,Original,full-grid,2010,29,66,125,1.0048585255635323,1.0031116549056938,-0.059225536638144165,0,0,1,UNSTABLE,2.1769875642978539e-16,2.4337632454763648e-16,1
B3_D1_Original,B3,1,Original,full-grid,2011,30,0,60,1.0071865397773756,1.0056610506802492,-0.055412787814910998,0,0,1,UNSTABLE,4.7344452205140964e-16,1.2044523497416262e-16,1
B3_D1_Original,B3,1,Original,full-grid,2012,30,1,61,1.0071228265530199,1.0055997142740043,-0.055367882532975199,0,0,1,UNSTABLE,5.4197995679927151e-16,2.4337632454763653e-16,1
B3_D1_Original,B3,1,Original,full-grid,2013,30,2,62,1.0070587358392333,1.005537889083101,-0.055324958639081399,0,0,1,UNSTABLE,1.6806291070273024e-16,2.4337632454662935e-16,1
B3_D1_Original,B3,1,Original,full-grid,2014,30,3,63,1.0069942380744572,1.005475547935655,-0.055283976147260848,0,0,1,UNSTABLE,2.7929178370093218e-16,2.4337632454763648e-16,1
B3_D1_Original,B3,1,Original,full-grid,2015,30,4,64,1.0069293043358969,1.0054126638895435,-0.055244902216448413,0,0,1,UNSTABLE,3.8510076095494965e-16,2.4337632454626673e-16,1
B3_D1_Original,B3,1,Original,full-grid,2016,30,5,65,1.0068639063251947,1.0053492102390953,-0.055207710802547549,0,0,1,UNSTABLE,2.8885615822970667e-16,2.4337632454763639e-16,1
B3_D1_Original,B3,1,Original,full-grid,2017,30,6,66,1.0067980163636625,1.0052851605278461,-0.055172382369335957,0,0,1,UNSTABLE,4.0586331438044684e-16,2.4337632454662931e-16,1
B3_D1_Original,B3,1,Original,full-grid,2018,30,7,67,1.0067316073968224,1.0052204885674925,-0.055138903651792741,0,0,1,UNSTABLE,3.0383186394036738e-16,2.4337632454763639e-16,1
B3_D1_Original,B3,1,Original,full-grid,2019,30,8,68,1.0067139046234299,1.0029867667966066,-0.08654727836877335,0,0,1,UNSTABLE,4.3882981312193923e-16,2.4337632454626677e-16,1
B3_D1_Original,B3,1,Original,full-grid,2020,30,9,69,1.0073109099574333,1.0035922854467021,-0.086474238424732952,0,0,1,UNSTABLE,5.3770950464343468e-16,2.4337632454763643e-16,1
B3_D1_Original,B3,1,Original,full-grid,2021,30,10,70,1.0078880128098828,1.0041822630124984,-0.086349458695189257,0,0,1,UNSTABLE,3.7013611498693118e-16,2.433763245466294e-16,1
B3_D1_Original,B3,1,Original,full-grid,2022,30,11,71,1.008440233724778,1.0047514227231638,-0.08617588717653632,0,0,1,UNSTABLE,2.7164886845661819e-16,2.4337632454763643e-16,1
B3_D1_Original,B3,1,Original,full-grid,2023,30,12,72,1.0089633004853187,1.005295136607681,-0.085957140710772206,0,0,1,UNSTABLE,2.6387661117380011e-16,2.4337632454626677e-16,1
B3_D1_Original,B3,1,Original,full-grid,2024,30,13,73,1.0094537239274002,1.0058095182385736,-0.085697338182611715,0,0,1,UNSTABLE,4.2211774090035634e-16,2.4337632454763643e-16,1
B3_D1_Original,B3,1,Original,full-grid,2025,30,14,74,1.0099088258621429,1.006291467976558,-0.085400925239930509,0,0,1,UNSTABLE,3.687085197451645e-16,2.4337632454662935e-16,1
B3_D1_Original,B3,1,Original,full-grid,2026,30,15,75,1.0103267233230631,1.00673867354184,-0.085072504700012028,0,0,1,UNSTABLE,2.0889343208800598e-16,2.4337632454763643e-16,1
B3_D1_Original,B3,1,Original,full-grid,2027,30,16,76,1.0107062770996507,1.0071495728199766,-0.084716683936366943,0,0,1,UNSTABLE,6.7380726200497588e-16,2.4337632454626668e-16,1
B3_D1_Original,B3,1,Original,full-grid,2028,30,17,77,1.0110470144839507,1.0075232881858185,-0.084337946738975295,0,0,1,UNSTABLE,3.2811124927387527e-16,2.4337632454763648e-16,1
B3_D1_Original,B3,1,Original,full-grid,2029,30,18,78,1.0113490364263664,1.007859542298204,-0.083940553244512911,0,0,1,UNSTABLE,5.0053438679698892e-16,2.4337632454662935e-16,1
B3_D1_Original,B3,1,Original,full-grid,2030,30,19,79,1.0116129182700373,1.008158564618814,-0.083528468180337878,0,0,1,UNSTABLE,4.237663792773927e-16,2.4337632454763648e-16,1
B3_D1_Original,B3,1,Original,full-grid,2031,30,20,80,1.0118396114363901,1.0084209963389057,-0.083105315200616606,0,0,1,UNSTABLE,2.2415575405070481e-16,2.4337632454626673e-16,1
B3_D1_Original,B3,1,Original,full-grid,2032,30,21,81,1.0120303513608249,1.0086477994494878,-0.082674353588162788,0,0,1,UNSTABLE,3.3097073024957301e-16,2.4337632454763639e-16,1
B3_D1_Original,B3,1,Original,full-grid,2033,30,22,82,1.0121865749957983,1.0088401737493045,-0.082238472938146914,0,0,1,UNSTABLE,2.6665672321139888e-16,2.4337632454662931e-16,1
B3_D1_Original,B3,1,Original,full-grid,2034,30,23,83,1.0123098495278591,1.0089994838942551,-0.081800201419331836,0,0,1,UNSTABLE,3.1671157867172403e-16,2.4337632454763639e-16,1
B3_D1_Original,B3,1,Original,full-grid,2035,30,24,84,1.0124018126835843,1.0091271972639013,-0.081361723600907626,0,0,1,UNSTABLE,4.6382132714435672e-16,2.4337632454626673e-16,1
B3_D1_Original,B3,1,Original,full-grid,2036,30,25,85,1.0124641241238959,1.0092248324725073,-0.080924904441136758,0,0,1,UNSTABLE,3.867717310701092e-16,2.4337632454763639e-16,1
B3_D1_Original,B3,1,Original,full-grid,2037,30,26,86,1.0124984268906208,1.009293917741402,-0.080491316713008632,0,0,1,UNSTABLE,4.779702008909696e-16,2.433763245466294e-16,1
B3_D1_Original,B3,1,Original,full-grid,2038,30,27,87,1.0125063175972666,1.009335958008817,-0.080062269795457428,0,0,1,UNSTABLE,2.2388877935956628e-16,2.4337632454763643e-16,1
B3_D1_Original,B3,1,Original,full-grid,2039,30,28,88,1.0124893239720059,1.0093524095111177,-0.0796388383352645,0,0,1,UNSTABLE,4.3981435747496032e-16,2.4337632454626677e-16,1
B3_D1_Original,B3,1,Original,full-grid,2040,30,29,89,1.0124488883977467,1.009344660559772,-0.079221889761046965,0,0,1,UNSTABLE,3.4879562796166646e-16,2.4337632454763643e-16,1
B3_D1_Original,B3,1,Original,full-grid,2041,30,30,90,1.0123863562015243,1.0093140173104063,-0.078812110006828931,0,0,1,UNSTABLE,5.0249504649222811e-16,2.4337632454662935e-16,1
B3_D1_Original,B3,1,Original,full-grid,2042,30,31,91,1.0123029675852599,1.0092616934345358,-0.078410027085680484,0,0,1,UNSTABLE,2.6387141496524153e-16,2.4337632454763643e-16,1
B3_D1_Original,B3,1,Original,full-grid,2043,30,32,92,1.012199852237178,1.0091888027340374,-0.078016032360056373,0,0,1,UNSTABLE,3.4493160318132775e-16,2.4337632454626668e-16,1
B3_D1_Original,B3,1,Original,full-grid,2044,30,33,93,1.0120780258027211,1.0090963538664171,-0.077630399498110042,0,0,1,UNSTABLE,3.1821816933093098e-16,2.4337632454763648e-16,1
B3_D1_Original,B3,1,Original,full-grid,2045,30,34,94,1.0119383875148229,1.0089852464627955,-0.077253301201384073,0,0,1,UNSTABLE,3.9566587785901438e-16,2.4337632454662935e-16,1
B3_D1_Original,B3,1,Original,full-grid,2046,30,35,95,1.0117817183825233,1.008856268015776,-0.07688482384952651,0,0,1,UNSTABLE,4.1939208151585048e-16,2.4337632454763648e-16,1
B3_D1_Original,B3,1,Original,full-grid,2047,30,36,96,1.0116086794106562,1.0087100909863902,-0.076524980243057109,0,0,1,UNSTABLE,3.8133754482536025e-16,2.4337632454626673e-16,1
B3_D1_Original,B3,1,Original,full-grid,2048,30,37,97,1.011419809370588,1.0085472696260449,-0.076173720646204562,0,0,1,UNSTABLE,2.21908407519212e-16,2.4337632454763639e-16,1
B3_D1_Original,B3,1,Original,full-grid,2049,30,38,98,1.011215521661329,1.0083682360289683,-0.075830942342955107,0,0,1,UNSTABLE,4.3447188485392475e-16,2.4337632454662931e-16,1
B3_D1_Original,B3,1,Original,full-grid,2050,30,39,99,1.0109960997901202,1.0081732949206978,-0.075496497929231604,0,0,1,UNSTABLE,2.8962870605621792e-16,2.4337632454763639e-16,1
B3_D1_Original,B3,1,Original,full-grid,2051,30,40,100,1.0107616909573716,1.0079626166437867,-0.075170202577988565,0,0,1,UNSTABLE,3.5285936225454336e-16,2.4337632454626673e-16,1
B3_D1_Original,B3,1,Original,full-grid,2052,30,41,101,1.0105122971472231,1.0077362277171311,-0.074851840539858119,0,0,1,UNSTABLE,2.0042483217182297e-16,2.4337632454763639e-16,1
B3_D1_Original,B3,1,Original,full-grid,2053,30,42,102,1.0102477629912814,1.0074939982087858,-0.074541171188566541,0,0,1,UNSTABLE,3.9376686531522676e-16,2.433763245466294e-16,1
B3_D1_Original,B3,1,Original,full-grid,2054,30,43,103,1.0099677594761278,1.0072356249595724,-0.074237935003128447,0,0,1,UNSTABLE,3.3878825584132188e-16,2.4337632454763643e-16,1
B3_D1_Original,B3,1,Original,full-grid,2055,30,44,104,1.0096717622814888,1.0069606094010211,-0.073941860020773686,0,0,1,UNSTABLE,3.3270612247261883e-16,2.4337632454626677e-16,1
B3_D1_Original,B3,1,Original,full-grid,2056,30,45,105,1.0093590231353644,1.00666822829354,-0.073652669531540857,0,0,1,UNSTABLE,4.0556315227952156e-16,2.4337632454763643e-16,1
B3_D1_Original,B3,1,Original,full-grid,2057,30,46,106,1.0090285320116272,1.006357495121053,-0.073370092184888547,0,0,1,UNSTABLE,3.138128215871273e-16,2.4337632454662935e-16,1
B3_D1_Original,B3,1,Original,full-grid,2058,30,47,107,1.0086789672143288,1.0060271090488231,-0.07309387634701249,0,0,1,UNSTABLE,2.8272596073804411e-16,2.4337632454763643e-16,1
B3_D1_Original,B3,1,Original,full-grid,2059,30,48,108,1.0083086293186856,1.0056753871954611,-0.072823811681247769,0,0,1,UNSTABLE,2.6213259253825976e-16,2.4337632454626668e-16,1
B3_D1_Original,B3,1,Original,full-grid,2060,30,49,109,1.0079153534957939,1.0053001743885959,-0.072559762863514968,0,0,1,UNSTABLE,3.6642132364075337e-16,2.4337632454763648e-16,1
B3_D1_Original,B3,1,Original,full-grid,2061,30,50,110,1.007496392906525,1.0048987224935888,-0.07230172370291324,0,0,1,UNSTABLE,3.8863751052288486e-16,2.4337632454662935e-16,1
B3_D1_Original,B3,1,Original,full-grid,2062,30,51,111,1.0070482637704949,1.0044675289109075,-0.07204990580690214,0,0,1,UNSTABLE,2.8175943464641259e-16,2.4337632454763648e-16,1
B3_D1_Original,B3,1,Original,full-grid,2063,30,52,112,1.0065665411409488,1.0040021215409884,-0.071804886224044545,0,0,1,UNSTABLE,2.7438322097354044e-16,2.4337632454626673e-16,1
B3_D1_Original,B3,1,Original,full-grid,2064,30,53,113,1.006045595677397,1.0034967775295729,-0.071567856399724045,0,0,1,UNSTABLE,3.7834630239409912e-16,2.4337632454763639e-16,1
B3_D1_Original,B3,1,Original,full-grid,2065,30,54,114,1.005478272139775,1.0029441714606531,-0.071341044835997028,0,0,1,UNSTABLE,2.6306671538664563e-16,2.4337632454662931e-16,1
B3_D1_Original,B3,1,Original,full-grid,2066,30,55,115,1.0048555453356016,1.002334980533881,-0.071128431656079891,0,0,1,UNSTABLE,3.7849664657413654e-16,2.4337632454763639e-16,1
B3_D1_Original,B3,1,Original,full-grid,2067,30,56,116,1.0041662807357219,1.0016575622248725,-0.070936925534859502,0,0,1,UNSTABLE,2.6395771158689801e-16,2.4337632454626673e-16,1
B3_D1_Original,B3,1,Original,full-grid,2068,30,57,117,1.0034718145113601,1.0017903342581769,-0.058067277408292338,0,0,1,UNSTABLE,2.1790507749469304e-16,2.4337632454763639e-16,1
B3_D1_Original,B3,1,Original,full-grid,2069,30,58,118,1.0036227223822272,1.0019262032040626,-0.058330542728525038,0,0,1,UNSTABLE,4.3988302976132358e-16,2.433763245466294e-16,1
B3_D1_Original,B3,1,Original,full-grid,2070,30,59,119,1.0038247163165492,1.0021142061398209,-0.05857626601923905,0,0,1,UNSTABLE,3.8437434947911044e-16,2.4337632454763643e-16,1
B3_D1_Original,B3,1,Original,full-grid,2071,30,60,120,1.0040721689251617,1.0023498147697441,-0.058785791150058164,0,0,1,UNSTABLE,2.6242085440467737e-16,2.4337632454626677e-16,1
B3_D1_Original,B3,1,Original,full-grid,2072,30,61,121,1.0043496950950022,1.0026185375586456,-0.058943856178455829,0,0,1,UNSTABLE,2.7165519498299456e-16,2.4337632454763643e-16,1
B3_D1_Original,B3,1,Original,full-grid,2073,30,62,122,1.0046369175928194,1.0029003144277737,-0.059044860157970051,0,0,1,UNSTABLE,2.4415566086650168e-16,2.4337632454662935e-16,1
B3_D1_Original,B3,1,Original,full-grid,2074,30,63,123,1.0049160539751207,1.0031770805823441,-0.059093320529592472,0,0,1,UNSTABLE,3.1868125672744392e-16,2.4337632454763643e-16,1
B3_D1_Original,B3,1,Original,full-grid,2075,30,64,124,1.0051760553860303,1.0034371847748136,-0.059099226159203426,0,0,1,UNSTABLE,2.6022965517022997e-16,2.4337632454626668e-16,1
B3_D1_Original,B3,1,Original,full-grid,2076,30,65,125,1.00541214840028,1.0036752132355717,-0.059073297583562119,0,0,1,UNSTABLE,3.6455488800518641e-16,2.4337632454763648e-16,1
B3_D1_Original,B3,1,Original,full-grid,2077,30,66,126,1.005623569075567,1.0038898632125717,-0.059024615367878432,0,0,1,UNSTABLE,3.0202582033252539e-16,2.4337632454662935e-16,1
