route_id,contract_id,division,method,mode,point_order,l_samples,j_samples,physical_root_count,rho,dominant_root_real,dominant_root_imag,stable,critical,stability_code,stability_status,maximum_state_eigenpair_residual,transition_reconstruction_relative_error,overall_pass
B2_D2_Original,B2,2,Original,full-grid,1,0,0,30,0.99543127109488705,0.99518075885389756,-0.022330980286661965,1,0,-1,STABLE,3.580418175179714e-16,2.3362452357175201e-16,1
B2_D2_Original,B2,2,Original,full-grid,2,0,1,31,0.99546831828506721,0.99521754857972811,-0.022342867055426124,1,0,-1,STABLE,3.3318841906189256e-16,1.8527961123364713e-16,1
B2_D2_Original,B2,2,Original,full-grid,3,0,2,32,0.99550551843585589,0.99525449667399113,-0.022354509308926032,1,0,-1,STABLE,2.4748431245713265e-16,1.8527961125559556e-16,1
B2_D2_Original,B2,2,Original,full-grid,4,0,3,33,0.99554287688986287,0.99529160841167219,-0.022365910476687591,1,0,-1,STABLE,2.9422910571099414e-16,1.8527961126018601e-16,1
B2_D2_Original,B2,2,Original,full-grid,5,0,4,34,0.99558039926015884,0.99532888934347252,-0.022377073743158206,1,0,-1,STABLE,4.7668150306181127e-16,1.8527961126018599e-16,1
B2_D2_Original,B2,2,Original,full-grid,6,0,5,35,0.99561809142829116,0.99536634529398627,-0.022388002041408509,1,0,-1,STABLE,4.4647081337153075e-16,1.8527961126018601e-16,1
B2_D2_Original,B2,2,Original,full-grid,7,0,6,36,0.9956559595427058,0.99540398236028294,-0.022398698046892932,1,0,-1,STABLE,3.4704405082619362e-16,1.8527961125559556e-16,1
B2_D2_Original,B2,2,Original,full-grid,8,0,7,37,0.99569401001755609,0.99544180691089568,-0.022409164170316995,1,0,-1,STABLE,4.442047004799934e-16,1.8527961126018601e-16,1
B2_D2_Original,B2,2,Original,full-grid,9,0,8,38,0.9957322495319002,0.99547982558519643,-0.022419402550588063,1,0,-1,STABLE,3.3297772006596815e-16,1.8527961126018599e-16,1
B2_D2_Original,B2,2,Original,full-grid,10,0,9,39,0.99577068502921484,0.99551804529310672,-0.022429415046849453,1,0,-1,STABLE,4.5626294948170813e-16,1.8527961126018604e-16,1
B2_D2_Original,B2,2,Original,full-grid,11,0,10,40,0.99580932371729902,0.99555647321520535,-0.022439203230207462,1,0,-1,STABLE,3.1188641316057504e-16,1.8527961125559558e-16,1
B2_D2_Original,B2,2,Original,full-grid,12,0,11,41,0.99584817306839379,0.99559511680307144,-0.022448768374591314,1,0,-1,STABLE,3.5293818592181671e-16,1.8527961126018601e-16,1
B2_D2_Original,B2,2,Original,full-grid,13,0,12,42,0.9958872408196815,0.99563398378001633,-0.022458111447148831,1,0,-1,STABLE,4.4315252535119062e-16,1.8527961126018601e-16,1
B2_D2_Original,B2,2,Original,full-grid,14,0,13,43,0.99592653497390737,0.99567308214195749,-0.022467233097737137,1,0,-1,STABLE,2.8520696654016514e-16,1.8527961126018599e-16,1
B2_D2_Original,B2,2,Original,full-grid,15,0,14,44,0.99623181917341963,0.99326937671752602,-0.076770976343657871,1,0,-1,STABLE,2.7234365531256137e-16,1.8527961125559553e-16,1
B2_D2_Original,B2,2,Original,full-grid,16,0,15,45,0.99676237683031266,0.99382311387077449,-0.076490876584150713,1,0,-1,STABLE,2.3268189717629884e-16,1.8527961126018604e-16,1
B2_D2_Original,B2,2,Original,full-grid,17,0,16,46,0.99728090830560501,0.99436802693575821,-0.076167165358439579,1,0,-1,STABLE,5.0413687026007119e-16,1.8527961126018599e-16,1
B2_D2_Original,B2,2,Original,full-grid,18,0,17,47,0.99778268915693336,0.99489934808520031,-0.075799617155267437,1,0,-1,STABLE,3.9825945323206582e-16,1.8527961126018604e-16,1
B2_D2_Original,B2,2,Original,full-grid,19,0,18,48,0.99826293418601308,0.99541217581607766,-0.075388898431865622,1,0,-1,STABLE,3.2944690007298361e-16,1.8527961125559556e-16,1
B2_D2_Original,B2,2,Original,full-grid,20,0,19,49,0.99871703938803957,0.99590171749406164,-0.074936598911274771,1,0,-1,STABLE,3.7575973907886488e-16,1.8527961126018599e-16,1
B2_D2_Original,B2,2,Original,full-grid,21,0,20,50,0.99914081848818925,0.99636353316872706,-0.074445180776056483,1,0,-1,STABLE,3.8318353396419797e-16,1.8527961126018599e-16,1
B2_D2_Original,B2,2,Original,full-grid,22,0,21,51,0.99953070261112165,0.99679374831428236,-0.073917851591111486,1,0,-1,STABLE,4.90227469662904e-16,1.8527961126018599e-16,1
B2_D2_Original,B2,2,Original,full-grid,23,0,22,52,0.9998838792170095,0.99718920969022418,-0.073358380539930282,1,0,-1,STABLE,4.6415898095342401e-16,1.8527961125559556e-16,1
B2_D2_Original,B2,2,Original,full-grid,24,0,23,53,1.0001983591509405,0.99754757071439326,-0.072770885730806617,0,0,1,UNSTABLE,3.601206399352894e-16,1.8527961126018601e-16,1
B2_D2_Original,B2,2,Original,full-grid,25,0,24,54,1.0004729741707343,0.99786730636795118,-0.07215962117420173,0,0,1,UNSTABLE,5.6532328299883223e-16,1.8527961126018599e-16,1
B2_D2_Original,B2,2,Original,full-grid,26,0,25,55,1.0007073177565957,0.99814766868018201,-0.071528786652076626,0,0,1,UNSTABLE,4.2367009718256368e-16,1.8527961126018604e-16,1
B2_D2_Original,B2,2,Original,full-grid,27,0,26,56,1.0009016473924437,0.99838860002957464,-0.070882374987676564,0,0,1,UNSTABLE,6.2011420291383334e-16,1.8527961125559558e-16,1
B2_D2_Original,B2,2,Original,full-grid,28,0,27,57,1.0010567669959181,0.99859062274190058,-0.070224062259760731,0,0,1,UNSTABLE,2.5355887280539574e-16,1.8527961126018601e-16,1
B2_D2_Original,B2,2,Original,full-grid,29,0,28,58,1.0011739052683759,0.99875472111416963,-0.069557139407024807,0,0,1,UNSTABLE,3.5483621112113287e-16,1.8527961126018601e-16,1
B2_D2_Original,B2,2,Original,full-grid,30,0,29,59,1.0012546012843961,0.99888222784820946,-0.068884479254568309,0,0,1,UNSTABLE,4.3815038928186265e-16,1.8527961126018599e-16,1
B2_D2_Original,B2,2,Original,full-grid,31,0,30,60,1.0013006041174439,0.99897472244931418,-0.068208531088669339,0,0,1,UNSTABLE,5.4740345242660916e-16,1.8527961125559553e-16,1
B2_D2_Original,B2,2,Original,full-grid,32,0,31,61,1.0013137895575681,0.99903394535654644,-0.067531334826663209,0,0,1,UNSTABLE,3.4145814713602399e-16,1.8527961126018604e-16,1
B2_D2_Original,B2,2,Original,full-grid,33,0,32,62,1.0012960943168634,0.99906172878895905,-0.066854547814053908,0,0,1,UNSTABLE,4.7477514952973101e-16,1.8527961126018599e-16,1
B2_D2_Original,B2,2,Original,full-grid,34,0,33,63,1.001249466482834,0.99905994351152394,-0.06617947871440405,0,0,1,UNSTABLE,5.3827645781633814e-16,1.8527961126018604e-16,1
B2_D2_Original,B2,2,Original,full-grid,35,0,34,64,1.0011758301505045,0.99903045975887039,-0.065507124433391156,0,0,1,UNSTABLE,3.6386593424826065e-16,1.8527961125559556e-16,1
B2_D2_Original,B2,2,Original,full-grid,36,0,35,65,1.0010770618886,0.99897512016609569,-0.064838207321351329,0,0,1,UNSTABLE,4.3646236405953054e-16,1.8527961126018599e-16,1
B2_D2_Original,B2,2,Original,full-grid,37,0,36,66,1.0009549767558445,0.9988957225302072,-0.064173210946223996,0,0,1,UNSTABLE,4.2064615724534997e-16,1.8527961126018599e-16,1
B2_D2_Original,B2,2,Original,full-grid,38,0,37,67,1.0008113218176742,0.99879401039838511,-0.063512413516972954,0,0,1,UNSTABLE,3.5515764938329883e-16,1.8527961126018599e-16,1
B2_D2_Original,B2,2,Original,full-grid,39,0,38,68,1.0006477754124932,0.99867166973688337,-0.062855918598943586,0,0,1,UNSTABLE,1.9500954880241808e-16,1.8527961125559556e-16,1
B2_D2_Original,B2,2,Original,full-grid,40,0,39,69,1.0004659507152054,0.99853033020724991,-0.062203683144007975,0,0,1,UNSTABLE,3.7002686255088478e-16,1.8527961126018601e-16,1
B2_D2_Original,B2,2,Original,full-grid,41,0,40,70,1.000267402406616,0.99837156982289621,-0.061555543102512558,0,0,1,UNSTABLE,4.5627328398138298e-16,1.8527961126018599e-16,1
B2_D2_Original,B2,2,Original,full-grid,42,0,41,71,1.0000536354656766,0.99819692196073517,-0.060911237027583602,0,0,1,UNSTABLE,2.6333293115901855e-16,1.8527961126018604e-16,1
B2_D2_Original,B2,2,Original,full-grid,43,0,42,72,0.99982611525143184,0.99800788385122607,-0.060270428151518368,1,0,-1,STABLE,3.5604932528142279e-16,1.8527961125559558e-16,1
B2_D2_Original,B2,2,Original,full-grid,44,0,43,73,0.99958627813634249,0.99780592576758109,-0.059632725424602087,1,0,-1,STABLE,6.4331447894437225e-16,1.8527961126018601e-16,1
B2_D2_Original,B2,2,Original,full-grid,45,0,44,74,0.99933554199930852,0.99759250018701551,-0.05899770396948472,1,0,-1,STABLE,2.9937473123021429e-16,1.8527961126018601e-16,1
B2_D2_Original,B2,2,Original,full-grid,46,0,45,75,0.99907531589692866,0.99736905021503297,-0.058364925320871099,1,0,-1,STABLE,4.3257025703617715e-16,1.8527961126018599e-16,1
B2_D2_Original,B2,2,Original,full-grid,47,0,46,76,0.99880700821987223,0.9971370165621094,-0.057733957691704405,1,0,-1,STABLE,3.5297969225669624e-16,1.8527961125559553e-16,1
B2_D2_Original,B2,2,Original,full-grid,48,0,47,77,0.99853203262886903,0.9968978423616901,-0.0571043963329224,1,0,-1,STABLE,2.5854840192280672e-16,1.8527961126018604e-16,1
B2_D2_Original,B2,2,Original,full-grid,49,0,48,78,0.99825181107395089,0.9966529751408999,-0.05647588383740456,1,0,-1,STABLE,3.3744751778282472e-16,1.8527961126018599e-16,1
B2_D2_Original,B2,2,Original,full-grid,50,0,49,79,0.99796777325954034,0.9964038653282522,-0.055848129991285307,1,0,-1,STABLE,3.1087495760390871e-16,1.8527961126018604e-16,1
B2_D2_Original,B2,2,Original,full-grid,51,0,50,80,0.99768135205154862,0.9961519608293421,-0.055220930517901091,1,0,-1,STABLE,2.8701761305306941e-16,1.8527961125559556e-16,1
B2_D2_Original,B2,2,Original,full-grid,52,0,51,81,0.99769269320105081,0.9974365181022028,-0.022607574459018457,1,0,-1,STABLE,6.0813943504828022e-16,1.8527961126018599e-16,1
B2_D2_Original,B2,2,Original,full-grid,53,0,52,82,0.99774961048045818,0.99749355976609966,-0.022602730787685557,1,0,-1,STABLE,4.025641672711772e-16,1.8527961126018599e-16,1
B2_D2_Original,B2,2,Original,full-grid,54,0,53,83,0.99780722157039903,0.99755131244903306,-0.022597133651222352,1,0,-1,STABLE,2.7492333537685392e-16,1.8527961126018599e-16,1
B2_D2_Original,B2,2,Original,full-grid,55,0,54,84,0.99786553175982529,0.99760978233950692,-0.022590742680145805,1,0,-1,STABLE,3.4202394996651449e-16,1.8527961125559556e-16,1
B2_D2_Original,B2,2,Original,full-grid,56,0,55,85,0.9979245445401127,0.99766897387113807,-0.022583515459323245,1,0,-1,STABLE,2.9992331411020202e-16,1.8527961126018601e-16,1
B2_D2_Original,B2,2,Original,full-grid,57,0,56,86,0.99798426136870988,0.9977288894856513,-0.022575407535149493,1,0,-1,STABLE,2.6050849275262353e-16,1.8527961126018599e-16,1
B2_D2_Original,B2,2,Original,full-grid,58,0,57,87,0.99804468141715275,0.99778952937968701,-0.022566372445046487,1,0,-1,STABLE,2.6429476158733702e-16,1.8527961126018604e-16,1
B2_D2_Original,B2,2,Original,full-grid,59,0,58,88,0.99810580130478654,0.99785089123670034,-0.022556361772074752,1,0,-1,STABLE,3.4213528912557296e-16,1.8527961125559558e-16,1
B2_D2_Original,B2,2,Original,full-grid,60,0,59,89,0.99816761481980854,0.99791296994547118,-0.022545325228851616,1,0,-1,STABLE,3.714031241062176e-16,1.8527961126018601e-16,1
B2_D2_Original,B2,2,Original,full-grid,61,0,60,90,0.99823011263033412,0.99797575730782961,-0.022533210775062377,1,0,-1,STABLE,5.2693674783383275e-16,1.8527961126018601e-16,1
B2_D2_Original,B2,2,Original,full-grid,62,0,61,91,0.99829328198867728,0.9980392417387175,-0.022519964771970651,1,0,-1,STABLE,2.6205845966732078e-16,1.8527961126018599e-16,1
B2_D2_Original,B2,2,Original,full-grid,63,0,62,92,0.99835710643318865,0.99810340796283137,-0.022505532178349646,1,0,-1,STABLE,6.7340245172710585e-16,1.8527961125559553e-16,1
B2_D2_Original,B2,2,Original,full-grid,64,0,63,93,0.99842156549269967,0.99816823671283528,-0.022489856791063703,1,0,-1,STABLE,4.8425287633046263e-16,1.8527961126018604e-16,1
B2_D2_Original,B2,2,Original,full-grid,65,0,64,94,0.99848663439989704,0.99823370443539217,-0.022472881533701413,1,0,-1,STABLE,3.2422312044699235e-16,1.8527961126018599e-16,1
B2_D2_Original,B2,2,Original,full-grid,66,0,65,95,0.9985522838206673,0.9982997830120286,-0.022454548795450207,1,0,-1,STABLE,3.617150023616689e-16,1.8527961126018604e-16,1
B2_D2_Original,B2,2,Original,full-grid,67,0,66,96,0.99861847960765948,0.99836643950305881,-0.022434800821465109,1,0,-1,STABLE,4.9601565507432521e-16,1.8527961125559556e-16,1
B2_D2_Original,B2,2,Original,full-grid,68,1,0,31,0.99543668093006143,0.99518613061754291,-0.022332737573790503,1,0,-1,STABLE,4.7645803814347809e-16,8.9162482658374501e-17,1
B2_D2_Original,B2,2,Original,full-grid,69,1,1,32,0.9954737451799327,0.99522293821320096,-0.022344587640965669,1,0,-1,STABLE,2.8757833553874184e-16,2.201593624383153e-16,1
B2_D2_Original,B2,2,Original,full-grid,70,1,2,33,0.99551096196869959,0.99525990376398066,-0.022356192868138853,1,0,-1,STABLE,2.2097248302832642e-16,2.2015936244214753e-16,1
B2_D2_Original,B2,2,Original,full-grid,71,1,3,34,0.99554833664251352,0.99529703254850488,-0.022367556679623962,1,0,-1,STABLE,3.3121104155586974e-16,2.2015936244214748e-16,1
B2_D2_Original,B2,2,Original,full-grid,72,1,4,35,0.99558587481747596,0.99533433012061701,-0.022378682253915098,1,0,-1,STABLE,3.3540699451626833e-16,2.2015936244214753e-16,1
B2_D2_Original,B2,2,Original,full-grid,73,1,5,36,0.99562358237763726,0.99537180230753863,-0.02238957251763167,1,0,-1,STABLE,4.2899078941895824e-16,2.201593624383153e-16,1
B2_D2_Original,B2,2,Original,full-grid,74,1,6,37,0.99566146547337075,0.99540945520841073,-0.022400230138892922,1,0,-1,STABLE,2.6427408198463476e-16,2.2015936244214748e-16,1
B2_D2_Original,B2,2,Original,full-grid,75,1,7,38,0.99569953052017568,0.99544729519326414,-0.022410657520757851,1,0,-1,STABLE,3.8988951607398008e-16,2.2015936244214753e-16,1
B2_D2_Original,B2,2,Original,full-grid,76,1,8,39,0.99573778419780823,0.99548532890233987,-0.022420856793648559,1,0,-1,STABLE,3.684960862229216e-16,2.2015936244214753e-16,1
B2_D2_Original,B2,2,Original,full-grid,77,1,9,40,0.99577623344982524,0.99552356324582325,-0.022430829807665649,1,0,-1,STABLE,2.9906184643389189e-16,2.2015936243831527e-16,1
B2_D2_Original,B2,2,Original,full-grid,78,1,10,41,0.99581488548338204,0.99556200540384809,-0.022440578124226625,1,0,-1,STABLE,2.8009641687672446e-16,2.2015936244214751e-16,1
B2_D2_Original,B2,2,Original,full-grid,79,1,11,42,0.9958537477693874,0.99560066282687021,-0.022450103007140808,1,0,-1,STABLE,2.6079633096266781e-16,2.2015936244214751e-16,1
B2_D2_Original,B2,2,Original,full-grid,80,1,12,43,0.99589282804289159,0.995639543236294,-0.022459405412706159,1,0,-1,STABLE,3.2685537010837351e-16,2.2015936244214751e-16,1
B2_D2_Original,B2,2,Original,full-grid,81,1,13,44,0.99606792213141027,0.99309881347838536,-0.07685084363238022,1,0,-1,STABLE,1.9906580568389279e-16,2.201593624383153e-16,1
B2_D2_Original,B2,2,Original,full-grid,82,1,14,45,0.99658163822571533,0.9936335856232712,-0.076598036333132363,1,0,-1,STABLE,2.1987556399965904e-16,2.2015936244214753e-16,1
B2_D2_Original,B2,2,Original,full-grid,83,1,15,46,0.99708655163337512,0.99416248691663034,-0.076305576833387373,1,0,-1,STABLE,3.2734201427642314e-16,2.2015936244214751e-16,1
B2_D2_Original,B2,2,Original,full-grid,84,1,16,47,0.99757874324138862,0.99468160829920316,-0.075972673234387209,1,0,-1,STABLE,3.6129589656215568e-16,2.2015936244214756e-16,1
B2_D2_Original,B2,2,Original,full-grid,85,1,17,48,0.99805405979979245,0.99518675012850355,-0.07559919742639451,1,0,-1,STABLE,3.0772999384769862e-16,2.201593624383153e-16,1
B2_D2_Original,B2,2,Original,full-grid,86,1,18,49,0.99850828883467679,0.99567359227762586,-0.075185773338593859,1,0,-1,STABLE,4.1400332782887051e-16,2.2015936244214753e-16,1
B2_D2_Original,B2,2,Original,full-grid,87,1,19,50,0.99893735622803181,0.99613789179591361,-0.074733808923689166,1,0,-1,STABLE,3.3134026853498928e-16,2.2015936244214748e-16,1
B2_D2_Original,B2,2,Original,full-grid,88,1,20,51,0.99933752312582302,0.99657568518473461,-0.074245463335021231,1,0,-1,STABLE,3.6418641888812571e-16,2.2015936244214753e-16,1
B2_D2_Original,B2,2,Original,full-grid,89,1,21,52,0.99970555768792035,0.99698347027083933,-0.073723551724197825,1,0,-1,STABLE,3.4073782985108203e-16,2.201593624383153e-16,1
B2_D2_Original,B2,2,Original,full-grid,90,1,22,53,1.0000388617107969,0.99735834635492182,-0.0731714007519495,0,0,1,UNSTABLE,3.2955661518258126e-16,2.2015936244214748e-16,1
B2_D2_Original,B2,2,Original,full-grid,91,1,23,54,1.0003355409301702,0.99769809960758193,-0.072592675164064729,0,0,1,UNSTABLE,3.5568771773988524e-16,2.2015936244214753e-16,1
B2_D2_Original,B2,2,Original,full-grid,92,1,24,55,1.000594418026739,0.99800123086541115,-0.071991197916085561,0,0,1,UNSTABLE,3.1649702492031041e-16,2.2015936244214753e-16,1
B2_D2_Original,B2,2,Original,full-grid,93,1,25,56,1.000814996095484,0.99826693206927608,-0.071370783564415036,0,0,1,UNSTABLE,4.7359174811262322e-16,2.2015936243831527e-16,1
B2_D2_Original,B2,2,Original,full-grid,94,1,26,57,1.0009973857331256,0.99849502355133202,-0.070735098697724305,0,0,1,UNSTABLE,5.0200935687559654e-16,2.2015936244214751e-16,1
B2_D2_Original,B2,2,Original,full-grid,95,1,27,58,1.0011422105577317,0.99868586663400938,-0.070087556284259625,0,0,1,UNSTABLE,3.7166196643647947e-16,2.2015936244214751e-16,1
B2_D2_Original,B2,2,Original,full-grid,96,1,28,59,1.0012505046646267,0.99884026517875868,-0.069431244759090127,0,0,1,UNSTABLE,2.3906610440630991e-16,2.2015936244214751e-16,1
B2_D2_Original,B2,2,Original,full-grid,97,1,29,60,1.0013236125148743,0.9989593670235386,-0.068768888429065173,0,0,1,UNSTABLE,3.4431882327647866e-16,2.201593624383153e-16,1
B2_D2_Original,B2,2,Original,full-grid,98,1,30,61,1.0013630982420028,0.9990445728755396,-0.068102833485498171,0,0,1,UNSTABLE,3.8631115313492845e-16,2.2015936244214753e-16,1
B2_D2_Original,B2,2,Original,full-grid,99,1,31,62,1.0013706681710115,0.99909745704226083,-0.067435053236027331,0,0,1,UNSTABLE,5.0323056642155673e-16,2.2015936244214751e-16,1
B2_D2_Original,B2,2,Original,full-grid,100,1,32,63,1.0013481078711743,0.99911970184087684,-0.066767166560953814,0,0,1,UNSTABLE,4.5725328181612158e-16,2.2015936244214756e-16,1
B2_D2_Original,B2,2,Original,full-grid,101,1,33,64,1.0012972333906771,0.9991130457466062,-0.066100464557853025,0,0,1,UNSTABLE,3.3335963109178357e-16,2.201593624383153e-16,1
B2_D2_Original,B2,2,Original,full-grid,102,1,34,65,1.00121985534535,0.99907924425424754,-0.065435941485736143,0,0,1,UNSTABLE,3.6187872860222595e-16,2.2015936244214753e-16,1
B2_D2_Original,B2,2,Original,full-grid,103,1,35,66,1.0011177540805716,0.99902004187503679,-0.064774327224044317,0,0,1,UNSTABLE,4.4318975821446151e-16,2.2015936244214748e-16,1
B2_D2_Original,B2,2,Original,full-grid,104,1,36,67,1.000992664020711,0.99893715350648393,-0.064116119405679406,0,0,1,UNSTABLE,3.149776642100987e-16,2.2015936244214753e-16,1
B2_D2_Original,B2,2,Original,full-grid,105,1,37,68,1.0008462654190009,0.99883225345142346,-0.063461614132581404,0,0,1,UNSTABLE,2.1679904852889941e-16,2.201593624383153e-16,1
B2_D2_Original,B2,2,Original,full-grid,106,1,38,69,1.0006801819177757,0.99870697051729218,-0.062810934742014185,0,0,1,UNSTABLE,3.009375191207675e-16,2.2015936244214748e-16,1
B2_D2_Original,B2,2,Original,full-grid,107,1,39,70,1.0004959825542827,0.99856288782394032,-0.062164058490197613,0,0,1,UNSTABLE,2.8233901913237089e-16,2.2015936244214753e-16,1
B2_D2_Original,B2,2,Original,full-grid,108,1,40,71,1.000295187059564,0.99840154614339838,-0.061520841289755775,0,0,1,UNSTABLE,2.8506662609570771e-16,2.2015936244214753e-16,1
B2_D2_Original,B2,2,Original,full-grid,109,1,41,72,1.0000792734734971,0.99822444976146829,-0.060881040806574693,0,0,1,UNSTABLE,4.04035309501367e-16,2.2015936243831527e-16,1
B2_D2_Original,B2,2,Original,full-grid,110,1,42,73,0.99984968722846901,0.99803307397701468,-0.060244338313718927,1,0,-1,STABLE,2.6503394977889798e-16,2.2015936244214751e-16,1
B2_D2_Original,B2,2,Original,full-grid,111,1,43,74,0.99960785093629478,0.99782887343788218,-0.059610359730208388,1,0,-1,STABLE,4.1474964227749271e-16,2.2015936244214751e-16,1
B2_D2_Original,B2,2,Original,full-grid,112,1,44,75,0.99935517415152419,0.99761329055518011,-0.058978696247791687,1,0,-1,STABLE,2.8424026865671119e-16,2.2015936244214751e-16,1
B2_D2_Original,B2,2,Original,full-grid,113,1,45,76,0.99909306239039264,0.99738776325088441,-0.058348924874506089,1,0,-1,STABLE,3.1115235505860054e-16,2.201593624383153e-16,1
B2_D2_Original,B2,2,Original,full-grid,114,1,46,77,0.99882292467164568,0.99715373129025942,-0.057720629098556554,1,0,-1,STABLE,3.0371652283074095e-16,2.2015936244214753e-16,1
B2_D2_Original,B2,2,Original,full-grid,115,1,47,78,0.9985461788342872,0.99691264045118833,-0.057093419701365222,1,0,-1,STABLE,3.2803375524808235e-16,2.2015936244214751e-16,1
B2_D2_Original,B2,2,Original,full-grid,116,1,48,79,0.99826425390218743,0.99666594381077722,-0.056466955528551979,1,0,-1,STABLE,2.593776006985969e-16,2.2015936244214756e-16,1
B2_D2_Original,B2,2,Original,full-grid,117,1,49,80,0.99797858883376056,0.99641509951187568,-0.055840963775379171,1,0,-1,STABLE,4.2279484181970172e-16,2.201593624383153e-16,1
B2_D2_Original,B2,2,Original,full-grid,118,1,50,81,0.9976906271429048,0.99616156453326343,-0.055215259081557701,1,0,-1,STABLE,3.3319699614736424e-16,2.2015936244214753e-16,1
B2_D2_Original,B2,2,Original,full-grid,119,1,51,82,0.99769827901089292,0.99744212276081501,-0.0226068061365787,1,0,-1,STABLE,3.1016803593025922e-16,2.2015936244214748e-16,1
B2_D2_Original,B2,2,Original,full-grid,120,1,52,83,0.99775517335005959,0.99749914302805887,-0.022601893838690951,1,0,-1,STABLE,2.9160320737464148e-16,2.2015936244214753e-16,1
B2_D2_Original,B2,2,Original,full-grid,121,1,53,84,0.99781275939968994,0.99755687222844514,-0.022596227353805402,1,0,-1,STABLE,3.7540813941401909e-16,2.201593624383153e-16,1
B2_D2_Original,B2,2,Original,full-grid,122,1,54,85,0.99787104234162449,0.99761531644186974,-0.0225897663677216,1,0,-1,STABLE,4.4431256395094718e-16,2.2015936244214748e-16,1
B2_D2_Original,B2,2,Original,full-grid,123,1,55,86,0.9979300255580813,0.99767447999105729,-0.022582468530390525,1,0,-1,STABLE,2.9532394624050218e-16,2.2015936244214753e-16,1
B2_D2_Original,B2,2,Original,full-grid,124,1,56,87,0.99798971039599571,0.99773436520521053,-0.022574289464765487,1,0,-1,STABLE,2.8502892587453748e-16,2.2015936244214753e-16,1
B2_D2_Original,B2,2,Original,full-grid,125,1,57,88,0.99805009591603833,0.99779497216781277,-0.022565182796666604,1,0,-1,STABLE,3.6798729117427619e-16,2.2015936243831527e-16,1
B2_D2_Original,B2,2,Original,full-grid,126,1,58,89,0.99811117862734766,0.9978562984495194,-0.022555100210309265,1,0,-1,STABLE,4.8491916351974141e-16,2.2015936244214751e-16,1
B2_D2_Original,B2,2,Original,full-grid,127,1,59,90,0.99817295220992608,0.99791833882799363,-0.02254399153338478,1,0,-1,STABLE,4.4754190764855663e-16,2.2015936244214751e-16,1
B2_D2_Original,B2,2,Original,full-grid,128,1,60,91,0.99823540722708426,0.99798108499700977,-0.022531804854783986,1,0,-1,STABLE,5.2816768017416154e-16,2.2015936244214751e-16,1
B2_D2_Original,B2,2,Original,full-grid,129,1,61,92,0.99829853083148801,0.9980445252682606,-0.022518486680056817,1,0,-1,STABLE,2.5543516595151046e-16,2.201593624383153e-16,1
B2_D2_Original,B2,2,Original,full-grid,130,1,62,93,0.99836230646872848,0.99810864426972956,-0.022503982127648408,1,0,-1,STABLE,3.7533031765230687e-16,2.2015936244214753e-16,1
B2_D2_Original,B2,2,Original,full-grid,131,1,63,94,0.99842671358393198,0.99817342264606779,-0.022488235169647642,1,0,-1,STABLE,3.1672453161222281e-16,2.2015936244214751e-16,1
B2_D2_Original,B2,2,Original,full-grid,132,1,64,95,0.99849172733725677,0.99823883676675296,-0.022471188920451482,1,0,-1,STABLE,2.2976923495510891e-16,2.2015936244214756e-16,1
B2_D2_Original,B2,2,Original,full-grid,133,1,65,96,0.99855731833561923,0.99830485844934858,-0.022452785975229067,1,0,-1,STABLE,4.4400126365986326e-16,2.201593624383153e-16,1
B2_D2_Original,B2,2,Original,full-grid,134,1,66,97,0.99862345238868366,0.99837145470587707,-0.022432968799609737,1,0,-1,STABLE,2.7473313857526677e-16,2.2015936244214753e-16,1
B2_D2_Original,B2,2,Original,full-grid,135,2,0,32,0.99544209525669358,0.99519150683197943,-0.022334496603467983,1,0,-1,STABLE,2.2298542929796535e-16,8.9162482713063627e-17,1
B2_D2_Original,B2,2,Original,full-grid,136,2,1,33,0.99547917658559903,0.9952283323178881,-0.022346309925741468,1,0,-1,STABLE,3.5067173911514554e-16,2.2015936244214753e-16,1
B2_D2_Original,B2,2,Original,full-grid,137,2,2,34,0.99551641003109648,0.99526531534502527,-0.022357878082896864,1,0,-1,STABLE,4.0093612855916791e-16,2.2015936244214748e-16,1
B2_D2_Original,B2,2,Original,full-grid,138,2,3,35,0.99555380094286616,0.99530246119563881,-0.022369204493942165,1,0,-1,STABLE,2.9325749448539873e-16,2.2015936244214748e-16,1
B2_D2_Original,B2,2,Original,full-grid,139,2,4,36,0.99559135494004203,0.99533977542671781,-0.022380292331422729,1,0,-1,STABLE,3.1996304520967348e-16,2.201593624383153e-16,1
B2_D2_Original,B2,2,Original,full-grid,140,2,5,37,0.99562907790915345,0.995377263868088,-0.022391144515407059,1,0,-1,STABLE,4.9950822827672145e-16,2.2015936244214748e-16,1
B2_D2_Original,B2,2,Original,full-grid,141,2,6,38,0.99566697600248943,0.99541493262094738,-0.022401763706835824,1,0,-1,STABLE,3.9378904555338815e-16,2.2015936244214751e-16,1
B2_D2_Original,B2,2,Original,full-grid,142,2,7,39,0.99570505563686695,0.99545278805680038,-0.022412152300906166,1,0,-1,STABLE,3.8092535602337743e-16,2.2015936244214753e-16,1
B2_D2_Original,B2,2,Original,full-grid,143,2,8,40,0.99574332349274775,0.99549083681676409,-0.022422312419594959,1,0,-1,STABLE,5.8887370413190035e-16,2.2015936243831527e-16,1
B2_D2_Original,B2,2,Original,full-grid,144,2,9,41,0.99578178651371918,0.99552908581123611,-0.02243224590402574,1,0,-1,STABLE,2.7912473490435991e-16,2.2015936244214751e-16,1
B2_D2_Original,B2,2,Original,full-grid,145,2,10,42,0.99582045190629742,0.9955675422199084,-0.022441954306014956,1,0,-1,STABLE,2.2572805036443276e-16,2.2015936244214748e-16,1
B2_D2_Original,B2,2,Original,full-grid,146,2,11,43,0.99585932714000258,0.99560621349206269,-0.022451438878964433,1,0,-1,STABLE,6.2425988476284754e-16,2.2015936244214751e-16,1
B2_D2_Original,B2,2,Original,full-grid,147,2,12,44,0.99594182394423036,0.99296671785215784,-0.076923428936011881,1,0,-1,STABLE,6.1336482603612875e-16,2.2015936243831527e-16,1
B2_D2_Original,B2,2,Original,full-grid,148,2,13,45,0.99643822164600915,0.99348247414428059,-0.076692262485990315,1,0,-1,STABLE,1.8874965309903883e-16,2.2015936244214753e-16,1
B2_D2_Original,B2,2,Original,full-grid,149,2,14,46,0.99692793577075711,0.99399420646131664,-0.076425301055868616,1,0,-1,STABLE,2.1202391460300304e-16,2.2015936244214748e-16,1
B2_D2_Original,B2,2,Original,full-grid,150,2,15,47,0.9974078285255078,0.99449881732277312,-0.076121473629813752,1,0,-1,STABLE,2.1937582275589126e-16,2.2015936244214756e-16,1
B2_D2_Original,B2,2,Original,full-grid,151,2,16,48,0.99787445091721505,0.99499285764125134,-0.075780162550827923,1,0,-1,STABLE,2.7341376213283628e-16,2.2015936243831527e-16,1
B2_D2_Original,B2,2,Original,full-grid,152,2,17,49,0.99832415246859296,0.99547262941463988,-0.075401309593650531,1,0,-1,STABLE,4.4204209073691851e-16,2.2015936244214753e-16,1
B2_D2_Original,B2,2,Original,full-grid,153,2,18,50,0.99875322335051497,0.99593432373709812,-0.07498549163253225,1,0,-1,STABLE,2.9898273270930282e-16,2.2015936244214748e-16,1
B2_D2_Original,B2,2,Original,full-grid,154,2,19,51,0.99915805642080469,0.99637418253136456,-0.074533952636062689,1,0,-1,STABLE,3.1079485266877628e-16,2.2015936244214751e-16,1
B2_D2_Original,B2,2,Original,full-grid,155,2,20,52,0.99953531168967058,0.99678866690765355,-0.074048584314825056,1,0,-1,STABLE,3.5090399545666262e-16,2.201593624383153e-16,1
B2_D2_Original,B2,2,Original,full-grid,156,2,21,53,0.99988206413102332,0.99717461277793018,-0.073531855696021262,1,0,-1,STABLE,3.4170559058741047e-16,2.2015936244214748e-16,1
B2_D2_Original,B2,2,Original,full-grid,157,2,22,54,1.0001959182653117,0.9975293562188936,-0.072986700131668719,0,0,1,UNSTABLE,3.4338242145490098e-16,2.2015936244214751e-16,1
B2_D2_Original,B2,2,Original,full-grid,158,2,23,55,1.0004750788937062,0.99785081660166064,-0.072416374493389696,0,0,1,UNSTABLE,5.4640574103165485e-16,2.2015936244214753e-16,1
B2_D2_Original,B2,2,Original,full-grid,159,2,24,56,1.0007183749749344,0.99813753300181796,-0.071824308040651333,0,0,1,UNSTABLE,1.7161110554694415e-16,2.2015936243831527e-16,1
B2_D2_Original,B2,2,Original,full-grid,160,2,25,57,1.0009252407758302,0.99838865673170607,-0.071213957421377178,0,0,1,UNSTABLE,2.7117604146006116e-16,2.2015936244214751e-16,1
B2_D2_Original,B2,2,Original,full-grid,161,2,26,58,1.0010956634723434,0.99860390827432965,-0.070588680412411578,0,0,1,UNSTABLE,2.6829903729404618e-16,2.2015936244214748e-16,1
B2_D2_Original,B2,2,Original,full-grid,162,2,27,59,1.0012301086783291,0.99878350965815454,-0.069951635856192518,0,0,1,UNSTABLE,5.1345205109464017e-16,2.2015936244214751e-16,1
B2_D2_Original,B2,2,Original,full-grid,163,2,28,60,1.0013294352020017,0.99892810354424877,-0.06930571225700162,0,0,1,UNSTABLE,5.3862857983627537e-16,2.2015936243831527e-16,1
B2_D2_Original,B2,2,Original,full-grid,164,2,29,61,1.0013948084824114,0.99903866874301239,-0.068653483609464952,0,0,1,UNSTABLE,3.0856918445028248e-16,2.2015936244214753e-16,1
B2_D2_Original,B2,2,Original,full-grid,165,2,30,62,1.0014276195560452,0.99911643943656436,-0.067997188598421993,0,0,1,UNSTABLE,3.1989925204390317e-16,2.2015936244214748e-16,1
B2_D2_Original,B2,2,Original,full-grid,166,2,31,63,1.0014294137774495,0.99916283280532658,-0.067338728225898287,0,0,1,UNSTABLE,2.3524952279931746e-16,2.2015936244214756e-16,1
B2_D2_Original,B2,2,Original,full-grid,167,2,32,64,1.0014018313043009,0.99917938751512958,-0.066679676847581623,0,0,1,UNSTABLE,2.5630671320847398e-16,2.2015936243831527e-16,1
B2_D2_Original,B2,2,Original,full-grid,168,2,33,65,1.0013465597290345,0.99916771382177316,-0.066021302148200664,0,0,1,UNSTABLE,2.67387789976583e-16,2.2015936244214753e-16,1
B2_D2_Original,B2,2,Original,full-grid,169,2,34,66,1.0012652981850354,0.99912945490979332,-0.065364590423462529,0,0,1,UNSTABLE,3.4174466195087792e-16,2.2015936244214748e-16,1
B2_D2_Original,B2,2,Original,full-grid,170,2,35,67,1.0011597316734482,0.99906625841684482,-0.064710274434722159,0,0,1,UNSTABLE,1.8935742013172109e-16,2.2015936244214751e-16,1
B2_D2_Original,B2,2,Original,full-grid,171,2,36,68,1.0010315141160848,0.99897975678283091,-0.064058861929144187,0,0,1,UNSTABLE,3.2225228028622397e-16,2.201593624383153e-16,1
B2_D2_Original,B2,2,Original,full-grid,172,2,37,69,1.0008822586183197,0.99887155498466629,-0.063410663609708373,0,0,1,UNSTABLE,3.4102739048368032e-16,2.2015936244214748e-16,1
B2_D2_Original,B2,2,Original,full-grid,173,2,38,70,1.000713533527215,0.99874322427686624,-0.062765819882909565,0,0,1,UNSTABLE,3.646496159846651e-16,2.2015936244214751e-16,1
B2_D2_Original,B2,2,Original,full-grid,174,2,39,71,1.0005268630240058,0.99859630068277805,-0.062124326115690506,0,0,1,UNSTABLE,2.8287084865475101e-16,2.2015936244214753e-16,1
B2_D2_Original,B2,2,Original,full-grid,175,2,40,72,1.0003237311513073,0.99843228712339194,-0.06148605641952936,0,0,1,UNSTABLE,2.5603040808034866e-16,2.2015936243831527e-16,1
B2_D2_Original,B2,2,Original,full-grid,176,2,41,73,1.0001055883161931,0.99825265820023401,-0.060850786169494964,0,0,1,UNSTABLE,2.7712222612099141e-16,2.2015936244214751e-16,1
B2_D2_Original,B2,2,Original,full-grid,177,2,42,74,0.99987385941647733,0.99805886674985489,-0.060218213576931703,1,0,-1,STABLE,2.4375771976492153e-16,2.2015936244214748e-16,1
B2_D2_Original,B2,2,Original,full-grid,178,2,43,75,0.99962995280400657,0.9978523513532831,-0.059587980681212238,1,0,-1,STABLE,4.3735547578042561e-16,2.2015936244214751e-16,1
B2_D2_Original,B2,2,Original,full-grid,179,2,44,76,0.99937526932771348,0.99763454401591511,-0.058959694113833123,1,0,-1,STABLE,3.5229659302857861e-16,2.2015936243831527e-16,1
B2_D2_Original,B2,2,Original,full-grid,180,2,45,77,0.99911121069911901,0.99740687723961874,-0.05833294592056406,1,0,-1,STABLE,2.3418186814555387e-16,2.2015936244214753e-16,1
B2_D2_Original,B2,2,Original,full-grid,181,2,46,78,0.9988391864074363,0.99717078970244288,-0.057707334605540658,1,0,-1,STABLE,5.9144197461372473e-16,2.2015936244214748e-16,1
B2_D2_Original,B2,2,Original,full-grid,182,2,47,79,0.99856061840153032,0.99692772976306332,-0.057082486385152453,1,0,-1,STABLE,2.3112925805523261e-16,2.2015936244214756e-16,1
B2_D2_Original,B2,2,Original,full-grid,183,2,48,80,0.99827694277556966,0.99667915604008006,-0.056458076415797087,1,0,-1,STABLE,2.6662288470975298e-16,2.2015936243831527e-16,1
B2_D2_Original,B2,2,Original,full-grid,184,2,49,81,0.99798960777376333,0.99642653440894358,-0.055833849502003353,1,0,-1,STABLE,3.5951644513421908e-16,2.2015936244214753e-16,1
B2_D2_Original,B2,2,Original,full-grid,185,2,50,82,0.99770006759245711,0.99617133093524601,-0.055209639526932933,1,0,-1,STABLE,3.0983471633480175e-16,2.2015936244214748e-16,1
B2_D2_Original,B2,2,Original,full-grid,186,2,51,83,0.99770386885680662,0.99744773147966337,-0.02260603675820284,1,0,-1,STABLE,4.5618920614540599e-16,2.2015936244214751e-16,1
B2_D2_Original,B2,2,Original,full-grid,187,2,52,84,0.99776074019461691,0.99750473029007702,-0.022601055785748093,1,0,-1,STABLE,3.8774041453910322e-16,2.201593624383153e-16,1
B2_D2_Original,B2,2,Original,full-grid,188,2,53,85,0.99781830114030778,0.99756243594514982,-0.022595319907203475,1,0,-1,STABLE,3.4756356040800278e-16,2.2015936244214748e-16,1
B2_D2_Original,B2,2,Original,full-grid,189,2,54,86,0.99787655676875553,0.99762085441631654,-0.022588788863635915,1,0,-1,STABLE,3.3482746919437967e-16,2.2015936244214751e-16,1
B2_D2_Original,B2,2,Original,full-grid,190,2,55,87,0.99793551035314609,0.99767998991552265,-0.022581420370664178,1,0,-1,STABLE,3.5002341441866971e-16,2.2015936244214753e-16,1
B2_D2_Original,B2,2,Original,full-grid,191,2,56,88,0.99799516313013625,0.99773984465968191,-0.022573170127849946,1,0,-1,STABLE,4.3624208394700828e-16,2.2015936243831527e-16,1
B2_D2_Original,B2,2,Original,full-grid,192,2,57,89,0.99805551404973281,0.99780041861931712,-0.022563991849672858,1,0,-1,STABLE,3.2612560422956806e-16,2.2015936244214751e-16,1
B2_D2_Original,B2,2,Original,full-grid,193,2,58,90,0.99811655951117995,0.99786170925258477,-0.022553837321949051,1,0,-1,STABLE,4.3693037157420602e-16,2.2015936244214748e-16,1
B2_D2_Original,B2,2,Original,full-grid,194,2,59,91,0.99817829308656547,0.99792371122631307,-0.022542656487456018,1,0,-1,STABLE,3.6670990938067567e-16,2.2015936244214751e-16,1
B2_D2_Original,B2,2,Original,full-grid,195,2,60,92,0.99824070523479025,0.99798641612660854,-0.02253039756460486,1,0,-1,STABLE,3.0836677241716882e-16,2.2015936243831527e-16,1
B2_D2_Original,B2,2,Original,full-grid,196,2,61,93,0.99830378300922284,0.99804981216226207,-0.022517007203424883,1,0,-1,STABLE,2.6323239337324901e-16,2.2015936244214753e-16,1
B2_D2_Original,B2,2,Original,full-grid,197,2,62,94,0.99836750976316779,0.99811388386501654,-0.02250243068206919,1,0,-1,STABLE,2.5786115257351992e-16,2.2015936244214748e-16,1
B2_D2_Original,B2,2,Original,full-grid,198,2,63,95,0.99843186485849433,0.99817861179195488,-0.02248661214804731,1,0,-1,STABLE,3.4240254055370032e-16,2.2015936244214756e-16,1
B2_D2_Original,B2,2,Original,full-grid,199,2,64,96,0.99849682338333867,0.99824397223587724,-0.022469494906547389,1,0,-1,STABLE,3.3963996694697605e-16,2.2015936243831527e-16,1
B2_D2_Original,B2,2,Original,full-grid,200,2,65,97,0.99856235588615894,0.99830993695089842,-0.022451021758688832,1,0,-1,STABLE,2.8463584708517605e-16,2.2015936244214753e-16,1
B2_D2_Original,B2,2,Original,full-grid,201,2,66,98,0.9986284281341713,0.99837647290128828,-0.02243113539054075,1,0,-1,STABLE,3.9069106130446656e-16,2.2015936244214748e-16,1
B2_D2_Original,B2,2,Original,full-grid,202,3,0,33,0.99544751523297947,0.99519688863370126,-0.022336258355264871,1,0,-1,STABLE,2.6536760755673379e-16,8.9162482713522571e-17,1
B2_D2_Original,B2,2,Original,full-grid,203,3,1,34,0.99548461367181462,0.99523373204206877,-0.022348034878658642,1,0,-1,STABLE,3.6904548607265127e-16,2.2015936244214475e-16,1
B2_D2_Original,B2,2,Original,full-grid,204,3,2,35,0.99552186380420682,0.99527073257705712,-0.022359565911033063,1,0,-1,STABLE,3.3899758315228096e-16,2.2015936244214485e-16,1
B2_D2_Original,B2,2,Original,full-grid,205,3,3,36,0.99555927098335528,0.99530789552452981,-0.022370854866129167,1,0,-1,STABLE,4.121206142690237e-16,2.201593624383153e-16,1
B2_D2_Original,B2,2,Original,full-grid,206,3,4,37,0.9955968408314122,0.99534522644460299,-0.022381904910669281,1,0,-1,STABLE,3.9071639101725431e-16,2.2015936244214753e-16,1
B2_D2_Original,B2,2,Original,full-grid,207,3,5,38,0.99563457923735921,0.99538273116968501,-0.022392718957990856,1,0,-1,STABLE,5.2886207391882107e-16,2.2015936244214753e-16,1
B2_D2_Original,B2,2,Original,full-grid,208,3,6,39,0.99567249235539579,0.99542041580302398,-0.022403299661895519,1,0,-1,STABLE,4.7847636499013559e-16,2.2015936244214753e-16,1
B2_D2_Original,B2,2,Original,full-grid,209,3,7,40,0.99571058660364831,0.99545828671758896,-0.022413649409762152,1,0,-1,STABLE,2.6212885825634824e-16,2.201593624383153e-16,1
B2_D2_Original,B2,2,Original,full-grid,210,3,8,41,0.99574886866325019,0.99549635055533869,-0.022423770315106339,1,0,-1,STABLE,2.431774696488398e-16,2.2015936244214751e-16,1
B2_D2_Original,B2,2,Original,full-grid,211,3,9,42,0.99578734547780912,0.99553461422687539,-0.022433664210021388,1,0,-1,STABLE,2.7936720056275952e-16,2.2015936244214748e-16,1
B2_D2_Original,B2,2,Original,full-grid,212,3,10,43,0.99582602425316213,0.9955730849114115,-0.022443332636548203,1,0,-1,STABLE,3.1494882501896972e-16,2.2015936244214753e-16,1
B2_D2_Original,B2,2,Original,full-grid,213,3,11,44,0.99586491245743824,0.99561177005704649,-0.022452776837977435,1,0,-1,STABLE,5.2215132935410758e-16,2.2015936243831527e-16,1
B2_D2_Original,B2,2,Original,full-grid,214,3,12,45,0.99633206445745248,0.99336931637793568,-0.076778798798119288,1,0,-1,STABLE,3.4349434725225857e-16,2.2015936244214753e-16,1
B2_D2_Original,B2,2,Original,full-grid,215,3,13,46,0.99680597140946647,0.99386366534726411,-0.076532080463497659,1,0,-1,STABLE,3.4397174337624276e-16,2.2015936244214743e-16,1
B2_D2_Original,B2,2,Original,full-grid,216,3,14,47,0.99727198390817218,0.99435257375808916,-0.07625200947388272,1,0,-1,STABLE,4.0666346301366678e-16,2.2015936244214756e-16,1
B2_D2_Original,B2,2,Original,full-grid,217,3,15,48,0.99772733896988275,0.99483330540525428,-0.075937720431807715,1,0,-1,STABLE,3.4408265914863373e-16,2.201593624383153e-16,1
B2_D2_Original,B2,2,Original,full-grid,218,3,16,49,0.99816900759661931,0.99530282406098425,-0.075588730262184434,1,0,-1,STABLE,5.3487085168324793e-16,2.2015936244214753e-16,1
B2_D2_Original,B2,2,Original,full-grid,219,3,17,50,0.998593784055126,0.99575787691648743,-0.075205027174417544,1,0,-1,STABLE,3.7193643915384599e-16,2.2015936244214748e-16,1
B2_D2_Original,B2,2,Original,full-grid,220,3,18,51,0.99899840176338284,0.99619510688298418,-0.074787136248108399,1,0,-1,STABLE,6.0009313426408742e-16,2.2015936244214753e-16,1
B2_D2_Original,B2,2,Original,full-grid,221,3,19,52,0.99937966668804157,0.99661118538858373,-0.074336151015929261,1,0,-1,STABLE,2.7555579490073389e-16,2.201593624383153e-16,1
B2_D2_Original,B2,2,Original,full-grid,222,3,20,53,0.99973459514064344,0.99700295292269159,-0.073853724242312235,1,0,-1,STABLE,3.7056036936845475e-16,2.2015936244214753e-16,1
B2_D2_Original,B2,2,Original,full-grid,223,3,21,54,1.0000605411004517,0.99736755232505037,-0.073342016847551234,0,0,1,UNSTABLE,4.0379298797715243e-16,2.2015936244214753e-16,1
B2_D2_Original,B2,2,Original,full-grid,224,3,22,55,1.0003552993935969,0.99770254051967955,-0.072803610249972825,0,0,1,UNSTABLE,2.9740952178730664e-16,2.2015936244214753e-16,1
B2_D2_Original,B2,2,Original,full-grid,225,3,23,56,1.0006171749987374,0.9980059679626414,-0.072241392659647324,0,0,1,UNSTABLE,2.9478382032363771e-16,2.2015936243831527e-16,1
B2_D2_Original,B2,2,Original,full-grid,226,3,24,57,1.0008450143329446,0.998276420501088,-0.071658432767171459,0,0,1,UNSTABLE,3.3949750166077215e-16,2.2015936244214751e-16,1
B2_D2_Original,B2,2,Original,full-grid,227,3,25,58,1.0010382000869709,0.99851302413468279,-0.071057854363700212,0,0,1,UNSTABLE,2.9157728283993268e-16,2.2015936244214748e-16,1
B2_D2_Original,B2,2,Original,full-grid,228,3,26,59,1.0011966156922045,0.99871541794087126,-0.0704427231210909,0,0,1,UNSTABLE,3.6405476089583671e-16,2.2015936244214753e-16,1
B2_D2_Original,B2,2,Original,full-grid,229,3,27,60,1.0013205880753637,0.99888370334253729,-0.069815953050075097,0,0,1,UNSTABLE,4.0084660539078401e-16,2.2015936243831527e-16,1
B2_D2_Original,B2,2,Original,full-grid,230,3,28,61,1.0014108179445578,0.99901837882081268,-0.069180236156169611,0,0,1,UNSTABLE,5.2441987850405484e-16,2.2015936244214753e-16,1
B2_D2_Original,B2,2,Original,full-grid,231,3,29,62,1.0014683059067722,0.99912026849840319,-0.068537995385471145,0,0,1,UNSTABLE,3.4326205101523628e-16,2.2015936244214743e-16,1
B2_D2_Original,B2,2,Original,full-grid,232,3,30,63,1.0014942809000038,0.99919045137086049,-0.067891358542247093,0,0,1,UNSTABLE,4.5804388144108897e-16,2.2015936244214756e-16,1
B2_D2_Original,B2,2,Original,full-grid,233,3,31,64,1.0014901353443451,0.99923019596000739,-0.067242149532563106,0,0,1,UNSTABLE,2.8056110448908128e-16,2.201593624383153e-16,1
B2_D2_Original,B2,2,Original,full-grid,234,3,32,65,1.0014573695039046,0.99924090325534065,-0.066591892863401544,0,0,1,UNSTABLE,2.9602397833148646e-16,2.2015936244214753e-16,1
B2_D2_Original,B2,2,Original,full-grid,235,3,33,66,1.0013975460284434,0.99922405924494262,-0.065941827528874924,0,0,1,UNSTABLE,4.3622307565429135e-16,2.2015936244214748e-16,1
B2_D2_Original,B2,2,Original,full-grid,236,3,34,67,1.0013122545697553,0.99918119720058618,-0.065292926970457507,0,0,1,UNSTABLE,3.0625704485814512e-16,2.2015936244214753e-16,1
B2_D2_Original,B2,2,Original,full-grid,237,3,35,68,1.00120308570115,0.9991138691471031,-0.064645922496394684,0,0,1,UNSTABLE,3.1091065756574997e-16,2.201593624383153e-16,1
B2_D2_Original,B2,2,Original,full-grid,238,3,36,69,1.0010716130211472,0.99902362553636403,-0.064001328243560598,0,0,1,UNSTABLE,2.5861638815456612e-16,2.2015936244214753e-16,1
B2_D2_Original,B2,2,Original,full-grid,239,3,37,70,1.0009193821982452,0.99891200196971641,-0.06335946638798394,0,0,1,UNSTABLE,3.1057848875830275e-16,2.2015936244214753e-16,1
B2_D2_Original,B2,2,Original,full-grid,240,3,38,71,1.000747905727015,0.99878051178550642,-0.062720491822756394,0,0,1,UNSTABLE,1.9941951326105714e-16,2.2015936244214753e-16,1
B2_D2_Original,B2,2,Original,full-grid,241,3,39,72,1.0005586622513631,0.99863064338417551,-0.062084415921749195,0,0,1,UNSTABLE,4.12509847362979e-16,2.2015936243831527e-16,1
B2_D2_Original,B2,2,Original,full-grid,242,3,40,73,1.0003530994204324,0.99846386125266684,-0.061451129301913716,0,0,1,UNSTABLE,5.2606247462266274e-16,2.2015936244214751e-16,1
B2_D2_Original,B2,2,Original,full-grid,243,3,41,74,1.0001326393472121,0.99828160974166535,-0.060820423701333282,0,0,1,UNSTABLE,2.3901719427181492e-16,2.2015936244214748e-16,1
B2_D2_Original,B2,2,Original,full-grid,244,3,42,75,0.99989868582015551,0.99808531872267359,-0.060192013217146262,1,0,-1,STABLE,2.8740009700125169e-16,2.2015936244214753e-16,1
B2_D2_Original,B2,2,Original,full-grid,245,3,43,76,0.9996526324672389,0.99787641029912344,-0.059565555207823626,1,0,-1,STABLE,2.2936773042302758e-16,2.2015936243831527e-16,1
B2_D2_Original,B2,2,Original,full-grid,246,3,44,77,0.99939587108894468,0.99765630576494835,-0.058940671162334292,1,0,-1,STABLE,3.6994535834967954e-16,2.2015936244214753e-16,1
B2_D2_Original,B2,2,Original,full-grid,247,3,45,78,0.99912979936910296,0.99742643200211911,-0.058316967778392306,1,0,-1,STABLE,2.5320915137170184e-16,2.2015936244214743e-16,1
B2_D2_Original,B2,2,Original,full-grid,248,3,46,79,0.99885582715362142,0.99718822649858785,-0.057694058371257462,1,0,-1,STABLE,3.174609949880498e-16,2.2015936244214756e-16,1
B2_D2_Original,B2,2,Original,full-grid,249,3,47,80,0.99857538047740602,0.99694314016983321,-0.057071584557540793,1,0,-1,STABLE,3.1956467346320257e-16,2.201593624383153e-16,1
B2_D2_Original,B2,2,Original,full-grid,250,3,48,81,0.99828990254468253,0.99669263720556733,-0.056449237930046747,1,0,-1,STABLE,2.9576238140203205e-16,2.2015936244214753e-16,1
B2_D2_Original,B2,2,Original,full-grid,251,3,49,82,0.9980008509567273,0.99643819126612998,-0.055826781177454828,1,0,-1,STABLE,2.6993168806024524e-16,2.2015936244214748e-16,1
B2_D2_Original,B2,2,Original,full-grid,252,3,50,83,0.99770969065963044,0.99618127754474961,-0.055204067834226024,1,0,-1,STABLE,2.0152306647481501e-16,2.2015936244214753e-16,1
B2_D2_Original,B2,2,Original,full-grid,253,3,51,84,0.99770946421807383,0.99745334573651823,-0.022605266407225447,1,0,-1,STABLE,3.9936515547002532e-16,2.201593624383153e-16,1
B2_D2_Original,B2,2,Original,full-grid,254,3,52,85,0.99776631248931347,0.99751032302641307,-0.02260021668620624,1,0,-1,STABLE,2.2815139120729118e-16,2.2015936244214753e-16,1
B2_D2_Original,B2,2,Original,full-grid,255,3,53,86,0.9978238482625198,0.99756800506908572,-0.022594411342379762,1,0,-1,STABLE,3.780823504066501e-16,2.2015936244214753e-16,1
B2_D2_Original,B2,2,Original,full-grid,256,3,54,87,0.99788207650569982,0.99762639772759765,-0.022587810172397596,1,0,-1,STABLE,3.722753328262114e-16,2.2015936244214753e-16,1
B2_D2_Original,B2,2,Original,full-grid,257,3,55,88,0.99794100038313849,0.99768550510324061,-0.022580370957776853,1,0,-1,STABLE,2.6588832378404933e-16,2.2015936243831527e-16,1
B2_D2_Original,B2,2,Original,full-grid,258,3,56,89,0.99800062102134934,0.99774532930076765,-0.022572049474997982,1,0,-1,STABLE,4.6045569325072883e-16,2.2015936244214751e-16,1
B2_D2_Original,B2,2,Original,full-grid,259,3,57,90,0.99806093725991729,0.99780587017797351,-0.02256279952758122,1,0,-1,STABLE,6.5389667302073906e-16,2.2015936244214748e-16,1
B2_D2_Original,B2,2,Original,full-grid,260,3,58,91,0.99812194538838006,0.99786712508070052,-0.022552573003140741,1,0,-1,STABLE,2.1617752078357371e-16,2.2015936244214753e-16,1
B2_D2_Original,B2,2,Original,full-grid,261,3,59,92,0.9981836388712233,0.99792908856524609,-0.02254131995988411,1,0,-1,STABLE,4.5278740795203404e-16,2.2015936243831527e-16,1
B2_D2_Original,B2,2,Original,full-grid,262,3,60,93,0.99824600806323194,0.99799175211033786,-0.022528988745967232,1,0,-1,STABLE,4.9305443596349024e-16,2.2015936244214753e-16,1
B2_D2_Original,B2,2,Original,full-grid,263,3,61,94,0.99830903991886233,0.9980551038222456,-0.022515526156127456,1,0,-1,STABLE,5.9787371359759554e-16,2.2015936244214743e-16,1
B2_D2_Original,B2,2,Original,full-grid,264,3,62,95,0.99837271769954039,0.99811912813687442,-0.022500877628481158,1,0,-1,STABLE,5.6308102795570314e-16,2.2015936244214756e-16,1
B2_D2_Original,B2,2,Original,full-grid,265,3,63,96,0.99843702068430118,0.99818380552416142,-0.022484987486025378,1,0,-1,STABLE,2.8465699989509326e-16,2.201593624383153e-16,1
B2_D2_Original,B2,2,Original,full-grid,266,3,64,97,0.99850192388973613,0.99824911220070423,-0.022467799224901781,1,0,-1,STABLE,4.1316642790284328e-16,2.2015936244214753e-16,1
B2_D2_Original,B2,2,Original,full-grid,267,3,65,98,0.99856739780635773,0.99831501985768067,-0.022449255852238153,1,0,-1,STABLE,2.77617108069279e-16,2.2015936244214748e-16,1
B2_D2_Original,B2,2,Original,full-grid,268,3,66,99,0.99863340815945068,0.99838149541212773,-0.022429300274502562,1,0,-1,STABLE,3.3630808457716527e-16,2.2015936244214753e-16,1
B2_D2_Original,B2,2,Original,full-grid,269,4,0,34,0.99545294202369405,0.99520227716570608,-0.022338023811901562,1,0,-1,STABLE,2.3524759153609112e-16,8.9162482713056872e-17,1
B2_D2_Original,B2,2,Original,full-grid,270,4,1,35,0.9954900576149649,0.99523913854059232,-0.022349763471362718,1,0,-1,STABLE,3.4866525577525771e-16,2.2015936244214477e-16,1
B2_D2_Original,B2,2,Original,full-grid,271,4,2,36,0.99552732447586889,0.99527615662662261,-0.022361257313054248,1,0,-1,STABLE,3.8537712600304181e-16,2.201593624383153e-16,1
B2_D2_Original,B2,2,Original,full-grid,272,4,3,37,0.99556474796312788,0.99531333671328048,-0.02237250874538161,1,0,-1,STABLE,3.9434066945958511e-16,2.2015936244214751e-16,1
B2_D2_Original,B2,2,Original,full-grid,273,4,4,38,0.99560233370186979,0.9953506843637705,-0.022383520929088473,1,0,-1,STABLE,3.4626548962873157e-16,2.2015936244214751e-16,1
B2_D2_Original,B2,2,Original,full-grid,274,4,5,39,0.99564008758355171,0.99538820541310136,-0.022394296771011901,1,0,-1,STABLE,5.3058948720194074e-16,2.2015936244214753e-16,1
B2_D2_Original,B2,2,Original,full-grid,275,4,6,40,0.99567801576425907,0.99542590596654867,-0.022404838917695041,1,0,-1,STABLE,2.8862663026860564e-16,2.201593624383153e-16,1
B2_D2_Original,B2,2,Original,full-grid,276,4,7,41,0.99571612466338588,0.99546379239850691,-0.022415149748637578,1,0,-1,STABLE,3.4064209632802013e-16,2.2015936244214751e-16,1
B2_D2_Original,B2,2,Original,full-grid,277,4,8,42,0.99575442096273725,0.99550187135177515,-0.02242523136892512,1,0,-1,STABLE,2.9329645709286682e-16,2.2015936244214748e-16,1
B2_D2_Original,B2,2,Original,full-grid,278,4,9,43,0.99579291160590833,0.99554014973712945,-0.022435085601492166,1,0,-1,STABLE,4.4821273507871948e-16,2.2015936244214748e-16,1
B2_D2_Original,B2,2,Original,full-grid,279,4,10,44,0.99583160379803903,0.99557863473327946,-0.022444713978880242,1,0,-1,STABLE,5.1997465045739969e-16,2.201593624383153e-16,1
B2_D2_Original,B2,2,Original,full-grid,280,4,11,45,0.99626912008933666,0.9854390099033038,-0.1464995474545141,1,0,-1,STABLE,3.0761962013968437e-16,2.2015936244214753e-16,1
B2_D2_Original,B2,2,Original,full-grid,281,4,12,46,0.99672766182394201,0.98611860177544064,-0.14503839173637012,1,0,-1,STABLE,3.9727277869727026e-16,2.2015936244214748e-16,1
B2_D2_Original,B2,2,Original,full-grid,282,4,13,47,0.9971724548909322,0.99424372829967522,-0.076369585110630508,1,0,-1,STABLE,4.9118451165522395e-16,2.2015936244214756e-16,1
B2_D2_Original,B2,2,Original,full-grid,283,4,14,48,0.9976149567932725,0.99470992539326808,-0.076077370760047988,1,0,-1,STABLE,2.9616639957968549e-16,2.2015936243831535e-16,1
B2_D2_Original,B2,2,Original,full-grid,284,4,15,49,0.99804613083280236,0.99516706725384441,-0.075753465423765168,1,0,-1,STABLE,3.9964220327527496e-16,2.2015936244214753e-16,1
B2_D2_Original,B2,2,Original,full-grid,285,4,16,50,0.99846332426659479,0.9956124893178061,-0.075397486827485108,1,0,-1,STABLE,2.3511835307662262e-16,2.2015936244214748e-16,1
B2_D2_Original,B2,2,Original,full-grid,286,4,17,51,0.99886372612878804,0.99604333534416134,-0.075009449353830068,1,0,-1,STABLE,3.0343819816211678e-16,2.2015936244214753e-16,1
B2_D2_Original,B2,2,Original,full-grid,287,4,18,52,0.99924446201673844,0.99645664903395392,-0.074589821471461953,1,0,-1,STABLE,3.7254889979872935e-16,2.201593624383153e-16,1
B2_D2_Original,B2,2,Original,full-grid,288,4,19,53,0.99960270430161302,0.99684948341727209,-0.074139556633526588,1,0,-1,STABLE,3.5158120312811577e-16,2.2015936244214753e-16,1
B2_D2_Original,B2,2,Original,full-grid,289,4,20,54,0.99993578792929216,0.99721901850899664,-0.073660091676073666,1,0,-1,STABLE,3.133032068875062e-16,2.2015936244214751e-16,1
B2_D2_Original,B2,2,Original,full-grid,290,4,21,55,1.0002413202266578,0.99756267562216172,-0.073153310891037854,0,0,1,UNSTABLE,4.2158609052543168e-16,2.2015936244214753e-16,1
B2_D2_Original,B2,2,Original,full-grid,291,4,22,56,1.0005172734996575,0.99787821671324917,-0.072621478781238577,0,0,1,UNSTABLE,4.0570092592912673e-16,2.2015936243831527e-16,1
B2_D2_Original,B2,2,Original,full-grid,292,4,23,57,1.000762051721015,0.99816381933028819,-0.07206714886012347,0,0,1,UNSTABLE,4.0265853467739991e-16,2.2015936244214751e-16,1
B2_D2_Original,B2,2,Original,full-grid,293,4,24,58,1.0009745266268553,0.99841812158734444,-0.071493058697021772,0,0,1,UNSTABLE,5.0446722912096854e-16,2.2015936244214748e-16,1
B2_D2_Original,B2,2,Original,full-grid,294,4,25,59,1.0011540430308388,0.99864023608461672,-0.070902022184528124,0,0,1,UNSTABLE,3.1425927212040426e-16,2.2015936244214748e-16,1
B2_D2_Original,B2,2,Original,full-grid,295,4,26,60,1.0013003970686787,0.99882973575513323,-0.07029682881342815,0,0,1,UNSTABLE,3.7712334033900251e-16,2.201593624383153e-16,1
B2_D2_Original,B2,2,Original,full-grid,296,4,27,61,1.0014137936870906,0.99898661746862083,-0.069680157185342817,0,0,1,UNSTABLE,4.6719731456753173e-16,2.2015936244214753e-16,1
B2_D2_Original,B2,2,Original,full-grid,297,4,28,62,1.0014947907608098,0.999111250561733,-0.069054506891355449,0,0,1,UNSTABLE,2.3517763618043927e-16,2.2015936244214748e-16,1
B2_D2_Original,B2,2,Original,full-grid,298,4,29,63,1.0015442369572662,0.99920431743293281,-0.068422149964022724,0,0,1,UNSTABLE,2.0352523927683077e-16,2.2015936244214756e-16,1
B2_D2_Original,B2,2,Original,full-grid,299,4,30,64,1.0015632093094993,0.99926675234705709,-0.067785100841625964,0,0,1,UNSTABLE,2.8643104130856652e-16,2.2015936243831535e-16,1
B2_D2_Original,B2,2,Original,full-grid,300,4,31,65,1.0015529548863749,0.99929968311488315,-0.067145102339061943,0,0,1,UNSTABLE,3.1731760041090915e-16,2.2015936244214753e-16,1
B2_D2_Original,B2,2,Original,full-grid,301,4,32,66,1.0015148393541251,0.99930437874648059,-0.066503624447314932,0,0,1,UNSTABLE,3.4317715093380838e-16,2.2015936244214748e-16,1
B2_D2_Original,B2,2,Original,full-grid,302,4,33,67,1.0014503038488085,0.9992822047863158,-0.065861872705461011,0,0,1,UNSTABLE,3.4346447878814043e-16,2.2015936244214753e-16,1
B2_D2_Original,B2,2,Original,full-grid,303,4,34,68,1.0013608305322175,0.99923458694872491,-0.065220803196399224,0,0,1,UNSTABLE,2.7268299729750589e-16,2.201593624383153e-16,1
B2_D2_Original,B2,2,Original,full-grid,304,4,35,69,1.001247916491967,0.99916298290779038,-0.064581141723505722,0,0,1,UNSTABLE,4.7515652232570261e-16,2.2015936244214753e-16,1
B2_D2_Original,B2,2,Original,full-grid,305,4,36,70,1.0011130552208787,0.99906886161722808,-0.063943405293571468,0,0,1,UNSTABLE,2.4940323641174432e-16,2.2015936244214751e-16,1
B2_D2_Original,B2,2,Original,full-grid,306,4,37,71,1.0009577247010728,0.99895368927933781,-0.063307924574645805,0,0,1,UNSTABLE,3.8071584030837422e-16,2.2015936244214753e-16,1
B2_D2_Original,B2,2,Original,full-grid,307,4,38,72,1.0007833810539928,0.99881892097956126,-0.062674866470427179,0,0,1,UNSTABLE,3.5355567937506115e-16,2.2015936243831527e-16,1
B2_D2_Original,B2,2,Original,full-grid,308,4,39,73,1.0005914567379419,0.99866599699425962,-0.062044256337056562,0,0,1,UNSTABLE,2.315592630580899e-16,2.2015936244214751e-16,1
B2_D2_Original,B2,2,Original,full-grid,309,4,40,74,1.0003833623346601,0.99849634281813371,-0.06141599966468133,0,0,1,UNSTABLE,1.6116855093234896e-16,2.2015936244214748e-16,1
B2_D2_Original,B2,2,Original,full-grid,310,4,41,75,1.0001604910327722,0.99831137201012177,-0.060789903258554115,0,0,1,UNSTABLE,2.9728092613067828e-16,2.2015936244214748e-16,1
B2_D2_Original,B2,2,Original,full-grid,311,4,42,76,0.99992422496942279,0.9981124910019995,-0.060165696094072532,1,0,-1,STABLE,5.3270944466456494e-16,2.201593624383153e-16,1
B2_D2_Original,B2,2,Original,full-grid,312,4,43,77,0.99967594262086856,0.99790110504037977,-0.059543050090764604,1,0,-1,STABLE,2.8263544619502096e-16,2.2015936244214753e-16,1
B2_D2_Original,B2,2,Original,full-grid,313,4,44,78,0.99941702643622488,0.99767862443744249,-0.058921601058005056,1,0,-1,STABLE,2.0601361018778724e-16,2.2015936244214748e-16,1
B2_D2_Original,B2,2,Original,full-grid,314,4,45,79,0.99914886989237595,0.99744647029462863,-0.058300970009071272,1,0,-1,STABLE,4.3129248803804302e-16,2.2015936244214756e-16,1
B2_D2_Original,B2,2,Original,full-grid,315,4,46,80,0.99887288312455413,0.9972060788485122,-0.057680784921272758,1,0,-1,STABLE,2.0492872349881675e-16,2.2015936243831535e-16,1
B2_D2_Original,B2,2,Original,full-grid,316,4,47,81,0.99859049627729279,0.99695890358966999,-0.057060702840158996,1,0,-1,STABLE,3.0456313383241766e-16,2.2015936244214753e-16,1
B2_D2_Original,B2,2,Original,full-grid,317,4,48,82,0.99830315975050621,0.99670641434894347,-0.05644043199264713,1,0,-1,STABLE,2.1348435470072464e-16,2.2015936244214748e-16,1
B2_D2_Original,B2,2,Original,full-grid,318,4,49,83,0.99801234061517652,0.99645009265942619,-0.055819753306547482,1,0,-1,STABLE,2.9725541345013219e-16,2.2015936244214753e-16,1
B2_D2_Original,B2,2,Original,full-grid,319,4,50,84,0.99771951466833164,0.99619142291068152,-0.055198540462615325,1,0,-1,STABLE,3.6519393644656585e-16,2.201593624383153e-16,1
B2_D2_Original,B2,2,Original,full-grid,320,4,51,85,0.99771506657931708,0.99745896701455239,-0.022604495164308066,1,0,-1,STABLE,3.1470269204235203e-16,2.2015936244214753e-16,1
B2_D2_Original,B2,2,Original,full-grid,321,4,52,86,0.99777189171450398,0.99751592271656342,-0.022599376594567261,1,0,-1,STABLE,3.9428277931563951e-16,2.2015936244214751e-16,1
B2_D2_Original,B2,2,Original,full-grid,322,4,53,87,0.9978294022416262,0.9975735810752917,-0.02259350168742243,1,0,-1,STABLE,3.4972422296203916e-16,2.2015936244214753e-16,1
B2_D2_Original,B2,2,Original,full-grid,323,4,54,88,0.99788760302182999,0.99763194784542675,-0.022586830295391946,1,0,-1,STABLE,2.2759556094011966e-16,2.2015936243831527e-16,1
B2_D2_Original,B2,2,Original,full-grid,324,4,55,89,0.9979464971106109,0.99769102701771151,-0.02257932026617732,1,0,-1,STABLE,2.4774662923577857e-16,2.2015936244214751e-16,1
B2_D2_Original,B2,2,Original,full-grid,325,4,56,90,0.99800608552446057,0.99775082058484821,-0.022570927453670661,1,0,-1,STABLE,3.5478452063282485e-16,2.2015936244214748e-16,1
B2_D2_Original,B2,2,Original,full-grid,326,4,57,91,0.99806636699267182,0.99781132829202912,-0.022561605750633183,1,0,-1,STABLE,3.0635029062741819e-16,2.2015936244214748e-16,1
B2_D2_Original,B2,2,Original,full-grid,327,4,58,92,0.99812733769531492,0.9978725473730139,-0.022551307146795461,1,0,-1,STABLE,4.503511488684805e-16,2.201593624383153e-16,1
B2_D2_Original,B2,2,Original,full-grid,328,4,59,93,0.99818899098947422,0.99793447227376308,-0.022539981816106412,1,0,-1,STABLE,3.9559361766345097e-16,2.2015936244214753e-16,1
B2_D2_Original,B2,2,Original,full-grid,329,4,60,94,0.99825131712614712,0.99799709436594353,-0.022527578236944866,1,0,-1,STABLE,2.5409894435557013e-16,2.2015936244214748e-16,1
B2_D2_Original,B2,2,Original,full-grid,330,4,61,95,0.99831430296116919,0.99806040165359255,-0.022514043348865607,1,0,-1,STABLE,3.5665345459701884e-16,2.2015936244214756e-16,1
B2_D2_Original,B2,2,Original,full-grid,331,4,62,96,0.99837793166447231,0.99812437847715474,-0.022499322750319226,1,0,-1,STABLE,5.2389615650052447e-16,2.2015936243831535e-16,1
B2_D2_Original,B2,2,Original,full-grid,332,4,63,97,0.99844218243269622,0.99818900521985765,-0.02248336093995577,1,0,-1,STABLE,2.7976251535622974e-16,2.2015936244214753e-16,1
B2_D2_Original,B2,2,Original,full-grid,333,4,64,98,0.99850703021131981,0.99825425802252421,-0.022466101605068421,1,0,-1,STABLE,3.2533632623208038e-16,2.2015936244214748e-16,1
B2_D2_Original,B2,2,Original,full-grid,334,4,65,99,0.99857244543340906,0.99832010851389397,-0.02244748795891546,1,0,-1,STABLE,2.9187583326912428e-16,2.2015936244214753e-16,1
B2_D2_Original,B2,2,Original,full-grid,335,4,66,100,0.99863839378281383,0.99838652356426749,-0.022427463128375416,1,0,-1,STABLE,4.0845864239688955e-16,2.201593624383153e-16,1
B2_D2_Original,B2,2,Original,full-grid,336,5,0,35,0.99545837680102256,0.99520767357830142,-0.022339793960373239,1,0,-1,STABLE,3.1430033936064612e-16,8.9162482713522596e-17,1
B2_D2_Original,B2,2,Original,full-grid,337,5,1,36,0.99549550959888311,0.99524455297565551,-0.022351496679806158,1,0,-1,STABLE,3.310159371615762e-16,2.201593624383153e-16,1
B2_D2_Original,B2,2,Original,full-grid,338,5,2,37,0.99553279324143007,0.99528158866768113,-0.022362953253549787,1,0,-1,STABLE,4.8056757389999606e-16,2.2015936244214751e-16,1
B2_D2_Original,B2,2,Original,full-grid,339,5,3,38,0.99557023308888348,0.99531878594745493,-0.022374167084791105,1,0,-1,STABLE,4.6364814692258536e-16,2.2015936244214753e-16,1
B2_D2_Original,B2,2,Original,full-grid,340,5,4,39,0.99560783476935111,0.99535615038127634,-0.022385141328156593,1,0,-1,STABLE,3.2543570489677183e-16,2.2015936244214753e-16,1
B2_D2_Original,B2,2,Original,full-grid,341,5,5,40,0.99564560417673043,0.99539368780672,-0.022395878883944342,1,0,-1,STABLE,3.5059413951425967e-16,2.201593624383153e-16,1
B2_D2_Original,B2,2,Original,full-grid,342,5,6,41,0.99568354746896226,0.99543140433105948,-0.022406382391456162,1,0,-1,STABLE,4.3356319602190477e-16,2.2015936244214751e-16,1
B2_D2_Original,B2,2,Original,full-grid,343,5,7,42,0.99572167106672638,0.99546930633012964,-0.022416654222349581,1,0,-1,STABLE,2.3531910048872286e-16,2.2015936244214748e-16,1
B2_D2_Original,B2,2,Original,full-grid,344,5,8,43,0.99683444521115949,0.98557057410279825,-0.1494307686593383,1,0,-1,STABLE,2.6346284456025632e-16,2.2015936244214748e-16,1
B2_D2_Original,B2,2,Original,full-grid,345,5,9,44,0.99797111052465293,0.98687253015918919,-0.14842151683300273,1,0,-1,STABLE,4.1511802967224268e-16,2.201593624383153e-16,1
B2_D2_Original,B2,2,Original,full-grid,346,5,10,45,0.99889294235131276,0.98798347313429058,-0.14722692380392788,1,0,-1,STABLE,3.6578651521840675e-16,2.2015936244214753e-16,1
B2_D2_Original,B2,2,Original,full-grid,347,5,11,46,0.99958511052407339,0.98888073168776547,-0.14589479661075569,1,0,-1,STABLE,4.2429750180083122e-16,2.2015936244214748e-16,1
B2_D2_Original,B2,2,Original,full-grid,348,5,12,47,1.0000467979285415,0.98955616106937949,-0.14447215003854857,0,0,1,UNSTABLE,3.4544990725842573e-16,2.2015936244214756e-16,1
B2_D2_Original,B2,2,Original,full-grid,349,5,13,48,1.0002875015273729,0.99001302639219402,-0.14300102547059879,0,0,1,UNSTABLE,5.2961568242468765e-16,2.2015936243831535e-16,1
B2_D2_Original,B2,2,Original,full-grid,350,5,14,49,1.0003231571231816,0.99026234426055937,-0.14151645917161329,0,0,1,UNSTABLE,2.115779880138863e-16,2.2015936244214756e-16,1
B2_D2_Original,B2,2,Original,full-grid,351,5,15,50,1.0001729141245397,0.99031962569306797,-0.14004605355209293,0,0,1,UNSTABLE,2.3405443364303388e-16,2.2015936244214748e-16,1
B2_D2_Original,B2,2,Original,full-grid,352,5,16,51,0.9998567993357601,0.99020238060328847,-0.13861047805101431,1,0,-1,STABLE,5.8793682479453607e-16,2.2015936244214751e-16,1
B2_D2_Original,B2,2,Original,full-grid,353,5,17,52,0.99939418073957798,0.98992838093187463,-0.13722437510052563,1,0,-1,STABLE,2.2126231208869507e-16,2.201593624383153e-16,1
B2_D2_Original,B2,2,Original,full-grid,354,5,18,53,0.99949202080323074,0.9967196343733864,-0.074392675068912534,1,0,-1,STABLE,3.6786045255385489e-16,2.2015936244214753e-16,1
B2_D2_Original,B2,2,Original,full-grid,355,5,19,54,0.99982767916685311,0.99708965038091346,-0.073943337302584441,1,0,-1,STABLE,2.9613932070899815e-16,2.2015936244214751e-16,1
B2_D2_Original,B2,2,Original,full-grid,356,5,20,55,1.0001393081475689,0.99743734088790714,-0.073466908907064851,0,0,1,UNSTABLE,3.4734126010678185e-16,2.2015936244214753e-16,1
B2_D2_Original,B2,2,Original,full-grid,357,5,21,56,1.0004247446412413,0.99776037954355701,-0.072965023837384416,0,0,1,UNSTABLE,2.3800851819583258e-16,2.2015936243831527e-16,1
B2_D2_Original,B2,2,Original,full-grid,358,5,22,57,1.0006821254458904,0.99805671778384908,-0.072439659534229969,0,0,1,UNSTABLE,2.897244631111362e-16,2.2015936244214751e-16,1
B2_D2_Original,B2,2,Original,full-grid,359,5,23,58,1.0009099506076469,0.99832465486784649,-0.071893064397044099,0,0,1,UNSTABLE,2.8199582453851041e-16,2.2015936244214748e-16,1
B2_D2_Original,B2,2,Original,full-grid,360,5,24,59,1.001107122382487,0.99856288425633921,-0.071327671142444829,0,0,1,UNSTABLE,3.8756802648270156e-16,2.2015936244214748e-16,1
B2_D2_Original,B2,2,Original,full-grid,361,5,25,60,1.0012729584578852,0.99877051425264618,-0.070746004823672007,0,0,1,UNSTABLE,3.0471587115880867e-16,2.201593624383153e-16,1
B2_D2_Original,B2,2,Original,full-grid,362,5,26,61,1.0014071813660197,0.99894706419799228,-0.070150593879513973,0,0,1,UNSTABLE,4.0208710531000328e-16,2.2015936244214753e-16,1
B2_D2_Original,B2,2,Original,full-grid,363,5,27,62,1.0015098884915501,0.99909244015757692,-0.069543890934688921,0,0,1,UNSTABLE,4.9525234965917687e-16,2.2015936244214748e-16,1
B2_D2_Original,B2,2,Original,full-grid,364,5,28,63,1.0015815084154509,0.99920689558085374,-0.068928207748659945,0,0,1,UNSTABLE,3.3259798231037533e-16,2.2015936244214756e-16,1
B2_D2_Original,B2,2,Original,full-grid,365,5,29,64,1.00162274956201,0.99929098284301787,-0.068305666300801829,0,0,1,UNSTABLE,4.0319108625194242e-16,2.2015936243831535e-16,1
B2_D2_Original,B2,2,Original,full-grid,366,5,30,65,1.0016345464919598,0.99934550110572307,-0.067678165946674126,0,0,1,UNSTABLE,3.1908558990182057e-16,2.2015936244214753e-16,1
B2_D2_Original,B2,2,Original,full-grid,367,5,31,66,1.0016180080659514,0.99937144491552732,-0.067047365119411617,0,0,1,UNSTABLE,4.0496430903441654e-16,2.2015936244214748e-16,1
B2_D2_Original,B2,2,Original,full-grid,368,5,32,67,1.0015743704236524,0.99936995672536488,-0.066414675217740915,0,0,1,UNSTABLE,2.8005038032041554e-16,2.2015936244214751e-16,1
B2_D2_Original,B2,2,Original,full-grid,369,5,33,68,1.0015049565248066,0.99934228532899883,-0.065781264028360778,0,0,1,UNSTABLE,3.5336082186705399e-16,2.201593624383153e-16,1
B2_D2_Original,B2,2,Original,full-grid,370,5,34,69,1.0014111430153085,0.99928975119105812,-0.0651480661243308,0,0,1,UNSTABLE,2.6472574847282646e-16,2.2015936244214753e-16,1
B2_D2_Original,B2,2,Original,full-grid,371,5,35,70,1.0012943344579259,0.99921371889325639,-0.064515798011413134,0,0,1,UNSTABLE,2.826579498924057e-16,2.2015936244214751e-16,1
B2_D2_Original,B2,2,Original,full-grid,372,5,36,71,1.001155944490042,0.99911557639721427,-0.063884976232369925,0,0,1,UNSTABLE,3.5819406220735002e-16,2.2015936244214753e-16,1
B2_D2_Original,B2,2,Original,full-grid,373,5,37,72,1.0009973831934187,0.99899672050604438,-0.063255937098743581,0,0,1,UNSTABLE,2.7725792475964002e-16,2.2015936243831527e-16,1
B2_D2_Original,B2,2,Original,full-grid,374,5,38,73,1.0008200498294382,0.99885854774013083,-0.062628857143300659,0,0,1,UNSTABLE,4.2759392509104751e-16,2.2015936244214751e-16,1
B2_D2_Original,B2,2,Original,full-grid,375,5,39,74,1.0006253300541006,0.99870244977508715,-0.062003773749000061,0,0,1,UNSTABLE,3.2457798060687524e-16,2.2015936244214748e-16,1
B2_D2_Original,B2,2,Original,full-grid,376,5,40,75,1.0004145967382294,0.99852981257988382,-0.061380605699978795,0,0,1,UNSTABLE,3.9663086384073536e-16,2.2015936244214748e-16,1
B2_D2_Original,B2,2,Original,full-grid,377,5,41,76,1.0001892135471868,0.99834201840728687,-0.060759173616866585,0,0,1,UNSTABLE,2.8776166113101804e-16,2.201593624383153e-16,1
B2_D2_Original,B2,2,Original,full-grid,378,5,42,77,0.99995054045912624,0.99814044980447847,-0.060139220385803015,1,0,-1,STABLE,2.8779415964258855e-16,2.2015936244214753e-16,1
B2_D2_Original,B2,2,Original,full-grid,379,5,43,78,0.99969994040900134,0.99792649481597973,-0.059520431769714756,1,0,-1,STABLE,3.9764472149783379e-16,2.2015936244214748e-16,1
B2_D2_Original,B2,2,Original,full-grid,380,5,44,79,0.99943878623464055,0.99770155254055104,-0.05890245740498265,1,0,-1,STABLE,3.9116321108307786e-16,2.2015936244214756e-16,1
B2_D2_Original,B2,2,Original,full-grid,381,5,45,80,0.99916846707405105,0.99746703818118465,-0.058284932333871144,1,0,-1,STABLE,4.0893094412078045e-16,2.2015936243831535e-16,1
B2_D2_Original,B2,2,Original,full-grid,382,5,46,81,0.99889039333481611,0.99722438670722435,-0.057667499104640398,1,0,-1,STABLE,3.0955277978707689e-16,2.2015936244214753e-16,1
B2_D2_Original,B2,2,Original,full-grid,383,5,47,82,0.99860599934595695,0.99697505424852861,-0.057049830287921363,1,0,-1,STABLE,1.8243277199990585e-16,2.2015936244214748e-16,1
B2_D2_Original,B2,2,Original,full-grid,384,5,48,83,0.99831674283802563,0.99672051639057457,-0.056431651019893753,1,0,-1,STABLE,2.4616993662490607e-16,2.2015936244214751e-16,1
B2_D2_Original,B2,2,Original,full-grid,385,5,49,84,0.99802410050842905,0.99646226266493287,-0.055812760909501213,1,0,-1,STABLE,2.6377019379874545e-16,2.201593624383153e-16,1
B2_D2_Original,B2,2,Original,full-grid,386,5,50,85,0.99793977532111766,0.98661622558826434,-0.1499073666433044,1,0,-1,STABLE,5.0010779773420606e-16,2.2015936244214753e-16,1
B2_D2_Original,B2,2,Original,full-grid,387,5,51,86,0.99854142922298028,0.9873768757107142,-0.14890228737806843,1,0,-1,STABLE,5.6392934151345104e-16,2.2015936244214751e-16,1
B2_D2_Original,B2,2,Original,full-grid,388,5,52,87,0.99903652359323047,0.98803022527473638,-0.1478859338030537,1,0,-1,STABLE,2.5066018170326427e-16,2.2015936244214753e-16,1
B2_D2_Original,B2,2,Original,full-grid,389,5,53,88,0.99943459361106446,0.98858515580782647,-0.14686353060896068,1,0,-1,STABLE,5.490834561817734e-16,2.2015936243831527e-16,1
B2_D2_Original,B2,2,Original,full-grid,390,5,54,89,0.99974395380800496,0.98904951272518105,-0.1458390707380719,1,0,-1,STABLE,4.0557227528241387e-16,2.2015936244214751e-16,1
B2_D2_Original,B2,2,Original,full-grid,391,5,55,90,0.99997185912084352,0.98943022362004762,-0.14481557796307246,1,0,-1,STABLE,2.2444800583398281e-16,2.2015936244214748e-16,1
B2_D2_Original,B2,2,Original,full-grid,392,5,56,91,1.000124648074237,0.98973340972121016,-0.14379530370371404,0,0,1,UNSTABLE,3.6923318554819779e-16,2.2015936244214748e-16,1
B2_D2_Original,B2,2,Original,full-grid,393,5,57,92,1.0002078679136361,0.98996448744221099,-0.14277987477099952,0,0,1,UNSTABLE,3.0832221571787594e-16,2.201593624383153e-16,1
B2_D2_Original,B2,2,Original,full-grid,394,5,58,93,1.0002263833709859,0.99012825960875905,-0.14177040422998111,0,0,1,UNSTABLE,2.5288861470663826e-16,2.2015936244214753e-16,1
B2_D2_Original,B2,2,Original,full-grid,395,5,59,94,1.0001844714997843,0.99022899728521707,-0.14076757426629297,0,0,1,UNSTABLE,3.4674966555345724e-16,2.2015936244214748e-16,1
B2_D2_Original,B2,2,Original,full-grid,396,5,60,95,1.0000859052518716,0.99027051377014819,-0.13977169756736357,0,0,1,UNSTABLE,4.8268090127140872e-16,2.2015936244214756e-16,1
B2_D2_Original,B2,2,Original,full-grid,397,5,61,96,0.99993402849012059,0.99025623264241824,-0.13878276206116499,1,0,-1,STABLE,4.0178558870891181e-16,2.2015936243831535e-16,1
B2_D2_Original,B2,2,Original,full-grid,398,5,62,97,0.9997318250940973,0.99018925190017071,-0.1378004627254753,1,0,-1,STABLE,3.5991002858846772e-16,2.2015936244214753e-16,1
B2_D2_Original,B2,2,Original,full-grid,399,5,63,98,0.99948198479089068,0.99007240633739824,-0.13682422347966047,1,0,-1,STABLE,3.7431309216485367e-16,2.2015936244214748e-16,1
B2_D2_Original,B2,2,Original,full-grid,400,5,64,99,0.99918696835216447,0.98990833038147907,-0.13585321183594457,1,0,-1,STABLE,3.1285229623672157e-16,2.2015936244214751e-16,1
B2_D2_Original,B2,2,Original,full-grid,401,5,65,100,0.99884907482342999,0.9896995236588142,-0.13488634899476759,1,0,-1,STABLE,4.0557475724323587e-16,2.201593624383153e-16,1
B2_D2_Original,B2,2,Original,full-grid,402,5,66,101,0.99864338632678562,0.99839155868788665,-0.022425623625710819,1,0,-1,STABLE,4.3982496171217113e-16,2.2015936244214753e-16,1
B2_D2_Original,B2,2,Original,full-grid,403,6,0,36,0.99546382074531248,0.99521307902982414,-0.022341569793377026,1,0,-1,STABLE,4.1453544007287705e-16,8.9162482713063627e-17,1
B2_D2_Original,B2,2,Original,full-grid,404,6,1,37,0.99550097081568256,0.99524997651760527,-0.022353235485548909,1,0,-1,STABLE,4.6046612765352217e-16,2.2015936244214753e-16,1
B2_D2_Original,B2,2,Original,full-grid,405,6,2,38,0.99553827130459926,0.99528702988242346,-0.022364654702757801,1,0,-1,STABLE,3.6299179453684209e-16,2.2015936244214751e-16,1
B2_D2_Original,B2,2,Original,full-grid,406,6,3,39,0.99557572757577106,0.99532424442094192,-0.022375830842830766,1,0,-1,STABLE,3.3541473215152104e-16,2.2015936244214756e-16,1
B2_D2_Original,B2,2,Original,full-grid,407,6,4,40,0.995613345260284,0.99536162570254916,-0.022386767054488766,1,0,-1,STABLE,3.9989230079677743e-16,2.201593624383153e-16,1
B2_D2_Original,B2,2,Original,full-grid,408,6,5,41,0.99565113025444307,0.99539917956735535,-0.022397466231384035,1,0,-1,STABLE,4.2195141775755261e-16,2.2015936244214751e-16,1
B2_D2_Original,B2,2,Original,full-grid,409,6,6,42,0.99704802630642597,0.98578317381134595,-0.14945334051793205,1,0,-1,STABLE,3.4385995965014328e-16,2.2015936244214751e-16,1
B2_D2_Original,B2,2,Original,full-grid,410,6,7,43,0.99850906259394789,0.98733862802181882,-0.14893885221203135,1,0,-1,STABLE,4.6619386241531586e-16,2.2015936244214751e-16,1
B2_D2_Original,B2,2,Original,full-grid,411,6,8,44,0.99982767550915519,0.98878730744469312,-0.14817233665672658,1,0,-1,STABLE,3.1192296704826477e-16,2.201593624383153e-16,1
B2_D2_Original,B2,2,Original,full-grid,412,6,9,45,1.0009613136881212,0.99008072830867011,-0.14718594678848612,0,0,1,UNSTABLE,3.1922691890387913e-16,2.2015936244214753e-16,1
B2_D2_Original,B2,2,Original,full-grid,413,6,10,46,1.001882254685496,0.99118387215444592,-0.14602254563803563,0,0,1,UNSTABLE,3.3933232929523769e-16,2.2015936244214751e-16,1
B2_D2_Original,B2,2,Original,full-grid,414,6,11,47,1.0025781622082552,0.99207683438201699,-0.14472914709704535,0,0,1,UNSTABLE,4.8435598744401511e-16,2.2015936244214753e-16,1
B2_D2_Original,B2,2,Original,full-grid,415,6,12,48,1.0030497842975321,0.99275338494465992,-0.14335126947552737,0,0,1,UNSTABLE,3.2487908536738656e-16,2.2015936243831535e-16,1
B2_D2_Original,B2,2,Original,full-grid,416,6,13,49,1.003307332008653,0.99321784384890788,-0.14192926802618178,0,0,1,UNSTABLE,3.4632254321023387e-16,2.2015936244214753e-16,1
B2_D2_Original,B2,2,Original,full-grid,417,6,14,50,1.0033668360211458,0.99348160561250642,-0.14049664386269536,0,0,1,UNSTABLE,3.0798741884487849e-16,2.2015936244214748e-16,1
B2_D2_Original,B2,2,Original,full-grid,418,6,15,51,1.0032471690289249,0.9935601117446724,-0.13907978470815338,0,0,1,UNSTABLE,3.4770802502791502e-16,2.2015936244214753e-16,1
B2_D2_Original,B2,2,Original,full-grid,419,6,16,52,1.0029679104509197,0.99347055662300809,-0.13769852038948802,0,0,1,UNSTABLE,3.1420803919154763e-16,2.201593624383153e-16,1
B2_D2_Original,B2,2,Original,full-grid,420,6,17,53,1.0025479537863302,0.99323030274490676,-0.13636702442459728,0,0,1,UNSTABLE,3.3162682189550748e-16,2.2015936244214753e-16,1
B2_D2_Original,B2,2,Original,full-grid,421,6,18,54,1.0020046654912187,0.99285585599133697,-0.13509477743376611,0,0,1,UNSTABLE,5.2902963583588816e-16,2.2015936244214748e-16,1
B2_D2_Original,B2,2,Original,full-grid,422,6,19,55,1.0013534101047246,0.99236223354497088,-0.13388745035288807,0,0,1,UNSTABLE,3.6601929002544467e-16,2.2015936244214756e-16,1
B2_D2_Original,B2,2,Original,full-grid,423,6,20,56,1.0006072968459765,0.9917625840685329,-0.13274765287235152,0,0,1,UNSTABLE,3.0355729402893465e-16,2.2015936243831527e-16,1
B2_D2_Original,B2,2,Original,full-grid,424,6,21,57,1.0006111680472194,0.99796107105902965,-0.072776440360430059,0,0,1,UNSTABLE,4.0670588523998579e-16,2.2015936244214751e-16,1
B2_D2_Original,B2,2,Original,full-grid,425,6,22,58,1.000850155298608,0.99823839170347428,-0.072257502658956668,0,0,1,UNSTABLE,3.9779628918330927e-16,2.2015936244214751e-16,1
B2_D2_Original,B2,2,Original,full-grid,426,6,23,59,1.0010611310510862,0.99848877662237201,-0.071718554506058615,0,0,1,UNSTABLE,5.4799126939495949e-16,2.2015936244214751e-16,1
B2_D2_Original,B2,2,Original,full-grid,427,6,24,60,1.0012430311330283,0.99871097576454604,-0.071161747307683529,0,0,1,UNSTABLE,2.2955009659155467e-16,2.201593624383153e-16,1
B2_D2_Original,B2,2,Original,full-grid,428,6,25,61,1.0013951543974744,0.99890409990310569,-0.070589336641650277,0,0,1,UNSTABLE,3.071366611916881e-16,2.2015936244214753e-16,1
B2_D2_Original,B2,2,Original,full-grid,429,6,26,62,1.0015171611031533,0.99906762502601465,-0.070003604257194207,0,0,1,UNSTABLE,3.7609512383355869e-16,2.2015936244214751e-16,1
B2_D2_Original,B2,2,Original,full-grid,430,6,27,63,1.0016090534807007,0.99920137812544296,-0.069406786171963997,0,0,1,UNSTABLE,3.9750372895815931e-16,2.2015936244214753e-16,1
B2_D2_Original,B2,2,Original,full-grid,431,6,28,64,1.0016711428049876,0.99930550842797783,-0.068801011284357269,0,0,1,UNSTABLE,1.7915010761460248e-16,2.2015936243831535e-16,1
B2_D2_Original,B2,2,Original,full-grid,432,6,29,65,1.0017040078551041,0.99938044883147126,-0.068188252994087498,0,0,1,UNSTABLE,3.2986151369141966e-16,2.2015936244214753e-16,1
B2_D2_Original,B2,2,Original,full-grid,433,6,30,66,1.0017084494381792,0.99942687224872151,-0.067570294530797492,0,0,1,UNSTABLE,2.7878165640620088e-16,2.2015936244214748e-16,1
B2_D2_Original,B2,2,Original,full-grid,434,6,31,67,1.0016854449274941,0.9994456469324815,-0.066948707286289655,0,0,1,UNSTABLE,4.0049581899232664e-16,2.2015936244214753e-16,1
B2_D2_Original,B2,2,Original,full-grid,435,6,32,68,1.0016361057866703,0.99943779393435617,-0.066324840528364903,0,0,1,UNSTABLE,3.0331978929005359e-16,2.201593624383153e-16,1
B2_D2_Original,B2,2,Original,full-grid,436,6,33,69,1.0015616400429852,0.99940444886044189,-0.065699820422515487,0,0,1,UNSTABLE,2.5518629612984124e-16,2.2015936244214753e-16,1
B2_D2_Original,B2,2,Original,full-grid,437,6,34,70,1.0014633207796069,0.99934682918467233,-0.065074556206393366,0,0,1,UNSTABLE,2.8961555807283319e-16,2.2015936244214748e-16,1
B2_D2_Original,B2,2,Original,full-grid,438,6,35,71,1.0013424610109365,0.99926620764973362,-0.064449751533719374,0,0,1,UNSTABLE,5.0987313287243639e-16,2.2015936244214756e-16,1
B2_D2_Original,B2,2,Original,full-grid,439,6,36,72,1.0012003947998203,0.99916389174666587,-0.063825919319450683,0,0,1,UNSTABLE,2.7155815073641887e-16,2.2015936243831527e-16,1
B2_D2_Original,B2,2,Original,full-grid,440,6,37,73,1.001038464148124,0.99904120890256976,-0.063203398789358795,0,0,1,UNSTABLE,4.738060920569144e-16,2.2015936244214751e-16,1
B2_D2_Original,B2,2,Original,full-grid,441,6,38,74,1.0008580110039793,0.99889949678605339,-0.062582373807736361,0,0,1,UNSTABLE,4.2727268744455008e-16,2.2015936244214751e-16,1
B2_D2_Original,B2,2,Original,full-grid,442,6,39,75,1.0006603736365529,0.99874009802109498,-0.06196289188909062,0,0,1,UNSTABLE,3.1438213424668349e-16,2.2015936244214751e-16,1
B2_D2_Original,B2,2,Original,full-grid,443,6,40,76,1.0004468865943406,0.99856435854435754,-0.061344883578055794,0,0,1,UNSTABLE,2.7020039116502165e-16,2.201593624383153e-16,1
B2_D2_Original,B2,2,Original,full-grid,444,6,41,77,1.0002188834544499,0.99837362881741876,-0.060728182096992683,0,0,1,UNSTABLE,4.0902726991166159e-16,2.2015936244214753e-16,1
B2_D2_Original,B2,2,Original,full-grid,445,6,42,78,0.99997770156573396,0.99816926709118659,-0.060112543311119752,1,0,-1,STABLE,3.2697932592724324e-16,2.2015936244214751e-16,1
B2_D2_Original,B2,2,Original,full-grid,446,6,43,79,0.99972468797473879,0.99795264390113214,-0.059497666146909614,1,0,-1,STABLE,3.5822256623521701e-16,2.2015936244214753e-16,1
B2_D2_Original,B2,2,Original,full-grid,447,6,44,80,0.99946120569581043,0.99772514694429271,-0.058883213617404312,1,0,-1,STABLE,3.6518386140365412e-16,2.2015936243831535e-16,1
B2_D2_Original,B2,2,Original,full-grid,448,6,45,81,0.99918863944871916,0.99748818545514029,-0.058268834558399964,1,0,-1,STABLE,3.7201355179313271e-16,2.2015936244214753e-16,1
B2_D2_Original,B2,2,Original,full-grid,449,6,46,82,0.99890839995221858,0.99724319317053145,-0.057654186059151326,1,0,-1,STABLE,3.8171003574645622e-16,2.2015936244214748e-16,1
B2_D2_Original,B2,2,Original,full-grid,450,6,47,83,0.99862192585121135,0.99699162897457971,-0.057038956384178947,1,0,-1,STABLE,2.9640123428043251e-16,2.2015936244214753e-16,1
B2_D2_Original,B2,2,Original,full-grid,451,6,48,84,0.99833068239576694,0.99673497436855363,-0.056422887938463312,1,0,-1,STABLE,3.1937752318045064e-16,2.201593624383153e-16,1
B2_D2_Original,B2,2,Original,full-grid,452,6,49,85,0.99894750491104323,0.98772608720908517,-0.14930939091239112,1,0,-1,STABLE,2.8252004945695914e-16,2.2015936244214753e-16,1
B2_D2_Original,B2,2,Original,full-grid,453,6,50,86,0.99971103494945124,0.98863095288180136,-0.14842840834464374,1,0,-1,STABLE,2.826388386333862e-16,2.2015936244214748e-16,1
B2_D2_Original,B2,2,Original,full-grid,454,6,51,87,1.0003565291328405,0.98941889228006996,-0.14752437418265119,0,0,1,UNSTABLE,2.3717292469394438e-16,2.2015936244214756e-16,1
B2_D2_Original,B2,2,Original,full-grid,455,6,52,88,1.0008949839882033,0.99009988213519284,-0.14660488521404341,0,0,1,UNSTABLE,2.5367584104044681e-16,2.2015936243831527e-16,1
B2_D2_Original,B2,2,Original,full-grid,456,6,53,89,1.0013360035270917,0.99068275997159372,-0.14567587670809981,0,0,1,UNSTABLE,1.7556271943730164e-16,2.2015936244214751e-16,1
B2_D2_Original,B2,2,Original,full-grid,457,6,54,90,1.0016879701191259,0.99117533673369351,-0.1447419819272365,0,0,1,UNSTABLE,5.8345953701387956e-16,2.2015936244214751e-16,1
B2_D2_Original,B2,2,Original,full-grid,458,6,55,91,1.001958201413244,0.99158450985806335,-0.14380680508518015,0,0,1,UNSTABLE,3.7106303559386046e-16,2.2015936244214751e-16,1
B2_D2_Original,B2,2,Original,full-grid,459,6,56,92,1.0021530894196611,0.9919163693252141,-0.14287312867735802,0,0,1,UNSTABLE,4.7619850839277962e-16,2.201593624383153e-16,1
B2_D2_Original,B2,2,Original,full-grid,460,6,57,93,1.0022782214818551,0.99217629372501925,-0.14194307107750867,0,0,1,UNSTABLE,3.637596141483e-16,2.2015936244214753e-16,1
B2_D2_Original,B2,2,Original,full-grid,461,6,58,94,1.0023384845525205,0.99236903575534874,-0.14101820623253855,0,0,1,UNSTABLE,2.2104319752168937e-16,2.2015936244214751e-16,1
B2_D2_Original,B2,2,Original,full-grid,462,6,59,95,1.0023381548744634,0.99249879779138706,-0.14009965417443118,0,0,1,UNSTABLE,2.7829544626223054e-16,2.2015936244214753e-16,1
B2_D2_Original,B2,2,Original,full-grid,463,6,60,96,1.0022809753698774,0.99256929875898114,-0.13918814873938462,0,0,1,UNSTABLE,3.2395295982665623e-16,2.2015936243831535e-16,1
B2_D2_Original,B2,2,Original,full-grid,464,6,61,97,1.0021702230380651,0.99258383383023319,-0.13828408716494101,0,0,1,UNSTABLE,4.6769636606932033e-16,2.2015936244214753e-16,1
B2_D2_Original,B2,2,Original,full-grid,465,6,62,98,1.002008768603053,0.9925453286106547,-0.13738756497796326,0,0,1,UNSTABLE,3.6664964542018057e-16,2.2015936244214748e-16,1
B2_D2_Original,B2,2,Original,full-grid,466,6,63,99,1.0017991306224099,0.99245638960735727,-0.13649839868418126,0,0,1,UNSTABLE,3.6814937239909512e-16,2.2015936244214753e-16,1
B2_D2_Original,B2,2,Original,full-grid,467,6,64,100,1.0015435263152566,0.99231935291818529,-0.13561613815484114,0,0,1,UNSTABLE,5.3890909672594688e-16,2.201593624383153e-16,1
B2_D2_Original,B2,2,Original,full-grid,468,6,65,101,1.0012439215215252,0.99213633329964979,-0.13474007024834272,0,0,1,UNSTABLE,2.2705030148161386e-16,2.2015936244214753e-16,1
B2_D2_Original,B2,2,Original,full-grid,469,6,66,102,1.0009020824810246,0.99190927607324109,-0.13386921511202748,0,0,1,UNSTABLE,2.1535210812834675e-16,2.2015936244214748e-16,1
B2_D2_Original,B2,2,Original,full-grid,470,7,0,37,0.99546927504594362,0.99521849468747947,-0.022343352310788926,1,0,-1,STABLE,1.9699394392007264e-16,8.9162482713522584e-17,1
B2_D2_Original,B2,2,Original,full-grid,471,7,1,38,0.99550644246658149,0.99525541034573073,-0.022354980877210232,1,0,-1,STABLE,2.6433799421366723e-16,2.2015936244214477e-16,1
B2_D2_Original,B2,2,Original,full-grid,472,7,2,39,0.99554375987829657,0.99529248146209315,-0.022366362637765955,1,0,-1,STABLE,3.3784056179972682e-16,2.2015936244214485e-16,1
B2_D2_Original,B2,2,Original,full-grid,473,7,3,40,0.99558123264826004,0.99532971333679021,-0.022377500984964566,1,0,-1,STABLE,4.5716688361456378e-16,2.201593624383153e-16,1
B2_D2_Original,B2,2,Original,full-grid,474,7,4,41,0.9964766513194675,0.98544210253292708,-0.14788366772684364,1,0,-1,STABLE,3.5726600802358134e-16,2.2015936244214751e-16,1
B2_D2_Original,B2,2,Original,full-grid,475,7,5,42,0.99806742252756397,0.98704619226840429,-0.1479134687554155,1,0,-1,STABLE,2.5523111437612241e-16,2.2015936244214751e-16,1
B2_D2_Original,B2,2,Original,full-grid,476,7,6,43,0.99962032533420153,0.98865150796037815,-0.14767867357518216,1,0,-1,STABLE,3.5356574840106037e-16,2.2015936244214751e-16,1
B2_D2_Original,B2,2,Original,full-grid,477,7,7,44,1.0010802345931986,0.99020175621975459,-0.14718056282161546,0,0,1,UNSTABLE,4.8080334577345162e-16,2.2015936243831527e-16,1
B2_D2_Original,B2,2,Original,full-grid,478,7,8,45,1.0023967009572796,0.99164268767003549,-0.14643744767164754,0,0,1,UNSTABLE,4.9602927981696951e-16,2.2015936244214751e-16,1
B2_D2_Original,B2,2,Original,full-grid,479,7,9,46,1.0035302029816764,0.99292888517175482,-0.14548229200841234,0,0,1,UNSTABLE,3.1949128446082462e-16,2.2015936244214743e-16,1
B2_D2_Original,B2,2,Original,full-grid,480,7,10,47,1.0044556226400356,0.99402818333614773,-0.14435743343042448,0,0,1,UNSTABLE,4.160874698249693e-16,2.2015936244214756e-16,1
B2_D2_Original,B2,2,Original,full-grid,481,7,11,48,1.0051623763246171,0.99492279599786393,-0.14310846509673672,0,0,1,UNSTABLE,2.5025352476203777e-16,2.201593624383153e-16,1
B2_D2_Original,B2,2,Original,full-grid,482,7,12,49,1.0056520638309863,0.99560773077985387,-0.1417791236357176,0,0,1,UNSTABLE,2.9996827637082813e-16,2.2015936244214753e-16,1
B2_D2_Original,B2,2,Original,full-grid,483,7,13,50,1.0059350337298778,0.99608778523960395,-0.14040803460482898,0,0,1,UNSTABLE,3.443431925027236e-16,2.2015936244214748e-16,1
B2_D2_Original,B2,2,Original,full-grid,484,7,14,51,1.0060269975673002,0.99637429864260407,-0.13902725214408646,0,0,1,UNSTABLE,4.3318996639006196e-16,2.2015936244214751e-16,1
B2_D2_Original,B2,2,Original,full-grid,485,7,15,52,1.0059462807024637,0.99648234814607961,-0.13766208444010819,0,0,1,UNSTABLE,2.5148715666984167e-16,2.201593624383153e-16,1
B2_D2_Original,B2,2,Original,full-grid,486,7,16,53,1.0057118535369787,0.99642862956738498,-0.13633164901536457,0,0,1,UNSTABLE,3.0282749793523122e-16,2.2015936244214748e-16,1
B2_D2_Original,B2,2,Original,full-grid,487,7,17,54,1.0053420482705138,0.99622999469792872,-0.135049737818763,0,0,1,UNSTABLE,3.31616720006753e-16,2.2015936244214751e-16,1
B2_D2_Original,B2,2,Original,full-grid,488,7,18,55,1.0048537871285665,0.99590250817125292,-0.13382573640682946,0,0,1,UNSTABLE,3.06945550798659e-16,2.2015936244214753e-16,1
B2_D2_Original,B2,2,Original,full-grid,489,7,19,56,1.004262153337047,0.99546087117672633,-0.13266546868433923,0,0,1,UNSTABLE,2.32091506603739e-16,2.2015936243831527e-16,1
B2_D2_Original,B2,2,Original,full-grid,490,7,20,57,1.0035801722152686,0.9949180832873874,-0.13157191801968843,0,0,1,UNSTABLE,3.4446605176645646e-16,2.2015936244214751e-16,1
B2_D2_Original,B2,2,Original,full-grid,491,7,21,58,1.002818708771116,0.99428524694120968,-0.13054581715407965,0,0,1,UNSTABLE,4.1956958915282172e-16,2.2015936244214748e-16,1
B2_D2_Original,B2,2,Original,full-grid,492,7,22,59,1.0019864191858376,0.99357144819499732,-0.1295861164035445,0,0,1,UNSTABLE,3.9724911399188774e-16,2.2015936244214751e-16,1
B2_D2_Original,B2,2,Original,full-grid,493,7,23,60,1.0012158690903146,0.9986565039153259,-0.071543019966257865,0,0,1,UNSTABLE,4.4455027701486232e-16,2.2015936243831527e-16,1
B2_D2_Original,B2,2,Original,full-grid,494,7,24,61,1.0013825004890036,0.99886268219236385,-0.070994749165596477,0,0,1,UNSTABLE,3.265042597228035e-16,2.2015936244214751e-16,1
B2_D2_Original,B2,2,Original,full-grid,495,7,25,62,1.0015208574647823,0.99904125371527086,-0.070431536345677961,0,0,1,UNSTABLE,3.0659885001866662e-16,2.2015936244214743e-16,1
B2_D2_Original,B2,2,Original,full-grid,496,7,26,63,1.0016305473038536,0.99919165937336252,-0.069855430217867373,0,0,1,UNSTABLE,3.1436621561291496e-16,2.2015936244214756e-16,1
B2_D2_Original,B2,2,Original,full-grid,497,7,27,64,1.0017114877246429,0.99931365704808006,-0.069268459465396878,0,0,1,UNSTABLE,3.4527792454265551e-16,2.201593624383153e-16,1
B2_D2_Original,B2,2,Original,full-grid,498,7,28,65,1.0017638832912477,0.99940730198135208,-0.068672575407617842,0,0,1,UNSTABLE,4.155506643129052e-16,2.2015936244214753e-16,1
B2_D2_Original,B2,2,Original,full-grid,499,7,29,66,1.0017881927304317,0.99947291708544095,-0.068069604867544986,0,0,1,UNSTABLE,2.5758133955630878e-16,2.2015936244214748e-16,1
B2_D2_Original,B2,2,Original,full-grid,500,7,30,67,1.0017850911493691,0.9995110571607575,-0.067461214505335848,0,0,1,UNSTABLE,2.970545304329976e-16,2.2015936244214751e-16,1
B2_D2_Original,B2,2,Original,full-grid,501,7,31,68,1.0017554307550622,0.99952247068769551,-0.066848886584782705,0,0,1,UNSTABLE,3.3828084038202936e-16,2.201593624383153e-16,1
B2_D2_Original,B2,2,Original,full-grid,502,7,32,69,1.0017002029737931,0.99950806221854449,-0.066233905198688131,0,0,1,UNSTABLE,2.7490370742600432e-16,2.2015936244214748e-16,1
B2_D2_Original,B2,2,Original,full-grid,503,7,33,70,1.0016205040535173,0.99946885761037807,-0.065617351420397485,0,0,1,UNSTABLE,4.4073088609204678e-16,2.2015936244214751e-16,1
B2_D2_Original,B2,2,Original,full-grid,504,7,34,71,1.0015175054479468,0.99940597355969829,-0.06500010562968371,0,0,1,UNSTABLE,5.2424885662828247e-16,2.2015936244214753e-16,1
B2_D2_Original,B2,2,Original,full-grid,505,7,35,72,1.0013924296162007,0.99932059222085179,-0.064382855295517988,0,0,1,UNSTABLE,3.2964858443093901e-16,2.2015936243831527e-16,1
B2_D2_Original,B2,2,Original,full-grid,506,7,36,73,1.0012465313596932,0.99921394115395534,-0.063766106697814351,0,0,1,UNSTABLE,2.9628382040177185e-16,2.2015936244214751e-16,1
B2_D2_Original,B2,2,Original,full-grid,507,7,37,74,1.0010810844575022,0.99908727845966283,-0.063150199355764713,0,0,1,UNSTABLE,5.5306748650912897e-16,2.2015936244214748e-16,1
B2_D2_Original,B2,2,Original,full-grid,508,7,38,75,1.0008973731277808,0.99894188269698425,-0.062535322241889763,0,0,1,UNSTABLE,3.3497479103340135e-16,2.2015936244214751e-16,1
B2_D2_Original,B2,2,Original,full-grid,509,7,39,76,1.0006966877040224,0.99877904701727016,-0.061921531159002292,0,0,1,UNSTABLE,3.0132180100224438e-16,2.2015936243831527e-16,1
B2_D2_Original,B2,2,Original,full-grid,510,7,40,77,1.0004803238371081,0.99860007684970142,-0.061308766917749821,0,0,1,UNSTABLE,3.944820729578086e-16,2.2015936244214751e-16,1
B2_D2_Original,B2,2,Original,full-grid,511,7,41,78,1.0002495844894985,0.99840629041411189,-0.060696874161250615,0,0,1,UNSTABLE,4.3817052343681205e-16,2.2015936244214743e-16,1
B2_D2_Original,B2,2,Original,full-grid,512,7,42,79,1.0000057839534557,0.99819902129250437,-0.060085620834374937,0,0,1,UNSTABLE,3.6456596956886199e-16,2.2015936244214756e-16,1
B2_D2_Original,B2,2,Original,full-grid,513,7,43,80,0.99975025308858478,0.99797962224884196,-0.059474718383091527,1,0,-1,STABLE,3.2473365994928007e-16,2.201593624383153e-16,1
B2_D2_Original,B2,2,Original,full-grid,514,7,44,81,0.99948434492816807,0.99774946944034215,-0.058863842789994361,1,0,-1,STABLE,3.1194798055267047e-16,2.2015936244214753e-16,1
B2_D2_Original,B2,2,Original,full-grid,515,7,45,82,0.99920943975410204,0.99750996611770026,-0.058252656502266215,1,0,-1,STABLE,4.6221776489576875e-16,2.2015936244214748e-16,1
B2_D2_Original,B2,2,Original,full-grid,516,7,46,83,0.99892694869820797,0.99726254487758137,-0.05764083118590687,1,0,-1,STABLE,3.5137000421008614e-16,2.2015936244214751e-16,1
B2_D2_Original,B2,2,Original,full-grid,517,7,47,84,0.99863831491593014,0.99700866753039508,-0.057028071047462124,1,0,-1,STABLE,4.1397670724295068e-16,2.201593624383153e-16,1
B2_D2_Original,B2,2,Original,full-grid,518,7,48,85,0.99934060518089152,0.98831061249098595,-0.14806680384543514,1,0,-1,STABLE,4.0336371724111215e-16,2.2015936244214748e-16,1
B2_D2_Original,B2,2,Original,full-grid,519,7,49,86,1.0002981497714418,0.98938859818092928,-0.14733156561221136,0,0,1,UNSTABLE,2.0638219178192411e-16,2.2015936244214751e-16,1
B2_D2_Original,B2,2,Original,full-grid,520,7,50,87,1.0011229174999752,0.99033751654100055,-0.14655613011766327,0,0,1,UNSTABLE,4.4686433485547421e-16,2.2015936244214753e-16,1
B2_D2_Original,B2,2,Original,full-grid,521,7,51,88,1.0018278572864709,0.9911688026895199,-0.14575136435116334,0,0,1,UNSTABLE,4.5307527078347242e-16,2.2015936243831527e-16,1
B2_D2_Original,B2,2,Original,full-grid,522,7,52,89,1.0024242894836479,0.99189261217971669,-0.14492585017896054,0,0,1,UNSTABLE,3.8342750947088294e-16,2.2015936244214751e-16,1
B2_D2_Original,B2,2,Original,full-grid,523,7,53,90,1.0029220979661579,0.99251793439390612,-0.14408637859039125,0,0,1,UNSTABLE,3.7243148112055414e-16,2.2015936244214748e-16,1
B2_D2_Original,B2,2,Original,full-grid,524,7,54,91,1.003329911433303,0.99305271349236024,-0.1432383307715491,0,0,1,UNSTABLE,3.5852226341524061e-16,2.2015936244214751e-16,1
B2_D2_Original,B2,2,Original,full-grid,525,7,55,92,1.0036552666113805,0.99350396550990105,-0.14238597091308836,0,0,1,UNSTABLE,4.0586448244480521e-16,2.2015936243831527e-16,1
B2_D2_Original,B2,2,Original,full-grid,526,7,56,93,1.0039047512352051,0.99387788613320804,-0.14153267116819668,0,0,1,UNSTABLE,2.1047691789458387e-16,2.2015936244214751e-16,1
B2_D2_Original,B2,2,Original,full-grid,527,7,57,94,1.0040841273516456,0.99417994709952717,-0.14068108467273563,0,0,1,UNSTABLE,2.6663296264094096e-16,2.2015936244214743e-16,1
B2_D2_Original,B2,2,Original,full-grid,528,7,58,95,1.0041984367035264,0.9944149810027656,-0.1398332787110266,0,0,1,UNSTABLE,2.4120333816446809e-16,2.2015936244214756e-16,1
B2_D2_Original,B2,2,Original,full-grid,529,7,59,96,1.0042520903898671,0.99458725522817448,-0.13899083707246335,0,0,1,UNSTABLE,2.3432163917738283e-16,2.201593624383153e-16,1
B2_D2_Original,B2,2,Original,full-grid,530,7,60,97,1.0042489450466703,0.99470053616576615,-0.13815493830800049,0,0,1,UNSTABLE,2.9318981338164103e-16,2.2015936244214753e-16,1
B2_D2_Original,B2,2,Original,full-grid,531,7,61,98,1.0041923676707418,0.99475814501805493,-0.13732641482398267,0,0,1,UNSTABLE,3.5330454229599472e-16,2.2015936244214748e-16,1
B2_D2_Original,B2,2,Original,full-grid,532,7,62,99,1.0040852910374249,0.9947630065623172,-0.13650579640736835,0,0,1,UNSTABLE,3.521362731425183e-16,2.2015936244214751e-16,1
B2_D2_Original,B2,2,Original,full-grid,533,7,63,100,1.0039302615093968,0.99471769223681306,-0.13569334075552494,0,0,1,UNSTABLE,3.063235202167933e-16,2.201593624383153e-16,1
B2_D2_Original,B2,2,Original,full-grid,534,7,64,101,1.0037294809392292,0.99462445894979079,-0.13488905280032901,0,0,1,UNSTABLE,3.600396236240093e-16,2.2015936244214748e-16,1
B2_D2_Original,B2,2,Original,full-grid,535,7,65,102,1.0034848443625917,0.99448528509824075,-0.13409269401606402,0,0,1,UNSTABLE,4.4960094690670992e-16,2.2015936244214751e-16,1
B2_D2_Original,B2,2,Original,full-grid,536,7,66,103,1.0031979752919287,0.9943019054663691,-0.13330378245111049,0,0,1,UNSTABLE,3.5123826786426498e-16,2.2015936244214753e-16,1
B2_D2_Original,B2,2,Original,full-grid,537,8,0,38,0.99547474090215549,0.99522392172812779,-0.022345142521339859,1,0,-1,STABLE,4.6279083925805109e-16,8.9162482713056872e-17,1
B2_D2_Original,B2,2,Original,full-grid,538,8,1,39,0.99551192576280612,0.99526085564913158,-0.022356733852001726,1,0,-1,STABLE,2.6124093749078464e-16,2.201593624421448e-16,1
B2_D2_Original,B2,2,Original,full-grid,539,8,2,40,0.99554926018555823,0.99529794460785603,-0.022368078044151786,1,0,-1,STABLE,3.7229996508855591e-16,2.201593624383153e-16,1
B2_D2_Original,B2,2,Original,full-grid,540,8,3,41,0.9969921146438675,0.98633022986336627,-0.14541648572197638,1,0,-1,STABLE,3.0955271157453139e-16,2.2015936244214751e-16,1
B2_D2_Original,B2,2,Original,full-grid,541,8,4,42,0.99857553497876983,0.98788740485673854,-0.14571058432232931,1,0,-1,STABLE,2.2899754720086712e-16,2.2015936244214751e-16,1
B2_D2_Original,B2,2,Original,full-grid,542,8,5,43,1.000169881981285,0.98949239786283172,-0.14575523110379704,0,0,1,UNSTABLE,2.9264367968451997e-16,2.2015936244214753e-16,1
B2_D2_Original,B2,2,Original,full-grid,543,8,6,44,1.0017232779655267,0.9910943342843842,-0.14553881326777793,0,0,1,UNSTABLE,3.419522141805633e-16,2.2015936243831527e-16,1
B2_D2_Original,B2,2,Original,full-grid,544,8,7,45,1.0031826540809714,0.99263872249636798,-0.14506482705921686,0,0,1,UNSTABLE,2.8128608287792812e-16,2.2015936244214753e-16,1
B2_D2_Original,B2,2,Original,full-grid,545,8,8,46,1.0045002212265508,0.99407393065825189,-0.14435274444859902,0,0,1,UNSTABLE,3.4314244056689339e-16,2.2015936244214748e-16,1
B2_D2_Original,B2,2,Original,full-grid,546,8,9,47,1.0056390235888137,0.99535728478115271,-0.14343542588131411,0,0,1,UNSTABLE,3.7407232342105502e-16,2.2015936244214756e-16,1
B2_D2_Original,B2,2,Original,full-grid,547,8,10,48,1.0065758610381297,0.99645887128727861,-0.14235407214946497,0,0,1,UNSTABLE,3.4209877743354961e-16,2.201593624383153e-16,1
B2_D2_Original,B2,2,Original,full-grid,548,8,11,49,1.0073012016204672,0.99736235188095457,-0.14115257644311149,0,0,1,UNSTABLE,4.3068394917314081e-16,2.2015936244214753e-16,1
B2_D2_Original,B2,2,Original,full-grid,549,8,12,50,1.0078169113213706,0.99806337811482604,-0.13987287089128236,0,0,1,UNSTABLE,3.209821127224116e-16,2.2015936244214748e-16,1
B2_D2_Original,B2,2,Original,full-grid,550,8,13,51,1.0081330497898957,0.99856677056101728,-0.138551978730066,0,0,1,UNSTABLE,3.690974467285523e-16,2.2015936244214753e-16,1
B2_D2_Original,B2,2,Original,full-grid,551,8,14,52,1.0082647306145809,0.99888350064696763,-0.13722069500098236,0,0,1,UNSTABLE,3.2793090925816878e-16,2.201593624383153e-16,1
B2_D2_Original,B2,2,Original,full-grid,552,8,15,53,1.0082295666963002,0.99902808513121233,-0.13590343733575064,0,0,1,UNSTABLE,4.4256381307123148e-16,2.2015936244214751e-16,1
B2_D2_Original,B2,2,Original,full-grid,553,8,16,54,1.0080458314665266,0.99901660934474767,-0.13461876760082497,0,0,1,UNSTABLE,3.2785065685030015e-16,2.2015936244214751e-16,1
B2_D2_Original,B2,2,Original,full-grid,554,8,17,55,1.0077312539155137,0.99886535695347667,-0.13338020391473701,0,0,1,UNSTABLE,3.6177929597457288e-16,2.2015936244214753e-16,1
B2_D2_Original,B2,2,Original,full-grid,555,8,18,56,1.0073022919431742,0.99858992447687545,-0.13219708804372335,0,0,1,UNSTABLE,1.573184202498834e-16,2.2015936243831527e-16,1
B2_D2_Original,B2,2,Original,full-grid,556,8,19,57,1.0067737307969487,0.99820468229166415,-0.13107538774996827,0,0,1,UNSTABLE,4.3742222308483249e-16,2.2015936244214751e-16,1
B2_D2_Original,B2,2,Original,full-grid,557,8,20,58,1.0061584844912999,0.99772246393000596,-0.13001838671229335,0,0,1,UNSTABLE,2.9363146059377514e-16,2.2015936244214748e-16,1
B2_D2_Original,B2,2,Original,full-grid,558,8,21,59,1.0054675131607682,0.99715439511179116,-0.12902725421761527,0,0,1,UNSTABLE,3.034504285996479e-16,2.2015936244214753e-16,1
B2_D2_Original,B2,2,Original,full-grid,559,8,22,60,1.0047097981131816,0.99650980076380491,-0.1281015043093266,0,0,1,UNSTABLE,2.2427708961456404e-16,2.2015936243831527e-16,1
B2_D2_Original,B2,2,Original,full-grid,560,8,23,61,1.0038923363250833,0.99579614808525285,-0.12723935865449629,0,0,1,UNSTABLE,4.4462004717849649e-16,2.2015936244214753e-16,1
B2_D2_Original,B2,2,Original,full-grid,561,8,24,62,1.0030201277462074,0.99501899604162491,-0.12643802505708168,0,0,1,UNSTABLE,2.9307508125351257e-16,2.2015936244214748e-16,1
B2_D2_Original,B2,2,Original,full-grid,562,8,25,63,1.0020961333555753,0.9941819273129191,-0.12569389758681607,0,0,1,UNSTABLE,2.6329272070305319e-16,2.2015936244214756e-16,1
B2_D2_Original,B2,2,Original,full-grid,563,8,26,64,1.0017475692300792,0.99931942786345973,-0.069705620670214796,0,0,1,UNSTABLE,1.9319340156041582e-16,2.201593624383153e-16,1
B2_D2_Original,B2,2,Original,full-grid,564,8,27,65,1.0018174084511031,0.99942952196770329,-0.069128507108806692,0,0,1,UNSTABLE,3.180898067460382e-16,2.2015936244214753e-16,1
B2_D2_Original,B2,2,Original,full-grid,565,8,28,66,1.0018599370784917,0.99951250810887671,-0.068542539031045513,0,0,1,UNSTABLE,2.2580841041505537e-16,2.2015936244214748e-16,1
B2_D2_Original,B2,2,Original,full-grid,566,8,29,67,1.0018755024644257,0.99956860774671297,-0.067949399155868256,0,0,1,UNSTABLE,2.5330365589317837e-16,2.2015936244214753e-16,1
B2_D2_Original,B2,2,Original,full-grid,567,8,30,68,1.0018646614554274,0.99959826504354465,-0.067350637674291738,0,0,1,UNSTABLE,4.650950638335031e-16,2.201593624383153e-16,1
B2_D2_Original,B2,2,Original,full-grid,568,8,31,69,1.0018281470403023,0.99960211481058536,-0.066747646163825461,0,0,1,UNSTABLE,4.3305736786083712e-16,2.2015936244214751e-16,1
B2_D2_Original,B2,2,Original,full-grid,569,8,32,70,1.0017668350485245,0.99958094976560874,-0.066141640959546166,0,0,1,UNSTABLE,4.1366572582687099e-16,2.2015936244214751e-16,1
B2_D2_Original,B2,2,Original,full-grid,570,8,33,71,1.0016817130189155,0.99953568934080117,-0.065533654945519507,0,0,1,UNSTABLE,3.27540693422877e-16,2.2015936244214753e-16,1
B2_D2_Original,B2,2,Original,full-grid,571,8,34,72,1.0015738526947529,0.99946735162992728,-0.064924536407047748,0,0,1,UNSTABLE,3.3896435703111246e-16,2.2015936243831527e-16,1
B2_D2_Original,B2,2,Original,full-grid,572,8,35,73,1.0014443869946958,0.99937702945335249,-0.064314953503637945,0,0,1,UNSTABLE,2.8671209928942466e-16,2.2015936244214751e-16,1
B2_D2_Original,B2,2,Original,full-grid,573,8,36,74,1.0012944918093443,0.99926587100428566,-0.063705403018732884,0,0,1,UNSTABLE,4.0357437183806807e-16,2.2015936244214748e-16,1
B2_D2_Original,B2,2,Original,full-grid,574,8,37,75,1.0011253725943658,0.99913506513929273,-0.063096222242770741,0,0,1,UNSTABLE,1.8208130380025269e-16,2.2015936244214753e-16,1
B2_D2_Original,B2,2,Original,full-grid,575,8,38,76,1.000938255463772,0.99898583108559746,-0.062487603099157803,0,0,1,UNSTABLE,3.659284058571347e-16,2.2015936243831527e-16,1
B2_D2_Original,B2,2,Original,full-grid,576,8,39,77,1.0007343823086503,0.99881941213777348,-0.061879607880371626,0,0,1,UNSTABLE,2.256445801952528e-16,2.2015936244214753e-16,1
B2_D2_Original,B2,2,Original,full-grid,577,8,40,78,1.0005150093500754,0.99863707278116065,-0.06127218620105028,0,0,1,UNSTABLE,3.2601904087101914e-16,2.2015936244214748e-16,1
B2_D2_Original,B2,2,Original,full-grid,578,8,41,79,1.0002814084555307,0.99844009858551686,-0.060665192971946863,0,0,1,UNSTABLE,3.6398934269468204e-16,2.2015936244214756e-16,1
B2_D2_Original,B2,2,Original,full-grid,579,8,42,80,1.0000348704846198,0.99822979813874924,-0.060058407347032522,0,0,1,UNSTABLE,4.73847304073494e-16,2.201593624383153e-16,1
B2_D2_Original,B2,2,Original,full-grid,580,8,43,81,0.9997767098688547,0.99800750622420087,-0.059451552682360791,1,0,-1,STABLE,4.1391418881631351e-16,2.2015936244214753e-16,1
B2_D2_Original,B2,2,Original,full-grid,581,8,44,82,0.9995082695667572,0.99777458738053859,-0.058844317567027363,1,0,-1,STABLE,2.2593445200926796e-16,2.2015936244214748e-16,1
B2_D2_Original,B2,2,Original,full-grid,582,8,45,83,0.99923092547205006,0.99753243892358201,-0.058236377934240961,1,0,-1,STABLE,3.7109707720568585e-16,2.2015936244214753e-16,1
B2_D2_Original,B2,2,Original,full-grid,583,8,46,84,0.9989460893038461,0.99728249246846934,-0.057627420134210766,1,0,-1,STABLE,3.0114051257569106e-16,2.201593624383153e-16,1
B2_D2_Original,B2,2,Original,full-grid,584,8,47,85,0.99898210218586836,0.98822175692363379,-0.14622927077183598,1,0,-1,STABLE,2.6524748586366546e-16,2.2015936244214751e-16,1
B2_D2_Original,B2,2,Original,full-grid,585,8,48,86,1.000174640843535,0.98950952338584497,-0.14567160092211578,0,0,1,UNSTABLE,2.9831271567406208e-16,2.2015936244214751e-16,1
B2_D2_Original,B2,2,Original,full-grid,586,8,49,87,1.0012140598111299,0.99065145983079406,-0.14504922853500893,0,0,1,UNSTABLE,4.3613800947881472e-16,2.2015936244214753e-16,1
B2_D2_Original,B2,2,Original,full-grid,587,8,50,88,1.0021162543829953,0.99166127501946166,-0.14437763997717992,0,0,1,UNSTABLE,4.2264311082934296e-16,2.2015936243831527e-16,1
B2_D2_Original,B2,2,Original,full-grid,588,8,51,89,1.0028950317595868,0.9925510702913708,-0.14366912539413956,0,0,1,UNSTABLE,2.1946147593621125e-16,2.2015936244214751e-16,1
B2_D2_Original,B2,2,Original,full-grid,589,8,52,90,1.0035623900621473,0.99333151397533759,-0.14293346036080301,0,0,1,UNSTABLE,3.2485679192036754e-16,2.2015936244214748e-16,1
B2_D2_Original,B2,2,Original,full-grid,590,8,53,91,1.0041287658697402,0.99401200647642729,-0.14217844220483863,0,0,1,UNSTABLE,3.775511704178453e-16,2.2015936244214753e-16,1
B2_D2_Original,B2,2,Original,full-grid,591,8,54,92,1.0046032504105971,0.994600832384815,-0.14141030710301764,0,0,1,UNSTABLE,3.6863705674193193e-16,2.2015936243831527e-16,1
B2_D2_Original,B2,2,Original,full-grid,592,8,55,93,1.0049937757904566,0.99510529719596619,-0.14063405302445961,0,0,1,UNSTABLE,2.6233305915230955e-16,2.2015936244214753e-16,1
B2_D2_Original,B2,2,Original,full-grid,593,8,56,94,1.0053072738091693,0.9955318479386801,-0.13985368966681261,0,0,1,UNSTABLE,6.5309114879494803e-16,2.2015936244214748e-16,1
B2_D2_Original,B2,2,Original,full-grid,594,8,57,95,1.0055498105053695,0.99588617824115788,-0.13907243219130552,0,0,1,UNSTABLE,2.1518733764120838e-16,2.2015936244214756e-16,1
B2_D2_Original,B2,2,Original,full-grid,595,8,58,96,1.0057266996766066,0.9961733190600004,-0.13829285171469166,0,0,1,UNSTABLE,3.6839858678857934e-16,2.201593624383153e-16,1
B2_D2_Original,B2,2,Original,full-grid,596,8,59,97,1.0058425984405652,0.99639771659843168,-0.13751699238675616,0,0,1,UNSTABLE,2.8479588725876822e-16,2.2015936244214753e-16,1
B2_D2_Original,B2,2,Original,full-grid,597,8,60,98,1.0059015875841073,0.99656329900040419,-0.13674646243928493,0,0,1,UNSTABLE,1.8938340416816647e-16,2.2015936244214748e-16,1
B2_D2_Original,B2,2,Original,full-grid,598,8,61,99,1.0059072390868187,0.99667353333859543,-0.13598250471890017,0,0,1,UNSTABLE,2.8342272801327701e-16,2.2015936244214753e-16,1
B2_D2_Original,B2,2,Original,full-grid,599,8,62,100,1.0058626728596629,0.99673147429043141,-0.13522605078611238,0,0,1,UNSTABLE,4.6668678946569789e-16,2.201593624383153e-16,1
B2_D2_Original,B2,2,Original,full-grid,600,8,63,101,1.0057706044362054,0.99673980576285293,-0.1344777615659932,0,0,1,UNSTABLE,3.531709200254214e-16,2.2015936244214751e-16,1
B2_D2_Original,B2,2,Original,full-grid,601,8,64,102,1.0056333851078814,0.99670087661156903,-0.13373805668270525,0,0,1,UNSTABLE,4.2025897829331781e-16,2.2015936244214751e-16,1
B2_D2_Original,B2,2,Original,full-grid,602,8,65,103,1.0054530358161644,0.9966167315249046,-0.13300713393106828,0,0,1,UNSTABLE,3.5262822240922277e-16,2.2015936244214753e-16,1
B2_D2_Original,B2,2,Original,full-grid,603,8,66,104,1.0052312760125477,0.99648913812330642,-0.13228497978260756,0,0,1,UNSTABLE,4.4492551417614605e-16,2.2015936243831527e-16,1
B2_D2_Original,B2,2,Original,full-grid,604,9,0,39,0.99548021952390964,0.9952293613391241,-0.022346941443751201,1,0,-1,STABLE,2.3735786914439931e-16,8.9162482713522608e-17,1
B2_D2_Original,B2,2,Original,full-grid,605,9,1,40,0.99563568013613468,0.98550156535908573,-0.14169358572262586,1,0,-1,STABLE,2.7257100426531488e-16,2.201593624383153e-16,1
B2_D2_Original,B2,2,Original,full-grid,606,9,2,41,0.99707986221198508,0.98685438494916178,-0.14243129759741241,1,0,-1,STABLE,3.6164325214435695e-16,2.2015936244214751e-16,1
B2_D2_Original,B2,2,Original,full-grid,607,9,3,42,0.99861445197614884,0.98832702002467498,-0.14297036470811006,1,0,-1,STABLE,2.9188717359302009e-16,2.2015936244214751e-16,1
B2_D2_Original,B2,2,Original,full-grid,608,9,4,43,1.0002026967029256,0.98988656044508105,-0.14328304834142641,0,0,1,UNSTABLE,2.4804390942180974e-16,2.2015936244214753e-16,1
B2_D2_Original,B2,2,Original,full-grid,609,9,5,44,1.0017995458627513,0.9914905640217615,-0.14334849684117346,0,0,1,UNSTABLE,2.8713701793524036e-16,2.2015936243831527e-16,1
B2_D2_Original,B2,2,Original,full-grid,610,9,6,45,1.0033544868856945,0.99308924952894551,-0.14315714730215534,0,0,1,UNSTABLE,4.1404761539057098e-16,2.2015936244214753e-16,1
B2_D2_Original,B2,2,Original,full-grid,611,9,7,46,1.0048165674028124,0.99463012138667273,-0.14271389475977331,0,0,1,UNSTABLE,4.9113746287183836e-16,2.2015936244214743e-16,1
B2_D2_Original,B2,2,Original,full-grid,612,9,8,47,1.0061403452148339,0.99606397275426173,-0.14203857381015228,0,0,1,UNSTABLE,3.3213893469517784e-16,2.2015936244214756e-16,1
B2_D2_Original,B2,2,Original,full-grid,613,9,9,48,1.0072908664732794,0.99735038854372071,-0.14116335272364186,0,0,1,UNSTABLE,2.5666749954620273e-16,2.201593624383153e-16,1
B2_D2_Original,B2,2,Original,full-grid,614,9,10,49,1.0082462136637367,0.99846110202212257,-0.1401279954756717,0,0,1,UNSTABLE,2.8928429930394617e-16,2.2015936244214753e-16,1
B2_D2_Original,B2,2,Original,full-grid,615,9,11,50,1.0089973421695808,0.9993806495239741,-0.13897465186974856,0,0,1,UNSTABLE,4.2837873006997951e-16,2.2015936244214751e-16,1
B2_D2_Original,B2,2,Original,full-grid,616,9,12,51,1.0095459585458997,1.0001048694944101,-0.13774357491341779,0,0,1,UNSTABLE,3.3547854814370951e-16,2.2015936244214751e-16,1
B2_D2_Original,B2,2,Original,full-grid,617,9,13,52,1.0099015520213483,1.0006382849455935,-0.13647039047452456,0,0,1,UNSTABLE,2.8763413794854443e-16,2.201593624383153e-16,1
B2_D2_Original,B2,2,Original,full-grid,618,9,14,53,1.0100784740764277,1.0009912981474836,-0.13518485427584054,0,0,1,UNSTABLE,3.0097854480227298e-16,2.2015936244214751e-16,1
B2_D2_Original,B2,2,Original,full-grid,619,9,15,54,1.0100935431157243,1.0011777528910311,-0.13391069023846852,0,0,1,UNSTABLE,2.3996895198658583e-16,2.2015936244214751e-16,1
B2_D2_Original,B2,2,Original,full-grid,620,9,16,55,1.0099643038241306,1.0012130699364923,-0.13266606041978313,0,0,1,UNSTABLE,3.1871416124155356e-16,2.2015936244214753e-16,1
B2_D2_Original,B2,2,Original,full-grid,621,9,17,56,1.0097078754435016,1.0011129441686411,-0.1314643174044772,0,0,1,UNSTABLE,2.9519635889973848e-16,2.2015936243831527e-16,1
B2_D2_Original,B2,2,Original,full-grid,622,9,18,57,1.0093402515373999,1.0008924973987829,-0.13031481889796415,0,0,1,UNSTABLE,2.5307844927922814e-16,2.2015936244214751e-16,1
B2_D2_Original,B2,2,Original,full-grid,623,9,19,58,1.0088759117860606,1.0005657618083443,-0.12922368853674868,0,0,1,UNSTABLE,3.6415510877978091e-16,2.2015936244214751e-16,1
B2_D2_Original,B2,2,Original,full-grid,624,9,20,59,1.0083276324908825,1.0001453849231221,-0.12819447516039054,0,0,1,UNSTABLE,4.2121888739266169e-16,2.2015936244214751e-16,1
B2_D2_Original,B2,2,Original,full-grid,625,9,21,60,1.0077064138224325,0.99964247313886978,-0.12722870099026934,0,0,1,UNSTABLE,2.5373286937996466e-16,2.2015936243831527e-16,1
B2_D2_Original,B2,2,Original,full-grid,626,9,22,61,1.0070214686123229,0.99906651549759162,-0.12632630706871936,0,0,1,UNSTABLE,3.019401215740582e-16,2.2015936244214753e-16,1
B2_D2_Original,B2,2,Original,full-grid,627,9,23,62,1.0062802368768147,0.99842534843043029,-0.12548601013831112,0,0,1,UNSTABLE,3.6506287584902667e-16,2.2015936244214743e-16,1
B2_D2_Original,B2,2,Original,full-grid,628,9,24,63,1.0054884024891095,0.9977251348647711,-0.12470558447469682,0,0,1,UNSTABLE,3.3558031069221954e-16,2.2015936244214756e-16,1
B2_D2_Original,B2,2,Original,full-grid,629,9,25,64,1.0046498946464866,0.99697033810523505,-0.1239820783481619,0,0,1,UNSTABLE,2.8160025125536128e-16,2.201593624383153e-16,1
B2_D2_Original,B2,2,Original,full-grid,630,9,26,65,1.0037668581473458,0.99616367315831278,-0.1233119693895621,0,0,1,UNSTABLE,2.3954894622185695e-16,2.2015936244214753e-16,1
B2_D2_Original,B2,2,Original,full-grid,631,9,27,66,1.0028395736724609,0.99530601631888804,-0.12269125642436184,0,0,1,UNSTABLE,3.0989974751275476e-16,2.2015936244214748e-16,1
B2_D2_Original,B2,2,Original,full-grid,632,9,28,67,1.0019595295652926,0.99962137833583542,-0.068410517178769364,0,0,1,UNSTABLE,2.8631335272317876e-16,2.2015936244214751e-16,1
B2_D2_Original,B2,2,Original,full-grid,633,9,29,68,1.0019661533588402,0.99966776033146698,-0.067827291192997227,0,0,1,UNSTABLE,3.5336942835453201e-16,2.201593624383153e-16,1
B2_D2_Original,B2,2,Original,full-grid,634,9,30,69,1.0019473678920445,0.99968872403569642,-0.067238255938693092,0,0,1,UNSTABLE,4.6120942914030151e-16,2.2015936244214751e-16,1
B2_D2_Original,B2,2,Original,full-grid,635,9,31,70,1.0019037925415331,0.99968479630945395,-0.066644711244278551,0,0,1,UNSTABLE,3.1012665755429255e-16,2.2015936244214751e-16,1
B2_D2_Original,B2,2,Original,full-grid,636,9,32,71,1.0018361918011067,0.99965666248463525,-0.066047803541253156,0,0,1,UNSTABLE,5.6750042218675948e-16,2.2015936244214753e-16,1
B2_D2_Original,B2,2,Original,full-grid,637,9,33,72,1.0017454475006256,0.99960513879274482,-0.065448514783501319,0,0,1,UNSTABLE,3.5818806727547255e-16,2.2015936243831527e-16,1
B2_D2_Original,B2,2,Original,full-grid,638,9,34,73,1.0016325335880079,0.99953114687247191,-0.064847658197751304,0,0,1,UNSTABLE,3.3308270751784629e-16,2.2015936244214751e-16,1
B2_D2_Original,B2,2,Original,full-grid,639,9,35,74,1.0014984944877081,0.99943569147883493,-0.064245879707331005,0,0,1,UNSTABLE,2.3139407592917294e-16,2.2015936244214751e-16,1
B2_D2_Original,B2,2,Original,full-grid,640,9,36,75,1.0013444275772008,0.99931984203685054,-0.063643663874385997,0,0,1,UNSTABLE,3.2540027048142546e-16,2.2015936244214751e-16,1
B2_D2_Original,B2,2,Original,full-grid,641,9,37,76,1.0011714699400589,0.99918471828445521,-0.063041343329217278,0,0,1,UNSTABLE,3.4920932775244691e-16,2.2015936243831527e-16,1
B2_D2_Original,B2,2,Original,full-grid,642,9,38,77,1.0009807892643134,0.99903147994088193,-0.062439110846801142,0,0,1,UNSTABLE,2.7032532426869784e-16,2.2015936244214753e-16,1
B2_D2_Original,B2,2,Original,full-grid,643,9,39,78,1.000773578544031,0.99886132010711925,-0.061837033448323163,0,0,1,UNSTABLE,2.7055840977012711e-16,2.2015936244214743e-16,1
B2_D2_Original,B2,2,Original,full-grid,644,9,40,79,1.0005510540917262,0.99867546193785295,-0.061235068116892652,0,0,1,UNSTABLE,3.2515368023913943e-16,2.2015936244214756e-16,1
B2_D2_Original,B2,2,Original,full-grid,645,9,41,80,1.0003144562566426,0.99847515799793429,-0.060633078901063869,0,0,1,UNSTABLE,1.9097815736339588e-16,2.201593624383153e-16,1
B2_D2_Original,B2,2,Original,full-grid,646,9,42,81,1.0000650521521308,0.99826169161482037,-0.060030855319255783,0,0,1,UNSTABLE,3.593975613372405e-16,2.2015936244214753e-16,1
B2_D2_Original,B2,2,Original,full-grid,647,9,43,82,0.99980413960992276,0.99803637944753532,-0.059428132062124002,1,0,-1,STABLE,2.9084203257956652e-16,2.2015936244214748e-16,1
B2_D2_Original,B2,2,Original,full-grid,648,9,44,83,0.99953305149631677,0.99780057440898839,-0.058824610008325062,1,0,-1,STABLE,4.3692952744037042e-16,2.2015936244214751e-16,1
B2_D2_Original,B2,2,Original,full-grid,649,9,45,84,0.99925315944829229,0.99755566800520534,-0.058219978513246499,1,0,-1,STABLE,3.1714436747233363e-16,2.201593624383153e-16,1
B2_D2_Original,B2,2,Original,full-grid,650,9,46,85,0.99896587603085163,0.99730309110634008,-0.05761393879805312,1,0,-1,STABLE,3.6159696679644622e-16,2.2015936244214751e-16,1
B2_D2_Original,B2,2,Original,full-grid,651,9,47,86,0.99921979353588875,0.98886223416990482,-0.14349800565306936,1,0,-1,STABLE,4.2276224035746185e-16,2.2015936244214751e-16,1
B2_D2_Original,B2,2,Original,full-grid,652,9,48,87,1.0005242735471944,0.99024296202448459,-0.14306536309713858,0,0,1,UNSTABLE,3.1109909210367296e-16,2.2015936244214753e-16,1
B2_D2_Original,B2,2,Original,full-grid,653,9,49,88,1.0016657101778492,0.9914697027818602,-0.14255533456081129,0,0,1,UNSTABLE,2.1762237320983244e-16,2.2015936243831527e-16,1
B2_D2_Original,B2,2,Original,full-grid,654,9,50,89,1.0026621950030969,0.99255810517261023,-0.1419855103332239,0,0,1,UNSTABLE,3.7209015510799774e-16,2.2015936244214751e-16,1
B2_D2_Original,B2,2,Original,full-grid,655,9,51,90,1.0035291316348858,0.99352164956217592,-0.14136990447446984,0,0,1,UNSTABLE,2.1008017674305951e-16,2.2015936244214751e-16,1
B2_D2_Original,B2,2,Original,full-grid,656,9,52,91,1.0042797236558947,0.99437202667795144,-0.14071970688835175,0,0,1,UNSTABLE,4.7930192674637334e-16,2.2015936244214751e-16,1
B2_D2_Original,B2,2,Original,full-grid,657,9,53,92,1.0049253479041336,0.99511942310497714,-0.14004388104969576,0,0,1,UNSTABLE,3.4848007101585265e-16,2.2015936243831527e-16,1
B2_D2_Original,B2,2,Original,full-grid,658,9,54,93,1.0054758496970893,0.99577274739075605,-0.13934963178261106,0,0,1,UNSTABLE,3.1173571149402174e-16,2.2015936244214753e-16,1
B2_D2_Original,B2,2,Original,full-grid,659,9,55,94,1.0059397807868971,0.99633981409554062,-0.13864276907813983,0,0,1,UNSTABLE,4.8226348951428871e-16,2.2015936244214743e-16,1
B2_D2_Original,B2,2,Original,full-grid,660,9,56,95,1.0063245933063079,0.9968274958418154,-0.13792799073009668,0,0,1,UNSTABLE,2.8718515070279058e-16,2.2015936244214756e-16,1
B2_D2_Original,B2,2,Original,full-grid,661,9,57,96,1.0066367989708587,0.99724184995475318,-0.13720910225316066,0,0,1,UNSTABLE,3.2936905085050268e-16,2.201593624383153e-16,1
B2_D2_Original,B2,2,Original,full-grid,662,9,58,97,1.0068821004136501,0.997588224447848,-0.13648918849635647,0,0,1,UNSTABLE,2.6880882018387681e-16,2.2015936244214753e-16,1
B2_D2_Original,B2,2,Original,full-grid,663,9,59,98,1.0070654999394069,0.99787134699766233,-0.13577074798821051,0,0,1,UNSTABLE,4.4359707885660053e-16,2.2015936244214748e-16,1
B2_D2_Original,B2,2,Original,full-grid,664,9,60,99,1.0071913898409877,0.99809539979589379,-0.1350557983801341,0,0,1,UNSTABLE,3.3711964928787481e-16,2.2015936244214751e-16,1
B2_D2_Original,B2,2,Original,full-grid,665,9,61,100,1.0072636275597024,0.99826408260819322,-0.13434595929596527,0,0,1,UNSTABLE,2.530686157469219e-16,2.201593624383153e-16,1
B2_D2_Original,B2,2,Original,full-grid,666,9,62,101,1.0072855983033273,0.99838066593473895,-0.13364251732513657,0,0,1,UNSTABLE,3.7734355986223243e-16,2.2015936244214751e-16,1
B2_D2_Original,B2,2,Original,full-grid,667,9,63,102,1.0072602672127322,0.99844803582305097,-0.13294647669854315,0,0,1,UNSTABLE,3.8527688646696844e-16,2.2015936244214751e-16,1
B2_D2_Original,B2,2,Original,full-grid,668,9,64,103,1.0071902227566252,0.99846873160928462,-0.13225859826524192,0,0,1,UNSTABLE,4.3768008382834166e-16,2.2015936244214753e-16,1
B2_D2_Original,B2,2,Original,full-grid,669,9,65,104,1.007077712712102,0.9984449776490758,-0.13157942866867667,0,0,1,UNSTABLE,3.0436491268894691e-16,2.2015936243831527e-16,1
B2_D2_Original,B2,2,Original,full-grid,670,9,66,105,1.0069246738425364,0.99837870993767752,-0.13090932104352582,0,0,1,UNSTABLE,4.9850583991363723e-16,2.2015936244214751e-16,1
B2_D2_Original,B2,2,Original,full-grid,671,10,0,40,0.99548571213276682,0.99523481471915276,-0.022348750108573318,1,0,-1,STABLE,4.4235749785072017e-16,8.9162482713063651e-17,1
B2_D2_Original,B2,2,Original,full-grid,672,10,1,41,0.99679572686538653,0.98704966371774128,-0.13904920874204271,1,0,-1,STABLE,2.393472139232937e-16,2.2015936244214751e-16,1
B2_D2_Original,B2,2,Original,full-grid,673,10,2,42,0.99824757800754571,0.98840852284415726,-0.13980993872741007,1,0,-1,STABLE,3.9015209082134364e-16,2.2015936244214748e-16,1
B2_D2_Original,B2,2,Original,full-grid,674,10,3,43,0.99978832607168477,0.98988511670379697,-0.14037148099785698,1,0,-1,STABLE,4.1525811990570106e-16,2.2015936244214751e-16,1
B2_D2_Original,B2,2,Original,full-grid,675,10,4,44,1.0013812075179223,0.99144625083975368,-0.1407076915660547,0,0,1,UNSTABLE,4.4589111306486132e-16,2.2015936243831527e-16,1
B2_D2_Original,B2,2,Original,full-grid,676,10,5,45,1.0029819270981426,0.99304997699389941,-0.14079946476432281,0,0,1,UNSTABLE,3.4591373076374525e-16,2.2015936244214753e-16,1
B2_D2_Original,B2,2,Original,full-grid,677,10,6,46,1.0045414773710608,0.99464784504949999,-0.14063870056715927,0,0,1,UNSTABLE,2.8542136128945563e-16,2.2015936244214748e-16,1
B2_D2_Original,B2,2,Original,full-grid,678,10,7,47,1.0060108691021779,0.99618930081121737,-0.14023104399874151,0,0,1,UNSTABLE,2.2253258200727183e-16,2.2015936244214756e-16,1
B2_D2_Original,B2,2,Original,full-grid,679,10,8,48,1.0073466040928871,0.99762723318001489,-0.13959614749361976,0,0,1,UNSTABLE,4.5731224853512703e-16,2.2015936243831535e-16,1
B2_D2_Original,B2,2,Original,full-grid,680,10,9,49,1.0085152032070637,0.99892299297341158,-0.13876515848305193,0,0,1,UNSTABLE,3.245562520429174e-16,2.2015936244214753e-16,1
B2_D2_Original,B2,2,Original,full-grid,681,10,10,50,1.0094955157559324,1.000049441109089,-0.13777631025954559,0,0,1,UNSTABLE,2.0167769479194289e-16,2.2015936244214743e-16,1
B2_D2_Original,B2,2,Original,full-grid,682,10,11,51,1.0102785690767817,1.000991544374743,-0.13667009631260366,0,0,1,UNSTABLE,2.7276631413325916e-16,2.2015936244214753e-16,1
B2_D2_Original,B2,2,Original,full-grid,683,10,12,52,1.0108656243430225,1.0017450022107641,-0.13548527973239397,0,0,1,UNSTABLE,2.2200334994237916e-16,2.201593624383153e-16,1
B2_D2_Original,B2,2,Original,full-grid,684,10,13,53,1.0112654314199803,1.0023138307597712,-0.13425631252463144,0,0,1,UNSTABLE,4.5903131313887098e-16,2.2015936244214751e-16,1
B2_D2_Original,B2,2,Original,full-grid,685,10,14,54,1.0114914980657521,1.0027077467025727,-0.13301212486818151,0,0,1,UNSTABLE,2.9567057860413161e-16,2.2015936244214753e-16,1
B2_D2_Original,B2,2,Original,full-grid,686,10,15,55,1.0115598229896392,1.002939868679384,-0.1317759283792389,0,0,1,UNSTABLE,3.0992384591825284e-16,2.2015936244214753e-16,1
B2_D2_Original,B2,2,Original,full-grid,687,10,16,56,1.0114872278990488,1.0030249396490447,-0.13056562581679984,0,0,1,UNSTABLE,4.460280046704313e-16,2.2015936243831527e-16,1
B2_D2_Original,B2,2,Original,full-grid,688,10,17,57,1.0112902400784649,1.0029780716946872,-0.12939450288774215,0,0,1,UNSTABLE,2.585424186898192e-16,2.2015936244214751e-16,1
B2_D2_Original,B2,2,Original,full-grid,689,10,18,58,1.0109844048639154,1.0028139223499766,-0.12827199234088618,0,0,1,UNSTABLE,3.6657468316453914e-16,2.2015936244214748e-16,1
B2_D2_Original,B2,2,Original,full-grid,690,10,19,59,1.0105839006142581,1.0025461893189587,-0.12720439639715198,0,0,1,UNSTABLE,2.8083558416198295e-16,2.2015936244214751e-16,1
B2_D2_Original,B2,2,Original,full-grid,691,10,20,60,1.0101013501448777,1.0021873221969075,-0.12619551811493257,0,0,1,UNSTABLE,2.5926569824521748e-16,2.2015936243831527e-16,1
B2_D2_Original,B2,2,Original,full-grid,692,10,21,61,1.0095477505457957,1.0017483726597718,-0.12524718961148373,0,0,1,UNSTABLE,2.0368673370257347e-16,2.2015936244214753e-16,1
B2_D2_Original,B2,2,Original,full-grid,693,10,22,62,1.0089324681739475,1.0012389272753617,-0.12435970345757766,0,0,1,UNSTABLE,3.3768764765827232e-16,2.2015936244214748e-16,1
B2_D2_Original,B2,2,Original,full-grid,694,10,23,63,1.0082632643272715,1.0006670852662971,-0.1235321604139519,0,0,1,UNSTABLE,4.8670017994431891e-16,2.2015936244214756e-16,1
B2_D2_Original,B2,2,Original,full-grid,695,10,24,64,1.007546329606376,1.0000394563242185,-0.1227627471916522,0,0,1,UNSTABLE,3.6980749066780522e-16,2.2015936243831535e-16,1
B2_D2_Original,B2,2,Original,full-grid,696,10,25,65,1.0067863122193059,0.99936116143039611,-0.12204895532793245,0,0,1,UNSTABLE,4.4864060729032404e-16,2.2015936244214753e-16,1
B2_D2_Original,B2,2,Original,full-grid,697,10,26,66,1.0059863285977944,0.99863582344950541,-0.12138774834800081,0,0,1,UNSTABLE,3.981740592546978e-16,2.2015936244214748e-16,1
B2_D2_Original,B2,2,Original,full-grid,698,10,27,67,1.005147944532413,0.9978655348073715,-0.12077567984214818,0,0,1,UNSTABLE,3.4371822758427334e-16,2.2015936244214753e-16,1
B2_D2_Original,B2,2,Original,full-grid,699,10,28,68,1.0042711120167043,0.99705078728254692,-0.1202089597763884,0,0,1,UNSTABLE,3.3774213526078361e-16,2.201593624383153e-16,1
B2_D2_Original,B2,2,Original,full-grid,700,10,29,69,1.0033540409211978,0.99619034377238935,-0.11968345920612966,0,0,1,UNSTABLE,2.9724080304248503e-16,2.2015936244214751e-16,1
B2_D2_Original,B2,2,Original,full-grid,701,10,30,70,1.002392974454722,0.99528102308055266,-0.11919463214387382,0,0,1,UNSTABLE,2.0888074781645497e-16,2.2015936244214753e-16,1
B2_D2_Original,B2,2,Original,full-grid,702,10,31,71,1.0019825844055621,0.99977075193570375,-0.066539785286447425,0,0,1,UNSTABLE,2.4074958581140107e-16,2.2015936244214753e-16,1
B2_D2_Original,B2,2,Original,full-grid,703,10,32,72,1.001908481045573,0.9997354255149109,-0.065952129317916081,0,0,1,UNSTABLE,2.8937045251455303e-16,2.2015936243831527e-16,1
B2_D2_Original,B2,2,Original,full-grid,704,10,33,73,1.0018119055805073,0.99967741929152365,-0.065361697663742196,0,0,1,UNSTABLE,2.7130614725685056e-16,2.2015936244214751e-16,1
B2_D2_Original,B2,2,Original,full-grid,705,10,34,74,1.0016937360899345,0.9995975605865719,-0.064769265791624189,0,0,1,UNSTABLE,3.2786074306514141e-16,2.2015936244214748e-16,1
B2_D2_Original,B2,2,Original,full-grid,706,10,35,75,1.0015549295966197,0.99949676738821736,-0.06417545465202236,0,0,1,UNSTABLE,4.1073797678597716e-16,2.2015936244214751e-16,1
B2_D2_Original,B2,2,Original,full-grid,707,10,36,76,1.0013965054240355,0.99937603100168015,-0.06358073399072435,0,0,1,UNSTABLE,4.3221591563373919e-16,2.2015936243831527e-16,1
B2_D2_Original,B2,2,Original,full-grid,708,10,37,77,1.0012195323012785,0.99923640222979537,-0.062985429429715578,0,0,1,UNSTABLE,4.3986905212493249e-16,2.2015936244214753e-16,1
B2_D2_Original,B2,2,Original,full-grid,709,10,38,78,1.0010251192350912,0.99907898116828631,-0.06238973254765242,0,0,1,UNSTABLE,3.2042523979685543e-16,2.2015936244214748e-16,1
B2_D2_Original,B2,2,Original,full-grid,710,10,39,79,1.0008144099344338,0.99890491044997798,-0.061793713364144617,0,0,1,UNSTABLE,2.3173223425668651e-16,2.2015936244214756e-16,1
B2_D2_Original,B2,2,Original,full-grid,711,10,40,80,1.0005885803924834,0.998715371576538,-0.06119733481601191,0,0,1,UNSTABLE,4.7120887796230318e-16,2.2015936243831535e-16,1
B2_D2_Original,B2,2,Original,full-grid,712,10,41,81,1.0003488390889363,0.99851158382173244,-0.060600468978368377,0,0,1,UNSTABLE,3.4856122401237042e-16,2.2015936244214753e-16,1
B2_D2_Original,B2,2,Original,full-grid,713,10,42,82,1.0000964291554266,0.99829480506079915,-0.060002914912997557,0,0,1,UNSTABLE,3.6785846850095677e-16,2.2015936244214748e-16,1
B2_D2_Original,B2,2,Original,full-grid,714,10,43,83,0.99983263173753201,0.99806633376593112,-0.059404418103641908,1,0,-1,STABLE,2.8017767488795027e-16,2.2015936244214753e-16,1
B2_D2_Original,B2,2,Original,full-grid,715,10,44,84,0.99955876968425661,0.99782751130448433,-0.058804691450629547,1,0,-1,STABLE,3.414953084957405e-16,2.201593624383153e-16,1
B2_D2_Original,B2,2,Original,full-grid,716,10,45,85,0.99927621060503569,0.99757972358951108,-0.058203437735533277,1,0,-1,STABLE,3.3267736404960991e-16,2.2015936244214751e-16,1
B2_D2_Original,B2,2,Original,full-grid,717,10,46,86,0.99898636826902343,0.99732440107518516,-0.057600373326533241,1,0,-1,STABLE,3.4827691460408775e-16,2.2015936244214753e-16,1
B2_D2_Original,B2,2,Original,full-grid,718,10,47,87,0.99892627246493049,0.98897567200389669,-0.14064429602767931,1,0,-1,STABLE,1.9476329768774469e-16,2.2015936244214753e-16,1
B2_D2_Original,B2,2,Original,full-grid,719,10,48,88,1.0003738838380667,0.990481441355891,-0.14033681553610378,0,0,1,UNSTABLE,2.1609121774717404e-16,2.2015936243831527e-16,1
B2_D2_Original,B2,2,Original,full-grid,720,10,49,89,1.0016418209552154,0.99181840264367582,-0.13993782070558047,0,0,1,UNSTABLE,3.9139241868126822e-16,2.2015936244214751e-16,1
B2_D2_Original,B2,2,Original,full-grid,721,10,50,90,1.0027522076589097,0.99300598373233195,-0.1394672228037849,0,0,1,UNSTABLE,2.4108313829913068e-16,2.2015936244214748e-16,1
B2_D2_Original,B2,2,Original,full-grid,722,10,51,91,1.0037232641569682,0.99406025859104741,-0.13894097055879182,0,0,1,UNSTABLE,1.9653027539486377e-16,2.2015936244214751e-16,1
B2_D2_Original,B2,2,Original,full-grid,723,10,52,92,1.0045702376647447,0.99499477153026628,-0.1383718433397316,0,0,1,UNSTABLE,3.2911941963487797e-16,2.2015936243831527e-16,1
B2_D2_Original,B2,2,Original,full-grid,724,10,53,93,1.0053060377730707,0.99582108194548091,-0.13777010682990135,0,0,1,UNSTABLE,2.9889527977983143e-16,2.2015936244214753e-16,1
B2_D2_Original,B2,2,Original,full-grid,725,10,54,94,1.0059416931431979,0.99654914752842427,-0.13714403583158441,0,0,1,UNSTABLE,2.9468830197759898e-16,2.2015936244214748e-16,1
B2_D2_Original,B2,2,Original,full-grid,726,10,55,95,1.0064866927679736,0.99718760724318511,-0.13650032483340346,0,0,1,UNSTABLE,2.417277277146668e-16,2.2015936244214756e-16,1
B2_D2_Original,B2,2,Original,full-grid,727,10,56,96,1.0069492483539244,0.99774399792094504,-0.13584440869341263,0,0,1,UNSTABLE,3.2991905414779427e-16,2.2015936243831535e-16,1
B2_D2_Original,B2,2,Original,full-grid,728,10,57,97,1.007336500326981,0.99822492441316935,-0.13518071301532697,0,0,1,UNSTABLE,4.1301435365190168e-16,2.2015936244214753e-16,1
B2_D2_Original,B2,2,Original,full-grid,729,10,58,98,1.0076546821206944,0.99863619580290131,-0.1345128500629855,0,0,1,UNSTABLE,4.485201259361453e-16,2.2015936244214748e-16,1
B2_D2_Original,B2,2,Original,full-grid,730,10,59,99,1.0079092527608149,0.99898293596074184,-0.13384377258625305,0,0,1,UNSTABLE,2.1878113969718952e-16,2.2015936244214753e-16,1
B2_D2_Original,B2,2,Original,full-grid,731,10,60,100,1.0081050048486635,0.99926967420087998,-0.13317589505383795,0,0,1,UNSTABLE,3.9657723944607053e-16,2.201593624383153e-16,1
B2_D2_Original,B2,2,Original,full-grid,732,10,61,101,1.0082461531299343,0.99950042018657204,-0.13251118952064733,0,0,1,UNSTABLE,2.5094687257827846e-16,2.2015936244214751e-16,1
B2_D2_Original,B2,2,Original,full-grid,733,10,62,102,1.0083364075192989,0.99967872616198805,-0.13185126160970351,0,0,1,UNSTABLE,2.7221476808494235e-16,2.2015936244214753e-16,1
B2_D2_Original,B2,2,Original,full-grid,734,10,63,103,1.008379033516795,0.99980773884157514,-0.13119741075479321,0,0,1,UNSTABLE,2.9819037223903303e-16,2.2015936244214753e-16,1
B2_D2_Original,B2,2,Original,full-grid,735,10,64,104,1.0083769022695102,0.99989024275077987,-0.13055067783217414,0,0,1,UNSTABLE,2.8457353308527036e-16,2.2015936243831527e-16,1
B2_D2_Original,B2,2,Original,full-grid,736,10,65,105,1.0083325320231309,0.99992869641504978,-0.12991188252764876,0,0,1,UNSTABLE,5.7393859123027746e-16,2.2015936244214751e-16,1
B2_D2_Original,B2,2,Original,full-grid,737,10,66,106,1.0082481223219588,0.99992526249544356,-0.12928165217529594,0,0,1,UNSTABLE,5.85623163215929e-16,2.2015936244214748e-16,1
B2_D2_Original,B2,2,Original,full-grid,738,11,0,41,0.99620224533088197,0.98696164175046563,-0.13537219550378973,1,0,-1,STABLE,1.8147838199141941e-16,8.9162482713522584e-17,1
B2_D2_Original,B2,2,Original,full-grid,739,11,1,42,0.9975448710229291,0.98818513998200785,-0.13633010974429605,1,0,-1,STABLE,3.494118846419593e-16,2.2015936244214477e-16,1
B2_D2_Original,B2,2,Original,full-grid,740,11,2,43,0.99900433575447445,0.9895496674587565,-0.13711717065525719,1,0,-1,STABLE,3.1005652513215352e-16,2.2015936244214477e-16,1
B2_D2_Original,B2,2,Original,full-grid,741,11,3,44,1.0005519083560028,0.99103048194336529,-0.13770513851683333,0,0,1,UNSTABLE,2.3630864800629668e-16,2.2015936243831527e-16,1
B2_D2_Original,B2,2,Original,full-grid,742,11,4,45,1.002151126948339,0.99259445904945331,-0.13806926199610475,0,0,1,UNSTABLE,2.072321685068424e-16,2.2015936244214753e-16,1
B2_D2_Original,B2,2,Original,full-grid,743,11,5,46,1.0037586367369191,0.99420039538127192,-0.13819180383684429,0,0,1,UNSTABLE,3.8543409530626458e-16,2.2015936244214748e-16,1
B2_D2_Original,B2,2,Original,full-grid,744,11,6,47,1.0053269167291561,0.99580122893703726,-0.13806564361794568,0,0,1,UNSTABLE,2.8367042357316421e-16,2.2015936244214756e-16,1
B2_D2_Original,B2,2,Original,full-grid,745,11,7,48,1.0068087047146601,0.99734817641978468,-0.13769670613831672,0,0,1,UNSTABLE,3.6464837114263348e-16,2.2015936243831535e-16,1
B2_D2_Original,B2,2,Original,full-grid,746,11,8,49,1.008162055938197,0.99879587068656828,-0.13710412004382683,0,0,1,UNSTABLE,3.7897869264817853e-16,2.2015936244214756e-16,1
B2_D2_Original,B2,2,Original,full-grid,747,11,9,50,1.0093545273623459,1.0001069959692506,-0.13631785840536786,0,0,1,UNSTABLE,1.9126429375376658e-16,2.2015936244214751e-16,1
B2_D2_Original,B2,2,Original,full-grid,748,11,10,51,1.0103653447857541,1.0012551296872414,-0.13537464762288945,0,0,1,UNSTABLE,1.1106807585333547e-16,2.2015936244214753e-16,1
B2_D2_Original,B2,2,Original,full-grid,749,11,11,52,1.0111853179754651,1.0022253433967958,-0.13431347044253367,0,0,1,UNSTABLE,3.0456933250810107e-16,2.2015936243831527e-16,1
B2_D2_Original,B2,2,Original,full-grid,750,11,12,53,1.0118150820646405,1.0030129765145892,-0.13317180346011362,0,0,1,UNSTABLE,2.9727625023969746e-16,2.2015936244214748e-16,1
B2_D2_Original,B2,2,Original,full-grid,751,11,13,54,1.0122625571311501,1.0036214107930959,-0.13198313667802827,0,0,1,UNSTABLE,3.7221213153070452e-16,2.2015936244214753e-16,1
B2_D2_Original,B2,2,Original,full-grid,752,11,14,55,1.0125403798097588,1.004059619657776,-0.13077576579004499,0,0,1,UNSTABLE,3.5573301743259564e-16,2.2015936244214753e-16,1
B2_D2_Original,B2,2,Original,full-grid,753,11,15,56,1.0126637395154567,1.0043399844246612,-0.12957254730574755,0,0,1,UNSTABLE,4.4074593769077911e-16,2.2015936243831527e-16,1
B2_D2_Original,B2,2,Original,full-grid,754,11,16,57,1.0126487636221737,1.0044765834519445,-0.12839124488151868,0,0,1,UNSTABLE,4.396379452089313e-16,2.2015936244214751e-16,1
B2_D2_Original,B2,2,Original,full-grid,755,11,17,58,1.0125114203599053,1.0044839695204759,-0.12724516232698413,0,0,1,UNSTABLE,2.6511520836161723e-16,2.2015936244214748e-16,1
B2_D2_Original,B2,2,Original,full-grid,756,11,18,59,1.0122668341887429,1.0043763587248606,-0.12614386086167692,0,0,1,UNSTABLE,2.3588758966032405e-16,2.2015936244214748e-16,1
B2_D2_Original,B2,2,Original,full-grid,757,11,19,60,1.0119288968150082,1.0041671283313609,-0.12509384712282212,0,0,1,UNSTABLE,4.1138183007978668e-16,2.2015936243831527e-16,1
B2_D2_Original,B2,2,Original,full-grid,758,11,20,61,1.0115100739073863,1.0038685287940754,-0.12409918014614214,0,0,1,UNSTABLE,3.3675858363057497e-16,2.2015936244214753e-16,1
B2_D2_Original,B2,2,Original,full-grid,759,11,21,62,1.0110213324316146,1.0034915349588629,-0.12316198235536349,0,0,1,UNSTABLE,2.5301063361917948e-16,2.2015936244214748e-16,1
B2_D2_Original,B2,2,Original,full-grid,760,11,22,63,1.0104721366505847,1.0030457823308545,-0.12228285855131812,0,0,1,UNSTABLE,3.307023810537991e-16,2.2015936244214756e-16,1
B2_D2_Original,B2,2,Original,full-grid,761,11,23,64,1.0098704788631101,1.0025395516150397,-0.12146123466654878,0,0,1,UNSTABLE,2.5291461540072932e-16,2.2015936243831535e-16,1
B2_D2_Original,B2,2,Original,full-grid,762,11,24,65,1.0092229235133268,1.0019797774201153,-0.12069562952287147,0,0,1,UNSTABLE,4.0950346283672584e-16,2.2015936244214753e-16,1
B2_D2_Original,B2,2,Original,full-grid,763,11,25,66,1.008534651160744,1.0013720653491962,-0.11998387112528386,0,0,1,UNSTABLE,3.2799900373031505e-16,2.2015936244214748e-16,1
B2_D2_Original,B2,2,Original,full-grid,764,11,26,67,1.0078094929772188,1.0007207064588144,-0.11932326596087625,0,0,1,UNSTABLE,3.8142733997309901e-16,2.2015936244214753e-16,1
B2_D2_Original,B2,2,Original,full-grid,765,11,27,68,1.0070499478295702,1.0000286800372564,-0.11871072624865463,0,0,1,UNSTABLE,3.6990092649623606e-16,2.201593624383153e-16,1
B2_D2_Original,B2,2,Original,full-grid,766,11,28,69,1.0062571732455985,0.99929763544376238,-0.11814285634234413,0,0,1,UNSTABLE,2.6939527769330254e-16,2.2015936244214748e-16,1
B2_D2_Original,B2,2,Original,full-grid,767,11,29,70,1.0054309389266594,0.9985278416875718,-0.11761599519497001,0,0,1,UNSTABLE,5.7751317407783236e-16,2.2015936244214753e-16,1
B2_D2_Original,B2,2,Original,full-grid,768,11,30,71,1.0045695268130521,0.99771808947855223,-0.11712620598596568,0,0,1,UNSTABLE,3.4967856996978348e-16,2.2015936244214753e-16,1
B2_D2_Original,B2,2,Original,full-grid,769,11,31,72,1.0036695543447374,0.99686552418976015,-0.11666919473639313,0,0,1,UNSTABLE,3.0286524825500639e-16,2.2015936243831527e-16,1
B2_D2_Original,B2,2,Original,full-grid,770,11,32,73,1.0027256861441673,0.99596537862615997,-0.11624012315608251,0,0,1,UNSTABLE,2.2470329400823779e-16,2.2015936244214751e-16,1
B2_D2_Original,B2,2,Original,full-grid,771,11,33,74,1.0018813044085539,0.99975276450741579,-0.065272949858000695,0,0,1,UNSTABLE,2.2925297429544149e-16,2.2015936244214748e-16,1
B2_D2_Original,B2,2,Original,full-grid,772,11,34,75,1.0017576667200212,0.9996668137401552,-0.064689136174066353,0,0,1,UNSTABLE,3.0221755720186161e-16,2.2015936244214748e-16,1
B2_D2_Original,B2,2,Original,full-grid,773,11,35,76,1.0016138877109542,0.99956046511619046,-0.06410348377550959,0,0,1,UNSTABLE,2.7271704850452592e-16,2.2015936243831527e-16,1
B2_D2_Original,B2,2,Original,full-grid,774,11,36,77,1.0014509091917947,0.99943463254000409,-0.063516445120136447,0,0,1,UNSTABLE,2.287815554343093e-16,2.2015936244214753e-16,1
B2_D2_Original,B2,2,Original,full-grid,775,11,37,78,1.0012697316408079,0.99929029814114867,-0.062928336550632291,0,0,1,UNSTABLE,2.9749629501999494e-16,2.2015936244214748e-16,1
B2_D2_Original,B2,2,Original,full-grid,776,11,38,79,1.0010714052144774,0.99912850235735662,-0.062339346445351711,0,0,1,UNSTABLE,2.963455382255656e-16,2.2015936244214756e-16,1
B2_D2_Original,B2,2,Original,full-grid,777,11,39,80,1.0008570240346506,0.99895033716093029,-0.06174954611623578,0,0,1,UNSTABLE,3.7319705503029233e-16,2.2015936243831535e-16,1
B2_D2_Original,B2,2,Original,full-grid,778,11,40,81,1.0006277234523082,0.99875694216292321,-0.061158903053572092,0,0,1,UNSTABLE,2.088494188446988e-16,2.2015936244214753e-16,1
B2_D2_Original,B2,2,Original,full-grid,779,11,41,82,1.0003846798184171,0.99854950314890045,-0.060567296261933273,0,0,1,UNSTABLE,4.0923868018754794e-16,2.2015936244214748e-16,1
B2_D2_Original,B2,2,Original,full-grid,780,11,42,83,1.0001291121460341,0.99832925244524318,-0.059974533546635157,0,0,1,UNSTABLE,2.8988269142042398e-16,2.2015936244214753e-16,1
B2_D2_Original,B2,2,Original,full-grid,781,11,43,84,0.99986228491442719,0.99809747037675778,-0.059380370677659687,1,0,-1,STABLE,4.1260513393112306e-16,2.201593624383153e-16,1
B2_D2_Original,B2,2,Original,full-grid,782,11,44,85,0.99958551114380945,0.99785548695367821,-0.058784532362421149,1,0,-1,STABLE,3.894261067538791e-16,2.2015936244214748e-16,1
B2_D2_Original,B2,2,Original,full-grid,783,11,45,86,0.99930015476352185,0.99760468282449599,-0.058186734888936241,1,0,-1,STABLE,2.5950633031871437e-16,2.2015936244214753e-16,1
B2_D2_Original,B2,2,Original,full-grid,784,11,46,87,0.99900763122413427,0.99734648846734886,-0.057586710150035775,1,0,-1,STABLE,2.5663002582081932e-16,2.2015936244214753e-16,1
B2_D2_Original,B2,2,Original,full-grid,785,11,47,88,0.99870940529038288,0.99708238059153198,-0.05698423053260853,1,0,-1,STABLE,3.5746265632187436e-16,2.2015936243831527e-16,1
B2_D2_Original,B2,2,Original,full-grid,786,11,48,89,0.99971101572376186,0.99020006268908811,-0.1375716206561573,1,0,-1,STABLE,3.5293188482250881e-16,2.2015936244214751e-16,1
B2_D2_Original,B2,2,Original,full-grid,787,11,49,90,1.0011377764008313,0.99168107995118771,-0.1372788512613918,0,0,1,UNSTABLE,3.90186221687717e-16,2.2015936244214748e-16,1
B2_D2_Original,B2,2,Original,full-grid,788,11,50,91,1.0023870280934719,0.99299415051332962,-0.1369027798708764,0,0,1,UNSTABLE,2.8634770385776508e-16,2.2015936244214748e-16,1
B2_D2_Original,B2,2,Original,full-grid,789,11,51,92,1.0034818346795291,0.99416004138576652,-0.13646100044937676,0,0,1,UNSTABLE,5.3987178388338643e-16,2.2015936243831527e-16,1
B2_D2_Original,B2,2,Original,full-grid,790,11,52,93,1.0044408400785232,0.99519553957418772,-0.13596778746927823,0,0,1,UNSTABLE,2.8121414642387193e-16,2.2015936244214753e-16,1
B2_D2_Original,B2,2,Original,full-grid,791,11,53,94,1.0052794158368619,0.99611452566545233,-0.13543469150698717,0,0,1,UNSTABLE,3.2748629386093001e-16,2.2015936244214748e-16,1
B2_D2_Original,B2,2,Original,full-grid,792,11,54,95,1.0060104285985116,0.99692867226958626,-0.13487106752658706,0,0,1,UNSTABLE,3.6895011561175289e-16,2.2015936244214756e-16,1
B2_D2_Original,B2,2,Original,full-grid,793,11,55,96,1.00664477617018,0.99764792157700133,-0.13428451125800522,0,0,1,UNSTABLE,3.6635220085448159e-16,2.2015936243831535e-16,1
B2_D2_Original,B2,2,Original,full-grid,794,11,56,97,1.0071917759931586,0.99828082618031955,-0.1336812092591611,0,0,1,UNSTABLE,3.9539832208772816e-16,2.2015936244214753e-16,1
B2_D2_Original,B2,2,Original,full-grid,795,11,57,98,1.0076594552709326,0.99883480108250344,-0.13306621638638508,0,0,1,UNSTABLE,2.5511498222856796e-16,2.2015936244214748e-16,1
B2_D2_Original,B2,2,Original,full-grid,796,11,58,99,1.008054772981382,0.99931631544390265,-0.1324436748892468,0,0,1,UNSTABLE,2.1288926386145141e-16,2.2015936244214753e-16,1
B2_D2_Original,B2,2,Original,full-grid,797,11,59,100,1.0083837931182793,0.99973104185043982,-0.1318169874646011,0,0,1,UNSTABLE,4.0007603844732586e-16,2.201593624383153e-16,1
B2_D2_Original,B2,2,Original,full-grid,798,11,60,101,1.0086518220190794,1.0000839746442725,-0.13118895426873006,0,0,1,UNSTABLE,3.1508048714952088e-16,2.2015936244214748e-16,1
B2_D2_Original,B2,2,Original,full-grid,799,11,61,102,1.0088635186121861,1.0003795250914067,-0.13056188174368588,0,0,1,UNSTABLE,3.4549189203329389e-16,2.2015936244214753e-16,1
B2_D2_Original,B2,2,Original,full-grid,800,11,62,103,1.0090229838256146,1.0006215987948064,-0.12993766934061929,0,0,1,UNSTABLE,2.2357175809980855e-16,2.2015936244214753e-16,1
B2_D2_Original,B2,2,Original,full-grid,801,11,63,104,1.0091338336733382,1.0008136592207877,-0.12931787881551962,0,0,1,UNSTABLE,2.8564042403755599e-16,2.2015936243831527e-16,1
B2_D2_Original,B2,2,Original,full-grid,802,11,64,105,1.0091992593498766,1.0009587801675808,-0.12870378967912327,0,0,1,UNSTABLE,4.995501021771702e-16,2.2015936244214751e-16,1
B2_D2_Original,B2,2,Original,full-grid,803,11,65,106,1.0092220768275337,1.0010596892837917,-0.12809644353813562,0,0,1,UNSTABLE,2.1299955894753076e-16,2.2015936244214748e-16,1
B2_D2_Original,B2,2,Original,full-grid,804,11,66,107,1.0092047678456726,1.0011188042293917,-0.12749667941068382,0,0,1,UNSTABLE,2.3702418742822617e-16,2.2015936244214748e-16,1
B2_D2_Original,B2,2,Original,full-grid,805,12,0,42,0.99657298935834882,0.9877101118360927,-0.13261394381952757,1,0,-1,STABLE,2.4132155085532738e-16,8.9162482713056872e-17,1
B2_D2_Original,B2,2,Original,full-grid,806,12,1,43,0.99792507754844462,0.98894135161651997,-0.13360188420437782,1,0,-1,STABLE,2.5911126943107978e-16,2.2015936244214477e-16,1
B2_D2_Original,B2,2,Original,full-grid,807,12,2,44,0.99939375561216326,0.99031288260218053,-0.13441827743556403,1,0,-1,STABLE,4.8176261144415532e-16,2.2015936243831527e-16,1
B2_D2_Original,B2,2,Original,full-grid,808,12,3,45,1.0009503160335624,0.99179978979789984,-0.13503596604064438,0,0,1,UNSTABLE,2.552194233016187e-16,2.2015936244214753e-16,1
B2_D2_Original,B2,2,Original,full-grid,809,12,4,46,1.0025588029025911,0.99336926301684758,-0.13543138694867529,0,0,1,UNSTABLE,2.4669826229615234e-16,2.2015936244214748e-16,1
B2_D2_Original,B2,2,Original,full-grid,810,12,5,47,1.0041768803965136,0.9949809758432101,-0.13558784913467534,0,0,1,UNSTABLE,3.7007300246807851e-16,2.2015936244214756e-16,1
B2_D2_Original,B2,2,Original,full-grid,811,12,6,48,1.0057584258757817,0.99658922084271007,-0.13549884176719074,0,0,1,UNSTABLE,4.2261305457710392e-16,2.2015936243831527e-16,1
B2_D2_Original,B2,2,Original,full-grid,812,12,7,49,1.0072576610149955,0.9981467829884777,-0.13517024555408802,0,0,1,UNSTABLE,2.7623761429189371e-16,2.2015936244214753e-16,1
B2_D2_Original,B2,2,Original,full-grid,813,12,8,50,1.008633859717746,0.99960972051837615,-0.1346204650649053,0,0,1,UNSTABLE,3.1857579600920461e-16,2.2015936244214748e-16,1
B2_D2_Original,B2,2,Original,full-grid,814,12,9,51,1.0098552727024788,1.0009416994999389,-0.13387825068759956,0,0,1,UNSTABLE,3.4148485484743311e-16,2.2015936244214751e-16,1
B2_D2_Original,B2,2,Original,full-grid,815,12,10,52,1.0109012189962037,1.0021167027111635,-0.13297890327159367,0,0,1,UNSTABLE,2.0385421656345576e-16,2.201593624383153e-16,1
B2_D2_Original,B2,2,Original,full-grid,816,12,11,53,1.0117620967297438,1.0031196757418841,-0.13196005652645526,0,0,1,UNSTABLE,2.8595845907432009e-16,2.2015936244214751e-16,1
B2_D2_Original,B2,2,Original,full-grid,817,12,12,54,1.01243780807253,1.0039454540601793,-0.13085809293509459,0,0,1,UNSTABLE,4.0593330032657611e-16,2.2015936244214751e-16,1
B2_D2_Original,B2,2,Original,full-grid,818,12,13,55,1.0129354043807388,1.0045967138978922,-0.12970572799042929,0,0,1,UNSTABLE,2.8958337232674435e-16,2.2015936244214756e-16,1
B2_D2_Original,B2,2,Original,full-grid,819,12,14,56,1.013266657185371,1.0050816661260304,-0.12853078612122074,0,0,1,UNSTABLE,2.7141784189874558e-16,2.2015936243831527e-16,1
B2_D2_Original,B2,2,Original,full-grid,820,12,15,57,1.0134459776583868,1.0054119674447768,-0.12735590033754479,0,0,1,UNSTABLE,2.7337931749409167e-16,2.2015936244214751e-16,1
B2_D2_Original,B2,2,Original,full-grid,821,12,16,58,1.0134888400979949,1.00560106065155,-0.12619879484233062,0,0,1,UNSTABLE,3.2151281160105386e-16,2.2015936244214748e-16,1
B2_D2_Original,B2,2,Original,full-grid,822,12,17,59,1.0134106948811354,1.0056629731951465,-0.12507286213949059,0,0,1,UNSTABLE,3.9657760378418392e-16,2.2015936244214751e-16,1
B2_D2_Original,B2,2,Original,full-grid,823,12,18,60,1.0132262797451832,1.0056115105442403,-0.12398783741640086,0,0,1,UNSTABLE,3.5990156043993797e-16,2.2015936243831527e-16,1
B2_D2_Original,B2,2,Original,full-grid,824,12,19,61,1.0129492219011325,1.0054597513053887,-0.12295045609925775,0,0,1,UNSTABLE,3.1242644062503735e-16,2.2015936244214753e-16,1
B2_D2_Original,B2,2,Original,full-grid,825,12,20,62,1.0125918362027633,1.0052197549603297,-0.12196503999908498,0,0,1,UNSTABLE,2.3138141020068702e-16,2.2015936244214748e-16,1
B2_D2_Original,B2,2,Original,full-grid,826,12,21,63,1.012165046634123,1.0049024101440454,-0.12103399404524769,0,0,1,UNSTABLE,4.0220273149544945e-16,2.2015936244214756e-16,1
B2_D2_Original,B2,2,Original,full-grid,827,12,22,64,1.0116783799213092,1.004517370544693,-0.12015821517557801,0,0,1,UNSTABLE,3.7624446489631918e-16,2.2015936243831527e-16,1
B2_D2_Original,B2,2,Original,full-grid,828,12,23,65,1.0111399974283515,1.0040730420285349,-0.1193374235978415,0,0,1,UNSTABLE,2.5611792807968688e-16,2.2015936244214753e-16,1
B2_D2_Original,B2,2,Original,full-grid,829,12,24,66,1.010556744005255,1.0035765970926651,-0.11857042895430872,0,0,1,UNSTABLE,3.8849308216678625e-16,2.2015936244214748e-16,1
B2_D2_Original,B2,2,Original,full-grid,830,12,25,67,1.0099342006829997,1.0030340013425192,-0.11785534294220498,0,0,1,UNSTABLE,2.4926124565026495e-16,2.2015936244214751e-16,1
B2_D2_Original,B2,2,Original,full-grid,831,12,26,68,1.0092767329579346,1.0024500420338796,-0.11718974748891223,0,0,1,UNSTABLE,3.1338706592685086e-16,2.201593624383153e-16,1
B2_D2_Original,B2,2,Original,full-grid,832,12,27,69,1.0085875287391219,1.0018283515505035,-0.11657082464188996,0,0,1,UNSTABLE,3.6553457937395477e-16,2.2015936244214751e-16,1
B2_D2_Original,B2,2,Original,full-grid,833,12,28,70,1.0078686205347216,1.0011714196530681,-0.11599545132643284,0,0,1,UNSTABLE,2.5935186477686667e-16,2.2015936244214751e-16,1
B2_D2_Original,B2,2,Original,full-grid,834,12,29,71,1.0071208855922114,1.0004805879064718,-0.11546025904336422,0,0,1,UNSTABLE,4.288137714542406e-16,2.2015936244214756e-16,1
B2_D2_Original,B2,2,Original,full-grid,835,12,30,72,1.0063440157015713,0.99975601814094095,-0.11496165503912616,0,0,1,UNSTABLE,2.0803501400648356e-16,2.2015936243831527e-16,1
B2_D2_Original,B2,2,Original,full-grid,836,12,31,73,1.0055364451767981,0.99899662418285895,-0.11449579664792649,0,0,1,UNSTABLE,3.7940059753425525e-16,2.2015936244214751e-16,1
B2_D2_Original,B2,2,Original,full-grid,837,12,32,74,1.0046952208438946,0.99819995227253933,-0.11405850283807281,0,0,1,UNSTABLE,3.0296933347822785e-16,2.2015936244214748e-16,1
B2_D2_Original,B2,2,Original,full-grid,838,12,33,75,1.0038157911752363,0.99736199037931694,-0.11364507362562151,0,0,1,UNSTABLE,5.9514797097099951e-16,2.2015936244214751e-16,1
B2_D2_Original,B2,2,Original,full-grid,839,12,34,76,1.0028916826489935,0.99647688027572545,-0.11324996336638257,0,0,1,UNSTABLE,2.5413141295868341e-16,2.2015936243831527e-16,1
B2_D2_Original,B2,2,Original,full-grid,840,12,35,77,1.0019140210712176,0.99553650109369207,-0.11286620667509635,0,0,1,UNSTABLE,2.7968562545683173e-16,2.2015936244214753e-16,1
B2_D2_Original,B2,2,Original,full-grid,841,12,36,78,1.0015078417781711,0.99949586131312151,-0.063450613559771232,0,0,1,UNSTABLE,3.048329083759254e-16,2.2015936244214748e-16,1
B2_D2_Original,B2,2,Original,full-grid,842,12,37,79,1.0013222580497916,0.9993466061154096,-0.06286990783789824,0,0,1,UNSTABLE,2.5839745078985273e-16,2.2015936244214756e-16,1
B2_D2_Original,B2,2,Original,full-grid,843,12,38,80,1.0011198241003449,0.99918022881188095,-0.062287820303350727,0,0,1,UNSTABLE,3.1664507992669153e-16,2.2015936243831527e-16,1
B2_D2_Original,B2,2,Original,full-grid,844,12,39,81,1.0009015842750413,0.99899777063109541,-0.06170442187063481,0,0,1,UNSTABLE,6.5112762202090429e-16,2.2015936244214753e-16,1
B2_D2_Original,B2,2,Original,full-grid,845,12,40,82,1.00066863307402,0.99880032916736972,-0.061119683191110392,0,0,1,UNSTABLE,2.8615448375010433e-16,2.2015936244214748e-16,1
B2_D2_Original,B2,2,Original,full-grid,846,12,41,83,1.0004221145791783,0.99858905663697994,-0.060533489110913663,0,0,1,UNSTABLE,2.421262035950791e-16,2.2015936244214751e-16,1
B2_D2_Original,B2,2,Original,full-grid,847,12,42,84,1.0001632236739124,0.99836515984317309,-0.059945655398100699,0,0,1,UNSTABLE,3.6392304587631654e-16,2.201593624383153e-16,1
B2_D2_Original,B2,2,Original,full-grid,848,12,43,85,0.99989320832466011,0.99812990113199829,-0.059355947638040085,1,0,-1,STABLE,5.4831378469462399e-16,2.2015936244214751e-16,1
B2_D2_Original,B2,2,Original,full-grid,849,12,44,86,0.99961337205187972,0.99788459947969144,-0.058764102189905534,1,0,-1,STABLE,2.9592755550447074e-16,2.2015936244214751e-16,1
B2_D2_Original,B2,2,Original,full-grid,850,12,45,87,0.99932507559700401,0.99763063073590752,-0.058169849015045932,1,0,-1,STABLE,3.4606789216137288e-16,2.2015936244214756e-16,1
B2_D2_Original,B2,2,Original,full-grid,851,12,46,88,0.99902973671280604,0.99736942597705969,-0.057572936025956922,1,0,-1,STABLE,4.4434882676832424e-16,2.2015936243831527e-16,1
B2_D2_Original,B2,2,Original,full-grid,852,12,47,89,0.99872882699198517,0.99710246692432269,-0.056973154364282241,1,0,-1,STABLE,5.3448464131501369e-16,2.2015936244214751e-16,1
B2_D2_Original,B2,2,Original,full-grid,853,12,48,90,0.99851887186104149,0.98936899246555021,-0.13486635685132525,1,0,-1,STABLE,3.1575594693453643e-16,2.2015936244214748e-16,1
B2_D2_Original,B2,2,Original,full-grid,854,12,49,91,1.0001477392249432,0.99104046774069099,-0.13466362380790683,0,0,1,UNSTABLE,1.7112183881923465e-16,2.2015936244214751e-16,1
B2_D2_Original,B2,2,Original,full-grid,855,12,50,92,1.0015686217583921,0.99251414229004475,-0.13437031459835966,0,0,1,UNSTABLE,2.4850923834580341e-16,2.2015936243831527e-16,1
B2_D2_Original,B2,2,Original,full-grid,856,12,51,93,1.0028123963951263,0.99381876724340334,-0.13400358293171954,0,0,1,UNSTABLE,4.0335165429522682e-16,2.2015936244214753e-16,1
B2_D2_Original,B2,2,Original,full-grid,857,12,52,94,1.0039031210663689,0.99497655932255458,-0.13357815272509077,0,0,1,UNSTABLE,4.8861842177795298e-16,2.2015936244214748e-16,1
B2_D2_Original,B2,2,Original,full-grid,858,12,53,95,1.0048600127261522,0.99600519856996927,-0.13310630938313464,0,0,1,UNSTABLE,3.1236885867915146e-16,2.2015936244214756e-16,1
B2_D2_Original,B2,2,Original,full-grid,859,12,54,96,1.0056987411879397,0.99691909371307785,-0.13259818481903174,0,0,1,UNSTABLE,2.7819518311068547e-16,2.2015936243831527e-16,1
B2_D2_Original,B2,2,Original,full-grid,860,12,55,97,1.006432299231433,0.99773021129374206,-0.1320621005739846,0,0,1,UNSTABLE,3.9751334909723874e-16,2.2015936244214753e-16,1
B2_D2_Original,B2,2,Original,full-grid,861,12,56,98,1.0070716066519498,0.99844863934903549,-0.1315048877669549,0,0,1,UNSTABLE,2.9579134081946292e-16,2.2015936244214748e-16,1
B2_D2_Original,B2,2,Original,full-grid,862,12,57,99,1.0076259426363818,0.99908298431888209,-0.13093216074873817,0,0,1,UNSTABLE,4.9123577812512517e-16,2.2015936244214751e-16,1
B2_D2_Original,B2,2,Original,full-grid,863,12,58,100,1.0081032638760707,0.99964065946187097,-0.13034854271614332,0,0,1,UNSTABLE,3.0842893451093085e-16,2.201593624383153e-16,1
B2_D2_Original,B2,2,Original,full-grid,864,12,59,101,1.0085104442618056,1.0001281002410425,-0.12975784867740295,0,0,1,UNSTABLE,2.6543795048876659e-16,2.2015936244214751e-16,1
B2_D2_Original,B2,2,Original,full-grid,865,12,60,102,1.0088534592051461,1.0005509289584213,-0.12916323281270622,0,0,1,UNSTABLE,3.6836971904270409e-16,2.2015936244214751e-16,1
B2_D2_Original,B2,2,Original,full-grid,866,12,61,103,1.0091375298391487,1.0009140830864725,-0.12856730692141385,0,0,1,UNSTABLE,5.5181537263545738e-16,2.2015936244214756e-16,1
B2_D2_Original,B2,2,Original,full-grid,867,12,62,104,1.0093672374742015,1.0012219169507008,-0.12797223567581087,0,0,1,UNSTABLE,2.2452858885253972e-16,2.2015936243831527e-16,1
B2_D2_Original,B2,2,Original,full-grid,868,12,63,105,1.0095466155449151,1.0014782833941569,-0.12737981334609283,0,0,1,UNSTABLE,2.3756521600714982e-16,2.2015936244214751e-16,1
B2_D2_Original,B2,2,Original,full-grid,869,12,64,106,1.0096792242073747,1.0016866000917086,-0.12679152571335114,0,0,1,UNSTABLE,2.9632178583211802e-16,2.2015936244214748e-16,1
B2_D2_Original,B2,2,Original,full-grid,870,12,65,107,1.0097682113359077,1.0018499038711659,-0.12620860009465978,0,0,1,UNSTABLE,3.6596447430592223e-16,2.2015936244214751e-16,1
B2_D2_Original,B2,2,Original,full-grid,871,12,66,108,1.0098163626891885,1.0019708955013502,-0.12563204576478551,0,0,1,UNSTABLE,4.0475998491821045e-16,2.2015936243831527e-16,1
B2_D2_Original,B2,2,Original,full-grid,872,13,0,43,0.99672218748679631,0.99363825136308859,-0.078346311059091775,1,0,-1,STABLE,3.3677944178663399e-16,8.9162482713522584e-17,1
B2_D2_Original,B2,2,Original,full-grid,873,13,1,44,0.99797977805302784,0.98935596554914429,-0.13091375342221032,1,0,-1,STABLE,2.4076958081935422e-16,2.201593624383153e-16,1
B2_D2_Original,B2,2,Original,full-grid,874,13,2,45,0.99946049819013427,0.9907371790967443,-0.13176163856713738,1,0,-1,STABLE,3.3229218414400341e-16,2.2015936244214756e-16,1
B2_D2_Original,B2,2,Original,full-grid,875,13,3,46,1.0010292064741433,0.9922331973113302,-0.13241130755183869,0,0,1,UNSTABLE,3.2674225129436884e-16,2.2015936244214751e-16,1
B2_D2_Original,B2,2,Original,full-grid,876,13,4,47,1.0026506001161057,0.99381170559068566,-0.13284020379433109,0,0,1,UNSTABLE,3.0369036195051114e-16,2.2015936244214753e-16,1
B2_D2_Original,B2,2,Original,full-grid,877,13,5,48,1.0042833935582114,0.99543332738293921,-0.1330324220336051,0,0,1,UNSTABLE,5.067737813993544e-16,2.2015936243831535e-16,1
B2_D2_Original,B2,2,Original,full-grid,878,13,6,49,1.0058827600310023,0.99705364540583741,-0.13298178488243365,0,0,1,UNSTABLE,3.4270625996863211e-16,2.2015936244214756e-16,1
B2_D2_Original,B2,2,Original,full-grid,879,13,7,50,1.0074041916238738,0.99862682306680028,-0.13269390925306249,0,0,1,UNSTABLE,2.3201419838621012e-16,2.2015936244214751e-16,1
B2_D2_Original,B2,2,Original,full-grid,880,13,8,51,1.0088079133042944,1.0001100795293776,-0.1321863637789723,0,0,1,UNSTABLE,3.8638578879786825e-16,2.2015936244214753e-16,1
B2_D2_Original,B2,2,Original,full-grid,881,13,9,52,1.0100626127103196,1.001467789630424,-0.13148668346243136,0,0,1,UNSTABLE,3.4843728424012598e-16,2.201593624383153e-16,1
B2_D2_Original,B2,2,Original,full-grid,882,13,10,53,1.0111475022855179,1.0026741126485796,-0.13062884521660897,0,0,1,UNSTABLE,2.9355479254508905e-16,2.2015936244214751e-16,1
B2_D2_Original,B2,2,Original,full-grid,883,13,11,54,1.0120524428584299,1.0037137087222967,-0.12964928853891886,0,0,1,UNSTABLE,3.9730279457867344e-16,2.2015936244214753e-16,1
B2_D2_Original,B2,2,Original,full-grid,884,13,12,55,1.0127765460102729,1.0045808195183068,-0.12858347173888776,0,0,1,UNSTABLE,4.349067657101808e-16,2.2015936244214753e-16,1
B2_D2_Original,B2,2,Original,full-grid,885,13,13,56,1.0133259875469054,1.0052773818489964,-0.12746349509070376,0,0,1,UNSTABLE,2.4973735808086178e-16,2.2015936243831527e-16,1
B2_D2_Original,B2,2,Original,full-grid,886,13,14,57,1.0137116991133399,1.0058108485222124,-0.1263168473097781,0,0,1,UNSTABLE,3.820497659702295e-16,2.2015936244214751e-16,1
B2_D2_Original,B2,2,Original,full-grid,887,13,15,58,1.0139473553731804,1.0061921787067738,-0.12516604562572986,0,0,1,UNSTABLE,3.8845718409688913e-16,2.2015936244214748e-16,1
B2_D2_Original,B2,2,Original,full-grid,888,13,16,59,1.0140478245678415,1.0064342171689658,-0.12402885560329534,0,0,1,UNSTABLE,2.952753002294644e-16,2.2015936244214751e-16,1
B2_D2_Original,B2,2,Original,full-grid,889,13,17,60,1.014028083943169,1.0065505053527493,-0.12291881548233111,0,0,1,UNSTABLE,2.3246331587483928e-16,2.201593624383153e-16,1
B2_D2_Original,B2,2,Original,full-grid,890,13,18,61,1.0139025219119122,1.0065544732180873,-0.121845871427776,0,0,1,UNSTABLE,2.5355219569501599e-16,2.2015936244214753e-16,1
B2_D2_Original,B2,2,Original,full-grid,891,13,19,62,1.0136845278117084,1.0064589273496856,-0.12081700825201168,0,0,1,UNSTABLE,2.6350241242281859e-16,2.2015936244214751e-16,1
B2_D2_Original,B2,2,Original,full-grid,892,13,20,63,1.0133862789355654,1.0062757511712577,-0.11983681796339929,0,0,1,UNSTABLE,2.7180798685450233e-16,2.2015936244214753e-16,1
B2_D2_Original,B2,2,Original,full-grid,893,13,21,64,1.0130186539605561,1.0060157475732678,-0.1189079850416121,0,0,1,UNSTABLE,2.4986303846288537e-16,2.2015936243831535e-16,1
B2_D2_Original,B2,2,Original,full-grid,894,13,22,65,1.0125912219983926,1.0056885718729043,-0.11803168757768485,0,0,1,UNSTABLE,3.234315747529743e-16,2.2015936244214753e-16,1
B2_D2_Original,B2,2,Original,full-grid,895,13,23,66,1.0121122732134251,1.0053027187863748,-0.11720792289760106,0,0,1,UNSTABLE,3.3685691492708769e-16,2.2015936244214748e-16,1
B2_D2_Original,B2,2,Original,full-grid,896,13,24,67,1.0115888693578889,1.0048655393717063,-0.116435769383735,0,0,1,UNSTABLE,2.3492953030867194e-16,2.2015936244214753e-16,1
B2_D2_Original,B2,2,Original,full-grid,897,13,25,68,1.0110269010348145,1.0043832726338588,-0.11571359587083969,0,0,1,UNSTABLE,3.0150152387549617e-16,2.201593624383153e-16,1
B2_D2_Original,B2,2,Original,full-grid,898,13,26,69,1.0104311437969518,1.0038610822052876,-0.11503922804176532,0,0,1,UNSTABLE,3.5118192027535211e-16,2.2015936244214751e-16,1
B2_D2_Original,B2,2,Original,full-grid,899,13,27,70,1.009805308127846,1.0033030918969994,-0.11441007872165555,0,0,1,UNSTABLE,2.6818327762659571e-16,2.2015936244214753e-16,1
B2_D2_Original,B2,2,Original,full-grid,900,13,28,71,1.00915207960918,1.0027124155826022,-0.1138232463780386,0,0,1,UNSTABLE,3.3325326944926509e-16,2.2015936244214753e-16,1
B2_D2_Original,B2,2,Original,full-grid,901,13,29,72,1.0084731456769227,1.0020911773403745,-0.11327558363605991,0,0,1,UNSTABLE,3.4926756657907678e-16,2.2015936243831527e-16,1
B2_D2_Original,B2,2,Original,full-grid,902,13,30,73,1.0077692046635482,1.0014405174128986,-0.11276373509238698,0,0,1,UNSTABLE,2.4927128454713001e-16,2.2015936244214751e-16,1
B2_D2_Original,B2,2,Original,full-grid,903,13,31,74,1.0070399515157413,1.0007605785983305,-0.11228414078738626,0,0,1,UNSTABLE,3.3753051122091188e-16,2.2015936244214748e-16,1
B2_D2_Original,B2,2,Original,full-grid,904,13,32,75,1.0062840327400175,1.0000504663138849,-0.11183299769251483,0,0,1,UNSTABLE,3.3614030949926957e-16,2.2015936244214751e-16,1
B2_D2_Original,B2,2,Original,full-grid,905,13,33,76,1.0054989607785738,0.99930817391472038,-0.11140616533216914,0,0,1,UNSTABLE,3.6661990627851909e-16,2.201593624383153e-16,1
B2_D2_Original,B2,2,Original,full-grid,906,13,34,77,1.0046809752994781,0.99853046327505068,-0.11099899116849112,0,0,1,UNSTABLE,3.0430602500212054e-16,2.2015936244214753e-16,1
B2_D2_Original,B2,2,Original,full-grid,907,13,35,78,1.0038248365919811,0.99771269033178178,-0.11060601299131867,0,0,1,UNSTABLE,1.993274071875196e-16,2.2015936244214751e-16,1
B2_D2_Original,B2,2,Original,full-grid,908,13,36,79,1.002923537318078,0.99684856991729109,-0.11022046253059209,0,0,1,UNSTABLE,2.0113324173268879e-16,2.2015936244214753e-16,1
B2_D2_Original,B2,2,Original,full-grid,909,13,37,80,1.0019679326792774,0.9959298945150068,-0.10983343447653973,0,0,1,UNSTABLE,2.9342860289553029e-16,2.2015936243831535e-16,1
B2_D2_Original,B2,2,Original,full-grid,910,13,38,81,1.0011705720614557,0.9992343658834888,-0.062235009434279495,0,0,1,UNSTABLE,2.7727747727605723e-16,2.2015936244214753e-16,1
B2_D2_Original,B2,2,Original,full-grid,911,13,39,82,1.0009482720922078,0.9990473998750673,-0.061658220921818052,0,0,1,UNSTABLE,3.184116784347929e-16,2.2015936244214748e-16,1
B2_D2_Original,B2,2,Original,full-grid,912,13,40,83,1.0007114756738686,0.99884570514876581,-0.061079578021106598,0,0,1,UNSTABLE,5.5938845106573559e-16,2.2015936244214753e-16,1
B2_D2_Original,B2,2,Original,full-grid,913,13,41,84,1.0004612946329483,0.9986304004220079,-0.060498970335166047,0,0,1,UNSTABLE,2.3869444597989755e-16,2.201593624383153e-16,1
B2_D2_Original,B2,2,Original,full-grid,914,13,42,85,1.0001988998731652,0.99840266715833792,-0.059916220830484479,0,0,1,UNSTABLE,2.4361774212372978e-16,2.2015936244214751e-16,1
B2_D2_Original,B2,2,Original,full-grid,915,13,43,86,0.99992552317086425,0.99816375005821478,-0.059331104475212018,1,0,-1,STABLE,2.9511110936235508e-16,2.2015936244214753e-16,1
B2_D2_Original,B2,2,Original,full-grid,916,13,44,87,0.99964245905153293,0.99791495755632442,-0.058743369191381269,1,0,-1,STABLE,3.7378238866966758e-16,2.2015936244214753e-16,1
B2_D2_Original,B2,2,Original,full-grid,917,13,45,88,0.99935106573931287,0.99765766133921918,-0.058152758880903231,1,0,-1,STABLE,3.3275342964340919e-16,2.2015936243831527e-16,1
B2_D2_Original,B2,2,Original,full-grid,918,13,46,89,0.99905276408474863,0.99739329382018382,-0.05755903810784635,1,0,-1,STABLE,3.3874817604552012e-16,2.2015936244214751e-16,1
B2_D2_Original,B2,2,Original,full-grid,919,13,47,90,0.99874903336651755,0.99712334251218537,-0.056962017765177966,1,0,-1,STABLE,2.6886709144799294e-16,2.2015936244214748e-16,1
B2_D2_Original,B2,2,Original,full-grid,920,13,48,91,0.99844140296600936,0.99684934035818673,-0.056361580745940158,1,0,-1,STABLE,2.666913900220527e-16,2.2015936244214751e-16,1
B2_D2_Original,B2,2,Original,full-grid,921,13,49,92,0.99866750245098579,0.98987875660750002,-0.13219995336186618,1,0,-1,STABLE,5.3122806613627003e-16,2.201593624383153e-16,1
B2_D2_Original,B2,2,Original,full-grid,922,13,50,93,1.0002995970435591,0.9915573341281565,-0.13195960359962494,0,0,1,UNSTABLE,1.9850202508961596e-16,2.2015936244214753e-16,1
B2_D2_Original,B2,2,Original,full-grid,923,13,51,94,1.0017232011443402,0.99303497162277543,-0.13164694012782102,0,0,1,UNSTABLE,1.9077417915666852e-16,2.2015936244214751e-16,1
B2_D2_Original,B2,2,Original,full-grid,924,13,52,95,1.0029697782044464,0.99434181381022957,-0.13127350570491825,0,0,1,UNSTABLE,2.2933289887363915e-16,2.2015936244214753e-16,1
B2_D2_Original,B2,2,Original,full-grid,925,13,53,96,1.0040639763886654,0.99550121067440345,-0.13085032757779241,0,0,1,UNSTABLE,3.1180493204017841e-16,2.2015936243831535e-16,1
B2_D2_Original,B2,2,Original,full-grid,926,13,54,97,1.0050254550164717,0.99653166041277497,-0.13038717354871865,0,0,1,UNSTABLE,4.1423178233183236e-16,2.2015936244214753e-16,1
B2_D2_Original,B2,2,Original,full-grid,927,13,55,98,1.0058701746192693,0.99744812904026658,-0.12989240956526593,0,0,1,UNSTABLE,3.8159344787589422e-16,2.2015936244214748e-16,1
B2_D2_Original,B2,2,Original,full-grid,928,13,56,99,1.0066112996028953,0.99826294769388824,-0.12937308742446821,0,0,1,UNSTABLE,2.0342974053239974e-16,2.2015936244214753e-16,1
B2_D2_Original,B2,2,Original,full-grid,929,13,57,100,1.007259837006345,0.9989864336134715,-0.12883510663746162,0,0,1,UNSTABLE,2.3743380918317161e-16,2.201593624383153e-16,1
B2_D2_Original,B2,2,Original,full-grid,930,13,58,101,1.0078250969921956,0.99962732996245918,-0.12828338676326412,0,0,1,UNSTABLE,3.3314838509894243e-16,2.2015936244214751e-16,1
B2_D2_Original,B2,2,Original,full-grid,931,13,59,102,1.0083150316662775,1.0001931249323079,-0.12772202598734037,0,0,1,UNSTABLE,5.0698840144190104e-16,2.2015936244214753e-16,1
B2_D2_Original,B2,2,Original,full-grid,932,13,60,103,1.0087364893754824,1.0006902886364286,-0.12715443848452165,0,0,1,UNSTABLE,3.4386864720425462e-16,2.2015936244214753e-16,1
B2_D2_Original,B2,2,Original,full-grid,933,13,61,104,1.0090954090966258,1.0011244526932055,-0.12658347000938194,0,0,1,UNSTABLE,2.8334090234265151e-16,2.2015936243831527e-16,1
B2_D2_Original,B2,2,Original,full-grid,934,13,62,105,1.0093969714906317,1.0015005489237754,-0.1260114937608291,0,0,1,UNSTABLE,4.9489191777894328e-16,2.2015936244214751e-16,1
B2_D2_Original,B2,2,Original,full-grid,935,13,63,106,1.0096457179925689,1.0018229182350651,-0.12544048931548335,0,0,1,UNSTABLE,2.7262639386203808e-16,2.2015936244214748e-16,1
B2_D2_Original,B2,2,Original,full-grid,936,13,64,107,1.0098456458886111,1.0020953973116202,-0.12487210740214318,0,0,1,UNSTABLE,4.0663632992405957e-16,2.2015936244214751e-16,1
B2_D2_Original,B2,2,Original,full-grid,937,13,65,108,1.0100002850418841,1.0023213884735891,-0.12430772298237863,0,0,1,UNSTABLE,3.2086605182784426e-16,2.201593624383153e-16,1
B2_D2_Original,B2,2,Original,full-grid,938,13,66,109,1.0101127603684648,1.0025039165381866,-0.12374847871709807,0,0,1,UNSTABLE,2.8942378134020973e-16,2.2015936244214753e-16,1
B2_D2_Original,B2,2,Original,full-grid,939,14,0,44,0.99750404152105943,0.99442686266552838,-0.078291300027792374,1,0,-1,STABLE,3.0730425329795806e-16,8.9162482713063627e-17,1
B2_D2_Original,B2,2,Original,full-grid,940,14,1,45,0.99784347291348952,0.99478795396018627,-0.07802898879108966,1,0,-1,STABLE,5.4689279752837926e-16,2.2015936244214753e-16,1
B2_D2_Original,B2,2,Original,full-grid,941,14,2,46,0.99924714073291387,0.99086158548484216,-0.12918268720447326,1,0,-1,STABLE,2.3557962401465267e-16,2.2015936244214748e-16,1
B2_D2_Original,B2,2,Original,full-grid,942,14,3,47,1.000831698397981,0.99237044054660462,-0.1298653042483835,0,0,1,UNSTABLE,4.2372681276915778e-16,2.2015936244214753e-16,1
B2_D2_Original,B2,2,Original,full-grid,943,14,4,48,1.0024699195001439,0.99396197662060692,-0.13032854075405312,0,0,1,UNSTABLE,2.8140171201572537e-16,2.2015936243831527e-16,1
B2_D2_Original,B2,2,Original,full-grid,944,14,5,49,1.0041215906336549,0.99559782136651187,-0.13055706364236425,0,0,1,UNSTABLE,2.6624413601728042e-16,2.2015936244214753e-16,1
B2_D2_Original,B2,2,Original,full-grid,945,14,6,50,1.0057430929631828,0.99723478666252552,-0.13054481725942366,0,0,1,UNSTABLE,4.3098135695212053e-16,2.2015936244214748e-16,1
B2_D2_Original,B2,2,Original,full-grid,946,14,7,51,1.0072910183333841,0.99882825724461133,-0.13029699975363387,0,0,1,UNSTABLE,3.6879520322575635e-16,2.2015936244214751e-16,1
B2_D2_Original,B2,2,Original,full-grid,947,14,8,52,1.0087263384033378,1.0003364055232085,-0.12983027987920465,0,0,1,UNSTABLE,3.3732838533027293e-16,2.201593624383153e-16,1
B2_D2_Original,B2,2,Original,full-grid,948,14,9,53,1.0100179898910795,1.0017241091827407,-0.12917100675330107,0,0,1,UNSTABLE,3.29188728048941e-16,2.2015936244214743e-16,1
B2_D2_Original,B2,2,Original,full-grid,949,14,10,54,1.0111449403028057,1.0029655386155474,-0.12835193278478346,0,0,1,UNSTABLE,2.4629790660379017e-16,2.2015936244214751e-16,1
B2_D2_Original,B2,2,Original,full-grid,950,14,11,55,1.0120964343214904,1.0040449601437156,-0.12740843918783279,0,0,1,UNSTABLE,4.2786230752760184e-16,2.2015936244214753e-16,1
B2_D2_Original,B2,2,Original,full-grid,951,14,12,56,1.0128707666182963,1.0049559681336171,-0.12637520319492881,0,0,1,UNSTABLE,2.5903526173188557e-16,2.2015936243831527e-16,1
B2_D2_Original,B2,2,Original,full-grid,952,14,13,57,1.0134732491372107,1.0056997493747601,-0.1252838410341863,0,0,1,UNSTABLE,2.6417845644715642e-16,2.2015936244214751e-16,1
B2_D2_Original,B2,2,Original,full-grid,953,14,14,58,1.0139140083991283,1.0062830166534766,-0.12416161573838437,0,0,1,UNSTABLE,2.1682726018608089e-16,2.2015936244214748e-16,1
B2_D2_Original,B2,2,Original,full-grid,954,14,15,59,1.0142060283248693,1.006716065819711,-0.12303101524001508,0,0,1,UNSTABLE,3.0300392943200903e-16,2.2015936244214751e-16,1
B2_D2_Original,B2,2,Original,full-grid,955,14,16,60,1.0143636192856036,1.0070111845449767,-0.12190991071898931,0,0,1,UNSTABLE,1.8596636231160203e-16,2.2015936243831527e-16,1
B2_D2_Original,B2,2,Original,full-grid,956,14,17,61,1.0144013303092607,1.0071814692903649,-0.12081203107016926,0,0,1,UNSTABLE,2.4970711797732035e-16,2.2015936244214753e-16,1
B2_D2_Original,B2,2,Original,full-grid,957,14,18,62,1.0143332384315757,1.007240011074686,-0.11974756230234655,0,0,1,UNSTABLE,2.3742661244748258e-16,2.2015936244214748e-16,1
B2_D2_Original,B2,2,Original,full-grid,958,14,19,63,1.0141725236371968,1.0071993734135085,-0.11872375455685347,0,0,1,UNSTABLE,2.4610489529208073e-16,2.2015936244214753e-16,1
B2_D2_Original,B2,2,Original,full-grid,959,14,20,64,1.0139312429684144,1.0070712826716863,-0.1177454758599154,0,0,1,UNSTABLE,3.2873271192225674e-16,2.2015936243831527e-16,1
B2_D2_Original,B2,2,Original,full-grid,960,14,21,65,1.0136202344286662,1.0068664631358351,-0.11681568839654465,0,0,1,UNSTABLE,4.3538899019538501e-16,2.2015936244214753e-16,1
B2_D2_Original,B2,2,Original,full-grid,961,14,22,66,1.0132491000828214,1.0065945652977357,-0.11593584403328504,0,0,1,UNSTABLE,4.7906883900071954e-16,2.2015936244214748e-16,1
B2_D2_Original,B2,2,Original,full-grid,962,14,23,67,1.012826233891968,1.0062641508939905,-0.11510620611150321,0,0,1,UNSTABLE,2.7620750720836326e-16,2.2015936244214751e-16,1
B2_D2_Original,B2,2,Original,full-grid,963,14,24,68,1.0123588721021579,1.0058827102955519,-0.11432610835862672,0,0,1,UNSTABLE,2.3726843655086597e-16,2.201593624383153e-16,1
B2_D2_Original,B2,2,Original,full-grid,964,14,25,69,1.0118531526237129,1.0054566966460916,-0.11359416201581884,0,0,1,UNSTABLE,3.0394485175340545e-16,2.2015936244214743e-16,1
B2_D2_Original,B2,2,Original,full-grid,965,14,26,70,1.0113141754590451,1.0049915671299277,-0.1129084207760471,0,0,1,UNSTABLE,2.9368911839637758e-16,2.2015936244214751e-16,1
B2_D2_Original,B2,2,Original,full-grid,966,14,27,71,1.0107460595983262,1.004491825509791,-0.11226651093514316,0,0,1,UNSTABLE,3.5070710164464592e-16,2.2015936244214753e-16,1
B2_D2_Original,B2,2,Original,full-grid,967,14,28,72,1.0101519935524079,1.0039610621972423,-0.11166573185041513,0,0,1,UNSTABLE,1.8329131861091394e-16,2.2015936243831527e-16,1
B2_D2_Original,B2,2,Original,full-grid,968,14,29,73,1.0095342773545439,1.0034019891059176,-0.11110312962310812,0,0,1,UNSTABLE,2.4980062962111881e-16,2.2015936244214751e-16,1
B2_D2_Original,B2,2,Original,full-grid,969,14,30,74,1.0088943538319237,1.0028164667902657,-0.11057554489227146,0,0,1,UNSTABLE,2.7916464296487291e-16,2.2015936244214748e-16,1
B2_D2_Original,B2,2,Original,full-grid,970,14,31,75,1.0082328265101006,1.0022055211982637,-0.11007963359433633,0,0,1,UNSTABLE,2.3635573949425313e-16,2.2015936244214751e-16,1
B2_D2_Original,B2,2,Original,full-grid,971,14,32,76,1.0075494608691047,1.0015693470056313,-0.10961185718861209,0,0,1,UNSTABLE,3.6533853145827358e-16,2.2015936243831527e-16,1
B2_D2_Original,B2,2,Original,full-grid,972,14,33,77,1.0068431649855358,1.0009072941748087,-0.10916843566596454,0,0,1,UNSTABLE,1.8536284555586489e-16,2.2015936244214753e-16,1
B2_D2_Original,B2,2,Original,full-grid,973,14,34,78,1.0061119451119245,1.0002178344217865,-0.10874525185722661,0,0,1,UNSTABLE,3.1642119418420182e-16,2.2015936244214748e-16,1
B2_D2_Original,B2,2,Original,full-grid,974,14,35,79,1.0053528320055785,0.99949850535414253,-0.10833768788594354,0,0,1,UNSTABLE,1.8165382334573835e-16,2.2015936244214753e-16,1
B2_D2_Original,B2,2,Original,full-grid,975,14,36,80,1.0045617762044103,0.99874583375915793,-0.10794036205092185,0,0,1,UNSTABLE,3.3994657850503814e-16,2.2015936243831527e-16,1
B2_D2_Original,B2,2,Original,full-grid,976,14,37,81,1.0037335184457483,0.99795524969987115,-0.10754671379428377,0,0,1,UNSTABLE,2.8767556545573287e-16,2.2015936244214753e-16,1
B2_D2_Original,B2,2,Original,full-grid,977,14,38,82,1.0028614637371911,0.99712102890120002,-0.10714835123376154,0,0,1,UNSTABLE,2.543821558308684e-16,2.2015936244214748e-16,1
B2_D2_Original,B2,2,Original,full-grid,978,14,39,83,1.001937645591549,0.99623636417731776,-0.10673402617860314,0,0,1,UNSTABLE,2.1431969497478071e-16,2.2015936244214751e-16,1
B2_D2_Original,B2,2,Original,full-grid,979,14,40,84,1.0009530115869489,0.9952938175050734,-0.10628804373569113,0,0,1,UNSTABLE,5.5105879841383289e-16,2.201593624383153e-16,1
B2_D2_Original,B2,2,Original,full-grid,980,14,41,85,1.0005023885394604,0.99867370835198133,-0.060463656188385631,0,0,1,UNSTABLE,3.9908187662347542e-16,2.2015936244214743e-16,1
B2_D2_Original,B2,2,Original,full-grid,981,14,42,86,1.0002362924337291,0.99844193013767324,-0.059886165719058006,0,0,1,UNSTABLE,2.5014629044351551e-16,2.2015936244214751e-16,1
B2_D2_Original,B2,2,Original,full-grid,982,14,43,87,0.99995936442705025,0.99819915513545687,-0.059305793917711618,1,0,-1,STABLE,3.236852701211575e-16,2.2015936244214753e-16,1
B2_D2_Original,B2,2,Original,full-grid,983,14,44,88,0.99967289077600174,0.99794668194500735,-0.058722300256360452,1,0,-1,STABLE,2.9844215187036789e-16,2.2015936243831527e-16,1
B2_D2_Original,B2,2,Original,full-grid,984,14,45,89,0.99937822807993781,0.99768587893776939,-0.058135442961817316,1,0,-1,STABLE,2.2122929619109107e-16,2.2015936244214751e-16,1
B2_D2_Original,B2,2,Original,full-grid,985,14,46,90,0.99907680129729604,0.9974181808048741,-0.057545004043201516,1,0,-1,STABLE,3.4861023259561607e-16,2.2015936244214748e-16,1
B2_D2_Original,B2,2,Original,full-grid,986,14,47,91,0.9987700984478064,0.99714508181344752,-0.056950815347052874,1,0,-1,STABLE,3.9509923303117499e-16,2.2015936244214751e-16,1
B2_D2_Original,B2,2,Original,full-grid,987,14,48,92,0.99845966099932171,0.99686812483652587,-0.056352784561095715,1,0,-1,STABLE,3.1295045301204291e-16,2.2015936243831527e-16,1
B2_D2_Original,B2,2,Original,full-grid,988,14,49,93,0.99814706921214325,0.99658888550998714,-0.055750919765979873,1,0,-1,STABLE,2.4241064309353541e-16,2.2015936244214753e-16,1
B2_D2_Original,B2,2,Original,full-grid,989,14,50,94,0.99859929191850594,0.99012869413942117,-0.12979104307272446,1,0,-1,STABLE,5.2077544030963134e-16,2.2015936244214748e-16,1
B2_D2_Original,B2,2,Original,full-grid,990,14,51,95,1.0002318100336602,0.99181474744170361,-0.12948814833938183,0,0,1,UNSTABLE,3.6702326807559103e-16,2.2015936244214753e-16,1
B2_D2_Original,B2,2,Original,full-grid,991,14,52,96,1.0016589777255602,0.99329995036319496,-0.12913526345150286,0,0,1,UNSTABLE,4.2133186161874243e-16,2.2015936243831527e-16,1
B2_D2_Original,B2,2,Original,full-grid,992,14,53,97,1.002910863439973,0.99461393417355082,-0.12873741473916578,0,0,1,UNSTABLE,3.0192593324876897e-16,2.2015936244214753e-16,1
B2_D2_Original,B2,2,Original,full-grid,993,14,54,98,1.0040116699417341,0.99578021849831855,-0.12830116845387946,0,0,1,UNSTABLE,3.8545036811503295e-16,2.2015936244214748e-16,1
B2_D2_Original,B2,2,Original,full-grid,994,14,55,99,1.0049809634073987,0.99681764088630365,-0.12783320237374673,0,0,1,UNSTABLE,4.6440768660888962e-16,2.2015936244214751e-16,1
B2_D2_Original,B2,2,Original,full-grid,995,14,56,100,1.00583472358199,0.99774149538292489,-0.12733970140652551,0,0,1,UNSTABLE,2.20589049028264e-16,2.201593624383153e-16,1
B2_D2_Original,B2,2,Original,full-grid,996,14,57,101,1.006586155295329,0.99856437773942297,-0.12682614691817781,0,0,1,UNSTABLE,1.8385274616654618e-16,2.2015936244214743e-16,1
B2_D2_Original,B2,2,Original,full-grid,997,14,58,102,1.0072462964767448,0.99929680137708599,-0.12629728628772399,0,0,1,UNSTABLE,2.7393764716597351e-16,2.2015936244214751e-16,1
B2_D2_Original,B2,2,Original,full-grid,998,14,59,103,1.0078244715787241,0.99994764727857377,-0.12575717957627494,0,0,1,UNSTABLE,1.6300830819970031e-16,2.2015936244214753e-16,1
B2_D2_Original,B2,2,Original,full-grid,999,14,60,104,1.0083286319076274,1.0005244962195308,-0.12520927437439225,0,0,1,UNSTABLE,5.5957118091995512e-16,2.2015936243831527e-16,1
B2_D2_Original,B2,2,Original,full-grid,1000,14,61,105,1.0087656139332417,1.0010338776998018,-0.12465648619870681,0,0,1,UNSTABLE,7.5242034435410884e-16,2.2015936244214751e-16,1
B2_D2_Original,B2,2,Original,full-grid,1001,14,62,106,1.0091413378720901,1.0014814593698391,-0.12410127453305649,0,0,1,UNSTABLE,5.3802996492247232e-16,2.2015936244214748e-16,1
B2_D2_Original,B2,2,Original,full-grid,1002,14,63,107,1.0094609623478241,1.001872193379775,-0.12354571071710387,0,0,1,UNSTABLE,3.8106347770961961e-16,2.2015936244214751e-16,1
B2_D2_Original,B2,2,Original,full-grid,1003,14,64,108,1.0097290063452473,1.0022104310680104,-0.1229915367553127,0,0,1,UNSTABLE,4.1511455436960096e-16,2.2015936243831527e-16,1
B2_D2_Original,B2,2,Original,full-grid,1004,14,65,109,1.0099494464803884,1.0025000140139819,-0.12244021540331015,0,0,1,UNSTABLE,2.0956122343929734e-16,2.2015936244214753e-16,1
B2_D2_Original,B2,2,Original,full-grid,1005,14,66,110,1.0101257953856597,1.002744347171145,-0.12189297239720466,0,0,1,UNSTABLE,2.2060563071953992e-16,2.2015936244214748e-16,1
B2_D2_Original,B2,2,Original,full-grid,1006,15,0,45,0.99832255967510186,0.99525642028231487,-0.078183061100722789,1,0,-1,STABLE,2.2784404712867265e-16,8.9162482713522596e-17,1
B2_D2_Original,B2,2,Original,full-grid,1007,15,1,46,0.99862593181045733,0.9955833805280232,-0.077894056902291134,1,0,-1,STABLE,3.1632950911144413e-16,2.2015936244214477e-16,1
B2_D2_Original,B2,2,Original,full-grid,1008,15,2,47,0.99891470837061525,0.9958957127064707,-0.077603634012988768,1,0,-1,STABLE,3.5463516058660507e-16,2.2015936244214485e-16,1
B2_D2_Original,B2,2,Original,full-grid,1009,15,3,48,1.0003974327062535,0.99224922612525734,-0.12742251221464396,0,0,1,UNSTABLE,3.2720731065734368e-16,2.201593624383153e-16,1
B2_D2_Original,B2,2,Original,full-grid,1010,15,4,49,1.0020562877320207,0.99385783008081408,-0.12791957383580371,0,0,1,UNSTABLE,3.1620891259827981e-16,2.2015936244214753e-16,1
B2_D2_Original,B2,2,Original,full-grid,1011,15,5,50,1.003730700846464,0.99551205912749774,-0.1281836961296684,0,0,1,UNSTABLE,2.5974154338329912e-16,2.2015936244214748e-16,1
B2_D2_Original,B2,2,Original,full-grid,1012,15,6,51,1.0053781977748262,0.99716991159221013,-0.12820876715787213,0,0,1,UNSTABLE,3.9915949568066085e-16,2.2015936244214753e-16,1
B2_D2_Original,B2,2,Original,full-grid,1013,15,7,52,1.0069563412578937,0.99878787327743723,-0.12799944294182483,0,0,1,UNSTABLE,3.0306682232463518e-16,2.201593624383153e-16,1
B2_D2_Original,B2,2,Original,full-grid,1014,15,8,53,1.0084266971847178,1.0003249120380322,-0.12757144645641397,0,0,1,UNSTABLE,3.5718477650638931e-16,2.2015936244214751e-16,1
B2_D2_Original,B2,2,Original,full-grid,1015,15,9,54,1.0097583149142697,1.001746255081307,-0.12694997033903638,0,0,1,UNSTABLE,3.3062530993393558e-16,2.2015936244214753e-16,1
B2_D2_Original,B2,2,Original,full-grid,1016,15,10,55,1.0109298210583755,1.0030259645322857,-0.12616662624956446,0,0,1,UNSTABLE,2.9119579209798189e-16,2.2015936244214753e-16,1
B2_D2_Original,B2,2,Original,full-grid,1017,15,11,56,1.011929795093746,1.0041478390741438,-0.12525584809180812,0,0,1,UNSTABLE,3.2807824752547766e-16,2.2015936243831527e-16,1
B2_D2_Original,B2,2,Original,full-grid,1018,15,12,57,1.0127557062781172,1.0051047949176932,-0.12425164720175662,0,0,1,UNSTABLE,2.8103899459070569e-16,2.2015936244214751e-16,1
B2_D2_Original,B2,2,Original,full-grid,1019,15,13,58,1.0134120230447345,1.0058972711279974,-0.12318526043674882,0,0,1,UNSTABLE,2.8993558662569436e-16,2.2015936244214751e-16,1
B2_D2_Original,B2,2,Original,full-grid,1020,15,14,59,1.0139081042331972,1.0065312645898545,-0.12208381232949736,0,0,1,UNSTABLE,3.3054729614401842e-16,2.2015936244214751e-16,1
B2_D2_Original,B2,2,Original,full-grid,1021,15,15,60,1.0142562881294097,1.0070164439378084,-0.12096982949851229,0,0,1,UNSTABLE,2.2211789477581059e-16,2.201593624383153e-16,1
B2_D2_Original,B2,2,Original,full-grid,1022,15,16,61,1.014470373330788,1.0073645804024034,-0.11986133870684958,0,0,1,UNSTABLE,2.9411275828945843e-16,2.2015936244214753e-16,1
B2_D2_Original,B2,2,Original,full-grid,1023,15,17,62,1.0145645233286575,1.0075883654571154,-0.11877229387599067,0,0,1,UNSTABLE,2.435285296164227e-16,2.2015936244214748e-16,1
B2_D2_Original,B2,2,Original,full-grid,1024,15,18,63,1.0145525402282087,1.0077005869799276,-0.11771314235810956,0,0,1,UNSTABLE,2.4524707515433588e-16,2.2015936244214756e-16,1
B2_D2_Original,B2,2,Original,full-grid,1025,15,19,64,1.0144474230375129,1.0077135945991338,-0.11669141085591304,0,0,1,UNSTABLE,2.053768401298151e-16,2.201593624383153e-16,1
B2_D2_Original,B2,2,Original,full-grid,1026,15,20,65,1.0142611275723383,1.0076389784353581,-0.11571224672462052,0,0,1,UNSTABLE,2.6202425666440524e-16,2.2015936244214753e-16,1
B2_D2_Original,B2,2,Original,full-grid,1027,15,21,66,1.0140044598262377,1.007487395242523,-0.11477888732226232,0,0,1,UNSTABLE,3.0183878543439899e-16,2.2015936244214748e-16,1
B2_D2_Original,B2,2,Original,full-grid,1028,15,22,67,1.0136870522093235,1.0072684908104426,-0.11389305175154983,0,0,1,UNSTABLE,2.2447073666761931e-16,2.2015936244214753e-16,1
B2_D2_Original,B2,2,Original,full-grid,1029,15,23,68,1.0133173876568335,1.0069908818935986,-0.11305526042967759,0,0,1,UNSTABLE,2.7745818463340964e-16,2.201593624383153e-16,1
B2_D2_Original,B2,2,Original,full-grid,1030,15,24,69,1.0129028487659668,1.0066621727554672,-0.11226509244396773,0,0,1,UNSTABLE,2.4202635696257838e-16,2.2015936244214751e-16,1
B2_D2_Original,B2,2,Original,full-grid,1031,15,25,70,1.0124497778508843,1.0062889902601544,-0.11152139145251011,0,0,1,UNSTABLE,3.0261989576995432e-16,2.2015936244214751e-16,1
B2_D2_Original,B2,2,Original,full-grid,1032,15,26,71,1.0119635396745024,1.0058770276156239,-0.11082242979517071,0,0,1,UNSTABLE,3.6514327455028273e-16,2.2015936244214753e-16,1
B2_D2_Original,B2,2,Original,full-grid,1033,15,27,72,1.0114485822950663,1.0054310909103488,-0.11016603858506301,0,0,1,UNSTABLE,3.6350623107343459e-16,2.2015936243831527e-16,1
B2_D2_Original,B2,2,Original,full-grid,1034,15,28,73,1.0109084935658166,1.0049551450287653,-0.10954970946434189,0,0,1,UNSTABLE,3.3882605222081837e-16,2.2015936244214751e-16,1
B2_D2_Original,B2,2,Original,full-grid,1035,15,29,74,1.0103460518544469,1.0044523568592996,-0.10897067173174065,0,0,1,UNSTABLE,3.3016443873765197e-16,2.2015936244214751e-16,1
B2_D2_Original,B2,2,Original,full-grid,1036,15,30,75,1.0097632699009291,1.0039251343128619,-0.10842594678359491,0,0,1,UNSTABLE,1.8502675190857199e-16,2.2015936244214751e-16,1
B2_D2_Original,B2,2,Original,full-grid,1037,15,31,76,1.0091614307154435,1.0033751598679563,-0.10791238021466273,0,0,1,UNSTABLE,2.7827345163121344e-16,2.201593624383153e-16,1
B2_D2_Original,B2,2,Original,full-grid,1038,15,32,77,1.0085411142661929,1.0028034174049634,-0.10742665035372205,0,0,1,UNSTABLE,2.3453493879152015e-16,2.2015936244214753e-16,1
B2_D2_Original,B2,2,Original,full-grid,1039,15,33,78,1.0079022136173699,1.0022102112126583,-0.1069652502258255,0,0,1,UNSTABLE,2.8278321442620708e-16,2.2015936244214748e-16,1
B2_D2_Original,B2,2,Original,full-grid,1040,15,34,79,1.0072439393691495,1.0015951765004369,-0.10652443760443513,0,0,1,UNSTABLE,3.9747459075330703e-16,2.2015936244214756e-16,1
B2_D2_Original,B2,2,Original,full-grid,1041,15,35,80,1.00656481206968,1.0009572819236134,-0.10610014449076964,0,0,1,UNSTABLE,3.0767405525576245e-16,2.201593624383153e-16,1
B2_D2_Original,B2,2,Original,full-grid,1042,15,36,81,1.0058626443921708,1.0002948272683874,-0.10568783242983797,0,0,1,UNSTABLE,2.4075110484781731e-16,2.2015936244214753e-16,1
B2_D2_Original,B2,2,Original,full-grid,1043,15,37,82,1.005134519721147,0.99960544504950855,-0.10528227278338345,0,0,1,UNSTABLE,2.7365552012645841e-16,2.2015936244214748e-16,1
B2_D2_Original,B2,2,Original,full-grid,1044,15,38,83,1.0043767843714131,0.99888612642309282,-0.10487722070940347,0,0,1,UNSTABLE,2.7852996165235936e-16,2.2015936244214753e-16,1
B2_D2_Original,B2,2,Original,full-grid,1045,15,39,84,1.0035850932107844,0.99813331573067199,-0.10446493834485007,0,0,1,UNSTABLE,2.678419692217134e-16,2.201593624383153e-16,1
B2_D2_Original,B2,2,Original,full-grid,1046,15,40,85,1.0027545954976598,0.99734316626639208,-0.10403551073264841,0,0,1,UNSTABLE,2.9496912115064647e-16,2.2015936244214751e-16,1
B2_D2_Original,B2,2,Original,full-grid,1047,15,41,86,1.0018804423385135,0.99651214377019737,-0.10357590481835358,0,0,1,UNSTABLE,3.2467374713359657e-16,2.2015936244214751e-16,1
B2_D2_Original,B2,2,Original,full-grid,1048,15,42,87,1.0009589725158619,0.99563833119424916,-0.10306880282966649,0,0,1,UNSTABLE,3.347485541813085e-16,2.2015936244214753e-16,1
B2_D2_Original,B2,2,Original,full-grid,1049,15,43,88,0.99999488289916871,0.9982362703882709,-0.059279965467575309,1,0,-1,STABLE,2.2055546823206438e-16,2.2015936243831527e-16,1
B2_D2_Original,B2,2,Original,full-grid,1050,15,44,89,0.99970479963990899,0.9979799073005553,-0.058700860704470774,1,0,-1,STABLE,2.6570529960927753e-16,2.2015936244214751e-16,1
B2_D2_Original,B2,2,Original,full-grid,1051,15,45,90,0.99940667728377386,0.9977153996451531,-0.058117879437448977,1,0,-1,STABLE,3.2274226233500183e-16,2.2015936244214751e-16,1
B2_D2_Original,B2,2,Original,full-grid,1052,15,46,91,0.99910194617284576,0.99744418558338732,-0.05753082210660148,1,0,-1,STABLE,3.5326451115071261e-16,2.2015936244214751e-16,1
B2_D2_Original,B2,2,Original,full-grid,1053,15,47,92,0.99879210436372579,0.99716776732245949,-0.056939542959713325,1,0,-1,STABLE,3.6917825628252334e-16,2.201593624383153e-16,1
B2_D2_Original,B2,2,Original,full-grid,1054,15,48,93,0.99847870662241611,0.99688769874341387,-0.056343976363347308,1,0,-1,STABLE,3.5106241649945033e-16,2.2015936244214753e-16,1
B2_D2_Original,B2,2,Original,full-grid,1055,15,49,94,0.99816334820728714,0.99660556799870315,-0.055744161473323603,1,0,-1,STABLE,2.4135888429019809e-16,2.2015936244214748e-16,1
B2_D2_Original,B2,2,Original,full-grid,1056,15,50,95,0.99784764322946173,0.99632297496253264,-0.055140263514056861,1,0,-1,STABLE,2.7207366052510263e-16,2.2015936244214756e-16,1
B2_D2_Original,B2,2,Original,full-grid,1057,15,51,96,0.99839266795755144,0.99019845554369934,-0.12765162776192943,1,0,-1,STABLE,2.6548178414994346e-16,2.201593624383153e-16,1
B2_D2_Original,B2,2,Original,full-grid,1058,15,52,97,1.0000117674958104,0.9918806800961375,-0.12726449458556299,0,0,1,UNSTABLE,3.8232100580253377e-16,2.2015936244214753e-16,1
B2_D2_Original,B2,2,Original,full-grid,1059,15,53,98,1.0014347584651904,0.99336813840583993,-0.12685155522243435,0,0,1,UNSTABLE,3.0707380812287598e-16,2.2015936244214748e-16,1
B2_D2_Original,B2,2,Original,full-grid,1060,15,54,99,1.002687887772642,0.99468742818172151,-0.12641171030879633,0,0,1,UNSTABLE,2.3047901043526192e-16,2.2015936244214753e-16,1
B2_D2_Original,B2,2,Original,full-grid,1061,15,55,100,1.0037933821796072,0.99586069950304723,-0.125946898702891,0,0,1,UNSTABLE,2.617381691068205e-16,2.201593624383153e-16,1
B2_D2_Original,B2,2,Original,full-grid,1062,15,56,101,1.0047697820112642,0.99690621589128026,-0.12546039837451239,0,0,1,UNSTABLE,2.2565638331713917e-16,2.2015936244214751e-16,1
B2_D2_Original,B2,2,Original,full-grid,1063,15,57,102,1.005632523358057,0.9978390620037646,-0.12495590572254017,0,0,1,UNSTABLE,3.5392525798182784e-16,2.2015936244214751e-16,1
B2_D2_Original,B2,2,Original,full-grid,1064,15,58,103,1.0063945120468611,0.99867178284461255,-0.12443706854471701,0,0,1,UNSTABLE,2.8962746537515143e-16,2.2015936244214753e-16,1
B2_D2_Original,B2,2,Original,full-grid,1065,15,59,104,1.0070666120294294,0.99941490377218734,-0.12390726848116107,0,0,1,UNSTABLE,2.7466460748159254e-16,2.2015936243831527e-16,1
B2_D2_Original,B2,2,Original,full-grid,1066,15,60,105,1.0076580385782479,1.0000773371779048,-0.12336953584460413,0,0,1,UNSTABLE,2.5713793754753765e-16,2.2015936244214751e-16,1
B2_D2_Original,B2,2,Original,full-grid,1067,15,61,106,1.0081766682748607,1.0006666964633539,-0.12282653232472338,0,0,1,UNSTABLE,2.459384339320826e-16,2.2015936244214751e-16,1
B2_D2_Original,B2,2,Original,full-grid,1068,15,62,107,1.0086292820752163,1.0011895383293501,-0.12228056672844149,0,0,1,UNSTABLE,5.0056007072513641e-16,2.2015936244214751e-16,1
B2_D2_Original,B2,2,Original,full-grid,1069,15,63,108,1.0090217563108126,1.0016515507897448,-0.12173362521939467,0,0,1,UNSTABLE,5.5510562512152645e-16,2.201593624383153e-16,1
B2_D2_Original,B2,2,Original,full-grid,1070,15,64,109,1.0093592136644511,1.0020577003073818,-0.12118740637541747,0,0,1,UNSTABLE,2.4227855656565034e-16,2.2015936244214753e-16,1
B2_D2_Original,B2,2,Original,full-grid,1071,15,65,110,1.0096461434193558,1.0024123480552585,-0.12064335616983311,0,0,1,UNSTABLE,3.8968176872681063e-16,2.2015936244214748e-16,1
B2_D2_Original,B2,2,Original,full-grid,1072,15,66,111,1.0098864980253377,1.0027193426944263,-0.12010270055389215,0,0,1,UNSTABLE,2.2822861409733828e-16,2.2015936244214756e-16,1
B2_D2_Original,B2,2,Original,full-grid,1073,16,0,46,0.999173180399473,0.9961233235868141,-0.078008772814068567,1,0,-1,STABLE,2.3420048331910066e-16,8.916248271305686e-17,1
B2_D2_Original,B2,2,Original,full-grid,1074,16,1,47,0.99943536268990429,0.99641058237689062,-0.077698105011939356,1,0,-1,STABLE,3.0470612670172856e-16,2.2015936244214485e-16,1
B2_D2_Original,B2,2,Original,full-grid,1075,16,2,48,0.99968483722787738,0.99668485461155321,-0.077389110159472432,1,0,-1,STABLE,3.018707940544953e-16,2.2015936243831527e-16,1
B2_D2_Original,B2,2,Original,full-grid,1076,16,3,49,0.99992295756514404,0.99694757885378404,-0.077080776354438316,1,0,-1,STABLE,2.6621986494440398e-16,2.2015936244214753e-16,1
B2_D2_Original,B2,2,Original,full-grid,1077,16,4,50,1.0014455967850224,0.99353434322601353,-0.1256295831027219,0,0,1,UNSTABLE,2.8449067962816878e-16,2.2015936244214743e-16,1
B2_D2_Original,B2,2,Original,full-grid,1078,16,5,51,1.0031459946501784,0.99521061988841075,-0.12592739433507211,0,0,1,UNSTABLE,2.8822112411365612e-16,2.2015936244214751e-16,1
B2_D2_Original,B2,2,Original,full-grid,1079,16,6,52,1.0048226614501523,0.99689301275647901,-0.12598770607118095,0,0,1,UNSTABLE,2.9588393904359684e-16,2.201593624383153e-16,1
B2_D2_Original,B2,2,Original,full-grid,1080,16,7,53,1.0064340334074999,0.99853901849149063,-0.1258145148658899,0,0,1,UNSTABLE,3.8470927868177638e-16,2.2015936244214751e-16,1
B2_D2_Original,B2,2,Original,full-grid,1081,16,8,54,1.0079421547485068,1.0001082798938623,-0.1254225490364575,0,0,1,UNSTABLE,3.2213957554223012e-16,2.2015936244214751e-16,1
B2_D2_Original,B2,2,Original,full-grid,1082,16,9,55,1.0093160849088276,1.0015662571184767,-0.12483585966127411,0,0,1,UNSTABLE,3.0372099835666823e-16,2.2015936244214753e-16,1
B2_D2_Original,B2,2,Original,full-grid,1083,16,10,56,1.0105340393191549,1.0028868145798939,-0.12408497799685812,0,0,1,UNSTABLE,3.2624024131636071e-16,2.201593624383153e-16,1
B2_D2_Original,B2,2,Original,full-grid,1084,16,11,57,1.0115838989490884,1.0040532299550053,-0.12320347409858438,0,0,1,UNSTABLE,4.0890596651709944e-16,2.2015936244214751e-16,1
B2_D2_Original,B2,2,Original,full-grid,1085,16,12,58,1.0124623062400055,1.0050577219132406,-0.12222478136367221,0,0,1,UNSTABLE,1.9328644676032872e-16,2.2015936244214748e-16,1
B2_D2_Original,B2,2,Original,full-grid,1086,16,13,59,1.013172907435135,1.0058999887079705,-0.12117983775310756,0,0,1,UNSTABLE,2.5745187660279184e-16,2.2015936244214748e-16,1
B2_D2_Original,B2,2,Original,full-grid,1087,16,14,60,1.013724328495955,1.0065853356201813,-0.1200956964215691,0,0,1,UNSTABLE,3.8106756656089846e-16,2.201593624383153e-16,1
B2_D2_Original,B2,2,Original,full-grid,1088,16,15,61,1.0141283028821972,1.0071228379293968,-0.11899497480046614,0,0,1,UNSTABLE,2.7481738374020883e-16,2.2015936244214753e-16,1
B2_D2_Original,B2,2,Original,full-grid,1089,16,16,62,1.0143981588717417,1.0075237878634353,-0.11789589310783767,0,0,1,UNSTABLE,3.5958416327517891e-16,2.2015936244214748e-16,1
B2_D2_Original,B2,2,Original,full-grid,1090,16,17,63,1.0145477129460316,1.0078005086849608,-0.11681265572855365,0,0,1,UNSTABLE,2.7640118828362139e-16,2.2015936244214756e-16,1
B2_D2_Original,B2,2,Original,full-grid,1091,16,18,64,1.0145905255829522,1.0079655183545948,-0.11575598650110569,0,0,1,UNSTABLE,2.6589655607096424e-16,2.2015936243831527e-16,1
B2_D2_Original,B2,2,Original,full-grid,1092,16,19,65,1.0145394414140649,1.0080309803130203,-0.1147336956344307,0,0,1,UNSTABLE,2.6760737672277519e-16,2.2015936244214753e-16,1
B2_D2_Original,B2,2,Original,full-grid,1093,16,20,66,1.0144063339212073,1.0080083692185453,-0.11375121047634136,0,0,1,UNSTABLE,2.4728350486685306e-16,2.2015936244214743e-16,1
B2_D2_Original,B2,2,Original,full-grid,1094,16,21,67,1.0142019875203292,1.0079082870967286,-0.11281203965855845,0,0,1,UNSTABLE,3.9024526403507115e-16,2.2015936244214751e-16,1
B2_D2_Original,B2,2,Original,full-grid,1095,16,22,68,1.013936066298381,1.0077403789775587,-0.11191816259571583,0,0,1,UNSTABLE,2.9469168976774446e-16,2.201593624383153e-16,1
B2_D2_Original,B2,2,Original,full-grid,1096,16,23,69,1.013617133774839,1.0075133108957484,-0.11107034820242073,0,0,1,UNSTABLE,2.959490950330919e-16,2.2015936244214751e-16,1
B2_D2_Original,B2,2,Original,full-grid,1097,16,24,70,1.0132527001015226,1.0072347847466054,-0.11026841188429934,0,0,1,UNSTABLE,3.3569093000240954e-16,2.2015936244214751e-16,1
B2_D2_Original,B2,2,Original,full-grid,1098,16,25,71,1.0128492819376873,1.0069115733531904,-0.10951142118104179,0,0,1,UNSTABLE,2.8473287861245477e-16,2.2015936244214753e-16,1
B2_D2_Original,B2,2,Original,full-grid,1099,16,26,72,1.0124124663075824,1.0065495654230636,-0.1087978597291494,0,0,1,UNSTABLE,3.8938499626541904e-16,2.201593624383153e-16,1
B2_D2_Original,B2,2,Original,full-grid,1100,16,27,73,1.0119469736805742,1.0061538143280968,-0.10812575758945726,0,0,1,UNSTABLE,3.0319201025751919e-16,2.2015936244214751e-16,1
B2_D2_Original,B2,2,Original,full-grid,1101,16,28,74,1.011456717884226,1.0057285873298645,-0.10749279408688746,0,0,1,UNSTABLE,2.6308806718588427e-16,2.2015936244214748e-16,1
B2_D2_Original,B2,2,Original,full-grid,1102,16,29,75,1.0109448617520276,1.0052774134458966,-0.10689637748003293,0,0,1,UNSTABLE,3.6690758530174336e-16,2.2015936244214748e-16,1
B2_D2_Original,B2,2,Original,full-grid,1103,16,30,76,1.0104138680045616,1.0048031289836763,-0.10633370416078383,0,0,1,UNSTABLE,2.7267734154187825e-16,2.201593624383153e-16,1
B2_D2_Original,B2,2,Original,full-grid,1104,16,31,77,1.0098655450676299,1.0043079201642666,-0.10580179870903243,0,0,1,UNSTABLE,3.3763890188590092e-16,2.2015936244214753e-16,1
B2_D2_Original,B2,2,Original,full-grid,1105,16,32,78,1.0093010875817336,1.003793362466034,-0.10529753493222745,0,0,1,UNSTABLE,2.7737495833437237e-16,2.2015936244214748e-16,1
B2_D2_Original,B2,2,Original,full-grid,1106,16,33,79,1.0087211114437862,1.0032604565456902,-0.10481763689437368,0,0,1,UNSTABLE,2.6448261035608115e-16,2.2015936244214756e-16,1
B2_D2_Original,B2,2,Original,full-grid,1107,16,34,80,1.0081256835268388,1.002709661040333,-0.10435865772822331,0,0,1,UNSTABLE,1.7397511140590345e-16,2.2015936243831527e-16,1
B2_D2_Original,B2,2,Original,full-grid,1108,16,35,81,1.0075143469611156,1.0021409234537102,-0.10391693255590287,0,0,1,UNSTABLE,2.8548497498550749e-16,2.2015936244214753e-16,1
B2_D2_Original,B2,2,Original,full-grid,1109,16,36,82,1.0068861443679487,1.0015537120396665,-0.10348849993945393,0,0,1,UNSTABLE,2.9244634309262058e-16,2.2015936244214743e-16,1
B2_D2_Original,B2,2,Original,full-grid,1110,16,37,83,1.0062396443076671,1.0009470547194814,-0.10306898381577267,0,0,1,UNSTABLE,3.5191491480672685e-16,2.2015936244214751e-16,1
B2_D2_Original,B2,2,Original,full-grid,1111,16,38,84,1.0055729815110079,1.0003195966802159,-0.10265342489400084,0,0,1,UNSTABLE,2.8941000588222156e-16,2.201593624383153e-16,1
B2_D2_Original,B2,2,Original,full-grid,1112,16,39,85,1.0048839311367006,0.99966969826262764,-0.10223604761656374,0,0,1,UNSTABLE,3.692409295789971e-16,2.2015936244214751e-16,1
B2_D2_Original,B2,2,Original,full-grid,1113,16,40,86,1.0041700546103272,0.99899561212535348,-0.10180994809151775,0,0,1,UNSTABLE,2.6872601738046766e-16,2.2015936244214751e-16,1
B2_D2_Original,B2,2,Original,full-grid,1114,16,41,87,1.0034289845106856,0.99829580785125616,-0.10136669562905645,0,0,1,UNSTABLE,4.1525288837712159e-16,2.2015936244214753e-16,1
B2_D2_Original,B2,2,Original,full-grid,1115,16,42,88,1.0026589638859693,0.99756955715347773,-0.10089586959583551,0,0,1,UNSTABLE,3.0953009736168e-16,2.201593624383153e-16,1
B2_D2_Original,B2,2,Original,full-grid,1116,16,43,89,1.0018598195583275,0.99681794892911313,-0.10038463397453112,0,0,1,UNSTABLE,3.4420412421821774e-16,2.2015936244214751e-16,1
B2_D2_Original,B2,2,Original,full-grid,1117,16,44,90,1.0010345942314365,0.99604553042298782,-0.099817634576689185,0,0,1,UNSTABLE,3.6282480237773284e-16,2.2015936244214748e-16,1
B2_D2_Original,B2,2,Original,full-grid,1118,16,45,91,1.000191957414601,0.99526263375903867,-0.099177827763431259,0,0,1,UNSTABLE,3.1862785487522484e-16,2.2015936244214748e-16,1
B2_D2_Original,B2,2,Original,full-grid,1119,16,46,92,0.99934896728749534,0.99448786657942412,-0.09844918305851473,1,0,-1,STABLE,3.6943675925395648e-16,2.201593624383153e-16,1
B2_D2_Original,B2,2,Original,full-grid,1120,16,47,93,0.99881514252275516,0.99719149074229385,-0.056928197968260569,1,0,-1,STABLE,3.7410234933978059e-16,2.2015936244214753e-16,1
B2_D2_Original,B2,2,Original,full-grid,1121,16,48,94,0.99849861504138904,0.99690813722771809,-0.056335159258968412,1,0,-1,STABLE,2.0923525460816965e-16,2.2015936244214748e-16,1
B2_D2_Original,B2,2,Original,full-grid,1122,16,49,95,0.99818033688430707,0.99662295926410094,-0.055737438137528968,1,0,-1,STABLE,2.4446736288979539e-16,2.2015936244214756e-16,1
B2_D2_Original,B2,2,Original,full-grid,1123,16,50,96,0.99786193801973655,0.99633756973595444,-0.055135238107372149,1,0,-1,STABLE,2.1829411019806199e-16,2.2015936243831527e-16,1
B2_D2_Original,B2,2,Original,full-grid,1124,16,51,97,0.99778339525616311,0.99752752387722876,-0.022595197637589645,1,0,-1,STABLE,3.5608161273791144e-16,2.2015936244214753e-16,1
B2_D2_Original,B2,2,Original,full-grid,1125,16,52,98,0.99812094303705756,0.99016522189718281,-0.12577062564242886,1,0,-1,STABLE,3.7483115703517974e-16,2.2015936244214743e-16,1
B2_D2_Original,B2,2,Original,full-grid,1126,16,53,99,0.99970529421079823,0.99182353677214485,-0.12528666001571129,1,0,-1,STABLE,3.5080236368819632e-16,2.2015936244214751e-16,1
B2_D2_Original,B2,2,Original,full-grid,1127,16,54,100,1.0011091031520383,0.99329986448848218,-0.12479910104260074,0,0,1,UNSTABLE,2.8134094081291271e-16,2.201593624383153e-16,1
B2_D2_Original,B2,2,Original,full-grid,1128,16,55,101,1.0023531397597827,0.99461583641681761,-0.1243026738858375,0,0,1,UNSTABLE,2.4976479292253738e-16,2.2015936244214751e-16,1
B2_D2_Original,B2,2,Original,full-grid,1129,16,56,102,1.003456231281213,0.9957906802106915,-0.12379551406502345,0,0,1,UNSTABLE,2.4868444856490983e-16,2.2015936244214751e-16,1
B2_D2_Original,B2,2,Original,full-grid,1130,16,57,103,1.004434838092704,0.99684097805120486,-0.12327776949731789,0,0,1,UNSTABLE,3.3642453795608158e-16,2.2015936244214753e-16,1
B2_D2_Original,B2,2,Original,full-grid,1131,16,58,104,1.0053031173292934,0.99778085321653565,-0.12275066870073502,0,0,1,UNSTABLE,5.6114118745712636e-16,2.201593624383153e-16,1
B2_D2_Original,B2,2,Original,full-grid,1132,16,59,105,1.0060731750940581,0.99862229904750888,-0.12221594613186543,0,0,1,UNSTABLE,2.6726195060859477e-16,2.2015936244214751e-16,1
B2_D2_Original,B2,2,Original,full-grid,1133,16,60,106,1.0067553629582024,0.99937552105660665,-0.12167550599006309,0,0,1,UNSTABLE,3.851230651124873e-16,2.2015936244214748e-16,1
B2_D2_Original,B2,2,Original,full-grid,1134,16,61,107,1.0073585581916318,1.0000492431299588,-0.12113123493599826,0,0,1,UNSTABLE,5.7312653625061979e-16,2.2015936244214748e-16,1
B2_D2_Original,B2,2,Original,full-grid,1135,16,62,108,1.0078904072101189,1.0006509650193154,-0.12058490432924077,0,0,1,UNSTABLE,2.0734740548679024e-16,2.201593624383153e-16,1
B2_D2_Original,B2,2,Original,full-grid,1136,16,63,109,1.0083575291418085,1.0011871728893142,-0.12003812485571136,0,0,1,UNSTABLE,2.0910053566164605e-16,2.2015936244214753e-16,1
B2_D2_Original,B2,2,Original,full-grid,1137,16,64,110,1.0087656831104004,1.0016635094915738,-0.119492331026794,0,0,1,UNSTABLE,5.0400801757819509e-16,2.2015936244214748e-16,1
B2_D2_Original,B2,2,Original,full-grid,1138,16,65,111,1.0091199047758199,1.0020849112952157,-0.118948782125836,0,0,1,UNSTABLE,2.8130428958930725e-16,2.2015936244214756e-16,1
B2_D2_Original,B2,2,Original,full-grid,1139,16,66,112,1.009424617673075,1.0024557191781633,-0.11840857169742736,0,0,1,UNSTABLE,2.485626057345972e-16,2.2015936243831527e-16,1
B2_D2_Original,B2,2,Original,full-grid,1140,17,0,47,1.000046913866387,0.99701953930906528,-0.07775518098251806,0,0,1,UNSTABLE,3.1212336368557917e-16,8.9162482713522596e-17,1
B2_D2_Original,B2,2,Original,full-grid,1141,17,1,48,1.000264004903493,0.99726260152237067,-0.077429859294771197,0,0,1,UNSTABLE,6.4674931634550555e-16,2.201593624383153e-16,1
B2_D2_Original,B2,2,Original,full-grid,1142,17,2,49,1.0004710433987731,0.99749514880038648,-0.077108603924103764,0,0,1,UNSTABLE,2.2150022174207239e-16,2.2015936244214756e-16,1
B2_D2_Original,B2,2,Original,full-grid,1143,17,3,50,1.0006690202185171,0.9977182823598334,-0.07679008445125371,0,0,1,UNSTABLE,5.1965614868272284e-16,2.2015936244214751e-16,1
B2_D2_Original,B2,2,Original,full-grid,1144,17,4,51,1.0008587256667552,0.9979328913470622,-0.076473087494709602,0,0,1,UNSTABLE,3.2973984816657439e-16,2.2015936244214753e-16,1
B2_D2_Original,B2,2,Original,full-grid,1145,17,5,52,1.0023995067773961,0.99472547270709766,-0.12379824366770298,0,0,1,UNSTABLE,4.7007582328889207e-16,2.201593624383153e-16,1
B2_D2_Original,B2,2,Original,full-grid,1146,17,6,53,1.0041075752199151,0.99643518734219438,-0.12389083921074849,0,0,1,UNSTABLE,2.4491993077010106e-16,2.2015936244214751e-16,1
B2_D2_Original,B2,2,Original,full-grid,1147,17,7,54,1.0057542943352011,0.99811194458713026,-0.12375074402279772,0,0,1,UNSTABLE,3.3788356446959328e-16,2.2015936244214753e-16,1
B2_D2_Original,B2,2,Original,full-grid,1148,17,8,55,1.00730208990535,0.99971596295667808,-0.12339162750076557,0,0,1,UNSTABLE,3.0862016147084939e-16,2.2015936244214753e-16,1
B2_D2_Original,B2,2,Original,full-grid,1149,17,9,56,1.0087199457326543,1.001212839372434,-0.12283639198005521,0,0,1,UNSTABLE,3.8080724815931552e-16,2.2015936243831527e-16,1
B2_D2_Original,B2,2,Original,full-grid,1150,17,10,57,1.0099856064789687,1.0025761660733141,-0.12211452213567739,0,0,1,UNSTABLE,3.9643981145627901e-16,2.2015936244214751e-16,1
B2_D2_Original,B2,2,Original,full-grid,1151,17,11,58,1.0110862250319272,1.0037886543702328,-0.12125878032913939,0,0,1,UNSTABLE,2.1403077564222222e-16,2.2015936244214751e-16,1
B2_D2_Original,B2,2,Original,full-grid,1152,17,12,59,1.0120176136933232,1.0048418078465642,-0.12030208489123081,0,0,1,UNSTABLE,2.7232335145809756e-16,2.2015936244214751e-16,1
B2_D2_Original,B2,2,Original,full-grid,1153,17,13,60,1.0127826123652426,1.0057345883939055,-0.11927513411229815,0,0,1,UNSTABLE,2.3615017874019043e-16,2.201593624383153e-16,1
B2_D2_Original,B2,2,Original,full-grid,1154,17,14,61,1.0133891418210337,1.0064716291195475,-0.11820495987146698,0,0,1,UNSTABLE,3.2486833179484902e-16,2.2015936244214753e-16,1
B2_D2_Original,B2,2,Original,full-grid,1155,17,15,62,1.0138483641132268,1.0070614400046265,-0.11711430941979065,0,0,1,UNSTABLE,2.9649406170451899e-16,2.2015936244214751e-16,1
B2_D2_Original,B2,2,Original,full-grid,1156,17,16,63,1.0141731718239977,1.0075148659467841,-0.11602162446622513,0,0,1,UNSTABLE,2.5524027170237518e-16,2.2015936244214756e-16,1
B2_D2_Original,B2,2,Original,full-grid,1157,17,17,64,1.0143770671440913,1.0078438936404908,-0.11494137809954943,0,0,1,UNSTABLE,2.2582926488557996e-16,2.201593624383153e-16,1
B2_D2_Original,B2,2,Original,full-grid,1158,17,18,65,1.014473397691122,1.0080608002049223,-0.11388458066472844,0,0,1,UNSTABLE,2.0763566751157372e-16,2.2015936244214753e-16,1
B2_D2_Original,B2,2,Original,full-grid,1159,17,19,66,1.014474877200743,1.008177587660009,-0.11285932930647455,0,0,1,UNSTABLE,3.664926436981913e-16,2.2015936244214748e-16,1
B2_D2_Original,B2,2,Original,full-grid,1160,17,20,67,1.0143933141198074,1.0082056344381547,-0.11187132974146748,0,0,1,UNSTABLE,3.6000080516878605e-16,2.2015936244214753e-16,1
B2_D2_Original,B2,2,Original,full-grid,1161,17,21,68,1.0142394817594058,1.0081555006406888,-0.11092435660174182,0,0,1,UNSTABLE,3.6640031918489063e-16,2.201593624383153e-16,1
B2_D2_Original,B2,2,Original,full-grid,1162,17,22,69,1.0140230790174214,1.0080368361928604,-0.11002064196440491,0,0,1,UNSTABLE,2.2650931788806078e-16,2.2015936244214748e-16,1
B2_D2_Original,B2,2,Original,full-grid,1163,17,23,70,1.0137527453377022,1.0078583542960406,-0.10916119436596775,0,0,1,UNSTABLE,2.5897785153494318e-16,2.2015936244214753e-16,1
B2_D2_Original,B2,2,Original,full-grid,1164,17,24,71,1.013436105515058,1.0076278440049029,-0.10834605644673349,0,0,1,UNSTABLE,2.5855652100046549e-16,2.2015936244214753e-16,1
B2_D2_Original,B2,2,Original,full-grid,1165,17,25,72,1.0130798288620011,1.0073522046381482,-0.10757451118979627,0,0,1,UNSTABLE,3.335480645059921e-16,2.2015936243831527e-16,1
B2_D2_Original,B2,2,Original,full-grid,1166,17,26,73,1.0126896934973388,1.0070374911806228,-0.10684524637236512,0,0,1,UNSTABLE,3.1780078308599291e-16,2.2015936244214751e-16,1
B2_D2_Original,B2,2,Original,full-grid,1167,17,27,74,1.0122706506621955,1.0066889642701007,-0.10615648547713152,0,0,1,UNSTABLE,2.9829583919789638e-16,2.2015936244214751e-16,1
B2_D2_Original,B2,2,Original,full-grid,1168,17,28,75,1.011826886561078,1.0063111412510422,-0.10550609158674071,0,0,1,UNSTABLE,2.8895532408404485e-16,2.2015936244214751e-16,1
B2_D2_Original,B2,2,Original,full-grid,1169,17,29,76,1.0113618807239309,1.0059078465431384,-0.10489164906889673,0,0,1,UNSTABLE,2.7967516288374102e-16,2.201593624383153e-16,1
B2_D2_Original,B2,2,Original,full-grid,1170,17,30,77,1.0108784606597354,1.0054822605701004,-0.10431052633668805,0,0,1,UNSTABLE,2.6080949740886895e-16,2.2015936244214753e-16,1
B2_D2_Original,B2,2,Original,full-grid,1171,17,31,78,1.0103788529142796,1.0050369670142318,-0.10375992170009322,0,0,1,UNSTABLE,2.7182292160699547e-16,2.2015936244214751e-16,1
B2_D2_Original,B2,2,Original,full-grid,1172,17,32,79,1.0098647307818689,1.0045739984380253,-0.10323689330551764,0,0,1,UNSTABLE,4.6208001533875512e-16,2.2015936244214756e-16,1
B2_D2_Original,B2,2,Original,full-grid,1173,17,33,80,1.0093372590331993,1.0040948805354342,-0.10273837333335482,0,0,1,UNSTABLE,3.2866669841365049e-16,2.201593624383153e-16,1
B2_D2_Original,B2,2,Original,full-grid,1174,17,34,81,1.0087971362590178,1.0036006756026572,-0.10226116591495102,0,0,1,UNSTABLE,3.7420878371146611e-16,2.2015936244214753e-16,1
B2_D2_Original,B2,2,Original,full-grid,1175,17,35,82,1.0082446359340718,1.0030920264036991,-0.10180192756107194,0,0,1,UNSTABLE,3.0654281383593524e-16,2.2015936244214748e-16,1
B2_D2_Original,B2,2,Original,full-grid,1176,17,36,83,1.0076796482483135,1.0025692026263822,-0.10135712820983618,0,0,1,UNSTABLE,3.1094232155523129e-16,2.2015936244214753e-16,1
B2_D2_Original,B2,2,Original,full-grid,1177,17,37,84,1.007101726372718,1.0020321538201888,-0.10092299031133792,0,0,1,UNSTABLE,1.9618947878688579e-16,2.201593624383153e-16,1
B2_D2_Original,B2,2,Original,full-grid,1178,17,38,85,1.0065101434994839,1.0014805754392517,-0.10049540280638269,0,0,1,UNSTABLE,3.1732005585527046e-16,2.2015936244214748e-16,1
B2_D2_Original,B2,2,Original,full-grid,1179,17,39,86,1.0059039712880351,1.0009139989087505,-0.10006980684269276,0,0,1,UNSTABLE,5.5016786036503288e-16,2.2015936244214753e-16,1
B2_D2_Original,B2,2,Original,full-grid,1180,17,40,87,1.0052821970600567,1.0003319231977668,-0.0996410515668716,0,0,1,UNSTABLE,4.0093955223306002e-16,2.2015936244214753e-16,1
B2_D2_Original,B2,2,Original,full-grid,1181,17,41,88,1.0046439071182811,0.99973401491658276,-0.09920322337835194,0,0,1,UNSTABLE,2.7528385522843672e-16,2.2015936243831527e-16,1
B2_D2_Original,B2,2,Original,full-grid,1182,17,42,89,1.0039885772785659,0.9991204164401124,-0.098749464597916919,0,0,1,UNSTABLE,2.5524231588892605e-16,2.2015936244214751e-16,1
B2_D2_Original,B2,2,Original,full-grid,1183,17,43,90,1.0033165268958408,0.99849221412104039,-0.098271824456427417,0,0,1,UNSTABLE,2.5093242302960411e-16,2.2015936244214751e-16,1
B2_D2_Original,B2,2,Original,full-grid,1184,17,44,91,1.0026295995785224,0.99785212063904338,-0.09776123611714381,0,0,1,UNSTABLE,3.7981400386982982e-16,2.2015936244214751e-16,1
B2_D2_Original,B2,2,Original,full-grid,1185,17,45,92,1.001932105739233,0.9972053897409956,-0.097207793836514927,0,0,1,UNSTABLE,2.7896424257922671e-16,2.201593624383153e-16,1
B2_D2_Original,B2,2,Original,full-grid,1186,17,46,93,1.0012319464870574,0.9965608575485958,-0.096601593507917749,0,0,1,UNSTABLE,2.3587181778185506e-16,2.2015936244214753e-16,1
B2_D2_Original,B2,2,Original,full-grid,1187,17,47,94,1.0005415754650751,0.99593174188905487,-0.095934403276236244,0,0,1,UNSTABLE,2.3780521276665159e-16,2.2015936244214751e-16,1
B2_D2_Original,B2,2,Original,full-grid,1188,17,48,95,0.99987808659629018,0.99533549027464696,-0.095202152576434204,1,0,-1,STABLE,4.473284569350541e-16,2.2015936244214756e-16,1
B2_D2_Original,B2,2,Original,full-grid,1189,17,49,96,0.99926157867744136,0.99479189843002369,-0.094407528507645749,1,0,-1,STABLE,3.7966737478838441e-16,2.201593624383153e-16,1
B2_D2_Original,B2,2,Original,full-grid,1190,17,50,97,0.99871160881343124,0.99431945341558237,-0.093561221336885478,1,0,-1,STABLE,2.0865097846183002e-16,2.2015936244214753e-16,1
B2_D2_Original,B2,2,Original,full-grid,1191,17,51,98,0.99824297416251362,0.99393125860486453,-0.092680573115246787,1,0,-1,STABLE,3.0700219598218193e-16,2.2015936244214748e-16,1
B2_D2_Original,B2,2,Original,full-grid,1192,17,52,99,0.99786292374011476,0.99363260462878944,-0.091785955318762893,1,0,-1,STABLE,5.4253481603917799e-16,2.2015936244214753e-16,1
B2_D2_Original,B2,2,Original,full-grid,1193,17,53,100,0.99790291786843632,0.99764738533566799,-0.022581585932880781,1,0,-1,STABLE,2.2157664975694528e-16,2.201593624383153e-16,1
B2_D2_Original,B2,2,Original,full-grid,1194,17,54,101,0.99936935811826411,0.99170477962975911,-0.12353438389858225,1,0,-1,STABLE,4.1853617534521977e-16,2.2015936244214748e-16,1
B2_D2_Original,B2,2,Original,full-grid,1195,17,55,102,1.0007357080012169,0.99315218556203999,-0.12296622943735519,0,0,1,UNSTABLE,2.7408832460013981e-16,2.2015936244214753e-16,1
B2_D2_Original,B2,2,Original,full-grid,1196,17,56,103,1.0019562395131467,0.99445132181028684,-0.1224045524034935,0,0,1,UNSTABLE,2.7479069891954721e-16,2.2015936244214753e-16,1
B2_D2_Original,B2,2,Original,full-grid,1197,17,57,104,1.0030457833569435,0.99561768398652239,-0.12184527419419074,0,0,1,UNSTABLE,3.8694786102367201e-16,2.2015936243831527e-16,1
B2_D2_Original,B2,2,Original,full-grid,1198,17,58,105,1.004018014970212,0.99666534352213354,-0.12128630345851989,0,0,1,UNSTABLE,3.5024718250122538e-16,2.2015936244214751e-16,1
B2_D2_Original,B2,2,Original,full-grid,1199,17,59,106,1.0048851842813744,0.99760676528866377,-0.12072686295311845,0,0,1,UNSTABLE,3.1943615867140882e-16,2.2015936244214751e-16,1
B2_D2_Original,B2,2,Original,full-grid,1200,17,60,107,1.005658094239932,0.99845285161655095,-0.12016699051349096,0,0,1,UNSTABLE,3.3572064642186128e-16,2.2015936244214751e-16,1
B2_D2_Original,B2,2,Original,full-grid,1201,17,61,108,1.006346199808307,0.99921308671351616,-0.11960719547363403,0,0,1,UNSTABLE,3.1315124149590391e-16,2.201593624383153e-16,1
B2_D2_Original,B2,2,Original,full-grid,1202,17,62,109,1.0069577536314214,0.99989571245409192,-0.11904823314254614,0,0,1,UNSTABLE,2.525848481882253e-16,2.2015936244214753e-16,1
B2_D2_Original,B2,2,Original,full-grid,1203,17,63,110,1.0074999601601788,1.0005079018312437,-0.11849096208573949,0,0,1,UNSTABLE,2.7053634868923436e-16,2.2015936244214751e-16,1
B2_D2_Original,B2,2,Original,full-grid,1204,17,64,111,1.0079791204784081,1.0010559158320782,-0.11793625692731023,0,0,1,UNSTABLE,2.9402505525574483e-16,2.2015936244214756e-16,1
B2_D2_Original,B2,2,Original,full-grid,1205,17,65,112,1.0084007609609948,1.0015452393673279,-0.11738495732995495,0,0,1,UNSTABLE,3.9591720117116789e-16,2.201593624383153e-16,1
B2_D2_Original,B2,2,Original,full-grid,1206,17,66,113,1.0087697442794563,1.0019806964732143,-0.11683784005489165,0,0,1,UNSTABLE,3.5533757748273071e-16,2.2015936244214753e-16,1
B2_D2_Original,B2,2,Original,full-grid,1207,18,0,48,1.000929839102793,0.99793193453568607,-0.077410573180969749,0,0,1,UNSTABLE,2.4033037691954548e-16,8.9162482713063627e-17,1
B2_D2_Original,B2,2,Original,full-grid,1208,18,1,49,1.0011000834916706,0.99812833265755208,-0.077079236589919845,0,0,1,UNSTABLE,3.1968904427931926e-16,2.2015936244214753e-16,1
B2_D2_Original,B2,2,Original,full-grid,1209,18,2,50,1.0012633374063382,0.99831718208060827,-0.076753337365305374,0,0,1,UNSTABLE,2.4891363227593927e-16,2.2015936244214748e-16,1
B2_D2_Original,B2,2,Original,full-grid,1210,18,3,51,1.0014201466892385,0.99849914937603734,-0.07643139989838009,0,0,1,UNSTABLE,2.1159406519568374e-16,2.2015936244214751e-16,1
B2_D2_Original,B2,2,Original,full-grid,1211,18,4,52,1.0015709419770042,0.9986747718384803,-0.076112100917416839,0,0,1,UNSTABLE,3.8810998083231927e-16,2.201593624383153e-16,1
B2_D2_Original,B2,2,Original,full-grid,1212,18,5,53,1.0017160515017918,0.99884447308134261,-0.07579423745374872,0,0,1,UNSTABLE,2.5997464913570404e-16,2.2015936244214748e-16,1
B2_D2_Original,B2,2,Original,full-grid,1213,18,6,54,1.0032613387151377,0.99582525701570368,-0.12192362876037552,0,0,1,UNSTABLE,2.6914529416405613e-16,2.2015936244214751e-16,1
B2_D2_Original,B2,2,Original,full-grid,1214,18,7,55,1.004944431617995,0.99753440084800027,-0.12181309356894512,0,0,1,UNSTABLE,2.5171730111666443e-16,2.2015936244214753e-16,1
B2_D2_Original,B2,2,Original,full-grid,1215,18,8,56,1.0065328466665453,0.99917474906953374,-0.1214833002535475,0,0,1,UNSTABLE,3.4762670211860404e-16,2.2015936243831527e-16,1
B2_D2_Original,B2,2,Original,full-grid,1216,18,9,57,1.0079954079989446,1.0007119442214438,-0.12095597231843012,0,0,1,UNSTABLE,2.7482187273752657e-16,2.2015936244214751e-16,1
B2_D2_Original,B2,2,Original,full-grid,1217,18,10,58,1.0093093278005729,1.0021192335399465,-0.12025955660384985,0,0,1,UNSTABLE,3.6029324204030289e-16,2.2015936244214748e-16,1
B2_D2_Original,B2,2,Original,full-grid,1218,18,11,59,1.0104609949191896,1.0033787137976455,-0.11942603966832845,0,0,1,UNSTABLE,2.9214957743582479e-16,2.2015936244214751e-16,1
B2_D2_Original,B2,2,Original,full-grid,1219,18,12,60,1.0114453787351563,1.0044811494915513,-0.11848786638654366,0,0,1,UNSTABLE,2.5543256247514124e-16,2.2015936243831527e-16,1
B2_D2_Original,B2,2,Original,full-grid,1220,18,13,61,1.0122645177846665,1.0054247620297083,-0.11747553729746561,0,0,1,UNSTABLE,2.8316927198301065e-16,2.2015936244214753e-16,1
B2_D2_Original,B2,2,Original,full-grid,1221,18,14,62,1.0129256444470875,1.0062135225194393,-0.11641609973525761,0,0,1,UNSTABLE,2.5165869350345195e-16,2.2015936244214748e-16,1
B2_D2_Original,B2,2,Original,full-grid,1222,18,15,63,1.0134393727578439,1.0068553947665757,-0.11533245980752763,0,0,1,UNSTABLE,4.0475173327904363e-16,2.2015936244214756e-16,1
B2_D2_Original,B2,2,Original,full-grid,1223,18,16,64,1.013818185515903,1.0073607999839074,-0.1142433015040273,0,0,1,UNSTABLE,3.7928166514884037e-16,2.2015936243831527e-16,1
B2_D2_Original,B2,2,Original,full-grid,1224,18,17,65,1.0140752961161283,1.0077414131047382,-0.11316337970685965,0,0,1,UNSTABLE,2.9280794172071029e-16,2.2015936244214753e-16,1
B2_D2_Original,B2,2,Original,full-grid,1225,18,18,66,1.014223862373917,1.0080092939573224,-0.11210399771786218,0,0,1,UNSTABLE,3.1549859039711663e-16,2.2015936244214748e-16,1
B2_D2_Original,B2,2,Original,full-grid,1226,18,19,67,1.0142764863953491,1.0081763037386224,-0.111073540658538,0,0,1,UNSTABLE,2.8208997845512366e-16,2.2015936244214751e-16,1
B2_D2_Original,B2,2,Original,full-grid,1227,18,20,68,1.0142449261505992,1.0082537411071528,-0.11007798946957983,0,0,1,UNSTABLE,3.606113469037319e-16,2.201593624383153e-16,1
B2_D2_Original,B2,2,Original,full-grid,1228,18,21,69,1.0141399530508086,1.0082521356811966,-0.10912137860292184,0,0,1,UNSTABLE,3.1754360016828989e-16,2.2015936244214748e-16,1
B2_D2_Original,B2,2,Original,full-grid,1229,18,22,70,1.0139713041715932,1.0081811480525587,-0.10820618464240597,0,0,1,UNSTABLE,2.3190253012298373e-16,2.2015936244214751e-16,1
B2_D2_Original,B2,2,Original,full-grid,1230,18,23,71,1.0137476920158099,1.0080495381568846,-0.107333646584252,0,0,1,UNSTABLE,2.6386717520885448e-16,2.2015936244214753e-16,1
B2_D2_Original,B2,2,Original,full-grid,1231,18,24,72,1.0134768465716939,1.0078651751077996,-0.10650402500295102,0,0,1,UNSTABLE,1.8916357089016499e-16,2.2015936243831527e-16,1
B2_D2_Original,B2,2,Original,full-grid,1232,18,25,73,1.0131655734129921,1.0076350705047565,-0.10571680962908128,0,0,1,UNSTABLE,2.346896255886619e-16,2.2015936244214751e-16,1
B2_D2_Original,B2,2,Original,full-grid,1233,18,26,74,1.0128198179907018,1.0073654237891052,-0.10497088486296936,0,0,1,UNSTABLE,4.5564059041998899e-16,2.2015936244214748e-16,1
B2_D2_Original,B2,2,Original,full-grid,1234,18,27,75,1.0124447305992272,1.0070616728163984,-0.10426466161830227,0,0,1,UNSTABLE,2.7955987091671684e-16,2.2015936244214751e-16,1
B2_D2_Original,B2,2,Original,full-grid,1235,18,28,76,1.0120447292817651,1.0067285458727326,-0.10359618232335885,0,0,1,UNSTABLE,2.5500572341780343e-16,2.2015936243831527e-16,1
B2_D2_Original,B2,2,Original,full-grid,1236,18,29,77,1.0116235596131884,1.0063701132913576,-0.1029632042935638,0,0,1,UNSTABLE,2.5731704399998805e-16,2.2015936244214753e-16,1
B2_D2_Original,B2,2,Original,full-grid,1237,18,30,78,1.0111843512177678,1.0059898379603787,-0.10236326522805528,0,0,1,UNSTABLE,1.8082572145337091e-16,2.2015936244214748e-16,1
B2_D2_Original,B2,2,Original,full-grid,1238,18,31,79,1.0107296713226988,1.0055906246276671,-0.10179373336816348,0,0,1,UNSTABLE,4.2027147146771043e-16,2.2015936244214756e-16,1
B2_D2_Original,B2,2,Original,full-grid,1239,18,32,80,1.0102615758335967,1.0051748682252364,-0.10125184390499302,0,0,1,UNSTABLE,2.6397755663629715e-16,2.2015936243831527e-16,1
B2_D2_Original,B2,2,Original,full-grid,1240,18,33,81,1.0097816585121642,1.0047445016256091,-0.10073472251752608,0,0,1,UNSTABLE,2.9178519075299755e-16,2.2015936244214753e-16,1
B2_D2_Original,B2,2,Original,full-grid,1241,18,34,82,1.0092910989715274,1.0043010434469739,-0.10023939641913698,0,0,1,UNSTABLE,2.8173799585792724e-16,2.2015936244214748e-16,1
B2_D2_Original,B2,2,Original,full-grid,1242,18,35,83,1.0087907104823632,1.0038456468499937,-0.099762792943207598,0,0,1,UNSTABLE,2.835343061618448e-16,2.2015936244214751e-16,1
B2_D2_Original,B2,2,Original,full-grid,1243,18,36,84,1.0082809890990354,1.0033791508172039,-0.099301725482874414,0,0,1,UNSTABLE,3.6294570840770536e-16,2.201593624383153e-16,1
B2_D2_Original,B2,2,Original,full-grid,1244,18,37,85,1.00776216646087,1.0029021362671422,-0.098852866527527741,0,0,1,UNSTABLE,4.0049995313340877e-16,2.2015936244214748e-16,1
B2_D2_Original,B2,2,Original,full-grid,1245,18,38,86,1.0072342699140877,1.0024149906365041,-0.098412707698663629,0,0,1,UNSTABLE,6.2987888171692785e-16,2.2015936244214751e-16,1
B2_D2_Original,B2,2,Original,full-grid,1246,18,39,87,1.0066971954642956,1.0019179863747492,-0.097977507288387583,0,0,1,UNSTABLE,3.5138628620193155e-16,2.2015936244214753e-16,1
B2_D2_Original,B2,2,Original,full-grid,1247,18,40,88,1.0061508016315472,1.0014113812216783,-0.097543227255895704,0,0,1,UNSTABLE,2.6668686251790677e-16,2.2015936243831527e-16,1
B2_D2_Original,B2,2,Original,full-grid,1248,18,41,89,1.0055950355529149,1.000895551125343,-0.09710546465654879,0,0,1,UNSTABLE,3.3896011636780885e-16,2.2015936244214751e-16,1
B2_D2_Original,B2,2,Original,full-grid,1249,18,42,90,1.0050301063094358,1.0003711697464617,-0.096659388206484301,0,0,1,UNSTABLE,3.2051621208962694e-16,2.2015936244214748e-16,1
B2_D2_Original,B2,2,Original,full-grid,1250,18,43,91,1.0044567231609525,0.99983945025649423,-0.0961997006961538,0,0,1,UNSTABLE,2.1530940939805047e-16,2.2015936244214751e-16,1
B2_D2_Original,B2,2,Original,full-grid,1251,18,44,92,1.003876414917563,0.9993024621948251,-0.095720663804107903,0,0,1,UNSTABLE,2.3571471141174718e-16,2.2015936243831527e-16,1
B2_D2_Original,B2,2,Original,full-grid,1252,18,45,93,1.0032919344473075,0.99876352192646567,-0.095216243341472467,0,0,1,UNSTABLE,4.6590580468123775e-16,2.2015936244214753e-16,1
B2_D2_Original,B2,2,Original,full-grid,1253,18,46,94,1.0027077186855342,0.99822761970728269,-0.094680453975892587,0,0,1,UNSTABLE,2.8453467364013091e-16,2.2015936244214748e-16,1
B2_D2_Original,B2,2,Original,full-grid,1254,18,47,95,1.002130308731338,0.99770178059609516,-0.094107984110532977,0,0,1,UNSTABLE,3.0960850577224694e-16,2.2015936244214756e-16,1
B2_D2_Original,B2,2,Original,full-grid,1255,18,48,96,1.0015685412140378,0.9971951683733129,-0.093495127801055289,0,0,1,UNSTABLE,2.5957780161403542e-16,2.2015936243831527e-16,1
B2_D2_Original,B2,2,Original,full-grid,1256,18,49,97,1.0010332493420149,0.99671868284779075,-0.092840904510876385,0,0,1,UNSTABLE,2.207755362954411e-16,2.2015936244214753e-16,1
B2_D2_Original,B2,2,Original,full-grid,1257,18,50,98,1.000536264982,0.99628387433657029,-0.092148029176123802,0,0,1,UNSTABLE,3.0212885694563983e-16,2.2015936244214748e-16,1
B2_D2_Original,B2,2,Original,full-grid,1258,18,51,99,1.0000887827001781,0.99590128167314074,-0.09142324892782859,0,0,1,UNSTABLE,3.2768598326438811e-16,2.2015936244214751e-16,1
B2_D2_Original,B2,2,Original,full-grid,1259,18,52,100,0.99969954569372588,0.99557868475928712,-0.090676701049441824,1,0,-1,STABLE,3.2514039527692762e-16,2.201593624383153e-16,1
B2_D2_Original,B2,2,Original,full-grid,1260,18,53,101,0.99937352881911357,0.99531993458664103,-0.089920397679348452,1,0,-1,STABLE,2.5573516381540206e-16,2.2015936244214748e-16,1
B2_D2_Original,B2,2,Original,full-grid,1261,18,54,102,0.99911157803845008,0.99512476587668475,-0.089166393385374326,1,0,-1,STABLE,4.3096248570624572e-16,2.2015936244214751e-16,1
B2_D2_Original,B2,2,Original,full-grid,1262,18,55,103,0.99904526209176403,0.99157140778448338,-0.12197368147391202,1,0,-1,STABLE,3.0716080264218025e-16,2.2015936244214753e-16,1
B2_D2_Original,B2,2,Original,full-grid,1263,18,56,104,1.0003575614770717,0.99297270976819552,-0.1213278552516293,0,0,1,UNSTABLE,2.6418992419618241e-16,2.2015936243831527e-16,1
B2_D2_Original,B2,2,Original,full-grid,1264,18,57,105,1.0015396966569505,0.99424010606361124,-0.12069952557618302,0,0,1,UNSTABLE,2.4263578995491512e-16,2.2015936244214751e-16,1
B2_D2_Original,B2,2,Original,full-grid,1265,18,58,106,1.0026029116167088,0.9953855695157916,-0.12008399719373597,0,0,1,UNSTABLE,4.235797013874863e-16,2.2015936244214748e-16,1
B2_D2_Original,B2,2,Original,full-grid,1266,18,59,107,1.0035580481097262,0.99642046452241773,-0.11947808923284911,0,0,1,UNSTABLE,3.5877970896432359e-16,2.2015936244214751e-16,1
B2_D2_Original,B2,2,Original,full-grid,1267,18,60,108,1.0044152026069457,0.99735525054706853,-0.1188797856414029,0,0,1,UNSTABLE,2.9886471753629261e-16,2.2015936243831527e-16,1
B2_D2_Original,B2,2,Original,full-grid,1268,18,61,109,1.0051835738433526,0.99819937214193288,-0.11828791392169194,0,0,1,UNSTABLE,2.6523137342411769e-16,2.2015936244214753e-16,1
B2_D2_Original,B2,2,Original,full-grid,1269,18,62,110,1.0058714312436161,0.99896126180027967,-0.11770188449839472,0,0,1,UNSTABLE,3.5284594305941035e-16,2.2015936244214748e-16,1
B2_D2_Original,B2,2,Original,full-grid,1270,18,63,111,1.0064861516603383,0.99964840276953582,-0.11712149386151767,0,0,1,UNSTABLE,2.5836717730710321e-16,2.2015936244214756e-16,1
B2_D2_Original,B2,2,Original,full-grid,1271,18,64,112,1.0070342897200439,1.0002674183201601,-0.11654678253420551,0,0,1,UNSTABLE,2.8202730578241267e-16,2.2015936243831527e-16,1
B2_D2_Original,B2,2,Original,full-grid,1272,18,65,113,1.0075216608431887,1.0008241681048342,-0.11597793585628109,0,0,1,UNSTABLE,3.577743698802235e-16,2.2015936244214753e-16,1
B2_D2_Original,B2,2,Original,full-grid,1273,18,66,114,1.0079534252620563,1.0013238413784422,-0.11541521643454225,0,0,1,UNSTABLE,3.0430267717486338e-16,2.2015936244214748e-16,1
B2_D2_Original,B2,2,Original,full-grid,1274,19,0,49,1.001803787519445,0.99884276475276168,-0.076967265700193452,0,0,1,UNSTABLE,3.1389482029110173e-16,8.9162482713522584e-17,1
B2_D2_Original,B2,2,Original,full-grid,1275,19,1,50,1.0019282495446993,0.99899281277448115,-0.076639267093544308,0,0,1,UNSTABLE,2.9195212600813303e-16,2.2015936244214475e-16,1
B2_D2_Original,B2,2,Original,full-grid,1276,19,2,51,1.0020486914109956,0.99913828083539746,-0.076316942599761114,0,0,1,UNSTABLE,2.7776176241460189e-16,2.2015936244214485e-16,1
B2_D2_Original,B2,2,Original,full-grid,1277,19,3,52,1.0021652398263672,0.99927941040253332,-0.075998867503441203,0,0,1,UNSTABLE,2.3955972988004718e-16,2.201593624383153e-16,1
B2_D2_Original,B2,2,Original,full-grid,1278,19,4,53,1.0022779841737814,0.99941639266554061,-0.075683760681248588,0,0,1,UNSTABLE,2.3358344923100045e-16,2.2015936244214753e-16,1
B2_D2_Original,B2,2,Original,full-grid,1279,19,5,54,1.0023869732010791,0.99954936768958647,-0.075370455714216411,0,0,1,UNSTABLE,4.115402551417181e-16,2.2015936244214753e-16,1
B2_D2_Original,B2,2,Original,full-grid,1280,19,6,55,1.0024922123471594,0.99967842364048165,-0.075057878496420719,0,0,1,UNSTABLE,4.7072274607142929e-16,2.2015936244214753e-16,1
B2_D2_Original,B2,2,Original,full-grid,1281,19,7,56,1.0040295495277205,0.99683222362326396,-0.12000355941028047,0,0,1,UNSTABLE,5.0298236822309861e-16,2.201593624383153e-16,1
B2_D2_Original,B2,2,Original,full-grid,1282,19,8,57,1.0056584277673299,0.99850934810964076,-0.11969943641103112,0,0,1,UNSTABLE,2.6293567985940613e-16,2.2015936244214751e-16,1
B2_D2_Original,B2,2,Original,full-grid,1283,19,9,58,1.0071655342175194,1.0000873088312661,-0.11919642624801087,0,0,1,UNSTABLE,3.6105812821319828e-16,2.2015936244214748e-16,1
B2_D2_Original,B2,2,Original,full-grid,1284,19,10,59,1.0085274756918643,1.0015389268317281,-0.11852192736432386,0,0,1,UNSTABLE,3.5618479578511108e-16,2.2015936244214753e-16,1
B2_D2_Original,B2,2,Original,full-grid,1285,19,11,60,1.0097298274212316,1.0028456251733149,-0.11770716399120915,0,0,1,UNSTABLE,2.5934326197035213e-16,2.2015936243831527e-16,1
B2_D2_Original,B2,2,Original,full-grid,1286,19,12,61,1.0107666881708477,1.0039973924619088,-0.11678413353513087,0,0,1,UNSTABLE,3.0541298410852217e-16,2.2015936244214753e-16,1
B2_D2_Original,B2,2,Original,full-grid,1287,19,13,62,1.011639285274833,1.0049916922000515,-0.11578316855334433,0,0,1,UNSTABLE,3.5797899237987841e-16,2.2015936244214743e-16,1
B2_D2_Original,B2,2,Original,full-grid,1288,19,14,63,1.0123541658500563,1.0058318309810457,-0.11473135970291895,0,0,1,UNSTABLE,2.9954720322155694e-16,2.2015936244214756e-16,1
B2_D2_Original,B2,2,Original,full-grid,1289,19,15,64,1.0129214073502177,1.0065252341606872,-0.11365179482137447,0,0,1,UNSTABLE,2.9514838992726758e-16,2.201593624383153e-16,1
B2_D2_Original,B2,2,Original,full-grid,1290,19,16,65,1.0133530986306443,1.0070819130992661,-0.11256341684868436,0,0,1,UNSTABLE,4.3396332428549204e-16,2.2015936244214753e-16,1
B2_D2_Original,B2,2,Original,full-grid,1291,19,17,66,1.0136621815468168,1.0075132475997171,-0.11148127290860674,0,0,1,UNSTABLE,2.8198467710767984e-16,2.2015936244214748e-16,1
B2_D2_Original,B2,2,Original,full-grid,1292,19,18,67,1.0138616406309948,1.0078310971477387,-0.11041696411764865,0,0,1,UNSTABLE,2.42952302779294e-16,2.2015936244214753e-16,1
B2_D2_Original,B2,2,Original,full-grid,1293,19,19,68,1.0139639806425262,1.008047197593652,-0.10937916375627479,0,0,1,UNSTABLE,3.2617708382467627e-16,2.201593624383153e-16,1
B2_D2_Original,B2,2,Original,full-grid,1294,19,20,69,1.0139809200884013,1.0081727805515102,-0.10837412448715476,0,0,1,UNSTABLE,1.7106880476490526e-16,2.2015936244214753e-16,1
B2_D2_Original,B2,2,Original,full-grid,1295,19,21,70,1.0139232355006922,1.0082183542214307,-0.1074061343649514,0,0,1,UNSTABLE,7.1980673472866947e-16,2.2015936244214753e-16,1
B2_D2_Original,B2,2,Original,full-grid,1296,19,22,71,1.0138007046353434,1.008193594581638,-0.10647790645798101,0,0,1,UNSTABLE,2.979054253909481e-16,2.2015936244214753e-16,1
B2_D2_Original,B2,2,Original,full-grid,1297,19,23,72,1.0136221106386847,1.0081073081533503,-0.10559090123409282,0,0,1,UNSTABLE,3.0023621762234361e-16,2.2015936243831527e-16,1
B2_D2_Original,B2,2,Original,full-grid,1298,19,24,73,1.0133952810366329,1.0079674386707262,-0.10474558800680832,0,0,1,UNSTABLE,2.4255552054075864e-16,2.2015936244214751e-16,1
B2_D2_Original,B2,2,Original,full-grid,1299,19,25,74,1.0131271444845693,1.0077810989244216,-0.1039416545093557,0,0,1,UNSTABLE,2.7254321106614187e-16,2.2015936244214748e-16,1
B2_D2_Original,B2,2,Original,full-grid,1300,19,26,75,1.0128237947724896,1.0075546157250685,-0.10317817399264033,0,0,1,UNSTABLE,2.234408094567777e-16,2.2015936244214753e-16,1
B2_D2_Original,B2,2,Original,full-grid,1301,19,27,76,1.0124905560848585,1.0072935806710541,-0.10245373834034718,0,0,1,UNSTABLE,1.7693385502544598e-16,2.2015936243831527e-16,1
B2_D2_Original,B2,2,Original,full-grid,1302,19,28,77,1.012132046467441,1.0070029026182117,-0.10176656427759723,0,0,1,UNSTABLE,2.9134898011745343e-16,2.2015936244214753e-16,1
B2_D2_Original,B2,2,Original,full-grid,1303,19,29,78,1.0117522382811592,1.0066868598213796,-0.10111457822641318,0,0,1,UNSTABLE,5.6766378310256455e-16,2.2015936244214743e-16,1
B2_D2_Original,B2,2,Original,full-grid,1304,19,30,79,1.0113545154700299,1.0063491509745655,-0.10049548395022653,0,0,1,UNSTABLE,2.8498264668025101e-16,2.2015936244214756e-16,1
B2_D2_Original,B2,2,Original,full-grid,1305,19,31,80,1.0109417280024646,1.0059929450775551,-0.099906815937634313,0,0,1,UNSTABLE,3.0064977413433215e-16,2.201593624383153e-16,1
B2_D2_Original,B2,2,Original,full-grid,1306,19,32,81,1.0105162440703797,1.0056209304107342,-0.099345980542530493,0,0,1,UNSTABLE,3.0726072219849811e-16,2.2015936244214753e-16,1
B2_D2_Original,B2,2,Original,full-grid,1307,19,33,82,1.0100800007069526,1.0052353630693274,-0.098810286220794033,0,0,1,UNSTABLE,3.8619806283719549e-16,2.2015936244214748e-16,1
B2_D2_Original,B2,2,Original,full-grid,1308,19,34,83,1.0096345535300499,1.0048381156174533,-0.098296963758749245,0,0,1,UNSTABLE,3.468783443705266e-16,2.2015936244214753e-16,1
B2_D2_Original,B2,2,Original,full-grid,1309,19,35,84,1.009181126421286,1.0044307265639572,-0.097803177142343822,0,0,1,UNSTABLE,3.0484589411011132e-16,2.201593624383153e-16,1
B2_D2_Original,B2,2,Original,full-grid,1310,19,36,85,1.0087206621698419,1.004014451599633,-0.097326025642951577,0,0,1,UNSTABLE,4.6661902402465519e-16,2.2015936244214753e-16,1
B2_D2_Original,B2,2,Original,full-grid,1311,19,37,86,1.0082538754853787,1.0035903179107593,-0.096862537789729766,0,0,1,UNSTABLE,3.701840923504219e-16,2.2015936244214753e-16,1
B2_D2_Original,B2,2,Original,full-grid,1312,19,38,87,1.0077813103368907,1.0031591834160256,-0.09640965819062508,0,0,1,UNSTABLE,2.6726843117605108e-16,2.2015936244214753e-16,1
B2_D2_Original,B2,2,Original,full-grid,1313,19,39,88,1.0073034043050828,1.00272180345701,-0.095964228734099988,0,0,1,UNSTABLE,3.2834768836005755e-16,2.2015936243831527e-16,1
B2_D2_Original,B2,2,Original,full-grid,1314,19,40,89,1.0068205635041279,1.0022789082525594,-0.095522966698208714,0,0,1,UNSTABLE,5.2977752275053873e-16,2.2015936244214751e-16,1
B2_D2_Original,B2,2,Original,full-grid,1315,19,41,90,1.0063332525096642,1.0018312951601125,-0.095082443934152786,0,0,1,UNSTABLE,3.3159145717067213e-16,2.2015936244214748e-16,1
B2_D2_Original,B2,2,Original,full-grid,1316,19,42,91,1.005842104327316,1.0013799401509749,-0.094639073858704056,0,0,1,UNSTABLE,2.9498169049135109e-16,2.2015936244214753e-16,1
B2_D2_Original,B2,2,Original,full-grid,1317,19,43,92,1.0053480551405198,1.000926132269542,-0.094189116753269839,0,0,1,UNSTABLE,2.7632910656249986e-16,2.2015936243831527e-16,1
B2_D2_Original,B2,2,Original,full-grid,1318,19,44,93,1.0048525062826121,1.000471632103757,-0.093728718854423215,0,0,1,UNSTABLE,3.0723001874507614e-16,2.2015936244214753e-16,1
B2_D2_Original,B2,2,Original,full-grid,1319,19,45,94,1.0043575098470212,1.0000188487747845,-0.09325400624779745,0,0,1,UNSTABLE,3.2093089368014253e-16,2.2015936244214743e-16,1
B2_D2_Original,B2,2,Original,full-grid,1320,19,46,95,1.0038659624229003,0.99957101771234791,-0.092761258404339825,0,0,1,UNSTABLE,2.7401430607698018e-16,2.2015936244214756e-16,1
B2_D2_Original,B2,2,Original,full-grid,1321,19,47,96,1.0033817722043121,0.99913234254381944,-0.092247183560074553,0,0,1,UNSTABLE,3.2376179311034033e-16,2.201593624383153e-16,1
B2_D2_Original,B2,2,Original,full-grid,1322,19,48,97,1.0029099403200643,0.99870804161476201,-0.091709301637303772,0,0,1,UNSTABLE,2.6962694539188511e-16,2.2015936244214753e-16,1
B2_D2_Original,B2,2,Original,full-grid,1323,19,49,98,1.0024564776612739,0.9983042235762476,-0.091146403082478761,0,0,1,UNSTABLE,2.1973064632121538e-16,2.2015936244214748e-16,1
B2_D2_Original,B2,2,Original,full-grid,1324,19,50,99,1.0020280836353026,0.99792752675648044,-0.090558995884069543,0,0,1,UNSTABLE,2.499898179415065e-16,2.2015936244214753e-16,1
B2_D2_Original,B2,2,Original,full-grid,1325,19,51,100,1.0016315649177849,0.99758451333299969,-0.089949600320473305,0,0,1,UNSTABLE,3.5258584523682352e-16,2.201593624383153e-16,1
B2_D2_Original,B2,2,Original,full-grid,1326,19,52,101,1.0012730711629858,0.99728090849775475,-0.089322743923654177,0,0,1,UNSTABLE,2.5407704802652848e-16,2.2015936244214753e-16,1
B2_D2_Original,B2,2,Original,full-grid,1327,19,53,102,1.0009573283068365,0.99702087138436546,-0.088684582172556745,0,0,1,UNSTABLE,2.545701215801829e-16,2.2015936244214753e-16,1
B2_D2_Original,B2,2,Original,full-grid,1328,19,54,103,1.0006870871148299,0.99680650890999378,-0.088042206429835845,0,0,1,UNSTABLE,3.2249120043736221e-16,2.2015936244214753e-16,1
B2_D2_Original,B2,2,Original,full-grid,1329,19,55,104,1.0004629345658091,0.99663776264822279,-0.087402823201399235,0,0,1,UNSTABLE,2.6783016266208235e-16,2.2015936243831527e-16,1
B2_D2_Original,B2,2,Original,full-grid,1330,19,56,105,1.0002834763286286,0.99651265715687187,-0.086773020820049312,0,0,1,UNSTABLE,3.827777422883814e-16,2.2015936244214751e-16,1
B2_D2_Original,B2,2,Original,full-grid,1331,19,57,106,1.0001457766497355,0.99642778300035029,-0.086158271891382976,0,0,1,UNSTABLE,2.7564890216124908e-16,2.2015936244214748e-16,1
B2_D2_Original,B2,2,Original,full-grid,1332,19,58,107,1.0011349758603132,0.99401808097848399,-0.11916079295927029,0,0,1,UNSTABLE,2.955949374983981e-16,2.2015936244214753e-16,1
B2_D2_Original,B2,2,Original,full-grid,1333,19,59,108,1.0021602420568412,0.99513071571267853,-0.11849054563381248,0,0,1,UNSTABLE,3.2835163524077751e-16,2.2015936243831527e-16,1
B2_D2_Original,B2,2,Original,full-grid,1334,19,60,109,1.0030876053606905,0.9961421725855697,-0.11783681947823157,0,0,1,UNSTABLE,4.8677824703714988e-16,2.2015936244214753e-16,1
B2_D2_Original,B2,2,Original,full-grid,1335,19,61,110,1.003925194682755,0.99706099700469708,-0.11719711929397936,0,0,1,UNSTABLE,3.9345629950019747e-16,2.2015936244214743e-16,1
B2_D2_Original,B2,2,Original,full-grid,1336,19,62,111,1.0046806115671796,0.9978951100526845,-0.11656963837956547,0,0,1,UNSTABLE,3.0563676584089251e-16,2.2015936244214756e-16,1
B2_D2_Original,B2,2,Original,full-grid,1337,19,63,112,1.0053608554056672,0.99865175459440447,-0.11595310529490878,0,0,1,UNSTABLE,3.8364609895856944e-16,2.201593624383153e-16,1
B2_D2_Original,B2,2,Original,full-grid,1338,19,64,113,1.0059723045319187,0.99933749444108022,-0.11534665010082916,0,0,1,UNSTABLE,2.2769309274358609e-16,2.2015936244214753e-16,1
B2_D2_Original,B2,2,Original,full-grid,1339,19,65,114,1.0065207324808392,0.99995824529440025,-0.11474969534386184,0,0,1,UNSTABLE,4.4378690023278671e-16,2.2015936244214748e-16,1
B2_D2_Original,B2,2,Original,full-grid,1340,19,66,115,1.0070113442031974,1.0005193224273627,-0.11416187105781581,0,0,1,UNSTABLE,3.7113597584966052e-16,2.2015936244214753e-16,1
B2_D2_Original,B2,2,Original,full-grid,1341,20,0,50,1.0026484764155501,0.99973165403304809,-0.076423734420464906,0,0,1,UNSTABLE,2.1285582089296356e-16,8.9162482713056872e-17,1
B2_D2_Original,B2,2,Original,full-grid,1342,20,1,51,1.0027311031957007,0.99983861739014879,-0.076107847765016071,0,0,1,UNSTABLE,3.3903818216783978e-16,2.201593624421448e-16,1
B2_D2_Original,B2,2,Original,full-grid,1343,20,2,52,1.0028121237247407,0.99994349022713336,-0.07579691182168137,0,0,1,UNSTABLE,3.6818150098842257e-16,2.201593624383153e-16,1
B2_D2_Original,B2,2,Original,full-grid,1344,20,3,53,1.0028913630618361,1.0000461946070762,-0.0754896996677938,0,0,1,UNSTABLE,3.2541204600126478e-16,2.2015936244214753e-16,1
B2_D2_Original,B2,2,Original,full-grid,1345,20,4,54,1.0029686577696471,1.0001466545804889,-0.07518509027528987,0,0,1,UNSTABLE,3.3205971438892119e-16,2.2015936244214751e-16,1
B2_D2_Original,B2,2,Original,full-grid,1346,20,5,55,1.0030438444328171,1.0002447863219841,-0.074882049185729493,0,0,1,UNSTABLE,2.2328413503453105e-16,2.2015936244214753e-16,1
B2_D2_Original,B2,2,Original,full-grid,1347,20,6,56,1.0031167505201695,1.0003404902864155,-0.074579612949370502,0,0,1,UNSTABLE,2.8842433062239737e-16,2.201593624383153e-16,1
B2_D2_Original,B2,2,Original,full-grid,1348,20,7,57,1.0031871868487858,1.0004336446998519,-0.074276876685490947,0,0,1,UNSTABLE,2.1296533855802465e-16,2.2015936244214751e-16,1
B2_D2_Original,B2,2,Original,full-grid,1349,20,8,58,1.0047009959029298,0.99774284626130472,-0.1180394167332649,0,0,1,UNSTABLE,2.3575455314538397e-16,2.2015936244214748e-16,1
B2_D2_Original,B2,2,Original,full-grid,1350,20,9,59,1.0062514753034404,0.99936094833907707,-0.11755733275798186,0,0,1,UNSTABLE,3.185539454904508e-16,2.2015936244214748e-16,1
B2_D2_Original,B2,2,Original,full-grid,1351,20,10,60,1.0076603469926755,1.000856349211626,-0.11690142490224251,0,0,1,UNSTABLE,2.5063527604081611e-16,2.201593624383153e-16,1
B2_D2_Original,B2,2,Original,full-grid,1352,20,11,61,1.0089123064308225,1.0022097240838108,-0.11610215768629682,0,0,1,UNSTABLE,1.8593751884546824e-16,2.2015936244214753e-16,1
B2_D2_Original,B2,2,Original,full-grid,1353,20,12,62,1.0100005368117508,1.003410232781877,-0.11519109821789285,0,0,1,UNSTABLE,2.117500300699684e-16,2.2015936244214748e-16,1
B2_D2_Original,B2,2,Original,full-grid,1354,20,13,63,1.0109254279194004,1.0044545476654321,-0.11419843470142289,0,0,1,UNSTABLE,2.7860560749317518e-16,2.2015936244214756e-16,1
B2_D2_Original,B2,2,Original,full-grid,1355,20,14,64,1.0116928299368146,1.0053452937805654,-0.11315132530743696,0,0,1,UNSTABLE,1.9945483903094148e-16,2.2015936243831535e-16,1
B2_D2_Original,B2,2,Original,full-grid,1356,20,15,65,1.0123122824963957,1.0060893530696107,-0.1120730606927216,0,0,1,UNSTABLE,2.3628467908392873e-16,2.2015936244214753e-16,1
B2_D2_Original,B2,2,Original,full-grid,1357,20,16,66,1.0127954858328529,1.0066963301549441,-0.1109828589286324,0,0,1,UNSTABLE,2.3815246619423501e-16,2.2015936244214748e-16,1
B2_D2_Original,B2,2,Original,full-grid,1358,20,17,67,1.0131551189901573,1.0071773175067815,-0.10989607015632306,0,0,1,UNSTABLE,3.2352582414883645e-16,2.2015936244214753e-16,1
B2_D2_Original,B2,2,Original,full-grid,1359,20,18,68,1.0134040029629141,1.0075439840919445,-0.10882459897187502,0,0,1,UNSTABLE,3.1162455501042242e-16,2.201593624383153e-16,1
B2_D2_Original,B2,2,Original,full-grid,1360,20,19,69,1.0135545542087421,1.0078079502903776,-0.10777740806305203,0,0,1,UNSTABLE,2.843640230420152e-16,2.2015936244214753e-16,1
B2_D2_Original,B2,2,Original,full-grid,1361,20,20,70,1.0136184589094859,1.0079803891737544,-0.10676101949291958,0,0,1,UNSTABLE,3.7937308934596141e-16,2.2015936244214751e-16,1
B2_D2_Original,B2,2,Original,full-grid,1362,20,21,71,1.0136065031020554,1.0080717936238379,-0.10577996989409305,0,0,1,UNSTABLE,3.7994681599606865e-16,2.2015936244214753e-16,1
B2_D2_Original,B2,2,Original,full-grid,1363,20,22,72,1.0135285062474293,1.0080918579523441,-0.10483720191962491,0,0,1,UNSTABLE,2.284471204896305e-16,2.2015936243831527e-16,1
B2_D2_Original,B2,2,Original,full-grid,1364,20,23,73,1.013393319357162,1.0080494345003763,-0.10393438950221824,0,0,1,UNSTABLE,2.6197001760556314e-16,2.2015936244214751e-16,1
B2_D2_Original,B2,2,Original,full-grid,1365,20,24,74,1.0132088605788578,1.0079525367165685,-0.10307220227656837,0,0,1,UNSTABLE,2.8976059192848535e-16,2.2015936244214748e-16,1
B2_D2_Original,B2,2,Original,full-grid,1366,20,25,75,1.0129821703329744,1.0078083692006055,-0.10225051775770742,0,0,1,UNSTABLE,2.1208464427588558e-16,2.2015936244214748e-16,1
B2_D2_Original,B2,2,Original,full-grid,1367,20,26,76,1.0127194748043382,1.007623371992993,-0.10146859051669678,0,0,1,UNSTABLE,3.1669541383072895e-16,2.201593624383153e-16,1
B2_D2_Original,B2,2,Original,full-grid,1368,20,27,77,1.0124262512618747,1.0074032712704732,-0.10072518690834951,0,0,1,UNSTABLE,1.9131078151339711e-16,2.2015936244214753e-16,1
B2_D2_Original,B2,2,Original,full-grid,1369,20,28,78,1.0121072917902767,1.0071531319614091,-0.1000186926297915,0,0,1,UNSTABLE,2.9574373318377839e-16,2.2015936244214748e-16,1
B2_D2_Original,B2,2,Original,full-grid,1370,20,29,79,1.0117667639871375,1.0068774100006395,-0.099347198950990881,0,0,1,UNSTABLE,3.8375940031485397e-16,2.2015936244214756e-16,1
B2_D2_Original,B2,2,Original,full-grid,1371,20,30,80,1.0114082683437069,1.006580003313245,-0.098708572089374974,0,0,1,UNSTABLE,3.7190362986758898e-16,2.2015936243831535e-16,1
B2_D2_Original,B2,2,Original,full-grid,1372,20,31,81,1.0110348926455397,1.0062643014024149,-0.098100509019512727,0,0,1,UNSTABLE,2.5370886899694861e-16,2.2015936244214753e-16,1
B2_D2_Original,B2,2,Original,full-grid,1373,20,32,82,1.010649263998723,1.0059332338154929,-0.097520582066893291,0,0,1,UNSTABLE,3.0691069161897057e-16,2.2015936244214748e-16,1
B2_D2_Original,B2,2,Original,full-grid,1374,20,33,83,1.0102535991602424,1.0055893179295192,-0.096966273942377917,0,0,1,UNSTABLE,2.8921348562863806e-16,2.2015936244214753e-16,1
B2_D2_Original,B2,2,Original,full-grid,1375,20,34,84,1.0098497538381508,1.0052347065488356,-0.096435004415666645,0,0,1,UNSTABLE,2.9560010307415638e-16,2.201593624383153e-16,1
B2_D2_Original,B2,2,Original,full-grid,1376,20,35,85,1.0094392716097265,1.0048712358287231,-0.095924149576789269,0,0,1,UNSTABLE,4.2149007806371819e-16,2.2015936244214753e-16,1
B2_D2_Original,B2,2,Original,full-grid,1377,20,36,86,1.0090234331318393,1.0045004740835899,-0.09543105456300105,0,0,1,UNSTABLE,2.0428409230616284e-16,2.2015936244214751e-16,1
B2_D2_Original,B2,2,Original,full-grid,1378,20,37,87,1.0086033064113997,1.0041237721333358,-0.094953040713443557,0,0,1,UNSTABLE,4.4819434458095186e-16,2.2015936244214753e-16,1
B2_D2_Original,B2,2,Original,full-grid,1379,20,38,88,1.0081797990641022,1.0037423159879935,-0.094487408346257143,0,0,1,UNSTABLE,3.0856294747162678e-16,2.2015936243831527e-16,1
B2_D2_Original,B2,2,Original,full-grid,1380,20,39,89,1.0077537136891699,1.0033571828408396,-0.09403143674328969,0,0,1,UNSTABLE,3.0875041775146624e-16,2.2015936244214751e-16,1
B2_D2_Original,B2,2,Original,full-grid,1381,20,40,90,1.0073258076701428,1.0029694014754171,-0.093582383504316483,0,0,1,UNSTABLE,2.5206495423236374e-16,2.2015936244214748e-16,1
B2_D2_Original,B2,2,Original,full-grid,1382,20,41,91,1.0068968587746661,1.0025800181871611,-0.093137486234714975,0,0,1,UNSTABLE,3.6289237524054108e-16,2.2015936244214748e-16,1
B2_D2_Original,B2,2,Original,full-grid,1383,20,42,92,1.0064677377056799,1.0021901690096806,-0.092693970584590224,0,0,1,UNSTABLE,2.1371764592448789e-16,2.201593624383153e-16,1
B2_D2_Original,B2,2,Original,full-grid,1384,20,43,93,1.0060394880013059,1.0018011581718347,-0.092249069932983332,0,0,1,UNSTABLE,2.7192015925785135e-16,2.2015936244214753e-16,1
B2_D2_Original,B2,2,Original,full-grid,1385,20,44,94,1.0056134120440265,1.0014145409637187,-0.09180006334013853,0,0,1,UNSTABLE,3.069132718857891e-16,2.2015936244214748e-16,1
B2_D2_Original,B2,2,Original,full-grid,1386,20,45,95,1.0051911590181313,1.0010322061938828,-0.091344339347446846,0,0,1,UNSTABLE,3.3749316637551582e-16,2.2015936244214756e-16,1
B2_D2_Original,B2,2,Original,full-grid,1387,20,46,96,1.0047748061410682,1.0006564489448517,-0.090879492961285377,0,0,1,UNSTABLE,1.7762643807655387e-16,2.2015936243831535e-16,1
B2_D2_Original,B2,2,Original,full-grid,1388,20,47,97,1.0043669185273569,1.0002900186319983,-0.090403460427877086,0,0,1,UNSTABLE,3.7614580575142632e-16,2.2015936244214753e-16,1
B2_D2_Original,B2,2,Original,full-grid,1389,20,48,98,1.0039705667728627,0.99993612172407931,-0.089914689665429842,0,0,1,UNSTABLE,4.5712213243475847e-16,2.2015936244214748e-16,1
B2_D2_Original,B2,2,Original,full-grid,1390,20,49,99,1.003589277522356,0.99959835571608191,-0.089412332524935287,0,0,1,UNSTABLE,3.7084395598807674e-16,2.2015936244214753e-16,1
B2_D2_Original,B2,2,Original,full-grid,1391,20,50,100,1.0032268952258949,0.99928055525746107,-0.0888964295623213,0,0,1,UNSTABLE,4.1259491359979927e-16,2.201593624383153e-16,1
B2_D2_Original,B2,2,Original,full-grid,1392,20,51,101,1.0028873472749984,0.99898654655164099,-0.088368043619339642,0,0,1,UNSTABLE,3.4637423498064562e-16,2.2015936244214753e-16,1
B2_D2_Original,B2,2,Original,full-grid,1393,20,52,102,1.0025743303454981,0.99871983209719895,-0.08782929376618398,0,0,1,UNSTABLE,3.5589962705129729e-16,2.2015936244214751e-16,1
B2_D2_Original,B2,2,Original,full-grid,1394,20,53,103,1.0022909661856185,0.99848325694645834,-0.087283254378451705,0,0,1,UNSTABLE,2.4675287545650009e-16,2.2015936244214753e-16,1
B2_D2_Original,B2,2,Original,full-grid,1395,20,54,104,1.0020394962147212,0.99827872581696586,-0.086733716370896594,0,0,1,UNSTABLE,2.5114971812059392e-16,2.2015936243831527e-16,1
B2_D2_Original,B2,2,Original,full-grid,1396,20,55,105,1.0018210823582998,0.99810703485912144,-0.086184847985523713,0,0,1,UNSTABLE,3.5728796353005863e-16,2.2015936244214751e-16,1
B2_D2_Original,B2,2,Original,full-grid,1397,20,56,106,1.0016357537303646,0.99796785153742984,-0.085640822326517374,0,0,1,UNSTABLE,3.6078973443076595e-16,2.2015936244214748e-16,1
B2_D2_Original,B2,2,Original,full-grid,1398,20,57,107,1.0014824972947372,0.99785983435769121,-0.085105483744258567,0,0,1,UNSTABLE,4.6516981557841269e-16,2.2015936244214748e-16,1
B2_D2_Original,B2,2,Original,full-grid,1399,20,58,108,1.0013594548418148,0.99778085033203912,-0.084582105150969547,0,0,1,UNSTABLE,3.4770430799431851e-16,2.201593624383153e-16,1
B2_D2_Original,B2,2,Original,full-grid,1400,20,59,109,1.0012641720167323,0.99772823442148661,-0.084073256167081611,0,0,1,UNSTABLE,3.3483310212848984e-16,2.2015936244214753e-16,1
B2_D2_Original,B2,2,Original,full-grid,1401,20,60,110,1.0017400623827364,0.99487946271302796,-0.11703848621032861,0,0,1,UNSTABLE,2.0926498297526736e-16,2.2015936244214748e-16,1
B2_D2_Original,B2,2,Original,full-grid,1402,20,61,111,1.002630933215789,0.99585829846458196,-0.11634018059291283,0,0,1,UNSTABLE,3.2074471199981249e-16,2.2015936244214756e-16,1
B2_D2_Original,B2,2,Original,full-grid,1403,20,62,112,1.0034404613538244,0.99675244677161157,-0.11566036199485685,0,0,1,UNSTABLE,3.8001316116368783e-16,2.2015936243831535e-16,1
B2_D2_Original,B2,2,Original,full-grid,1404,20,63,113,1.0041748992687187,0.99756849684153104,-0.11499705400865665,0,0,1,UNSTABLE,2.3563608724402059e-16,2.2015936244214753e-16,1
B2_D2_Original,B2,2,Original,full-grid,1405,20,64,114,1.0048400956277266,0.99831257326392764,-0.11434869410838853,0,0,1,UNSTABLE,2.6348986238079567e-16,2.2015936244214748e-16,1
B2_D2_Original,B2,2,Original,full-grid,1406,20,65,115,1.0054414663075311,0.99899031772228486,-0.11371405923528748,0,0,1,UNSTABLE,3.6772664952629852e-16,2.2015936244214753e-16,1
B2_D2_Original,B2,2,Original,full-grid,1407,20,66,116,1.0059839898831786,0.99960689415057713,-0.11309219720173333,0,0,1,UNSTABLE,3.288008690636951e-16,2.201593624383153e-16,1
B2_D2_Original,B2,2,Original,full-grid,1408,21,0,51,1.003444569813813,1.0005786236565806,-0.075785371743702368,0,0,1,UNSTABLE,3.5153046546519515e-16,8.9162482713522596e-17,1
B2_D2_Original,B2,2,Original,full-grid,1409,21,1,52,1.003491522937874,1.0006481452234319,-0.075488582375611013,0,0,1,UNSTABLE,2.8195109846218033e-16,2.201593624383153e-16,1
B2_D2_Original,B2,2,Original,full-grid,1410,21,2,53,1.0035384705986872,1.0007172959792261,-0.07519544866265454,0,0,1,UNSTABLE,1.8698301970485265e-16,2.2015936244214753e-16,1
B2_D2_Original,B2,2,Original,full-grid,1411,21,3,54,1.0035850844607337,1.000785822760681,-0.07490499791926486,0,0,1,UNSTABLE,2.9239094812344213e-16,2.2015936244214753e-16,1
B2_D2_Original,B2,2,Original,full-grid,1412,21,4,55,1.0036310646772506,1.0008534951368031,-0.074616320316916451,0,0,1,UNSTABLE,4.2804827603005122e-16,2.2015936244214753e-16,1
B2_D2_Original,B2,2,Original,full-grid,1413,21,5,56,1.0036761277603587,1.000920094102729,-0.074328558827763735,0,0,1,UNSTABLE,3.03853160783601e-16,2.201593624383153e-16,1
B2_D2_Original,B2,2,Original,full-grid,1414,21,6,57,1.0037199965224883,1.000985402713215,-0.07404090068446631,0,0,1,UNSTABLE,2.2370093336151741e-16,2.2015936244214751e-16,1
B2_D2_Original,B2,2,Original,full-grid,1415,21,7,58,1.0037623915450331,1.0010491981214267,-0.073752570264724648,0,0,1,UNSTABLE,3.9643259832347636e-16,2.2015936244214748e-16,1
B2_D2_Original,B2,2,Original,full-grid,1416,21,8,59,1.0038030237807276,1.0011112446384987,-0.073462823316885972,0,0,1,UNSTABLE,3.2700103260479322e-16,2.2015936244214748e-16,1
B2_D2_Original,B2,2,Original,full-grid,1417,21,9,60,1.0052727798829943,0.99855344721331607,-0.11603609366092248,0,0,1,UNSTABLE,2.3233549732710133e-16,2.201593624383153e-16,1
B2_D2_Original,B2,2,Original,full-grid,1418,21,10,61,1.006726630902832,1.0000911426303405,-0.11539590894527908,0,0,1,UNSTABLE,2.6476249138291831e-16,2.2015936244214753e-16,1
B2_D2_Original,B2,2,Original,full-grid,1419,21,11,62,1.008026392083722,1.0014898483761598,-0.11460929603143832,0,0,1,UNSTABLE,2.0164009252481822e-16,2.2015936244214748e-16,1
B2_D2_Original,B2,2,Original,full-grid,1420,21,12,63,1.0091642701571406,1.0027378271134826,-0.11370740625625873,0,0,1,UNSTABLE,2.6894855266213185e-16,2.2015936244214756e-16,1
B2_D2_Original,B2,2,Original,full-grid,1421,21,13,64,1.010139775549272,1.0038309113752861,-0.11272030657426488,0,0,1,UNSTABLE,3.6718450376148178e-16,2.2015936243831535e-16,1
B2_D2_Original,B2,2,Original,full-grid,1422,21,14,65,1.010958035988391,1.0047710134523684,-0.11167524817704701,0,0,1,UNSTABLE,2.7660485170192156e-16,2.2015936244214756e-16,1
B2_D2_Original,B2,2,Original,full-grid,1423,21,15,66,1.0116280402770785,1.0055644546009952,-0.11059574819063223,0,0,1,UNSTABLE,3.969249002220539e-16,2.2015936244214748e-16,1
B2_D2_Original,B2,2,Original,full-grid,1424,21,16,67,1.0121610956854856,1.0062204255076588,-0.10950131921775748,0,0,1,UNSTABLE,2.6389500758248475e-16,2.2015936244214751e-16,1
B2_D2_Original,B2,2,Original,full-grid,1425,21,17,68,1.0125696194075671,1.0067497306681976,-0.10840762863699469,0,0,1,UNSTABLE,4.8578875896507817e-16,2.201593624383153e-16,1
B2_D2_Original,B2,2,Original,full-grid,1426,21,18,69,1.0128662725141637,1.0071638515699175,-0.10732689358956295,0,0,1,UNSTABLE,3.2434587263131629e-16,2.2015936244214753e-16,1
B2_D2_Original,B2,2,Original,full-grid,1427,21,19,70,1.0130633874644055,1.0074742976494504,-0.10626837063116538,0,0,1,UNSTABLE,3.8947664249865266e-16,2.2015936244214751e-16,1
B2_D2_Original,B2,2,Original,full-grid,1428,21,20,71,1.0131726217081027,1.007692187842288,-0.10523885185848959,0,0,1,UNSTABLE,4.183417164373057e-16,2.2015936244214753e-16,1
B2_D2_Original,B2,2,Original,full-grid,1429,21,21,72,1.0132047726853759,1.007828002835514,-0.10424312012312262,0,0,1,UNSTABLE,2.251052760049224e-16,2.2015936243831527e-16,1
B2_D2_Original,B2,2,Original,full-grid,1430,21,22,73,1.0131697010695386,1.0078914562745442,-0.10328434312187461,0,0,1,UNSTABLE,3.1044857410980375e-16,2.2015936244214751e-16,1
B2_D2_Original,B2,2,Original,full-grid,1431,21,23,74,1.0130763223539858,1.0078914445811498,-0.1023644022812627,0,0,1,UNSTABLE,2.5742984994892348e-16,2.2015936244214748e-16,1
B2_D2_Original,B2,2,Original,full-grid,1432,21,24,75,1.0129326386708244,1.0078360459836779,-0.10148416083618506,0,0,1,UNSTABLE,2.5172360612841333e-16,2.2015936244214748e-16,1
B2_D2_Original,B2,2,Original,full-grid,1433,21,25,76,1.0127457920473766,1.0077325484199848,-0.10064367920853753,0,0,1,UNSTABLE,2.1418455821807861e-16,2.201593624383153e-16,1
B2_D2_Original,B2,2,Original,full-grid,1434,21,26,77,1.0125221271815119,1.007587492895571,-0.099842386753280221,0,0,1,UNSTABLE,3.2264265377575011e-16,2.2015936244214753e-16,1
B2_D2_Original,B2,2,Original,full-grid,1435,21,27,78,1.0122672566500517,1.0074067238982607,-0.09907921845874107,0,0,1,UNSTABLE,3.7973204387049736e-16,2.2015936244214748e-16,1
B2_D2_Original,B2,2,Original,full-grid,1436,21,28,79,1.011986124725389,1.0071954419622267,-0.0983527240457817,0,0,1,UNSTABLE,3.1294166816354282e-16,2.2015936244214756e-16,1
B2_D2_Original,B2,2,Original,full-grid,1437,21,29,80,1.0116830680784916,1.0069582558044978,-0.097661155552621837,0,0,1,UNSTABLE,2.4240595265289428e-16,2.2015936243831535e-16,1
B2_D2_Original,B2,2,Original,full-grid,1438,21,30,81,1.0113618729234346,1.0066992329357209,-0.097002538161783669,0,0,1,UNSTABLE,3.5940887733889593e-16,2.2015936244214753e-16,1
B2_D2_Original,B2,2,Original,full-grid,1439,21,31,82,1.0110258288615992,1.0064219485170993,-0.09637472785086712,0,0,1,UNSTABLE,2.8594157581855105e-16,2.2015936244214748e-16,1
B2_D2_Original,B2,2,Original,full-grid,1440,21,32,83,1.0106777800061171,1.0061295326893249,-0.095775458487306606,0,0,1,UNSTABLE,2.8065630380154154e-16,2.2015936244214751e-16,1
B2_D2_Original,B2,2,Original,full-grid,1441,21,33,84,1.0103201740536394,1.0058247167836267,-0.09520238025865442,0,0,1,UNSTABLE,3.254878291213744e-16,2.201593624383153e-16,1
B2_D2_Original,B2,2,Original,full-grid,1442,21,34,85,1.0099551099293109,1.0055098788521435,-0.094653090826842312,0,0,1,UNSTABLE,4.361937180359038e-16,2.2015936244214753e-16,1
B2_D2_Original,B2,2,Original,full-grid,1443,21,35,86,1.0095843845403907,1.005187088908027,-0.094125160294182553,0,0,1,UNSTABLE,3.735689499137081e-16,2.2015936244214751e-16,1
B2_D2_Original,B2,2,Original,full-grid,1444,21,36,87,1.0092095390823117,1.0048581541977755,-0.093616150940804971,0,0,1,UNSTABLE,3.9865671537138586e-16,2.2015936244214753e-16,1
B2_D2_Original,B2,2,Original,full-grid,1445,21,37,88,1.0088319052730683,1.0045246647686672,-0.093123632705592901,0,0,1,UNSTABLE,4.1799739500706648e-16,2.2015936243831527e-16,1
B2_D2_Original,B2,2,Original,full-grid,1446,21,38,89,1.0084526518482619,1.0041880395471674,-0.092645195505261402,0,0,1,UNSTABLE,3.3175562087898737e-16,2.2015936244214751e-16,1
B2_D2_Original,B2,2,Original,full-grid,1447,21,39,90,1.0080728316090866,1.0038495730915891,-0.092178459697460344,0,0,1,UNSTABLE,3.4508153980073073e-16,2.2015936244214748e-16,1
B2_D2_Original,B2,2,Original,full-grid,1448,21,40,91,1.0076934292413779,1.0035104830888355,-0.091721086272785496,0,0,1,UNSTABLE,6.1865592640460512e-16,2.2015936244214748e-16,1
B2_D2_Original,B2,2,Original,full-grid,1449,21,41,92,1.0073154099565005,1.0031719584739975,-0.091270788685518994,0,0,1,UNSTABLE,3.5494686677259905e-16,2.201593624383153e-16,1
B2_D2_Original,B2,2,Original,full-grid,1450,21,42,93,1.0069397686720352,1.0028352076939582,-0.090825348569147327,0,0,1,UNSTABLE,2.6601962001175319e-16,2.2015936244214753e-16,1
B2_D2_Original,B2,2,Original,full-grid,1451,21,43,94,1.0065675788678188,1.0025015060342992,-0.090382637861397247,0,0,1,UNSTABLE,4.8914145746745547e-16,2.2015936244214748e-16,1
B2_D2_Original,B2,2,Original,full-grid,1452,21,44,95,1.0062000393407577,1.0021722400132302,-0.089940649965444139,0,0,1,UNSTABLE,2.5532550299505121e-16,2.2015936244214756e-16,1
B2_D2_Original,B2,2,Original,full-grid,1453,21,45,96,1.0058385158023726,1.001848945596491,-0.089497542305468428,0,0,1,UNSTABLE,4.0606594024544914e-16,2.2015936243831535e-16,1
B2_D2_Original,B2,2,Original,full-grid,1454,21,46,97,1.0054845726745334,1.0015333354844356,-0.089051691729635771,0,0,1,UNSTABLE,3.4431817115201606e-16,2.2015936244214753e-16,1
B2_D2_Original,B2,2,Original,full-grid,1455,21,47,98,1.0051399887930432,1.0012273092435522,-0.088601762374092924,0,0,1,UNSTABLE,2.8254033659712527e-16,2.2015936244214748e-16,1
B2_D2_Original,B2,2,Original,full-grid,1456,21,48,99,1.0048067495478146,1.0009329391374489,-0.088146782621446346,0,0,1,UNSTABLE,2.628323283930609e-16,2.2015936244214751e-16,1
B2_D2_Original,B2,2,Original,full-grid,1457,21,49,100,1.0044870080939743,1.000652424965994,-0.087686223771236735,0,0,1,UNSTABLE,3.0298354117314232e-16,2.201593624383153e-16,1
B2_D2_Original,B2,2,Original,full-grid,1458,21,50,101,1.0041830106112917,1.0003880139331232,-0.087220068672861473,0,0,1,UNSTABLE,3.6405514833986321e-16,2.2015936244214753e-16,1
B2_D2_Original,B2,2,Original,full-grid,1459,21,51,102,1.0038969858188829,1.0001418870565704,-0.086748855272913261,0,0,1,UNSTABLE,3.8022605515379513e-16,2.2015936244214751e-16,1
B2_D2_Original,B2,2,Original,full-grid,1460,21,52,103,1.0036310067504095,0.99991602142270675,-0.086273679723455302,0,0,1,UNSTABLE,2.9393436728458987e-16,2.2015936244214753e-16,1
B2_D2_Original,B2,2,Original,full-grid,1461,21,53,104,1.0033868413684042,0.99971204575016559,-0.085796148009581033,0,0,1,UNSTABLE,3.3262791857249937e-16,2.2015936243831527e-16,1
B2_D2_Original,B2,2,Original,full-grid,1462,21,54,105,1.0031658148521838,0.99953111216637125,-0.085318274124028329,0,0,1,UNSTABLE,3.592437827160869e-16,2.2015936244214751e-16,1
B2_D2_Original,B2,2,Original,full-grid,1463,21,55,106,1.0029687071982072,0.99937380688855471,-0.084842334503012123,0,0,1,UNSTABLE,3.0793546969407171e-16,2.2015936244214748e-16,1
B2_D2_Original,B2,2,Original,full-grid,1464,21,56,107,1.0027957037710435,0.99924011563210935,-0.084370698783352641,0,0,1,UNSTABLE,2.2568354486573958e-16,2.2015936244214748e-16,1
B2_D2_Original,B2,2,Original,full-grid,1465,21,57,108,1.0026464052339399,0.99912944797412573,-0.083905662022658464,0,0,1,UNSTABLE,4.3702707932795821e-16,2.201593624383153e-16,1
B2_D2_Original,B2,2,Original,full-grid,1466,21,58,109,1.0025198908307325,0.99904071267185368,-0.08344930158712062,0,0,1,UNSTABLE,2.8355389685865128e-16,2.2015936244214753e-16,1
B2_D2_Original,B2,2,Original,full-grid,1467,21,59,110,1.002414819542903,0.99897242719860535,-0.08300337424561674,0,0,1,UNSTABLE,2.712586744061414e-16,2.2015936244214748e-16,1
B2_D2_Original,B2,2,Original,full-grid,1468,21,60,111,1.0023295496575493,0.99892284165949108,-0.082569258974710361,0,0,1,UNSTABLE,3.7641832129641393e-16,2.2015936244214756e-16,1
B2_D2_Original,B2,2,Original,full-grid,1469,21,61,112,1.0022622586490202,0.9988900593786727,-0.082147942072259908,0,0,1,UNSTABLE,3.3599530640506239e-16,2.2015936243831535e-16,1
B2_D2_Original,B2,2,Original,full-grid,1470,21,62,113,1.0022110500778809,0.99887214171475724,-0.081740035505148564,0,0,1,UNSTABLE,1.5188669634261367e-16,2.2015936244214753e-16,1
B2_D2_Original,B2,2,Original,full-grid,1471,21,63,114,1.0029784105305768,0.99645029683361708,-0.11424752921021557,0,0,1,UNSTABLE,3.7225884003956968e-16,2.2015936244214748e-16,1
B2_D2_Original,B2,2,Original,full-grid,1472,21,64,115,1.0036853963946697,0.99724147059796864,-0.11355097646223228,0,0,1,UNSTABLE,3.4448848351251355e-16,2.2015936244214751e-16,1
B2_D2_Original,B2,2,Original,full-grid,1473,21,65,116,1.0043291248269786,0.99796636837450836,-0.11287213371386175,0,0,1,UNSTABLE,2.5655581314201088e-16,2.201593624383153e-16,1
B2_D2_Original,B2,2,Original,full-grid,1474,21,66,117,1.0049141973103588,0.99862982852025572,-0.11220966778993513,0,0,1,UNSTABLE,3.4074920132878661e-16,2.2015936244214753e-16,1
B2_D2_Original,B2,2,Original,full-grid,1475,22,0,52,1.0041765073094022,1.0013670335662392,-0.075063452617505896,0,0,1,UNSTABLE,3.5824284430130704e-16,8.9162482713063627e-17,1
B2_D2_Original,B2,2,Original,full-grid,1476,22,1,53,1.0041950276940745,1.0014060451768674,-0.074790282314811343,0,0,1,UNSTABLE,3.1204205876634053e-16,2.2015936244214753e-16,1
B2_D2_Original,B2,2,Original,full-grid,1477,22,2,54,1.0042143378890114,1.0014456081778569,-0.074519328252123387,0,0,1,UNSTABLE,2.2671907124538791e-16,2.2015936244214751e-16,1
B2_D2_Original,B2,2,Original,full-grid,1478,22,3,55,1.0042340746149885,1.0014854149926067,-0.074249849662530898,0,0,1,UNSTABLE,3.147914724482358e-16,2.2015936244214756e-16,1
B2_D2_Original,B2,2,Original,full-grid,1479,22,4,56,1.0042538999998571,1.0015251804881418,-0.073981136197803873,0,0,1,UNSTABLE,2.9436543402794372e-16,2.201593624383153e-16,1
B2_D2_Original,B2,2,Original,full-grid,1480,22,5,57,1.0042734922698726,1.0015646330132011,-0.073712503505563437,0,0,1,UNSTABLE,3.6523040615204492e-16,2.2015936244214751e-16,1
B2_D2_Original,B2,2,Original,full-grid,1481,22,6,58,1.0042925376417531,1.0016035065971902,-0.073443289244997503,0,0,1,UNSTABLE,4.1838892831656356e-16,2.2015936244214751e-16,1
B2_D2_Original,B2,2,Original,full-grid,1482,22,7,59,1.0043107231461912,1.0016415340347464,-0.073172849629800821,0,0,1,UNSTABLE,3.2273916794896164e-16,2.2015936244214751e-16,1
B2_D2_Original,B2,2,Original,full-grid,1483,22,8,60,1.004327730176038,1.0016784406451515,-0.072900556563377766,0,0,1,UNSTABLE,3.7131537125079229e-16,2.201593624383153e-16,1
B2_D2_Original,B2,2,Original,full-grid,1484,22,9,61,1.0043432286081682,1.001713938552534,-0.072625795421801823,0,0,1,UNSTABLE,2.8521745542805145e-16,2.2015936244214753e-16,1
B2_D2_Original,B2,2,Original,full-grid,1485,22,10,62,1.0057435537766468,0.99926162841230215,-0.11400128922987129,0,0,1,UNSTABLE,4.2437057049293332e-16,2.2015936244214751e-16,1
B2_D2_Original,B2,2,Original,full-grid,1486,22,11,63,1.0070886361395439,1.0007035472730923,-0.11322513641615309,0,0,1,UNSTABLE,3.4014049481964687e-16,2.2015936244214753e-16,1
B2_D2_Original,B2,2,Original,full-grid,1487,22,12,64,1.0082738570251137,1.0019970561342291,-0.11233018409420498,0,0,1,UNSTABLE,1.9067276879935668e-16,2.2015936243831535e-16,1
B2_D2_Original,B2,2,Original,full-grid,1488,22,13,65,1.009297793554671,1.0031370865523179,-0.11134640388290336,0,0,1,UNSTABLE,4.428881818234838e-16,2.2015936244214753e-16,1
B2_D2_Original,B2,2,Original,full-grid,1489,22,14,66,1.0101648144241884,1.0041247951108305,-0.11030117018548607,0,0,1,UNSTABLE,3.9138605732916799e-16,2.2015936244214748e-16,1
B2_D2_Original,B2,2,Original,full-grid,1490,22,15,67,1.0108833352676034,1.0049659148819603,-0.10921825601619259,0,0,1,UNSTABLE,3.8017260637780094e-16,2.2015936244214753e-16,1
B2_D2_Original,B2,2,Original,full-grid,1491,22,16,68,1.011464258534521,1.005669206931727,-0.10811749406132241,0,0,1,UNSTABLE,2.9264578062960592e-16,2.201593624383153e-16,1
B2_D2_Original,B2,2,Original,full-grid,1492,22,17,69,1.0119197346563564,1.0062451802991932,-0.10701488920535859,0,0,1,UNSTABLE,2.7975329502160222e-16,2.2015936244214753e-16,1
B2_D2_Original,B2,2,Original,full-grid,1493,22,18,70,1.0122622638966556,1.0067051266252394,-0.10592298587012744,0,0,1,UNSTABLE,3.0924423581270595e-16,2.2015936244214748e-16,1
B2_D2_Original,B2,2,Original,full-grid,1494,22,19,71,1.0125040956548561,1.0070604447382063,-0.10485134410938145,0,0,1,UNSTABLE,2.7313284946855776e-16,2.2015936244214756e-16,1
B2_D2_Original,B2,2,Original,full-grid,1495,22,20,72,1.0126568598213268,1.007322200683942,-0.10380703132471607,0,0,1,UNSTABLE,3.0998561945065105e-16,2.2015936243831527e-16,1
B2_D2_Original,B2,2,Original,full-grid,1496,22,21,73,1.0127313655303489,1.0075008638193281,-0.10279507834654707,0,0,1,UNSTABLE,3.1603449666769279e-16,2.2015936244214751e-16,1
B2_D2_Original,B2,2,Original,full-grid,1497,22,22,74,1.0127375132970051,1.0076061666769254,-0.10181887700045336,0,0,1,UNSTABLE,4.0096522967739046e-16,2.2015936244214751e-16,1
B2_D2_Original,B2,2,Original,full-grid,1498,22,23,75,1.0126842795154849,1.0076470473310914,-0.10088051339445976,0,0,1,UNSTABLE,2.8715499453791337e-16,2.2015936244214751e-16,1
B2_D2_Original,B2,2,Original,full-grid,1499,22,24,76,1.0125797441216482,1.0076316438932622,-0.099981040354783363,0,0,1,UNSTABLE,2.6878163457702457e-16,2.201593624383153e-16,1
B2_D2_Original,B2,2,Original,full-grid,1500,22,25,77,1.0124311416943192,1.0075673199216619,-0.099120696619535403,0,0,1,UNSTABLE,2.7479693840266283e-16,2.2015936244214753e-16,1
B2_D2_Original,B2,2,Original,full-grid,1501,22,26,78,1.0122449233217037,1.0074607065951626,-0.098299081670876517,0,0,1,UNSTABLE,3.5908464425645537e-16,2.2015936244214751e-16,1
B2_D2_Original,B2,2,Original,full-grid,1502,22,27,79,1.0120268215606141,1.0073177526666981,-0.097515294803387789,0,0,1,UNSTABLE,3.4653270007074622e-16,2.2015936244214753e-16,1
B2_D2_Original,B2,2,Original,full-grid,1503,22,28,80,1.0117819142247422,1.007143776838038,-0.096768046010528283,0,0,1,UNSTABLE,3.3357153520257833e-16,2.2015936243831535e-16,1
B2_D2_Original,B2,2,Original,full-grid,1504,22,29,81,1.0115146849696055,1.0069435196494443,-0.096055744987738542,0,0,1,UNSTABLE,3.6713952279348261e-16,2.2015936244214753e-16,1
B2_D2_Original,B2,2,Original,full-grid,1505,22,30,82,1.0112290800264372,1.006721193560937,-0.095376573257573052,0,0,1,UNSTABLE,3.8227073987501047e-16,2.2015936244214748e-16,1
B2_D2_Original,B2,2,Original,full-grid,1506,22,31,83,1.0109285612265455,1.0064805308583791,-0.094728543251803965,0,0,1,UNSTABLE,4.2697967396198033e-16,2.2015936244214753e-16,1
B2_D2_Original,B2,2,Original,full-grid,1507,22,32,84,1.0106161558402476,1.0062248295339544,-0.094109547202627833,0,0,1,UNSTABLE,3.4236990408012739e-16,2.201593624383153e-16,1
B2_D2_Original,B2,2,Original,full-grid,1508,22,33,85,1.0102945038709679,1.0059569975090494,-0.093517397923932502,0,0,1,UNSTABLE,3.4602646474368309e-16,2.2015936244214753e-16,1
B2_D2_Original,B2,2,Original,full-grid,1509,22,34,86,1.0099659034023765,1.0056795955985576,-0.092949863002052491,0,0,1,UNSTABLE,4.1677891270863186e-16,2.2015936244214748e-16,1
B2_D2_Original,B2,2,Original,full-grid,1510,22,35,87,1.0096323544711729,1.0053948795401895,-0.092404693546226158,0,0,1,UNSTABLE,2.5987991004117461e-16,2.2015936244214756e-16,1
B2_D2_Original,B2,2,Original,full-grid,1511,22,36,88,1.0092956017833372,1.0051048412882881,-0.091879648443134593,0,0,1,UNSTABLE,4.1395897782792145e-16,2.2015936243831527e-16,1
B2_D2_Original,B2,2,Original,full-grid,1512,22,37,89,1.0089571764383241,1.0048112496346364,-0.091372514981671871,0,0,1,UNSTABLE,4.011211801236596e-16,2.2015936244214751e-16,1
B2_D2_Original,B2,2,Original,full-grid,1513,22,38,90,1.0086184366830526,1.0045156900823824,-0.090881126727609923,0,0,1,UNSTABLE,3.3651042214154707e-16,2.2015936244214751e-16,1
B2_D2_Original,B2,2,Original,full-grid,1514,22,39,91,1.0082806075826587,1.0042196037644708,-0.090403379596032396,0,0,1,UNSTABLE,3.0466468202482174e-16,2.2015936244214751e-16,1
B2_D2_Original,B2,2,Original,full-grid,1515,22,40,92,1.0079448193474518,1.0039243250480134,-0.089937247157438158,0,0,1,UNSTABLE,2.1558074552055482e-16,2.201593624383153e-16,1
B2_D2_Original,B2,2,Original,full-grid,1516,22,41,93,1.0076121438743173,1.0036311172831816,-0.089480796285630368,0,0,1,UNSTABLE,2.9342746386521031e-16,2.2015936244214753e-16,1
B2_D2_Original,B2,2,Original,full-grid,1517,22,42,94,1.0072836288197213,1.0033412059167952,-0.08903220427270854,0,0,1,UNSTABLE,2.0832857089442207e-16,2.2015936244214751e-16,1
B2_D2_Original,B2,2,Original,full-grid,1518,22,43,95,1.0069603282059139,1.0030558078861747,-0.088589778453133719,0,0,1,UNSTABLE,3.4702280514847216e-16,2.2015936244214753e-16,1
B2_D2_Original,B2,2,Original,full-grid,1519,22,44,96,1.0066433281751381,1.0027761558461794,-0.088151979137611206,0,0,1,UNSTABLE,2.417189488835263e-16,2.2015936243831535e-16,1
B2_D2_Original,B2,2,Original,full-grid,1520,22,45,97,1.0063337660853118,1.0025035154029736,-0.087717446201579397,0,0,1,UNSTABLE,2.076358814766252e-16,2.2015936244214753e-16,1
B2_D2_Original,B2,2,Original,full-grid,1521,22,46,98,1.0060328407695796,1.0022391932211354,-0.087285028947453464,0,0,1,UNSTABLE,3.9404814373315294e-16,2.2015936244214748e-16,1
B2_D2_Original,B2,2,Original,full-grid,1522,22,47,99,1.0057418116035921,1.0019845337787645,-0.086853817854065957,0,0,1,UNSTABLE,2.3886921146938904e-16,2.2015936244214753e-16,1
B2_D2_Original,B2,2,Original,full-grid,1523,22,48,100,1.0054619842289141,1.0017409028530282,-0.086423175599748547,0,0,1,UNSTABLE,3.9709661540312074e-16,2.201593624383153e-16,1
B2_D2_Original,B2,2,Original,full-grid,1524,22,49,101,1.0051946815721535,1.0015096567130977,-0.085992763482495613,0,0,1,UNSTABLE,5.3062862929959176e-16,2.2015936244214753e-16,1
B2_D2_Original,B2,2,Original,full-grid,1525,22,50,102,1.0049412003099629,1.0012920975838135,-0.085562558380614884,0,0,1,UNSTABLE,2.2798340387444368e-16,2.2015936244214748e-16,1
B2_D2_Original,B2,2,Original,full-grid,1526,22,51,103,1.0047027551126044,1.0010894181386933,-0.085132855124155332,0,0,1,UNSTABLE,2.6289453326026937e-16,2.2015936244214756e-16,1
B2_D2_Original,B2,2,Original,full-grid,1527,22,52,104,1.0044804155286866,1.0009026402282366,-0.084704249980908128,0,0,1,UNSTABLE,2.6488891212384356e-16,2.2015936243831527e-16,1
B2_D2_Original,B2,2,Original,full-grid,1528,22,53,105,1.0042750426344145,1.0007325551200656,-0.084277603081836863,0,0,1,UNSTABLE,3.8375503647648705e-16,2.2015936244214751e-16,1
B2_D2_Original,B2,2,Original,full-grid,1529,22,54,106,1.0040872338016087,1.0005796734836123,-0.083853980792769053,0,0,1,UNSTABLE,3.3630513340471773e-16,2.2015936244214751e-16,1
B2_D2_Original,B2,2,Original,full-grid,1530,22,55,107,1.0039172835220371,1.0004441926373473,-0.083434582593027801,0,0,1,UNSTABLE,4.2259286529927959e-16,2.2015936244214751e-16,1
B2_D2_Original,B2,2,Original,full-grid,1531,22,56,108,1.0037651660083984,1.000325986121503,-0.08302065997033585,0,0,1,UNSTABLE,5.307274246315224e-16,2.201593624383153e-16,1
B2_D2_Original,B2,2,Original,full-grid,1532,22,57,109,1.0036305417418878,1.0002246170040519,-0.082613436293458492,0,0,1,UNSTABLE,4.9516339122308981e-16,2.2015936244214753e-16,1
B2_D2_Original,B2,2,Original,full-grid,1533,22,58,110,1.0035127862032922,1.0001393724537544,-0.082214036157486861,0,0,1,UNSTABLE,3.2844219247025646e-16,2.2015936244214751e-16,1
B2_D2_Original,B2,2,Original,full-grid,1534,22,59,111,1.0034110357641695,1.0000693140519976,-0.081823430537288022,0,0,1,UNSTABLE,2.2201146451217393e-16,2.2015936244214753e-16,1
B2_D2_Original,B2,2,Original,full-grid,1535,22,60,112,1.0033242438660279,1.0000133367377031,-0.081442400971863754,0,0,1,UNSTABLE,2.8255435687493894e-16,2.2015936243831535e-16,1
B2_D2_Original,B2,2,Original,full-grid,1536,22,61,113,1.0032512403764671,0.99997022930698842,-0.081071522846487373,0,0,1,UNSTABLE,5.0677371096678816e-16,2.2015936244214753e-16,1
B2_D2_Original,B2,2,Original,full-grid,1537,22,62,114,1.003190788075903,0.99993873065603989,-0.080711165363530554,0,0,1,UNSTABLE,2.2451315008757219e-16,2.2015936244214748e-16,1
B2_D2_Original,B2,2,Original,full-grid,1538,22,63,115,1.0031416320257311,0.99991757786451296,-0.080361504346379009,0,0,1,UNSTABLE,3.3429778644009722e-16,2.2015936244214753e-16,1
B2_D2_Original,B2,2,Original,full-grid,1539,22,64,116,1.00310253951432,0.99990554418804245,-0.080022543586745459,0,0,1,UNSTABLE,2.6976573992241141e-16,2.201593624383153e-16,1
B2_D2_Original,B2,2,Original,full-grid,1540,22,65,117,1.0032241195026674,0.99692897904515698,-0.11221071558404376,0,0,1,UNSTABLE,3.5968725709665609e-16,2.2015936244214753e-16,1
B2_D2_Original,B2,2,Original,full-grid,1541,22,66,118,1.0038416520282536,0.99762957804781638,-0.11150465170094483,0,0,1,UNSTABLE,3.5904885580246175e-16,2.2015936244214748e-16,1
B2_D2_Original,B2,2,Original,full-grid,1542,23,0,53,1.0048340817212271,1.0020853637993972,-0.074272844617474368,0,0,1,UNSTABLE,2.240286597659328e-16,8.9162482713522596e-17,1
B2_D2_Original,B2,2,Original,full-grid,1543,23,1,54,1.0048313538587257,1.0021009415040305,-0.074025351970089234,0,0,1,UNSTABLE,2.8881951358043535e-16,2.2015936244214477e-16,1
B2_D2_Original,B2,2,Original,full-grid,1544,23,2,55,1.0048295977190147,1.0021173626517708,-0.073778804029450779,0,0,1,UNSTABLE,3.0899646531275735e-16,2.2015936244214485e-16,1
B2_D2_Original,B2,2,Original,full-grid,1545,23,3,56,1.0048284790324993,1.0021343343772242,-0.073532633143956833,0,0,1,UNSTABLE,3.848027386292008e-16,2.201593624383153e-16,1
B2_D2_Original,B2,2,Original,full-grid,1546,23,4,57,1.0048276792842439,1.0021515782151933,-0.07328628341344999,0,0,1,UNSTABLE,2.6959830312774888e-16,2.2015936244214751e-16,1
B2_D2_Original,B2,2,Original,full-grid,1547,23,5,58,1.0048268893789476,1.0021688239105315,-0.073039208653667601,0,0,1,UNSTABLE,3.5861663996725321e-16,2.2015936244214751e-16,1
B2_D2_Original,B2,2,Original,full-grid,1548,23,6,59,1.004825803855397,1.0021858037641624,-0.072790870493659801,0,0,1,UNSTABLE,2.7445598544117244e-16,2.2015936244214751e-16,1
B2_D2_Original,B2,2,Original,full-grid,1549,23,7,60,1.0048241155365927,1.0022022473950711,-0.072540736694389332,0,0,1,UNSTABLE,3.0399872369698933e-16,2.2015936243831527e-16,1
B2_D2_Original,B2,2,Original,full-grid,1550,23,8,61,1.0048215105255862,1.0022178768229661,-0.072288279765026664,0,0,1,UNSTABLE,3.5594579442858265e-16,2.2015936244214751e-16,1
B2_D2_Original,B2,2,Original,full-grid,1551,23,9,62,1.0048176634821746,1.0022324018020607,-0.072032975947475042,0,0,1,UNSTABLE,2.3071534434857787e-16,2.2015936244214743e-16,1
B2_D2_Original,B2,2,Original,full-grid,1552,23,10,63,1.0048122331407467,1.0022455153619547,-0.071774304637134217,0,0,1,UNSTABLE,2.3594019444578208e-16,2.2015936244214756e-16,1
B2_D2_Original,B2,2,Original,full-grid,1553,23,11,64,1.0061142011378721,0.9998671009939375,-0.11194447767209212,0,0,1,UNSTABLE,5.1049204171919875e-16,2.201593624383153e-16,1
B2_D2_Original,B2,2,Original,full-grid,1554,23,12,65,1.0073439797417834,1.0012036157190121,-0.11105500165769697,0,0,1,UNSTABLE,3.0246074169205936e-16,2.2015936244214753e-16,1
B2_D2_Original,B2,2,Original,full-grid,1555,23,13,66,1.0084137352175451,1.0023882492582286,-0.11007297181608379,0,0,1,UNSTABLE,3.4358804265202324e-16,2.2015936244214748e-16,1
B2_D2_Original,B2,2,Original,full-grid,1556,23,14,67,1.0093270329151631,1.0034213511383601,-0.1090259210142018,0,0,1,UNSTABLE,3.8749966050955213e-16,2.2015936244214751e-16,1
B2_D2_Original,B2,2,Original,full-grid,1557,23,15,68,1.0100916866592053,1.0043080314939838,-0.10793791425962236,0,0,1,UNSTABLE,3.7319749747895762e-16,2.201593624383153e-16,1
B2_D2_Original,B2,2,Original,full-grid,1558,23,16,69,1.0107181775097405,1.0050566002929775,-0.1068291372057886,0,0,1,UNSTABLE,2.5464672528937499e-16,2.2015936244214748e-16,1
B2_D2_Original,B2,2,Original,full-grid,1559,23,17,70,1.0112183809225983,1.0056772592411365,-0.10571595982138694,0,0,1,UNSTABLE,3.0210701704193144e-16,2.2015936244214751e-16,1
B2_D2_Original,B2,2,Original,full-grid,1560,23,18,71,1.0116046333063908,1.0061811045606484,-0.1046112754537999,0,0,1,UNSTABLE,2.9550411114158519e-16,2.2015936244214753e-16,1
B2_D2_Original,B2,2,Original,full-grid,1561,23,19,72,1.0118891006550415,1.0065794225650195,-0.10352496362298555,0,0,1,UNSTABLE,2.6684346287144672e-16,2.2015936243831527e-16,1
B2_D2_Original,B2,2,Original,full-grid,1562,23,20,73,1.0120833858727449,1.0068832261962046,-0.10246437802652406,0,0,1,UNSTABLE,2.5826710895637679e-16,2.2015936244214751e-16,1
B2_D2_Original,B2,2,Original,full-grid,1563,23,21,74,1.0121983100358336,1.0071029735363064,-0.10143480435100756,0,0,1,UNSTABLE,2.5922496590674265e-16,2.2015936244214748e-16,1
B2_D2_Original,B2,2,Original,full-grid,1564,23,22,75,1.0122438125674811,1.0072484153198069,-0.10043986219070428,0,0,1,UNSTABLE,3.0980657727317278e-16,2.2015936244214751e-16,1
B2_D2_Original,B2,2,Original,full-grid,1565,23,23,76,1.0122289280582764,1.007328529130485,-0.09948184355861546,0,0,1,UNSTABLE,3.8143716717371033e-16,2.2015936243831527e-16,1
B2_D2_Original,B2,2,Original,full-grid,1566,23,24,77,1.0121618093663418,1.0073515088509271,-0.09856199041977394,0,0,1,UNSTABLE,3.6174681939877207e-16,2.2015936244214751e-16,1
B2_D2_Original,B2,2,Original,full-grid,1567,23,25,78,1.0120497762849214,1.0073247872165263,-0.097680718350858869,0,0,1,UNSTABLE,2.6602615981524094e-16,2.2015936244214743e-16,1
B2_D2_Original,B2,2,Original,full-grid,1568,23,26,79,1.0118993763150195,1.007255076554153,-0.096837795011105801,0,0,1,UNSTABLE,2.0782615666951598e-16,2.2015936244214756e-16,1
B2_D2_Original,B2,2,Original,full-grid,1569,23,27,80,1.0117164492578383,1.0071484181073029,-0.096032482019603876,0,0,1,UNSTABLE,2.9207134801665798e-16,2.201593624383153e-16,1
B2_D2_Original,B2,2,Original,full-grid,1570,23,28,81,1.0115061909008116,1.0070102341151257,-0.095263647935970502,0,0,1,UNSTABLE,3.8408185050449734e-16,2.2015936244214753e-16,1
B2_D2_Original,B2,2,Original,full-grid,1571,23,29,82,1.0112732134271856,1.0068453793831829,-0.094529858828207469,0,0,1,UNSTABLE,2.9071716938151381e-16,2.2015936244214748e-16,1
B2_D2_Original,B2,2,Original,full-grid,1572,23,30,83,1.0110216016695366,1.0066581907703371,-0.093829451652595056,0,0,1,UNSTABLE,3.7496032823023422e-16,2.2015936244214751e-16,1
B2_D2_Original,B2,2,Original,full-grid,1573,23,31,84,1.0107549652026904,1.0064525340587449,-0.093160594505524705,0,0,1,UNSTABLE,2.4144315544028463e-16,2.201593624383153e-16,1
B2_D2_Original,B2,2,Original,full-grid,1574,23,32,85,1.0104764867206368,1.0062318482592953,-0.092521336803809265,0,0,1,UNSTABLE,2.4584066781943369e-16,2.2015936244214748e-16,1
B2_D2_Original,B2,2,Original,full-grid,1575,23,33,86,1.0101889673022071,1.0059991876711831,-0.091909651636914627,0,0,1,UNSTABLE,3.4721325271974813e-16,2.2015936244214751e-16,1
B2_D2_Original,B2,2,Original,full-grid,1576,23,34,87,1.0098948691466785,1.0057572620699711,-0.091323471913318868,0,0,1,UNSTABLE,3.5592576197231518e-16,2.2015936244214753e-16,1
B2_D2_Original,B2,2,Original,full-grid,1577,23,35,88,1.0095963562313457,1.0055084753256818,-0.090760721481449896,0,0,1,UNSTABLE,3.1619682714220974e-16,2.2015936243831527e-16,1
B2_D2_Original,B2,2,Original,full-grid,1578,23,36,89,1.0092953331644341,1.0052549626116341,-0.090219342117909662,0,0,1,UNSTABLE,2.7014440399695536e-16,2.2015936244214751e-16,1
B2_D2_Original,B2,2,Original,full-grid,1579,23,37,90,1.0089934823168731,1.0049986261987156,-0.089697317109401251,0,0,1,UNSTABLE,2.5312608987338255e-16,2.2015936244214748e-16,1
B2_D2_Original,B2,2,Original,full-grid,1580,23,38,91,1.0086922991372349,1.0047411696648652,-0.089192692073059507,0,0,1,UNSTABLE,2.859670017212472e-16,2.2015936244214751e-16,1
B2_D2_Original,B2,2,Original,full-grid,1581,23,39,92,1.0083931253934169,1.0044841301975933,-0.088703593624428534,0,0,1,UNSTABLE,3.27523174841575e-16,2.2015936243831527e-16,1
B2_D2_Original,B2,2,Original,full-grid,1582,23,40,93,1.0080971799435718,1.004228908533098,-0.088228246478127229,0,0,1,UNSTABLE,3.2698282748448954e-16,2.2015936244214751e-16,1
B2_D2_Original,B2,2,Original,full-grid,1583,23,41,94,1.00780558651186,1.0039767959564863,-0.087764989520094733,0,0,1,UNSTABLE,3.2185950363054477e-16,2.2015936244214743e-16,1
B2_D2_Original,B2,2,Original,full-grid,1584,23,42,95,1.0075193978311643,1.0037289976856243,-0.087312291294432645,0,0,1,UNSTABLE,2.6290547140054586e-16,2.2015936244214756e-16,1
B2_D2_Original,B2,2,Original,full-grid,1585,23,43,96,1.0072396154193954,1.0034866518823371,-0.086868765181674135,0,0,1,UNSTABLE,2.9520156075326056e-16,2.201593624383153e-16,1
B2_D2_Original,B2,2,Original,full-grid,1586,23,44,97,1.0069672041948934,1.0032508434966447,-0.086433184294868806,0,0,1,UNSTABLE,3.0340832173599082e-16,2.2015936244214753e-16,1
B2_D2_Original,B2,2,Original,full-grid,1587,23,45,98,1.0067031011396266,1.0030226121821899,-0.086004495785728149,0,0,1,UNSTABLE,2.6929701417778133e-16,2.2015936244214748e-16,1
B2_D2_Original,B2,2,Original,full-grid,1588,23,46,99,1.006448217328324,1.0028029536640388,-0.08558183385532657,0,0,1,UNSTABLE,4.1387289748669135e-16,2.2015936244214751e-16,1
B2_D2_Original,B2,2,Original,full-grid,1589,23,47,100,1.006203432902252,1.0025928142346237,-0.085164530347874301,0,0,1,UNSTABLE,2.4546710965939451e-16,2.201593624383153e-16,1
B2_D2_Original,B2,2,Original,full-grid,1590,23,48,101,1.0059695850130979,1.0023930785283837,-0.084752121447275411,0,0,1,UNSTABLE,3.8031496001874216e-16,2.2015936244214748e-16,1
B2_D2_Original,B2,2,Original,full-grid,1591,23,49,102,1.0057474493989882,1.0022045513759839,-0.084344348796069696,0,0,1,UNSTABLE,4.1187799911535517e-16,2.2015936244214751e-16,1
B2_D2_Original,B2,2,Original,full-grid,1592,23,50,103,1.0055377170310977,1.0020279353063801,-0.083941153421580178,0,0,1,UNSTABLE,3.1585734692566992e-16,2.2015936244214753e-16,1
B2_D2_Original,B2,2,Original,full-grid,1593,23,51,104,1.0053409680701735,1.001863806027834,-0.083542661267740265,0,0,1,UNSTABLE,5.4343312486374683e-16,2.2015936243831527e-16,1
B2_D2_Original,B2,2,Original,full-grid,1594,23,52,105,1.0051576460262883,1.0017125888055469,-0.083149159909155765,0,0,1,UNSTABLE,3.2493921982607663e-16,2.2015936244214751e-16,1
B2_D2_Original,B2,2,Original,full-grid,1595,23,53,106,1.0049880353291127,1.0015745388785915,-0.08276106708354207,0,0,1,UNSTABLE,4.0402543040237193e-16,2.2015936244214748e-16,1
B2_D2_Original,B2,2,Original,full-grid,1596,23,54,107,1.0048322453406797,1.0014497287892326,-0.082378892832839945,0,0,1,UNSTABLE,3.3947172060372083e-16,2.2015936244214751e-16,1
B2_D2_Original,B2,2,Original,full-grid,1597,23,55,108,1.0046902031353684,1.0013380447118836,-0.082003198039891451,0,0,1,UNSTABLE,4.4271701252851931e-16,2.2015936243831527e-16,1
B2_D2_Original,B2,2,Original,full-grid,1598,23,56,109,1.0045616562312252,1.0012391926852819,-0.08163455273930921,0,0,1,UNSTABLE,2.4604460181208076e-16,2.2015936244214751e-16,1
B2_D2_Original,B2,2,Original,full-grid,1599,23,57,110,1.0044461851118835,1.0011527143103029,-0.081273497617177878,0,0,1,UNSTABLE,3.511901121672436e-16,2.2015936244214743e-16,1
B2_D2_Original,B2,2,Original,full-grid,1600,23,58,111,1.0043432241157408,1.0010780102627628,-0.080920511587292562,0,0,1,UNSTABLE,2.2226004536348273e-16,2.2015936244214756e-16,1
B2_D2_Original,B2,2,Original,full-grid,1601,23,59,112,1.0042520883430346,1.0010143691268329,-0.080575987384300898,0,0,1,UNSTABLE,2.9436330463519005e-16,2.201593624383153e-16,1
B2_D2_Original,B2,2,Original,full-grid,1602,23,60,113,1.0041720037885373,1.0009609987068617,-0.080240215979572399,0,0,1,UNSTABLE,2.4990033472424881e-16,2.2015936244214753e-16,1
B2_D2_Original,B2,2,Original,full-grid,1603,23,61,114,1.0041021379553046,1.0009170571106722,-0.079913379551392341,0,0,1,UNSTABLE,3.2025958219091732e-16,2.2015936244214748e-16,1
B2_D2_Original,B2,2,Original,full-grid,1604,23,62,115,1.0040416286384286,1.0008816813965811,-0.079595551908764564,0,0,1,UNSTABLE,6.025524418391057e-16,2.2015936244214751e-16,1
B2_D2_Original,B2,2,Original,full-grid,1605,23,63,116,1.003989609220725,1.0008540122665193,-0.079286704769424843,0,0,1,UNSTABLE,2.2118205784351715e-16,2.201593624383153e-16,1
B2_D2_Original,B2,2,Original,full-grid,1606,23,64,117,1.003945229528491,1.0008332140039631,-0.078986718120906838,0,0,1,UNSTABLE,3.5969881973121002e-16,2.2015936244214748e-16,1
B2_D2_Original,B2,2,Original,full-grid,1607,23,65,118,1.0039076719280424,1.0008184894770833,-0.078695392983270288,0,0,1,UNSTABLE,2.800413307667845e-16,2.2015936244214751e-16,1
B2_D2_Original,B2,2,Original,full-grid,1608,23,66,119,1.0038761628305608,1.0008090904908069,-0.078412465146650415,0,0,1,UNSTABLE,2.7863280513928995e-16,2.2015936244214753e-16,1
B2_D2_Original,B2,2,Original,full-grid,1609,24,0,54,1.005412525365541,1.0027275081995155,-0.073429493133924703,0,0,1,UNSTABLE,3.2880197241692691e-16,8.9162482713056872e-17,1
B2_D2_Original,B2,2,Original,full-grid,1610,24,1,55,1.0053948889122897,1.0027260378912621,-0.07320775632299352,0,0,1,UNSTABLE,2.033222970309614e-16,2.201593624421448e-16,1
B2_D2_Original,B2,2,Original,full-grid,1611,24,2,56,1.0053780393203398,1.0027253087539523,-0.072986006411517493,0,0,1,UNSTABLE,3.0625662232005529e-16,2.201593624383153e-16,1
B2_D2_Original,B2,2,Original,full-grid,1612,24,3,57,1.0053616902714007,1.0027250665142673,-0.072763790784469443,0,0,1,UNSTABLE,2.4379715270595946e-16,2.2015936244214751e-16,1
B2_D2_Original,B2,2,Original,full-grid,1613,24,4,58,1.0053455625103886,1.0027250633946907,-0.072540659629225804,0,0,1,UNSTABLE,3.086350320552612e-16,2.2015936244214751e-16,1
B2_D2_Original,B2,2,Original,full-grid,1614,24,5,59,1.0053293795105851,1.0027250538610488,-0.072316164627935747,0,0,1,UNSTABLE,4.144287133218453e-16,2.2015936244214753e-16,1
B2_D2_Original,B2,2,Original,full-grid,1615,24,6,60,1.0053128633593542,1.0027247905811092,-0.072089857746111125,0,0,1,UNSTABLE,3.7765013018465105e-16,2.2015936243831527e-16,1
B2_D2_Original,B2,2,Original,full-grid,1616,24,7,61,1.0052957308114696,1.0027240205372117,-0.071861290173889522,0,0,1,UNSTABLE,2.4969931659300443e-16,2.2015936244214753e-16,1
B2_D2_Original,B2,2,Original,full-grid,1617,24,8,62,1.005277689468834,1.0027224812478575,-0.071630011475204244,0,0,1,UNSTABLE,2.5677767378413231e-16,2.2015936244214748e-16,1
B2_D2_Original,B2,2,Original,full-grid,1618,24,9,63,1.005258434059713,1.0027198970676232,-0.071395569000334919,0,0,1,UNSTABLE,3.0774012924024158e-16,2.2015936244214756e-16,1
B2_D2_Original,B2,2,Original,full-grid,1619,24,10,64,1.0052376428057732,1.0027159755499941,-0.071157507618880692,0,0,1,UNSTABLE,2.1471417717554413e-16,2.201593624383153e-16,1
B2_D2_Original,B2,2,Original,full-grid,1620,24,11,65,1.0052149738829772,1.0027104038754007,-0.070915369833241398,0,0,1,UNSTABLE,2.4159150528837493e-16,2.2015936244214753e-16,1
B2_D2_Original,B2,2,Original,full-grid,1621,24,12,66,1.0063879670510318,1.0003719496875736,-0.10987585041032145,0,0,1,UNSTABLE,2.0049764944500441e-16,2.2015936244214748e-16,1
B2_D2_Original,B2,2,Original,full-grid,1622,24,13,67,1.0075006367760679,1.0015984461398773,-0.10889483823563879,0,0,1,UNSTABLE,2.6947923450356898e-16,2.2015936244214753e-16,1
B2_D2_Original,B2,2,Original,full-grid,1623,24,14,68,1.0084574504061272,1.0026743592416012,-0.10784506756950375,0,0,1,UNSTABLE,3.5024844643833414e-16,2.201593624383153e-16,1
B2_D2_Original,B2,2,Original,full-grid,1624,24,15,69,1.0092655870010343,1.0036041364463775,-0.10675093635309728,0,0,1,UNSTABLE,3.2151154089585341e-16,2.2015936244214751e-16,1
B2_D2_Original,B2,2,Original,full-grid,1625,24,16,70,1.0099350870798804,1.0043956116549899,-0.10563302231425789,0,0,1,UNSTABLE,2.3716566210888425e-16,2.2015936244214751e-16,1
B2_D2_Original,B2,2,Original,full-grid,1626,24,17,71,1.010477541821315,1.0050586652808997,-0.10450809475358178,0,0,1,UNSTABLE,3.7744861579011756e-16,2.2015936244214753e-16,1
B2_D2_Original,B2,2,Original,full-grid,1627,24,18,72,1.0109051207817137,1.0056041916167051,-0.10338942414775391,0,0,1,UNSTABLE,2.4088795812213661e-16,2.2015936243831527e-16,1
B2_D2_Original,B2,2,Original,full-grid,1628,24,19,73,1.0112299070681308,1.0060433624831213,-0.10228723162093738,0,0,1,UNSTABLE,3.7567925645308628e-16,2.2015936244214751e-16,1
B2_D2_Original,B2,2,Original,full-grid,1629,24,20,74,1.0114634786067627,1.0063871380773319,-0.10120917383226923,0,0,1,UNSTABLE,3.6892474946891332e-16,2.2015936244214748e-16,1
B2_D2_Original,B2,2,Original,full-grid,1630,24,21,75,1.0116166705094729,1.0066459663265925,-0.1001608033667476,0,0,1,UNSTABLE,2.4574197283579222e-16,2.2015936244214753e-16,1
B2_D2_Original,B2,2,Original,full-grid,1631,24,22,76,1.0116994623368203,1.0068296169429862,-0.099145975909518749,0,0,1,UNSTABLE,2.2617769453511227e-16,2.2015936243831527e-16,1
B2_D2_Original,B2,2,Original,full-grid,1632,24,23,77,1.0117209466040977,1.0069471066815177,-0.098167194842327873,0,0,1,UNSTABLE,2.5141693892122222e-16,2.2015936244214753e-16,1
B2_D2_Original,B2,2,Original,full-grid,1633,24,24,78,1.0116893468923258,1.0070066832070423,-0.097225894656578077,0,0,1,UNSTABLE,3.3922895304846189e-16,2.2015936244214748e-16,1
B2_D2_Original,B2,2,Original,full-grid,1634,24,25,79,1.0116120637988322,1.0070158444194091,-0.096322669769879188,0,0,1,UNSTABLE,3.1328184973984481e-16,2.2015936244214756e-16,1
B2_D2_Original,B2,2,Original,full-grid,1635,24,26,80,1.011495734434114,1.0069813775028726,-0.095457457230039996,0,0,1,UNSTABLE,3.1169463674066374e-16,2.201593624383153e-16,1
B2_D2_Original,B2,2,Original,full-grid,1636,24,27,81,1.0113462965398614,1.0069094074594513,-0.094629681889720707,0,0,1,UNSTABLE,3.5285968952033099e-16,2.2015936244214753e-16,1
B2_D2_Original,B2,2,Original,full-grid,1637,24,28,82,1.0111690520173082,1.0068054487965643,-0.093838371848252666,0,0,1,UNSTABLE,3.1437124215872156e-16,2.2015936244214748e-16,1
B2_D2_Original,B2,2,Original,full-grid,1638,24,29,83,1.0109687271372254,1.0066744567306438,-0.093082250808222702,0,0,1,UNSTABLE,2.2163406953096374e-16,2.2015936244214753e-16,1
B2_D2_Original,B2,2,Original,full-grid,1639,24,30,84,1.010749528296784,1.006520876056664,-0.092359812766683147,0,0,1,UNSTABLE,3.5643114311251953e-16,2.201593624383153e-16,1
B2_D2_Original,B2,2,Original,full-grid,1640,24,31,85,1.0105151931501253,1.0063486869631144,-0.091669383301354365,0,0,1,UNSTABLE,3.6241614848605127e-16,2.2015936244214751e-16,1
B2_D2_Original,B2,2,Original,full-grid,1641,24,32,86,1.0102690374590515,1.0061614477301533,-0.091009170691751518,0,0,1,UNSTABLE,3.8629013949421935e-16,2.2015936244214751e-16,1
B2_D2_Original,B2,2,Original,full-grid,1642,24,33,87,1.0100139982241996,1.0059623345728219,-0.090377309263063865,0,0,1,UNSTABLE,3.3443847841715636e-16,2.2015936244214753e-16,1
B2_D2_Original,B2,2,Original,full-grid,1643,24,34,88,1.009752673670403,1.0057541789890168,-0.08977189666402513,0,0,1,UNSTABLE,4.6360598691084928e-16,2.2015936243831527e-16,1
B2_D2_Original,B2,2,Original,full-grid,1644,24,35,89,1.0094873605500068,1.0055395029244487,-0.089191026278834781,0,0,1,UNSTABLE,3.4247140773644377e-16,2.2015936244214751e-16,1
B2_D2_Original,B2,2,Original,full-grid,1645,24,36,90,1.0092200890550789,1.0053205519383455,-0.088632815608679277,0,0,1,UNSTABLE,2.9459268611998841e-16,2.2015936244214748e-16,1
B2_D2_Original,B2,2,Original,full-grid,1646,24,37,91,1.0089526554379549,1.0050993263925401,-0.088095431212763226,0,0,1,UNSTABLE,2.9210921212872328e-16,2.2015936244214753e-16,1
B2_D2_Original,B2,2,Original,full-grid,1647,24,38,92,1.0086866522598172,1.0048776105273376,-0.087577110639629654,0,0,1,UNSTABLE,4.1216321531695449e-16,2.2015936243831527e-16,1
B2_D2_Original,B2,2,Original,full-grid,1648,24,39,93,1.0084234960384724,1.0046569991531635,-0.087076181674528449,0,0,1,UNSTABLE,2.6813071674479752e-16,2.2015936244214753e-16,1
B2_D2_Original,B2,2,Original,full-grid,1649,24,40,94,1.0081644519605655,1.0044389215921101,-0.086591079146907945,0,0,1,UNSTABLE,4.3366838514587675e-16,2.2015936244214748e-16,1
B2_D2_Original,B2,2,Original,full-grid,1650,24,41,95,1.007910655265027,1.0042246624552695,-0.08612035945916606,0,0,1,UNSTABLE,2.8819914943919029e-16,2.2015936244214756e-16,1
B2_D2_Original,B2,2,Original,full-grid,1651,24,42,96,1.0076631288986735,1.0040153788467809,-0.085662712897850365,0,0,1,UNSTABLE,3.1968097101766116e-16,2.201593624383153e-16,1
B2_D2_Original,B2,2,Original,full-grid,1652,24,43,97,1.007422797094977,1.0038121136477145,-0.08521697366590128,0,0,1,UNSTABLE,3.8817383390490556e-16,2.2015936244214753e-16,1
B2_D2_Original,B2,2,Original,full-grid,1653,24,44,98,1.0071904946378192,1.0036158046565165,-0.084782127435136398,0,0,1,UNSTABLE,3.4459964630639062e-16,2.2015936244214748e-16,1
B2_D2_Original,B2,2,Original,full-grid,1654,24,45,99,1.0069669717490484,1.0034272895517868,-0.084357316079892886,0,0,1,UNSTABLE,5.1715719791683215e-16,2.2015936244214753e-16,1
B2_D2_Original,B2,2,Original,full-grid,1655,24,46,100,1.0067528947797109,1.0032473068932188,-0.083941839143727076,0,0,1,UNSTABLE,4.0519056017141625e-16,2.201593624383153e-16,1
B2_D2_Original,B2,2,Original,full-grid,1656,24,47,101,1.0065488431807061,1.0030764936756893,-0.083535151545337277,0,0,1,UNSTABLE,2.6785399597399924e-16,2.2015936244214751e-16,1
B2_D2_Original,B2,2,Original,full-grid,1657,24,48,102,1.0063553035538646,1.0029153802717063,-0.083136857081857848,0,0,1,UNSTABLE,4.038281377360177e-16,2.2015936244214751e-16,1
B2_D2_Original,B2,2,Original,full-grid,1658,24,49,103,1.0061726618967737,1.0027643838948026,-0.082746697459877602,0,0,1,UNSTABLE,4.61107930080379e-16,2.2015936244214753e-16,1
B2_D2_Original,B2,2,Original,full-grid,1659,24,50,104,1.0060011953986141,1.0026238019356404,-0.082364536880639411,0,0,1,UNSTABLE,4.1268339302781496e-16,2.2015936243831527e-16,1
B2_D2_Original,B2,2,Original,full-grid,1660,24,51,105,1.0058410652596204,1.0024938066059768,-0.081990342597567489,0,0,1,UNSTABLE,1.9314526459059791e-16,2.2015936244214751e-16,1
B2_D2_Original,B2,2,Original,full-grid,1661,24,52,106,1.005692311946957,1.0023744422314409,-0.081624162295384384,0,0,1,UNSTABLE,3.6370631548286602e-16,2.2015936244214748e-16,1
B2_D2_Original,B2,2,Original,full-grid,1662,24,53,107,1.0055548540452093,1.0022656262493292,-0.081266099530628161,0,0,1,UNSTABLE,3.6120489147635357e-16,2.2015936244214753e-16,1
B2_D2_Original,B2,2,Original,full-grid,1663,24,54,108,1.0054284914339868,1.0021671545224666,-0.080916288740679118,0,0,1,UNSTABLE,2.3121999442083803e-16,2.2015936243831527e-16,1
B2_D2_Original,B2,2,Original,full-grid,1664,24,55,109,1.0053129129908296,1.0020787110419205,-0.080574871409581222,0,0,1,UNSTABLE,3.6979403398321056e-16,2.2015936244214753e-16,1
B2_D2_Original,B2,2,Original,full-grid,1665,24,56,110,1.0052077084671394,1.0019998815539348,-0.080241974848942785,0,0,1,UNSTABLE,2.0630943628272523e-16,2.2015936244214748e-16,1
B2_D2_Original,B2,2,Original,full-grid,1666,24,57,111,1.005112383712887,1.0019301702021486,-0.079917694734615283,0,0,1,UNSTABLE,4.9434227460278432e-16,2.2015936244214756e-16,1
B2_D2_Original,B2,2,Original,full-grid,1667,24,58,112,1.0050263781074493,1.0018690179946173,-0.079602082097638291,0,0,1,UNSTABLE,2.9110042752051675e-16,2.201593624383153e-16,1
B2_D2_Original,B2,2,Original,full-grid,1668,24,59,113,1.0049490829255892,1.0018158218160347,-0.079295134983464313,0,0,1,UNSTABLE,3.120338584469163e-16,2.2015936244214753e-16,1
B2_D2_Original,B2,2,Original,full-grid,1669,24,60,114,1.0048798594216684,1.0017699527944584,-0.078996794552062724,0,0,1,UNSTABLE,2.3963035122841203e-16,2.2015936244214748e-16,1
B2_D2_Original,B2,2,Original,full-grid,1670,24,61,115,1.0048180556122384,1.0017307730549512,-0.078706945049907648,0,0,1,UNSTABLE,2.7949774359138553e-16,2.2015936244214753e-16,1
B2_D2_Original,B2,2,Original,full-grid,1671,24,62,116,1.0047630210168266,1.0016976501873405,-0.078425416875018569,0,0,1,UNSTABLE,3.0688293845918705e-16,2.201593624383153e-16,1
B2_D2_Original,B2,2,Original,full-grid,1672,24,63,117,1.0047141189207016,1.0016699690637976,-0.078151991876934349,0,0,1,UNSTABLE,1.9661066804668865e-16,2.2015936244214751e-16,1
B2_D2_Original,B2,2,Original,full-grid,1673,24,64,118,1.0046707360023042,1.0016471409169363,-0.077886410061954583,0,0,1,UNSTABLE,2.9941762532226716e-16,2.2015936244214751e-16,1
B2_D2_Original,B2,2,Original,full-grid,1674,24,65,119,1.0046322893939086,1.0016286098054761,-0.077628376976434252,0,0,1,UNSTABLE,2.4466231484230842e-16,2.2015936244214753e-16,1
B2_D2_Original,B2,2,Original,full-grid,1675,24,66,120,1.0045982314022488,1.0016138567402653,-0.077377571184535213,0,0,1,UNSTABLE,4.7706167348262171e-16,2.2015936243831527e-16,1
B2_D2_Original,B2,2,Original,full-grid,1676,25,0,55,1.0059115642575649,1.0032919777246252,-0.072548484067631577,0,0,1,UNSTABLE,4.2346193425197579e-16,8.9162482713522608e-17,1
B2_D2_Original,B2,2,Original,full-grid,1677,25,1,56,1.0058841578413242,1.0032787423632281,-0.07235125512532331,0,0,1,UNSTABLE,2.90384117359424e-16,2.201593624383153e-16,1
B2_D2_Original,B2,2,Original,full-grid,1678,25,2,57,1.0058571940620469,1.0032659588232899,-0.072153383238479932,0,0,1,UNSTABLE,4.0922143035532687e-16,2.2015936244214751e-16,1
B2_D2_Original,B2,2,Original,full-grid,1679,25,3,58,1.0058304299305341,1.0032534102403596,-0.071954489890011741,0,0,1,UNSTABLE,2.3097385321109917e-16,2.2015936244214751e-16,1
B2_D2_Original,B2,2,Original,full-grid,1680,25,4,59,1.0058036236768209,1.0032408807691515,-0.071754195382298769,0,0,1,UNSTABLE,2.7246480391066505e-16,2.2015936244214753e-16,1
B2_D2_Original,B2,2,Original,full-grid,1681,25,5,60,1.0057765315695184,1.003228152470625,-0.071552117693236522,0,0,1,UNSTABLE,2.9144635539050557e-16,2.2015936243831527e-16,1
B2_D2_Original,B2,2,Original,full-grid,1682,25,6,61,1.0057489048119606,1.0032150022665296,-0.071347871431636678,0,0,1,UNSTABLE,2.3173520337612832e-16,2.2015936244214753e-16,1
B2_D2_Original,B2,2,Original,full-grid,1683,25,7,62,1.0057204864836735,1.0032011989274305,-0.071141066927078167,0,0,1,UNSTABLE,2.7035450801054242e-16,2.2015936244214743e-16,1
B2_D2_Original,B2,2,Original,full-grid,1684,25,8,63,1.005691008503713,1.0031865000681961,-0.070931309491217065,0,0,1,UNSTABLE,2.9556897844418296e-16,2.2015936244214756e-16,1
B2_D2_Original,B2,2,Original,full-grid,1685,25,9,64,1.0056601886023813,1.0031706491347001,-0.070718198891385628,0,0,1,UNSTABLE,2.9587101536954286e-16,2.201593624383153e-16,1
B2_D2_Original,B2,2,Original,full-grid,1686,25,10,65,1.00562772729891,1.0031533723763992,-0.070501329081289338,0,0,1,UNSTABLE,3.6503625673333512e-16,2.2015936244214753e-16,1
B2_D2_Original,B2,2,Original,full-grid,1687,25,11,66,1.0055933048962162,1.0031343758128295,-0.070280288237165978,0,0,1,UNSTABLE,2.8375789219677048e-16,2.2015936244214751e-16,1
B2_D2_Original,B2,2,Original,full-grid,1688,25,12,67,1.0055565785196325,1.0031133422177363,-0.070054659151784548,0,0,1,UNSTABLE,2.3738309029716943e-16,2.2015936244214751e-16,1
B2_D2_Original,B2,2,Original,full-grid,1689,25,13,68,1.0065701987838434,1.0007804724473606,-0.10780543143916105,0,0,1,UNSTABLE,4.1628335869105643e-16,2.201593624383153e-16,1
B2_D2_Original,B2,2,Original,full-grid,1690,25,14,69,1.0075676454884741,1.0018963920149011,-0.10675289177681063,0,0,1,UNSTABLE,4.386821554969712e-16,2.2015936244214751e-16,1
B2_D2_Original,B2,2,Original,full-grid,1691,25,15,70,1.0084164801163971,1.0028665783719948,-0.10565237032263557,0,0,1,UNSTABLE,3.3924139019485926e-16,2.2015936244214751e-16,1
B2_D2_Original,B2,2,Original,full-grid,1692,25,16,71,1.0091262809672699,1.003698361341081,-0.10452487923964364,0,0,1,UNSTABLE,3.4398919562763888e-16,2.2015936244214753e-16,1
B2_D2_Original,B2,2,Original,full-grid,1693,25,17,72,1.009708345132051,1.004401284882237,-0.10338762574029889,0,0,1,UNSTABLE,4.2053673474484276e-16,2.2015936243831527e-16,1
B2_D2_Original,B2,2,Original,full-grid,1694,25,18,73,1.0101746733363479,1.0049860351116473,-0.10225429028049735,0,0,1,UNSTABLE,2.2368627091332952e-16,2.2015936244214751e-16,1
B2_D2_Original,B2,2,Original,full-grid,1695,25,19,74,1.0105372684146046,1.0054636687239209,-0.10113546228244694,0,0,1,UNSTABLE,2.3155716106400107e-16,2.2015936244214751e-16,1
B2_D2_Original,B2,2,Original,full-grid,1696,25,20,75,1.0108076881524428,1.0058450956451566,-0.10003912232057929,0,0,1,UNSTABLE,2.9460164833795985e-16,2.2015936244214751e-16,1
B2_D2_Original,B2,2,Original,full-grid,1697,25,21,76,1.0109967871210934,1.0061407574331733,-0.098971105889413796,0,0,1,UNSTABLE,2.6788173510992053e-16,2.2015936243831527e-16,1
B2_D2_Original,B2,2,Original,full-grid,1698,25,22,77,1.0111145899356409,1.0063604466294656,-0.097935516746795306,0,0,1,UNSTABLE,6.1771413568282161e-16,2.2015936244214753e-16,1
B2_D2_Original,B2,2,Original,full-grid,1699,25,23,78,1.0111702507282323,1.0065132222258222,-0.096935078492715279,0,0,1,UNSTABLE,2.4161183675763052e-16,2.2015936244214743e-16,1
B2_D2_Original,B2,2,Original,full-grid,1700,25,24,79,1.0111720658000609,1.0066073873650296,-0.095971424687308057,0,0,1,UNSTABLE,2.801176664117673e-16,2.2015936244214756e-16,1
B2_D2_Original,B2,2,Original,full-grid,1701,25,25,80,1.0111275165494256,1.0066505050372911,-0.095045333560230136,0,0,1,UNSTABLE,4.423998685683545e-16,2.201593624383153e-16,1
B2_D2_Original,B2,2,Original,full-grid,1702,25,26,81,1.0110433274981923,1.006649435168623,-0.094156915589396928,0,0,1,UNSTABLE,2.7517369630572954e-16,2.2015936244214753e-16,1
B2_D2_Original,B2,2,Original,full-grid,1703,25,27,82,1.0109255298186872,1.0066103821840402,-0.093305762514935747,0,0,1,UNSTABLE,3.6939746228087097e-16,2.2015936244214748e-16,1
B2_D2_Original,B2,2,Original,full-grid,1704,25,28,83,1.0107795246424323,1.0065389461948206,-0.092491065673400638,0,0,1,UNSTABLE,2.4726004896846353e-16,2.2015936244214751e-16,1
B2_D2_Original,B2,2,Original,full-grid,1705,25,29,84,1.010610143043666,1.0064401737757871,-0.091711710445844724,0,0,1,UNSTABLE,2.7577062496224943e-16,2.201593624383153e-16,1
B2_D2_Original,B2,2,Original,full-grid,1706,25,30,85,1.0104217012881276,1.0063186061892435,-0.090966352413034426,0,0,1,UNSTABLE,3.9824420435996413e-16,2.2015936244214751e-16,1
B2_D2_Original,B2,2,Original,full-grid,1707,25,31,86,1.0102180509860184,1.0061783241294746,-0.090253479655866095,0,0,1,UNSTABLE,2.6740818626519057e-16,2.2015936244214751e-16,1
B2_D2_Original,B2,2,Original,full-grid,1708,25,32,87,1.0100026243809048,1.0060229887955447,-0.089571464603377851,0,0,1,UNSTABLE,2.5793743101326149e-16,2.2015936244214753e-16,1
B2_D2_Original,B2,2,Original,full-grid,1709,25,33,88,1.009778475282666,1.0058558794903587,-0.088918607944921887,0,0,1,UNSTABLE,3.1600527431222935e-16,2.2015936243831527e-16,1
B2_D2_Original,B2,2,Original,full-grid,1710,25,34,89,1.0095483162161569,1.0056799280967816,-0.088293176396197701,0,0,1,UNSTABLE,2.459647939412318e-16,2.2015936244214751e-16,1
B2_D2_Original,B2,2,Original,full-grid,1711,25,35,90,1.0093145522863503,1.0054977507786274,-0.087693435536060363,0,0,1,UNSTABLE,2.377677702516789e-16,2.2015936244214751e-16,1
B2_D2_Original,B2,2,Original,full-grid,1712,25,36,91,1.0090793121182322,1.0053116771619082,-0.087117678498200499,0,0,1,UNSTABLE,2.3165576237061412e-16,2.2015936244214751e-16,1
B2_D2_Original,B2,2,Original,full-grid,1713,25,37,92,1.0088444760622652,1.0051237771200312,-0.086564250989124916,0,0,1,UNSTABLE,2.6689333809621503e-16,2.2015936243831527e-16,1
B2_D2_Original,B2,2,Original,full-grid,1714,25,38,93,1.0086117017026228,1.00493588515788,-0.086031572886984473,0,0,1,UNSTABLE,2.7542328033478152e-16,2.2015936244214753e-16,1
B2_D2_Original,B2,2,Original,full-grid,1715,25,39,94,1.0083824465892854,1.0047496222906367,-0.08551815652957144,0,0,1,UNSTABLE,3.5369620351695072e-16,2.2015936244214743e-16,1
B2_D2_Original,B2,2,Original,full-grid,1716,25,40,95,1.0081579880547109,1.0045664152645006,-0.085022621702424417,0,0,1,UNSTABLE,3.5101103609539497e-16,2.2015936244214756e-16,1
B2_D2_Original,B2,2,Original,full-grid,1717,25,41,96,1.0079394399773569,1.0043875129762345,-0.084543707271933277,0,0,1,UNSTABLE,5.2365279362932285e-16,2.201593624383153e-16,1
B2_D2_Original,B2,2,Original,full-grid,1718,25,42,97,1.0077277664191087,1.0042140000188131,-0.084080279365977603,0,0,1,UNSTABLE,3.9960790096527908e-16,2.2015936244214753e-16,1
B2_D2_Original,B2,2,Original,full-grid,1719,25,43,98,1.0075237921852209,1.0040468074052733,-0.08363133598458293,0,0,1,UNSTABLE,4.0556223608416514e-16,2.2015936244214748e-16,1
B2_D2_Original,B2,2,Original,full-grid,1720,25,44,99,1.0073282105212049,1.0038867206891271,-0.08319600793237257,0,0,1,UNSTABLE,3.4976561434237884e-16,2.2015936244214751e-16,1
B2_D2_Original,B2,2,Original,full-grid,1721,25,45,100,1.00714158835177,1.0037343858873502,-0.08277355601319962,0,0,1,UNSTABLE,2.7554398846276131e-16,2.201593624383153e-16,1
B2_D2_Original,B2,2,Original,full-grid,1722,25,46,101,1.0069643696575592,1.0035903137953832,-0.082363364525311719,0,0,1,UNSTABLE,1.8801318108825262e-16,2.2015936244214751e-16,1
B2_D2_Original,B2,2,Original,full-grid,1723,25,47,102,1.0067968777448446,1.0034548834316648,-0.081964931244475639,0,0,1,UNSTABLE,4.4213369030134257e-16,2.2015936244214751e-16,1
B2_D2_Original,B2,2,Original,full-grid,1724,25,48,103,1.0066393172614898,1.0033283454325728,-0.081577854275621725,0,0,1,UNSTABLE,2.4266566577423932e-16,2.2015936244214753e-16,1
B2_D2_Original,B2,2,Original,full-grid,1725,25,49,104,1.0064917768216299,1.0032108262114665,-0.081201816369269611,0,0,1,UNSTABLE,3.2251188829686532e-16,2.2015936243831527e-16,1
B2_D2_Original,B2,2,Original,full-grid,1726,25,50,105,1.0063542330077291,1.0031023335865559,-0.080836567503702134,0,0,1,UNSTABLE,5.3783757383419002e-16,2.2015936244214751e-16,1
B2_D2_Original,B2,2,Original,full-grid,1727,25,51,106,1.0062265563249972,1.003002764377652,-0.080481906689958485,0,0,1,UNSTABLE,3.6559982721629677e-16,2.2015936244214751e-16,1
B2_D2_Original,B2,2,Original,full-grid,1728,25,52,107,1.0061085194111388,1.0029119141957168,-0.080137664028576583,0,0,1,UNSTABLE,2.9564559943190669e-16,2.2015936244214751e-16,1
B2_D2_Original,B2,2,Original,full-grid,1729,25,53,108,1.0059998074959802,1.0028294893449692,-0.079803684013067658,0,0,1,UNSTABLE,2.4719286019529598e-16,2.2015936243831527e-16,1
B2_D2_Original,B2,2,Original,full-grid,1730,25,54,109,1.0059000308074331,1.002755120471762,-0.079479810933700906,0,0,1,UNSTABLE,2.7679074837594925e-16,2.2015936244214753e-16,1
B2_D2_Original,B2,2,Original,full-grid,1731,25,55,110,1.0058087383796985,1.0026883773729862,-0.079165877005743665,0,0,1,UNSTABLE,4.0080898986996844e-16,2.2015936244214743e-16,1
B2_D2_Original,B2,2,Original,full-grid,1732,25,56,111,1.0057254325701985,1.0026287842498811,-0.078861693566132041,0,0,1,UNSTABLE,2.9015659110453976e-16,2.2015936244214756e-16,1
B2_D2_Original,B2,2,Original,full-grid,1733,25,57,112,1.0056495835451413,1.0025758346691593,-0.078567045394073526,0,0,1,UNSTABLE,3.5665010615822902e-16,2.201593624383153e-16,1
B2_D2_Original,B2,2,Original,full-grid,1734,25,58,113,1.0055806430453327,1.0025290055645115,-0.07828168795635887,0,0,1,UNSTABLE,3.3261571956597435e-16,2.2015936244214753e-16,1
B2_D2_Original,B2,2,Original,full-grid,1735,25,59,114,1.0055180568680033,1.0024877697499235,-0.078005347184852136,0,0,1,UNSTABLE,1.8260084513028432e-16,2.2015936244214748e-16,1
B2_D2_Original,B2,2,Original,full-grid,1736,25,60,115,1.0054612756682089,1.0024516065920717,-0.077737721276844321,0,0,1,UNSTABLE,3.6634116189914076e-16,2.2015936244214751e-16,1
B2_D2_Original,B2,2,Original,full-grid,1737,25,61,116,1.0054097638613857,1.0024200106692729,-0.077478483965693318,0,0,1,UNSTABLE,3.3833198410471511e-16,2.201593624383153e-16,1
B2_D2_Original,B2,2,Original,full-grid,1738,25,62,117,1.0053630065731134,1.002392498406343,-0.077227288728919846,0,0,1,UNSTABLE,3.424321612486284e-16,2.2015936244214751e-16,1
B2_D2_Original,B2,2,Original,full-grid,1739,25,63,118,1.0053205147150144,1.0023686128018277,-0.076983773462992219,0,0,1,UNSTABLE,4.1478417633998329e-16,2.2015936244214751e-16,1
B2_D2_Original,B2,2,Original,full-grid,1740,25,64,119,1.005281828360906,1.0023479264516826,-0.076747565242542018,0,0,1,UNSTABLE,6.1899037275954851e-16,2.2015936244214753e-16,1
B2_D2_Original,B2,2,Original,full-grid,1741,25,65,120,1.0052465186540755,1.0023300431223654,-0.076518284876596343,0,0,1,UNSTABLE,2.2345353206964849e-16,2.2015936243831527e-16,1
B2_D2_Original,B2,2,Original,full-grid,1742,25,66,121,1.0052141885010848,1.0023145981434289,-0.076295551066042661,0,0,1,UNSTABLE,3.3575286056238901e-16,2.2015936244214751e-16,1
B2_D2_Original,B2,2,Original,full-grid,1743,26,0,56,1.0063340912100227,1.0037806489931091,-0.071642946885755454,0,0,1,UNSTABLE,2.9187864610081765e-16,8.9162482713063651e-17,1
B2_D2_Original,B2,2,Original,full-grid,1744,26,1,57,1.0063008265099234,1.0037597537430605,-0.071468246097306745,0,0,1,UNSTABLE,2.3885912700045073e-16,2.2015936244214751e-16,1
B2_D2_Original,B2,2,Original,full-grid,1745,26,2,58,1.006267636104204,1.0037389742552316,-0.07129254541533743,0,0,1,UNSTABLE,3.0835613578764754e-16,2.2015936244214748e-16,1
B2_D2_Original,B2,2,Original,full-grid,1746,26,3,59,1.0062343089703771,1.0037181216836339,-0.071115516963389844,0,0,1,UNSTABLE,2.4877743049123324e-16,2.2015936244214751e-16,1
B2_D2_Original,B2,2,Original,full-grid,1747,26,4,60,1.0062006317138792,1.0036970047969,-0.070936829807519794,0,0,1,UNSTABLE,2.3936859610331056e-16,2.2015936243831527e-16,1
B2_D2_Original,B2,2,Original,full-grid,1748,26,5,61,1.0061663860510563,1.0036754275258448,-0.070756148848394054,0,0,1,UNSTABLE,2.543425153995824e-16,2.2015936244214753e-16,1
B2_D2_Original,B2,2,Original,full-grid,1749,26,6,62,1.0061313463031896,1.0036531865135125,-0.070573133805585622,0,0,1,UNSTABLE,2.7041739586416028e-16,2.2015936244214748e-16,1
B2_D2_Original,B2,2,Original,full-grid,1750,26,7,63,1.0060952768790423,1.0036300686436077,-0.070387438316395379,0,0,1,UNSTABLE,2.6985067799229088e-16,2.2015936244214756e-16,1
B2_D2_Original,B2,2,Original,full-grid,1751,26,8,64,1.0060579297294927,1.0036058485290467,-0.070198709175350052,0,0,1,UNSTABLE,4.2950115877119829e-16,2.2015936243831535e-16,1
B2_D2_Original,B2,2,Original,full-grid,1752,26,9,65,1.0060190417654082,1.0035802859497402,-0.070006585744683172,0,0,1,UNSTABLE,3.2431140724063824e-16,2.2015936244214753e-16,1
B2_D2_Original,B2,2,Original,full-grid,1753,26,10,66,1.0059783322388567,1.0035531232373991,-0.069810699570573412,0,0,1,UNSTABLE,3.2262009438359216e-16,2.2015936244214743e-16,1
B2_D2_Original,B2,2,Original,full-grid,1754,26,11,67,1.0059355000982566,1.0035240826154448,-0.069610674244397985,0,0,1,UNSTABLE,1.7788532921046109e-16,2.2015936244214753e-16,1
B2_D2_Original,B2,2,Original,full-grid,1755,26,12,68,1.0058902213412031,1.0034928635150666,-0.069406125552335801,0,0,1,UNSTABLE,1.5418458940212233e-16,2.201593624383153e-16,1
B2_D2_Original,B2,2,Original,full-grid,1756,26,13,69,1.0058421464042362,1.0034591399039676,-0.069196661959016262,0,0,1,UNSTABLE,3.6396558936790847e-16,2.2015936244214751e-16,1
B2_D2_Original,B2,2,Original,full-grid,1757,26,14,70,1.0066678742805824,1.0010987673899914,-0.10574245617927691,0,0,1,UNSTABLE,3.2101838901369493e-16,2.2015936244214753e-16,1
B2_D2_Original,B2,2,Original,full-grid,1758,26,15,71,1.00755464761878,1.0021066071317355,-0.10463611174506456,0,0,1,UNSTABLE,2.3492957409575673e-16,2.2015936244214753e-16,1
B2_D2_Original,B2,2,Original,full-grid,1759,26,16,72,1.0083020346282707,1.0029760088306801,-0.10349936591878232,0,0,1,UNSTABLE,2.1537438190182954e-16,2.2015936243831527e-16,1
B2_D2_Original,B2,2,Original,full-grid,1760,26,17,73,1.0089210261556776,1.0037161621779185,-0.10234990377062261,0,0,1,UNSTABLE,1.8105908696516766e-16,2.2015936244214751e-16,1
B2_D2_Original,B2,2,Original,full-grid,1761,26,18,74,1.0094234519990093,1.0043375383219724,-0.10120185059057357,0,0,1,UNSTABLE,2.396984155537182e-16,2.2015936244214748e-16,1
B2_D2_Original,B2,2,Original,full-grid,1762,26,19,75,1.0098212388500343,1.0048510792502117,-0.1000661929040092,0,0,1,UNSTABLE,5.2063085329107473e-16,2.2015936244214751e-16,1
B2_D2_Original,B2,2,Original,full-grid,1763,26,20,76,1.0101259318765317,1.0052676493172139,-0.098951258130832345,0,0,1,UNSTABLE,2.3626720545487086e-16,2.2015936243831527e-16,1
B2_D2_Original,B2,2,Original,full-grid,1764,26,21,77,1.0103484140638019,1.0055976905907822,-0.097863182452470623,0,0,1,UNSTABLE,3.6330133574855639e-16,2.2015936244214753e-16,1
B2_D2_Original,B2,2,Original,full-grid,1765,26,22,78,1.0104987641666041,1.0058510260534537,-0.096806331246715685,0,0,1,UNSTABLE,4.0652716308958398e-16,2.2015936244214748e-16,1
B2_D2_Original,B2,2,Original,full-grid,1766,26,23,79,1.010586206305085,1.0060367642987438,-0.095783658592777612,0,0,1,UNSTABLE,4.5898033778953597e-16,2.2015936244214756e-16,1
B2_D2_Original,B2,2,Original,full-grid,1767,26,24,80,1.0106191166151062,1.006163270406133,-0.094797004981869173,0,0,1,UNSTABLE,3.4383003200382833e-16,2.2015936243831535e-16,1
B2_D2_Original,B2,2,Original,full-grid,1768,26,25,81,1.0106050628043173,1.0062381775604381,-0.093847338723942228,0,0,1,UNSTABLE,3.0957182689136895e-16,2.2015936244214753e-16,1
B2_D2_Original,B2,2,Original,full-grid,1769,26,26,82,1.0105508604829658,1.0062684218713716,-0.092934949116906584,0,0,1,UNSTABLE,4.8679451047750376e-16,2.2015936244214748e-16,1
B2_D2_Original,B2,2,Original,full-grid,1770,26,27,83,1.0104626359544573,1.006260288753321,-0.092059599923707949,0,0,1,UNSTABLE,2.7530322392833958e-16,2.2015936244214753e-16,1
B2_D2_Original,B2,2,Original,full-grid,1771,26,28,84,1.0103458892100812,1.0062194634632746,-0.091220651123467847,0,0,1,UNSTABLE,3.3705064659269124e-16,2.201593624383153e-16,1
B2_D2_Original,B2,2,Original,full-grid,1772,26,29,85,1.0102055536200329,1.0061510813445014,-0.090417155861305151,0,0,1,UNSTABLE,3.9772222965621227e-16,2.2015936244214751e-16,1
B2_D2_Original,B2,2,Original,full-grid,1773,26,30,86,1.0100460506161548,1.0060597753196803,-0.089647938342199432,0,0,1,UNSTABLE,2.6139104327270321e-16,2.2015936244214753e-16,1
B2_D2_Original,B2,2,Original,full-grid,1774,26,31,87,1.009871338798042,1.0059497194835394,-0.088911657260103735,0,0,1,UNSTABLE,2.9608089687400018e-16,2.2015936244214753e-16,1
B2_D2_Original,B2,2,Original,full-grid,1775,26,32,88,1.009684957563354,1.0058246684577781,-0.088206858302021268,0,0,1,UNSTABLE,3.8670777584769675e-16,2.2015936243831527e-16,1
B2_D2_Original,B2,2,Original,full-grid,1776,26,33,89,1.0094900657090102,1.0056879926342392,-0.087532018350409094,0,0,1,UNSTABLE,2.736733647318508e-16,2.2015936244214751e-16,1
B2_D2_Original,B2,2,Original,full-grid,1777,26,34,90,1.0092894755765376,1.0055427096525276,-0.086885583235738667,0,0,1,UNSTABLE,1.7822828017633899e-16,2.2015936244214748e-16,1
B2_D2_Original,B2,2,Original,full-grid,1778,26,35,91,1.0090856833020807,1.0053915125181592,-0.086266000264735673,0,0,1,UNSTABLE,1.8456841430297535e-16,2.2015936244214751e-16,1
B2_D2_Original,B2,2,Original,full-grid,1779,26,36,92,1.0088808956416679,1.0052367947322409,-0.085671746259690304,0,0,1,UNSTABLE,3.191448946946244e-16,2.2015936243831527e-16,1
B2_D2_Original,B2,2,Original,full-grid,1780,26,37,93,1.0086770537252121,1.005080672726288,-0.085101351480730905,0,0,1,UNSTABLE,2.8203371626949551e-16,2.2015936244214753e-16,1
B2_D2_Original,B2,2,Original,full-grid,1781,26,38,94,1.008475853987524,1.0049250058179964,-0.08455341954980912,0,0,1,UNSTABLE,4.1965468082407656e-16,2.2015936244214748e-16,1
B2_D2_Original,B2,2,Original,full-grid,1782,26,39,95,1.0082787664576431,1.0047714138542245,-0.084026643338463117,0,0,1,UNSTABLE,2.8527972660617639e-16,2.2015936244214756e-16,1
B2_D2_Original,B2,2,Original,full-grid,1783,26,40,96,1.0080870505753734,1.004621292704333,-0.083519816707357211,0,0,1,UNSTABLE,2.5007360247551655e-16,2.2015936243831535e-16,1
B2_D2_Original,B2,2,Original,full-grid,1784,26,41,97,1.0079017687471326,1.0044758278130679,-0.083031841981557122,0,0,1,UNSTABLE,2.9841449053106775e-16,2.2015936244214753e-16,1
B2_D2_Original,B2,2,Original,full-grid,1785,26,42,98,1.0077237979439173,1.0043360061101425,-0.082561733104634244,0,0,1,UNSTABLE,2.7856557049842926e-16,2.2015936244214748e-16,1
B2_D2_Original,B2,2,Original,full-grid,1786,26,43,99,1.0075538397611055,1.0042026266832573,-0.082108614528525206,0,0,1,UNSTABLE,2.264337652038687e-16,2.2015936244214753e-16,1
B2_D2_Original,B2,2,Original,full-grid,1787,26,44,100,1.0073924294762995,1.0040763107266875,-0.081671716056695418,0,0,1,UNSTABLE,2.3585416828023892e-16,2.201593624383153e-16,1
B2_D2_Original,B2,2,Original,full-grid,1788,26,45,101,1.007239944725107,1.0039575113476285,-0.081250364051572418,0,0,1,UNSTABLE,2.5031733403084053e-16,2.2015936244214751e-16,1
B2_D2_Original,B2,2,Original,full-grid,1789,26,46,102,1.0070966144391271,1.003846523822399,-0.080843969623203463,0,0,1,UNSTABLE,3.2054064079259045e-16,2.2015936244214753e-16,1
B2_D2_Original,B2,2,Original,full-grid,1790,26,47,103,1.0069625286345012,1.0037434968256131,-0.080452014606712113,0,0,1,UNSTABLE,2.9303949049504835e-16,2.2015936244214753e-16,1
B2_D2_Original,B2,2,Original,full-grid,1791,26,48,104,1.0068376495005549,1.0036484450073824,-0.080074036279342495,0,0,1,UNSTABLE,2.7229273369251199e-16,2.2015936243831527e-16,1
B2_D2_Original,B2,2,Original,full-grid,1792,26,49,105,1.0067218240284677,1.0035612630807738,-0.079709611835254726,0,0,1,UNSTABLE,2.9966801834290425e-16,2.2015936244214751e-16,1
B2_D2_Original,B2,2,Original,full-grid,1793,26,50,106,1.0066147981710236,1.0034817413369472,-0.07935834360833606,0,0,1,UNSTABLE,3.689770007279593e-16,2.2015936244214748e-16,1
B2_D2_Original,B2,2,Original,full-grid,1794,26,51,107,1.0065162322747199,1.0034095822670763,-0.079019845906641059,0,0,1,UNSTABLE,3.3291298964273532e-16,2.2015936244214751e-16,1
B2_D2_Original,B2,2,Original,full-grid,1795,26,52,108,1.0064257173169919,1.0033444177790438,-0.078693734113038663,0,0,1,UNSTABLE,3.6899142705676864e-16,2.2015936243831527e-16,1
B2_D2_Original,B2,2,Original,full-grid,1796,26,53,109,1.0063427913461804,1.0032858263826903,-0.078379616444739064,0,0,1,UNSTABLE,3.5338274020567653e-16,2.2015936244214753e-16,1
B2_D2_Original,B2,2,Original,full-grid,1797,26,54,110,1.0062669554753423,1.0032333496921515,-0.078077088490028049,0,0,1,UNSTABLE,3.0045317489814386e-16,2.2015936244214748e-16,1
B2_D2_Original,B2,2,Original,full-grid,1798,26,55,111,1.0061976888226469,1.0031865076542705,-0.077785730391020436,0,0,1,UNSTABLE,5.8146494528240834e-16,2.2015936244214756e-16,1
B2_D2_Original,B2,2,Original,full-grid,1799,26,56,112,1.006134461901008,1.0031448120362056,-0.077505106345817518,0,0,1,UNSTABLE,3.4463833685056476e-16,2.2015936243831535e-16,1
B2_D2_Original,B2,2,Original,full-grid,1800,26,57,113,1.0060767481132944,1.0031077778675814,-0.077234765978697911,0,0,1,UNSTABLE,2.5610392163473318e-16,2.2015936244214753e-16,1
B2_D2_Original,B2,2,Original,full-grid,1801,26,58,114,1.0060240331758123,1.0030749327018644,-0.076974247073149996,0,0,1,UNSTABLE,4.4238837254407107e-16,2.2015936244214748e-16,1
B2_D2_Original,B2,2,Original,full-grid,1802,26,59,115,1.0059758224486395,1.0030458237158211,-0.076723079170914157,0,0,1,UNSTABLE,4.1848610592740685e-16,2.2015936244214753e-16,1
B2_D2_Original,B2,2,Original,full-grid,1803,26,60,116,1.0059316462786709,1.0030200227881934,-0.076480787593285901,0,0,1,UNSTABLE,2.7848017689786455e-16,2.201593624383153e-16,1
B2_D2_Original,B2,2,Original,full-grid,1804,26,61,117,1.0058910635528937,1.0029971297835014,-0.07624689752133916,0,0,1,UNSTABLE,2.7417360982987881e-16,2.2015936244214751e-16,1
B2_D2_Original,B2,2,Original,full-grid,1805,26,62,118,1.0058536637134194,1.0029767743134905,-0.076020937861976556,0,0,1,UNSTABLE,3.2516485623147563e-16,2.2015936244214753e-16,1
B2_D2_Original,B2,2,Original,full-grid,1806,26,63,119,1.0058190675077388,1.0029586162636093,-0.075802444714686071,0,0,1,UNSTABLE,4.0966316204575137e-16,2.2015936244214753e-16,1
B2_D2_Original,B2,2,Original,full-grid,1807,26,64,120,1.0057869267438613,1.0029423453620623,-0.075590964331108748,0,0,1,UNSTABLE,4.0812220962462794e-16,2.2015936243831527e-16,1
B2_D2_Original,B2,2,Original,full-grid,1808,26,65,121,1.0057569232992898,1.0029276800434532,-0.075386055521630704,0,0,1,UNSTABLE,4.0832844767434103e-16,2.2015936244214751e-16,1
B2_D2_Original,B2,2,Original,full-grid,1809,26,66,122,1.005728767601231,1.0029143658239534,-0.075187291510122267,0,0,1,UNSTABLE,3.7773774166916974e-16,2.2015936244214748e-16,1
B2_D2_Original,B2,2,Original,full-grid,1810,27,0,57,1.0066849224032339,1.004197538339882,-0.070723666379267927,0,0,1,UNSTABLE,3.3329286439660282e-16,8.9162482713522584e-17,1
B2_D2_Original,B2,2,Original,full-grid,1811,27,1,58,1.0066486375092634,1.0041720294132066,-0.070569219518273982,0,0,1,UNSTABLE,3.1379448400619574e-16,2.2015936244214477e-16,1
B2_D2_Original,B2,2,Original,full-grid,1812,27,2,59,1.006612104718996,1.0041463301527156,-0.070413613794778077,0,0,1,UNSTABLE,1.9016248166884073e-16,2.2015936244214477e-16,1
B2_D2_Original,B2,2,Original,full-grid,1813,27,3,60,1.00657513506097,1.0041202708175234,-0.070256560237128118,0,0,1,UNSTABLE,3.8678283158932766e-16,2.2015936243831527e-16,1
B2_D2_Original,B2,2,Original,full-grid,1814,27,4,61,1.0065375349320236,1.0040936771284867,-0.070097765853333563,0,0,1,UNSTABLE,3.0610363465585373e-16,2.2015936244214753e-16,1
B2_D2_Original,B2,2,Original,full-grid,1815,27,5,62,1.0064991039840832,1.0040663682179622,-0.069936932548931935,0,0,1,UNSTABLE,2.9267991659489208e-16,2.2015936244214748e-16,1
B2_D2_Original,B2,2,Original,full-grid,1816,27,6,63,1.0064596329864033,1.0040381545479518,-0.069773756119827654,0,0,1,UNSTABLE,3.9706703269485708e-16,2.2015936244214756e-16,1
B2_D2_Original,B2,2,Original,full-grid,1817,27,7,64,1.006418901645167,1.0040088357774493,-0.069607925335233661,0,0,1,UNSTABLE,2.9453553447383344e-16,2.2015936243831535e-16,1
B2_D2_Original,B2,2,Original,full-grid,1818,27,8,65,1.0063766763675768,1.003978198564857,-0.069439121128619039,0,0,1,UNSTABLE,2.4340369446472647e-16,2.2015936244214756e-16,1
B2_D2_Original,B2,2,Original,full-grid,1819,27,9,66,1.0063327079629427,1.0039460142963774,-0.069267015919898201,0,0,1,UNSTABLE,2.8975806082510734e-16,2.2015936244214751e-16,1
B2_D2_Original,B2,2,Original,full-grid,1820,27,10,67,1.0062867292809177,1.0039120367387784,-0.06909127309497555,0,0,1,UNSTABLE,3.3309765044600047e-16,2.2015936244214753e-16,1
B2_D2_Original,B2,2,Original,full-grid,1821,27,11,68,1.006238452795484,1.0038759996230759,-0.06891154667412118,0,0,1,UNSTABLE,3.2006139283551577e-16,2.2015936243831527e-16,1
B2_D2_Original,B2,2,Original,full-grid,1822,27,12,69,1.0061875681542571,1.0038376141764869,-0.068727481203930157,0,0,1,UNSTABLE,1.8682575991068686e-16,2.2015936244214748e-16,1
B2_D2_Original,B2,2,Original,full-grid,1823,27,13,70,1.0061337397258696,1.0037965666330724,-0.068538711911005398,0,0,1,UNSTABLE,3.3224983851902247e-16,2.2015936244214753e-16,1
B2_D2_Original,B2,2,Original,full-grid,1824,27,14,71,1.0060766041939591,1.0037525157692708,-0.068344865156848331,0,0,1,UNSTABLE,3.1649525641932054e-16,2.2015936244214753e-16,1
B2_D2_Original,B2,2,Original,full-grid,1825,27,15,72,1.0066890646074007,1.001334218037413,-0.10369501717790496,0,0,1,UNSTABLE,2.5759261394081074e-16,2.2015936243831527e-16,1
B2_D2_Original,B2,2,Original,full-grid,1826,27,16,73,1.0074714705083945,1.0022386123935934,-0.10255012294342503,0,0,1,UNSTABLE,3.4789002015550743e-16,2.2015936244214751e-16,1
B2_D2_Original,B2,2,Original,full-grid,1827,27,17,74,1.0081248131325438,1.0030133838074677,-0.10138930296939565,0,0,1,UNSTABLE,2.43588246679688e-16,2.2015936244214748e-16,1
B2_D2_Original,B2,2,Original,full-grid,1828,27,18,75,1.0086607458973278,1.0036687781720626,-0.10022716217050709,0,0,1,UNSTABLE,4.2565382382269972e-16,2.2015936244214748e-16,1
B2_D2_Original,B2,2,Original,full-grid,1829,27,19,76,1.0090911223942944,1.0042156219053144,-0.099075113001700799,0,0,1,UNSTABLE,3.4328129890303758e-16,2.2015936243831527e-16,1
B2_D2_Original,B2,2,Original,full-grid,1830,27,20,77,1.0094274833033761,1.0046647388996153,-0.09794185244294315,0,0,1,UNSTABLE,3.9533267780877773e-16,2.2015936244214753e-16,1
B2_D2_Original,B2,2,Original,full-grid,1831,27,21,78,1.0096807508762211,1.0050265803299712,-0.096833834583856443,0,0,1,UNSTABLE,3.0774053382096257e-16,2.2015936244214748e-16,1
B2_D2_Original,B2,2,Original,full-grid,1832,27,22,79,1.0098610700213901,1.0053110100051812,-0.095755699084230317,0,0,1,UNSTABLE,5.0008735141300123e-16,2.2015936244214756e-16,1
B2_D2_Original,B2,2,Original,full-grid,1833,27,23,80,1.0099777470279026,1.0055271971631967,-0.09471063961711905,0,0,1,UNSTABLE,2.6001576191843143e-16,2.2015936243831535e-16,1
B2_D2_Original,B2,2,Original,full-grid,1834,27,24,81,1.010039249591359,1.005683579776258,-0.093700710154654462,0,0,1,UNSTABLE,3.3918678408440902e-16,2.2015936244214753e-16,1
B2_D2_Original,B2,2,Original,full-grid,1835,27,25,82,1.0100532426114606,1.0057878716009854,-0.092727073987513176,0,0,1,UNSTABLE,4.3813729591755671e-16,2.2015936244214748e-16,1
B2_D2_Original,B2,2,Original,full-grid,1836,27,26,83,1.0100266425838955,1.0058470943950089,-0.091790203324834438,0,0,1,UNSTABLE,3.8796310520382537e-16,2.2015936244214753e-16,1
B2_D2_Original,B2,2,Original,full-grid,1837,27,27,84,1.0099656794938916,1.005867622874858,-0.09089003799999526,0,0,1,UNSTABLE,3.8257337733793879e-16,2.201593624383153e-16,1
B2_D2_Original,B2,2,Original,full-grid,1838,27,28,85,1.0098759593771649,1.0058552344187524,-0.090026111325248404,0,0,1,UNSTABLE,3.05529751406326e-16,2.2015936244214748e-16,1
B2_D2_Original,B2,2,Original,full-grid,1839,27,29,86,1.0097625236073222,1.0058151586109609,-0.089197650138530274,0,0,1,UNSTABLE,3.544953482677034e-16,2.2015936244214753e-16,1
B2_D2_Original,B2,2,Original,full-grid,1840,27,30,87,1.0096299028818627,1.005752123830959,-0.088403654917400001,0,0,1,UNSTABLE,3.2082359811083082e-16,2.2015936244214753e-16,1
B2_D2_Original,B2,2,Original,full-grid,1841,27,31,88,1.0094821651047936,1.0056703994887384,-0.087642964673857127,0,0,1,UNSTABLE,2.8953554823159111e-16,2.2015936243831527e-16,1
B2_D2_Original,B2,2,Original,full-grid,1842,27,32,89,1.0093229571131419,1.0055738334034632,-0.086914310270989142,0,0,1,UNSTABLE,4.1194281141291391e-16,2.2015936244214751e-16,1
B2_D2_Original,B2,2,Original,full-grid,1843,27,33,90,1.0091555406178412,1.0054658843669557,-0.086216358852963693,0,0,1,UNSTABLE,2.0880311897489378e-16,2.2015936244214748e-16,1
B2_D2_Original,B2,2,Original,full-grid,1844,27,34,91,1.0089828229344944,1.0053496502363137,-0.085547751265493535,0,0,1,UNSTABLE,3.3614289117897402e-16,2.2015936244214748e-16,1
B2_D2_Original,B2,2,Original,full-grid,1845,27,35,92,1.0088073831472357,1.0052278920445972,-0.084907133669376009,0,0,1,UNSTABLE,3.4260648119979832e-16,2.2015936243831527e-16,1
B2_D2_Original,B2,2,Original,full-grid,1846,27,36,93,1.0086314943413515,1.0051030546694761,-0.084293184014816197,0,0,1,UNSTABLE,3.4940905615651344e-16,2.2015936244214753e-16,1
B2_D2_Original,B2,2,Original,full-grid,1847,27,37,94,1.008457142506197,1.0049772846076648,-0.083704633649333157,0,0,1,UNSTABLE,3.4602526270228059e-16,2.2015936244214748e-16,1
B2_D2_Original,B2,2,Original,full-grid,1848,27,38,95,1.0082860426845186,1.004852445405062,-0.083140284073808218,0,0,1,UNSTABLE,2.9059974682850491e-16,2.2015936244214756e-16,1
B2_D2_Original,B2,2,Original,full-grid,1849,27,39,96,1.0081196529480672,1.0047301313107784,-0.082599018737256308,0,0,1,UNSTABLE,5.9960936413384533e-16,2.2015936243831535e-16,1
B2_D2_Original,B2,2,Original,full-grid,1850,27,40,97,1.0079591868170084,1.0046116797639246,-0.082079809762881692,0,0,1,UNSTABLE,2.0966638459253954e-16,2.2015936244214753e-16,1
B2_D2_Original,B2,2,Original,full-grid,1851,27,41,98,1.0078056247996443,1.0044981833744171,-0.081581719614735884,0,0,1,UNSTABLE,3.6045376851882326e-16,2.2015936244214748e-16,1
B2_D2_Original,B2,2,Original,full-grid,1852,27,42,99,1.007659725783939,1.0043905020998567,-0.081103897924581392,0,0,1,UNSTABLE,2.3745715865888364e-16,2.2015936244214753e-16,1
B2_D2_Original,B2,2,Original,full-grid,1853,27,43,100,1.007522039027853,1.004289276317063,-0.080645573972736445,0,0,1,UNSTABLE,3.03429947809854e-16,2.201593624383153e-16,1
B2_D2_Original,B2,2,Original,full-grid,1854,27,44,101,1.0073929174401257,1.0041949414112457,-0.080206045611243143,0,0,1,UNSTABLE,3.9545276014279249e-16,2.2015936244214748e-16,1
B2_D2_Original,B2,2,Original,full-grid,1855,27,45,102,1.0072725326944845,1.0041077443395323,-0.079784665682934353,0,0,1,UNSTABLE,3.8245414035183662e-16,2.2015936244214753e-16,1
B2_D2_Original,B2,2,Original,full-grid,1856,27,46,103,1.0071608924790492,1.0040277623733513,-0.079380827173543902,0,0,1,UNSTABLE,3.8215867382332736e-16,2.2015936244214753e-16,1
B2_D2_Original,B2,2,Original,full-grid,1857,27,47,104,1.0070578598743316,1.0039549239143404,-0.078993948393657018,0,0,1,UNSTABLE,3.4867117480694862e-16,2.2015936243831527e-16,1
B2_D2_Original,B2,2,Original,full-grid,1858,27,48,105,1.0069631745229743,1.0038890309576192,-0.078623459402129448,0,0,1,UNSTABLE,3.3485092626738762e-16,2.2015936244214751e-16,1
B2_D2_Original,B2,2,Original,full-grid,1859,27,49,106,1.0068764749611463,1.0038297825024616,-0.07826879065914015,0,0,1,UNSTABLE,4.2894733234494163e-16,2.2015936244214748e-16,1
B2_D2_Original,B2,2,Original,full-grid,1860,27,50,107,1.0067973212757311,1.0037767980310288,-0.077929364571789089,0,0,1,UNSTABLE,2.6209712023471623e-16,2.2015936244214748e-16,1
B2_D2_Original,B2,2,Original,full-grid,1861,27,51,108,1.006725217168376,1.0037296401219269,-0.077604590221333494,0,0,1,UNSTABLE,3.1852107208731955e-16,2.2015936243831527e-16,1
B2_D2_Original,B2,2,Original,full-grid,1862,27,52,109,1.0066596305519806,1.0036878353370253,-0.077293861202078984,0,0,1,UNSTABLE,2.8750773404774458e-16,2.2015936244214753e-16,1
B2_D2_Original,B2,2,Original,full-grid,1863,27,53,110,1.006600011958527,1.0036508926948542,-0.076996556206944386,0,0,1,UNSTABLE,3.6686799642312908e-16,2.2015936244214748e-16,1
B2_D2_Original,B2,2,Original,full-grid,1864,27,54,111,1.0065458102602229,1.003618319280646,-0.076712041797229374,0,0,1,UNSTABLE,2.9744341545345331e-16,2.2015936244214756e-16,1
B2_D2_Original,B2,2,Original,full-grid,1865,27,55,112,1.0064964854547531,1.0035896327973379,-0.076439676703098994,0,0,1,UNSTABLE,4.942486312402015e-16,2.2015936243831535e-16,1
B2_D2_Original,B2,2,Original,full-grid,1866,27,56,113,1.0064515184986405,1.0035643710934188,-0.076178817003744514,0,0,1,UNSTABLE,3.6238176913985872e-16,2.2015936244214753e-16,1
B2_D2_Original,B2,2,Original,full-grid,1867,27,57,114,1.0064104183632119,1.0035420988871979,-0.075928821610063063,0,0,1,UNSTABLE,2.8564567295264578e-16,2.2015936244214748e-16,1
B2_D2_Original,B2,2,Original,full-grid,1868,27,58,115,1.0063727266210658,1.0035224120308583,-0.075689057587518732,0,0,1,UNSTABLE,4.5418066088340046e-16,2.2015936244214753e-16,1
B2_D2_Original,B2,2,Original,full-grid,1869,27,59,116,1.0063380199456653,1.0035049397219544,-0.075458904986744887,0,0,1,UNSTABLE,3.1159592875422171e-16,2.201593624383153e-16,1
B2_D2_Original,B2,2,Original,full-grid,1870,27,60,117,1.006305910931236,1.0034893450848026,-0.075237760974250972,0,0,1,UNSTABLE,3.9672494285503401e-16,2.2015936244214748e-16,1
B2_D2_Original,B2,2,Original,full-grid,1871,27,61,118,1.0062760476261163,1.0034753245219816,-0.075025043162543908,0,0,1,UNSTABLE,2.9613904385196386e-16,2.2015936244214753e-16,1
B2_D2_Original,B2,2,Original,full-grid,1872,27,62,119,1.0062481121340905,1.0034626061912948,-0.074820192122148063,0,0,1,UNSTABLE,5.1004664710876176e-16,2.2015936244214753e-16,1
B2_D2_Original,B2,2,Original,full-grid,1873,27,63,120,1.0062218185854692,1.0034509479064675,-0.074622673116558708,0,0,1,UNSTABLE,2.6047980687744998e-16,2.2015936243831527e-16,1
B2_D2_Original,B2,2,Original,full-grid,1874,27,64,121,1.006196910723604,1.0034401347011253,-0.074431977138270197,0,0,1,UNSTABLE,2.9779322143290935e-16,2.2015936244214751e-16,1
B2_D2_Original,B2,2,Original,full-grid,1875,27,65,122,1.0061731592978387,1.0034299762396337,-0.074247621343190975,0,0,1,UNSTABLE,4.3016167790061287e-16,2.2015936244214748e-16,1
B2_D2_Original,B2,2,Original,full-grid,1876,27,66,123,1.0061503594053767,1.0034203042095196,-0.074069148986902228,0,0,1,UNSTABLE,5.0772054719367071e-16,2.2015936244214748e-16,1
B2_D2_Original,B2,2,Original,full-grid,1877,28,0,58,1.0069698380808565,1.0045478260137575,-0.069799140794281775,0,0,1,UNSTABLE,3.2111048491217865e-16,8.9162482713056872e-17,1
B2_D2_Original,B2,2,Original,full-grid,1878,28,1,59,1.0069325122750672,1.0045198846406675,-0.069662655979213159,0,0,1,UNSTABLE,3.4263522991390703e-16,2.2015936244214477e-16,1
B2_D2_Original,B2,2,Original,full-grid,1879,28,2,60,1.0068946887619337,1.0044915086680786,-0.069524983068812912,0,0,1,UNSTABLE,3.8260407855436644e-16,2.2015936243831527e-16,1
B2_D2_Original,B2,2,Original,full-grid,1880,28,3,61,1.0068561943037304,1.0044625416406268,-0.06938586634642227,0,0,1,UNSTABLE,2.4689253177031919e-16,2.2015936244214753e-16,1
B2_D2_Original,B2,2,Original,full-grid,1881,28,4,62,1.0068168495308929,1.0044328211251621,-0.069245045641263769,0,0,1,UNSTABLE,2.3510325310074664e-16,2.2015936244214748e-16,1
B2_D2_Original,B2,2,Original,full-grid,1882,28,5,63,1.0067764670877859,1.0044021769171825,-0.069102255287279563,0,0,1,UNSTABLE,3.7973759996888681e-16,2.2015936244214756e-16,1
B2_D2_Original,B2,2,Original,full-grid,1883,28,6,64,1.0067348497302548,1.0043704291936457,-0.068957223137031495,0,0,1,UNSTABLE,3.0044834021195296e-16,2.2015936243831527e-16,1
B2_D2_Original,B2,2,Original,full-grid,1884,28,7,65,1.0066917883592914,1.0043373865957634,-0.068809669640396573,0,0,1,UNSTABLE,3.1727968182139617e-16,2.2015936244214753e-16,1
B2_D2_Original,B2,2,Original,full-grid,1885,28,8,66,1.0066470599790782,1.0043028442291568,-0.068659307000200606,0,0,1,UNSTABLE,3.3462282712805932e-16,2.2015936244214748e-16,1
B2_D2_Original,B2,2,Original,full-grid,1886,28,9,67,1.0066004255723136,1.0042665815731202,-0.068505838421277665,0,0,1,UNSTABLE,3.5983667769547071e-16,2.2015936244214751e-16,1
B2_D2_Original,B2,2,Original,full-grid,1887,28,10,68,1.0065516278913083,1.0042283602961337,-0.068348957472527033,0,0,1,UNSTABLE,3.6472639536729676e-16,2.201593624383153e-16,1
B2_D2_Original,B2,2,Original,full-grid,1888,28,11,69,1.0065003891707023,1.0041879219819307,-0.068188347585103323,0,0,1,UNSTABLE,4.7034468640758563e-16,2.2015936244214751e-16,1
B2_D2_Original,B2,2,Original,full-grid,1889,28,12,70,1.0064464087766698,1.004144985779214,-0.068023681713927545,0,0,1,UNSTABLE,3.0766286149506884e-16,2.2015936244214751e-16,1
B2_D2_Original,B2,2,Original,full-grid,1890,28,13,71,1.0063893608186805,1.0040992459992397,-0.06785462219179178,0,0,1,UNSTABLE,3.3042846835055511e-16,2.2015936244214756e-16,1
B2_D2_Original,B2,2,Original,full-grid,1891,28,14,72,1.006328891763719,1.0040503696992649,-0.067680820807408448,0,0,1,UNSTABLE,3.089416766436862e-16,2.2015936243831527e-16,1
B2_D2_Original,B2,2,Original,full-grid,1892,28,15,73,1.0062646181094577,1.0039979943065593,-0.067501919138487382,0,0,1,UNSTABLE,2.497244105133956e-16,2.2015936244214751e-16,1
B2_D2_Original,B2,2,Original,full-grid,1893,28,16,74,1.0066424267726837,1.0014949828684097,-0.10166993000982057,0,0,1,UNSTABLE,3.6129026025925337e-16,2.2015936244214748e-16,1
B2_D2_Original,B2,2,Original,full-grid,1894,28,17,75,1.0073277876596258,1.0023019300201028,-0.10049931775496408,0,0,1,UNSTABLE,2.3124897935034306e-16,2.2015936244214751e-16,1
B2_D2_Original,B2,2,Original,full-grid,1895,28,18,76,1.0078948364742291,1.0029888653957038,-0.099324404270310057,0,0,1,UNSTABLE,3.8857074939235108e-16,2.2015936243831527e-16,1
B2_D2_Original,B2,2,Original,full-grid,1896,28,19,77,1.0083553517630723,1.0035664939384152,-0.098157056156885428,0,0,1,UNSTABLE,2.9889106116375923e-16,2.2015936244214753e-16,1
B2_D2_Original,B2,2,Original,full-grid,1897,28,20,78,1.0087208749362839,1.0040456012300938,-0.097006361558000159,0,0,1,UNSTABLE,3.7001804855887735e-16,2.2015936244214748e-16,1
B2_D2_Original,B2,2,Original,full-grid,1898,28,21,79,1.0090023770469774,1.00443665482485,-0.095879107894868615,0,0,1,UNSTABLE,3.541245403776355e-16,2.2015936244214756e-16,1
B2_D2_Original,B2,2,Original,full-grid,1899,28,22,80,1.0092100811521696,1.0047495697617861,-0.094780219258421658,0,0,1,UNSTABLE,3.44209258822714e-16,2.2015936243831527e-16,1
B2_D2_Original,B2,2,Original,full-grid,1900,28,23,81,1.0093533890147284,1.0049935881741261,-0.093713134855325828,0,0,1,UNSTABLE,3.7675300071615575e-16,2.2015936244214753e-16,1
B2_D2_Original,B2,2,Original,full-grid,1901,28,24,82,1.0094408738312497,1.005177234223281,-0.092680124948299442,0,0,1,UNSTABLE,3.2318749778253673e-16,2.2015936244214748e-16,1
B2_D2_Original,B2,2,Original,full-grid,1902,28,25,83,1.0094803118998488,1.0053083160942609,-0.09168254853099371,0,0,1,UNSTABLE,7.168528071963836e-16,2.2015936244214751e-16,1
B2_D2_Original,B2,2,Original,full-grid,1903,28,26,84,1.0094787348846781,1.0053939553190321,-0.090721060357133773,0,0,1,UNSTABLE,2.5615692996913593e-16,2.201593624383153e-16,1
B2_D2_Original,B2,2,Original,full-grid,1904,28,27,85,1.0094424907227868,1.0054406301311922,-0.089795775836141442,0,0,1,UNSTABLE,2.0171155857405009e-16,2.2015936244214751e-16,1
B2_D2_Original,B2,2,Original,full-grid,1905,28,28,86,1.0093773056982918,1.0054542241973745,-0.088906401920212971,0,0,1,UNSTABLE,3.1977094882205909e-16,2.2015936244214751e-16,1
B2_D2_Original,B2,2,Original,full-grid,1906,28,29,87,1.0092883432578363,1.0054400753183188,-0.08805234113890173,0,0,1,UNSTABLE,3.0549153607355448e-16,2.2015936244214756e-16,1
B2_D2_Original,B2,2,Original,full-grid,1907,28,30,88,1.0091802571674415,1.0054030209141005,-0.087232774765819143,0,0,1,UNSTABLE,3.2522528600327031e-16,2.2015936243831527e-16,1
B2_D2_Original,B2,2,Original,full-grid,1908,28,31,89,1.0090572379262048,1.0053474385991756,-0.086446729916974066,0,0,1,UNSTABLE,3.9623187574193038e-16,2.2015936244214751e-16,1
B2_D2_Original,B2,2,Original,full-grid,1909,28,32,90,1.0089230521839039,1.0052772811354469,-0.085693134269951815,0,0,1,UNSTABLE,3.2378517815910538e-16,2.2015936244214748e-16,1
B2_D2_Original,B2,2,Original,full-grid,1910,28,33,91,1.0087810754190389,1.005196105687014,-0.084970861095165495,0,0,1,UNSTABLE,3.2023651187753391e-16,2.2015936244214751e-16,1
B2_D2_Original,B2,2,Original,full-grid,1911,28,34,92,1.0086343184372313,1.0051070977064707,-0.084278766420806894,0,0,1,UNSTABLE,3.6464603221577198e-16,2.2015936243831527e-16,1
B2_D2_Original,B2,2,Original,full-grid,1912,28,35,93,1.0084854484315766,1.0050130900457808,-0.083615719424455601,0,0,1,UNSTABLE,3.5747536759854198e-16,2.2015936244214753e-16,1
B2_D2_Original,B2,2,Original,full-grid,1913,28,36,94,1.0083368054704491,1.0049165780702571,-0.08298062656978962,0,0,1,UNSTABLE,3.3602013863849763e-16,2.2015936244214748e-16,1
B2_D2_Original,B2,2,Original,full-grid,1914,28,37,95,1.0081904153856087,1.004819731704059,-0.082372449602941461,0,0,1,UNSTABLE,3.4186266808556589e-16,2.2015936244214756e-16,1
B2_D2_Original,B2,2,Original,full-grid,1915,28,38,96,1.0080480001494971,1.0047244054755649,-0.081790217307288832,0,0,1,UNSTABLE,2.8851820108412783e-16,2.2015936243831527e-16,1
B2_D2_Original,B2,2,Original,full-grid,1916,28,39,97,1.0079109869527776,1.004632147759156,-0.081233030898443623,0,0,1,UNSTABLE,2.9027718207535324e-16,2.2015936244214753e-16,1
B2_D2_Original,B2,2,Original,full-grid,1917,28,40,98,1.0077805172971661,1.0045442105035898,-0.080700063119326343,0,0,1,UNSTABLE,2.1528203423583887e-16,2.2015936244214748e-16,1
B2_D2_Original,B2,2,Original,full-grid,1918,28,41,99,1.0076574574574362,1.00446156075231,-0.080190551442288663,0,0,1,UNSTABLE,2.7084881098242417e-16,2.2015936244214751e-16,1
B2_D2_Original,B2,2,Original,full-grid,1919,28,42,100,1.0075424115851537,1.004384895148031,-0.079703786241971997,0,0,1,UNSTABLE,3.759115082608563e-16,2.201593624383153e-16,1
B2_D2_Original,B2,2,Original,full-grid,1920,28,43,101,1.0074357384797632,1.0043146583343705,-0.079239095281195604,0,0,1,UNSTABLE,2.3828960974147248e-16,2.2015936244214751e-16,1
B2_D2_Original,B2,2,Original,full-grid,1921,28,44,102,1.0073375726278004,1.0042510657172015,-0.078795826244378586,0,0,1,UNSTABLE,3.7623879853328122e-16,2.2015936244214751e-16,1
B2_D2_Original,B2,2,Original,full-grid,1922,28,45,103,1.0072478495432731,1.0041941304702076,-0.078373329256399019,0,0,1,UNSTABLE,4.2038354591053584e-16,2.2015936244214756e-16,1
B2_D2_Original,B2,2,Original,full-grid,1923,28,46,104,1.0071663348159396,1.0041436940519528,-0.077970941268344612,0,0,1,UNSTABLE,2.8272281481461115e-16,2.2015936243831527e-16,1
B2_D2_Original,B2,2,Original,full-grid,1924,28,47,105,1.007092655706233,1.0040994589625249,-0.077587973865784296,0,0,1,UNSTABLE,4.6725227576800661e-16,2.2015936244214751e-16,1
B2_D2_Original,B2,2,Original,full-grid,1925,28,48,106,1.0070263337275762,1.0040610221134478,-0.077223705513930402,0,0,1,UNSTABLE,3.1210384211162714e-16,2.2015936244214748e-16,1
B2_D2_Original,B2,2,Original,full-grid,1926,28,49,107,1.0069668165064682,1.0040279070841507,-0.076877378606396818,0,0,1,UNSTABLE,3.220504448962072e-16,2.2015936244214751e-16,1
B2_D2_Original,B2,2,Original,full-grid,1927,28,50,108,1.0069135073222892,1.0039995936967432,-0.076548201055597745,0,0,1,UNSTABLE,3.7476370837530189e-16,2.2015936243831527e-16,1
B2_D2_Original,B2,2,Original,full-grid,1928,28,51,109,1.00686579105702,1.0039755437047395,-0.076235351666082599,0,0,1,UNSTABLE,3.3454331448317226e-16,2.2015936244214753e-16,1
B2_D2_Original,B2,2,Original,full-grid,1929,28,52,110,1.0068230557425566,1.0039552218691767,-0.075937988229812375,0,0,1,UNSTABLE,2.6002049772007394e-16,2.2015936244214748e-16,1
B2_D2_Original,B2,2,Original,full-grid,1930,28,53,111,1.0067847093795503,1.0039381121863336,-0.075655257188157077,0,0,1,UNSTABLE,3.0068613480540346e-16,2.2015936244214756e-16,1
B2_D2_Original,B2,2,Original,full-grid,1931,28,54,112,1.0067501921339914,1.0039237294552787,-0.075386303785455744,0,0,1,UNSTABLE,2.8050512944682883e-16,2.2015936243831527e-16,1
B2_D2_Original,B2,2,Original,full-grid,1932,28,55,113,1.0067189843417614,1.0039116266811461,-0.075130281834441343,0,0,1,UNSTABLE,3.1526487662621997e-16,2.2015936244214753e-16,1
B2_D2_Original,B2,2,Original,full-grid,1933,28,56,114,1.0066906109509972,1.0039013989899037,-0.074886362463444225,0,0,1,UNSTABLE,2.8798872208869917e-16,2.2015936244214748e-16,1
B2_D2_Original,B2,2,Original,full-grid,1934,28,57,115,1.0066646431144157,1.0038926847935195,-0.074653741465066661,0,0,1,UNSTABLE,3.9314621506122338e-16,2.2015936244214751e-16,1
B2_D2_Original,B2,2,Original,full-grid,1935,28,58,116,1.0066406976362381,1.0038851649206717,-0.074431645083040135,0,0,1,UNSTABLE,3.8971168745778989e-16,2.201593624383153e-16,1
B2_D2_Original,B2,2,Original,full-grid,1936,28,59,117,1.0066184349095737,1.0038785603471778,-0.074219334240326146,0,0,1,UNSTABLE,2.5982918341888419e-16,2.2015936244214751e-16,1
B2_D2_Original,B2,2,Original,full-grid,1937,28,60,118,1.0065975558801723,1.0038726290523472,-0.074016107324453295,0,0,1,UNSTABLE,3.5834265790774799e-16,2.2015936244214751e-16,1
B2_D2_Original,B2,2,Original,full-grid,1938,28,61,119,1.0065777984620397,1.0038671624125364,-0.073821301712235374,0,0,1,UNSTABLE,2.5826081053395118e-16,2.2015936244214756e-16,1
B2_D2_Original,B2,2,Original,full-grid,1939,28,62,120,1.0065589337253622,1.0038619814364378,-0.073634294244237064,0,0,1,UNSTABLE,2.8312769751543781e-16,2.2015936243831527e-16,1
B2_D2_Original,B2,2,Original,full-grid,1940,28,63,121,1.0065407620846667,1.0038569330542688,-0.07345450086181525,0,0,1,UNSTABLE,6.0826258588706884e-16,2.2015936244214751e-16,1
B2_D2_Original,B2,2,Original,full-grid,1941,28,64,122,1.0065231096397853,1.0038518865990256,-0.073281375604721186,0,0,1,UNSTABLE,4.2549463756943696e-16,2.2015936244214748e-16,1
B2_D2_Original,B2,2,Original,full-grid,1942,28,65,123,1.0065058247633392,1.0038467305610692,-0.073114409143352502,0,0,1,UNSTABLE,2.85524466201605e-16,2.2015936244214751e-16,1
B2_D2_Original,B2,2,Original,full-grid,1943,28,66,124,1.0064887749847742,1.0038413696557464,-0.072953126992791037,0,0,1,UNSTABLE,3.5769395327069263e-16,2.2015936243831527e-16,1
B2_D2_Original,B2,2,Original,full-grid,1944,29,0,59,1.0071949292407434,1.0048371717867925,-0.068875857045745725,0,0,1,UNSTABLE,2.6815153970073053e-16,8.9162482713522584e-17,1
B2_D2_Original,B2,2,Original,full-grid,1945,29,1,60,1.0071578924979925,1.0048083130551835,-0.068755177522817762,0,0,1,UNSTABLE,3.2813095233423093e-16,2.201593624383153e-16,1
B2_D2_Original,B2,2,Original,full-grid,1946,29,2,61,1.0071201822960232,1.0047788432022968,-0.068633358077754128,0,0,1,UNSTABLE,4.0993035169674886e-16,2.2015936244214756e-16,1
B2_D2_Original,B2,2,Original,full-grid,1947,29,3,62,1.0070816378860239,1.0047486160979164,-0.068510173087785856,0,0,1,UNSTABLE,3.588931920902348e-16,2.2015936244214751e-16,1
B2_D2_Original,B2,2,Original,full-grid,1948,29,4,63,1.0070420913905869,1.0047174786645008,-0.068385392434170314,0,0,1,UNSTABLE,2.3475574327240499e-16,2.2015936244214753e-16,1
B2_D2_Original,B2,2,Original,full-grid,1949,29,5,64,1.007001366125309,1.0046852692557886,-0.068258780524282789,0,0,1,UNSTABLE,4.0888155704692574e-16,2.2015936243831535e-16,1
B2_D2_Original,B2,2,Original,full-grid,1950,29,6,65,1.0069592748536123,1.0046518159647007,-0.068130095351039546,0,0,1,UNSTABLE,2.7516792327039078e-16,2.2015936244214756e-16,1
B2_D2_Original,B2,2,Original,full-grid,1951,29,7,66,1.0069156179603986,1.0046169348457057,-0.067999087595282906,0,0,1,UNSTABLE,2.9055712487766119e-16,2.2015936244214751e-16,1
B2_D2_Original,B2,2,Original,full-grid,1952,29,8,67,1.0068701815326504,1.0045804280391835,-0.067865499778634042,0,0,1,UNSTABLE,3.5199719964624032e-16,2.2015936244214753e-16,1
B2_D2_Original,B2,2,Original,full-grid,1953,29,9,68,1.0068227353386641,1.0045420817886639,-0.067729065478025957,0,0,1,UNSTABLE,2.8262972791428339e-16,2.201593624383153e-16,1
B2_D2_Original,B2,2,Original,full-grid,1954,29,10,69,1.0067730307021121,1.0045016643462137,-0.067589508614892518,0,0,1,UNSTABLE,2.6885193054897498e-16,2.2015936244214751e-16,1
B2_D2_Original,B2,2,Original,full-grid,1955,29,11,70,1.0067207982726225,1.0044589237665129,-0.067446542835676554,0,0,1,UNSTABLE,1.4478055184836777e-16,2.2015936244214753e-16,1
B2_D2_Original,B2,2,Original,full-grid,1956,29,12,71,1.0066657457024777,1.0044135855979868,-0.067299871002262937,0,0,1,UNSTABLE,1.9444784798068303e-16,2.2015936244214753e-16,1
B2_D2_Original,B2,2,Original,full-grid,1957,29,13,72,1.0066075552477514,1.0043653504879129,-0.06714918481371647,0,0,1,UNSTABLE,3.8968996921785184e-16,2.2015936243831527e-16,1
B2_D2_Original,B2,2,Original,full-grid,1958,29,14,73,1.0065458813246397,1.0043138917309231,-0.066994164580830656,0,0,1,UNSTABLE,2.1616342900826078e-16,2.2015936244214751e-16,1
B2_D2_Original,B2,2,Original,full-grid,1959,29,15,74,1.0064803480658411,1.0042588528044012,-0.066834479175981745,0,0,1,UNSTABLE,2.9002312925699933e-16,2.2015936244214748e-16,1
B2_D2_Original,B2,2,Original,full-grid,1960,29,16,75,1.0064105469397713,1.0041998449525547,-0.066669786176908996,0,0,1,UNSTABLE,3.2225373825028928e-16,2.2015936244214751e-16,1
B2_D2_Original,B2,2,Original,full-grid,1961,29,17,76,1.0065367766312945,1.0015895489855891,-0.099672754924106058,0,0,1,UNSTABLE,2.5115050268656862e-16,2.201593624383153e-16,1
B2_D2_Original,B2,2,Original,full-grid,1962,29,18,77,1.0071328657296972,1.0023058001559979,-0.098487015421104995,0,0,1,UNSTABLE,2.7581113963745637e-16,2.2015936244214753e-16,1
B2_D2_Original,B2,2,Original,full-grid,1963,29,19,78,1.0076213448076616,1.0029119108717541,-0.097306081739876121,0,0,1,UNSTABLE,3.5315341270973342e-16,2.2015936244214751e-16,1
B2_D2_Original,B2,2,Original,full-grid,1964,29,20,79,1.0080137545489023,1.0034186238155258,-0.096139454647565029,0,0,1,UNSTABLE,2.5624819718064909e-16,2.2015936244214753e-16,1
B2_D2_Original,B2,2,Original,full-grid,1965,29,21,80,1.0083211193062469,1.0038364251528569,-0.094994269171015971,0,0,1,UNSTABLE,3.7562737259907149e-16,2.2015936243831535e-16,1
B2_D2_Original,B2,2,Original,full-grid,1966,29,22,81,1.008553748506182,1.004175287860245,-0.093875741683700678,0,0,1,UNSTABLE,4.3667440225236236e-16,2.2015936244214753e-16,1
B2_D2_Original,B2,2,Original,full-grid,1967,29,23,82,1.0087211499941227,1.004444536681528,-0.092787559382149526,0,0,1,UNSTABLE,3.0532276228849939e-16,2.2015936244214748e-16,1
B2_D2_Original,B2,2,Original,full-grid,1968,29,24,83,1.0088320147517749,1.0046527938502527,-0.091732206977739275,0,0,1,UNSTABLE,3.8789325687903599e-16,2.2015936244214753e-16,1
B2_D2_Original,B2,2,Original,full-grid,1969,29,25,84,1.0088942441374738,1.0048079756137795,-0.090711234126002238,0,0,1,UNSTABLE,3.2067214598095061e-16,2.201593624383153e-16,1
B2_D2_Original,B2,2,Original,full-grid,1970,29,26,85,1.0089149999920848,1.0049173185223355,-0.089725470981809927,0,0,1,UNSTABLE,2.7225222548240711e-16,2.2015936244214751e-16,1
B2_D2_Original,B2,2,Original,full-grid,1971,29,27,86,1.0089007646872552,1.0049874212048913,-0.088775200402311766,0,0,1,UNSTABLE,2.9326570354337338e-16,2.2015936244214753e-16,1
B2_D2_Original,B2,2,Original,full-grid,1972,29,28,87,1.0088574029151107,1.0050242922305932,-0.087860295031471622,0,0,1,UNSTABLE,3.1204092739600996e-16,2.2015936244214753e-16,1
B2_D2_Original,B2,2,Original,full-grid,1973,29,29,88,1.0087902202304813,1.0050333980645734,-0.086980326553996914,0,0,1,UNSTABLE,2.8663492003414983e-16,2.2015936243831527e-16,1
B2_D2_Original,B2,2,Original,full-grid,1974,29,30,89,1.0087040154904856,1.0050197074597316,-0.086134653213356158,0,0,1,UNSTABLE,2.7361929136472175e-16,2.2015936244214751e-16,1
B2_D2_Original,B2,2,Original,full-grid,1975,29,31,90,1.0086031257309858,1.0049877302021879,-0.085322490454562139,0,0,1,UNSTABLE,2.0180489777609723e-16,2.2015936244214748e-16,1
B2_D2_Original,B2,2,Original,full-grid,1976,29,32,91,1.0084914629227515,1.0049415491893525,-0.08454296837097601,0,0,1,UNSTABLE,2.5365784258416313e-16,2.2015936244214751e-16,1
B2_D2_Original,B2,2,Original,full-grid,1977,29,33,92,1.0083725426447219,1.0048848455480366,-0.083795178546740429,0,0,1,UNSTABLE,2.7530149467376414e-16,2.201593624383153e-16,1
B2_D2_Original,B2,2,Original,full-grid,1978,29,34,93,1.0082495051309623,1.0048209170303417,-0.08307821191584161,0,0,1,UNSTABLE,4.1190707045991637e-16,2.2015936244214753e-16,1
B2_D2_Original,B2,2,Original,full-grid,1979,29,35,94,1.0081251294902307,1.0047526903564721,-0.082391188431325119,0,0,1,UNSTABLE,3.5422373346919489e-16,2.2015936244214751e-16,1
B2_D2_Original,B2,2,Original,full-grid,1980,29,36,95,1.0080018422338164,1.0046827285770004,-0.081733278692592601,0,0,1,UNSTABLE,3.7841791655233516e-16,2.2015936244214753e-16,1
B2_D2_Original,B2,2,Original,full-grid,1981,29,37,96,1.007881721616138,1.0046132349382448,-0.081103717268848463,0,0,1,UNSTABLE,4.527025165018881e-16,2.2015936243831535e-16,1
B2_D2_Original,B2,2,Original,full-grid,1982,29,38,97,1.0077664996910882,1.0045460551486114,-0.080501807339903517,0,0,1,UNSTABLE,2.5824619895512582e-16,2.2015936244214753e-16,1
B2_D2_Original,B2,2,Original,full-grid,1983,29,39,98,1.0076575643640222,1.0044826803083529,-0.079926916496141309,0,0,1,UNSTABLE,3.1892449102581351e-16,2.2015936244214748e-16,1
B2_D2_Original,B2,2,Original,full-grid,1984,29,40,99,1.0075559639706524,1.0044242529777934,-0.07937846409973405,0,0,1,UNSTABLE,4.2014663088243721e-16,2.2015936244214753e-16,1
B2_D2_Original,B2,2,Original,full-grid,1985,29,41,100,1.0074624169065443,1.0043715787932876,-0.078855901437081433,0,0,1,UNSTABLE,2.7744463341195351e-16,2.201593624383153e-16,1
B2_D2_Original,B2,2,Original,full-grid,1986,29,42,101,1.007377328439838,1.0043251455842745,-0.078358686829930038,0,0,1,UNSTABLE,4.5339509976740222e-16,2.2015936244214751e-16,1
B2_D2_Original,B2,2,Original,full-grid,1987,29,43,102,1.0073008160126522,1.0042851510640751,-0.07788625868510464,0,0,1,UNSTABLE,2.0993657947946273e-16,2.2015936244214753e-16,1
B2_D2_Original,B2,2,Original,full-grid,1988,29,44,103,1.0072327431429133,1.0042515389493785,-0.077438009898261634,0,0,1,UNSTABLE,3.6868160620105341e-16,2.2015936244214753e-16,1
B2_D2_Original,B2,2,Original,full-grid,1989,29,45,104,1.0071727606853036,1.0042240420283646,-0.07701326690038221,0,0,1,UNSTABLE,3.3735178340330916e-16,2.2015936243831527e-16,1
B2_D2_Original,B2,2,Original,full-grid,1990,29,46,105,1.0071203529957904,1.0042022295444084,-0.076611275908998008,0,0,1,UNSTABLE,2.0729422452342572e-16,2.2015936244214751e-16,1
B2_D2_Original,B2,2,Original,full-grid,1991,29,47,106,1.0070748857599192,1.0041855555703081,-0.076231197762502048,0,0,1,UNSTABLE,3.0609609051148745e-16,2.2015936244214748e-16,1
B2_D2_Original,B2,2,Original,full-grid,1992,29,48,107,1.007035652067914,1.0041734049726663,-0.075872111354899144,0,0,1,UNSTABLE,2.5081509145811358e-16,2.2015936244214751e-16,1
B2_D2_Original,B2,2,Original,full-grid,1993,29,49,108,1.0070019137498727,1.0041651340841684,-0.075533024470294127,0,0,1,UNSTABLE,2.9434349188121645e-16,2.201593624383153e-16,1
B2_D2_Original,B2,2,Original,full-grid,1994,29,50,109,1.0069729358580179,1.0041601041320838,-0.075212889985415976,0,0,1,UNSTABLE,3.1226167092599117e-16,2.2015936244214753e-16,1
B2_D2_Original,B2,2,Original,full-grid,1995,29,51,110,1.0069480132459003,1.0041577065537486,-0.074910625071356693,0,0,1,UNSTABLE,3.7535389536649971e-16,2.2015936244214751e-16,1
B2_D2_Original,B2,2,Original,full-grid,1996,29,52,111,1.0069264891984389,1.0041573803204926,-0.074625131138103651,0,0,1,UNSTABLE,3.7680954343290433e-16,2.2015936244214753e-16,1
B2_D2_Original,B2,2,Original,full-grid,1997,29,53,112,1.0069077668394062,1.0041586221289402,-0.074355312692694214,0,0,1,UNSTABLE,2.4872624794624046e-16,2.2015936243831535e-16,1
B2_D2_Original,B2,2,Original,full-grid,1998,29,54,113,1.0068913145137217,1.0041609907451501,-0.074100093852095303,0,0,1,UNSTABLE,3.0046200554794105e-16,2.2015936244214753e-16,1
B2_D2_Original,B2,2,Original,full-grid,1999,29,55,114,1.0068766665269804,1.0041641069291862,-0.073858431824632892,0,0,1,UNSTABLE,3.9692954355554362e-16,2.2015936244214748e-16,1
B2_D2_Original,B2,2,Original,full-grid,2000,29,56,115,1.0068634205904554,1.0041676502986063,-0.073629327152214555,0,0,1,UNSTABLE,3.5532835164313938e-16,2.2015936244214753e-16,1
B2_D2_Original,B2,2,Original,full-grid,2001,29,57,116,1.0068512331498283,1.0041713542947743,-0.073411830852589219,0,0,1,UNSTABLE,2.5309581764263505e-16,2.201593624383153e-16,1
B2_D2_Original,B2,2,Original,full-grid,2002,29,58,117,1.0068398135435228,1.0041750001690157,-0.073205048814357743,0,0,1,UNSTABLE,3.6993493022674528e-16,2.2015936244214751e-16,1
B2_D2_Original,B2,2,Original,full-grid,2003,29,59,118,1.0068289176963259,1.0041784106591711,-0.073008143898993419,0,0,1,UNSTABLE,3.756565552951423e-16,2.2015936244214753e-16,1
B2_D2_Original,B2,2,Original,full-grid,2004,29,60,119,1.0068183418379006,1.0041814438103374,-0.072820336226950416,0,0,1,UNSTABLE,2.5978822555076656e-16,2.2015936244214753e-16,1
B2_D2_Original,B2,2,Original,full-grid,2005,29,61,120,1.0068079165586512,1.0041839872194935,-0.072640902094702836,0,0,1,UNSTABLE,2.7360515086474046e-16,2.2015936243831527e-16,1
B2_D2_Original,B2,2,Original,full-grid,2006,29,62,121,1.0067975013809045,1.0041859528538393,-0.072469171913710911,0,0,1,UNSTABLE,3.7182880802446859e-16,2.2015936244214751e-16,1
B2_D2_Original,B2,2,Original,full-grid,2007,29,63,122,1.0067869799266629,1.0041872725012926,-0.072304527494931978,0,0,1,UNSTABLE,3.1525144837613863e-16,2.2015936244214748e-16,1
B2_D2_Original,B2,2,Original,full-grid,2008,29,64,123,1.0067762556983222,1.0041878938518165,-0.072146398935678369,0,0,1,UNSTABLE,4.9155698964270251e-16,2.2015936244214751e-16,1
B2_D2_Original,B2,2,Original,full-grid,2009,29,65,124,1.0067652484481091,1.0041877771720826,-0.071994261305850279,0,0,1,UNSTABLE,3.7217689858584942e-16,2.201593624383153e-16,1
B2_D2_Original,B2,2,Original,full-grid,2010,29,66,125,1.006753891089021,1.0041868925168165,-0.071847631278310869,0,0,1,UNSTABLE,3.1097393709400887e-16,2.2015936244214753e-16,1
B2_D2_Original,B2,2,Original,full-grid,2011,30,0,60,1.0073661941994749,1.005071277671183,-0.067958634597452244,0,0,1,UNSTABLE,3.636977590182194e-16,8.9162482713063627e-17,1
B2_D2_Original,B2,2,Original,full-grid,2012,30,1,61,1.0073303035795789,1.0050425227434303,-0.067851809019715756,0,0,1,UNSTABLE,2.0975656556129367e-16,2.2015936244214753e-16,1
B2_D2_Original,B2,2,Original,full-grid,2013,30,2,62,1.0072936283074778,1.0050130413026472,-0.067743932868166282,0,0,1,UNSTABLE,3.23969602955837e-16,2.2015936244214748e-16,1
B2_D2_Original,B2,2,Original,full-grid,2014,30,3,63,1.0072560187877282,1.0049826964222581,-0.067634808168216237,0,0,1,UNSTABLE,3.6431624532627347e-16,2.2015936244214753e-16,1
B2_D2_Original,B2,2,Original,full-grid,2015,30,4,64,1.0072173176977617,1.0049513436324617,-0.067524232698964404,0,0,1,UNSTABLE,2.8943116972830855e-16,2.2015936243831527e-16,1
B2_D2_Original,B2,2,Original,full-grid,2016,30,5,65,1.0071773584405024,1.004918829424758,-0.067411999100772016,0,0,1,UNSTABLE,5.5001583014914705e-16,2.2015936244214753e-16,1
B2_D2_Original,B2,2,Original,full-grid,2017,30,6,66,1.0071359635155515,1.0048849896722414,-0.067297894007300268,0,0,1,UNSTABLE,5.1956129899488241e-16,2.2015936244214748e-16,1
B2_D2_Original,B2,2,Original,full-grid,2018,30,7,67,1.0070929427945732,1.0048496479510667,-0.067181697204302768,0,0,1,UNSTABLE,2.5664621640742136e-16,2.2015936244214751e-16,1
B2_D2_Original,B2,2,Original,full-grid,2019,30,8,68,1.0070480916880375,1.0048126137498707,-0.067063180819815979,0,0,1,UNSTABLE,3.4471751345325149e-16,2.201593624383153e-16,1
B2_D2_Original,B2,2,Original,full-grid,2020,30,9,69,1.0070011891928405,1.0047736805561427,-0.066942108552522944,0,0,1,UNSTABLE,3.8965797999025582e-16,2.2015936244214743e-16,1
B2_D2_Original,B2,2,Original,full-grid,2021,30,10,70,1.0069519958138755,1.0047326238120338,-0.066818234946259158,0,0,1,UNSTABLE,2.527463990961551e-16,2.2015936244214751e-16,1
B2_D2_Original,B2,2,Original,full-grid,2022,30,11,71,1.0069002513562266,1.0046891987354898,-0.066691304721616912,0,0,1,UNSTABLE,4.4312644060150645e-16,2.2015936244214753e-16,1
B2_D2_Original,B2,2,Original,full-grid,2023,30,12,72,1.0068456725911514,1.0046431380090608,-0.066561052176443231,0,0,1,UNSTABLE,3.040064766487737e-16,2.2015936243831527e-16,1
B2_D2_Original,B2,2,Original,full-grid,2024,30,13,73,1.0067879508056716,1.0045941493453001,-0.066427200668675301,0,0,1,UNSTABLE,3.327698037347293e-16,2.2015936244214751e-16,1
B2_D2_Original,B2,2,Original,full-grid,2025,30,14,74,1.0067267492556298,1.0045419129477515,-0.066289462194829743,0,0,1,UNSTABLE,2.5033312816979408e-16,2.2015936244214748e-16,1
B2_D2_Original,B2,2,Original,full-grid,2026,30,15,75,1.0066617005541343,1.0044860788986651,-0.066147537076797144,0,0,1,UNSTABLE,3.29234369407012e-16,2.2015936244214751e-16,1
B2_D2_Original,B2,2,Original,full-grid,2027,30,16,76,1.0065924040423944,1.0044262645199666,-0.066001113765700559,0,0,1,UNSTABLE,3.0430980615467222e-16,2.2015936243831527e-16,1
B2_D2_Original,B2,2,Original,full-grid,2028,30,17,77,1.0065184232084523,1.0043620517728811,-0.065849868766743355,0,0,1,UNSTABLE,2.9869766378835454e-16,2.2015936244214753e-16,1
B2_D2_Original,B2,2,Original,full-grid,2029,30,18,78,1.00643928324141,1.0042929847844406,-0.065693466678523355,0,0,1,UNSTABLE,2.9278207858985953e-16,2.2015936244214748e-16,1
B2_D2_Original,B2,2,Original,full-grid,2030,30,19,79,1.0068953900315651,1.002258976677638,-0.096515647104040161,0,0,1,UNSTABLE,3.3633347341117177e-16,2.2015936244214753e-16,1
B2_D2_Original,B2,2,Original,full-grid,2031,30,20,80,1.0073127450607899,1.0027911938585512,-0.095335134560379189,0,0,1,UNSTABLE,3.7320810150747799e-16,2.2015936243831527e-16,1
B2_D2_Original,B2,2,Original,full-grid,2032,30,21,81,1.0076438968622072,1.0032335244100636,-0.094173873146519288,0,0,1,UNSTABLE,2.7180605030596438e-16,2.2015936244214753e-16,1
B2_D2_Original,B2,2,Original,full-grid,2033,30,22,82,1.0078992425098006,1.0035959989486207,-0.093037379295366041,0,0,1,UNSTABLE,3.6934298573229761e-16,2.2015936244214748e-16,1
B2_D2_Original,B2,2,Original,full-grid,2034,30,23,83,1.0080884002899635,1.0038880283430303,-0.091929589081648222,0,0,1,UNSTABLE,3.8652609378547099e-16,2.2015936244214751e-16,1
B2_D2_Original,B2,2,Original,full-grid,2035,30,24,84,1.0082201855732431,1.004118339270367,-0.090853196632068201,0,0,1,UNSTABLE,3.8041161400985084e-16,2.201593624383153e-16,1
B2_D2_Original,B2,2,Original,full-grid,2036,30,25,85,1.0083026333677758,1.0042949648967778,-0.089809932297997955,0,0,1,UNSTABLE,3.822368260356199e-16,2.2015936244214743e-16,1
B2_D2_Original,B2,2,Original,full-grid,2037,30,26,86,1.0083430464151306,1.0044252681756043,-0.088800787744883522,0,0,1,UNSTABLE,3.4718860782285546e-16,2.2015936244214751e-16,1
B2_D2_Original,B2,2,Original,full-grid,2038,30,27,87,1.0083480548183448,1.0045159823808056,-0.087826196533065171,0,0,1,UNSTABLE,2.0941105170040839e-16,2.2015936244214753e-16,1
B2_D2_Original,B2,2,Original,full-grid,2039,30,28,88,1.0083236781839069,1.0045732586302529,-0.086886178597737354,0,0,1,UNSTABLE,1.8776029137158e-16,2.2015936243831527e-16,1
B2_D2_Original,B2,2,Original,full-grid,2040,30,29,89,1.0082753846351113,1.0046027137266584,-0.085980456117163817,0,0,1,UNSTABLE,4.7820927086317344e-16,2.2015936244214751e-16,1
B2_D2_Original,B2,2,Original,full-grid,2041,30,30,90,1.008208143278847,1.0046094740720479,-0.085108547035322751,0,0,1,UNSTABLE,2.2714815062371375e-16,2.2015936244214748e-16,1
B2_D2_Original,B2,2,Original,full-grid,2042,30,31,91,1.0081264681452689,1.004598213038068,-0.084269841199414428,0,0,1,UNSTABLE,2.9682534307232064e-16,2.2015936244214751e-16,1
B2_D2_Original,B2,2,Original,full-grid,2043,30,32,92,1.0080344525501859,1.0045731802730926,-0.083463662777026965,0,0,1,UNSTABLE,2.4524559911527937e-16,2.2015936243831527e-16,1
B2_D2_Original,B2,2,Original,full-grid,2044,30,33,93,1.007935793465266,1.0045382222094468,-0.08268932137065263,0,0,1,UNSTABLE,2.3119754533418084e-16,2.2015936244214753e-16,1
B2_D2_Original,B2,2,Original,full-grid,2045,30,34,94,1.0078338059918324,1.0044967936715534,-0.081946153073534214,0,0,1,UNSTABLE,1.7865542760838795e-16,2.2015936244214748e-16,1
B2_D2_Original,B2,2,Original,full-grid,2046,30,35,95,1.0077314285601509,1.0044519611179212,-0.081233551653518157,0,0,1,UNSTABLE,3.623133294557521e-16,2.2015936244214753e-16,1
B2_D2_Original,B2,2,Original,full-grid,2047,30,36,96,1.0076312201262476,1.0044063987813279,-0.080550989194640807,0,0,1,UNSTABLE,3.090140847944599e-16,2.2015936243831527e-16,1
B2_D2_Original,B2,2,Original,full-grid,2048,30,37,97,1.0075353514727881,1.0043623798551993,-0.07989802500059201,0,0,1,UNSTABLE,4.3117114521214171e-16,2.2015936244214753e-16,1
B2_D2_Original,B2,2,Original,full-grid,2049,30,38,98,1.007445593712573,1.0043217658733399,-0.079274301535462222,0,0,1,UNSTABLE,2.8677382086894096e-16,2.2015936244214748e-16,1
B2_D2_Original,B2,2,Original,full-grid,2050,30,39,99,1.0073633080945863,1.0042859983879877,-0.078679526797708649,0,0,1,UNSTABLE,3.2754303829858967e-16,2.2015936244214751e-16,1
B2_D2_Original,B2,2,Original,full-grid,2051,30,40,100,1.0072894419342588,1.0042560976774282,-0.078113443848895417,0,0,1,UNSTABLE,3.9834293651890212e-16,2.201593624383153e-16,1
B2_D2_Original,B2,2,Original,full-grid,2052,30,41,101,1.007224535551283,1.0042326731419537,-0.077575790106600248,0,0,1,UNSTABLE,3.0566581790455012e-16,2.2015936244214743e-16,1
B2_D2_Original,B2,2,Original,full-grid,2053,30,42,102,1.007168744159564,1.0042159489670373,-0.077066251058334242,0,0,1,UNSTABLE,3.3809836164856528e-16,2.2015936244214751e-16,1
B2_D2_Original,B2,2,Original,full-grid,2054,30,43,103,1.0071218766075931,1.0042058064838888,-0.07658441463929018,0,0,1,UNSTABLE,3.7305782401055636e-16,2.2015936244214753e-16,1
B2_D2_Original,B2,2,Original,full-grid,2055,30,44,104,1.0070834500024659,1.0042018417738698,-0.076129733001217614,0,0,1,UNSTABLE,2.888615594484596e-16,2.2015936243831527e-16,1
B2_D2_Original,B2,2,Original,full-grid,2056,30,45,105,1.0070527562543177,1.0042034341555248,-0.075701497407045112,0,0,1,UNSTABLE,3.6258599369640289e-16,2.2015936244214751e-16,1
B2_D2_Original,B2,2,Original,full-grid,2057,30,46,106,1.0070289343112611,1.0042098191084241,-0.075298829647612961,0,0,1,UNSTABLE,4.391020106022856e-16,2.2015936244214748e-16,1
B2_D2_Original,B2,2,Original,full-grid,2058,30,47,107,1.0070110409914979,1.0042201585508803,-0.074920690325334577,0,0,1,UNSTABLE,3.2899122590136512e-16,2.2015936244214751e-16,1
B2_D2_Original,B2,2,Original,full-grid,2059,30,48,108,1.0069981140372326,1.0042336023117104,-0.074565901473724633,0,0,1,UNSTABLE,3.67654840552689e-16,2.2015936243831527e-16,1
B2_D2_Original,B2,2,Original,full-grid,2060,30,49,109,1.0069892229495256,1.0042493367024909,-0.074233179031322316,0,0,1,UNSTABLE,3.0963542461637337e-16,2.2015936244214753e-16,1
B2_D2_Original,B2,2,Original,full-grid,2061,30,50,110,1.0069835056128684,1.0042666185838269,-0.073921170002835851,0,0,1,UNSTABLE,3.137855169082062e-16,2.2015936244214748e-16,1
B2_D2_Original,B2,2,Original,full-grid,2062,30,51,111,1.0069801909802707,1.0042847955369294,-0.073628489594792859,0,0,1,UNSTABLE,2.37168347226491e-16,2.2015936244214753e-16,1
B2_D2_Original,B2,2,Original,full-grid,2063,30,52,112,1.0069786097017557,1.0043033142706195,-0.073353754790946246,0,0,1,UNSTABLE,5.1873571255471944e-16,2.2015936243831527e-16,1
B2_D2_Original,B2,2,Original,full-grid,2064,30,53,113,1.0069781954035555,1.0043217201115913,-0.073095612250639125,0,0,1,UNSTABLE,2.4584645144557414e-16,2.2015936244214753e-16,1
B2_D2_Original,B2,2,Original,full-grid,2065,30,54,114,1.0069784794708547,1.0043396504775264,-0.072852759701432207,0,0,1,UNSTABLE,3.2178532824437216e-16,2.2015936244214748e-16,1
B2_D2_Original,B2,2,Original,full-grid,2066,30,55,115,1.006979081879952,1.0043568248577679,-0.072623960959275535,0,0,1,UNSTABLE,2.9891393253749756e-16,2.2015936244214751e-16,1
B2_D2_Original,B2,2,Original,full-grid,2067,30,56,116,1.0069797000996104,1.0043730332600214,-0.072408055303021579,0,0,1,UNSTABLE,2.1399032894203753e-16,2.201593624383153e-16,1
B2_D2_Original,B2,2,Original,full-grid,2068,30,57,117,1.0069800975113692,1.0043881244944193,-0.072203962208383543,0,0,1,UNSTABLE,2.9802239323964035e-16,2.2015936244214743e-16,1
B2_D2_Original,B2,2,Original,full-grid,2069,30,58,118,1.0069800922903998,1.004401995156931,-0.072010682498907963,0,0,1,UNSTABLE,3.6109623651083546e-16,2.2015936244214751e-16,1
B2_D2_Original,B2,2,Original,full-grid,2070,30,59,119,1.0069795472862288,1.00441457977989,-0.071827296888893832,0,0,1,UNSTABLE,3.3802653790874628e-16,2.2015936244214753e-16,1
B2_D2_Original,B2,2,Original,full-grid,2071,30,60,120,1.0069783611531991,1.0044258423402359,-0.071652962743281534,0,0,1,UNSTABLE,2.5291236157483899e-16,2.2015936243831527e-16,1
B2_D2_Original,B2,2,Original,full-grid,2072,30,61,121,1.0069764607883629,1.0044357691368073,-0.071486909713652125,0,0,1,UNSTABLE,2.8444643279021978e-16,2.2015936244214751e-16,1
B2_D2_Original,B2,2,Original,full-grid,2073,30,62,122,1.0069737950186768,1.0044443629442645,-0.071328434749450387,0,0,1,UNSTABLE,3.3265894493875413e-16,2.2015936244214748e-16,1
B2_D2_Original,B2,2,Original,full-grid,2074,30,63,123,1.0069703294171033,1.0044516382989275,-0.071176896848558796,0,0,1,UNSTABLE,3.6591691828747961e-16,2.2015936244214751e-16,1
B2_D2_Original,B2,2,Original,full-grid,2075,30,64,124,1.0069660421015476,1.0044576177541567,-0.071031711800436714,0,0,1,UNSTABLE,4.1529454152948658e-16,2.2015936243831527e-16,1
B2_D2_Original,B2,2,Original,full-grid,2076,30,65,125,1.0069609203666594,1.00446232894507,-0.070892347089904884,0,0,1,UNSTABLE,5.4470482000617104e-16,2.2015936244214753e-16,1
B2_D2_Original,B2,2,Original,full-grid,2077,30,66,126,1.0069549580075956,1.0044658023158446,-0.070758317066372964,0,0,1,UNSTABLE,2.7446164880914941e-16,2.2015936244214748e-16,1
