route_id,contract_id,division,method,mode,point_order,l_samples,j_samples,physical_root_count,rho,dominant_root_real,dominant_root_imag,stable,critical,stability_code,stability_status,maximum_state_eigenpair_residual,transition_reconstruction_relative_error,overall_pass
B3_D2_Original,B3,2,Original,full-grid,1,0,0,30,0.99542821796421754,0.99517771851168224,-0.02233037611193401,1,0,-1,STABLE,3.1122607334080059e-16,1.8243908748785172e-16,1
B3_D2_Original,B3,2,Original,full-grid,2,0,1,31,0.99550975567165889,0.99525869802267319,-0.022356154581226952,1,0,-1,STABLE,3.0790629958673587e-16,1.7461853760031664e-16,1
B3_D2_Original,B3,2,Original,full-grid,3,0,2,32,0.99559198012484096,0.99534039400440155,-0.022380593201800907,1,0,-1,STABLE,3.7587070698820485e-16,1.7461853762839286e-16,1
B3_D2_Original,B3,2,Original,full-grid,4,0,3,33,0.99567486795619831,0.99542278358182057,-0.022403673935606903,1,0,-1,STABLE,3.43623776758882e-16,1.7461853762858574e-16,1
B3_D2_Original,B3,2,Original,full-grid,5,0,4,34,0.99575839549526279,0.99550584356932315,-0.022425378896030253,1,0,-1,STABLE,3.790931133270044e-16,1.7461853762858574e-16,1
B3_D2_Original,B3,2,Original,full-grid,6,0,5,35,0.99584253873777706,0.99558955044002961,-0.022445690328452794,1,0,-1,STABLE,3.706617491143728e-16,1.7461853762858572e-16,1
B3_D2_Original,B3,2,Original,full-grid,7,0,6,36,0.99592727331095388,0.9956738802911419,-0.022464590594359353,1,0,-1,STABLE,5.1243217305433594e-16,1.7461853762839291e-16,1
B3_D2_Original,B3,2,Original,full-grid,8,0,7,37,0.99601257443518965,0.99575880880566192,-0.022482062159497274,1,0,-1,STABLE,2.8187705562275011e-16,1.7461853762858567e-16,1
B3_D2_Original,B3,2,Original,full-grid,9,0,8,38,0.99609841688253709,0.99584431121075867,-0.022498087586867395,1,0,-1,STABLE,4.4959736134397427e-16,1.7461853762858572e-16,1
B3_D2_Original,B3,2,Original,full-grid,10,0,9,39,0.99618477493231594,0.99593036223317566,-0.022512649534086857,1,0,-1,STABLE,3.1743481780262556e-16,1.7461853762858574e-16,1
B3_D2_Original,B3,2,Original,full-grid,11,0,10,40,0.99627162232434985,0.99601693605212727,-0.022525730756732362,1,0,-1,STABLE,2.444646216482183e-16,1.7461853762839291e-16,1
B3_D2_Original,B3,2,Original,full-grid,12,0,11,41,0.99635893221023042,0.99610400625010331,-0.022537314116919376,1,0,-1,STABLE,3.9046488747908098e-16,1.7461853762858574e-16,1
B3_D2_Original,B3,2,Original,full-grid,13,0,12,42,0.9964466771031818,0.99619154576212487,-0.022547382598451283,1,0,-1,STABLE,4.2601357319647508e-16,1.7461853762858574e-16,1
B3_D2_Original,B3,2,Original,full-grid,14,0,13,43,0.99653482882709077,0.99627952682402432,-0.022555919328139499,1,0,-1,STABLE,4.5046119990255163e-16,1.7461853762858574e-16,1
B3_D2_Original,B3,2,Original,full-grid,15,0,14,44,0.99662335846523786,0.99636792092027371,-0.022562907603877386,1,0,-1,STABLE,2.7953608241031891e-16,1.7461853762839289e-16,1
B3_D2_Original,B3,2,Original,full-grid,16,0,15,45,0.99671223630959505,0.99645669873222065,-0.022568330929829902,1,0,-1,STABLE,4.0767784161884182e-16,1.7461853762858576e-16,1
B3_D2_Original,B3,2,Original,full-grid,17,0,16,46,0.99680143181111081,0.99654583008715103,-0.022572173058695546,1,0,-1,STABLE,3.1677511932216652e-16,1.7461853762858574e-16,1
B3_D2_Original,B3,2,Original,full-grid,18,0,17,47,0.99689091353203096,0.99663528390922695,-0.022574418041267419,1,0,-1,STABLE,4.1123561788529559e-16,1.7461853762858574e-16,1
B3_D2_Original,B3,2,Original,full-grid,19,0,18,48,0.99698064910080086,0.9967250281728417,-0.022575050283491705,1,0,-1,STABLE,6.6997517816011622e-16,1.7461853762839286e-16,1
B3_D2_Original,B3,2,Original,full-grid,20,0,19,49,0.99707060517052026,0.99681502985937076,-0.022574054610755085,1,0,-1,STABLE,4.6029421412212616e-16,1.7461853762858574e-16,1
B3_D2_Original,B3,2,Original,full-grid,21,0,20,50,0.99716074738176708,0.99690525491813786,-0.022571416339413959,1,0,-1,STABLE,3.7704041387184754e-16,1.7461853762858574e-16,1
B3_D2_Original,B3,2,Original,full-grid,22,0,21,51,0.9972510403306698,0.99699566823247676,-0.022567121355645925,1,0,-1,STABLE,3.4651356286970399e-16,1.7461853762858572e-16,1
B3_D2_Original,B3,2,Original,full-grid,23,0,22,52,0.9973414475430733,0.99708623359175785,-0.022561156200769317,1,0,-1,STABLE,3.6916379401642719e-16,1.7461853762839291e-16,1
B3_D2_Original,B3,2,Original,full-grid,24,0,23,53,0.99743193145573861,0.99717691367031713,-0.022553508163168659,1,0,-1,STABLE,3.2765688386916602e-16,1.7461853762858572e-16,1
B3_D2_Original,B3,2,Original,full-grid,25,0,24,54,0.99752245340546664,0.99726767001420158,-0.022544165376142157,1,0,-1,STABLE,3.0563813109567215e-16,1.7461853762858572e-16,1
B3_D2_Original,B3,2,Original,full-grid,26,0,25,55,0.99761297362698031,0.99735846303658415,-0.02253311692085563,1,0,-1,STABLE,4.1579692015425567e-16,1.7461853762858574e-16,1
B3_D2_Original,B3,2,Original,full-grid,27,0,26,56,0.99770345126028859,0.99744925202258772,-0.022520352933990948,1,0,-1,STABLE,2.8840139882750815e-16,1.7461853762839291e-16,1
B3_D2_Original,B3,2,Original,full-grid,28,0,27,57,0.99779384436850749,0.99753999514452596,-0.022505864718881448,1,0,-1,STABLE,4.0448145915846385e-16,1.7461853762858574e-16,1
B3_D2_Original,B3,2,Original,full-grid,29,0,28,58,0.99788410996657984,0.99763064948801761,-0.022489644859559316,1,0,-1,STABLE,5.4499940985878136e-16,1.7461853762858574e-16,1
B3_D2_Original,B3,2,Original,full-grid,30,0,29,59,0.99797420406164916,0.99772117108977387,-0.022471687336118512,1,0,-1,STABLE,2.4555605844439796e-16,1.7461853762858574e-16,1
B3_D2_Original,B3,2,Original,full-grid,31,0,30,60,0.99806408170544814,0.99781151498743959,-0.022451987640523006,1,0,-1,STABLE,4.1577685951536202e-16,1.7461853762839289e-16,1
B3_D2_Original,B3,2,Original,full-grid,32,0,31,61,0.99815369705913293,0.99790163528195808,-0.022430542891537664,1,0,-1,STABLE,5.3380320271825023e-16,1.7461853762858576e-16,1
B3_D2_Original,B3,2,Original,full-grid,33,0,32,62,0.99824300347065709,0.99799148521259351,-0.022407351947068863,1,0,-1,STABLE,3.714854104544204e-16,1.7461853762858574e-16,1
B3_D2_Original,B3,2,Original,full-grid,34,0,33,63,0.99833195356479465,0.99808101724474518,-0.0223824155129396,1,0,-1,STABLE,3.681718873817977e-16,1.7461853762858574e-16,1
B3_D2_Original,B3,2,Original,full-grid,35,0,34,64,0.998420499345546,0.99817018317033734,-0.022355736246093143,1,0,-1,STABLE,3.2284587302611847e-16,1.7461853762839286e-16,1
B3_D2_Original,B3,2,Original,full-grid,36,0,35,65,0.99850859231066824,0.99825893422055678,-0.022327318850918178,1,0,-1,STABLE,3.7252426578963405e-16,1.7461853762858574e-16,1
B3_D2_Original,B3,2,Original,full-grid,37,0,36,66,0.99859618357771507,0.99834722119035502,-0.022297170167400446,1,0,-1,STABLE,2.2370607522203773e-16,1.7461853762858574e-16,1
B3_D2_Original,B3,2,Original,full-grid,38,0,37,67,0.99868322402081844,0.9984349945739881,-0.022265299249208538,1,0,-1,STABLE,2.7925592675324959e-16,1.7461853762858572e-16,1
B3_D2_Original,B3,2,Original,full-grid,39,0,38,68,0.99876966441724135,0.99852220471065656,-0.022231717430251322,1,0,-1,STABLE,2.9101171516827927e-16,1.7461853762839291e-16,1
B3_D2_Original,B3,2,Original,full-grid,40,0,39,69,0.99885545560254974,0.99860880193910906,-0.022196438379041766,1,0,-1,STABLE,2.8458296538094501e-16,1.7461853762858572e-16,1
B3_D2_Original,B3,2,Original,full-grid,41,0,40,70,0.99894054863309434,0.99869473675993647,-0.022159478138906084,1,0,-1,STABLE,2.3896635917133567e-16,1.7461853762858572e-16,1
B3_D2_Original,B3,2,Original,full-grid,42,0,41,71,0.99902489495415447,0.99877996000392666,-0.022120855153314131,1,0,-1,STABLE,2.9425555976844973e-16,1.7461853762858574e-16,1
B3_D2_Original,B3,2,Original,full-grid,43,0,42,72,0.99910844657221209,0.99886442300495193,-0.022080590275697823,1,0,-1,STABLE,3.29679082608543e-16,1.7461853762839291e-16,1
B3_D2_Original,B3,2,Original,full-grid,44,0,43,73,0.99919115622953203,0.99894807777558192,-0.02203870676284549,1,0,-1,STABLE,3.6302182884750518e-16,1.7461853762858574e-16,1
B3_D2_Original,B3,2,Original,full-grid,45,0,44,74,0.99927297757914701,0.99903087718352457,-0.021995230251402032,1,0,-1,STABLE,4.5064680703738023e-16,1.7461853762858574e-16,1
B3_D2_Original,B3,2,Original,full-grid,46,0,45,75,0.99935386535837456,0.99911277512700469,-0.021950188717634791,1,0,-1,STABLE,2.6405454628015878e-16,1.7461853762858574e-16,1
B3_D2_Original,B3,2,Original,full-grid,47,0,46,76,0.99943377555891111,0.99919372670712359,-0.02190361242055288,1,0,-1,STABLE,4.6225065100368346e-16,1.7461853762839289e-16,1
B3_D2_Original,B3,2,Original,full-grid,48,0,47,77,0.99951266559164631,0.99927368839532571,-0.021855533828296695,1,0,-1,STABLE,2.1167563609631586e-16,1.7461853762858576e-16,1
B3_D2_Original,B3,2,Original,full-grid,49,0,48,78,0.99959049444428461,0.99935261819402688,-0.021805987528955195,1,0,-1,STABLE,3.395216611830715e-16,1.7461853762858574e-16,1
B3_D2_Original,B3,2,Original,full-grid,50,0,49,79,0.99966722283016896,0.99943047578878097,-0.021755010126257426,1,0,-1,STABLE,3.0153985018106004e-16,1.7461853762858574e-16,1
B3_D2_Original,B3,2,Original,full-grid,51,0,50,80,0.99974281332650139,0.99950722269012826,-0.021702640121755996,1,0,-1,STABLE,3.0005009329585041e-16,1.7461853762839286e-16,1
B3_D2_Original,B3,2,Original,full-grid,52,0,51,81,0.99981723050077886,0.99958282236392804,-0.021648917783841821,1,0,-1,STABLE,2.5280532225248337e-16,1.7461853762858574e-16,1
B3_D2_Original,B3,2,Original,full-grid,53,0,52,82,0.99989044102404223,0.99965724034870695,-0.021593885006211119,1,0,-1,STABLE,3.8427480270077427e-16,1.7461853762858574e-16,1
B3_D2_Original,B3,2,Original,full-grid,54,0,53,83,0.99996241376993078,0.99973044435898295,-0.021537585156571084,1,0,-1,STABLE,4.0574449396474351e-16,1.7461853762858572e-16,1
B3_D2_Original,B3,2,Original,full-grid,55,0,54,84,1.0000331198988541,0.99980240437383694,-0.021480062917284503,0,0,1,UNSTABLE,3.0168679164215406e-16,1.7461853762839291e-16,1
B3_D2_Original,B3,2,Original,full-grid,56,0,55,85,1.0001025329265754,0.99987309270995772,-0.021421364120332555,0,0,1,UNSTABLE,3.1467042864323459e-16,1.7461853762858572e-16,1
B3_D2_Original,B3,2,Original,full-grid,57,0,56,86,1.0001706287770602,0.99994248407898922,-0.021361535577766114,0,0,1,UNSTABLE,2.6300083426122869e-16,1.7461853762858572e-16,1
B3_D2_Original,B3,2,Original,full-grid,58,0,57,87,1.0002373858193516,1.0000105556288803,-0.021300624909810852,0,0,1,UNSTABLE,2.6172373718370559e-16,1.7461853762858574e-16,1
B3_D2_Original,B3,2,Original,full-grid,59,0,58,88,1.0003027848887702,1.0000772869694998,-0.021238680372239735,0,0,1,UNSTABLE,2.2832451872221627e-16,1.7461853762839291e-16,1
B3_D2_Original,B3,2,Original,full-grid,60,0,59,89,1.0003668092926628,1.0001426601826986,-0.021175750684632868,0,0,1,UNSTABLE,1.9153361038006849e-16,1.7461853762858574e-16,1
B3_D2_Original,B3,2,Original,full-grid,61,0,60,90,1.0004294448013884,1.0002066598174673,-0.021111884861360977,0,0,1,UNSTABLE,2.2559108460131111e-16,1.7461853762858574e-16,1
B3_D2_Original,B3,2,Original,full-grid,62,0,61,91,1.0004906796251789,1.0002692728707916,-0.021047132046679171,0,0,1,UNSTABLE,2.1963800336255071e-16,1.7461853762858574e-16,1
B3_D2_Original,B3,2,Original,full-grid,63,0,62,92,1.0005505043777527,1.000330488755063,-0.020981541355017244,0,0,1,UNSTABLE,3.4643542303440534e-16,1.7461853762839289e-16,1
B3_D2_Original,B3,2,Original,full-grid,64,0,63,93,1.0006089120277915,1.0003902992531193,-0.020915161718106826,0,0,1,UNSTABLE,2.2045391017586978e-16,1.7461853762858576e-16,1
B3_D2_Original,B3,2,Original,full-grid,65,0,64,94,1.0006658978391865,1.0004486984618117,-0.020848041739500372,0,0,1,UNSTABLE,2.286915755768313e-16,1.7461853762858574e-16,1
B3_D2_Original,B3,2,Original,full-grid,66,0,65,95,1.0007214593014158,1.0005056827254308,-0.020780229557801604,0,0,1,UNSTABLE,4.4205764542823759e-16,1.7461853762858574e-16,1
B3_D2_Original,B3,2,Original,full-grid,67,0,66,96,1.0007755960510927,1.0005612505600356,-0.020711772718854802,0,0,1,UNSTABLE,2.6609559187625767e-16,1.7461853762839286e-16,1
B3_D2_Original,B3,2,Original,full-grid,68,1,0,31,0.99543362617978959,0.99518308856083637,-0.022332137648683574,1,0,-1,STABLE,4.1810681383178549e-16,8.1425379806836713e-17,1
B3_D2_Original,B3,2,Original,full-grid,69,1,1,32,0.99551521381454666,0.99526412031173295,-0.02235781197556783,1,0,-1,STABLE,3.2298219531767401e-16,8.8916398911914113e-17,1
B3_D2_Original,B3,2,Original,full-grid,70,1,2,33,0.99559748457614006,0.99534586497728239,-0.022382143931331224,1,0,-1,STABLE,3.0876767570458577e-16,8.8916398912289808e-17,1
B3_D2_Original,B3,2,Original,full-grid,71,1,3,34,0.99568041496505366,0.99542829954702416,-0.022405115619015582,1,0,-1,STABLE,2.566355151402706e-16,8.8916398912289808e-17,1
B3_D2_Original,B3,2,Original,full-grid,72,1,4,35,0.99576398118480147,0.99551140070565891,-0.022426709300797522,1,0,-1,STABLE,3.0199207542067524e-16,8.8916398912289808e-17,1
B3_D2_Original,B3,2,Original,full-grid,73,1,5,36,0.99584815911145985,0.99559514480276134,-0.022446907378351501,1,0,-1,STABLE,3.658726203346832e-16,8.8916398911914101e-17,1
B3_D2_Original,B3,2,Original,full-grid,74,1,6,37,0.99593292425931168,0.99567950781852455,-0.022465692376707213,1,0,-1,STABLE,3.3123478398827483e-16,8.8916398912289808e-17,1
B3_D2_Original,B3,2,Original,full-grid,75,1,7,38,0.99601825174297953,0.99576446532589846,-0.022483046932503612,1,0,-1,STABLE,2.530140103423795e-16,8.8916398912289808e-17,1
B3_D2_Original,B3,2,Original,full-grid,76,1,8,39,0.99610411623632122,0.9958499924494002,-0.022498953786173431,1,0,-1,STABLE,4.343073421527867e-16,8.8916398912289784e-17,1
B3_D2_Original,B3,2,Original,full-grid,77,1,9,40,0.9961904919284732,0.99593606382094313,-0.022513395779846557,1,0,-1,STABLE,3.9351653449341233e-16,8.8916398911914101e-17,1
B3_D2_Original,B3,2,Original,full-grid,78,1,10,41,0.99627735247752425,0.99602265353319253,-0.022526355859817156,1,0,-1,STABLE,3.2519885222616754e-16,8.8916398912289784e-17,1
B3_D2_Original,B3,2,Original,full-grid,79,1,11,42,0.99636467096222869,0.99610973509082301,-0.022537817085083185,1,0,-1,STABLE,3.5823227792247198e-16,8.8916398912289808e-17,1
B3_D2_Original,B3,2,Original,full-grid,80,1,12,43,0.99645241983230526,0.99619728136021646,-0.022547762642232173,1,0,-1,STABLE,3.4965753976246362e-16,8.8916398912289784e-17,1
B3_D2_Original,B3,2,Original,full-grid,81,1,13,44,0.99654057085795222,0.99628526451824273,-0.022556175866224677,1,0,-1,STABLE,2.1956539306045533e-16,8.8916398911914101e-17,1
B3_D2_Original,B3,2,Original,full-grid,82,1,14,45,0.99662909507905895,0.9963736560005777,-0.022563040268240082,1,0,-1,STABLE,2.6179591962986644e-16,8.8916398912289808e-17,1
B3_D2_Original,B3,2,Original,full-grid,83,1,15,46,0.99671796275491098,0.99646242645035787,-0.02256833957040735,1,0,-1,STABLE,3.6776190386812052e-16,8.8916398912289808e-17,1
B3_D2_Original,B3,2,Original,full-grid,84,1,16,47,0.99680714331500586,0.99655154566779236,-0.022572057747499829,1,0,-1,STABLE,2.5241771466051005e-16,8.8916398912289821e-17,1
B3_D2_Original,B3,2,Original,full-grid,85,1,17,48,0.99689660531177737,0.99664098256151734,-0.022574179076076402,1,0,-1,STABLE,3.9269009043853469e-16,8.8916398911914113e-17,1
B3_D2_Original,B3,2,Original,full-grid,86,1,18,49,0.99698631637597279,0.99673070510244322,-0.022574688190934843,1,0,-1,STABLE,2.335045341890306e-16,8.8916398912289808e-17,1
B3_D2_Original,B3,2,Original,full-grid,87,1,19,50,0.99707624317553389,0.99682068028095294,-0.022573570148621561,1,0,-1,STABLE,4.2420712715473498e-16,8.8916398912289808e-17,1
B3_D2_Original,B3,2,Original,full-grid,88,1,20,51,0.99716635137879239,0.99691087406825596,-0.022570810498499631,1,0,-1,STABLE,5.8647740954035214e-16,8.8916398912289808e-17,1
B3_D2_Original,B3,2,Original,full-grid,89,1,21,52,0.99725660562294272,0.99700125138287654,-0.022566395360614451,1,0,-1,STABLE,3.3806772694150941e-16,8.8916398911914101e-17,1
B3_D2_Original,B3,2,Original,full-grid,90,1,22,53,0.99734696948848567,0.99709177606297805,-0.022560311510311928,1,0,-1,STABLE,2.6735299898575601e-16,8.8916398912289808e-17,1
B3_D2_Original,B3,2,Original,full-grid,91,1,23,54,0.99743740548075754,0.99718241084564718,-0.022552546469255558,1,0,-1,STABLE,4.5151464601594306e-16,8.8916398912289808e-17,1
B3_D2_Original,B3,2,Original,full-grid,92,1,24,55,0.99752787501924822,0.99727311735386093,-0.022543088602251116,1,0,-1,STABLE,2.4259566069475353e-16,8.8916398912289784e-17,1
B3_D2_Original,B3,2,Original,full-grid,93,1,25,56,0.99761833843553438,0.99736385609197653,-0.022531927219382467,1,0,-1,STABLE,2.9365466189622829e-16,8.8916398911914101e-17,1
B3_D2_Original,B3,2,Original,full-grid,94,1,26,57,0.9977087549808773,0.99745458645082286,-0.022519052682341965,1,0,-1,STABLE,2.7487309661134982e-16,8.8916398912289784e-17,1
B3_D2_Original,B3,2,Original,full-grid,95,1,27,58,0.99779908284385677,0.9975452667227771,-0.02250445651477162,1,0,-1,STABLE,2.5174832178941831e-16,8.8916398912289808e-17,1
B3_D2_Original,B3,2,Original,full-grid,96,1,28,59,0.9978892791790428,0.99763585412786715,-0.022488131514874051,1,0,-1,STABLE,5.1224788948233634e-16,8.8916398912289784e-17,1
B3_D2_Original,B3,2,Original,full-grid,97,1,29,60,0.99797930014711744,0.9977263048513324,-0.022470071869858579,1,0,-1,STABLE,5.3413509705278059e-16,8.8916398911914101e-17,1
B3_D2_Original,B3,2,Original,full-grid,98,1,30,61,0.99806910096690526,0.99781657409313929,-0.022450273270437509,1,0,-1,STABLE,3.9769590572981203e-16,8.8916398912289808e-17,1
B3_D2_Original,B3,2,Original,full-grid,99,1,31,62,0.99815863597974952,0.99790661612991993,-0.022428733024546999,1,0,-1,STABLE,2.5744277963254937e-16,8.8916398912289808e-17,1
B3_D2_Original,B3,2,Original,full-grid,100,1,32,63,0.99824785872629551,0.99799638438942817,-0.02240545016871533,1,0,-1,STABLE,2.8073996502927069e-16,8.8916398912289821e-17,1
B3_D2_Original,B3,2,Original,full-grid,101,1,33,64,0.99833672203577195,0.99808583153764585,-0.022380425575406791,1,0,-1,STABLE,4.5122419584168273e-16,8.8916398911914113e-17,1
B3_D2_Original,B3,2,Original,full-grid,102,1,34,65,0.99842517812758058,0.99817490957837907,-0.022353662055367804,1,0,-1,STABLE,3.1921929665340736e-16,8.8916398912289808e-17,1
B3_D2_Original,B3,2,Original,full-grid,103,1,35,66,0.99851317872485679,0.99826356996505183,-0.022325164452873171,1,0,-1,STABLE,3.2680321227917522e-16,8.8916398912289808e-17,1
B3_D2_Original,B3,2,Original,full-grid,104,1,36,67,0.99860067517938755,0.99835176372410839,-0.022294939732834182,1,0,-1,STABLE,5.5748147091396248e-16,8.8916398912289808e-17,1
B3_D2_Original,B3,2,Original,full-grid,105,1,37,68,0.99868761860719479,0.99843944158937725,-0.022262997057953777,1,0,-1,STABLE,2.2062139514362795e-16,8.8916398911914101e-17,1
B3_D2_Original,B3,2,Original,full-grid,106,1,38,69,0.99877396003385288,0.99852655414648472,-0.022229347854847634,1,0,-1,STABLE,3.9482730479885841e-16,8.8916398912289808e-17,1
B3_D2_Original,B3,2,Original,full-grid,107,1,39,70,0.99885965054818227,0.99861305198599948,-0.022194005867448005,1,0,-1,STABLE,2.5708372203411339e-16,8.8916398912289808e-17,1
B3_D2_Original,B3,2,Original,full-grid,108,1,40,71,0.99894464146333228,0.99869888586433542,-0.022156987196836363,1,0,-1,STABLE,2.8580563800362443e-16,8.8916398912289784e-17,1
B3_D2_Original,B3,2,Original,full-grid,109,1,41,72,0.99902888448337324,0.99878400687055502,-0.022118310326341716,1,0,-1,STABLE,2.7515894585828408e-16,8.8916398911914101e-17,1
B3_D2_Original,B3,2,Original,full-grid,110,1,42,73,0.99911233187402715,0.99886836659771761,-0.022077996131081204,1,0,-1,STABLE,2.343614604684901e-16,8.8916398912289784e-17,1
B3_D2_Original,B3,2,Original,full-grid,111,1,43,74,0.99919493663569769,0.99895191731694066,-0.022036067871202832,1,0,-1,STABLE,2.3672800193799105e-16,8.8916398912289808e-17,1
B3_D2_Original,B3,2,Original,full-grid,112,1,44,75,0.99927665267682453,0.99903461215219325,-0.021992551168883968,1,0,-1,STABLE,3.027251667150251e-16,8.8916398912289784e-17,1
B3_D2_Original,B3,2,Original,full-grid,113,1,45,76,0.99935743498590079,0.99911640525416934,-0.021947473968213227,1,0,-1,STABLE,2.3256725346432339e-16,8.8916398911914101e-17,1
B3_D2_Original,B3,2,Original,full-grid,114,1,46,77,0.99943723980010446,0.99919725197116727,-0.021900866478735126,1,0,-1,STABLE,3.0586476194048072e-16,8.8916398912289808e-17,1
B3_D2_Original,B3,2,Original,full-grid,115,1,47,78,0.99951602476863732,0.99927710901505828,-0.021852761102582829,1,0,-1,STABLE,2.3408891263576515e-16,8.8916398912289808e-17,1
B3_D2_Original,B3,2,Original,full-grid,116,1,48,79,0.99959374910903476,0.99935593462058092,-0.021803192346101528,1,0,-1,STABLE,2.442355059227283e-16,8.8916398912289821e-17,1
B3_D2_Original,B3,2,Original,full-grid,117,1,49,80,0.99967037375472778,0.99943368869621485,-0.02175219671652228,1,0,-1,STABLE,3.769940711290155e-16,8.8916398911914113e-17,1
B3_D2_Original,B3,2,Original,full-grid,118,1,50,81,0.99974586149219524,0.99951033296493819,-0.021699812604952157,1,0,-1,STABLE,4.5034398521173195e-16,8.8916398912289808e-17,1
B3_D2_Original,B3,2,Original,full-grid,119,1,51,82,0.99982017708641513,0.99958583109353472,-0.021646080156881027,1,0,-1,STABLE,3.2817374725524149e-16,8.8916398912289808e-17,1
B3_D2_Original,B3,2,Original,full-grid,120,1,52,83,0.99989328739324634,0.99966014880904464,-0.02159104113172261,1,0,-1,STABLE,3.1818566979566899e-16,8.8916398912289808e-17,1
B3_D2_Original,B3,2,Original,full-grid,121,1,53,84,0.99996516145784353,0.99973325400141888,-0.021534738752667683,1,0,-1,STABLE,3.5769398594875776e-16,8.8916398911914101e-17,1
B3_D2_Original,B3,2,Original,full-grid,122,1,54,85,1.0000357705982315,0.99980511681144679,-0.021477217549013657,0,0,1,UNSTABLE,2.1070886820541814e-16,8.8916398912289808e-17,1
B3_D2_Original,B3,2,Original,full-grid,123,1,55,86,1.0001050884736165,0.9998757097035037,-0.021418523192204608,0,0,1,UNSTABLE,2.4723998934452596e-16,8.8916398912289808e-17,1
B3_D2_Original,B3,2,Original,full-grid,124,1,56,87,1.00017309113693,0.99994500752254756,-0.021358702327947506,0,0,1,UNSTABLE,5.0029523230047976e-16,8.8916398912289784e-17,1
B3_D2_Original,B3,2,Original,full-grid,125,1,57,88,1.000239757071687,1.0000129875354271,-0.021297802405342674,0,0,1,UNSTABLE,3.2691183850816901e-16,8.8916398911914101e-17,1
B3_D2_Original,B3,2,Original,full-grid,126,1,58,89,1.0003050672131768,1.0000796294564482,-0.021235871505808197,0,0,1,UNSTABLE,1.8611322243069777e-16,8.8916398912289784e-17,1
B3_D2_Original,B3,2,Original,full-grid,127,1,59,90,1.0003690049545166,1.0001449154577098,-0.021172958172629389,0,0,1,UNSTABLE,2.2397892969748998e-16,8.8916398912289808e-17,1
B3_D2_Original,B3,2,Original,full-grid,128,1,60,91,1.0004315561378538,1.0002088301644476,-0.021109111243137843,0,0,1,UNSTABLE,2.8301812097115064e-16,8.8916398912289784e-17,1
B3_D2_Original,B3,2,Original,full-grid,129,1,61,92,1.0004927090317404,1.0002713606363776,-0.021044379684860628,0,0,1,UNSTABLE,3.355593710492764e-16,8.8916398911914101e-17,1
B3_D2_Original,B3,2,Original,full-grid,130,1,62,93,1.0005524542952022,1.0003324963355362,-0.020978812437006455,0,0,1,UNSTABLE,6.2518141103437609e-16,8.8916398912289808e-17,1
B3_D2_Original,B3,2,Original,full-grid,131,1,63,94,1.0006107849298682,1.0003922290819505,-0.020912458258497326,0,0,1,UNSTABLE,2.9247220060915632e-16,8.8916398912289808e-17,1
B3_D2_Original,B3,2,Original,full-grid,132,1,64,95,1.0006676962208503,1.0004505529978174,-0.020845365583390941,0,0,1,UNSTABLE,3.6497755281655712e-16,8.8916398912289821e-17,1
B3_D2_Original,B3,2,Original,full-grid,133,1,65,96,1.0007231856678453,1.0005074644416396,-0.02077758238492074,0,0,1,UNSTABLE,2.3897238769769331e-16,8.8916398911914113e-17,1
B3_D2_Original,B3,2,Original,full-grid,134,1,66,97,1.0007772529074537,1.0005629619333083,-0.020709156048347426,0,0,1,UNSTABLE,2.2663659264275044e-16,8.8916398912289808e-17,1
B3_D2_Original,B3,2,Original,full-grid,135,2,0,32,0.99543903888533802,0.99518846305918074,-0.022333900932690953,1,0,-1,STABLE,2.2874448540237677e-16,8.1425379867202864e-17,1
B3_D2_Original,B3,2,Original,full-grid,136,2,1,33,0.99552067644093711,0.99526954704743509,-0.022359470955597031,1,0,-1,STABLE,2.6079669707455417e-16,8.8916398912289808e-17,1
B3_D2_Original,B3,2,Original,full-grid,137,2,2,34,0.99560299349482817,0.99535134038456041,-0.02238369608714634,1,0,-1,STABLE,2.3127533636930105e-16,8.8916398912289808e-17,1
B3_D2_Original,B3,2,Original,full-grid,138,2,3,35,0.99568596641578566,0.99543381992490387,-0.022406558572231467,1,0,-1,STABLE,1.9811217140036538e-16,8.8916398912289784e-17,1
B3_D2_Original,B3,2,Original,full-grid,139,2,4,36,0.99576957128162324,0.99551696222377495,-0.022428040822476174,1,0,-1,STABLE,2.9253494920453218e-16,8.8916398911914101e-17,1
B3_D2_Original,B3,2,Original,full-grid,140,2,5,37,0.99585378384908341,0.99560074350751759,-0.022448125396461412,1,0,-1,STABLE,2.8414701094897895e-16,8.8916398912289808e-17,1
B3_D2_Original,B3,2,Original,full-grid,141,2,6,38,0.99593857951994014,0.99568513963971794,-0.022466794983515181,1,0,-1,STABLE,3.4739355836556729e-16,8.8916398912289808e-17,1
B3_D2_Original,B3,2,Original,full-grid,142,2,7,39,0.99602393330351413,0.99577012608373394,-0.022484032391624918,1,0,-1,STABLE,2.7647572772329648e-16,8.8916398912289784e-17,1
B3_D2_Original,B3,2,Original,full-grid,143,2,8,40,0.99610981977598334,0.99585567786192386,-0.0224998205395146,1,0,-1,STABLE,3.9310202427168994e-16,8.8916398911914113e-17,1
B3_D2_Original,B3,2,Original,full-grid,144,2,9,41,0.99619621303686856,0.99594176951192925,-0.022514142454137302,1,0,-1,STABLE,3.7602275601964718e-16,8.8916398912289784e-17,1
B3_D2_Original,B3,2,Original,full-grid,145,2,10,42,0.99628308666312615,0.9960283750404566,-0.022526981272990687,1,0,-1,STABLE,3.507222451997024e-16,8.8916398912289808e-17,1
B3_D2_Original,B3,2,Original,full-grid,146,2,11,43,0.99637041366132428,0.99611546787500171,-0.022538320252512175,1,0,-1,STABLE,3.4666707475368494e-16,8.8916398912289784e-17,1
B3_D2_Original,B3,2,Original,full-grid,147,2,12,44,0.99645816641837548,0.99620302081400047,-0.022548142782299774,1,0,-1,STABLE,3.2205371568528677e-16,8.8916398911914101e-17,1
B3_D2_Original,B3,2,Original,full-grid,148,2,13,45,0.99654631665150462,0.99629100597606579,-0.022556432405850028,1,0,-1,STABLE,1.3939619185307914e-16,8.8916398912289784e-17,1
B3_D2_Original,B3,2,Original,full-grid,149,2,14,46,0.99663483535794117,0.99637939474879933,-0.022563172847958911,1,0,-1,STABLE,2.7927064213136745e-16,8.8916398912289808e-17,1
B3_D2_Original,B3,2,Original,full-grid,150,2,15,47,0.99672369276505479,0.99646815773789621,-0.022568348048773043,1,0,-1,STABLE,2.0726165183200623e-16,8.8916398912289796e-17,1
B3_D2_Original,B3,2,Original,full-grid,151,2,16,48,0.99681285828166377,0.99655726471725581,-0.022571942205345974,1,0,-1,STABLE,2.8592287777549108e-16,8.8916398911914113e-17,1
B3_D2_Original,B3,2,Original,full-grid,152,2,17,49,0.99690230045116945,0.99664668458076688,-0.022573939820047909,1,0,-1,STABLE,2.7386275379714003e-16,8.8916398912289784e-17,1
B3_D2_Original,B3,2,Original,full-grid,153,2,18,50,0.99699198690741508,0.9967363852966542,-0.022574325756381842,1,0,-1,STABLE,3.265569056330624e-16,8.8916398912289808e-17,1
B3_D2_Original,B3,2,Original,full-grid,154,2,19,51,0.99708188433393052,0.99682633386505537,-0.022573085302073567,1,0,-1,STABLE,3.4016083003776449e-16,8.8916398912289808e-17,1
B3_D2_Original,B3,2,Original,full-grid,155,2,20,52,0.99717195842757966,0.99691649627985068,-0.022570204239237415,1,0,-1,STABLE,3.4662969789809035e-16,8.8916398911914101e-17,1
B3_D2_Original,B3,2,Original,full-grid,156,2,21,53,0.99726217386733751,0.99700683749547481,-0.022565668921602795,1,0,-1,STABLE,1.6819082797603947e-16,8.8916398912289808e-17,1
B3_D2_Original,B3,2,Original,full-grid,157,2,22,54,0.99735249428908501,0.99709732139961904,-0.022559466358143262,1,0,-1,STABLE,3.3696223798012875e-16,8.8916398912289808e-17,1
B3_D2_Original,B3,2,Original,full-grid,158,2,23,55,0.9974428822674023,0.99718791079279878,-0.022551584303462976,1,0,-1,STABLE,7.1624539432262042e-16,8.8916398912289784e-17,1
B3_D2_Original,B3,2,Original,full-grid,159,2,24,56,0.99753329930502688,0.99727856737549114,-0.022542011353479524,1,0,-1,STABLE,4.0305571329927137e-16,8.8916398911914113e-17,1
B3_D2_Original,B3,2,Original,full-grid,160,2,25,57,0.99762370583105797,0.9973692517439231,-0.022530737046536548,1,0,-1,STABLE,3.2396349711046123e-16,8.8916398912289784e-17,1
B3_D2_Original,B3,2,Original,full-grid,161,2,26,58,0.99771406120843797,0.99745992339507095,-0.02251775196892233,1,0,-1,STABLE,4.3886454456642264e-16,8.8916398912289808e-17,1
B3_D2_Original,B3,2,Original,full-grid,162,2,27,59,0.99780432375169048,0.99755054074187388,-0.02250304786386342,1,0,-1,STABLE,4.6776337343682667e-16,8.8916398912289784e-17,1
B3_D2_Original,B3,2,Original,full-grid,163,2,28,60,0.99789445075539007,0.99764106113916307,-0.022486617743146267,1,0,-1,STABLE,4.9975769681016991e-16,8.8916398911914101e-17,1
B3_D2_Original,B3,2,Original,full-grid,164,2,29,61,0.99798439853404253,0.99773144092101018,-0.022468456000336593,1,0,-1,STABLE,1.7446462403074217e-16,8.8916398912289784e-17,1
B3_D2_Original,B3,2,Original,full-grid,165,2,30,62,0.99807412247380212,0.99782163544996161,-0.022448558524195698,1,0,-1,STABLE,3.0978161829997771e-16,8.8916398912289808e-17,1
B3_D2_Original,B3,2,Original,full-grid,166,2,31,63,0.99816357709634518,0.99791159917850125,-0.022426922811164002,1,0,-1,STABLE,5.4169223227730469e-16,8.8916398912289796e-17,1
B3_D2_Original,B3,2,Original,full-grid,167,2,32,64,0.99825271613505895,0.99800128572294478,-0.022403548075510742,1,0,-1,STABLE,4.717723857189373e-16,8.8916398911914113e-17,1
B3_D2_Original,B3,2,Original,full-grid,168,2,33,65,0.99834149262362504,0.99809064794987223,-0.022378435355761239,1,0,-1,STABLE,2.4957686488457489e-16,8.8916398912289784e-17,1
B3_D2_Original,B3,2,Original,full-grid,169,2,34,66,0.99842985899674697,0.99817963807489263,-0.022351587615657562,1,0,-1,STABLE,4.2228130496822951e-16,8.8916398912289808e-17,1
B3_D2_Original,B3,2,Original,full-grid,170,2,35,67,0.99851776720273577,0.99826820777348257,-0.02232300983863179,1,0,-1,STABLE,2.8704702472553029e-16,8.8916398912289808e-17,1
B3_D2_Original,B3,2,Original,full-grid,171,2,36,68,0.99860516882736605,0.99835630830335298,-0.022292709113808776,1,0,-1,STABLE,3.360135591460883e-16,8.8916398911914101e-17,1
B3_D2_Original,B3,2,Original,full-grid,172,2,37,69,0.99869201522826123,0.99844389063762784,-0.022260694712475944,1,0,-1,STABLE,2.6364667568703574e-16,8.8916398912289808e-17,1
B3_D2_Original,B3,2,Original,full-grid,173,2,38,70,0.9987782576788774,0.99853090560794988,-0.022226978153169465,1,0,-1,STABLE,3.689889840328331e-16,8.8916398912289808e-17,1
B3_D2_Original,B3,2,Original,full-grid,174,2,39,71,0.99886384752088397,0.99861730405631444,-0.022191573254776765,1,0,-1,STABLE,2.3653091310052732e-16,8.8916398912289784e-17,1
B3_D2_Original,B3,2,Original,full-grid,175,2,40,72,0.99894873632371106,0.99870303699445151,-0.022154496175690132,1,0,-1,STABLE,2.5719689092122007e-16,8.8916398911914113e-17,1
B3_D2_Original,B3,2,Original,full-grid,176,2,41,73,0.99903287604970115,0.99878805576919083,-0.022115765438649539,1,0,-1,STABLE,2.5475827341887478e-16,8.8916398912289784e-17,1
B3_D2_Original,B3,2,Original,full-grid,177,2,42,74,0.99911621922326066,0.99887231223223205,-0.022075401940097911,1,0,-1,STABLE,2.6983576498941308e-16,8.8916398912289808e-17,1
B3_D2_Original,B3,2,Original,full-grid,178,2,43,75,0.99919871910228697,0.99895575891259936,-0.022033428943395401,1,0,-1,STABLE,3.3698858677279428e-16,8.8916398912289784e-17,1
B3_D2_Original,B3,2,Original,full-grid,179,2,44,76,0.99928032985007842,0.99903834918998125,-0.021989872055984079,1,0,-1,STABLE,3.6221770692394233e-16,8.8916398911914101e-17,1
B3_D2_Original,B3,2,Original,full-grid,180,2,45,77,0.99936100670571693,0.99912003746695732,-0.021944759189601794,1,0,-1,STABLE,2.5164304669460376e-16,8.8916398912289784e-17,1
B3_D2_Original,B3,2,Original,full-grid,181,2,46,78,0.99944070615124014,0.99920077933840057,-0.021898120504332746,1,0,-1,STABLE,3.5788563464834497e-16,8.8916398912289808e-17,1
B3_D2_Original,B3,2,Original,full-grid,182,2,47,79,0.99951938607357615,0.99928053175602272,-0.021849988336361845,1,0,-1,STABLE,2.7188028728936471e-16,8.8916398912289796e-17,1
B3_D2_Original,B3,2,Original,full-grid,183,2,48,80,0.99959700591954581,0.99935925318633556,-0.021800397110376291,1,0,-1,STABLE,3.3127128283496944e-16,8.8916398911914113e-17,1
B3_D2_Original,B3,2,Original,full-grid,184,2,49,81,0.99967352684213506,0.99943690376020977,-0.02174938323719294,1,0,-1,STABLE,3.1628232706114382e-16,8.8916398912289784e-17,1
B3_D2_Original,B3,2,Original,full-grid,185,2,50,82,0.99974891183664572,0.99951344541259779,-0.021696984997805323,1,0,-1,STABLE,3.3268072002075772e-16,8.8916398912289808e-17,1
B3_D2_Original,B3,2,Original,full-grid,186,2,51,83,0.99982312586505495,0.9995888420107214,-0.021643242415007136,1,0,-1,STABLE,3.9270246427442556e-16,8.8916398912289808e-17,1
B3_D2_Original,B3,2,Original,full-grid,187,2,52,84,0.99989613596765259,0.99966305946974099,-0.021588197114147955,1,0,-1,STABLE,2.5612235168102643e-16,8.8916398911914101e-17,1
B3_D2_Original,B3,2,Original,full-grid,188,2,53,85,0.99996791136074181,0.99973606585466124,-0.021531892174366858,1,0,-1,STABLE,3.5172941418888765e-16,8.8916398912289808e-17,1
B3_D2_Original,B3,2,Original,full-grid,189,2,54,86,1.0000384235197159,0.999807831467727,-0.021474371972193755,0,0,1,UNSTABLE,2.903522468382918e-16,8.8916398912289808e-17,1
B3_D2_Original,B3,2,Original,full-grid,190,2,55,87,1.0001076462469671,0.99987832892072903,-0.021415682019001559,0,0,1,UNSTABLE,4.2760513409270203e-16,8.8916398912289784e-17,1
B3_D2_Original,B3,2,Original,full-grid,191,2,56,88,1.0001755557242014,0.99994753319174401,-0.021355868794347869,0,0,1,UNSTABLE,3.8716388806986977e-16,8.8916398911914113e-17,1
B3_D2_Original,B3,2,Original,full-grid,192,2,57,89,1.0002421305492433,1.0000154216663431,-0.021294979576779279,0,0,1,UNSTABLE,2.7302592488493371e-16,8.8916398912289784e-17,1
B3_D2_Original,B3,2,Original,full-grid,193,2,58,90,1.000307351757326,1.0000819741632352,-0.021233062273749864,0,0,1,UNSTABLE,2.4221971106218683e-16,8.8916398912289808e-17,1
B3_D2_Original,B3,2,Original,full-grid,194,2,59,91,1.0003712028272471,1.0001471729446672,-0.021170165252627889,0,0,1,UNSTABLE,3.3604859065148163e-16,8.8916398912289784e-17,1
B3_D2_Original,B3,2,Original,full-grid,195,2,60,92,1.0004336696730012,1.0002110027121693,-0.021106337174041215,0,0,1,UNSTABLE,2.2017198173335921e-16,8.8916398911914101e-17,1
B3_D2_Original,B3,2,Original,full-grid,196,2,61,93,1.0004947406214668,1.0002734505881858,-0.021041626829227049,0,0,1,UNSTABLE,3.0619660531687112e-16,8.8916398912289784e-17,1
B3_D2_Original,B3,2,Original,full-grid,197,2,62,94,1.0005544063771001,1.0003345060845117,-0.020976082982460002,0,0,1,UNSTABLE,2.7890088158161829e-16,8.8916398912289808e-17,1
B3_D2_Original,B3,2,Original,full-grid,198,2,63,95,1.0006126599745635,1.0003941610584415,-0.020909754220183659,0,0,1,UNSTABLE,2.7212250019062401e-16,8.8916398912289796e-17,1
B3_D2_Original,B3,2,Original,full-grid,199,2,64,96,1.0006694967203378,1.0004524096576586,-0.020842688807319293,0,0,1,UNSTABLE,4.140914386654936e-16,8.8916398911914113e-17,1
B3_D2_Original,B3,2,Original,full-grid,200,2,65,97,1.0007249141245353,1.0005092482550684,-0.020774934551917777,0,0,1,UNSTABLE,4.2306537830962568e-16,8.8916398912289784e-17,1
B3_D2_Original,B3,2,Original,full-grid,201,2,66,98,1.0007789118239172,1.0005646753745636,-0.020706538678834468,0,0,1,UNSTABLE,2.2437602621881237e-16,8.8916398912289808e-17,1
B3_D2_Original,B3,2,Original,full-grid,202,3,0,33,0.99544445723797803,0.99519384314210113,-0.022335666944773118,1,0,-1,STABLE,4.6183196188168668e-16,8.1425379867225199e-17,1
B3_D2_Original,B3,2,Original,full-grid,203,3,1,34,0.9955261447384226,0.99527497939626919,-0.022361132473619559,1,0,-1,STABLE,4.0570151069500242e-16,8.8916398912289821e-17,1
B3_D2_Original,B3,2,Original,full-grid,204,3,2,35,0.9956085080978746,0.99535682142276438,-0.022385250591551411,1,0,-1,STABLE,3.9941464830903974e-16,8.8916398912289808e-17,1
B3_D2_Original,B3,2,Original,full-grid,205,3,3,36,0.99569152355355317,0.99543934594087957,-0.022408003685950802,1,0,-1,STABLE,2.718662695978675e-16,8.8916398911914089e-17,1
B3_D2_Original,B3,2,Original,full-grid,206,3,4,37,0.99577516705775904,0.99552252937669783,-0.022429374318730003,1,0,-1,STABLE,3.1895397123463699e-16,8.8916398912289808e-17,1
B3_D2_Original,B3,2,Original,full-grid,207,3,5,38,0.99585941424820745,0.99560634783362056,-0.022449345206097919,1,0,-1,STABLE,3.169399632867359e-16,8.8916398912289808e-17,1
B3_D2_Original,B3,2,Original,full-grid,208,3,6,39,0.9959442404144806,0.99569077705892439,-0.022467899202456815,1,0,-1,STABLE,3.5216030891366766e-16,8.8916398912289808e-17,1
B3_D2_Original,B3,2,Original,full-grid,209,3,7,40,0.99602962046098853,0.99577579240674985,-0.022485019287745506,1,0,-1,STABLE,3.9309647390168342e-16,8.8916398911914101e-17,1
B3_D2_Original,B3,2,Original,full-grid,210,3,8,41,0.99611552886667876,0.99586136879772857,-0.022500688559634323,1,0,-1,STABLE,3.5709710693276715e-16,8.8916398912289784e-17,1
B3_D2_Original,B3,2,Original,full-grid,211,3,9,42,0.99620193964195347,0.99594748067571193,-0.022514890230524623,1,0,-1,STABLE,3.7032259060671731e-16,8.8916398912289821e-17,1
B3_D2_Original,B3,2,Original,full-grid,212,3,10,43,0.99628882628320004,0.9960341019619946,-0.02252760762973428,1,0,-1,STABLE,2.6168618320036729e-16,8.8916398912289808e-17,1
B3_D2_Original,B3,2,Original,full-grid,213,3,11,44,0.99637616172537857,0.99612120600745979,-0.02253882421160109,1,0,-1,STABLE,2.5955124071408953e-16,8.8916398911914101e-17,1
B3_D2_Original,B3,2,Original,full-grid,214,3,12,45,0.99646391829323655,0.99620876554322502,-0.02254852356926848,1,0,-1,STABLE,5.2357812653164382e-16,8.8916398912289784e-17,1
B3_D2_Original,B3,2,Original,full-grid,215,3,13,46,0.99655206765169657,0.99629675263030659,-0.022556689455170784,1,0,-1,STABLE,2.0597888860677794e-16,8.8916398912289784e-17,1
B3_D2_Original,B3,2,Original,full-grid,216,3,14,47,0.99664058075601281,0.9963851386089122,-0.022563305807915143,1,0,-1,STABLE,4.6155118080295209e-16,8.8916398912289796e-17,1
B3_D2_Original,B3,2,Original,full-grid,217,3,15,48,0.99672942780239193,0.9964738940480361,-0.022568356786148734,1,0,-1,STABLE,1.5488998098204475e-16,8.8916398911914113e-17,1
B3_D2_Original,B3,2,Original,full-grid,218,3,16,49,0.99681857817969044,0.99656298869598359,-0.022571826809291175,1,0,-1,STABLE,2.608623446284466e-16,8.8916398912289808e-17,1
B3_D2_Original,B3,2,Original,full-grid,219,3,17,50,0.99690800042305205,0.99665239143266549,-0.022573700605725187,1,0,-1,STABLE,4.2971215995929186e-16,8.8916398912289808e-17,1
B3_D2_Original,B3,2,Original,full-grid,220,3,18,51,0.99699766217016084,0.99674207022436412,-0.022573963267776238,1,0,-1,STABLE,3.1273029410456261e-16,8.8916398912289808e-17,1
B3_D2_Original,B3,2,Original,full-grid,221,3,19,52,0.99708753012091322,0.99683199208175055,-0.022572600314361278,1,0,-1,STABLE,1.8462737750681268e-16,8.8916398911914089e-17,1
B3_D2_Original,B3,2,Original,full-grid,222,3,20,53,0.99717757000144724,0.99692212302212102,-0.022569597760221792,1,0,-1,STABLE,2.9884728201035064e-16,8.8916398912289808e-17,1
B3_D2_Original,B3,2,Original,full-grid,223,3,21,54,0.99726774653326289,0.99701242803657064,-0.022564942192580793,1,0,-1,STABLE,3.1572969830258369e-16,8.8916398912289808e-17,1
B3_D2_Original,B3,2,Original,full-grid,224,3,22,55,0.9973580234083359,0.9971028710630353,-0.022558620854000535,1,0,-1,STABLE,2.0378863216975889e-16,8.8916398912289808e-17,1
B3_D2_Original,B3,2,Original,full-grid,225,3,23,56,0.99744836327114006,0.99719341496612046,-0.022550621731624618,1,0,-1,STABLE,3.3659452189736301e-16,8.8916398911914101e-17,1
B3_D2_Original,B3,2,Original,full-grid,226,3,24,57,0.99753872770837793,0.99728402152452955,-0.022540933652158764,1,0,-1,STABLE,2.7216325562269778e-16,8.8916398912289784e-17,1
B3_D2_Original,B3,2,Original,full-grid,227,3,25,58,0.99762907724720029,0.99737465142689863,-0.022529546381874908,1,0,-1,STABLE,3.0931914764768075e-16,8.8916398912289821e-17,1
B3_D2_Original,B3,2,Original,full-grid,228,3,26,59,0.9977193713628324,0.99746526427696636,-0.02251645073112532,1,0,-1,STABLE,2.5644284888420256e-16,8.8916398912289808e-17,1
B3_D2_Original,B3,2,Original,full-grid,229,3,27,60,0.99780956849621039,0.997555818608717,-0.022501638662237096,1,0,-1,STABLE,3.3519775619668416e-16,8.8916398911914101e-17,1
B3_D2_Original,B3,2,Original,full-grid,230,3,28,61,0.99789962608233951,0.99764627191222544,-0.022485103400056151,1,0,-1,STABLE,2.3637434564621576e-16,8.8916398912289784e-17,1
B3_D2_Original,B3,2,Original,full-grid,231,3,29,62,0.99798950058993863,0.99773658067080206,-0.022466839543896885,1,0,-1,STABLE,4.5627936238812819e-16,8.8916398912289784e-17,1
B3_D2_Original,B3,2,Original,full-grid,232,3,30,63,0.99807914757278471,0.99782670040988131,-0.022446843179954139,1,0,-1,STABLE,5.5221009026820249e-16,8.8916398912289796e-17,1
B3_D2_Original,B3,2,Original,full-grid,233,3,31,64,0.99816852173309334,0.99791658575802411,-0.02242511199251521,1,0,-1,STABLE,1.7323961614196557e-16,8.8916398911914113e-17,1
B3_D2_Original,B3,2,Original,full-grid,234,3,32,65,0.99825757699715867,0.99800619052028972,-0.022401645372994026,1,0,-1,STABLE,2.714151875364476e-16,8.8916398912289808e-17,1
B3_D2_Original,B3,2,Original,full-grid,235,3,33,66,0.9983462666031756,0.9980954677639351,-0.022376444525228079,1,0,-1,STABLE,5.2972494807662385e-16,8.8916398912289808e-17,1
B3_D2_Original,B3,2,Original,full-grid,236,3,34,67,0.99843454320115976,0.99818436991639903,-0.02234951256538377,1,0,-1,STABLE,3.3046098399613724e-16,8.8916398912289808e-17,1
B3_D2_Original,B3,2,Original,full-grid,237,3,35,68,0.99852235896451425,0.99827284887514511,-0.022320854615361565,1,0,-1,STABLE,3.4109205430483414e-16,8.8916398911914089e-17,1
B3_D2_Original,B3,2,Original,full-grid,238,3,36,69,0.99860966571285648,0.99836085612901937,-0.022290477887975335,1,0,-1,STABLE,5.1420104424318643e-16,8.8916398912289808e-17,1
B3_D2_Original,B3,2,Original,full-grid,239,3,37,70,0.99869641504519857,0.99844834289024931,-0.02225839176235718,1,0,-1,STABLE,4.3298352406091719e-16,8.8916398912289808e-17,1
B3_D2_Original,B3,2,Original,full-grid,240,3,38,71,0.99878255848262354,0.99853526023624906,-0.02222460784854759,1,0,-1,STABLE,3.0926718070119199e-16,8.8916398912289808e-17,1
B3_D2_Original,B3,2,Original,full-grid,241,3,39,72,0.99886804761928727,0.99862155926009255,-0.02218914003985413,1,0,-1,STABLE,4.1301713015702294e-16,8.8916398911914101e-17,1
B3_D2_Original,B3,2,Original,full-grid,242,3,40,73,0.99895283428055059,0.9987071912284875,-0.022152004551522577,1,0,-1,STABLE,2.8239828613848867e-16,8.8916398912289784e-17,1
B3_D2_Original,B3,2,Original,full-grid,243,3,41,74,0.99903687068660074,0.99879210774561333,-0.022113219945332538,1,0,-1,STABLE,3.777295918305399e-16,8.8916398912289821e-17,1
B3_D2_Original,B3,2,Original,full-grid,244,3,42,75,0.99912010962006415,0.99887626092135617,-0.022072807138650244,1,0,-1,STABLE,3.1378785936927505e-16,8.8916398912289808e-17,1
B3_D2_Original,B3,2,Original,full-grid,245,3,43,76,0.99920250459592264,0.99895960354224056,-0.022030789397889088,1,0,-1,STABLE,3.3615016810798562e-16,8.8916398911914101e-17,1
B3_D2_Original,B3,2,Original,full-grid,246,3,44,77,0.99928401003179113,0.99904208924313975,-0.021987192315507238,1,0,-1,STABLE,3.720903750177883e-16,8.8916398912289784e-17,1
B3_D2_Original,B3,2,Original,full-grid,247,3,45,78,0.99936458141684592,0.9991236726780276,-0.021942043770749542,1,0,-1,STABLE,2.3999966318966787e-16,8.8916398912289784e-17,1
B3_D2_Original,B3,2,Original,full-grid,248,3,46,79,0.99944417547751818,0.99920430968788643,-0.021895373874196874,1,0,-1,STABLE,3.6506196613821274e-16,8.8916398912289796e-17,1
B3_D2_Original,B3,2,Original,full-grid,249,3,47,80,0.99952275033799753,0.99928395746380372,-0.021847214896046026,1,0,-1,STABLE,4.3824623524843681e-16,8.8916398911914113e-17,1
B3_D2_Original,B3,2,Original,full-grid,250,3,48,81,0.99960026567390403,0.9993625747035777,-0.021797601179391588,1,0,-1,STABLE,3.8867539623388227e-16,8.8916398912289808e-17,1
B3_D2_Original,B3,2,Original,full-grid,251,3,49,82,0.99967668285738542,0.99944012176007146,-0.021746569038790763,1,0,-1,STABLE,3.0188211418408772e-16,8.8916398912289808e-17,1
B3_D2_Original,B3,2,Original,full-grid,252,3,50,83,0.99975196509210273,0.99951656077974704,-0.02169415664521741,1,0,-1,STABLE,2.9740253229969303e-16,8.8916398912289808e-17,1
B3_D2_Original,B3,2,Original,full-grid,253,3,51,84,0.99982607753673391,0.99959185582995824,-0.021640403898974175,1,0,-1,STABLE,3.7788696291466579e-16,8.8916398911914089e-17,1
B3_D2_Original,B3,2,Original,full-grid,254,3,52,85,0.99989898741563699,0.99966597301361737,-0.021585352291631475,1,0,-1,STABLE,4.0067454403462154e-16,8.8916398912289808e-17,1
B3_D2_Original,B3,2,Original,full-grid,255,3,53,86,0.99997066411600832,0.99973888057052007,-0.021529044758516282,1,0,-1,STABLE,4.2992523001593527e-16,8.8916398912289808e-17,1
B3_D2_Original,B3,2,Original,full-grid,256,3,54,87,1.0000410792703818,0.99981054896413046,-0.021471525523679317,0,0,1,UNSTABLE,6.0618026398507579e-16,8.8916398912289808e-17,1
B3_D2_Original,B3,2,Original,full-grid,257,3,55,88,1.0001102068241177,0.99988095095343166,-0.021412839938704385,0,0,1,UNSTABLE,3.3436114128749457e-16,8.8916398911914101e-17,1
B3_D2_Original,B3,2,Original,full-grid,258,3,56,89,1.000178023087581,0.99995006164949052,-0.021353034317447339,0,0,1,UNSTABLE,3.1938960113156261e-16,8.8916398912289784e-17,1
B3_D2_Original,B3,2,Original,full-grid,259,3,57,90,1.0002445067728156,1.0000178585565065,-0.021292155768082285,0,0,1,UNSTABLE,4.4525661941597854e-16,8.8916398912289821e-17,1
B3_D2_Original,B3,2,Original,full-grid,260,3,58,91,1.000309639014918,1.0000843215975002,-0.021230252024489485,0,0,1,UNSTABLE,3.1345944225429208e-16,8.8916398912289808e-17,1
B3_D2_Original,B3,2,Original,full-grid,261,3,59,92,1.0003734033783966,1.0001494331248892,-0.021167371278431026,0,0,1,UNSTABLE,3.3020381599365637e-16,8.8916398911914101e-17,1
B3_D2_Original,B3,2,Original,full-grid,262,3,60,93,1.0004357858490858,1.0002131779164842,-0.021103562014152193,0,0,1,UNSTABLE,4.4672478836610717e-16,8.8916398912289784e-17,1
B3_D2_Original,B3,2,Original,full-grid,263,3,61,94,1.0004967748122855,1.0002755431575445,-0.02103887284681797,0,0,1,UNSTABLE,3.6274585033484348e-16,8.8916398912289784e-17,1
B3_D2_Original,B3,2,Original,full-grid,264,3,62,95,1.0005563610179542,1.000336518409688,-0.020973352366145847,0,0,1,UNSTABLE,5.2869747364107749e-16,8.8916398912289796e-17,1
B3_D2_Original,B3,2,Original,full-grid,265,3,63,96,1.0006145375339253,1.0003960955676079,-0.020907048986317466,0,0,1,UNSTABLE,3.0863243636314159e-16,8.8916398911914113e-17,1
B3_D2_Original,B3,2,Original,full-grid,266,3,64,97,1.0006712996882128,1.0004542688046349,-0.020840010803260874,0,0,1,UNSTABLE,3.5675728295894152e-16,8.8916398912289808e-17,1
B3_D2_Original,B3,2,Original,full-grid,267,3,65,98,1.0007266450014536,1.0005110345081796,-0.02077228546014669,0,0,1,UNSTABLE,3.7189028027831256e-16,8.8916398912289808e-17,1
B3_D2_Original,B3,2,Original,full-grid,268,3,66,99,1.0007805731108066,1.0005663912063669,-0.020703920021630226,0,0,1,UNSTABLE,2.8114451775042389e-16,8.8916398912289808e-17,1
B3_D2_Original,B3,2,Original,full-grid,269,4,0,34,0.99544988240138532,0.9951992299514687,-0.022337436668870433,1,0,-1,STABLE,3.4382858777826424e-16,8.1425379867202864e-17,1
B3_D2_Original,B3,2,Original,full-grid,270,4,1,35,0.99553161990125327,0.99528041853131755,-0.022362797484630575,1,0,-1,STABLE,4.4765154111742128e-16,8.8916398912289821e-17,1
B3_D2_Original,B3,2,Original,full-grid,271,4,2,36,0.99561402960894763,0.9953623092950703,-0.022386808369025003,1,0,-1,STABLE,2.5339156013887199e-16,8.8916398911914101e-17,1
B3_D2_Original,B3,2,Original,full-grid,272,4,3,37,0.99569708763020726,0.99544487882701738,-0.022409451852768825,1,0,-1,STABLE,3.6577416851195369e-16,8.8916398912289808e-17,1
B3_D2_Original,B3,2,Original,full-grid,273,4,4,38,0.99578076979195396,0.99552810342413012,-0.022430710648811455,1,0,-1,STABLE,2.2751402942432943e-16,8.8916398912289808e-17,1
B3_D2_Original,B3,2,Original,full-grid,274,4,5,39,0.99586505161305983,0.99561195906702893,-0.022450567631910747,1,0,-1,STABLE,3.2987159144421941e-16,8.8916398912289808e-17,1
B3_D2_Original,B3,2,Original,full-grid,275,4,6,40,0.99594990827117669,0.99569642138692482,-0.022469005822170037,1,0,-1,STABLE,3.8395580214144985e-16,8.8916398911914113e-17,1
B3_D2_Original,B3,2,Original,full-grid,276,4,7,41,0.9960353145661246,0.99578146562904069,-0.022486008372285721,1,0,-1,STABLE,1.9421625171287142e-16,8.8916398912289784e-17,1
B3_D2_Original,B3,2,Original,full-grid,277,4,8,42,0.99612124488000364,0.99586706661264524,-0.022501558559650019,1,0,-1,STABLE,3.3217090795090231e-16,8.8916398912289808e-17,1
B3_D2_Original,B3,2,Original,full-grid,278,4,9,43,0.99620767313453873,0.99595319868822418,-0.02251563978275329,1,0,-1,STABLE,3.4134413886577987e-16,8.8916398912289784e-17,1
B3_D2_Original,B3,2,Original,full-grid,279,4,10,44,0.99629457274601574,0.99603983569210941,-0.022528235563433013,1,0,-1,STABLE,3.6110841473451996e-16,8.8916398911914101e-17,1
B3_D2_Original,B3,2,Original,full-grid,280,4,11,45,0.99638191657833419,0.99612695089910575,-0.022539329554470761,1,0,-1,STABLE,2.5746363428773195e-16,8.8916398912289784e-17,1
B3_D2_Original,B3,2,Original,full-grid,281,4,12,46,0.99646967689465482,0.9962145169735761,-0.0225489055530937,1,0,-1,STABLE,4.3392338915145254e-16,8.8916398912289808e-17,1
B3_D2_Original,B3,2,Original,full-grid,282,4,13,47,0.99655782530822201,0.99630250591955072,-0.022556947521251255,1,0,-1,STABLE,2.7416369234580439e-16,8.8916398912289821e-17,1
B3_D2_Original,B3,2,Original,full-grid,283,4,14,48,0.99664633273298597,0.99639088903050044,-0.022563439611880093,1,0,-1,STABLE,2.7181074338657157e-16,8.8916398911914113e-17,1
B3_D2_Original,B3,2,Original,full-grid,284,4,15,49,0.996735169334659,0.99647963683938312,-0.02256836620233723,1,0,-1,STABLE,2.427422846639285e-16,8.8916398912289808e-17,1
B3_D2_Original,B3,2,Original,full-grid,285,4,16,50,0.99682430448287063,0.99656871906963174,-0.022571711934895995,1,0,-1,STABLE,3.787841437947513e-16,8.8916398912289808e-17,1
B3_D2_Original,B3,2,Original,full-grid,286,4,17,51,0.99691370670523238,0.99665810458790305,-0.022573461764081836,1,0,-1,STABLE,3.2473004028516833e-16,8.8916398912289784e-17,1
B3_D2_Original,B3,2,Original,full-grid,287,4,18,52,0.99700334364400867,0.99674776135926879,-0.022573601011348681,1,0,-1,STABLE,3.1112337804770627e-16,8.8916398911914101e-17,1
B3_D2_Original,B3,2,Original,full-grid,288,4,19,53,0.99709318201622577,0.99683765640569821,-0.022572115426730509,1,0,-1,STABLE,3.7034882575322358e-16,8.8916398912289808e-17,1
B3_D2_Original,B3,2,Original,full-grid,289,4,20,54,0.99718318757804136,0.99692775576864423,-0.022568991257867446,1,0,-1,STABLE,2.8610927255557763e-16,8.8916398912289808e-17,1
B3_D2_Original,B3,2,Original,full-grid,290,4,21,55,0.99727332509420874,0.99701802447659249,-0.022564215325422982,1,0,-1,STABLE,3.2810069212280421e-16,8.8916398912289808e-17,1
B3_D2_Original,B3,2,Original,full-grid,291,4,22,56,0.99736355831353585,0.99710842651846754,-0.022557775105352149,1,0,-1,STABLE,4.4562259001869093e-16,8.8916398911914113e-17,1
B3_D2_Original,B3,2,Original,full-grid,292,4,23,57,0.99745384995112518,0.99719892482370276,-0.022549658817222817,1,0,-1,STABLE,5.0531468757446242e-16,8.8916398912289784e-17,1
B3_D2_Original,B3,2,Original,full-grid,293,4,24,58,0.99754416167826498,0.99728948124985628,-0.022539855518280361,1,0,-1,STABLE,3.1822712254739168e-16,8.8916398912289808e-17,1
B3_D2_Original,B3,2,Original,full-grid,294,4,25,59,0.99763445412082297,0.99738005657864526,-0.02252835520251989,1,0,-1,STABLE,3.2970867511698421e-16,8.8916398912289784e-17,1
B3_D2_Original,B3,2,Original,full-grid,295,4,26,60,0.99772468686689164,0.99747061052116714,-0.022515148903951381,1,0,-1,STABLE,3.6767094424914744e-16,8.8916398911914101e-17,1
B3_D2_Original,B3,2,Original,full-grid,296,4,27,61,0.9978148184843777,0.99756110173301937,-0.022500228803638025,1,0,-1,STABLE,2.6435918327718771e-16,8.8916398912289784e-17,1
B3_D2_Original,B3,2,Original,full-grid,297,4,28,62,0.99790480654921432,0.99765148784003099,-0.022483588338990165,1,0,-1,STABLE,2.6503378005919119e-16,8.8916398912289808e-17,1
B3_D2_Original,B3,2,Original,full-grid,298,4,29,63,0.99799460768475301,0.99774172547518392,-0.022465222314654532,1,0,-1,STABLE,3.3397889796259524e-16,8.8916398912289821e-17,1
B3_D2_Original,B3,2,Original,full-grid,299,4,30,64,0.99808417761273904,0.99783177032716219,-0.022445127013653612,1,0,-1,STABLE,3.0367025085234455e-16,8.8916398911914113e-17,1
B3_D2_Original,B3,2,Original,full-grid,300,4,31,65,0.99817347121626665,0.99792157720095687,-0.022423300307625502,1,0,-1,STABLE,2.2935731292913484e-16,8.8916398912289808e-17,1
B3_D2_Original,B3,2,Original,full-grid,301,4,32,66,0.99826244261476049,0.99801110009060934,-0.022399741764580646,1,0,-1,STABLE,3.2378403255883785e-16,8.8916398912289808e-17,1
B3_D2_Original,B3,2,Original,full-grid,302,4,33,67,0.99835104525109319,0.99810029226423524,-0.022374452753052176,1,0,-1,STABLE,3.3817517779197871e-16,8.8916398912289784e-17,1
B3_D2_Original,B3,2,Original,full-grid,303,4,34,68,0.99843923199066598,0.99818910636119074,-0.022347436541101062,1,0,-1,STABLE,3.915258704212698e-16,8.8916398911914101e-17,1
B3_D2_Original,B3,2,Original,full-grid,304,4,35,69,0.99852695523202828,0.99827749450099645,-0.02231869838852479,1,0,-1,STABLE,2.4304679968808919e-16,8.8916398912289808e-17,1
B3_D2_Original,B3,2,Original,full-grid,305,4,36,70,0.99861416702859085,0.99836540840360188,-0.022288245631175995,1,0,-1,STABLE,3.0669690409924647e-16,8.8916398912289808e-17,1
B3_D2_Original,B3,2,Original,full-grid,306,4,37,71,0.99870081922066456,0.99845279952025878,-0.022256087755584446,1,0,-1,STABLE,2.6656314397041653e-16,8.8916398912289808e-17,1
B3_D2_Original,B3,2,Original,full-grid,307,4,38,72,0.99878686357675461,0.99853961917396306,-0.022222236462773604,1,0,-1,STABLE,2.2590947957770442e-16,8.8916398911914113e-17,1
B3_D2_Original,B3,2,Original,full-grid,308,4,39,73,0.99887225194334228,0.99862581870871869,-0.022186705719991019,1,0,-1,STABLE,2.0165516507774938e-16,8.8916398912289784e-17,1
B3_D2_Original,B3,2,Original,full-grid,309,4,40,74,0.99895693640143923,0.99871134964594099,-0.022149511798958268,1,0,-1,STABLE,3.8399159795013474e-16,8.8916398912289808e-17,1
B3_D2_Original,B3,2,Original,full-grid,310,4,41,75,0.9990408694287628,0.99879616384685654,-0.022110673300052036,1,0,-1,STABLE,3.1367469106130503e-16,8.8916398912289784e-17,1
B3_D2_Original,B3,2,Original,full-grid,311,4,42,76,0.99912400406586033,0.99888021367924296,-0.022070211161360022,1,0,-1,STABLE,2.5277076573887737e-16,8.8916398911914101e-17,1
B3_D2_Original,B3,2,Original,full-grid,312,4,43,77,0.99920629408440542,0.99896345218674532,-0.022028148651932065,1,0,-1,STABLE,2.8162639817162134e-16,8.8916398912289784e-17,1
B3_D2_Original,B3,2,Original,full-grid,313,4,44,78,0.99928769415597318,0.99904583325906682,-0.02198451134909634,1,0,-1,STABLE,4.0431175894277693e-16,8.8916398912289808e-17,1
B3_D2_Original,B3,2,Original,full-grid,314,4,45,79,0.99936816001948159,0.99912731180122583,-0.021939327099528685,1,0,-1,STABLE,3.4015422616228443e-16,8.8916398912289821e-17,1
B3_D2_Original,B3,2,Original,full-grid,315,4,46,80,0.99944764864534197,0.99920784389990591,-0.021892625964101062,1,0,-1,STABLE,4.3270058119771519e-16,8.8916398911914113e-17,1
B3_D2_Original,B3,2,Original,full-grid,316,4,47,81,0.99952611839462302,0.99928738698518793,-0.021844440147035436,1,0,-1,STABLE,2.2819790660277467e-16,8.8916398912289808e-17,1
B3_D2_Original,B3,2,Original,full-grid,317,4,48,82,0.99960352917140316,0.99936589998581304,-0.021794803909885408,1,0,-1,STABLE,3.8967149122563145e-16,8.8916398912289808e-17,1
B3_D2_Original,B3,2,Original,full-grid,318,4,49,83,0.99967984256663689,0.99944334347628394,-0.021743753470883569,1,0,-1,STABLE,4.0774951835788146e-16,8.8916398912289784e-17,1
B3_D2_Original,B3,2,Original,full-grid,319,4,50,84,0.99975502199208011,0.99951967981430156,-0.021691326891195069,1,0,-1,STABLE,3.3896691829200701e-16,8.8916398911914101e-17,1
B3_D2_Original,B3,2,Original,full-grid,320,4,51,85,0.9998290328027345,0.99959487326697238,-0.021637563948765322,1,0,-1,STABLE,3.2875251132137747e-16,8.8916398912289808e-17,1
B3_D2_Original,B3,2,Original,full-grid,321,4,52,86,0.99990184240685931,0.99966889012478843,-0.021582506001518325,1,0,-1,STABLE,3.9511965911691983e-16,8.8916398912289808e-17,1
B3_D2_Original,B3,2,Original,full-grid,322,4,53,87,0.99997342036232229,0.99974169880211017,-0.021526195841170645,1,0,-1,STABLE,2.9863370875214807e-16,8.8916398912289808e-17,1
B3_D2_Original,B3,2,Original,full-grid,323,4,54,88,1.000043738458569,0.99981326992338593,-0.021468677539552113,0,0,1,UNSTABLE,3.1088172662793588e-16,8.8916398911914113e-17,1
B3_D2_Original,B3,2,Original,full-grid,324,4,55,89,1.0001127707838533,0.99988357639470959,-0.021409996288679959,0,0,1,UNSTABLE,3.467032247675083e-16,8.8916398912289784e-17,1
B3_D2_Original,B3,2,Original,full-grid,325,4,56,90,1.0001804937770811,0.99995259346001397,-0.021350198236967172,0,0,1,UNSTABLE,2.4369534909503809e-16,8.8916398912289808e-17,1
B3_D2_Original,B3,2,Original,full-grid,326,4,57,91,1.0002468862644693,1.000020298742075,-0.021289330322428988,0,0,1,UNSTABLE,3.5380237305434766e-16,8.8916398912289784e-17,1
B3_D2_Original,B3,2,Original,full-grid,327,4,58,92,1.0003119294809626,1.0000866722682022,-0.021227440105670407,0,0,1,UNSTABLE,3.2652801176223703e-16,8.8916398911914101e-17,1
B3_D2_Original,B3,2,Original,full-grid,328,4,59,93,1.000375607076784,1.000151696480982,-0.021164575603064648,0,0,1,UNSTABLE,4.1559831348602352e-16,8.8916398912289784e-17,1
B3_D2_Original,B3,2,Original,full-grid,329,4,60,94,1.000437905109665,1.0002153562345568,-0.021100785122684092,0,0,1,UNSTABLE,3.5519890629521621e-16,8.8916398912289808e-17,1
B3_D2_Original,B3,2,Original,full-grid,330,4,61,95,1.0004988120234195,1.0002776387770871,-0.021036117103891819,0,0,1,UNSTABLE,3.050597589822598e-16,8.8916398912289821e-17,1
B3_D2_Original,B3,2,Original,full-grid,331,4,62,96,1.0005583186135862,1.0003385337200883,-0.020970619961997707,0,0,1,UNSTABLE,3.3778037934338509e-16,8.8916398911914113e-17,1
B3_D2_Original,B3,2,Original,full-grid,332,4,63,97,1.0006164179813255,1.0003980329958027,-0.020904341939111018,0,0,1,UNSTABLE,2.6861706731255117e-16,8.8916398912289808e-17,1
B3_D2_Original,B3,2,Original,full-grid,333,4,64,98,1.0006731054762763,1.0004561308032951,-0.020837330962366299,0,0,1,UNSTABLE,4.6327782255065188e-16,8.8916398912289808e-17,1
B3_D2_Original,B3,2,Original,full-grid,334,4,65,99,1.0007283786298256,1.0005128235447032,-0.020769634510143985,0,0,1,UNSTABLE,2.8306239676506994e-16,8.8916398912289784e-17,1
B3_D2_Original,B3,2,Original,full-grid,335,4,66,100,1.0007822370796526,1.0005681097525061,-0.020701299487006136,0,0,1,UNSTABLE,2.860711406604714e-16,8.8916398911914101e-17,1
B3_D2_Original,B3,2,Original,full-grid,336,5,0,35,0.99545531554664934,0.99520462463647119,-0.022339211093046669,1,0,-1,STABLE,2.5899458183020434e-16,8.1425379867225199e-17,1
B3_D2_Original,B3,2,Original,full-grid,337,5,1,36,0.99553710313117294,0.99528586563306476,-0.022364466947562747,1,0,-1,STABLE,4.5839499440588088e-16,8.8916398911914089e-17,1
B3_D2_Original,B3,2,Original,full-grid,338,5,2,37,0.99561955925929957,0.99536780521215051,-0.022388370347753414,1,0,-1,STABLE,4.1557933440602956e-16,8.8916398912289808e-17,1
B3_D2_Original,B3,2,Original,full-grid,339,5,3,38,0.99570265990523765,0.99545041982294347,-0.022410903968621571,1,0,-1,STABLE,3.3066357993708004e-16,8.8916398912289808e-17,1
B3_D2_Original,B3,2,Original,full-grid,340,5,4,39,0.99578638077061488,0.99553368563336475,-0.022432050675070123,1,0,-1,STABLE,3.6385771672164123e-16,8.8916398912289784e-17,1
B3_D2_Original,B3,2,Original,full-grid,341,5,5,40,0.99587069725555322,0.99561757850132593,-0.022451793501136991,1,0,-1,STABLE,4.0374443416205515e-16,8.8916398911914126e-17,1
B3_D2_Original,B3,2,Original,full-grid,342,5,6,41,0.99595558442596888,0.99570207394214394,-0.022470115633587452,1,0,-1,STABLE,5.7234771816005682e-16,8.8916398912289784e-17,1
B3_D2_Original,B3,2,Original,full-grid,343,5,7,42,0.99604101697732939,0.99578714709233951,-0.022487000398714922,1,0,-1,STABLE,2.6657232006965493e-16,8.8916398912289808e-17,1
B3_D2_Original,B3,2,Original,full-grid,344,5,8,43,0.99612696919520038,0.99587277267011398,-0.022502431254319284,1,0,-1,STABLE,3.0937591676511291e-16,8.8916398912289784e-17,1
B3_D2_Original,B3,2,Original,full-grid,345,5,9,44,0.9962134149129821,0.99595892493291682,-0.022516391785846124,1,0,-1,STABLE,3.6630255073152146e-16,8.8916398911914101e-17,1
B3_D2_Original,B3,2,Original,full-grid,346,5,10,45,0.99630032746730424,0.99604557763254575,-0.022528865708372266,1,0,-1,STABLE,4.1535622608688092e-16,8.8916398912289808e-17,1
B3_D2_Original,B3,2,Original,full-grid,347,5,11,46,0.99638767965148978,0.9961327039681922,-0.022539836873800036,1,0,-1,STABLE,3.064672891922492e-16,8.8916398912289784e-17,1
B3_D2_Original,B3,2,Original,full-grid,348,5,12,47,0.99647544366763041,0.99622027653796497,-0.02254928928417721,1,0,-1,STABLE,2.8795408916566898e-16,8.8916398912289796e-17,1
B3_D2_Original,B3,2,Original,full-grid,349,5,13,48,0.99656359107787917,0.99630826728948141,-0.022557207111463903,1,0,-1,STABLE,5.167117776744232e-16,8.8916398911914113e-17,1
B3_D2_Original,B3,2,Original,full-grid,350,5,14,49,0.9966520927555047,0.99639664747008594,-0.022563574723445504,1,0,-1,STABLE,2.464247133675204e-16,8.8916398912289784e-17,1
B3_D2_Original,B3,2,Original,full-grid,351,5,15,50,0.99674091883637284,0.99648538757733074,-0.022568376716851222,1,0,-1,STABLE,3.2661546839917551e-16,8.8916398912289784e-17,1
B3_D2_Original,B3,2,Original,full-grid,352,5,16,51,0.99683003867156816,0.99657445731045313,-0.022571597957080598,1,0,-1,STABLE,2.5509116227996481e-16,8.8916398912289808e-17,1
B3_D2_Original,B3,2,Original,full-grid,353,5,17,52,0.99699172129982327,0.99415177354383255,-0.075198028564827463,1,0,-1,STABLE,3.1852330451468857e-16,8.8916398911914089e-17,1
B3_D2_Original,B3,2,Original,full-grid,354,5,18,53,0.99714133099747015,0.99432805400748403,-0.074850217081157702,1,0,-1,STABLE,3.2407953341546013e-16,8.8916398912289821e-17,1
B3_D2_Original,B3,2,Original,full-grid,355,5,19,54,0.99726601406643733,0.99447996987027953,-0.074492230056345726,1,0,-1,STABLE,2.4077771574243201e-16,8.8916398912289808e-17,1
B3_D2_Original,B3,2,Original,full-grid,356,5,20,55,0.99736580356609805,0.99460740478482768,-0.074125950046112082,1,0,-1,STABLE,2.6817070632644644e-16,8.8916398912289784e-17,1
B3_D2_Original,B3,2,Original,full-grid,357,5,21,56,0.99744089121542445,0.9947104113636942,-0.073753162598566374,1,0,-1,STABLE,4.1119316926650456e-16,8.8916398911914126e-17,1
B3_D2_Original,B3,2,Original,full-grid,358,5,22,57,0.99749160262002756,0.99478918732005139,-0.073375541487494561,1,0,-1,STABLE,2.7263961959836153e-16,8.8916398912289784e-17,1
B3_D2_Original,B3,2,Original,full-grid,359,5,23,58,0.99751837268056209,0.99484405139057119,-0.072994638488532326,1,0,-1,STABLE,3.0372321895605756e-16,8.8916398912289808e-17,1
B3_D2_Original,B3,2,Original,full-grid,360,5,24,59,0.99754960266852655,0.99729494800526763,-0.022538776970046602,1,0,-1,STABLE,2.7450562179573688e-16,8.8916398912289784e-17,1
B3_D2_Original,B3,2,Original,full-grid,361,5,25,60,0.99763983789344246,0.99738546864160416,-0.022527163483707049,1,0,-1,STABLE,3.0894445403400194e-16,8.8916398911914101e-17,1
B3_D2_Original,B3,2,Original,full-grid,362,5,26,61,0.99773000914791621,0.99747596355684487,-0.022513846420473028,1,0,-1,STABLE,1.8687792759445021e-16,8.8916398912289808e-17,1
B3_D2_Original,B3,2,Original,full-grid,363,5,27,62,0.99782007512742343,0.99756639152880955,-0.022498818179783723,1,0,-1,STABLE,2.3416978196740609e-16,8.8916398912289784e-17,1
B3_D2_Original,B3,2,Original,full-grid,364,5,28,63,0.99790999354937293,0.99765671031963854,-0.022482072411292593,1,0,-1,STABLE,3.2276771994348742e-16,8.8916398912289796e-17,1
B3_D2_Original,B3,2,Original,full-grid,365,5,29,64,0.99799972119223979,0.99774687671248707,-0.022463604124572607,1,0,-1,STABLE,4.9547721200606295e-16,8.8916398911914113e-17,1
B3_D2_Original,B3,2,Original,full-grid,366,5,30,65,0.99808921394621009,0.99783684655977223,-0.02244340979916596,1,0,-1,STABLE,2.1646985316221971e-16,8.8916398912289784e-17,1
B3_D2_Original,B3,2,Original,full-grid,367,5,31,66,0.99817842687562019,0.99792657484329284,-0.022421487493508863,1,0,-1,STABLE,3.2889846695977938e-16,8.8916398912289784e-17,1
B3_D2_Original,B3,2,Original,full-grid,368,5,32,67,0.99826731429332294,0.99801601574638577,-0.022397836951677203,1,0,-1,STABLE,3.2156189888064848e-16,8.8916398912289808e-17,1
B3_D2_Original,B3,2,Original,full-grid,369,5,33,68,0.99835582984716065,0.99810512273832797,-0.022372459706523136,1,0,-1,STABLE,3.4427020634280681e-16,8.8916398911914089e-17,1
B3_D2_Original,B3,2,Original,full-grid,370,5,34,69,0.99844392661809578,0.99819384867058503,-0.022345359177388273,1,0,-1,STABLE,2.8089298888084621e-16,8.8916398912289821e-17,1
B3_D2_Original,B3,2,Original,full-grid,371,5,35,70,0.99853155722996301,0.99828214588488695,-0.022316540761510753,1,0,-1,STABLE,2.9773368851341044e-16,8.8916398912289808e-17,1
B3_D2_Original,B3,2,Original,full-grid,372,5,36,71,0.998618673970041,0.99836996633237329,-0.022286011917318198,1,0,-1,STABLE,4.5190879066489033e-16,8.8916398912289784e-17,1
B3_D2_Original,B3,2,Original,full-grid,373,5,37,72,0.99870522891988522,0.99845726170328042,-0.022253782238245118,1,0,-1,STABLE,2.6468685725916791e-16,8.8916398911914126e-17,1
B3_D2_Original,B3,2,Original,full-grid,374,5,38,73,0.99879117409545992,0.99854398356623486,-0.022219863515829306,1,0,-1,STABLE,2.5618021713062507e-16,8.8916398912289784e-17,1
B3_D2_Original,B3,2,Original,full-grid,375,5,39,74,0.99887646159542098,0.99863008351603244,-0.022184269790790457,1,0,-1,STABLE,3.1407619946752467e-16,8.8916398912289808e-17,1
B3_D2_Original,B3,2,Original,full-grid,376,5,40,75,0.99896104375629136,0.99871551332866826,-0.022147017390925051,1,0,-1,STABLE,4.3616712696216994e-16,8.8916398912289784e-17,1
B3_D2_Original,B3,2,Original,full-grid,377,5,41,76,0.99904487331316494,0.99880022512226851,-0.022108124954951108,1,0,-1,STABLE,2.4280000013725674e-16,8.8916398911914101e-17,1
B3_D2_Original,B3,2,Original,full-grid,378,5,42,77,0.99912790356426806,0.9988841715222736,-0.022067613441208389,1,0,-1,STABLE,3.5298371572536272e-16,8.8916398912289808e-17,1
B3_D2_Original,B3,2,Original,full-grid,379,5,43,78,0.99921008853771431,0.99896730582919946,-0.022025506121255069,1,0,-1,STABLE,2.711988330326846e-16,8.8916398912289784e-17,1
B3_D2_Original,B3,2,Original,full-grid,380,5,44,79,0.99929138315881172,0.99904958218736095,-0.021981828557030608,1,0,-1,STABLE,2.8409649758688841e-16,8.8916398912289796e-17,1
B3_D2_Original,B3,2,Original,full-grid,381,5,45,80,0.99937174341589508,0.99913095575250077,-0.021936608562396695,1,0,-1,STABLE,2.1006934711305076e-16,8.8916398911914113e-17,1
B3_D2_Original,B3,2,Original,full-grid,382,5,46,81,0.99945112652312662,0.99921138285677635,-0.021889876148473542,1,0,-1,STABLE,2.5110023554815078e-16,8.8916398912289784e-17,1
B3_D2_Original,B3,2,Original,full-grid,383,5,47,82,0.99952949107817357,0.99929082116898216,-0.021841663453453175,1,0,-1,STABLE,4.3201142210035999e-16,8.8916398912289784e-17,1
B3_D2_Original,B3,2,Original,full-grid,384,5,48,83,0.99960679721329349,0.9993692298485275,-0.021792004657196613,1,0,-1,STABLE,2.9417126351754604e-16,8.8916398912289808e-17,1
B3_D2_Original,B3,2,Original,full-grid,385,5,49,84,0.99968300673802213,0.99944656969132528,-0.021740935881766645,1,0,-1,STABLE,3.7924309577274399e-16,8.8916398911914089e-17,1
B3_D2_Original,B3,2,Original,full-grid,386,5,50,85,0.99975808327193394,0.99952280326603959,-0.021688495078473986,1,0,-1,STABLE,2.368917233040717e-16,8.8916398912289821e-17,1
B3_D2_Original,B3,2,Original,full-grid,387,5,51,86,0.99983199236622744,0.99959789503939978,-0.021634721903018763,1,0,-1,STABLE,2.9899116484278529e-16,8.8916398912289808e-17,1
B3_D2_Original,B3,2,Original,full-grid,388,5,52,87,0.99990470161284051,0.99967181148925155,-0.021579657579806687,1,0,-1,STABLE,3.5424008459793298e-16,8.8916398912289784e-17,1
B3_D2_Original,B3,2,Original,full-grid,389,5,53,88,0.9999761807401526,0.99974452120435697,-0.021523344757109115,1,0,-1,STABLE,2.443500599397336e-16,8.8916398911914126e-17,1
B3_D2_Original,B3,2,Original,full-grid,390,5,54,89,1.0000464016944455,0.9998159949700699,-0.021465827354594878,0,0,1,UNSTABLE,4.0590205918518993e-16,8.8916398912289784e-17,1
B3_D2_Original,B3,2,Original,full-grid,391,5,55,90,1.000115338706751,0.99988620583947285,-0.021407150405000998,0,0,1,UNSTABLE,4.2718826183986129e-16,8.8916398912289808e-17,1
B3_D2_Original,B3,2,Original,full-grid,392,5,56,91,1.0001829683444934,0.9999551291893416,-0.021347359891307306,0,0,1,UNSTABLE,2.9551289084600354e-16,8.8916398912289784e-17,1
B3_D2_Original,B3,2,Original,full-grid,393,5,57,92,1.0002492695480396,1.0000227427609958,-0.02128650258172685,0,0,1,UNSTABLE,5.6163174813507474e-16,8.8916398911914101e-17,1
B3_D2_Original,B3,2,Original,full-grid,394,5,58,93,1.0003142236521845,1.0000890266860354,-0.021224625863629536,0,0,1,UNSTABLE,4.6513390954804977e-16,8.8916398912289808e-17,1
B3_D2_Original,B3,2,Original,full-grid,395,5,59,94,1.0003778143929334,1.0001539634972771,-0.021161777578208522,0,0,1,UNSTABLE,3.6662033881375112e-16,8.8916398912289784e-17,1
B3_D2_Original,B3,2,Original,full-grid,396,5,60,95,1.0004400278999781,1.0002175381252536,-0.021098005857561865,0,0,1,UNSTABLE,3.7201108700110568e-16,8.8916398912289796e-17,1
B3_D2_Original,B3,2,Original,full-grid,397,5,61,96,1.0005008526757124,1.0002797378810899,-0.021033358965353834,0,0,1,UNSTABLE,5.4989941930929807e-16,8.8916398911914113e-17,1
B3_D2_Original,B3,2,Original,full-grid,398,5,62,97,1.0005602795614039,1.0003405524263429,-0.020967885142616674,0,0,1,UNSTABLE,2.1141557326001455e-16,8.8916398912289784e-17,1
B3_D2_Original,B3,2,Original,full-grid,399,5,63,98,1.0006183016916372,1.0003999737308993,-0.020901632459516033,0,0,1,UNSTABLE,2.1349063592437259e-16,8.8916398912289784e-17,1
B3_D2_Original,B3,2,Original,full-grid,400,5,64,99,1.0006749144378668,1.0004579960197448,-0.020834648674468624,0,0,1,UNSTABLE,3.2715661446825814e-16,8.8916398912289808e-17,1
B3_D2_Original,B3,2,Original,full-grid,401,5,65,100,1.0007301153423462,1.0005146157098617,-0.020766981101108837,0,0,1,UNSTABLE,3.7748915981649735e-16,8.8916398911914089e-17,1
B3_D2_Original,B3,2,Original,full-grid,402,5,66,101,1.0007839040434356,1.0005698313382387,-0.02069867648399476,0,0,1,UNSTABLE,4.6735582431104816e-16,8.8916398912289821e-17,1
B3_D2_Original,B3,2,Original,full-grid,403,6,0,36,0.99546075785302179,0.9952100283543206,-0.022340991211331179,1,0,-1,STABLE,3.9638962896171093e-16,8.1425379867202852e-17,1
B3_D2_Original,B3,2,Original,full-grid,404,6,1,37,0.9955425956382673,0.99529132189021174,-0.022366141826731575,1,0,-1,STABLE,4.6405873487650582e-16,8.8916398912289808e-17,1
B3_D2_Original,B3,2,Original,full-grid,405,6,2,38,0.99562509828864398,0.99537331039302446,-0.022389937460910159,1,0,-1,STABLE,3.8427695442271273e-16,8.8916398912289808e-17,1
B3_D2_Original,B3,2,Original,full-grid,406,6,3,39,0.99570824164675475,0.99545597017679865,-0.02241236093411093,1,0,-1,STABLE,3.7111436604919219e-16,8.8916398912289808e-17,1
B3_D2_Original,B3,2,Original,full-grid,407,6,4,40,0.99579200128885259,0.99553927728030223,-0.022433395264017979,1,0,-1,STABLE,3.4081310003377098e-16,8.8916398911914113e-17,1
B3_D2_Original,B3,2,Original,full-grid,408,6,5,41,0.99587635249637274,0.99562320743877708,-0.022453023644965944,1,0,-1,STABLE,3.478923736348934e-16,8.8916398912289808e-17,1
B3_D2_Original,B3,2,Original,full-grid,409,6,6,42,0.99596127022359782,0.99570773605172613,-0.022471229431173138,1,0,-1,STABLE,2.9448907491172883e-16,8.8916398912289808e-17,1
B3_D2_Original,B3,2,Original,full-grid,410,6,7,43,0.99604672906182135,0.99579283814712172,-0.022487996123567236,1,0,-1,STABLE,3.477792485664612e-16,8.8916398912289784e-17,1
B3_D2_Original,B3,2,Original,full-grid,411,6,8,44,0.99613270320029812,0.99587848834229953,-0.022503307361135826,1,0,-1,STABLE,2.5363439989156361e-16,8.8916398911914101e-17,1
B3_D2_Original,B3,2,Original,full-grid,412,6,9,45,0.99621916638443231,0.99596466080197876,-0.022517146917239158,1,0,-1,STABLE,3.483238611196366e-16,8.8916398912289808e-17,1
B3_D2_Original,B3,2,Original,full-grid,413,6,10,46,0.99630609187154873,0.9960513291937545,-0.02252949870090162,1,0,-1,STABLE,2.6764793620328725e-16,8.8916398912289808e-17,1
B3_D2_Original,B3,2,Original,full-grid,414,6,11,47,0.99639345238480781,0.99613846664159889,-0.022540346763984878,1,0,-1,STABLE,4.276145464500912e-16,8.8916398912289821e-17,1
B3_D2_Original,B3,2,Original,full-grid,415,6,12,48,0.99648122006574147,0.99622604567785489,-0.022549675314142131,1,0,-1,STABLE,3.4025360294513744e-16,8.8916398911914113e-17,1
B3_D2_Original,B3,2,Original,full-grid,416,6,13,49,0.99664021769658062,0.99370193257114348,-0.076473477328171086,1,0,-1,STABLE,3.0158867581317959e-16,8.8916398912289808e-17,1
B3_D2_Original,B3,2,Original,full-grid,417,6,14,50,0.9968779314663837,0.99396259362859096,-0.076183808724824109,1,0,-1,STABLE,2.8779921243965634e-16,8.8916398912289808e-17,1
B3_D2_Original,B3,2,Original,full-grid,418,6,15,51,0.99709254209239662,0.99420132055334942,-0.075876687501853238,1,0,-1,STABLE,2.8681856742291982e-16,8.8916398912289808e-17,1
B3_D2_Original,B3,2,Original,full-grid,419,6,16,52,0.99728330934431531,0.99441720322600413,-0.075554119840822803,1,0,-1,STABLE,2.6387204196331482e-16,8.8916398911914101e-17,1
B3_D2_Original,B3,2,Original,full-grid,420,6,17,53,0.99744972227940853,0.99460956359466424,-0.075218112720946029,1,0,-1,STABLE,3.1701743737083181e-16,8.8916398912289808e-17,1
B3_D2_Original,B3,2,Original,full-grid,421,6,18,54,0.99759148385637442,0.99477794280687459,-0.07487064289616617,1,0,-1,STABLE,4.9784485443865608e-16,8.8916398912289808e-17,1
B3_D2_Original,B3,2,Original,full-grid,422,6,19,55,0.9977084917778809,0.99492208415005479,-0.074513629868669426,1,0,-1,STABLE,3.3435743712624524e-16,8.8916398912289808e-17,1
B3_D2_Original,B3,2,Original,full-grid,423,6,20,56,0.99780081668575316,0.99504191290155286,-0.074148913329694907,1,0,-1,STABLE,3.5196083888468449e-16,8.8916398911914113e-17,1
B3_D2_Original,B3,2,Original,full-grid,424,6,21,57,0.99786867880294317,0.99513751418611562,-0.073778235241904327,1,0,-1,STABLE,4.5293380198598361e-16,8.8916398912289808e-17,1
B3_D2_Original,B3,2,Original,full-grid,425,6,22,58,0.99791242401485547,0.99520910985895572,-0.073403226475064837,1,0,-1,STABLE,3.1379590907035522e-16,8.8916398912289808e-17,1
B3_D2_Original,B3,2,Original,full-grid,426,6,23,59,0.99793250023258606,0.99525703529859522,-0.073025397699096675,1,0,-1,STABLE,3.0184533723620744e-16,8.8916398912289784e-17,1
B3_D2_Original,B3,2,Original,full-grid,427,6,24,60,0.99792943470435891,0.99528171682759248,-0.072646134089029479,1,0,-1,STABLE,3.8894907022704892e-16,8.8916398911914101e-17,1
B3_D2_Original,B3,2,Original,full-grid,428,6,25,61,0.99790381275980578,0.99528365030238852,-0.072266693305493651,1,0,-1,STABLE,2.5561663042706525e-16,8.8916398912289808e-17,1
B3_D2_Original,B3,2,Original,full-grid,429,6,26,62,0.9978562582997873,0.99526338124192804,-0.071888206174145083,1,0,-1,STABLE,2.5146904605543884e-16,8.8916398912289808e-17,1
B3_D2_Original,B3,2,Original,full-grid,430,6,27,63,0.99782533984227584,0.99757168941586261,-0.022497406680218341,1,0,-1,STABLE,3.7437465176284307e-16,8.8916398912289821e-17,1
B3_D2_Original,B3,2,Original,full-grid,431,6,28,64,0.99791518848166305,0.99766194075364534,-0.022480555466071368,1,0,-1,STABLE,3.1060855474612977e-16,8.8916398911914113e-17,1
B3_D2_Original,B3,2,Original,full-grid,432,6,29,65,0.99800484249146471,0.99775203576640248,-0.022461984783467861,1,0,-1,STABLE,4.3527297681874177e-16,8.8916398912289808e-17,1
B3_D2_Original,B3,2,Original,full-grid,433,6,30,66,0.99809425793082784,0.99784193047081615,-0.022441691308032644,1,0,-1,STABLE,2.4499061714341357e-16,8.8916398912289808e-17,1
B3_D2_Original,B3,2,Original,full-grid,434,6,31,67,0.99818339004577183,0.99793158002594406,-0.022419673284685263,1,0,-1,STABLE,2.1540854286970104e-16,8.8916398912289808e-17,1
B3_D2_Original,B3,2,Original,full-grid,435,6,32,68,0.99827219334301864,0.99802093880486875,-0.022395930633256404,1,0,-1,STABLE,4.3810151892640925e-16,8.8916398911914101e-17,1
B3_D2_Original,B3,2,Original,full-grid,436,6,33,69,0.9983606216756965,0.99810996047835943,-0.02237046505039287,1,0,-1,STABLE,2.4384054667615221e-16,8.8916398912289808e-17,1
B3_D2_Original,B3,2,Original,full-grid,437,6,34,70,0.99844862834064985,0.99819859811032297,-0.022343280106361926,1,0,-1,STABLE,2.6823250131855799e-16,8.8916398912289808e-17,1
B3_D2_Original,B3,2,Original,full-grid,438,6,35,71,0.9985361661871951,0.99828680426490735,-0.022314381335369702,1,0,-1,STABLE,5.0435536521828799e-16,8.8916398912289808e-17,1
B3_D2_Original,B3,2,Original,full-grid,439,6,36,72,0.99862318773665371,0.99837453112463126,-0.022283776317958987,1,0,-1,STABLE,3.2040617720250262e-16,8.8916398911914113e-17,1
B3_D2_Original,B3,2,Original,full-grid,440,6,37,73,0.99870964531199569,0.99846173061889676,-0.022251474754046558,1,0,-1,STABLE,3.1168714473515895e-16,8.8916398912289808e-17,1
B3_D2_Original,B3,2,Original,full-grid,441,6,38,74,0.998795491176665,0.99854835456199409,-0.022217488525254989,1,0,-1,STABLE,2.6791093539135047e-16,8.8916398912289808e-17,1
B3_D2_Original,B3,2,Original,full-grid,442,6,39,75,0.99888067768150746,0.99863435479953577,-0.02218183174543218,1,0,-1,STABLE,2.4017455969654536e-16,8.8916398912289784e-17,1
B3_D2_Original,B3,2,Original,full-grid,443,6,40,76,0.99896515741854663,0.9987196833620966,-0.02214452079804409,1,0,-1,STABLE,4.3630602507607051e-16,8.8916398911914101e-17,1
B3_D2_Original,B3,2,Original,full-grid,444,6,41,77,0.99904888338016273,0.99880429262462389,-0.022105574359751093,1,0,-1,STABLE,2.6867655891144087e-16,8.8916398912289808e-17,1
B3_D2_Original,B3,2,Original,full-grid,445,6,42,78,0.99913180912215926,0.99888813547012456,-0.022065013408947405,1,0,-1,STABLE,4.3085750666330569e-16,8.8916398912289808e-17,1
B3_D2_Original,B3,2,Original,full-grid,446,6,43,79,0.99921388892898877,0.99897116545589415,-0.022022861219333258,1,0,-1,STABLE,3.8490925154851864e-16,8.8916398912289821e-17,1
B3_D2_Original,B3,2,Original,full-grid,447,6,44,80,0.99929507797950823,0.99905333698068022,-0.021979143337238782,1,0,-1,STABLE,1.9127011650088615e-16,8.8916398911914113e-17,1
B3_D2_Original,B3,2,Original,full-grid,448,6,45,81,0.99937533251134847,0.99913460545083466,-0.021933887543554489,1,0,-1,STABLE,3.1085669238568438e-16,8.8916398912289808e-17,1
B3_D2_Original,B3,2,Original,full-grid,449,6,46,82,0.99945460998220681,0.99921492744377505,-0.021887123799546167,1,0,-1,STABLE,2.618630672486752e-16,8.8916398912289808e-17,1
B3_D2_Original,B3,2,Original,full-grid,450,6,47,83,0.99953286922619955,0.99929426086686712,-0.02183888417709871,1,0,-1,STABLE,3.4163742375212819e-16,8.8916398912289808e-17,1
B3_D2_Original,B3,2,Original,full-grid,451,6,48,84,0.99961007060360585,0.99937256511002737,-0.021789202774533015,1,0,-1,STABLE,3.2461047877579045e-16,8.8916398911914101e-17,1
B3_D2_Original,B3,2,Original,full-grid,452,6,49,85,0.99968617614235311,0.99944980119039406,-0.021738115617537239,1,0,-1,STABLE,3.440818799311297e-16,8.8916398912289808e-17,1
B3_D2_Original,B3,2,Original,full-grid,453,6,50,86,0.99976114966973018,0.99952593188748851,-0.021685660547655698,1,0,-1,STABLE,3.0804077017427134e-16,8.8916398912289808e-17,1
B3_D2_Original,B3,2,Original,full-grid,454,6,51,87,0.99983495693298019,0.99960092186751059,-0.021631877098328825,1,0,-1,STABLE,2.709434884390674e-16,8.8916398912289808e-17,1
B3_D2_Original,B3,2,Original,full-grid,455,6,52,88,0.9999075657076143,0.99967473779555416,-0.021576806360468229,1,0,-1,STABLE,2.7541732791507991e-16,8.8916398911914113e-17,1
B3_D2_Original,B3,2,Original,full-grid,456,6,53,89,0.99997894589244474,0.99974734843469948,-0.021520490839022278,1,0,-1,STABLE,5.9857481750686605e-16,8.8916398912289808e-17,1
B3_D2_Original,B3,2,Original,full-grid,457,6,54,90,1.0000490695905588,0.99981872473117517,-0.021462974301550506,0,0,1,UNSTABLE,3.1008180875703272e-16,8.8916398912289808e-17,1
B3_D2_Original,B3,2,Original,full-grid,458,6,55,91,1.0001179111757326,0.99988883988501653,-0.021404301621546593,0,0,1,UNSTABLE,3.8661230008435863e-16,8.8916398912289784e-17,1
B3_D2_Original,B3,2,Original,full-grid,459,6,56,92,1.0001854473438883,0.99995766940581454,-0.021344518616855736,0,0,1,UNSTABLE,3.5718689184168567e-16,8.8916398911914101e-17,1
B3_D2_Original,B3,2,Original,full-grid,460,6,57,93,1.0002516571495661,1.0000251911534588,-0.021283671885771484,0,0,1,UNSTABLE,5.1624327948474493e-16,8.8916398912289808e-17,1
B3_D2_Original,B3,2,Original,full-grid,461,6,58,94,1.0003165220274859,1.0000913853639077,-0.021221808642658498,0,0,1,UNSTABLE,2.9244218628652167e-16,8.8916398912289808e-17,1
B3_D2_Original,B3,2,Original,full-grid,462,6,59,95,1.0003800257994693,1.0001562346602422,-0.021158976553551402,0,0,1,UNSTABLE,2.2102920386804609e-16,8.8916398912289821e-17,1
B3_D2_Original,B3,2,Original,full-grid,463,6,60,96,1.0004421546672706,1.0002197240494841,-0.021095223574656839,0,0,1,UNSTABLE,4.0315717499002371e-16,8.8916398911914113e-17,1
B3_D2_Original,B3,2,Original,full-grid,464,6,61,97,1.0005028971919834,1.0002818409058394,-0.021030597794098591,0,0,1,UNSTABLE,3.1352277402949885e-16,8.8916398912289808e-17,1
B3_D2_Original,B3,2,Original,full-grid,465,6,62,98,1.0005622442607311,1.0003425749410346,-0.020965147278560164,0,0,1,UNSTABLE,4.0083056031002248e-16,8.8916398912289808e-17,1
B3_D2_Original,B3,2,Original,full-grid,466,6,63,99,1.0006201890416355,1.00040191816271,-0.020898919926382487,0,0,1,UNSTABLE,3.6407334181221782e-16,8.8916398912289808e-17,1
B3_D2_Original,B3,2,Original,full-grid,467,6,64,100,1.00067672692811,1.0004598648219161,-0.020831963327277762,0,0,1,UNSTABLE,2.7730243971548158e-16,8.8916398911914101e-17,1
B3_D2_Original,B3,2,Original,full-grid,468,6,65,101,1.0007318554734292,1.0005164113506315,-0.02076432463015004,0,0,1,UNSTABLE,3.2945982667838122e-16,8.8916398912289808e-17,1
B3_D2_Original,B3,2,Original,full-grid,469,6,66,102,1.0007855743167946,1.0005715562905175,-0.020696050419544053,0,0,1,UNSTABLE,2.8154181893491842e-16,8.8916398912289808e-17,1
B3_D2_Original,B3,2,Original,full-grid,470,7,0,37,0.99546621050876871,0.99521544227107772,-0.022342778024930166,1,0,-1,STABLE,2.5302797313713343e-16,8.1425379867225199e-17,1
B3_D2_Original,B3,2,Original,full-grid,471,7,1,38,0.99554809864184712,0.99529678850052605,-0.022367823093367791,1,0,-1,STABLE,1.8242191172343272e-16,8.8916398912289833e-17,1
B3_D2_Original,B3,2,Original,full-grid,472,7,2,39,0.99563064794612566,0.99537882606599237,-0.022391510648207196,1,0,-1,STABLE,2.1962595736365643e-16,8.8916398912289821e-17,1
B3_D2_Original,B3,2,Original,full-grid,473,7,3,40,0.99571383413240877,0.99546153114612412,-0.02241382365586227,1,0,-1,STABLE,2.2868933423540347e-16,8.8916398911914101e-17,1
B3_D2_Original,B3,2,Original,full-grid,474,7,4,41,0.99579763265148291,0.99554487965041938,-0.022434745287819927,1,0,-1,STABLE,3.3120255144069102e-16,8.8916398912289784e-17,1
B3_D2_Original,B3,2,Original,full-grid,475,7,5,42,0.9958820186660261,0.9956288471913548,-0.022454258899664431,1,0,-1,STABLE,3.4881295377052646e-16,8.8916398912289808e-17,1
B3_D2_Original,B3,2,Original,full-grid,476,7,6,43,0.99596696701872722,0.99571340905263095,-0.022472348014183793,1,0,-1,STABLE,1.9661019772393317e-16,8.8916398912289784e-17,1
B3_D2_Original,B3,2,Original,full-grid,477,7,7,44,0.9960524521967935,0.99579854015373881,-0.022488996307711059,1,0,-1,STABLE,3.8376924989287363e-16,8.8916398911914101e-17,1
B3_D2_Original,B3,2,Original,full-grid,478,7,8,45,0.99613844829335774,0.99588421501130919,-0.022504187601578483,1,0,-1,STABLE,4.160539265622105e-16,8.8916398912289808e-17,1
B3_D2_Original,B3,2,Original,full-grid,479,7,9,46,0.99622492896604875,0.99597040769753209,-0.022517905857795617,1,0,-1,STABLE,1.6610775255670028e-16,8.8916398912289808e-17,1
B3_D2_Original,B3,2,Original,full-grid,480,7,10,47,0.99632676703342959,0.99332786211939683,-0.077244967762273076,1,0,-1,STABLE,3.1363847963672746e-16,8.8916398912289821e-17,1
B3_D2_Original,B3,2,Original,full-grid,481,7,11,48,0.99661927398349859,0.99363914922988827,-0.077014403802793049,1,0,-1,STABLE,2.9998454914465672e-16,8.8916398911914113e-17,1
B3_D2_Original,B3,2,Original,full-grid,482,7,12,49,0.99689202428408386,0.99393227990357691,-0.07676152061349524,1,0,-1,STABLE,4.2762721128773035e-16,8.8916398912289808e-17,1
B3_D2_Original,B3,2,Original,full-grid,483,7,13,50,0.99714365144041051,0.99420572765452508,-0.076488121344762988,1,0,-1,STABLE,3.0842461044400144e-16,8.8916398912289808e-17,1
B3_D2_Original,B3,2,Original,full-grid,484,7,14,51,0.99737302586098187,0.99445819751054931,-0.07619610304444846,1,0,-1,STABLE,3.3707483269763016e-16,8.8916398912289808e-17,1
B3_D2_Original,B3,2,Original,full-grid,485,7,15,52,0.9975792544469495,0.99468862875734931,-0.075887421380330486,1,0,-1,STABLE,3.4998836334398877e-16,8.8916398911914101e-17,1
B3_D2_Original,B3,2,Original,full-grid,486,7,16,53,0.99776167438453045,0.9948961916895237,-0.075564056483913469,1,0,-1,STABLE,1.9963330941694427e-16,8.8916398912289808e-17,1
B3_D2_Original,B3,2,Original,full-grid,487,7,17,54,0.99791984178005133,0.99508027891492978,-0.0752279810503277,1,0,-1,STABLE,2.7851666786608604e-16,8.8916398912289821e-17,1
B3_D2_Original,B3,2,Original,full-grid,488,7,18,55,0.99805351599026615,0.99524049199569786,-0.074881131620013391,1,0,-1,STABLE,3.3527371402860959e-16,8.8916398912289808e-17,1
B3_D2_Original,B3,2,Original,full-grid,489,7,19,56,0.9981626406320171,0.99537662436713892,-0.074525383708914358,1,0,-1,STABLE,3.5281248170060805e-16,8.8916398911914101e-17,1
B3_D2_Original,B3,2,Original,full-grid,490,7,20,57,0.99824732229946089,0.99548864154604977,-0.074162531178785462,1,0,-1,STABLE,4.2551376431049657e-16,8.8916398912289784e-17,1
B3_D2_Original,B3,2,Original,full-grid,491,7,21,58,0.99830780798378038,0.99557665963030562,-0.073794269972288731,1,0,-1,STABLE,3.6944415248982146e-16,8.8916398912289808e-17,1
B3_D2_Original,B3,2,Original,full-grid,492,7,22,59,0.99834446209396854,0.9956409230144192,-0.073422186106725768,1,0,-1,STABLE,2.21378966249642e-16,8.8916398912289784e-17,1
B3_D2_Original,B3,2,Original,full-grid,493,7,23,60,0.99835774383864795,0.99568178212126535,-0.073047747634110094,1,0,-1,STABLE,3.6961398702840793e-16,8.8916398911914101e-17,1
B3_D2_Original,B3,2,Original,full-grid,494,7,24,61,0.99834818556756932,0.99569967179755614,-0.072672300144531174,1,0,-1,STABLE,3.8052511865604537e-16,8.8916398912289808e-17,1
B3_D2_Original,B3,2,Original,full-grid,495,7,25,62,0.99831637250595384,0.99569509085923436,-0.072297065308816452,1,0,-1,STABLE,3.1482727064398303e-16,8.8916398912289808e-17,1
B3_D2_Original,B3,2,Original,full-grid,496,7,26,63,0.998262924157722,0.99566858311580886,-0.071923141923051756,1,0,-1,STABLE,3.8470371579342648e-16,8.8916398912289821e-17,1
B3_D2_Original,B3,2,Original,full-grid,497,7,27,64,0.99818847751509376,0.99562072006127078,-0.071551508918941228,1,0,-1,STABLE,2.9357093665148527e-16,8.8916398911914113e-17,1
B3_D2_Original,B3,2,Original,full-grid,498,7,28,65,0.99809367209620492,0.9955520852985198,-0.071183029833349398,1,0,-1,STABLE,3.784503477514365e-16,8.8916398912289808e-17,1
B3_D2_Original,B3,2,Original,full-grid,499,7,29,66,0.99800997296820493,0.99775720402738322,-0.022460364098917204,1,0,-1,STABLE,3.5429063672024005e-16,8.8916398912289808e-17,1
B3_D2_Original,B3,2,Original,full-grid,500,7,30,67,0.99809931093069082,0.99784702342991838,-0.022439971309511302,1,0,-1,STABLE,3.1854157674764349e-16,8.8916398912289808e-17,1
B3_D2_Original,B3,2,Original,full-grid,501,7,31,68,0.99818836206760375,0.997936594096136,-0.022417857413439192,1,0,-1,STABLE,3.716860283839681e-16,8.8916398911914101e-17,1
B3_D2_Original,B3,2,Original,full-grid,502,7,32,69,0.99827708108003355,0.9980258705893732,-0.02239402250591685,1,0,-1,STABLE,3.4360525526850877e-16,8.8916398912289808e-17,1
B3_D2_Original,B3,2,Original,full-grid,503,7,33,70,0.99836542202682077,0.99811480678232889,-0.022368468447034464,1,0,-1,STABLE,3.1237016789429334e-16,8.8916398912289821e-17,1
B3_D2_Original,B3,2,Original,full-grid,504,7,34,71,0.99845333842108663,0.99820335595175624,-0.022341198957631012,1,0,-1,STABLE,2.5499607785337411e-16,8.8916398912289808e-17,1
B3_D2_Original,B3,2,Original,full-grid,505,7,35,72,0.99854078333797913,0.99829147088458259,-0.022312219708524726,1,0,-1,STABLE,2.7629050912746241e-16,8.8916398911914101e-17,1
B3_D2_Original,B3,2,Original,full-grid,506,7,36,73,0.9986277095331394,0.99837910399499252,-0.022281538402010272,1,0,-1,STABLE,3.7142168263864696e-16,8.8916398912289784e-17,1
B3_D2_Original,B3,2,Original,full-grid,507,7,37,74,0.99871406957116093,0.99846620745177583,-0.022249164844038733,1,0,-1,STABLE,3.7163196452261005e-16,8.8916398912289808e-17,1
B3_D2_Original,B3,2,Original,full-grid,508,7,38,75,0.9987998159631426,0.99855273331507099,-0.022215111005980975,1,0,-1,STABLE,3.2694514924254474e-16,8.8916398912289784e-17,1
B3_D2_Original,B3,2,Original,full-grid,509,7,39,76,0.99888490131226904,0.99863863368146744,-0.022179391074452742,1,0,-1,STABLE,3.7870057868867559e-16,8.8916398911914101e-17,1
B3_D2_Original,B3,2,Original,full-grid,510,7,40,77,0.99896927846613592,0.99872386083620124,-0.02214202148820938,1,0,-1,STABLE,3.2475839782337299e-16,8.8916398912289808e-17,1
B3_D2_Original,B3,2,Original,full-grid,511,7,41,78,0.99905290067446972,0.99880836741110923,-0.022103020961542003,1,0,-1,STABLE,2.6402940827761735e-16,8.8916398912289808e-17,1
B3_D2_Original,B3,2,Original,full-grid,512,7,42,79,0.99913572175065279,0.99889210654677529,-0.022062410492593481,1,0,-1,STABLE,2.8410599525850048e-16,8.8916398912289821e-17,1
B3_D2_Original,B3,2,Original,full-grid,513,7,43,80,0.99921769623546164,0.99897503205726856,-0.022020213356880581,1,0,-1,STABLE,2.7224118291748693e-16,8.8916398911914113e-17,1
B3_D2_Original,B3,2,Original,full-grid,514,7,44,81,0.999298779561267,0.99905709859573777,-0.021976455085028514,1,0,-1,STABLE,2.5646378275447986e-16,8.8916398912289808e-17,1
B3_D2_Original,B3,2,Original,full-grid,515,7,45,82,0.99937892821492824,0.99913826181908527,-0.021931163424580759,1,0,-1,STABLE,3.8818472485774596e-16,8.8916398912289808e-17,1
B3_D2_Original,B3,2,Original,full-grid,516,7,46,83,0.99945809989763701,0.99921847854995294,-0.021884368286793784,1,0,-1,STABLE,4.1087354958922263e-16,8.8916398912289808e-17,1
B3_D2_Original,B3,2,Original,full-grid,517,7,47,84,0.99953625367986731,0.99929770693418662,-0.021836101677275628,1,0,-1,STABLE,2.817971513760323e-16,8.8916398911914101e-17,1
B3_D2_Original,B3,2,Original,full-grid,518,7,48,85,0.99961335014984853,0.99937590659214726,-0.02178639761244263,1,0,-1,STABLE,2.4008684742343311e-16,8.8916398912289808e-17,1
B3_D2_Original,B3,2,Original,full-grid,519,7,49,86,0.99968935155383865,0.99945303876213476,-0.021735292021709464,1,0,-1,STABLE,4.2472942146187636e-16,8.8916398912289821e-17,1
B3_D2_Original,B3,2,Original,full-grid,520,7,50,87,0.99976422192677949,0.99952906643447104,-0.021682822636680078,1,0,-1,STABLE,2.8864248622678421e-16,8.8916398912289808e-17,1
B3_D2_Original,B3,2,Original,full-grid,521,7,51,88,0.99983792721191023,0.99960395447477679,-0.02162902886856951,1,0,-1,STABLE,3.7739363541801743e-16,8.8916398911914101e-17,1
B3_D2_Original,B3,2,Original,full-grid,522,7,52,89,0.99991043536829138,0.99967766973536953,-0.021573951674816658,1,0,-1,STABLE,4.7496399642969187e-16,8.8916398912289784e-17,1
B3_D2_Original,B3,2,Original,full-grid,523,7,53,90,0.99998171646515954,0.99975018115364267,-0.02151763341692647,1,0,-1,STABLE,3.489921336167775e-16,8.8916398912289808e-17,1
B3_D2_Original,B3,2,Original,full-grid,524,7,54,91,1.0000517427623914,0.99982145983667803,-0.021460117710542501,0,0,1,UNSTABLE,4.8382653805304854e-16,8.8916398912289784e-17,1
B3_D2_Original,B3,2,Original,full-grid,525,7,55,92,1.0001204887765205,0.99989147913147969,-0.021401449269804279,0,0,1,UNSTABLE,3.574032654543048e-16,8.8916398911914101e-17,1
B3_D2_Original,B3,2,Original,full-grid,526,7,56,93,1.0001879313320432,0.9999602146805312,-0.021341673747334099,0,0,1,UNSTABLE,6.1561440679632133e-16,8.8916398912289808e-17,1
B3_D2_Original,B3,2,Original,full-grid,527,7,57,94,1.0002540495977303,1.0000276444623424,-0.021280837571812837,0,0,1,UNSTABLE,3.6430497724816519e-16,8.8916398912289808e-17,1
B3_D2_Original,B3,2,Original,full-grid,528,7,58,95,1.000318825108282,1.0000937488172892,-0.021218987784394926,0,0,1,UNSTABLE,2.5662103454368408e-16,8.8916398912289821e-17,1
B3_D2_Original,B3,2,Original,full-grid,529,7,59,96,1.0003822417714523,1.0001585104588293,-0.021156171876135776,0,0,1,UNSTABLE,6.0633482179904833e-16,8.8916398911914113e-17,1
B3_D2_Original,B3,2,Original,full-grid,530,7,60,97,1.0004442858611802,1.0002219144705962,-0.021092437627312336,0,0,1,UNSTABLE,2.7729220372549898e-16,8.8916398912289808e-17,1
B3_D2_Original,B3,2,Original,full-grid,531,7,61,98,1.000504945997353,1.000283948289973,-0.021027832950369033,0,0,1,UNSTABLE,3.3898403330993291e-16,8.8916398912289808e-17,1
B3_D2_Original,B3,2,Original,full-grid,532,7,62,99,1.0005642131130725,1.0003446016789741,-0.020962405737813584,0,0,1,UNSTABLE,3.1568385203746362e-16,8.8916398912289808e-17,1
B3_D2_Original,B3,2,Original,full-grid,533,7,63,100,1.0006220804101753,1.0004038666831732,-0.020896203716061032,0,0,1,UNSTABLE,2.7221027601862319e-16,8.8916398911914101e-17,1
B3_D2_Original,B3,2,Original,full-grid,534,7,64,101,1.0006785433041498,1.0004617375798035,-0.020829274306025054,0,0,1,UNSTABLE,3.1589383914107473e-16,8.8916398912289808e-17,1
B3_D2_Original,B3,2,Original,full-grid,535,7,65,102,1.0007335993594397,1.0005182108159878,-0.020761664491896984,0,0,1,UNSTABLE,3.5733598745990667e-16,8.8916398912289821e-17,1
B3_D2_Original,B3,2,Original,full-grid,536,7,66,103,1.0007872482162343,1.000573284938207,-0.02069342069809461,0,0,1,UNSTABLE,4.2840748836279724e-16,8.8916398912289808e-17,1
B3_D2_Original,B3,2,Original,full-grid,537,8,0,38,0.99547167471201192,0.99522086756246164,-0.022344572543656585,1,0,-1,STABLE,2.6987219924710961e-16,8.1425379867202864e-17,1
B3_D2_Original,B3,2,Original,full-grid,538,8,1,39,0.99555361337133197,0.99530226667169575,-0.022369511726908486,1,0,-1,STABLE,6.4777289889477111e-16,8.8916398912289821e-17,1
B3_D2_Original,B3,2,Original,full-grid,539,8,2,40,0.9956362094912462,0.99538435346953358,-0.022393090857119255,1,0,-1,STABLE,3.5426598269980508e-16,8.8916398911914113e-17,1
B3_D2_Original,B3,2,Original,full-grid,540,8,3,41,0.99571943865046031,0.99546710399890337,-0.022415293047928116,1,0,-1,STABLE,2.62415940171129e-16,8.8916398912289784e-17,1
B3_D2_Original,B3,2,Original,full-grid,541,8,4,42,0.99580327617409381,0.99555049403980678,-0.022436101625624053,1,0,-1,STABLE,3.096697943174485e-16,8.8916398912289808e-17,1
B3_D2_Original,B3,2,Original,full-grid,542,8,5,43,0.99588769710595737,0.99563449908181545,-0.022455500108201232,1,0,-1,STABLE,3.0591975261866666e-16,8.8916398912289784e-17,1
B3_D2_Original,B3,2,Original,full-grid,543,8,6,44,0.99597267617707108,0.99571909429273053,-0.022473472187927338,1,0,-1,STABLE,2.0812118765758207e-16,8.8916398911914101e-17,1
B3_D2_Original,B3,2,Original,full-grid,544,8,7,45,0.99605818777061306,0.99580425448358845,-0.02249000171770843,1,0,-1,STABLE,2.670690397278877e-16,8.8916398912289808e-17,1
B3_D2_Original,B3,2,Original,full-grid,545,8,8,46,0.99624807840608842,0.99321675850952418,-0.077657609695749766,1,0,-1,STABLE,3.9981727763080211e-16,8.8916398912289808e-17,1
B3_D2_Original,B3,2,Original,full-grid,546,8,9,47,0.99656780031831793,0.99355208156811681,-0.077470264249924037,1,0,-1,STABLE,3.4306258798990197e-16,8.8916398912289821e-17,1
B3_D2_Original,B3,2,Original,full-grid,547,8,10,48,0.99687066664908019,0.99387237429039443,-0.077258201168263999,1,0,-1,STABLE,3.5897225806691009e-16,8.8916398911914113e-17,1
B3_D2_Original,B3,2,Original,full-grid,548,8,11,49,0.99715497238313533,0.99417578970087861,-0.077022971385463809,1,0,-1,STABLE,4.4115695752350851e-16,8.8916398912289784e-17,1
B3_D2_Original,B3,2,Original,full-grid,549,8,12,50,0.99741922956240714,0.99446068759785988,-0.076766270739546699,1,0,-1,STABLE,3.582513853347723e-16,8.8916398912289808e-17,1
B3_D2_Original,B3,2,Original,full-grid,550,8,13,51,0.99766217627868048,0.99472564660447793,-0.076489907598429552,1,0,-1,STABLE,3.254859162962721e-16,8.8916398912289784e-17,1
B3_D2_Original,B3,2,Original,full-grid,551,8,14,52,0.9978827800142025,0.99496947056144647,-0.076195769564642593,1,0,-1,STABLE,2.3881158618998271e-16,8.8916398911914101e-17,1
B3_D2_Original,B3,2,Original,full-grid,552,8,15,53,0.99808023543091906,0.99519118925635841,-0.075885790398162636,1,0,-1,STABLE,3.6838351188247327e-16,8.8916398912289821e-17,1
B3_D2_Original,B3,2,Original,full-grid,553,8,16,54,0.99825395697832942,0.99539005376384737,-0.075561918258452265,1,0,-1,STABLE,2.7014007044994651e-16,8.8916398912289808e-17,1
B3_D2_Original,B3,2,Original,full-grid,554,8,17,55,0.99840356692657328,0.99556552692412836,-0.075226086246640567,1,0,-1,STABLE,2.2771450731818105e-16,8.8916398912289784e-17,1
B3_D2_Original,B3,2,Original,full-grid,555,8,18,56,0.99852887961106196,0.99571726968837204,-0.074880186041811736,1,0,-1,STABLE,3.1976827223310502e-16,8.8916398911914113e-17,1
B3_D2_Original,B3,2,Original,full-grid,556,8,19,57,0.99862988278344977,0.9958451241912154,-0.074526045196757665,1,0,-1,STABLE,3.8088614892510904e-16,8.8916398912289784e-17,1
B3_D2_Original,B3,2,Original,full-grid,557,8,20,58,0.99870671699767377,0.99594909446764246,-0.074165408414938336,1,0,-1,STABLE,2.6501836627105861e-16,8.8916398912289808e-17,1
B3_D2_Original,B3,2,Original,full-grid,558,8,21,59,0.99875965392592736,0.99602932571826186,-0.073799922896051182,1,0,-1,STABLE,3.0000268780167215e-16,8.8916398912289784e-17,1
B3_D2_Original,B3,2,Original,full-grid,559,8,22,60,0.99878907441068143,0.99608608295500434,-0.073431127633328444,1,0,-1,STABLE,3.0503391122321569e-16,8.8916398911914101e-17,1
B3_D2_Original,B3,2,Original,full-grid,560,8,23,61,0.99879544693336808,0.99611972974602736,-0.073060446381938079,1,0,-1,STABLE,2.7181807118337429e-16,8.8916398912289808e-17,1
B3_D2_Original,B3,2,Original,full-grid,561,8,24,62,0.99877930703466355,0.99613070764047085,-0.072689183901989612,1,0,-1,STABLE,2.5136857833421813e-16,8.8916398912289808e-17,1
B3_D2_Original,B3,2,Original,full-grid,562,8,25,63,0.99874123807173476,0.99611951670752152,-0.07231852500870932,1,0,-1,STABLE,3.4098618034763645e-16,8.8916398912289821e-17,1
B3_D2_Original,B3,2,Original,full-grid,563,8,26,64,0.99868185355574046,0.99608669748198231,-0.071949535932954542,1,0,-1,STABLE,2.6670480534094844e-16,8.8916398911914113e-17,1
B3_D2_Original,B3,2,Original,full-grid,564,8,27,65,0.99860178118694631,0.99603281447991177,-0.071583167497446795,1,0,-1,STABLE,3.4690087534948941e-16,8.8916398912289784e-17,1
B3_D2_Original,B3,2,Original,full-grid,565,8,28,66,0.99850164859925439,0.99595844133782996,-0.071220259641124453,1,0,-1,STABLE,2.5358894711370466e-16,8.8916398912289808e-17,1
B3_D2_Original,B3,2,Original,full-grid,566,8,29,67,0.9983820707414589,0.99586414753910757,-0.070861546865772562,1,0,-1,STABLE,3.2410499009820452e-16,8.8916398912289784e-17,1
B3_D2_Original,B3,2,Original,full-grid,567,8,30,68,0.99824363875890709,0.99575048662183374,-0.070507664228823375,1,0,-1,STABLE,2.1603263115775532e-16,8.8916398911914101e-17,1
B3_D2_Original,B3,2,Original,full-grid,568,8,31,69,0.99819334428968376,0.99794161840883544,-0.022416039609565411,1,0,-1,STABLE,2.9951343755788024e-16,8.8916398912289821e-17,1
B3_D2_Original,B3,2,Original,full-grid,569,8,32,70,0.99828197882799197,0.99803081243071134,-0.022392112263599731,1,0,-1,STABLE,3.8585108460136102e-16,8.8916398912289808e-17,1
B3_D2_Original,B3,2,Original,full-grid,570,8,33,71,0.9983702321978698,0.99811966295551269,-0.022366469556062914,1,0,-1,STABLE,2.5010209952251514e-16,8.8916398912289784e-17,1
B3_D2_Original,B3,2,Original,full-grid,571,8,34,72,0.99845805812918076,0.99820812347331467,-0.022339115358002259,1,0,-1,STABLE,5.6376362377271313e-16,8.8916398911914113e-17,1
B3_D2_Original,B3,2,Original,full-grid,572,8,35,73,0.99854540992334451,0.99829614699427427,-0.02231005547654907,1,0,-1,STABLE,2.8849352556074426e-16,8.8916398912289784e-17,1
B3_D2_Original,B3,2,Original,full-grid,573,8,36,74,0.99863224057070921,0.99838368616463924,-0.022279297735387896,1,0,-1,STABLE,2.8572595798561893e-16,8.8916398912289808e-17,1
B3_D2_Original,B3,2,Original,full-grid,574,8,37,75,0.99871850287783193,0.9984706933929357,-0.022246852046261038,1,0,-1,STABLE,2.5522921971685381e-16,8.8916398912289784e-17,1
B3_D2_Original,B3,2,Original,full-grid,575,8,38,76,0.99880414960376296,0.99855712098545835,-0.022212730469901777,1,0,-1,STABLE,2.3899696104186373e-16,8.8916398911914101e-17,1
B3_D2_Original,B3,2,Original,full-grid,576,8,39,77,0.99888913360425979,0.99864292129001875,-0.022176947265263036,1,0,-1,STABLE,2.7222229216346217e-16,8.8916398912289808e-17,1
B3_D2_Original,B3,2,Original,full-grid,577,8,40,78,0.9989734079826974,0.99872804684672878,-0.022139518926189358,1,0,-1,STABLE,5.3476555834339498e-16,8.8916398912289808e-17,1
B3_D2_Original,B3,2,Original,full-grid,578,8,41,79,0.99905692624629772,0.99881245054447443,-0.022100464204226983,1,0,-1,STABLE,2.0204421902734804e-16,8.8916398912289821e-17,1
B3_D2_Original,B3,2,Original,full-grid,579,8,42,80,0.99913964246616671,0.99889608578156963,-0.02205980411695652,1,0,-1,STABLE,2.952124163050037e-16,8.8916398911914113e-17,1
B3_D2_Original,B3,2,Original,full-grid,580,8,43,81,0.99922151143949134,0.99897890662895028,-0.022017561941512089,1,0,-1,STABLE,3.4229247728454457e-16,8.8916398912289784e-17,1
B3_D2_Original,B3,2,Original,full-grid,581,8,44,82,0.99930248885223083,0.9990608679942522,-0.02197376319237182,1,0,-1,STABLE,2.5271326027709235e-16,8.8916398912289808e-17,1
B3_D2_Original,B3,2,Original,full-grid,582,8,45,83,0.99938253144053335,0.99914192578498917,-0.021928435583779372,1,0,-1,STABLE,3.1004935114789211e-16,8.8916398912289784e-17,1
B3_D2_Original,B3,2,Original,full-grid,583,8,46,84,0.99946159714910177,0.99922203706905399,-0.021881608976561599,1,0,-1,STABLE,2.4343067493802735e-16,8.8916398911914101e-17,1
B3_D2_Original,B3,2,Original,full-grid,584,8,47,85,0.99953964528480943,0.99930116023081927,-0.021833315309893693,1,0,-1,STABLE,2.4670589404412681e-16,8.8916398912289821e-17,1
B3_D2_Original,B3,2,Original,full-grid,585,8,48,86,0.99961663666386602,0.99937925512112247,-0.021783588518188172,1,0,-1,STABLE,3.4394095986850147e-16,8.8916398912289808e-17,1
B3_D2_Original,B3,2,Original,full-grid,586,8,49,87,0.99969253375087652,0.99945628319944702,-0.021732464434440296,1,0,-1,STABLE,2.8892695402677693e-16,8.8916398912289784e-17,1
B3_D2_Original,B3,2,Original,full-grid,587,8,50,88,0.99976730078844978,0.99953220766692974,-0.021679980680259874,1,0,-1,STABLE,3.0759629415837696e-16,8.8916398911914113e-17,1
B3_D2_Original,B3,2,Original,full-grid,588,8,51,89,0.99984090391585634,0.99960699358865335,-0.021626176544428818,1,0,-1,STABLE,2.4924221128688529e-16,8.8916398912289784e-17,1
B3_D2_Original,B3,2,Original,full-grid,589,8,52,90,0.99991331127576011,0.99968060800421354,-0.021571092850875669,1,0,-1,STABLE,2.4978156307882092e-16,8.8916398912289808e-17,1
B3_D2_Original,B3,2,Original,full-grid,590,8,53,91,0.99998449310785564,0.99975302002535127,-0.021514771817630438,1,0,-1,STABLE,3.8583248962845573e-16,8.8916398912289784e-17,1
B3_D2_Original,B3,2,Original,full-grid,591,8,54,92,1.0000544218288825,0.99982420092007707,-0.021457256908328792,0,0,1,UNSTABLE,3.9463352027396313e-16,8.8916398911914101e-17,1
B3_D2_Original,B3,2,Original,full-grid,592,8,55,93,1.0001230720982208,0.99989412418245327,-0.02139859267773769,0,0,1,UNSTABLE,2.3088634697302569e-16,8.8916398912289808e-17,1
B3_D2_Original,B3,2,Original,full-grid,593,8,56,94,1.0001904208689991,0.9999627655879133,-0.021338824613306877,0,0,1,UNSTABLE,2.6597772982136126e-16,8.8916398912289808e-17,1
B3_D2_Original,B3,2,Original,full-grid,594,8,57,95,1.0002564474243265,1.0000301032337,-0.021277998973825461,0,0,1,UNSTABLE,4.1154085876353589e-16,8.8916398912289821e-17,1
B3_D2_Original,B3,2,Original,full-grid,595,8,58,96,1.0003211333990212,1.0000961175647427,-0.021216162627368029,0,0,1,UNSTABLE,2.3868270815422175e-16,8.8916398911914113e-17,1
B3_D2_Original,B3,2,Original,full-grid,596,8,59,97,1.0003844627868652,1.0001607913849726,-0.021153362889864136,0,0,1,UNSTABLE,2.515167498679073e-16,8.8916398912289784e-17,1
B3_D2_Original,B3,2,Original,full-grid,597,8,60,98,1.0004464219341063,1.000224109854762,-0.021089647365582186,0,0,1,UNSTABLE,4.1184782419034026e-16,8.8916398912289808e-17,1
B3_D2_Original,B3,2,Original,full-grid,598,8,61,99,1.0005069995195828,1.0002860604748265,-0.021025063791345847,0,0,1,UNSTABLE,4.1077696130646365e-16,8.8916398912289784e-17,1
B3_D2_Original,B3,2,Original,full-grid,599,8,62,100,1.0005661865225093,1.0003466330576072,-0.020959659885266737,0,0,1,UNSTABLE,4.1231833346247062e-16,8.8916398911914101e-17,1
B3_D2_Original,B3,2,Original,full-grid,600,8,63,101,1.0006239761785656,1.0004058196867416,-0.020893483201733901,0,0,1,UNSTABLE,2.4745457454045605e-16,8.8916398912289821e-17,1
B3_D2_Original,B3,2,Original,full-grid,601,8,64,102,1.0006803639254802,1.0004636146658097,-0.020826580992894472,0,0,1,UNSTABLE,3.2527232994126663e-16,8.8916398912289808e-17,1
B3_D2_Original,B3,2,Original,full-grid,602,8,65,103,1.0007353473389864,1.0005200144572046,-0.02075900007796214,0,0,1,UNSTABLE,4.5136169311879629e-16,8.8916398912289784e-17,1
B3_D2_Original,B3,2,Original,full-grid,603,8,66,104,1.000788926060399,1.0005750176123678,-0.02069078672107711,0,0,1,UNSTABLE,2.6667875458706697e-16,8.8916398911914113e-17,1
B3_D2_Original,B3,2,Original,full-grid,604,9,0,39,0.99547715167156892,0.99522630541465229,-0.02234637578761144,1,0,-1,STABLE,5.1737263157572361e-16,8.1425379867225211e-17,1
B3_D2_Original,B3,2,Original,full-grid,605,9,1,40,0.99555914106718835,0.99530775762223267,-0.022371208716576961,1,0,-1,STABLE,3.9439927014133281e-16,8.8916398911914101e-17,1
B3_D2_Original,B3,2,Original,full-grid,606,9,2,41,0.99564178419483473,0.99538989385324261,-0.022394679044460675,1,0,-1,STABLE,2.3573882770900793e-16,8.8916398912289784e-17,1
B3_D2_Original,B3,2,Original,full-grid,607,9,3,42,0.99572505650076004,0.99547269001450844,-0.022416770033171073,1,0,-1,STABLE,4.5159917756156757e-16,8.8916398912289808e-17,1
B3_D2_Original,B3,2,Original,full-grid,608,9,4,43,0.99580893318411334,0.99555612175620301,-0.022437465164988138,1,0,-1,STABLE,4.6304799288219844e-16,8.8916398912289784e-17,1
B3_D2_Original,B3,2,Original,full-grid,609,9,5,44,0.99589338916965142,0.99564016444478232,-0.022456748121261694,1,0,-1,STABLE,2.4277881325231184e-16,8.8916398911914101e-17,1
B3_D2_Original,B3,2,Original,full-grid,610,9,6,45,0.99615875787812758,0.99310213518834045,-0.077977047787495243,1,0,-1,STABLE,3.5264166824041966e-16,8.8916398912289808e-17,1
B3_D2_Original,B3,2,Original,full-grid,611,9,7,46,0.99649962102427925,0.99345516858914196,-0.077835227918031283,1,0,-1,STABLE,2.8387743680264761e-16,8.8916398912289808e-17,1
B3_D2_Original,B3,2,Original,full-grid,612,9,8,47,0.99682690933872975,0.99379663042438116,-0.077666881867048509,1,0,-1,STABLE,3.1294295313876934e-16,8.8916398912289796e-17,1
B3_D2_Original,B3,2,Original,full-grid,613,9,9,48,0.99713864844306421,0.994124428439491,-0.077473253440890053,1,0,-1,STABLE,4.5152540941983728e-16,8.8916398911914113e-17,1
B3_D2_Original,B3,2,Original,full-grid,614,9,10,49,0.99743305000413385,0.99443664219233563,-0.077255769401266883,1,0,-1,STABLE,4.2122440978450027e-16,8.8916398912289808e-17,1
B3_D2_Original,B3,2,Original,full-grid,615,9,11,50,0.99770852755926165,0.99473154156899457,-0.077016012440542223,1,0,-1,STABLE,5.040540342164172e-16,8.8916398912289784e-17,1
B3_D2_Original,B3,2,Original,full-grid,616,9,12,51,0.99796370766949771,0.99500760076691619,-0.076755691916076813,1,0,-1,STABLE,2.4806515891322562e-16,8.8916398912289808e-17,1
B3_D2_Original,B3,2,Original,full-grid,617,9,13,52,0.99819743611591671,0.99526350737138403,-0.076476613178151048,1,0,-1,STABLE,2.0794263907824764e-16,8.8916398911914101e-17,1
B3_D2_Original,B3,2,Original,full-grid,618,9,14,53,0.99840877904911118,0.99549816634300781,-0.076180646427070439,1,0,-1,STABLE,3.3490133031076523e-16,8.8916398912289808e-17,1
B3_D2_Original,B3,2,Original,full-grid,619,9,15,54,0.998597019224858,0.99571069895964159,-0.075869696072104253,1,0,-1,STABLE,2.321751492636859e-16,8.8916398912289821e-17,1
B3_D2_Original,B3,2,Original,full-grid,620,9,16,55,0.99876164768260589,0.9959004369888258,-0.075545671531461994,1,0,-1,STABLE,2.3649258014379347e-16,8.8916398912289808e-17,1
B3_D2_Original,B3,2,Original,full-grid,621,9,17,56,0.99890235142213135,0.99606691258014013,-0.075210460307929508,1,0,-1,STABLE,2.6169826870426215e-16,8.8916398911914101e-17,1
B3_D2_Original,B3,2,Original,full-grid,622,9,18,57,0.99901899778510828,0.9962098445365829,-0.074865904014843429,1,0,-1,STABLE,3.1945845839493583e-16,8.8916398912289784e-17,1
B3_D2_Original,B3,2,Original,full-grid,623,9,19,58,0.99911161633994938,0.99632912173594157,-0.074513777828756553,1,0,-1,STABLE,4.889243574221108e-16,8.8916398912289808e-17,1
B3_D2_Original,B3,2,Original,full-grid,624,9,20,59,0.99918037909593638,0.99642478452065997,-0.07415577363398991,1,0,-1,STABLE,4.1319401276269717e-16,8.8916398912289784e-17,1
B3_D2_Original,B3,2,Original,full-grid,625,9,21,60,0.99922557984188287,0.99649700486178239,-0.073793486920214202,1,0,-1,STABLE,2.7686699160284678e-16,8.8916398911914101e-17,1
B3_D2_Original,B3,2,Original,full-grid,626,9,22,61,0.9992476133259488,0.99654606603850104,-0.073428407314830024,1,0,-1,STABLE,3.6394085150148777e-16,8.8916398912289808e-17,1
B3_D2_Original,B3,2,Original,full-grid,627,9,23,62,0.99924695488174176,0.99657234247394788,-0.073061912488121106,1,0,-1,STABLE,5.1954526964538148e-16,8.8916398912289808e-17,1
B3_D2_Original,B3,2,Original,full-grid,628,9,24,63,0.99922414097659207,0.99657628024518308,-0.072695265066458958,1,0,-1,STABLE,4.4130480534246687e-16,8.8916398912289796e-17,1
B3_D2_Original,B3,2,Original,full-grid,629,9,25,64,0.99917975102398227,0.99655837865427621,-0.072329612126065035,1,0,-1,STABLE,2.328252265827754e-16,8.8916398911914113e-17,1
B3_D2_Original,B3,2,Original,full-grid,630,9,26,65,0.99911439067487007,0.99651917311993743,-0.071965986813031041,1,0,-1,STABLE,3.0926843067350048e-16,8.8916398912289808e-17,1
B3_D2_Original,B3,2,Original,full-grid,631,9,27,66,0.99902867668875217,0.99645921953273175,-0.071605311637464322,1,0,-1,STABLE,4.3855728210490603e-16,8.8916398912289784e-17,1
B3_D2_Original,B3,2,Original,full-grid,632,9,28,67,0.99892322338913353,0.99637908011668541,-0.071248403013435088,1,0,-1,STABLE,3.4165127521201821e-16,8.8916398912289808e-17,1
B3_D2_Original,B3,2,Original,full-grid,633,9,29,68,0.99879863063067542,0.99627931075773679,-0.070895976654540671,1,0,-1,STABLE,2.8514304118338147e-16,8.8916398911914101e-17,1
B3_D2_Original,B3,2,Original,full-grid,634,9,30,69,0.99865547314591108,0.99616044969500561,-0.070548653479195755,1,0,-1,STABLE,2.5683918703370787e-16,8.8916398912289808e-17,1
B3_D2_Original,B3,2,Original,full-grid,635,9,31,70,0.99849429109567212,0.99602300742202465,-0.070206965727300813,1,0,-1,STABLE,2.2511665857265663e-16,8.8916398912289821e-17,1
B3_D2_Original,B3,2,Original,full-grid,636,9,32,71,0.99831558161643585,0.99586745760971307,-0.069871363033283562,1,0,-1,STABLE,3.5750248556788315e-16,8.8916398912289808e-17,1
B3_D2_Original,B3,2,Original,full-grid,637,9,33,72,0.998375053494715,0.99812453031178272,-0.022364468034315875,1,0,-1,STABLE,2.6849656136962632e-16,8.8916398911914101e-17,1
B3_D2_Original,B3,2,Original,full-grid,638,9,34,73,0.99846278874295613,0.99821290196174173,-0.022337028931325883,1,0,-1,STABLE,4.0813379710616602e-16,8.8916398912289784e-17,1
B3_D2_Original,B3,2,Original,full-grid,639,9,35,74,0.99855004719230034,0.99830083385239021,-0.022307888231907963,1,0,-1,STABLE,2.5084072385584513e-16,8.8916398912289808e-17,1
B3_D2_Original,B3,2,Original,full-grid,640,9,36,75,0.99863678206830686,0.99838827886255321,-0.022277053880881408,1,0,-1,STABLE,3.7538318765336927e-16,8.8916398912289784e-17,1
B3_D2_Original,B3,2,Original,full-grid,641,9,37,76,0.99872294641995552,0.99847518964096049,-0.022244535895477525,1,0,-1,STABLE,2.3546581828745725e-16,8.8916398911914101e-17,1
B3_D2_Original,B3,2,Original,full-grid,642,9,38,77,0.99880849325462318,0.99856151874044974,-0.022210346425426214,1,0,-1,STABLE,3.6447597806743272e-16,8.8916398912289808e-17,1
B3_D2_Original,B3,2,Original,full-grid,643,9,39,78,0.99889337568102576,0.99864721876044604,-0.022174499801813206,1,0,-1,STABLE,2.7549753550559933e-16,8.8916398912289808e-17,1
B3_D2_Original,B3,2,Original,full-grid,644,9,40,79,0.99897754705861674,0.99873224249624837,-0.022137012573190399,1,0,-1,STABLE,4.3809772385039175e-16,8.8916398912289796e-17,1
B3_D2_Original,B3,2,Original,full-grid,645,9,41,80,0.99906096115239162,0.99881654309407852,-0.022097903528059532,1,0,-1,STABLE,3.1030045824547681e-16,8.8916398911914113e-17,1
B3_D2_Original,B3,2,Original,full-grid,646,9,42,81,0.99914357229142481,0.99890007421023286,-0.022057193703207554,1,0,-1,STABLE,4.5129580855061464e-16,8.8916398912289808e-17,1
B3_D2_Original,B3,2,Original,full-grid,647,9,43,82,0.99922533552952275,0.99898279017273306,-0.022014906377011367,1,0,-1,STABLE,4.4296208337672248e-16,8.8916398912289784e-17,1
B3_D2_Original,B3,2,Original,full-grid,648,9,44,83,0.99930620680642002,0.99906464614389368,-0.02197106704764943,1,0,-1,STABLE,3.2585815405643708e-16,8.8916398912289808e-17,1
B3_D2_Original,B3,2,Original,full-grid,649,9,45,84,0.99938614310770368,0.99914559828200167,-0.021925703395619629,1,0,-1,STABLE,2.3252636822560956e-16,8.8916398911914101e-17,1
B3_D2_Original,B3,2,Original,full-grid,650,9,46,85,0.99946510262173816,0.99922560390035442,-0.021878845231267589,1,0,-1,STABLE,2.5477116948381117e-16,8.8916398912289808e-17,1
B3_D2_Original,B3,2,Original,full-grid,651,9,47,86,0.99954304489192969,0.99930462162199063,-0.02183052442706223,1,0,-1,STABLE,4.2622212267315163e-16,8.8916398912289821e-17,1
B3_D2_Original,B3,2,Original,full-grid,652,9,48,87,0.99961993096256563,0.99938261152832797,-0.021780774835241368,1,0,-1,STABLE,7.6251938958078938e-16,8.8916398912289808e-17,1
B3_D2_Original,B3,2,Original,full-grid,653,9,49,88,0.99969572351672176,0.99945953530016252,-0.02172963219212776,1,0,-1,STABLE,2.3122149826853863e-16,8.8916398911914101e-17,1
B3_D2_Original,B3,2,Original,full-grid,654,9,50,89,0.99977038700478227,0.99953535634955892,-0.021677134009186264,1,0,-1,STABLE,2.4593745035886912e-16,8.8916398912289784e-17,1
B3_D2_Original,B3,2,Original,full-grid,655,9,51,90,0.9998438877621757,0.99961003994119113,-0.021623319452679271,1,0,-1,STABLE,2.625955383617366e-16,8.8916398912289808e-17,1
B3_D2_Original,B3,2,Original,full-grid,656,9,52,91,0.99991619411525068,0.99968355330201808,-0.021568229212870299,1,0,-1,STABLE,6.3122643372137683e-16,8.8916398912289784e-17,1
B3_D2_Original,B3,2,Original,full-grid,657,9,53,92,0.99998727647429453,0.99975586571826658,-0.021511905364159603,1,0,-1,STABLE,5.4388835493905542e-16,8.8916398911914101e-17,1
B3_D2_Original,B3,2,Original,full-grid,658,9,54,93,1.0000571074130109,0.9998269486189818,-0.021454391217987052,0,0,1,UNSTABLE,4.3050850118838029e-16,8.8916398912289808e-17,1
B3_D2_Original,B3,2,Original,full-grid,659,9,55,94,1.0001256617337784,0.99989677564543666,-0.021395731169733773,0,0,1,UNSTABLE,4.9501617706599595e-16,8.8916398912289808e-17,1
B3_D2_Original,B3,2,Original,full-grid,660,9,56,95,1.0001929165184786,0.99996532270613969,-0.021335970541464886,0,0,1,UNSTABLE,4.9348556855064693e-16,8.8916398912289796e-17,1
B3_D2_Original,B3,2,Original,full-grid,661,9,57,96,1.0002588511647081,1.0000325680172177,-0.021275155422014008,0,0,1,UNSTABLE,4.0013727016684761e-16,8.8916398911914113e-17,1
B3_D2_Original,B3,2,Original,full-grid,662,9,58,97,1.0003234474075249,1.0000984921282767,-0.021213332506288225,0,0,1,UNSTABLE,3.0789506131181542e-16,8.8916398912289808e-17,1
B3_D2_Original,B3,2,Original,full-grid,663,9,59,98,1.0003866893269093,1.0001630779338977,-0.021150548934867376,0,0,1,UNSTABLE,2.7750238540903793e-16,8.8916398912289784e-17,1
B3_D2_Original,B3,2,Original,full-grid,664,9,60,99,1.0004485633415465,1.000226310671321,-0.021086852135936272,0,0,1,UNSTABLE,5.0235035242664688e-16,8.8916398912289808e-17,1
B3_D2_Original,B3,2,Original,full-grid,665,9,61,100,1.0005090581894061,1.0002881779047794,-0.021022289670456166,0,0,1,UNSTABLE,2.5511963779630282e-16,8.8916398911914101e-17,1
B3_D2_Original,B3,2,Original,full-grid,666,9,62,101,1.0005681648959275,1.0003486694972543,-0.020956909082134278,0,0,1,UNSTABLE,3.2864537614766533e-16,8.8916398912289808e-17,1
B3_D2_Original,B3,2,Original,full-grid,667,9,63,102,1.0006258767308176,1.0004077775706359,-0.020890757753084563,0,0,1,UNSTABLE,6.2942714593243307e-16,8.8916398912289821e-17,1
B3_D2_Original,B3,2,Original,full-grid,668,9,64,103,1.0006821891541375,1.0004654964549489,-0.020823882766424769,0,0,1,UNSTABLE,3.0590053944120856e-16,8.8916398912289808e-17,1
B3_D2_Original,B3,2,Original,full-grid,669,9,65,104,1.0007370997530816,1.0005218226280286,-0.020756330776334105,0,0,1,UNSTABLE,5.0832447182229958e-16,8.8916398911914101e-17,1
B3_D2_Original,B3,2,Original,full-grid,670,9,66,105,1.0007906081702262,1.0005767546464184,-0.020688147886476244,0,0,1,UNSTABLE,5.781061157974413e-16,8.8916398912289784e-17,1
B3_D2_Original,B3,2,Original,full-grid,671,10,0,40,0.99548264260785835,0.9952317570251632,-0.02234818878861717,1,0,-1,STABLE,2.6522476350495873e-16,8.1425379867202864e-17,1
B3_D2_Original,B3,2,Original,full-grid,672,10,1,41,0.99556468298186007,0.99531326258236852,-0.022372915062925779,1,0,-1,STABLE,2.8666502126984719e-16,8.8916398912289784e-17,1
B3_D2_Original,B3,2,Original,full-grid,673,10,2,42,0.9956760013997622,0.98601248935264185,-0.13838378013345942,1,0,-1,STABLE,3.1529549731996354e-16,8.8916398912289808e-17,1
B3_D2_Original,B3,2,Original,full-grid,674,10,3,43,0.99580875979306638,0.98613082204267299,-0.13849580462254796,1,0,-1,STABLE,2.7188939470803319e-16,8.8916398912289784e-17,1
B3_D2_Original,B3,2,Original,full-grid,675,10,4,44,0.99607392058763344,0.99299944369177051,-0.078200767916007746,1,0,-1,STABLE,4.8764189199936158e-16,8.8916398911914101e-17,1
B3_D2_Original,B3,2,Original,full-grid,676,10,5,45,0.99642958424814265,0.99336370330470714,-0.078105501225485374,1,0,-1,STABLE,2.8812347016632644e-16,8.8916398912289808e-17,1
B3_D2_Original,B3,2,Original,full-grid,677,10,6,46,0.9967751654532031,0.99372000974504338,-0.077982515326009638,1,0,-1,STABLE,2.4956686369968123e-16,8.8916398912289808e-17,1
B3_D2_Original,B3,2,Original,full-grid,678,10,7,47,0.9971084954982351,0.99406610391101724,-0.07783272351604105,1,0,-1,STABLE,3.7045621373491092e-16,8.8916398912289821e-17,1
B3_D2_Original,B3,2,Original,full-grid,679,10,8,48,0.99742755683837159,0.99439986082403964,-0.077657246498274796,1,0,-1,STABLE,3.2233258554219054e-16,8.8916398911914113e-17,1
B3_D2_Original,B3,2,Original,full-grid,680,10,9,49,0.99773050261812668,0.99471931138327374,-0.07745739096952392,1,0,-1,STABLE,2.6511615109466649e-16,8.8916398912289784e-17,1
B3_D2_Original,B3,2,Original,full-grid,681,10,10,50,0.99801567267848124,0.99502266080456525,-0.077234625636980136,1,0,-1,STABLE,2.8323017343723399e-16,8.8916398912289808e-17,1
B3_D2_Original,B3,2,Original,full-grid,682,10,11,51,0.99828160569960778,0.99530830334251708,-0.076990555106630679,1,0,-1,STABLE,3.8419516352771901e-16,8.8916398912289808e-17,1
B3_D2_Original,B3,2,Original,full-grid,683,10,12,52,0.99852704718616514,0.99557483293540705,-0.076726892208393613,1,0,-1,STABLE,1.8049064090400211e-16,8.8916398911914101e-17,1
B3_D2_Original,B3,2,Original,full-grid,684,10,13,53,0.9987509531040365,0.99582104950843053,-0.076445429439237142,1,0,-1,STABLE,2.7385754424774192e-16,8.8916398912289808e-17,1
B3_D2_Original,B3,2,Original,full-grid,685,10,14,54,0.99895248912590562,0.99604596081676422,-0.07614801029213901,1,0,-1,STABLE,2.8305246681333266e-16,8.8916398912289808e-17,1
B3_D2_Original,B3,2,Original,full-grid,686,10,15,55,0.99913102562061129,0.99624877988970373,-0.075836501277228477,1,0,-1,STABLE,2.5917384537386192e-16,8.8916398912289808e-17,1
B3_D2_Original,B3,2,Original,full-grid,687,10,16,56,0.99928612870556499,0.99642891832891622,-0.075512765418974323,1,0,-1,STABLE,3.290745724197799e-16,8.8916398911914113e-17,1
B3_D2_Original,B3,2,Original,full-grid,688,10,17,57,0.99941754784809744,0.99658597589240361,-0.075178637931858444,1,0,-1,STABLE,3.2450087096131708e-16,8.8916398912289784e-17,1
B3_D2_Original,B3,2,Original,full-grid,689,10,18,58,0.99952520063187322,0.99671972694151667,-0.074835904643525977,1,0,-1,STABLE,3.5708183913821353e-16,8.8916398912289808e-17,1
B3_D2_Original,B3,2,Original,full-grid,690,10,19,59,0.99960915538433959,0.99683010442513664,-0.074486283569285452,1,0,-1,STABLE,2.5885193134892913e-16,8.8916398912289784e-17,1
B3_D2_Original,B3,2,Original,full-grid,691,10,20,60,0.9996696123877471,0.99691718211874525,-0.074131409860389991,1,0,-1,STABLE,2.4290483676285586e-16,8.8916398911914101e-17,1
B3_D2_Original,B3,2,Original,full-grid,692,10,21,61,0.99970688437146138,0.99698115582654689,-0.073772824172975648,1,0,-1,STABLE,2.7581269826200596e-16,8.8916398912289808e-17,1
B3_D2_Original,B3,2,Original,full-grid,693,10,22,62,0.99972137691693308,0.99702232420105608,-0.073411964347870298,1,0,-1,STABLE,2.9617823881792939e-16,8.8916398912289808e-17,1
B3_D2_Original,B3,2,Original,full-grid,694,10,23,63,0.99971356931040123,0.99704106974749385,-0.073050160164885955,1,0,-1,STABLE,2.8269127418852948e-16,8.8916398912289821e-17,1
B3_D2_Original,B3,2,Original,full-grid,695,10,24,64,0.99968399626531612,0.99703784047299848,-0.072688630843702154,1,0,-1,STABLE,3.9596129095098922e-16,8.8916398911914113e-17,1
B3_D2_Original,B3,2,Original,full-grid,696,10,25,65,0.99963323081870659,0.99701313252543033,-0.072328484906530502,1,0,-1,STABLE,1.8882709836402252e-16,8.8916398912289784e-17,1
B3_D2_Original,B3,2,Original,full-grid,697,10,26,66,0.9995618685919595,0.99696747405264574,-0.071970721992604611,1,0,-1,STABLE,2.447208946169182e-16,8.8916398912289808e-17,1
B3_D2_Original,B3,2,Original,full-grid,698,10,27,67,0.99947051350432525,0.99690141040872682,-0.071616236215616427,1,0,-1,STABLE,4.5572191733267076e-16,8.8916398912289808e-17,1
B3_D2_Original,B3,2,Original,full-grid,699,10,28,68,0.99935976493998502,0.99681549074258446,-0.071265820675291219,1,0,-1,STABLE,2.2221936713684128e-16,8.8916398911914101e-17,1
B3_D2_Original,B3,2,Original,full-grid,700,10,29,69,0.99923020629834536,0.99671025592877838,-0.070920172767858974,1,0,-1,STABLE,4.0011805479888e-16,8.8916398912289808e-17,1
B3_D2_Original,B3,2,Original,full-grid,701,10,30,70,0.99908239480161287,0.99658622774015226,-0.070579899979948318,1,0,-1,STABLE,2.489420800722337e-16,8.8916398912289808e-17,1
B3_D2_Original,B3,2,Original,full-grid,702,10,31,71,0.99891685239193606,0.99644389911553866,-0.070245525893364483,1,0,-1,STABLE,2.2955858694963919e-16,8.8916398912289808e-17,1
B3_D2_Original,B3,2,Original,full-grid,703,10,32,72,0.99873405751961686,0.99628372534095599,-0.069917496167582208,1,0,-1,STABLE,2.5956205363426828e-16,8.8916398911914113e-17,1
B3_D2_Original,B3,2,Original,full-grid,704,10,33,73,0.99853443760093852,0.99610611593619058,-0.069596184303013481,1,0,-1,STABLE,3.1931542302722509e-16,8.8916398912289784e-17,1
B3_D2_Original,B3,2,Original,full-grid,705,10,34,74,0.99846753155009216,0.99821769271351135,-0.022334939298057431,1,0,-1,STABLE,2.0377874261452846e-16,8.8916398912289808e-17,1
B3_D2_Original,B3,2,Original,full-grid,706,10,35,75,0.9985546964032388,0.99830553272680123,-0.022305717563488554,1,0,-1,STABLE,3.027346407460185e-16,8.8916398912289784e-17,1
B3_D2_Original,B3,2,Original,full-grid,707,10,36,76,0.99864133525397047,0.99839288332689291,-0.022274806397507323,1,0,-1,STABLE,2.4085906930191248e-16,8.8916398911914101e-17,1
B3_D2_Original,B3,2,Original,full-grid,708,10,37,77,0.99872740139424743,0.99847969740328912,-0.022242215922486951,1,0,-1,STABLE,5.0785187705650015e-16,8.8916398912289808e-17,1
B3_D2_Original,B3,2,Original,full-grid,709,10,38,78,0.99881284808033322,0.99856592775593556,-0.022207958377002016,1,0,-1,STABLE,2.5569688114655579e-16,8.8916398912289808e-17,1
B3_D2_Original,B3,2,Original,full-grid,710,10,39,79,0.99889762867432097,0.99865152723630168,-0.022172048163933634,1,0,-1,STABLE,3.2829301523549831e-16,8.8916398912289821e-17,1
B3_D2_Original,B3,2,Original,full-grid,711,10,40,80,0.99898169679220228,0.99873644889534119,-0.022134501886221257,1,0,-1,STABLE,3.5909407093327786e-16,8.8916398911914113e-17,1
B3_D2_Original,B3,2,Original,full-grid,712,10,41,81,0.99906500645714669,0.99882064613702015,-0.022095338369081046,1,0,-1,STABLE,2.9706720874024418e-16,8.8916398912289784e-17,1
B3_D2_Original,B3,2,Original,full-grid,713,10,42,82,0.99914751225653897,0.99890407287597083,-0.022054578668111498,1,0,-1,STABLE,2.211122367408685e-16,8.8916398912289808e-17,1
B3_D2_Original,B3,2,Original,full-grid,714,10,43,83,0.99922916950113039,0.99898668369763044,-0.022012246062793457,1,0,-1,STABLE,3.2286843439381881e-16,8.8916398912289808e-17,1
B3_D2_Original,B3,2,Original,full-grid,715,10,44,84,0.99930993438472326,0.99906843401929701,-0.021968366034580057,1,0,-1,STABLE,3.3092154411974436e-16,8.8916398911914101e-17,1
B3_D2_Original,B3,2,Original,full-grid,716,10,45,85,0.99938976414261338,0.99914928025030458,-0.021922966230116608,1,0,-1,STABLE,4.9139563578261574e-16,8.8916398912289808e-17,1
B3_D2_Original,B3,2,Original,full-grid,717,10,46,86,0.99946861720707647,0.99922917994961535,-0.021876076408823223,1,0,-1,STABLE,3.0545704306408739e-16,8.8916398912289808e-17,1
B3_D2_Original,B3,2,Original,full-grid,718,10,47,87,0.99954645335825509,0.99930809197914383,-0.021827728376299625,1,0,-1,STABLE,4.4401461258106906e-16,8.8916398912289808e-17,1
B3_D2_Original,B3,2,Original,full-grid,719,10,48,88,0.99962323386875995,0.99938597665113904,-0.021777955902396621,1,0,-1,STABLE,3.1644994399063695e-16,8.8916398911914113e-17,1
B3_D2_Original,B3,2,Original,full-grid,720,10,49,89,0.99969892164033025,0.99946279586790943,-0.021726794626465557,1,0,-1,STABLE,4.6496468068009396e-16,8.8916398912289784e-17,1
B3_D2_Original,B3,2,Original,full-grid,721,10,50,90,0.99977348133131849,0.99953851325264664,-0.021674281949649061,1,0,-1,STABLE,2.8582811585552902e-16,8.8916398912289808e-17,1
B3_D2_Original,B3,2,Original,full-grid,722,10,51,91,0.99984687947347761,0.99961309426978606,-0.021620456915490596,1,0,-1,STABLE,5.1145978871994723e-16,8.8916398912289784e-17,1
B3_D2_Original,B3,2,Original,full-grid,723,10,52,92,0.99991908457703371,0.99968650633385048,-0.02156536008030141,1,0,-1,STABLE,3.2015247528135147e-16,8.8916398911914101e-17,1
B3_D2_Original,B3,2,Original,full-grid,724,10,53,93,0.99999006722305661,0.99975871890574619,-0.021509033374714485,1,0,-1,STABLE,3.3195816512579783e-16,8.8916398912289808e-17,1
B3_D2_Original,B3,2,Original,full-grid,725,10,54,94,1.0000598001424017,0.99982970357574308,-0.021451519957852456,0,0,1,UNSTABLE,2.8216632318092578e-16,8.8916398912289808e-17,1
B3_D2_Original,B3,2,Original,full-grid,726,10,55,95,1.000128258280599,0.99989943413248539,-0.021392864065381635,0,0,1,UNSTABLE,3.4235431606535527e-16,8.8916398912289821e-17,1
B3_D2_Original,B3,2,Original,full-grid,727,10,56,96,1.0001954188484772,0.99996788661775371,-0.021333110853872111,0,0,1,UNSTABLE,3.5317638206075925e-16,8.8916398911914113e-17,1
B3_D2_Original,B3,2,Original,full-grid,728,10,57,97,1.0002612613582895,1.0000350393667325,-0.021272306242019149,0,0,1,UNSTABLE,2.9168930659182367e-16,8.8916398912289784e-17,1
B3_D2_Original,B3,2,Original,full-grid,729,10,58,98,1.0003257676455133,1.0001008730338907,-0.021210496751252261,0,0,1,UNSTABLE,2.2900711496172592e-16,8.8916398912289808e-17,1
B3_D2_Original,B3,2,Original,full-grid,730,10,59,99,1.0003889218765034,1.0001653706046372,-0.021147729346710598,0,0,1,UNSTABLE,5.7153666220889792e-16,8.8916398912289808e-17,1
B3_D2_Original,B3,2,Original,full-grid,731,10,60,100,1.0004507105425595,1.0002285173932628,-0.021084051280229481,0,0,1,UNSTABLE,2.2062737510977914e-16,8.8916398911914101e-17,1
B3_D2_Original,B3,2,Original,full-grid,732,10,61,101,1.0005111224409085,1.0002903010276503,-0.021019509936705833,0,0,1,UNSTABLE,3.4744562782291065e-16,8.8916398912289808e-17,1
B3_D2_Original,B3,2,Original,full-grid,733,10,62,102,1.0005701486434271,1.0003507114215378,-0.020954152685156522,0,0,1,UNSTABLE,2.9469337163974057e-16,8.8916398912289808e-17,1
B3_D2_Original,B3,2,Original,full-grid,734,10,63,103,1.0006277824539485,1.0004097407351717,-0.020888026735265706,0,0,1,UNSTABLE,3.9073846673176706e-16,8.8916398912289808e-17,1
B3_D2_Original,B3,2,Original,full-grid,735,10,64,104,1.000684019355061,1.0004673833252204,-0.020821179000879694,0,0,1,UNSTABLE,2.3433324268119574e-16,8.8916398911914113e-17,1
B3_D2_Original,B3,2,Original,full-grid,736,10,65,105,1.0007388569455093,1.0005236356850609,-0.020753655970751073,0,0,1,UNSTABLE,2.7881505381760959e-16,8.8916398912289784e-17,1
B3_D2_Original,B3,2,Original,full-grid,737,10,66,106,1.0007922948692314,1.0005784963764386,-0.020685503587963235,0,0,1,UNSTABLE,2.4742725560472066e-16,8.8916398912289808e-17,1
B3_D2_Original,B3,2,Original,full-grid,738,11,0,41,0.99620219076302785,0.98696152071858889,-0.13537267634905764,1,0,-1,STABLE,3.6946273225633047e-16,8.1425379867225174e-17,1
B3_D2_Original,B3,2,Original,full-grid,739,11,1,42,0.99630394034428749,0.98704373975701154,-0.13552194417158508,1,0,-1,STABLE,4.1916995670684372e-16,8.8916398912289821e-17,1
B3_D2_Original,B3,2,Original,full-grid,740,11,2,43,0.9964251345339773,0.98714718279290203,-0.1356594568583093,1,0,-1,STABLE,2.3436004443690124e-16,8.8916398912289821e-17,1
B3_D2_Original,B3,2,Original,full-grid,741,11,3,44,0.99656368278948015,0.98727019401389526,-0.13578194970870539,1,0,-1,STABLE,3.7699285439530382e-16,8.8916398911914101e-17,1
B3_D2_Original,B3,2,Original,full-grid,742,11,4,45,0.99673048438490641,0.99365794820484132,-0.078201921149771661,1,0,-1,STABLE,3.1385566673983423e-16,8.8916398912289808e-17,1
B3_D2_Original,B3,2,Original,full-grid,743,11,5,46,0.99707930259441224,0.99401609714013639,-0.078096954412131409,1,0,-1,STABLE,8.1301355768998751e-16,8.8916398912289808e-17,1
B3_D2_Original,B3,2,Original,full-grid,744,11,6,47,0.99741711696929847,0.99436530304404824,-0.077965051949351827,1,0,-1,STABLE,3.6731444384209935e-16,8.8916398912289796e-17,1
B3_D2_Original,B3,2,Original,full-grid,745,11,7,48,0.99774188971027522,0.99470343033413633,-0.07780722436980235,1,0,-1,STABLE,4.7807014070461388e-16,8.8916398911914113e-17,1
B3_D2_Original,B3,2,Original,full-grid,746,11,8,49,0.99805174042435907,0.9950284858418974,-0.07762466700265537,1,0,-1,STABLE,4.6784945420047557e-16,8.8916398912289784e-17,1
B3_D2_Original,B3,2,Original,full-grid,747,11,9,50,0.99834496122574479,0.99533863611609652,-0.077418738425412914,1,0,-1,STABLE,2.7560548722101814e-16,8.8916398912289808e-17,1
B3_D2_Original,B3,2,Original,full-grid,748,11,10,51,0.99862002869813116,0.99563222171525045,-0.077190937288068542,1,0,-1,STABLE,4.1652419094652757e-16,8.8916398912289808e-17,1
B3_D2_Original,B3,2,Original,full-grid,749,11,11,52,0.99887561251941892,0.99590776824485316,-0.076942877744467786,1,0,-1,STABLE,2.4729120615042115e-16,8.8916398911914101e-17,1
B3_D2_Original,B3,2,Original,full-grid,750,11,12,53,0.99911058055350588,0.99616399389281129,-0.076676263898851876,1,0,-1,STABLE,2.3585478761848657e-16,8.8916398912289808e-17,1
B3_D2_Original,B3,2,Original,full-grid,751,11,13,54,0.99932400027100254,0.99639981326828031,-0.076392863780427533,1,0,-1,STABLE,3.5814438559440505e-16,8.8916398912289808e-17,1
B3_D2_Original,B3,2,Original,full-grid,752,11,14,55,0.99951513646584067,0.99661433745133465,-0.076094483445027242,1,0,-1,STABLE,2.8493097620548473e-16,8.8916398912289808e-17,1
B3_D2_Original,B3,2,Original,full-grid,753,11,15,56,0.99968344537416765,0.99680687030113657,-0.075782941851182062,1,0,-1,STABLE,3.0564414892516771e-16,8.8916398911914101e-17,1
B3_D2_Original,B3,2,Original,full-grid,754,11,16,57,0.99982856545369525,0.99697690122724869,-0.07546004715415322,1,0,-1,STABLE,2.9840565136685386e-16,8.8916398912289784e-17,1
B3_D2_Original,B3,2,Original,full-grid,755,11,17,58,0.9999503052248061,0.9971240947811375,-0.075127575004654903,1,0,-1,STABLE,3.2749751775134933e-16,8.8916398912289808e-17,1
B3_D2_Original,B3,2,Original,full-grid,756,11,18,59,1.0000486286900934,0.99724827755264833,-0.074787249335782874,0,0,1,UNSTABLE,2.9950863497059847e-16,8.8916398912289784e-17,1
B3_D2_Original,B3,2,Original,full-grid,757,11,19,60,1.0001236389238062,0.99734942294507456,-0.074440725985998171,0,0,1,UNSTABLE,2.5142755551541097e-16,8.8916398911914101e-17,1
B3_D2_Original,B3,2,Original,full-grid,758,11,20,61,1.0001755604514597,0.9974276344455133,-0.074089579353772708,0,0,1,UNSTABLE,2.9218849386763794e-16,8.8916398912289808e-17,1
B3_D2_Original,B3,2,Original,full-grid,759,11,21,62,1.0002047210248992,0.99748312800524908,-0.073735292129077534,0,0,1,UNSTABLE,3.8044357595161422e-16,8.8916398912289808e-17,1
B3_D2_Original,B3,2,Original,full-grid,760,11,22,63,1.0002115333445971,0.99751621410236169,-0.073379248009513759,0,0,1,UNSTABLE,3.0950160633297462e-16,8.8916398912289796e-17,1
B3_D2_Original,B3,2,Original,full-grid,761,11,23,64,1.0001964772011944,0.99752727998703938,-0.073022727197346066,0,0,1,UNSTABLE,3.0245643904534808e-16,8.8916398911914113e-17,1
B3_D2_Original,B3,2,Original,full-grid,762,11,24,65,1.0001600824107846,0.99751677251775994,-0.072666904390506673,0,0,1,UNSTABLE,3.4082966091936998e-16,8.8916398912289784e-17,1
B3_D2_Original,B3,2,Original,full-grid,763,11,25,66,1.0001029128161965,0.99748518189662971,-0.072312848928030582,0,0,1,UNSTABLE,1.8648049643145384e-16,8.8916398912289808e-17,1
B3_D2_Original,B3,2,Original,full-grid,764,11,26,67,1.0000255515256535,0.99743302651132293,-0.071961526725397393,0,0,1,UNSTABLE,2.9177161038961871e-16,8.8916398912289808e-17,1
B3_D2_Original,B3,2,Original,full-grid,765,11,27,68,0.99992858746878832,0.99736083899777994,-0.071613803634289458,1,0,-1,STABLE,2.125986313488544e-16,8.8916398911914101e-17,1
B3_D2_Original,B3,2,Original,full-grid,766,11,28,69,0.99981260327036259,0.99726915355513057,-0.07127044987716101,1,0,-1,STABLE,2.9958587467744657e-16,8.8916398912289808e-17,1
B3_D2_Original,B3,2,Original,full-grid,767,11,29,70,0.99967816437639123,0.99715849447477223,-0.070932145235830732,1,0,-1,STABLE,2.5854768466840942e-16,8.8916398912289808e-17,1
B3_D2_Original,B3,2,Original,full-grid,768,11,30,71,0.99952580931501867,0.99702936578907142,-0.070599484708355517,1,0,-1,STABLE,2.8115043376063751e-16,8.8916398912289808e-17,1
B3_D2_Original,B3,2,Original,full-grid,769,11,31,72,0.99935604093412489,0.99688224190065844,-0.07027298438692739,1,0,-1,STABLE,3.1695925854897513e-16,8.8916398911914101e-17,1
B3_D2_Original,B3,2,Original,full-grid,770,11,32,73,0.99916931842681733,0.99671755901879022,-0.069953087345273043,1,0,-1,STABLE,2.5933175661526774e-16,8.8916398912289784e-17,1
B3_D2_Original,B3,2,Original,full-grid,771,11,33,74,0.99896604993146532,0.99653570720146256,-0.069640169357603601,1,0,-1,STABLE,2.98945872860399e-16,8.8916398912289808e-17,1
B3_D2_Original,B3,2,Original,full-grid,772,11,34,75,0.99874658547275375,0.99633702277924008,-0.069334544297084924,1,0,-1,STABLE,2.8169542756552807e-16,8.8916398912289784e-17,1
B3_D2_Original,B3,2,Original,full-grid,773,11,35,76,0.99855935882519908,0.99831024489610642,-0.022303543056401788,1,0,-1,STABLE,2.4418320801994924e-16,8.8916398911914101e-17,1
B3_D2_Original,B3,2,Original,full-grid,774,11,36,77,0.99864590136605713,0.99839750080622247,-0.022272554840290629,1,0,-1,STABLE,3.0058464691994875e-16,8.8916398912289808e-17,1
B3_D2_Original,B3,2,Original,full-grid,775,11,37,78,0.99873186900744937,0.99848421789747399,-0.022239891654030567,1,0,-1,STABLE,2.6385173988922038e-16,8.8916398912289808e-17,1
B3_D2_Original,B3,2,Original,full-grid,776,11,38,79,0.99881721525515388,0.99857034921755128,-0.022205565824772611,1,0,-1,STABLE,5.2490362886498402e-16,8.8916398912289796e-17,1
B3_D2_Original,B3,2,Original,full-grid,777,11,39,80,0.99890189372525207,0.9986558478705867,-0.022169591826967757,1,0,-1,STABLE,1.8642717316111814e-16,8.8916398911914113e-17,1
B3_D2_Original,B3,2,Original,full-grid,778,11,40,81,0.99898585829081188,0.99874066716373644,-0.022131986317646745,1,0,-1,STABLE,3.3424225054225354e-16,8.8916398912289784e-17,1
B3_D2_Original,B3,2,Original,full-grid,779,11,41,82,0.99906906323367706,0.99882476075921967,-0.022092768158490424,1,0,-1,STABLE,2.5418453554762304e-16,8.8916398912289808e-17,1
B3_D2_Original,B3,2,Original,full-grid,780,11,42,83,0.9991514634000257,0.99890808283049415,-0.022051958423680747,1,0,-1,STABLE,3.623678572651958e-16,8.8916398912289808e-17,1
B3_D2_Original,B3,2,Original,full-grid,781,11,43,84,0.99923301435798639,0.99899058822085895,-0.022009580393321581,1,0,-1,STABLE,2.443613708454771e-16,8.8916398911914101e-17,1
B3_D2_Original,B3,2,Original,full-grid,782,11,44,85,0.99931367255583392,0.99907223260300393,-0.021965659532038235,1,0,-1,STABLE,3.0991233965790057e-16,8.8916398912289808e-17,1
B3_D2_Original,B3,2,Original,full-grid,783,11,45,86,0.9993933954789419,0.9991529726376922,-0.021920223452143887,1,0,-1,STABLE,3.5400170802522859e-16,8.8916398912289808e-17,1
B3_D2_Original,B3,2,Original,full-grid,784,11,46,87,0.99947214180385391,0.99923276612991141,-0.021873301862060227,1,0,-1,STABLE,1.6698229859140677e-16,8.8916398912289808e-17,1
B3_D2_Original,B3,2,Original,full-grid,785,11,47,88,0.99954987154779262,0.99931157218080768,-0.021824926500017199,1,0,-1,STABLE,4.8679062898582253e-16,8.8916398911914101e-17,1
B3_D2_Original,B3,2,Original,full-grid,786,11,48,89,0.99962654621195712,0.99938935133373352,-0.021775131053228793,1,0,-1,STABLE,3.7631454987120334e-16,8.8916398912289784e-17,1
B3_D2_Original,B3,2,Original,full-grid,787,11,49,90,0.999702128917069,0.99946606571283425,-0.021723951063942423,1,0,-1,STABLE,3.2333257974840504e-16,8.8916398912289808e-17,1
B3_D2_Original,B3,2,Original,full-grid,788,11,50,91,0.99977658452971607,0.99954167915270353,-0.021671423822588912,1,0,-1,STABLE,3.302226019423837e-16,8.8916398912289784e-17,1
B3_D2_Original,B3,2,Original,full-grid,789,11,51,92,0.99984987977824347,0.99961615731781495,-0.021617588249690383,1,0,-1,STABLE,3.230294077177263e-16,8.8916398911914101e-17,1
B3_D2_Original,B3,2,Original,full-grid,790,11,52,93,0.99992198335701699,0.99968946781052181,-0.021562484767439893,1,0,-1,STABLE,2.2619779334959359e-16,8.8916398912289808e-17,1
B3_D2_Original,B3,2,Original,full-grid,791,11,53,94,0.9999928660181332,0.99976158026666084,-0.021506155162398073,1,0,-1,STABLE,2.9720419439650885e-16,8.8916398912289808e-17,1
B3_D2_Original,B3,2,Original,full-grid,792,11,54,95,1.0000625006498158,0.99983246643795254,-0.021448642441030241,0,0,1,UNSTABLE,3.7793361913721775e-16,8.8916398912289796e-17,1
B3_D2_Original,B3,2,Original,full-grid,793,11,55,96,1.0001308623409957,0.99990210026066517,-0.021389990679160222,0,0,1,UNSTABLE,2.9495436040906342e-16,8.8916398911914113e-17,1
B3_D2_Original,B3,2,Original,full-grid,794,11,56,97,1.0001979284316673,0.99997045791007877,-0.021330244867469161,0,0,1,UNSTABLE,4.3116767747507588e-16,8.8916398912289784e-17,1
B3_D2_Original,B3,2,Original,full-grid,795,11,57,98,1.000263678548954,1.0000375178406542,-0.021269450754268681,0,0,1,UNSTABLE,3.6601613423905273e-16,8.8916398912289808e-17,1
B3_D2_Original,B3,2,Original,full-grid,796,11,58,99,1.000328094628957,1.0001032608119345,-0.021207654687288639,0,0,1,UNSTABLE,2.6495597059217284e-16,8.8916398912289808e-17,1
B3_D2_Original,B3,2,Original,full-grid,797,11,59,100,1.000391160924611,1.0001676699003683,-0.021144903455893461,0,0,1,UNSTABLE,2.6655674689939891e-16,8.8916398911914101e-17,1
B3_D2_Original,B3,2,Original,full-grid,798,11,60,101,1.0004528640000212,1.0002307304974951,-0.021081244135305318,0,0,1,UNSTABLE,3.397390138352627e-16,8.8916398912289808e-17,1
B3_D2_Original,B3,2,Original,full-grid,799,11,61,102,1.0005131927118569,1.0002924302950367,-0.021016723934101287,0,0,1,UNSTABLE,2.6047917418053977e-16,8.8916398912289808e-17,1
B3_D2_Original,B3,2,Original,full-grid,800,11,62,103,1.0005721381785737,1.00035275925764,-0.020951390046223064,0,0,1,UNSTABLE,5.5973788121193646e-16,8.8916398912289808e-17,1
B3_D2_Original,B3,2,Original,full-grid,801,11,63,104,1.0006296937383057,1.0004117095840874,-0.020885289508625095,0,0,1,UNSTABLE,2.9948586789792581e-16,8.8916398911914101e-17,1
B3_D2_Original,B3,2,Original,full-grid,802,11,64,105,1.000685854896292,1.0004692756578222,-0.020818469065595407,0,0,1,UNSTABLE,3.7890351520576974e-16,8.8916398912289784e-17,1
B3_D2_Original,B3,2,Original,full-grid,803,11,65,106,1.0007406192629733,1.000525453987912,-0.020750975040263967,0,0,1,UNSTABLE,3.8191081078057045e-16,8.8916398912289808e-17,1
B3_D2_Original,B3,2,Original,full-grid,804,11,66,107,1.0007939864837581,1.0005802431414266,-0.020682853214587758,0,0,1,UNSTABLE,2.2587320682692132e-16,8.8916398912289784e-17,1
B3_D2_Original,B3,2,Original,full-grid,805,12,0,42,0.9965729980883703,0.98771006494769287,-0.13261435864893115,1,0,-1,STABLE,3.3422277194973913e-16,8.1425379867202864e-17,1
B3_D2_Original,B3,2,Original,full-grid,806,12,1,43,0.99667905604823426,0.98779538971791969,-0.13277578400153647,1,0,-1,STABLE,3.295141855295919e-16,8.8916398912289821e-17,1
B3_D2_Original,B3,2,Original,full-grid,807,12,2,44,0.99680585708315905,0.98790326253115723,-0.13292501869695797,1,0,-1,STABLE,5.424533332765995e-16,8.8916398911914101e-17,1
B3_D2_Original,B3,2,Original,full-grid,808,12,3,45,0.99706608467845259,0.9939897699600192,-0.078263110280943141,1,0,-1,STABLE,2.9841320298551491e-16,8.8916398912289808e-17,1
B3_D2_Original,B3,2,Original,full-grid,809,12,4,46,0.99741664236918381,0.99434833263911693,-0.078175135771064941,1,0,-1,STABLE,2.7881798253930769e-16,8.8916398912289808e-17,1
B3_D2_Original,B3,2,Original,full-grid,810,12,5,47,0.9977573429722244,0.99469910717871923,-0.07806024361255863,1,0,-1,STABLE,3.7615537764670148e-16,8.8916398912289796e-17,1
B3_D2_Original,B3,2,Original,full-grid,811,12,6,48,0.9980861506527543,0.99503996849942011,-0.077919350699972828,1,0,-1,STABLE,2.7184260328613704e-16,8.8916398911914113e-17,1
B3_D2_Original,B3,2,Original,full-grid,812,12,7,49,0.9984011763865952,0.99536892353384276,-0.07775355344430214,1,0,-1,STABLE,2.6777688285260081e-16,8.8916398912289808e-17,1
B3_D2_Original,B3,2,Original,full-grid,813,12,8,50,0.99870069118893556,0.99568412647262372,-0.077564108140981705,1,0,-1,STABLE,2.4374091136011786e-16,8.8916398912289808e-17,1
B3_D2_Original,B3,2,Original,full-grid,814,12,9,51,0.99898313679851292,0.99598389154923583,-0.077352410319500409,1,0,-1,STABLE,2.7355189125781533e-16,8.8916398912289784e-17,1
B3_D2_Original,B3,2,Original,full-grid,815,12,10,52,0.99924713379759789,0.99626670331856648,-0.077119973168238681,1,0,-1,STABLE,3.2258273360980814e-16,8.8916398911914101e-17,1
B3_D2_Original,B3,2,Original,full-grid,816,12,11,53,0.99949148705945556,0.99653122429253616,-0.076868405176254664,1,0,-1,STABLE,3.782255987398613e-16,8.8916398912289821e-17,1
B3_D2_Original,B3,2,Original,full-grid,817,12,12,54,0.99971518837417672,0.99677629974965298,-0.076599387226046131,1,0,-1,STABLE,2.2695075962244745e-16,8.8916398912289808e-17,1
B3_D2_Original,B3,2,Original,full-grid,818,12,13,55,0.99991741612100893,0.99700095954663404,-0.076314649479678975,1,0,-1,STABLE,2.1573695902364605e-16,8.8916398912289808e-17,1
B3_D2_Original,B3,2,Original,full-grid,819,12,14,56,1.0000975319259007,0.99720441682642558,-0.07601594849863226,0,0,1,UNSTABLE,3.0081782224722789e-16,8.8916398911914113e-17,1
B3_D2_Original,B3,2,Original,full-grid,820,12,15,57,1.0002550743524883,0.99738606362523208,-0.075705045103124299,0,0,1,UNSTABLE,4.1822950823797542e-16,8.8916398912289784e-17,1
B3_D2_Original,B3,2,Original,full-grid,821,12,16,58,1.0003897498045853,0.99754546351369011,-0.07538368349542178,0,0,1,UNSTABLE,2.7863293068262355e-16,8.8916398912289808e-17,1
B3_D2_Original,B3,2,Original,full-grid,822,12,17,59,1.0005014209458447,0.99768234154133539,-0.075053572141854749,0,0,1,UNSTABLE,3.4009340710695779e-16,8.8916398912289784e-17,1
B3_D2_Original,B3,2,Original,full-grid,823,12,18,60,1.0005900930501554,0.99779657187097415,-0.074716366832511191,0,0,1,UNSTABLE,3.7150227315554076e-16,8.8916398911914101e-17,1
B3_D2_Original,B3,2,Original,full-grid,824,12,19,61,1.0006558987712064,0.99788816357574039,-0.074373656230192722,0,0,1,UNSTABLE,4.2729724739630878e-16,8.8916398912289808e-17,1
B3_D2_Original,B3,2,Original,full-grid,825,12,20,62,1.000699081854892,0.99795724511880413,-0.074026950093266985,0,0,1,UNSTABLE,4.9134003569580372e-16,8.8916398912289808e-17,1
B3_D2_Original,B3,2,Original,full-grid,826,12,21,63,1.0007199803141573,0.99800404804281162,-0.073677670227341105,0,0,1,UNSTABLE,3.7028921756845813e-16,8.8916398912289796e-17,1
B3_D2_Original,B3,2,Original,full-grid,827,12,22,64,1.0007190095474889,0.99802889036727227,-0.073327144100792663,0,0,1,UNSTABLE,4.5978152730333083e-16,8.8916398911914113e-17,1
B3_D2_Original,B3,2,Original,full-grid,828,12,23,65,1.0006966458172359,0.99803216013437135,-0.072976600958027382,0,0,1,UNSTABLE,2.7325479063488298e-16,8.8916398912289808e-17,1
B3_D2_Original,B3,2,Original,full-grid,829,12,24,66,1.0006534104230316,0.99801429946755504,-0.072627170188088716,0,0,1,UNSTABLE,3.0219333315912447e-16,8.8916398912289808e-17,1
B3_D2_Original,B3,2,Original,full-grid,830,12,25,67,1.0005898548165153,0.99797578942054821,-0.072279881655748224,0,0,1,UNSTABLE,5.3206356550340662e-16,8.8916398912289784e-17,1
B3_D2_Original,B3,2,Original,full-grid,831,12,26,68,1.0005065468153889,0.99791713580656438,-0.071935667676592402,0,0,1,UNSTABLE,3.1013040287958517e-16,8.8916398911914101e-17,1
B3_D2_Original,B3,2,Original,full-grid,832,12,27,69,1.0004040579926479,0.99783885611388323,-0.071595366313010778,0,0,1,UNSTABLE,3.0581338578025977e-16,8.8916398912289821e-17,1
B3_D2_Original,B3,2,Original,full-grid,833,12,28,70,1.0002829522443697,0.99774146753891624,-0.07125972568008819,0,0,1,UNSTABLE,2.8144346308110587e-16,8.8916398912289808e-17,1
B3_D2_Original,B3,2,Original,full-grid,834,12,29,71,1.0001437754783129,0.99762547610344054,-0.070929408973976274,0,0,1,UNSTABLE,3.1349795466177292e-16,8.8916398912289808e-17,1
B3_D2_Original,B3,2,Original,full-grid,835,12,30,72,0.99998704631627788,0.99749136676974304,-0.070604999965893561,1,0,-1,STABLE,3.2968456357234737e-16,8.8916398911914113e-17,1
B3_D2_Original,B3,2,Original,full-grid,836,12,31,73,0.99981324766328261,0.997339594423864,-0.070287008738762105,1,0,-1,STABLE,3.6021408431973299e-16,8.8916398912289784e-17,1
B3_D2_Original,B3,2,Original,full-grid,837,12,32,74,0.99962281896580518,0.99717057556294186,-0.069975877476556869,1,0,-1,STABLE,3.3472129877957238e-16,8.8916398912289808e-17,1
B3_D2_Original,B3,2,Original,full-grid,838,12,33,75,0.99941614895515174,0.99698468049344824,-0.069671986147397155,1,0,-1,STABLE,2.5301222411980309e-16,8.8916398912289784e-17,1
B3_D2_Original,B3,2,Original,full-grid,839,12,34,76,0.99919356864942055,0.99678222582210507,-0.069375657946386282,1,0,-1,STABLE,4.4780469641267854e-16,8.8916398911914101e-17,1
B3_D2_Original,B3,2,Original,full-grid,840,12,35,77,0.99895534436356215,0.99656346699538334,-0.069087164384308022,1,0,-1,STABLE,2.3970109246514776e-16,8.8916398912289808e-17,1
B3_D2_Original,B3,2,Original,full-grid,841,12,36,78,0.9987016704497963,0.99632859061510559,-0.068806729918888559,1,0,-1,STABLE,2.120384475290267e-16,8.8916398912289808e-17,1
B3_D2_Original,B3,2,Original,full-grid,842,12,37,79,0.99873635047757503,0.99848875235243573,-0.022237562612438099,1,0,-1,STABLE,5.0103429920048818e-16,8.8916398912289796e-17,1
B3_D2_Original,B3,2,Original,full-grid,843,12,38,80,0.99882159596427922,0.99857478432196489,-0.022203168264271211,1,0,-1,STABLE,3.6162655353452565e-16,8.8916398911914113e-17,1
B3_D2_Original,B3,2,Original,full-grid,844,12,39,81,0.99890617198548748,0.99866018182696648,-0.022167130261501036,1,0,-1,STABLE,3.3763345456031299e-16,8.8916398912289808e-17,1
B3_D2_Original,B3,2,Original,full-grid,845,12,40,82,0.99899003267198883,0.99874489843145298,-0.022129465315006199,1,0,-1,STABLE,3.2375514497221419e-16,8.8916398912289808e-17,1
B3_D2_Original,B3,2,Original,full-grid,846,12,41,83,0.99907313256494545,0.99882888805655035,-0.022090192322577681,1,0,-1,STABLE,4.3206269827525879e-16,8.8916398912289784e-17,1
B3_D2_Original,B3,2,Original,full-grid,847,12,42,84,0.99915542676989255,0.99891210513511619,-0.022049332376663899,1,0,-1,STABLE,2.7325303866026776e-16,8.8916398911914101e-17,1
B3_D2_Original,B3,2,Original,full-grid,848,12,43,85,0.9992368711129106,0.99899450476889173,-0.022006908757845011,1,0,-1,STABLE,3.4584208403377539e-16,8.8916398912289821e-17,1
B3_D2_Original,B3,2,Original,full-grid,849,12,44,86,0.99931742229724807,0.99907604288647311,-0.021962946913438006,1,0,-1,STABLE,3.3873031928928915e-16,8.8916398912289808e-17,1
B3_D2_Original,B3,2,Original,full-grid,850,12,45,87,0.99939703805884761,0.99915667640055061,-0.021917474421174091,1,0,-1,STABLE,2.1303284298516108e-16,8.8916398912289808e-17,1
B3_D2_Original,B3,2,Original,full-grid,851,12,46,88,0.99947567731896314,0.99923636336258981,-0.021870520938155832,1,0,-1,STABLE,3.2943135816983196e-16,8.8916398911914113e-17,1
B3_D2_Original,B3,2,Original,full-grid,852,12,47,89,0.99955330033232825,0.99931506311340779,-0.021822118134939911,1,0,-1,STABLE,5.2262036819586439e-16,8.8916398912289784e-17,1
B3_D2_Original,B3,2,Original,full-grid,853,12,48,90,0.9996298688291454,0.99939273642788451,-0.021772299615781827,1,0,-1,STABLE,5.8258743648867582e-16,8.8916398912289808e-17,1
B3_D2_Original,B3,2,Original,full-grid,854,12,49,91,0.99970534614948314,0.99946934565237755,-0.021721100825372163,1,0,-1,STABLE,2.5671087276165419e-16,8.8916398912289784e-17,1
B3_D2_Original,B3,2,Original,full-grid,855,12,50,92,0.99977969736852923,0.99954485483325506,-0.021668558943200369,1,0,-1,STABLE,3.0236805541442717e-16,8.8916398911914101e-17,1
B3_D2_Original,B3,2,Original,full-grid,856,12,51,93,0.99985288941156547,0.99961922983538032,-0.021614712766477768,1,0,-1,STABLE,4.5358923586870229e-16,8.8916398912289808e-17,1
B3_D2_Original,B3,2,Original,full-grid,857,12,52,94,0.99992489115742378,0.99969243844927458,-0.021559602582825514,1,0,-1,STABLE,2.7067696798752067e-16,8.8916398912289808e-17,1
B3_D2_Original,B3,2,Original,full-grid,858,12,53,95,0.99999567352952012,0.99976445048600404,-0.021503270034512231,1,0,-1,STABLE,4.2914995836237376e-16,8.8916398912289796e-17,1
B3_D2_Original,B3,2,Original,full-grid,859,12,54,96,1.0000652095737734,0.99983523785907547,-0.021445757974974847,0,0,1,UNSTABLE,3.0827101704132747e-16,8.8916398911914113e-17,1
B3_D2_Original,B3,2,Original,full-grid,860,12,55,97,1.0001334745227755,0.99990477465265137,-0.021387110319760975,0,0,1,UNSTABLE,2.6396682233864541e-16,8.8916398912289808e-17,1
B3_D2_Original,B3,2,Original,full-grid,861,12,56,98,1.0002004458459537,0.99997303717578467,-0.021327371893441919,0,0,1,UNSTABLE,3.8579571970540286e-16,8.8916398912289808e-17,1
B3_D2_Original,B3,2,Original,full-grid,862,12,57,99,1.0002661032855606,1.0000400040024804,-0.021266588273603882,0,0,1,UNSTABLE,3.1249458481450083e-16,8.8916398912289784e-17,1
B3_D2_Original,B3,2,Original,full-grid,863,12,58,100,1.0003304288785817,1.0001056559976247,-0.021204805633827119,0,0,1,UNSTABLE,3.4138747815143904e-16,8.8916398911914101e-17,1
B3_D2_Original,B3,2,Original,full-grid,864,12,59,101,1.0003934069647162,1.0001699763288991,-0.021142070587378565,0,0,1,UNSTABLE,3.1476161422909378e-16,8.8916398912289821e-17,1
B3_D2_Original,B3,2,Original,full-grid,865,12,60,102,1.000455024181101,1.0002329504653253,-0.021078430032551432,0,0,1,UNSTABLE,2.9433465756732321e-16,8.8916398912289808e-17,1
B3_D2_Original,B3,2,Original,full-grid,866,12,61,103,1.0005152694440371,1.0002945661626641,-0.021013931001168735,0,0,1,UNSTABLE,2.9399329692887769e-16,8.8916398912289808e-17,1
B3_D2_Original,B3,2,Original,full-grid,867,12,62,104,1.0005741339187577,1.0003548134366755,-0.020948620511775224,0,0,1,UNSTABLE,2.6124937506663485e-16,8.8916398911914113e-17,1
B3_D2_Original,B3,2,Original,full-grid,868,12,63,105,1.0006316109778322,1.0004136845248217,-0.020882545428236286,0,0,1,UNSTABLE,2.6433121318588382e-16,8.8916398912289784e-17,1
B3_D2_Original,B3,2,Original,full-grid,869,12,64,106,1.0006876961492959,1.0004711738374761,-0.020815752324812722,0,0,1,UNSTABLE,2.5205036683116291e-16,8.8916398912289808e-17,1
B3_D2_Original,B3,2,Original,full-grid,870,12,65,107,1.0007423870554071,1.0005272778995262,-0.020748287358685887,0,0,1,UNSTABLE,3.4245140574458334e-16,8.8916398912289784e-17,1
B3_D2_Original,B3,2,Original,full-grid,871,12,66,108,1.0007956833431411,1.0005819952834694,-0.020680196150322561,0,0,1,UNSTABLE,2.5155317387413257e-16,8.8916398911914101e-17,1
B3_D2_Original,B3,2,Original,full-grid,872,13,0,43,0.99672146697401853,0.99363751922951915,-0.07834643007978466,1,0,-1,STABLE,3.5855486366230425e-16,8.1425379867225199e-17,1
B3_D2_Original,B3,2,Original,full-grid,873,13,1,44,0.99708336370465556,0.99400187520093608,-0.078329472573311548,1,0,-1,STABLE,4.3138278483269203e-16,8.8916398911914101e-17,1
B3_D2_Original,B3,2,Original,full-grid,874,13,2,45,0.99744081563914311,0.99436396342161082,-0.078284666131653635,1,0,-1,STABLE,3.2720253526474114e-16,8.8916398912289808e-17,1
B3_D2_Original,B3,2,Original,full-grid,875,13,3,46,0.99779157458543977,0.9947214876303484,-0.078212456553658882,1,0,-1,STABLE,3.3548356602724301e-16,8.8916398912289808e-17,1
B3_D2_Original,B3,2,Original,full-grid,876,13,4,47,0.99813350244354915,0.99507224378397419,-0.078113496599201873,1,0,-1,STABLE,4.4304058182292763e-16,8.8916398912289796e-17,1
B3_D2_Original,B3,2,Original,full-grid,877,13,5,48,0.9984645872558785,0.99541413788295618,-0.077988628060653403,1,0,-1,STABLE,4.461421338270584e-16,8.8916398911914101e-17,1
B3_D2_Original,B3,2,Original,full-grid,878,13,6,49,0.99878295622974866,0.9957452008390778,-0.077838863435822969,1,0,-1,STABLE,2.5523393702886706e-16,8.8916398912289808e-17,1
B3_D2_Original,B3,2,Original,full-grid,879,13,7,50,0.99908688626669129,0.99606360088642432,-0.077665367437761965,1,0,-1,STABLE,2.2015322877273019e-16,8.8916398912289784e-17,1
B3_D2_Original,B3,2,Original,full-grid,880,13,8,51,0.99937481239568182,0.99636765391560633,-0.077469438371623622,1,0,-1,STABLE,3.6856584745495249e-16,8.8916398912289808e-17,1
B3_D2_Original,B3,2,Original,full-grid,881,13,9,52,0.99964533433205416,0.99665583194458951,-0.07725248929764264,1,0,-1,STABLE,3.1082900554203204e-16,8.8916398911914101e-17,1
B3_D2_Original,B3,2,Original,full-grid,882,13,10,53,0.99989722121218605,0.99692676976971351,-0.077016028879553028,1,0,-1,STABLE,2.6897845839194093e-16,8.8916398912289808e-17,1
B3_D2_Original,B3,2,Original,full-grid,883,13,11,54,1.000129414419791,0.99717926970248816,-0.076761641874611819,0,0,1,UNSTABLE,3.7540541090010524e-16,8.8916398912289808e-17,1
B3_D2_Original,B3,2,Original,full-grid,884,13,12,55,1.0003410283435112,0.99741230421466365,-0.076490969326769687,0,0,1,UNSTABLE,3.0236795004460998e-16,8.8916398912289784e-17,1
B3_D2_Original,B3,2,Original,full-grid,885,13,13,56,1.0005313488937753,0.99762501629441691,-0.076205688650925751,0,0,1,UNSTABLE,2.8686262062656546e-16,8.8916398911914101e-17,1
B3_D2_Original,B3,2,Original,full-grid,886,13,14,57,1.0006998296550205,0.99781671735817112,-0.075907493912991425,0,0,1,UNSTABLE,2.9625147110686672e-16,8.8916398912289784e-17,1
B3_D2_Original,B3,2,Original,full-grid,887,13,15,58,1.0008460856412766,0.99798688265079405,-0.075598076697860742,0,0,1,UNSTABLE,2.5684981389924347e-16,8.8916398912289808e-17,1
B3_D2_Original,B3,2,Original,full-grid,888,13,16,59,1.0009698847406634,0.99813514418466376,-0.075279107999482717,0,0,1,UNSTABLE,4.2324033731032282e-16,8.8916398912289784e-17,1
B3_D2_Original,B3,2,Original,full-grid,889,13,17,60,1.0010711370553063,0.9982612813928422,-0.074952221562299762,0,0,1,UNSTABLE,3.0294833027644686e-16,8.8916398911914101e-17,1
B3_D2_Original,B3,2,Original,full-grid,890,13,18,61,1.0011498824495724,0.99836520978507859,-0.074618999052441778,0,0,1,UNSTABLE,2.2179667528529885e-16,8.8916398912289808e-17,1
B3_D2_Original,B3,2,Original,full-grid,891,13,19,62,1.0012062766991523,0.99844696798405908,-0.074280957352600846,0,0,1,UNSTABLE,3.3048191256494603e-16,8.8916398912289808e-17,1
B3_D2_Original,B3,2,Original,full-grid,892,13,20,63,1.0012405766768662,0.9985067035726447,-0.07393953816946762,0,0,1,UNSTABLE,3.5837546895033817e-16,8.8916398912289796e-17,1
B3_D2_Original,B3,2,Original,full-grid,893,13,21,64,1.0012531250199637,0.99854465820149918,-0.073596100029106465,0,0,1,UNSTABLE,2.5016716409520001e-16,8.8916398911914101e-17,1
B3_D2_Original,B3,2,Original,full-grid,894,13,22,65,1.0012443346990312,0.9985611523903215,-0.073251912629084509,0,0,1,UNSTABLE,3.5927868968290718e-16,8.8916398912289808e-17,1
B3_D2_Original,B3,2,Original,full-grid,895,13,23,66,1.0012146738589223,0.99855657041293289,-0.07290815342325839,0,0,1,UNSTABLE,3.528193810826433e-16,8.8916398912289784e-17,1
B3_D2_Original,B3,2,Original,full-grid,896,13,24,67,1.0011646512352312,0.99853134559417356,-0.072565906242885753,0,0,1,UNSTABLE,2.1022379061873684e-16,8.8916398912289808e-17,1
B3_D2_Original,B3,2,Original,full-grid,897,13,25,68,1.0010948023736908,0.99848594627290543,-0.072226161708342368,0,0,1,UNSTABLE,4.7924372054406129e-16,8.8916398911914101e-17,1
B3_D2_Original,B3,2,Original,full-grid,898,13,26,69,1.0010056768025701,0.99842086260877039,-0.071889819157727269,0,0,1,UNSTABLE,3.1795136002763456e-16,8.8916398912289808e-17,1
B3_D2_Original,B3,2,Original,full-grid,899,13,27,70,1.0008978262338504,0.99833659433508726,-0.071557689810853642,0,0,1,UNSTABLE,3.698580167011512e-16,8.8916398912289808e-17,1
B3_D2_Original,B3,2,Original,full-grid,900,13,28,71,1.0007717938031286,0.99823363949241772,-0.071230500894304286,0,0,1,UNSTABLE,3.8355145423998761e-16,8.8916398912289784e-17,1
B3_D2_Original,B3,2,Original,full-grid,901,13,29,72,1.0006281043005927,0.99811248411692266,-0.070908900471966824,0,0,1,UNSTABLE,3.0703837165777073e-16,8.8916398911914101e-17,1
B3_D2_Original,B3,2,Original,full-grid,902,13,30,73,1.0004672552982192,0.99797359280725861,-0.07059346275204334,0,0,1,UNSTABLE,3.4086687983075998e-16,8.8916398912289784e-17,1
B3_D2_Original,B3,2,Original,full-grid,903,13,31,74,1.0002897090393825,0.99781740005159747,-0.070284693670548737,0,0,1,UNSTABLE,3.7942136704667444e-16,8.8916398912289808e-17,1
B3_D2_Original,B3,2,Original,full-grid,904,13,32,75,1.0000958849250403,0.99764430216117583,-0.069983036582732056,0,0,1,UNSTABLE,1.9386184142345989e-16,8.8916398912289784e-17,1
B3_D2_Original,B3,2,Original,full-grid,905,13,33,76,0.99988615240378553,0.99745464962714425,-0.069688877922070333,1,0,-1,STABLE,2.8803889221356371e-16,8.8916398911914101e-17,1
B3_D2_Original,B3,2,Original,full-grid,906,13,34,77,0.99966082404722278,0.99724873968925754,-0.069402552712130403,1,0,-1,STABLE,3.4195479194426868e-16,8.8916398912289808e-17,1
B3_D2_Original,B3,2,Original,full-grid,907,13,35,78,0.99942014856582284,0.997026808876736,-0.069124349837116128,1,0,-1,STABLE,2.9561830906461209e-16,8.8916398912289808e-17,1
B3_D2_Original,B3,2,Original,full-grid,908,13,36,79,0.99916430348899676,0.99678902524885693,-0.068854516991158618,1,0,-1,STABLE,2.6265786726997699e-16,8.8916398912289796e-17,1
B3_D2_Original,B3,2,Original,full-grid,909,13,37,80,0.9988933871925737,0.99653548002147141,-0.068593265233756084,1,0,-1,STABLE,2.5951963628723201e-16,8.8916398911914101e-17,1
B3_D2_Original,B3,2,Original,full-grid,910,13,38,81,0.99882599140511441,0.9985792342781713,-0.022200765185702333,1,0,-1,STABLE,2.576944384445421e-16,8.8916398912289808e-17,1
B3_D2_Original,B3,2,Original,full-grid,911,13,39,82,0.99891046461848521,0.99866453028101743,-0.022164662932536036,1,0,-1,STABLE,3.8200727897244346e-16,8.8916398912289784e-17,1
B3_D2_Original,B3,2,Original,full-grid,912,13,40,83,0.99899422106467561,0.99874914384003555,-0.022126938319926306,1,0,-1,STABLE,3.4981028353078394e-16,8.8916398912289808e-17,1
B3_D2_Original,B3,2,Original,full-grid,913,13,41,84,0.99907721554489837,0.99883302913600036,-0.022087610281536781,1,0,-1,STABLE,4.21920849706158e-16,8.8916398911914101e-17,1
B3_D2_Original,B3,2,Original,full-grid,914,13,42,85,0.9991594034247534,0.99891614086188751,-0.022046699927724102,1,0,-1,STABLE,3.1176253807426199e-16,8.8916398912289808e-17,1
B3_D2_Original,B3,2,Original,full-grid,915,13,43,86,0.99924074078892522,0.99899843437854075,-0.022004230539257947,1,0,-1,STABLE,3.4518968537586895e-16,8.8916398912289808e-17,1
B3_D2_Original,B3,2,Original,full-grid,916,13,44,87,0.99932118459627806,0.99907986587111597,-0.021960227545757924,1,0,-1,STABLE,3.1311053150409129e-16,8.8916398912289784e-17,1
B3_D2_Original,B3,2,Original,full-grid,917,13,45,88,0.99940069283390498,0.99916039250481881,-0.021914718490219615,1,0,-1,STABLE,4.5909774543265384e-16,8.8916398911914101e-17,1
B3_D2_Original,B3,2,Original,full-grid,918,13,46,89,0.99947922466835082,0.99923997257818864,-0.021867732977808727,1,0,-1,STABLE,4.1113196211640424e-16,8.8916398912289784e-17,1
B3_D2_Original,B3,2,Original,full-grid,919,13,47,90,0.99955674059236232,0.99931856567222166,-0.021819302611240734,1,0,-1,STABLE,2.6908441203420689e-16,8.8916398912289808e-17,1
B3_D2_Original,B3,2,Original,full-grid,920,13,48,91,0.99963320256565835,0.99939613279385187,-0.021769460911286415,1,0,-1,STABLE,2.9187859362278546e-16,8.8916398912289784e-17,1
B3_D2_Original,B3,2,Original,full-grid,921,13,49,92,0.99970857414810532,0.99947263651210816,-0.021718243224834836,1,0,-1,STABLE,4.3136615041223958e-16,8.8916398911914101e-17,1
B3_D2_Original,B3,2,Original,full-grid,922,13,50,93,0.99978282062395751,0.99954804108561035,-0.021665686619982201,1,0,-1,STABLE,3.538421299125354e-16,8.8916398912289808e-17,1
B3_D2_Original,B3,2,Original,full-grid,923,13,51,94,0.99985590911584576,0.99962231258003587,-0.021611829770191725,1,0,-1,STABLE,2.4980513154696255e-16,8.8916398912289808e-17,1
B3_D2_Original,B3,2,Original,full-grid,924,13,52,95,0.99992780868744668,0.99969541897445935,-0.021556712828242137,1,0,-1,STABLE,4.2977441991711579e-16,8.8916398912289796e-17,1
B3_D2_Original,B3,2,Original,full-grid,925,13,53,96,0.99999849043390654,0.99976733025560094,-0.021500377291574373,1,0,-1,STABLE,3.3310130098718127e-16,8.8916398911914101e-17,1
B3_D2_Original,B3,2,Original,full-grid,926,13,54,97,1.0000679275591473,0.9998380184990705,-0.021442865860239555,0,0,1,UNSTABLE,2.7523534536840989e-16,8.8916398912289808e-17,1
B3_D2_Original,B3,2,Original,full-grid,927,13,55,98,1.0001360954397858,0.99990745793729729,-0.021384222289163184,0,0,1,UNSTABLE,3.0294427881562979e-16,8.8916398912289784e-17,1
B3_D2_Original,B3,2,Original,full-grid,928,13,56,99,1.0002029716750036,0.99997562501343973,-0.021324491236338682,0,0,1,UNSTABLE,3.7855307087062426e-16,8.8916398912289808e-17,1
B3_D2_Original,B3,2,Original,full-grid,929,13,57,100,1.0002685361224617,1.0000424984213381,-0.021263718108095398,0,0,1,UNSTABLE,3.4293056199071439e-16,8.8916398911914101e-17,1
B3_D2_Original,B3,2,Original,full-grid,930,13,58,101,1.0003327709202738,1.000108059131473,-0.021201948903603728,0,0,1,UNSTABLE,4.7667989218801577e-16,8.8916398912289808e-17,1
B3_D2_Original,B3,2,Original,full-grid,931,13,59,102,1.0003956604952033,1.0001722904030701,-0.021139230059562416,0,0,1,UNSTABLE,2.8877785812248139e-16,8.8916398912289808e-17,1
B3_D2_Original,B3,2,Original,full-grid,932,13,60,103,1.0004571915576133,1.0002351777828382,-0.021075608296814232,0,0,1,UNSTABLE,3.1052345329246377e-16,8.8916398912289784e-17,1
B3_D2_Original,B3,2,Original,full-grid,933,13,61,104,1.000517353083674,1.0002967090908239,-0.021011130470032231,0,0,1,UNSTABLE,4.6680183968500239e-16,8.8916398911914101e-17,1
B3_D2_Original,B3,2,Original,full-grid,934,13,62,105,1.0005761362855421,1.0003568743940572,-0.020945843421933785,0,0,1,UNSTABLE,2.6051303971901348e-16,8.8916398912289784e-17,1
B3_D2_Original,B3,2,Original,full-grid,935,13,63,106,1.0006335345704165,1.0004156659688843,-0.020879793842816206,0,0,1,UNSTABLE,3.0945452048772632e-16,8.8916398912289808e-17,1
B3_D2_Original,B3,2,Original,full-grid,936,13,64,107,1.0006895434892547,1.0004730782527438,-0.020813028136537473,0,0,1,UNSTABLE,3.9299339647820063e-16,8.8916398912289784e-17,1
B3_D2_Original,B3,2,Original,full-grid,937,13,65,108,1.0007441606762442,1.0005291077864662,-0.020745592293747145,0,0,1,UNSTABLE,2.6462422141413053e-16,8.8916398911914101e-17,1
B3_D2_Original,B3,2,Original,full-grid,938,13,66,109,1.0007973857800272,1.0005837531480855,-0.020677531773100093,0,0,1,UNSTABLE,1.9327919689475229e-16,8.8916398912289808e-17,1
B3_D2_Original,B3,2,Original,full-grid,939,14,0,44,0.99750333465423924,0.99442614153007058,-0.078291453479565107,1,0,-1,STABLE,3.4685363337058255e-16,8.1425379867202852e-17,1
B3_D2_Original,B3,2,Original,full-grid,940,14,1,45,0.9978585266038682,0.99478485659241089,-0.078260642793547858,1,0,-1,STABLE,2.410262000351747e-16,8.8916398912289808e-17,1
B3_D2_Original,B3,2,Original,full-grid,941,14,2,46,0.9982078693567068,0.99513982591357597,-0.078202796154319743,1,0,-1,STABLE,2.9188690315087785e-16,8.8916398912289808e-17,1
B3_D2_Original,B3,2,Original,full-grid,942,14,3,47,0.9985492724303483,0.9954888979564076,-0.078118522238422181,1,0,-1,STABLE,3.945721673758735e-16,8.8916398912289821e-17,1
B3_D2_Original,B3,2,Original,full-grid,943,14,4,48,0.99888077001543074,0.9958300306429213,-0.078008607065746527,1,0,-1,STABLE,1.9198260424859358e-16,8.8916398911914113e-17,1
B3_D2_Original,B3,2,Original,full-grid,944,14,5,49,0.99920053060492287,0.99616130282206661,-0.07787399515244188,1,0,-1,STABLE,3.4986333290631077e-16,8.8916398912289808e-17,1
B3_D2_Original,B3,2,Original,full-grid,945,14,6,50,0.99950686413826495,0.9964809232040841,-0.077715771564362809,1,0,-1,STABLE,2.042753664583149e-16,8.8916398912289808e-17,1
B3_D2_Original,B3,2,Original,full-grid,946,14,7,51,0.99979822737912982,0.99678723746969511,-0.077535144856923116,1,0,-1,STABLE,2.5158008999218699e-16,8.8916398912289808e-17,1
B3_D2_Original,B3,2,Original,full-grid,947,14,8,52,1.0000732280207898,0.99707873405412983,-0.077333430681281581,0,0,1,UNSTABLE,2.2488488776052252e-16,8.8916398911914101e-17,1
B3_D2_Original,B3,2,Original,full-grid,948,14,9,53,1.0003306277712347,0.99735404887159818,-0.077112035744249727,0,0,1,UNSTABLE,3.6525519949908454e-16,8.8916398912289808e-17,1
B3_D2_Original,B3,2,Original,full-grid,949,14,10,54,1.0005693444520405,0.99761196902711613,-0.076872441817767367,0,0,1,UNSTABLE,2.4389325904736685e-16,8.8916398912289808e-17,1
B3_D2_Original,B3,2,Original,full-grid,950,14,11,55,1.000788452980599,0.99785143539180265,-0.076616189580400687,0,0,1,UNSTABLE,3.454409986561873e-16,8.8916398912289784e-17,1
B3_D2_Original,B3,2,Original,full-grid,951,14,12,56,1.0009871850101495,0.99807154381292307,-0.076344862207170419,0,0,1,UNSTABLE,3.2564330578134227e-16,8.8916398911914113e-17,1
B3_D2_Original,B3,2,Original,full-grid,952,14,13,57,1.0011649269782641,0.99827154469582213,-0.076060068774687489,0,0,1,UNSTABLE,2.5939563648398116e-16,8.8916398912289808e-17,1
B3_D2_Original,B3,2,Original,full-grid,953,14,14,58,1.0013212163540419,0.99845084072560886,-0.075763427688184087,0,0,1,UNSTABLE,2.9454325707813405e-16,8.8916398912289808e-17,1
B3_D2_Original,B3,2,Original,full-grid,954,14,15,59,1.0014557359615051,0.99860898257786879,-0.075456550444567866,0,0,1,UNSTABLE,3.2728738520515301e-16,8.8916398912289784e-17,1
B3_D2_Original,B3,2,Original,full-grid,955,14,16,60,1.001568306370672,0.99874566257962039,-0.075141026108319436,0,0,1,UNSTABLE,3.8732887154383785e-16,8.8916398911914101e-17,1
B3_D2_Original,B3,2,Original,full-grid,956,14,17,61,1.0016588764690266,0.99886070640473346,-0.074818406891816999,0,0,1,UNSTABLE,2.4673128211494593e-16,8.8916398912289808e-17,1
B3_D2_Original,B3,2,Original,full-grid,957,14,18,62,1.0017275124357854,0.9989540630028344,-0.074490195199876028,0,0,1,UNSTABLE,3.1798946899313473e-16,8.8916398912289808e-17,1
B3_D2_Original,B3,2,Original,full-grid,958,14,19,63,1.0017743854271548,0.99902579305381334,-0.074157832432946602,0,0,1,UNSTABLE,3.3849206316190708e-16,8.8916398912289821e-17,1
B3_D2_Original,B3,2,Original,full-grid,959,14,20,64,1.0017997583343488,0.99907605630223695,-0.07382268975273841,0,0,1,UNSTABLE,4.4726773926187467e-16,8.8916398911914113e-17,1
B3_D2_Original,B3,2,Original,full-grid,960,14,21,65,1.0018039719963923,0.99910509815482051,-0.07348606091494192,0,0,1,UNSTABLE,2.9558208242768126e-16,8.8916398912289808e-17,1
B3_D2_Original,B3,2,Original,full-grid,961,14,22,66,1.0017874312384467,0.99911323592066625,-0.073149157175326329,0,0,1,UNSTABLE,3.9591048150624369e-16,8.8916398912289808e-17,1
B3_D2_Original,B3,2,Original,full-grid,962,14,23,67,1.0017505910702573,0.99910084504417562,-0.072813104188904146,0,0,1,UNSTABLE,3.1653468060481791e-16,8.8916398912289808e-17,1
B3_D2_Original,B3,2,Original,full-grid,963,14,24,68,1.0016939433245944,0.99906834563038394,-0.072478940752078752,0,0,1,UNSTABLE,2.9841338041140603e-16,8.8916398911914101e-17,1
B3_D2_Original,B3,2,Original,full-grid,964,14,25,69,1.0016180039512457,0.9990161895009213,-0.072147619186893594,0,0,1,UNSTABLE,2.5182754465870519e-16,8.8916398912289808e-17,1
B3_D2_Original,B3,2,Original,full-grid,965,14,26,70,1.0015233011131526,0.99894484795075655,-0.071820007137471858,0,0,1,UNSTABLE,4.4419253948999192e-16,8.8916398912289808e-17,1
B3_D2_Original,B3,2,Original,full-grid,966,14,27,71,1.001410364165161,0.99885480030940332,-0.071496890535621957,0,0,1,UNSTABLE,3.7965704583285551e-16,8.8916398912289784e-17,1
B3_D2_Original,B3,2,Original,full-grid,967,14,28,72,1.0012797135340705,0.99874652334688019,-0.071178977496098861,0,0,1,UNSTABLE,3.9750744776951343e-16,8.8916398911914113e-17,1
B3_D2_Original,B3,2,Original,full-grid,968,14,29,73,1.001131851464959,0.99862048150874649,-0.070866902915932811,0,0,1,UNSTABLE,4.8528919723897331e-16,8.8916398912289808e-17,1
B3_D2_Original,B3,2,Original,full-grid,969,14,30,74,1.0009672535528922,0.99847711791592753,-0.070561233574270438,0,0,1,UNSTABLE,2.808135767341454e-16,8.8916398912289808e-17,1
B3_D2_Original,B3,2,Original,full-grid,970,14,31,75,1.0007863609403824,0.99831684602340776,-0.070262473555724417,0,0,1,UNSTABLE,4.8919769263066412e-16,8.8916398912289784e-17,1
B3_D2_Original,B3,2,Original,full-grid,971,14,32,76,1.0005895730286287,0.9981400417966918,-0.069971069848274614,0,0,1,UNSTABLE,2.8725165913655563e-16,8.8916398911914101e-17,1
B3_D2_Original,B3,2,Original,full-grid,972,14,33,77,1.0003772405217048,0.99794703623340963,-0.069687417994747106,0,0,1,UNSTABLE,5.0919518676241155e-16,8.8916398912289808e-17,1
B3_D2_Original,B3,2,Original,full-grid,973,14,34,78,1.0001496585955474,0.99773810802775875,-0.069411867702709573,0,0,1,UNSTABLE,4.9398153757992927e-16,8.8916398912289808e-17,1
B3_D2_Original,B3,2,Original,full-grid,974,14,35,79,0.99990705995443419,0.99751347614431873,-0.069144728339895684,1,0,-1,STABLE,2.2441252852961935e-16,8.8916398912289821e-17,1
B3_D2_Original,B3,2,Original,full-grid,975,14,36,80,0.9996496075029645,0.99727329203142212,-0.068886274261576022,1,0,-1,STABLE,3.2046571015294356e-16,8.8916398911914113e-17,1
B3_D2_Original,B3,2,Original,full-grid,976,14,37,81,0.99937738631760276,0.99701763115914366,-0.068636749928975241,1,0,-1,STABLE,3.0647060642923681e-16,8.8916398912289808e-17,1
B3_D2_Original,B3,2,Original,full-grid,977,14,38,82,0.99909039454222059,0.99674648350650918,-0.068396374786522551,1,0,-1,STABLE,2.9919775488768575e-16,8.8916398912289808e-17,1
B3_D2_Original,B3,2,Original,full-grid,978,14,39,83,0.99891477280069629,0.99866889442143325,-0.022162189299325501,1,0,-1,STABLE,3.7918161879726794e-16,8.8916398912289808e-17,1
B3_D2_Original,B3,2,Original,full-grid,979,14,40,84,0.9989984246103496,0.99875340454369144,-0.022124404768168182,1,0,-1,STABLE,5.37220468018431e-16,8.8916398911914101e-17,1
B3_D2_Original,B3,2,Original,full-grid,980,14,41,85,0.99908131327956573,0.99883718511677388,-0.022085021449425386,1,0,-1,STABLE,2.6585081799492879e-16,8.8916398912289808e-17,1
B3_D2_Original,B3,2,Original,full-grid,981,14,42,86,0.99916339443485258,0.99892019109462316,-0.022044060471208358,1,0,-1,STABLE,4.3341908961712095e-16,8.8916398912289808e-17,1
B3_D2_Original,B3,2,Original,full-grid,982,14,43,87,0.99924462442026318,0.99900237809796555,-0.022001545113973526,1,0,-1,STABLE,3.0510944331240046e-16,8.8916398912289784e-17,1
B3_D2_Original,B3,2,Original,full-grid,983,14,44,88,0.99932496045102426,0.99908370256926893,-0.02195750078952299,1,0,-1,STABLE,3.2679110135519631e-16,8.8916398911914113e-17,1
B3_D2_Original,B3,2,Original,full-grid,984,14,45,89,0.99940436076608286,0.99916412192697479,-0.021911955005430681,1,0,-1,STABLE,2.6988505112474874e-16,8.8916398912289808e-17,1
B3_D2_Original,B3,2,Original,full-grid,985,14,46,90,0.99948278477792096,0.99924359471734669,-0.021864937314863657,1,0,-1,STABLE,3.5630562220686547e-16,8.8916398912289808e-17,1
B3_D2_Original,B3,2,Original,full-grid,986,14,47,91,0.99956019321793776,0.99932208076221685,-0.021816479252039566,1,0,-1,STABLE,4.2591896375136765e-16,8.8916398912289784e-17,1
B3_D2_Original,B3,2,Original,full-grid,987,14,48,92,0.99963654827595583,0.99939954130116804,-0.021766614253994104,1,0,-1,STABLE,3.0442636812077191e-16,8.8916398911914101e-17,1
B3_D2_Original,B3,2,Original,full-grid,988,14,49,93,0.99971181373222484,0.99947593912649868,-0.021715377569315159,1,0,-1,STABLE,7.4942911199089194e-16,8.8916398912289808e-17,1
B3_D2_Original,B3,2,Original,full-grid,989,14,50,94,0.99978595508055024,0.99955123870957796,-0.021662806154242282,1,0,-1,STABLE,2.5122713203384362e-16,8.8916398912289808e-17,1
B3_D2_Original,B3,2,Original,full-grid,990,14,51,95,0.99985893964144523,0.9996254063174399,-0.021608938558113626,1,0,-1,STABLE,4.681980689913691e-16,8.8916398912289821e-17,1
B3_D2_Original,B3,2,Original,full-grid,991,14,52,96,0.99993073666389898,0.99969841011819538,-0.021553814798317014,1,0,-1,STABLE,2.5627221902327958e-16,8.8916398911914113e-17,1
B3_D2_Original,B3,2,Original,full-grid,992,14,53,97,1.0000013174151929,0.99977022027463436,-0.021497476226998168,0,0,1,UNSTABLE,1.7791616282133619e-16,8.8916398912289808e-17,1
B3_D2_Original,B3,2,Original,full-grid,993,14,54,98,1.000070655257717,0.99984080902494599,-0.021439965390381271,0,0,1,UNSTABLE,2.7265169459545585e-16,8.8916398912289808e-17,1
B3_D2_Original,B3,2,Original,full-grid,994,14,55,99,1.0001387257124619,0.99991015075018774,-0.021381325882275697,0,0,1,UNSTABLE,2.5628148143624658e-16,8.8916398912289808e-17,1
B3_D2_Original,B3,2,Original,full-grid,995,14,56,100,1.0002055065087108,0.99997822202798359,-0.021321602193543249,0,0,1,UNSTABLE,3.8178922074212724e-16,8.8916398911914101e-17,1
B3_D2_Original,B3,2,Original,full-grid,996,14,57,101,1.0002709776198881,1.0000450016723732,-0.021260839558905488,0,0,1,UNSTABLE,2.5526332906886445e-16,8.8916398912289808e-17,1
B3_D2_Original,B3,2,Original,full-grid,997,14,58,102,1.0003351212855465,1.0001104707597579,-0.021199083802472693,0,0,1,UNSTABLE,3.0260948249082894e-16,8.8916398912289808e-17,1
B3_D2_Original,B3,2,Original,full-grid,998,14,59,103,1.0003979220197687,1.0001746126411724,-0.021136381183923341,0,0,1,UNSTABLE,4.8999298524708431e-16,8.8916398912289784e-17,1
B3_D2_Original,B3,2,Original,full-grid,999,14,60,104,1.0004593666063994,1.0002374129412821,-0.021072778246089271,0,0,1,UNSTABLE,2.7053291312165488e-16,8.8916398911914113e-17,1
B3_D2_Original,B3,2,Original,full-grid,1000,14,61,105,1.0005194440816991,1.0002988595446505,-0.021008321666052137,0,0,1,UNSTABLE,5.5870175406610856e-16,8.8916398912289808e-17,1
B3_D2_Original,B3,2,Original,full-grid,1001,14,62,106,1.0005781457049485,1.0003589425697901,-0.02094305811014114,0,0,1,UNSTABLE,2.7780203419139452e-16,8.8916398912289808e-17,1
B3_D2_Original,B3,2,Original,full-grid,1002,14,63,107,1.0006354649181362,1.0004176543321037,-0.020877034094572231,0,0,1,UNSTABLE,2.932986317517291e-16,8.8916398912289784e-17,1
B3_D2_Original,B3,2,Original,full-grid,1003,14,64,108,1.0006913972952836,1.0004749892962486,-0.020810295852252698,0,0,1,UNSTABLE,3.9269182883543752e-16,8.8916398911914101e-17,1
B3_D2_Original,B3,2,Original,full-grid,1004,14,65,109,1.0007459404826169,1.000530944019119,-0.020742889206846825,0,0,1,UNSTABLE,3.7536875388297311e-16,8.8916398912289808e-17,1
B3_D2_Original,B3,2,Original,full-grid,1005,14,66,110,1.0007990941305198,1.0005855170843723,-0.020674859454619637,0,0,1,UNSTABLE,3.8430027534332026e-16,8.8916398912289808e-17,1
B3_D2_Original,B3,2,Original,full-grid,1006,15,0,45,0.9983218724397831,0.99525571601463647,-0.078183250967633441,1,0,-1,STABLE,2.400377841634564e-16,8.1425379867225211e-17,1
B3_D2_Original,B3,2,Original,full-grid,1007,15,1,46,0.99866805317336493,0.99560649645959143,-0.078138240551836213,1,0,-1,STABLE,3.4664544067843675e-16,8.8916398912289821e-17,1
B3_D2_Original,B3,2,Original,full-grid,1008,15,2,47,0.99900704701994725,0.99595209597097645,-0.078067294858564951,1,0,-1,STABLE,2.0872892213000628e-16,8.8916398912289833e-17,1
B3_D2_Original,B3,2,Original,full-grid,1009,15,3,48,0.99933695761156405,0.99629054633840242,-0.077971162137450201,1,0,-1,STABLE,3.8116227609165062e-16,8.8916398911914113e-17,1
B3_D2_Original,B3,2,Original,full-grid,1010,15,4,49,0.99965602012987331,0.99661999872222951,-0.077850733643307107,1,0,-1,STABLE,3.8553512327469019e-16,8.8916398912289808e-17,1
B3_D2_Original,B3,2,Original,full-grid,1011,15,5,50,0.99996260453667296,0.99693872861001465,-0.077707025867767912,1,0,-1,STABLE,3.2879789901674737e-16,8.8916398912289784e-17,1
B3_D2_Original,B3,2,Original,full-grid,1012,15,6,51,1.0002552173087387,0.99724513913320445,-0.077541164735562787,0,0,1,UNSTABLE,2.7028305164397545e-16,8.8916398912289808e-17,1
B3_D2_Original,B3,2,Original,full-grid,1013,15,7,52,1.0005325024403851,0.9975377635262298,-0.077354371425967378,0,0,1,UNSTABLE,2.3712427502773765e-16,8.8916398911914101e-17,1
B3_D2_Original,B3,2,Original,full-grid,1014,15,8,53,1.0007932421750665,0.99781526722064673,-0.077147949322523904,0,0,1,UNSTABLE,3.5526019331655854e-16,8.8916398912289821e-17,1
B3_D2_Original,B3,2,Original,full-grid,1015,15,9,54,1.0010363576401207,0.99807644978251786,-0.076923271556303199,0,0,1,UNSTABLE,3.0784203199942828e-16,8.8916398912289821e-17,1
B3_D2_Original,B3,2,Original,full-grid,1016,15,10,55,1.0012609093201321,0.99832024665759023,-0.076681768668348319,0,0,1,UNSTABLE,3.1731286311856896e-16,8.8916398912289784e-17,1
B3_D2_Original,B3,2,Original,full-grid,1017,15,11,56,1.0014660971345462,0.99854573050873541,-0.076424916046247932,0,0,1,UNSTABLE,2.8056304286526455e-16,8.8916398911914101e-17,1
B3_D2_Original,B3,2,Original,full-grid,1018,15,12,57,1.0016512597926885,0.9987521118249667,-0.076154220956226384,0,0,1,UNSTABLE,2.7925134990658906e-16,8.8916398912289784e-17,1
B3_D2_Original,B3,2,Original,full-grid,1019,15,13,58,1.0018158730813214,0.99893873845062764,-0.075871209166313597,0,0,1,UNSTABLE,3.1367383161651654e-16,8.8916398912289808e-17,1
B3_D2_Original,B3,2,Original,full-grid,1020,15,14,59,1.0019595467846805,0.99910509371740608,-0.07557741131380287,0,0,1,UNSTABLE,1.9942666782100466e-16,8.8916398912289784e-17,1
B3_D2_Original,B3,2,Original,full-grid,1021,15,15,60,1.0020820200283018,0.99925079294574348,-0.075274349291806916,0,0,1,UNSTABLE,2.4812051391116367e-16,8.8916398911914101e-17,1
B3_D2_Original,B3,2,Original,full-grid,1022,15,16,61,1.0021831549553541,0.999375578196113,-0.074963523005875832,0,0,1,UNSTABLE,3.7902151786570351e-16,8.8916398912289808e-17,1
B3_D2_Original,B3,2,Original,full-grid,1023,15,17,62,1.0022629287690745,0.9994793112758813,-0.074646397878618792,0,0,1,UNSTABLE,3.1426455398023519e-16,8.8916398912289808e-17,1
B3_D2_Original,B3,2,Original,full-grid,1024,15,18,63,1.0023214242893792,0.99956196512568662,-0.074324393462478253,0,0,1,UNSTABLE,1.9196928876057339e-16,8.8916398912289796e-17,1
B3_D2_Original,B3,2,Original,full-grid,1025,15,19,64,1.0023588192640902,0.9996236138078114,-0.073998873466511128,0,0,1,UNSTABLE,2.3991558240958847e-16,8.8916398911914113e-17,1
B3_D2_Original,B3,2,Original,full-grid,1026,15,20,65,1.002375374737501,0.99966442138885436,-0.073671137424589597,0,0,1,UNSTABLE,3.1033194097170299e-16,8.8916398912289808e-17,1
B3_D2_Original,B3,2,Original,full-grid,1027,15,21,66,1.0023714228094545,0.99968463004735586,-0.073342414141692513,0,0,1,UNSTABLE,4.6048621518429408e-16,8.8916398912289784e-17,1
B3_D2_Original,B3,2,Original,full-grid,1028,15,22,67,1.0023473541179648,0.99968454774422844,-0.073013856963608834,0,0,1,UNSTABLE,7.7675454459841489e-16,8.8916398912289808e-17,1
B3_D2_Original,B3,2,Original,full-grid,1029,15,23,68,1.0023036053535181,0.99966453577513781,-0.072686540832118021,0,0,1,UNSTABLE,2.9802873881297192e-16,8.8916398911914101e-17,1
B3_D2_Original,B3,2,Original,full-grid,1030,15,24,69,1.0022406470693073,0.99962499648473924,-0.072361461018891571,0,0,1,UNSTABLE,2.301790239524403e-16,8.8916398912289821e-17,1
B3_D2_Original,B3,2,Original,full-grid,1031,15,25,70,1.0021589719963784,0.99956636137034938,-0.072039533380483814,0,0,1,UNSTABLE,2.403146070467124e-16,8.8916398912289821e-17,1
B3_D2_Original,B3,2,Original,full-grid,1032,15,26,71,1.0020590840118093,0.99948907974319601,-0.071721595943519692,0,0,1,UNSTABLE,2.0191209113567764e-16,8.8916398912289784e-17,1
B3_D2_Original,B3,2,Original,full-grid,1033,15,27,72,1.0019414878475155,0.99939360805487665,-0.071408411613396394,0,0,1,UNSTABLE,3.3534367303994129e-16,8.8916398911914101e-17,1
B3_D2_Original,B3,2,Original,full-grid,1034,15,28,73,1.001806679570002,0.99928039993829731,-0.071100671798719095,0,0,1,UNSTABLE,2.6294299544267175e-16,8.8916398912289784e-17,1
B3_D2_Original,B3,2,Original,full-grid,1035,15,29,74,1.0016551378101144,0.99914989695928358,-0.070799000753204513,0,0,1,UNSTABLE,2.122377614885582e-16,8.8916398912289808e-17,1
B3_D2_Original,B3,2,Original,full-grid,1036,15,30,75,1.0014873156770765,0.99900252002791867,-0.070503960455736842,0,0,1,UNSTABLE,3.2751090386017981e-16,8.8916398912289784e-17,1
B3_D2_Original,B3,2,Original,full-grid,1037,15,31,76,1.0013036332529381,0.99883866137792743,-0.070216055872458619,0,0,1,UNSTABLE,2.2024257309135236e-16,8.8916398911914101e-17,1
B3_D2_Original,B3,2,Original,full-grid,1038,15,32,77,1.0011044705302345,0.99865867698645183,-0.069935740471458799,0,0,1,UNSTABLE,2.7178460472972734e-16,8.8916398912289808e-17,1
B3_D2_Original,B3,2,Original,full-grid,1039,15,33,78,1.000890160625941,0.99846287927426136,-0.069663421888202626,0,0,1,UNSTABLE,2.7889222638934008e-16,8.8916398912289808e-17,1
B3_D2_Original,B3,2,Original,full-grid,1040,15,34,79,1.0006609830757378,0.99825152989501853,-0.069399467666236905,0,0,1,UNSTABLE,3.5627605937349299e-16,8.8916398912289796e-17,1
B3_D2_Original,B3,2,Original,full-grid,1041,15,35,80,1.0004171569818308,0.99802483238917117,-0.069144211024321903,0,0,1,UNSTABLE,3.742044107859467e-16,8.8916398911914113e-17,1
B3_D2_Original,B3,2,Original,full-grid,1042,15,36,81,1.0001588337507095,0.99778292443930283,-0.068897956623777359,0,0,1,UNSTABLE,2.9271085977192041e-16,8.8916398912289808e-17,1
B3_D2_Original,B3,2,Original,full-grid,1043,15,37,82,0.99988608911099564,0.99752586941570254,-0.068660986332332238,1,0,-1,STABLE,2.5000749669428064e-16,8.8916398912289784e-17,1
B3_D2_Original,B3,2,Original,full-grid,1044,15,38,83,0.99959891403900114,0.99725364683680606,-0.068433565000231386,1,0,-1,STABLE,3.0194318283283393e-16,8.8916398912289808e-17,1
B3_D2_Original,B3,2,Original,full-grid,1045,15,39,84,0.99929720413425316,0.99696614128235184,-0.068215946281735385,1,0,-1,STABLE,2.9789777704954935e-16,8.8916398911914101e-17,1
B3_D2_Original,B3,2,Original,full-grid,1046,15,40,85,0.99900264446429554,0.99875768171058255,-0.022121864088681897,1,0,-1,STABLE,3.7468442292901579e-16,8.8916398912289821e-17,1
B3_D2_Original,B3,2,Original,full-grid,1047,15,41,86,0.99908542688831325,0.99884135713155886,-0.022082425233404375,1,0,-1,STABLE,3.6744481060345471e-16,8.8916398912289821e-17,1
B3_D2_Original,B3,2,Original,full-grid,1048,15,42,87,0.99916740088328249,0.99892425693014375,-0.022041413394203593,1,0,-1,STABLE,3.6517490475232901e-16,8.8916398912289784e-17,1
B3_D2_Original,B3,2,Original,full-grid,1049,15,43,88,0.99924852305352119,0.99900633698784835,-0.021998851851070009,1,0,-1,STABLE,3.3828329874895244e-16,8.8916398911914101e-17,1
B3_D2_Original,B3,2,Original,full-grid,1050,15,44,89,0.99932875087146034,0.99908755400530724,-0.021954765997512584,1,0,-1,STABLE,3.1952140975151528e-16,8.8916398912289784e-17,1
B3_D2_Original,B3,2,Original,full-grid,1051,15,45,90,0.99940804282872309,0.99916786565503046,-0.021909183305399201,1,0,-1,STABLE,2.2367801812468784e-16,8.8916398912289808e-17,1
B3_D2_Original,B3,2,Original,full-grid,1052,15,46,91,0.99948635858449308,0.99924723073178545,-0.021862133275320078,1,0,-1,STABLE,2.2054237043539193e-16,8.8916398912289784e-17,1
B3_D2_Original,B3,2,Original,full-grid,1053,15,47,92,0.99956365910956391,0.99932560929899128,-0.021813647372695193,1,0,-1,STABLE,4.1168616812582884e-16,8.8916398911914101e-17,1
B3_D2_Original,B3,2,Original,full-grid,1054,15,48,93,0.99963990682454951,0.99940296282958263,-0.021763758950278461,1,0,-1,STABLE,5.6099334277771036e-16,8.8916398912289808e-17,1
B3_D2_Original,B3,2,Original,full-grid,1055,15,49,94,0.9997150657307029,0.99947925433976059,-0.021712503157853984,1,0,-1,STABLE,2.8784582542982077e-16,8.8916398912289808e-17,1
B3_D2_Original,B3,2,Original,full-grid,1056,15,50,95,0.99978910153204348,0.99955444851431752,-0.021659916839395377,1,0,-1,STABLE,2.3652842991149134e-16,8.8916398912289796e-17,1
B3_D2_Original,B3,2,Original,full-grid,1057,15,51,96,0.99986198174749441,0.99962851182218959,-0.021606038419423407,1,0,-1,STABLE,3.6930161995531927e-16,8.8916398911914113e-17,1
B3_D2_Original,B3,2,Original,full-grid,1058,15,52,97,0.99993367581192605,0.99970141262110168,-0.021550907779576269,1,0,-1,STABLE,3.2680342111842503e-16,8.8916398912289808e-17,1
B3_D2_Original,B3,2,Original,full-grid,1059,15,53,98,1.0000041551652614,0.99977312125043571,-0.021494566126113349,0,0,1,UNSTABLE,4.2305252727217656e-16,8.8916398912289784e-17,1
B3_D2_Original,B3,2,Original,full-grid,1060,15,54,99,1.0000733933288091,0.99984361011142364,-0.021437055850889356,0,0,1,UNSTABLE,3.2790834452640902e-16,8.8916398912289808e-17,1
B3_D2_Original,B3,2,Original,full-grid,1061,15,55,100,1.0001413659683855,0.99991285373421879,-0.021378420385967208,0,0,1,UNSTABLE,3.1930067029011233e-16,8.8916398911914101e-17,1
B3_D2_Original,B3,2,Original,full-grid,1062,15,56,101,1.0002080509437887,0.99998082883133477,-0.021318704054642781,0,0,1,UNSTABLE,2.3270533638257941e-16,8.8916398912289821e-17,1
B3_D2_Original,B3,2,Original,full-grid,1063,15,57,102,1.0002734283445578,1.0000475143373806,-0.021257951919256498,0,0,1,UNSTABLE,3.8161336789443049e-16,8.8916398912289821e-17,1
B3_D2_Original,B3,2,Original,full-grid,1064,15,58,103,1.0003374805120178,1.0001128914350212,-0.021196209628440696,0,0,1,UNSTABLE,7.2937378023446826e-16,8.8916398912289784e-17,1
B3_D2_Original,B3,2,Original,full-grid,1065,15,59,104,1.0004001920478778,1.0001769435674244,-0.021133523264145165,0,0,1,UNSTABLE,3.2277004462525361e-16,8.8916398911914101e-17,1
B3_D2_Original,B3,2,Original,full-grid,1066,15,60,105,1.0004615498097618,1.0002396564375202,-0.02106993919075232,0,0,1,UNSTABLE,2.7523636117249913e-16,8.8916398912289784e-17,1
B3_D2_Original,B3,2,Original,full-grid,1067,15,61,106,1.0005215428942089,1.0003010179945937,-0.021005503907028066,0,0,1,UNSTABLE,3.3690747255194831e-16,8.8916398912289808e-17,1
B3_D2_Original,B3,2,Original,full-grid,1068,15,62,107,1.0005801626078621,1.0003610184088916,-0.020940263902367265,0,0,1,UNSTABLE,3.5794327658195573e-16,8.8916398912289784e-17,1
B3_D2_Original,B3,2,Original,full-grid,1069,15,63,108,1.0006374024276576,1.0004196500350448,-0.020874265518296957,0,0,1,UNSTABLE,4.0932173529036412e-16,8.8916398911914101e-17,1
B3_D2_Original,B3,2,Original,full-grid,1070,15,64,109,1.0006932579508148,1.0004769073650763,-0.020807554816174956,0,0,1,UNSTABLE,3.9801091108205952e-16,8.8916398912289808e-17,1
B3_D2_Original,B3,2,Original,full-grid,1071,15,65,110,1.0007477268356995,1.0005327869720579,-0.020740177452147852,0,0,1,UNSTABLE,2.7114639148007664e-16,8.8916398912289808e-17,1
B3_D2_Original,B3,2,Original,full-grid,1072,15,66,111,1.0008008087345284,1.0005872874453736,-0.020672178559481478,0,0,1,UNSTABLE,5.3055160915680898e-16,8.8916398912289796e-17,1
B3_D2_Original,B3,2,Original,full-grid,1073,16,0,46,0.99917252004851465,0.99612264343953294,-0.078008999782951768,1,0,-1,STABLE,2.3336457530330629e-16,8.1425379867202864e-17,1
B3_D2_Original,B3,2,Original,full-grid,1074,16,1,47,0.99950705489642944,0.99646281890846311,-0.077950005264485478,1,0,-1,STABLE,2.3473700115878839e-16,8.8916398912289833e-17,1
B3_D2_Original,B3,2,Original,full-grid,1075,16,2,48,0.99983322498268612,0.99679651343571085,-0.077866479191556384,1,0,-1,STABLE,3.0620008685602618e-16,8.8916398911914113e-17,1
B3_D2_Original,B3,2,Original,full-grid,1076,16,3,49,1.0001493575196938,0.99712197508777667,-0.077759270470521266,0,0,1,UNSTABLE,4.3742123801092784e-16,8.8916398912289784e-17,1
B3_D2_Original,B3,2,Original,full-grid,1077,16,4,50,1.0004539084168826,0.99743757160214641,-0.077629334809911937,0,0,1,UNSTABLE,3.2545089835250327e-16,8.8916398912289808e-17,1
B3_D2_Original,B3,2,Original,full-grid,1078,16,5,51,1.0007454600774843,0.99774178961839444,-0.07747772011862103,0,0,1,UNSTABLE,4.3778002066215577e-16,8.8916398912289808e-17,1
B3_D2_Original,B3,2,Original,full-grid,1079,16,6,52,1.001022718979472,0.99803323349630813,-0.077305554457352904,0,0,1,UNSTABLE,2.1187167215928516e-16,8.8916398911914101e-17,1
B3_D2_Original,B3,2,Original,full-grid,1080,16,7,53,1.0012845136802819,0.9983106244077401,-0.077114035885736273,0,0,1,UNSTABLE,4.2822255439457033e-16,8.8916398912289821e-17,1
B3_D2_Original,B3,2,Original,full-grid,1081,16,8,54,1.0015297935462244,0.99857280005526583,-0.076904423478294237,0,0,1,UNSTABLE,3.036460349431671e-16,8.8916398912289808e-17,1
B3_D2_Original,B3,2,Original,full-grid,1082,16,9,55,1.0017576282156293,0.99881871507519238,-0.076678028820155161,0,0,1,UNSTABLE,3.0449664599804333e-16,8.8916398912289808e-17,1
B3_D2_Original,B3,2,Original,full-grid,1083,16,10,56,1.0019672075797355,0.99904744194728279,-0.076436207413265136,0,0,1,UNSTABLE,2.258066478241055e-16,8.8916398911914113e-17,1
B3_D2_Original,B3,2,Original,full-grid,1084,16,11,57,1.0021578419179762,0.99925817207259193,-0.076180349591201013,0,0,1,UNSTABLE,3.8338835116982782e-16,8.8916398912289784e-17,1
B3_D2_Original,B3,2,Original,full-grid,1085,16,12,58,1.0023289617539548,0.99945021659537003,-0.075911870733295639,0,0,1,UNSTABLE,4.3938371260030502e-16,8.8916398912289808e-17,1
B3_D2_Original,B3,2,Original,full-grid,1086,16,13,59,1.0024801169993327,0.99962300653192659,-0.075632200755149606,0,0,1,UNSTABLE,3.7603044459074437e-16,8.8916398912289784e-17,1
B3_D2_Original,B3,2,Original,full-grid,1087,16,14,60,1.0026109750106917,0.99977609181550542,-0.075342773017747056,0,0,1,UNSTABLE,2.9313583360799934e-16,8.8916398911914101e-17,1
B3_D2_Original,B3,2,Original,full-grid,1088,16,15,61,1.0027213172845031,0.99990913895817712,-0.075045012923484825,0,0,1,UNSTABLE,2.4552331457675156e-16,8.8916398912289808e-17,1
B3_D2_Original,B3,2,Original,full-grid,1089,16,16,62,1.0028110346375512,1.0000219271487878,-0.074740326547721933,0,0,1,UNSTABLE,3.3349942939828584e-16,8.8916398912289808e-17,1
B3_D2_Original,B3,2,Original,full-grid,1090,16,17,63,1.0028801208484643,1.0001143427339607,-0.074430089687224005,0,0,1,UNSTABLE,3.7611169673956422e-16,8.8916398912289796e-17,1
B3_D2_Original,B3,2,Original,full-grid,1091,16,18,64,1.0029286648540172,1.0001863721501323,-0.074115637695554543,0,0,1,UNSTABLE,3.1139333986251447e-16,8.8916398911914113e-17,1
B3_D2_Original,B3,2,Original,full-grid,1092,16,19,65,1.0029568416908323,1.0002380934769954,-0.073798256428958348,0,0,1,UNSTABLE,3.3983001247697196e-16,8.8916398912289784e-17,1
B3_D2_Original,B3,2,Original,full-grid,1093,16,20,66,1.0029649024415543,1.0002696668580309,-0.073479174555249605,0,0,1,UNSTABLE,2.7555530005007614e-16,8.8916398912289808e-17,1
B3_D2_Original,B3,2,Original,full-grid,1094,16,21,67,1.0029531634825317,1.0002813240791519,-0.073159557393934788,0,0,1,UNSTABLE,2.4016457054898143e-16,8.8916398912289808e-17,1
B3_D2_Original,B3,2,Original,full-grid,1095,16,22,68,1.0029219953390212,1.0002733576125589,-0.072840502368541754,0,0,1,UNSTABLE,5.020999184585817e-16,8.8916398911914101e-17,1
B3_D2_Original,B3,2,Original,full-grid,1096,16,23,69,1.0028718114373867,1.0002461094223354,-0.072523036072593167,0,0,1,UNSTABLE,2.9707683175875811e-16,8.8916398912289821e-17,1
B3_D2_Original,B3,2,Original,full-grid,1097,16,24,70,1.0028030570091713,1.0001999597985507,-0.072208112881565867,0,0,1,UNSTABLE,3.379247046268166e-16,8.8916398912289808e-17,1
B3_D2_Original,B3,2,Original,full-grid,1098,16,25,71,1.0027161983537134,1.0001353164415798,-0.071896614991421054,0,0,1,UNSTABLE,2.7877060228371616e-16,8.8916398912289808e-17,1
B3_D2_Original,B3,2,Original,full-grid,1099,16,26,72,1.0026117126123286,1.0000526039664983,-0.071589353728419236,0,0,1,UNSTABLE,3.4288658250171381e-16,8.8916398911914113e-17,1
B3_D2_Original,B3,2,Original,full-grid,1100,16,27,73,1.0024900781506836,0.99995225394140319,-0.07128707195607871,0,0,1,UNSTABLE,3.7188334006534542e-16,8.8916398912289784e-17,1
B3_D2_Original,B3,2,Original,full-grid,1101,16,28,74,1.0023517655929979,0.99983469551991522,-0.070990447399625262,0,0,1,UNSTABLE,2.6766343171178578e-16,8.8916398912289808e-17,1
B3_D2_Original,B3,2,Original,full-grid,1102,16,29,75,1.0021972295021384,0.99970034667705443,-0.070700096715203165,0,0,1,UNSTABLE,2.0808567953984559e-16,8.8916398912289784e-17,1
B3_D2_Original,B3,2,Original,full-grid,1103,16,30,76,1.002026900656299,0.99954960601233056,-0.070416580146036439,0,0,1,UNSTABLE,4.1417197973849584e-16,8.8916398911914101e-17,1
B3_D2_Original,B3,2,Original,full-grid,1104,16,31,77,1.0018411788350443,0.99938284504360264,-0.070140406629457377,0,0,1,UNSTABLE,4.0260806103080021e-16,8.8916398912289808e-17,1
B3_D2_Original,B3,2,Original,full-grid,1105,16,32,78,1.0016404259937564,0.99920040087903927,-0.069872039244040923,0,0,1,UNSTABLE,3.567835018785386e-16,8.8916398912289808e-17,1
B3_D2_Original,B3,2,Original,full-grid,1106,16,33,79,1.0014249596753229,0.99900256912179175,-0.069611900913435137,0,0,1,UNSTABLE,4.5291241650102072e-16,8.8916398912289796e-17,1
B3_D2_Original,B3,2,Original,full-grid,1107,16,34,80,1.0011950464780555,0.99878959682960089,-0.069360380312963141,0,0,1,UNSTABLE,2.7580045658324071e-16,8.8916398911914113e-17,1
B3_D2_Original,B3,2,Original,full-grid,1108,16,35,81,1.0009508953672737,0.99856167531764073,-0.069117837953553266,0,0,1,UNSTABLE,2.6881001540937263e-16,8.8916398912289784e-17,1
B3_D2_Original,B3,2,Original,full-grid,1109,16,36,82,1.000692650580743,0.99831893255319448,-0.068884612448376847,0,0,1,UNSTABLE,2.3620639937929185e-16,8.8916398912289808e-17,1
B3_D2_Original,B3,2,Original,full-grid,1110,16,37,83,1.00042038383153,0.99806142484178573,-0.068661026997928892,0,0,1,UNSTABLE,3.5696072536602481e-16,8.8916398912289808e-17,1
B3_D2_Original,B3,2,Original,full-grid,1111,16,38,84,1.0001340854497096,0.99778912743967962,-0.068447396162964441,0,0,1,UNSTABLE,3.2800069567660741e-16,8.8916398911914101e-17,1
B3_D2_Original,B3,2,Original,full-grid,1112,16,39,85,0.9998336540193522,0.99750192363986745,-0.068244033031860926,1,0,-1,STABLE,6.53074199457257e-16,8.8916398912289821e-17,1
B3_D2_Original,B3,2,Original,full-grid,1113,16,40,86,0.99951888394840027,0.99719959175655437,-0.068051256931939474,1,0,-1,STABLE,3.986752768060019e-16,8.8916398912289808e-17,1
B3_D2_Original,B3,2,Original,full-grid,1114,16,41,87,0.99918945024121164,0.99688178926124049,-0.067869401888054029,1,0,-1,STABLE,3.4183601385443239e-16,8.8916398912289808e-17,1
B3_D2_Original,B3,2,Original,full-grid,1115,16,42,88,0.99917142386709557,0.99892833947939441,-0.022038758076146338,1,0,-1,STABLE,2.4649081511894493e-16,8.8916398911914113e-17,1
B3_D2_Original,B3,2,Original,full-grid,1116,16,43,89,0.99925243774871264,0.99901031212245628,-0.021996150111714765,1,0,-1,STABLE,3.8292589096358644e-16,8.8916398912289784e-17,1
B3_D2_Original,B3,2,Original,full-grid,1117,16,44,90,0.9993325568804664,0.9990914212166826,-0.021952022514562519,1,0,-1,STABLE,3.9494637059476513e-16,8.8916398912289808e-17,1
B3_D2_Original,B3,2,Original,full-grid,1118,16,45,91,0.99941174000757749,0.99917162468958487,-0.021906402720416121,1,0,-1,STABLE,2.4304481785656495e-16,8.8916398912289784e-17,1
B3_D2_Original,B3,2,Original,full-grid,1119,16,46,92,0.99948994703680039,0.99925088158531605,-0.021859320176867456,1,0,-1,STABLE,3.6012150161986833e-16,8.8916398911914101e-17,1
B3_D2_Original,B3,2,Original,full-grid,1120,16,47,93,0.99956713917915596,0.9993291522097304,-0.021810806279994432,1,0,-1,STABLE,4.0437550154906624e-16,8.8916398912289808e-17,1
B3_D2_Original,B3,2,Original,full-grid,1121,16,48,94,0.99964327908682504,0.9994063982699013,-0.021760894297879252,1,0,-1,STABLE,2.8914181209552406e-16,8.8916398912289808e-17,1
B3_D2_Original,B3,2,Original,full-grid,1122,16,49,95,0.99971833098283569,0.99948258300672166,-0.021709619280828849,1,0,-1,STABLE,3.2476717837534197e-16,8.8916398912289796e-17,1
B3_D2_Original,B3,2,Original,full-grid,1123,16,50,96,0.99979226078209171,0.99955767131909268,-0.021657017959979225,1,0,-1,STABLE,3.8865715086446702e-16,8.8916398911914113e-17,1
B3_D2_Original,B3,2,Original,full-grid,1124,16,51,97,0.9998650362025977,0.99963162987853582,-0.021603128634618232,1,0,-1,STABLE,3.5570983746353411e-16,8.8916398912289784e-17,1
B3_D2_Original,B3,2,Original,full-grid,1125,16,52,98,0.99993662686570339,0.99970442723300801,-0.021547991049850702,1,0,-1,STABLE,4.0642333055729882e-16,8.8916398912289808e-17,1
B3_D2_Original,B3,2,Original,full-grid,1126,16,53,99,1.0000070043845541,0.99977603389907588,-0.021491646265548378,0,0,1,UNSTABLE,4.950548407939352e-16,8.8916398912289808e-17,1
B3_D2_Original,B3,2,Original,full-grid,1127,16,54,100,1.0000761424399185,0.99984642244157407,-0.021434136518495302,0,0,1,UNSTABLE,3.212875654482451e-16,8.8916398911914101e-17,1
B3_D2_Original,B3,2,Original,full-grid,1128,16,55,101,1.0001440168429061,0.99991556754023181,-0.021375505078456137,0,0,1,UNSTABLE,4.2061465638576513e-16,8.8916398912289821e-17,1
B3_D2_Original,B3,2,Original,full-grid,1129,16,56,102,1.000210605584287,0.99998344604292955,-0.021315796100385306,0,0,1,UNSTABLE,2.9063945277266738e-16,8.8916398912289808e-17,1
B3_D2_Original,B3,2,Original,full-grid,1130,16,57,103,1.0002758888701251,1.0000500370052667,-0.021255054473778671,0,0,1,UNSTABLE,3.6616752911490097e-16,8.8916398912289808e-17,1
B3_D2_Original,B3,2,Original,full-grid,1131,16,58,104,1.000339849143886,1.0001153217165601,-0.021193325670922712,0,0,1,UNSTABLE,3.8058113955772948e-16,8.8916398911914113e-17,1
B3_D2_Original,B3,2,Original,full-grid,1132,16,59,105,1.0004024710952368,1.0001792837124548,-0.021130655595535532,0,0,1,UNSTABLE,4.0117847931664325e-16,8.8916398912289784e-17,1
B3_D2_Original,B3,2,Original,full-grid,1133,16,60,106,1.0004637416558559,1.000241908774439,-0.021067090432768956,0,0,1,UNSTABLE,5.4134700488251865e-16,8.8916398912289808e-17,1
B3_D2_Original,B3,2,Original,full-grid,1134,16,61,107,1.0005236499828325,1.000303184916804,-0.021002676502477995,0,0,1,UNSTABLE,3.4562102264947287e-16,8.8916398912289784e-17,1
B3_D2_Original,B3,2,Original,full-grid,1135,16,62,108,1.0005821874303669,1.0003631023617434,-0.020937460116397421,0,0,1,UNSTABLE,3.9795664005546488e-16,8.8916398911914101e-17,1
B3_D2_Original,B3,2,Original,full-grid,1136,16,63,109,1.0006393475105129,1.0004216535032997,-0.020871487440730155,0,0,1,UNSTABLE,3.106071863041766e-16,8.8916398912289808e-17,1
B3_D2_Original,B3,2,Original,full-grid,1137,16,64,110,1.0006951258438388,1.0004788328610272,-0.020804804364688217,0,0,1,UNSTABLE,1.9182910779031587e-16,8.8916398912289808e-17,1
B3_D2_Original,B3,2,Original,full-grid,1138,16,65,111,1.0007495201009606,1.0005346370243016,-0.020737456376141342,0,0,1,UNSTABLE,2.7261872463476392e-16,8.8916398912289796e-17,1
B3_D2_Original,B3,2,Original,full-grid,1139,16,66,112,1.0008025299359735,1.0005890645882944,-0.020669488444744758,0,0,1,UNSTABLE,3.1240815960615263e-16,8.8916398911914113e-17,1
B3_D2_Original,B3,2,Original,full-grid,1140,17,0,47,1.0000462884871768,0.99701889154462919,-0.077755443668573038,0,0,1,UNSTABLE,2.4481165356714794e-16,8.1425379867225224e-17,1
B3_D2_Original,B3,2,Original,full-grid,1141,17,1,48,1.0003664273312842,0.99734561054744209,-0.077683473488944471,0,0,1,UNSTABLE,2.7048536636188417e-16,8.8916398911914113e-17,1
B3_D2_Original,B3,2,Original,full-grid,1142,17,2,49,1.0006772883891686,0.99766479178382839,-0.07758865079913059,0,0,1,UNSTABLE,3.3949464254198823e-16,8.8916398912289808e-17,1
B3_D2_Original,B3,2,Original,full-grid,1143,17,3,50,1.0009774365028996,0.99797491817691031,-0.077471872816563592,0,0,1,UNSTABLE,3.6119255455985968e-16,8.8916398912289808e-17,1
B3_D2_Original,B3,2,Original,full-grid,1144,17,4,51,1.0012655523598135,0.99827458237280653,-0.077334109749846322,0,0,1,UNSTABLE,4.0077300124527941e-16,8.8916398912289808e-17,1
B3_D2_Original,B3,2,Original,full-grid,1145,17,5,52,1.0015404267478341,0.99856248200822328,-0.077176394939192192,0,0,1,UNSTABLE,2.817498207092377e-16,8.8916398911914101e-17,1
B3_D2_Original,B3,2,Original,full-grid,1146,17,6,53,1.0018009558629453,0.99883741583290875,-0.076999817533212458,0,0,1,UNSTABLE,2.978617449701607e-16,8.8916398912289808e-17,1
B3_D2_Original,B3,2,Original,full-grid,1147,17,7,54,1.0020461380539469,0.99909828113806409,-0.076805516831770934,0,0,1,UNSTABLE,2.9263698273960241e-16,8.8916398912289808e-17,1
B3_D2_Original,B3,2,Original,full-grid,1148,17,8,55,1.0022750720707134,0.99934407261975489,-0.076594677452912902,0,0,1,UNSTABLE,2.6055505036301578e-16,8.8916398912289784e-17,1
B3_D2_Original,B3,2,Original,full-grid,1149,17,9,56,1.0024869566287014,0.99957388254331148,-0.076368524589426973,0,0,1,UNSTABLE,2.4265020557143129e-16,8.8916398911914101e-17,1
B3_D2_Original,B3,2,Original,full-grid,1150,17,10,57,1.0026810909214525,0.99978690188002284,-0.076128318782039128,0,0,1,UNSTABLE,2.6964498519682619e-16,8.8916398912289784e-17,1
B3_D2_Original,B3,2,Original,full-grid,1151,17,11,58,1.002856875605481,0.99998242196440834,-0.07587534982708849,0,0,1,UNSTABLE,3.2322692053417508e-16,8.8916398912289808e-17,1
B3_D2_Original,B3,2,Original,full-grid,1152,17,12,59,1.003013813744041,1.00015983616686,-0.07561092963352134,0,0,1,UNSTABLE,2.5112874854400887e-16,8.8916398912289784e-17,1
B3_D2_Original,B3,2,Original,full-grid,1153,17,13,60,1.0031515112193754,1.0003186410854057,-0.075336384030318948,0,0,1,UNSTABLE,3.5811563571394987e-16,8.8916398911914101e-17,1
B3_D2_Original,B3,2,Original,full-grid,1154,17,14,61,1.0032696761946029,1.000458436820534,-0.075053043684033011,0,0,1,UNSTABLE,3.5305606970565754e-16,8.8916398912289808e-17,1
B3_D2_Original,B3,2,Original,full-grid,1155,17,15,62,1.0033681173126097,1.0005789259953051,-0.074762234407034209,0,0,1,UNSTABLE,4.0981509022796228e-16,8.8916398912289808e-17,1
B3_D2_Original,B3,2,Original,full-grid,1156,17,16,63,1.0034467404440399,1.0006799113035258,-0.07446526721456169,0,0,1,UNSTABLE,3.3254524311681874e-16,8.8916398912289821e-17,1
B3_D2_Original,B3,2,Original,full-grid,1157,17,17,64,1.0035055439245313,1.0007612914963029,-0.074163428520541086,0,0,1,UNSTABLE,2.7224281917030287e-16,8.8916398911914113e-17,1
B3_D2_Original,B3,2,Original,full-grid,1158,17,18,65,1.0035446123396494,1.0008230558381506,-0.073857970854359287,0,0,1,UNSTABLE,4.1372575985000549e-16,8.8916398912289808e-17,1
B3_D2_Original,B3,2,Original,full-grid,1159,17,19,66,1.0035641090143268,1.0008652771671294,-0.073550104438300026,0,0,1,UNSTABLE,3.6562201887003489e-16,8.8916398912289808e-17,1
B3_D2_Original,B3,2,Original,full-grid,1160,17,20,67,1.0035642674349732,1.00088810377125,-0.073240989899683667,0,0,1,UNSTABLE,2.2427909732110659e-16,8.8916398912289808e-17,1
B3_D2_Original,B3,2,Original,full-grid,1161,17,21,68,1.003545381875673,1.0008917503435799,-0.072931732312865469,0,0,1,UNSTABLE,2.4604637745687661e-16,8.8916398911914101e-17,1
B3_D2_Original,B3,2,Original,full-grid,1162,17,22,69,1.0035077975146385,1.0008764883000452,-0.072623376683062249,0,0,1,UNSTABLE,2.5489068113097002e-16,8.8916398912289808e-17,1
B3_D2_Original,B3,2,Original,full-grid,1163,17,23,70,1.0034519003180782,1.0008426357408897,-0.072316904906051332,0,0,1,UNSTABLE,1.8632682158180803e-16,8.8916398912289808e-17,1
B3_D2_Original,B3,2,Original,full-grid,1164,17,24,71,1.0033781069403025,1.0007905473131529,-0.072013234170846582,0,0,1,UNSTABLE,4.3161188359563233e-16,8.8916398912289784e-17,1
B3_D2_Original,B3,2,Original,full-grid,1165,17,25,72,1.0032868548478207,1.0007206041939549,-0.071713216718520031,0,0,1,UNSTABLE,4.6060406825884286e-16,8.8916398911914101e-17,1
B3_D2_Original,B3,2,Original,full-grid,1166,17,26,73,1.0031785928263448,1.0006332043675314,-0.071417640833419296,0,0,1,UNSTABLE,2.8670953336688789e-16,8.8916398912289784e-17,1
B3_D2_Original,B3,2,Original,full-grid,1167,17,27,74,1.0030537719780988,1.0005287533182108,-0.071127232921004854,0,0,1,UNSTABLE,2.6977889073565329e-16,8.8916398912289808e-17,1
B3_D2_Original,B3,2,Original,full-grid,1168,17,28,75,1.0029128372665623,1.0004076552110028,-0.070842660518146569,0,0,1,UNSTABLE,3.4149686159763453e-16,8.8916398912289784e-17,1
B3_D2_Original,B3,2,Original,full-grid,1169,17,29,76,1.0027562196186732,1.0002703045832,-0.070564536085523516,0,0,1,UNSTABLE,2.4303253875350704e-16,8.8916398911914101e-17,1
B3_D2_Original,B3,2,Original,full-grid,1170,17,30,77,1.0025843285522718,1.0001170785264302,-0.070293421444456466,0,0,1,UNSTABLE,3.2687825623662286e-16,8.8916398912289808e-17,1
B3_D2_Original,B3,2,Original,full-grid,1171,17,31,78,1.002397545258892,0.99994832929876398,-0.070029832740506337,0,0,1,UNSTABLE,4.5052519855244776e-16,8.8916398912289808e-17,1
B3_D2_Original,B3,2,Original,full-grid,1172,17,32,79,1.0021962160393165,0.9997643772714081,-0.069774245840696011,0,0,1,UNSTABLE,5.0473061618724642e-16,8.8916398912289821e-17,1
B3_D2_Original,B3,2,Original,full-grid,1173,17,33,80,1.0019806459583174,0.99956550408096478,-0.069527102099924992,0,0,1,UNSTABLE,3.7144844692217116e-16,8.8916398911914113e-17,1
B3_D2_Original,B3,2,Original,full-grid,1174,17,34,81,1.0017510925563373,0.9993519458269724,-0.069288814462795237,0,0,1,UNSTABLE,1.7248698780280221e-16,8.8916398912289808e-17,1
B3_D2_Original,B3,2,Original,full-grid,1175,17,35,82,1.0015077594243338,0.9991238861201498,-0.069059773901447588,0,0,1,UNSTABLE,2.3058386490767703e-16,8.8916398912289808e-17,1
B3_D2_Original,B3,2,Original,full-grid,1176,17,36,83,1.0012507894128804,0.99888144874884854,-0.068840356225963212,0,0,1,UNSTABLE,3.509441737267097e-16,8.8916398912289808e-17,1
B3_D2_Original,B3,2,Original,full-grid,1177,17,37,84,1.0009802572022817,0.99862468968370743,-0.068630929345778607,0,0,1,UNSTABLE,3.7923624431100964e-16,8.8916398911914101e-17,1
B3_D2_Original,B3,2,Original,full-grid,1178,17,38,85,1.000696160902365,0.99835358807889718,-0.068431861108138342,0,0,1,UNSTABLE,4.5854695031883685e-16,8.8916398912289808e-17,1
B3_D2_Original,B3,2,Original,full-grid,1179,17,39,86,1.0003984122721967,0.99806803584562953,-0.068243527898103076,0,0,1,UNSTABLE,4.0433784335652937e-16,8.8916398912289808e-17,1
B3_D2_Original,B3,2,Original,full-grid,1180,17,40,87,1.0000868250403194,0.99776782525856167,-0.068066324258233626,0,0,1,UNSTABLE,3.7772560541548533e-16,8.8916398912289784e-17,1
B3_D2_Original,B3,2,Original,full-grid,1181,17,41,88,0.9997611006518119,0.99745263389426231,-0.067900673884146001,1,0,-1,STABLE,4.5898456425206045e-16,8.8916398911914101e-17,1
B3_D2_Original,B3,2,Original,full-grid,1182,17,42,89,0.99942081054711562,0.9971220059697945,-0.067747042484722089,1,0,-1,STABLE,3.2096698148782531e-16,8.8916398912289784e-17,1
B3_D2_Original,B3,2,Original,full-grid,1183,17,43,90,0.99925636958040664,0.99901430459079577,-0.021993439248624645,1,0,-1,STABLE,3.134199228641652e-16,8.8916398912289808e-17,1
B3_D2_Original,B3,2,Original,full-grid,1184,17,44,91,0.99933637951489551,0.99909530525500601,-0.021949269676815666,1,0,-1,STABLE,3.2585725710715771e-16,8.8916398912289784e-17,1
B3_D2_Original,B3,2,Original,full-grid,1185,17,45,92,0.99941545330178438,0.99917540004480987,-0.021903612572025073,1,0,-1,STABLE,3.3384443767083203e-16,8.8916398911914101e-17,1
B3_D2_Original,B3,2,Original,full-grid,1186,17,46,93,0.99949355109639704,0.99925454825476112,-0.021856497328238918,1,0,-1,STABLE,3.4953277831545797e-16,8.8916398912289808e-17,1
B3_D2_Original,B3,2,Original,full-grid,1187,17,47,94,0.99957063435089599,0.99933271043407612,-0.021807955271769795,1,0,-1,STABLE,2.7654105871190651e-16,8.8916398912289808e-17,1
B3_D2_Original,B3,2,Original,full-grid,1188,17,48,95,0.99964666594993012,0.99940984852488568,-0.021758019585344762,1,0,-1,STABLE,2.7689782021868681e-16,8.8916398912289821e-17,1
B3_D2_Original,B3,2,Original,full-grid,1189,17,49,96,0.99972161033912288,0.99948592599360819,-0.021706725219361317,1,0,-1,STABLE,4.3441480933234557e-16,8.8916398911914113e-17,1
B3_D2_Original,B3,2,Original,full-grid,1190,17,50,97,0.99979543364505419,0.99956090795406427,-0.021654108791377098,1,0,-1,STABLE,2.7953853035565303e-16,8.8916398912289808e-17,1
B3_D2_Original,B3,2,Original,full-grid,1191,17,51,98,0.99986810378554325,0.99963476128111051,-0.021600208474809698,1,0,-1,STABLE,3.4720004493486621e-16,8.8916398912289808e-17,1
B3_D2_Original,B3,2,Original,full-grid,1192,17,52,99,0.99993959056910997,0.99970745471364253,-0.021545063877600249,1,0,-1,STABLE,2.5065416246955039e-16,8.8916398912289808e-17,1
B3_D2_Original,B3,2,Original,full-grid,1193,17,53,100,1.0000098657827583,0.99977895894606639,-0.021488715912542224,0,0,1,UNSTABLE,3.4121387768196711e-16,8.8916398911914101e-17,1
B3_D2_Original,B3,2,Original,full-grid,1194,17,54,101,1.000078903267279,0.9998492467073985,-0.021431206660643253,0,0,1,UNSTABLE,2.1959363837968081e-16,8.8916398912289808e-17,1
B3_D2_Original,B3,2,Original,full-grid,1195,17,55,102,1.0001466789796634,0.99991829282755162,-0.021372579228640144,0,0,1,UNSTABLE,3.9542330713284103e-16,8.8916398912289808e-17,1
B3_D2_Original,B3,2,Original,full-grid,1196,17,56,103,1.0002131710421169,0.99998607429025266,-0.021312877602439835,0,0,1,UNSTABLE,4.5855577714536755e-16,8.8916398912289784e-17,1
B3_D2_Original,B3,2,Original,full-grid,1197,17,57,104,1.0002783597776772,1.0000525702725596,-0.021252146497881482,0,0,1,UNSTABLE,3.5411986741679031e-16,8.8916398911914101e-17,1
B3_D2_Original,B3,2,Original,full-grid,1198,17,58,105,1.0003422277323644,1.0001177621708703,-0.021190431210330225,0,0,1,UNSTABLE,4.1103213524588307e-16,8.8916398912289784e-17,1
B3_D2_Original,B3,2,Original,full-grid,1199,17,59,106,1.000404759684157,1.0001816336136808,-0.02112777746438449,0,0,1,UNSTABLE,2.8677401353324808e-16,8.8916398912289808e-17,1
B3_D2_Original,B3,2,Original,full-grid,1200,17,60,107,1.0004659426390785,1.0002441704613447,-0.021064231265262513,0,0,1,UNSTABLE,4.4210756358169568e-16,8.8916398912289784e-17,1
B3_D2_Original,B3,2,Original,full-grid,1201,17,61,108,1.0005257658150475,1.0003053607934576,-0.020999838753138923,0,0,1,UNSTABLE,2.8255878863147219e-16,8.8916398911914101e-17,1
B3_D2_Original,B3,2,Original,full-grid,1202,17,62,109,1.0005842206140458,1.0003651948843988,-0.02093464606140651,0,0,1,UNSTABLE,4.3658089253381247e-16,8.8916398912289808e-17,1
B3_D2_Original,B3,2,Original,full-grid,1203,17,63,110,1.0006413005834196,1.0004236651678156,-0.020868699180171101,0,0,1,UNSTABLE,4.8584807950802369e-16,8.8916398912289808e-17,1
B3_D2_Original,B3,2,Original,full-grid,1204,17,64,111,1.0006970013672165,1.0004807661909407,-0.020802043825712928,0,0,1,UNSTABLE,4.272563782420909e-16,8.8916398912289821e-17,1
B3_D2_Original,B3,2,Original,full-grid,1205,17,65,112,1.0007513206483976,1.0005364945595652,-0.020734725316949938,0,0,1,UNSTABLE,2.8962267973988265e-16,8.8916398911914113e-17,1
B3_D2_Original,B3,2,Original,full-grid,1206,17,66,113,1.0008042580829986,1.0005908488747237,-0.020666788459296429,0,0,1,UNSTABLE,3.4801156425338089e-16,8.8916398912289808e-17,1
B3_D2_Original,B3,2,Original,full-grid,1207,18,0,48,1.0009292567080299,0.99793132756071501,-0.077410867499325534,0,0,1,UNSTABLE,2.706686341744914e-16,8.1425379867202864e-17,1
B3_D2_Original,B3,2,Original,full-grid,1208,18,1,49,1.0012324890113833,0.99824190420081271,-0.077327858818571876,0,0,1,UNSTABLE,2.9110698443245295e-16,8.8916398912289784e-17,1
B3_D2_Original,B3,2,Original,full-grid,1209,18,2,50,1.0015258845318582,0.99854422602718595,-0.077223869723608299,0,0,1,UNSTABLE,2.0391637365783278e-16,8.8916398912289808e-17,1
B3_D2_Original,B3,2,Original,full-grid,1210,18,3,51,1.0018082380230375,0.99883700794033037,-0.077099788194465696,0,0,1,UNSTABLE,2.5240214126322691e-16,8.8916398912289808e-17,1
B3_D2_Original,B3,2,Original,full-grid,1211,18,4,52,1.0020784395450069,0.99911905631942433,-0.076956548131652161,0,0,1,UNSTABLE,3.1075075446380832e-16,8.8916398911914101e-17,1
B3_D2_Original,B3,2,Original,full-grid,1212,18,5,53,1.0023354675099525,0.99938926262225991,-0.076795124739338777,0,0,1,UNSTABLE,3.4552837445463779e-16,8.8916398912289808e-17,1
B3_D2_Original,B3,2,Original,full-grid,1213,18,6,54,1.0025783837141502,0.9996465988181924,-0.076616531911183131,0,0,1,UNSTABLE,4.0167514810003367e-16,8.8916398912289808e-17,1
B3_D2_Original,B3,2,Original,full-grid,1214,18,7,55,1.0028063304533106,0.99989011482184065,-0.076421820698020754,0,0,1,UNSTABLE,2.8311163676569344e-16,8.8916398912289784e-17,1
B3_D2_Original,B3,2,Original,full-grid,1215,18,8,56,1.003018529563513,1.0001189378314834,-0.076212078036074729,0,0,1,UNSTABLE,2.7308771898874647e-16,8.8916398911914113e-17,1
B3_D2_Original,B3,2,Original,full-grid,1216,18,9,57,1.0032142830407083,1.0003322732742106,-0.075988425058902964,0,0,1,UNSTABLE,2.7034543345161985e-16,8.8916398912289784e-17,1
B3_D2_Original,B3,2,Original,full-grid,1217,18,10,58,1.0033929747651897,1.0005294069183663,-0.075752014492806607,0,0,1,UNSTABLE,2.2533478237479474e-16,8.8916398912289808e-17,1
B3_D2_Original,B3,2,Original,full-grid,1218,18,11,59,1.003554072793007,1.0007097076340798,-0.075504026822060435,0,0,1,UNSTABLE,4.1071909063913359e-16,8.8916398912289784e-17,1
B3_D2_Original,B3,2,Original,full-grid,1219,18,12,60,1.0036971316668095,1.000872630258407,-0.075245665096394798,0,0,1,UNSTABLE,3.5697221543281559e-16,8.8916398911914101e-17,1
B3_D2_Original,B3,2,Original,full-grid,1220,18,13,61,1.0038217942386414,1.0010177180487405,-0.074978148423240881,0,0,1,UNSTABLE,2.1628980849392137e-16,8.8916398912289784e-17,1
B3_D2_Original,B3,2,Original,full-grid,1221,18,14,62,1.0039277925757815,1.0011446042763712,-0.074702704331165451,0,0,1,UNSTABLE,3.7638245516643315e-16,8.8916398912289808e-17,1
B3_D2_Original,B3,2,Original,full-grid,1222,18,15,63,1.0040149476276059,1.0012530126118253,-0.074420560300284044,0,0,1,UNSTABLE,3.6343211856530817e-16,8.8916398912289796e-17,1
B3_D2_Original,B3,2,Original,full-grid,1223,18,16,64,1.0040831674525037,1.001342756070859,-0.074132934825680993,0,0,1,UNSTABLE,2.9479277068673127e-16,8.8916398911914113e-17,1
B3_D2_Original,B3,2,Original,full-grid,1224,18,17,65,1.0041324439282311,1.0014137344139007,-0.073841028408927256,0,0,1,UNSTABLE,2.6643850175983017e-16,8.8916398912289784e-17,1
B3_D2_Original,B3,2,Original,full-grid,1225,18,18,66,1.0041628479830196,1.0014659300079178,-0.073546014866511453,0,0,1,UNSTABLE,2.587570811316235e-16,8.8916398912289808e-17,1
B3_D2_Original,B3,2,Original,full-grid,1226,18,19,67,1.0041745234817117,1.0014994022612669,-0.073249033304527908,0,0,1,UNSTABLE,1.8566189841238385e-16,8.8916398912289808e-17,1
B3_D2_Original,B3,2,Original,full-grid,1227,18,20,68,1.0041676799729349,1.0015142808196882,-0.07295118104903496,0,0,1,UNSTABLE,3.5739295867196463e-16,8.8916398911914101e-17,1
B3_D2_Original,B3,2,Original,full-grid,1228,18,21,69,1.0041425845492282,1.0015107577641214,-0.072653507746973392,0,0,1,UNSTABLE,2.7706221069692982e-16,8.8916398912289808e-17,1
B3_D2_Original,B3,2,Original,full-grid,1229,18,22,70,1.004099553091292,1.0014890790767681,-0.072357010773656943,0,0,1,UNSTABLE,2.2181470181131828e-16,8.8916398912289808e-17,1
B3_D2_Original,B3,2,Original,full-grid,1230,18,23,71,1.0040389411636448,1.0014495356437063,-0.072062632008678129,0,0,1,UNSTABLE,3.0665926774671637e-16,8.8916398912289784e-17,1
B3_D2_Original,B3,2,Original,full-grid,1231,18,24,72,1.0039611348070518,1.0013924540453012,-0.071771255974746484,0,0,1,UNSTABLE,3.6511451340146967e-16,8.8916398911914113e-17,1
B3_D2_Original,B3,2,Original,full-grid,1232,18,25,73,1.0038665414368866,1.0013181873529435,-0.071483709281709204,0,0,1,UNSTABLE,3.859361416216426e-16,8.8916398912289784e-17,1
B3_D2_Original,B3,2,Original,full-grid,1233,18,26,74,1.0037555810130583,1.0012271061094007,-0.071200761278633992,0,0,1,UNSTABLE,2.4588305411230213e-16,8.8916398912289808e-17,1
B3_D2_Original,B3,2,Original,full-grid,1234,18,27,75,1.0036286775997987,1.0011195896237624,-0.07092312579314379,0,0,1,UNSTABLE,2.938715595323277e-16,8.8916398912289784e-17,1
B3_D2_Original,B3,2,Original,full-grid,1235,18,28,76,1.0034862513859479,1.0009960176643005,-0.070651463826543665,0,0,1,UNSTABLE,2.0476786001330001e-16,8.8916398911914101e-17,1
B3_D2_Original,B3,2,Original,full-grid,1236,18,29,77,1.0033287111921079,1.000856762587464,-0.070386387074186096,0,0,1,UNSTABLE,3.0325498878605394e-16,8.8916398912289784e-17,1
B3_D2_Original,B3,2,Original,full-grid,1237,18,30,78,1.0031564474497596,1.0007021818983906,-0.070128462152129617,0,0,1,UNSTABLE,3.2079699609564044e-16,8.8916398912289808e-17,1
B3_D2_Original,B3,2,Original,full-grid,1238,18,31,79,1.0029698256016539,1.0005326112005966,-0.069878215428901241,0,0,1,UNSTABLE,3.8018997622414013e-16,8.8916398912289796e-17,1
B3_D2_Original,B3,2,Original,full-grid,1239,18,32,80,1.0027691798401985,1.0003483574575542,-0.069636138386314675,0,0,1,UNSTABLE,2.6551135289775915e-16,8.8916398911914113e-17,1
B3_D2_Original,B3,2,Original,full-grid,1240,18,33,81,1.0025548070715962,1.0001496924573561,-0.069402693462295814,0,0,1,UNSTABLE,3.2565052938752832e-16,8.8916398912289784e-17,1
B3_D2_Original,B3,2,Original,full-grid,1241,18,34,82,1.002326960965747,0.99993684634113222,-0.069178320362532866,0,0,1,UNSTABLE,4.0007653753473544e-16,8.8916398912289808e-17,1
B3_D2_Original,B3,2,Original,full-grid,1242,18,35,83,1.0020858459235884,0.99971000102455987,-0.068963442865535171,0,0,1,UNSTABLE,2.3516608746382994e-16,8.8916398912289808e-17,1
B3_D2_Original,B3,2,Original,full-grid,1243,18,36,84,1.0018316107620919,0.99946928330701013,-0.068758476189770504,0,0,1,UNSTABLE,4.570558418684091e-16,8.8916398911914101e-17,1
B3_D2_Original,B3,2,Original,full-grid,1244,18,37,85,1.001564341878576,0.99921475742051513,-0.068563835042435642,0,0,1,UNSTABLE,1.8858965779832292e-16,8.8916398912289808e-17,1
B3_D2_Original,B3,2,Original,full-grid,1245,18,38,86,1.0012840556077023,0.99894641671788953,-0.068379942532127078,0,0,1,UNSTABLE,2.465983915406909e-16,8.8916398912289808e-17,1
B3_D2_Original,B3,2,Original,full-grid,1246,18,39,87,1.0009906894183893,0.99866417412744846,-0.068207240206913169,0,0,1,UNSTABLE,3.0575523514514023e-16,8.8916398912289784e-17,1
B3_D2_Original,B3,2,Original,full-grid,1247,18,40,88,1.0006840915086557,0.99836785090508906,-0.068046199582761813,0,0,1,UNSTABLE,4.0400143222661004e-16,8.8916398911914113e-17,1
B3_D2_Original,B3,2,Original,full-grid,1248,18,41,89,1.0003640082306944,0.99805716307857351,-0.067897335668868145,0,0,1,UNSTABLE,3.8693127513790529e-16,8.8916398912289784e-17,1
B3_D2_Original,B3,2,Original,full-grid,1249,18,42,90,1.0000300686009729,0.99773170478708173,-0.06776122319387369,0,0,1,UNSTABLE,4.479461568988527e-16,8.8916398912289808e-17,1
B3_D2_Original,B3,2,Original,full-grid,1250,18,43,91,0.99968176489499894,0.99739092744340452,-0.067638516521028758,1,0,-1,STABLE,3.246248641143038e-16,8.8916398912289784e-17,1
B3_D2_Original,B3,2,Original,full-grid,1251,18,44,92,0.9993402198267044,0.99909920718719925,-0.021946506810780048,1,0,-1,STABLE,2.1091403123158695e-16,8.8916398911914101e-17,1
B3_D2_Original,B3,2,Original,full-grid,1252,18,45,93,0.99941918372499183,0.99917919274960099,-0.021900812171807244,1,0,-1,STABLE,3.1227919355839349e-16,8.8916398912289784e-17,1
B3_D2_Original,B3,2,Original,full-grid,1253,18,46,94,0.99949717173872565,0.99925823173104589,-0.021853664028144572,1,0,-1,STABLE,2.6132576321830738e-16,8.8916398912289808e-17,1
B3_D2_Original,B3,2,Original,full-grid,1254,18,47,95,0.99957414556226931,0.99933628492519022,-0.021805093635657552,1,0,-1,STABLE,2.9165348791698135e-16,8.8916398912289796e-17,1
B3_D2_Original,B3,2,Original,full-grid,1255,18,48,96,0.99965006831371295,0.99941331451021387,-0.02175513409103956,1,0,-1,STABLE,2.5086850685499838e-16,8.8916398911914113e-17,1
B3_D2_Original,B3,2,Original,full-grid,1256,18,49,97,0.99972490466219854,0.99948928417899996,-0.021703820244194091,1,0,-1,STABLE,3.7719006373133561e-16,8.8916398912289784e-17,1
B3_D2_Original,B3,2,Original,full-grid,1257,18,50,98,0.99979862094686067,0.99956415926118281,-0.021651188598530782,1,0,-1,STABLE,2.4651400046127828e-16,8.8916398912289808e-17,1
B3_D2_Original,B3,2,Original,full-grid,1258,18,51,99,0.99987118528614471,0.99963790683578757,-0.021597277200737806,1,0,-1,STABLE,7.0692594472858015e-16,8.8916398912289808e-17,1
B3_D2_Original,B3,2,Original,full-grid,1259,18,52,100,0.9999425676764977,0.99971049583342342,-0.021542125520892314,1,0,-1,STABLE,2.7271609277096054e-16,8.8916398911914101e-17,1
B3_D2_Original,B3,2,Original,full-grid,1260,18,53,101,1.0000127400794883,0.99978189712706134,-0.021485774323965683,0,0,1,UNSTABLE,2.5140847905244681e-16,8.8916398912289808e-17,1
B3_D2_Original,B3,2,Original,full-grid,1261,18,54,102,1.0000816764965943,0.99985208361058442,-0.021428265534374637,0,0,1,UNSTABLE,1.8538253238205869e-16,8.8916398912289808e-17,1
B3_D2_Original,B3,2,Original,full-grid,1262,18,55,103,1.0001493530312497,0.99992103026466839,-0.021369642095066862,0,0,1,UNSTABLE,4.065256567228712e-16,8.8916398912289784e-17,1
B3_D2_Original,B3,2,Original,full-grid,1263,18,56,104,1.000215747937663,0.99998871420947433,-0.021309947822096227,0,0,1,UNSTABLE,2.0886478961585063e-16,8.8916398911914113e-17,1
B3_D2_Original,B3,2,Original,full-grid,1264,18,57,105,1.0002808416563238,1.0000551147440171,-0.021249227256878528,0,0,1,UNSTABLE,1.9124518256253074e-16,8.8916398912289784e-17,1
B3_D2_Original,B3,2,Original,full-grid,1265,18,58,106,1.0003446168362458,1.0001202133722344,-0.02118752551694952,0,0,1,UNSTABLE,2.8174949598176918e-16,8.8916398912289808e-17,1
B3_D2_Original,B3,2,Original,full-grid,1266,18,59,107,1.0004070583440769,1.0001839938158521,-0.021124888146947421,0,0,1,UNSTABLE,2.9314546737303907e-16,8.8916398912289784e-17,1
B3_D2_Original,B3,2,Original,full-grid,1267,18,60,108,1.0004681532605437,1.0002464420144637,-0.021061360971430909,0,0,1,UNSTABLE,2.3385301457619266e-16,8.8916398911914101e-17,1
B3_D2_Original,B3,2,Original,full-grid,1268,18,61,109,1.0005278908646644,1.0003075461132609,-0.020996989949996023,0,0,1,UNSTABLE,3.2135779499302752e-16,8.8916398912289784e-17,1
B3_D2_Original,B3,2,Original,full-grid,1269,18,62,110,1.0005862626064199,1.0003672964390447,-0.020931821036888398,0,0,1,UNSTABLE,3.030310677829059e-16,8.8916398912289808e-17,1
B3_D2_Original,B3,2,Original,full-grid,1270,18,63,111,1.0006432620686567,1.0004256854652933,-0.020865900045302907,0,0,1,UNSTABLE,3.1016349865745504e-16,8.8916398912289796e-17,1
B3_D2_Original,B3,2,Original,full-grid,1271,18,64,112,1.0006988849190133,1.0004827077670482,-0.020799272517845507,0,0,1,UNSTABLE,4.9284298658699013e-16,8.8916398911914113e-17,1
B3_D2_Original,B3,2,Original,full-grid,1272,18,65,113,1.0007531288528824,1.0005383599666193,-0.020731983603639634,0,0,1,UNSTABLE,1.8916783692074762e-16,8.8916398912289784e-17,1
B3_D2_Original,B3,2,Original,full-grid,1273,18,66,114,1.0008059935282929,1.0005926406709764,-0.020664077943039726,0,0,1,UNSTABLE,2.8828097990361238e-16,8.8916398912289808e-17,1
B3_D2_Original,B3,2,Original,full-grid,1274,19,0,49,1.0018032547901061,0.998842205859378,-0.076967584748533296,0,0,1,UNSTABLE,2.9862743461945532e-16,8.1425379867225174e-17,1
B3_D2_Original,B3,2,Original,full-grid,1275,19,1,50,1.0020877303625177,0.99913454982723926,-0.076876333709549702,0,0,1,UNSTABLE,3.5377508775980601e-16,8.8916398912289821e-17,1
B3_D2_Original,B3,2,Original,full-grid,1276,19,2,51,1.0023622042240752,0.99941831253166558,-0.076766040885959355,0,0,1,UNSTABLE,2.6599906654803525e-16,8.8916398912289821e-17,1
B3_D2_Original,B3,2,Original,full-grid,1277,19,3,52,1.0026256719444193,0.99969241587186142,-0.076637534474170294,0,0,1,UNSTABLE,2.5312412381392663e-16,8.8916398911914089e-17,1
B3_D2_Original,B3,2,Original,full-grid,1278,19,4,53,1.0028772005508968,0.99995585086669014,-0.076491670803279177,0,0,1,UNSTABLE,2.5400602612567235e-16,8.8916398912289808e-17,1
B3_D2_Original,B3,2,Original,full-grid,1279,19,5,54,1.003115922359104,1.0002076716454491,-0.076329334282076625,0,0,1,UNSTABLE,3.2297618499463863e-16,8.8916398912289808e-17,1
B3_D2_Original,B3,2,Original,full-grid,1280,19,6,55,1.0033410312271183,1.0004469917725543,-0.076151438575669472,0,0,1,UNSTABLE,2.5131382443577003e-16,8.8916398912289808e-17,1
B3_D2_Original,B3,2,Original,full-grid,1281,19,7,56,1.0035517811080401,1.0006729828443168,-0.075958928182124325,0,0,1,UNSTABLE,5.5195413055096183e-16,8.8916398911914101e-17,1
B3_D2_Original,B3,2,Original,full-grid,1282,19,8,57,1.0037474865976175,1.000884875107267,-0.075752779701769288,0,0,1,UNSTABLE,2.7850109725268381e-16,8.8916398912289784e-17,1
B3_D2_Original,B3,2,Original,full-grid,1283,19,9,58,1.0039275250461168,1.0010819597069462,-0.075534002240854006,0,0,1,UNSTABLE,2.77917207352324e-16,8.8916398912289821e-17,1
B3_D2_Original,B3,2,Original,full-grid,1284,19,10,59,1.0040913397240379,1.0012635920829323,-0.075303636552271486,0,0,1,UNSTABLE,2.8989859387519207e-16,8.8916398912289808e-17,1
B3_D2_Original,B3,2,Original,full-grid,1285,19,11,60,1.004238443496607,1.0014291959774566,-0.075062752683556999,0,0,1,UNSTABLE,2.9902018448381547e-16,8.8916398911914101e-17,1
B3_D2_Original,B3,2,Original,full-grid,1286,19,12,61,1.0043684224708369,1.0015782675211171,-0.074812446063172958,0,0,1,UNSTABLE,4.1071803796110981e-16,8.8916398912289784e-17,1
B3_D2_Original,B3,2,Original,full-grid,1287,19,13,62,1.0044809391242042,1.0017103788931467,-0.074553832105341333,0,0,1,UNSTABLE,1.7514442777905009e-16,8.8916398912289784e-17,1
B3_D2_Original,B3,2,Original,full-grid,1288,19,14,63,1.0045757345022404,1.0018251811230394,-0.074288039538709508,0,0,1,UNSTABLE,3.9048867662509878e-16,8.8916398912289796e-17,1
B3_D2_Original,B3,2,Original,full-grid,1289,19,15,64,1.0046526291724625,1.0019224056942022,-0.074016202760503441,0,0,1,UNSTABLE,3.273918692444763e-16,8.8916398911914113e-17,1
B3_D2_Original,B3,2,Original,full-grid,1290,19,16,65,1.0047115227354204,1.0020018647202735,-0.073739453580982828,0,0,1,UNSTABLE,2.5514736325098212e-16,8.8916398912289808e-17,1
B3_D2_Original,B3,2,Original,full-grid,1291,19,17,66,1.0047523918095145,1.002063449580219,-0.073458912749455388,0,0,1,UNSTABLE,3.2718567884611662e-16,8.8916398912289808e-17,1
B3_D2_Original,B3,2,Original,full-grid,1292,19,18,67,1.0047752865142692,1.0021071280083538,-0.073175681648213739,0,0,1,UNSTABLE,3.3734194169376993e-16,8.8916398912289808e-17,1
B3_D2_Original,B3,2,Original,full-grid,1293,19,19,68,1.0047803255691312,1.0021329397319658,-0.072890834505976901,0,0,1,UNSTABLE,2.9840932373000368e-16,8.8916398911914089e-17,1
B3_D2_Original,B3,2,Original,full-grid,1294,19,20,69,1.0047676901958813,1.0021409908256422,-0.072605411427567879,0,0,1,UNSTABLE,3.6616493996869777e-16,8.8916398912289808e-17,1
B3_D2_Original,B3,2,Original,full-grid,1295,19,21,70,1.004737617059889,1.0021314470046752,-0.072320412467711329,0,0,1,UNSTABLE,3.1161264763034572e-16,8.8916398912289808e-17,1
B3_D2_Original,B3,2,Original,full-grid,1296,19,22,71,1.0046903905076496,1.0021045261082391,-0.072036792903313746,0,0,1,UNSTABLE,3.0865423676162479e-16,8.8916398912289808e-17,1
B3_D2_Original,B3,2,Original,full-grid,1297,19,23,72,1.0046263343594846,1.0020604900300878,-0.071755459786939452,0,0,1,UNSTABLE,1.7897671926802817e-16,8.8916398911914101e-17,1
B3_D2_Original,B3,2,Original,full-grid,1298,19,24,73,1.004545803498639,1.0019996363415677,-0.071477269800210574,0,0,1,UNSTABLE,2.4989217878897748e-16,8.8916398912289784e-17,1
B3_D2_Original,B3,2,Original,full-grid,1299,19,25,74,1.0044491754677944,1.0019222898251547,-0.071203028372752913,0,0,1,UNSTABLE,2.4224423505590425e-16,8.8916398912289821e-17,1
B3_D2_Original,B3,2,Original,full-grid,1300,19,26,75,1.0043368422448009,1.001828794099878,-0.070933489993389665,0,0,1,UNSTABLE,2.7315995650143383e-16,8.8916398912289808e-17,1
B3_D2_Original,B3,2,Original,full-grid,1301,19,27,76,1.0042092023260412,1.001719503477879,-0.070669359614584426,0,0,1,UNSTABLE,4.7421949460427664e-16,8.8916398911914101e-17,1
B3_D2_Original,B3,2,Original,full-grid,1302,19,28,77,1.0040666532019547,1.0015947751477081,-0.070411295038413077,0,0,1,UNSTABLE,2.5134838026275116e-16,8.8916398912289784e-17,1
B3_D2_Original,B3,2,Original,full-grid,1303,19,29,78,1.0039095842669792,1.0014549617370472,-0.07015991017203542,0,0,1,UNSTABLE,3.7355701633365648e-16,8.8916398912289784e-17,1
B3_D2_Original,B3,2,Original,full-grid,1304,19,30,79,1.0037383701674545,1.0013004042675275,-0.069915779049537261,0,0,1,UNSTABLE,2.2663706918587105e-16,8.8916398912289796e-17,1
B3_D2_Original,B3,2,Original,full-grid,1305,19,31,80,1.0035533645567545,1.0011314254781742,-0.069679440534645018,0,0,1,UNSTABLE,2.8338199862402337e-16,8.8916398911914113e-17,1
B3_D2_Original,B3,2,Original,full-grid,1306,19,32,81,1.0033548941963382,1.0009483234611847,-0.069451403643038173,0,0,1,UNSTABLE,3.6704597957208428e-16,8.8916398912289808e-17,1
B3_D2_Original,B3,2,Original,full-grid,1307,19,33,82,1.003143253314843,1.0007513655245877,-0.069232153453149495,0,0,1,UNSTABLE,4.3780038476680208e-16,8.8916398912289808e-17,1
B3_D2_Original,B3,2,Original,full-grid,1308,19,34,83,1.0029186981124567,1.000540782168527,-0.069022157610272875,0,0,1,UNSTABLE,2.6036065281413253e-16,8.8916398912289808e-17,1
B3_D2_Original,B3,2,Original,full-grid,1309,19,35,84,1.0026814412744909,1.0003167610353798,-0.068821873470410466,0,0,1,UNSTABLE,2.3712655535403007e-16,8.8916398911914089e-17,1
B3_D2_Original,B3,2,Original,full-grid,1310,19,36,85,1.0024316463328464,1.0000794406649298,-0.068631755980026021,0,0,1,UNSTABLE,2.5112039206629996e-16,8.8916398912289808e-17,1
B3_D2_Original,B3,2,Original,full-grid,1311,19,37,86,1.0021694216857528,0.99982890385309742,-0.068452266448016788,0,0,1,UNSTABLE,3.3965202614061323e-16,8.8916398912289808e-17,1
B3_D2_Original,B3,2,Original,full-grid,1312,19,38,87,1.0018948140516917,0.99956517037284509,-0.068283882440726015,0,0,1,UNSTABLE,2.304275393395926e-16,8.8916398912289808e-17,1
B3_D2_Original,B3,2,Original,full-grid,1313,19,39,88,1.0016078010885394,0.99928818876405479,-0.068127109127527244,0,0,1,UNSTABLE,2.9010460590871016e-16,8.8916398911914101e-17,1
B3_D2_Original,B3,2,Original,full-grid,1314,19,40,89,1.0013082828500086,0.99899782683092953,-0.06798249253383648,0,0,1,UNSTABLE,3.8446483432707375e-16,8.8916398912289784e-17,1
B3_D2_Original,B3,2,Original,full-grid,1315,19,41,90,1.0009960716717134,0.99869386039312613,-0.067850635334367443,0,0,1,UNSTABLE,3.2039223788134055e-16,8.8916398912289821e-17,1
B3_D2_Original,B3,2,Original,full-grid,1316,19,42,91,1.0006708799696369,0.99837595970931292,-0.067732216069727125,0,0,1,UNSTABLE,3.7419420831420622e-16,8.8916398912289808e-17,1
B3_D2_Original,B3,2,Original,full-grid,1317,19,43,92,1.0003323052841837,0.99804367281642503,-0.067628013029144007,0,0,1,UNSTABLE,3.097205842611597e-16,8.8916398911914101e-17,1
B3_D2_Original,B3,2,Original,full-grid,1318,19,44,93,0.99997981169402372,0.99769640478045996,-0.067538934576731269,1,0,-1,STABLE,2.1883653641828427e-16,8.8916398912289784e-17,1
B3_D2_Original,B3,2,Original,full-grid,1319,19,45,94,0.99961270643523281,0.99733339150774014,-0.067466058506774243,1,0,-1,STABLE,3.1210272544799986e-16,8.8916398912289784e-17,1
B3_D2_Original,B3,2,Original,full-grid,1320,19,46,95,0.99950080995411095,0.99926193302019772,-0.021850819564988761,1,0,-1,STABLE,3.137243777414542e-16,8.8916398912289796e-17,1
B3_D2_Original,B3,2,Original,full-grid,1321,19,47,96,0.9995776737649863,0.99933987665068447,-0.021802220648738348,1,0,-1,STABLE,2.3023763656440397e-16,8.8916398911914113e-17,1
B3_D2_Original,B3,2,Original,full-grid,1322,19,48,97,0.99965348709160839,0.9994167971553749,-0.021752237082757607,1,0,-1,STABLE,2.9348344922593951e-16,8.8916398912289808e-17,1
B3_D2_Original,B3,2,Original,full-grid,1323,19,49,98,0.99972821482766616,0.99949265845466895,-0.021700903615535342,1,0,-1,STABLE,2.8733844276497748e-16,8.8916398912289808e-17,1
B3_D2_Original,B3,2,Original,full-grid,1324,19,50,99,0.99980182352579283,0.99956742609497762,-0.02164825663562733,1,0,-1,STABLE,4.5492301020030485e-16,8.8916398912289808e-17,1
B3_D2_Original,B3,2,Original,full-grid,1325,19,51,100,0.99987428150596647,0.99964106736041858,-0.021594334062338089,1,0,-1,STABLE,4.8532854733378169e-16,8.8916398911914089e-17,1
B3_D2_Original,B3,2,Original,full-grid,1326,19,52,101,0.99994555895340365,0.99971355137418083,-0.02153917522696271,1,0,-1,STABLE,2.2342239520666598e-16,8.8916398912289808e-17,1
B3_D2_Original,B3,2,Original,full-grid,1327,19,53,102,1.0000156280049852,0.99978484918856836,-0.02148282074580948,0,0,1,UNSTABLE,2.0683460844178323e-16,8.8916398912289808e-17,1
B3_D2_Original,B3,2,Original,full-grid,1328,19,54,103,1.0000844628236052,0.99985493386307933,-0.021425312385967583,0,0,1,UNSTABLE,3.1973980569708402e-16,8.8916398912289808e-17,1
B3_D2_Original,B3,2,Original,full-grid,1329,19,55,104,1.0001520396597849,0.99992378052982245,-0.021366692925562376,0,0,1,UNSTABLE,3.8126368859724308e-16,8.8916398911914101e-17,1
B3_D2_Original,B3,2,Original,full-grid,1330,19,56,105,1.0002183369003139,0.9999913664459894,-0.021307006010057673,0,0,1,UNSTABLE,2.7049933687482801e-16,8.8916398912289784e-17,1
B3_D2_Original,B3,2,Original,full-grid,1331,19,57,106,1.0002833351036704,1.0000576710331122,-0.021246296005412103,0,0,1,UNSTABLE,2.9004496166183807e-16,8.8916398912289821e-17,1
B3_D2_Original,B3,2,Original,full-grid,1332,19,58,107,1.0003470170223112,1.0001226759031405,-0.021184607850465643,0,0,1,UNSTABLE,3.5106940540814501e-16,8.8916398912289808e-17,1
B3_D2_Original,B3,2,Original,full-grid,1333,19,59,108,1.000409367611985,1.0001863648714791,-0.021121986909098119,0,0,1,UNSTABLE,2.2771470053118614e-16,8.8916398911914101e-17,1
B3_D2_Original,B3,2,Original,full-grid,1334,19,60,109,1.0004703740284637,1.0002487239573292,-0.021058478824186273,0,0,1,UNSTABLE,3.3557683179073965e-16,8.8916398912289784e-17,1
B3_D2_Original,B3,2,Original,full-grid,1335,19,61,110,1.0005300256121499,1.0003097413717823,-0.020994129373882363,0,0,1,UNSTABLE,2.0540390870431256e-16,8.8916398912289784e-17,1
B3_D2_Original,B3,2,Original,full-grid,1336,19,62,111,1.0005883138612726,1.0003694074943312,-0.020928984332377082,0,0,1,UNSTABLE,4.3215917010528991e-16,8.8916398912289796e-17,1
B3_D2_Original,B3,2,Original,full-grid,1337,19,63,112,1.0006452323943398,1.0004277148384677,-0.020863089335081821,0,0,1,UNSTABLE,3.7319680601872394e-16,8.8916398911914113e-17,1
B3_D2_Original,B3,2,Original,full-grid,1338,19,64,113,1.0007007769027432,1.0004846580072242,-0.020796489749987348,0,0,1,UNSTABLE,1.8026288895906635e-16,8.8916398912289808e-17,1
B3_D2_Original,B3,2,Original,full-grid,1339,19,65,114,1.0007549450943911,1.0005402336395308,-0.020729230555690429,0,0,1,UNSTABLE,2.7386210502032534e-16,8.8916398912289808e-17,1
B3_D2_Original,B3,2,Original,full-grid,1340,19,66,115,1.0008077366293346,1.0005944403483422,-0.020661356226520756,0,0,1,UNSTABLE,2.5028880981922822e-16,8.8916398912289808e-17,1
B3_D2_Original,B3,2,Original,full-grid,1341,20,0,50,1.0026479975161049,0.99973114815066633,-0.076424069117036739,0,0,1,UNSTABLE,3.2968137060706674e-16,8.1425379867202864e-17,1
B3_D2_Original,B3,2,Original,full-grid,1342,20,1,51,1.0029128559085327,1.0000041230436008,-0.076327913913643658,0,0,1,UNSTABLE,1.8055378419989036e-16,8.8916398912289821e-17,1
B3_D2_Original,B3,2,Original,full-grid,1343,20,2,52,1.0031679146395198,1.0002685648640719,-0.076214585920101649,0,0,1,UNSTABLE,5.1336859438947033e-16,8.8916398911914101e-17,1
B3_D2_Original,B3,2,Original,full-grid,1344,20,3,53,1.0034123279338838,1.0005235629349118,-0.076084820179359691,0,0,1,UNSTABLE,4.5951522250713751e-16,8.8916398912289808e-17,1
B3_D2_Original,B3,2,Original,full-grid,1345,20,4,54,1.0036452988693056,1.0007682538272822,-0.075939371039995554,0,0,1,UNSTABLE,3.0134622766485556e-16,8.8916398912289808e-17,1
B3_D2_Original,B3,2,Original,full-grid,1346,20,5,55,1.003866075088782,1.0010018169601154,-0.075779015279319739,0,0,1,UNSTABLE,4.2932185826178913e-16,8.8916398912289808e-17,1
B3_D2_Original,B3,2,Original,full-grid,1347,20,6,56,1.0040739469417783,1.0012234725966478,-0.075604555740713411,0,0,1,UNSTABLE,2.3009586027466144e-16,8.8916398911914113e-17,1
B3_D2_Original,B3,2,Original,full-grid,1348,20,7,57,1.0042682478154443,1.0014324820505807,-0.075416824809296609,0,0,1,UNSTABLE,3.4963974126218799e-16,8.8916398912289784e-17,1
B3_D2_Original,B3,2,Original,full-grid,1349,20,8,58,1.004448356299279,1.0016281497864343,-0.075216687162673324,0,0,1,UNSTABLE,3.0772495689131906e-16,8.8916398912289808e-17,1
B3_D2_Original,B3,2,Original,full-grid,1350,20,9,59,1.0046136997431705,1.0018098270041613,-0.075005041360920663,0,0,1,UNSTABLE,2.9132261714723811e-16,8.8916398912289784e-17,1
B3_D2_Original,B3,2,Original,full-grid,1351,20,10,60,1.0047637587167237,1.0019769162347192,-0.074782819974385004,0,0,1,UNSTABLE,3.1433270790838858e-16,8.8916398911914101e-17,1
B3_D2_Original,B3,2,Original,full-grid,1352,20,11,61,1.0048980718591083,1.0021288764432221,-0.074550988087342132,0,0,1,UNSTABLE,2.6795577103804332e-16,8.8916398912289784e-17,1
B3_D2_Original,B3,2,Original,full-grid,1353,20,12,62,1.0050162406215557,1.0022652281385198,-0.074310540150949483,0,0,1,UNSTABLE,4.3698392349810487e-16,8.8916398912289808e-17,1
B3_D2_Original,B3,2,Original,full-grid,1354,20,13,63,1.0051179334481664,1.002385558022052,-0.074062495285617147,0,0,1,UNSTABLE,3.1348973435449952e-16,8.8916398912289821e-17,1
B3_D2_Original,B3,2,Original,full-grid,1355,20,14,64,1.0052028890102809,1.0024895227706814,-0.073807891242238938,0,0,1,UNSTABLE,3.5179390970680577e-16,8.8916398911914113e-17,1
B3_D2_Original,B3,2,Original,full-grid,1356,20,15,65,1.005270918200071,1.002576851633131,-0.07354777731660031,0,0,1,UNSTABLE,2.7555805779086854e-16,8.8916398912289808e-17,1
B3_D2_Original,B3,2,Original,full-grid,1357,20,16,66,1.0053219046908746,1.0026473476184217,-0.073283206568982531,0,0,1,UNSTABLE,2.1685374711083017e-16,8.8916398912289808e-17,1
B3_D2_Original,B3,2,Original,full-grid,1358,20,17,67,1.0053558039781219,1.002700887160469,-0.073015227727537033,0,0,1,UNSTABLE,2.4749763758059734e-16,8.8916398912289784e-17,1
B3_D2_Original,B3,2,Original,full-grid,1359,20,18,68,1.0053726409148662,1.0027374182449105,-0.072744877150656514,0,0,1,UNSTABLE,3.2508541200591103e-16,8.8916398911914101e-17,1
B3_D2_Original,B3,2,Original,full-grid,1360,20,19,69,1.0053725058435299,1.0027569570753279,-0.072473171195469088,0,0,1,UNSTABLE,2.2519936004162475e-16,8.8916398912289808e-17,1
B3_D2_Original,B3,2,Original,full-grid,1361,20,20,70,1.0053555494948641,1.0027595834303686,-0.072201099289925103,0,0,1,UNSTABLE,3.1738372219547135e-16,8.8916398912289808e-17,1
B3_D2_Original,B3,2,Original,full-grid,1362,20,21,71,1.0053219768725918,1.0027454349162683,-0.071929617944209878,0,0,1,UNSTABLE,2.7028519506722587e-16,8.8916398912289808e-17,1
B3_D2_Original,B3,2,Original,full-grid,1363,20,22,72,1.0052720403677478,1.0027147003505545,-0.071659645868732511,0,0,1,UNSTABLE,3.1138893675942716e-16,8.8916398911914113e-17,1
B3_D2_Original,B3,2,Original,full-grid,1364,20,23,73,1.0052060323521177,1.0026676125234315,-0.071392060298387766,0,0,1,UNSTABLE,1.9369018170019667e-16,8.8916398912289784e-17,1
B3_D2_Original,B3,2,Original,full-grid,1365,20,24,74,1.0051242774877247,1.0026044405754395,-0.071127694561474525,0,0,1,UNSTABLE,1.88582835107394e-16,8.8916398912289808e-17,1
B3_D2_Original,B3,2,Original,full-grid,1366,20,25,75,1.0050271249639093,1.002525482208203,-0.070867336879774576,0,0,1,UNSTABLE,2.76662887334316e-16,8.8916398912289784e-17,1
B3_D2_Original,B3,2,Original,full-grid,1367,20,26,76,1.0049149408393827,1.00243105591341,-0.070611730346634857,0,0,1,UNSTABLE,3.5494173679822198e-16,8.8916398911914101e-17,1
B3_D2_Original,B3,2,Original,full-grid,1368,20,27,77,1.0047881006273145,1.0023214933672704,-0.070361574003507579,0,0,1,UNSTABLE,3.1422528023854724e-16,8.8916398912289784e-17,1
B3_D2_Original,B3,2,Original,full-grid,1369,20,28,78,1.0046469822211301,1.0021971320977532,-0.070117524921109356,0,0,1,UNSTABLE,2.4040948696119877e-16,8.8916398912289808e-17,1
B3_D2_Original,B3,2,Original,full-grid,1370,20,29,79,1.0044919592195904,1.0020583084923833,-0.069880201188853575,0,0,1,UNSTABLE,2.5574883988192091e-16,8.8916398912289821e-17,1
B3_D2_Original,B3,2,Original,full-grid,1371,20,30,80,1.0043233946736232,1.001905351177147,-0.069650185723717242,0,0,1,UNSTABLE,2.544954212741693e-16,8.8916398911914113e-17,1
B3_D2_Original,B3,2,Original,full-grid,1372,20,31,81,1.0041416352455033,1.0017385747634742,-0.069428030825861436,0,0,1,UNSTABLE,2.6582844087253248e-16,8.8916398912289808e-17,1
B3_D2_Original,B3,2,Original,full-grid,1373,20,32,82,1.0039470057431727,1.0015582739302777,-0.069214263432365253,0,0,1,UNSTABLE,2.5861401069743059e-16,8.8916398912289808e-17,1
B3_D2_Original,B3,2,Original,full-grid,1374,20,33,83,1.0037398039694607,1.0013647177824743,-0.069009391049893759,0,0,1,UNSTABLE,3.6517842962633181e-16,8.8916398912289784e-17,1
B3_D2_Original,B3,2,Original,full-grid,1375,20,34,84,1.003520295805459,1.0011581444038886,-0.068813908385138178,0,0,1,UNSTABLE,3.9288070666804368e-16,8.8916398911914101e-17,1
B3_D2_Original,B3,2,Original,full-grid,1376,20,35,85,1.0032887104307104,1.0009387555025155,-0.068628304734951059,0,0,1,UNSTABLE,2.4202387011615245e-16,8.8916398912289808e-17,1
B3_D2_Original,B3,2,Original,full-grid,1377,20,36,86,1.0030452355662662,1.0007067110254715,-0.06845307225223575,0,0,1,UNSTABLE,3.1797754468738758e-16,8.8916398912289808e-17,1
B3_D2_Original,B3,2,Original,full-grid,1378,20,37,87,1.0027900126122073,1.0004621236017868,-0.068288715268293332,0,0,1,UNSTABLE,3.85179485018592e-16,8.8916398912289808e-17,1
B3_D2_Original,B3,2,Original,full-grid,1379,20,38,88,1.0025231315349399,1.0002050526489026,-0.06813576093527042,0,0,1,UNSTABLE,4.3326959505305638e-16,8.8916398911914113e-17,1
B3_D2_Original,B3,2,Original,full-grid,1380,20,39,89,1.0022446253424075,0.99993549795393877,-0.067994771558931563,0,0,1,UNSTABLE,2.2058064731353139e-16,8.8916398912289784e-17,1
B3_D2_Original,B3,2,Original,full-grid,1381,20,40,90,1.0019544639661946,0.99965339251140106,-0.067866359134927709,0,0,1,UNSTABLE,2.8070952270317967e-16,8.8916398912289808e-17,1
B3_D2_Original,B3,2,Original,full-grid,1382,20,41,91,1.0016525473483413,0.99935859436387031,-0.06775120279737025,0,0,1,UNSTABLE,3.5387383619451189e-16,8.8916398912289784e-17,1
B3_D2_Original,B3,2,Original,full-grid,1383,20,42,92,1.0013386975094374,0.99905087715132601,-0.067650070163026738,0,0,1,UNSTABLE,2.0855729069323006e-16,8.8916398911914101e-17,1
B3_D2_Original,B3,2,Original,full-grid,1384,20,43,93,1.0010126493583191,0.99872991903030961,-0.067563843948316243,0,0,1,UNSTABLE,4.2475186015255836e-16,8.8916398912289784e-17,1
B3_D2_Original,B3,2,Original,full-grid,1385,20,44,94,1.0006740400028984,0.99839528958189439,-0.067493555813925854,0,0,1,UNSTABLE,2.6223275680200356e-16,8.8916398912289808e-17,1
B3_D2_Original,B3,2,Original,full-grid,1386,20,45,95,1.0003223963609775,0.9980464343046962,-0.067440430255526485,0,0,1,UNSTABLE,2.0272014968974381e-16,8.8916398912289821e-17,1
B3_D2_Original,B3,2,Original,full-grid,1387,20,46,96,0.99995712100068024,0.99768265632480557,-0.067405942680514558,1,0,-1,STABLE,3.6077903640338014e-16,8.8916398911914113e-17,1
B3_D2_Original,B3,2,Original,full-grid,1388,20,47,97,0.99958121992604554,0.99934348659370476,-0.021799335576551546,1,0,-1,STABLE,1.8293747068606299e-16,8.8916398912289808e-17,1
B3_D2_Original,B3,2,Original,full-grid,1389,20,48,98,0.99965692321165678,0.99942029740471616,-0.021749327816395658,1,0,-1,STABLE,3.5618577609329855e-16,8.8916398912289808e-17,1
B3_D2_Original,B3,2,Original,full-grid,1390,20,49,99,0.99973154172504586,0.99949604972655792,-0.021697974581586604,1,0,-1,STABLE,2.4889362327936512e-16,8.8916398912289784e-17,1
B3_D2_Original,B3,2,Original,full-grid,1391,20,50,100,0.99980504223339672,0.99957070932349368,-0.021645312144945014,1,0,-1,STABLE,2.6989812716209769e-16,8.8916398911914101e-17,1
B3_D2_Original,B3,2,Original,full-grid,1392,20,51,101,0.99987739325920444,0.99964424368574134,-0.02159137829746462,1,0,-1,STABLE,1.9103873090038055e-16,8.8916398912289808e-17,1
B3_D2_Original,B3,2,Original,full-grid,1393,20,52,102,0.99994856517733588,0.99971662212996815,-0.021536212231011258,1,0,-1,STABLE,2.2847179557108586e-16,8.8916398912289808e-17,1
B3_D2_Original,B3,2,Original,full-grid,1394,20,53,103,1.000018530300864,0.99978781588871846,-0.021479854412127936,0,0,1,UNSTABLE,2.5201291526673719e-16,8.8916398912289808e-17,1
B3_D2_Original,B3,2,Original,full-grid,1395,20,54,104,1.0000872629548381,0.99985779818786802,-0.021422346449635966,0,0,1,UNSTABLE,3.8328204830421901e-16,8.8916398911914113e-17,1
B3_D2_Original,B3,2,Original,full-grid,1396,20,55,105,1.0001547395375858,0.99992654431169803,-0.021363730956042156,0,0,1,UNSTABLE,3.0879352913572773e-16,8.8916398912289784e-17,1
B3_D2_Original,B3,2,Original,full-grid,1397,20,56,106,1.000220938569101,0.99999403165508172,-0.02130405140505209,0,0,1,UNSTABLE,4.6023886476650375e-16,8.8916398912289808e-17,1
B3_D2_Original,B3,2,Original,full-grid,1398,20,57,107,1.0002858407264237,1.0000602397626617,-0.021243351986344625,0,0,1,UNSTABLE,2.5673246853500635e-16,8.8916398912289784e-17,1
B3_D2_Original,B3,2,Original,full-grid,1399,20,58,108,1.000349428865952,1.000125150354924,-0.021181677458992933,0,0,1,UNSTABLE,2.1562580921153331e-16,8.8916398911914101e-17,1
B3_D2_Original,B3,2,Original,full-grid,1400,20,59,109,1.0004116880329648,1.0001887473414042,-0.021119073005184483,0,0,1,UNSTABLE,3.9356506094244449e-16,8.8916398912289784e-17,1
B3_D2_Original,B3,2,Original,full-grid,1401,20,60,110,1.0004726054586499,1.0002510168213066,-0.021055584085034121,0,0,1,UNSTABLE,2.5588614805023601e-16,8.8916398912289808e-17,1
B3_D2_Original,B3,2,Original,full-grid,1402,20,61,111,1.0005321705451029,1.0003119470719519,-0.020991256294362659,0,0,1,UNSTABLE,2.2518523167494412e-16,8.8916398912289821e-17,1
B3_D2_Original,B3,2,Original,full-grid,1403,20,62,112,1.0005903748390528,1.0003715285258008,-0.020926135226288417,0,0,1,UNSTABLE,2.4085261174300886e-16,8.8916398911914113e-17,1
B3_D2_Original,B3,2,Original,full-grid,1404,20,63,113,1.0006472119948628,1.0004297537365741,-0.020860266337456371,0,0,1,UNSTABLE,3.0225442479814979e-16,8.8916398912289808e-17,1
B3_D2_Original,B3,2,Original,full-grid,1405,20,64,114,1.0007026777277994,1.000486617335437,-0.02079369482037181,0,0,1,UNSTABLE,3.1941797907601421e-16,8.8916398912289808e-17,1
B3_D2_Original,B3,2,Original,full-grid,1406,20,65,115,1.0007567697583661,1.0005421159780448,-0.020726465481998243,0,0,1,UNSTABLE,3.026463242417943e-16,8.8916398912289784e-17,1
B3_D2_Original,B3,2,Original,full-grid,1407,20,66,116,1.0008094877486589,1.000596248283375,-0.020658622629972274,0,0,1,UNSTABLE,3.7302470413812557e-16,8.8916398911914101e-17,1
B3_D2_Original,B3,2,Original,full-grid,1408,21,0,51,1.0034441457848262,1.0005781726350751,-0.075785712084097137,0,0,1,UNSTABLE,1.6220391618256784e-16,8.1425379867225199e-17,1
B3_D2_Original,B3,2,Original,full-grid,1409,21,1,52,1.0036896068284404,1.0008317262436588,-0.075688061142872992,0,0,1,UNSTABLE,3.6097126322320578e-16,8.8916398911914089e-17,1
B3_D2_Original,B3,2,Original,full-grid,1410,21,2,53,1.003925755098557,1.0010770956587243,-0.075574931675135057,0,0,1,UNSTABLE,2.3121463982332599e-16,8.8916398912289821e-17,1
B3_D2_Original,B3,2,Original,full-grid,1411,21,3,54,1.0041518600015829,1.0013134950397946,-0.075446952197089287,0,0,1,UNSTABLE,2.6471749655849515e-16,8.8916398912289808e-17,1
B3_D2_Original,B3,2,Original,full-grid,1412,21,4,55,1.0043672213112664,1.0015401675099913,-0.075304768166253491,0,0,1,UNSTABLE,4.0161415754213259e-16,8.8916398912289784e-17,1
B3_D2_Original,B3,2,Original,full-grid,1413,21,5,56,1.0045711669488115,1.0017563826705302,-0.075149046858570323,0,0,1,UNSTABLE,3.3094634087090727e-16,8.8916398911914126e-17,1
B3_D2_Original,B3,2,Original,full-grid,1414,21,6,57,1.0047630529569089,1.0019614363175009,-0.074980482259444856,0,0,1,UNSTABLE,3.0825094852627003e-16,8.8916398912289784e-17,1
B3_D2_Original,B3,2,Original,full-grid,1415,21,7,58,1.0049422654050346,1.0021546521375728,-0.07479979944106202,0,0,1,UNSTABLE,3.5449675903007696e-16,8.8916398912289808e-17,1
B3_D2_Original,B3,2,Original,full-grid,1416,21,8,59,1.0051082238821589,1.0023353850701207,-0.074607757987229156,0,0,1,UNSTABLE,1.7644561085330891e-16,8.8916398912289784e-17,1
B3_D2_Original,B3,2,Original,full-grid,1417,21,9,60,1.0052603861720193,1.0025030259536589,-0.074405154125738948,0,0,1,UNSTABLE,2.9990822679256611e-16,8.8916398911914101e-17,1
B3_D2_Original,B3,2,Original,full-grid,1418,21,10,61,1.0053982536675736,1.0026570070268859,-0.074192821335315837,0,0,1,UNSTABLE,2.4997561822351184e-16,8.8916398912289808e-17,1
B3_D2_Original,B3,2,Original,full-grid,1419,21,11,62,1.005521377065302,1.0027968078294545,-0.07397162930716894,0,0,1,UNSTABLE,2.9164713248240183e-16,8.8916398912289784e-17,1
B3_D2_Original,B3,2,Original,full-grid,1420,21,12,63,1.0056293618902283,1.0029219610488316,-0.073742481255472406,0,0,1,UNSTABLE,4.138107310908146e-16,8.8916398912289796e-17,1
B3_D2_Original,B3,2,Original,full-grid,1421,21,13,64,1.0057218734383582,1.0030320578873735,-0.073506309678703696,0,0,1,UNSTABLE,2.7393553589326313e-16,8.8916398911914113e-17,1
B3_D2_Original,B3,2,Original,full-grid,1422,21,14,65,1.0057986407818114,1.0031267525754641,-0.073264070771030115,0,0,1,UNSTABLE,3.6806419184049226e-16,8.8916398912289784e-17,1
B3_D2_Original,B3,2,Original,full-grid,1423,21,15,66,1.0058594595603454,1.0032057657300224,-0.073016737759703493,0,0,1,UNSTABLE,3.7324098025575625e-16,8.8916398912289784e-17,1
B3_D2_Original,B3,2,Original,full-grid,1424,21,16,67,1.0059041933733321,1.0032688863450292,-0.072765293499433212,0,0,1,UNSTABLE,2.1998119026210235e-16,8.8916398912289808e-17,1
B3_D2_Original,B3,2,Original,full-grid,1425,21,17,68,1.0059327736823152,1.0033159722960414,-0.072510722681855266,0,0,1,UNSTABLE,3.2958992723237757e-16,8.8916398911914089e-17,1
B3_D2_Original,B3,2,Original,full-grid,1426,21,18,69,1.0059451982266543,1.003346949334273,-0.072254004019642284,0,0,1,UNSTABLE,1.8854126586996542e-16,8.8916398912289821e-17,1
B3_D2_Original,B3,2,Original,full-grid,1427,21,19,70,1.0059415280379922,1.0033618086320399,-0.071996102742111601,0,0,1,UNSTABLE,3.2473461611447933e-16,8.8916398912289808e-17,1
B3_D2_Original,B3,2,Original,full-grid,1428,21,20,71,1.0059218832062387,1.0033606030125888,-0.071737963697053903,0,0,1,UNSTABLE,2.3951622556902498e-16,8.8916398912289784e-17,1
B3_D2_Original,B3,2,Original,full-grid,1429,21,21,72,1.0058864375983161,1.0033434420509155,-0.071480505297961863,0,0,1,UNSTABLE,3.665001384242894e-16,8.8916398911914126e-17,1
B3_D2_Original,B3,2,Original,full-grid,1430,21,22,73,1.0058354127593088,1.0033104862658166,-0.071224614493443111,0,0,1,UNSTABLE,2.4530270211423934e-16,8.8916398912289784e-17,1
B3_D2_Original,B3,2,Original,full-grid,1431,21,23,74,1.0057690712348026,1.0032619406375805,-0.07097114287253449,0,0,1,UNSTABLE,3.1639063516667298e-16,8.8916398912289808e-17,1
B3_D2_Original,B3,2,Original,full-grid,1432,21,24,75,1.0056877095460646,1.0031980476829996,-0.070720903960763914,0,0,1,UNSTABLE,2.1195788591127985e-16,8.8916398912289784e-17,1
B3_D2_Original,B3,2,Original,full-grid,1433,21,25,76,1.0055916510292973,1.0031190803025223,-0.070474671711545214,0,0,1,UNSTABLE,2.8483741913496982e-16,8.8916398911914101e-17,1
B3_D2_Original,B3,2,Original,full-grid,1434,21,26,77,1.0054812387207825,1.003025334587506,-0.070233180157962607,0,0,1,UNSTABLE,2.2629806152184758e-16,8.8916398912289808e-17,1
B3_D2_Original,B3,2,Original,full-grid,1435,21,27,78,1.0053568284348997,1.0029171227422946,-0.069997124162337665,0,0,1,UNSTABLE,2.7337828926383617e-16,8.8916398912289784e-17,1
B3_D2_Original,B3,2,Original,full-grid,1436,21,28,79,1.0052187821456633,1.0027947662401324,-0.069767161184961901,0,0,1,UNSTABLE,2.7381515132072455e-16,8.8916398912289796e-17,1
B3_D2_Original,B3,2,Original,full-grid,1437,21,29,80,1.0050674617462785,1.0026585892955353,-0.069543913989609116,0,0,1,UNSTABLE,2.4044905760197631e-16,8.8916398911914113e-17,1
B3_D2_Original,B3,2,Original,full-grid,1438,21,30,81,1.0049032232285628,1.0025089127022071,-0.069327974208059362,0,0,1,UNSTABLE,2.5753750055744688e-16,8.8916398912289784e-17,1
B3_D2_Original,B3,2,Original,full-grid,1439,21,31,82,1.0047264112950594,1.0023460480550053,-0.069119906701051878,0,0,1,UNSTABLE,2.8518054507657604e-16,8.8916398912289784e-17,1
B3_D2_Original,B3,2,Original,full-grid,1440,21,32,83,1.00453735439231,1.0021702923480906,-0.068920254674832787,0,0,1,UNSTABLE,4.3756772477349323e-16,8.8916398912289808e-17,1
B3_D2_Original,B3,2,Original,full-grid,1441,21,33,84,1.0043363601347963,1.0019819229199896,-0.068729545541719436,0,0,1,UNSTABLE,2.978743885555018e-16,8.8916398911914089e-17,1
B3_D2_Original,B3,2,Original,full-grid,1442,21,34,85,1.0041237110743779,1.0017811926986959,-0.068548297549678228,0,0,1,UNSTABLE,2.9957255306037078e-16,8.8916398912289821e-17,1
B3_D2_Original,B3,2,Original,full-grid,1443,21,35,86,1.0038996607602668,1.0015683256868253,-0.068377027249421074,0,0,1,UNSTABLE,3.3688167446947685e-16,8.8916398912289808e-17,1
B3_D2_Original,B3,2,Original,full-grid,1444,21,36,87,1.0036644300297635,1.0013435126180332,-0.068216257921032281,0,0,1,UNSTABLE,2.9362012760357611e-16,8.8916398912289784e-17,1
B3_D2_Original,B3,2,Original,full-grid,1445,21,37,88,1.0034182034690382,1.0011069067101559,-0.068066529147998225,0,0,1,UNSTABLE,3.2034432309564038e-16,8.8916398911914126e-17,1
B3_D2_Original,B3,2,Original,full-grid,1446,21,38,89,1.0031611259891589,1.0008586194405575,-0.067928407808357974,0,0,1,UNSTABLE,2.4460569365214115e-16,8.8916398912289784e-17,1
B3_D2_Original,B3,2,Original,full-grid,1447,21,39,90,1.0028932994749198,1.000598716273859,-0.067802500859455703,0,0,1,UNSTABLE,3.5320994319668027e-16,8.8916398912289808e-17,1
B3_D2_Original,B3,2,Original,full-grid,1448,21,40,91,1.0026147794882674,1.0003272122864768,-0.067689470432799465,0,0,1,UNSTABLE,2.4474315364770346e-16,8.8916398912289784e-17,1
B3_D2_Original,B3,2,Original,full-grid,1449,21,41,92,1.0023255720498079,1.0000440676605469,-0.067590051944958679,0,0,1,UNSTABLE,2.593109079114273e-16,8.8916398911914101e-17,1
B3_D2_Original,B3,2,Original,full-grid,1450,21,42,93,1.0020256305928663,0.99974918307215388,-0.067505076191293201,0,0,1,UNSTABLE,2.5077842876051373e-16,8.8916398912289808e-17,1
B3_D2_Original,B3,2,Original,full-grid,1451,21,43,94,1.0017148533053251,0.99944239509327926,-0.067435496755924321,0,0,1,UNSTABLE,2.7227950271283245e-16,8.8916398912289784e-17,1
B3_D2_Original,B3,2,Original,full-grid,1452,21,44,95,1.0013930812810368,0.99912347189594597,-0.067382424593657494,0,0,1,UNSTABLE,5.1413019099072449e-16,8.8916398912289796e-17,1
B3_D2_Original,B3,2,Original,full-grid,1453,21,45,96,1.0010600982597619,0.9987921098496817,-0.06734717239695788,0,0,1,UNSTABLE,3.8166701352417806e-16,8.8916398911914113e-17,1
B3_D2_Original,B3,2,Original,full-grid,1454,21,46,97,1.0007156333606679,0.99844793214924143,-0.067331312473071517,0,0,1,UNSTABLE,2.6776644660338297e-16,8.8916398912289784e-17,1
B3_D2_Original,B3,2,Original,full-grid,1455,21,47,98,1.000359369329415,0.99809049160484187,-0.067336753509137481,0,0,1,UNSTABLE,4.5187610601601396e-16,8.8916398912289784e-17,1
B3_D2_Original,B3,2,Original,full-grid,1456,21,48,99,0.99999096084338535,0.9977192815715179,-0.067365844082080975,1,0,-1,STABLE,3.1888705670506731e-16,8.8916398912289808e-17,1
B3_D2_Original,B3,2,Original,full-grid,1457,21,49,100,0.99973488625866291,0.99949945891567737,-0.021695032378166078,1,0,-1,STABLE,3.8761860880133155e-16,8.8916398911914089e-17,1
B3_D2_Original,B3,2,Original,full-grid,1458,21,50,101,0.99980827793531246,0.99957400982913436,-0.021642354356233559,1,0,-1,STABLE,4.021721068805912e-16,8.8916398912289821e-17,1
B3_D2_Original,B3,2,Original,full-grid,1459,21,51,102,0.99988052137343442,0.99964743665613165,-0.021588409131671402,1,0,-1,STABLE,2.960756635453479e-16,8.8916398912289808e-17,1
B3_D2_Original,B3,2,Original,full-grid,1460,21,52,103,0.99995158713854582,0.99971970890784467,-0.021533235755719762,1,0,-1,STABLE,4.4459240009995908e-16,8.8916398912289784e-17,1
B3_D2_Original,B3,2,Original,full-grid,1461,21,53,104,1.000021447720798,0.99979079799796322,-0.021476874544422486,0,0,1,UNSTABLE,1.7809990275606291e-16,8.8916398911914126e-17,1
B3_D2_Original,B3,2,Original,full-grid,1462,21,54,105,1.0000900776082424,0.9998606773196157,-0.02141936694722358,0,0,1,UNSTABLE,4.6818054641652375e-16,8.8916398912289784e-17,1
B3_D2_Original,B3,2,Original,full-grid,1463,21,55,106,1.0001574533477686,0.9999293223100375,-0.021360755409932815,0,0,1,UNSTABLE,4.366334562439753e-16,8.8916398912289808e-17,1
B3_D2_Original,B3,2,Original,full-grid,1464,21,56,107,1.0002235535932582,0.99999671050249139,-0.021301083233530971,0,0,1,UNSTABLE,2.9514878024430016e-16,8.8916398912289784e-17,1
B3_D2_Original,B3,2,Original,full-grid,1465,21,57,108,1.0002883591409071,1.0000628215653524,-0.021240394430293276,0,0,1,UNSTABLE,3.7261638979263493e-16,8.8916398911914101e-17,1
B3_D2_Original,B3,2,Original,full-grid,1466,21,58,109,1.0003518529515945,1.0001276373282058,-0.021178733578504628,0,0,1,UNSTABLE,1.8726532598085805e-16,8.8916398912289808e-17,1
B3_D2_Original,B3,2,Original,full-grid,1467,21,59,110,1.0004140201606035,1.0001911417952203,-0.021116145677512365,0,0,1,UNSTABLE,2.5549241021262266e-16,8.8916398912289784e-17,1
B3_D2_Original,B3,2,Original,full-grid,1468,21,60,111,1.0004748480748997,1.0002533211459885,-0.021052676003629617,0,0,1,UNSTABLE,3.0834604127796699e-16,8.8916398912289796e-17,1
B3_D2_Original,B3,2,Original,full-grid,1469,21,61,112,1.000534326158625,1.0003141637244397,-0.020988369969316918,0,0,1,UNSTABLE,2.4691186368572229e-16,8.8916398911914113e-17,1
B3_D2_Original,B3,2,Original,full-grid,1470,21,62,113,1.0005924460072411,1.00037366001626,-0.020923272985498342,0,0,1,UNSTABLE,3.7894593064925759e-16,8.8916398912289784e-17,1
B3_D2_Original,B3,2,Original,full-grid,1471,21,63,114,1.0006492013111705,1.0004318026156263,-0.020857430329073057,0,0,1,UNSTABLE,3.6125846996577207e-16,8.8916398912289784e-17,1
B3_D2_Original,B3,2,Original,full-grid,1472,21,64,115,1.0007045878096856,1.0004885861819917,-0.020790887016004733,0,0,1,UNSTABLE,4.4110546025982289e-16,8.8916398912289808e-17,1
B3_D2_Original,B3,2,Original,full-grid,1473,21,65,116,1.0007586032359497,1.0005440073878231,-0.020723687680638113,0,0,1,UNSTABLE,2.7877651183748143e-16,8.8916398911914089e-17,1
B3_D2_Original,B3,2,Original,full-grid,1474,21,66,117,1.0008112472541368,1.0005980648581789,-0.020655876462846855,0,0,1,UNSTABLE,3.0368889080189882e-16,8.8916398912289821e-17,1
B3_D2_Original,B3,2,Original,full-grid,1475,22,0,52,1.004176136261085,1.0013666362567872,-0.075063789059760952,0,0,1,UNSTABLE,2.3812386394127846e-16,8.1425379867202852e-17,1
B3_D2_Original,B3,2,Original,full-grid,1476,22,1,53,1.0044033253586029,1.0016016610633502,-0.074967676678402054,0,0,1,UNSTABLE,2.9169418899685597e-16,8.8916398912289808e-17,1
B3_D2_Original,B3,2,Original,full-grid,1477,22,2,54,1.0046218699655567,1.0018290514567938,-0.074857553194536422,0,0,1,UNSTABLE,3.0439643581648304e-16,8.8916398912289808e-17,1
B3_D2_Original,B3,2,Original,full-grid,1478,22,3,55,1.0048311187128538,1.0020481100848024,-0.074733942818513907,0,0,1,UNSTABLE,4.1959170379458106e-16,8.8916398912289808e-17,1
B3_D2_Original,B3,2,Original,full-grid,1479,22,4,56,1.0050304369520036,1.0022581548352305,-0.07459738779752613,0,0,1,UNSTABLE,2.4890482794724107e-16,8.8916398911914113e-17,1
B3_D2_Original,B3,2,Original,full-grid,1480,22,5,57,1.0052192062481446,1.0024585179975345,-0.074448454009043652,0,0,1,UNSTABLE,3.6841582403316664e-16,8.8916398912289808e-17,1
B3_D2_Original,B3,2,Original,full-grid,1481,22,6,58,1.0053968257665076,1.0026485473475535,-0.074287736290792508,0,0,1,UNSTABLE,4.5962624885080441e-16,8.8916398912289808e-17,1
B3_D2_Original,B3,2,Original,full-grid,1482,22,7,59,1.0055627153141162,1.0028276089477819,-0.074115863092681783,0,0,1,UNSTABLE,3.8788406145575895e-16,8.8916398912289784e-17,1
B3_D2_Original,B3,2,Original,full-grid,1483,22,8,60,1.0057163197350434,1.0029950913859393,-0.073933500100503036,0,0,1,UNSTABLE,2.2180869234267534e-16,8.8916398911914101e-17,1
B3_D2_Original,B3,2,Original,full-grid,1484,22,9,61,1.0058571143072996,1.0031504111179057,-0.073741352554620387,0,0,1,UNSTABLE,3.3882595423223502e-16,8.8916398912289808e-17,1
B3_D2_Original,B3,2,Original,full-grid,1485,22,10,62,1.0059846107529964,1.0032930185374567,-0.073540166071721896,0,0,1,UNSTABLE,3.1900444079699435e-16,8.8916398912289808e-17,1
B3_D2_Original,B3,2,Original,full-grid,1486,22,11,63,1.0060983634561989,1.0034224043704931,-0.073330725869720559,0,0,1,UNSTABLE,3.4416551042992081e-16,8.8916398912289821e-17,1
B3_D2_Original,B3,2,Original,full-grid,1487,22,12,64,1.0061979754862811,1.0035381059872654,-0.073113854392874697,0,0,1,UNSTABLE,3.0728838902321808e-16,8.8916398911914113e-17,1
B3_D2_Original,B3,2,Original,full-grid,1488,22,13,65,1.006283104050897,1.0036397132453236,-0.072890407428911189,0,0,1,UNSTABLE,2.5744703905608238e-16,8.8916398912289808e-17,1
B3_D2_Original,B3,2,Original,full-grid,1489,22,14,66,1.006353465050394,1.0037268735174771,-0.072661268897295336,0,0,1,UNSTABLE,2.6876185062827039e-16,8.8916398912289808e-17,1
B3_D2_Original,B3,2,Original,full-grid,1490,22,15,67,1.0064088364719386,1.0037992956208175,-0.072427344559577514,0,0,1,UNSTABLE,2.4792647641664269e-16,8.8916398912289808e-17,1
B3_D2_Original,B3,2,Original,full-grid,1491,22,16,68,1.0064490604409917,1.0038567524391495,-0.072189554956925292,0,0,1,UNSTABLE,4.8229536429606196e-16,8.8916398911914101e-17,1
B3_D2_Original,B3,2,Original,full-grid,1492,22,17,69,1.0064740438343542,1.0038990821167459,-0.071948827908677765,0,0,1,UNSTABLE,4.1239941264707021e-16,8.8916398912289808e-17,1
B3_D2_Original,B3,2,Original,full-grid,1493,22,18,70,1.0064837574443124,1.0039261877873487,-0.071706090912715986,0,0,1,UNSTABLE,5.411743955452345e-16,8.8916398912289808e-17,1
B3_D2_Original,B3,2,Original,full-grid,1494,22,19,71,1.0064782337621403,1.0039380358834722,-0.071462263771823659,0,0,1,UNSTABLE,3.3649998161095938e-16,8.8916398912289808e-17,1
B3_D2_Original,B3,2,Original,full-grid,1495,22,20,72,1.0064575635147062,1.0039346531402285,-0.071218251734846472,0,0,1,UNSTABLE,2.3016877302584603e-16,8.8916398911914113e-17,1
B3_D2_Original,B3,2,Original,full-grid,1496,22,21,73,1.0064218911370395,1.0039161224614035,-0.070974939393530292,0,0,1,UNSTABLE,4.4870881021174936e-16,8.8916398912289808e-17,1
B3_D2_Original,B3,2,Original,full-grid,1497,22,22,74,1.0063714093951683,1.003882577851829,-0.070733185518426847,0,0,1,UNSTABLE,4.1660920521651345e-16,8.8916398912289808e-17,1
B3_D2_Original,B3,2,Original,full-grid,1498,22,23,75,1.0063063533864753,1.0038341986376598,-0.070493818959348933,0,0,1,UNSTABLE,2.7421070605194074e-16,8.8916398912289784e-17,1
B3_D2_Original,B3,2,Original,full-grid,1499,22,24,76,1.0062269941429069,1.0037712031985131,-0.070257635679539854,0,0,1,UNSTABLE,3.6083702386310521e-16,8.8916398911914101e-17,1
B3_D2_Original,B3,2,Original,full-grid,1500,22,25,77,1.0061336320467194,1.0036938424232502,-0.070025396944072199,0,0,1,UNSTABLE,3.171057067349641e-16,8.8916398912289808e-17,1
B3_D2_Original,B3,2,Original,full-grid,1501,22,26,78,1.0060265902442254,1.0036023930796032,-0.069797828643274315,0,0,1,UNSTABLE,2.4594924771318657e-16,8.8916398912289808e-17,1
B3_D2_Original,B3,2,Original,full-grid,1502,22,27,79,1.0059062082124715,1.0034971512590234,-0.069575621703413304,0,0,1,UNSTABLE,2.4696266349748887e-16,8.8916398912289821e-17,1
B3_D2_Original,B3,2,Original,full-grid,1503,22,28,80,1.0057728356015241,1.0033784260266936,-0.069359433519352615,0,0,1,UNSTABLE,2.893770373225858e-16,8.8916398911914113e-17,1
B3_D2_Original,B3,2,Original,full-grid,1504,22,29,81,1.0056268264424058,1.0032465333740219,-0.069149890337094067,0,0,1,UNSTABLE,4.2702799277595274e-16,8.8916398912289808e-17,1
B3_D2_Original,B3,2,Original,full-grid,1505,22,30,82,1.0054685337814981,1.0031017905410142,-0.06894759051719368,0,0,1,UNSTABLE,2.9310795972678588e-16,8.8916398912289808e-17,1
B3_D2_Original,B3,2,Original,full-grid,1506,22,31,83,1.0052983047760271,1.0029445107484141,-0.068753108621924325,0,0,1,UNSTABLE,3.0335032937424109e-16,8.8916398912289808e-17,1
B3_D2_Original,B3,2,Original,full-grid,1507,22,32,84,1.0051164762650335,1.0027749983575038,-0.06856700028837559,0,0,1,UNSTABLE,2.5453177655789955e-16,8.8916398911914101e-17,1
B3_D2_Original,B3,2,Original,full-grid,1508,22,33,85,1.0049233708149397,1.0025935444579104,-0.068389807876501257,0,0,1,UNSTABLE,2.9739834598431003e-16,8.8916398912289808e-17,1
B3_D2_Original,B3,2,Original,full-grid,1509,22,34,86,1.0047192932301459,1.0024004228724337,-0.068222066914228649,0,0,1,UNSTABLE,3.2744754768897269e-16,8.8916398912289808e-17,1
B3_D2_Original,B3,2,Original,full-grid,1510,22,35,87,1.0045045275164863,1.0021958865621823,-0.068064313402551771,0,0,1,UNSTABLE,4.0962130227426218e-16,8.8916398912289808e-17,1
B3_D2_Original,B3,2,Original,full-grid,1511,22,36,88,1.0042793342905334,1.0019801644168078,-0.06791709209252067,0,0,1,UNSTABLE,3.2032313543330327e-16,8.8916398911914113e-17,1
B3_D2_Original,B3,2,Original,full-grid,1512,22,37,89,1.004043948641268,1.0017534584238208,-0.067780965905359439,0,0,1,UNSTABLE,3.7257126213756198e-16,8.8916398912289808e-17,1
B3_D2_Original,B3,2,Original,full-grid,1513,22,38,90,1.0037985784751715,1.0015159412301315,-0.067656526741318251,0,0,1,UNSTABLE,2.4999112040849677e-16,8.8916398912289808e-17,1
B3_D2_Original,B3,2,Original,full-grid,1514,22,39,91,1.0035434034156443,1.0012677541421948,-0.0675444080150224,0,0,1,UNSTABLE,3.1803740846234819e-16,8.8916398912289784e-17,1
B3_D2_Original,B3,2,Original,full-grid,1515,22,40,92,1.0032785743889594,1.0010090056638554,-0.06744529937513967,0,0,1,UNSTABLE,3.0518351463554825e-16,8.8916398911914101e-17,1
B3_D2_Original,B3,2,Original,full-grid,1516,22,41,93,1.0030042141231283,1.000739770754008,-0.067359964221855612,0,0,1,UNSTABLE,2.5135642420296971e-16,8.8916398912289808e-17,1
B3_D2_Original,B3,2,Original,full-grid,1517,22,42,94,1.0027204189310182,1.0004600911163002,-0.067289260842729876,0,0,1,UNSTABLE,2.7106747096266096e-16,8.8916398912289808e-17,1
B3_D2_Original,B3,2,Original,full-grid,1518,22,43,95,1.0024272623738055,1.0001699770378436,-0.067234168265562458,0,0,1,UNSTABLE,3.0659617122720561e-16,8.8916398912289821e-17,1
B3_D2_Original,B3,2,Original,full-grid,1519,22,44,96,1.0021248017548241,0.99986941162082799,-0.067195818301177102,0,0,1,UNSTABLE,5.1267802117795357e-16,8.8916398911914113e-17,1
B3_D2_Original,B3,2,Original,full-grid,1520,22,45,97,1.0018130889585533,0.99955835877883392,-0.067175535755528967,0,0,1,UNSTABLE,3.1796106024792557e-16,8.8916398912289808e-17,1
B3_D2_Original,B3,2,Original,full-grid,1521,22,46,98,1.0014921880644982,0.99923677723500792,-0.067174889469292037,0,0,1,UNSTABLE,3.8008106911469386e-16,8.8916398912289808e-17,1
B3_D2_Original,B3,2,Original,full-grid,1522,22,47,99,1.0011622036700649,0.9989046441978866,-0.067195757733612305,0,0,1,UNSTABLE,2.7046359098415102e-16,8.8916398912289808e-17,1
B3_D2_Original,B3,2,Original,full-grid,1523,22,48,100,1.0008233263688855,0.99856199481984653,-0.067240412740329644,0,0,1,UNSTABLE,3.2288258804636345e-16,8.8916398911914101e-17,1
B3_D2_Original,B3,2,Original,full-grid,1524,22,49,101,1.0004759060802262,0.9982089876978848,-0.067311629947681029,0,0,1,UNSTABLE,4.5411234927801258e-16,8.8916398912289808e-17,1
B3_D2_Original,B3,2,Original,full-grid,1525,22,50,102,1.0001205711910419,0.99784601386634164,-0.067412829124347901,0,0,1,UNSTABLE,2.6810688902274141e-16,8.8916398912289808e-17,1
B3_D2_Original,B3,2,Original,full-grid,1526,22,51,103,0.99988366669050932,0.99965064713053498,-0.021585425776670015,1,0,-1,STABLE,4.1388111093967107e-16,8.8916398912289808e-17,1
B3_D2_Original,B3,2,Original,full-grid,1527,22,52,104,0.99995462564080662,0.99972281252867745,-0.021530245010141325,1,0,-1,STABLE,2.2745322032095816e-16,8.8916398911914113e-17,1
B3_D2_Original,B3,2,Original,full-grid,1528,22,53,105,1.0000243810313001,0.99979379629987952,-0.021473880350551547,0,0,1,UNSTABLE,6.0151510852789518e-16,8.8916398912289808e-17,1
B3_D2_Original,B3,2,Original,full-grid,1529,22,54,106,1.0000929075139293,0.99986357200543396,-0.021416373086938712,0,0,1,UNSTABLE,3.3102398151559815e-16,8.8916398912289808e-17,1
B3_D2_Original,B3,2,Original,full-grid,1530,22,55,107,1.000160181784941,0.99993211523635583,-0.021357765497207918,0,0,1,UNSTABLE,2.671846326585243e-16,8.8916398912289784e-17,1
B3_D2_Original,B3,2,Original,full-grid,1531,22,56,108,1.0002261826328593,0.99999940366507767,-0.021298100708543027,0,0,1,UNSTABLE,5.5073534516233791e-16,8.8916398911914101e-17,1
B3_D2_Original,B3,2,Original,full-grid,1532,22,57,109,1.0002908909736703,1.0000654170843715,-0.021237422554562145,0,0,1,UNSTABLE,4.1542161089732959e-16,8.8916398912289808e-17,1
B3_D2_Original,B3,2,Original,full-grid,1533,22,58,110,1.0003542898733127,1.0001301374335259,-0.021175775431761169,0,0,1,UNSTABLE,4.6925949708995814e-16,8.8916398912289808e-17,1
B3_D2_Original,B3,2,Original,full-grid,1534,22,59,111,1.0004163645575206,1.0001935488118199,-0.021113204155309494,0,0,1,UNSTABLE,3.5812544305919559e-16,8.8916398912289821e-17,1
B3_D2_Original,B3,2,Original,full-grid,1535,22,60,112,1.0004771024095096,1.0002556374797305,-0.021049753816762332,0,0,1,UNSTABLE,2.7576236586524107e-16,8.8916398911914113e-17,1
B3_D2_Original,B3,2,Original,full-grid,1536,22,61,113,1.0005364929557634,1.0003163918481208,-0.020985469643903808,0,0,1,UNSTABLE,3.9617110114044791e-16,8.8916398912289808e-17,1
B3_D2_Original,B3,2,Original,full-grid,1537,22,62,114,1.0005945278407571,1.0003758024562091,-0.02092039686438265,0,0,1,UNSTABLE,3.2027265656930125e-16,8.8916398912289808e-17,1
B3_D2_Original,B3,2,Original,full-grid,1538,22,63,115,1.0006512007911583,1.0004338619388387,-0.020854580574245996,0,0,1,UNSTABLE,4.0877213063714081e-16,8.8916398912289808e-17,1
B3_D2_Original,B3,2,Original,full-grid,1539,22,64,116,1.000706507570382,1.0004905649839153,-0.020788065611721258,0,0,1,UNSTABLE,4.1586475981003879e-16,8.8916398911914101e-17,1
B3_D2_Original,B3,2,Original,full-grid,1540,22,65,117,1.0007604459243182,1.0005459082808044,-0.020720896437661642,0,0,1,UNSTABLE,4.5523744946036968e-16,8.8916398912289808e-17,1
B3_D2_Original,B3,2,Original,full-grid,1541,22,66,118,1.0008130155192263,1.0005998904606788,-0.02065311702296992,0,0,1,UNSTABLE,2.4259482127091555e-16,8.8916398912289808e-17,1
B3_D2_Original,B3,2,Original,full-grid,1542,23,0,53,1.0048337596252215,1.0020850167699922,-0.074273169096531297,0,0,1,UNSTABLE,2.9712171216304006e-16,8.1425379867225199e-17,1
B3_D2_Original,B3,2,Original,full-grid,1543,23,1,54,1.0050443754292722,1.0023030370587245,-0.074180984658287388,0,0,1,UNSTABLE,2.9356427837969681e-16,8.8916398912289833e-17,1
B3_D2_Original,B3,2,Original,full-grid,1544,23,2,55,1.0052471037720849,1.002514080713667,-0.07407602589904741,0,0,1,UNSTABLE,2.7415694730290523e-16,8.8916398912289821e-17,1
B3_D2_Original,B3,2,Original,full-grid,1545,23,3,56,1.0054413471694676,1.002717512480521,-0.07395872337209855,0,0,1,UNSTABLE,3.0733079547393394e-16,8.8916398911914101e-17,1
B3_D2_Original,B3,2,Original,full-grid,1546,23,4,57,1.005626515362803,1.0029127026835134,-0.073829527946375109,0,0,1,UNSTABLE,2.3964260435173325e-16,8.8916398912289784e-17,1
B3_D2_Original,B3,2,Original,full-grid,1547,23,5,58,1.0058020260149876,1.0030990275727389,-0.073688916523989886,0,0,1,UNSTABLE,2.6376576159888662e-16,8.8916398912289808e-17,1
B3_D2_Original,B3,2,Original,full-grid,1548,23,6,59,1.0059673070274031,1.003275871331017,-0.073537397376804189,0,0,1,UNSTABLE,2.8356948060330276e-16,8.8916398912289784e-17,1
B3_D2_Original,B3,2,Original,full-grid,1549,23,7,60,1.0061218002801349,1.0034426295667989,-0.073375514764855959,0,0,1,UNSTABLE,3.3646836419405919e-16,8.8916398911914101e-17,1
B3_D2_Original,B3,2,Original,full-grid,1550,23,8,61,1.0062649665426291,1.0035987140604696,-0.073203852543498704,0,0,1,UNSTABLE,4.312197486715772e-16,8.8916398912289808e-17,1
B3_D2_Original,B3,2,Original,full-grid,1551,23,9,62,1.0063962912551818,1.0037435584796666,-0.073023036521095402,0,0,1,UNSTABLE,3.4553209096033297e-16,8.8916398912289808e-17,1
B3_D2_Original,B3,2,Original,full-grid,1552,23,10,63,1.0065152908446025,1.0038766247364359,-0.072833735396282309,0,0,1,UNSTABLE,2.2358603705051413e-16,8.8916398912289821e-17,1
B3_D2_Original,B3,2,Original,full-grid,1553,23,11,64,1.0066215192163575,1.0039974096317319,-0.07263666018079154,0,0,1,UNSTABLE,3.7710129586466868e-16,8.8916398911914113e-17,1
B3_D2_Original,B3,2,Original,full-grid,1554,23,12,65,1.0067145740616297,1.0041054514223655,-0.072432562097277942,0,0,1,UNSTABLE,1.7400257017595417e-16,8.8916398912289808e-17,1
B3_D2_Original,B3,2,Original,full-grid,1555,23,13,66,1.0067941026352565,1.0042003359567078,-0.072222229026572118,0,0,1,UNSTABLE,4.8837772259447879e-16,8.8916398912289808e-17,1
B3_D2_Original,B3,2,Original,full-grid,1556,23,14,67,1.0068598066978249,1.0042817020570882,-0.072006480659032909,0,0,1,UNSTABLE,3.0568183365360715e-16,8.8916398912289808e-17,1
B3_D2_Original,B3,2,Original,full-grid,1557,23,15,68,1.0069114463708135,1.0043492458779497,-0.07178616257300216,0,0,1,UNSTABLE,2.4695804924155351e-16,8.8916398911914101e-17,1
B3_D2_Original,B3,2,Original,full-grid,1558,23,16,69,1.0069488427232702,1.004402724035238,-0.071562139517532236,0,0,1,UNSTABLE,1.7817395983960017e-16,8.8916398912289808e-17,1
B3_D2_Original,B3,2,Original,full-grid,1559,23,17,70,1.0069718789861462,1.0044419553788075,-0.071335288207782857,0,0,1,UNSTABLE,3.5206264868597291e-16,8.8916398912289821e-17,1
B3_D2_Original,B3,2,Original,full-grid,1560,23,18,71,1.0069805003697052,1.004466821359123,-0.071106489953598778,0,0,1,UNSTABLE,2.6984772374391759e-16,8.8916398912289808e-17,1
B3_D2_Original,B3,2,Original,full-grid,1561,23,19,72,1.0069747125336577,1.0044772650155802,-0.070876623431582547,0,0,1,UNSTABLE,2.3117288583254155e-16,8.8916398911914101e-17,1
B3_D2_Original,B3,2,Original,full-grid,1562,23,20,73,1.0069545788241987,1.0044732886813956,-0.070646557882184491,0,0,1,UNSTABLE,3.0514547437618375e-16,8.8916398912289784e-17,1
B3_D2_Original,B3,2,Original,full-grid,1563,23,21,74,1.0069202164417581,1.0044549505534734,-0.070417146972425557,0,0,1,UNSTABLE,2.0742366601118494e-16,8.8916398912289808e-17,1
B3_D2_Original,B3,2,Original,full-grid,1564,23,22,75,1.0068717917374286,1.0044223603142228,-0.070189223512909904,0,0,1,UNSTABLE,4.005804700623778e-16,8.8916398912289784e-17,1
B3_D2_Original,B3,2,Original,full-grid,1565,23,23,76,1.0068095148532274,1.0043756740138166,-0.069963595164077727,0,0,1,UNSTABLE,1.8974038870230158e-16,8.8916398911914101e-17,1
B3_D2_Original,B3,2,Original,full-grid,1566,23,24,77,1.0067336339238275,1.0043150884278815,-0.06974104121370675,0,0,1,UNSTABLE,2.6197493638116612e-16,8.8916398912289808e-17,1
B3_D2_Original,B3,2,Original,full-grid,1567,23,25,78,1.0066444290470455,1.0042408350987293,-0.069522310459730591,0,0,1,UNSTABLE,2.1145738077293052e-16,8.8916398912289808e-17,1
B3_D2_Original,B3,2,Original,full-grid,1568,23,26,79,1.0065422062106715,1.0041531742511776,-0.069308120193307468,0,0,1,UNSTABLE,2.9045375623561012e-16,8.8916398912289821e-17,1
B3_D2_Original,B3,2,Original,full-grid,1569,23,27,80,1.0064272913374825,1.0040523887501456,-0.069099156246866092,0,0,1,UNSTABLE,4.7599181786618276e-16,8.8916398911914113e-17,1
B3_D2_Original,B3,2,Original,full-grid,1570,23,28,81,1.0063000245815878,1.0039387782395104,-0.068896074052617148,0,0,1,UNSTABLE,2.2725166572261808e-16,8.8916398912289808e-17,1
B3_D2_Original,B3,2,Original,full-grid,1571,23,29,82,1.0061607549805649,1.0038126535732941,-0.068699500647401754,0,0,1,UNSTABLE,3.2888972155004291e-16,8.8916398912289808e-17,1
B3_D2_Original,B3,2,Original,full-grid,1572,23,30,83,1.006009835541027,1.0036743316229719,-0.068510037559942588,0,0,1,UNSTABLE,2.9434891905674988e-16,8.8916398912289808e-17,1
B3_D2_Original,B3,2,Original,full-grid,1573,23,31,84,1.0058476188128818,1.0035241305213431,-0.068328264524473603,0,0,1,UNSTABLE,3.3803956206955144e-16,8.8916398911914101e-17,1
B3_D2_Original,B3,2,Original,full-grid,1574,23,32,85,1.0056744529897663,1.003362365384088,-0.068154743980986157,0,0,1,UNSTABLE,3.3047502356981146e-16,8.8916398912289808e-17,1
B3_D2_Original,B3,2,Original,full-grid,1575,23,33,86,1.0054906785617357,1.0031893445368394,-0.067990026344207796,0,0,1,UNSTABLE,3.3256803011251203e-16,8.8916398912289821e-17,1
B3_D2_Original,B3,2,Original,full-grid,1576,23,34,87,1.0052966255419657,1.0030053662689888,-0.067834656051866046,0,0,1,UNSTABLE,3.7755991485737575e-16,8.8916398912289808e-17,1
B3_D2_Original,B3,2,Original,full-grid,1577,23,35,88,1.0050926112922978,1.0028107161358448,-0.067689178437056824,0,0,1,UNSTABLE,3.8238135083162182e-16,8.8916398911914101e-17,1
B3_D2_Original,B3,2,Original,full-grid,1578,23,36,89,1.0048789389852559,1.0026056648405159,-0.067554147510279786,0,0,1,UNSTABLE,3.0659916279499596e-16,8.8916398912289784e-17,1
B3_D2_Original,B3,2,Original,full-grid,1579,23,37,90,1.0046558967632919,1.0023904667464203,-0.067430134785185447,0,0,1,UNSTABLE,3.791528966727391e-16,8.8916398912289808e-17,1
B3_D2_Original,B3,2,Original,full-grid,1580,23,38,91,1.0044237576942237,1.0021653591053801,-0.06731773933941175,0,0,1,UNSTABLE,2.9391337786384741e-16,8.8916398912289784e-17,1
B3_D2_Original,B3,2,Original,full-grid,1581,23,39,92,1.0041827806784589,1.0019305621378303,-0.067217599371690293,0,0,1,UNSTABLE,2.5924039951096099e-16,8.8916398911914101e-17,1
B3_D2_Original,B3,2,Original,full-grid,1582,23,40,93,1.0039332125475844,1.0016862801795599,-0.067130405600961451,0,0,1,UNSTABLE,2.6284400206819856e-16,8.8916398912289808e-17,1
B3_D2_Original,B3,2,Original,full-grid,1583,23,41,94,1.0036752917168172,1.0014327042248232,-0.067056916957134172,0,0,1,UNSTABLE,3.2011992479520676e-16,8.8916398912289808e-17,1
B3_D2_Original,B3,2,Original,full-grid,1584,23,42,95,1.0034092539340482,1.0011700163666413,-0.066997979140438244,0,0,1,UNSTABLE,1.7554776891552389e-16,8.8916398912289821e-17,1
B3_D2_Original,B3,2,Original,full-grid,1585,23,43,96,1.0031353409352064,1.0008983968907987,-0.06695454678079768,0,0,1,UNSTABLE,2.6247422529926083e-16,8.8916398911914113e-17,1
B3_D2_Original,B3,2,Original,full-grid,1586,23,44,97,1.0028538132144704,1.0006180351653595,-0.066927710110379471,0,0,1,UNSTABLE,3.5648739846067025e-16,8.8916398912289808e-17,1
B3_D2_Original,B3,2,Original,full-grid,1587,23,45,98,1.00256496871811,1.0003291460525061,-0.066918727263815245,0,0,1,UNSTABLE,3.3332764802048359e-16,8.8916398912289808e-17,1
B3_D2_Original,B3,2,Original,full-grid,1588,23,46,99,1.0022691701834658,1.0000319944670801,-0.066929063510908215,0,0,1,UNSTABLE,3.921519356245941e-16,8.8916398912289808e-17,1
B3_D2_Original,B3,2,Original,full-grid,1589,23,47,100,1.0019668852384371,0.99972693209001418,-0.066960438829981275,0,0,1,UNSTABLE,4.4035688633529434e-16,8.8916398911914101e-17,1
B3_D2_Original,B3,2,Original,full-grid,1590,23,48,101,1.0016587455102286,0.99941445238533599,-0.06701488506626023,0,0,1,UNSTABLE,3.3592405742683591e-16,8.8916398912289808e-17,1
B3_D2_Original,B3,2,Original,full-grid,1591,23,49,102,1.0013456342383522,0.99909527336731396,-0.067094813087900579,0,0,1,UNSTABLE,3.4302080624738784e-16,8.8916398912289821e-17,1
B3_D2_Original,B3,2,Original,full-grid,1592,23,50,103,1.0010288167291035,0.99877046256188129,-0.067203087994485183,0,0,1,UNSTABLE,2.8530767712600693e-16,8.8916398912289808e-17,1
B3_D2_Original,B3,2,Original,full-grid,1593,23,51,104,1.0007101348785874,0.99844162588077168,-0.067343104749350333,0,0,1,UNSTABLE,2.1758560303313239e-16,8.8916398911914101e-17,1
B3_D2_Original,B3,2,Original,full-grid,1594,23,52,105,1.0003922957332314,0.99811119173704499,-0.067518843974559553,0,0,1,UNSTABLE,4.3536006845725576e-16,8.8916398912289784e-17,1
B3_D2_Original,B3,2,Original,full-grid,1595,23,53,106,1.0000792918727586,0.99778283138587998,-0.067734861218538889,0,0,1,UNSTABLE,2.8191463991143072e-16,8.8916398912289808e-17,1
B3_D2_Original,B3,2,Original,full-grid,1596,23,54,107,1.0000957534148893,0.99986648300561431,-0.02141336406262415,0,0,1,UNSTABLE,3.7075908622495948e-16,8.8916398912289784e-17,1
B3_D2_Original,B3,2,Original,full-grid,1597,23,55,108,1.0001629255559037,0.99993492381465765,-0.021354760413526776,0,0,1,UNSTABLE,3.0809028622592233e-16,8.8916398911914101e-17,1
B3_D2_Original,B3,2,Original,full-grid,1598,23,56,109,1.0002288263594794,1.0000021118314963,-0.02129510302883689,0,0,1,UNSTABLE,3.9167623932791045e-16,8.8916398912289808e-17,1
B3_D2_Original,B3,2,Original,full-grid,1599,23,57,110,1.0002934368620908,1.000068026974025,-0.021234435562415423,0,0,1,UNSTABLE,3.0117031508485936e-16,8.8916398912289808e-17,1
B3_D2_Original,B3,2,Original,full-grid,1600,23,58,111,1.0003567402353317,1.0001326512918636,-0.021172802227541219,0,0,1,UNSTABLE,2.5143593126229523e-16,8.8916398912289821e-17,1
B3_D2_Original,B3,2,Original,full-grid,1601,23,59,112,1.0004187217959402,1.0001959689799815,-0.021110247654124656,0,0,1,UNSTABLE,3.5269643792143434e-16,8.8916398911914113e-17,1
B3_D2_Original,B3,2,Original,full-grid,1602,23,60,113,1.0004793690037539,1.0002579663801447,-0.02104681674759119,0,0,1,UNSTABLE,3.4275193936809495e-16,8.8916398912289808e-17,1
B3_D2_Original,B3,2,Original,full-grid,1603,23,61,114,1.000538671447986,1.0003186319705655,-0.020982554549847182,0,0,1,UNSTABLE,2.6708014183248066e-16,8.8916398912289808e-17,1
B3_D2_Original,B3,2,Original,full-grid,1604,23,62,115,1.0005966208223862,1.0003779563442814,-0.020917506104145722,0,0,1,UNSTABLE,2.8564365659342515e-16,8.8916398912289808e-17,1
B3_D2_Original,B3,2,Original,full-grid,1605,23,63,116,1.0006532108900807,1.0004359321770475,-0.02085171632433595,0,0,1,UNSTABLE,3.2197798932794289e-16,8.8916398911914101e-17,1
B3_D2_Original,B3,2,Original,full-grid,1606,23,64,117,1.0007084374387412,1.0004925541853602,-0.020785229869815663,0,0,1,UNSTABLE,3.9981255233467528e-16,8.8916398912289808e-17,1
B3_D2_Original,B3,2,Original,full-grid,1607,23,65,118,1.0007622982270454,1.0005478190755734,-0.020718091026719926,0,0,1,UNSTABLE,3.3283276017313788e-16,8.8916398912289821e-17,1
B3_D2_Original,B3,2,Original,full-grid,1608,23,66,119,1.0008147929233255,1.0006017254849855,-0.020650343595894752,0,0,1,UNSTABLE,3.0007455344644847e-16,8.8916398912289808e-17,1
B3_D2_Original,B3,2,Original,full-grid,1609,24,0,54,1.0054122470300888,1.0027272066834105,-0.073429799502497881,0,0,1,UNSTABLE,3.1526688781216637e-16,8.1425379867202864e-17,1
B3_D2_Original,B3,2,Original,full-grid,1610,24,1,55,1.0056082191358227,1.00293003863273,-0.073343220556993563,0,0,1,UNSTABLE,2.2639302874817917e-16,8.8916398912289821e-17,1
B3_D2_Original,B3,2,Original,full-grid,1611,24,2,56,1.0057970831509837,1.0031265908565232,-0.073244898741114839,0,0,1,UNSTABLE,3.8575339053023255e-16,8.8916398911914113e-17,1
B3_D2_Original,B3,2,Original,full-grid,1612,24,3,57,1.0059782795811079,1.0033162730804563,-0.073135184151739085,0,0,1,UNSTABLE,1.979892793143027e-16,8.8916398912289784e-17,1
B3_D2_Original,B3,2,Original,full-grid,1613,24,4,58,1.0061512496822194,1.0034984939777827,-0.073014449401565124,0,0,1,UNSTABLE,3.5001431082682252e-16,8.8916398912289808e-17,1
B3_D2_Original,B3,2,Original,full-grid,1614,24,5,59,1.0063154369074361,1.0036726622728693,-0.072883095188766636,0,0,1,UNSTABLE,3.1666888423772393e-16,8.8916398912289784e-17,1
B3_D2_Original,B3,2,Original,full-grid,1615,24,6,60,1.0064702897580373,1.0038381892888073,-0.072741555461760074,0,0,1,UNSTABLE,2.5599518699432704e-16,8.8916398911914101e-17,1
B3_D2_Original,B3,2,Original,full-grid,1616,24,7,61,1.0066152658819119,1.003994492802422,-0.072590301893016212,0,0,1,UNSTABLE,2.9929423317711166e-16,8.8916398912289808e-17,1
B3_D2_Original,B3,2,Original,full-grid,1617,24,8,62,1.0067498372116639,1.0041410020164512,-0.072429847404983039,0,0,1,UNSTABLE,2.7802794682607428e-16,8.8916398912289808e-17,1
B3_D2_Original,B3,2,Original,full-grid,1618,24,9,63,1.0068734958884586,1.004277163408632,-0.072260748533060262,0,0,1,UNSTABLE,3.2030213742125212e-16,8.8916398912289821e-17,1
B3_D2_Original,B3,2,Original,full-grid,1619,24,10,64,1.0069857606800714,1.0044024471752275,-0.072083606463858252,0,0,1,UNSTABLE,2.781079241805467e-16,8.8916398911914113e-17,1
B3_D2_Original,B3,2,Original,full-grid,1620,24,11,65,1.0070861835755491,1.0045163539550779,-0.071899066652920229,0,0,1,UNSTABLE,2.147488727757088e-16,8.8916398912289784e-17,1
B3_D2_Original,B3,2,Original,full-grid,1621,24,12,66,1.0071743562296125,1.0046184215052856,-0.071707816999004609,0,0,1,UNSTABLE,2.7191639662264561e-16,8.8916398912289808e-17,1
B3_D2_Original,B3,2,Original,full-grid,1622,24,13,67,1.007249915939088,1.0047082310030881,-0.071510584628746751,0,0,1,UNSTABLE,1.7894984135056321e-16,8.8916398912289784e-17,1
B3_D2_Original,B3,2,Original,full-grid,1623,24,14,68,1.007312550861738,1.0047854126712261,-0.071308131420583454,0,0,1,UNSTABLE,2.7545311860108668e-16,8.8916398911914101e-17,1
B3_D2_Original,B3,2,Original,full-grid,1624,24,15,69,1.0073620042342264,1.0048496504660935,-0.071101248462788924,0,0,1,UNSTABLE,4.3457152946251509e-16,8.8916398912289821e-17,1
B3_D2_Original,B3,2,Original,full-grid,1625,24,16,70,1.0073980774062579,1.0049006856250187,-0.070890749694102806,0,0,1,UNSTABLE,2.0506881247898639e-16,8.8916398912289808e-17,1
B3_D2_Original,B3,2,Original,full-grid,1626,24,17,71,1.0074206315779457,1.0049383189373429,-0.070677465010386423,0,0,1,UNSTABLE,2.9648708007415543e-16,8.8916398912289784e-17,1
B3_D2_Original,B3,2,Original,full-grid,1627,24,18,72,1.007429588200649,1.0049624116769169,-0.070462233136936725,0,0,1,UNSTABLE,3.0410794489922677e-16,8.8916398911914113e-17,1
B3_D2_Original,B3,2,Original,full-grid,1628,24,19,73,1.0074249280723637,1.0049728852057593,-0.07024589456202382,0,0,1,UNSTABLE,3.6043877381364009e-16,8.8916398912289784e-17,1
B3_D2_Original,B3,2,Original,full-grid,1629,24,20,74,1.0074066892214144,1.0049697193237417,-0.070029284805794456,0,0,1,UNSTABLE,2.8015066949551872e-16,8.8916398912289808e-17,1
B3_D2_Original,B3,2,Original,full-grid,1630,24,21,75,1.007374963723136,1.0049529494935183,-0.069813228262755031,0,0,1,UNSTABLE,2.1797861414041027e-16,8.8916398912289784e-17,1
B3_D2_Original,B3,2,Original,full-grid,1631,24,22,76,1.0073298936303428,1.0049226631099022,-0.0695985328108253,0,0,1,UNSTABLE,2.8371871906273877e-16,8.8916398911914101e-17,1
B3_D2_Original,B3,2,Original,full-grid,1632,24,23,77,1.00727166621985,1.0048789950084083,-0.069385985329921906,0,0,1,UNSTABLE,4.1858483194235349e-16,8.8916398912289808e-17,1
B3_D2_Original,B3,2,Original,full-grid,1633,24,24,78,1.0072005087638716,1.0048221224180671,-0.069176348222875175,0,0,1,UNSTABLE,3.9059408780139413e-16,8.8916398912289808e-17,1
B3_D2_Original,B3,2,Original,full-grid,1634,24,25,79,1.0071166830297866,1.0047522595616698,-0.068970356985001161,0,0,1,UNSTABLE,3.1047948331137378e-16,8.8916398912289821e-17,1
B3_D2_Original,B3,2,Original,full-grid,1635,24,26,80,1.007020479696527,1.0046696520940461,-0.068768718829504333,0,0,1,UNSTABLE,4.0484749498881013e-16,8.8916398911914113e-17,1
B3_D2_Original,B3,2,Original,full-grid,1636,24,27,81,1.0069122128545602,1.0045745715497503,-0.068572112343891947,0,0,1,UNSTABLE,3.7126457468840769e-16,8.8916398912289784e-17,1
B3_D2_Original,B3,2,Original,full-grid,1637,24,28,82,1.0067922147309862,1.0044673099472075,-0.06838118813200568,0,0,1,UNSTABLE,3.2970895178905334e-16,8.8916398912289808e-17,1
B3_D2_Original,B3,2,Original,full-grid,1638,24,29,83,1.0066608307562286,1.0043481746719378,-0.068196570382730595,0,0,1,UNSTABLE,3.4550195134559795e-16,8.8916398912289784e-17,1
B3_D2_Original,B3,2,Original,full-grid,1639,24,30,84,1.0065184150642381,1.0042174837366824,-0.068018859303815224,0,0,1,UNSTABLE,5.2103558566439915e-16,8.8916398911914101e-17,1
B3_D2_Original,B3,2,Original,full-grid,1640,24,31,85,1.0063653264983112,1.0040755614958288,-0.067848634362740468,0,0,1,UNSTABLE,4.4881975066332603e-16,8.8916398912289821e-17,1
B3_D2_Original,B3,2,Original,full-grid,1641,24,32,86,1.0062019251788241,1.0039227348745448,-0.067686458288099244,0,0,1,UNSTABLE,3.394777773383695e-16,8.8916398912289808e-17,1
B3_D2_Original,B3,2,Original,full-grid,1642,24,33,87,1.0060285696802231,1.0037593301625574,-0.06753288180175486,0,0,1,UNSTABLE,4.4762206409095977e-16,8.8916398912289784e-17,1
B3_D2_Original,B3,2,Original,full-grid,1643,24,34,88,1.0058456148622814,1.0035856704184063,-0.067388449073406742,0,0,1,UNSTABLE,3.2184047817548047e-16,8.8916398911914113e-17,1
B3_D2_Original,B3,2,Original,full-grid,1644,24,35,89,1.0056534104071899,1.0034020735344065,-0.067253703916330385,0,0,1,UNSTABLE,3.8875386293520593e-16,8.8916398912289784e-17,1
B3_D2_Original,B3,2,Original,full-grid,1645,24,36,90,1.0054523001293605,1.0032088510256203,-0.06712919677216457,0,0,1,UNSTABLE,3.5494601238143638e-16,8.8916398912289808e-17,1
B3_D2_Original,B3,2,Original,full-grid,1646,24,37,91,1.0052426221529294,1.003006307631624,-0.067015492567564477,0,0,1,UNSTABLE,3.5722213824259226e-16,8.8916398912289784e-17,1
B3_D2_Original,B3,2,Original,full-grid,1647,24,38,92,1.0050247100933949,1.0027947418584566,-0.066913179563845751,0,0,1,UNSTABLE,3.6963642444951568e-16,8.8916398911914101e-17,1
B3_D2_Original,B3,2,Original,full-grid,1648,24,39,93,1.0047988954419147,1.0025744476471523,-0.066822879362529439,0,0,1,UNSTABLE,3.3098126996575508e-16,8.8916398912289808e-17,1
B3_D2_Original,B3,2,Original,full-grid,1649,24,40,94,1.004565511437429,1.0023457174384238,-0.066745258276485711,0,0,1,UNSTABLE,4.0824834820138735e-16,8.8916398912289808e-17,1
B3_D2_Original,B3,2,Original,full-grid,1650,24,41,95,1.0043248988351969,1.0021088470229094,-0.066681040324394231,0,0,1,UNSTABLE,2.0885396010325524e-16,8.8916398912289821e-17,1
B3_D2_Original,B3,2,Original,full-grid,1651,24,42,96,1.0040774141535156,1.0018641427358987,-0.066631022153896255,0,0,1,UNSTABLE,3.3901242425206955e-16,8.8916398911914113e-17,1
B3_D2_Original,B3,2,Original,full-grid,1652,24,43,97,1.0038234412245517,1.001611931796518,-0.066596090236204775,0,0,1,UNSTABLE,3.3555005717133869e-16,8.8916398912289784e-17,1
B3_D2_Original,B3,2,Original,full-grid,1653,24,44,98,1.0035634072210866,1.0013525769356519,-0.066577240687232031,0,0,1,UNSTABLE,3.7745514134119263e-16,8.8916398912289808e-17,1
B3_D2_Original,B3,2,Original,full-grid,1654,24,45,99,1.0032978048183865,1.0010864969465216,-0.066575602023076857,0,0,1,UNSTABLE,2.6130820154390224e-16,8.8916398912289784e-17,1
B3_D2_Original,B3,2,Original,full-grid,1655,24,46,100,1.0030272228378243,1.0008141954894247,-0.066592460989317689,0,0,1,UNSTABLE,4.260345960819181e-16,8.8916398911914101e-17,1
B3_D2_Original,B3,2,Original,full-grid,1656,24,47,101,1.0027523886749066,1.0005363014642339,-0.066629291197659798,0,0,1,UNSTABLE,4.0230538137786924e-16,8.8916398912289821e-17,1
B3_D2_Original,B3,2,Original,full-grid,1657,24,48,102,1.0024742271126734,1.000253625619214,-0.066687783444715404,0,0,1,UNSTABLE,2.5728956738234767e-16,8.8916398912289808e-17,1
B3_D2_Original,B3,2,Original,full-grid,1658,24,49,103,1.0021939418027426,0.99996723986006231,-0.066769874889562361,0,0,1,UNSTABLE,5.6478514036026434e-16,8.8916398912289784e-17,1
B3_D2_Original,B3,2,Original,full-grid,1659,24,50,104,1.0019131276557083,0.99967858790091624,-0.066877771054915533,0,0,1,UNSTABLE,3.4968776592119437e-16,8.8916398911914113e-17,1
B3_D2_Original,B3,2,Original,full-grid,1660,24,51,105,1.0016339241139252,0.99938963803262104,-0.067013948763575457,0,0,1,UNSTABLE,2.6043345585214613e-16,8.8916398912289784e-17,1
B3_D2_Original,B3,2,Original,full-grid,1661,24,52,106,1.0013592192719205,0.99910308948277937,-0.06718111793380431,0,0,1,UNSTABLE,2.374044494682022e-16,8.8916398912289808e-17,1
B3_D2_Original,B3,2,Original,full-grid,1662,24,53,107,1.0010929093528373,0.99882263954597561,-0.06738210361021954,0,0,1,UNSTABLE,4.5991234442383659e-16,8.8916398912289784e-17,1
B3_D2_Original,B3,2,Original,full-grid,1663,24,54,108,1.000840199270514,0.99855330156644428,-0.067619585968831025,0,0,1,UNSTABLE,2.5235372498287114e-16,8.8916398911914101e-17,1
B3_D2_Original,B3,2,Original,full-grid,1664,24,55,109,1.000607884150309,0.99830171982305871,-0.067895611213693516,0,0,1,UNSTABLE,3.4246407611369943e-16,8.8916398912289808e-17,1
B3_D2_Original,B3,2,Original,full-grid,1665,24,56,110,1.0004044630881668,0.998076339040465,-0.068210785175850983,0,0,1,UNSTABLE,3.9943162904963429e-16,8.8916398912289808e-17,1
B3_D2_Original,B3,2,Original,full-grid,1666,24,57,111,1.0002959974549663,1.0000706519003506,-0.021231432642043163,0,0,1,UNSTABLE,3.054120998522595e-16,8.8916398912289821e-17,1
B3_D2_Original,B3,2,Original,full-grid,1667,24,58,112,1.0003592046526459,1.0001351795352735,-0.021169813159791755,0,0,1,UNSTABLE,3.3899315597373468e-16,8.8916398911914113e-17,1
B3_D2_Original,B3,2,Original,full-grid,1668,24,59,113,1.0004210924581218,1.0001984028988238,-0.021107275374716381,0,0,1,UNSTABLE,2.0047633641516132e-16,8.8916398912289784e-17,1
B3_D2_Original,B3,2,Original,full-grid,1669,24,60,114,1.0004816484083405,1.0002603084145747,-0.021043864004742795,0,0,1,UNSTABLE,3.3313724079849588e-16,8.8916398912289808e-17,1
B3_D2_Original,B3,2,Original,full-grid,1670,24,61,115,1.0005408621555798,1.0003208846284535,-0.020979623904622546,0,0,1,UNSTABLE,2.5454098400655183e-16,8.8916398912289784e-17,1
B3_D2_Original,B3,2,Original,full-grid,1671,24,62,116,1.0005987254431712,1.0003801221876572,-0.020914599931782712,0,0,1,UNSTABLE,3.0503947938076161e-16,8.8916398911914101e-17,1
B3_D2_Original,B3,2,Original,full-grid,1672,24,63,117,1.0006552320708748,1.0004380138090538,-0.020848836816754857,0,0,1,UNSTABLE,3.7503160713874195e-16,8.8916398912289821e-17,1
B3_D2_Original,B3,2,Original,full-grid,1673,24,64,118,1.0007103778507536,1.000494554237896,-0.020782379038785739,0,0,1,UNSTABLE,2.7864637198075781e-16,8.8916398912289808e-17,1
B3_D2_Original,B3,2,Original,full-grid,1674,24,65,119,1.0008112693385978,0.99825371084643844,-0.071503325911810661,0,0,1,UNSTABLE,2.4425081548035198e-16,8.8916398912289784e-17,1
B3_D2_Original,B3,2,Original,full-grid,1675,24,66,120,1.0010381237297392,0.9984636488128481,-0.071747244962370685,0,0,1,UNSTABLE,3.8214644623806365e-16,8.8916398911914113e-17,1
B3_D2_Original,B3,2,Original,full-grid,1676,25,0,55,1.0059113241557207,1.0032917164601356,-0.072548768061149821,0,0,1,UNSTABLE,3.3954699369377381e-16,8.1425379867225211e-17,1
B3_D2_Original,B3,2,Original,full-grid,1677,25,1,56,1.0060945560710715,1.0034812023185324,-0.07246883709015095,0,0,1,UNSTABLE,4.0158042339409651e-16,8.8916398911914101e-17,1
B3_D2_Original,B3,2,Original,full-grid,1678,25,2,57,1.0062714415325631,1.0036651012704549,-0.072378025227205697,0,0,1,UNSTABLE,3.4651598305783036e-16,8.8916398912289784e-17,1
B3_D2_Original,B3,2,Original,full-grid,1679,25,3,58,1.0064414498505672,1.0038428577023759,-0.072276614594480357,0,0,1,UNSTABLE,3.5989888359402509e-16,8.8916398912289808e-17,1
B3_D2_Original,B3,2,Original,full-grid,1680,25,4,59,1.0066040466183734,1.0040139103743526,-0.072164911440988827,0,0,1,UNSTABLE,2.4437023275278606e-16,8.8916398912289784e-17,1
B3_D2_Original,B3,2,Original,full-grid,1681,25,5,60,1.006758695575527,1.0041776939538785,-0.072043251470263692,0,0,1,UNSTABLE,3.2912823576102591e-16,8.8916398911914101e-17,1
B3_D2_Original,B3,2,Original,full-grid,1682,25,6,61,1.0069048617116465,1.0043336418272824,-0.071912004787088507,0,0,1,UNSTABLE,3.3174724708197977e-16,8.8916398912289808e-17,1
B3_D2_Original,B3,2,Original,full-grid,1683,25,7,62,1.0070420154891699,1.0044811900849417,-0.071771580211313663,0,0,1,UNSTABLE,3.8047054292607817e-16,8.8916398912289808e-17,1
B3_D2_Original,B3,2,Original,full-grid,1684,25,8,63,1.0071696380156396,1.004619782526663,-0.071622428726166712,0,0,1,UNSTABLE,3.7794098425428018e-16,8.8916398912289796e-17,1
B3_D2_Original,B3,2,Original,full-grid,1685,25,9,64,1.0072872269506938,1.0047488764851944,-0.071465045859904805,0,0,1,UNSTABLE,3.8619748952544431e-16,8.8916398911914113e-17,1
B3_D2_Original,B3,2,Original,full-grid,1686,25,10,65,1.0073943028938281,1.0048679492229449,-0.071299972843018408,0,0,1,UNSTABLE,3.1202011512782517e-16,8.8916398912289808e-17,1
B3_D2_Original,B3,2,Original,full-grid,1687,25,11,66,1.0074904159699416,1.0049765046233685,-0.071127796439104413,0,0,1,UNSTABLE,2.2593002675648129e-16,8.8916398912289784e-17,1
B3_D2_Original,B3,2,Original,full-grid,1688,25,12,67,1.0075751523150485,1.0050740798787543,-0.070949147412554384,0,0,1,UNSTABLE,2.7032691814979795e-16,8.8916398912289808e-17,1
B3_D2_Original,B3,2,Original,full-grid,1689,25,13,68,1.0076481401664188,1.0051602518728346,-0.070764697666154744,0,0,1,UNSTABLE,4.2557779662150616e-16,8.8916398911914101e-17,1
B3_D2_Original,B3,2,Original,full-grid,1690,25,14,69,1.0077090552821431,1.0052346429723862,-0.070575156151501062,0,0,1,UNSTABLE,2.8032902735265926e-16,8.8916398912289808e-17,1
B3_D2_Original,B3,2,Original,full-grid,1691,25,15,70,1.0077576254523299,1.0052969259748772,-0.070381263719690224,0,0,1,UNSTABLE,2.3753000521926195e-16,8.8916398912289821e-17,1
B3_D2_Original,B3,2,Original,full-grid,1692,25,16,71,1.0077936339165616,1.0053468280083253,-0.070183787133122635,0,0,1,UNSTABLE,3.8506951378077593e-16,8.8916398912289808e-17,1
B3_D2_Original,B3,2,Original,full-grid,1693,25,17,72,1.0078169215651063,1.0053841332404332,-0.06998351249652178,0,0,1,UNSTABLE,4.0745888832394246e-16,8.8916398911914101e-17,1
B3_D2_Original,B3,2,Original,full-grid,1694,25,18,73,1.0078273878687596,1.0054086843207335,-0.069781238386968758,0,0,1,UNSTABLE,6.2820938092156873e-16,8.8916398912289784e-17,1
B3_D2_Original,B3,2,Original,full-grid,1695,25,19,74,1.0078249905497501,1.0054203825478845,-0.06957776896300541,0,0,1,UNSTABLE,2.389354322444296e-16,8.8916398912289808e-17,1
B3_D2_Original,B3,2,Original,full-grid,1696,25,20,75,1.007809744067135,1.0054191868171349,-0.069373907318494868,0,0,1,UNSTABLE,3.1556227551155789e-16,8.8916398912289784e-17,1
B3_D2_Original,B3,2,Original,full-grid,1697,25,21,76,1.007781717041671,1.0054051114574385,-0.069170449316988653,0,0,1,UNSTABLE,4.2572488360501151e-16,8.8916398911914101e-17,1
B3_D2_Original,B3,2,Original,full-grid,1698,25,22,77,1.0077410287836555,1.005378223109705,-0.068968178102022895,0,0,1,UNSTABLE,5.570207144105794e-16,8.8916398912289808e-17,1
B3_D2_Original,B3,2,Original,full-grid,1699,25,23,78,1.0076878451117957,1.0053386368259341,-0.068767859433219058,0,0,1,UNSTABLE,2.2591693791835226e-16,8.8916398912289808e-17,1
B3_D2_Original,B3,2,Original,full-grid,1700,25,24,79,1.0076223736621643,1.0052865115836329,-0.068570237950474094,0,0,1,UNSTABLE,3.1089918433313124e-16,8.8916398912289796e-17,1
B3_D2_Original,B3,2,Original,full-grid,1701,25,25,80,1.0075448588854439,1.005222045412355,-0.068376034423549101,0,0,1,UNSTABLE,3.4164533063467241e-16,8.8916398911914113e-17,1
B3_D2_Original,B3,2,Original,full-grid,1702,25,26,81,1.0074555769195777,1.0051454703208638,-0.068185944004674232,0,0,1,UNSTABLE,3.6223632892486854e-16,8.8916398912289808e-17,1
B3_D2_Original,B3,2,Original,full-grid,1703,25,27,82,1.0073548305074653,1.0050570471980593,-0.06800063546939894,0,0,1,UNSTABLE,4.0761830230505809e-16,8.8916398912289784e-17,1
B3_D2_Original,B3,2,Original,full-grid,1704,25,28,83,1.0072429441076882,1.0049570608405756,-0.067820751406892893,0,0,1,UNSTABLE,3.0631371648174176e-16,8.8916398912289808e-17,1
B3_D2_Original,B3,2,Original,full-grid,1705,25,29,84,1.0071202593232003,1.0048458152376649,-0.067646909305470918,0,0,1,UNSTABLE,4.2744094315961105e-16,8.8916398911914101e-17,1
B3_D2_Original,B3,2,Original,full-grid,1706,25,30,85,1.0069871307510347,1.0047236292222577,-0.067479703471910416,0,0,1,UNSTABLE,5.019267171620263e-16,8.8916398912289808e-17,1
B3_D2_Original,B3,2,Original,full-grid,1707,25,31,86,1.0068439223371912,1.0045908325778476,-0.067319707722824071,0,0,1,UNSTABLE,3.0129726678304829e-16,8.8916398912289821e-17,1
B3_D2_Original,B3,2,Original,full-grid,1708,25,32,87,1.0066910043065758,1.0044477626757971,-0.067167478792701268,0,0,1,UNSTABLE,3.1019244398977153e-16,8.8916398912289808e-17,1
B3_D2_Original,B3,2,Original,full-grid,1709,25,33,88,1.0065287507289575,1.0042947617076234,-0.067023560414406533,0,0,1,UNSTABLE,2.7395362857880159e-16,8.8916398911914101e-17,1
B3_D2_Original,B3,2,Original,full-grid,1710,25,34,89,1.0063575377803133,1.0041321745739602,-0.066888488042599961,0,0,1,UNSTABLE,3.9229722396202943e-16,8.8916398912289784e-17,1
B3_D2_Original,B3,2,Original,full-grid,1711,25,35,90,1.0061777427645466,1.0039603474959298,-0.066762794209127188,0,0,1,UNSTABLE,4.2059237232741012e-16,8.8916398912289808e-17,1
B3_D2_Original,B3,2,Original,full-grid,1712,25,36,91,1.0059897439758638,1.0037796274284529,-0.066647014518432107,0,0,1,UNSTABLE,3.5206614733894771e-16,8.8916398912289784e-17,1
B3_D2_Original,B3,2,Original,full-grid,1713,25,37,92,1.0057939215073424,1.0035903623785862,-0.066541694312183805,0,0,1,UNSTABLE,3.263042534011004e-16,8.8916398911914101e-17,1
B3_D2_Original,B3,2,Original,full-grid,1714,25,38,93,1.0055906591495001,1.003392902768651,-0.066447396053015959,0,0,1,UNSTABLE,2.3381292514672844e-16,8.8916398912289808e-17,1
B3_D2_Original,B3,2,Original,full-grid,1715,25,39,94,1.005380347577612,1.0031876040374543,-0.066364707494808176,0,0,1,UNSTABLE,2.7503712142405008e-16,8.8916398912289808e-17,1
B3_D2_Original,B3,2,Original,full-grid,1716,25,40,95,1.0051633891009182,1.002974830746036,-0.066294250722096645,0,0,1,UNSTABLE,2.6912616304721358e-16,8.8916398912289796e-17,1
B3_D2_Original,B3,2,Original,full-grid,1717,25,41,96,1.0049402043486562,1.0027549625556362,-0.066236692145394904,0,0,1,UNSTABLE,4.0737914545933263e-16,8.8916398911914113e-17,1
B3_D2_Original,B3,2,Original,full-grid,1718,25,42,97,1.0047112414047439,1.0025284025829051,-0.066192753528088927,0,0,1,UNSTABLE,2.5055843029722579e-16,8.8916398912289808e-17,1
B3_D2_Original,B3,2,Original,full-grid,1719,25,43,98,1.0044769880843649,1.0022955888211595,-0.066163224080164867,0,0,1,UNSTABLE,3.6723989211498766e-16,8.8916398912289784e-17,1
B3_D2_Original,B3,2,Original,full-grid,1720,25,44,99,1.0042379882869292,1.0020570095633969,-0.066148973563019617,0,0,1,UNSTABLE,3.3512707433522028e-16,8.8916398912289808e-17,1
B3_D2_Original,B3,2,Original,full-grid,1721,25,45,100,1.0039948636725304,1.0018132240868711,-0.066150966172017045,0,0,1,UNSTABLE,2.7002781592442505e-16,8.8916398911914101e-17,1
B3_D2_Original,B3,2,Original,full-grid,1722,25,46,101,1.0037483423054701,1.001564890276651,-0.066170274641255244,0,0,1,UNSTABLE,4.0631587587137355e-16,8.8916398912289808e-17,1
B3_D2_Original,B3,2,Original,full-grid,1723,25,47,102,1.0034992963876739,1.0013128013823405,-0.066208093450925015,0,0,1,UNSTABLE,3.2541663390557968e-16,8.8916398912289821e-17,1
B3_D2_Original,B3,2,Original,full-grid,1724,25,48,103,1.0032487917298916,1.0010579346914357,-0.066265749062426632,0,0,1,UNSTABLE,2.7782969513168423e-16,8.8916398912289808e-17,1
B3_D2_Original,B3,2,Original,full-grid,1725,25,49,104,1.0029981520677178,1.0008015154690835,-0.066344703526678914,0,0,1,UNSTABLE,2.1950271346604229e-16,8.8916398911914101e-17,1
B3_D2_Original,B3,2,Original,full-grid,1726,25,50,105,1.0027490414373657,1.0005450997946401,-0.066446545286335992,0,0,1,UNSTABLE,3.2314633109377961e-16,8.8916398912289784e-17,1
B3_D2_Original,B3,2,Original,full-grid,1727,25,51,106,1.0025035669756421,1.0002906793421271,-0.066572957123381848,0,0,1,UNSTABLE,3.0834214347792242e-16,8.8916398912289808e-17,1
B3_D2_Original,B3,2,Original,full-grid,1728,25,52,107,1.002264401499956,1.0000408085284587,-0.066725645682989734,0,0,1,UNSTABLE,5.9922719798731852e-16,8.8916398912289784e-17,1
B3_D2_Original,B3,2,Original,full-grid,1729,25,53,108,1.0020349179613124,0.99979874768111876,-0.066906210092938054,0,0,1,UNSTABLE,4.069620920541317e-16,8.8916398911914101e-17,1
B3_D2_Original,B3,2,Original,full-grid,1730,25,54,109,1.0018193132536575,0.99956860173336359,-0.067115920889443292,0,0,1,UNSTABLE,5.1993756101504623e-16,8.8916398912289808e-17,1
B3_D2_Original,B3,2,Original,full-grid,1731,25,55,110,1.0016226738748271,0.99935540901047781,-0.067355380643705554,0,0,1,UNSTABLE,3.4780016968640276e-16,8.8916398912289808e-17,1
B3_D2_Original,B3,2,Original,full-grid,1732,25,56,111,1.0014509017396009,0.99916509924753694,-0.067624056671569233,0,0,1,UNSTABLE,4.2615223448692874e-16,8.8916398912289796e-17,1
B3_D2_Original,B3,2,Original,full-grid,1733,25,57,112,1.0013103897481181,0.99900420753824504,-0.067919731583767393,0,0,1,UNSTABLE,3.1253501956573134e-16,8.8916398911914113e-17,1
B3_D2_Original,B3,2,Original,full-grid,1734,25,58,113,1.0012073524257183,0.99887923971252413,-0.068238017429041661,0,0,1,UNSTABLE,2.9429992550865907e-16,8.8916398912289808e-17,1
B3_D2_Original,B3,2,Original,full-grid,1735,25,59,114,1.0011468308347389,0.99879569082877162,-0.068572187308838198,0,0,1,UNSTABLE,2.6340985446870065e-16,8.8916398912289784e-17,1
B3_D2_Original,B3,2,Original,full-grid,1736,25,60,115,1.0011316091230296,0.99875693559154022,-0.068913586418515305,0,0,1,UNSTABLE,2.5365988045915371e-16,8.8916398912289808e-17,1
B3_D2_Original,B3,2,Original,full-grid,1737,25,61,116,1.0011614729126641,0.99876341604189789,-0.069252679521977487,0,0,1,UNSTABLE,3.0905774534967122e-16,8.8916398911914101e-17,1
B3_D2_Original,B3,2,Original,full-grid,1738,25,62,117,1.0012331868019042,0.99881252370469942,-0.069580434348645179,0,0,1,UNSTABLE,3.3515071194580047e-16,8.8916398912289808e-17,1
B3_D2_Original,B3,2,Original,full-grid,1739,25,63,118,1.0013412181221302,0.99889923949563775,-0.069889515990227136,0,0,1,UNSTABLE,4.8564759707936147e-16,8.8916398912289821e-17,1
B3_D2_Original,B3,2,Original,full-grid,1740,25,64,119,1.0014788549749034,0.99901720749808787,-0.070174896398684711,0,0,1,UNSTABLE,5.0384237597309018e-16,8.8916398912289808e-17,1
B3_D2_Original,B3,2,Original,full-grid,1741,25,65,120,1.0016392647233323,0.99915979275703826,-0.070433835428791003,0,0,1,UNSTABLE,3.3896935239286907e-16,8.8916398911914101e-17,1
B3_D2_Original,B3,2,Original,full-grid,1742,25,66,121,1.0018162168224336,0.9993208320383129,-0.070665457917341898,0,0,1,UNSTABLE,4.9719555489074137e-16,8.8916398912289784e-17,1
B3_D2_Original,B3,2,Original,full-grid,1743,26,0,56,1.0063338840311602,1.0037804228057516,-0.071643205826841097,0,0,1,UNSTABLE,2.6371316213501661e-16,8.1425379867202864e-17,1
B3_D2_Original,B3,2,Original,full-grid,1744,26,1,57,1.006506104029373,1.0039582687416673,-0.071570469284622532,0,0,1,UNSTABLE,2.9413480348133457e-16,8.8916398912289784e-17,1
B3_D2_Original,B3,2,Original,full-grid,1745,26,2,58,1.0066727008707959,1.0041311929519017,-0.071487579477092181,0,0,1,UNSTABLE,3.3925476587069415e-16,8.8916398912289808e-17,1
B3_D2_Original,B3,2,Original,full-grid,1746,26,3,59,1.0068331676524607,1.0042986685110642,-0.071394761096258197,0,0,1,UNSTABLE,5.7336847152169106e-16,8.8916398912289784e-17,1
B3_D2_Original,B3,2,Original,full-grid,1747,26,4,60,1.0069869905668694,1.0044601596290716,-0.071292263878068141,0,0,1,UNSTABLE,4.0571024554922177e-16,8.8916398911914101e-17,1
B3_D2_Original,B3,2,Original,full-grid,1748,26,5,61,1.0071336509556597,1.0046151233904215,-0.071180367676240947,0,0,1,UNSTABLE,2.9756434791853415e-16,8.8916398912289808e-17,1
B3_D2_Original,B3,2,Original,full-grid,1749,26,6,62,1.0072726284799929,1.004763012643151,-0.071059387200095053,0,0,1,UNSTABLE,5.2136628234797823e-16,8.8916398912289808e-17,1
B3_D2_Original,B3,2,Original,full-grid,1750,26,7,63,1.0074034053159122,1.0049032799616955,-0.07092967618932608,0,0,1,UNSTABLE,2.5877481495555221e-16,8.8916398912289821e-17,1
B3_D2_Original,B3,2,Original,full-grid,1751,26,8,64,1.0075254712373023,1.0050353825607803,-0.070791630810812356,0,0,1,UNSTABLE,1.8861306578166988e-16,8.8916398911914113e-17,1
B3_D2_Original,B3,2,Original,full-grid,1752,26,9,65,1.0076383294048172,1.0051587879910007,-0.070645692085176973,0,0,1,UNSTABLE,3.5380522834196667e-16,8.8916398912289784e-17,1
B3_D2_Original,B3,2,Original,full-grid,1753,26,10,66,1.0077415026390784,1.0052729804035303,-0.0704923471865634,0,0,1,UNSTABLE,2.6918827607725066e-16,8.8916398912289808e-17,1
B3_D2_Original,B3,2,Original,full-grid,1754,26,11,67,1.0078345399248123,1.0053774671358338,-0.070332129507028093,0,0,1,UNSTABLE,3.4321576158862156e-16,8.8916398912289808e-17,1
B3_D2_Original,B3,2,Original,full-grid,1755,26,12,68,1.0079170228738061,1.0054717853470176,-0.070165617433879765,0,0,1,UNSTABLE,1.7646631622224576e-16,8.8916398911914101e-17,1
B3_D2_Original,B3,2,Original,full-grid,1756,26,13,69,1.0079885718704038,1.0055555084224435,-0.069993431853406451,0,0,1,UNSTABLE,3.9836323713004409e-16,8.8916398912289808e-17,1
B3_D2_Original,B3,2,Original,full-grid,1757,26,14,70,1.0080488516367077,1.0056282518760602,-0.069816232459111477,0,0,1,UNSTABLE,2.3753586915338897e-16,8.8916398912289808e-17,1
B3_D2_Original,B3,2,Original,full-grid,1758,26,15,71,1.0080975759845321,1.0056896785045426,-0.069634713005221213,0,0,1,UNSTABLE,3.3218842352877413e-16,8.8916398912289808e-17,1
B3_D2_Original,B3,2,Original,full-grid,1759,26,16,72,1.0081345115658233,1.0057395025886264,-0.069449595699641362,0,0,1,UNSTABLE,3.6216590555051316e-16,8.8916398911914113e-17,1
B3_D2_Original,B3,2,Original,full-grid,1760,26,17,73,1.0081594804892307,1.0057774929907179,-0.069261624970987368,0,0,1,UNSTABLE,1.7743495143922126e-16,8.8916398912289784e-17,1
B3_D2_Original,B3,2,Original,full-grid,1761,26,18,74,1.0081723617331246,1.0058034750595444,-0.069071560867631873,0,0,1,UNSTABLE,3.4272851894785496e-16,8.8916398912289808e-17,1
B3_D2_Original,B3,2,Original,full-grid,1762,26,19,75,1.0081730913484621,1.0058173313158836,-0.068880172355393274,0,0,1,UNSTABLE,3.6254929986874441e-16,8.8916398912289784e-17,1
B3_D2_Original,B3,2,Original,full-grid,1763,26,20,76,1.0081616615053008,1.0058190009553913,-0.068688230769377162,0,0,1,UNSTABLE,4.0700695620250908e-16,8.8916398911914101e-17,1
B3_D2_Original,B3,2,Original,full-grid,1764,26,21,77,1.0081381184877729,1.0058084782578951,-0.068496503652404298,0,0,1,UNSTABLE,3.6405393631310971e-16,8.8916398912289808e-17,1
B3_D2_Original,B3,2,Original,full-grid,1765,26,22,78,1.0081025597831588,1.005785810036453,-0.068305749177309638,0,0,1,UNSTABLE,3.1838948028600663e-16,8.8916398912289808e-17,1
B3_D2_Original,B3,2,Original,full-grid,1766,26,23,79,1.0080551304382697,1.0057510922904356,-0.068116711308700395,0,0,1,UNSTABLE,3.0409245832845016e-16,8.8916398912289821e-17,1
B3_D2_Original,B3,2,Original,full-grid,1767,26,24,80,1.007996018871216,1.005704466245235,-0.067930115814767614,0,0,1,UNSTABLE,4.3392858509324305e-16,8.8916398911914113e-17,1
B3_D2_Original,B3,2,Original,full-grid,1768,26,25,81,1.0079254523295846,1.0056461139673092,-0.06774666719660398,0,0,1,UNSTABLE,3.4142141696504495e-16,8.8916398912289784e-17,1
B3_D2_Original,B3,2,Original,full-grid,1769,26,26,82,1.0078436921794833,1.0055762537395163,-0.067567046562455865,0,0,1,UNSTABLE,2.9189150254209137e-16,8.8916398912289808e-17,1
B3_D2_Original,B3,2,Original,full-grid,1770,26,27,83,1.0077510291954421,1.0054951353694264,-0.067391910441028394,0,0,1,UNSTABLE,3.5237750070312812e-16,8.8916398912289808e-17,1
B3_D2_Original,B3,2,Original,full-grid,1771,26,28,84,1.0076477790028382,1.0054030355865815,-0.067221890501824977,0,0,1,UNSTABLE,2.6737139587373286e-16,8.8916398911914101e-17,1
B3_D2_Original,B3,2,Original,full-grid,1772,26,29,85,1.0075342778034386,1.005300253664609,-0.067057594131982257,0,0,1,UNSTABLE,2.6757177575500201e-16,8.8916398912289808e-17,1
B3_D2_Original,B3,2,Original,full-grid,1773,26,30,86,1.0074108784944076,1.0051871073842562,-0.066899605808600715,0,0,1,UNSTABLE,3.7030415057429909e-16,8.8916398912289808e-17,1
B3_D2_Original,B3,2,Original,full-grid,1774,26,31,87,1.0072779472729076,1.0050639294352004,-0.066748489200856201,0,0,1,UNSTABLE,4.9050544216457821e-16,8.8916398912289808e-17,1
B3_D2_Original,B3,2,Original,full-grid,1775,26,32,88,1.0071358608038903,1.0049310643394822,-0.066604789938176132,0,0,1,UNSTABLE,2.245367833643712e-16,8.8916398911914113e-17,1
B3_D2_Original,B3,2,Original,full-grid,1776,26,33,89,1.0069850040193677,1.0047888659694144,-0.066469038986464918,0,0,1,UNSTABLE,2.7682499037991361e-16,8.8916398912289784e-17,1
B3_D2_Original,B3,2,Original,full-grid,1777,26,34,90,1.006825768613876,1.0046376957283485,-0.066341756583288919,0,0,1,UNSTABLE,2.4393087916521106e-16,8.8916398912289808e-17,1
B3_D2_Original,B3,2,Original,full-grid,1778,26,35,91,1.0066585523042828,1.0044779214651016,-0.066223456694011876,0,0,1,UNSTABLE,2.9564813754233474e-16,8.8916398912289784e-17,1
B3_D2_Original,B3,2,Original,full-grid,1779,26,36,92,1.0064837589327957,1.0043099172025722,-0.066114651961971027,0,0,1,UNSTABLE,2.456474933289319e-16,8.8916398911914101e-17,1
B3_D2_Original,B3,2,Original,full-grid,1780,26,37,93,1.0063017995119696,1.0041340637801217,-0.066015859135868632,0,0,1,UNSTABLE,2.2658525234916173e-16,8.8916398912289808e-17,1
B3_D2_Original,B3,2,Original,full-grid,1781,26,38,94,1.0061130943395864,1.0039507505376424,-0.065927604965462613,0,0,1,UNSTABLE,2.3474467928445651e-16,8.8916398912289808e-17,1
B3_D2_Original,B3,2,Original,full-grid,1782,26,39,95,1.0059180763528963,1.0037603782105649,-0.06585043255814646,0,0,1,UNSTABLE,2.9691542799994892e-16,8.8916398912289821e-17,1
B3_D2_Original,B3,2,Original,full-grid,1783,26,40,96,1.0057171959461613,1.0035633632596928,-0.065784908183437407,0,0,1,UNSTABLE,2.8755476585022969e-16,8.8916398911914113e-17,1
B3_D2_Original,B3,2,Original,full-grid,1784,26,41,97,1.0055109275470857,1.0033601439325832,-0.065731628491818017,0,0,1,UNSTABLE,2.1857426388402559e-16,8.8916398912289784e-17,1
B3_D2_Original,B3,2,Original,full-grid,1785,26,42,98,1.0052997783382631,1.0031511884462567,-0.065691228073644706,0,0,1,UNSTABLE,2.3138049103690647e-16,8.8916398912289808e-17,1
B3_D2_Original,B3,2,Original,full-grid,1786,26,43,99,1.0050842996222675,1.0029370057982432,-0.065664387209800848,0,0,1,UNSTABLE,3.3135163857425698e-16,8.8916398912289808e-17,1
B3_D2_Original,B3,2,Original,full-grid,1787,26,44,100,1.0048651014653356,1.0027181598574304,-0.065651839540625062,0,0,1,UNSTABLE,4.2096437397869851e-16,8.8916398911914101e-17,1
B3_D2_Original,B3,2,Original,full-grid,1788,26,45,101,1.004642871410556,1.0024952875553903,-0.065654379178255381,0,0,1,UNSTABLE,2.6088449899433358e-16,8.8916398912289808e-17,1
B3_D2_Original,B3,2,Original,full-grid,1789,26,46,102,1.004418398216945,1.0022691221854974,-0.065672866468628924,0,0,1,UNSTABLE,4.493218033544359e-16,8.8916398912289808e-17,1
B3_D2_Original,B3,2,Original,full-grid,1790,26,47,103,1.0041926017255483,1.0020405229947893,-0.065708231117988514,0,0,1,UNSTABLE,2.6781336260120804e-16,8.8916398912289808e-17,1
B3_D2_Original,B3,2,Original,full-grid,1791,26,48,104,1.0039665700129794,1.0018105123625465,-0.065761470661157811,0,0,1,UNSTABLE,4.6406046594253269e-16,8.8916398911914113e-17,1
B3_D2_Original,B3,2,Original,full-grid,1792,26,49,105,1.0037416048432308,1.0015803217832728,-0.065833641170606652,0,0,1,UNSTABLE,3.8867515487587074e-16,8.8916398912289784e-17,1
B3_D2_Original,B3,2,Original,full-grid,1793,26,50,106,1.0035192758398748,1.0013514473861611,-0.065925835602035618,0,0,1,UNSTABLE,4.5988366645369544e-16,8.8916398912289808e-17,1
B3_D2_Original,B3,2,Original,full-grid,1794,26,51,107,1.0033014823860333,1.0011257144440817,-0.066039143217023241,0,0,1,UNSTABLE,3.5955454412969558e-16,8.8916398912289784e-17,1
B3_D2_Original,B3,2,Original,full-grid,1795,26,52,108,1.0030905194221758,1.0009053476457366,-0.066174581289327031,0,0,1,UNSTABLE,3.5538302099250591e-16,8.8916398911914101e-17,1
B3_D2_Original,B3,2,Original,full-grid,1796,26,53,109,1.002889138268684,1.0006930389999789,-0.066332988431777914,0,0,1,UNSTABLE,4.2619448924511495e-16,8.8916398912289808e-17,1
B3_D2_Original,B3,2,Original,full-grid,1797,26,54,110,1.0027005856449787,1.0004919973021955,-0.06651486891700864,0,0,1,UNSTABLE,3.7653866135317082e-16,8.8916398912289808e-17,1
B3_D2_Original,B3,2,Original,full-grid,1798,26,55,111,1.002528593368625,1.0003059520991597,-0.066720182228972733,0,0,1,UNSTABLE,3.5332968253108242e-16,8.8916398912289821e-17,1
B3_D2_Original,B3,2,Original,full-grid,1799,26,56,112,1.0023772805297175,1.0001390734805855,-0.066948086003618554,0,0,1,UNSTABLE,2.8079792398051376e-16,8.8916398911914113e-17,1
B3_D2_Original,B3,2,Original,full-grid,1800,26,57,113,1.0022509267788902,0.99999576407225321,-0.067196667080258468,0,0,1,UNSTABLE,2.4749097233685881e-16,8.8916398912289784e-17,1
B3_D2_Original,B3,2,Original,full-grid,1801,26,58,114,1.0021535925452549,0.99988029425386249,-0.067462732039032872,0,0,1,UNSTABLE,2.8145016760345397e-16,8.8916398912289808e-17,1
B3_D2_Original,B3,2,Original,full-grid,1802,26,59,115,1.0020886112061527,0.99979629866222253,-0.067741758837484276,0,0,1,UNSTABLE,3.3651343019219585e-16,8.8916398912289808e-17,1
B3_D2_Original,B3,2,Original,full-grid,1803,26,60,116,1.0020580534452939,0.99974622760195242,-0.068028103532560183,0,0,1,UNSTABLE,5.0377065227115518e-16,8.8916398911914101e-17,1
B3_D2_Original,B3,2,Original,full-grid,1804,26,61,117,1.0020623259996717,0.99973091367210798,-0.06831548460052296,0,0,1,UNSTABLE,3.592017548832144e-16,8.8916398912289808e-17,1
B3_D2_Original,B3,2,Original,full-grid,1805,26,62,118,1.0021000580265267,0.9997494130013509,-0.068597649378257394,0,0,1,UNSTABLE,3.5541054774522371e-16,8.8916398912289808e-17,1
B3_D2_Original,B3,2,Original,full-grid,1806,26,63,119,1.0021683273263111,0.99979918604143392,-0.068869034310803157,0,0,1,UNSTABLE,4.4301925024293192e-16,8.8916398912289808e-17,1
B3_D2_Original,B3,2,Original,full-grid,1807,26,64,120,1.0022631411284393,0.99987654543002225,-0.069125233913316986,0,0,1,UNSTABLE,3.9176354603484147e-16,8.8916398911914113e-17,1
B3_D2_Original,B3,2,Original,full-grid,1808,26,65,121,1.002380002958829,0.99997720884474162,-0.069363189970054639,0,0,1,UNSTABLE,4.0495069183162959e-16,8.8916398912289784e-17,1
B3_D2_Original,B3,2,Original,full-grid,1809,26,66,122,1.0025144093854028,1.0000967990539462,-0.069581129247905896,0,0,1,UNSTABLE,2.0824028127708695e-16,8.8916398912289808e-17,1
B3_D2_Original,B3,2,Original,full-grid,1810,27,0,57,1.0066847433466597,1.0041973424704693,-0.070723898804979132,0,0,1,UNSTABLE,3.9627565782726432e-16,8.1425379867225174e-17,1
B3_D2_Original,B3,2,Original,full-grid,1811,27,1,58,1.0068474421536655,1.0043650437346106,-0.070658550051304392,0,0,1,UNSTABLE,2.4225365862793405e-16,8.8916398912289821e-17,1
B3_D2_Original,B3,2,Original,full-grid,1812,27,2,59,1.0070051942503702,1.0045284498845213,-0.070583671056602584,0,0,1,UNSTABLE,3.399532523609209e-16,8.8916398912289821e-17,1
B3_D2_Original,B3,2,Original,full-grid,1813,27,3,60,1.0071575138779469,1.0046870592691906,-0.070499437571038395,0,0,1,UNSTABLE,2.6934791501166909e-16,8.8916398911914101e-17,1
B3_D2_Original,B3,2,Original,full-grid,1814,27,4,61,1.0073039059960813,1.0048403589938482,-0.070406050678027493,0,0,1,UNSTABLE,2.2861849166656444e-16,8.8916398912289808e-17,1
B3_D2_Original,B3,2,Original,full-grid,1815,27,5,62,1.0074438683789657,1.0049878267157428,-0.070303741632598282,0,0,1,UNSTABLE,2.2737966319157983e-16,8.8916398912289808e-17,1
B3_D2_Original,B3,2,Original,full-grid,1816,27,6,63,1.0075768947326009,1.005128933489571,-0.070192776416867581,0,0,1,UNSTABLE,3.6910293800368856e-16,8.8916398912289796e-17,1
B3_D2_Original,B3,2,Original,full-grid,1817,27,7,64,1.0077024787664202,1.005263147610084,-0.070073459805080271,0,0,1,UNSTABLE,3.3407275500149752e-16,8.8916398911914113e-17,1
B3_D2_Original,B3,2,Original,full-grid,1818,27,8,65,1.0078201191091198,1.005389939355342,-0.069946138736758381,0,0,1,UNSTABLE,2.9123662420273949e-16,8.8916398912289784e-17,1
B3_D2_Original,B3,2,Original,full-grid,1819,27,9,66,1.0079293249154282,1.00550878648925,-0.069811204812600364,0,0,1,UNSTABLE,4.3097547456375684e-16,8.8916398912289808e-17,1
B3_D2_Original,B3,2,Original,full-grid,1820,27,10,67,1.0080296219701781,1.0056191803390431,-0.069669095756809227,0,0,1,UNSTABLE,3.0159579808998091e-16,8.8916398912289808e-17,1
B3_D2_Original,B3,2,Original,full-grid,1821,27,11,68,1.0081205590629339,1.0057206322269625,-0.06952029572981655,0,0,1,UNSTABLE,3.2817680202682045e-16,8.8916398911914101e-17,1
B3_D2_Original,B3,2,Original,full-grid,1822,27,12,69,1.0082017143832056,1.0058126800081,-0.069365334426917655,0,0,1,UNSTABLE,2.4163169775933179e-16,8.8916398912289808e-17,1
B3_D2_Original,B3,2,Original,full-grid,1823,27,13,70,1.008272701678063,1.0058948944538564,-0.069204784956281407,0,0,1,UNSTABLE,2.8352067193410259e-16,8.8916398912289808e-17,1
B3_D2_Original,B3,2,Original,full-grid,1824,27,14,71,1.0083331759202385,1.0059668852222858,-0.06903926055199959,0,0,1,UNSTABLE,2.1498021020792954e-16,8.8916398912289808e-17,1
B3_D2_Original,B3,2,Original,full-grid,1825,27,15,72,1.0083828382580264,1.0060283061757542,-0.068869410237464998,0,0,1,UNSTABLE,3.8868254735716226e-16,8.8916398911914101e-17,1
B3_D2_Original,B3,2,Original,full-grid,1826,27,16,73,1.0084214400559686,1.0060788598406161,-0.068695913607429604,0,0,1,UNSTABLE,4.2742266508638161e-16,8.8916398912289784e-17,1
B3_D2_Original,B3,2,Original,full-grid,1827,27,17,74,1.0084487858848474,1.0061183008506398,-0.068519474939932684,0,0,1,UNSTABLE,2.1177057317407418e-16,8.8916398912289808e-17,1
B3_D2_Original,B3,2,Original,full-grid,1828,27,18,75,1.0084647353765754,1.0061464382716918,-0.068340816876409596,0,0,1,UNSTABLE,2.6580712839872645e-16,8.8916398912289784e-17,1
B3_D2_Original,B3,2,Original,full-grid,1829,27,19,76,1.0084692039196774,1.0061631367651409,-0.068160673920672168,0,0,1,UNSTABLE,3.2792555590527237e-16,8.8916398911914101e-17,1
B3_D2_Original,B3,2,Original,full-grid,1830,27,20,77,1.0084621622290444,1.0061683166064421,-0.067979786003180206,0,0,1,UNSTABLE,3.818063392596786e-16,8.8916398912289808e-17,1
B3_D2_Original,B3,2,Original,full-grid,1831,27,21,78,1.0084436348750094,1.0061619526286902,-0.067798892338609723,0,0,1,UNSTABLE,4.3143659475728282e-16,8.8916398912289808e-17,1
B3_D2_Original,B3,2,Original,full-grid,1832,27,22,79,1.0084136978990201,1.0061440722058468,-0.067618725774833771,0,0,1,UNSTABLE,3.2553531953026677e-16,8.8916398912289796e-17,1
B3_D2_Original,B3,2,Original,full-grid,1833,27,23,80,1.0083724756733761,1.0061147524236063,-0.067440007793881554,0,0,1,UNSTABLE,5.0215240143348781e-16,8.8916398911914113e-17,1
B3_D2_Original,B3,2,Original,full-grid,1834,27,24,81,1.0083201371810631,1.0060741166077227,-0.067263444283119714,0,0,1,UNSTABLE,5.5582445185946862e-16,8.8916398912289784e-17,1
B3_D2_Original,B3,2,Original,full-grid,1835,27,25,82,1.0082568918982111,1.0060223303891336,-0.067089722153676964,0,0,1,UNSTABLE,2.9378038271835368e-16,8.8916398912289808e-17,1
B3_D2_Original,B3,2,Original,full-grid,1836,27,26,83,1.0081829854589408,1.0059595974853079,-0.066919506842924942,0,0,1,UNSTABLE,3.3317071317871568e-16,8.8916398912289808e-17,1
B3_D2_Original,B3,2,Original,full-grid,1837,27,27,84,1.0080986952711515,1.0058861553682679,-0.066753440704150485,0,0,1,UNSTABLE,3.7978371007244056e-16,8.8916398911914101e-17,1
B3_D2_Original,B3,2,Original,full-grid,1838,27,28,85,1.0080043262362564,1.0058022709760088,-0.066592142258021333,0,0,1,UNSTABLE,3.7315914094024291e-16,8.8916398912289808e-17,1
B3_D2_Original,B3,2,Original,full-grid,1839,27,29,86,1.0079002067063609,1.0057082366056584,-0.066436206260303249,0,0,1,UNSTABLE,2.5449935954310366e-16,8.8916398912289808e-17,1
B3_D2_Original,B3,2,Original,full-grid,1840,27,30,87,1.0077866847936929,1.0056043661087981,-0.066286204525412604,0,0,1,UNSTABLE,3.8979589067355093e-16,8.8916398912289808e-17,1
B3_D2_Original,B3,2,Original,full-grid,1841,27,31,88,1.0076641251286369,1.0054909914910752,-0.066142687438262682,0,0,1,UNSTABLE,3.3356258554539769e-16,8.8916398911914101e-17,1
B3_D2_Original,B3,2,Original,full-grid,1842,27,32,89,1.0075329061478095,1.0053684600032307,-0.066006186084209315,0,0,1,UNSTABLE,3.8236229737062691e-16,8.8916398912289784e-17,1
B3_D2_Original,B3,2,Original,full-grid,1843,27,33,90,1.007393417982652,1.0052371317992734,-0.065877214928537875,0,0,1,UNSTABLE,3.3822889237107935e-16,8.8916398912289808e-17,1
B3_D2_Original,B3,2,Original,full-grid,1844,27,34,91,1.0072460610128737,1.0050973782308663,-0.065756274981088006,0,0,1,UNSTABLE,2.5600583544408639e-16,8.8916398912289784e-17,1
B3_D2_Original,B3,2,Original,full-grid,1845,27,35,92,1.0070912451486265,1.0049495808458722,-0.065643857387547189,0,0,1,UNSTABLE,2.7216872348091183e-16,8.8916398911914101e-17,1
B3_D2_Original,B3,2,Original,full-grid,1846,27,36,93,1.0069293899108998,1.0047941311640529,-0.065540447394053056,0,0,1,UNSTABLE,3.5121927337078228e-16,8.8916398912289808e-17,1
B3_D2_Original,B3,2,Original,full-grid,1847,27,37,94,1.0067609253917427,1.004631431314579,-0.06544652863565803,0,0,1,UNSTABLE,2.8824496426131959e-16,8.8916398912289808e-17,1
B3_D2_Original,B3,2,Original,full-grid,1848,27,38,95,1.0065862941950956,1.0044618956390061,-0.065362587699003952,0,0,1,UNSTABLE,2.3181526046055209e-16,8.8916398912289796e-17,1
B3_D2_Original,B3,2,Original,full-grid,1849,27,39,96,1.0064059544858035,1.0042859533904043,-0.065289118903596219,0,0,1,UNSTABLE,3.417182301639063e-16,8.8916398911914113e-17,1
B3_D2_Original,B3,2,Original,full-grid,1850,27,40,97,1.006220384308933,1.0041040526947356,-0.065226629230896893,0,0,1,UNSTABLE,3.6643348884587424e-16,8.8916398912289784e-17,1
B3_D2_Original,B3,2,Original,full-grid,1851,27,41,98,1.0060300873846117,1.0039166659853884,-0.065175643302322381,0,0,1,UNSTABLE,2.7948639863721383e-16,8.8916398912289808e-17,1
B3_D2_Original,B3,2,Original,full-grid,1852,27,42,99,1.0058356006346556,1.0037242971759071,-0.065136708258936332,0,0,1,UNSTABLE,2.6206171468161524e-16,8.8916398912289808e-17,1
B3_D2_Original,B3,2,Original,full-grid,1853,27,43,100,1.0056375037542926,1.0035274908978065,-0.065110398320990928,0,0,1,UNSTABLE,3.2690493623049497e-16,8.8916398911914101e-17,1
B3_D2_Original,B3,2,Original,full-grid,1854,27,44,101,1.0054364312027473,1.0033268441983272,-0.065097318690882769,0,0,1,UNSTABLE,2.646563342395914e-16,8.8916398912289808e-17,1
B3_D2_Original,B3,2,Original,full-grid,1855,27,45,102,1.0052330870389092,1.0031230211565523,-0.065098108294532983,0,0,1,UNSTABLE,3.0339029245141719e-16,8.8916398912289808e-17,1
B3_D2_Original,B3,2,Original,full-grid,1856,27,46,103,1.0050282630599088,1.0029167709241578,-0.065113440611578852,0,0,1,UNSTABLE,3.2183448118366728e-16,8.8916398912289808e-17,1
B3_D2_Original,B3,2,Original,full-grid,1857,27,47,104,1.0048228606763978,1.0027089496959489,-0.065144021502716837,0,0,1,UNSTABLE,3.7125489136265903e-16,8.8916398911914101e-17,1
B3_D2_Original,B3,2,Original,full-grid,1858,27,48,105,1.004617916830034,1.0025005470186672,-0.06519058247316431,0,0,1,UNSTABLE,3.6317331777645166e-16,8.8916398912289784e-17,1
B3_D2_Original,B3,2,Original,full-grid,1859,27,49,106,1.0044146339386346,1.0022927165680873,-0.065253867200688001,0,0,1,UNSTABLE,3.3183739488332585e-16,8.8916398912289808e-17,1
B3_D2_Original,B3,2,Original,full-grid,1860,27,50,107,1.0042144132124275,1.002086810933724,-0.065334608411312764,0,0,1,UNSTABLE,2.8205625727681096e-16,8.8916398912289784e-17,1
B3_D2_Original,B3,2,Original,full-grid,1861,27,51,108,1.0040188895375215,1.0018844188596023,-0.065433491382581269,0,0,1,UNSTABLE,4.3834751682164423e-16,8.8916398911914101e-17,1
B3_D2_Original,B3,2,Original,full-grid,1862,27,52,109,1.0038299642432518,1.0016874015581012,-0.065551099703877916,0,0,1,UNSTABLE,3.6772866323969037e-16,8.8916398912289808e-17,1
B3_D2_Original,B3,2,Original,full-grid,1863,27,53,110,1.0036498292645717,1.001497921918737,-0.065687838868814505,0,0,1,UNSTABLE,3.5127839388649749e-16,8.8916398912289808e-17,1
B3_D2_Original,B3,2,Original,full-grid,1864,27,54,111,1.0034809724824805,1.0013184566256412,-0.065843834603011242,0,0,1,UNSTABLE,2.330924875257609e-16,8.8916398912289796e-17,1
B3_D2_Original,B3,2,Original,full-grid,1865,27,55,112,1.0033261499368582,1.0011517768605196,-0.066018806685241044,0,0,1,UNSTABLE,3.8792426634270109e-16,8.8916398911914113e-17,1
B3_D2_Original,B3,2,Original,full-grid,1866,27,56,113,1.003188307766663,1.0010008799263612,-0.066211926617427599,0,0,1,UNSTABLE,3.4161606806363164e-16,8.8916398912289784e-17,1
B3_D2_Original,B3,2,Original,full-grid,1867,27,57,114,1.0030704381885023,1.0008688547949667,-0.066421679210072623,0,0,1,UNSTABLE,4.8912974977237662e-16,8.8916398912289808e-17,1
B3_D2_Original,B3,2,Original,full-grid,1868,27,58,115,1.0029753635652956,1.0007586733808269,-0.06664576184563073,0,0,1,UNSTABLE,2.6103489798512242e-16,8.8916398912289808e-17,1
B3_D2_Original,B3,2,Original,full-grid,1869,27,59,116,1.0029054631881815,1.0006729192349462,-0.066881064603608584,0,0,1,UNSTABLE,3.7125356579128253e-16,8.8916398911914101e-17,1
B3_D2_Original,B3,2,Original,full-grid,1870,27,60,117,1.0028623855678758,1.0006134937597486,-0.067123769953724544,0,0,1,UNSTABLE,3.9629798930858242e-16,8.8916398912289808e-17,1
B3_D2_Original,B3,2,Original,full-grid,1871,27,61,118,1.0028468126349321,1.0005813653173474,-0.067369585064148488,0,0,1,UNSTABLE,3.3378461313141934e-16,8.8916398912289808e-17,1
B3_D2_Original,B3,2,Original,full-grid,1872,27,62,119,1.0028583440602965,1.0005764312755359,-0.067614077138365924,0,0,1,UNSTABLE,3.0018425387073945e-16,8.8916398912289808e-17,1
B3_D2_Original,B3,2,Original,full-grid,1873,27,63,120,1.002895540535311,1.0005975364388171,-0.067853041922848023,0,0,1,UNSTABLE,2.4371579208356931e-16,8.8916398911914101e-17,1
B3_D2_Original,B3,2,Original,full-grid,1874,27,64,121,1.0029561146968484,1.0006426422222001,-0.06808282143368935,0,0,1,UNSTABLE,3.5824232567161789e-16,8.8916398912289784e-17,1
B3_D2_Original,B3,2,Original,full-grid,1875,27,65,122,1.0030372136514651,1.0007090948678883,-0.06830050818542116,0,0,1,UNSTABLE,3.4690369473597679e-16,8.8916398912289808e-17,1
B3_D2_Original,B3,2,Original,full-grid,1876,27,66,123,1.003135720027754,1.0007939211313699,-0.068504016101961773,0,0,1,UNSTABLE,2.5680879202819294e-16,8.8916398912289784e-17,1
B3_D2_Original,B3,2,Original,full-grid,1877,28,0,58,1.0069696829670003,1.0045476562598634,-0.069799346110663629,0,0,1,UNSTABLE,2.5414321171706239e-16,8.1425379867202864e-17,1
B3_D2_Original,B3,2,Original,full-grid,1878,28,1,59,1.0071241060172338,1.0047064794168412,-0.069741344544170733,0,0,1,UNSTABLE,3.4902461331860782e-16,8.8916398912289821e-17,1
B3_D2_Original,B3,2,Original,full-grid,1879,28,2,60,1.0072742101115764,1.0048615917880392,-0.069674354716124043,0,0,1,UNSTABLE,3.0213676785692392e-16,8.8916398911914101e-17,1
B3_D2_Original,B3,2,Original,full-grid,1880,28,3,61,1.0074195292741366,1.0050125150189517,-0.069598510172303146,0,0,1,UNSTABLE,6.9867295687656316e-16,8.8916398912289808e-17,1
B3_D2_Original,B3,2,Original,full-grid,1881,28,4,62,1.0075595863937472,1.0051587576939049,-0.069513969568602202,0,0,1,UNSTABLE,4.2722985102468069e-16,8.8916398912289808e-17,1
B3_D2_Original,B3,2,Original,full-grid,1882,28,5,63,1.0076938952665122,1.0052998170910463,-0.069420921299742297,0,0,1,UNSTABLE,4.6238959248831616e-16,8.8916398912289796e-17,1
B3_D2_Original,B3,2,Original,full-grid,1883,28,6,64,1.0078219635835124,1.0054351819061731,-0.06931958790000925,0,0,1,UNSTABLE,4.3219352930390345e-16,8.8916398911914113e-17,1
B3_D2_Original,B3,2,Original,full-grid,1884,28,7,65,1.0079432968177338,1.0055643359127751,-0.069210230024913749,0,0,1,UNSTABLE,3.603809188319651e-16,8.8916398912289808e-17,1
B3_D2_Original,B3,2,Original,full-grid,1885,28,8,66,1.0080574029232727,1.0056867624841819,-0.06909314982324917,0,0,1,UNSTABLE,3.0819780647492373e-16,8.8916398912289808e-17,1
B3_D2_Original,B3,2,Original,full-grid,1886,28,9,67,1.0081637977184701,1.0058019498610009,-0.068968693520587723,0,0,1,UNSTABLE,2.4490179229634759e-16,8.8916398912289784e-17,1
B3_D2_Original,B3,2,Original,full-grid,1887,28,10,68,1.0082620107845019,1.0059093970049013,-0.068837253057066825,0,0,1,UNSTABLE,2.5584667094237093e-16,8.8916398911914101e-17,1
B3_D2_Original,B3,2,Original,full-grid,1888,28,11,69,1.0083515916759882,1.0060086198418845,-0.068699266657844038,0,0,1,UNSTABLE,3.0684941509916288e-16,8.8916398912289821e-17,1
B3_D2_Original,B3,2,Original,full-grid,1889,28,12,70,1.0084321162150673,1.0060991576696372,-0.068555218258316813,0,0,1,UNSTABLE,3.7027641017242934e-16,8.8916398912289808e-17,1
B3_D2_Original,B3,2,Original,full-grid,1890,28,13,71,1.0085031926264558,1.0061805794855747,-0.06840563576071379,0,0,1,UNSTABLE,3.5947352245280448e-16,8.8916398912289808e-17,1
B3_D2_Original,B3,2,Original,full-grid,1891,28,14,72,1.0085644672726992,1.0062524899897964,-0.06825108815541725,0,0,1,UNSTABLE,5.3686089247819445e-16,8.8916398911914113e-17,1
B3_D2_Original,B3,2,Original,full-grid,1892,28,15,73,1.0086156297650364,1.0063145350294262,-0.068092181598410101,0,0,1,UNSTABLE,2.2007704920617372e-16,8.8916398912289784e-17,1
B3_D2_Original,B3,2,Original,full-grid,1893,28,16,74,1.0086564172564092,1.0063664062784858,-0.067929554589008678,0,0,1,UNSTABLE,3.7958552021118392e-16,8.8916398912289808e-17,1
B3_D2_Original,B3,2,Original,full-grid,1894,28,17,75,1.0086866177666474,1.00640784498832,-0.067763872435717173,0,0,1,UNSTABLE,3.8318683548024185e-16,8.8916398912289784e-17,1
B3_D2_Original,B3,2,Original,full-grid,1895,28,18,76,1.0087060724417647,1.0064386446938769,-0.067595821229148104,0,0,1,UNSTABLE,2.2594059086364775e-16,8.8916398911914101e-17,1
B3_D2_Original,B3,2,Original,full-grid,1896,28,19,77,1.008714676705635,1.0064586528169777,-0.067426101557095691,0,0,1,UNSTABLE,3.9854477509199458e-16,8.8916398912289808e-17,1
B3_D2_Original,B3,2,Original,full-grid,1897,28,20,78,1.0087123803181686,1.0064677711641394,-0.067255422198031323,0,0,1,UNSTABLE,2.9417993215652152e-16,8.8916398912289808e-17,1
B3_D2_Original,B3,2,Original,full-grid,1898,28,21,79,1.0086991864053658,1.006465955369281,-0.067084494016481297,0,0,1,UNSTABLE,2.7378626899240708e-16,8.8916398912289796e-17,1
B3_D2_Original,B3,2,Original,full-grid,1899,28,22,80,1.0086751495697468,1.0064532133771218,-0.066914024258126259,0,0,1,UNSTABLE,3.0156024243209541e-16,8.8916398911914113e-17,1
B3_D2_Original,B3,2,Original,full-grid,1900,28,23,81,1.0086403732225087,1.0064296030986415,-0.066744711409613605,0,0,1,UNSTABLE,3.6519480401595489e-16,8.8916398912289808e-17,1
B3_D2_Original,B3,2,Original,full-grid,1901,28,24,82,1.0085950063000755,1.0063952293943661,-0.06657724074869989,0,0,1,UNSTABLE,3.358341889634497e-16,8.8916398912289808e-17,1
B3_D2_Original,B3,2,Original,full-grid,1902,28,25,83,1.0085392395381405,1.0063502405546121,-0.066412280670409038,0,0,1,UNSTABLE,4.2760018482120226e-16,8.8916398912289784e-17,1
B3_D2_Original,B3,2,Original,full-grid,1903,28,26,84,1.0084733014766185,1.006294824448895,-0.066250479836139103,0,0,1,UNSTABLE,3.9171583539996963e-16,8.8916398911914101e-17,1
B3_D2_Original,B3,2,Original,full-grid,1904,28,27,85,1.0083974543611656,1.0062292045113224,-0.06609246515746181,0,0,1,UNSTABLE,2.6731548117028408e-16,8.8916398912289821e-17,1
B3_D2_Original,B3,2,Original,full-grid,1905,28,28,86,1.0083119900933746,1.0061536357170828,-0.06593884059761182,0,0,1,UNSTABLE,2.4580520720106853e-16,8.8916398912289808e-17,1
B3_D2_Original,B3,2,Original,full-grid,1906,28,29,87,1.0082172263648654,1.0060684006896803,-0.06579018674978282,0,0,1,UNSTABLE,5.5590769327447801e-16,8.8916398912289808e-17,1
B3_D2_Original,B3,2,Original,full-grid,1907,28,30,88,1.0081135030915402,1.0059738060604513,-0.065647061135641713,0,0,1,UNSTABLE,4.0260296084916324e-16,8.8916398911914113e-17,1
B3_D2_Original,B3,2,Original,full-grid,1908,28,31,89,1.0080011792469414,1.0058701791850677,-0.06550999915603882,0,0,1,UNSTABLE,2.3158315900475388e-16,8.8916398912289784e-17,1
B3_D2_Original,B3,2,Original,full-grid,1909,28,32,90,1.0078806301772887,1.0057578653054615,-0.065379515620489659,0,0,1,UNSTABLE,4.4900140208097261e-16,8.8916398912289808e-17,1
B3_D2_Original,B3,2,Original,full-grid,1910,28,33,91,1.0077522454680599,1.0056372252327241,-0.065256106780468573,0,0,1,UNSTABLE,2.8807420845708273e-16,8.8916398912289784e-17,1
B3_D2_Original,B3,2,Original,full-grid,1911,28,34,92,1.0076164274233717,1.0055086336176271,-0.065140252792350292,0,0,1,UNSTABLE,2.7214934605949937e-16,8.8916398911914101e-17,1
B3_D2_Original,B3,2,Original,full-grid,1912,28,35,93,1.007473590214627,1.0053724778702213,-0.065032420538079269,0,0,1,UNSTABLE,3.624641859260598e-16,8.8916398912289808e-17,1
B3_D2_Original,B3,2,Original,full-grid,1913,28,36,94,1.0073241597555953,1.0052291577903389,-0.064933066733692729,0,0,1,UNSTABLE,5.5765595634682332e-16,8.8916398912289808e-17,1
B3_D2_Original,B3,2,Original,full-grid,1914,28,37,95,1.0071685743658667,1.0050790859753627,-0.064842641256368544,0,0,1,UNSTABLE,4.2286452218595537e-16,8.8916398912289796e-17,1
B3_D2_Original,B3,2,Original,full-grid,1915,28,38,96,1.0070072862948245,1.0049226890818814,-0.064761590617488138,0,0,1,UNSTABLE,3.1761720007250725e-16,8.8916398911914113e-17,1
B3_D2_Original,B3,2,Original,full-grid,1916,28,39,97,1.0068407641925023,1.0047604100324667,-0.06469036150101122,0,0,1,UNSTABLE,2.7130895793123984e-16,8.8916398912289808e-17,1
B3_D2_Original,B3,2,Original,full-grid,1917,28,40,98,1.0066694966324328,1.0045927112784738,-0.064629404270507076,0,0,1,UNSTABLE,4.2706028286310023e-16,8.8916398912289808e-17,1
B3_D2_Original,B3,2,Original,full-grid,1918,28,41,99,1.0064939968134357,1.0044200792532738,-0.064579176321250722,0,0,1,UNSTABLE,3.4316398824886345e-16,8.8916398912289784e-17,1
B3_D2_Original,B3,2,Original,full-grid,1919,28,42,100,1.0063148085905989,1.0042430301762433,-0.06454014511271787,0,0,1,UNSTABLE,2.820940402121722e-16,8.8916398911914101e-17,1
B3_D2_Original,B3,2,Original,full-grid,1920,28,43,101,1.0061325140079294,1.0040621173940105,-0.064512790655595287,0,0,1,UNSTABLE,2.8501289908198668e-16,8.8916398912289821e-17,1
B3_D2_Original,B3,2,Original,full-grid,1921,28,44,102,1.0059477425207182,1.0038779404666625,-0.064497607141207405,0,0,1,UNSTABLE,4.4045058857113055e-16,8.8916398912289808e-17,1
B3_D2_Original,B3,2,Original,full-grid,1922,28,45,103,1.0057611820965773,1.0036911562154731,-0.06449510328041444,0,0,1,UNSTABLE,2.0126565925200232e-16,8.8916398912289808e-17,1
B3_D2_Original,B3,2,Original,full-grid,1923,28,46,104,1.0055735923556632,1.0035024919309123,-0.064505800758712678,0,0,1,UNSTABLE,3.8704008893598141e-16,8.8916398911914113e-17,1
B3_D2_Original,B3,2,Original,full-grid,1924,28,47,105,1.0053858198321524,1.0033127608753691,-0.064530230002793912,0,0,1,UNSTABLE,4.1023094798401511e-16,8.8916398912289784e-17,1
B3_D2_Original,B3,2,Original,full-grid,1925,28,48,106,1.0051988152764819,1.0031228800700873,-0.064568922192773978,0,0,1,UNSTABLE,3.5942146172141663e-16,8.8916398912289808e-17,1
B3_D2_Original,B3,2,Original,full-grid,1926,28,49,107,1.0050136526256452,1.0029338900845732,-0.064622396146895661,0,0,1,UNSTABLE,2.5804718752099019e-16,8.8916398912289784e-17,1
B3_D2_Original,B3,2,Original,full-grid,1927,28,50,108,1.0048315487833483,1.0027469760835253,-0.064691138386091168,0,0,1,UNSTABLE,4.3388027511172426e-16,8.8916398911914101e-17,1
B3_D2_Original,B3,2,Original,full-grid,1928,28,51,109,1.0046538826022178,1.002563488655893,-0.06477557442304889,0,0,1,UNSTABLE,2.1067859073373463e-16,8.8916398912289808e-17,1
B3_D2_Original,B3,2,Original,full-grid,1929,28,52,110,1.0044822103798416,1.0023849618772305,-0.064876029255464374,0,0,1,UNSTABLE,3.4885683489488817e-16,8.8916398912289808e-17,1
B3_D2_Original,B3,2,Original,full-grid,1930,28,53,111,1.0043182737569827,1.0022131246123078,-0.06499267541069742,0,0,1,UNSTABLE,4.2290082575700826e-16,8.8916398912289796e-17,1
B3_D2_Original,B3,2,Original,full-grid,1931,28,54,112,1.0041639942568865,1.0020498993441553,-0.065125468031430503,0,0,1,UNSTABLE,3.3383760909660054e-16,8.8916398911914113e-17,1
B3_D2_Original,B3,2,Original,full-grid,1932,28,55,113,1.0040214472047486,1.0018973811658158,-0.065274068819078088,0,0,1,UNSTABLE,3.4511930449796079e-16,8.8916398912289808e-17,1
B3_D2_Original,B3,2,Original,full-grid,1933,28,56,114,1.0038928071738158,1.0017577887275553,-0.065437764471312151,0,0,1,UNSTABLE,3.6600273303834287e-16,8.8916398912289808e-17,1
B3_D2_Original,B3,2,Original,full-grid,1934,28,57,115,1.0037802585896425,1.0016333800709885,-0.065615390434383136,0,0,1,UNSTABLE,3.639718722661365e-16,8.8916398912289784e-17,1
B3_D2_Original,B3,2,Original,full-grid,1935,28,58,116,1.0036858699771782,1.0015263307601345,-0.065805276277718691,0,0,1,UNSTABLE,3.5908946062821168e-16,8.8916398911914101e-17,1
B3_D2_Original,B3,2,Original,full-grid,1936,28,59,117,1.0036114391647286,1.0014385802984396,-0.066005232460339541,0,0,1,UNSTABLE,2.7617136694493711e-16,8.8916398912289821e-17,1
B3_D2_Original,B3,2,Original,full-grid,1937,28,60,118,1.0035583282837648,1.001371664436745,-0.066212596466891829,0,0,1,UNSTABLE,2.4549592313108176e-16,8.8916398912289808e-17,1
B3_D2_Original,B3,2,Original,full-grid,1938,28,61,119,1.0035273176432438,1.001326561823078,-0.066424346769973067,0,0,1,UNSTABLE,2.1172541091014275e-16,8.8916398912289808e-17,1
B3_D2_Original,B3,2,Original,full-grid,1939,28,62,120,1.0035185107877052,1.0013035877601921,-0.066637276596068634,0,0,1,UNSTABLE,1.979219068616925e-16,8.8916398911914113e-17,1
B3_D2_Original,B3,2,Original,full-grid,1940,28,63,121,1.0035313150667164,1.0013023610672587,-0.066848201476676222,0,0,1,UNSTABLE,2.3951048468755851e-16,8.8916398912289784e-17,1
B3_D2_Original,B3,2,Original,full-grid,1941,28,64,122,1.0035645039662406,1.0013218527596077,-0.067054163234459688,0,0,1,UNSTABLE,4.0098068515815462e-16,8.8916398912289808e-17,1
B3_D2_Original,B3,2,Original,full-grid,1942,28,65,123,1.0036163464108294,1.0013605041880429,-0.067252594264387788,0,0,1,UNSTABLE,3.7987284223952363e-16,8.8916398912289784e-17,1
B3_D2_Original,B3,2,Original,full-grid,1943,28,66,124,1.00368477335123,1.0014163865501717,-0.067441419068010558,0,0,1,UNSTABLE,3.8543585903415225e-16,8.8916398911914101e-17,1
B3_D2_Original,B3,2,Original,full-grid,1944,29,0,59,1.0071947945148247,1.0048370245298921,-0.068876035249373399,0,0,1,UNSTABLE,5.019199013683743e-16,8.1425379867225199e-17,1
B3_D2_Original,B3,2,Original,full-grid,1945,29,1,60,1.0073419621167228,1.0049880204172792,-0.068825194942892673,0,0,1,UNSTABLE,3.449479890944487e-16,8.8916398911914101e-17,1
B3_D2_Original,B3,2,Original,full-grid,1946,29,2,61,1.0074853913028696,1.0051358476308725,-0.068765845418085655,0,0,1,UNSTABLE,3.4597218545535317e-16,8.8916398912289808e-17,1
B3_D2_Original,B3,2,Original,full-grid,1947,29,3,62,1.0076246351848075,1.0052800499211563,-0.068698083392726969,0,0,1,UNSTABLE,3.4132190947957144e-16,8.8916398912289808e-17,1
B3_D2_Original,B3,2,Original,full-grid,1948,29,4,63,1.0077592342366457,1.0054201565404508,-0.068622030073479584,0,0,1,UNSTABLE,3.8342307502784828e-16,8.8916398912289796e-17,1
B3_D2_Original,B3,2,Original,full-grid,1949,29,5,64,1.0078887182220793,1.0055556838936139,-0.068537835598976318,0,0,1,UNSTABLE,3.543809026032996e-16,8.8916398911914101e-17,1
B3_D2_Original,B3,2,Original,full-grid,1950,29,6,65,1.0080126090036172,1.0056861380901323,-0.068445683308990549,0,0,1,UNSTABLE,3.6216372577329537e-16,8.8916398912289808e-17,1
B3_D2_Original,B3,2,Original,full-grid,1951,29,7,66,1.0081304242058187,1.0058110183817093,-0.068345793662469845,0,0,1,UNSTABLE,2.9117410747503764e-16,8.8916398912289784e-17,1
B3_D2_Original,B3,2,Original,full-grid,1952,29,8,67,1.0082416816658497,1.0059298214307497,-0.06823842762462215,0,0,1,UNSTABLE,3.8310452537042623e-16,8.8916398912289808e-17,1
B3_D2_Original,B3,2,Original,full-grid,1953,29,9,68,1.0083459045653964,1.0060420463150548,-0.068123889348927852,0,0,1,UNSTABLE,2.8086419765478617e-16,8.8916398911914101e-17,1
B3_D2_Original,B3,2,Original,full-grid,1954,29,10,69,1.0084426270977374,1.0061472001321228,-0.068002527997688925,0,0,1,UNSTABLE,1.7656323436072405e-16,8.8916398912289808e-17,1
B3_D2_Original,B3,2,Original,full-grid,1955,29,11,70,1.0085314004887249,1.0062448040289986,-0.06787473857327854,0,0,1,UNSTABLE,4.0404584453387623e-16,8.8916398912289808e-17,1
B3_D2_Original,B3,2,Original,full-grid,1956,29,12,71,1.0086117991622796,1.0063343994523872,-0.067740961671455019,0,0,1,UNSTABLE,2.0710301524474819e-16,8.8916398912289784e-17,1
B3_D2_Original,B3,2,Original,full-grid,1957,29,13,72,1.0086834268237443,1.006415554392855,-0.067601682116751161,0,0,1,UNSTABLE,4.3534998167091973e-16,8.8916398911914101e-17,1
B3_D2_Original,B3,2,Original,full-grid,1958,29,14,73,1.0087459222307784,1.0064878693894808,-0.067457426492915584,0,0,1,UNSTABLE,3.1712678458420959e-16,8.8916398912289784e-17,1
B3_D2_Original,B3,2,Original,full-grid,1959,29,15,74,1.0087989644315889,1.0065509830675827,-0.067308759637427412,0,0,1,UNSTABLE,2.6712423223764815e-16,8.8916398912289808e-17,1
B3_D2_Original,B3,2,Original,full-grid,1960,29,16,75,1.0088422772756496,1.0066045770041372,-0.067156280220399114,0,0,1,UNSTABLE,4.2059034601975831e-16,8.8916398912289784e-17,1
B3_D2_Original,B3,2,Original,full-grid,1961,29,17,76,1.0088756330388933,1.0066483797495298,-0.067000615573843181,0,0,1,UNSTABLE,3.1117988701507614e-16,8.8916398911914101e-17,1
B3_D2_Original,B3,2,Original,full-grid,1962,29,18,77,1.0088988550528504,1.0066821698799773,-0.066842415969898913,0,0,1,UNSTABLE,2.5592523512699376e-16,8.8916398912289808e-17,1
B3_D2_Original,B3,2,Original,full-grid,1963,29,19,78,1.0089118192791315,1.0067057780059132,-0.066682348568687766,0,0,1,UNSTABLE,3.3987829401177637e-16,8.8916398912289808e-17,1
B3_D2_Original,B3,2,Original,full-grid,1964,29,20,79,1.0089144548245579,1.0067190877158541,-0.066521091260540885,0,0,1,UNSTABLE,3.2910599850568753e-16,8.8916398912289796e-17,1
B3_D2_Original,B3,2,Original,full-grid,1965,29,21,80,1.0089067434426626,1.0067220354866988,-0.066359326621031584,0,0,1,UNSTABLE,4.4441028338395799e-16,8.8916398911914101e-17,1
B3_D2_Original,B3,2,Original,full-grid,1966,29,22,81,1.0088887181113528,1.0067146096374737,-0.066197736176077993,0,0,1,UNSTABLE,2.8785651394971931e-16,8.8916398912289808e-17,1
B3_D2_Original,B3,2,Original,full-grid,1967,29,23,82,1.008860460811227,1.0066968484406869,-0.066036995145375546,0,0,1,UNSTABLE,2.8891215584888869e-16,8.8916398912289784e-17,1
B3_D2_Original,B3,2,Original,full-grid,1968,29,24,83,1.0088220996532911,1.0066688375324511,-0.065877767797175274,0,0,1,UNSTABLE,2.4258469700200353e-16,8.8916398912289808e-17,1
B3_D2_Original,B3,2,Original,full-grid,1969,29,25,84,1.0087738055186894,1.006630706779319,-0.065720703508312037,0,0,1,UNSTABLE,2.6657746560816403e-16,8.8916398911914101e-17,1
B3_D2_Original,B3,2,Original,full-grid,1970,29,26,85,1.0087157883763047,1.0065826267656068,-0.065566433586715184,0,0,1,UNSTABLE,3.741869787404732e-16,8.8916398912289808e-17,1
B3_D2_Original,B3,2,Original,full-grid,1971,29,27,86,1.008648293439774,1.0065248050631377,-0.065415568877605662,0,0,1,UNSTABLE,3.1413159349608451e-16,8.8916398912289808e-17,1
B3_D2_Original,B3,2,Original,full-grid,1972,29,28,87,1.0085715973141172,1.0064574824359127,-0.065268698144776913,0,0,1,UNSTABLE,3.6080348166072638e-16,8.8916398912289784e-17,1
B3_D2_Original,B3,2,Original,full-grid,1973,29,29,88,1.00848600426688,1.0063809291184334,-0.065126387193644275,0,0,1,UNSTABLE,2.6476775102181121e-16,8.8916398911914101e-17,1
B3_D2_Original,B3,2,Original,full-grid,1974,29,30,89,1.0083918427413963,1.0062954412902023,-0.064989178683425186,0,0,1,UNSTABLE,3.254518611291617e-16,8.8916398912289784e-17,1
B3_D2_Original,B3,2,Original,full-grid,1975,29,31,90,1.0082894622116032,1.0062013378513424,-0.064857592563498462,0,0,1,UNSTABLE,2.6139967290244092e-16,8.8916398912289808e-17,1
B3_D2_Original,B3,2,Original,full-grid,1976,29,32,91,1.0081792304615167,1.0060989575882933,-0.064732127060104463,0,0,1,UNSTABLE,2.8223661757033375e-16,8.8916398912289784e-17,1
B3_D2_Original,B3,2,Original,full-grid,1977,29,33,92,1.0080615313578571,1.0059886568039196,-0.064613260135933742,0,0,1,UNSTABLE,3.3173753043814e-16,8.8916398911914101e-17,1
B3_D2_Original,B3,2,Original,full-grid,1978,29,34,93,1.007936763173193,1.0058708074751133,-0.064501451343492999,0,0,1,UNSTABLE,2.4526518891641274e-16,8.8916398912289808e-17,1
B3_D2_Original,B3,2,Original,full-grid,1979,29,35,94,1.0078053375090161,1.0057457959927631,-0.064397143993696768,0,0,1,UNSTABLE,3.139101611348573e-16,8.8916398912289808e-17,1
B3_D2_Original,B3,2,Original,full-grid,1980,29,36,95,1.0076676788642351,1.0056140225348427,-0.064300767560957872,0,0,1,UNSTABLE,2.0976559620365234e-16,8.8916398912289796e-17,1
B3_D2_Original,B3,2,Original,full-grid,1981,29,37,96,1.0075242248936565,1.0054759011222689,-0.064212740246190975,0,0,1,UNSTABLE,3.1494662234660628e-16,8.8916398911914101e-17,1
B3_D2_Original,B3,2,Original,full-grid,1982,29,38,97,1.0073754274042881,1.005331860410551,-0.064133471615316254,0,0,1,UNSTABLE,3.23066163552531e-16,8.8916398912289808e-17,1
B3_D2_Original,B3,2,Original,full-grid,1983,29,39,98,1.0072217541424429,1.0051823452757229,-0.064063365223638924,0,0,1,UNSTABLE,5.1237923832743068e-16,8.8916398912289784e-17,1
B3_D2_Original,B3,2,Original,full-grid,1984,29,40,99,1.0070636914323523,1.0050278192614868,-0.064002821124198889,0,0,1,UNSTABLE,4.1051917905641656e-16,8.8916398912289808e-17,1
B3_D2_Original,B3,2,Original,full-grid,1985,29,41,100,1.0069017477352373,1.0048687679640631,-0.063952238136452288,0,0,1,UNSTABLE,4.1394994345586459e-16,8.8916398911914101e-17,1
B3_D2_Original,B3,2,Original,full-grid,1986,29,42,101,1.0067364582052121,1.004705703440522,-0.063912015722091167,0,0,1,UNSTABLE,3.3540651236349768e-16,8.8916398912289808e-17,1
B3_D2_Original,B3,2,Original,full-grid,1987,29,43,102,1.0065683903211835,1.004539169731993,-0.063882555270878591,0,0,1,UNSTABLE,4.7302509844120504e-16,8.8916398912289808e-17,1
B3_D2_Original,B3,2,Original,full-grid,1988,29,44,103,1.0063981506695938,1.0043697495925994,-0.063864260541227055,0,0,1,UNSTABLE,4.267949195517773e-16,8.8916398912289784e-17,1
B3_D2_Original,B3,2,Original,full-grid,1989,29,45,104,1.0062263929327253,1.0041980724999195,-0.063857536922823074,0,0,1,UNSTABLE,3.2932546039473451e-16,8.8916398911914101e-17,1
B3_D2_Original,B3,2,Original,full-grid,1990,29,46,105,1.0060538270941293,1.0040248239860403,-0.063862789091496411,0,0,1,UNSTABLE,4.6335582253751523e-16,8.8916398912289784e-17,1
B3_D2_Original,B3,2,Original,full-grid,1991,29,47,106,1.0058812297916455,1.0038507562550962,-0.063880416507916371,0,0,1,UNSTABLE,2.1806189738750798e-16,8.8916398912289808e-17,1
B3_D2_Original,B3,2,Original,full-grid,1992,29,48,107,1.0057094556127519,1.003676699926586,-0.063910806076715371,0,0,1,UNSTABLE,6.48544857062713e-16,8.8916398912289784e-17,1
B3_D2_Original,B3,2,Original,full-grid,1993,29,49,108,1.0055394489125753,1.0035035765389817,-0.063954321143123397,0,0,1,UNSTABLE,3.684826860233349e-16,8.8916398911914101e-17,1
B3_D2_Original,B3,2,Original,full-grid,1994,29,50,109,1.0053722554169213,1.0033324111387278,-0.064011285885022362,0,0,1,UNSTABLE,3.3824374392947904e-16,8.8916398912289808e-17,1
B3_D2_Original,B3,2,Original,full-grid,1995,29,51,110,1.0052090324255505,1.0031643438370219,-0.064081964108074013,0,0,1,UNSTABLE,3.3445243768833122e-16,8.8916398912289808e-17,1
B3_D2_Original,B3,2,Original,full-grid,1996,29,52,111,1.0050510558449912,1.0030006386261672,-0.064166531545908775,0,0,1,UNSTABLE,3.0764472916885442e-16,8.8916398912289796e-17,1
B3_D2_Original,B3,2,Original,full-grid,1997,29,53,112,1.0048997215778877,1.0028426870238971,-0.064265041118837088,0,0,1,UNSTABLE,3.3624979629589127e-16,8.8916398911914101e-17,1
B3_D2_Original,B3,2,Original,full-grid,1998,29,54,113,1.0047565380700929,1.002692003341161,-0.06437738135624578,0,0,1,UNSTABLE,4.1684429726771626e-16,8.8916398912289808e-17,1
B3_D2_Original,B3,2,Original,full-grid,1999,29,55,114,1.0046231062640367,1.0025502077332966,-0.064503229481369675,0,0,1,UNSTABLE,4.4181005475440193e-16,8.8916398912289784e-17,1
B3_D2_Original,B3,2,Original,full-grid,2000,29,56,115,1.0045010831683687,1.0024189930320133,-0.064642002561107414,0,0,1,UNSTABLE,2.5952375516210346e-16,8.8916398912289808e-17,1
B3_D2_Original,B3,2,Original,full-grid,2001,29,57,116,1.004392126183618,1.0023000721272468,-0.064792812513154385,0,0,1,UNSTABLE,2.3975861826389348e-16,8.8916398911914101e-17,1
B3_D2_Original,B3,2,Original,full-grid,2002,29,58,117,1.0042978176797728,1.0021951048616264,-0.064954433164701994,0,0,1,UNSTABLE,2.6843057661118361e-16,8.8916398912289808e-17,1
B3_D2_Original,B3,2,Original,full-grid,2003,29,59,118,1.0042195732806898,1.0021056072505758,-0.065125289074252704,0,0,1,UNSTABLE,4.3053025163954555e-16,8.8916398912289808e-17,1
B3_D2_Original,B3,2,Original,full-grid,2004,29,60,119,1.0041585424042674,1.0020328509588503,-0.065303475273074577,0,0,1,UNSTABLE,2.9248829107691855e-16,8.8916398912289784e-17,1
B3_D2_Original,B3,2,Original,full-grid,2005,29,61,120,1.0041155144660938,1.0019777660468685,-0.065486813475961039,0,0,1,UNSTABLE,3.6880878783339618e-16,8.8916398911914101e-17,1
B3_D2_Original,B3,2,Original,full-grid,2006,29,62,121,1.0040908467127214,1.0019408629883584,-0.06567294364053991,0,0,1,UNSTABLE,4.7084621830643953e-16,8.8916398912289784e-17,1
B3_D2_Original,B3,2,Original,full-grid,2007,29,63,122,1.0040844280352497,1.0019221888855299,-0.065859441553226927,0,0,1,UNSTABLE,5.4942620284865535e-16,8.8916398912289808e-17,1
B3_D2_Original,B3,2,Original,full-grid,2008,29,64,123,1.004095686870953,1.0019213270318534,-0.066043946214475915,0,0,1,UNSTABLE,4.4942541997268522e-16,8.8916398912289784e-17,1
B3_D2_Original,B3,2,Original,full-grid,2009,29,65,124,1.0041236421158541,1.0019374399909655,-0.066224278028215122,0,0,1,UNSTABLE,2.6916792706642802e-16,8.8916398911914101e-17,1
B3_D2_Original,B3,2,Original,full-grid,2010,29,66,125,1.0041669870808265,1.0019693473215865,-0.066398531391430579,0,0,1,UNSTABLE,2.4815950074138096e-16,8.8916398912289808e-17,1
B3_D2_Original,B3,2,Original,full-grid,2011,30,0,60,1.0073660768816393,1.0050711498436593,-0.067958786068095509,0,0,1,UNSTABLE,2.6508629913950846e-16,8.1425379867202852e-17,1
B3_D2_Original,B3,2,Original,full-grid,2012,30,1,61,1.0075068151681366,1.0052151797009548,-0.067914837178767853,0,0,1,UNSTABLE,3.2502808570286439e-16,8.8916398912289808e-17,1
B3_D2_Original,B3,2,Original,full-grid,2013,30,2,62,1.007644351290127,1.0053565426487636,-0.067862808962096094,0,0,1,UNSTABLE,3.5648287164681858e-16,8.8916398912289808e-17,1
B3_D2_Original,B3,2,Original,full-grid,2014,30,3,63,1.0077782570874367,1.0054948037787064,-0.067802765667872175,0,0,1,UNSTABLE,3.9409564099108178e-16,8.8916398912289821e-17,1
B3_D2_Original,B3,2,Original,full-grid,2015,30,4,64,1.0079080905105371,1.0056295125182366,-0.067734795112488422,0,0,1,UNSTABLE,3.4563836543767988e-16,8.8916398911914113e-17,1
B3_D2_Original,B3,2,Original,full-grid,2016,30,5,65,1.0080333973918782,1.005760204135796,-0.067659012955660389,0,0,1,UNSTABLE,4.0315091980322406e-16,8.8916398912289808e-17,1
B3_D2_Original,B3,2,Original,full-grid,2017,30,6,66,1.0081537140452477,1.0058864020889455,-0.067575566855064426,0,0,1,UNSTABLE,2.273937989614119e-16,8.8916398912289808e-17,1
B3_D2_Original,B3,2,Original,full-grid,2018,30,7,67,1.0082685706801693,1.0060076212138536,-0.06748464033448523,0,0,1,UNSTABLE,3.3257109300410889e-16,8.8916398912289808e-17,1
B3_D2_Original,B3,2,Original,full-grid,2019,30,8,68,1.0083774955829317,1.0061233717191882,-0.06738645619497792,0,0,1,UNSTABLE,3.9348663440676676e-16,8.8916398911914101e-17,1
B3_D2_Original,B3,2,Original,full-grid,2020,30,9,69,1.0084800199778183,1.0062331639088804,-0.067281279301046534,0,0,1,UNSTABLE,4.6828627972700772e-16,8.8916398912289808e-17,1
B3_D2_Original,B3,2,Original,full-grid,2021,30,10,70,1.0085756834434343,1.0063365135183655,-0.067169418585326893,0,0,1,UNSTABLE,3.7000115768277595e-16,8.8916398912289808e-17,1
B3_D2_Original,B3,2,Original,full-grid,2022,30,11,71,1.0086640397232292,1.0064329475110299,-0.067051228139719421,0,0,1,UNSTABLE,3.2342965938963625e-16,8.8916398912289784e-17,1
B3_D2_Original,B3,2,Original,full-grid,2023,30,12,72,1.0087446627391863,1.0065220101488088,-0.066927107294396077,0,0,1,UNSTABLE,2.9339341913888012e-16,8.8916398911914113e-17,1
B3_D2_Original,B3,2,Original,full-grid,2024,30,13,73,1.0088171525974585,1.0066032691274698,-0.066797499629358909,0,0,1,UNSTABLE,5.1671641283057788e-16,8.8916398912289808e-17,1
B3_D2_Original,B3,2,Original,full-grid,2025,30,14,74,1.0088811413659928,1.0066763215547636,-0.066662890913299078,0,0,1,UNSTABLE,3.2334768974605013e-16,8.8916398912289808e-17,1
B3_D2_Original,B3,2,Original,full-grid,2026,30,15,75,1.0089362984092545,1.0067407995511217,-0.06652380601661706,0,0,1,UNSTABLE,3.2295580820975299e-16,8.8916398912289784e-17,1
B3_D2_Original,B3,2,Original,full-grid,2027,30,16,76,1.0089823350840887,1.0067963752680846,-0.066380804897098855,0,0,1,UNSTABLE,2.7777501178663891e-16,8.8916398911914101e-17,1
B3_D2_Original,B3,2,Original,full-grid,2028,30,17,77,1.0090190086324478,1.0068427651485434,-0.066234477801542957,0,0,1,UNSTABLE,3.166429262149035e-16,8.8916398912289808e-17,1
B3_D2_Original,B3,2,Original,full-grid,2029,30,18,78,1.0090461251482201,1.0068797332922412,-0.066085439863730402,0,0,1,UNSTABLE,3.1854736759461834e-16,8.8916398912289808e-17,1
B3_D2_Original,B3,2,Original,full-grid,2030,30,19,79,1.009063541544202,1.0069070938376732,-0.065934325302520164,0,0,1,UNSTABLE,2.9320294576588052e-16,8.8916398912289821e-17,1
B3_D2_Original,B3,2,Original,full-grid,2031,30,20,80,1.009071166496059,1.0069247123221325,-0.065781781434589418,0,0,1,UNSTABLE,3.0207948350322228e-16,8.8916398911914113e-17,1
B3_D2_Original,B3,2,Original,full-grid,2032,30,21,81,1.00906896038978,1.0069325060320455,-0.065628462713491362,0,0,1,UNSTABLE,3.3312288756279831e-16,8.8916398912289808e-17,1
B3_D2_Original,B3,2,Original,full-grid,2033,30,22,82,1.0090569343435807,1.0069304434017305,-0.065475024991669406,0,0,1,UNSTABLE,3.9666490600006158e-16,8.8916398912289808e-17,1
B3_D2_Original,B3,2,Original,full-grid,2034,30,23,83,1.009035148411684,1.0069185425573908,-0.065322120176011383,0,0,1,UNSTABLE,2.6051577684475548e-16,8.8916398912289808e-17,1
B3_D2_Original,B3,2,Original,full-grid,2035,30,24,84,1.0090037091042785,1.00689686913248,-0.065170391416659923,0,0,1,UNSTABLE,6.6279990482657155e-16,8.8916398911914101e-17,1
B3_D2_Original,B3,2,Original,full-grid,2036,30,25,85,1.008962766374695,1.0068655335000625,-0.06502046893180731,0,0,1,UNSTABLE,4.2274521655005862e-16,8.8916398912289808e-17,1
B3_D2_Original,B3,2,Original,full-grid,2037,30,26,86,1.0089125102315641,1.0068246875770699,-0.064872966535309162,0,0,1,UNSTABLE,3.8029320452428761e-16,8.8916398912289808e-17,1
B3_D2_Original,B3,2,Original,full-grid,2038,30,27,87,1.0088531671322902,1.0067745213563517,-0.064728478898716663,0,0,1,UNSTABLE,3.0948402529368135e-16,8.8916398912289784e-17,1
B3_D2_Original,B3,2,Original,full-grid,2039,30,28,88,1.0087849963050928,1.0067152593153228,-0.064587579548613286,0,0,1,UNSTABLE,2.9602005952706439e-16,8.8916398911914113e-17,1
B3_D2_Original,B3,2,Original,full-grid,2040,30,29,89,1.0087082861340861,1.0066471568388902,-0.064450819573876536,0,0,1,UNSTABLE,2.3393490727201806e-16,8.8916398912289808e-17,1
B3_D2_Original,B3,2,Original,full-grid,2041,30,30,90,1.0086233507247553,1.0065704967783902,-0.064318726997180053,0,0,1,UNSTABLE,2.703756070890947e-16,8.8916398912289808e-17,1
B3_D2_Original,B3,2,Original,full-grid,2042,30,31,91,1.0085305267503677,1.0064855862522712,-0.064191806749741676,0,0,1,UNSTABLE,2.6299324856665602e-16,8.8916398912289784e-17,1
B3_D2_Original,B3,2,Original,full-grid,2043,30,32,92,1.0084301706623235,1.0063927537771373,-0.06407054117855801,0,0,1,UNSTABLE,5.6364998702915121e-16,8.8916398911914101e-17,1
B3_D2_Original,B3,2,Original,full-grid,2044,30,33,93,1.008322656332159,1.0062923468026836,-0.063955391008801571,0,0,1,UNSTABLE,2.0720585247275768e-16,8.8916398912289808e-17,1
B3_D2_Original,B3,2,Original,full-grid,2045,30,34,94,1.0082083731795111,1.0061847297105742,-0.063846796681861967,0,0,1,UNSTABLE,2.593370416330837e-16,8.8916398912289808e-17,1
B3_D2_Original,B3,2,Original,full-grid,2046,30,35,95,1.0080877248302085,1.0060702823270655,-0.0637451799878586,0,0,1,UNSTABLE,3.9506163099621759e-16,8.8916398912289821e-17,1
B3_D2_Original,B3,2,Original,full-grid,2047,30,36,96,1.0079611283408083,1.0059493989911468,-0.063650945911479934,0,0,1,UNSTABLE,2.3226494463935237e-16,8.8916398911914113e-17,1
B3_D2_Original,B3,2,Original,full-grid,2048,30,37,97,1.0078290140214365,1.0058224882153612,-0.063564484609572439,0,0,1,UNSTABLE,3.9583344900584355e-16,8.8916398912289808e-17,1
B3_D2_Original,B3,2,Original,full-grid,2049,30,38,98,1.0076918258866197,1.0056899729743294,-0.063486173436440932,0,0,1,UNSTABLE,4.7647053516571476e-16,8.8916398912289808e-17,1
B3_D2_Original,B3,2,Original,full-grid,2050,30,39,99,1.0075500227632268,1.005552291655599,-0.063416378928098399,0,0,1,UNSTABLE,4.661281723047285e-16,8.8916398912289808e-17,1
B3_D2_Original,B3,2,Original,full-grid,2051,30,40,100,1.0074040800857513,1.0054098997090382,-0.063355458647861657,0,0,1,UNSTABLE,2.7007006362007447e-16,8.8916398911914101e-17,1
B3_D2_Original,B3,2,Original,full-grid,2052,30,41,101,1.0072544924094822,1.0052632720321206,-0.063303762781990236,0,0,1,UNSTABLE,5.2101205627351445e-16,8.8916398912289808e-17,1
B3_D2_Original,B3,2,Original,full-grid,2053,30,42,102,1.0071017766712422,1.0051129061288362,-0.063261635353645707,0,0,1,UNSTABLE,2.6805765700970982e-16,8.8916398912289808e-17,1
B3_D2_Original,B3,2,Original,full-grid,2054,30,43,103,1.0069464762223141,1.0049593260766652,-0.063229414895843689,0,0,1,UNSTABLE,3.4968036178740146e-16,8.8916398912289784e-17,1
B3_D2_Original,B3,2,Original,full-grid,2055,30,44,104,1.0067891656460641,1.0048030873263043,-0.063207434387303543,0,0,1,UNSTABLE,5.218213002528049e-16,8.8916398911914113e-17,1
B3_D2_Original,B3,2,Original,full-grid,2056,30,45,105,1.0066304563495005,1.0046447823385662,-0.063196020209335318,0,0,1,UNSTABLE,3.2211374744492724e-16,8.8916398912289808e-17,1
B3_D2_Original,B3,2,Original,full-grid,2057,30,46,106,1.0064710028774499,1.0044850470259519,-0.063195489826496379,0,0,1,UNSTABLE,3.1563905740914295e-16,8.8916398912289808e-17,1
B3_D2_Original,B3,2,Original,full-grid,2058,30,47,107,1.0063115098337325,1.004324567906322,-0.063206147830933951,0,0,1,UNSTABLE,3.0167898469752893e-16,8.8916398912289784e-17,1
B3_D2_Original,B3,2,Original,full-grid,2059,30,48,108,1.0061527391948206,1.0041640897816002,-0.063228279925452019,0,0,1,UNSTABLE,3.2353670840181763e-16,8.8916398911914101e-17,1
B3_D2_Original,B3,2,Original,full-grid,2060,30,49,109,1.0059955176598709,1.0040044236170096,-0.06326214436160324,0,0,1,UNSTABLE,2.9614675190792043e-16,8.8916398912289808e-17,1
B3_D2_Original,B3,2,Original,full-grid,2061,30,50,110,1.0058407434844592,1.003846454102435,-0.063307960315725956,0,0,1,UNSTABLE,3.5117976377274805e-16,8.8916398912289808e-17,1
B3_D2_Original,B3,2,Original,full-grid,2062,30,51,111,1.0056893919890924,1.0036911461208717,-0.063365892702313312,0,0,1,UNSTABLE,3.7178628103192409e-16,8.8916398912289821e-17,1
B3_D2_Original,B3,2,Original,full-grid,2063,30,52,112,1.0055425186196096,1.0035395490287762,-0.063436033033194839,0,0,1,UNSTABLE,2.2795037095513564e-16,8.8916398911914113e-17,1
B3_D2_Original,B3,2,Original,full-grid,2064,30,53,113,1.0054012580883434,1.0033927972897632,-0.063518376180819291,0,0,1,UNSTABLE,2.7819487482795876e-16,8.8916398912289808e-17,1
B3_D2_Original,B3,2,Original,full-grid,2065,30,54,114,1.0052668177954356,1.0032521056453083,-0.063612793358071587,0,0,1,UNSTABLE,2.9125064094516618e-16,8.8916398912289808e-17,1
B3_D2_Original,B3,2,Original,full-grid,2066,30,55,115,1.005140463518821,1.0031187567504629,-0.063719002332397925,0,0,1,UNSTABLE,2.8962730371040429e-16,8.8916398912289808e-17,1
B3_D2_Original,B3,2,Original,full-grid,2067,30,56,116,1.0050234954197605,1.0029940791985488,-0.063836536861023016,0,0,1,UNSTABLE,2.1140611200508852e-16,8.8916398911914101e-17,1
B3_D2_Original,B3,2,Original,full-grid,2068,30,57,117,1.0049172129263364,1.0028794142982851,-0.063964718496720391,0,0,1,UNSTABLE,3.2740828378542675e-16,8.8916398912289808e-17,1
B3_D2_Original,B3,2,Original,full-grid,2069,30,58,118,1.0048228682088229,1.0027760710417195,-0.064102635059235163,0,0,1,UNSTABLE,2.9471333260022153e-16,8.8916398912289808e-17,1
B3_D2_Original,B3,2,Original,full-grid,2070,30,59,119,1.0047416098169522,1.0026852705032556,-0.064249130837497018,0,0,1,UNSTABLE,3.0920117075514633e-16,8.8916398912289784e-17,1
B3_D2_Original,B3,2,Original,full-grid,2071,30,60,120,1.0046744204463363,1.0026080833065905,-0.06440281350582773,0,0,1,UNSTABLE,2.8282080883335847e-16,8.8916398911914113e-17,1
B3_D2_Original,B3,2,Original,full-grid,2072,30,61,121,1.0046220552480194,1.0025453663248174,-0.064562081374381797,0,0,1,UNSTABLE,2.3885090446342156e-16,8.8916398912289808e-17,1
B3_D2_Original,B3,2,Original,full-grid,2073,30,62,122,1.0045849888029066,1.0024977066610719,-0.064725171822309788,0,0,1,UNSTABLE,3.8533369174292784e-16,8.8916398912289808e-17,1
B3_D2_Original,B3,2,Original,full-grid,2074,30,63,123,1.0045633790153241,1.0024653813331978,-0.064890227979042286,0,0,1,UNSTABLE,3.5769239417970724e-16,8.8916398912289784e-17,1
B3_D2_Original,B3,2,Original,full-grid,2075,30,64,124,1.0045570542537343,1.0024483394111363,-0.06505537689380804,0,0,1,UNSTABLE,2.8323578579694078e-16,8.8916398911914101e-17,1
B3_D2_Original,B3,2,Original,full-grid,2076,30,65,125,1.0045655263205204,1.0024462097890374,-0.065218809796081967,0,0,1,UNSTABLE,3.4084209806509671e-16,8.8916398912289808e-17,1
B3_D2_Original,B3,2,Original,full-grid,2077,30,66,126,1.0045880272686289,1.0024583332531918,-0.065378854553350921,0,0,1,UNSTABLE,2.3408744035242897e-16,8.8916398912289808e-17,1
