route_id,contract_id,division,method,mode,point_order,l_samples,j_samples,physical_root_count,rho,dominant_root_real,dominant_root_imag,stable,critical,stability_code,stability_status,maximum_state_eigenpair_residual,transition_reconstruction_relative_error,overall_pass
B2_D2_Guyan,B2,2,Guyan,full-grid,1,0,0,10,0.99542527256938451,0.99517228080080677,-0.022441140691897864,1,0,-1,STABLE,2.3989416220799143e-16,7.1770313498774646e-17,1
B2_D2_Guyan,B2,2,Guyan,full-grid,2,0,1,11,0.99542938768597367,0.9951763141884109,-0.022444811142927009,1,0,-1,STABLE,1.1891404194452104e-16,3.2568954315031147e-17,1
B2_D2_Guyan,B2,2,Guyan,full-grid,3,0,2,12,0.99543359374195717,0.99518044002985073,-0.022448414911095237,1,0,-1,STABLE,1.5201636839971969e-16,3.2568954315031147e-17,1
B2_D2_Guyan,B2,2,Guyan,full-grid,4,0,3,13,0.99543788986986204,0.99518465750430485,-0.022451949951018402,1,0,-1,STABLE,1.7858553384610236e-16,3.2568954315031153e-17,1
B2_D2_Guyan,B2,2,Guyan,full-grid,5,0,4,14,0.99544227516631456,0.99518896575503868,-0.022455414218071606,1,0,-1,STABLE,7.2062582467782055e-17,3.2568954315031153e-17,1
B2_D2_Guyan,B2,2,Guyan,full-grid,6,0,5,15,0.99544674869165262,0.99519336388901536,-0.022458805668339743,1,0,-1,STABLE,1.0349912315032087e-16,3.2568954315031147e-17,1
B2_D2_Guyan,B2,2,Guyan,full-grid,7,0,6,16,0.99545130946952354,0.99519785097647895,-0.022462122259201203,1,0,-1,STABLE,8.1395370972842703e-17,3.2568954315031147e-17,1
B2_D2_Guyan,B2,2,Guyan,full-grid,8,0,7,17,0.99545595648645824,0.99520242605052744,-0.02246536194931912,1,0,-1,STABLE,2.314248344905616e-16,3.2568954315031147e-17,1
B2_D2_Guyan,B2,2,Guyan,full-grid,9,0,8,18,0.99546068869142323,0.99520708810665237,-0.022468522699113792,1,0,-1,STABLE,3.6161790059963371e-16,3.2568954315031147e-17,1
B2_D2_Guyan,B2,2,Guyan,full-grid,10,0,9,19,0.99546550499535957,0.99521183610227271,-0.02247160247088275,1,0,-1,STABLE,2.6738221817061649e-16,3.2568954315031147e-17,1
B2_D2_Guyan,B2,2,Guyan,full-grid,11,0,10,20,0.99547040427068556,0.99521666895622529,-0.022474599229288593,1,0,-1,STABLE,1.5608381728520503e-16,3.2568954315031147e-17,1
B2_D2_Guyan,B2,2,Guyan,full-grid,12,0,11,21,0.99547538535081037,0.99522158554827134,-0.022477510941588799,1,0,-1,STABLE,2.5381541830627194e-16,3.2568954315031147e-17,1
B2_D2_Guyan,B2,2,Guyan,full-grid,13,0,12,22,0.99548044702959493,0.9952265847185453,-0.022480335578064805,1,0,-1,STABLE,1.5893749630968932e-16,3.2568954315031153e-17,1
B2_D2_Guyan,B2,2,Guyan,full-grid,14,0,13,23,0.99548558806081455,0.99523166526700702,-0.022483071112414679,1,0,-1,STABLE,7.9225764821956787e-17,3.2568954315031147e-17,1
B2_D2_Guyan,B2,2,Guyan,full-grid,15,0,14,24,0.99549080715760385,0.99523682595287766,-0.022485715522062182,1,0,-1,STABLE,3.2613365112716698e-16,3.2568954315031153e-17,1
B2_D2_Guyan,B2,2,Guyan,full-grid,16,0,15,25,0.99549610299186742,0.99524206549403416,-0.022488266788784631,1,0,-1,STABLE,8.2415668195493394e-17,3.2568954315031147e-17,1
B2_D2_Guyan,B2,2,Guyan,full-grid,17,0,16,26,0.99550147419370016,0.99524738256641898,-0.022490722899066534,1,0,-1,STABLE,1.2125534664048511e-16,3.2568954315031147e-17,1
B2_D2_Guyan,B2,2,Guyan,full-grid,18,0,17,27,0.99550691935076951,0.99525277580340865,-0.022493081844631318,1,0,-1,STABLE,8.8343141423812963e-17,3.2568954315031147e-17,1
B2_D2_Guyan,B2,2,Guyan,full-grid,19,0,18,28,0.99551243700769831,0.99525824379518157,-0.022495341623038373,1,0,-1,STABLE,1.5039329325091341e-16,3.2568954315031147e-17,1
B2_D2_Guyan,B2,2,Guyan,full-grid,20,0,19,29,0.99551802566542436,0.99526378508806457,-0.022497500238108425,1,0,-1,STABLE,3.2714468536783423e-16,3.2568954315031153e-17,1
B2_D2_Guyan,B2,2,Guyan,full-grid,21,0,20,30,0.995523683780556,0.99526939818386562,-0.022499555700817173,1,0,-1,STABLE,2.0403640884671424e-16,3.2568954315031153e-17,1
B2_D2_Guyan,B2,2,Guyan,full-grid,22,0,21,31,0.9955294097647176,0.99527508153920996,-0.022501506029732977,1,0,-1,STABLE,3.4928923880702532e-16,3.2568954315031147e-17,1
B2_D2_Guyan,B2,2,Guyan,full-grid,23,0,22,32,0.99553520198387768,0.99528083356484653,-0.022503349251706956,1,0,-1,STABLE,1.168490568923232e-16,3.2568954315031147e-17,1
B2_D2_Guyan,B2,2,Guyan,full-grid,24,0,23,33,0.99554105875768073,0.99528665262495897,-0.022505083402826281,1,0,-1,STABLE,1.6352681010861079e-16,3.2568954315031147e-17,1
B2_D2_Guyan,B2,2,Guyan,full-grid,25,0,24,34,0.99554697835876427,0.99529253703646614,-0.022506706528959457,1,0,-1,STABLE,1.0134534397804719e-16,3.2568954315031147e-17,1
B2_D2_Guyan,B2,2,Guyan,full-grid,26,0,25,35,0.99555295901208674,0.99529848506832486,-0.022508216686791406,1,0,-1,STABLE,1.0963452809503044e-16,3.2568954315031147e-17,1
B2_D2_Guyan,B2,2,Guyan,full-grid,27,0,26,36,0.9955589988942356,0.99530449494081852,-0.022509611944560283,1,0,-1,STABLE,2.6342409894729717e-16,3.2568954315031147e-17,1
B2_D2_Guyan,B2,2,Guyan,full-grid,28,0,27,37,0.9955650961327519,0.99531056482485758,-0.022510890383060724,1,0,-1,STABLE,1.2779732686956752e-16,3.2568954315031147e-17,1
B2_D2_Guyan,B2,2,Guyan,full-grid,29,0,28,38,0.99557124880545134,0.99531669284127466,-0.022512050096637985,1,0,-1,STABLE,1.4765673322657315e-16,3.2568954315031153e-17,1
B2_D2_Guyan,B2,2,Guyan,full-grid,30,0,29,39,0.99557745493975147,0.99532287706012657,-0.022513089194181574,1,0,-1,STABLE,7.5309056724774932e-17,3.2568954315031147e-17,1
B2_D2_Guyan,B2,2,Guyan,full-grid,31,0,30,40,0.99558371251201039,0.99532911550000558,-0.022514005800252625,1,0,-1,STABLE,2.3259140836959253e-16,3.2568954315031153e-17,1
B2_D2_Guyan,B2,2,Guyan,full-grid,32,0,31,41,0.99559001944687775,0.99533540612736204,-0.022514798056249338,1,0,-1,STABLE,7.058664151023214e-17,3.2568954315031147e-17,1
B2_D2_Guyan,B2,2,Guyan,full-grid,33,0,32,42,0.99559637361665088,0.9953417468558321,-0.022515464121499719,1,0,-1,STABLE,2.5411518079811292e-16,3.2568954315031147e-17,1
B2_D2_Guyan,B2,2,Guyan,full-grid,34,0,33,43,0.99560277284065524,0.99534813554558299,-0.022516002174748306,1,0,-1,STABLE,1.9106552016127683e-16,3.2568954315031147e-17,1
B2_D2_Guyan,B2,2,Guyan,full-grid,35,0,34,44,0.99560921488465881,0.99535457000270222,-0.022516410415129889,1,0,-1,STABLE,1.3826412439695102e-16,3.2568954315031147e-17,1
B2_D2_Guyan,B2,2,Guyan,full-grid,36,0,35,45,0.99561569746027401,0.99536104797855929,-0.022516687063864144,1,0,-1,STABLE,2.1033254809718892e-16,3.2568954315031153e-17,1
B2_D2_Guyan,B2,2,Guyan,full-grid,37,0,36,46,0.99562221822442076,0.99536756716923613,-0.022516830365586642,1,0,-1,STABLE,2.5284398098784171e-16,3.2568954315031153e-17,1
B2_D2_Guyan,B2,2,Guyan,full-grid,38,0,37,47,0.99562877477881195,0.99537412521497748,-0.022516838589740993,1,0,-1,STABLE,2.0179890556445625e-16,3.2568954315031147e-17,1
B2_D2_Guyan,B2,2,Guyan,full-grid,39,0,38,48,0.99563536466945313,0.99538071969965314,-0.022516710032226279,1,0,-1,STABLE,1.9818257509605715e-16,3.2568954315031147e-17,1
B2_D2_Guyan,B2,2,Guyan,full-grid,40,0,39,49,0.99564198538621329,0.99538734815028751,-0.022516443017026971,1,0,-1,STABLE,1.4744316374356892e-16,3.2568954315031147e-17,1
B2_D2_Guyan,B2,2,Guyan,full-grid,41,0,40,50,0.99564863436240014,0.99539400803659561,-0.022516035897867957,1,0,-1,STABLE,9.8027912875358058e-17,3.2568954315031147e-17,1
B2_D2_Guyan,B2,2,Guyan,full-grid,42,0,41,51,0.99565530897441612,0.99540069677060061,-0.022515487059861217,1,0,-1,STABLE,1.7769925982095679e-16,3.2568954315031147e-17,1
B2_D2_Guyan,B2,2,Guyan,full-grid,43,0,42,52,0.99566200654143466,0.99540741170626346,-0.022514794921410026,1,0,-1,STABLE,9.6866638074208449e-17,3.2568954315031147e-17,1
B2_D2_Guyan,B2,2,Guyan,full-grid,44,0,43,53,0.99566872432514375,0.99541415013918555,-0.022513957935953736,1,0,-1,STABLE,2.2711702574383778e-16,3.2568954315031147e-17,1
B2_D2_Guyan,B2,2,Guyan,full-grid,45,0,44,54,0.99567545952954539,0.99542090930636129,-0.02251297459396057,1,0,-1,STABLE,2.3893051920414049e-16,3.2568954315031153e-17,1
B2_D2_Guyan,B2,2,Guyan,full-grid,46,0,45,55,0.99568220930080942,0.99542768638598578,-0.022511843424841776,1,0,-1,STABLE,1.5288734312864702e-16,3.2568954315031147e-17,1
B2_D2_Guyan,B2,2,Guyan,full-grid,47,0,46,56,0.99568897072720008,0.99543447849733624,-0.022510562998895547,1,0,-1,STABLE,1.0751416431885089e-16,3.2568954315031153e-17,1
B2_D2_Guyan,B2,2,Guyan,full-grid,48,0,47,57,0.99569574083906409,0.99544128270071031,-0.022509131929448572,1,0,-1,STABLE,4.6239137546620985e-16,3.2568954315031147e-17,1
B2_D2_Guyan,B2,2,Guyan,full-grid,49,0,48,58,0.99570251660889142,0.99544809599743556,-0.022507548874993035,1,0,-1,STABLE,2.9197568412727667e-16,3.2568954315031147e-17,1
B2_D2_Guyan,B2,2,Guyan,full-grid,50,0,49,59,0.99570929495145943,0.99545491532996921,-0.022505812541124985,1,0,-1,STABLE,4.1364454317365889e-16,3.2568954315031147e-17,1
B2_D2_Guyan,B2,2,Guyan,full-grid,51,0,50,60,0.99571607272404872,0.99546173758205669,-0.022503921683021712,1,0,-1,STABLE,4.4209551716135221e-16,3.2568954315031147e-17,1
B2_D2_Guyan,B2,2,Guyan,full-grid,52,0,51,61,0.99572284672674394,0.99546855957898295,-0.022501875107549051,1,0,-1,STABLE,2.2068830980766777e-16,3.2568954315031153e-17,1
B2_D2_Guyan,B2,2,Guyan,full-grid,53,0,52,62,0.99572961370282986,0.99547537808791819,-0.022499671675445022,1,0,-1,STABLE,1.8585145823227459e-16,3.2568954315031153e-17,1
B2_D2_Guyan,B2,2,Guyan,full-grid,54,0,53,63,0.9957363703392601,0.99548218981833259,-0.022497310303705973,1,0,-1,STABLE,2.1141524285358189e-16,3.2568954315031147e-17,1
B2_D2_Guyan,B2,2,Guyan,full-grid,55,0,54,64,0.99574311326724163,0.99548899142252678,-0.022494789967889679,1,0,-1,STABLE,2.0063960420529789e-16,3.2568954315031147e-17,1
B2_D2_Guyan,B2,2,Guyan,full-grid,56,0,55,65,0.99574983906289261,0.99549577949623269,-0.022492109704611837,1,0,-1,STABLE,3.7869951286198333e-16,3.2568954315031147e-17,1
B2_D2_Guyan,B2,2,Guyan,full-grid,57,0,56,66,0.99575654424802451,0.99550255057934689,-0.022489268613788964,1,0,-1,STABLE,2.5236273527397403e-16,3.2568954315031147e-17,1
B2_D2_Guyan,B2,2,Guyan,full-grid,58,0,57,67,0.99576322529099959,0.99550930115673442,-0.022486265860838944,1,0,-1,STABLE,8.3583881971338835e-17,3.2568954315031147e-17,1
B2_D2_Guyan,B2,2,Guyan,full-grid,59,0,58,68,0.99576987860771693,0.99551602765915348,-0.022483100679547164,1,0,-1,STABLE,1.6930405331558494e-16,3.2568954315031147e-17,1
B2_D2_Guyan,B2,2,Guyan,full-grid,60,0,59,69,0.99577650056268174,0.99552272646427831,-0.022479772374067484,1,0,-1,STABLE,1.4749537006076852e-16,3.2568954315031147e-17,1
B2_D2_Guyan,B2,2,Guyan,full-grid,61,0,60,70,0.99578308747021194,0.99552939389784778,-0.02247628032152179,1,0,-1,STABLE,9.6128246651771805e-17,3.2568954315031153e-17,1
B2_D2_Guyan,B2,2,Guyan,full-grid,62,0,61,71,0.99578963559571443,0.99553602623488913,-0.022472623974339113,1,0,-1,STABLE,3.2061097660288358e-16,3.2568954315031147e-17,1
B2_D2_Guyan,B2,2,Guyan,full-grid,63,0,62,72,0.99579614115711534,0.9955426197010957,-0.022468802862660894,1,0,-1,STABLE,4.6174702543426192e-16,3.2568954315031153e-17,1
B2_D2_Guyan,B2,2,Guyan,full-grid,64,0,63,73,0.99580260032635959,0.99554917047427427,-0.022464816596708011,1,0,-1,STABLE,1.5161679866617204e-16,3.2568954315031147e-17,1
B2_D2_Guyan,B2,2,Guyan,full-grid,65,0,64,74,0.99580900923106641,0.99555567468594863,-0.022460664869135255,1,0,-1,STABLE,3.3475602152507409e-16,3.2568954315031147e-17,1
B2_D2_Guyan,B2,2,Guyan,full-grid,66,0,65,75,0.99581536395624148,0.99556212842302227,-0.022456347457303232,1,0,-1,STABLE,2.6264617157628267e-16,3.2568954315031147e-17,1
B2_D2_Guyan,B2,2,Guyan,full-grid,67,0,66,76,0.99582166054615384,0.9955685277296048,-0.022451864225641504,1,0,-1,STABLE,3.8470706409593038e-16,3.2568954315031147e-17,1
B2_D2_Guyan,B2,2,Guyan,full-grid,68,1,0,11,0.99544079903675553,0.99518771511711313,-0.022445401910279474,1,0,-1,STABLE,1.2588177495160618e-16,3.0504639614637829e-17,1
B2_D2_Guyan,B2,2,Guyan,full-grid,69,1,1,12,0.995444910894424,0.99519174523992104,-0.022449071961399118,1,0,-1,STABLE,2.2520382152674497e-16,6.3347462913760414e-17,1
B2_D2_Guyan,B2,2,Guyan,full-grid,70,1,2,13,0.99544911362880117,0.99519586775377566,-0.022452675345613269,1,0,-1,STABLE,2.7541528661115483e-16,6.3347462913760414e-17,1
B2_D2_Guyan,B2,2,Guyan,full-grid,71,1,3,14,0.99545340637193291,0.99520008183734243,-0.022456210019318509,1,0,-1,STABLE,2.1881327546018411e-16,6.3347462913760414e-17,1
B2_D2_Guyan,B2,2,Guyan,full-grid,72,1,4,15,0.99545778821998954,0.99520438663339839,-0.022459673939640479,1,0,-1,STABLE,1.6483664346717753e-16,6.3347462913760414e-17,1
B2_D2_Guyan,B2,2,Guyan,full-grid,73,1,5,16,0.99546225823288748,0.99520878124845202,-0.022463065064470052,1,0,-1,STABLE,1.9342612728946062e-16,6.3347462913760414e-17,1
B2_D2_Guyan,B2,2,Guyan,full-grid,74,1,6,17,0.99546681543388149,0.99521326475232352,-0.02246638135293148,1,0,-1,STABLE,4.3665623406890202e-16,6.3347462913760414e-17,1
B2_D2_Guyan,B2,2,Guyan,full-grid,75,1,7,18,0.99547145880912746,0.99521783617770299,-0.022469620765450476,1,0,-1,STABLE,1.1350443598587409e-16,6.3347462913760414e-17,1
B2_D2_Guyan,B2,2,Guyan,full-grid,76,1,8,19,0.9954761873072524,0.99522249451971212,-0.022472781264133004,1,0,-1,STABLE,3.7999327340590872e-16,6.3347462913760414e-17,1
B2_D2_Guyan,B2,2,Guyan,full-grid,77,1,9,20,0.99548099983886706,0.99522723873540564,-0.022475860813107755,1,0,-1,STABLE,2.0697478938196674e-16,6.3347462913760414e-17,1
B2_D2_Guyan,B2,2,Guyan,full-grid,78,1,10,21,0.99548589527609355,0.99523206774329376,-0.022478857378735367,1,0,-1,STABLE,4.0948761626001277e-16,6.3347462913760414e-17,1
B2_D2_Guyan,B2,2,Guyan,full-grid,79,1,11,22,0.9954908724520497,0.99523698042281317,-0.022481768930045561,1,0,-1,STABLE,1.0705946462707674e-16,6.3347462913760414e-17,1
B2_D2_Guyan,B2,2,Guyan,full-grid,80,1,12,23,0.99549593016032634,0.99524197561379801,-0.022484593439010436,1,0,-1,STABLE,1.005023450388796e-16,6.3347462913760414e-17,1
B2_D2_Guyan,B2,2,Guyan,full-grid,81,1,13,24,0.9955010671544432,0.99524705211592079,-0.022487328881061128,1,0,-1,STABLE,1.9793166975589672e-16,6.3347462913760414e-17,1
B2_D2_Guyan,B2,2,Guyan,full-grid,82,1,14,25,0.99550628214728543,0.99525220868812048,-0.022489973235389857,1,0,-1,STABLE,2.4221946158368665e-16,6.3347462913760414e-17,1
B2_D2_Guyan,B2,2,Guyan,full-grid,83,1,15,26,0.99551157381052269,0.99525744404800709,-0.022492524485517026,1,0,-1,STABLE,2.1822544020936549e-16,6.3347462913760414e-17,1
B2_D2_Guyan,B2,2,Guyan,full-grid,84,1,16,27,0.99551694077401942,0.99526275687126375,-0.022494980619561591,1,0,-1,STABLE,2.013907972199854e-16,6.3347462913760414e-17,1
B2_D2_Guyan,B2,2,Guyan,full-grid,85,1,17,28,0.995522381625219,0.99526814579100886,-0.022497339631056865,1,0,-1,STABLE,2.1891509225713345e-16,6.3347462913760414e-17,1
B2_D2_Guyan,B2,2,Guyan,full-grid,86,1,18,29,0.99552789490852178,0.99527360939716769,-0.022499599519253642,1,0,-1,STABLE,1.8019725282766316e-16,6.3347462913760414e-17,1
B2_D2_Guyan,B2,2,Guyan,full-grid,87,1,19,30,0.99553347912464907,0.99527914623581715,-0.022501758289769452,1,0,-1,STABLE,2.373603174644569e-16,6.3347462913760414e-17,1
B2_D2_Guyan,B2,2,Guyan,full-grid,88,1,20,31,0.99553913272998817,0.99528475480851397,-0.022503813955262072,1,0,-1,STABLE,2.4742583775008934e-16,6.3347462913760414e-17,1
B2_D2_Guyan,B2,2,Guyan,full-grid,89,1,21,32,0.99554485413594318,0.99529043357163127,-0.022505764536013544,1,0,-1,STABLE,2.9827500535768847e-16,6.3347462913760414e-17,1
B2_D2_Guyan,B2,2,Guyan,full-grid,90,1,22,33,0.99555064170825469,0.99529618093565575,-0.0225076080607431,1,0,-1,STABLE,2.1619929652037837e-16,6.3347462913760414e-17,1
B2_D2_Guyan,B2,2,Guyan,full-grid,91,1,23,34,0.99555649376634092,0.99530199526451413,-0.022509342567201246,1,0,-1,STABLE,1.846695285718714e-16,6.3347462913760414e-17,1
B2_D2_Guyan,B2,2,Guyan,full-grid,92,1,24,35,0.99556240858260725,0.99530787487485806,-0.02251096610312258,1,0,-1,STABLE,2.1424097122436212e-16,6.3347462913760414e-17,1
B2_D2_Guyan,B2,2,Guyan,full-grid,93,1,25,36,0.99556838438176398,0.99531381803536456,-0.022512476726940792,1,0,-1,STABLE,1.1862161838911667e-16,6.3347462913760414e-17,1
B2_D2_Guyan,B2,2,Guyan,full-grid,94,1,26,37,0.99557441934015145,0.99531982296603583,-0.022513872508718055,1,0,-1,STABLE,2.9431311388755345e-16,6.3347462913760414e-17,1
B2_D2_Guyan,B2,2,Guyan,full-grid,95,1,27,38,0.99558051158504868,0.99532588783748521,-0.022515151531119552,1,0,-1,STABLE,1.3171380919270445e-16,6.3347462913760414e-17,1
B2_D2_Guyan,B2,2,Guyan,full-grid,96,1,28,39,0.99558665919399936,0.99533201077023836,-0.022516311890328176,1,0,-1,STABLE,2.9154581977025963e-16,6.3347462913760414e-17,1
B2_D2_Guyan,B2,2,Guyan,full-grid,97,1,29,40,0.99559286019414639,0.99533818983404188,-0.022517351697171686,1,0,-1,STABLE,2.5792462419471601e-16,6.3347462913760414e-17,1
B2_D2_Guyan,B2,2,Guyan,full-grid,98,1,30,41,0.99559911256155076,0.99534442304715487,-0.022518269078101959,1,0,-1,STABLE,7.6661325771758036e-17,6.3347462913760414e-17,1
B2_D2_Guyan,B2,2,Guyan,full-grid,99,1,31,42,0.99560541422055804,0.99535070837568518,-0.022519062176531622,1,0,-1,STABLE,2.2308823496324536e-16,6.3347462913760414e-17,1
B2_D2_Guyan,B2,2,Guyan,full-grid,100,1,32,43,0.99561176304315413,0.99535704373292089,-0.022519729153744953,1,0,-1,STABLE,2.0048481877749188e-16,6.3347462913760414e-17,1
B2_D2_Guyan,B2,2,Guyan,full-grid,101,1,33,44,0.99561815684834021,0.99536342697866542,-0.022520268190524023,1,0,-1,STABLE,2.1633179519424492e-16,6.3347462913760414e-17,1
B2_D2_Guyan,B2,2,Guyan,full-grid,102,1,34,45,0.99562459340154497,0.9953698559186257,-0.022520677488164664,1,0,-1,STABLE,2.3429105857899543e-16,6.3347462913760414e-17,1
B2_D2_Guyan,B2,2,Guyan,full-grid,103,1,35,46,0.99563107041403409,0.99537632830378342,-0.022520955270015477,1,0,-1,STABLE,1.1816568465614701e-16,6.3347462913760414e-17,1
B2_D2_Guyan,B2,2,Guyan,full-grid,104,1,36,47,0.99563758554237614,0.99538284182982761,-0.022521099782847172,1,0,-1,STABLE,9.8879936289119196e-17,6.3347462913760414e-17,1
B2_D2_Guyan,B2,2,Guyan,full-grid,105,1,37,48,0.99564413638791704,0.99538939413659133,-0.022521109298405569,1,0,-1,STABLE,1.6036997240175434e-16,6.3347462913760414e-17,1
B2_D2_Guyan,B2,2,Guyan,full-grid,106,1,38,49,0.99565072049629333,0.99539598280752906,-0.022520982114945038,1,0,-1,STABLE,3.5482197917874186e-16,6.3347462913760414e-17,1
B2_D2_Guyan,B2,2,Guyan,full-grid,107,1,39,50,0.99565733535699807,0.99540260536924163,-0.02252071655883655,1,0,-1,STABLE,9.9043307118311758e-17,6.3347462913760414e-17,1
B2_D2_Guyan,B2,2,Guyan,full-grid,108,1,40,51,0.99566397840296805,0.99540925929102686,-0.022520310986199398,1,0,-1,STABLE,8.0101164928660052e-17,6.3347462913760414e-17,1
B2_D2_Guyan,B2,2,Guyan,full-grid,109,1,41,52,0.99567064701021879,0.99541594198446848,-0.022519763784747057,1,0,-1,STABLE,2.5215439970894875e-16,6.3347462913760414e-17,1
B2_D2_Guyan,B2,2,Guyan,full-grid,110,1,42,53,0.99567733849755558,0.9954226508031081,-0.022519073375461031,1,0,-1,STABLE,2.5517151220092344e-16,6.3347462913760414e-17,1
B2_D2_Guyan,B2,2,Guyan,full-grid,111,1,43,54,0.99568405012629335,0.99542938304211837,-0.022518238214537346,1,0,-1,STABLE,2.4800466066433382e-16,6.3347462913760414e-17,1
B2_D2_Guyan,B2,2,Guyan,full-grid,112,1,44,55,0.99569077910007053,0.99543613593807434,-0.022517256795200846,1,0,-1,STABLE,1.6285127004443633e-16,6.3347462913760414e-17,1
B2_D2_Guyan,B2,2,Guyan,full-grid,113,1,45,56,0.99569752256470745,0.99544290666876367,-0.022516127649736643,1,0,-1,STABLE,1.282984088719401e-16,6.3347462913760414e-17,1
B2_D2_Guyan,B2,2,Guyan,full-grid,114,1,46,57,0.99570427760813129,0.99544969235306557,-0.022514849351436782,1,0,-1,STABLE,1.6438425657012456e-16,6.3347462913760414e-17,1
B2_D2_Guyan,B2,2,Guyan,full-grid,115,1,47,58,0.99571104126037668,0.9954564900509022,-0.022513420516704102,1,0,-1,STABLE,5.672087330582697e-16,6.3347462913760414e-17,1
B2_D2_Guyan,B2,2,Guyan,full-grid,116,1,48,59,0.9957178104936395,0.99546329676324097,-0.022511839807247518,1,0,-1,STABLE,1.9357436255240974e-16,6.3347462913760414e-17,1
B2_D2_Guyan,B2,2,Guyan,full-grid,117,1,49,60,0.99572458222243421,0.99547010943220759,-0.022510105931993318,1,0,-1,STABLE,1.1013431968439508e-16,6.3347462913760414e-17,1
B2_D2_Guyan,B2,2,Guyan,full-grid,118,1,50,61,0.99573135330381768,0.99547692494125495,-0.022508217649458012,1,0,-1,STABLE,1.7090654171098461e-16,6.3347462913760414e-17,1
B2_D2_Guyan,B2,2,Guyan,full-grid,119,1,51,62,0.9957381205376864,0.99548374011540619,-0.022506173770024288,1,0,-1,STABLE,1.6385961160708419e-16,6.3347462913760414e-17,1
B2_D2_Guyan,B2,2,Guyan,full-grid,120,1,52,63,0.99574488066717737,0.99549055172160728,-0.022503973158117328,1,0,-1,STABLE,2.3909393321643656e-16,6.3347462913760414e-17,1
B2_D2_Guyan,B2,2,Guyan,full-grid,121,1,53,64,0.99575163037916148,0.99549735646916626,-0.022501614734508426,1,0,-1,STABLE,2.344404061752007e-16,6.3347462913760414e-17,1
B2_D2_Guyan,B2,2,Guyan,full-grid,122,1,54,65,0.99575836630480818,0.99550415101026268,-0.022499097478712104,1,0,-1,STABLE,2.1128654346318601e-16,6.3347462913760414e-17,1
B2_D2_Guyan,B2,2,Guyan,full-grid,123,1,55,66,0.99576508502026906,0.99551093194057982,-0.022496420431302087,1,0,-1,STABLE,7.6356866175934904e-17,6.3347462913760414e-17,1
B2_D2_Guyan,B2,2,Guyan,full-grid,124,1,56,67,0.9957717830474585,0.99551769580002847,-0.022493582696336757,1,0,-1,STABLE,2.3585332431884565e-16,6.3347462913760414e-17,1
B2_D2_Guyan,B2,2,Guyan,full-grid,125,1,57,68,0.99577845685492838,0.99552443907357113,-0.022490583443608689,1,0,-1,STABLE,3.4849474813338835e-16,6.3347462913760414e-17,1
B2_D2_Guyan,B2,2,Guyan,full-grid,126,1,58,69,0.99578510285884581,0.99553115819214089,-0.022487421911294863,1,0,-1,STABLE,8.5074053289284023e-17,6.3347462913760414e-17,1
B2_D2_Guyan,B2,2,Guyan,full-grid,127,1,59,70,0.99579171742408645,0.9955378495336844,-0.022484097408142559,1,0,-1,STABLE,3.0247876177748936e-16,6.3347462913760414e-17,1
B2_D2_Guyan,B2,2,Guyan,full-grid,128,1,60,71,0.99579829686543442,0.99554450942430672,-0.022480609315953717,1,0,-1,STABLE,1.3421427859278531e-16,6.3347462913760414e-17,1
B2_D2_Guyan,B2,2,Guyan,full-grid,129,1,61,72,0.99580483744888293,0.99555113413951679,-0.022476957092052583,1,0,-1,STABLE,3.5398360132075903e-16,6.3347462913760414e-17,1
B2_D2_Guyan,B2,2,Guyan,full-grid,130,1,62,73,0.99581133539306044,0.99555771990560415,-0.022473140271552585,1,0,-1,STABLE,7.253708276086962e-17,6.3347462913760414e-17,1
B2_D2_Guyan,B2,2,Guyan,full-grid,131,1,63,74,0.99581778687074451,0.99556426290109767,-0.022469158469811998,1,0,-1,STABLE,1.0512182948976135e-16,6.3347462913760414e-17,1
B2_D2_Guyan,B2,2,Guyan,full-grid,132,1,64,75,0.99582418801051809,0.99557075925837157,-0.022465011384759044,1,0,-1,STABLE,8.6517115167774026e-17,6.3347462913760414e-17,1
B2_D2_Guyan,B2,2,Guyan,full-grid,133,1,65,76,0.9958305348985127,0.99557720506533753,-0.022460698799205495,1,0,-1,STABLE,9.2746515119931339e-17,6.3347462913760414e-17,1
B2_D2_Guyan,B2,2,Guyan,full-grid,134,1,66,77,0.99583682358026848,0.99558359636725879,-0.022456220583034137,1,0,-1,STABLE,3.6221568544485817e-16,6.3347462913760414e-17,1
B2_D2_Guyan,B2,2,Guyan,full-grid,135,2,0,12,0.99545634790400062,0.99520317230626532,-0.022449641732479934,1,0,-1,STABLE,1.7073330424107574e-16,3.0504639614637829e-17,1
B2_D2_Guyan,B2,2,Guyan,full-grid,136,2,1,13,0.99546045653594728,0.9952071991965159,-0.022453311430230893,1,0,-1,STABLE,2.596184158378331e-16,6.3347462913760414e-17,1
B2_D2_Guyan,B2,2,Guyan,full-grid,137,2,2,14,0.99546465598300637,0.99521131841612198,-0.022456914476611821,1,0,-1,STABLE,1.2775799858509836e-16,6.3347462913760414e-17,1
B2_D2_Guyan,B2,2,Guyan,full-grid,138,2,3,15,0.99546894537673014,0.99521552914322253,-0.022460448829774056,1,0,-1,STABLE,2.393974429649572e-16,6.3347462913760414e-17,1
B2_D2_Guyan,B2,2,Guyan,full-grid,139,2,4,16,0.9954733238128376,0.99521983052011409,-0.022463912448501953,1,0,-1,STABLE,1.3632797191515276e-16,6.3347462913760414e-17,1
B2_D2_Guyan,B2,2,Guyan,full-grid,140,2,5,17,0.99547779035081474,0.99522422165284019,-0.022467303292541367,1,0,-1,STABLE,2.9594277580711833e-16,6.3347462913760414e-17,1
B2_D2_Guyan,B2,2,Guyan,full-grid,141,2,6,18,0.99548234401351698,0.99522870161079058,-0.022470619322709631,1,0,-1,STABLE,1.2225668030002751e-16,6.3347462913760414e-17,1
B2_D2_Guyan,B2,2,Guyan,full-grid,142,2,7,19,0.9954869837867274,0.9952332694262529,-0.022473858501105788,1,0,-1,STABLE,1.6634299202923282e-16,6.3347462913760414e-17,1
B2_D2_Guyan,B2,2,Guyan,full-grid,143,2,8,20,0.99549170861871683,0.99523792409395839,-0.022477018791656575,1,0,-1,STABLE,2.2125559966037403e-16,6.3347462913760414e-17,1
B2_D2_Guyan,B2,2,Guyan,full-grid,144,2,9,21,0.99549651741976852,0.99524266457060495,-0.022480098160146636,1,0,-1,STABLE,3.0993483215139197e-16,6.3347462913760414e-17,1
B2_D2_Guyan,B2,2,Guyan,full-grid,145,2,10,22,0.99550140906169193,0.99524748977435817,-0.022483094574658143,1,0,-1,STABLE,1.4775279069913875e-16,6.3347462913760414e-17,1
B2_D2_Guyan,B2,2,Guyan,full-grid,146,2,11,23,0.99550638237731104,0.99525239858432957,-0.022486006005957501,1,0,-1,STABLE,2.5944275177069635e-16,6.3347462913760414e-17,1
B2_D2_Guyan,B2,2,Guyan,full-grid,147,2,12,24,0.99551143615993498,0.99525738984003997,-0.022488830427730921,1,0,-1,STABLE,1.2295330511767678e-16,6.3347462913760414e-17,1
B2_D2_Guyan,B2,2,Guyan,full-grid,148,2,13,25,0.99551656916281561,0.99526246234086313,-0.022491565817108476,1,0,-1,STABLE,1.1726036162100648e-16,6.3347462913760414e-17,1
B2_D2_Guyan,B2,2,Guyan,full-grid,149,2,14,26,0.99552178009858028,0.99526761484544957,-0.022494210154969677,1,0,-1,STABLE,1.134809927646961e-16,6.3347462913760414e-17,1
B2_D2_Guyan,B2,2,Guyan,full-grid,150,2,15,27,0.99552706763865506,0.99527284607113453,-0.022496761426545026,1,0,-1,STABLE,2.9288330665869861e-16,6.3347462913760414e-17,1
B2_D2_Guyan,B2,2,Guyan,full-grid,151,2,16,28,0.99553243041265782,0.99527815469332204,-0.022499217621714196,1,0,-1,STABLE,2.1878112885830818e-16,6.3347462913760414e-17,1
B2_D2_Guyan,B2,2,Guyan,full-grid,152,2,17,29,0.99553786700779656,0.99528353934486602,-0.022501576735630378,1,0,-1,STABLE,9.8285501139269431e-17,6.3347462913760414e-17,1
B2_D2_Guyan,B2,2,Guyan,full-grid,153,2,18,30,0.99554337596823772,0.99528899861542597,-0.022503836769275604,1,0,-1,STABLE,2.5532364138605027e-16,6.3347462913760414e-17,1
B2_D2_Guyan,B2,2,Guyan,full-grid,154,2,19,31,0.99554895579446723,0.99529453105081167,-0.022505995729998115,1,0,-1,STABLE,9.8053662978024371e-17,6.3347462913760414e-17,1
B2_D2_Guyan,B2,2,Guyan,full-grid,155,2,20,32,0.99555460494264192,0.99530013515231897,-0.022508051632148418,1,0,-1,STABLE,1.0971607535183151e-16,6.3347462913760414e-17,1
B2_D2_Guyan,B2,2,Guyan,full-grid,156,2,21,33,0.99556032182392706,0.99530580937604873,-0.02251000249777187,1,0,-1,STABLE,1.0482366511461121e-16,6.3347462913760414e-17,1
B2_D2_Guyan,B2,2,Guyan,full-grid,157,2,22,34,0.99556610480382413,0.99531155213221778,-0.022511846357294481,1,0,-1,STABLE,2.2028024647495518e-16,6.3347462913760414e-17,1
B2_D2_Guyan,B2,2,Guyan,full-grid,158,2,23,35,0.99557195220150629,0.99531736178447527,-0.022513581250219874,1,0,-1,STABLE,3.2572308265151157e-16,6.3347462913760414e-17,1
B2_D2_Guyan,B2,2,Guyan,full-grid,159,2,24,36,0.99557786228911993,0.99532323664918132,-0.022515205226062478,1,0,-1,STABLE,5.8712939541839698e-16,6.3347462913760414e-17,1
B2_D2_Guyan,B2,2,Guyan,full-grid,160,2,25,37,0.99558383329112576,0.99532917499473106,-0.022516716344978045,1,0,-1,STABLE,4.0180592353886445e-16,6.3347462913760414e-17,1
B2_D2_Guyan,B2,2,Guyan,full-grid,161,2,26,38,0.99558986338358668,0.99533517504081515,-0.022518112678874339,1,0,-1,STABLE,1.7981871518616914e-16,6.3347462913760414e-17,1
B2_D2_Guyan,B2,2,Guyan,full-grid,162,2,27,39,0.99559595069350437,0.99534123495773597,-0.022519392312224825,1,0,-1,STABLE,1.4074650272136937e-16,6.3347462913760414e-17,1
B2_D2_Guyan,B2,2,Guyan,full-grid,163,2,28,40,0.99560209329813421,0.99534735286569576,-0.022520553343081687,1,0,-1,STABLE,1.7532559042003723e-16,6.3347462913760414e-17,1
B2_D2_Guyan,B2,2,Guyan,full-grid,164,2,29,41,0.99560828922431277,0.99535352683409983,-0.022521593884128551,1,0,-1,STABLE,1.587132727930653e-16,6.3347462913760414e-17,1
B2_D2_Guyan,B2,2,Guyan,full-grid,165,2,30,42,0.99561453644779396,0.99535975488086359,-0.022522512063774064,1,0,-1,STABLE,8.68871893007634e-17,6.3347462913760414e-17,1
B2_D2_Guyan,B2,2,Guyan,full-grid,166,2,31,43,0.99562083289259762,0.99536603497173393,-0.02252330602728898,1,0,-1,STABLE,1.0370335426593939e-16,6.3347462913760414e-17,1
B2_D2_Guyan,B2,2,Guyan,full-grid,167,2,32,44,0.99562717643037058,0.99537236501961956,-0.022523973938043677,1,0,-1,STABLE,1.1162773369021533e-16,6.3347462913760414e-17,1
B2_D2_Guyan,B2,2,Guyan,full-grid,168,2,33,45,0.99563356487976895,0.99537874288394179,-0.022524513978788716,1,0,-1,STABLE,3.0250685397094858e-16,6.3347462913760414e-17,1
B2_D2_Guyan,B2,2,Guyan,full-grid,169,2,34,46,0.99563999600586117,0.99538516637000729,-0.022524924352900672,1,0,-1,STABLE,2.6071342249170353e-16,6.3347462913760414e-17,1
B2_D2_Guyan,B2,2,Guyan,full-grid,170,2,35,47,0.99564646751954311,0.99539163322838653,-0.022525203285873423,1,0,-1,STABLE,2.7222251964995713e-16,6.3347462913760414e-17,1
B2_D2_Guyan,B2,2,Guyan,full-grid,171,2,36,48,0.99565297707700373,0.99539814115434555,-0.022525349026686181,1,0,-1,STABLE,1.3284815657328071e-16,6.3347462913760414e-17,1
B2_D2_Guyan,B2,2,Guyan,full-grid,172,2,37,49,0.99565952227920052,0.99540468778728641,-0.022525359849303109,1,0,-1,STABLE,1.5572113151413019e-16,6.3347462913760414e-17,1
B2_D2_Guyan,B2,2,Guyan,full-grid,173,2,38,50,0.9956661006713815,0.99541127071022917,-0.022525234054287968,1,0,-1,STABLE,2.7176611186322249e-16,6.3347462913760414e-17,1
B2_D2_Guyan,B2,2,Guyan,full-grid,174,2,39,51,0.99567270974263467,0.99541788744932358,-0.02252496997038481,1,0,-1,STABLE,8.3928200913187239e-17,6.3347462913760414e-17,1
B2_D2_Guyan,B2,2,Guyan,full-grid,175,2,40,52,0.9956793469254962,0.99542453547341792,-0.022524565956149937,1,0,-1,STABLE,1.0602651062151668e-16,6.3347462913760414e-17,1
B2_D2_Guyan,B2,2,Guyan,full-grid,176,2,41,53,0.99568600959558418,0.99543121219364727,-0.022524020401866775,1,0,-1,STABLE,1.1992251310239536e-16,6.3347462913760414e-17,1
B2_D2_Guyan,B2,2,Guyan,full-grid,177,2,42,54,0.99569269507129132,0.99543791496308898,-0.022523331731110596,1,0,-1,STABLE,1.2956109832157024e-16,6.3347462913760414e-17,1
B2_D2_Guyan,B2,2,Guyan,full-grid,178,2,43,55,0.99569940061354523,0.99544464107647523,-0.022522498402720297,1,0,-1,STABLE,2.4214423641884227e-16,6.3347462913760414e-17,1
B2_D2_Guyan,B2,2,Guyan,full-grid,179,2,44,56,0.99570612342559173,0.99545138776993092,-0.022521518912774464,1,0,-1,STABLE,3.311302129030659e-16,6.3347462913760414e-17,1
B2_D2_Guyan,B2,2,Guyan,full-grid,180,2,45,57,0.99571286065287812,0.99545815222081335,-0.022520391796366852,1,0,-1,STABLE,5.6501111847466504e-16,6.3347462913760414e-17,1
B2_D2_Guyan,B2,2,Guyan,full-grid,181,2,46,58,0.99571960938296478,0.99546493154757221,-0.022519115629864774,1,0,-1,STABLE,4.0512283270248526e-16,6.3347462913760414e-17,1
B2_D2_Guyan,B2,2,Guyan,full-grid,182,2,47,59,0.99572636664555148,0.99547172280973295,-0.022517689032701606,1,0,-1,STABLE,4.0306085220990171e-16,6.3347462913760414e-17,1
B2_D2_Guyan,B2,2,Guyan,full-grid,183,2,48,60,0.99573312941251169,0.99547852300787709,-0.022516110669676154,1,0,-1,STABLE,7.5668450003863693e-17,6.3347462913760414e-17,1
B2_D2_Guyan,B2,2,Guyan,full-grid,184,2,49,61,0.99573989459807855,0.99548532908377929,-0.022514379253090272,1,0,-1,STABLE,5.0209684789157605e-16,6.3347462913760414e-17,1
B2_D2_Guyan,B2,2,Guyan,full-grid,185,2,50,62,0.99574665905904947,0.99549213792056146,-0.022512493544892081,1,0,-1,STABLE,2.3515918597948521e-16,6.3347462913760414e-17,1
B2_D2_Guyan,B2,2,Guyan,full-grid,186,2,51,63,0.9957534195951111,0.99549894634296421,-0.022510452358963377,1,0,-1,STABLE,2.4678650848400675e-16,6.3347462913760414e-17,1
B2_D2_Guyan,B2,2,Guyan,full-grid,187,2,52,64,0.99576017294923325,0.9955057511176908,-0.022508254563366872,1,0,-1,STABLE,3.0705090666656881e-16,6.3347462913760414e-17,1
B2_D2_Guyan,B2,2,Guyan,full-grid,188,2,53,65,0.99576691580816801,0.99551254895385011,-0.022505899082665662,1,0,-1,STABLE,3.4435810532302408e-16,6.3347462913760414e-17,1
B2_D2_Guyan,B2,2,Guyan,full-grid,189,2,54,66,0.99577364480302777,0.99551933650348379,-0.022503384900267601,1,0,-1,STABLE,2.1523243693040353e-16,6.3347462913760414e-17,1
B2_D2_Guyan,B2,2,Guyan,full-grid,190,2,55,67,0.99578035650997787,0.99552611036220273,-0.022500711060808965,1,0,-1,STABLE,3.7348146723180409e-16,6.3347462913760414e-17,1
B2_D2_Guyan,B2,2,Guyan,full-grid,191,2,56,68,0.99578704745101665,0.99553286706991506,-0.022497876672435871,1,0,-1,STABLE,1.0717489286807491e-16,6.3347462913760414e-17,1
B2_D2_Guyan,B2,2,Guyan,full-grid,192,2,57,69,0.99579371409484929,0.99553960311164502,-0.022494880909278651,1,0,-1,STABLE,1.468643858584526e-16,6.3347462913760414e-17,1
B2_D2_Guyan,B2,2,Guyan,full-grid,193,2,58,70,0.99580035285789692,0.99554631491848378,-0.022491723014013833,1,0,-1,STABLE,2.3645735079701515e-16,6.3347462913760414e-17,1
B2_D2_Guyan,B2,2,Guyan,full-grid,194,2,59,71,0.99580696010538172,0.99555299886862925,-0.0224884022998663,1,0,-1,STABLE,3.2098248132829586e-16,6.3347462913760414e-17,1
B2_D2_Guyan,B2,2,Guyan,full-grid,195,2,60,72,0.99581353215253376,0.99555965128852908,-0.022484918153458763,1,0,-1,STABLE,1.4566422815478937e-16,6.3347462913760414e-17,1
B2_D2_Guyan,B2,2,Guyan,full-grid,196,2,61,73,0.99582006526591149,0.99556626845415641,-0.022481270036870653,1,0,-1,STABLE,2.6216948345279968e-16,6.3347462913760414e-17,1
B2_D2_Guyan,B2,2,Guyan,full-grid,197,2,62,74,0.99582655566482137,0.99557284659236989,-0.022477457490276503,1,0,-1,STABLE,2.7714253612376933e-16,6.3347462913760414e-17,1
B2_D2_Guyan,B2,2,Guyan,full-grid,198,2,63,75,0.99583299952286408,0.99557938188241102,-0.022473480134167247,1,0,-1,STABLE,3.4141045476888626e-16,6.3347462913760414e-17,1
B2_D2_Guyan,B2,2,Guyan,full-grid,199,2,64,76,0.9958393929695698,0.99558587045748781,-0.022469337671762714,1,0,-1,STABLE,3.3569977468964704e-16,6.3347462913760414e-17,1
B2_D2_Guyan,B2,2,Guyan,full-grid,200,2,65,77,0.99584573209217075,0.99559230840649637,-0.02246502989125862,1,0,-1,STABLE,1.8665039372784394e-16,6.3347462913760414e-17,1
B2_D2_Guyan,B2,2,Guyan,full-grid,201,2,66,78,0.99585201293746894,0.99559869177584015,-0.02246055666818244,1,0,-1,STABLE,2.5352355900028883e-16,6.3347462913760414e-17,1
B2_D2_Guyan,B2,2,Guyan,full-grid,202,3,0,13,0.99547192265358941,0.99521865579497093,-0.022453862680727601,1,0,-1,STABLE,1.0327444079469086e-16,3.0504639614637823e-17,1
B2_D2_Guyan,B2,2,Guyan,full-grid,203,3,1,14,0.99547602809454439,0.99522267948645504,-0.022457532070352563,1,0,-1,STABLE,1.680912627729588e-16,6.3347462913760414e-17,1
B2_D2_Guyan,B2,2,Guyan,full-grid,204,3,2,15,0.99548022429007021,0.99522679544666737,-0.022461134823639449,1,0,-1,STABLE,1.7062123542299114e-16,6.3347462913760414e-17,1
B2_D2_Guyan,B2,2,Guyan,full-grid,205,3,3,16,0.99548451037122621,0.99523100285322408,-0.022464668900429106,1,0,-1,STABLE,2.0053658030363261e-16,6.3347462913760414e-17,1
B2_D2_Guyan,B2,2,Guyan,full-grid,206,3,4,17,0.99548888543327052,0.99523530084792677,-0.022468132261320779,1,0,-1,STABLE,1.9720646506149415e-16,6.3347462913760414e-17,1
B2_D2_Guyan,B2,2,Guyan,full-grid,207,3,5,18,0.99549334853525484,0.99523968853635592,-0.022471522867650997,1,0,-1,STABLE,1.9930054489911091e-16,6.3347462913760414e-17,1
B2_D2_Guyan,B2,2,Guyan,full-grid,208,3,6,19,0.99549789869962668,0.99524416498746193,-0.022474838681999471,1,0,-1,STABLE,6.6250658469747694e-17,6.3347462913760414e-17,1
B2_D2_Guyan,B2,2,Guyan,full-grid,209,3,7,20,0.99550253491178875,0.99524872923312024,-0.022478077668167597,1,0,-1,STABLE,6.827519606743127e-17,6.3347462913760414e-17,1
B2_D2_Guyan,B2,2,Guyan,full-grid,210,3,8,21,0.99550725611965385,0.99525338026767307,-0.022481237791822432,1,0,-1,STABLE,1.8573689868072066e-16,6.3347462913760414e-17,1
B2_D2_Guyan,B2,2,Guyan,full-grid,211,3,9,22,0.99551206123316183,0.99525811704744438,-0.022484317020400883,1,0,-1,STABLE,1.8909160433837108e-16,6.3347462913760414e-17,1
B2_D2_Guyan,B2,2,Guyan,full-grid,212,3,10,23,0.99551694912380306,0.99526293849024938,-0.022487313323706126,1,0,-1,STABLE,2.162364719575017e-16,6.3347462913760414e-17,1
B2_D2_Guyan,B2,2,Guyan,full-grid,213,3,11,24,0.99552191862409578,0.99526784347486463,-0.022490224674139976,1,0,-1,STABLE,2.1105152012065238e-16,6.3347462913760414e-17,1
B2_D2_Guyan,B2,2,Guyan,full-grid,214,3,12,25,0.99552696852706157,0.99527283084049056,-0.022493049047141739,1,0,-1,STABLE,9.0157467778075978e-17,6.3347462913760414e-17,1
B2_D2_Guyan,B2,2,Guyan,full-grid,215,3,13,26,0.99553209758566952,0.99527789938618905,-0.022495784421487749,1,0,-1,STABLE,1.9347189421203933e-16,6.3347462913760414e-17,1
B2_D2_Guyan,B2,2,Guyan,full-grid,216,3,14,27,0.99553730451228128,0.99528304787031341,-0.022498428779768175,1,0,-1,STABLE,1.9588232461273193e-16,6.3347462913760414e-17,1
B2_D2_Guyan,B2,2,Guyan,full-grid,217,3,15,28,0.99554258797805872,0.99528827500990547,-0.022500980108822521,1,0,-1,STABLE,1.2578264542570017e-16,6.3347462913760414e-17,1
B2_D2_Guyan,B2,2,Guyan,full-grid,218,3,16,29,0.99554794661236756,0.99529357948008457,-0.02250343640028888,1,0,-1,STABLE,2.5004637781509486e-16,6.3347462913760414e-17,1
B2_D2_Guyan,B2,2,Guyan,full-grid,219,3,17,30,0.99555337900216345,0.99529895991342321,-0.022505795650969402,1,0,-1,STABLE,1.3441450822251243e-16,6.3347462913760414e-17,1
B2_D2_Guyan,B2,2,Guyan,full-grid,220,3,18,31,0.99555888369136414,0.99530441489930066,-0.022508055863530298,1,0,-1,STABLE,1.1726489698809649e-16,6.3347462913760414e-17,1
B2_D2_Guyan,B2,2,Guyan,full-grid,221,3,19,32,0.99556445918020364,0.99530994298324438,-0.022510215046996174,1,0,-1,STABLE,3.5723820789562295e-16,6.3347462913760414e-17,1
B2_D2_Guyan,B2,2,Guyan,full-grid,222,3,20,33,0.99557010392459566,0.99531554266627531,-0.022512271217444708,1,0,-1,STABLE,8.4970301856216074e-17,6.3347462913760414e-17,1
B2_D2_Guyan,B2,2,Guyan,full-grid,223,3,21,34,0.99557581633544501,0.99532121240420379,-0.022514222398596611,1,0,-1,STABLE,1.5120901424259626e-16,6.3347462913760414e-17,1
B2_D2_Guyan,B2,2,Guyan,full-grid,224,3,22,35,0.99558159477800168,0.99532695060696375,-0.022516066622571822,1,0,-1,STABLE,8.8796442488456249e-17,6.3347462913760414e-17,1
B2_D2_Guyan,B2,2,Guyan,full-grid,225,3,23,36,0.99558743757116763,0.99533275563789969,-0.022517801930669046,1,0,-1,STABLE,2.4943190899857835e-16,6.3347462913760414e-17,1
B2_D2_Guyan,B2,2,Guyan,full-grid,226,3,24,37,0.99559334298682889,0.99533862581308186,-0.022519426374028394,1,0,-1,STABLE,2.6220096379667377e-16,6.3347462913760414e-17,1
B2_D2_Guyan,B2,2,Guyan,full-grid,227,3,25,38,0.99559930924915574,0.9953445594005802,-0.022520938014677895,1,0,-1,STABLE,6.8411544442878268e-17,6.3347462913760414e-17,1
B2_D2_Guyan,B2,2,Guyan,full-grid,228,3,26,39,0.99560533453392597,0.99535055461976785,-0.022522334926275971,1,0,-1,STABLE,1.1865146301416021e-16,6.3347462913760414e-17,1
B2_D2_Guyan,B2,2,Guyan,full-grid,229,3,27,40,0.99561141696784083,0.9953566096406129,-0.022523615195082908,1,0,-1,STABLE,7.447883054392967e-17,6.3347462913760414e-17,1
B2_D2_Guyan,B2,2,Guyan,full-grid,230,3,28,41,0.99561755462784496,0.99536272258297354,-0.022524776920983015,1,0,-1,STABLE,3.1642748232953333e-16,6.3347462913760414e-17,1
B2_D2_Guyan,B2,2,Guyan,full-grid,231,3,29,42,0.99562374554045252,0.9953688915158978,-0.022525818218497782,1,0,-1,STABLE,2.1105448919806144e-16,6.3347462913760414e-17,1
B2_D2_Guyan,B2,2,Guyan,full-grid,232,3,30,43,0.99562998768108246,0.99537511445692961,-0.022526737217949493,1,0,-1,STABLE,1.6807299269853831e-16,6.3347462913760414e-17,1
B2_D2_Guyan,B2,2,Guyan,full-grid,233,3,31,44,0.99563627897340568,0.99538138937143084,-0.022527532066547631,1,0,-1,STABLE,1.6384648845541373e-16,6.3347462913760414e-17,1
B2_D2_Guyan,B2,2,Guyan,full-grid,234,3,32,45,0.99564261728870984,0.99538771417191341,-0.022528200929628112,1,0,-1,STABLE,1.2226420541633485e-16,6.3347462913760414e-17,1
B2_D2_Guyan,B2,2,Guyan,full-grid,235,3,33,46,0.99564900044528082,0.99539408671739038,-0.022528741991934741,1,0,-1,STABLE,8.8988220293977995e-17,6.3347462913760414e-17,1
B2_D2_Guyan,B2,2,Guyan,full-grid,236,3,34,47,0.99565542620779868,0.99540050481273945,-0.022529153458941409,1,0,-1,STABLE,9.6422736385268664e-17,6.3347462913760414e-17,1
B2_D2_Guyan,B2,2,Guyan,full-grid,237,3,35,48,0.99566189228677027,0.99540696620810165,-0.022529433558247807,1,0,-1,STABLE,1.8906372520878996e-16,6.3347462913760414e-17,1
B2_D2_Guyan,B2,2,Guyan,full-grid,238,3,36,49,0.99566839633797821,0.99541346859829549,-0.022529580540961186,1,0,-1,STABLE,8.4911349628932735e-17,6.3347462913760414e-17,1
B2_D2_Guyan,B2,2,Guyan,full-grid,239,3,37,50,0.99567493596196743,0.99542000962226507,-0.022529592683351023,1,0,-1,STABLE,4.5543150176955722e-16,6.3347462913760414e-17,1
B2_D2_Guyan,B2,2,Guyan,full-grid,240,3,38,51,0.99568150870356809,0.99542658686256913,-0.022529468288215181,1,0,-1,STABLE,3.711051436994363e-16,6.3347462913760414e-17,1
B2_D2_Guyan,B2,2,Guyan,full-grid,241,3,39,52,0.99568811205144192,0.99543319784488471,-0.022529205686645057,1,0,-1,STABLE,1.328229039880586e-16,6.3347462913760414e-17,1
B2_D2_Guyan,B2,2,Guyan,full-grid,242,3,40,53,0.99569474343769049,0.99543984003757513,-0.022528803239742632,1,0,-1,STABLE,1.0481470116085265e-16,6.3347462913760414e-17,1
B2_D2_Guyan,B2,2,Guyan,full-grid,243,3,41,54,0.99570140023750731,0.99544651085130265,-0.022528259340211913,1,0,-1,STABLE,2.0033729286619467e-16,6.3347462913760414e-17,1
B2_D2_Guyan,B2,2,Guyan,full-grid,244,3,42,55,0.99570807976885611,0.99545320763866274,-0.022527572414275079,1,0,-1,STABLE,3.5842294666281237e-16,6.3347462913760414e-17,1
B2_D2_Guyan,B2,2,Guyan,full-grid,245,3,43,56,0.99571477929224128,0.99545992769391045,-0.022526740923431893,1,0,-1,STABLE,1.1719835006090597e-16,6.3347462913760414e-17,1
B2_D2_Guyan,B2,2,Guyan,full-grid,246,3,44,57,0.9957214960104922,0.99546666825269858,-0.022525763366524999,1,0,-1,STABLE,2.6692612418397924e-16,6.3347462913760414e-17,1
B2_D2_Guyan,B2,2,Guyan,full-grid,247,3,45,58,0.99572822706865494,0.99547342649192405,-0.022524638281558346,1,0,-1,STABLE,9.4482288679187682e-17,6.3347462913760414e-17,1
B2_D2_Guyan,B2,2,Guyan,full-grid,248,3,46,59,0.99573496955390139,0.99548019952958833,-0.02252336424781504,1,0,-1,STABLE,1.6387481291203643e-16,6.3347462913760414e-17,1
B2_D2_Guyan,B2,2,Guyan,full-grid,249,3,47,60,0.99574172049555343,0.99548698442477601,-0.022521939887814885,1,0,-1,STABLE,1.4940855979213841e-16,6.3347462913760414e-17,1
B2_D2_Guyan,B2,2,Guyan,full-grid,250,3,48,61,0.99574847686515611,0.99549377817767404,-0.022520363869581141,1,0,-1,STABLE,7.5614154421072757e-17,6.3347462913760414e-17,1
B2_D2_Guyan,B2,2,Guyan,full-grid,251,3,49,62,0.99575523557661416,0.99550057772966061,-0.022518634908678638,1,0,-1,STABLE,4.3683488862803145e-16,6.3347462913760414e-17,1
B2_D2_Guyan,B2,2,Guyan,full-grid,252,3,50,63,0.99576199348645211,0.99550737996351446,-0.022516751770448835,1,0,-1,STABLE,1.601735206638801e-16,6.3347462913760414e-17,1
B2_D2_Guyan,B2,2,Guyan,full-grid,253,3,51,64,0.99576874739411492,0.99551418170366124,-0.022514713272306676,1,0,-1,STABLE,3.0630936809398111e-16,6.3347462913760414e-17,1
B2_D2_Guyan,B2,2,Guyan,full-grid,254,3,52,65,0.99577549404237686,0.99552097971653164,-0.022512518285985009,1,0,-1,STABLE,2.3112024045266205e-16,6.3347462913760414e-17,1
B2_D2_Guyan,B2,2,Guyan,full-grid,255,3,53,66,0.99578223011784894,0.99552777071101495,-0.022510165739804681,1,0,-1,STABLE,1.559333410593722e-16,6.3347462913760414e-17,1
B2_D2_Guyan,B2,2,Guyan,full-grid,256,3,54,67,0.99578895225156594,0.99553455133899305,-0.022507654621069628,1,0,-1,STABLE,1.2691640209370612e-16,6.3347462913760414e-17,1
B2_D2_Guyan,B2,2,Guyan,full-grid,257,3,55,68,0.99579565701967643,0.99554131819597491,-0.022504983978433056,1,0,-1,STABLE,2.0162286691653546e-16,6.3347462913760414e-17,1
B2_D2_Guyan,B2,2,Guyan,full-grid,258,3,56,69,0.99580234094422759,0.99554806782182936,-0.022502152924237791,1,0,-1,STABLE,3.3920433150909272e-16,6.3347462913760414e-17,1
B2_D2_Guyan,B2,2,Guyan,full-grid,259,3,57,70,0.99580900049407006,0.99555479670163294,-0.022499160636987123,1,0,-1,STABLE,2.2518752804634289e-16,6.3347462913760414e-17,1
B2_D2_Guyan,B2,2,Guyan,full-grid,260,3,58,71,0.99581563208584634,0.99556150126660725,-0.022496006363634406,1,0,-1,STABLE,2.2117735936198341e-16,6.3347462913760414e-17,1
B2_D2_Guyan,B2,2,Guyan,full-grid,261,3,59,72,0.99582223208510656,0.99556817789517738,-0.022492689422125053,1,0,-1,STABLE,2.423792248291523e-16,6.3347462913760414e-17,1
B2_D2_Guyan,B2,2,Guyan,full-grid,262,3,60,73,0.99582879680750347,0.99557482291411437,-0.022489209203749704,1,0,-1,STABLE,8.8012160472736563e-17,6.3347462913760414e-17,1
B2_D2_Guyan,B2,2,Guyan,full-grid,263,3,61,74,0.99583532252013796,0.99558143259982845,-0.022485565175469888,1,0,-1,STABLE,2.5726606630808931e-16,6.3347462913760414e-17,1
B2_D2_Guyan,B2,2,Guyan,full-grid,264,3,62,75,0.99584180544298118,0.99558800317973595,-0.02248175688246723,1,0,-1,STABLE,4.3244319373058017e-16,6.3347462913760414e-17,1
B2_D2_Guyan,B2,2,Guyan,full-grid,265,3,63,76,0.99584824175042763,0.99559453083376193,-0.022477783950374156,1,0,-1,STABLE,2.9531040189795633e-16,6.3347462913760414e-17,1
B2_D2_Guyan,B2,2,Guyan,full-grid,266,3,64,77,0.99585462757294085,0.9956010116959324,-0.022473646087734427,1,0,-1,STABLE,2.5941378459611945e-16,6.3347462913760414e-17,1
B2_D2_Guyan,B2,2,Guyan,full-grid,267,3,65,78,0.99586095899884142,0.99560744185611583,-0.022469343088151551,1,0,-1,STABLE,8.4677874009284741e-16,6.3347462913760414e-17,1
B2_D2_Guyan,B2,2,Guyan,full-grid,268,3,66,79,0.99586723207616246,0.99561381736182542,-0.022464874832747578,1,0,-1,STABLE,8.7319045862779747e-16,6.3347462913760414e-17,1
B2_D2_Guyan,B2,2,Guyan,full-grid,269,4,0,14,0.99548752681694208,0.9952341690594817,-0.022458067249769273,1,0,-1,STABLE,1.7320539452270099e-16,3.0504639614637829e-17,1
B2_D2_Guyan,B2,2,Guyan,full-grid,270,4,1,15,0.9954916291031819,0.99523818958755528,-0.022461736375277524,1,0,-1,STABLE,1.2532621235914312e-16,6.3347462913760414e-17,1
B2_D2_Guyan,B2,2,Guyan,full-grid,271,4,2,16,0.99549582208447684,0.99524230232476907,-0.022465338878845203,1,0,-1,STABLE,1.1352765775720094e-16,6.3347462913760414e-17,1
B2_D2_Guyan,B2,2,Guyan,full-grid,272,4,3,17,0.99550010489139329,0.99524650644821189,-0.022468872722152405,1,0,-1,STABLE,2.3908472205158372e-16,6.3347462913760414e-17,1
B2_D2_Guyan,B2,2,Guyan,full-grid,273,4,4,18,0.99550447661871744,0.9952508010991854,-0.02247233586738458,1,0,-1,STABLE,1.5544898267923068e-16,6.3347462913760414e-17,1
B2_D2_Guyan,B2,2,Guyan,full-grid,274,4,5,19,0.99550893632506188,0.99525518538279845,-0.0224757262776457,1,0,-1,STABLE,1.8057743353703873e-16,6.3347462913760414e-17,1
B2_D2_Guyan,B2,2,Guyan,full-grid,275,4,6,20,0.99551348303246012,0.9952596583675587,-0.022479041917095544,1,0,-1,STABLE,2.6849974266218751e-16,6.3347462913760414e-17,1
B2_D2_Guyan,B2,2,Guyan,full-grid,276,4,7,21,0.9955181157259223,0.9952642190849158,-0.022482280751368728,1,0,-1,STABLE,1.1720333832237934e-16,6.3347462913760414e-17,1
B2_D2_Guyan,B2,2,Guyan,full-grid,277,4,8,22,0.99552283335299063,0.99526886652881308,-0.022485440747695984,1,0,-1,STABLE,2.7543933225898551e-16,6.3347462913760414e-17,1
B2_D2_Guyan,B2,2,Guyan,full-grid,278,4,9,23,0.99552763482326279,0.99527359965520135,-0.022488519875212377,1,0,-1,STABLE,2.0656204789889205e-16,6.3347462913760414e-17,1
B2_D2_Guyan,B2,2,Guyan,full-grid,279,4,10,24,0.9955325190078893,0.995278417381525,-0.022491516105414736,1,0,-1,STABLE,1.5834993072547824e-16,6.3347462913760414e-17,1
B2_D2_Guyan,B2,2,Guyan,full-grid,280,4,11,25,0.99553748473907722,0.99528331858621977,-0.022494427412351317,1,0,-1,STABLE,1.5582891835758995e-16,6.3347462913760414e-17,1
B2_D2_Guyan,B2,2,Guyan,full-grid,281,4,12,26,0.99554253080954236,0.99528830210815022,-0.022497251773141609,1,0,-1,STABLE,1.6415699915858576e-16,6.3347462913760414e-17,1
B2_D2_Guyan,B2,2,Guyan,full-grid,282,4,13,27,0.99554765597196448,0.99529336674605873,-0.022499987168184753,1,0,-1,STABLE,1.2156757077789588e-16,6.3347462913760414e-17,1
B2_D2_Guyan,B2,2,Guyan,full-grid,283,4,14,28,0.99555285893842249,0.99529851125798585,-0.022502631581744897,1,0,-1,STABLE,1.5979706517152453e-16,6.3347462913760414e-17,1
B2_D2_Guyan,B2,2,Guyan,full-grid,284,4,15,29,0.99555813837980223,0.9953037343606661,-0.022505183002365037,1,0,-1,STABLE,1.6383480053215976e-16,6.3347462913760414e-17,1
B2_D2_Guyan,B2,2,Guyan,full-grid,285,4,16,30,0.99556349292520019,0.99530903472892196,-0.022507639423249369,1,0,-1,STABLE,9.7321261526612922e-17,6.3347462913760414e-17,1
B2_D2_Guyan,B2,2,Guyan,full-grid,286,4,17,31,0.99556892116130791,0.99531441099502937,-0.022509998842921344,1,0,-1,STABLE,3.1133149504329875e-16,6.3347462913760414e-17,1
B2_D2_Guyan,B2,2,Guyan,full-grid,287,4,18,32,0.9955744216317719,0.99531986174806741,-0.022512259265679537,1,0,-1,STABLE,1.1318547193073386e-16,6.3347462913760414e-17,1
B2_D2_Guyan,B2,2,Guyan,full-grid,288,4,19,33,0.99557999283657161,0.9953253855332771,-0.022514418702272661,1,0,-1,STABLE,1.4359678115049969e-16,6.3347462913760414e-17,1
B2_D2_Guyan,B2,2,Guyan,full-grid,289,4,20,34,0.99558563323134119,0.99533098085137173,-0.022516475170355637,1,0,-1,STABLE,1.4681703775316553e-16,6.3347462913760414e-17,1
B2_D2_Guyan,B2,2,Guyan,full-grid,290,4,21,35,0.99559134122671833,0.99533664615786133,-0.022518426695403649,1,0,-1,STABLE,2.1602543147233741e-16,6.3347462913760414e-17,1
B2_D2_Guyan,B2,2,Guyan,full-grid,291,4,22,36,0.99559711518768101,0.99534237986237817,-0.022520271311198124,1,0,-1,STABLE,2.2588695763275461e-16,6.3347462913760414e-17,1
B2_D2_Guyan,B2,2,Guyan,full-grid,292,4,23,37,0.995602953432843,0.99534818032794714,-0.022522007060739681,1,0,-1,STABLE,3.4273194060336549e-16,6.3347462913760414e-17,1
B2_D2_Guyan,B2,2,Guyan,full-grid,293,4,24,38,0.99560885423379952,0.99535404587031628,-0.02252363199689356,1,0,-1,STABLE,2.1021262942715449e-16,6.3347462913760414e-17,1
B2_D2_Guyan,B2,2,Guyan,full-grid,294,4,25,39,0.99561481581441913,0.99535997475721982,-0.02252514418347568,1,0,-1,STABLE,2.5021328062858885e-16,6.3347462913760414e-17,1
B2_D2_Guyan,B2,2,Guyan,full-grid,295,4,26,40,0.99562083635017251,0.99536596520769416,-0.022526541695799179,1,0,-1,STABLE,1.1120453649268488e-16,6.3347462913760414e-17,1
B2_D2_Guyan,B2,2,Guyan,full-grid,296,4,27,41,0.99562691396743686,0.99537201539134779,-0.022527822621998313,1,0,-1,STABLE,1.2351235596330096e-16,6.3347462913760414e-17,1
B2_D2_Guyan,B2,2,Guyan,full-grid,297,4,28,42,0.99563304674282471,0.99537812342767429,-0.022528985063715725,1,0,-1,STABLE,1.7073430005565318e-16,6.3347462913760414e-17,1
B2_D2_Guyan,B2,2,Guyan,full-grid,298,4,29,43,0.99563923270250099,0.99538428738533691,-0.022530027137355756,1,0,-1,STABLE,2.1991331853793163e-16,6.3347462913760414e-17,1
B2_D2_Guyan,B2,2,Guyan,full-grid,299,4,30,44,0.99564546982152768,0.99539050528148842,-0.022530946975083323,1,0,-1,STABLE,8.1821184210497307e-17,6.3347462913760414e-17,1
B2_D2_Guyan,B2,2,Guyan,full-grid,300,4,31,45,0.99565175602320433,0.99539677508108193,-0.022531742726033085,1,0,-1,STABLE,1.5730383183002215e-16,6.3347462913760414e-17,1
B2_D2_Guyan,B2,2,Guyan,full-grid,301,4,32,46,0.99565808917843357,0.99540309469620825,-0.022532412557493563,1,0,-1,STABLE,2.1410958847914995e-16,6.3347462913760414e-17,1
B2_D2_Guyan,B2,2,Guyan,full-grid,302,4,33,47,0.99566446710509982,0.99540946198543989,-0.022532954656226144,1,0,-1,STABLE,3.7144695216460337e-16,6.3347462913760414e-17,1
B2_D2_Guyan,B2,2,Guyan,full-grid,303,4,34,48,0.99567088756748323,0.99541587475321636,-0.022533367229714402,1,0,-1,STABLE,8.4213857014361499e-17,6.3347462913760414e-17,1
B2_D2_Guyan,B2,2,Guyan,full-grid,304,4,35,49,0.99567734827566412,0.99542233074921027,-0.022533648507683988,1,0,-1,STABLE,3.3893904574604229e-16,6.3347462913760414e-17,1
B2_D2_Guyan,B2,2,Guyan,full-grid,305,4,36,50,0.99568384688499467,0.99542882766776886,-0.022533796743399254,1,0,-1,STABLE,2.9732377671930576e-16,6.3347462913760414e-17,1
B2_D2_Guyan,B2,2,Guyan,full-grid,306,4,37,51,0.99569038099557949,0.99543536314735204,-0.022533810215355346,1,0,-1,STABLE,1.6007634409618357e-16,6.3347462913760414e-17,1
B2_D2_Guyan,B2,2,Guyan,full-grid,307,4,38,52,0.99569694815180088,0.99544193477002574,-0.022533687228636235,1,0,-1,STABLE,2.552708080836348e-16,6.3347462913760414e-17,1
B2_D2_Guyan,B2,2,Guyan,full-grid,308,4,39,53,0.9957035458418676,0.99544854006096761,-0.02253342611669016,1,0,-1,STABLE,2.2423141102028946e-16,6.3347462913760414e-17,1
B2_D2_Guyan,B2,2,Guyan,full-grid,309,4,40,54,0.99571017149742869,0.99545517648804072,-0.02253302524302497,1,0,-1,STABLE,3.1094511747635705e-16,6.3347462913760414e-17,1
B2_D2_Guyan,B2,2,Guyan,full-grid,310,4,41,55,0.99571682249321569,0.99546184146139605,-0.02253248300282017,1,0,-1,STABLE,2.9011126131728793e-16,6.3347462913760414e-17,1
B2_D2_Guyan,B2,2,Guyan,full-grid,311,4,42,56,0.9957234961467365,0.99546853233311916,-0.022531797824974574,1,0,-1,STABLE,1.7843025190115619e-16,6.3347462913760414e-17,1
B2_D2_Guyan,B2,2,Guyan,full-grid,312,4,43,57,0.99573018971804306,0.9954752463969605,-0.02253096817362155,1,0,-1,STABLE,2.0727339396133332e-16,6.3347462913760414e-17,1
B2_D2_Guyan,B2,2,Guyan,full-grid,313,4,44,58,0.99573690040952301,0.99548198088807449,-0.022529992550363951,1,0,-1,STABLE,5.1875740876611697e-16,6.3347462913760414e-17,1
B2_D2_Guyan,B2,2,Guyan,full-grid,314,4,45,59,0.99574362536578154,0.995488732982859,-0.022528869496089031,1,0,-1,STABLE,2.0182755422738185e-16,6.3347462913760414e-17,1
B2_D2_Guyan,B2,2,Guyan,full-grid,315,4,46,60,0.99575036167358655,0.99549549979885166,-0.022527597593020164,1,0,-1,STABLE,3.2379648463589148e-16,6.3347462913760414e-17,1
B2_D2_Guyan,B2,2,Guyan,full-grid,316,4,47,61,0.99575710636185344,0.99550227839466587,-0.022526175466784898,1,0,-1,STABLE,1.6917888324436557e-16,6.3347462913760414e-17,1
B2_D2_Guyan,B2,2,Guyan,full-grid,317,4,48,62,0.99576385640175358,0.99550906577005072,-0.022524601788550924,1,0,-1,STABLE,1.7038978177542146e-16,6.3347462913760414e-17,1
B2_D2_Guyan,B2,2,Guyan,full-grid,318,4,49,63,0.9957706087068543,0.99551585886597893,-0.022522875277182199,1,0,-1,STABLE,2.5353706714794041e-16,6.3347462913760414e-17,1
B2_D2_Guyan,B2,2,Guyan,full-grid,319,4,50,64,0.99577736013336948,0.99552265456484701,-0.022520994701446816,1,0,-1,STABLE,1.5742111569471893e-16,6.3347462913760414e-17,1
B2_D2_Guyan,B2,2,Guyan,full-grid,320,4,51,65,0.99578410748047397,0.99552944969073731,-0.022518958882277885,1,0,-1,STABLE,2.4208767051152451e-16,6.3347462913760414e-17,1
B2_D2_Guyan,B2,2,Guyan,full-grid,321,4,52,66,0.99579084749072311,0.99553624100978588,-0.022516766695022158,1,0,-1,STABLE,1.7580439712350981e-16,6.3347462913760414e-17,1
B2_D2_Guyan,B2,2,Guyan,full-grid,322,4,53,67,0.99579757685055992,0.99554302523063387,-0.022514417071824177,1,0,-1,STABLE,2.1674509124165062e-16,6.3347462913760414e-17,1
B2_D2_Guyan,B2,2,Guyan,full-grid,323,4,54,68,0.99580429219090616,0.99554979900496821,-0.022511909003877156,1,0,-1,STABLE,1.2776469831626351e-16,6.3347462913760414e-17,1
B2_D2_Guyan,B2,2,Guyan,full-grid,324,4,55,69,0.99581099008787244,0.99555655892817518,-0.02250924154385681,1,0,-1,STABLE,2.6065478230186662e-16,6.3347462913760414e-17,1
B2_D2_Guyan,B2,2,Guyan,full-grid,325,4,56,70,0.99581766706353225,0.99556330154005934,-0.022506413808351725,1,0,-1,STABLE,1.3424744928169593e-16,6.3347462913760414e-17,1
B2_D2_Guyan,B2,2,Guyan,full-grid,326,4,57,71,0.99582431958685314,0.99557002332572531,-0.022503424980073794,1,0,-1,STABLE,1.003439614271449e-16,6.3347462913760414e-17,1
B2_D2_Guyan,B2,2,Guyan,full-grid,327,4,58,72,0.99583094407467965,0.99557672071649983,-0.022500274310509633,1,0,-1,STABLE,2.5534260699283407e-16,6.3347462913760414e-17,1
B2_D2_Guyan,B2,2,Guyan,full-grid,328,4,59,73,0.99583753689285348,0.99558339009100316,-0.022496961122132359,1,0,-1,STABLE,1.1258962146015295e-16,6.3347462913760414e-17,1
B2_D2_Guyan,B2,2,Guyan,full-grid,329,4,60,74,0.99584409435744137,0.995590027776318,-0.022493484811008161,1,0,-1,STABLE,1.2005494648820508e-16,6.3347462913760414e-17,1
B2_D2_Guyan,B2,2,Guyan,full-grid,330,4,61,75,0.99585061273606079,0.9955966300492668,-0.02248984484897534,1,0,-1,STABLE,1.0541282830029302e-16,6.3347462913760414e-17,1
B2_D2_Guyan,B2,2,Guyan,full-grid,331,4,62,76,0.99585708824932384,0.9956031931377991,-0.022486040786227103,1,0,-1,STABLE,7.4422689922784109e-16,6.3347462913760414e-17,1
B2_D2_Guyan,B2,2,Guyan,full-grid,332,4,63,77,0.99586351707239196,0.99560971322249514,-0.022482072253583934,1,0,-1,STABLE,2.258161730024927e-16,6.3347462913760414e-17,1
B2_D2_Guyan,B2,2,Guyan,full-grid,333,4,64,78,0.99586989533664783,0.99561618643818717,-0.022477938964833501,1,0,-1,STABLE,7.7371047004758352e-16,6.3347462913760414e-17,1
B2_D2_Guyan,B2,2,Guyan,full-grid,334,4,65,79,0.99587621913149071,0.99562260887570386,-0.022473640719077561,1,0,-1,STABLE,8.0359035885834821e-16,6.3347462913760414e-17,1
B2_D2_Guyan,B2,2,Guyan,full-grid,335,4,66,80,0.9958824845061679,0.99562897658365102,-0.022469177403047852,1,0,-1,STABLE,7.5366244503841453e-16,6.3347462913760414e-17,1
B2_D2_Guyan,B2,2,Guyan,full-grid,336,5,0,15,0.99550316397705985,0.99524971562814724,-0.022462257910306,1,0,-1,STABLE,1.4380714249661508e-16,3.0504639614637823e-17,1
B2_D2_Guyan,B2,2,Guyan,full-grid,337,5,1,16,0.99550726314642368,0.99525373302975018,-0.022465926814388436,1,0,-1,STABLE,2.9804572910766752e-16,6.3347462913760414e-17,1
B2_D2_Guyan,B2,2,Guyan,full-grid,338,5,2,17,0.99551145295233345,0.99525784258192229,-0.022469529110407557,1,0,-1,STABLE,2.526454386105331e-16,6.3347462913760414e-17,1
B2_D2_Guyan,B2,2,Guyan,full-grid,339,5,3,18,0.99551573252485159,0.99526204346121872,-0.022473062761698644,1,0,-1,STABLE,3.2169975186252582e-16,6.3347462913760414e-17,1
B2_D2_Guyan,B2,2,Guyan,full-grid,340,5,4,19,0.99552010095828025,0.99526633480842563,-0.022476525732132938,1,0,-1,STABLE,4.7007817643062821e-16,6.3347462913760414e-17,1
B2_D2_Guyan,B2,2,Guyan,full-grid,341,5,5,20,0.99552455731079015,0.99527071572818226,-0.022479915986422738,1,0,-1,STABLE,1.0823418959523825e-16,6.3347462913760414e-17,1
B2_D2_Guyan,B2,2,Guyan,full-grid,342,5,6,21,0.99553321998516464,0.99203582055421902,-0.083374593440374747,1,0,-1,STABLE,1.3442111407311947e-16,6.3347462913760414e-17,1
B2_D2_Guyan,B2,2,Guyan,full-grid,343,5,7,22,0.9955982787991281,0.99210416186743067,-0.083338255039983558,1,0,-1,STABLE,1.9260058368435041e-16,6.3347462913760414e-17,1
B2_D2_Guyan,B2,2,Guyan,full-grid,344,5,8,23,0.9956602156738813,0.99216983709906792,-0.083296335012823727,1,0,-1,STABLE,1.7961369055897015e-16,6.3347462913760414e-17,1
B2_D2_Guyan,B2,2,Guyan,full-grid,345,5,9,24,0.9957186021252038,0.99223240021276204,-0.083249015526858886,1,0,-1,STABLE,2.0037109446059815e-16,6.3347462913760414e-17,1
B2_D2_Guyan,B2,2,Guyan,full-grid,346,5,10,25,0.9957730234920914,0.99229141610735927,-0.083196513353821833,1,0,-1,STABLE,4.2118667335744295e-16,6.3347462913760414e-17,1
B2_D2_Guyan,B2,2,Guyan,full-grid,347,5,11,26,0.9958230815079635,0.99234646325922293,-0.083139079384653591,1,0,-1,STABLE,1.4562577556303553e-16,6.3347462913760414e-17,1
B2_D2_Guyan,B2,2,Guyan,full-grid,348,5,12,27,0.99586839685562678,0.99239713636851845,-0.083076997919763751,1,0,-1,STABLE,1.4601387478372375e-16,6.3347462913760414e-17,1
B2_D2_Guyan,B2,2,Guyan,full-grid,349,5,13,28,0.99590861167602374,0.99244304897951285,-0.083010585726843777,1,0,-1,STABLE,1.4260139173109911e-16,6.3347462913760414e-17,1
B2_D2_Guyan,B2,2,Guyan,full-grid,350,5,14,29,0.99594339199897863,0.9924838360424576,-0.082940190865943661,1,0,-1,STABLE,1.1294102074138139e-16,6.3347462913760414e-17,1
B2_D2_Guyan,B2,2,Guyan,full-grid,351,5,15,30,0.99597243006439262,0.99251915638419119,-0.082866191289238902,1,0,-1,STABLE,1.317818304145967e-16,6.3347462913760414e-17,1
B2_D2_Guyan,B2,2,Guyan,full-grid,352,5,16,31,0.99599544650442962,0.99254869505609555,-0.082788993229776495,1,0,-1,STABLE,3.7893220977519942e-16,6.3347462913760414e-17,1
B2_D2_Guyan,B2,2,Guyan,full-grid,353,5,17,32,0.99601219236143368,0.99257216553159622,-0.082709029401552753,1,0,-1,STABLE,2.0365857606240146e-16,6.3347462913760414e-17,1
B2_D2_Guyan,B2,2,Guyan,full-grid,354,5,18,33,0.99602245092220387,0.99258931173079867,-0.082626757039431856,1,0,-1,STABLE,2.0040702572638453e-16,6.3347462913760414e-17,1
B2_D2_Guyan,B2,2,Guyan,full-grid,355,5,19,34,0.99602603935703404,0.99259990985726487,-0.082542655812672922,1,0,-1,STABLE,1.3898384981607483e-16,6.3347462913760414e-17,1
B2_D2_Guyan,B2,2,Guyan,full-grid,356,5,20,35,0.99602281016061411,0.99260377004048772,-0.082457225648559854,1,0,-1,STABLE,1.6019256751475298e-16,6.3347462913760414e-17,1
B2_D2_Guyan,B2,2,Guyan,full-grid,357,5,21,36,0.99601265240164305,0.99260073778728475,-0.08237098450482612,1,0,-1,STABLE,2.2285401355782124e-16,6.3347462913760414e-17,1
B2_D2_Guyan,B2,2,Guyan,full-grid,358,5,22,37,0.99599549279774591,0.99259069525538524,-0.082284466127303682,1,0,-1,STABLE,1.3267919515766797e-16,6.3347462913760414e-17,1
B2_D2_Guyan,B2,2,Guyan,full-grid,359,5,23,38,0.99597129664207351,0.99257356237262728,-0.082198217826211853,1,0,-1,STABLE,2.3006075317762392e-16,6.3347462913760414e-17,1
B2_D2_Guyan,B2,2,Guyan,full-grid,360,5,24,39,0.99594006861677387,0.99254929783462464,-0.082112798298302925,1,0,-1,STABLE,1.6178232287475618e-16,6.3347462913760414e-17,1
B2_D2_Guyan,B2,2,Guyan,full-grid,361,5,25,40,0.99590185353624194,0.99251790002232354,-0.082028775513225974,1,0,-1,STABLE,7.2932718202392629e-17,6.3347462913760414e-17,1
B2_D2_Guyan,B2,2,Guyan,full-grid,362,5,26,41,0.99585673706923505,0.99247940788796762,-0.081946724672390683,1,0,-1,STABLE,1.6301908623046647e-16,6.3347462913760414e-17,1
B2_D2_Guyan,B2,2,Guyan,full-grid,363,5,27,42,0.99580484649288326,0.99243390186315383,-0.081867226234866156,1,0,-1,STABLE,2.3761365911666039e-16,6.3347462913760414e-17,1
B2_D2_Guyan,B2,2,Guyan,full-grid,364,5,28,43,0.99574635153349977,0.99238150484572896,-0.081790863991050594,1,0,-1,STABLE,1.0333948352186745e-16,6.3347462913760414e-17,1
B2_D2_Guyan,B2,2,Guyan,full-grid,365,5,29,44,0.99568146534807156,0.99232238332273559,-0.081718223147403471,1,0,-1,STABLE,1.0732724037998353e-16,6.3347462913760414e-17,1
B2_D2_Guyan,B2,2,Guyan,full-grid,366,5,30,45,0.99566098648178969,0.99540593091371954,-0.02253514374665129,1,0,-1,STABLE,2.5284591441133868e-16,6.3347462913760414e-17,1
B2_D2_Guyan,B2,2,Guyan,full-grid,367,5,31,46,0.99566726765480518,0.99541219566007777,-0.022535940414556553,1,0,-1,STABLE,2.2283619995199858e-16,6.3347462913760414e-17,1
B2_D2_Guyan,B2,2,Guyan,full-grid,368,5,32,47,0.99567359571243352,0.9954185101520342,-0.022536611227763358,1,0,-1,STABLE,6.5472800186090484e-17,6.3347462913760414e-17,1
B2_D2_Guyan,B2,2,Guyan,full-grid,369,5,33,48,0.99567996847214124,0.99542487224770582,-0.022537154374999341,1,0,-1,STABLE,1.2779299769050762e-16,6.3347462913760414e-17,1
B2_D2_Guyan,B2,2,Guyan,full-grid,370,5,34,49,0.99568638369776064,0.99543127975104495,-0.022537568065816797,1,0,-1,STABLE,1.9909423062946268e-16,6.3347462913760414e-17,1
B2_D2_Guyan,B2,2,Guyan,full-grid,371,5,35,50,0.99569283909893302,0.99543773041124484,-0.022537850532011686,1,0,-1,STABLE,1.2053838560347956e-16,6.3347462913760414e-17,1
B2_D2_Guyan,B2,2,Guyan,full-grid,372,5,36,51,0.99569933233054864,0.9954442219221491,-0.022538000029006855,1,0,-1,STABLE,1.7832401511867601e-16,6.3347462913760414e-17,1
B2_D2_Guyan,B2,2,Guyan,full-grid,373,5,37,52,0.9957058609922449,0.99545075192170895,-0.0225380148374285,1,0,-1,STABLE,1.277628532161094e-16,6.3347462913760414e-17,1
B2_D2_Guyan,B2,2,Guyan,full-grid,374,5,38,53,0.99571242262792636,0.99545731799146464,-0.022537893264768995,1,0,-1,STABLE,1.6958416729732566e-16,6.3347462913760414e-17,1
B2_D2_Guyan,B2,2,Guyan,full-grid,375,5,39,54,0.99571901472532232,0.99546391765607078,-0.022537633646726982,1,0,-1,STABLE,1.7070013316658731e-16,6.3347462913760414e-17,1
B2_D2_Guyan,B2,2,Guyan,full-grid,376,5,40,55,0.99572563471559061,0.99547054838285032,-0.022537234349250441,1,0,-1,STABLE,1.9336614412528493e-16,6.3347462913760414e-17,1
B2_D2_Guyan,B2,2,Guyan,full-grid,377,5,41,56,0.99573227997297886,0.99547720758141989,-0.022536693770052667,1,0,-1,STABLE,5.2613983568860737e-16,6.3347462913760414e-17,1
B2_D2_Guyan,B2,2,Guyan,full-grid,378,5,42,57,0.99573894781450478,0.99548389260332415,-0.022536010340570786,1,0,-1,STABLE,2.3952069177434304e-16,6.3347462913760414e-17,1
B2_D2_Guyan,B2,2,Guyan,full-grid,379,5,43,58,0.99574563549974338,0.99549060074178219,-0.022535182527627585,1,0,-1,STABLE,1.7421280405724884e-16,6.3347462913760414e-17,1
B2_D2_Guyan,B2,2,Guyan,full-grid,380,5,44,59,0.99575234023060188,0.99549732923141176,-0.022534208835604457,1,0,-1,STABLE,7.6877514727534058e-17,6.3347462913760414e-17,1
B2_D2_Guyan,B2,2,Guyan,full-grid,381,5,45,60,0.99575905915123009,0.99550407524809703,-0.022533087808244787,1,0,-1,STABLE,2.2432315217592735e-16,6.3347462913760414e-17,1
B2_D2_Guyan,B2,2,Guyan,full-grid,382,5,46,61,0.9957657893479408,0.99551083590886091,-0.02253181803070451,1,0,-1,STABLE,2.5504124825268135e-16,6.3347462913760414e-17,1
B2_D2_Guyan,B2,2,Guyan,full-grid,383,5,47,62,0.99577252784923176,0.99551760827183522,-0.022530398131726869,1,0,-1,STABLE,1.8960514613406501e-16,6.3347462913760414e-17,1
B2_D2_Guyan,B2,2,Guyan,full-grid,384,5,48,63,0.99577927162586266,0.99552438933629173,-0.022528826785628803,1,0,-1,STABLE,2.1827220162666084e-16,6.3347462913760414e-17,1
B2_D2_Guyan,B2,2,Guyan,full-grid,385,5,49,64,0.99578601759103136,0.99553117604276697,-0.022527102714532309,1,0,-1,STABLE,1.8115190352664902e-16,6.3347462913760414e-17,1
B2_D2_Guyan,B2,2,Guyan,full-grid,386,5,50,65,0.99579276260061023,0.99553796527324301,-0.02252522469069591,1,0,-1,STABLE,1.4278330784359596e-16,6.3347462913760414e-17,1
B2_D2_Guyan,B2,2,Guyan,full-grid,387,5,51,66,0.99579950345348123,0.99554475385143737,-0.022523191538521961,1,0,-1,STABLE,2.5776242455411785e-16,6.3347462913760414e-17,1
B2_D2_Guyan,B2,2,Guyan,full-grid,388,5,52,67,0.99580623689194603,0.99555153854315426,-0.022521002137052177,1,0,-1,STABLE,4.3633565967952373e-16,6.3347462913760414e-17,1
B2_D2_Guyan,B2,2,Guyan,full-grid,389,5,53,68,0.9958129596022558,0.99555831605676492,-0.022518655422171092,1,0,-1,STABLE,1.0511068783286679e-16,6.3347462913760414e-17,1
B2_D2_Guyan,B2,2,Guyan,full-grid,390,5,54,69,0.9958196682151903,0.99556508304373081,-0.022516150389021567,1,0,-1,STABLE,3.1570748545262311e-16,6.3347462913760414e-17,1
B2_D2_Guyan,B2,2,Guyan,full-grid,391,5,55,70,0.99582635930678676,0.99557183609927935,-0.02251348609432062,1,0,-1,STABLE,1.9015713030921441e-16,6.3347462913760414e-17,1
B2_D2_Guyan,B2,2,Guyan,full-grid,392,5,56,71,0.9958330293991311,0.99557857176314024,-0.022510661658792085,1,0,-1,STABLE,1.0351004882993719e-16,6.3347462913760414e-17,1
B2_D2_Guyan,B2,2,Guyan,full-grid,393,5,57,72,0.99583967496127201,0.99558528652040501,-0.022507676269551951,1,0,-1,STABLE,1.2387717587714895e-16,6.3347462913760414e-17,1
B2_D2_Guyan,B2,2,Guyan,full-grid,394,5,58,73,0.99584629241022982,0.99559197680248301,-0.022504529182481477,1,0,-1,STABLE,1.1377860914035111e-16,6.3347462913760414e-17,1
B2_D2_Guyan,B2,2,Guyan,full-grid,395,5,59,74,0.99585287811212508,0.99559863898817391,-0.022501219724687438,1,0,-1,STABLE,1.1287189523875852e-16,6.3347462913760414e-17,1
B2_D2_Guyan,B2,2,Guyan,full-grid,396,5,60,75,0.99585942838339658,0.99560526940483129,-0.022497747296981702,1,0,-1,STABLE,2.1656936444842469e-16,6.3347462913760414e-17,1
B2_D2_Guyan,B2,2,Guyan,full-grid,397,5,61,76,0.99586593949216129,0.99561186432967197,-0.022494111376090104,1,0,-1,STABLE,6.6004565366940607e-16,6.3347462913760414e-17,1
B2_D2_Guyan,B2,2,Guyan,full-grid,398,5,62,77,0.99587240765965312,0.99561841999116019,-0.0224903115171898,1,0,-1,STABLE,1.473057646506558e-16,6.3347462913760414e-17,1
B2_D2_Guyan,B2,2,Guyan,full-grid,399,5,63,78,0.99587882906178715,0.99562493257051599,-0.022486347356377494,1,0,-1,STABLE,6.8993797238927035e-16,6.3347462913760414e-17,1
B2_D2_Guyan,B2,2,Guyan,full-grid,400,5,64,79,0.995885199830851,0.9956313982033631,-0.022482218612715894,1,0,-1,STABLE,3.3611423313592304e-16,6.3347462913760414e-17,1
B2_D2_Guyan,B2,2,Guyan,full-grid,401,5,65,80,0.99589151605726378,0.99563781298143172,-0.022477925090779866,1,0,-1,STABLE,1.7887425776687219e-16,6.3347462913760414e-17,1
B2_D2_Guyan,B2,2,Guyan,full-grid,402,5,66,81,0.99589777379151334,0.99564417295444763,-0.022473466682874459,1,0,-1,STABLE,3.6103700897708263e-16,6.3347462913760414e-17,1
B2_D2_Guyan,B2,2,Guyan,full-grid,403,6,0,16,0.99647800918238105,0.99299831041401776,-0.083203234906988666,1,0,-1,STABLE,1.4692765335973242e-16,3.0504639614637823e-17,1
B2_D2_Guyan,B2,2,Guyan,full-grid,404,6,1,17,0.99654946739642591,0.99307051067517382,-0.083197366517514776,1,0,-1,STABLE,9.4725020381968494e-17,6.3347462913760414e-17,1
B2_D2_Guyan,B2,2,Guyan,full-grid,405,6,2,18,0.99662005943114496,0.99314231972641109,-0.083185789826039414,1,0,-1,STABLE,3.7468820722274671e-16,6.3347462913760414e-17,1
B2_D2_Guyan,B2,2,Guyan,full-grid,406,6,3,19,0.99668935192687746,0.99321330060790514,-0.083168526138017076,1,0,-1,STABLE,1.7912904630823348e-16,6.3347462913760414e-17,1
B2_D2_Guyan,B2,2,Guyan,full-grid,407,6,4,20,0.99675691470133598,0.99328301680998288,-0.083145628398524976,1,0,-1,STABLE,8.8093545279193832e-17,6.3347462913760414e-17,1
B2_D2_Guyan,B2,2,Guyan,full-grid,408,6,5,21,0.99682232280491023,0.99335103433207361,-0.08311718133801245,1,0,-1,STABLE,1.8314751591357119e-16,6.3347462913760414e-17,1
B2_D2_Guyan,B2,2,Guyan,full-grid,409,6,6,22,0.99688515861435767,0.993416923791135,-0.083083301516799338,1,0,-1,STABLE,2.1637789479528521e-16,6.3347462913760414e-17,1
B2_D2_Guyan,B2,2,Guyan,full-grid,410,6,7,23,0.99694501396464574,0.9934802625803536,-0.083044137253866127,1,0,-1,STABLE,3.1538773533167385e-16,6.3347462913760414e-17,1
B2_D2_Guyan,B2,2,Guyan,full-grid,411,6,8,24,0.99700149231420943,0.99354063707450835,-0.082999868423635825,1,0,-1,STABLE,2.3722558432968928e-16,6.3347462913760414e-17,1
B2_D2_Guyan,B2,2,Guyan,full-grid,412,6,9,25,0.99705421093427715,0.99359764487368096,-0.082950706104581232,1,0,-1,STABLE,2.1621197492821366e-16,6.3347462913760414e-17,1
B2_D2_Guyan,B2,2,Guyan,full-grid,413,6,10,26,0.99710280310812671,0.99365089707206744,-0.08289689206453657,1,0,-1,STABLE,1.0703340384220229e-16,6.3347462913760414e-17,1
B2_D2_Guyan,B2,2,Guyan,full-grid,414,6,11,27,0.99714692032201346,0.99370002053424589,-0.082838698069894731,1,0,-1,STABLE,7.3436646705440133e-17,6.3347462913760414e-17,1
B2_D2_Guyan,B2,2,Guyan,full-grid,415,6,12,28,0.99718623442616705,0.99374466015750562,-0.082776425010277696,1,0,-1,STABLE,1.0526907111634078e-16,6.3347462913760414e-17,1
B2_D2_Guyan,B2,2,Guyan,full-grid,416,6,13,29,0.99722043974200392,0.99378448109619677,-0.082710401834344152,1,0,-1,STABLE,1.502277233821063e-16,6.3347462913760414e-17,1
B2_D2_Guyan,B2,2,Guyan,full-grid,417,6,14,30,0.99724925509090201,0.99381917092269312,-0.082640984298893203,1,0,-1,STABLE,1.5264281635685531e-16,6.3347462913760414e-17,1
B2_D2_Guyan,B2,2,Guyan,full-grid,418,6,15,31,0.99727242572069119,0.99384844169993836,-0.082568553538474504,1,0,-1,STABLE,1.8319816023387215e-16,6.3347462913760414e-17,1
B2_D2_Guyan,B2,2,Guyan,full-grid,419,6,16,32,0.99728972510832181,0.99387203194231211,-0.082493514469270016,1,0,-1,STABLE,8.4599745486965679e-17,6.3347462913760414e-17,1
B2_D2_Guyan,B2,2,Guyan,full-grid,420,6,17,33,0.99730095662116536,0.99388970844513791,-0.082416294046324473,1,0,-1,STABLE,1.5773916273425301e-16,6.3347462913760414e-17,1
B2_D2_Guyan,B2,2,Guyan,full-grid,421,6,18,34,0.99730595502473474,0.99390126796817879,-0.082337339397412598,1,0,-1,STABLE,2.6958415932997668e-16,6.3347462913760414e-17,1
B2_D2_Guyan,B2,2,Guyan,full-grid,422,6,19,35,0.99730458783101206,0.99390653876464796,-0.082257115860343719,1,0,-1,STABLE,1.2757065691641081e-16,6.3347462913760414e-17,1
B2_D2_Guyan,B2,2,Guyan,full-grid,423,6,20,36,0.99729675648893246,0.99390538195458311,-0.082176104951862075,1,0,-1,STABLE,2.8230903918194224e-16,6.3347462913760414e-17,1
B2_D2_Guyan,B2,2,Guyan,full-grid,424,6,21,37,0.99728239742610703,0.99389769274904283,-0.082094802296447292,1,0,-1,STABLE,1.5221858068943751e-16,6.3347462913760414e-17,1
B2_D2_Guyan,B2,2,Guyan,full-grid,425,6,22,38,0.99726148295854711,0.99388340153962373,-0.082013715540193238,1,0,-1,STABLE,8.5045286393814872e-17,6.3347462913760414e-17,1
B2_D2_Guyan,B2,2,Guyan,full-grid,426,6,23,39,0.9972340220922673,0.99386247487521884,-0.081933362272188573,1,0,-1,STABLE,2.5021897300802247e-16,6.3347462913760414e-17,1
B2_D2_Guyan,B2,2,Guyan,full-grid,427,6,24,40,0.99720006124687421,0.99383491635495924,-0.081854267967534228,1,0,-1,STABLE,1.6924406335151601e-16,6.3347462913760414e-17,1
B2_D2_Guyan,B2,2,Guyan,full-grid,428,6,25,41,0.99715968493629903,0.99380076747189983,-0.081776963960041971,1,0,-1,STABLE,1.2246096180847144e-16,6.3347462913760414e-17,1
B2_D2_Guyan,B2,2,Guyan,full-grid,429,6,26,42,0.99711301644499384,0.99376010844624141,-0.081701985440678818,1,0,-1,STABLE,3.5850794240077753e-16,6.3347462913760414e-17,1
B2_D2_Guyan,B2,2,Guyan,full-grid,430,6,27,43,0.99706021853938542,0.99371305908921448,-0.081629869467997551,1,0,-1,STABLE,6.4798204871813533e-17,6.3347462913760414e-17,1
B2_D2_Guyan,B2,2,Guyan,full-grid,431,6,28,44,0.99700149425313311,0.99365977973873432,-0.081561152962363825,1,0,-1,STABLE,1.4701120344359282e-16,6.3347462913760414e-17,1
B2_D2_Guyan,B2,2,Guyan,full-grid,432,6,29,45,0.99693708778103507,0.99360047230538528,-0.081496370642174271,1,0,-1,STABLE,2.3300316228456496e-16,6.3347462913760414e-17,1
B2_D2_Guyan,B2,2,Guyan,full-grid,433,6,30,46,0.99686728550928294,0.99353538146139542,-0.081436052845197254,1,0,-1,STABLE,1.6411230218561045e-16,6.3347462913760414e-17,1
B2_D2_Guyan,B2,2,Guyan,full-grid,434,6,31,47,0.99679241719895306,0.99346479599580306,-0.081380723161871407,1,0,-1,STABLE,9.1182584871341409e-17,6.3347462913760414e-17,1
B2_D2_Guyan,B2,2,Guyan,full-grid,435,6,32,48,0.99671285732461712,0.9933890503452989,-0.081330895791624197,1,0,-1,STABLE,4.0718565910500176e-16,6.3347462913760414e-17,1
B2_D2_Guyan,B2,2,Guyan,full-grid,436,6,33,49,0.99662902654943086,0.99330852629097044,-0.081287072517877521,1,0,-1,STABLE,2.7701112390651526e-16,6.3347462913760414e-17,1
B2_D2_Guyan,B2,2,Guyan,full-grid,437,6,34,50,0.99654139329219205,0.99322365478646768,-0.08124973918330626,1,0,-1,STABLE,2.5262638413532057e-16,6.3347462913760414e-17,1
B2_D2_Guyan,B2,2,Guyan,full-grid,438,6,35,51,0.9964504753087523,0.99313491785089347,-0.081219361536135889,1,0,-1,STABLE,1.6004039836264068e-16,6.3347462913760414e-17,1
B2_D2_Guyan,B2,2,Guyan,full-grid,439,6,36,52,0.99635684117020407,0.99304285042025264,-0.081196380312712951,1,0,-1,STABLE,1.2642057331297558e-16,6.3347462913760414e-17,1
B2_D2_Guyan,B2,2,Guyan,full-grid,440,6,37,53,0.99626111147260588,0.99294804200349751,-0.081181205423746627,1,0,-1,STABLE,2.0971540121246368e-16,6.3347462913760414e-17,1
B2_D2_Guyan,B2,2,Guyan,full-grid,441,6,38,54,0.99616395955863213,0.9928511379336995,-0.081174209126360281,1,0,-1,STABLE,1.0719475866965472e-16,6.3347462913760414e-17,1
B2_D2_Guyan,B2,2,Guyan,full-grid,442,6,39,55,0.99606611147239232,0.99275283994331009,-0.081175718094912211,1,0,-1,STABLE,2.1197153685868425e-16,6.3347462913760414e-17,1
B2_D2_Guyan,B2,2,Guyan,full-grid,443,6,40,56,0.99596834480836571,0.99265390572799506,-0.081186004355876876,1,0,-1,STABLE,1.2160562375148492e-16,6.3347462913760414e-17,1
B2_D2_Guyan,B2,2,Guyan,full-grid,444,6,41,57,0.99587148606156284,0.99255514710320081,-0.081205275132894592,1,0,-1,STABLE,1.8712175157420118e-16,6.3347462913760414e-17,1
B2_D2_Guyan,B2,2,Guyan,full-grid,445,6,42,58,0.99577640604688156,0.992457426309586,-0.0812336617578958,1,0,-1,STABLE,2.390650894122438e-16,6.3347462913760414e-17,1
B2_D2_Guyan,B2,2,Guyan,full-grid,446,6,43,59,0.99576112030227704,0.9955059943410971,-0.022539386340125055,1,0,-1,STABLE,1.5203537759024492e-16,6.3347462913760414e-17,1
B2_D2_Guyan,B2,2,Guyan,full-grid,447,6,44,60,0.99576781913785806,0.995512716894698,-0.022538414573857229,1,0,-1,STABLE,3.3403195801247074e-16,6.3347462913760414e-17,1
B2_D2_Guyan,B2,2,Guyan,full-grid,448,6,45,61,0.99577453208821598,0.99551945689878429,-0.022537295566574092,1,0,-1,STABLE,2.024609567773931e-16,6.3347462913760414e-17,1
B2_D2_Guyan,B2,2,Guyan,full-grid,449,6,46,62,0.99578125623919256,0.99552621146984777,-0.022536027906364109,1,0,-1,STABLE,2.964803391508769e-16,6.3347462913760414e-17,1
B2_D2_Guyan,B2,2,Guyan,full-grid,450,6,47,63,0.99578798861882045,0.99553297766549242,-0.022534610225037749,1,0,-1,STABLE,1.4856695252618493e-16,6.3347462913760414e-17,1
B2_D2_Guyan,B2,2,Guyan,full-grid,451,6,48,64,0.9957947261974317,0.99553975248449644,-0.022533041200100464,1,0,-1,STABLE,1.9868724712097934e-16,6.3347462913760414e-17,1
B2_D2_Guyan,B2,2,Guyan,full-grid,452,6,49,65,0.99580146588781671,0.99554653286691952,-0.022531319557004895,1,0,-1,STABLE,2.1826525977218869e-16,6.3347462913760414e-17,1
B2_D2_Guyan,B2,2,Guyan,full-grid,453,6,50,66,0.99580820454547958,0.99555331569430672,-0.02252944407134785,1,0,-1,STABLE,8.4172989986374337e-17,6.3347462913760414e-17,1
B2_D2_Guyan,B2,2,Guyan,full-grid,454,6,51,67,0.99581493896897022,0.99556009778996768,-0.022527413571109031,1,0,-1,STABLE,2.0981424881603528e-16,6.3347462913760414e-17,1
B2_D2_Guyan,B2,2,Guyan,full-grid,455,6,52,68,0.99582166590031773,0.99556687591935833,-0.022525226938985517,1,0,-1,STABLE,1.4675211441280252e-16,6.3347462913760414e-17,1
B2_D2_Guyan,B2,2,Guyan,full-grid,456,6,53,69,0.99582838202553636,0.99557364679053273,-0.022522883114672577,1,0,-1,STABLE,1.8876129462480915e-16,6.3347462913760414e-17,1
B2_D2_Guyan,B2,2,Guyan,full-grid,457,6,54,70,0.99583508397524545,0.99558040705470974,-0.022520381097186293,1,0,-1,STABLE,2.0675431294438753e-16,6.3347462913760414e-17,1
B2_D2_Guyan,B2,2,Guyan,full-grid,458,6,55,71,0.99584176832538007,0.9955871533069276,-0.022517719947368304,1,0,-1,STABLE,2.3749129262102315e-16,6.3347462913760414e-17,1
B2_D2_Guyan,B2,2,Guyan,full-grid,459,6,56,72,0.99584843159800629,0.99559388208680843,-0.022514898790078897,1,0,-1,STABLE,1.3637945404839227e-16,6.3347462913760414e-17,1
B2_D2_Guyan,B2,2,Guyan,full-grid,460,6,57,73,0.99585507026222875,0.99560058987940747,-0.022511916816754362,1,0,-1,STABLE,3.1957747901930278e-16,6.3347462913760414e-17,1
B2_D2_Guyan,B2,2,Guyan,full-grid,461,6,58,74,0.99586168073521475,0.99560727311618424,-0.022508773287819354,1,0,-1,STABLE,5.4507304700071751e-17,6.3347462913760414e-17,1
B2_D2_Guyan,B2,2,Guyan,full-grid,462,6,59,75,0.99586825938333357,0.99561392817608874,-0.022505467534990699,1,0,-1,STABLE,2.3167805325792371e-16,6.3347462913760414e-17,1
B2_D2_Guyan,B2,2,Guyan,full-grid,463,6,60,76,0.99587480252338445,0.99562055138673433,-0.022501998963765198,1,0,-1,STABLE,3.5714078028749176e-16,6.3347462913760414e-17,1
B2_D2_Guyan,B2,2,Guyan,full-grid,464,6,61,77,0.99588130642395434,0.99562713902570132,-0.022498367055834242,1,0,-1,STABLE,1.9939239605493958e-16,6.3347462913760414e-17,1
B2_D2_Guyan,B2,2,Guyan,full-grid,465,6,62,78,0.99588776730687267,0.9956336873219388,-0.022494571371496696,1,0,-1,STABLE,2.4740217912494444e-16,6.3347462913760414e-17,1
B2_D2_Guyan,B2,2,Guyan,full-grid,466,6,63,79,0.99589418134878083,0.99564019245728586,-0.022490611551873766,1,0,-1,STABLE,1.6756666458453022e-16,6.3347462913760414e-17,1
B2_D2_Guyan,B2,2,Guyan,full-grid,467,6,64,80,0.99590054468284839,0.99564665056812895,-0.022486487321504225,1,0,-1,STABLE,1.7025240342483518e-16,6.3347462913760414e-17,1
B2_D2_Guyan,B2,2,Guyan,full-grid,468,6,65,81,0.99590685340051921,0.99565305774710589,-0.022482198490391889,1,0,-1,STABLE,3.675988047409307e-16,6.3347462913760414e-17,1
B2_D2_Guyan,B2,2,Guyan,full-grid,469,6,66,82,0.99591310355347329,0.99565941004501146,-0.022477744956533902,1,0,-1,STABLE,3.8476198271907999e-16,6.3347462913760414e-17,1
B2_D2_Guyan,B2,2,Guyan,full-grid,470,7,0,17,0.99780262255611141,0.99436002166932314,-0.082814376080707422,1,0,-1,STABLE,1.0279282140552926e-16,3.0504639614637823e-17,1
B2_D2_Guyan,B2,2,Guyan,full-grid,471,7,1,18,0.9978706731273943,0.99442915448612379,-0.082804208804455937,1,0,-1,STABLE,1.1860620960331026e-16,6.3347462913760414e-17,1
B2_D2_Guyan,B2,2,Guyan,full-grid,472,7,2,19,0.9979374647462409,0.99449747399299504,-0.082788633070651874,1,0,-1,STABLE,1.5560610700242043e-16,6.3347462913760414e-17,1
B2_D2_Guyan,B2,2,Guyan,full-grid,473,7,3,20,0.99800259554749138,0.99456457158037193,-0.082767709142401377,1,0,-1,STABLE,7.9490169578608826e-17,6.3347462913760414e-17,1
B2_D2_Guyan,B2,2,Guyan,full-grid,474,7,4,21,0.99806566994745116,0.99463004245570397,-0.082741526286498071,1,0,-1,STABLE,1.3430023307403595e-16,6.3347462913760414e-17,1
B2_D2_Guyan,B2,2,Guyan,full-grid,475,7,5,22,0.99812630043324901,0.9946934874593768,-0.08271020265037908,1,0,-1,STABLE,1.0973394969322276e-16,6.3347462913760414e-17,1
B2_D2_Guyan,B2,2,Guyan,full-grid,476,7,6,23,0.99818410937299928,0.99475451491013778,-0.082673885058489702,1,0,-1,STABLE,1.7466393875832861e-16,6.3347462913760414e-17,1
B2_D2_Guyan,B2,2,Guyan,full-grid,477,7,7,24,0.99823873084743775,0.99481274248152862,-0.082632748715525353,1,0,-1,STABLE,1.9901252352469318e-16,6.3347462913760414e-17,1
B2_D2_Guyan,B2,2,Guyan,full-grid,478,7,8,25,0.99828981249966253,0.9948677991069087,-0.082586996802080578,1,0,-1,STABLE,1.1322533901364668e-16,6.3347462913760414e-17,1
B2_D2_Guyan,B2,2,Guyan,full-grid,479,7,9,26,0.99833701739538416,0.99491932690624341,-0.082536859949595073,1,0,-1,STABLE,2.1104470986512297e-16,6.3347462913760414e-17,1
B2_D2_Guyan,B2,2,Guyan,full-grid,480,7,10,27,0.99838002588229657,0.99496698312400533,-0.082482595581435544,1,0,-1,STABLE,2.854073949444436e-16,6.3347462913760414e-17,1
B2_D2_Guyan,B2,2,Guyan,full-grid,481,7,11,28,0.99841853743369868,0.99501044206370581,-0.082424487110536238,1,0,-1,STABLE,1.4564120065546822e-16,6.3347462913760414e-17,1
B2_D2_Guyan,B2,2,Guyan,full-grid,482,7,12,29,0.99845227245895563,0.99504939700179262,-0.082362842986513474,1,0,-1,STABLE,8.6476816281906806e-17,6.3347462913760414e-17,1
B2_D2_Guyan,B2,2,Guyan,full-grid,483,7,13,30,0.99848097406192782,0.99508356206178417,-0.082297995589732914,1,0,-1,STABLE,1.5864719783648439e-16,6.3347462913760414e-17,1
B2_D2_Guyan,B2,2,Guyan,full-grid,484,7,14,31,0.99850440972813415,0.99511267402874704,-0.082230299974438786,1,0,-1,STABLE,1.6384017247694368e-16,6.3347462913760414e-17,1
B2_D2_Guyan,B2,2,Guyan,full-grid,485,7,15,32,0.99852237292242163,0.99513649408488458,-0.082160132467444497,1,0,-1,STABLE,2.2930079969068675e-16,6.3347462913760414e-17,1
B2_D2_Guyan,B2,2,Guyan,full-grid,486,7,16,33,0.99853468458122963,0.99515480944892121,-0.082087889133640748,1,0,-1,STABLE,1.7822037232069083e-16,6.3347462913760414e-17,1
B2_D2_Guyan,B2,2,Guyan,full-grid,487,7,17,34,0.99854119448696921,0.99516743490510373,-0.082013984123803382,1,0,-1,STABLE,2.1004706893651883e-16,6.3347462913760414e-17,1
B2_D2_Guyan,B2,2,Guyan,full-grid,488,7,18,35,0.99854178251658543,0.99517421421203411,-0.081938847922462824,1,0,-1,STABLE,1.4718634318586037e-16,6.3347462913760414e-17,1
B2_D2_Guyan,B2,2,Guyan,full-grid,489,7,19,36,0.99853635976162147,0.99517502138663083,-0.081862925516434926,1,0,-1,STABLE,1.9598998224240493e-16,6.3347462913760414e-17,1
B2_D2_Guyan,B2,2,Guyan,full-grid,490,7,20,37,0.99852486952283104,0.99516976186431849,-0.08178667450448357,1,0,-1,STABLE,1.5980123164153474e-16,6.3347462913760414e-17,1
B2_D2_Guyan,B2,2,Guyan,full-grid,491,7,21,38,0.99850728818831391,0.99515837354262493,-0.081710563167670364,1,0,-1,STABLE,3.1785620814877685e-16,6.3347462913760414e-17,1
B2_D2_Guyan,B2,2,Guyan,full-grid,492,7,22,39,0.99848362600972973,0.99514082772122037,-0.081635068517533035,1,0,-1,STABLE,2.1100804759185697e-16,6.3347462913760414e-17,1
B2_D2_Guyan,B2,2,Guyan,full-grid,493,7,23,40,0.99845392779619391,0.99511712995696477,-0.081560674334267044,1,0,-1,STABLE,1.9333734014640998e-16,6.3347462913760414e-17,1
B2_D2_Guyan,B2,2,Guyan,full-grid,494,7,24,41,0.9984182735495023,0.99508732085706719,-0.081487869201943244,1,0,-1,STABLE,1.9381526907835958e-16,6.3347462913760414e-17,1
B2_D2_Guyan,B2,2,Guyan,full-grid,495,7,25,42,0.99837677906718081,0.99505147683704709,-0.081417144539525824,1,0,-1,STABLE,2.1604769900379852e-16,6.3347462913760414e-17,1
B2_D2_Guyan,B2,2,Guyan,full-grid,496,7,26,43,0.99832959654080056,0.99500971087187196,-0.081348992618171412,1,0,-1,STABLE,1.6815950224970927e-16,6.3347462913760414e-17,1
B2_D2_Guyan,B2,2,Guyan,full-grid,497,7,27,44,0.99827691517644146,0.9949621732689411,-0.081283904545349728,1,0,-1,STABLE,1.559406470971336e-16,6.3347462913760414e-17,1
B2_D2_Guyan,B2,2,Guyan,full-grid,498,7,28,45,0.9982189618608085,0.9949090524891534,-0.081222368185157601,1,0,-1,STABLE,8.9771177961800641e-17,6.3347462913760414e-17,1
B2_D2_Guyan,B2,2,Guyan,full-grid,499,7,29,46,0.99815600189088161,0.99485057603762561,-0.08116486597287037,1,0,-1,STABLE,3.4622574709619338e-16,6.3347462913760414e-17,1
B2_D2_Guyan,B2,2,Guyan,full-grid,500,7,30,47,0.99808833977632505,0.99478701143792803,-0.081111872570275245,1,0,-1,STABLE,2.4428934475905968e-16,6.3347462913760414e-17,1
B2_D2_Guyan,B2,2,Guyan,full-grid,501,7,31,48,0.99801632011157482,0.99471866729237923,-0.08106385229633857,1,0,-1,STABLE,1.3429307608465229e-16,6.3347462913760414e-17,1
B2_D2_Guyan,B2,2,Guyan,full-grid,502,7,32,49,0.99794032849867942,0.99464589441596529,-0.081021256257335403,1,0,-1,STABLE,3.6685147337020993e-16,6.3347462913760414e-17,1
B2_D2_Guyan,B2,2,Guyan,full-grid,503,7,33,50,0.99786079248165294,0.99456908701187574,-0.08098451909146806,1,0,-1,STABLE,1.7835576596562625e-16,6.3347462913760414e-17,1
B2_D2_Guyan,B2,2,Guyan,full-grid,504,7,34,51,0.99777818242832783,0.99448868383240341,-0.080954055236728106,1,0,-1,STABLE,1.4615932855707008e-16,6.3347462913760414e-17,1
B2_D2_Guyan,B2,2,Guyan,full-grid,505,7,35,52,0.99769301226593488,0.99440516923933786,-0.080930254629272461,1,0,-1,STABLE,1.5743775904371721e-16,6.3347462913760414e-17,1
B2_D2_Guyan,B2,2,Guyan,full-grid,506,7,36,53,0.99760583994261331,0.99431907404363407,-0.080913477743928722,1,0,-1,STABLE,2.6450093613041617e-16,6.3347462913760414e-17,1
B2_D2_Guyan,B2,2,Guyan,full-grid,507,7,37,54,0.99751726744891112,0.99423097596490118,-0.08090404990247714,1,0,-1,STABLE,1.0483428250093459e-16,6.3347462913760414e-17,1
B2_D2_Guyan,B2,2,Guyan,full-grid,508,7,38,55,0.99742794019320258,0.99414149950911024,-0.080902254800672299,1,0,-1,STABLE,1.3241098384365841e-16,6.3347462913760414e-17,1
B2_D2_Guyan,B2,2,Guyan,full-grid,509,7,39,56,0.99733854548592971,0.99405131502063804,-0.080908327245902217,1,0,-1,STABLE,1.0483720942732541e-16,6.3347462913760414e-17,1
B2_D2_Guyan,B2,2,Guyan,full-grid,510,7,40,57,0.99724980985362044,0.99396113662615959,-0.080922445155314396,1,0,-1,STABLE,1.6954834557589495e-16,6.3347462913760414e-17,1
B2_D2_Guyan,B2,2,Guyan,full-grid,511,7,41,58,0.99716249488192188,0.99387171875972125,-0.080944720944213983,1,0,-1,STABLE,1.2968119042842272e-16,6.3347462913760414e-17,1
B2_D2_Guyan,B2,2,Guyan,full-grid,512,7,42,59,0.99707739128552453,0.99378385094907062,-0.0809751925319252,1,0,-1,STABLE,2.3085514671615137e-16,6.3347462913760414e-17,1
B2_D2_Guyan,B2,2,Guyan,full-grid,513,7,43,60,0.99699531093165394,0.99369835056246281,-0.081013814310562399,1,0,-1,STABLE,1.2624797803740784e-16,6.3347462913760414e-17,1
B2_D2_Guyan,B2,2,Guyan,full-grid,514,7,44,61,0.99691707661293327,0.99361605327401303,-0.081060448547060265,1,0,-1,STABLE,1.2228021590342325e-16,6.3347462913760414e-17,1
B2_D2_Guyan,B2,2,Guyan,full-grid,515,7,45,62,0.99684350948329148,0.99353780111319734,-0.081114857813583741,1,0,-1,STABLE,1.6803898017335115e-16,6.3347462913760414e-17,1
B2_D2_Guyan,B2,2,Guyan,full-grid,516,7,46,63,0.99677541424140059,0.99346442812642799,-0.081176699141720432,1,0,-1,STABLE,2.1633868518764306e-16,6.3347462913760414e-17,1
B2_D2_Guyan,B2,2,Guyan,full-grid,517,7,47,64,0.99671356236458086,0.99339674389208188,-0.081245520652540801,1,0,-1,STABLE,1.7922920219191134e-16,6.3347462913760414e-17,1
B2_D2_Guyan,B2,2,Guyan,full-grid,518,7,48,65,0.99665867394837748,0.99333551538353149,-0.081320761397518759,1,0,-1,STABLE,1.9263787142892709e-16,6.3347462913760414e-17,1
B2_D2_Guyan,B2,2,Guyan,full-grid,519,7,49,66,0.996611398963547,0.99328144793958117,-0.081401755037144016,1,0,-1,STABLE,2.7347923887503687e-16,6.3347462913760414e-17,1
B2_D2_Guyan,B2,2,Guyan,full-grid,520,7,50,67,0.99657229896480648,0.99323516634134457,-0.081487737770054441,1,0,-1,STABLE,1.43980944824969e-16,6.3347462913760414e-17,1
B2_D2_Guyan,B2,2,Guyan,full-grid,521,7,51,68,0.99654183042905575,0.99319719716303845,-0.081577860614122394,1,0,-1,STABLE,1.0657343050131298e-16,6.3347462913760414e-17,1
B2_D2_Guyan,B2,2,Guyan,full-grid,522,7,52,69,0.99652033092357406,0.99316795361795185,-0.081671205760412285,1,0,-1,STABLE,1.7911060801950411e-16,6.3347462913760414e-17,1
B2_D2_Guyan,B2,2,Guyan,full-grid,523,7,53,70,0.99650800918197258,0.99314772403111751,-0.081766806319126362,1,0,-1,STABLE,9.2237585273889178e-17,6.3347462913760414e-17,1
B2_D2_Guyan,B2,2,Guyan,full-grid,524,7,54,71,0.99650493989505318,0.99313666482949647,-0.08186366841638508,1,0,-1,STABLE,2.0985506638715577e-16,6.3347462913760414e-17,1
B2_D2_Guyan,B2,2,Guyan,full-grid,525,7,55,72,0.99651106363615005,0.99313479857455444,-0.081960794344188515,1,0,-1,STABLE,1.7796097232607075e-16,6.3347462913760414e-17,1
B2_D2_Guyan,B2,2,Guyan,full-grid,526,7,56,73,0.99652619188964475,0.99314201712080485,-0.082057205358799068,1,0,-1,STABLE,6.6513344033924546e-17,6.3347462913760414e-17,1
B2_D2_Guyan,B2,2,Guyan,full-grid,527,7,57,74,0.99655001670691334,0.99315808953524232,-0.0821519627839601,1,0,-1,STABLE,8.470581639327282e-17,6.3347462913760414e-17,1
B2_D2_Guyan,B2,2,Guyan,full-grid,528,7,58,75,0.99658212414445968,0.99318267402608074,-0.082244186291112742,1,0,-1,STABLE,1.1304133593686979e-16,6.3347462913760414e-17,1
B2_D2_Guyan,B2,2,Guyan,full-grid,529,7,59,76,0.99662201039331999,0.99321533285712926,-0.082333068556472017,1,0,-1,STABLE,1.4195114295649552e-16,6.3347462913760414e-17,1
B2_D2_Guyan,B2,2,Guyan,full-grid,530,7,60,77,0.99666909941062254,0.99325554909487157,-0.082417885875738867,1,0,-1,STABLE,4.0845428947941159e-16,6.3347462913760414e-17,1
B2_D2_Guyan,B2,2,Guyan,full-grid,531,7,61,78,0.99672276090676004,0.99330274404715801,-0.082498004690902849,1,0,-1,STABLE,1.360735022041299e-16,6.3347462913760414e-17,1
B2_D2_Guyan,B2,2,Guyan,full-grid,532,7,62,79,0.99678232769583552,0.99335629438033468,-0.082572884300465679,1,0,-1,STABLE,1.581303244381693e-16,6.3347462913760414e-17,1
B2_D2_Guyan,B2,2,Guyan,full-grid,533,7,63,80,0.99684711164100703,0.99341554810625099,-0.082642076255231442,1,0,-1,STABLE,2.7917867285384127e-16,6.3347462913760414e-17,1
B2_D2_Guyan,B2,2,Guyan,full-grid,534,7,64,81,0.99691641767714823,0.99347983886998725,-0.08270522107522818,1,0,-1,STABLE,6.9875522728592998e-16,6.3347462913760414e-17,1
B2_D2_Guyan,B2,2,Guyan,full-grid,535,7,65,82,0.99698955563356095,0.99354849820530045,-0.082762042968968608,1,0,-1,STABLE,2.321520462833426e-16,6.3347462913760414e-17,1
B2_D2_Guyan,B2,2,Guyan,full-grid,536,7,66,83,0.99706584978568469,0.9936208656328257,-0.082812343209957326,1,0,-1,STABLE,4.1596924862317273e-16,6.3347462913760414e-17,1
B2_D2_Guyan,B2,2,Guyan,full-grid,537,8,0,18,0.99906270527179031,0.99566607548611774,-0.082312545769527318,1,0,-1,STABLE,1.7063687842117158e-16,3.0504639614637829e-17,1
B2_D2_Guyan,B2,2,Guyan,full-grid,538,8,1,19,0.99912698766003161,0.99573171797099325,-0.082298744201497687,1,0,-1,STABLE,1.4679756313177748e-16,6.3347462913760414e-17,1
B2_D2_Guyan,B2,2,Guyan,full-grid,539,8,2,20,0.99918969561750581,0.99579619886812765,-0.082279876932287513,1,0,-1,STABLE,2.8615482439306826e-16,6.3347462913760414e-17,1
B2_D2_Guyan,B2,2,Guyan,full-grid,540,8,3,21,0.99925046196394862,0.99585914184676827,-0.082256035252029958,1,0,-1,STABLE,1.7492766323341275e-16,6.3347462913760414e-17,1
B2_D2_Guyan,B2,2,Guyan,full-grid,541,8,4,22,0.99930892804148808,0.99592017691807921,-0.082227336518276642,1,0,-1,STABLE,2.1087068145158316e-16,6.3347462913760414e-17,1
B2_D2_Guyan,B2,2,Guyan,full-grid,542,8,5,23,0.99936474523319052,0.99597894199447889,-0.082193923854250978,1,0,-1,STABLE,1.3265678121884338e-16,6.3347462913760414e-17,1
B2_D2_Guyan,B2,2,Guyan,full-grid,543,8,6,24,0.99941757649431007,0.99603508446812683,-0.08215596578661527,1,0,-1,STABLE,2.0254859498173981e-16,6.3347462913760414e-17,1
B2_D2_Guyan,B2,2,Guyan,full-grid,544,8,7,25,0.99946709789759725,0.99608826281073903,-0.082113655810281239,1,0,-1,STABLE,3.4036666606923376e-16,6.3347462913760414e-17,1
B2_D2_Guyan,B2,2,Guyan,full-grid,545,8,8,26,0.99951300019017419,0.99613814819300539,-0.082067211867913728,1,0,-1,STABLE,1.4749286100340899e-16,6.3347462913760414e-17,1
B2_D2_Guyan,B2,2,Guyan,full-grid,546,8,9,27,0.99955499035589779,0.99618442611827684,-0.082016875731634159,1,0,-1,STABLE,2.2181019708463391e-16,6.3347462913760414e-17,1
B2_D2_Guyan,B2,2,Guyan,full-grid,547,8,10,28,0.9995927931737536,0.99622679806163905,-0.081962912275984748,1,0,-1,STABLE,9.8927829648441816e-17,6.3347462913760414e-17,1
B2_D2_Guyan,B2,2,Guyan,full-grid,548,8,11,29,0.999626152760131,0.99626498310260381,-0.081905608633289453,1,0,-1,STABLE,1.8876628857880134e-16,6.3347462913760414e-17,1
B2_D2_Guyan,B2,2,Guyan,full-grid,549,8,12,30,0.9996548340807051,0.99629871953724369,-0.081845273225585005,1,0,-1,STABLE,3.1960148155941436e-16,6.3347462913760414e-17,1
B2_D2_Guyan,B2,2,Guyan,full-grid,550,8,13,31,0.99967862441667132,0.99632776645432053,-0.081782234670821227,1,0,-1,STABLE,9.9278061763973608e-17,6.3347462913760414e-17,1
B2_D2_Guyan,B2,2,Guyan,full-grid,551,8,14,32,0.99969733477003786,0.99635190525961193,-0.081716840564589888,1,0,-1,STABLE,2.0042162189857571e-16,6.3347462913760414e-17,1
B2_D2_Guyan,B2,2,Guyan,full-grid,552,8,15,33,0.99971080119355471,0.9963709411332099,-0.081649456142588409,1,0,-1,STABLE,1.175385867424932e-16,6.3347462913760414e-17,1
B2_D2_Guyan,B2,2,Guyan,full-grid,553,8,16,34,0.99971888603306747,0.99638470440650428,-0.081580462832473499,1,0,-1,STABLE,2.2990029511916695e-16,6.3347462913760414e-17,1
B2_D2_Guyan,B2,2,Guyan,full-grid,554,8,17,35,0.99972147907285946,0.99639305184815563,-0.081510256706407741,1,0,-1,STABLE,3.2111556729951967e-16,6.3347462913760414e-17,1
B2_D2_Guyan,B2,2,Guyan,full-grid,555,8,18,36,0.99971849857826012,0.99639586785191447,-0.081439246848192301,1,0,-1,STABLE,4.4106870555345946e-16,6.3347462913760414e-17,1
B2_D2_Guyan,B2,2,Guyan,full-grid,556,8,19,37,0.99970989223401407,0.99639306552336349,-0.081367853649327943,1,0,-1,STABLE,4.9750808265055432e-16,6.3347462913760414e-17,1
B2_D2_Guyan,B2,2,Guyan,full-grid,557,8,20,38,0.99969563798127103,0.99638458766706439,-0.081296507048670627,1,0,-1,STABLE,1.3813376334884845e-16,6.3347462913760414e-17,1
B2_D2_Guyan,B2,2,Guyan,full-grid,558,8,21,39,0.9996757447603517,0.99637040768007212,-0.081225644728809998,1,0,-1,STABLE,1.3113702766402858e-16,6.3347462913760414e-17,1
B2_D2_Guyan,B2,2,Guyan,full-grid,559,8,22,40,0.99965025317071099,0.99635053036233212,-0.081155710279474116,1,0,-1,STABLE,1.5273634221426532e-16,6.3347462913760414e-17,1
B2_D2_Guyan,B2,2,Guyan,full-grid,560,8,23,41,0.99961923606247749,0.99632499265783281,-0.081087151334229793,1,0,-1,STABLE,3.0976928433561216e-16,6.3347462913760414e-17,1
B2_D2_Guyan,B2,2,Guyan,full-grid,561,8,24,42,0.9995827990766577,0.99629386434355816,-0.081020417681628321,1,0,-1,STABLE,1.3428712231145962e-16,6.3347462913760414e-17,1
B2_D2_Guyan,B2,2,Guyan,full-grid,562,8,25,43,0.99954108115201279,0.99625724868481136,-0.080955959345217876,1,0,-1,STABLE,9.967969268186247e-17,6.3347462913760414e-17,1
B2_D2_Guyan,B2,2,Guyan,full-grid,563,8,26,44,0.99949425501620592,0.99621528307567764,-0.080894224619857402,1,0,-1,STABLE,1.6904743756056097e-16,6.3347462913760414e-17,1
B2_D2_Guyan,B2,2,Guyan,full-grid,564,8,27,45,0.99944252767662112,0.99616813968190199,-0.080835658043539718,1,0,-1,STABLE,1.9722827867179279e-16,6.3347462913760414e-17,1
B2_D2_Guyan,B2,2,Guyan,full-grid,565,8,28,46,0.99938614092185263,0.99611602609979011,-0.080780698275240329,1,0,-1,STABLE,4.2827853249826948e-16,6.3347462913760414e-17,1
B2_D2_Guyan,B2,2,Guyan,full-grid,566,8,29,47,0.99932537183825398,0.99605918603879162,-0.080729775841413123,1,0,-1,STABLE,1.4686132028403035e-16,6.3347462913760414e-17,1
B2_D2_Guyan,B2,2,Guyan,full-grid,567,8,30,48,0.9992605333365977,0.99599790002686972,-0.080683310704304359,1,0,-1,STABLE,1.997325280331782e-16,6.3347462913760414e-17,1
B2_D2_Guyan,B2,2,Guyan,full-grid,568,8,31,49,0.99919197467180865,0.99593248612617669,-0.080641709599197434,1,0,-1,STABLE,2.8540345678145942e-16,6.3347462913760414e-17,1
B2_D2_Guyan,B2,2,Guyan,full-grid,569,8,32,50,0.99912008192357527,0.9958633006319807,-0.080605363080560072,1,0,-1,STABLE,2.6859790590340025e-16,6.3347462913760414e-17,1
B2_D2_Guyan,B2,2,Guyan,full-grid,570,8,33,51,0.99904527838717139,0.99579073870954882,-0.080574642214481171,1,0,-1,STABLE,1.0681930405156053e-16,6.3347462913760414e-17,1
B2_D2_Guyan,B2,2,Guyan,full-grid,571,8,34,52,0.99896802480253932,0.99571523490243674,-0.080549894854508058,1,0,-1,STABLE,2.0646637513378491e-16,6.3347462913760414e-17,1
B2_D2_Guyan,B2,2,Guyan,full-grid,572,8,35,53,0.99888881932516238,0.99563726342074832,-0.080531441442830878,1,0,-1,STABLE,2.5269355384441213e-16,6.3347462913760414e-17,1
B2_D2_Guyan,B2,2,Guyan,full-grid,573,8,36,54,0.99880819711613311,0.99555733809086422,-0.080519570290786907,1,0,-1,STABLE,3.4861488628617274e-16,6.3347462913760414e-17,1
B2_D2_Guyan,B2,2,Guyan,full-grid,574,8,37,55,0.99872672940150997,0.99547601181926104,-0.080514532312218001,1,0,-1,STABLE,1.0470651185238981e-16,6.3347462913760414e-17,1
B2_D2_Guyan,B2,2,Guyan,full-grid,575,8,38,56,0.99864502182545833,0.99539387539504198,-0.080516535213644727,1,0,-1,STABLE,1.2489595585122165e-16,6.3347462913760414e-17,1
B2_D2_Guyan,B2,2,Guyan,full-grid,576,8,39,57,0.99856371190041116,0.99531155543115235,-0.080525737187233715,1,0,-1,STABLE,2.4732130212843493e-16,6.3347462913760414e-17,1
B2_D2_Guyan,B2,2,Guyan,full-grid,577,8,40,58,0.99848346534513988,0.99522971122748038,-0.080542240207888929,1,0,-1,STABLE,5.0797678550622132e-16,6.3347462913760414e-17,1
B2_D2_Guyan,B2,2,Guyan,full-grid,578,8,41,59,0.99840497110286408,0.99514903033478763,-0.080566083103515984,1,0,-1,STABLE,4.1948045036548101e-16,6.3347462913760414e-17,1
B2_D2_Guyan,B2,2,Guyan,full-grid,579,8,42,60,0.99832893485334906,0.99507022261388589,-0.08059723464594673,1,0,-1,STABLE,2.5603635179238386e-16,6.3347462913760414e-17,1
B2_D2_Guyan,B2,2,Guyan,full-grid,580,8,43,61,0.99825607088041801,0.99499401262498366,-0.080635586995097486,1,0,-1,STABLE,1.7851732726713354e-16,6.3347462913760414e-17,1
B2_D2_Guyan,B2,2,Guyan,full-grid,581,8,44,62,0.99818709223516977,0.99492113025428075,-0.080680949910421837,1,0,-1,STABLE,5.2979493031326822e-17,6.3347462913760414e-17,1
B2_D2_Guyan,B2,2,Guyan,full-grid,582,8,45,63,0.99812269924745112,0.99485229959136823,-0.080733046212715154,1,0,-1,STABLE,9.9070739410562765e-17,6.3347462913760414e-17,1
B2_D2_Guyan,B2,2,Guyan,full-grid,583,8,46,64,0.99806356658164563,0.99478822621093133,-0.080791509020341615,1,0,-1,STABLE,1.7102040523020484e-16,6.3347462913760414e-17,1
B2_D2_Guyan,B2,2,Guyan,full-grid,584,8,47,65,0.99801032919924748,0.99472958317865379,-0.080855881280287034,1,0,-1,STABLE,9.7709238365288613e-17,6.3347462913760414e-17,1
B2_D2_Guyan,B2,2,Guyan,full-grid,585,8,48,66,0.99796356776381556,0.99467699627889072,-0.080925618054404402,1,0,-1,STABLE,9.3882619539330591e-17,6.3347462913760414e-17,1
B2_D2_Guyan,B2,2,Guyan,full-grid,586,8,49,67,0.99792379418138144,0.99463102912908985,-0.08100009189483455,1,0,-1,STABLE,2.194034262599923e-16,6.3347462913760414e-17,1
B2_D2_Guyan,B2,2,Guyan,full-grid,587,8,50,68,0.99789143808414948,0.99459216897600311,-0.081078601451071486,1,0,-1,STABLE,1.0335612076278645e-16,6.3347462913760414e-17,1
B2_D2_Guyan,B2,2,Guyan,full-grid,588,8,51,69,0.99786683511060537,0.99456081403367946,-0.081160383207085268,1,0,-1,STABLE,1.2283271530419825e-16,6.3347462913760414e-17,1
B2_D2_Guyan,B2,2,Guyan,full-grid,589,8,52,70,0.99785021779128014,0.99453726320125646,-0.081244625977722265,1,0,-1,STABLE,1.2800085560586993e-16,6.3347462913760414e-17,1
B2_D2_Guyan,B2,2,Guyan,full-grid,590,8,53,71,0.99784170970889197,0.99452170887942604,-0.081330487532725815,1,0,-1,STABLE,7.5595278352685544e-17,6.3347462913760414e-17,1
B2_D2_Guyan,B2,2,Guyan,full-grid,591,8,54,72,0.99784132337399767,0.99451423339441836,-0.081417112505193442,1,0,-1,STABLE,3.5659665689655259e-16,6.3347462913760414e-17,1
B2_D2_Guyan,B2,2,Guyan,full-grid,592,8,55,73,0.99784896196937856,0.99451480926140856,-0.081503650612167897,1,0,-1,STABLE,1.6705213151169443e-16,6.3347462913760414e-17,1
B2_D2_Guyan,B2,2,Guyan,full-grid,593,8,56,74,0.99786442480651205,0.99452330321183136,-0.081589274191274833,1,0,-1,STABLE,1.0259303153912282e-16,6.3347462913760414e-17,1
B2_D2_Guyan,B2,2,Guyan,full-grid,594,8,57,75,0.99788741605069453,0.99453948361601974,-0.081673194140506264,1,0,-1,STABLE,1.978544973395345e-16,6.3347462913760414e-17,1
B2_D2_Guyan,B2,2,Guyan,full-grid,595,8,58,76,0.99791755604444399,0.99456303069165797,-0.081754673524760291,1,0,-1,STABLE,1.8546176771100376e-16,6.3347462913760414e-17,1
B2_D2_Guyan,B2,2,Guyan,full-grid,596,8,59,77,0.99795439442022416,0.99459354873092343,-0.081833038349217929,1,0,-1,STABLE,4.3761185911906343e-16,6.3347462913760414e-17,1
B2_D2_Guyan,B2,2,Guyan,full-grid,597,8,60,78,0.99799742415023229,0.9946305795144641,-0.081907685263471308,1,0,-1,STABLE,1.9012803209336937e-16,6.3347462913760414e-17,1
B2_D2_Guyan,B2,2,Guyan,full-grid,598,8,61,79,0.99804609572671321,0.99467361610579608,-0.081978086208175427,1,0,-1,STABLE,3.236459440122706e-16,6.3347462913760414e-17,1
B2_D2_Guyan,B2,2,Guyan,full-grid,599,8,62,80,0.99809983078070807,0.99472211631681018,-0.082043790226223504,1,0,-1,STABLE,1.4303059232874894e-16,6.3347462913760414e-17,1
B2_D2_Guyan,B2,2,Guyan,full-grid,600,8,63,81,0.99815803460336561,0.9947755152788148,-0.082104422810358235,1,0,-1,STABLE,2.7900861318224682e-16,6.3347462913760414e-17,1
B2_D2_Guyan,B2,2,Guyan,full-grid,601,8,64,82,0.9982201072057979,0.99483323671788193,-0.082159683247788468,1,0,-1,STABLE,1.1496666441113025e-15,6.3347462913760414e-17,1
B2_D2_Guyan,B2,2,Guyan,full-grid,602,8,65,83,0.99828545271820823,0.99489470269535041,-0.082209340451851062,1,0,-1,STABLE,7.0009022088625304e-16,6.3347462913760414e-17,1
B2_D2_Guyan,B2,2,Guyan,full-grid,603,8,66,84,0.9983534870714621,0.99495934171789302,-0.082253227754568739,1,0,-1,STABLE,4.3685942214121291e-16,6.3347462913760414e-17,1
B2_D2_Guyan,B2,2,Guyan,full-grid,604,9,0,19,1.0002474647254469,0.99690448933150821,-0.08170942320423745,0,0,1,UNSTABLE,2.5356121406218293e-16,3.0504639614637829e-17,1
B2_D2_Guyan,B2,2,Guyan,full-grid,605,9,1,20,1.0003077819904149,0.99696638168204177,-0.081692671069080861,0,0,1,UNSTABLE,1.102938218165956e-16,6.3347462913760414e-17,1
B2_D2_Guyan,B2,2,Guyan,full-grid,606,9,2,21,1.0003662856985065,0.99702683887190435,-0.081671219724720245,0,0,1,UNSTABLE,1.7920858298780392e-16,6.3347462913760414e-17,1
B2_D2_Guyan,B2,2,Guyan,full-grid,607,9,3,22,1.000422644416112,0.9970855186183305,-0.08164518370449779,0,0,1,UNSTABLE,2.0696668416448036e-16,6.3347462913760414e-17,1
B2_D2_Guyan,B2,2,Guyan,full-grid,608,9,4,23,1.0004765366932193,0.99714208672503213,-0.081614700607840152,0,0,1,UNSTABLE,1.4712158180646386e-16,6.3347462913760414e-17,1
B2_D2_Guyan,B2,2,Guyan,full-grid,609,9,5,24,1.0005276523294684,0.99719621839618511,-0.081579930695396763,0,0,1,UNSTABLE,1.1540770317339063e-16,6.3347462913760414e-17,1
B2_D2_Guyan,B2,2,Guyan,full-grid,610,9,6,25,1.0005756936513319,0.99724759956618425,-0.081541056439853224,0,0,1,UNSTABLE,2.9137697793298624e-16,6.3347462913760414e-17,1
B2_D2_Guyan,B2,2,Guyan,full-grid,611,9,7,26,1.0006203768018171,0.99729592824731306,-0.08149828202079179,0,0,1,UNSTABLE,1.4842216299539507e-16,6.3347462913760414e-17,1
B2_D2_Guyan,B2,2,Guyan,full-grid,612,9,8,27,1.0006614330407073,0.99734091589410578,-0.081451832751559886,0,0,1,UNSTABLE,1.5131651679320797e-16,6.3347462913760414e-17,1
B2_D2_Guyan,B2,2,Guyan,full-grid,613,9,9,28,1.0006986100501736,0.99738228877992652,-0.081401954426565545,0,0,1,UNSTABLE,1.1743087277317884e-16,6.3347462913760414e-17,1
B2_D2_Guyan,B2,2,Guyan,full-grid,614,9,10,29,1.0007316732376308,0.99741978937817044,-0.081348912579053245,0,0,1,UNSTABLE,1.7834606724093233e-16,6.3347462913760414e-17,1
B2_D2_Guyan,B2,2,Guyan,full-grid,615,9,11,30,1.0007604070255611,0.99745317773818731,-0.081292991641094006,0,0,1,UNSTABLE,2.6550196767056609e-16,6.3347462913760414e-17,1
B2_D2_Guyan,B2,2,Guyan,full-grid,616,9,12,31,1.0007846161162615,0.99748223284401871,-0.081234494000291785,0,0,1,UNSTABLE,1.2167830775649519e-16,6.3347462913760414e-17,1
B2_D2_Guyan,B2,2,Guyan,full-grid,617,9,13,32,1.0008041267188379,0.9975067539431588,-0.08117373895071095,0,0,1,UNSTABLE,5.363310884741371e-16,6.3347462913760414e-17,1
B2_D2_Guyan,B2,2,Guyan,full-grid,618,9,14,33,1.0008187877257027,0.99752656183224642,-0.081111061538378396,0,0,1,UNSTABLE,5.5813267617354919e-16,6.3347462913760414e-17,1
B2_D2_Guyan,B2,2,Guyan,full-grid,619,9,15,34,1.0008284718267648,0.99754150008727915,-0.081046811305061389,0,0,1,UNSTABLE,1.9413387819499193e-16,6.3347462913760414e-17,1
B2_D2_Guyan,B2,2,Guyan,full-grid,620,9,16,35,1.0008330765512476,0.99755143622751741,-0.080981350936205565,0,0,1,UNSTABLE,2.7947157118342546e-16,6.3347462913760414e-17,1
B2_D2_Guyan,B2,2,Guyan,full-grid,621,9,17,36,1.0008325252293846,0.9975562628043726,-0.080915054821710644,0,0,1,UNSTABLE,2.9491052983219646e-16,6.3347462913760414e-17,1
B2_D2_Guyan,B2,2,Guyan,full-grid,622,9,18,37,1.0008267678691833,0.99755589840948589,-0.080848307538993497,0,0,1,UNSTABLE,2.2309153737282281e-16,6.3347462913760414e-17,1
B2_D2_Guyan,B2,2,Guyan,full-grid,623,9,19,38,1.0008157819466648,0.99755028859936967,-0.080781502268951338,0,0,1,UNSTABLE,1.6410188229513097e-16,6.3347462913760414e-17,1
B2_D2_Guyan,B2,2,Guyan,full-grid,624,9,20,39,1.0007995731111836,0.99753940673730934,-0.080715039154447929,0,0,1,UNSTABLE,3.120141069909747e-16,6.3347462913760414e-17,1
B2_D2_Guyan,B2,2,Guyan,full-grid,625,9,21,40,1.0007781758108198,0.99752325475673453,-0.080649323610079024,0,0,1,UNSTABLE,2.0129546207200227e-16,6.3347462913760414e-17,1
B2_D2_Guyan,B2,2,Guyan,full-grid,626,9,22,41,1.0007516538452994,0.99750186385303208,-0.080584764588779265,0,0,1,UNSTABLE,2.0911469751965129e-16,6.3347462913760414e-17,1
B2_D2_Guyan,B2,2,Guyan,full-grid,627,9,23,42,1.0007201008561637,0.997475295113323,-0.08052177280810302,0,0,1,UNSTABLE,1.6066715099127113e-16,6.3347462913760414e-17,1
B2_D2_Guyan,B2,2,Guyan,full-grid,628,9,24,43,1.0006836407648421,0.99744364009511455,-0.08046075893369882,0,0,1,UNSTABLE,2.9543639950109343e-16,6.3347462913760414e-17,1
B2_D2_Guyan,B2,2,Guyan,full-grid,629,9,25,44,1.0006424281695419,0.99740702136541748,-0.080402131713046943,0,0,1,UNSTABLE,1.7336732139069185e-16,6.3347462913760414e-17,1
B2_D2_Guyan,B2,2,Guyan,full-grid,630,9,26,45,1.000596648710069,0.99736559301063477,-0.080346296046341553,0,0,1,UNSTABLE,1.3980661954757544e-16,6.3347462913760414e-17,1
B2_D2_Guyan,B2,2,Guyan,full-grid,631,9,27,46,1.0005465194070207,0.99731954112540078,-0.08029365097517685,0,0,1,UNSTABLE,1.5106181255533862e-16,6.3347462913760414e-17,1
B2_D2_Guyan,B2,2,Guyan,full-grid,632,9,28,47,1.0004922889767411,0.9972690842839993,-0.080244587563724254,0,0,1,UNSTABLE,7.3693651576042576e-17,6.3347462913760414e-17,1
B2_D2_Guyan,B2,2,Guyan,full-grid,633,9,29,48,1.000434238116755,0.99721447399180596,-0.080199486641110151,0,0,1,UNSTABLE,2.6793721538749728e-16,6.3347462913760414e-17,1
B2_D2_Guyan,B2,2,Guyan,full-grid,634,9,30,49,1.0003726797475312,0.99715599510579844,-0.080158716368350993,0,0,1,UNSTABLE,2.3573055156695463e-16,6.3347462913760414e-17,1
B2_D2_Guyan,B2,2,Guyan,full-grid,635,9,31,50,1.0003079591852138,0.99709396620226176,-0.080122629589462896,0,0,1,UNSTABLE,2.5157017900406269e-16,6.3347462913760414e-17,1
B2_D2_Guyan,B2,2,Guyan,full-grid,636,9,32,51,1.0002404542069214,0.99702873985697082,-0.080091560924290622,0,0,1,UNSTABLE,1.7290784856468637e-16,6.3347462913760414e-17,1
B2_D2_Guyan,B2,2,Guyan,full-grid,637,9,33,52,1.0001705749545535,0.99696070278741078,-0.080065823561330712,0,0,1,UNSTABLE,1.4978078000907791e-16,6.3347462913760414e-17,1
B2_D2_Guyan,B2,2,Guyan,full-grid,638,9,34,53,1.0000987636063119,0.99689027578954104,-0.080045705713213483,0,0,1,UNSTABLE,1.630504052799575e-16,6.3347462913760414e-17,1
B2_D2_Guyan,B2,2,Guyan,full-grid,639,9,35,54,1.0000254937265742,0.99681791338232617,-0.080031466706437557,0,0,1,UNSTABLE,3.2400525991636598e-16,6.3347462913760414e-17,1
B2_D2_Guyan,B2,2,Guyan,full-grid,640,9,36,55,0.99995126918663779,0.996744103053951,-0.08002333269204967,1,0,-1,STABLE,1.3268767277305959e-16,6.3347462913760414e-17,1
B2_D2_Guyan,B2,2,Guyan,full-grid,641,9,37,56,0.99987662253153498,0.99666936398457007,-0.080021491985980353,1,0,-1,STABLE,2.4586338794353995e-16,6.3347462913760414e-17,1
B2_D2_Guyan,B2,2,Guyan,full-grid,642,9,38,57,0.99980211265485508,0.9965942451048404,-0.080026090077078144,1,0,-1,STABLE,1.7469057286921072e-16,6.3347462913760414e-17,1
B2_D2_Guyan,B2,2,Guyan,full-grid,643,9,39,58,0.99972832163565684,0.99651932233852092,-0.080037224379800917,1,0,-1,STABLE,1.3198953408573441e-16,6.3347462913760414e-17,1
B2_D2_Guyan,B2,2,Guyan,full-grid,644,9,40,59,0.99965585059393258,0.99644519487609995,-0.08005493885457661,1,0,-1,STABLE,2.8523604965867961e-16,6.3347462913760414e-17,1
B2_D2_Guyan,B2,2,Guyan,full-grid,645,9,41,60,0.9995853144358966,0.99637248033693915,-0.080079218672051464,1,0,-1,STABLE,7.5610229096050494e-17,6.3347462913760414e-17,1
B2_D2_Guyan,B2,2,Guyan,full-grid,646,9,42,61,0.99951733539282683,0.99630180870524954,-0.08010998515431679,1,0,-1,STABLE,1.501308757116369e-16,6.3347462913760414e-17,1
B2_D2_Guyan,B2,2,Guyan,full-grid,647,9,43,62,0.99945253530899181,0.99623381497247765,-0.080147091281932328,1,0,-1,STABLE,1.4138692825005965e-16,6.3347462913760414e-17,1
B2_D2_Guyan,B2,2,Guyan,full-grid,648,9,44,63,0.99939152670815656,0.99616913048871636,-0.080190318102715402,1,0,-1,STABLE,1.5267190779205911e-16,6.3347462913760414e-17,1
B2_D2_Guyan,B2,2,Guyan,full-grid,649,9,45,64,0.99933490276200132,0.99610837311694955,-0.080239372409326437,1,0,-1,STABLE,1.0912893504655888e-16,6.3347462913760414e-17,1
B2_D2_Guyan,B2,2,Guyan,full-grid,650,9,46,65,0.99928322639441336,0.99605213639413037,-0.080293886055645344,1,0,-1,STABLE,1.2292695742931297e-16,6.3347462913760414e-17,1
B2_D2_Guyan,B2,2,Guyan,full-grid,651,9,47,66,0.99923701887229299,0.99600097802195608,-0.080353417252126705,1,0,-1,STABLE,1.5289338295162983e-16,6.3347462913760414e-17,1
B2_D2_Guyan,B2,2,Guyan,full-grid,652,9,48,67,0.99919674834536665,0.995955408127841,-0.080417454105808486,1,0,-1,STABLE,2.411525330717349e-16,6.3347462913760414e-17,1
B2_D2_Guyan,B2,2,Guyan,full-grid,653,9,49,68,0.99916281888617953,0.99591587783436886,-0.080485420555368878,1,0,-1,STABLE,7.7824067602174603e-17,6.3347462913760414e-17,1
B2_D2_Guyan,B2,2,Guyan,full-grid,654,9,50,69,0.99913556063183884,0.99588276873819725,-0.080556684697430908,1,0,-1,STABLE,1.0780784480842804e-16,6.3347462913760414e-17,1
B2_D2_Guyan,B2,2,Guyan,full-grid,655,9,51,70,0.99911522162575217,0.99585638391041198,-0.080630569321778284,1,0,-1,STABLE,1.8061622050505341e-16,6.3347462913760414e-17,1
B2_D2_Guyan,B2,2,Guyan,full-grid,656,9,52,71,0.99910196189219125,0.9958369409797958,-0.080706364289493349,1,0,-1,STABLE,2.0532278325694016e-16,6.3347462913760414e-17,1
B2_D2_Guyan,B2,2,Guyan,full-grid,657,9,53,72,0.99909585015036528,0.99582456774773331,-0.080783340223843286,1,0,-1,STABLE,2.5358674649517682e-16,6.3347462913760414e-17,1
B2_D2_Guyan,B2,2,Guyan,full-grid,658,9,54,73,0.99909686339830872,0.99581930061720525,-0.080860762861841892,1,0,-1,STABLE,2.0138776020249316e-16,6.3347462913760414e-17,1
B2_D2_Guyan,B2,2,Guyan,full-grid,659,9,55,74,0.99910488939058639,0.99582108591724527,-0.080937907353565805,1,0,-1,STABLE,6.4331224619307391e-17,6.3347462913760414e-17,1
B2_D2_Guyan,B2,2,Guyan,full-grid,660,9,56,75,0.99911973182416713,0.99582978399407973,-0.081014071806693622,1,0,-1,STABLE,1.0121849087202756e-16,6.3347462913760414e-17,1
B2_D2_Guyan,B2,2,Guyan,full-grid,661,9,57,76,0.99914111786036641,0.99584517574771825,-0.08108858945165251,1,0,-1,STABLE,3.5663705624505843e-16,6.3347462913760414e-17,1
B2_D2_Guyan,B2,2,Guyan,full-grid,662,9,58,77,0.99916870746971498,0.99586697114107881,-0.081160838937227725,1,0,-1,STABLE,1.2232510970060865e-16,6.3347462913760414e-17,1
B2_D2_Guyan,B2,2,Guyan,full-grid,663,9,59,78,0.99920210400535014,0.99589481911394262,-0.081230252435445349,1,0,-1,STABLE,3.6632878044580921e-16,6.3347462913760414e-17,1
B2_D2_Guyan,B2,2,Guyan,full-grid,664,9,60,79,0.99924086539195223,0.99592831830091944,-0.08129632141468579,1,0,-1,STABLE,1.2454426514101891e-16,6.3347462913760414e-17,1
B2_D2_Guyan,B2,2,Guyan,full-grid,665,9,61,80,0.99928451535562479,0.99596702797718262,-0.081358600109784962,1,0,-1,STABLE,2.7367343940539204e-16,6.3347462913760414e-17,1
B2_D2_Guyan,B2,2,Guyan,full-grid,666,9,62,81,0.99933255420180123,0.99601047872593029,-0.081416706858232296,1,0,-1,STABLE,6.4305437294754768e-16,6.3347462913760414e-17,1
B2_D2_Guyan,B2,2,Guyan,full-grid,667,9,63,82,0.99938446875702991,0.99605818242184674,-0.081470323574034845,1,0,-1,STABLE,1.8045728353551915e-16,6.3347462913760414e-17,1
B2_D2_Guyan,B2,2,Guyan,full-grid,668,9,64,83,0.99943974120886492,0.99610964123807344,-0.081519193692037001,1,0,-1,STABLE,3.5752371746715534e-16,6.3347462913760414e-17,1
B2_D2_Guyan,B2,2,Guyan,full-grid,669,9,65,84,0.99949785669260482,0.99616435549676985,-0.081563118937520579,1,0,-1,STABLE,3.7544147687700541e-16,6.3347462913760414e-17,1
B2_D2_Guyan,B2,2,Guyan,full-grid,670,9,66,85,0.99955830957383374,0.99622183028411582,-0.081601955267422213,1,0,-1,STABLE,1.6506216214643357e-16,6.3347462913760414e-17,1
B2_D2_Guyan,B2,2,Guyan,full-grid,671,10,0,20,1.0013490813000319,0.9980661587116828,-0.081018056351184406,0,0,1,UNSTABLE,1.6918135906862775e-16,3.0504639614637829e-17,1
B2_D2_Guyan,B2,2,Guyan,full-grid,672,10,1,21,1.0014053808128149,0.99812418875365916,-0.080999015708271047,0,0,1,UNSTABLE,1.6909717162508827e-16,6.3347462913760414e-17,1
B2_D2_Guyan,B2,2,Guyan,full-grid,673,10,2,22,1.001459698513514,0.99818058083743755,-0.080975649338637587,0,0,1,UNSTABLE,3.8185807767541023e-16,6.3347462913760414e-17,1
B2_D2_Guyan,B2,2,Guyan,full-grid,674,10,3,23,1.0015117380787009,0.99823502672154829,-0.080948087906077187,0,0,1,UNSTABLE,1.3735242518491317e-16,6.3347462913760414e-17,1
B2_D2_Guyan,B2,2,Guyan,full-grid,675,10,4,24,1.0015612139774419,0.99828722732719843,-0.080916482247693183,0,0,1,UNSTABLE,2.070519929291956e-16,6.3347462913760414e-17,1
B2_D2_Guyan,B2,2,Guyan,full-grid,676,10,5,25,1.0016078525160679,0.99833689383299218,-0.080881002922454565,0,0,1,UNSTABLE,1.224430072567752e-16,6.3347462913760414e-17,1
B2_D2_Guyan,B2,2,Guyan,full-grid,677,10,6,26,1.0016513928959374,0.99838374878585545,-0.080841839728409165,0,0,1,UNSTABLE,2.449403427215634e-16,6.3347462913760414e-17,1
B2_D2_Guyan,B2,2,Guyan,full-grid,678,10,7,27,1.0016915882853819,0.99842752723022588,-0.080799201175677043,0,0,1,UNSTABLE,1.0858382723601831e-16,6.3347462913760414e-17,1
B2_D2_Guyan,B2,2,Guyan,full-grid,679,10,8,28,1.0017282069038402,0.99846797785417696,-0.080753313904591784,0,0,1,UNSTABLE,1.7241334883153734e-16,6.3347462913760414e-17,1
B2_D2_Guyan,B2,2,Guyan,full-grid,680,10,9,29,1.0017610331134692,0.99850486414844841,-0.08070442203779038,0,0,1,UNSTABLE,2.5793859208179704e-16,6.3347462913760414e-17,1
B2_D2_Guyan,B2,2,Guyan,full-grid,681,10,10,30,1.0017898685109758,0.99853796557168151,-0.080652786456548442,0,0,1,UNSTABLE,1.7249815923155021e-16,6.3347462913760414e-17,1
B2_D2_Guyan,B2,2,Guyan,full-grid,682,10,11,31,1.0018145330105395,0.99856707871306738,-0.080598683994071732,0,0,1,UNSTABLE,2.2676691224285816e-16,6.3347462913760414e-17,1
B2_D2_Guyan,B2,2,Guyan,full-grid,683,10,12,32,1.0018348659074532,0.99859201844223244,-0.080542406540112244,0,0,1,UNSTABLE,2.2417005185293388e-16,6.3347462913760414e-17,1
B2_D2_Guyan,B2,2,Guyan,full-grid,684,10,13,33,1.0018507269113548,0.99861261903521914,-0.080484260053941353,0,0,1,UNSTABLE,4.0760445387910068e-16,6.3347462913760414e-17,1
B2_D2_Guyan,B2,2,Guyan,full-grid,685,10,14,34,1.0018619971381379,0.99862873526539864,-0.080424563485595388,0,0,1,UNSTABLE,3.4046682619268824e-16,6.3347462913760414e-17,1
B2_D2_Guyan,B2,2,Guyan,full-grid,686,10,15,35,1.0018685800503151,0.99864024344870739,-0.080363647607242961,0,0,1,UNSTABLE,1.6644311940338231e-16,6.3347462913760414e-17,1
B2_D2_Guyan,B2,2,Guyan,full-grid,687,10,16,36,1.0018704023370035,0.99864704243380142,-0.08030185375899325,0,0,1,UNSTABLE,2.3734225354196502e-16,6.3347462913760414e-17,1
B2_D2_Guyan,B2,2,Guyan,full-grid,688,10,17,37,1.0018674147265949,0.99864905452953256,-0.080239532514973747,0,0,1,UNSTABLE,2.4422550874984898e-16,6.3347462913760414e-17,1
B2_D2_Guyan,B2,2,Guyan,full-grid,689,10,18,38,1.0018595927273566,0.99864622636427691,-0.080177042276541627,0,0,1,UNSTABLE,3.8187914614136573e-16,6.3347462913760414e-17,1
B2_D2_Guyan,B2,2,Guyan,full-grid,690,10,19,39,1.0018469372937668,0.99863852967421485,-0.080114747799785321,0,0,1,UNSTABLE,4.6049010401885701e-16,6.3347462913760414e-17,1
B2_D2_Guyan,B2,2,Guyan,full-grid,691,10,20,40,1.001829475418613,0.9986259620199669,-0.08005301866406328,0,0,1,UNSTABLE,2.0989269566281176e-16,6.3347462913760414e-17,1
B2_D2_Guyan,B2,2,Guyan,full-grid,692,10,21,41,1.0018072606533346,0.99860854743359595,-0.079992227686832423,0,0,1,UNSTABLE,1.4149965896242456e-16,6.3347462913760414e-17,1
B2_D2_Guyan,B2,2,Guyan,full-grid,693,10,22,42,1.0017803735606217,0.99858633699970778,-0.079932749288163463,0,0,1,UNSTABLE,2.4368542091536373e-16,6.3347462913760414e-17,1
B2_D2_Guyan,B2,2,Guyan,full-grid,694,10,23,43,1.00174892210467,0.99855940937608045,-0.079874957805070271,0,0,1,UNSTABLE,4.4245215116909603e-16,6.3347462913760414e-17,1
B2_D2_Guyan,B2,2,Guyan,full-grid,695,10,24,44,1.0017130419846212,0.99852787125965525,-0.079819225752600587,0,0,1,UNSTABLE,2.6818269071670687e-16,6.3347462913760414e-17,1
B2_D2_Guyan,B2,2,Guyan,full-grid,696,10,25,45,1.0016728969160151,0.99849185780341032,-0.079765922024484348,0,0,1,UNSTABLE,1.1536097671020021e-16,6.3347462913760414e-17,1
B2_D2_Guyan,B2,2,Guyan,full-grid,697,10,26,46,1.0016286788633821,0.99845153298829425,-0.079715410021712396,0,0,1,UNSTABLE,2.6585021931140497e-16,6.3347462913760414e-17,1
B2_D2_Guyan,B2,2,Guyan,full-grid,698,10,27,47,1.0015806082234571,0.99840708995115768,-0.079668045692933814,0,0,1,UNSTABLE,1.8699286057028829e-16,6.3347462913760414e-17,1
B2_D2_Guyan,B2,2,Guyan,full-grid,699,10,28,48,1.0015289339541902,0.99835875126562201,-0.079624175466779426,0,0,1,UNSTABLE,2.8624063219212093e-16,6.3347462913760414e-17,1
B2_D2_Guyan,B2,2,Guyan,full-grid,700,10,29,49,1.0014739336380869,0.9983067691665487,-0.079584134051897112,0,0,1,UNSTABLE,1.7534592146345415e-16,6.3347462913760414e-17,1
B2_D2_Guyan,B2,2,Guyan,full-grid,701,10,30,50,1.0014159134608478,0.99825142570139214,-0.079548242078392242,0,0,1,UNSTABLE,3.8188974359843169e-16,6.3347462913760414e-17,1
B2_D2_Guyan,B2,2,Guyan,full-grid,702,10,31,51,1.0013552080766324,0.99819303278220484,-0.079516803552833262,0,0,1,UNSTABLE,3.4437981086026309e-16,6.3347462913760414e-17,1
B2_D2_Guyan,B2,2,Guyan,full-grid,703,10,32,52,1.0012921803206638,0.99813193210142237,-0.079490103099634016,0,0,1,UNSTABLE,9.7706298629939859e-17,6.3347462913760414e-17,1
B2_D2_Guyan,B2,2,Guyan,full-grid,704,10,33,53,1.0012272207177428,0.99806849486210192,-0.079468402965419779,0,0,1,UNSTABLE,1.5407585095141986e-16,6.3347462913760414e-17,1
B2_D2_Guyan,B2,2,Guyan,full-grid,705,10,34,54,1.0011607467228021,0.99800312126038504,-0.079451939769195123,0,0,1,UNSTABLE,1.5317273868837178e-16,6.3347462913760414e-17,1
B2_D2_Guyan,B2,2,Guyan,full-grid,706,10,35,55,1.0010932016169278,0.99793623964435219,-0.079440920992402519,0,0,1,UNSTABLE,1.0650566609029234e-16,6.3347462913760414e-17,1
B2_D2_Guyan,B2,2,Guyan,full-grid,707,10,36,56,1.0010250529709253,0.99786830526088277,-0.07943552121826529,0,0,1,UNSTABLE,1.4270479531998252e-16,6.3347462913760414e-17,1
B2_D2_Guyan,B2,2,Guyan,full-grid,708,10,37,57,1.0009567905794263,0.99779979849141975,-0.079435878150540679,0,0,1,UNSTABLE,1.1346010198733555e-16,6.3347462913760414e-17,1
B2_D2_Guyan,B2,2,Guyan,full-grid,709,10,38,58,1.0008889237637328,0.99773122247059087,-0.079442088468668501,0,0,1,UNSTABLE,1.6381279342908368e-16,6.3347462913760414e-17,1
B2_D2_Guyan,B2,2,Guyan,full-grid,710,10,39,59,1.0008219779432328,0.9976630999808016,-0.079454203607499704,0,0,1,UNSTABLE,1.0508228735781267e-16,6.3347462913760414e-17,1
B2_D2_Guyan,B2,2,Guyan,full-grid,711,10,40,60,1.0007564903853778,0.99759596952314,-0.07947222558633342,0,0,1,UNSTABLE,1.1368851638383955e-16,6.3347462913760414e-17,1
B2_D2_Guyan,B2,2,Guyan,full-grid,712,10,41,61,1.000693005065342,0.99753038048298492,-0.079496103050249997,0,0,1,UNSTABLE,1.6433596117628722e-16,6.3347462913760414e-17,1
B2_D2_Guyan,B2,2,Guyan,full-grid,713,10,42,62,1.0006320666008333,0.99746688733993882,-0.079525727725232351,0,0,1,UNSTABLE,1.4714943322403435e-16,6.3347462913760414e-17,1
B2_D2_Guyan,B2,2,Guyan,full-grid,714,10,43,63,1.0005742132753908,0.99740604291687651,-0.079560931521476808,0,0,1,UNSTABLE,1.2600554887913958e-16,6.3347462913760414e-17,1
B2_D2_Guyan,B2,2,Guyan,full-grid,715,10,44,64,1.0005199692257798,0.99734839072318016,-0.07960148454292662,0,0,1,UNSTABLE,3.4146695695769265e-16,6.3347462913760414e-17,1
B2_D2_Guyan,B2,2,Guyan,full-grid,716,10,45,65,1.0004698359418311,0.99729445651928716,-0.079647094268243207,0,0,1,UNSTABLE,1.3154290173747281e-16,6.3347462913760414e-17,1
B2_D2_Guyan,B2,2,Guyan,full-grid,717,10,46,66,1.0004242833069974,0.99724473931059476,-0.079697406153922151,0,0,1,UNSTABLE,9.8888841430944455e-17,6.3347462913760414e-17,1
B2_D2_Guyan,B2,2,Guyan,full-grid,718,10,47,67,1.0003837404860807,0.99719970206007513,-0.079752005869566545,0,0,1,UNSTABLE,1.4937117181383635e-16,6.3347462913760414e-17,1
B2_D2_Guyan,B2,2,Guyan,full-grid,719,10,48,68,1.0003485870347635,0.99715976248249216,-0.079810423306156592,0,0,1,UNSTABLE,4.6413357248839226e-16,6.3347462913760414e-17,1
B2_D2_Guyan,B2,2,Guyan,full-grid,720,10,49,69,1.0003191446517832,0.99712528433689629,-0.079872138402190609,0,0,1,UNSTABLE,2.6531131221840252e-16,6.3347462913760414e-17,1
B2_D2_Guyan,B2,2,Guyan,full-grid,721,10,50,70,1.0002956700101258,0.99709656965884141,-0.079936588716165199,0,0,1,UNSTABLE,1.8988553833703317e-16,6.3347462913760414e-17,1
B2_D2_Guyan,B2,2,Guyan,full-grid,722,10,51,71,1.0002783490800187,0.99707385236026402,-0.080003178547542839,0,0,1,UNSTABLE,3.2068230668599025e-16,6.3347462913760414e-17,1
B2_D2_Guyan,B2,2,Guyan,full-grid,723,10,52,72,1.0002672932919392,0.99705729357028061,-0.080071289285795683,0,0,1,UNSTABLE,1.468772307907812e-16,6.3347462913760414e-17,1
B2_D2_Guyan,B2,2,Guyan,full-grid,724,10,53,73,1.0002625377850185,0.99704697899566119,-0.080140290564429104,0,0,1,UNSTABLE,3.5741518017657382e-16,6.3347462913760414e-17,1
B2_D2_Guyan,B2,2,Guyan,full-grid,725,10,54,74,1.0002640418552422,0.99704291845452064,-0.08020955172719707,0,0,1,UNSTABLE,2.535614753049364e-16,6.3347462913760414e-17,1
B2_D2_Guyan,B2,2,Guyan,full-grid,726,10,55,75,1.0002716915723777,0.99704504759360613,-0.080278453087548302,0,0,1,UNSTABLE,1.6789215556749025e-16,6.3347462913760414e-17,1
B2_D2_Guyan,B2,2,Guyan,full-grid,727,10,56,76,1.0002853043922939,0.99705323165585202,-0.080346396483016627,0,0,1,UNSTABLE,2.8229533902814414e-16,6.3347462913760414e-17,1
B2_D2_Guyan,B2,2,Guyan,full-grid,728,10,57,77,1.0003046354686613,0.99706727103719506,-0.0804128146910182,0,0,1,UNSTABLE,5.0638770342730821e-16,6.3347462913760414e-17,1
B2_D2_Guyan,B2,2,Guyan,full-grid,729,10,58,78,1.0003293852774677,0.99708690827332469,-0.080477179371169313,0,0,1,UNSTABLE,2.7594072253885956e-16,6.3347462913760414e-17,1
B2_D2_Guyan,B2,2,Guyan,full-grid,730,10,59,79,1.0003592081182795,0.99711183603801967,-0.080539007318940509,0,0,1,UNSTABLE,2.4149545785325325e-16,6.3347462913760414e-17,1
B2_D2_Guyan,B2,2,Guyan,full-grid,731,10,60,80,1.000393721047548,0.99714170571606142,-0.080597864940842978,0,0,1,UNSTABLE,2.5981891927790251e-16,6.3347462913760414e-17,1
B2_D2_Guyan,B2,2,Guyan,full-grid,732,10,61,81,1.0004325128280884,0.99717613613316169,-0.080653370977667685,0,0,1,UNSTABLE,3.5696251437592906e-16,6.3347462913760414e-17,1
B2_D2_Guyan,B2,2,Guyan,full-grid,733,10,62,82,1.000475152536513,0.99721472207509598,-0.080705197599957784,0,0,1,UNSTABLE,5.8563823177933337e-16,6.3347462913760414e-17,1
B2_D2_Guyan,B2,2,Guyan,full-grid,734,10,63,83,1.0005211975453274,0.99725704229726586,-0.080753070071950372,0,0,1,UNSTABLE,3.4851898172486579e-16,6.3347462913760414e-17,1
B2_D2_Guyan,B2,2,Guyan,full-grid,735,10,64,84,1.0005702006793049,0.99730266680518287,-0.080796765224203634,0,0,1,UNSTABLE,4.7578108372837675e-16,6.3347462913760414e-17,1
B2_D2_Guyan,B2,2,Guyan,full-grid,736,10,65,85,1.0006217164260027,0.9973511632650085,-0.080836108993780534,0,0,1,UNSTABLE,2.7298834268766511e-16,6.3347462913760414e-17,1
B2_D2_Guyan,B2,2,Guyan,full-grid,737,10,66,86,1.0006753061521236,0.99740210247534011,-0.080870973287191339,0,0,1,UNSTABLE,4.3021732870495999e-16,6.3347462913760414e-17,1
B2_D2_Guyan,B2,2,Guyan,full-grid,738,11,0,21,1.0023626732369977,0.99914490105784992,-0.080252074047463706,0,0,1,UNSTABLE,1.7998989955306931e-16,3.0504639614637823e-17,1
B2_D2_Guyan,B2,2,Guyan,full-grid,739,11,1,22,1.0024150196011195,0.99919907984468748,-0.080231355213798719,0,0,1,UNSTABLE,3.3575153081625484e-16,6.3347462913760414e-17,1
B2_D2_Guyan,B2,2,Guyan,full-grid,740,11,2,23,1.0024652783606431,0.99925148144093057,-0.080206677756826633,0,0,1,UNSTABLE,3.2854565134113599e-16,6.3347462913760414e-17,1
B2_D2_Guyan,B2,2,Guyan,full-grid,741,11,3,24,1.0025131864519699,0.99930183032307296,-0.080178182338079954,0,0,1,UNSTABLE,2.3198805100338547e-16,6.3347462913760414e-17,1
B2_D2_Guyan,B2,2,Guyan,full-grid,742,11,4,25,1.0025584919019725,0.99934986067038678,-0.08014602711823117,0,0,1,UNSTABLE,2.6434226132288696e-16,6.3347462913760414e-17,1
B2_D2_Guyan,B2,2,Guyan,full-grid,743,11,5,26,1.0026009546869692,0.99939531727237108,-0.080110387299519137,0,0,1,UNSTABLE,1.6379172551430931e-16,6.3347462913760414e-17,1
B2_D2_Guyan,B2,2,Guyan,full-grid,744,11,6,27,1.0026403476080719,0.99943795645494493,-0.080071454643954834,0,0,1,UNSTABLE,1.1086903724885055e-16,6.3347462913760414e-17,1
B2_D2_Guyan,B2,2,Guyan,full-grid,745,11,7,28,1.0026764571833819,0.99947754702657976,-0.080029436956344832,0,0,1,UNSTABLE,2.075515874307423e-16,6.3347462913760414e-17,1
B2_D2_Guyan,B2,2,Guyan,full-grid,746,11,8,29,1.0027090845549078,0.99951387124294999,-0.079984557521266667,0,0,1,UNSTABLE,1.8884668610969897e-16,6.3347462913760414e-17,1
B2_D2_Guyan,B2,2,Guyan,full-grid,747,11,9,30,1.0027380464055142,0.99954672578609738,-0.079937054483133221,0,0,1,UNSTABLE,2.7593887710490021e-16,6.3347462913760414e-17,1
B2_D2_Guyan,B2,2,Guyan,full-grid,748,11,10,31,1.0027631758792623,0.99957592275192775,-0.079887180161129431,0,0,1,UNSTABLE,1.6364978679880121e-16,6.3347462913760414e-17,1
B2_D2_Guyan,B2,2,Guyan,full-grid,749,11,11,32,1.0027843234967404,0.99960129063807246,-0.079835200291069081,0,0,1,UNSTABLE,2.686023417118068e-16,6.3347462913760414e-17,1
B2_D2_Guyan,B2,2,Guyan,full-grid,750,11,12,33,1.0028013580560606,0.99962267532297089,-0.079781393189301428,0,0,1,UNSTABLE,2.3569692690938894e-16,6.3347462913760414e-17,1
B2_D2_Guyan,B2,2,Guyan,full-grid,751,11,13,34,1.0028141675095898,0.99963994102628773,-0.079726048835441932,0,0,1,UNSTABLE,2.9317308051352062e-16,6.3347462913760414e-17,1
B2_D2_Guyan,B2,2,Guyan,full-grid,752,11,14,35,1.0028226598066239,0.99965297124076979,-0.07966946787278209,0,0,1,UNSTABLE,3.1989269695490946e-16,6.3347462913760414e-17,1
B2_D2_Guyan,B2,2,Guyan,full-grid,753,11,15,36,1.0028267636927675,0.99966166962600345,-0.079611960527680353,0,0,1,UNSTABLE,3.3375286169459173e-16,6.3347462913760414e-17,1
B2_D2_Guyan,B2,2,Guyan,full-grid,754,11,16,37,1.002826429457905,0.99966596085559667,-0.079553845450404378,0,0,1,UNSTABLE,1.6151822239055123e-16,6.3347462913760414e-17,1
B2_D2_Guyan,B2,2,Guyan,full-grid,755,11,17,38,1.0028216296261623,0.99966579141070211,-0.079495448481572667,0,0,1,UNSTABLE,3.7477588013602827e-16,6.3347462913760414e-17,1
B2_D2_Guyan,B2,2,Guyan,full-grid,756,11,18,39,1.0028123595827496,0.9996611303142634,-0.079437101348997272,0,0,1,UNSTABLE,1.905884527799473e-16,6.3347462913760414e-17,1
B2_D2_Guyan,B2,2,Guyan,full-grid,757,11,19,40,1.0027986381347036,0.99965196980251791,-0.079379140299968384,0,0,1,UNSTABLE,3.1513965621081195e-16,6.3347462913760414e-17,1
B2_D2_Guyan,B2,2,Guyan,full-grid,758,11,20,41,1.0027805080040539,0.99963832593185242,-0.07932190467350024,0,0,1,UNSTABLE,1.6934614278028493e-16,6.3347462913760414e-17,1
B2_D2_Guyan,B2,2,Guyan,full-grid,759,11,21,42,1.0027580362534898,0.99962023912078579,-0.079265735416118532,0,0,1,UNSTABLE,3.7731675200856863e-16,6.3347462913760414e-17,1
B2_D2_Guyan,B2,2,Guyan,full-grid,760,11,22,43,1.0027313146458585,0.99959777462827004,-0.079210973542949384,0,0,1,UNSTABLE,2.230757665489444e-16,6.3347462913760414e-17,1
B2_D2_Guyan,B2,2,Guyan,full-grid,761,11,23,44,1.0027004599392244,0.99957102297011513,-0.079157958543722901,0,0,1,UNSTABLE,2.1976190601009519e-16,6.3347462913760414e-17,1
B2_D2_Guyan,B2,2,Guyan,full-grid,762,11,24,45,1.0026656141191135,0.99954010027547135,-0.0791070267306241,0,0,1,UNSTABLE,5.3073222735842593e-16,6.3347462913760414e-17,1
B2_D2_Guyan,B2,2,Guyan,full-grid,763,11,25,46,1.0026269445684866,0.99950514858449657,-0.079058509521889558,0,0,1,UNSTABLE,6.0601724436605998e-16,6.3347462913760414e-17,1
B2_D2_Guyan,B2,2,Guyan,full-grid,764,11,26,47,1.0025846441739952,0.99946633608660385,-0.079012731652034859,0,0,1,UNSTABLE,2.8257625378428935e-16,6.3347462913760414e-17,1
B2_D2_Guyan,B2,2,Guyan,full-grid,765,11,27,48,1.0025389313638817,0.99942385729574557,-0.078970009296739155,0,0,1,UNSTABLE,1.9839705403915543e-16,6.3347462913760414e-17,1
B2_D2_Guyan,B2,2,Guyan,full-grid,766,11,28,49,1.0024900500687386,0.99937793315528223,-0.078930648097542536,0,0,1,UNSTABLE,1.1756384017573031e-16,6.3347462913760414e-17,1
B2_D2_Guyan,B2,2,Guyan,full-grid,767,11,29,50,1.0024382695908032,0.99932881105959936,-0.078894941069825988,0,0,1,UNSTABLE,2.7725895979246054e-16,6.3347462913760414e-17,1
B2_D2_Guyan,B2,2,Guyan,full-grid,768,11,30,51,1.0023838843610602,0.99927676477329763,-0.078863166376825,0,0,1,UNSTABLE,1.5975582990919739e-16,6.3347462913760414e-17,1
B2_D2_Guyan,B2,2,Guyan,full-grid,769,11,31,52,1.0023272135558203,0.99922209422119246,-0.078835584952414717,0,0,1,UNSTABLE,2.7433623974666671e-16,6.3347462913760414e-17,1
B2_D2_Guyan,B2,2,Guyan,full-grid,770,11,32,53,1.002268600536216,0.99916512511388367,-0.078812437958623902,0,0,1,UNSTABLE,2.8254345916684255e-16,6.3347462913760414e-17,1
B2_D2_Guyan,B2,2,Guyan,full-grid,771,11,33,54,1.0022084120652623,0.99910620836456121,-0.078793944067831981,0,0,1,UNSTABLE,1.6699053375385048e-16,6.3347462913760414e-17,1
B2_D2_Guyan,B2,2,Guyan,full-grid,772,11,34,55,1.002147037248597,0.99904571924352437,-0.078780296567922112,0,0,1,UNSTABLE,2.1644959283844746e-16,6.3347462913760414e-17,1
B2_D2_Guyan,B2,2,Guyan,full-grid,773,11,35,56,1.0020848861370237,0.99898405620811892,-0.078771660298778301,0,0,1,UNSTABLE,1.8462212542886797e-16,6.3347462913760414e-17,1
B2_D2_Guyan,B2,2,Guyan,full-grid,774,11,36,57,1.0020223879229306,0.99892163933854572,-0.078768168443630646,0,0,1,UNSTABLE,1.9791531529193181e-16,6.3347462913760414e-17,1
B2_D2_Guyan,B2,2,Guyan,full-grid,775,11,37,58,1.0019599886593171,0.99885890830529966,-0.078769919216183384,0,0,1,UNSTABLE,2.1824810252466405e-16,6.3347462913760414e-17,1
B2_D2_Guyan,B2,2,Guyan,full-grid,776,11,38,59,1.0018981484309852,0.99879631979302208,-0.078776972506892015,0,0,1,UNSTABLE,2.4545259386544945e-16,6.3347462913760414e-17,1
B2_D2_Guyan,B2,2,Guyan,full-grid,777,11,39,60,1.0018373379141206,0.99873434431035191,-0.078789346575684191,0,0,1,UNSTABLE,1.3371616771400725e-16,6.3347462913760414e-17,1
B2_D2_Guyan,B2,2,Guyan,full-grid,778,11,40,61,1.0017780342741132,0.99867346232679599,-0.078807014905500655,0,0,1,UNSTABLE,1.2760800483505171e-16,6.3347462913760414e-17,1
B2_D2_Guyan,B2,2,Guyan,full-grid,779,11,41,62,1.0017207163736759,0.99861415969779266,-0.078829903356923969,0,0,1,UNSTABLE,9.2380758949741019e-17,6.3347462913760414e-17,1
B2_D2_Guyan,B2,2,Guyan,full-grid,780,11,42,63,1.0016658592947867,0.99855692236862648,-0.078857887788477937,0,0,1,UNSTABLE,3.4040842606153441e-16,6.3347462913760414e-17,1
B2_D2_Guyan,B2,2,Guyan,full-grid,781,11,43,64,1.0016139282184873,0.99850223038692665,-0.078890792324591397,0,0,1,UNSTABLE,1.9222180510995904e-16,6.3347462913760414e-17,1
B2_D2_Guyan,B2,2,Guyan,full-grid,782,11,44,65,1.0015653717554307,0.9984505513015649,-0.078928388461917451,0,0,1,UNSTABLE,3.3448640053052444e-16,6.3347462913760414e-17,1
B2_D2_Guyan,B2,2,Guyan,full-grid,783,11,45,66,1.0015206148740003,0.9984023330800067,-0.078970395199687779,0,0,1,UNSTABLE,2.4871706849567101e-16,6.3347462913760414e-17,1
B2_D2_Guyan,B2,2,Guyan,full-grid,784,11,46,67,1.0014800516281299,0.99835799673310366,-0.079016480357873509,0,0,1,UNSTABLE,1.4263949257516639e-16,6.3347462913760414e-17,1
B2_D2_Guyan,B2,2,Guyan,full-grid,785,11,47,68,1.0014440379378318,0.99831792889022486,-0.079066263207268922,0,0,1,UNSTABLE,2.6282408712279645e-16,6.3347462913760414e-17,1
B2_D2_Guyan,B2,2,Guyan,full-grid,786,11,48,69,1.0014128847149051,0.99828247461171427,-0.079119318476208553,0,0,1,UNSTABLE,4.837912476311991e-16,6.3347462913760414e-17,1
B2_D2_Guyan,B2,2,Guyan,full-grid,787,11,49,70,1.0013868516484108,0.99825193075354868,-0.079175181724630131,0,0,1,UNSTABLE,2.0015775413721905e-16,6.3347462913760414e-17,1
B2_D2_Guyan,B2,2,Guyan,full-grid,788,11,50,71,1.001366141962583,0.99822654020394952,-0.07923335599026976,0,0,1,UNSTABLE,1.297747506954271e-16,6.3347462913760414e-17,1
B2_D2_Guyan,B2,2,Guyan,full-grid,789,11,51,72,1.0013508984314325,0.99820648729022998,-0.079293319524012446,0,0,1,UNSTABLE,2.4955186627228842e-16,6.3347462913760414e-17,1
B2_D2_Guyan,B2,2,Guyan,full-grid,790,11,52,73,1.0013412008782716,0.99819189460464708,-0.079354534350119951,0,0,1,UNSTABLE,1.5740778299974773e-16,6.3347462913760414e-17,1
B2_D2_Guyan,B2,2,Guyan,full-grid,791,11,53,74,1.0013370653091185,0.99818282142396098,-0.07941645532242432,0,0,1,UNSTABLE,1.707838873423725e-16,6.3347462913760414e-17,1
B2_D2_Guyan,B2,2,Guyan,full-grid,792,11,54,75,1.0013384447332285,0.99817926380502564,-0.079478539307274332,0,0,1,UNSTABLE,2.988609570213526e-16,6.3347462913760414e-17,1
B2_D2_Guyan,B2,2,Guyan,full-grid,793,11,55,76,1.0013452316216482,0.99818115633726823,-0.079540254114547543,0,0,1,UNSTABLE,1.1270994344211648e-16,6.3347462913760414e-17,1
B2_D2_Guyan,B2,2,Guyan,full-grid,794,11,56,77,1.0013572618573365,0.99818837543399952,-0.079601086819560476,0,0,1,UNSTABLE,1.4823845270049844e-16,6.3347462913760414e-17,1
B2_D2_Guyan,B2,2,Guyan,full-grid,795,11,57,78,1.0013743199475458,0.99820074395785086,-0.079660551168081892,0,0,1,UNSTABLE,1.5128059573696888e-16,6.3347462913760414e-17,1
B2_D2_Guyan,B2,2,Guyan,full-grid,796,11,58,79,1.0013961452095543,0.99821803691033351,-0.079718193829482295,0,0,1,UNSTABLE,5.3654238130369845e-16,6.3347462913760414e-17,1
B2_D2_Guyan,B2,2,Guyan,full-grid,797,11,59,80,1.0014224386080917,0.99823998787617263,-0.079773599346874141,0,0,1,UNSTABLE,3.2084552628524467e-16,6.3347462913760414e-17,1
B2_D2_Guyan,B2,2,Guyan,full-grid,798,11,60,81,1.0014528699185952,0.99826629590184268,-0.079826393721659089,0,0,1,UNSTABLE,3.5662308901228757e-16,6.3347462913760414e-17,1
B2_D2_Guyan,B2,2,Guyan,full-grid,799,11,61,82,1.0014870849104036,0.99829663250120482,-0.079876246651257934,0,0,1,UNSTABLE,2.2537876485229659e-16,6.3347462913760414e-17,1
B2_D2_Guyan,B2,2,Guyan,full-grid,800,11,62,83,1.0015247122839837,0.99833064851556064,-0.079922872508539439,0,0,1,UNSTABLE,3.6993771563501342e-16,6.3347462913760414e-17,1
B2_D2_Guyan,B2,2,Guyan,full-grid,801,11,63,84,1.0015653701484271,0.99836798060340337,-0.079966030203068222,0,0,1,UNSTABLE,1.5075878688743048e-16,6.3347462913760414e-17,1
B2_D2_Guyan,B2,2,Guyan,full-grid,802,11,64,85,1.0016086718834711,0.9984082571903784,-0.080005522098427942,0,0,1,UNSTABLE,2.2548498591073973e-16,6.3347462913760414e-17,1
B2_D2_Guyan,B2,2,Guyan,full-grid,803,11,65,86,1.0016542312875709,0.99845110376599688,-0.08004119217476055,0,0,1,UNSTABLE,4.7447720006446155e-16,6.3347462913760414e-17,1
B2_D2_Guyan,B2,2,Guyan,full-grid,804,11,66,87,1.0017016669658094,0.99849614746575022,-0.080072923626755443,0,0,1,UNSTABLE,8.6540576968065675e-16,6.3347462913760414e-17,1
B2_D2_Guyan,B2,2,Guyan,full-grid,805,12,0,22,1.0032860499696883,1.0001372753567284,-0.079424986659107535,0,0,1,UNSTABLE,1.2636994945157094e-16,3.0504639614637829e-17,1
B2_D2_Guyan,B2,2,Guyan,full-grid,806,12,1,23,1.0033345953153927,1.0001877089652054,-0.079403129608577497,0,0,1,UNSTABLE,1.9604513696194023e-16,6.3347462913760414e-17,1
B2_D2_Guyan,B2,2,Guyan,full-grid,807,12,2,24,1.0033809999104324,1.00023628073228,-0.079377664919766514,0,0,1,UNSTABLE,1.3040241108283808e-16,6.3347462913760414e-17,1
B2_D2_Guyan,B2,2,Guyan,full-grid,808,12,3,25,1.0034250313413036,1.0002827456601753,-0.07934873821830829,0,0,1,UNSTABLE,8.4563518119562451e-17,6.3347462913760414e-17,1
B2_D2_Guyan,B2,2,Guyan,full-grid,809,12,4,26,1.0034664682060286,1.000326868587684,-0.07931651023235313,0,0,1,UNSTABLE,1.3140454865509663e-16,6.3347462913760414e-17,1
B2_D2_Guyan,B2,2,Guyan,full-grid,810,12,5,27,1.0035051008219089,1.0003684249430074,-0.079281156352791926,0,0,1,UNSTABLE,1.9579416151319414e-16,6.3347462913760414e-17,1
B2_D2_Guyan,B2,2,Guyan,full-grid,811,12,6,28,1.0035407319528939,1.0004072015179684,-0.079242866174422055,0,0,1,UNSTABLE,1.1869333213973228e-16,6.3347462913760414e-17,1
B2_D2_Guyan,B2,2,Guyan,full-grid,812,12,7,29,1.0035731775563921,1.0004429972641451,-0.079201843007391665,0,0,1,UNSTABLE,2.8236864742329673e-16,6.3347462913760414e-17,1
B2_D2_Guyan,B2,2,Guyan,full-grid,813,12,8,30,1.0036022675470293,1.0004756241091399,-0.079158303348203896,0,0,1,UNSTABLE,1.0066911325591757e-16,6.3347462913760414e-17,1
B2_D2_Guyan,B2,2,Guyan,full-grid,814,12,9,31,1.0036278465726689,1.000504907788883,-0.079112476300843573,0,0,1,UNSTABLE,2.0784358950969591e-16,6.3347462913760414e-17,1
B2_D2_Guyan,B2,2,Guyan,full-grid,815,12,10,32,1.0036497747962814,1.0005306886900773,-0.079064602939532019,0,0,1,UNSTABLE,1.8943676517853938e-16,6.3347462913760414e-17,1
B2_D2_Guyan,B2,2,Guyan,full-grid,816,12,11,33,1.0036679286759436,1.0005528226954286,-0.079014935606310094,0,0,1,UNSTABLE,3.5859943299445851e-16,6.3347462913760414e-17,1
B2_D2_Guyan,B2,2,Guyan,full-grid,817,12,12,34,1.0036822017342539,1.0005711820231844,-0.078963737138303153,0,0,1,UNSTABLE,2.9178334622665772e-16,6.3347462913760414e-17,1
B2_D2_Guyan,B2,2,Guyan,full-grid,818,12,13,35,1.0036925053081318,1.0005856560520274,-0.078911280021605232,0,0,1,UNSTABLE,1.2587835583367135e-16,6.3347462913760414e-17,1
B2_D2_Guyan,B2,2,Guyan,full-grid,819,12,14,36,1.0036987692699928,1.0005961521222746,-0.07885784547016278,0,0,1,UNSTABLE,1.1843658955519211e-16,6.3347462913760414e-17,1
B2_D2_Guyan,B2,2,Guyan,full-grid,820,12,15,37,1.0037009427117205,1.0006025963046188,-0.078803722430179621,0,0,1,UNSTABLE,3.1478034275489841e-16,6.3347462913760414e-17,1
B2_D2_Guyan,B2,2,Guyan,full-grid,821,12,16,38,1.0036989945837156,1.0006049341284391,-0.078749206511454395,0,0,1,UNSTABLE,2.3940217086524138e-16,6.3347462913760414e-17,1
B2_D2_Guyan,B2,2,Guyan,full-grid,822,12,17,39,1.0036929142825202,1.0006031312628223,-0.078694598848798869,0,0,1,UNSTABLE,4.8950922581459935e-16,6.3347462913760414e-17,1
B2_D2_Guyan,B2,2,Guyan,full-grid,823,12,18,40,1.0036827121815566,1.0005971741444915,-0.07864020489662564,0,0,1,UNSTABLE,3.432441002086216e-16,6.3347462913760414e-17,1
B2_D2_Guyan,B2,2,Guyan,full-grid,824,12,19,41,1.0036684201011936,1.0005870705484892,-0.078586333160538938,0,0,1,UNSTABLE,4.1689805697123337e-16,6.3347462913760414e-17,1
B2_D2_Guyan,B2,2,Guyan,full-grid,825,12,20,42,1.0036500917152931,1.0005728500984581,-0.078533293869317636,0,0,1,UNSTABLE,2.3459253624870284e-16,6.3347462913760414e-17,1
B2_D2_Guyan,B2,2,Guyan,full-grid,826,12,21,43,1.0036278028926231,1.0005545647147198,-0.078481397589566224,0,0,1,UNSTABLE,2.930175552824711e-16,6.3347462913760414e-17,1
B2_D2_Guyan,B2,2,Guyan,full-grid,827,12,22,44,1.0036016519721278,1.0005322889990227,-0.078430953784586019,0,0,1,UNSTABLE,2.2268115354104627e-16,6.3347462913760414e-17,1
B2_D2_Guyan,B2,2,Guyan,full-grid,828,12,23,45,1.0035717599712717,1.0005061205552743,-0.078382269316922257,0,0,1,UNSTABLE,1.7187178804970832e-16,6.3347462913760414e-17,1
B2_D2_Guyan,B2,2,Guyan,full-grid,829,12,24,46,1.0035382707261704,1.0004761802451911,-0.078335646892486399,0,0,1,UNSTABLE,1.9341110309062077e-16,6.3347462913760414e-17,1
B2_D2_Guyan,B2,2,Guyan,full-grid,830,12,25,47,1.0035013509612272,1.0004426123770369,-0.078291383441716142,0,0,1,UNSTABLE,3.5875716820004207e-16,6.3347462913760414e-17,1
B2_D2_Guyan,B2,2,Guyan,full-grid,831,12,26,48,1.0034611902839741,1.0004055848237381,-0.078249768431635447,0,0,1,UNSTABLE,1.3174676261759021e-16,6.3347462913760414e-17,1
B2_D2_Guyan,B2,2,Guyan,full-grid,832,12,27,49,1.0034180010981777,1.0003652890642116,-0.078211082100550638,0,0,1,UNSTABLE,2.176810613827485e-16,6.3347462913760414e-17,1
B2_D2_Guyan,B2,2,Guyan,full-grid,833,12,28,50,1.0033720184245374,1.0003219401381314,-0.078175593605774793,0,0,1,UNSTABLE,1.2111779897123829e-16,6.3347462913760414e-17,1
B2_D2_Guyan,B2,2,Guyan,full-grid,834,12,29,51,1.0033234996140752,1.0002757765001831,-0.07814355907425323,0,0,1,UNSTABLE,1.5381082599385576e-16,6.3347462913760414e-17,1
B2_D2_Guyan,B2,2,Guyan,full-grid,835,12,30,52,1.0032727239340617,1.0002270597545935,-0.078115219546211909,0,0,1,UNSTABLE,1.6799846519310593e-16,6.3347462913760414e-17,1
B2_D2_Guyan,B2,2,Guyan,full-grid,836,12,31,53,1.003219992000669,1.0001760742449537,-0.078090798803542291,0,0,1,UNSTABLE,2.190957406463451e-16,6.3347462913760414e-17,1
B2_D2_Guyan,B2,2,Guyan,full-grid,837,12,32,54,1.0031656250265393,1.0001231264681101,-0.078070501077809953,0,0,1,UNSTABLE,2.1399695220535526e-16,6.3347462913760414e-17,1
B2_D2_Guyan,B2,2,Guyan,full-grid,838,12,33,55,1.0031099638454739,1.0000685442744806,-0.07805450863844611,0,0,1,UNSTABLE,2.0419615158625718e-16,6.3347462913760414e-17,1
B2_D2_Guyan,B2,2,Guyan,full-grid,839,12,34,56,1.0030533676710189,1.0000126758112242,-0.078042979268143742,0,0,1,UNSTABLE,1.27622417466616e-16,6.3347462913760414e-17,1
B2_D2_Guyan,B2,2,Guyan,full-grid,840,12,35,57,1.002996212541269,0.9999558881593732,-0.078036043643495423,0,0,1,UNSTABLE,3.1894584468644613e-16,6.3347462913760414e-17,1
B2_D2_Guyan,B2,2,Guyan,full-grid,841,12,36,58,1.0029388893999773,0.99989856561292512,-0.07803380265035792,0,0,1,UNSTABLE,1.9014560514051942e-16,6.3347462913760414e-17,1
B2_D2_Guyan,B2,2,Guyan,full-grid,842,12,37,59,1.0028818017640997,0.99984110754671374,-0.078036324678751337,0,0,1,UNSTABLE,1.511791830431155e-16,6.3347462913760414e-17,1
B2_D2_Guyan,B2,2,Guyan,full-grid,843,12,38,60,1.002825362932164,0.99978392582284026,-0.078043642958895001,0,0,1,UNSTABLE,1.4375646519849941e-16,6.3347462913760414e-17,1
B2_D2_Guyan,B2,2,Guyan,full-grid,844,12,39,61,1.0027699926963121,0.99972744169245775,-0.078055753018052634,0,0,1,UNSTABLE,2.0516454660023041e-16,6.3347462913760414e-17,1
B2_D2_Guyan,B2,2,Guyan,full-grid,845,12,40,62,1.0027161135353511,0.9996720821627012,-0.078072610356825001,0,0,1,UNSTABLE,1.9382037446090239e-16,6.3347462913760414e-17,1
B2_D2_Guyan,B2,2,Guyan,full-grid,846,12,41,63,1.0026641462863377,0.99961827581741725,-0.078094128459982634,0,0,1,UNSTABLE,3.5732155163758888e-16,6.3347462913760414e-17,1
B2_D2_Guyan,B2,2,Guyan,full-grid,847,12,42,64,1.0026145053190563,0.99956644810599626,-0.078120177271551655,0,0,1,UNSTABLE,2.2336937763152873e-16,6.3347462913760414e-17,1
B2_D2_Guyan,B2,2,Guyan,full-grid,848,12,43,65,1.0025675932700389,0.99951701614626609,-0.078150582271299882,0,0,1,UNSTABLE,1.6404320012012578e-16,6.3347462913760414e-17,1
B2_D2_Guyan,B2,2,Guyan,full-grid,849,12,44,66,1.0025237954296957,0.99947038312422154,-0.078185124290264391,0,0,1,UNSTABLE,1.0704515951212078e-16,6.3347462913760414e-17,1
B2_D2_Guyan,B2,2,Guyan,full-grid,850,12,45,67,1.0024834739147481,0.99942693241275649,-0.078223540192250501,0,0,1,UNSTABLE,2.7263998370590626e-16,6.3347462913760414e-17,1
B2_D2_Guyan,B2,2,Guyan,full-grid,851,12,46,68,1.0024469617958904,0.99938702157096626,-0.078265524525965788,0,0,1,UNSTABLE,1.498270006350145e-16,6.3347462913760414e-17,1
B2_D2_Guyan,B2,2,Guyan,full-grid,852,12,47,69,1.0024145573824152,0.99935097642010817,-0.078310732216981385,0,0,1,UNSTABLE,3.0496431945697132e-16,6.3347462913760414e-17,1
B2_D2_Guyan,B2,2,Guyan,full-grid,853,12,48,70,1.0023865188882684,0.99931908541865544,-0.078358782321848383,0,0,1,UNSTABLE,1.601061069207375e-16,6.3347462913760414e-17,1
B2_D2_Guyan,B2,2,Guyan,full-grid,854,12,49,71,1.0023630597120934,0.9992915945713694,-0.07840926280994813,0,0,1,UNSTABLE,1.1153977089150924e-16,6.3347462913760414e-17,1
B2_D2_Guyan,B2,2,Guyan,full-grid,855,12,50,72,1.0023443445555491,0.99926870310383342,-0.078461736277477004,0,0,1,UNSTABLE,4.0495462990399445e-16,6.3347462913760414e-17,1
B2_D2_Guyan,B2,2,Guyan,full-grid,856,12,51,73,1.0023304865766918,0.9992505601112549,-0.07851574643605809,0,0,1,UNSTABLE,2.4112097777809914e-16,6.3347462913760414e-17,1
B2_D2_Guyan,B2,2,Guyan,full-grid,857,12,52,74,1.0023215457302819,0.99923726234965216,-0.078570825165031846,0,0,1,UNSTABLE,1.804192209099599e-16,6.3347462913760414e-17,1
B2_D2_Guyan,B2,2,Guyan,full-grid,858,12,53,75,1.0023175283869079,0.99922885328094169,-0.078626499874371605,0,0,1,UNSTABLE,4.132248719744301e-16,6.3347462913760414e-17,1
B2_D2_Guyan,B2,2,Guyan,full-grid,859,12,54,76,1.002318388253475,0.99922532341598913,-0.078682300902145286,0,0,1,UNSTABLE,5.1947183821811783e-16,6.3347462913760414e-17,1
B2_D2_Guyan,B2,2,Guyan,full-grid,860,12,55,77,1.0023240285450978,0.99922661192750728,-0.078737768667577451,0,0,1,UNSTABLE,1.0939262979685116e-16,6.3347462913760414e-17,1
B2_D2_Guyan,B2,2,Guyan,full-grid,861,12,56,78,1.0023343052906515,0.99923260943550019,-0.078792460319588128,0,0,1,UNSTABLE,4.5191430197452831e-16,6.3347462913760414e-17,1
B2_D2_Guyan,B2,2,Guyan,full-grid,862,12,57,79,1.0023490315971249,0.99924316180802752,-0.078845955657789832,0,0,1,UNSTABLE,5.6007773572672404e-16,6.3347462913760414e-17,1
B2_D2_Guyan,B2,2,Guyan,full-grid,863,12,58,80,1.0023679826567016,0.99925807477476747,-0.078897862155389686,0,0,1,UNSTABLE,5.2918979543966962e-16,6.3347462913760414e-17,1
B2_D2_Guyan,B2,2,Guyan,full-grid,864,12,59,81,1.0023909012580694,0.99927711912378836,-0.078947818973210182,0,0,1,UNSTABLE,1.8043739315394233e-16,6.3347462913760414e-17,1
B2_D2_Guyan,B2,2,Guyan,full-grid,865,12,60,82,1.0024175035600205,0.99930003624355268,-0.078995499917007175,0,0,1,UNSTABLE,1.4869125203205531e-16,6.3347462913760414e-17,1
B2_D2_Guyan,B2,2,Guyan,full-grid,866,12,61,83,1.0024474848989746,0.9993265437811637,-0.079040615348529644,0,0,1,UNSTABLE,4.2323002068153236e-16,6.3347462913760414e-17,1
B2_D2_Guyan,B2,2,Guyan,full-grid,867,12,62,84,1.0024805254292588,0.99935634121105021,-0.079082913111401462,0,0,1,UNSTABLE,6.3090105198300202e-16,6.3347462913760414e-17,1
B2_D2_Guyan,B2,2,Guyan,full-grid,868,12,63,85,1.0025162954314328,0.99938911514169826,-0.079122178571225582,0,0,1,UNSTABLE,3.6369997524015542e-16,6.3347462913760414e-17,1
B2_D2_Guyan,B2,2,Guyan,full-grid,869,12,64,86,1.0025544601646952,0.99942454422662164,-0.079158233895994953,0,0,1,UNSTABLE,5.5749032100516672e-16,6.3347462913760414e-17,1
B2_D2_Guyan,B2,2,Guyan,full-grid,870,12,65,87,1.0025946841809568,0.99946230358625487,-0.079190936716072982,0,0,1,UNSTABLE,1.4587226411441001e-16,6.3347462913760414e-17,1
B2_D2_Guyan,B2,2,Guyan,full-grid,871,12,66,88,1.0026366350562632,0.99950206868524116,-0.079220178306221703,0,0,1,UNSTABLE,2.278722218764542e-16,6.3347462913760414e-17,1
B2_D2_Guyan,B2,2,Guyan,full-grid,872,13,0,23,1.0041193246587474,1.0010422435486481,-0.078549632616759082,0,0,1,UNSTABLE,2.1553231757562026e-16,3.0504639614637823e-17,1
B2_D2_Guyan,B2,2,Guyan,full-grid,873,13,1,24,1.0041642803474355,1.0010891052780317,-0.078527098630429504,0,0,1,UNSTABLE,2.2701284750706632e-16,6.3347462913760414e-17,1
B2_D2_Guyan,B2,2,Guyan,full-grid,874,13,2,25,1.0042070847728859,1.0011340655883583,-0.078501285509109037,0,0,1,UNSTABLE,2.7233216613260585e-16,6.3347462913760414e-17,1
B2_D2_Guyan,B2,2,Guyan,full-grid,875,13,3,26,1.0042475331787839,1.0011769073284973,-0.078472339890043888,0,0,1,UNSTABLE,8.3951695123547738e-17,6.3347462913760414e-17,1
B2_D2_Guyan,B2,2,Guyan,full-grid,876,13,4,27,1.0042854314798522,1.0012174230262731,-0.078440421412059425,0,0,1,UNSTABLE,2.4563160390380926e-16,6.3347462913760414e-17,1
B2_D2_Guyan,B2,2,Guyan,full-grid,877,13,5,28,1.0043205968488189,1.0012554155161701,-0.078405702307351069,0,0,1,UNSTABLE,1.409183906349622e-16,6.3347462913760414e-17,1
B2_D2_Guyan,B2,2,Guyan,full-grid,878,13,6,29,1.0043528583255674,1.0012906985906103,-0.078368366977147635,0,0,1,UNSTABLE,1.3144680262544154e-16,6.3347462913760414e-17,1
B2_D2_Guyan,B2,2,Guyan,full-grid,879,13,7,30,1.0043820574475797,1.0013230976746421,-0.078328611540688306,0,0,1,UNSTABLE,1.3457051822514524e-16,6.3347462913760414e-17,1
B2_D2_Guyan,B2,2,Guyan,full-grid,880,13,8,31,1.0044080488988103,1.0013524505218121,-0.078286643347870943,0,0,1,UNSTABLE,1.5017685466595136e-16,6.3347462913760414e-17,1
B2_D2_Guyan,B2,2,Guyan,full-grid,881,13,9,32,1.0044307011723057,1.0013786079271103,-0.078242680446495974,0,0,1,UNSTABLE,2.4919940294892915e-16,6.3347462913760414e-17,1
B2_D2_Guyan,B2,2,Guyan,full-grid,882,13,10,33,1.0044498972403135,1.0014014344511988,-0.07819695099655731,0,0,1,UNSTABLE,1.4827377977366545e-16,6.3347462913760414e-17,1
B2_D2_Guyan,B2,2,Guyan,full-grid,883,13,11,34,1.0044655352245948,1.0014208091490102,-0.078149692624945852,0,0,1,UNSTABLE,2.2520747113995176e-16,6.3347462913760414e-17,1
B2_D2_Guyan,B2,2,Guyan,full-grid,884,13,12,35,1.0044775290588539,1.0014366262948429,-0.078101151716115688,0,0,1,UNSTABLE,1.0483396287286973e-16,6.3347462913760414e-17,1
B2_D2_Guyan,B2,2,Guyan,full-grid,885,13,13,36,1.0044858091348507,1.0014487960956462,-0.078051582635309855,0,0,1,UNSTABLE,1.1154317405655633e-16,6.3347462913760414e-17,1
B2_D2_Guyan,B2,2,Guyan,full-grid,886,13,14,37,1.0044903229237758,1.001457245384068,-0.078001246882765343,0,0,1,UNSTABLE,3.4248672463368738e-16,6.3347462913760414e-17,1
B2_D2_Guyan,B2,2,Guyan,full-grid,887,13,15,38,1.004491035564834,1.0014619182831015,-0.077950412178790174,0,0,1,UNSTABLE,2.0241655564719854e-16,6.3347462913760414e-17,1
B2_D2_Guyan,B2,2,Guyan,full-grid,888,13,16,39,1.0044879304136436,1.0014627768347408,-0.077899351480838,0,0,1,UNSTABLE,1.2754170798634595e-16,6.3347462913760414e-17,1
B2_D2_Guyan,B2,2,Guyan,full-grid,889,13,17,40,1.0044810095438566,1.00145980158583,-0.077848341934273244,0,0,1,UNSTABLE,1.3910392473113337e-16,6.3347462913760414e-17,1
B2_D2_Guyan,B2,2,Guyan,full-grid,890,13,18,41,1.0044702941964079,1.0014529921252158,-0.077797663759720345,0,0,1,UNSTABLE,1.5152098937233931e-16,6.3347462913760414e-17,1
B2_D2_Guyan,B2,2,Guyan,full-grid,891,13,19,42,1.0044558251718076,1.0014423675673643,-0.07774759907964468,0,0,1,UNSTABLE,2.1971078466239702e-16,6.3347462913760414e-17,1
B2_D2_Guyan,B2,2,Guyan,full-grid,892,13,20,43,1.0044376631617655,1.0014279669784856,-0.077698430686891709,0,0,1,UNSTABLE,4.1332864683692592e-16,6.3347462913760414e-17,1
B2_D2_Guyan,B2,2,Guyan,full-grid,893,13,21,44,1.0044158890171504,1.0014098497420159,-0.077650440757188993,0,0,1,UNSTABLE,1.7132394180736176e-16,6.3347462913760414e-17,1
B2_D2_Guyan,B2,2,Guyan,full-grid,894,13,22,45,1.004390603949705,1.0013880958607795,-0.077603909507034302,0,0,1,UNSTABLE,2.2530197902134929e-16,6.3347462913760414e-17,1
B2_D2_Guyan,B2,2,Guyan,full-grid,895,13,23,46,1.0043619296649964,1.0013628061933511,-0.077559113796976706,0,0,1,UNSTABLE,1.5127692705646673e-16,6.3347462913760414e-17,1
B2_D2_Guyan,B2,2,Guyan,full-grid,896,13,24,47,1.0043300084234126,1.0013341026215743,-0.077516325679294673,0,0,1,UNSTABLE,2.7610648662903451e-16,6.3347462913760414e-17,1
B2_D2_Guyan,B2,2,Guyan,full-grid,897,13,25,48,1.0042950030252462,1.0013021281455536,-0.077475810887429469,0,0,1,UNSTABLE,3.6237471600039184e-16,6.3347462913760414e-17,1
B2_D2_Guyan,B2,2,Guyan,full-grid,898,13,26,49,1.0042570967140689,1.0012670469007083,-0.077437827263589276,0,0,1,UNSTABLE,2.5292604863241325e-16,6.3347462913760414e-17,1
B2_D2_Guyan,B2,2,Guyan,full-grid,899,13,27,50,1.0042164929903294,1.0012290440892948,-0.077402623119849551,0,0,1,UNSTABLE,3.151060418364764e-16,6.3347462913760414e-17,1
B2_D2_Guyan,B2,2,Guyan,full-grid,900,13,28,51,1.0041734153244821,1.0011883258162455,-0.077370435527392242,0,0,1,UNSTABLE,1.7569509638591052e-16,6.3347462913760414e-17,1
B2_D2_Guyan,B2,2,Guyan,full-grid,901,13,29,52,1.0041281067551457,1.0011451188153508,-0.077341488528929331,0,0,1,UNSTABLE,2.5182018751639187e-16,6.3347462913760414e-17,1
B2_D2_Guyan,B2,2,Guyan,full-grid,902,13,30,53,1.0040808293543555,1.0010996700483044,-0.077315991270284351,0,0,1,UNSTABLE,9.3923065488914686e-17,6.3347462913760414e-17,1
B2_D2_Guyan,B2,2,Guyan,full-grid,903,13,31,54,1.0040318635376153,1.0010522461546398,-0.077294136049037357,0,0,1,UNSTABLE,2.2525511476866287e-16,6.3347462913760414e-17,1
B2_D2_Guyan,B2,2,Guyan,full-grid,904,13,32,55,1.0039815071923539,1.0010031327261897,-0.07727609628199951,0,0,1,UNSTABLE,2.2589846782992777e-16,6.3347462913760414e-17,1
B2_D2_Guyan,B2,2,Guyan,full-grid,905,13,33,56,1.0039300745946755,1.0009526333756329,-0.077262024397866988,0,0,1,UNSTABLE,1.9380093981456626e-16,6.3347462913760414e-17,1
B2_D2_Guyan,B2,2,Guyan,full-grid,906,13,34,57,1.0038778950810963,1.0009010685649748,-0.077252049668239925,0,0,1,UNSTABLE,3.3894518568663725e-16,6.3347462913760414e-17,1
B2_D2_Guyan,B2,2,Guyan,full-grid,907,13,35,58,1.0038253114400932,1.0008487741572707,-0.077246275998840458,0,0,1,UNSTABLE,2.018587975960314e-16,6.3347462913760414e-17,1
B2_D2_Guyan,B2,2,Guyan,full-grid,908,13,36,59,1.0037726779881095,1.0007960996539835,-0.077244779712255476,0,0,1,UNSTABLE,2.1526810063623865e-16,6.3347462913760414e-17,1
B2_D2_Guyan,B2,2,Guyan,full-grid,909,13,37,60,1.0037203582971665,1.0007434060819049,-0.077247607366052323,0,0,1,UNSTABLE,2.5673167624038938e-16,6.3347462913760414e-17,1
B2_D2_Guyan,B2,2,Guyan,full-grid,910,13,38,61,1.0036687225463385,1.0006910634977602,-0.077254773661702095,0,0,1,UNSTABLE,3.0455047234220524e-16,6.3347462913760414e-17,1
B2_D2_Guyan,B2,2,Guyan,full-grid,911,13,39,62,1.0036181444786676,1.0006394480868419,-0.077266259513865232,0,0,1,UNSTABLE,1.1936148889572591e-16,6.3347462913760414e-17,1
B2_D2_Guyan,B2,2,Guyan,full-grid,912,13,40,63,1.0035689979580722,1.0005889388440774,-0.077282010361095319,0,0,1,UNSTABLE,2.3819774150215936e-16,6.3347462913760414e-17,1
B2_D2_Guyan,B2,2,Guyan,full-grid,913,13,41,64,1.0035216531383424,1.0005399138425566,-0.077301934810462894,0,0,1,UNSTABLE,2.6524385738138169e-16,6.3347462913760414e-17,1
B2_D2_Guyan,B2,2,Guyan,full-grid,914,13,42,65,1.0034764722778928,1.0004927461155875,-0.077325903715220329,0,0,1,UNSTABLE,1.7078820966435454e-16,6.3347462913760414e-17,1
B2_D2_Guyan,B2,2,Guyan,full-grid,915,13,43,66,1.00343380525897,1.0004477992030836,-0.077353749787603912,0,0,1,UNSTABLE,1.5610337444301403e-16,6.3347462913760414e-17,1
B2_D2_Guyan,B2,2,Guyan,full-grid,916,13,44,67,1.0033939848970681,1.0004054224404619,-0.077385267844329711,0,0,1,UNSTABLE,2.3728944222985671e-16,6.3347462913760414e-17,1
B2_D2_Guyan,B2,2,Guyan,full-grid,917,13,45,68,1.0033573221537715,1.0003659460965304,-0.077420215770692302,0,0,1,UNSTABLE,1.6915367901100033e-16,6.3347462913760414e-17,1
B2_D2_Guyan,B2,2,Guyan,full-grid,918,13,46,69,1.0033241013913075,1.0003296764934559,-0.077458316268637958,0,0,1,UNSTABLE,1.3948236651684304e-16,6.3347462913760414e-17,1
B2_D2_Guyan,B2,2,Guyan,full-grid,919,13,47,70,1.003294575827248,1.0002968912642589,-0.077499259425084996,0,0,1,UNSTABLE,1.1608730138416399e-16,6.3347462913760414e-17,1
B2_D2_Guyan,B2,2,Guyan,full-grid,920,13,48,71,1.0032689633598644,1.0002678349181611,-0.077542706100003245,0,0,1,UNSTABLE,2.9845366911934791e-16,6.3347462913760414e-17,1
B2_D2_Guyan,B2,2,Guyan,full-grid,921,13,49,72,1.0032474429364346,1.0002427148891222,-0.077588292091865893,0,0,1,UNSTABLE,1.3851009394127872e-16,6.3347462913760414e-17,1
B2_D2_Guyan,B2,2,Guyan,full-grid,922,13,50,73,1.0032301516261657,1.0002216982356991,-0.077635632993835538,0,0,1,UNSTABLE,4.429897848836704e-16,6.3347462913760414e-17,1
B2_D2_Guyan,B2,2,Guyan,full-grid,923,13,51,74,1.0032171825361236,1.0002049091404479,-0.077684329610713518,0,0,1,UNSTABLE,1.9357125756286753e-16,6.3347462913760414e-17,1
B2_D2_Guyan,B2,2,Guyan,full-grid,924,13,52,75,1.0032085836733569,1.0001924273247282,-0.077733973770615972,0,0,1,UNSTABLE,1.221376676480544e-16,6.3347462913760414e-17,1
B2_D2_Guyan,B2,2,Guyan,full-grid,925,13,53,76,1.0032043578116405,1.0001842874521927,-0.077784154337600997,0,0,1,UNSTABLE,2.1129915166716371e-16,6.3347462913760414e-17,1
B2_D2_Guyan,B2,2,Guyan,full-grid,926,13,54,77,1.0032044633708195,1.0001804795449609,-0.077834463217432273,0,0,1,UNSTABLE,1.903620011198229e-16,6.3347462913760414e-17,1
B2_D2_Guyan,B2,2,Guyan,full-grid,927,13,55,78,1.0032088162650235,1.0001809503848098,-0.077884501148869661,0,0,1,UNSTABLE,2.3918781934656713e-16,6.3347462913760414e-17,1
B2_D2_Guyan,B2,2,Guyan,full-grid,928,13,56,79,1.0032172926277028,1.0001856058223115,-0.07793388308761072,0,0,1,UNSTABLE,4.6413158283066192e-16,6.3347462913760414e-17,1
B2_D2_Guyan,B2,2,Guyan,full-grid,929,13,57,80,1.0032297322810004,1.0001943138743263,-0.077982243017711936,0,0,1,UNSTABLE,1.7071043158739922e-16,6.3347462913760414e-17,1
B2_D2_Guyan,B2,2,Guyan,full-grid,930,13,58,81,1.0032459427876568,1.000206908458078,-0.078029238062587422,0,0,1,UNSTABLE,5.3522729875151404e-16,6.3347462913760414e-17,1
B2_D2_Guyan,B2,2,Guyan,full-grid,931,13,59,82,1.00326570390714,1.0002231935901915,-0.078074551811249518,0,0,1,UNSTABLE,1.9795418257542982e-16,6.3347462913760414e-17,1
B2_D2_Guyan,B2,2,Guyan,full-grid,932,13,60,83,1.0032887722741537,1.0002429478720281,-0.078117896820473348,0,0,1,UNSTABLE,3.3612118921960052e-16,6.3347462913760414e-17,1
B2_D2_Guyan,B2,2,Guyan,full-grid,933,13,61,84,1.0033148861266885,1.0002659290883948,-0.078159016295884523,0,0,1,UNSTABLE,3.518673158037279e-16,6.3347462913760414e-17,1
B2_D2_Guyan,B2,2,Guyan,full-grid,934,13,62,85,1.0033437699288255,1.0002918787617623,-0.078197684992916586,0,0,1,UNSTABLE,3.1900970849201175e-16,6.3347462913760414e-17,1
B2_D2_Guyan,B2,2,Guyan,full-grid,935,13,63,86,1.003375138759085,1.0003205265274746,-0.078233709407191154,0,0,1,UNSTABLE,4.0168653085196456e-16,6.3347462913760414e-17,1
B2_D2_Guyan,B2,2,Guyan,full-grid,936,13,64,87,1.0034087023639315,1.0003515942225252,-0.078266927345599008,0,0,1,UNSTABLE,1.8341467946704247e-16,6.3347462913760414e-17,1
B2_D2_Guyan,B2,2,Guyan,full-grid,937,13,65,88,1.0034441688062876,1.0003847996098054,-0.07829720698078009,0,0,1,UNSTABLE,3.9528413823259716e-16,6.3347462913760414e-17,1
B2_D2_Guyan,B2,2,Guyan,full-grid,938,13,66,89,1.0034812476672408,1.0004198596876683,-0.078324445496333439,0,0,1,UNSTABLE,1.2241254298982041e-16,6.3347462913760414e-17,1
B2_D2_Guyan,B2,2,Guyan,full-grid,939,14,0,24,1.0048644594727933,1.0018607463709817,-0.077637792295560976,0,0,1,UNSTABLE,1.8180376511234509e-16,3.0504639614637829e-17,1
B2_D2_Guyan,B2,2,Guyan,full-grid,940,14,1,25,1.0049060717224001,1.0019042521205641,-0.077614963552645216,0,0,1,UNSTABLE,1.9223038987957668e-16,6.3347462913760414e-17,1
B2_D2_Guyan,B2,2,Guyan,full-grid,941,14,2,26,1.0049455554484716,1.0019458528038796,-0.077589158164938193,0,0,1,UNSTABLE,2.5598062126510664e-16,6.3347462913760414e-17,1
B2_D2_Guyan,B2,2,Guyan,full-grid,942,14,3,27,1.0049827304573735,1.0019853562452377,-0.07756052080577025,0,0,1,UNSTABLE,1.3044466795573816e-16,6.3347462913760414e-17,1
B2_D2_Guyan,B2,2,Guyan,full-grid,943,14,4,28,1.005017426716901,1.0020225795930493,-0.077529207337317912,0,0,1,UNSTABLE,1.2239685089228057e-16,6.3347462913760414e-17,1
B2_D2_Guyan,B2,2,Guyan,full-grid,944,14,5,29,1.0050494848478226,1.0020573498474503,-0.077495384440482942,0,0,1,UNSTABLE,1.1698492011157381e-16,6.3347462913760414e-17,1
B2_D2_Guyan,B2,2,Guyan,full-grid,945,14,6,30,1.0050787566391559,1.0020895044128819,-0.077459229229679821,0,0,1,UNSTABLE,2.5619153901844581e-16,6.3347462913760414e-17,1
B2_D2_Guyan,B2,2,Guyan,full-grid,946,14,7,31,1.0051051055857594,1.0021188916748716,-0.077420928842837064,0,0,1,UNSTABLE,1.2179026268657776e-16,6.3347462913760414e-17,1
B2_D2_Guyan,B2,2,Guyan,full-grid,947,14,8,32,1.0051284074450217,1.0021453715983717,-0.077380679997833254,0,0,1,UNSTABLE,6.7875791759357428e-17,6.3347462913760414e-17,1
B2_D2_Guyan,B2,2,Guyan,full-grid,948,14,9,33,1.0051485508079199,1.002168816343485,-0.07733868850685148,0,0,1,UNSTABLE,3.760224652376614e-16,6.3347462913760414e-17,1
B2_D2_Guyan,B2,2,Guyan,full-grid,949,14,10,34,1.0051654376784758,1.0021891108930094,-0.077295168741914569,0,0,1,UNSTABLE,1.5643357649497287e-16,6.3347462913760414e-17,1
B2_D2_Guyan,B2,2,Guyan,full-grid,950,14,11,35,1.005178984054605,1.0022061536851543,-0.077250343045560263,0,0,1,UNSTABLE,1.400701015076034e-16,6.3347462913760414e-17,1
B2_D2_Guyan,B2,2,Guyan,full-grid,951,14,12,36,1.005189120502856,1.0022198572441428,-0.077204441082330919,0,0,1,UNSTABLE,2.6858654013484914e-16,6.3347462913760414e-17,1
B2_D2_Guyan,B2,2,Guyan,full-grid,952,14,13,37,1.0051957927190935,1.0022301488008794,-0.077157699128046139,0,0,1,UNSTABLE,1.1946540335281015e-16,6.3347462913760414e-17,1
B2_D2_Guyan,B2,2,Guyan,full-grid,953,14,14,38,1.0051989620672372,1.0022369708958108,-0.077110359295238046,0,0,1,UNSTABLE,4.6453530339866059e-16,6.3347462913760414e-17,1
B2_D2_Guyan,B2,2,Guyan,full-grid,954,14,15,39,1.0051986060884408,1.0022402819563117,-0.077062668694234143,0,0,1,UNSTABLE,2.3317257898570294e-16,6.3347462913760414e-17,1
B2_D2_Guyan,B2,2,Guyan,full-grid,955,14,16,40,1.005194718973577,1.0022400568413121,-0.077014878530658623,0,0,1,UNSTABLE,2.6229206361857271e-16,6.3347462913760414e-17,1
B2_D2_Guyan,B2,2,Guyan,full-grid,956,14,17,41,1.0051873119924755,1.0022362873464297,-0.07696724314085153,0,0,1,UNSTABLE,4.416215429389923e-16,6.3347462913760414e-17,1
B2_D2_Guyan,B2,2,Guyan,full-grid,957,14,18,42,1.0051764138741905,1.0022289826636817,-0.076920018967105444,0,0,1,UNSTABLE,3.1077414252915281e-16,6.3347462913760414e-17,1
B2_D2_Guyan,B2,2,Guyan,full-grid,958,14,19,43,1.0051620711332767,1.002218169790511,-0.076873463475355008,0,0,1,UNSTABLE,2.1765019969601475e-16,6.3347462913760414e-17,1
B2_D2_Guyan,B2,2,Guyan,full-grid,959,14,20,44,1.0051443483376692,1.0022038938835531,-0.076827834017375654,0,0,1,UNSTABLE,3.4298431373909051e-16,6.3347462913760414e-17,1
B2_D2_Guyan,B2,2,Guyan,full-grid,960,14,21,45,1.0051233283143937,1.002186218553184,-0.076783386639779391,0,0,1,UNSTABLE,2.9665419865698682e-16,6.3347462913760414e-17,1
B2_D2_Guyan,B2,2,Guyan,full-grid,961,14,22,46,1.0050991122893973,1.0021652260950711,-0.076740374841081732,0,0,1,UNSTABLE,5.9360885233052764e-16,6.3347462913760414e-17,1
B2_D2_Guyan,B2,2,Guyan,full-grid,962,14,23,47,1.0050718199579369,1.0021410176551138,-0.076699048277879739,0,0,1,UNSTABLE,7.1980436318394397e-17,6.3347462913760414e-17,1
B2_D2_Guyan,B2,2,Guyan,full-grid,963,14,24,48,1.0050415894813451,1.0021137133236664,-0.07665965142003317,0,0,1,UNSTABLE,2.3925102445343551e-16,6.3347462913760414e-17,1
B2_D2_Guyan,B2,2,Guyan,full-grid,964,14,25,49,1.0050085774052435,1.0020834521542343,-0.076622422154116909,0,0,1,UNSTABLE,2.9128521764761197e-16,6.3347462913760414e-17,1
B2_D2_Guyan,B2,2,Guyan,full-grid,965,14,26,50,1.0049729584928719,1.0020503921005153,-0.076587590333676847,0,0,1,UNSTABLE,2.1630139689410523e-16,6.3347462913760414e-17,1
B2_D2_Guyan,B2,2,Guyan,full-grid,966,14,27,51,1.0049349254654414,1.0020147098639316,-0.076555376274519471,0,0,1,UNSTABLE,2.235239014096132e-16,6.3347462913760414e-17,1
B2_D2_Guyan,B2,2,Guyan,full-grid,967,14,28,52,1.0048946886393806,1.0019766006417761,-0.076525989193138785,0,0,1,UNSTABLE,2.6480680092581573e-16,6.3347462913760414e-17,1
B2_D2_Guyan,B2,2,Guyan,full-grid,968,14,29,53,1.0048524754475008,1.0019362777632081,-0.076499625587172437,0,0,1,UNSTABLE,2.388549275392498e-16,6.3347462913760414e-17,1
B2_D2_Guyan,B2,2,Guyan,full-grid,969,14,30,54,1.0048085298287623,1.0018939721979037,-0.076476467557967873,0,0,1,UNSTABLE,1.8175770123261182e-16,6.3347462913760414e-17,1
B2_D2_Guyan,B2,2,Guyan,full-grid,970,14,31,55,1.0047631114681208,1.0018499319187928,-0.076456681077651634,0,0,1,UNSTABLE,9.7363935837177847e-17,6.3347462913760414e-17,1
B2_D2_Guyan,B2,2,Guyan,full-grid,971,14,32,56,1.0047164948655656,1.0018044210976984,-0.076440414206450091,0,0,1,UNSTABLE,2.6675439332218007e-16,6.3347462913760414e-17,1
B2_D2_Guyan,B2,2,Guyan,full-grid,972,14,33,57,1.0046689682109737,1.0017577191098834,-0.076427795270217397,0,0,1,UNSTABLE,2.4517409308308033e-16,6.3347462913760414e-17,1
B2_D2_Guyan,B2,2,Guyan,full-grid,973,14,34,58,1.0046208320401331,1.0017101193217721,-0.076418931014311242,0,0,1,UNSTABLE,1.51892164876034e-16,6.3347462913760414e-17,1
B2_D2_Guyan,B2,2,Guyan,full-grid,974,14,35,59,1.0045723976467638,1.0016619276351078,-0.076413904756188422,0,0,1,UNSTABLE,2.448875982798152e-16,6.3347462913760414e-17,1
B2_D2_Guyan,B2,2,Guyan,full-grid,975,14,36,60,1.0045239852267225,1.0016134607615208,-0.076412774567516051,0,0,1,UNSTABLE,3.6245408155408508e-16,6.3347462913760414e-17,1
B2_D2_Guyan,B2,2,Guyan,full-grid,976,14,37,61,1.00447592173378,1.0015650442040083,-0.076415571525376036,0,0,1,UNSTABLE,1.8472591728459568e-16,6.3347462913760414e-17,1
B2_D2_Guyan,B2,2,Guyan,full-grid,977,14,38,62,1.004428538431904,1.0015170099266717,-0.076422298081058798,0,0,1,UNSTABLE,1.5727757112136002e-16,6.3347462913760414e-17,1
B2_D2_Guyan,B2,2,Guyan,full-grid,978,14,39,63,1.0043821681376832,1.00146969370204,-0.076432926604281484,0,0,1,UNSTABLE,1.736641287526265e-16,6.3347462913760414e-17,1
B2_D2_Guyan,B2,2,Guyan,full-grid,979,14,40,64,1.0043371421576508,1.0014234321357784,-0.076447398168904904,0,0,1,UNSTABLE,3.7116316659278829e-16,6.3347462913760414e-17,1
B2_D2_Guyan,B2,2,Guyan,full-grid,980,14,41,65,1.0042937869396655,1.001378559382514,-0.076465621651925969,0,0,1,UNSTABLE,1.0278603037105611e-16,6.3347462913760414e-17,1
B2_D2_Guyan,B2,2,Guyan,full-grid,981,14,42,66,1.0042524204746166,1.0013354035832853,-0.07648747322160053,0,0,1,UNSTABLE,1.1991016695187295e-16,6.3347462913760414e-17,1
B2_D2_Guyan,B2,2,Guyan,full-grid,982,14,43,67,1.0042133485034297,1.0012942830739084,-0.076512796289108842,0,0,1,UNSTABLE,2.8541907423216399e-16,6.3347462913760414e-17,1
B2_D2_Guyan,B2,2,Guyan,full-grid,983,14,44,68,1.0041768606042452,1.0012555024337786,-0.07654140199316635,0,0,1,UNSTABLE,3.583575112908788e-16,6.3347462913760414e-17,1
B2_D2_Guyan,B2,2,Guyan,full-grid,984,14,45,69,1.0041432262537393,1.001219348464629,-0.076573070274947516,0,0,1,UNSTABLE,2.9173913521288836e-16,6.3347462913760414e-17,1
B2_D2_Guyan,B2,2,Guyan,full-grid,985,14,46,70,1.004112690973457,1.0011860862069089,-0.076607551583700348,0,0,1,UNSTABLE,2.6258446575289566e-16,6.3347462913760414e-17,1
B2_D2_Guyan,B2,2,Guyan,full-grid,986,14,47,71,1.004085472684503,1.0011559551156952,-0.076644569229932596,0,0,1,UNSTABLE,2.3451949792573902e-16,6.3347462913760414e-17,1
B2_D2_Guyan,B2,2,Guyan,full-grid,987,14,48,72,1.0040617584002107,1.0011291655264412,-0.076683822375089347,0,0,1,UNSTABLE,1.1054175281298292e-16,6.3347462913760414e-17,1
B2_D2_Guyan,B2,2,Guyan,full-grid,988,14,49,73,1.0040417013850638,1.0011058955418974,-0.076724989615309366,0,0,1,UNSTABLE,8.5985858146331402e-17,6.3347462913760414e-17,1
B2_D2_Guyan,B2,2,Guyan,full-grid,989,14,50,74,1.0040254188979911,1.0010862884638179,-0.076767733085094991,0,0,1,UNSTABLE,2.9429353533191367e-16,6.3347462913760414e-17,1
B2_D2_Guyan,B2,2,Guyan,full-grid,990,14,51,75,1.0040129906191264,1.0010704508764097,-0.07681170297593827,0,0,1,UNSTABLE,1.0632040715863341e-16,6.3347462913760414e-17,1
B2_D2_Guyan,B2,2,Guyan,full-grid,991,14,52,76,1.0040044578320921,1.0010584514633742,-0.076856542340026715,0,0,1,UNSTABLE,6.1602548505539243e-16,6.3347462913760414e-17,1
B2_D2_Guyan,B2,2,Guyan,full-grid,992,14,53,77,1.0039998234006715,1.0010503206086838,-0.076901892030239477,0,0,1,UNSTABLE,2.0166493774791749e-16,6.3347462913760414e-17,1
B2_D2_Guyan,B2,2,Guyan,full-grid,993,14,54,78,1.0039990525416147,1.0010460507948249,-0.07694739561898474,0,0,1,UNSTABLE,3.570152486396285e-16,6.3347462913760414e-17,1
B2_D2_Guyan,B2,2,Guyan,full-grid,994,14,55,79,1.0040020743579983,1.0010455977749069,-0.076992704139045673,0,0,1,UNSTABLE,1.7926653958149185e-16,6.3347462913760414e-17,1
B2_D2_Guyan,B2,2,Guyan,full-grid,995,14,56,80,1.0040087840624192,1.0010488824590618,-0.077037480501125438,0,0,1,UNSTABLE,2.139579588411412e-16,6.3347462913760414e-17,1
B2_D2_Guyan,B2,2,Guyan,full-grid,996,14,57,81,1.0040190457901228,1.0010557934248832,-0.077081403462742989,0,0,1,UNSTABLE,4.9706537853039794e-16,6.3347462913760414e-17,1
B2_D2_Guyan,B2,2,Guyan,full-grid,997,14,58,82,1.0040326958802543,1.0010661899376991,-0.077124171050260606,0,0,1,UNSTABLE,2.5302398036861127e-16,6.3347462913760414e-17,1
B2_D2_Guyan,B2,2,Guyan,full-grid,998,14,59,83,1.0040495464908168,1.0010799053514581,-0.077165503367311969,0,0,1,UNSTABLE,1.3781179094172882e-16,6.3347462913760414e-17,1
B2_D2_Guyan,B2,2,Guyan,full-grid,999,14,60,84,1.0040693894093788,1.0010967507549924,-0.077205144755512545,0,0,1,UNSTABLE,1.4642503754416465e-16,6.3347462913760414e-17,1
B2_D2_Guyan,B2,2,Guyan,full-grid,1000,14,61,85,1.0040919999267424,1.0011165187311113,-0.077242865305382269,0,0,1,UNSTABLE,3.007551140629336e-16,6.3347462913760414e-17,1
B2_D2_Guyan,B2,2,Guyan,full-grid,1001,14,62,86,1.0041171406529932,1.0011389871061009,-0.077278461742667795,0,0,1,UNSTABLE,2.1717762663032911e-16,6.3347462913760414e-17,1
B2_D2_Guyan,B2,2,Guyan,full-grid,1002,14,63,87,1.0041445651729046,1.0011639225829123,-0.077311757738898659,0,0,1,UNSTABLE,3.0262395868900306e-16,6.3347462913760414e-17,1
B2_D2_Guyan,B2,2,Guyan,full-grid,1003,14,64,88,1.0041740214584587,1.0011910841708371,-0.077342603711516161,0,0,1,UNSTABLE,2.4186115799466764e-16,6.3347462913760414e-17,1
B2_D2_Guyan,B2,2,Guyan,full-grid,1004,14,65,89,1.0042052549780693,1.0012202263454513,-0.077370876189511759,0,0,1,UNSTABLE,9.4832660768278717e-17,6.3347462913760414e-17,1
B2_D2_Guyan,B2,2,Guyan,full-grid,1005,14,66,90,1.0042380114635236,1.0012511018936174,-0.077396476825686164,0,0,1,UNSTABLE,6.259497295135781e-16,6.3347462913760414e-17,1
B2_D2_Guyan,B2,2,Guyan,full-grid,1006,15,0,25,1.0055248052554919,1.0025952572644916,-0.076699961504833991,0,0,1,UNSTABLE,1.8899774882903657e-16,3.0504639614637829e-17,1
B2_D2_Guyan,B2,2,Guyan,full-grid,1007,15,1,26,1.0055633357776899,1.002635645454601,-0.07667714603577018,0,0,1,UNSTABLE,1.5046598906785786e-16,6.3347462913760414e-17,1
B2_D2_Guyan,B2,2,Guyan,full-grid,1008,15,2,27,1.0055997854905252,1.0026741526250289,-0.076651629051641315,0,0,1,UNSTABLE,1.380593987802716e-16,6.3347462913760414e-17,1
B2_D2_Guyan,B2,2,Guyan,full-grid,1009,15,3,28,1.005633995758384,1.002710608719714,-0.076623551117878802,0,0,1,UNSTABLE,2.0061911586838208e-16,6.3347462913760414e-17,1
B2_D2_Guyan,B2,2,Guyan,full-grid,1010,15,4,29,1.0056658174984985,1.0027448525276221,-0.076593062442238194,0,0,1,UNSTABLE,1.275582846198349e-16,6.3347462913760414e-17,1
B2_D2_Guyan,B2,2,Guyan,full-grid,1011,15,5,30,1.0056951115973718,1.0027767321307375,-0.076560322544054385,0,0,1,UNSTABLE,2.5560614601305358e-16,6.3347462913760414e-17,1
B2_D2_Guyan,B2,2,Guyan,full-grid,1012,15,6,31,1.0057217493515183,1.0028061053774926,-0.076525499908877054,0,0,1,UNSTABLE,4.3194428527640152e-16,6.3347462913760414e-17,1
B2_D2_Guyan,B2,2,Guyan,full-grid,1013,15,7,32,1.0057456129307343,1.0028328403804765,-0.076488771619393936,0,0,1,UNSTABLE,9.4726294781032602e-17,6.3347462913760414e-17,1
B2_D2_Guyan,B2,2,Guyan,full-grid,1014,15,8,33,1.0057665958603856,1.0028568160354201,-0.076450322954764074,0,0,1,UNSTABLE,2.0731328544126989e-16,6.3347462913760414e-17,1
B2_D2_Guyan,B2,2,Guyan,full-grid,1015,15,9,34,1.0057846035181017,1.0028779225573448,-0.076410346950720034,0,0,1,UNSTABLE,2.9828372122756027e-16,6.3347462913760414e-17,1
B2_D2_Guyan,B2,2,Guyan,full-grid,1016,15,10,35,1.0057995536390569,1.0028960620284471,-0.07636904391413793,0,0,1,UNSTABLE,1.6907591436352902e-16,6.3347462913760414e-17,1
B2_D2_Guyan,B2,2,Guyan,full-grid,1017,15,11,36,1.0058113768232975,1.0029111489514846,-0.076326620886756041,0,0,1,UNSTABLE,9.9468063163261032e-17,6.3347462913760414e-17,1
B2_D2_Guyan,B2,2,Guyan,full-grid,1018,15,12,37,1.0058200170379223,1.002923110801681,-0.076283291054104946,0,0,1,UNSTABLE,8.5274128641611275e-17,6.3347462913760414e-17,1
B2_D2_Guyan,B2,2,Guyan,full-grid,1019,15,13,38,1.0058254321068738,1.0029318885700285,-0.076239273096845417,0,0,1,UNSTABLE,2.7454815249654857e-16,6.3347462913760414e-17,1
B2_D2_Guyan,B2,2,Guyan,full-grid,1020,15,14,39,1.0058275941807671,1.0029374372904609,-0.076194790482765978,0,0,1,UNSTABLE,1.8679337929459277e-16,6.3347462913760414e-17,1
B2_D2_Guyan,B2,2,Guyan,full-grid,1021,15,15,40,1.0058264901796665,1.002939726543747,-0.07615007069925038,0,0,1,UNSTABLE,1.8903988968047688e-16,6.3347462913760414e-17,1
B2_D2_Guyan,B2,2,Guyan,full-grid,1022,15,16,41,1.0058221222018318,1.0029387409310466,-0.076105344426286026,0,0,1,UNSTABLE,2.5350529803188238e-16,6.3347462913760414e-17,1
B2_D2_Guyan,B2,2,Guyan,full-grid,1023,15,17,42,1.005814507892189,1.0029344805107145,-0.076060844651563611,0,0,1,UNSTABLE,2.1985219809761934e-16,6.3347462913760414e-17,1
B2_D2_Guyan,B2,2,Guyan,full-grid,1024,15,18,43,1.00580368076465,1.0029269611923106,-0.076016805729231293,0,0,1,UNSTABLE,3.8051565987734304e-16,6.3347462913760414e-17,1
B2_D2_Guyan,B2,2,Guyan,full-grid,1025,15,19,44,1.0057896904730281,1.0029162150823581,-0.075973462384618121,0,0,1,UNSTABLE,2.3777992372378058e-16,6.3347462913760414e-17,1
B2_D2_Guyan,B2,2,Guyan,full-grid,1026,15,20,45,1.005772603025934,1.0029022907770759,-0.075931048666908627,0,0,1,UNSTABLE,2.4489481230265253e-16,6.3347462913760414e-17,1
B2_D2_Guyan,B2,2,Guyan,full-grid,1027,15,21,46,1.0057525009411528,1.0028852535973996,-0.075889796852167304,0,0,1,UNSTABLE,4.4443125547442112e-16,6.3347462913760414e-17,1
B2_D2_Guyan,B2,2,Guyan,full-grid,1028,15,22,47,1.0057294833354362,1.0028651857621247,-0.075849936298341969,0,0,1,UNSTABLE,3.5815851473453643e-16,6.3347462913760414e-17,1
B2_D2_Guyan,B2,2,Guyan,full-grid,1029,15,23,48,1.0057036659454803,1.0028421864948502,-0.075811692253938787,0,0,1,UNSTABLE,3.0253689629104246e-16,6.3347462913760414e-17,1
B2_D2_Guyan,B2,2,Guyan,full-grid,1030,15,24,49,1.0056751810753728,1.0028163720599919,-0.075775284621174444,0,0,1,UNSTABLE,3.4934953506012114e-16,6.3347462913760414e-17,1
B2_D2_Guyan,B2,2,Guyan,full-grid,1031,15,25,50,1.0056441774654308,1.0027878757227842,-0.075740926674479486,0,0,1,UNSTABLE,2.2301082726435107e-16,6.3347462913760414e-17,1
B2_D2_Guyan,B2,2,Guyan,full-grid,1032,15,26,51,1.0056108200760066,1.0027568476269095,-0.075708823734630351,0,0,1,UNSTABLE,2.2711819098764676e-16,6.3347462913760414e-17,1
B2_D2_Guyan,B2,2,Guyan,full-grid,1033,15,27,52,1.0055752897788157,1.0027234545823656,-0.075679171798826037,0,0,1,UNSTABLE,2.1621364972195594e-16,6.3347462913760414e-17,1
B2_D2_Guyan,B2,2,Guyan,full-grid,1034,15,28,53,1.0055377829464973,1.0026878797543239,-0.075652156127471185,0,0,1,UNSTABLE,1.6901985794722988e-16,6.3347462913760414e-17,1
B2_D2_Guyan,B2,2,Guyan,full-grid,1035,15,29,54,1.0054985109295886,1.0026503222421499,-0.075627949789300541,0,0,1,UNSTABLE,1.7769009321951556e-16,6.3347462913760414e-17,1
B2_D2_Guyan,B2,2,Guyan,full-grid,1036,15,30,55,1.0054576994080073,1.0026109965355747,-0.075606712167535312,0,0,1,UNSTABLE,1.6920190940277211e-16,6.3347462913760414e-17,1
B2_D2_Guyan,B2,2,Guyan,full-grid,1037,15,31,56,1.0054155876023294,1.002570131833032,-0.075588587432455112,0,0,1,UNSTABLE,3.1987491871892372e-16,6.3347462913760414e-17,1
B2_D2_Guyan,B2,2,Guyan,full-grid,1038,15,32,57,1.0053724273287516,1.0025279712055644,-0.07557370298828249,0,0,1,UNSTABLE,1.8313131144356402e-16,6.3347462913760414e-17,1
B2_D2_Guyan,B2,2,Guyan,full-grid,1039,15,33,58,1.0053284818801103,1.0024847705879019,-0.075562167906227704,0,0,1,UNSTABLE,1.1861762675844289e-16,6.3347462913760414e-17,1
B2_D2_Guyan,B2,2,Guyan,full-grid,1040,15,34,59,1.0052840247153245,1.0024407975779654,-0.075554071360143943,0,0,1,UNSTABLE,2.5616837253677963e-16,6.3347462913760414e-17,1
B2_D2_Guyan,B2,2,Guyan,full-grid,1041,15,35,60,1.0052393379397804,1.0023963300257623,-0.075549481086842785,0,0,1,UNSTABLE,3.5192108133002068e-16,6.3347462913760414e-17,1
B2_D2_Guyan,B2,2,Guyan,full-grid,1042,15,36,61,1.005194710561452,1.0023516543944806,-0.075548441899016078,0,0,1,UNSTABLE,2.2130949681419727e-16,6.3347462913760414e-17,1
B2_D2_Guyan,B2,2,Guyan,full-grid,1043,15,37,62,1.0051504365106876,1.0023070638792086,-0.075550974285351985,0,0,1,UNSTABLE,8.3893137452783762e-17,6.3347462913760414e-17,1
B2_D2_Guyan,B2,2,Guyan,full-grid,1044,15,38,63,1.0051068124172156,1.0022628562738172,-0.075557073139088896,0,0,1,UNSTABLE,1.8046067581597805e-16,6.3347462913760414e-17,1
B2_D2_Guyan,B2,2,Guyan,full-grid,1045,15,39,64,1.0050641351451091,1.0022193315832602,-0.075566706662323263,0,0,1,UNSTABLE,1.922350046014041e-16,6.3347462913760414e-17,1
B2_D2_Guyan,B2,2,Guyan,full-grid,1046,15,40,65,1.0050226990960991,1.0021767893877869,-0.075579815498557759,0,0,1,UNSTABLE,8.9101671117920356e-17,6.3347462913760414e-17,1
B2_D2_Guyan,B2,2,Guyan,full-grid,1047,15,41,66,1.004982793302889,1.0021355259765476,-0.075596312149375774,0,0,1,UNSTABLE,1.9352029386002244e-16,6.3347462913760414e-17,1
B2_D2_Guyan,B2,2,Guyan,full-grid,1048,15,42,67,1.0049446983474579,1.0020958312812935,-0.075616080732320179,0,0,1,UNSTABLE,1.4114334649358782e-16,6.3347462913760414e-17,1
B2_D2_Guyan,B2,2,Guyan,full-grid,1049,15,43,68,1.0049086831533329,1.0020579856550231,-0.075638977134564966,0,0,1,UNSTABLE,8.1294249847268625e-17,6.3347462913760414e-17,1
B2_D2_Guyan,B2,2,Guyan,full-grid,1050,15,44,69,1.0048750017151411,1.0020222565551617,-0.075664829611298223,0,0,1,UNSTABLE,2.3411236542963538e-16,6.3347462913760414e-17,1
B2_D2_Guyan,B2,2,Guyan,full-grid,1051,15,45,70,1.004843889842413,1.0019888952052525,-0.075693439867592457,0,0,1,UNSTABLE,1.8521787741202295e-16,6.3347462913760414e-17,1
B2_D2_Guyan,B2,2,Guyan,full-grid,1052,15,46,71,1.0048155620056365,1.0019581333212522,-0.075724584647885756,0,0,1,UNSTABLE,2.5802235910992333e-16,6.3347462913760414e-17,1
B2_D2_Guyan,B2,2,Guyan,full-grid,1053,15,47,72,1.004790208380639,1.0019301799978959,-0.0757580178396451,0,0,1,UNSTABLE,2.3410142831032008e-16,6.3347462913760414e-17,1
B2_D2_Guyan,B2,2,Guyan,full-grid,1054,15,48,73,1.0047679921902428,1.0019052188551449,-0.075793473075429579,0,0,1,UNSTABLE,9.6187108786345971e-17,6.3347462913760414e-17,1
B2_D2_Guyan,B2,2,Guyan,full-grid,1055,15,49,74,1.0047490474397465,1.0018834055439998,-0.075830666795401291,0,0,1,UNSTABLE,1.4698209182664178e-16,6.3347462913760414e-17,1
B2_D2_Guyan,B2,2,Guyan,full-grid,1056,15,50,75,1.0047334771337544,1.0018648657037614,-0.075869301708061901,0,0,1,UNSTABLE,1.4105728725318765e-16,6.3347462913760414e-17,1
B2_D2_Guyan,B2,2,Guyan,full-grid,1057,15,51,76,1.0047213520470539,1.0018496934496119,-0.075909070565897241,0,0,1,UNSTABLE,2.8532736856490895e-16,6.3347462913760414e-17,1
B2_D2_Guyan,B2,2,Guyan,full-grid,1058,15,52,77,1.0047127101013511,1.0018379504499209,-0.075949660153967855,0,0,1,UNSTABLE,3.7517680361248083e-16,6.3347462913760414e-17,1
B2_D2_Guyan,B2,2,Guyan,full-grid,1059,15,53,78,1.0047075563751391,1.0018296656290981,-0.075990755377167693,0,0,1,UNSTABLE,1.4959476955327742e-16,6.3347462913760414e-17,1
B2_D2_Guyan,B2,2,Guyan,full-grid,1060,15,54,79,1.0047058637464545,1.001824835504854,-0.07603204332504368,0,0,1,UNSTABLE,2.577366812202052e-16,6.3347462913760414e-17,1
B2_D2_Guyan,B2,2,Guyan,full-grid,1061,15,55,80,1.0047075741407683,1.001823425141108,-0.076073217194792112,0,0,1,UNSTABLE,2.6626283677412781e-16,6.3347462913760414e-17,1
B2_D2_Guyan,B2,2,Guyan,full-grid,1062,15,56,81,1.0047126003304399,1.0018253696714545,-0.076113979960370157,0,0,1,UNSTABLE,2.9345137585143583e-16,6.3347462913760414e-17,1
B2_D2_Guyan,B2,2,Guyan,full-grid,1063,15,57,82,1.0047208282103752,1.0018305763251369,-0.076154047691413054,0,0,1,UNSTABLE,1.7296808048992303e-16,6.3347462913760414e-17,1
B2_D2_Guyan,B2,2,Guyan,full-grid,1064,15,58,83,1.0047321194579169,1.0018389268695067,-0.076193152443990358,0,0,1,UNSTABLE,2.3002319931591358e-16,6.3347462913760414e-17,1
B2_D2_Guyan,B2,2,Guyan,full-grid,1065,15,59,84,1.0047463144746933,1.0018502803708276,-0.076231044669304374,0,0,1,UNSTABLE,1.6000077475927268e-16,6.3347462913760414e-17,1
B2_D2_Guyan,B2,2,Guyan,full-grid,1066,15,60,85,1.0047632355048763,1.0018644761702318,-0.076267495110136307,0,0,1,UNSTABLE,4.165498005643735e-16,6.3347462913760414e-17,1
B2_D2_Guyan,B2,2,Guyan,full-grid,1067,15,61,86,1.0047826898265904,1.001881336972142,-0.076302296178237639,0,0,1,UNSTABLE,3.197830860185506e-16,6.3347462913760414e-17,1
B2_D2_Guyan,B2,2,Guyan,full-grid,1068,15,62,87,1.0048044729214658,1.0019006719490573,-0.076335262827948974,0,0,1,UNSTABLE,2.3661537809575109e-16,6.3347462913760414e-17,1
B2_D2_Guyan,B2,2,Guyan,full-grid,1069,15,63,88,1.0048283715391955,1.0019222797771348,-0.076366232958684666,0,0,1,UNSTABLE,2.8790796297523579e-16,6.3347462913760414e-17,1
B2_D2_Guyan,B2,2,Guyan,full-grid,1070,15,64,89,1.0048541665890105,1.001945951530965,-0.07639506739315241,0,0,1,UNSTABLE,1.7303303868756084e-16,6.3347462913760414e-17,1
B2_D2_Guyan,B2,2,Guyan,full-grid,1071,15,65,90,1.0048816358058055,1.0019714733810539,-0.07642164948724689,0,0,1,UNSTABLE,1.6914722500087049e-16,6.3347462913760414e-17,1
B2_D2_Guyan,B2,2,Guyan,full-grid,1072,15,66,91,1.0049105561549503,1.0019986290534033,-0.076445884433052544,0,0,1,UNSTABLE,3.4917365518239962e-16,6.3347462913760414e-17,1
B2_D2_Guyan,B2,2,Guyan,full-grid,1073,16,0,26,1.0061046784874863,1.0032493607511999,-0.075745258773847024,0,0,1,UNSTABLE,2.0138999005665873e-16,3.0504639614637829e-17,1
B2_D2_Guyan,B2,2,Guyan,full-grid,1074,16,1,27,1.0061403901814661,1.0032868770648211,-0.075722698472989403,0,0,1,UNSTABLE,2.1392033338649045e-16,6.3347462913760414e-17,1
B2_D2_Guyan,B2,2,Guyan,full-grid,1075,16,2,28,1.0061740867728866,1.003322557024295,-0.075697684637530127,0,0,1,UNSTABLE,2.2697166198101814e-16,6.3347462913760414e-17,1
B2_D2_Guyan,B2,2,Guyan,full-grid,1076,16,3,29,1.0062056283860901,1.0033562499855102,-0.075670352258071644,0,0,1,UNSTABLE,1.1873028908122552e-16,6.3347462913760414e-17,1
B2_D2_Guyan,B2,2,Guyan,full-grid,1077,16,4,30,1.0062348840416269,1.0033878136003751,-0.075640844657665685,0,0,1,UNSTABLE,2.3171313563983482e-16,6.3347462913760414e-17,1
B2_D2_Guyan,B2,2,Guyan,full-grid,1078,16,5,31,1.0062617320133556,1.0034171142012989,-0.075609313199207329,0,0,1,UNSTABLE,1.3827135036241678e-16,6.3347462913760414e-17,1
B2_D2_Guyan,B2,2,Guyan,full-grid,1079,16,6,32,1.0062860602097108,1.0034440272109328,-0.075575916978137508,0,0,1,UNSTABLE,1.7842381706089283e-16,6.3347462913760414e-17,1
B2_D2_Guyan,B2,2,Guyan,full-grid,1080,16,7,33,1.0063077665770184,1.0034684375755925,-0.075540822492386528,0,0,1,UNSTABLE,1.8909547099721217e-16,6.3347462913760414e-17,1
B2_D2_Guyan,B2,2,Guyan,full-grid,1081,16,8,34,1.0063267595212788,1.0034902402192603,-0.075504203282263371,0,0,1,UNSTABLE,1.831914935207552e-16,6.3347462913760414e-17,1
B2_D2_Guyan,B2,2,Guyan,full-grid,1082,16,9,35,1.0063429583438601,1.0035093405140558,-0.075466239533430929,0,0,1,UNSTABLE,1.3639868401883021e-16,6.3347462913760414e-17,1
B2_D2_Guyan,B2,2,Guyan,full-grid,1083,16,10,36,1.0063562936855861,1.0035256547619948,-0.075427117637485594,0,0,1,UNSTABLE,2.5035366997112631e-16,6.3347462913760414e-17,1
B2_D2_Guyan,B2,2,Guyan,full-grid,1084,16,11,37,1.0063667079729908,1.0035391106820972,-0.075387029705249867,0,0,1,UNSTABLE,1.0403173222144512e-16,6.3347462913760414e-17,1
B2_D2_Guyan,B2,2,Guyan,full-grid,1085,16,12,38,1.0063741558601267,1.003549647896425,-0.075346173029186461,0,0,1,UNSTABLE,2.1298137739657285e-16,6.3347462913760414e-17,1
B2_D2_Guyan,B2,2,Guyan,full-grid,1086,16,13,39,1.0063786046590191,1.0035572184082451,-0.075304749492580841,0,0,1,UNSTABLE,2.3575300402385606e-16,6.3347462913760414e-17,1
B2_D2_Guyan,B2,2,Guyan,full-grid,1087,16,14,40,1.006380034751807,1.0035617870654212,-0.075262964923703615,0,0,1,UNSTABLE,2.1469607340559076e-16,6.3347462913760414e-17,1
B2_D2_Guyan,B2,2,Guyan,full-grid,1088,16,15,41,1.0063784399777791,1.0035633320021975,-0.075221028394695133,0,0,1,UNSTABLE,3.4949415531492109e-16,6.3347462913760414e-17,1
B2_D2_Guyan,B2,2,Guyan,full-grid,1089,16,16,42,1.0063738279887533,1.0035618450527433,-0.075179151465489077,0,0,1,UNSTABLE,2.8502725555519633e-16,6.3347462913760414e-17,1
B2_D2_Guyan,B2,2,Guyan,full-grid,1090,16,17,43,1.0063662205666755,1.0035573321302103,-0.075137547373794578,0,0,1,UNSTABLE,2.5160102240979178e-16,6.3347462913760414e-17,1
B2_D2_Guyan,B2,2,Guyan,full-grid,1091,16,18,44,1.0063556538977227,1.0035498135654375,-0.075096430172736567,0,0,1,UNSTABLE,2.6888543080026404e-16,6.3347462913760414e-17,1
B2_D2_Guyan,B2,2,Guyan,full-grid,1092,16,19,45,1.0063421787976026,1.0035393243997985,-0.075056013818359621,0,0,1,UNSTABLE,3.2759318305097702e-16,6.3347462913760414e-17,1
B2_D2_Guyan,B2,2,Guyan,full-grid,1093,16,20,46,1.0063258608832739,1.003525914627279,-0.07501651120883561,0,0,1,UNSTABLE,3.5494036158007265e-16,6.3347462913760414e-17,1
B2_D2_Guyan,B2,2,Guyan,full-grid,1094,16,21,47,1.0063067806864079,1.003509649380889,-0.074978133178196169,0,0,1,UNSTABLE,2.6230504088613808e-16,6.3347462913760414e-17,1
B2_D2_Guyan,B2,2,Guyan,full-grid,1095,16,22,48,1.0062850337042919,1.0034906090590157,-0.074941087446164567,0,0,1,UNSTABLE,1.8684367754136949e-16,6.3347462913760414e-17,1
B2_D2_Guyan,B2,2,Guyan,full-grid,1096,16,23,49,1.0062607303836477,1.0034688893870314,-0.074905577526574771,0,0,1,UNSTABLE,2.1900510565317234e-16,6.3347462913760414e-17,1
B2_D2_Guyan,B2,2,Guyan,full-grid,1097,16,24,50,1.0062339960327671,1.0034446014094727,-0.074871801596161983,0,0,1,UNSTABLE,5.0545752570348642e-16,6.3347462913760414e-17,1
B2_D2_Guyan,B2,2,Guyan,full-grid,1098,16,25,51,1.0062049706566649,1.003417871407432,-0.074839951325199869,0,0,1,UNSTABLE,2.4481440615176904e-16,6.3347462913760414e-17,1
B2_D2_Guyan,B2,2,Guyan,full-grid,1099,16,26,52,1.0061738087096022,1.0033888407354223,-0.074810210672155777,0,0,1,UNSTABLE,2.2293745569907206e-16,6.3347462913760414e-17,1
B2_D2_Guyan,B2,2,Guyan,full-grid,1100,16,27,53,1.0061406787579099,1.0033576655706056,-0.074782754643917884,0,0,1,UNSTABLE,1.5093491837374948e-16,6.3347462913760414e-17,1
B2_D2_Guyan,B2,2,Guyan,full-grid,1101,16,28,54,1.0061057630454464,1.0033245165665958,-0.074757748024312135,0,0,1,UNSTABLE,1.2892092271522291e-16,6.3347462913760414e-17,1
B2_D2_Guyan,B2,2,Guyan,full-grid,1102,16,29,55,1.006069256952445,1.003289578402462,-0.074735344073971408,0,0,1,UNSTABLE,1.7590371923320369e-16,6.3347462913760414e-17,1
B2_D2_Guyan,B2,2,Guyan,full-grid,1103,16,30,56,1.0060313683375393,1.003253049216426,-0.074715683206707725,0,0,1,UNSTABLE,1.3261892690644626e-16,6.3347462913760414e-17,1
B2_D2_Guyan,B2,2,Guyan,full-grid,1104,16,31,57,1.0059923167514222,1.0032151399123608,-0.074698891648509569,0,0,1,UNSTABLE,2.1380016275049929e-16,6.3347462913760414e-17,1
B2_D2_Guyan,B2,2,Guyan,full-grid,1105,16,32,58,1.0059523325099744,1.0031760733263242,-0.074685080088564379,0,0,1,UNSTABLE,1.6099411862320905e-16,6.3347462913760414e-17,1
B2_D2_Guyan,B2,2,Guyan,full-grid,1106,16,33,59,1.0059116556140439,1.0031360832394949,-0.074674342334647703,0,0,1,UNSTABLE,2.202347767370592e-16,6.3347462913760414e-17,1
B2_D2_Guyan,B2,2,Guyan,full-grid,1107,16,34,60,1.005870534503468,1.0030954132240302,-0.074666753988669898,0,0,1,UNSTABLE,2.0972521948594129e-16,6.3347462913760414e-17,1
B2_D2_Guyan,B2,2,Guyan,full-grid,1108,16,35,61,1.0058292246338527,1.0030543153089622,-0.074662371162495952,0,0,1,UNSTABLE,1.7951884571081157e-16,6.3347462913760414e-17,1
B2_D2_Guyan,B2,2,Guyan,full-grid,1109,16,36,62,1.0057879868667203,1.0030130484549589,-0.074661229259235823,0,0,1,UNSTABLE,1.6895059716219806e-16,6.3347462913760414e-17,1
B2_D2_Guyan,B2,2,Guyan,full-grid,1110,16,37,63,1.0057470856671287,1.0029718768299749,-0.074663341849131662,0,0,1,UNSTABLE,2.8143299757320942e-16,6.3347462913760414e-17,1
B2_D2_Guyan,B2,2,Guyan,full-grid,1111,16,38,64,1.005706787107427,1.0029310678819627,-0.074668699674560315,0,0,1,UNSTABLE,2.1317985030615238e-16,6.3347462913760414e-17,1
B2_D2_Guyan,B2,2,Guyan,full-grid,1112,16,39,65,1.0056673566822278,1.0028908902109399,-0.074677269822401304,0,0,1,UNSTABLE,1.9259461329466073e-16,6.3347462913760414e-17,1
B2_D2_Guyan,B2,2,Guyan,full-grid,1113,16,40,66,1.005629056947249,1.0028516112500281,-0.074688995105276282,0,0,1,UNSTABLE,2.9095046845563551e-16,6.3347462913760414e-17,1
B2_D2_Guyan,B2,2,Guyan,full-grid,1114,16,41,67,1.0055921450038199,1.0028134947740686,-0.074703793694848003,0,0,1,UNSTABLE,1.0610613215133028e-16,6.3347462913760414e-17,1
B2_D2_Guyan,B2,2,Guyan,full-grid,1115,16,42,68,1.0055568698607824,1.0027767982643618,-0.074721559050182379,0,0,1,UNSTABLE,3.441258771584704e-16,6.3347462913760414e-17,1
B2_D2_Guyan,B2,2,Guyan,full-grid,1116,16,43,69,1.005523469716193,1.0027417701689301,-0.074742160181334838,0,0,1,UNSTABLE,1.2755928805580213e-16,6.3347462913760414e-17,1
B2_D2_Guyan,B2,2,Guyan,full-grid,1117,16,44,70,1.0054921692115761,1.0027086471084412,-0.07476544228291758,0,0,1,UNSTABLE,1.2578823136328168e-16,6.3347462913760414e-17,1
B2_D2_Guyan,B2,2,Guyan,full-grid,1118,16,45,71,1.0054631767210547,1.0026776510881195,-0.074791227763730248,0,0,1,UNSTABLE,6.3135808675802644e-17,6.3347462913760414e-17,1
B2_D2_Guyan,B2,2,Guyan,full-grid,1119,16,46,72,1.0054366817452998,1.0026489867844299,-0.074819317687047374,0,0,1,UNSTABLE,1.1202484791246113e-16,6.3347462913760414e-17,1
B2_D2_Guyan,B2,2,Guyan,full-grid,1120,16,47,73,1.005412852485279,1.0026228389813958,-0.074849493622009516,0,0,1,UNSTABLE,1.7895784755970871e-16,6.3347462913760414e-17,1
B2_D2_Guyan,B2,2,Guyan,full-grid,1121,16,48,74,1.0053918336720074,1.0025993702338518,-0.074881519890057424,0,0,1,UNSTABLE,8.4754389906516946e-17,6.3347462913760414e-17,1
B2_D2_Guyan,B2,2,Guyan,full-grid,1122,16,49,75,1.0053737447258499,1.0025787188335402,-0.074915146173356859,0,0,1,UNSTABLE,1.2004245595663698e-16,6.3347462913760414e-17,1
B2_D2_Guyan,B2,2,Guyan,full-grid,1123,16,50,76,1.0053586783114565,1.0025609971478162,-0.074950110434443454,0,0,1,UNSTABLE,3.5671335922917602e-16,6.3347462913760414e-17,1
B2_D2_Guyan,B2,2,Guyan,full-grid,1124,16,51,77,1.0053466993427072,1.0025462903901818,-0.0749861420807926,0,0,1,UNSTABLE,2.1831679172126827e-16,6.3347462913760414e-17,1
B2_D2_Guyan,B2,2,Guyan,full-grid,1125,16,52,78,1.0053378444765348,1.0025346558673878,-0.07502296529452715,0,0,1,UNSTABLE,1.3075352442420538e-16,6.3347462913760414e-17,1
B2_D2_Guyan,B2,2,Guyan,full-grid,1126,16,53,79,1.0053321221155143,1.002526122729535,-0.075060302438563112,0,0,1,UNSTABLE,3.2314694744019374e-16,6.3347462913760414e-17,1
B2_D2_Guyan,B2,2,Guyan,full-grid,1127,16,54,80,1.0053295129191011,1.0025206922300267,-0.075097877445273006,0,0,1,UNSTABLE,1.5024346769990373e-16,6.3347462913760414e-17,1
B2_D2_Guyan,B2,2,Guyan,full-grid,1128,16,55,81,1.0053299708025745,1.002518338481275,-0.075135419095452197,0,0,1,UNSTABLE,3.7843544887496787e-16,6.3347462913760414e-17,1
B2_D2_Guyan,B2,2,Guyan,full-grid,1129,16,56,82,1.0053334243834737,1.0025190096724823,-0.075172664100105119,0,0,1,UNSTABLE,2.2664124588371496e-16,6.3347462913760414e-17,1
B2_D2_Guyan,B2,2,Guyan,full-grid,1130,16,57,83,1.0053397788186331,1.0025226296982828,-0.075209359909110832,0,0,1,UNSTABLE,3.2974876740917313e-16,6.3347462913760414e-17,1
B2_D2_Guyan,B2,2,Guyan,full-grid,1131,16,58,84,1.0053489179621278,1.0025291001332408,-0.075245267184423134,0,0,1,UNSTABLE,3.0844554112024182e-16,6.3347462913760414e-17,1
B2_D2_Guyan,B2,2,Guyan,full-grid,1132,16,59,85,1.0053607067659274,1.0025383024774088,-0.075280161892762446,0,0,1,UNSTABLE,3.2763916972260109e-16,6.3347462913760414e-17,1
B2_D2_Guyan,B2,2,Guyan,full-grid,1133,16,60,86,1.0053749938414851,1.0025501005932518,-0.075313836990468064,0,0,1,UNSTABLE,5.5404125751919545e-16,6.3347462913760414e-17,1
B2_D2_Guyan,B2,2,Guyan,full-grid,1134,16,61,87,1.0053916141015282,1.0025643432539328,-0.075346103691477206,0,0,1,UNSTABLE,3.8272544417072199e-16,6.3347462913760414e-17,1
B2_D2_Guyan,B2,2,Guyan,full-grid,1135,16,62,88,1.0054103914062409,1.0025808667266556,-0.075376792325480682,0,0,1,UNSTABLE,2.3472804731795647e-16,6.3347462913760414e-17,1
B2_D2_Guyan,B2,2,Guyan,full-grid,1136,16,63,89,1.0054311411462407,1.0025994973218848,-0.075405752807962634,0,0,1,UNSTABLE,1.9811627855145964e-16,6.3347462913760414e-17,1
B2_D2_Guyan,B2,2,Guyan,full-grid,1137,16,64,90,1.0054536727054761,1.0026200538491394,-0.075432854754937106,0,0,1,UNSTABLE,4.3664002179685842e-16,6.3347462913760414e-17,1
B2_D2_Guyan,B2,2,Guyan,full-grid,1138,16,65,91,1.0054777917587898,1.0026423499310226,-0.075457987283846034,0,0,1,UNSTABLE,5.7208355079375615e-16,6.3347462913760414e-17,1
B2_D2_Guyan,B2,2,Guyan,full-grid,1139,16,66,92,1.0055033023710755,1.0026661961389949,-0.075481058546481114,0,0,1,UNSTABLE,3.8257547409196205e-16,6.3347462913760414e-17,1
B2_D2_Guyan,B2,2,Guyan,full-grid,1140,17,0,27,1.0066089995148975,1.0038273831380586,-0.074781433301189665,0,0,1,UNSTABLE,1.8627168255519409e-16,3.0504639614637829e-17,1
B2_D2_Guyan,B2,2,Guyan,full-grid,1141,17,1,28,1.00664214664215,1.0038622696778305,-0.074759313223106319,0,0,1,UNSTABLE,1.3135800018066992e-16,6.3347462913760414e-17,1
B2_D2_Guyan,B2,2,Guyan,full-grid,1142,17,2,29,1.0066733566834167,1.0038953792896954,-0.074734961678294728,0,0,1,UNSTABLE,1.2656571175410698e-16,6.3347462913760414e-17,1
B2_D2_Guyan,B2,2,Guyan,full-grid,1143,17,3,30,1.0067025059921999,1.0039265782570181,-0.074708507146981629,0,0,1,UNSTABLE,1.6972823200953194e-16,6.3347462913760414e-17,1
B2_D2_Guyan,B2,2,Guyan,full-grid,1144,17,4,31,1.0067294791489174,1.003955740578969,-0.074680085337285096,0,0,1,UNSTABLE,9.6532605825491944e-17,6.3347462913760414e-17,1
B2_D2_Guyan,B2,2,Guyan,full-grid,1145,17,5,32,1.0067541692708077,1.0039827483040655,-0.074649838927956333,0,0,1,UNSTABLE,1.2705862763985305e-16,6.3347462913760414e-17,1
B2_D2_Guyan,B2,2,Guyan,full-grid,1146,17,6,33,1.0067764783453295,1.0040074918882591,-0.074617917296527309,0,0,1,UNSTABLE,2.5986941396161857e-16,6.3347462913760414e-17,1
B2_D2_Guyan,B2,2,Guyan,full-grid,1147,17,7,34,1.0067963175846109,1.0040298705756494,-0.074584476225132396,0,0,1,UNSTABLE,6.339841387927407e-17,6.3347462913760414e-17,1
B2_D2_Guyan,B2,2,Guyan,full-grid,1148,17,8,35,1.0068136077975318,1.0040497927987948,-0.074549677577968695,0,0,1,UNSTABLE,1.669126252995155e-16,6.3347462913760414e-17,1
B2_D2_Guyan,B2,2,Guyan,full-grid,1149,17,9,36,1.0068282797748702,1.0040671765944666,-0.074513688943982984,0,0,1,UNSTABLE,3.2781972355477499e-16,6.3347462913760414e-17,1
B2_D2_Guyan,B2,2,Guyan,full-grid,1150,17,10,37,1.0068402746823832,1.004081950030018,-0.074476683239881672,0,0,1,UNSTABLE,1.7897563339198102e-16,6.3347462913760414e-17,1
B2_D2_Guyan,B2,2,Guyan,full-grid,1151,17,11,38,1.0068495444560104,1.0040940516347996,-0.074438838269335297,0,0,1,UNSTABLE,2.2140903920212844e-16,6.3347462913760414e-17,1
B2_D2_Guyan,B2,2,Guyan,full-grid,1152,17,12,39,1.006856052192959,1.0041034308305639,-0.074400336235003348,0,0,1,UNSTABLE,3.9379103694997491e-16,6.3347462913760414e-17,1
B2_D2_Guyan,B2,2,Guyan,full-grid,1153,17,13,40,1.0068597725323312,1.0041100483546175,-0.074361363201233086,0,0,1,UNSTABLE,2.0963490746063505e-16,6.3347462913760414e-17,1
B2_D2_Guyan,B2,2,Guyan,full-grid,1154,17,14,41,1.0068606920187066,1.0041138766691842,-0.074322108505956608,0,0,1,UNSTABLE,3.0532174881440821e-16,6.3347462913760414e-17,1
B2_D2_Guyan,B2,2,Guyan,full-grid,1155,17,15,42,1.0068588094424431,1.0041149003507093,-0.074282764121558834,0,0,1,UNSTABLE,3.1766453245183515e-16,6.3347462913760414e-17,1
B2_D2_Guyan,B2,2,Guyan,full-grid,1156,17,16,43,1.0068541361503713,1.0041131164527195,-0.074243523964838715,0,0,1,UNSTABLE,2.5062912153468679e-16,6.3347462913760414e-17,1
B2_D2_Guyan,B2,2,Guyan,full-grid,1157,17,17,44,1.0068466963211169,1.0041085348363614,-0.074204583157124124,0,0,1,UNSTABLE,3.1179672799966095e-16,6.3347462913760414e-17,1
B2_D2_Guyan,B2,2,Guyan,full-grid,1158,17,18,45,1.0068365271995194,1.004101178462935,-0.07416613723616583,0,0,1,UNSTABLE,3.2112275369868083e-16,6.3347462913760414e-17,1
B2_D2_Guyan,B2,2,Guyan,full-grid,1159,17,19,46,1.006823679284899,1.0040910836430204,-0.074128381321638681,0,0,1,UNSTABLE,2.8481278694950104e-16,6.3347462913760414e-17,1
B2_D2_Guyan,B2,2,Guyan,full-grid,1160,17,20,47,1.0068082164684709,1.0040783002373219,-0.07409150923657927,0,0,1,UNSTABLE,2.3435235543924936e-16,6.3347462913760414e-17,1
B2_D2_Guyan,B2,2,Guyan,full-grid,1161,17,21,48,1.0067902161151929,1.0040628918043391,-0.074055712587113923,0,0,1,UNSTABLE,1.007429123637537e-16,6.3347462913760414e-17,1
B2_D2_Guyan,B2,2,Guyan,full-grid,1162,17,22,49,1.0067697690857522,1.004044935690414,-0.074021179802889012,0,0,1,UNSTABLE,2.5435918065506014e-16,6.3347462913760414e-17,1
B2_D2_Guyan,B2,2,Guyan,full-grid,1163,17,23,50,1.0067469796941992,1.0040245230574985,-0.073988095140740048,0,0,1,UNSTABLE,2.9382952054131549e-16,6.3347462913760414e-17,1
B2_D2_Guyan,B2,2,Guyan,full-grid,1164,17,24,51,1.0067219655967463,1.0040017588440167,-0.073956637654084473,0,0,1,UNSTABLE,1.884160796383517e-16,6.3347462913760414e-17,1
B2_D2_Guyan,B2,2,Guyan,full-grid,1165,17,25,52,1.0066948576068397,1.0039767616537931,-0.073926980130519265,0,0,1,UNSTABLE,9.2075614552662665e-17,6.3347462913760414e-17,1
B2_D2_Guyan,B2,2,Guyan,full-grid,1166,17,26,53,1.0066657994312211,1.0039496635676282,-0.073899288000262339,0,0,1,UNSTABLE,4.0142380362802562e-16,6.3347462913760414e-17,1
B2_D2_Guyan,B2,2,Guyan,full-grid,1167,17,27,54,1.0066349473210552,1.0039206098714311,-0.073873718218574427,0,0,1,UNSTABLE,2.3878129750546515e-16,6.3347462913760414e-17,1
B2_D2_Guyan,B2,2,Guyan,full-grid,1168,17,28,55,1.0066024696314813,1.003889758694084,-0.073850418125633949,0,0,1,UNSTABLE,1.4622786653200959e-16,6.3347462913760414e-17,1
B2_D2_Guyan,B2,2,Guyan,full-grid,1169,17,29,56,1.0065685462821965,1.0038572805474006,-0.073829524288264309,0,0,1,UNSTABLE,1.9486765366146232e-16,6.3347462913760414e-17,1
B2_D2_Guyan,B2,2,Guyan,full-grid,1170,17,30,57,1.0065333681109205,1.00382335775968,-0.073811161329403865,0,0,1,UNSTABLE,2.5240303049550988e-16,6.3347462913760414e-17,1
B2_D2_Guyan,B2,2,Guyan,full-grid,1171,17,31,58,1.0064971361110744,1.0037881837937563,-0.073795440752304597,0,0,1,UNSTABLE,1.1699576126309983e-16,6.3347462913760414e-17,1
B2_D2_Guyan,B2,2,Guyan,full-grid,1172,17,32,59,1.0064600605444993,1.0037519624397437,-0.073782459769248493,0,0,1,UNSTABLE,3.381867476853245e-16,6.3347462913760414e-17,1
B2_D2_Guyan,B2,2,Guyan,full-grid,1173,17,33,60,1.0064223599203073,1.0037149068728026,-0.07377230014633844,0,0,1,UNSTABLE,1.4834118506161568e-16,6.3347462913760414e-17,1
B2_D2_Guyan,B2,2,Guyan,full-grid,1174,17,34,61,1.0063842598312371,1.0036772385662842,-0.073765027079403828,0,0,1,UNSTABLE,1.8399931830781125e-16,6.3347462913760414e-17,1
B2_D2_Guyan,B2,2,Guyan,full-grid,1175,17,35,62,1.0063459916403772,1.0036391860518734,-0.073760688118991655,0,0,1,UNSTABLE,2.3354357879440433e-16,6.3347462913760414e-17,1
B2_D2_Guyan,B2,2,Guyan,full-grid,1176,17,36,63,1.0063077910130862,1.003600983520069,-0.073759312165904339,0,0,1,UNSTABLE,1.3347469764966256e-16,6.3347462913760414e-17,1
B2_D2_Guyan,B2,2,Guyan,full-grid,1177,17,37,64,1.006269896291957,1.0035628692570691,-0.073760908562361699,0,0,1,UNSTABLE,4.840226338938512e-16,6.3347462913760414e-17,1
B2_D2_Guyan,B2,2,Guyan,full-grid,1178,17,38,65,1.0062325467168789,1.003525083918128,-0.073765466306733446,0,0,1,UNSTABLE,2.1171627000011778e-16,6.3347462913760414e-17,1
B2_D2_Guyan,B2,2,Guyan,full-grid,1179,17,39,66,1.006195980497171,1.0034878686421356,-0.073772953422831022,0,0,1,UNSTABLE,2.3861861391284601e-16,6.3347462913760414e-17,1
B2_D2_Guyan,B2,2,Guyan,full-grid,1180,17,40,67,1.006160432749281,1.0034514630185334,-0.073783316516577629,0,0,1,UNSTABLE,1.9781535940013032e-16,6.3347462913760414e-17,1
B2_D2_Guyan,B2,2,Guyan,full-grid,1181,17,41,68,1.0061261333202742,1.0034161029243756,-0.073796480553380644,0,0,1,UNSTABLE,2.1034928804858954e-16,6.3347462913760414e-17,1
B2_D2_Guyan,B2,2,Guyan,full-grid,1182,17,42,69,1.0060933045252021,1.0033820182572457,-0.07381234888863214,0,0,1,UNSTABLE,1.8037956053681801e-16,6.3347462913760414e-17,1
B2_D2_Guyan,B2,2,Guyan,full-grid,1183,17,43,70,1.0060621588343179,1.0033494305977868,-0.073830803581334023,0,0,1,UNSTABLE,1.5322075057459654e-16,6.3347462913760414e-17,1
B2_D2_Guyan,B2,2,Guyan,full-grid,1184,17,44,71,1.006032896553704,1.0033185508435629,-0.073851706015559654,0,0,1,UNSTABLE,1.8335318976748811e-16,6.3347462913760414e-17,1
B2_D2_Guyan,B2,2,Guyan,full-grid,1185,17,45,72,1.0060057035497429,1.0032895768633434,-0.073874897847555451,0,0,1,UNSTABLE,2.3442202588596574e-16,6.3347462913760414e-17,1
B2_D2_Guyan,B2,2,Guyan,full-grid,1186,17,46,73,1.0059807490730397,1.0032626912267077,-0.073900202287258687,0,0,1,UNSTABLE,2.8617012034672315e-16,6.3347462913760414e-17,1
B2_D2_Guyan,B2,2,Guyan,full-grid,1187,17,47,74,1.0059581837407372,1.0032380590680399,-0.073927425711671449,0,0,1,UNSTABLE,3.986273547487277e-16,6.3347462913760414e-17,1
B2_D2_Guyan,B2,2,Guyan,full-grid,1188,17,48,75,1.0059381377365602,1.0032158261452691,-0.073956359595129348,0,0,1,UNSTABLE,3.5938476055547859e-16,6.3347462913760414e-17,1
B2_D2_Guyan,B2,2,Guyan,full-grid,1189,17,49,76,1.0059207192852184,1.0031961171519388,-0.073986782728840891,0,0,1,UNSTABLE,1.1536922165198881e-16,6.3347462913760414e-17,1
B2_D2_Guyan,B2,2,Guyan,full-grid,1190,17,50,77,1.0059060134521549,1.0031790343365694,-0.074018463688158453,0,0,1,UNSTABLE,2.3070173593771148e-16,6.3347462913760414e-17,1
B2_D2_Guyan,B2,2,Guyan,full-grid,1191,17,51,78,1.0058940813102883,1.0031646564747132,-0.074051163495515965,0,0,1,UNSTABLE,4.4182595102520374e-16,6.3347462913760414e-17,1
B2_D2_Guyan,B2,2,Guyan,full-grid,1192,17,52,79,1.0058849595035453,1.0031530382280975,-0.074084638415708601,0,0,1,UNSTABLE,3.2310157519347783e-16,6.3347462913760414e-17,1
B2_D2_Guyan,B2,2,Guyan,full-grid,1193,17,53,80,1.0058786602229848,1.0031442099116736,-0.074118642814548497,0,0,1,UNSTABLE,6.1981015089803095e-16,6.3347462913760414e-17,1
B2_D2_Guyan,B2,2,Guyan,full-grid,1194,17,54,81,1.0058751715958505,1.0031381776742867,-0.074152932007391689,0,0,1,UNSTABLE,2.0043230372949002e-16,6.3347462913760414e-17,1
B2_D2_Guyan,B2,2,Guyan,full-grid,1195,17,55,82,1.0058744584723227,1.0031349240830565,-0.07418726502486199,0,0,1,UNSTABLE,2.7344927884099636e-16,6.3347462913760414e-17,1
B2_D2_Guyan,B2,2,Guyan,full-grid,1196,17,56,83,1.0058764635800388,1.0031344090865781,-0.074221407227341871,0,0,1,UNSTABLE,2.1099642862199458e-16,6.3347462913760414e-17,1
B2_D2_Guyan,B2,2,Guyan,full-grid,1197,17,57,84,1.0058811090035438,1.0031365713186444,-0.074255132706587942,0,0,1,UNSTABLE,1.6863947778028697e-16,6.3347462913760414e-17,1
B2_D2_Guyan,B2,2,Guyan,full-grid,1198,17,58,85,1.005888297935527,1.0031413296930518,-0.074288226424429324,0,0,1,UNSTABLE,2.4396580055623008e-16,6.3347462913760414e-17,1
B2_D2_Guyan,B2,2,Guyan,full-grid,1199,17,59,86,1.005897916639767,1.0031485852322923,-0.074320486049768431,0,0,1,UNSTABLE,3.959349323826141e-16,6.3347462913760414e-17,1
B2_D2_Guyan,B2,2,Guyan,full-grid,1200,17,60,87,1.0059098365620751,1.0031582230682381,-0.07435172346970656,0,0,1,UNSTABLE,2.5684272279969329e-16,6.3347462913760414e-17,1
B2_D2_Guyan,B2,2,Guyan,full-grid,1201,17,61,88,1.0059239165254557,1.0031701145519025,-0.074381765963404678,0,0,1,UNSTABLE,1.4867137849605511e-16,6.3347462913760414e-17,1
B2_D2_Guyan,B2,2,Guyan,full-grid,1202,17,62,89,1.0059400049485541,1.0031841194112125,-0.07441045704097736,0,0,1,UNSTABLE,1.2615399996737501e-16,6.3347462913760414e-17,1
B2_D2_Guyan,B2,2,Guyan,full-grid,1203,17,63,90,1.005957942032224,1.0032000879006846,-0.07443765696047798,0,0,1,UNSTABLE,8.487103413229633e-16,6.3347462913760414e-17,1
B2_D2_Guyan,B2,2,Guyan,full-grid,1204,17,64,91,1.0059775618661044,1.0032178628932209,-0.074463242945972064,0,0,1,UNSTABLE,9.5734187703540505e-16,6.3347462913760414e-17,1
B2_D2_Guyan,B2,2,Guyan,full-grid,1205,17,65,92,1.005998694416212,1.0032372818728419,-0.074487109136516377,0,0,1,UNSTABLE,2.281360816712545e-16,6.3347462913760414e-17,1
B2_D2_Guyan,B2,2,Guyan,full-grid,1206,17,66,93,1.0060211673633661,1.0032581787955943,-0.074509166301182317,0,0,1,UNSTABLE,2.276644902457508e-16,6.3347462913760414e-17,1
B2_D2_Guyan,B2,2,Guyan,full-grid,1207,18,0,28,1.0070430007204036,1.0043340877388089,-0.073814940938874349,0,0,1,UNSTABLE,2.82282257418474e-16,3.0504639614637829e-17,1
B2_D2_Guyan,B2,2,Guyan,full-grid,1208,18,1,29,1.0070738227159493,1.0043665758640172,-0.07379339866752728,0,0,1,UNSTABLE,1.3275970293682351e-16,6.3347462913760414e-17,1
B2_D2_Guyan,B2,2,Guyan,full-grid,1209,18,2,30,1.0071027934600099,1.0043973565377375,-0.073769822928892378,0,0,1,UNSTABLE,1.960297723694194e-16,6.3347462913760414e-17,1
B2_D2_Guyan,B2,2,Guyan,full-grid,1210,18,3,31,1.0071298032934346,1.0044263107433169,-0.073744335161707725,0,0,1,UNSTABLE,2.4562491633913121e-16,6.3347462913760414e-17,1
B2_D2_Guyan,B2,2,Guyan,full-grid,1211,18,4,32,1.0071547501256413,1.004453326595167,-0.073717063103094962,0,0,1,UNSTABLE,1.5116287125320376e-16,6.3347462913760414e-17,1
B2_D2_Guyan,B2,2,Guyan,full-grid,1212,18,5,33,1.0071775397065896,1.0044782996310593,-0.073688140563558199,0,0,1,UNSTABLE,3.0701426451832854e-16,6.3347462913760414e-17,1
B2_D2_Guyan,B2,2,Guyan,full-grid,1213,18,6,34,1.0071980859211478,1.0045011331278779,-0.073657707186912863,0,0,1,UNSTABLE,2.3273727137166287e-16,6.3347462913760414e-17,1
B2_D2_Guyan,B2,2,Guyan,full-grid,1214,18,7,35,1.0072163111033552,1.004521738438733,-0.073625908189144079,0,0,1,UNSTABLE,1.8501549585764809e-16,6.3347462913760414e-17,1
B2_D2_Guyan,B2,2,Guyan,full-grid,1215,18,8,36,1.0072321463671186,1.004540035348382,-0.073592894069902368,0,0,1,UNSTABLE,1.1735489007052927e-16,6.3347462913760414e-17,1
B2_D2_Guyan,B2,2,Guyan,full-grid,1216,18,9,37,1.0072455319490878,1.0045559524430228,-0.073558820291603752,0,0,1,UNSTABLE,1.5020791769609382e-16,6.3347462913760414e-17,1
B2_D2_Guyan,B2,2,Guyan,full-grid,1217,18,10,38,1.007256417558887,1.00456942748992,-0.073523846921507083,0,0,1,UNSTABLE,7.4794813393222852e-17,6.3347462913760414e-17,1
B2_D2_Guyan,B2,2,Guyan,full-grid,1218,18,11,39,1.0072647627312212,1.0045804078216043,-0.073488138233067712,0,0,1,UNSTABLE,2.6319971408585888e-16,6.3347462913760414e-17,1
B2_D2_Guyan,B2,2,Guyan,full-grid,1219,18,12,40,1.0072705371741568,1.0045888507190948,-0.073451862263683054,0,0,1,UNSTABLE,1.8671957755371803e-16,6.3347462913760414e-17,1
B2_D2_Guyan,B2,2,Guyan,full-grid,1220,18,13,41,1.0072737211076408,1.0045947237883037,-0.073415190326899166,0,0,1,UNSTABLE,1.1983973356491027e-16,6.3347462913760414e-17,1
B2_D2_Guyan,B2,2,Guyan,full-grid,1221,18,14,42,1.0072743055862086,1.0045980053236196,-0.073378296477798435,0,0,1,UNSTABLE,1.1732119082761314e-16,6.3347462913760414e-17,1
B2_D2_Guyan,B2,2,Guyan,full-grid,1222,18,15,43,1.0072722927999784,1.0045986846527351,-0.073341356931271168,0,0,1,UNSTABLE,2.2304968013662662e-16,6.3347462913760414e-17,1
B2_D2_Guyan,B2,2,Guyan,full-grid,1223,18,16,44,1.0072676963481151,1.004596762456859,-0.073304549433411095,0,0,1,UNSTABLE,3.4756548155118159e-16,6.3347462913760414e-17,1
B2_D2_Guyan,B2,2,Guyan,full-grid,1224,18,17,45,1.0072605414792104,1.00459225106064,-0.073268052587117022,0,0,1,UNSTABLE,2.2424822853164628e-16,6.3347462913760414e-17,1
B2_D2_Guyan,B2,2,Guyan,full-grid,1225,18,18,46,1.0072508652933447,1.0045851746864483,-0.073232045133191551,0,0,1,UNSTABLE,1.1459406262828487e-16,6.3347462913760414e-17,1
B2_D2_Guyan,B2,2,Guyan,full-grid,1226,18,19,47,1.0072387169008259,1.0045755696678484,-0.073196705189096073,0,0,1,UNSTABLE,2.2448233912162786e-16,6.3347462913760414e-17,1
B2_D2_Guyan,B2,2,Guyan,full-grid,1227,18,20,48,1.0072241575329495,1.0045634846174414,-0.073162209447388285,0,0,1,UNSTABLE,4.0250453725478723e-16,6.3347462913760414e-17,1
B2_D2_Guyan,B2,2,Guyan,full-grid,1228,18,21,49,1.0072072606003342,1.0045489805444539,-0.073128732336395483,0,0,1,UNSTABLE,4.3008474054401368e-16,6.3347462913760414e-17,1
B2_D2_Guyan,B2,2,Guyan,full-grid,1229,18,22,50,1.0071881116944852,1.004532130917549,-0.07309644514578742,0,0,1,UNSTABLE,1.5918734929250683e-16,6.3347462913760414e-17,1
B2_D2_Guyan,B2,2,Guyan,full-grid,1230,18,23,51,1.0071668085285055,1.0045130216685987,-0.073065515119765945,0,0,1,UNSTABLE,3.9599835213779528e-16,6.3347462913760414e-17,1
B2_D2_Guyan,B2,2,Guyan,full-grid,1231,18,24,52,1.0071434608124934,1.004491751132782,-0.073036104520734377,0,0,1,UNSTABLE,4.3046270888058232e-16,6.3347462913760414e-17,1
B2_D2_Guyan,B2,2,Guyan,full-grid,1232,18,25,53,1.0071181900594313,1.0044684299206317,-0.073008369666537232,0,0,1,UNSTABLE,3.0400086513791966e-16,6.3347462913760414e-17,1
B2_D2_Guyan,B2,2,Guyan,full-grid,1233,18,26,54,1.0070911293166063,1.0044431807168781,-0.072982459944555378,0,0,1,UNSTABLE,4.4896335527340873e-16,6.3347462913760414e-17,1
B2_D2_Guyan,B2,2,Guyan,full-grid,1234,18,27,55,1.0070624228177885,1.0044161380011114,-0.072958516806240895,0,0,1,UNSTABLE,4.0710116216960611e-16,6.3347462913760414e-17,1
B2_D2_Guyan,B2,2,Guyan,full-grid,1235,18,28,56,1.0070322255503954,1.0043874476842429,-0.072936672746394371,0,0,1,UNSTABLE,2.3914498695145765e-16,6.3347462913760414e-17,1
B2_D2_Guyan,B2,2,Guyan,full-grid,1236,18,29,57,1.0070007027319716,1.004357266654794,-0.072917050272181011,0,0,1,UNSTABLE,8.330054198481117e-17,6.3347462913760414e-17,1
B2_D2_Guyan,B2,2,Guyan,full-grid,1237,18,30,58,1.0069680291895018,1.0043257622281585,-0.072899760868040078,0,0,1,UNSTABLE,4.0177489509918745e-16,6.3347462913760414e-17,1
B2_D2_Guyan,B2,2,Guyan,full-grid,1238,18,31,59,1.0069343886351274,1.0042931114919464,-0.072884903963868417,0,0,1,UNSTABLE,1.4634250521144635e-16,6.3347462913760414e-17,1
B2_D2_Guyan,B2,2,Guyan,full-grid,1239,18,32,60,1.0068999728315902,1.0042595005401376,-0.072872565915647183,0,0,1,UNSTABLE,3.366361311043632e-16,6.3347462913760414e-17,1
B2_D2_Guyan,B2,2,Guyan,full-grid,1240,18,33,61,1.0068649806412744,1.0042251235891793,-0.072862819009778784,0,0,1,UNSTABLE,1.9802754894008376e-16,6.3347462913760414e-17,1
B2_D2_Guyan,B2,2,Guyan,full-grid,1241,18,34,62,1.0068296169530986,1.0041901819693864,-0.072855720504389127,0,0,1,UNSTABLE,1.5275161691709344e-16,6.3347462913760414e-17,1
B2_D2_Guyan,B2,2,Guyan,full-grid,1242,18,35,63,1.0067940914832245,1.0041548829865348,-0.072851311723468218,0,0,1,UNSTABLE,1.9818293815616505e-16,6.3347462913760414e-17,1
B2_D2_Guyan,B2,2,Guyan,full-grid,1243,18,36,64,1.0067586174470839,1.0041194386498731,-0.072849617222244659,0,0,1,UNSTABLE,2.5610486900761369e-16,6.3347462913760414e-17,1
B2_D2_Guyan,B2,2,Guyan,full-grid,1244,18,37,65,1.0067234101031626,1.0040840642655446,-0.072850644044687704,0,0,1,UNSTABLE,3.578745278186581e-16,6.3347462913760414e-17,1
B2_D2_Guyan,B2,2,Guyan,full-grid,1245,18,38,66,1.0066886851722165,1.0040489768974752,-0.072854381096125354,0,0,1,UNSTABLE,8.6223432322615773e-17,6.3347462913760414e-17,1
B2_D2_Guyan,B2,2,Guyan,full-grid,1246,18,39,67,1.0066546571399451,1.004014393701989,-0.072860798655846271,0,0,1,UNSTABLE,1.9478864564059206e-16,6.3347462913760414e-17,1
B2_D2_Guyan,B2,2,Guyan,full-grid,1247,18,40,68,1.0066215374559837,1.0039805301471767,-0.072869848055573297,0,0,1,UNSTABLE,2.3298921573790065e-16,6.3347462913760414e-17,1
B2_D2_Guyan,B2,2,Guyan,full-grid,1248,18,41,69,1.0065895326475978,1.0039475981335306,-0.072881461549725551,0,0,1,UNSTABLE,1.6926365490842059e-16,6.3347462913760414e-17,1
B2_D2_Guyan,B2,2,Guyan,full-grid,1249,18,42,70,1.0065588423723864,1.0039158040383609,-0.072895552402391914,0,0,1,UNSTABLE,1.3499103418272771e-16,6.3347462913760414e-17,1
B2_D2_Guyan,B2,2,Guyan,full-grid,1250,18,43,71,1.0065296574401705,1.0038853467125612,-0.072912015213046494,0,0,1,UNSTABLE,1.7696614834622845e-16,6.3347462913760414e-17,1
B2_D2_Guyan,B2,2,Guyan,full-grid,1251,18,44,72,1.0065021578399866,1.003856415464301,-0.072930726499288265,0,0,1,UNSTABLE,1.8570877674725392e-16,6.3347462913760414e-17,1
B2_D2_Guyan,B2,2,Guyan,full-grid,1252,18,45,73,1.0064765108129476,1.0038291880694823,-0.07295154554887491,0,0,1,UNSTABLE,1.7841258734045059e-16,6.3347462913760414e-17,1
B2_D2_Guyan,B2,2,Guyan,full-grid,1253,18,46,74,1.0064528690155294,1.0038038288531177,-0.072974315546029137,0,0,1,UNSTABLE,2.6783008510921152e-16,6.3347462913760414e-17,1
B2_D2_Guyan,B2,2,Guyan,full-grid,1254,18,47,75,1.0064313688198783,1.0037804868884252,-0.072998864968504829,0,0,1,UNSTABLE,2.1244786110418488e-16,6.3347462913760414e-17,1
B2_D2_Guyan,B2,2,Guyan,full-grid,1255,18,48,76,1.0064121287977967,1.0037592943611959,-0.073025009242226505,0,0,1,UNSTABLE,4.2787519938447909e-16,6.3347462913760414e-17,1
B2_D2_Guyan,B2,2,Guyan,full-grid,1256,18,49,77,1.006395248432896,1.003740365145539,-0.073052552630352915,0,0,1,UNSTABLE,4.3056924135765324e-16,6.3347462913760414e-17,1
B2_D2_Guyan,B2,2,Guyan,full-grid,1257,18,50,78,1.0063808071006695,1.0037237936330885,-0.073081290323832399,0,0,1,UNSTABLE,1.3644990913143759e-16,6.3347462913760414e-17,1
B2_D2_Guyan,B2,2,Guyan,full-grid,1258,18,51,79,1.0063688633491881,1.0037096538513643,-0.073111010691354852,0,0,1,UNSTABLE,2.8931590463775673e-16,6.3347462913760414e-17,1
B2_D2_Guyan,B2,2,Guyan,full-grid,1259,18,52,80,1.006359454504151,1.003697998898557,-0.073141497639332573,0,0,1,UNSTABLE,2.5559591660539599e-16,6.3347462913760414e-17,1
B2_D2_Guyan,B2,2,Guyan,full-grid,1260,18,53,81,1.0063525966111233,1.0036888607115004,-0.073172533027090869,0,0,1,UNSTABLE,2.1143766107082505e-16,6.3347462913760414e-17,1
B2_D2_Guyan,B2,2,Guyan,full-grid,1261,18,54,82,1.0063482847162974,1.0036822501723359,-0.073203899079424095,0,0,1,UNSTABLE,1.3639704306501265e-16,6.3347462913760414e-17,1
B2_D2_Guyan,B2,2,Guyan,full-grid,1262,18,55,83,1.0063464934749726,1.0036781575472249,-0.073235380738967515,0,0,1,UNSTABLE,5.3804562841077081e-16,6.3347462913760414e-17,1
B2_D2_Guyan,B2,2,Guyan,full-grid,1263,18,56,84,1.0063471780657263,1.0036765532390697,-0.073266767903269053,0,0,1,UNSTABLE,2.538338644564609e-16,6.3347462913760414e-17,1
B2_D2_Guyan,B2,2,Guyan,full-grid,1264,18,57,85,1.0063502753780054,1.0036773888255737,-0.073297857497100799,0,0,1,UNSTABLE,2.2699072880441157e-16,6.3347462913760414e-17,1
B2_D2_Guyan,B2,2,Guyan,full-grid,1265,18,58,86,1.0063557054326313,1.0036805983451751,-0.073328455338158974,0,0,1,UNSTABLE,3.1457597553234731e-16,6.3347462913760414e-17,1
B2_D2_Guyan,B2,2,Guyan,full-grid,1266,18,59,87,1.0063633729887196,1.0036860997867758,-0.073358377763164256,0,0,1,UNSTABLE,1.4288135354458606e-16,6.3347462913760414e-17,1
B2_D2_Guyan,B2,2,Guyan,full-grid,1267,18,60,88,1.0063731692871702,1.0036937967350301,-0.073387452992478855,0,0,1,UNSTABLE,6.7525668582785603e-16,6.3347462913760414e-17,1
B2_D2_Guyan,B2,2,Guyan,full-grid,1268,18,61,89,1.0063849738799877,1.0037035801213801,-0.073415522220766707,0,0,1,UNSTABLE,2.0991893219883789e-16,6.3347462913760414e-17,1
B2_D2_Guyan,B2,2,Guyan,full-grid,1269,18,62,90,1.0063986564962468,1.0037153300317714,-0.073442440432373732,0,0,1,UNSTABLE,6.8009738930499069e-16,6.3347462913760414e-17,1
B2_D2_Guyan,B2,2,Guyan,full-grid,1270,18,63,91,1.006414078899136,1.0037289175249859,-0.07346807694853974,0,0,1,UNSTABLE,2.0376408300792053e-16,6.3347462913760414e-17,1
B2_D2_Guyan,B2,2,Guyan,full-grid,1271,18,64,92,1.0064310966937062,1.0037442064200912,-0.073492315722104462,0,0,1,UNSTABLE,5.799459324761433e-16,6.3347462913760414e-17,1
B2_D2_Guyan,B2,2,Guyan,full-grid,1272,18,65,93,1.0064495610512847,1.0037610550174469,-0.073515055400820747,0,0,1,UNSTABLE,7.1798720111514676e-16,6.3347462913760414e-17,1
B2_D2_Guyan,B2,2,Guyan,full-grid,1273,18,66,94,1.0064693203233979,1.0037793177241978,-0.073536209185586357,0,0,1,UNSTABLE,1.6204271897167901e-16,6.3347462913760414e-17,1
B2_D2_Guyan,B2,2,Guyan,full-grid,1274,19,0,29,1.0074120029127713,1.004774435682479,-0.072851060470507101,0,0,1,UNSTABLE,6.7967803920840746e-17,3.0504639614637823e-17,1
B2_D2_Guyan,B2,2,Guyan,full-grid,1275,19,1,30,1.0074407209544201,1.0048047417073005,-0.072830194834881151,0,0,1,UNSTABLE,1.4831334376754701e-16,6.3347462913760414e-17,1
B2_D2_Guyan,B2,2,Guyan,full-grid,1276,19,2,31,1.0074676779356246,1.0048334161112871,-0.072807471808330734,0,0,1,UNSTABLE,1.0693823526254362e-16,6.3347462913760414e-17,1
B2_D2_Guyan,B2,2,Guyan,full-grid,1277,19,3,32,1.0074927762285608,1.004860352613691,-0.072783005556391847,0,0,1,UNSTABLE,1.959042334701897e-16,6.3347462913760414e-17,1
B2_D2_Guyan,B2,2,Guyan,full-grid,1278,19,4,33,1.0075159251414743,1.004885451493156,-0.07275691576116336,0,0,1,UNSTABLE,1.343652747296529e-16,6.3347462913760414e-17,1
B2_D2_Guyan,B2,2,Guyan,full-grid,1279,19,5,34,1.0075370411597984,1.0049086198462893,-0.072729327424823936,0,0,1,UNSTABLE,1.3307102914249387e-16,6.3347462913760414e-17,1
B2_D2_Guyan,B2,2,Guyan,full-grid,1280,19,6,35,1.0075560482083046,1.0049297718682979,-0.072700370658381488,0,0,1,UNSTABLE,5.8596977510337487e-16,6.3347462913760414e-17,1
B2_D2_Guyan,B2,2,Guyan,full-grid,1281,19,7,36,1.0075728779318569,1.0049488291536226,-0.07267018045008404,0,0,1,UNSTABLE,1.8919951295662283e-16,6.3347462913760414e-17,1
B2_D2_Guyan,B2,2,Guyan,full-grid,1282,19,8,37,1.0075874699913048,1.0049657210134688,-0.072638896407895281,0,0,1,UNSTABLE,1.732096582290132e-16,6.3347462913760414e-17,1
B2_D2_Guyan,B2,2,Guyan,full-grid,1283,19,9,38,1.0075997723707013,1.0049803848066901,-0.072606662471747505,0,0,1,UNSTABLE,2.6857905917057127e-16,6.3347462913760414e-17,1
B2_D2_Guyan,B2,2,Guyan,full-grid,1284,19,10,39,1.0076097416911485,1.004992766279587,-0.072573626591250662,0,0,1,UNSTABLE,1.8323393961297141e-16,6.3347462913760414e-17,1
B2_D2_Guyan,B2,2,Guyan,full-grid,1285,19,11,40,1.0076173435263192,1.0050028199098593,-0.072539940365755284,0,0,1,UNSTABLE,1.3498348155576435e-16,6.3347462913760414e-17,1
B2_D2_Guyan,B2,2,Guyan,full-grid,1286,19,12,41,1.007622552714402,1.0050105092495936,-0.072505758644125978,0,0,1,UNSTABLE,1.8301887875371257e-16,6.3347462913760414e-17,1
B2_D2_Guyan,B2,2,Guyan,full-grid,1287,19,13,42,1.007625353660917,1.0050158072618149,-0.072471239082621944,0,0,1,UNSTABLE,1.2859785526153779e-16,6.3347462913760414e-17,1
B2_D2_Guyan,B2,2,Guyan,full-grid,1288,19,14,43,1.0076257406268756,1.0050186966451269,-0.072436541659510259,0,0,1,UNSTABLE,1.6685229382765904e-16,6.3347462913760414e-17,1
B2_D2_Guyan,B2,2,Guyan,full-grid,1289,19,15,44,1.0076237179967908,1.0050191701409037,-0.072401828146572256,0,0,1,UNSTABLE,1.8743997290711654e-16,6.3347462913760414e-17,1
B2_D2_Guyan,B2,2,Guyan,full-grid,1290,19,16,45,1.0076193005211351,1.0050172308176051,-0.072367261537341895,0,0,1,UNSTABLE,2.8010868189825618e-16,6.3347462913760414e-17,1
B2_D2_Guyan,B2,2,Guyan,full-grid,1291,19,17,46,1.0076125135280112,1.0050128923268618,-0.072333005433426453,0,0,1,UNSTABLE,3.488909583590222e-16,6.3347462913760414e-17,1
B2_D2_Guyan,B2,2,Guyan,full-grid,1292,19,18,47,1.0076033930991293,1.0050061791263194,-0.072299223389986872,0,0,1,UNSTABLE,1.6569813261325336e-16,6.3347462913760414e-17,1
B2_D2_Guyan,B2,2,Guyan,full-grid,1293,19,19,48,1.0075919862053029,1.0049971266642919,-0.072266078222527813,0,0,1,UNSTABLE,3.1417933107006332e-16,6.3347462913760414e-17,1
B2_D2_Guyan,B2,2,Guyan,full-grid,1294,19,20,49,1.0075783507971121,1.0049857815217225,-0.072233731277021151,0,0,1,UNSTABLE,2.5941468670119644e-16,6.3347462913760414e-17,1
B2_D2_Guyan,B2,2,Guyan,full-grid,1295,19,21,50,1.007562555846365,1.0049722015068949,-0.072202341665935726,0,0,1,UNSTABLE,4.6422822104445428e-16,6.3347462913760414e-17,1
B2_D2_Guyan,B2,2,Guyan,full-grid,1296,19,22,51,1.0075446813344031,1.0049564556987607,-0.072172065472930008,0,0,1,UNSTABLE,2.3099256110273995e-16,6.3347462913760414e-17,1
B2_D2_Guyan,B2,2,Guyan,full-grid,1297,19,23,52,1.0075248181831913,1.0049386244346374,-0.07214305492901793,0,0,1,UNSTABLE,3.0273114422697758e-16,6.3347462913760414e-17,1
B2_D2_Guyan,B2,2,Guyan,full-grid,1298,19,24,53,1.0075030681254018,1.0049187992382838,-0.072115457563438498,0,0,1,UNSTABLE,1.6658347290707807e-16,6.3347462913760414e-17,1
B2_D2_Guyan,B2,2,Guyan,full-grid,1299,19,25,54,1.0074795435093433,1.0048970826839965,-0.072089415332543733,0,0,1,UNSTABLE,4.0082792825571886e-16,6.3347462913760414e-17,1
B2_D2_Guyan,B2,2,Guyan,full-grid,1300,19,26,55,1.0074543670347755,1.0048735881925688,-0.072065063730159556,0,0,1,UNSTABLE,3.8688226238806091e-16,6.3347462913760414e-17,1
B2_D2_Guyan,B2,2,Guyan,full-grid,1301,19,27,56,1.0074276714152703,1.0048484397545006,-0.072042530883775949,0,0,1,UNSTABLE,1.930788593995056e-16,6.3347462913760414e-17,1
B2_D2_Guyan,B2,2,Guyan,full-grid,1302,19,28,57,1.0073995989626383,1.0048217715757368,-0.072021936640734766,0,0,1,UNSTABLE,3.2745967938030751e-16,6.3347462913760414e-17,1
B2_D2_Guyan,B2,2,Guyan,full-grid,1303,19,29,58,1.0073703010887121,1.0047937276408856,-0.072003391649951634,0,0,1,UNSTABLE,1.7919562479843081e-16,6.3347462913760414e-17,1
B2_D2_Guyan,B2,2,Guyan,full-grid,1304,19,30,59,1.0073399377197592,1.0047644611888202,-0.071986996445110168,0,0,1,UNSTABLE,2.2428725593766901e-16,6.3347462913760414e-17,1
B2_D2_Guyan,B2,2,Guyan,full-grid,1305,19,31,60,1.0073086766185193,1.0047341340951887,-0.071972840536860497,0,0,1,UNSTABLE,1.7825876364049384e-16,6.3347462913760414e-17,1
B2_D2_Guyan,B2,2,Guyan,full-grid,1306,19,32,61,1.0072766926093304,1.0047029161567551,-0.071961001522378984,0,0,1,UNSTABLE,1.5826059433555096e-16,6.3347462913760414e-17,1
B2_D2_Guyan,B2,2,Guyan,full-grid,1307,19,33,62,1.0072441667020802,1.0046709842726307,-0.07195154422269999,0,0,1,UNSTABLE,2.5016055895407669e-16,6.3347462913760414e-17,1
B2_D2_Guyan,B2,2,Guyan,full-grid,1308,19,34,63,1.0072112851115158,1.0046385215181439,-0.071944519859605038,0,0,1,UNSTABLE,3.3469924704750666e-16,6.3347462913760414e-17,1
B2_D2_Guyan,B2,2,Guyan,full-grid,1309,19,35,64,1.0071782381697543,1.004605716108262,-0.071939965285898785,0,0,1,UNSTABLE,3.8731220154697618e-16,6.3347462913760414e-17,1
B2_D2_Guyan,B2,2,Guyan,full-grid,1310,19,36,65,1.0071452191315036,1.0045727602490206,-0.071937902284593819,0,0,1,UNSTABLE,4.3244895297617153e-16,6.3347462913760414e-17,1
B2_D2_Guyan,B2,2,Guyan,full-grid,1311,19,37,66,1.0071124228737744,1.0045398488775414,-0.071938336954440435,0,0,1,UNSTABLE,2.7284529365142024e-16,6.3347462913760414e-17,1
B2_D2_Guyan,B2,2,Guyan,full-grid,1312,19,38,67,1.0070800444946979,1.0045071782939403,-0.071941259200745358,0,0,1,UNSTABLE,1.2667018131994939e-16,6.3347462913760414e-17,1
B2_D2_Guyan,B2,2,Guyan,full-grid,1313,19,39,68,1.0070482778195482,1.0044749446918466,-0.07194664235132818,0,0,1,UNSTABLE,2.0980481028764198e-16,6.3347462913760414e-17,1
B2_D2_Guyan,B2,2,Guyan,full-grid,1314,19,40,69,1.0070173138258971,1.0044433425979933,-0.071954442918388289,0,0,1,UNSTABLE,3.5241635166192116e-16,6.3347462913760414e-17,1
B2_D2_Guyan,B2,2,Guyan,full-grid,1315,19,41,70,1.0069873390040747,1.0044125632356418,-0.071964600526337172,0,0,1,UNSTABLE,2.9008147287008384e-16,6.3347462913760414e-17,1
B2_D2_Guyan,B2,2,Guyan,full-grid,1316,19,42,71,1.0069585336739106,1.0043827928314326,-0.071977038024942416,0,0,1,UNSTABLE,3.0478750768385328e-16,6.3347462913760414e-17,1
B2_D2_Guyan,B2,2,Guyan,full-grid,1317,19,43,72,1.0069310702828098,1.0043542108895287,-0.07199166180438743,0,0,1,UNSTABLE,3.6961072968841678e-16,6.3347462913760414e-17,1
B2_D2_Guyan,B2,2,Guyan,full-grid,1318,19,44,73,1.0069051117148859,1.0043269884617816,-0.07200836232587926,0,0,1,UNSTABLE,4.1378660284355438e-16,6.3347462913760414e-17,1
B2_D2_Guyan,B2,2,Guyan,full-grid,1319,19,45,74,1.0068808096441515,1.0043012864462966,-0.072027014876194617,0,0,1,UNSTABLE,2.5378595923283175e-16,6.3347462913760414e-17,1
B2_D2_Guyan,B2,2,Guyan,full-grid,1320,19,46,75,1.006858302967691,1.0042772539500642,-0.072047480549268308,0,0,1,UNSTABLE,1.6975598880642017e-16,6.3347462913760414e-17,1
B2_D2_Guyan,B2,2,Guyan,full-grid,1321,19,47,76,1.0068377163559983,1.0042550267530705,-0.072069607451070078,0,0,1,UNSTABLE,4.3254287070098091e-16,6.3347462913760414e-17,1
B2_D2_Guyan,B2,2,Guyan,full-grid,1322,19,48,77,1.0068191589576412,1.0042347259118225,-0.072093232116329342,0,0,1,UNSTABLE,1.725003572784623e-16,6.3347462913760414e-17,1
B2_D2_Guyan,B2,2,Guyan,full-grid,1323,19,49,78,1.0068027232936245,1.0042164565389533,-0.072118181118266331,0,0,1,UNSTABLE,6.2255690924908534e-16,6.3347462913760414e-17,1
B2_D2_Guyan,B2,2,Guyan,full-grid,1324,19,50,79,1.0067884843728909,1.0042003067922032,-0.072144272844818946,0,0,1,UNSTABLE,5.5725266804599099e-16,6.3347462913760414e-17,1
B2_D2_Guyan,B2,2,Guyan,full-grid,1325,19,51,80,1.0067764990554477,1.0041863471016046,-0.072171319407917642,0,0,1,UNSTABLE,3.4166428823910674e-16,6.3347462913760414e-17,1
B2_D2_Guyan,B2,2,Guyan,full-grid,1326,19,52,81,1.0067668056822081,1.0041746296567493,-0.072199128646315738,0,0,1,UNSTABLE,3.799556735495185e-16,6.3347462913760414e-17,1
B2_D2_Guyan,B2,2,Guyan,full-grid,1327,19,53,82,1.0067594239825801,1.0041651881682196,-0.072227506178884557,0,0,1,UNSTABLE,2.8167064210854166e-16,6.3347462913760414e-17,1
B2_D2_Guyan,B2,2,Guyan,full-grid,1328,19,54,83,1.0067543552619727,1.004158037908657,-0.072256257461801976,0,0,1,UNSTABLE,3.2006893562188887e-16,6.3347462913760414e-17,1
B2_D2_Guyan,B2,2,Guyan,full-grid,1329,19,55,84,1.0067515828619042,1.0041531760294189,-0.072285189803863115,0,0,1,UNSTABLE,1.6649621228814971e-16,6.3347462913760414e-17,1
B2_D2_Guyan,B2,2,Guyan,full-grid,1330,19,56,85,1.0067510728766453,1.0041505821399281,-0.07231411429534447,0,0,1,UNSTABLE,2.5102015561786205e-16,6.3347462913760414e-17,1
B2_D2_Guyan,B2,2,Guyan,full-grid,1331,19,57,86,1.0067527751022567,1.0041502191285092,-0.072342847609575461,0,0,1,UNSTABLE,3.2373210762052917e-16,6.3347462913760414e-17,1
B2_D2_Guyan,B2,2,Guyan,full-grid,1332,19,58,87,1.0067566241869674,1.0041520341961498,-0.072371213642394377,0,0,1,UNSTABLE,1.1520561114089393e-16,6.3347462913760414e-17,1
B2_D2_Guyan,B2,2,Guyan,full-grid,1333,19,59,88,1.0067625409469332,1.0041559600692578,-0.072399044961328832,0,0,1,UNSTABLE,4.1953691708829416e-16,6.3347462913760414e-17,1
B2_D2_Guyan,B2,2,Guyan,full-grid,1334,19,60,89,1.0067704338081036,1.0041619163536297,-0.072426184043914474,0,0,1,UNSTABLE,2.9880024744822173e-16,6.3347462913760414e-17,1
B2_D2_Guyan,B2,2,Guyan,full-grid,1335,19,61,90,1.0067802003337278,1.004169810990043,-0.072452484293105815,0,0,1,UNSTABLE,4.0853171601846088e-16,6.3347462913760414e-17,1
B2_D2_Guyan,B2,2,Guyan,full-grid,1336,19,62,91,1.0067917287974069,1.0041795417717041,-0.072477810825396949,0,0,1,UNSTABLE,1.7575434103127146e-16,6.3347462913760414e-17,1
B2_D2_Guyan,B2,2,Guyan,full-grid,1337,19,63,92,1.0068048997642576,1.0041909978858963,-0.072502041035026207,0,0,1,UNSTABLE,2.3117697158401164e-16,6.3347462913760414e-17,1
B2_D2_Guyan,B2,2,Guyan,full-grid,1338,19,64,93,1.0068195876457797,1.0042040614447461,-0.072525064943745748,0,0,1,UNSTABLE,4.7018561130615887e-16,6.3347462913760414e-17,1
B2_D2_Guyan,B2,2,Guyan,full-grid,1339,19,65,94,1.0068356621990784,1.0042186089746608,-0.072546785351621124,0,0,1,UNSTABLE,6.7503209620087424e-16,6.3347462913760414e-17,1
B2_D2_Guyan,B2,2,Guyan,full-grid,1340,19,66,95,1.0068529899459731,1.0042345128386163,-0.072567117807812054,0,0,1,UNSTABLE,2.0175931459019317e-16,6.3347462913760414e-17,1
B2_D2_Guyan,B2,2,Guyan,full-grid,1341,20,0,30,1.0077212523100976,1.0051534066798529,-0.071894028940638913,0,0,1,UNSTABLE,4.420949253504344e-16,3.0504639614637829e-17,1
B2_D2_Guyan,B2,2,Guyan,full-grid,1342,20,1,31,1.0077480678616013,1.0051817296733323,-0.071873907711481125,0,0,1,UNSTABLE,1.1299665255570662e-16,6.3347462913760414e-17,1
B2_D2_Guyan,B2,2,Guyan,full-grid,1343,20,2,32,1.0077732142947984,1.0052085003929072,-0.07185208548060551,0,0,1,UNSTABLE,1.3504301252702916e-16,6.3347462913760414e-17,1
B2_D2_Guyan,B2,2,Guyan,full-grid,1344,20,3,33,1.0077966043251179,1.0052336235826413,-0.071828669124178054,0,0,1,UNSTABLE,1.0412224137458875e-16,6.3347462913760414e-17,1
B2_D2_Guyan,B2,2,Guyan,full-grid,1345,20,4,34,1.0078181570061753,1.0052570099984579,-0.071803770376519929,0,0,1,UNSTABLE,2.4246482388966266e-16,6.3347462913760414e-17,1
B2_D2_Guyan,B2,2,Guyan,full-grid,1346,20,5,35,1.0078377979454498,1.0052785766388064,-0.071777505658728952,0,0,1,UNSTABLE,2.1624146664216373e-16,6.3347462913760414e-17,1
B2_D2_Guyan,B2,2,Guyan,full-grid,1347,20,6,36,1.0078554595394864,1.0052982469958101,-0.071749995893382379,0,0,1,UNSTABLE,1.1914936076752583e-16,6.3347462913760414e-17,1
B2_D2_Guyan,B2,2,Guyan,full-grid,1348,20,7,37,1.0078710812263398,1.0053159513250236,-0.071721366299130715,0,0,1,UNSTABLE,3.3826961876523802e-16,6.3347462913760414e-17,1
B2_D2_Guyan,B2,2,Guyan,full-grid,1349,20,8,38,1.0078846097519949,1.0053316269307677,-0.071691746161373679,0,0,1,UNSTABLE,2.2033056513354364e-16,6.3347462913760414e-17,1
B2_D2_Guyan,B2,2,Guyan,full-grid,1350,20,9,39,1.0078959994470769,1.0053452184636464,-0.071661268574489914,0,0,1,UNSTABLE,2.3121164721551034e-16,6.3347462913760414e-17,1
B2_D2_Guyan,B2,2,Guyan,full-grid,1351,20,10,40,1.0079052125096615,1.0053566782262662,-0.071630070152090997,0,0,1,UNSTABLE,3.7811652858603216e-16,6.3347462913760414e-17,1
B2_D2_Guyan,B2,2,Guyan,full-grid,1352,20,11,41,1.0079122192895509,1.0053659664826859,-0.071598290702518594,0,0,1,UNSTABLE,3.9454431844611787e-16,6.3347462913760414e-17,1
B2_D2_Guyan,B2,2,Guyan,full-grid,1353,20,12,42,1.0079169985691359,1.0053730517668515,-0.071566072867127711,0,0,1,UNSTABLE,2.050559508674873e-16,6.3347462913760414e-17,1
B2_D2_Guyan,B2,2,Guyan,full-grid,1354,20,13,43,1.0079195378358603,1.0053779111850873,-0.071533561720109162,0,0,1,UNSTABLE,2.6556403576504611e-16,6.3347462913760414e-17,1
B2_D2_Guyan,B2,2,Guyan,full-grid,1355,20,14,44,1.0079198335411312,1.0053805307075416,-0.071500904328573062,0,0,1,UNSTABLE,2.3471935911962311e-16,6.3347462913760414e-17,1
B2_D2_Guyan,B2,2,Guyan,full-grid,1356,20,15,45,1.0079178913406166,1.0053809054434946,-0.071468249272904724,0,0,1,UNSTABLE,2.59193049628424e-16,6.3347462913760414e-17,1
B2_D2_Guyan,B2,2,Guyan,full-grid,1357,20,16,46,1.0079137263108944,1.0053790398954481,-0.071435746127687993,0,0,1,UNSTABLE,2.9996302013151164e-16,6.3347462913760414e-17,1
B2_D2_Guyan,B2,2,Guyan,full-grid,1358,20,17,47,1.0079073631376854,1.0053749481871526,-0.071403544903891156,0,0,1,UNSTABLE,1.9775901523553892e-16,6.3347462913760414e-17,1
B2_D2_Guyan,B2,2,Guyan,full-grid,1359,20,18,48,1.0078988362709,1.0053686542606679,-0.071371795454003892,0,0,1,UNSTABLE,1.6348198031397511e-16,6.3347462913760414e-17,1
B2_D2_Guyan,B2,2,Guyan,full-grid,1360,20,19,49,1.0078881900422416,1.005360192038081,-0.071340646841604322,0,0,1,UNSTABLE,1.7983654353090812e-16,6.3347462913760414e-17,1
B2_D2_Guyan,B2,2,Guyan,full-grid,1361,20,20,50,1.0078754787410145,1.0053496055433575,-0.071310246677772055,0,0,1,UNSTABLE,2.8537986839890655e-16,6.3347462913760414e-17,1
B2_D2_Guyan,B2,2,Guyan,full-grid,1362,20,21,51,1.007860766644237,1.0053369489802599,-0.071280740426649988,0,0,1,UNSTABLE,3.2764432255198346e-16,6.3347462913760414e-17,1
B2_D2_Guyan,B2,2,Guyan,full-grid,1363,20,22,52,1.007844127997239,1.0053222867623277,-0.071252270682970867,0,0,1,UNSTABLE,1.5976511369381417e-16,6.3347462913760414e-17,1
B2_D2_Guyan,B2,2,Guyan,full-grid,1364,20,23,53,1.0078256469410434,1.0053056934910183,-0.071224976424535041,0,0,1,UNSTABLE,2.6925285415649659e-16,6.3347462913760414e-17,1
B2_D2_Guyan,B2,2,Guyan,full-grid,1365,20,24,54,1.0078054173830204,1.0052872538783013,-0.071198992242779605,0,0,1,UNSTABLE,2.4478987733106105e-16,6.3347462913760414e-17,1
B2_D2_Guyan,B2,2,Guyan,full-grid,1366,20,25,55,1.0077835428071977,1.0052670626098688,-0.071174447554955986,0,0,1,UNSTABLE,9.6875325080463442e-17,6.3347462913760414e-17,1
B2_D2_Guyan,B2,2,Guyan,full-grid,1367,20,26,56,1.00776013602074,1.0052452241452379,-0.071151465801702479,0,0,1,UNSTABLE,2.3093918658241091e-16,6.3347462913760414e-17,1
B2_D2_Guyan,B2,2,Guyan,full-grid,1368,20,27,57,1.0077353188329361,1.0052218524508498,-0.071130163634012158,0,0,1,UNSTABLE,2.3281761272826187e-16,6.3347462913760414e-17,1
B2_D2_Guyan,B2,2,Guyan,full-grid,1369,20,28,58,1.0077092216631169,1.0051970706622784,-0.071110650094479214,0,0,1,UNSTABLE,8.6361664478035904e-17,6.3347462913760414e-17,1
B2_D2_Guyan,B2,2,Guyan,full-grid,1370,20,29,59,1.0076819830737376,1.0051710106714842,-0.071093025797803591,0,0,1,UNSTABLE,1.6613565169300431e-16,6.3347462913760414e-17,1
B2_D2_Guyan,B2,2,Guyan,full-grid,1371,20,30,60,1.0076537492250006,1.0051438126351067,-0.071077382116690041,0,0,1,UNSTABLE,2.7115568017909789e-16,6.3347462913760414e-17,1
B2_D2_Guyan,B2,2,Guyan,full-grid,1372,20,31,61,1.0076246732474878,1.0051156243998325,-0.071063800379951525,0,0,1,UNSTABLE,2.3632197511181448e-16,6.3347462913760414e-17,1
B2_D2_Guyan,B2,2,Guyan,full-grid,1373,20,32,62,1.0075949145295242,1.005086600841044,-0.071052351090975976,0,0,1,UNSTABLE,2.8841794411417467e-16,6.3347462913760414e-17,1
B2_D2_Guyan,B2,2,Guyan,full-grid,1374,20,33,63,1.0075646379165732,1.0050569031114711,-0.071043093175440789,0,0,1,UNSTABLE,1.9148100780798269e-16,6.3347462913760414e-17,1
B2_D2_Guyan,B2,2,Guyan,full-grid,1375,20,34,64,1.0075340128206702,1.005026697797144,-0.071036073269083025,0,0,1,UNSTABLE,2.2121989905116293e-16,6.3347462913760414e-17,1
B2_D2_Guyan,B2,2,Guyan,full-grid,1376,20,35,65,1.0075032122391163,1.0049961559791016,-0.071031325057098263,0,0,1,UNSTABLE,1.5370129317449429e-16,6.3347462913760414e-17,1
B2_D2_Guyan,B2,2,Guyan,full-grid,1377,20,36,66,1.0074724116831104,1.0049654522006262,-0.071028868678681328,0,0,1,UNSTABLE,1.5122177750961794e-16,6.3347462913760414e-17,1
B2_D2_Guyan,B2,2,Guyan,full-grid,1378,20,37,67,1.0074417880188622,1.0049347633415857,-0.071028710210964338,0,0,1,UNSTABLE,9.3159236819732463e-17,6.3347462913760414e-17,1
B2_D2_Guyan,B2,2,Guyan,full-grid,1379,20,38,68,1.0074115182262267,1.0049042674038549,-0.071030841247959914,0,0,1,UNSTABLE,2.3025557125648072e-16,6.3347462913760414e-17,1
B2_D2_Guyan,B2,2,Guyan,full-grid,1380,20,39,69,1.0073817780824497,1.0048741422142937,-0.071035238590754071,0,0,1,UNSTABLE,1.7883539563827037e-16,6.3347462913760414e-17,1
B2_D2_Guyan,B2,2,Guyan,full-grid,1381,20,40,70,1.007352740781934,1.0048445640550616,-0.071041864065264193,0,0,1,UNSTABLE,2.3966179293885107e-16,6.3347462913760414e-17,1
B2_D2_Guyan,B2,2,Guyan,full-grid,1382,20,41,71,1.0073245755061266,1.0048157062342431,-0.071050664483714832,0,0,1,UNSTABLE,3.0659545783341632e-16,6.3347462913760414e-17,1
B2_D2_Guyan,B2,2,Guyan,full-grid,1383,20,42,72,1.0072974459612534,1.0047877376134786,-0.07106157176457259,0,0,1,UNSTABLE,1.4689964407622549e-16,6.3347462913760414e-17,1
B2_D2_Guyan,B2,2,Guyan,full-grid,1384,20,43,73,1.0072715089050197,1.0047608211127927,-0.07107450322402345,0,0,1,UNSTABLE,1.5166482114121581e-16,6.3347462913760414e-17,1
B2_D2_Guyan,B2,2,Guyan,full-grid,1385,20,44,74,1.007246912686631,1.0047351122162631,-0.071089362048925006,0,0,1,UNSTABLE,1.5988094724254782e-16,6.3347462913760414e-17,1
B2_D2_Guyan,B2,2,Guyan,full-grid,1386,20,45,75,1.007223795827185,1.0047107575051168,-0.071106037957525223,0,0,1,UNSTABLE,7.6343304782943278e-17,6.3347462913760414e-17,1
B2_D2_Guyan,B2,2,Guyan,full-grid,1387,20,46,76,1.0072022856694782,1.0046878932471426,-0.071124408049835261,0,0,1,UNSTABLE,1.5088413789466168e-16,6.3347462913760414e-17,1
B2_D2_Guyan,B2,2,Guyan,full-grid,1388,20,47,77,1.0071824971272676,1.0046666440726999,-0.071144337843691452,0,0,1,UNSTABLE,4.2823962685776876e-16,6.3347462913760414e-17,1
B2_D2_Guyan,B2,2,Guyan,full-grid,1389,20,48,78,1.0071645315638575,1.0046471217678001,-0.071165682487557516,0,0,1,UNSTABLE,1.6155030247836655e-16,6.3347462913760414e-17,1
B2_D2_Guyan,B2,2,Guyan,full-grid,1390,20,49,79,1.0071484758284446,1.0046294242137628,-0.071188288134232031,0,0,1,UNSTABLE,1.326509362341614e-16,6.3347462913760414e-17,1
B2_D2_Guyan,B2,2,Guyan,full-grid,1391,20,50,80,1.0071344014757788,1.0046136345004562,-0.071211993454466452,0,0,1,UNSTABLE,1.5503162441492098e-16,6.3347462913760414e-17,1
B2_D2_Guyan,B2,2,Guyan,full-grid,1392,20,51,81,1.0071223641905469,1.0045998202363902,-0.07123663126348205,0,0,1,UNSTABLE,2.069789211032031e-16,6.3347462913760414e-17,1
B2_D2_Guyan,B2,2,Guyan,full-grid,1393,20,52,82,1.0071124034325292,1.0045880330738757,-0.071262030229334597,0,0,1,UNSTABLE,2.3104202474387129e-16,6.3347462913760414e-17,1
B2_D2_Guyan,B2,2,Guyan,full-grid,1394,20,53,83,1.0071045423121434,1.0045783084613249,-0.071288016627865824,0,0,1,UNSTABLE,1.5806494005940766e-16,6.3347462913760414e-17,1
B2_D2_Guyan,B2,2,Guyan,full-grid,1395,20,54,84,1.0070987876991968,1.0045706656280551,-0.071314416107811682,0,0,1,UNSTABLE,3.0028445363682282e-16,6.3347462913760414e-17,1
B2_D2_Guyan,B2,2,Guyan,full-grid,1396,20,55,85,1.0070951305602807,1.0045651077996949,-0.071341055428246855,0,0,1,UNSTABLE,4.7153605656541162e-16,6.3347462913760414e-17,1
B2_D2_Guyan,B2,2,Guyan,full-grid,1397,20,56,86,1.0070935465132598,1.0045616226351681,-0.07136776413236845,0,0,1,UNSTABLE,3.1473748059423543e-16,6.3347462913760414e-17,1
B2_D2_Guyan,B2,2,Guyan,full-grid,1398,20,57,87,1.0070939965808268,1.0045601828696109,-0.071394376123868286,0,0,1,UNSTABLE,2.3292282151863572e-16,6.3347462913760414e-17,1
B2_D2_Guyan,B2,2,Guyan,full-grid,1399,20,58,88,1.0070964281194299,1.0045607471416194,-0.071420731116290492,0,0,1,UNSTABLE,1.6789729878337963e-16,6.3347462913760414e-17,1
B2_D2_Guyan,B2,2,Guyan,full-grid,1400,20,59,89,1.0071007758956336,1.004563260978617,-0.071446675931034834,0,0,1,UNSTABLE,1.4153293023820788e-16,6.3347462913760414e-17,1
B2_D2_Guyan,B2,2,Guyan,full-grid,1401,20,60,90,1.0071069632789393,1.0045676579106839,-0.071472065625460657,0,0,1,UNSTABLE,8.6983857574538837e-16,6.3347462913760414e-17,1
B2_D2_Guyan,B2,2,Guyan,full-grid,1402,20,61,91,1.007114903518485,1.0045738606811456,-0.071496764438857177,0,0,1,UNSTABLE,2.2376483487326267e-16,6.3347462913760414e-17,1
B2_D2_Guyan,B2,2,Guyan,full-grid,1403,20,62,92,1.0071245010712346,1.0045817825219472,-0.071520646550561451,0,0,1,UNSTABLE,2.4405960136770637e-16,6.3347462913760414e-17,1
B2_D2_Guyan,B2,2,Guyan,full-grid,1404,20,63,93,1.0071356529502813,1.0045913284624484,-0.071543596650174443,0,0,1,UNSTABLE,2.1830183839013613e-16,6.3347462913760414e-17,1
B2_D2_Guyan,B2,2,Guyan,full-grid,1405,20,64,94,1.0071482500643401,1.0046023966422963,-0.071565510325972664,0,0,1,UNSTABLE,3.7831950402566048e-16,6.3347462913760414e-17,1
B2_D2_Guyan,B2,2,Guyan,full-grid,1406,20,65,95,1.0071621785229348,1.0046148796021983,-0.071586294281270529,0,0,1,UNSTABLE,2.4489269612205295e-16,6.3347462913760414e-17,1
B2_D2_Guyan,B2,2,Guyan,full-grid,1407,20,66,96,1.0071773208853554,1.0046286655296517,-0.071605866393147921,0,0,1,UNSTABLE,3.7103516056066296e-16,6.3347462913760414e-17,1
B2_D2_Guyan,B2,2,Guyan,full-grid,1408,21,0,31,1.0079758079830685,1.0054758709024321,-0.070947181142841625,0,0,1,UNSTABLE,1.9197379982533969e-16,3.0504639614637823e-17,1
B2_D2_Guyan,B2,2,Guyan,full-grid,1409,21,1,32,1.0080009026731545,1.0055023919545776,-0.070927847588355616,0,0,1,UNSTABLE,1.2229103690242756e-16,6.3347462913760414e-17,1
B2_D2_Guyan,B2,2,Guyan,full-grid,1410,21,2,33,1.0080244200224067,1.0055274414606137,-0.070906951924203251,0,0,1,UNSTABLE,2.4273856477513992e-16,6.3347462913760414e-17,1
B2_D2_Guyan,B2,2,Guyan,full-grid,1411,21,3,34,1.008046281644116,1.0055509337115587,-0.070884593871594473,0,0,1,UNSTABLE,2.5533620118014569e-16,6.3347462913760414e-17,1
B2_D2_Guyan,B2,2,Guyan,full-grid,1412,21,4,35,1.0080664149310603,1.0055727884934118,-0.070860877453958013,0,0,1,UNSTABLE,2.8557419150628248e-16,6.3347462913760414e-17,1
B2_D2_Guyan,B2,2,Guyan,full-grid,1413,21,5,36,1.0080847532497881,1.0055929312942782,-0.070835910848012676,0,0,1,UNSTABLE,4.7325310297114893e-16,6.3347462913760414e-17,1
B2_D2_Guyan,B2,2,Guyan,full-grid,1414,21,6,37,1.008101236153077,1.0056112935306105,-0.070809806220993032,0,0,1,UNSTABLE,1.0955716030332771e-16,6.3347462913760414e-17,1
B2_D2_Guyan,B2,2,Guyan,full-grid,1415,21,7,38,1.0081158096081464,1.0056278127904581,-0.070782679549220601,0,0,1,UNSTABLE,2.3024595169021839e-16,6.3347462913760414e-17,1
B2_D2_Guyan,B2,2,Guyan,full-grid,1416,21,8,39,1.0081284262378176,1.0056424330911784,-0.070754650413903636,0,0,1,UNSTABLE,1.9773206709108067e-16,6.3347462913760414e-17,1
B2_D2_Guyan,B2,2,Guyan,full-grid,1417,21,9,40,1.0081390455710153,1.0056551051482217,-0.070725841770580208,0,0,1,UNSTABLE,3.900727601329446e-16,6.3347462913760414e-17,1
B2_D2_Guyan,B2,2,Guyan,full-grid,1418,21,10,41,1.0081476342988556,1.0056657866514278,-0.070696379689086611,0,0,1,UNSTABLE,2.2991240658822977e-16,6.3347462913760414e-17,1
B2_D2_Guyan,B2,2,Guyan,full-grid,1419,21,11,42,1.0081541665319935,1.0056744425446693,-0.070666393061249541,0,0,1,UNSTABLE,2.0182092798256162e-16,6.3347462913760414e-17,1
B2_D2_Guyan,B2,2,Guyan,full-grid,1420,21,12,43,1.0081586240548883,1.005681045304577,-0.070636013274667106,0,0,1,UNSTABLE,1.9054728363687141e-16,6.3347462913760414e-17,1
B2_D2_Guyan,B2,2,Guyan,full-grid,1421,21,13,44,1.0081609965723077,1.0056855752137774,-0.070605373850739409,0,0,1,UNSTABLE,2.3669852052981348e-16,6.3347462913760414e-17,1
B2_D2_Guyan,B2,2,Guyan,full-grid,1422,21,14,45,1.0081612819433696,1.0056880206239205,-0.070574610046664946,0,0,1,UNSTABLE,2.304038870555848e-16,6.3347462913760414e-17,1
B2_D2_Guyan,B2,2,Guyan,full-grid,1423,21,15,46,1.0081594863985368,1.0056883782039452,-0.070543858420701738,0,0,1,UNSTABLE,2.524041054029979e-16,6.3347462913760414e-17,1
B2_D2_Guyan,B2,2,Guyan,full-grid,1424,21,16,47,1.0081556247348422,1.005686653168774,-0.070513256361407581,0,0,1,UNSTABLE,2.0753798452465555e-16,6.3347462913760414e-17,1
B2_D2_Guyan,B2,2,Guyan,full-grid,1425,21,17,48,1.0081497204849128,1.0056828594839615,-0.070482941581425082,0,0,1,UNSTABLE,1.543215779189358e-16,6.3347462913760414e-17,1
B2_D2_Guyan,B2,2,Guyan,full-grid,1426,21,18,49,1.0081418060555236,1.0056770200418952,-0.070453051577247988,0,0,1,UNSTABLE,1.8542703549394666e-16,6.3347462913760414e-17,1
B2_D2_Guyan,B2,2,Guyan,full-grid,1427,21,19,50,1.0081319228314287,1.0056691668051791,-0.070423723056726714,0,0,1,UNSTABLE,1.8749684805375209e-16,6.3347462913760414e-17,1
B2_D2_Guyan,B2,2,Guyan,full-grid,1428,21,20,51,1.0081201212407203,1.0056593409132968,-0.070395091336244178,0,0,1,UNSTABLE,1.7309634855685291e-16,6.3347462913760414e-17,1
B2_D2_Guyan,B2,2,Guyan,full-grid,1429,21,21,52,1.0081064607778243,1.0056475927484987,-0.07036728971006756,0,0,1,UNSTABLE,2.0145690951783317e-16,6.3347462913760414e-17,1
B2_D2_Guyan,B2,2,Guyan,full-grid,1430,21,22,53,1.0080910099807538,1.0056339819573485,-0.070340448794584495,0,0,1,UNSTABLE,2.4034176534279443e-16,6.3347462913760414e-17,1
B2_D2_Guyan,B2,2,Guyan,full-grid,1431,21,23,54,1.0080738463591392,1.0056185774242588,-0.070314695850295164,0,0,1,UNSTABLE,2.7433278124659351e-16,6.3347462913760414e-17,1
B2_D2_Guyan,B2,2,Guyan,full-grid,1432,21,24,55,1.0080550562698629,1.0056014571936434,-0.070290154084745912,0,0,1,UNSTABLE,4.1636379305766819e-16,6.3347462913760414e-17,1
B2_D2_Guyan,B2,2,Guyan,full-grid,1433,21,25,56,1.0080347347371201,1.0055827083372808,-0.070266941939971864,0,0,1,UNSTABLE,3.4200022269841005e-16,6.3347462913760414e-17,1
B2_D2_Guyan,B2,2,Guyan,full-grid,1434,21,26,57,1.0080129852138766,1.0055624267636256,-0.070245172368209416,0,0,1,UNSTABLE,1.9163653799248138e-16,6.3347462913760414e-17,1
B2_D2_Guyan,B2,2,Guyan,full-grid,1435,21,27,58,1.0079899192815811,1.0055407169656878,-0.070224952099799759,0,0,1,UNSTABLE,4.3160207478820196e-16,6.3347462913760414e-17,1
B2_D2_Guyan,B2,2,Guyan,full-grid,1436,21,28,59,1.0079656562853407,1.0055176917043867,-0.070206380908143809,0,0,1,UNSTABLE,2.2983336893763305e-16,6.3347462913760414e-17,1
B2_D2_Guyan,B2,2,Guyan,full-grid,1437,21,29,60,1.0079403229015171,1.0054934716240433,-0.070189550876491216,0,0,1,UNSTABLE,3.3165734766201865e-16,6.3347462913760414e-17,1
B2_D2_Guyan,B2,2,Guyan,full-grid,1438,21,30,61,1.0079140526349779,1.0054681847968765,-0.070174545672482588,0,0,1,UNSTABLE,1.7234937869676702e-16,6.3347462913760414e-17,1
B2_D2_Guyan,B2,2,Guyan,full-grid,1439,21,31,62,1.0078869852435428,1.0054419661936533,-0.070161439836693623,0,0,1,UNSTABLE,2.9644586392637951e-16,6.3347462913760414e-17,1
B2_D2_Guyan,B2,2,Guyan,full-grid,1440,21,32,63,1.0078592660873458,1.0054149570777464,-0.070150298092567648,0,0,1,UNSTABLE,2.0689840049196981e-16,6.3347462913760414e-17,1
B2_D2_Guyan,B2,2,Guyan,full-grid,1441,21,33,64,1.0078310454014301,1.0053873043203916,-0.070141174685885682,0,0,1,UNSTABLE,1.5563352938497047e-16,6.3347462913760414e-17,1
B2_D2_Guyan,B2,2,Guyan,full-grid,1442,21,34,65,1.0078024774907206,1.0053591596356912,-0.070134112762987616,0,0,1,UNSTABLE,2.6210740382308841e-16,6.3347462913760414e-17,1
B2_D2_Guyan,B2,2,Guyan,full-grid,1443,21,35,66,1.0077737198473702,1.0053306787347016,-0.070129143797921761,0,0,1,UNSTABLE,2.560290096116327e-16,6.3347462913760414e-17,1
B2_D2_Guyan,B2,2,Guyan,full-grid,1444,21,36,67,1.0077449321919103,1.0053020203992775,-0.07012628707986901,0,0,1,UNSTABLE,1.2613157660112717e-16,6.3347462913760414e-17,1
B2_D2_Guyan,B2,2,Guyan,full-grid,1445,21,37,68,1.0077162754411697,1.0052733454778426,-0.070125549272782486,0,0,1,UNSTABLE,8.3621059346075624e-17,6.3347462913760414e-17,1
B2_D2_Guyan,B2,2,Guyan,full-grid,1446,21,38,69,1.0076879106078787,1.0052448158071434,-0.070126924060121387,0,0,1,UNSTABLE,2.3447444213826333e-16,6.3347462913760414e-17,1
B2_D2_Guyan,B2,2,Guyan,full-grid,1447,21,39,70,1.0076599976390801,1.0052165930662107,-0.070130391887905819,0,0,1,UNSTABLE,1.5745672019900663e-16,6.3347462913760414e-17,1
B2_D2_Guyan,B2,2,Guyan,full-grid,1448,21,40,71,1.0076326942030098,1.0051888375712896,-0.070135919819273307,0,0,1,UNSTABLE,1.4288390146649164e-16,6.3347462913760414e-17,1
B2_D2_Guyan,B2,2,Guyan,full-grid,1449,21,41,72,1.0076061544366384,1.0051617070230618,-0.07014346151335471,0,0,1,UNSTABLE,1.4750978122159464e-16,6.3347462913760414e-17,1
B2_D2_Guyan,B2,2,Guyan,full-grid,1450,21,42,73,1.0075805276689929,1.0051353552204549,-0.070152957340198621,0,0,1,UNSTABLE,2.0754355765205976e-16,6.3347462913760414e-17,1
B2_D2_Guyan,B2,2,Guyan,full-grid,1451,21,43,74,1.0075559571378399,1.0051099307579319,-0.070164334641851359,0,0,1,UNSTABLE,2.6548203669575232e-16,6.3347462913760414e-17,1
B2_D2_Guyan,B2,2,Guyan,full-grid,1452,21,44,75,1.0075325787199505,1.0050855757259236,-0.070177508147285128,0,0,1,UNSTABLE,1.2635955292712314e-16,6.3347462913760414e-17,1
B2_D2_Guyan,B2,2,Guyan,full-grid,1453,21,45,76,1.0075105196971252,1.0050624244362512,-0.070192380545871583,0,0,1,UNSTABLE,2.9356262584098307e-16,6.3347462913760414e-17,1
B2_D2_Guyan,B2,2,Guyan,full-grid,1454,21,46,77,1.0074898975817188,1.0050406021961873,-0.070208843220404285,0,0,1,UNSTABLE,8.7958380358236996e-17,6.3347462913760414e-17,1
B2_D2_Guyan,B2,2,Guyan,full-grid,1455,21,47,78,1.0074708190260879,1.0050202241557673,-0.070226777136554966,0,0,1,UNSTABLE,1.6391817406907963e-16,6.3347462913760414e-17,1
B2_D2_Guyan,B2,2,Guyan,full-grid,1456,21,48,79,1.0074533788402791,1.0050013942531839,-0.070246053880992254,0,0,1,UNSTABLE,2.3748897400861723e-16,6.3347462913760414e-17,1
B2_D2_Guyan,B2,2,Guyan,full-grid,1457,21,49,80,1.0074376591411622,1.0049842042823136,-0.070266536835605464,0,0,1,UNSTABLE,2.2471066061938113e-16,6.3347462913760414e-17,1
B2_D2_Guyan,B2,2,Guyan,full-grid,1458,21,50,81,1.007423728653847,1.0049687331043606,-0.070288082470901569,0,0,1,UNSTABLE,3.6293117481136635e-16,6.3347462913760414e-17,1
B2_D2_Guyan,B2,2,Guyan,full-grid,1459,21,51,82,1.0074116421833479,1.0049550460230676,-0.070310541736812143,0,0,1,UNSTABLE,5.5525968058392779e-16,6.3347462913760414e-17,1
B2_D2_Guyan,B2,2,Guyan,full-grid,1460,21,52,83,1.0074014402697531,1.0049431943384461,-0.070333761526118185,0,0,1,UNSTABLE,2.4126589944743362e-16,6.3347462913760414e-17,1
B2_D2_Guyan,B2,2,Guyan,full-grid,1461,21,53,84,1.0073931490359629,1.0049332150900512,-0.070357586182063003,0,0,1,UNSTABLE,3.0747558228185321e-16,6.3347462913760414e-17,1
B2_D2_Guyan,B2,2,Guyan,full-grid,1462,21,54,85,1.0073867802308871,1.004925130994724,-0.070381859020563819,0,0,1,UNSTABLE,4.5958164955434848e-16,6.3347462913760414e-17,1
B2_D2_Guyan,B2,2,Guyan,full-grid,1463,21,55,86,1.0073823314657806,1.0049189505785878,-0.070406423836619811,0,0,1,UNSTABLE,2.7186081297567361e-16,6.3347462913760414e-17,1
B2_D2_Guyan,B2,2,Guyan,full-grid,1464,21,56,87,1.0073797866356764,1.0049146684973584,-0.070431126364590091,0,0,1,UNSTABLE,3.6213571005703803e-16,6.3347462913760414e-17,1
B2_D2_Guyan,B2,2,Guyan,full-grid,1465,21,57,88,1.0073791165123831,1.0049122660333372,-0.070455815664947269,0,0,1,UNSTABLE,1.6388252868492272e-16,6.3347462913760414e-17,1
B2_D2_Guyan,B2,2,Guyan,full-grid,1466,21,58,89,1.0073802794912163,1.0049117117530466,-0.070480345411773629,0,0,1,UNSTABLE,1.0191004567118691e-16,6.3347462913760414e-17,1
B2_D2_Guyan,B2,2,Guyan,full-grid,1467,21,59,90,1.0073832224695245,1.0049129623050215,-0.070504575060274327,0,0,1,UNSTABLE,2.3082300848441067e-16,6.3347462913760414e-17,1
B2_D2_Guyan,B2,2,Guyan,full-grid,1468,21,60,91,1.0073878818327007,1.0049159633346534,-0.070528370876977942,0,0,1,UNSTABLE,2.1733568783550815e-16,6.3347462913760414e-17,1
B2_D2_Guyan,B2,2,Guyan,full-grid,1469,21,61,92,1.0073941845214192,1.0049206504906307,-0.070551606821269749,0,0,1,UNSTABLE,1.8066648616193192e-16,6.3347462913760414e-17,1
B2_D2_Guyan,B2,2,Guyan,full-grid,1470,21,62,93,1.0074020491536031,1.0049269504969767,-0.070574165271194866,0,0,1,UNSTABLE,2.0770335159665395e-16,6.3347462913760414e-17,1
B2_D2_Guyan,B2,2,Guyan,full-grid,1471,21,63,94,1.0074113871751404,1.0049347822648498,-0.070595937591620209,0,0,1,UNSTABLE,3.2014184276591518e-16,6.3347462913760414e-17,1
B2_D2_Guyan,B2,2,Guyan,full-grid,1472,21,64,95,1.0074221040147946,1.004944058019356,-0.070616824547585721,0,0,1,UNSTABLE,4.6914579309809029e-16,6.3347462913760414e-17,1
B2_D2_Guyan,B2,2,Guyan,full-grid,1473,21,65,96,1.007434100221174,1.0049546844187962,-0.070636736569322983,0,0,1,UNSTABLE,3.4927200187303252e-16,6.3347462913760414e-17,1
B2_D2_Guyan,B2,2,Guyan,full-grid,1474,21,66,97,1.007447272562342,1.0049665636462368,-0.070655593878871423,0,0,1,UNSTABLE,3.56489994346481e-16,6.3347462913760414e-17,1
B2_D2_Guyan,B2,2,Guyan,full-grid,1475,22,0,32,1.0081804693151402,1.0057465022645049,-0.070013083714476662,0,0,1,UNSTABLE,1.224312858550821e-16,3.0504639614637823e-17,1
B2_D2_Guyan,B2,2,Guyan,full-grid,1476,22,1,33,1.0082040056657717,1.0057713847219514,-0.069994562038748376,0,0,1,UNSTABLE,1.1361243856533389e-16,6.3347462913760414e-17,1
B2_D2_Guyan,B2,2,Guyan,full-grid,1477,22,2,34,1.0082260549153457,1.0057948761678595,-0.069974601711205536,0,0,1,UNSTABLE,1.8990750391399471e-16,6.3347462913760414e-17,1
B2_D2_Guyan,B2,2,Guyan,full-grid,1478,22,3,35,1.0082465463443819,1.0058168991716967,-0.069953295533566703,0,0,1,UNSTABLE,1.7087209848924392e-16,6.3347462913760414e-17,1
B2_D2_Guyan,B2,2,Guyan,full-grid,1479,22,4,36,1.008265414494961,1.0058373813148538,-0.069930740138891723,0,0,1,UNSTABLE,1.9481630098826799e-16,6.3347462913760414e-17,1
B2_D2_Guyan,B2,2,Guyan,full-grid,1480,22,5,37,1.0082825993468565,1.0058562553777703,-0.06990703586237168,0,0,1,UNSTABLE,3.846898490059811e-16,6.3347462913760414e-17,1
B2_D2_Guyan,B2,2,Guyan,full-grid,1481,22,6,38,1.008298046510403,1.0058734595447074,-0.069882286598655682,0,0,1,UNSTABLE,1.0762783797805365e-16,6.3347462913760414e-17,1
B2_D2_Guyan,B2,2,Guyan,full-grid,1482,22,7,39,1.0083117074339314,1.005888937624245,-0.069856599641678493,0,0,1,UNSTABLE,3.775244683603714e-16,6.3347462913760414e-17,1
B2_D2_Guyan,B2,2,Guyan,full-grid,1483,22,8,40,1.0083235396229502,1.0059026392829358,-0.069830085503165412,0,0,1,UNSTABLE,4.1777291523718079e-16,6.3347462913760414e-17,1
B2_D2_Guyan,B2,2,Guyan,full-grid,1484,22,9,41,1.0083335068680157,1.005914520289231,-0.069802857706810897,0,0,1,UNSTABLE,3.0748325863840357e-16,6.3347462913760414e-17,1
B2_D2_Guyan,B2,2,Guyan,full-grid,1485,22,10,42,1.0083415794775685,1.0059245427641463,-0.069775032555065813,0,0,1,UNSTABLE,3.5961130278755538e-16,6.3347462913760414e-17,1
B2_D2_Guyan,B2,2,Guyan,full-grid,1486,22,11,43,1.0083477345120824,1.0059326754351319,-0.069746728866425259,0,0,1,UNSTABLE,1.8552561104199373e-16,6.3347462913760414e-17,1
B2_D2_Guyan,B2,2,Guyan,full-grid,1487,22,12,44,1.0083519560153067,1.0059388938890226,-0.069718067681373147,0,0,1,UNSTABLE,3.5703119079019644e-16,6.3347462913760414e-17,1
B2_D2_Guyan,B2,2,Guyan,full-grid,1488,22,13,45,1.0083542352385075,1.0059431808200439,-0.069689171935730487,0,0,1,UNSTABLE,1.6956360153962075e-16,6.3347462913760414e-17,1
B2_D2_Guyan,B2,2,Guyan,full-grid,1489,22,14,46,1.0083545708533437,1.0059455262685169,-0.069660166100775231,0,0,1,UNSTABLE,1.3412712545876783e-16,6.3347462913760414e-17,1
B2_D2_Guyan,B2,2,Guyan,full-grid,1490,22,15,47,1.0083529691491411,1.0059459278460328,-0.069631175789819047,0,0,1,UNSTABLE,6.9004367166119946e-16,6.3347462913760414e-17,1
B2_D2_Guyan,B2,2,Guyan,full-grid,1491,22,16,48,1.0083494442102989,1.0059443909427743,-0.069602327331701991,0,0,1,UNSTABLE,2.853757324781376e-16,6.3347462913760414e-17,1
B2_D2_Guyan,B2,2,Guyan,full-grid,1492,22,17,49,1.0083440180696923,1.0059409289127861,-0.069573747311849329,0,0,1,UNSTABLE,2.3226727761112158e-16,6.3347462913760414e-17,1
B2_D2_Guyan,B2,2,Guyan,full-grid,1493,22,18,50,1.0083367208341165,1.005935563233137,-0.069545562082208509,0,0,1,UNSTABLE,1.4337829043665412e-16,6.3347462913760414e-17,1
B2_D2_Guyan,B2,2,Guyan,full-grid,1494,22,19,51,1.0083275907778628,1.0059283236329404,-0.069517897241730423,0,0,1,UNSTABLE,4.6980047989640696e-16,6.3347462913760414e-17,1
B2_D2_Guyan,B2,2,Guyan,full-grid,1495,22,20,52,1.0083166744009173,1.0059192481885972,-0.069490877089100636,0,0,1,UNSTABLE,1.5247885880975049e-16,6.3347462913760414e-17,1
B2_D2_Guyan,B2,2,Guyan,full-grid,1496,22,21,53,1.0083040264481713,1.0059083833814733,-0.069464624050416299,0,0,1,UNSTABLE,2.630896271643401e-16,6.3347462913760414e-17,1
B2_D2_Guyan,B2,2,Guyan,full-grid,1497,22,22,54,1.0082897098865546,1.0058957841147591,-0.069439258084073599,0,0,1,UNSTABLE,2.2705442614181818e-16,6.3347462913760414e-17,1
B2_D2_Guyan,B2,2,Guyan,full-grid,1498,22,23,55,1.0082737958368799,1.0058815136861226,-0.06941489606579325,0,0,1,UNSTABLE,3.7100636546729547e-16,6.3347462913760414e-17,1
B2_D2_Guyan,B2,2,Guyan,full-grid,1499,22,24,56,1.008256363457521,1.0058656437130562,-0.069391651157063958,0,0,1,UNSTABLE,7.1037086324152115e-16,6.3347462913760414e-17,1
B2_D2_Guyan,B2,2,Guyan,full-grid,1500,22,25,57,1.00823749977712,1.0058482540079179,-0.06936963216019866,0,0,1,UNSTABLE,1.5020430406429007e-16,6.3347462913760414e-17,1
B2_D2_Guyan,B2,2,Guyan,full-grid,1501,22,26,58,1.0082172994737006,1.0058294323998116,-0.069348942863712237,0,0,1,UNSTABLE,2.2429787660223192e-16,6.3347462913760414e-17,1
B2_D2_Guyan,B2,2,Guyan,full-grid,1502,22,27,59,1.0081958645975244,1.0058092745003933,-0.069329681382089378,0,0,1,UNSTABLE,3.5114482793137684e-16,6.3347462913760414e-17,1
B2_D2_Guyan,B2,2,Guyan,full-grid,1503,22,28,60,1.0081733042353775,1.0057878834110172,-0.069311939494323668,0,0,1,UNSTABLE,2.3577082831911957e-16,6.3347462913760414e-17,1
B2_D2_Guyan,B2,2,Guyan,full-grid,1504,22,29,61,1.0081497341139465,1.0057653693685993,-0.069295801985877953,0,0,1,UNSTABLE,3.2610521845917229e-16,6.3347462913760414e-17,1
B2_D2_Guyan,B2,2,Guyan,full-grid,1505,22,30,62,1.0081252761401438,1.0057418493277126,-0.069281345999581426,0,0,1,UNSTABLE,3.7175887198381528e-16,6.3347462913760414e-17,1
B2_D2_Guyan,B2,2,Guyan,full-grid,1506,22,31,63,1.0081000578766741,1.005717446476845,-0.069268640401325909,0,0,1,UNSTABLE,1.3934982124368536e-16,6.3347462913760414e-17,1
B2_D2_Guyan,B2,2,Guyan,full-grid,1507,22,32,64,1.0080742119512556,1.0056922896868254,-0.069257745166985352,0,0,1,UNSTABLE,1.8182790309655311e-16,6.3347462913760414e-17,1
B2_D2_Guyan,B2,2,Guyan,full-grid,1508,22,33,65,1.008047875398679,1.005666512890127,-0.069248710798129276,0,0,1,UNSTABLE,2.1291789614265775e-16,6.3347462913760414e-17,1
B2_D2_Guyan,B2,2,Guyan,full-grid,1509,22,34,66,1.0080211889353929,1.005640254390229,-0.06924157777433157,0,0,1,UNSTABLE,1.2761030810652841e-16,6.3347462913760414e-17,1
B2_D2_Guyan,B2,2,Guyan,full-grid,1510,22,35,67,1.0079942961672639,1.0056136561011211,-0.069236376050990811,0,0,1,UNSTABLE,1.7178911011723825e-16,6.3347462913760414e-17,1
B2_D2_Guyan,B2,2,Guyan,full-grid,1511,22,36,68,1.007967342732323,1.0055868627181281,-0.069233124612229885,0,0,1,UNSTABLE,1.845913556453593e-16,6.3347462913760414e-17,1
B2_D2_Guyan,B2,2,Guyan,full-grid,1512,22,37,69,1.0079404753815067,1.0055600208224109,-0.069231831088957863,0,0,1,UNSTABLE,2.3458699640187316e-16,6.3347462913760414e-17,1
B2_D2_Guyan,B2,2,Guyan,full-grid,1513,22,38,70,1.0079138410021549,1.00553327792319,-0.06923249145279764,0,0,1,UNSTABLE,9.5448387075536119e-17,6.3347462913760414e-17,1
B2_D2_Guyan,B2,2,Guyan,full-grid,1514,22,39,71,1.0078875855907239,1.0055067814434486,-0.069235089796544316,0,0,1,UNSTABLE,8.6597520724440596e-17,6.3347462913760414e-17,1
B2_D2_Guyan,B2,2,Guyan,full-grid,1515,22,40,72,1.0078618531831856,1.0054806776568341,-0.069239598212284176,0,0,1,UNSTABLE,3.9915550504603085e-16,6.3347462913760414e-17,1
B2_D2_Guyan,B2,2,Guyan,full-grid,1516,22,41,73,1.0078367847536955,1.0054551105856779,-0.06924597677705617,0,0,1,UNSTABLE,2.4536966272105223e-16,6.3347462913760414e-17,1
B2_D2_Guyan,B2,2,Guyan,full-grid,1517,22,42,74,1.0078125170943082,1.0054302208722519,-0.069254173655745557,0,0,1,UNSTABLE,1.2953011563455144e-16,6.3347462913760414e-17,1
B2_D2_Guyan,B2,2,Guyan,full-grid,1518,22,43,75,1.0077891816904969,1.0054061446374778,-0.069264125329094886,0,0,1,UNSTABLE,2.2446190729069016e-16,6.3347462913760414e-17,1
B2_D2_Guyan,B2,2,Guyan,full-grid,1519,22,44,76,1.007766903609308,1.0053830123434988,-0.069275756952951031,0,0,1,UNSTABLE,1.5321669641356218e-16,6.3347462913760414e-17,1
B2_D2_Guyan,B2,2,Guyan,full-grid,1520,22,45,77,1.0077458004184627,1.005360947678172,-0.069288982852227607,0,0,1,UNSTABLE,2.3915246074429076e-16,6.3347462913760414e-17,1
B2_D2_Guyan,B2,2,Guyan,full-grid,1521,22,46,78,1.0077259811559158,1.0053400664809193,-0.069303707150440111,0,0,1,UNSTABLE,3.6694794579656773e-16,6.3347462913760414e-17,1
B2_D2_Guyan,B2,2,Guyan,full-grid,1522,22,47,79,1.0077075453699735,1.0053204757302225,-0.069319824531919372,0,0,1,UNSTABLE,1.7576782072325908e-16,6.3347462913760414e-17,1
B2_D2_Guyan,B2,2,Guyan,full-grid,1523,22,48,80,1.0076905822499369,1.0053022726131102,-0.069337221130734594,0,0,1,UNSTABLE,3.211173372570775e-16,6.3347462913760414e-17,1
B2_D2_Guyan,B2,2,Guyan,full-grid,1524,22,49,81,1.0076751698663788,1.0052855436964481,-0.069355775535799136,0,0,1,UNSTABLE,3.492406297841761e-16,6.3347462913760414e-17,1
B2_D2_Guyan,B2,2,Guyan,full-grid,1525,22,50,82,1.0076613745384373,1.0052703642183045,-0.069375359898812911,0,0,1,UNSTABLE,2.9425296422040245e-16,6.3347462913760414e-17,1
B2_D2_Guyan,B2,2,Guyan,full-grid,1526,22,51,83,1.0076492503430439,1.0052567975154902,-0.069395841127541921,0,0,1,UNSTABLE,2.2898979999902288e-16,6.3347462913760414e-17,1
B2_D2_Guyan,B2,2,Guyan,full-grid,1527,22,52,84,1.0076388387777897,1.0052448946003425,-0.069417082144087219,0,0,1,UNSTABLE,3.2575497922980035e-16,6.3347462913760414e-17,1
B2_D2_Guyan,B2,2,Guyan,full-grid,1528,22,53,85,1.0076301685852751,1.005234693896127,-0.069438943185718541,0,0,1,UNSTABLE,2.3186585285154952e-16,6.3347462913760414e-17,1
B2_D2_Guyan,B2,2,Guyan,full-grid,1529,22,54,86,1.0076232557425033,1.0052262211362866,-0.0694612831236468,0,0,1,UNSTABLE,2.67986274173096e-16,6.3347462913760414e-17,1
B2_D2_Guyan,B2,2,Guyan,full-grid,1530,22,55,87,1.0076181036143728,1.0052194894282775,-0.069483960774973763,0,0,1,UNSTABLE,3.4157667543704716e-16,6.3347462913760414e-17,1
B2_D2_Guyan,B2,2,Guyan,full-grid,1531,22,56,88,1.0076147032658456,1.0052144994782695,-0.069506836182998327,0,0,1,UNSTABLE,2.7238403164373474e-16,6.3347462913760414e-17,1
B2_D2_Guyan,B2,2,Guyan,full-grid,1532,22,57,89,1.0076130339228846,1.0052112399684194,-0.069529771842231886,0,0,1,UNSTABLE,4.4267331108479187e-16,6.3347462913760414e-17,1
B2_D2_Guyan,B2,2,Guyan,full-grid,1533,22,58,90,1.0076130635686644,1.0052096880746748,-0.069552633846923048,0,0,1,UNSTABLE,2.1119990329235312e-16,6.3347462913760414e-17,1
B2_D2_Guyan,B2,2,Guyan,full-grid,1534,22,59,91,1.0076147496580019,1.0052098101093545,-0.069575292944214925,0,0,1,UNSTABLE,2.2538383563053172e-16,6.3347462913760414e-17,1
B2_D2_Guyan,B2,2,Guyan,full-grid,1535,22,60,92,1.0076180399307875,1.0052115622703219,-0.06959762547688568,0,0,1,UNSTABLE,5.0006422272880596e-16,6.3347462913760414e-17,1
B2_D2_Guyan,B2,2,Guyan,full-grid,1536,22,61,93,1.0076228733032648,1.0052148914763717,-0.069619514204522573,0,0,1,UNSTABLE,2.3789335572391921e-16,6.3347462913760414e-17,1
B2_D2_Guyan,B2,2,Guyan,full-grid,1537,22,62,94,1.0076291808155398,1.0052197362677382,-0.069640848995501214,0,0,1,UNSTABLE,5.3638838536108246e-16,6.3347462913760414e-17,1
B2_D2_Guyan,B2,2,Guyan,full-grid,1538,22,63,95,1.0076368866136616,1.0052260277502911,-0.06966152738667207,0,0,1,UNSTABLE,2.5219146079492517e-16,6.3347462913760414e-17,1
B2_D2_Guyan,B2,2,Guyan,full-grid,1539,22,64,96,1.0076459089454852,1.0052336905625956,-0.069681455011189913,0,0,1,UNSTABLE,5.0730199342628562e-16,6.3347462913760414e-17,1
B2_D2_Guyan,B2,2,Guyan,full-grid,1540,22,65,97,1.0076561611511512,1.0052426438464264,-0.069700545898304975,0,0,1,UNSTABLE,4.0747430636137533e-16,6.3347462913760414e-17,1
B2_D2_Guyan,B2,2,Guyan,full-grid,1541,22,66,98,1.007667552631017,1.0052528022030887,-0.069718722651962411,0,0,1,UNSTABLE,4.1114314325464642e-16,6.3347462913760414e-17,1
B2_D2_Guyan,B2,2,Guyan,full-grid,1542,23,0,33,1.0083397339487195,1.0059697239155674,-0.069093658355970977,0,0,1,UNSTABLE,1.8912471438803873e-16,3.0504639614637823e-17,1
B2_D2_Guyan,B2,2,Guyan,full-grid,1543,23,1,34,1.0083618565996111,1.0059931142182088,-0.069075958122668799,0,0,1,UNSTABLE,2.5526521323676767e-16,6.3347462913760414e-17,1
B2_D2_Guyan,B2,2,Guyan,full-grid,1544,23,2,35,1.0083825798975659,1.0060151927166587,-0.069056929153671176,0,0,1,UNSTABLE,1.4099987759184177e-16,6.3347462913760414e-17,1
B2_D2_Guyan,B2,2,Guyan,full-grid,1545,23,3,36,1.0084018397465577,1.0060358891746153,-0.06903665763116805,0,0,1,UNSTABLE,2.5734941768205355e-16,6.3347462913760414e-17,1
B2_D2_Guyan,B2,2,Guyan,full-grid,1546,23,4,37,1.0084195768347493,1.0060551379195466,-0.069015233168168669,0,0,1,UNSTABLE,1.6899958874434829e-16,6.3347462913760414e-17,1
B2_D2_Guyan,B2,2,Guyan,full-grid,1547,23,5,38,1.0084357367949732,1.0060728780125745,-0.068992748696625472,0,0,1,UNSTABLE,8.4959922809000976e-17,6.3347462913760414e-17,1
B2_D2_Guyan,B2,2,Guyan,full-grid,1548,23,6,39,1.0084502703806395,1.0060890534346458,-0.068969300342711079,0,0,1,UNSTABLE,3.0542526102811959e-16,6.3347462913760414e-17,1
B2_D2_Guyan,B2,2,Guyan,full-grid,1549,23,7,40,1.0084631336550265,1.0061036132871803,-0.068944987285484732,0,0,1,UNSTABLE,5.2029453307600217e-16,6.3347462913760414e-17,1
B2_D2_Guyan,B2,2,Guyan,full-grid,1550,23,8,41,1.0084742881913336,1.0061165120047542,-0.068919911596028338,0,0,1,UNSTABLE,2.7341547958709229e-16,6.3347462913760414e-17,1
B2_D2_Guyan,B2,2,Guyan,full-grid,1551,23,9,42,1.0084837012806915,1.0061277095772179,-0.068894178053769378,0,0,1,UNSTABLE,2.2369007834081068e-16,6.3347462913760414e-17,1
B2_D2_Guyan,B2,2,Guyan,full-grid,1552,23,10,43,1.0084913461448284,1.0061371717780672,-0.068867893937889474,0,0,1,UNSTABLE,3.2297684156141921e-16,6.3347462913760414e-17,1
B2_D2_Guyan,B2,2,Guyan,full-grid,1553,23,11,44,1.0084972021499079,1.0061448703957241,-0.068841168791382662,0,0,1,UNSTABLE,3.7967585637955309e-16,6.3347462913760414e-17,1
B2_D2_Guyan,B2,2,Guyan,full-grid,1554,23,12,45,1.0085012550178902,1.0061507834641461,-0.068814114156504666,0,0,1,UNSTABLE,1.7313274008264868e-16,6.3347462913760414e-17,1
B2_D2_Guyan,B2,2,Guyan,full-grid,1555,23,13,46,1.0085034970315143,1.0061548954889223,-0.068786843280307625,0,0,1,UNSTABLE,2.1624038329714909e-16,6.3347462913760414e-17,1
B2_D2_Guyan,B2,2,Guyan,full-grid,1556,23,14,47,1.0085039272290464,1.0061571976650274,-0.068759470789618415,0,0,1,UNSTABLE,3.0408495735726918e-16,6.3347462913760414e-17,1
B2_D2_Guyan,B2,2,Guyan,full-grid,1557,23,15,48,1.0085025515848489,1.006157688082268,-0.068732112335473855,0,0,1,UNSTABLE,1.5129695998803746e-16,6.3347462913760414e-17,1
B2_D2_Guyan,B2,2,Guyan,full-grid,1558,23,16,49,1.0084993831719111,1.0061563719145372,-0.068704884207025516,0,0,1,UNSTABLE,3.3860527966239249e-16,6.3347462913760414e-17,1
B2_D2_Guyan,B2,2,Guyan,full-grid,1559,23,17,50,1.0084944423024702,1.006153261588931,-0.068677902915904684,0,0,1,UNSTABLE,2.1440043105795663e-16,6.3347462913760414e-17,1
B2_D2_Guyan,B2,2,Guyan,full-grid,1560,23,18,51,1.0084877566431392,1.0061483769310635,-0.068651284751984953,0,0,1,UNSTABLE,1.9060657456921778e-16,6.3347462913760414e-17,1
B2_D2_Guyan,B2,2,Guyan,full-grid,1561,23,19,52,1.0084793613009164,1.0061417452828372,-0.068625145312126518,0,0,1,UNSTABLE,1.9875827019266452e-16,6.3347462913760414e-17,1
B2_D2_Guyan,B2,2,Guyan,full-grid,1562,23,20,53,1.0084692988767563,1.0061334015892234,-0.068599599003747597,0,0,1,UNSTABLE,3.1560205318426871e-16,6.3347462913760414e-17,1
B2_D2_Guyan,B2,2,Guyan,full-grid,1563,23,21,54,1.0084576194835124,1.0061233884507081,-0.068574758525407981,0,0,1,UNSTABLE,2.2597581707484518e-16,6.3347462913760414e-17,1
B2_D2_Guyan,B2,2,Guyan,full-grid,1564,23,22,55,1.0084443807252377,1.006111756138242,-0.068550734326708995,0,0,1,UNSTABLE,1.7598783016917893e-16,6.3347462913760414e-17,1
B2_D2_Guyan,B2,2,Guyan,full-grid,1565,23,23,56,1.0084296476350183,1.0060985625676633,-0.068527634050569428,0,0,1,UNSTABLE,2.5177340844712778e-16,6.3347462913760414e-17,1
B2_D2_Guyan,B2,2,Guyan,full-grid,1566,23,24,57,1.0084134925687029,1.0060838732308053,-0.068505561960403527,0,0,1,UNSTABLE,1.2546939591622307e-16,6.3347462913760414e-17,1
B2_D2_Guyan,B2,2,Guyan,full-grid,1567,23,25,58,1.0083959950520365,1.0060677610805551,-0.068484618355846807,0,0,1,UNSTABLE,2.813993940748937e-16,6.3347462913760414e-17,1
B2_D2_Guyan,B2,2,Guyan,full-grid,1568,23,26,59,1.0083772415788468,1.0060503063673172,-0.06846489898036405,0,0,1,UNSTABLE,1.9898246218153674e-16,6.3347462913760414e-17,1
B2_D2_Guyan,B2,2,Guyan,full-grid,1569,23,27,60,1.008357325358145,1.0060315964245032,-0.068446494424458909,0,0,1,UNSTABLE,2.4910555758286297e-16,6.3347462913760414e-17,1
B2_D2_Guyan,B2,2,Guyan,full-grid,1570,23,28,61,1.0083363460080816,1.0060117254007248,-0.068429489528904749,0,0,1,UNSTABLE,2.1620858812418937e-16,6.3347462913760414e-17,1
B2_D2_Guyan,B2,2,Guyan,full-grid,1571,23,29,62,1.0083144091950085,1.0059907939366788,-0.068413962792179484,0,0,1,UNSTABLE,4.8283051959897004e-16,6.3347462913760414e-17,1
B2_D2_Guyan,B2,2,Guyan,full-grid,1572,23,30,63,1.0082916262160018,1.0059689087847652,-0.068399985787264916,0,0,1,UNSTABLE,3.4168488089603207e-16,6.3347462913760414e-17,1
B2_D2_Guyan,B2,2,Guyan,full-grid,1573,23,31,64,1.0082681135235361,1.0059461823697999,-0.068387622593094374,0,0,1,UNSTABLE,3.765118727262376e-16,6.3347462913760414e-17,1
B2_D2_Guyan,B2,2,Guyan,full-grid,1574,23,32,65,1.0082439921915238,1.0059227322896618,-0.068376929246662457,0,0,1,UNSTABLE,3.4157545570873601e-16,6.3347462913760414e-17,1
B2_D2_Guyan,B2,2,Guyan,full-grid,1575,23,33,66,1.0082193873220544,1.0058986807548118,-0.068367953222161007,0,0,1,UNSTABLE,1.5644254207545919e-16,6.3347462913760414e-17,1
B2_D2_Guyan,B2,2,Guyan,full-grid,1576,23,34,67,1.0081944273933297,1.0058741539667309,-0.068360732944263994,0,0,1,UNSTABLE,3.9367429096393306e-16,6.3347462913760414e-17,1
B2_D2_Guyan,B2,2,Guyan,full-grid,1577,23,35,68,1.0081692435494976,1.0058492814354905,-0.068355297343174137,0,0,1,UNSTABLE,3.7609740040293961e-16,6.3347462913760414e-17,1
B2_D2_Guyan,B2,2,Guyan,full-grid,1578,23,36,69,1.0081439688345015,1.0058241952380567,-0.068351665459562755,0,0,1,UNSTABLE,4.8354270984058252e-16,6.3347462913760414e-17,1
B2_D2_Guyan,B2,2,Guyan,full-grid,1579,23,37,70,1.0081187373728897,1.0057990292197203,-0.0683498461079311,0,0,1,UNSTABLE,4.6909537125979422e-16,6.3347462913760414e-17,1
B2_D2_Guyan,B2,2,Guyan,full-grid,1580,23,38,71,1.0080936835019587,1.0057739181424372,-0.068349837607396421,0,0,1,UNSTABLE,2.0281203565967531e-16,6.3347462913760414e-17,1
B2_D2_Guyan,B2,2,Guyan,full-grid,1581,23,39,72,1.008068940861127,1.0057489967854061,-0.068351627588694799,0,0,1,UNSTABLE,1.1311032821365344e-16,6.3347462913760414e-17,1
B2_D2_Guyan,B2,2,Guyan,full-grid,1582,23,40,73,1.008044641445843,1.0057243990045812,-0.068355192886511817,0,0,1,UNSTABLE,2.5802250147465575e-16,6.3347462913760414e-17,1
B2_D2_Guyan,B2,2,Guyan,full-grid,1583,23,41,74,1.008020914635263,1.0057002567598199,-0.068360499525270513,0,0,1,UNSTABLE,1.2809505939405262e-16,6.3347462913760414e-17,1
B2_D2_Guyan,B2,2,Guyan,full-grid,1584,23,42,75,1.0079978862044099,1.0056766991198505,-0.068367502806231883,0,0,1,UNSTABLE,1.4323651857356867e-16,6.3347462913760414e-17,1
B2_D2_Guyan,B2,2,Guyan,full-grid,1585,23,43,76,1.0079756773334172,1.0056538512572377,-0.068376147502231144,0,0,1,UNSTABLE,3.7486850128920007e-16,6.3347462913760414e-17,1
B2_D2_Guyan,B2,2,Guyan,full-grid,1586,23,44,77,1.0079544036277162,1.0056318334468664,-0.0683863681650001,0,0,1,UNSTABLE,3.1183825769753493e-16,6.3347462913760414e-17,1
B2_D2_Guyan,B2,2,Guyan,full-grid,1587,23,45,78,1.0079341741645871,1.0056107600831772,-0.068398089547756225,0,0,1,UNSTABLE,2.6964974095771293e-16,6.3347462913760414e-17,1
B2_D2_Guyan,B2,2,Guyan,full-grid,1588,23,46,79,1.0079150905820802,1.0055907387320873,-0.068411227143926182,0,0,1,UNSTABLE,2.4206244284459326e-16,6.3347462913760414e-17,1
B2_D2_Guyan,B2,2,Guyan,full-grid,1589,23,47,80,1.0078972462270852,1.0055718692345419,-0.068425687839372418,0,0,1,UNSTABLE,1.6049169772683728e-16,6.3347462913760414e-17,1
B2_D2_Guyan,B2,2,Guyan,full-grid,1590,23,48,81,1.0078807253790882,1.0055542428785278,-0.068441370673503296,0,0,1,UNSTABLE,3.3570787911886739e-16,6.3347462913760414e-17,1
B2_D2_Guyan,B2,2,Guyan,full-grid,1591,23,49,82,1.0078656025654429,1.005537941655936,-0.068458167700769179,0,0,1,UNSTABLE,4.7375561876889424e-16,6.3347462913760414e-17,1
B2_D2_Guyan,B2,2,Guyan,full-grid,1592,23,50,83,1.0078519419828871,1.0055230376197093,-0.068475964941790049,0,0,1,UNSTABLE,1.9325072988367258e-16,6.3347462913760414e-17,1
B2_D2_Guyan,B2,2,Guyan,full-grid,1593,23,51,84,1.0078397970379087,1.0055095923548256,-0.068494643409871186,0,0,1,UNSTABLE,3.0069257859465089e-16,6.3347462913760414e-17,1
B2_D2_Guyan,B2,2,Guyan,full-grid,1594,23,52,85,1.0078292100161772,1.0054976565744116,-0.06851408019669103,0,0,1,UNSTABLE,1.4576448256925817e-16,6.3347462913760414e-17,1
B2_D2_Guyan,B2,2,Guyan,full-grid,1595,23,53,86,1.0078202118881685,1.005487269849352,-0.06853414959864218,0,0,1,UNSTABLE,3.2675240095267886e-16,6.3347462913760414e-17,1
B2_D2_Guyan,B2,2,Guyan,full-grid,1596,23,54,87,1.0078128222548131,1.0054784604765625,-0.068554724263855144,0,0,1,UNSTABLE,4.2797462696042529e-16,6.3347462913760414e-17,1
B2_D2_Guyan,B2,2,Guyan,full-grid,1597,23,55,88,1.0078070494332996,1.0054712454874311,-0.068575676339409378,0,0,1,UNSTABLE,1.916765219268716e-16,6.3347462913760414e-17,1
B2_D2_Guyan,B2,2,Guyan,full-grid,1598,23,56,89,1.0078028906795429,1.0054656307943344,-0.068596878598038272,0,0,1,UNSTABLE,3.4905559670159151e-16,6.3347462913760414e-17,1
B2_D2_Guyan,B2,2,Guyan,full-grid,1599,23,57,90,1.0078003325403524,1.0054616114696093,-0.068618205524345027,0,0,1,UNSTABLE,1.9027192559166344e-16,6.3347462913760414e-17,1
B2_D2_Guyan,B2,2,Guyan,full-grid,1600,23,58,91,1.0077993513249173,1.0054591721478165,-0.068639534342470845,0,0,1,UNSTABLE,1.1778669526870194e-16,6.3347462913760414e-17,1
B2_D2_Guyan,B2,2,Guyan,full-grid,1601,23,59,92,1.0077999136825779,1.0054582875394009,-0.068660745968470216,0,0,1,UNSTABLE,9.7043228355453825e-17,6.3347462913760414e-17,1
B2_D2_Guyan,B2,2,Guyan,full-grid,1602,23,60,93,1.0078019772716518,1.005458923041417,-0.068681725874099264,0,0,1,UNSTABLE,2.9379684515114736e-16,6.3347462913760414e-17,1
B2_D2_Guyan,B2,2,Guyan,full-grid,1603,23,61,94,1.0078054915022687,1.0054610354290148,-0.068702364851165765,0,0,1,UNSTABLE,1.8709135129476941e-16,6.3347462913760414e-17,1
B2_D2_Guyan,B2,2,Guyan,full-grid,1604,23,62,95,1.0078103983355537,1.005464573610535,-0.068722559668951272,0,0,1,UNSTABLE,1.7954570876683051e-16,6.3347462913760414e-17,1
B2_D2_Guyan,B2,2,Guyan,full-grid,1605,23,63,96,1.0078166331211429,1.0054694794284862,-0.068742213620492099,0,0,1,UNSTABLE,3.2103017282117001e-16,6.3347462913760414e-17,1
B2_D2_Guyan,B2,2,Guyan,full-grid,1606,23,64,97,1.0078241254553739,1.005475688488831,-0.068761236956592406,0,0,1,UNSTABLE,2.697578478010283e-16,6.3347462913760414e-17,1
B2_D2_Guyan,B2,2,Guyan,full-grid,1607,23,65,98,1.0078328000437309,1.0054831310020331,-0.068779547209434855,0,0,1,UNSTABLE,2.8821452673122145e-16,6.3347462913760414e-17,1
B2_D2_Guyan,B2,2,Guyan,full-grid,1608,23,66,99,1.0078425775521958,1.0054917326202337,-0.068797069410071202,0,0,1,UNSTABLE,1.2719205583393102e-16,6.3347462913760414e-17,1
B2_D2_Guyan,B2,2,Guyan,full-grid,1609,24,0,34,1.0084577781362767,1.0061496779403036,-0.068190291568369893,0,0,1,UNSTABLE,3.7340892100399228e-16,3.0504639614637829e-17,1
B2_D2_Guyan,B2,2,Guyan,full-grid,1610,24,1,35,1.0084786153209164,1.0061717067970739,-0.06817341124409132,0,0,1,UNSTABLE,1.9352516997782243e-16,6.3347462913760414e-17,1
B2_D2_Guyan,B2,2,Guyan,full-grid,1611,24,2,36,1.0084981377733389,1.0061925009352439,-0.068155300263232466,0,0,1,UNSTABLE,1.1133394970095529e-16,6.3347462913760414e-17,1
B2_D2_Guyan,B2,2,Guyan,full-grid,1612,24,3,37,1.0085162871379243,1.00621199638866,-0.068136038525961257,0,0,1,UNSTABLE,2.1615642588211896e-16,6.3347462913760414e-17,1
B2_D2_Guyan,B2,2,Guyan,full-grid,1613,24,4,38,1.0085330094050065,1.0062301333413115,-0.068115709021086684,0,0,1,UNSTABLE,2.3087272307551894e-16,6.3347462913760414e-17,1
B2_D2_Guyan,B2,2,Guyan,full-grid,1614,24,5,39,1.0085482550577232,1.0062468562822269,-0.068094397729282621,0,0,1,UNSTABLE,1.9873834987789313e-16,6.3347462913760414e-17,1
B2_D2_Guyan,B2,2,Guyan,full-grid,1615,24,6,40,1.0085619792330787,1.0062621141753756,-0.068072193514299814,0,0,1,UNSTABLE,2.1118431465137569e-16,6.3347462913760414e-17,1
B2_D2_Guyan,B2,2,Guyan,full-grid,1616,24,7,41,1.0085741418952623,1.0062758606428477,-0.068049187998542426,0,0,1,UNSTABLE,1.7297259500388931e-16,6.3347462913760414e-17,1
B2_D2_Guyan,B2,2,Guyan,full-grid,1617,24,8,42,1.008584708018843,1.0062880541590671,-0.068025475420706485,0,0,1,UNSTABLE,1.3484604055622265e-16,6.3347462913760414e-17,1
B2_D2_Guyan,B2,2,Guyan,full-grid,1618,24,9,43,1.0085936477793818,1.0062986582537843,-0.06800115247224052,0,0,1,UNSTABLE,1.6565432066569948e-16,6.3347462913760414e-17,1
B2_D2_Guyan,B2,2,Guyan,full-grid,1619,24,10,44,1.0086009367482776,1.0063076417207477,-0.06797631811101594,0,0,1,UNSTABLE,1.0870266814929044e-16,6.3347462913760414e-17,1
B2_D2_Guyan,B2,2,Guyan,full-grid,1620,24,11,45,1.0086065560889321,1.0063149788292867,-0.067951073349790364,0,0,1,UNSTABLE,2.4479580632784279e-16,6.3347462913760414e-17,1
B2_D2_Guyan,B2,2,Guyan,full-grid,1621,24,12,46,1.0086104927506558,1.0063206495352641,-0.067925521018575727,0,0,1,UNSTABLE,4.4121042256841317e-16,6.3347462913760414e-17,1
B2_D2_Guyan,B2,2,Guyan,full-grid,1622,24,13,47,1.0086127396570044,1.0063246396881707,-0.067899765499461445,0,0,1,UNSTABLE,1.171376733672786e-16,6.3347462913760414e-17,1
B2_D2_Guyan,B2,2,Guyan,full-grid,1623,24,14,48,1.0086132958848593,1.0063269412306706,-0.067873912433579556,0,0,1,UNSTABLE,2.5332230429969763e-16,6.3347462913760414e-17,1
B2_D2_Guyan,B2,2,Guyan,full-grid,1624,24,15,49,1.0086121668308028,1.0063275523871573,-0.067848068399922593,0,0,1,UNSTABLE,1.4064674317647004e-16,6.3347462913760414e-17,1
B2_D2_Guyan,B2,2,Guyan,full-grid,1625,24,16,50,1.0086093643611007,1.0063264778375889,-0.06782234056633929,0,0,1,UNSTABLE,2.2086573885919231e-16,6.3347462913760414e-17,1
B2_D2_Guyan,B2,2,Guyan,full-grid,1626,24,17,51,1.0086049069418848,1.0063237288731499,-0.067796836313259043,0,0,1,UNSTABLE,2.7863484160134994e-16,6.3347462913760414e-17,1
B2_D2_Guyan,B2,2,Guyan,full-grid,1627,24,18,52,1.0085988197461444,1.0063193235302563,-0.067771662831326726,0,0,1,UNSTABLE,2.7375240613851218e-16,6.3347462913760414e-17,1
B2_D2_Guyan,B2,2,Guyan,full-grid,1628,24,19,53,1.0085911347341805,1.0063132866994655,-0.067746926694141285,0,0,1,UNSTABLE,1.3205810843158595e-16,6.3347462913760414e-17,1
B2_D2_Guyan,B2,2,Guyan,full-grid,1629,24,20,54,1.0085818907045552,1.0063056502061982,-0.067722733408035973,0,0,1,UNSTABLE,2.5057933809802539e-16,6.3347462913760414e-17,1
B2_D2_Guyan,B2,2,Guyan,full-grid,1630,24,21,55,1.0085711333124667,1.006296452860076,-0.067699186940632178,0,0,1,UNSTABLE,1.7822929449786708e-16,6.3347462913760414e-17,1
B2_D2_Guyan,B2,2,Guyan,full-grid,1631,24,22,56,1.0085589150528265,1.0062857404699808,-0.067676389230788586,0,0,1,UNSTABLE,5.866752578939292e-16,6.3347462913760414e-17,1
B2_D2_Guyan,B2,2,Guyan,full-grid,1632,24,23,57,1.008545295205532,1.0062735658221877,-0.06765443968220361,0,0,1,UNSTABLE,2.5177581782601791e-16,6.3347462913760414e-17,1
B2_D2_Guyan,B2,2,Guyan,full-grid,1633,24,24,58,1.0085303397403504,1.0062599886187842,-0.067633434643754403,0,0,1,UNSTABLE,2.3153113780668824e-16,6.3347462913760414e-17,1
B2_D2_Guyan,B2,2,Guyan,full-grid,1634,24,25,59,1.0085141211793971,1.0062450753741852,-0.067613466879404255,0,0,1,UNSTABLE,2.9194215978509996e-16,6.3347462913760414e-17,1
B2_D2_Guyan,B2,2,Guyan,full-grid,1635,24,26,60,1.0084967184149716,1.0062288992672901,-0.067594625031167963,0,0,1,UNSTABLE,3.1539532512113542e-16,6.3347462913760414e-17,1
B2_D2_Guyan,B2,2,Guyan,full-grid,1636,24,27,61,1.0084782164810016,1.0062115399473188,-0.067576993078614353,0,0,1,UNSTABLE,2.2526828578947935e-16,6.3347462913760414e-17,1
B2_D2_Guyan,B2,2,Guyan,full-grid,1637,24,28,62,1.0084587062763415,1.0061930832913264,-0.06756064979887591,0,0,1,UNSTABLE,2.9599091235037911e-16,6.3347462913760414e-17,1
B2_D2_Guyan,B2,2,Guyan,full-grid,1638,24,29,63,1.0084382842385062,1.006173621111734,-0.067545668231227624,0,0,1,UNSTABLE,3.5167069522681238e-16,6.3347462913760414e-17,1
B2_D2_Guyan,B2,2,Guyan,full-grid,1639,24,30,64,1.0084170519666071,1.0061532508123587,-0.067532115150833641,0,0,1,UNSTABLE,2.9169150977543298e-16,6.3347462913760414e-17,1
B2_D2_Guyan,B2,2,Guyan,full-grid,1640,24,31,65,1.0083951157925837,1.0061320749917289,-0.067520050556675842,0,0,1,UNSTABLE,1.6978217246672025e-16,6.3347462913760414e-17,1
B2_D2_Guyan,B2,2,Guyan,full-grid,1641,24,32,66,1.0083725863001438,1.006110200992788,-0.067509527178704912,0,0,1,UNSTABLE,2.5181088047748299e-16,6.3347462913760414e-17,1
B2_D2_Guyan,B2,2,Guyan,full-grid,1642,24,33,67,1.008349577791412,1.0060877403986084,-0.067500590010319453,0,0,1,UNSTABLE,2.1553614942956844e-16,6.3347462913760414e-17,1
B2_D2_Guyan,B2,2,Guyan,full-grid,1643,24,34,68,1.0083262077016546,1.0060648084741151,-0.06749327587206555,0,0,1,UNSTABLE,3.525744544788535e-16,6.3347462913760414e-17,1
B2_D2_Guyan,B2,2,Guyan,full-grid,1644,24,35,69,1.0083025959632936,1.006041523554611,-0.067487613013306177,0,0,1,UNSTABLE,1.4981778517483597e-16,6.3347462913760414e-17,1
B2_D2_Guyan,B2,2,Guyan,full-grid,1645,24,36,70,1.0082788643211571,1.0060180063826079,-0.067483620758857402,0,0,1,UNSTABLE,2.1080473564325568e-16,6.3347462913760414e-17,1
B2_D2_Guyan,B2,2,Guyan,full-grid,1646,24,37,71,1.0082551356018443,1.0059943793953807,-0.067481309207779519,0,0,1,UNSTABLE,3.9050578912250631e-16,6.3347462913760414e-17,1
B2_D2_Guyan,B2,2,Guyan,full-grid,1647,24,38,72,1.0082315329412534,1.0059707659668149,-0.067480678991915191,0,0,1,UNSTABLE,1.8287240982335239e-16,6.3347462913760414e-17,1
B2_D2_Guyan,B2,2,Guyan,full-grid,1648,24,39,73,1.0082081789753439,1.0059472896081307,-0.067481721101602304,0,0,1,UNSTABLE,2.345574380744548e-16,6.3347462913760414e-17,1
B2_D2_Guyan,B2,2,Guyan,full-grid,1649,24,40,74,1.0081851950007505,1.0059240731336276,-0.067484416786050924,0,0,1,UNSTABLE,2.6564188855496284e-16,6.3347462913760414e-17,1
B2_D2_Guyan,B2,2,Guyan,full-grid,1650,24,41,75,1.0081627001130158,1.0059012377987648,-0.067488737535082541,0,0,1,UNSTABLE,3.1184815907650146e-16,6.3347462913760414e-17,1
B2_D2_Guyan,B2,2,Guyan,full-grid,1651,24,42,76,1.0081408103316514,1.0058789024193651,-0.067494645148871185,0,0,1,UNSTABLE,1.0891297175984846e-16,6.3347462913760414e-17,1
B2_D2_Guyan,B2,2,Guyan,full-grid,1652,24,43,77,1.0081196377226418,1.0058571824822256,-0.067502091900542197,0,0,1,UNSTABLE,3.4145648638855437e-16,6.3347462913760414e-17,1
B2_D2_Guyan,B2,2,Guyan,full-grid,1653,24,44,78,1.0080992895300742,1.0058361892585257,-0.06751102079607138,0,0,1,UNSTABLE,3.0038761567378486e-16,6.3347462913760414e-17,1
B2_D2_Guyan,B2,2,Guyan,full-grid,1654,24,45,79,1.0080798673297178,1.0058160289327189,-0.067521365933436842,0,0,1,UNSTABLE,2.036540507496876e-16,6.3347462913760414e-17,1
B2_D2_Guyan,B2,2,Guyan,full-grid,1655,24,46,80,1.0080614662180238,1.0057968017603207,-0.067533052961805617,0,0,1,UNSTABLE,3.4413349583482418e-16,6.3347462913760414e-17,1
B2_D2_Guyan,B2,2,Guyan,full-grid,1656,24,47,81,1.0080441740504653,1.0057786012686256,-0.067545999638852827,0,0,1,UNSTABLE,2.4940168629593997e-16,6.3347462913760414e-17,1
B2_D2_Guyan,B2,2,Guyan,full-grid,1657,24,48,82,1.0080280707431155,1.0057615135145119,-0.067560116482179758,0,0,1,UNSTABLE,3.3810316190662182e-16,6.3347462913760414e-17,1
B2_D2_Guyan,B2,2,Guyan,full-grid,1658,24,49,83,1.0080132276507883,1.0057456164130611,-0.067575307508524071,0,0,1,UNSTABLE,4.4230383029471435e-16,6.3347462913760414e-17,1
B2_D2_Guyan,B2,2,Guyan,full-grid,1659,24,50,84,1.0079997070341637,1.0057309791500231,-0.0675914710514261,0,0,1,UNSTABLE,5.9211382717862258e-16,6.3347462913760414e-17,1
B2_D2_Guyan,B2,2,Guyan,full-grid,1660,24,51,85,1.0079875616267757,1.0057176616897094,-0.06760850064656021,0,0,1,UNSTABLE,2.4032678443216189e-16,6.3347462913760414e-17,1
B2_D2_Guyan,B2,2,Guyan,full-grid,1661,24,52,86,1.0079768343108628,1.0057057143882258,-0.067626285970893929,0,0,1,UNSTABLE,2.0183570554573659e-16,6.3347462913760414e-17,1
B2_D2_Guyan,B2,2,Guyan,full-grid,1662,24,53,87,1.0079675579085239,1.0056951777194381,-0.067644713821119265,0,0,1,UNSTABLE,2.107531563256135e-16,6.3347462913760414e-17,1
B2_D2_Guyan,B2,2,Guyan,full-grid,1663,24,54,88,1.0079597550922179,1.0056860821188389,-0.06766366911440691,0,0,1,UNSTABLE,1.3062995085300264e-16,6.3347462913760414e-17,1
B2_D2_Guyan,B2,2,Guyan,full-grid,1664,24,55,89,1.0079534384154847,1.0056784479472758,-0.067683035894949617,0,0,1,UNSTABLE,1.627978665090381e-16,6.3347462913760414e-17,1
B2_D2_Guyan,B2,2,Guyan,full-grid,1665,24,56,90,1.0079486104618811,1.0056722855737197,-0.067702698328559921,0,0,1,UNSTABLE,2.4935963250577066e-16,6.3347462913760414e-17,1
B2_D2_Guyan,B2,2,Guyan,full-grid,1666,24,57,91,1.0079452641073483,1.0056675955733854,-0.067722541668767719,0,0,1,UNSTABLE,3.2328712813498969e-16,6.3347462913760414e-17,1
B2_D2_Guyan,B2,2,Guyan,full-grid,1667,24,58,92,1.0079433828881583,1.0056643690344154,-0.067742453178458145,0,0,1,UNSTABLE,7.4962542772819493e-16,6.3347462913760414e-17,1
B2_D2_Guyan,B2,2,Guyan,full-grid,1668,24,59,93,1.0079429414645238,1.0056625879641543,-0.067762322992912821,0,0,1,UNSTABLE,1.5982231827849328e-16,6.3347462913760414e-17,1
B2_D2_Guyan,B2,2,Guyan,full-grid,1669,24,60,94,1.0079439061678033,1.0056622257837917,-0.067782044911609024,0,0,1,UNSTABLE,2.5054475976369307e-16,6.3347462913760414e-17,1
B2_D2_Guyan,B2,2,Guyan,full-grid,1670,24,61,95,1.0079462356176185,1.0056632478983278,-0.067801517109237833,0,0,1,UNSTABLE,3.7839475909484779e-16,6.3347462913760414e-17,1
B2_D2_Guyan,B2,2,Guyan,full-grid,1671,24,62,96,1.0079498813944487,1.0056656123279504,-0.067820642758174995,0,0,1,UNSTABLE,1.0106595891929433e-16,6.3347462913760414e-17,1
B2_D2_Guyan,B2,2,Guyan,full-grid,1672,24,63,97,1.0079547887526894,1.0056692703861256,-0.067839330557697308,0,0,1,UNSTABLE,1.9338932809527752e-16,6.3347462913760414e-17,1
B2_D2_Guyan,B2,2,Guyan,full-grid,1673,24,64,98,1.0079608973593284,1.0056741673897087,-0.067857495167730042,0,0,1,UNSTABLE,4.9718010569620052e-16,6.3347462913760414e-17,1
B2_D2_Guyan,B2,2,Guyan,full-grid,1674,24,65,99,1.0079681420439441,1.005680243386758,-0.067875057547466713,0,0,1,UNSTABLE,3.6210406546370587e-16,6.3347462913760414e-17,1
B2_D2_Guyan,B2,2,Guyan,full-grid,1675,24,66,100,1.0079764535467666,1.0056874338886375,-0.067891945201211334,0,0,1,UNSTABLE,2.5613608437389912e-16,6.3347462913760414e-17,1
B2_D2_Guyan,B2,2,Guyan,full-grid,1676,25,0,35,1.0085384529829042,1.0062902126748472,-0.067303930196984815,0,0,1,UNSTABLE,1.7072783920946332e-16,3.0504639614637829e-17,1
B2_D2_Guyan,B2,2,Guyan,full-grid,1677,25,1,36,1.0085581180931606,1.0063109963993564,-0.067287859955212803,0,0,1,UNSTABLE,1.5265714447236476e-16,6.3347462913760414e-17,1
B2_D2_Guyan,B2,2,Guyan,full-grid,1678,25,2,37,1.0085765495668606,1.0063306198329416,-0.06727064681450419,0,0,1,UNSTABLE,1.5967740254403415e-16,6.3347462913760414e-17,1
B2_D2_Guyan,B2,2,Guyan,full-grid,1679,25,3,38,1.0085936940427831,1.0063490244932556,-0.067252364749055007,0,0,1,UNSTABLE,9.8925669495743558e-17,6.3347462913760414e-17,1
B2_D2_Guyan,B2,2,Guyan,full-grid,1680,25,4,39,1.0086095021045163,1.0063661556678181,-0.067233090527633321,0,0,1,UNSTABLE,1.5277766833989707e-16,6.3347462913760414e-17,1
B2_D2_Guyan,B2,2,Guyan,full-grid,1681,25,5,40,1.0086239284153133,1.006381962555732,-0.06721290363027177,0,0,1,UNSTABLE,5.0445266245806855e-16,6.3347462913760414e-17,1
B2_D2_Guyan,B2,2,Guyan,full-grid,1682,25,6,41,1.0086369318659556,1.0063963984231681,-0.06719188615334791,0,0,1,UNSTABLE,1.6592022425540704e-16,6.3347462913760414e-17,1
B2_D2_Guyan,B2,2,Guyan,full-grid,1683,25,7,42,1.0086484757339407,1.0064094207710785,-0.067170122700678112,0,0,1,UNSTABLE,1.2693341676382381e-16,6.3347462913760414e-17,1
B2_D2_Guyan,B2,2,Guyan,full-grid,1684,25,8,43,1.0086585278517803,1.0064209915131221,-0.067147700257453702,0,0,1,UNSTABLE,2.8529498249743165e-16,6.3347462913760414e-17,1
B2_D2_Guyan,B2,2,Guyan,full-grid,1685,25,9,44,1.0086670607820958,1.0064310771615934,-0.067124708045151887,0,0,1,UNSTABLE,1.3490813486110117e-16,6.3347462913760414e-17,1
B2_D2_Guyan,B2,2,Guyan,full-grid,1686,25,10,45,1.0086740519968467,1.0064396490188225,-0.067101237355260371,0,0,1,UNSTABLE,1.7842245430446193e-16,6.3347462913760414e-17,1
B2_D2_Guyan,B2,2,Guyan,full-grid,1687,25,11,46,1.0086794840577773,1.0064466833712253,-0.067077381360070645,0,0,1,UNSTABLE,2.4876724877172863e-16,6.3347462913760414e-17,1
B2_D2_Guyan,B2,2,Guyan,full-grid,1688,25,12,47,1.008683344795096,1.0064521616830802,-0.067053234899424483,0,0,1,UNSTABLE,3.0358311368375785e-16,6.3347462913760414e-17,1
B2_D2_Guyan,B2,2,Guyan,full-grid,1689,25,13,48,1.0086856274811979,1.0064560707868888,-0.067028894242374307,0,0,1,UNSTABLE,2.0364084669818271e-16,6.3347462913760414e-17,1
B2_D2_Guyan,B2,2,Guyan,full-grid,1690,25,14,49,1.0086863309962169,1.00645840306713,-0.067004456823201441,0,0,1,UNSTABLE,2.8161848383424739e-16,6.3347462913760414e-17,1
B2_D2_Guyan,B2,2,Guyan,full-grid,1691,25,15,50,1.008685459982138,1.0064591566341328,-0.066980020951679653,0,0,1,UNSTABLE,3.0810179274799306e-16,6.3347462913760414e-17,1
B2_D2_Guyan,B2,2,Guyan,full-grid,1692,25,16,51,1.0086830249822283,1.0064583354847918,-0.066955685497802397,0,0,1,UNSTABLE,1.724824881373572e-16,6.3347462913760414e-17,1
B2_D2_Guyan,B2,2,Guyan,full-grid,1693,25,17,52,1.0086790425625731,1.0064559496468717,-0.066931549551482714,0,0,1,UNSTABLE,2.6594354813005654e-16,6.3347462913760414e-17,1
B2_D2_Guyan,B2,2,Guyan,full-grid,1694,25,18,53,1.0086735354125766,1.0064520153036798,-0.066907712058237728,0,0,1,UNSTABLE,1.9457512545345994e-16,6.3347462913760414e-17,1
B2_D2_Guyan,B2,2,Guyan,full-grid,1695,25,19,54,1.008666532421524,1.0064465548961192,-0.066884271432035305,0,0,1,UNSTABLE,2.9417766356306531e-16,6.3347462913760414e-17,1
B2_D2_Guyan,B2,2,Guyan,full-grid,1696,25,20,55,1.008658068728199,1.0064395971990079,-0.066861325146896161,0,0,1,UNSTABLE,3.2582006339304106e-16,6.3347462913760414e-17,1
B2_D2_Guyan,B2,2,Guyan,full-grid,1697,25,21,56,1.0086481857409619,1.0064311773689323,-0.066838969309221771,0,0,1,UNSTABLE,3.1189883103120939e-16,6.3347462913760414e-17,1
B2_D2_Guyan,B2,2,Guyan,full-grid,1698,25,22,57,1.0086369311256402,1.0064213369608712,-0.066817298212679094,0,0,1,UNSTABLE,3.3501435461331236e-16,6.3347462913760414e-17,1
B2_D2_Guyan,B2,2,Guyan,full-grid,1699,25,23,58,1.0086243587589709,1.0064101239111451,-0.066796403878492824,0,0,1,UNSTABLE,2.8580575527667021e-16,6.3347462913760414e-17,1
B2_D2_Guyan,B2,2,Guyan,full-grid,1700,25,24,59,1.008610528645272,1.0063975924842326,-0.06677637558325368,0,0,1,UNSTABLE,1.8990224036336492e-16,6.3347462913760414e-17,1
B2_D2_Guyan,B2,2,Guyan,full-grid,1701,25,25,60,1.0085955067944379,1.0063838031813463,-0.066757299377507517,0,0,1,UNSTABLE,2.1619700284084628e-16,6.3347462913760414e-17,1
B2_D2_Guyan,B2,2,Guyan,full-grid,1702,25,26,61,1.0085793650593882,1.0063688226087182,-0.066739257598063359,0,0,1,UNSTABLE,3.1276568458849099e-16,6.3347462913760414e-17,1
B2_D2_Guyan,B2,2,Guyan,full-grid,1703,25,27,62,1.0085621809313039,1.0063527233037193,-0.066722328377360446,0,0,1,UNSTABLE,4.2467242815705976e-16,6.3347462913760414e-17,1
B2_D2_Guyan,B2,2,Guyan,full-grid,1704,25,28,63,1.0085440372913046,1.0063355835172521,-0.066706585153464434,0,0,1,UNSTABLE,2.9834960305340015e-16,6.3347462913760414e-17,1
B2_D2_Guyan,B2,2,Guyan,full-grid,1705,25,29,64,1.008525022117275,1.0063174869508842,-0.06669209618468161,0,0,1,UNSTABLE,3.2786108077108177e-16,6.3347462913760414e-17,1
B2_D2_Guyan,B2,2,Guyan,full-grid,1706,25,30,65,1.0085052281449842,1.0062985224476195,-0.06667892407278575,0,0,1,UNSTABLE,1.5779914379432467e-16,6.3347462913760414e-17,1
B2_D2_Guyan,B2,2,Guyan,full-grid,1707,25,31,66,1.0084847524827576,1.0062787836352927,-0.066667125299393379,0,0,1,UNSTABLE,4.9502597291582378e-16,6.3347462913760414e-17,1
B2_D2_Guyan,B2,2,Guyan,full-grid,1708,25,32,67,1.0084636961794922,1.0062583685220867,-0.066656749780284255,0,0,1,UNSTABLE,2.38814231722077e-16,6.3347462913760414e-17,1
B2_D2_Guyan,B2,2,Guyan,full-grid,1709,25,33,68,1.0084421637460712,1.0062373790439216,-0.066647840442711159,0,0,1,UNSTABLE,2.034994867629001e-16,6.3347462913760414e-17,1
B2_D2_Guyan,B2,2,Guyan,full-grid,1710,25,34,69,1.0084202626308041,1.006215920563996,-0.06664043283120194,0,0,1,UNSTABLE,1.4411071255694199e-16,6.3347462913760414e-17,1
B2_D2_Guyan,B2,2,Guyan,full-grid,1711,25,35,70,1.0083981026502011,1.0061941013254434,-0.066634554747584729,0,0,1,UNSTABLE,2.5682050012584783e-16,6.3347462913760414e-17,1
B2_D2_Guyan,B2,2,Guyan,full-grid,1712,25,36,71,1.0083757953768049,1.0061720318584433,-0.066630225931298137,0,0,1,UNSTABLE,1.6728577476742034e-16,6.3347462913760414e-17,1
B2_D2_Guyan,B2,2,Guyan,full-grid,1713,25,37,72,1.0083534534870005,1.0061498243443232,-0.066627457786171199,0,0,1,UNSTABLE,2.1001960413602325e-16,6.3347462913760414e-17,1
B2_D2_Guyan,B2,2,Guyan,full-grid,1714,25,38,73,1.0083311900722276,1.0061275919396717,-0.066626253160086205,0,0,1,UNSTABLE,1.4833956336645123e-16,6.3347462913760414e-17,1
B2_D2_Guyan,B2,2,Guyan,full-grid,1715,25,39,74,1.0083091179182939,1.0061054480647598,-0.06662660618384264,0,0,1,UNSTABLE,3.14870200302939e-16,6.3347462913760414e-17,1
B2_D2_Guyan,B2,2,Guyan,full-grid,1716,25,40,75,1.008287348758395,1.0060835056614787,-0.066628502175439794,0,0,1,UNSTABLE,2.2610335922536167e-16,6.3347462913760414e-17,1
B2_D2_Guyan,B2,2,Guyan,full-grid,1717,25,41,76,1.0082659925066519,1.0060618764272444,-0.066631917615478098,0,0,1,UNSTABLE,3.0717860897837099e-16,6.3347462913760414e-17,1
B2_D2_Guyan,B2,2,Guyan,full-grid,1718,25,42,77,1.0082451564799431,1.0060406700322864,-0.06663682019914588,0,0,1,UNSTABLE,4.0800698821144653e-16,6.3347462913760414e-17,1
B2_D2_Guyan,B2,2,Guyan,full-grid,1719,25,43,78,1.008224944617105,1.0060199933291358,-0.066643168968845479,0,0,1,UNSTABLE,3.5422878808574876e-16,6.3347462913760414e-17,1
B2_D2_Guyan,B2,2,Guyan,full-grid,1720,25,44,79,1.0082054567053302,1.005999949563896,-0.066650914531175207,0,0,1,UNSTABLE,2.2255458931329436e-16,6.3347462913760414e-17,1
B2_D2_Guyan,B2,2,Guyan,full-grid,1721,25,45,80,1.0081867876245401,1.005980637599948,-0.066659999360122554,0,0,1,UNSTABLE,4.3715561756801814e-16,6.3347462913760414e-17,1
B2_D2_Guyan,B2,2,Guyan,full-grid,1722,25,46,81,1.0081690266211767,1.0059621511655097,-0.066670358186762951,0,0,1,UNSTABLE,2.7788699546348666e-16,6.3347462913760414e-17,1
B2_D2_Guyan,B2,2,Guyan,full-grid,1723,25,47,82,1.0081522566229255,1.0059445781366154,-0.066681918474529658,0,0,1,UNSTABLE,1.7787591461596061e-16,6.3347462913760414e-17,1
B2_D2_Guyan,B2,2,Guyan,full-grid,1724,25,48,83,1.0081365536062912,1.0059279998676622,-0.066694600976502968,0,0,1,UNSTABLE,5.3478374560595049e-16,6.3347462913760414e-17,1
B2_D2_Guyan,B2,2,Guyan,full-grid,1725,25,49,84,1.0081219860281998,1.0059124905810077,-0.066708320369768634,0,0,1,UNSTABLE,2.3132511799440501e-16,6.3347462913760414e-17,1
B2_D2_Guyan,B2,2,Guyan,full-grid,1726,25,50,85,1.0081086143323823,1.005898116826857,-0.066722985959403444,0,0,1,UNSTABLE,2.7433518704617213e-16,6.3347462913760414e-17,1
B2_D2_Guyan,B2,2,Guyan,full-grid,1727,25,51,86,1.0080964905397616,1.0058849370232226,-0.066738502443273756,0,0,1,UNSTABLE,2.9203224187049025e-16,6.3347462913760414e-17,1
B2_D2_Guyan,B2,2,Guyan,full-grid,1728,25,52,87,1.0080856579310173,1.0058730010848684,-0.066754770726384458,0,0,1,UNSTABLE,2.3308957077478263e-16,6.3347462913760414e-17,1
B2_D2_Guyan,B2,2,Guyan,full-grid,1729,25,53,88,1.0080761508271336,1.0058623501478137,-0.066771688772762766,0,0,1,UNSTABLE,2.5615807752089437e-16,6.3347462913760414e-17,1
B2_D2_Guyan,B2,2,Guyan,full-grid,1730,25,54,89,1.0080679944720099,1.0058530163943835,-0.066789152481074907,0,0,1,UNSTABLE,2.7701350926952116e-16,6.3347462913760414e-17,1
B2_D2_Guyan,B2,2,Guyan,full-grid,1731,25,55,90,1.0080612050185254,1.0058450229811042,-0.066807056569970866,0,0,1,UNSTABLE,3.9130114108234133e-16,6.3347462913760414e-17,1
B2_D2_Guyan,B2,2,Guyan,full-grid,1732,25,56,91,1.0080557896173219,1.0058383840696732,-0.066825295458465619,0,0,1,UNSTABLE,1.8998256748279917e-16,6.3347462913760414e-17,1
B2_D2_Guyan,B2,2,Guyan,full-grid,1733,25,57,92,1.0080517466049868,1.0058331049586144,-0.066843764127083066,0,0,1,UNSTABLE,3.1697621955067209e-16,6.3347462913760414e-17,1
B2_D2_Guyan,B2,2,Guyan,full-grid,1734,25,58,93,1.0080490657858707,1.0058291823107532,-0.066862358946184586,0,0,1,UNSTABLE,3.2147131689143008e-16,6.3347462913760414e-17,1
B2_D2_Guyan,B2,2,Guyan,full-grid,1735,25,59,94,1.0080477288001242,1.0058266044699218,-0.066880978458722498,0,0,1,UNSTABLE,3.0993313728856079e-16,6.3347462913760414e-17,1
B2_D2_Guyan,B2,2,Guyan,full-grid,1736,25,60,95,1.0080477095682761,1.0058253518579403,-0.066899524106661654,0,0,1,UNSTABLE,1.9007528879004212e-16,6.3347462913760414e-17,1
B2_D2_Guyan,B2,2,Guyan,full-grid,1737,25,61,96,1.0080489748015415,1.0058253974416731,-0.066917900891611148,0,0,1,UNSTABLE,1.99661061638362e-16,6.3347462913760414e-17,1
B2_D2_Guyan,B2,2,Guyan,full-grid,1738,25,62,97,1.0080514845660244,1.0058267072588154,-0.066936017962341929,0,0,1,UNSTABLE,1.740654577862008e-16,6.3347462913760414e-17,1
B2_D2_Guyan,B2,2,Guyan,full-grid,1739,25,63,98,1.0080551928883135,1.0058292409902281,-0.066953789124415616,0,0,1,UNSTABLE,5.7142539034842057e-16,6.3347462913760414e-17,1
B2_D2_Guyan,B2,2,Guyan,full-grid,1740,25,64,99,1.0080600483900253,1.0058329525665892,-0.066971133268579924,0,0,1,UNSTABLE,2.3088395587221283e-16,6.3347462913760414e-17,1
B2_D2_Guyan,B2,2,Guyan,full-grid,1741,25,65,100,1.008065994938887,1.0058377907970026,-0.066987974717358581,0,0,1,UNSTABLE,4.1210192395783391e-16,6.3347462913760414e-17,1
B2_D2_Guyan,B2,2,Guyan,full-grid,1742,25,66,101,1.0080729723048578,1.0058437000080007,-0.067004243490733945,0,0,1,UNSTABLE,3.6588680149326602e-16,6.3347462913760414e-17,1
B2_D2_Guyan,B2,2,Guyan,full-grid,1743,26,0,36,1.0085852915244475,1.0063948824225222,-0.066435163228612204,0,0,1,UNSTABLE,1.1438693593216972e-16,3.0504639614637829e-17,1
B2_D2_Guyan,B2,2,Guyan,full-grid,1744,26,1,37,1.0086038846606238,1.0064145243109215,-0.066419887146264095,0,0,1,UNSTABLE,2.6309415795822794e-16,6.3347462913760414e-17,1
B2_D2_Guyan,B2,2,Guyan,full-grid,1745,26,2,38,1.0086213215086306,1.0064330773360608,-0.066403546936012497,0,0,1,UNSTABLE,2.3083159394143949e-16,6.3347462913760414e-17,1
B2_D2_Guyan,B2,2,Guyan,full-grid,1746,26,3,39,1.0086375530718554,1.0064504878308278,-0.066386211007022397,0,0,1,UNSTABLE,1.1350278259433713e-16,6.3347462913760414e-17,1
B2_D2_Guyan,B2,2,Guyan,full-grid,1747,26,4,40,1.0086525339320009,1.0064667055492849,-0.0663679503089801,0,0,1,UNSTABLE,1.7913572771652545e-16,6.3347462913760414e-17,1
B2_D2_Guyan,B2,2,Guyan,full-grid,1748,26,5,41,1.0086662223732672,1.006481683796705,-0.066348838260418444,0,0,1,UNSTABLE,1.416395374607292e-16,6.3347462913760414e-17,1
B2_D2_Guyan,B2,2,Guyan,full-grid,1749,26,6,42,1.0086785805184568,1.0064953795722134,-0.066328950666469558,0,0,1,UNSTABLE,4.2302935445106809e-16,6.3347462913760414e-17,1
B2_D2_Guyan,B2,2,Guyan,full-grid,1750,26,7,43,1.0086895744754905,1.0065077537226903,-0.066308365623427817,0,0,1,UNSTABLE,1.5050088650661608e-16,6.3347462913760414e-17,1
B2_D2_Guyan,B2,2,Guyan,full-grid,1751,26,8,44,1.0086991744924458,1.0065187711061849,-0.066287163407685423,0,0,1,UNSTABLE,1.0626434350237277e-16,6.3347462913760414e-17,1
B2_D2_Guyan,B2,2,Guyan,full-grid,1752,26,9,45,1.0087073551188319,1.0065284007626671,-0.066265426347204809,0,0,1,UNSTABLE,1.3637557879023079e-16,6.3347462913760414e-17,1
B2_D2_Guyan,B2,2,Guyan,full-grid,1753,26,10,46,1.0087140953708529,1.006536616089992,-0.066243238673436733,0,0,1,UNSTABLE,2.1010474615586886e-16,6.3347462913760414e-17,1
B2_D2_Guyan,B2,2,Guyan,full-grid,1754,26,11,47,1.0087193788979927,1.0065433950224736,-0.066220686352414626,0,0,1,UNSTABLE,2.4141751632624197e-16,6.3347462913760414e-17,1
B2_D2_Guyan,B2,2,Guyan,full-grid,1755,26,12,48,1.0087231941481478,1.0065487202093686,-0.066197856893740969,0,0,1,UNSTABLE,2.1592449005966231e-16,6.3347462913760414e-17,1
B2_D2_Guyan,B2,2,Guyan,full-grid,1756,26,13,49,1.0087255345285639,1.0065525791905703,-0.066174839136547939,0,0,1,UNSTABLE,3.7344252924316113e-16,6.3347462913760414e-17,1
B2_D2_Guyan,B2,2,Guyan,full-grid,1757,26,14,50,1.0087263985594899,1.0065549645664298,-0.066151723012116512,0,0,1,UNSTABLE,1.1997298398056421e-16,6.3347462913760414e-17,1
B2_D2_Guyan,B2,2,Guyan,full-grid,1758,26,15,51,1.008725790017732,1.0065558741589045,-0.066128599282771094,0,0,1,UNSTABLE,1.071186989645308e-16,6.3347462913760414e-17,1
B2_D2_Guyan,B2,2,Guyan,full-grid,1759,26,16,52,1.0087237180670243,1.0065553111609145,-0.066105559257269075,0,0,1,UNSTABLE,2.5324236593650867e-16,6.3347462913760414e-17,1
B2_D2_Guyan,B2,2,Guyan,full-grid,1760,26,17,53,1.008720197372335,1.0065532842709826,-0.066082694483358254,0,0,1,UNSTABLE,1.9161990924969372e-16,6.3347462913760414e-17,1
B2_D2_Guyan,B2,2,Guyan,full-grid,1761,26,18,54,1.0087152481952646,1.0065498078102673,-0.066060096417947245,0,0,1,UNSTABLE,3.2604239785323035e-16,6.3347462913760414e-17,1
B2_D2_Guyan,B2,2,Guyan,full-grid,1762,26,19,55,1.0087088964677398,1.0065449018190789,-0.066037856076545776,0,0,1,UNSTABLE,2.8003110261429735e-16,6.3347462913760414e-17,1
B2_D2_Guyan,B2,2,Guyan,full-grid,1763,26,20,56,1.0087011738413603,1.0065385921301777,-0.066016063662853494,0,0,1,UNSTABLE,2.2297088331644889e-16,6.3347462913760414e-17,1
B2_D2_Guyan,B2,2,Guyan,full-grid,1764,26,21,57,1.0086921177099084,1.0065309104162226,-0.065994808180567147,0,0,1,UNSTABLE,1.4781596545546247e-16,6.3347462913760414e-17,1
B2_D2_Guyan,B2,2,Guyan,full-grid,1765,26,22,58,1.0086817712026706,1.0065218942089,-0.06597417702922978,0,0,1,UNSTABLE,9.5487674420770387e-17,6.3347462913760414e-17,1
B2_D2_Guyan,B2,2,Guyan,full-grid,1766,26,23,59,1.0086701831463731,1.0065115868873993,-0.065954255586333041,0,0,1,UNSTABLE,3.5160102779666544e-16,6.3347462913760414e-17,1
B2_D2_Guyan,B2,2,Guyan,full-grid,1767,26,24,60,1.0086574079937358,1.006500037634078,-0.065935126778080166,0,0,1,UNSTABLE,3.7478182532579656e-16,6.3347462913760414e-17,1
B2_D2_Guyan,B2,2,Guyan,full-grid,1768,26,25,61,1.0086435057167744,1.0064873013552871,-0.065916870641559669,0,0,1,UNSTABLE,1.9383709603005425e-16,6.3347462913760414e-17,1
B2_D2_Guyan,B2,2,Guyan,full-grid,1769,26,26,62,1.0086285416633003,1.0064734385656324,-0.065899563881016476,0,0,1,UNSTABLE,1.8667190123487984e-16,6.3347462913760414e-17,1
B2_D2_Guyan,B2,2,Guyan,full-grid,1770,26,27,63,1.0086125863750297,1.0064585152338803,-0.065883279421562496,0,0,1,UNSTABLE,8.5183122114969001e-17,6.3347462913760414e-17,1
B2_D2_Guyan,B2,2,Guyan,full-grid,1771,26,28,64,1.0085957153662257,1.006442602589249,-0.06586808596344218,0,0,1,UNSTABLE,2.395384514626786e-16,6.3347462913760414e-17,1
B2_D2_Guyan,B2,2,Guyan,full-grid,1772,26,29,65,1.0085780088617362,1.0064257768867217,-0.065854047540475219,0,0,1,UNSTABLE,2.3248858689890521e-16,6.3347462913760414e-17,1
B2_D2_Guyan,B2,2,Guyan,full-grid,1773,26,30,66,1.0085595514937684,1.0064081191305012,-0.065841223086436876,0,0,1,UNSTABLE,2.0932341319368629e-16,6.3347462913760414e-17,1
B2_D2_Guyan,B2,2,Guyan,full-grid,1774,26,31,67,1.0085404319568279,1.0063897147547829,-0.065829666013520735,0,0,1,UNSTABLE,1.601443285959411e-16,6.3347462913760414e-17,1
B2_D2_Guyan,B2,2,Guyan,full-grid,1775,26,32,68,1.0085207426208114,1.0063706532615875,-0.065819423806946498,0,0,1,UNSTABLE,2.1390505699271048e-16,6.3347462913760414e-17,1
B2_D2_Guyan,B2,2,Guyan,full-grid,1776,26,33,69,1.0085005791023887,1.0063510278155017,-0.065810537640537736,0,0,1,UNSTABLE,1.3830867857650009e-16,6.3347462913760414e-17,1
B2_D2_Guyan,B2,2,Guyan,full-grid,1777,26,34,70,1.0084800397954163,1.006330934795781,-0.065803042017933924,0,0,1,UNSTABLE,1.888541992934734e-16,6.3347462913760414e-17,1
B2_D2_Guyan,B2,2,Guyan,full-grid,1778,26,35,71,1.0084592253615923,1.0063104733067245,-0.065796964444408287,0,0,1,UNSTABLE,4.0921187197829454e-16,6.3347462913760414e-17,1
B2_D2_Guyan,B2,2,Guyan,full-grid,1779,26,36,72,1.0084382381831416,1.0062897446477739,-0.06579232513475361,0,0,1,UNSTABLE,2.6622164694303424e-16,6.3347462913760414e-17,1
B2_D2_Guyan,B2,2,Guyan,full-grid,1780,26,37,73,1.0084171817800371,1.0062688517455183,-0.065789136762450393,0,0,1,UNSTABLE,3.3827612836419668e-16,6.3347462913760414e-17,1
B2_D2_Guyan,B2,2,Guyan,full-grid,1781,26,38,74,1.008396160194925,1.0062478985504435,-0.065787404255564438,0,0,1,UNSTABLE,1.2629242183372405e-16,6.3347462913760414e-17,1
B2_D2_Guyan,B2,2,Guyan,full-grid,1782,26,39,75,1.0083752773499361,1.0062269894022522,-0.065787124644878472,0,0,1,UNSTABLE,1.6274181336543566e-16,6.3347462913760414e-17,1
B2_D2_Guyan,B2,2,Guyan,full-grid,1783,26,40,76,1.0083546363801326,1.0062062283681876,-0.065788286969459778,0,0,1,UNSTABLE,2.1214587909535952e-16,6.3347462913760414e-17,1
B2_D2_Guyan,B2,2,Guyan,full-grid,1784,26,41,77,1.0083343389495936,1.0061857185600545,-0.065790872244564896,0,0,1,UNSTABLE,4.2104259720346143e-16,6.3347462913760414e-17,1
B2_D2_Guyan,B2,2,Guyan,full-grid,1785,26,42,78,1.0083144845567773,1.0061655614362852,-0.065794853496338748,0,0,1,UNSTABLE,1.6233778576385731e-16,6.3347462913760414e-17,1
B2_D2_Guyan,B2,2,Guyan,full-grid,1786,26,43,79,1.008295169836851,1.0061458560965142,-0.065800195867009401,0,0,1,UNSTABLE,1.1390217913400764e-16,6.3347462913760414e-17,1
B2_D2_Guyan,B2,2,Guyan,full-grid,1787,26,44,80,1.0082764878693311,1.0061266985768107,-0.065806856793501872,0,0,1,UNSTABLE,5.7326485171081367e-16,6.3347462913760414e-17,1
B2_D2_Guyan,B2,2,Guyan,full-grid,1788,26,45,81,1.0082585275002773,1.0061081811547035,-0.065814786261156444,0,0,1,UNSTABLE,3.854446357176922e-16,6.3347462913760414e-17,1
B2_D2_Guyan,B2,2,Guyan,full-grid,1789,26,46,82,1.008241372688474,1.0060903916733865,-0.065823927133150911,0,0,1,UNSTABLE,7.8071780356912464e-16,6.3347462913760414e-17,1
B2_D2_Guyan,B2,2,Guyan,full-grid,1790,26,47,83,1.0082251018857351,1.0060734128953115,-0.065834215554535988,0,0,1,UNSTABLE,1.9554534539734218e-16,6.3347462913760414e-17,1
B2_D2_Guyan,B2,2,Guyan,full-grid,1791,26,48,84,1.0082097874610434,1.0060573218950202,-0.065845581428536831,0,0,1,UNSTABLE,2.6605115112744015e-16,6.3347462913760414e-17,1
B2_D2_Guyan,B2,2,Guyan,full-grid,1792,26,49,85,1.0081954951784231,1.0060421895013789,-0.065857948960907547,0,0,1,UNSTABLE,3.0544832371492376e-16,6.3347462913760414e-17,1
B2_D2_Guyan,B2,2,Guyan,full-grid,1793,26,50,86,1.0081822837375598,1.0060280797986019,-0.06587123726650039,0,0,1,UNSTABLE,2.6530046295624836e-16,6.3347462913760414e-17,1
B2_D2_Guyan,B2,2,Guyan,full-grid,1794,26,51,87,1.0081702043854588,1.0060150496948272,-0.065885361030597597,0,0,1,UNSTABLE,6.8236057364499808e-16,6.3347462913760414e-17,1
B2_D2_Guyan,B2,2,Guyan,full-grid,1795,26,52,88,1.0081593006061236,1.0060031485657732,-0.065900231216430405,0,0,1,UNSTABLE,3.5646715376104634e-16,6.3347462913760414e-17,1
B2_D2_Guyan,B2,2,Guyan,full-grid,1796,26,53,89,1.0081496078939087,1.0059924179798165,-0.06591575580818429,0,0,1,UNSTABLE,3.0943403304360493e-16,6.3347462913760414e-17,1
B2_D2_Guyan,B2,2,Guyan,full-grid,1797,26,54,90,1.0081411536143079,1.0059828915089368,-0.065931840578783915,0,0,1,UNSTABLE,1.5916640768870244e-16,6.3347462913760414e-17,1
B2_D2_Guyan,B2,2,Guyan,full-grid,1798,26,55,91,1.0081339569541212,1.0059745946282577,-0.065948389870311513,0,0,1,UNSTABLE,5.0779353815843357e-16,6.3347462913760414e-17,1
B2_D2_Guyan,B2,2,Guyan,full-grid,1799,26,56,92,1.0081280289610828,1.0059675447050518,-0.065965307374766385,0,0,1,UNSTABLE,5.6465841587898745e-16,6.3347462913760414e-17,1
B2_D2_Guyan,B2,2,Guyan,full-grid,1800,26,57,93,1.0081233726707128,1.0059617510757559,-0.065982496903130738,0,0,1,UNSTABLE,2.8634815635306033e-16,6.3347462913760414e-17,1
B2_D2_Guyan,B2,2,Guyan,full-grid,1801,26,58,94,1.0081199833165504,1.0059572152079226,-0.065999863130792522,0,0,1,UNSTABLE,5.3105095589354477e-16,6.3347462913760414e-17,1
B2_D2_Guyan,B2,2,Guyan,full-grid,1802,26,59,95,1.0081178486178652,1.0059539309419208,-0.06601731230829315,0,0,1,UNSTABLE,3.7431747958236722e-16,6.3347462913760414e-17,1
B2_D2_Guyan,B2,2,Guyan,full-grid,1803,26,60,96,1.0081169491375588,1.0059518848057345,-0.066034752927601539,0,0,1,UNSTABLE,2.536604756771851e-16,6.3347462913760414e-17,1
B2_D2_Guyan,B2,2,Guyan,full-grid,1804,26,61,97,1.0081172587014575,1.005951056394621,-0.066052096335295171,0,0,1,UNSTABLE,4.9159259305882482e-16,6.3347462913760414e-17,1
B2_D2_Guyan,B2,2,Guyan,full-grid,1805,26,62,98,1.008118744869404,1.0059514188064824,-0.06606925728572563,0,0,1,UNSTABLE,4.6574471088868967e-16,6.3347462913760414e-17,1
B2_D2_Guyan,B2,2,Guyan,full-grid,1806,26,63,99,1.0081213694479041,1.0059529391230546,-0.066086154428940405,0,0,1,UNSTABLE,3.8591161116481091e-16,6.3347462913760414e-17,1
B2_D2_Guyan,B2,2,Guyan,full-grid,1807,26,64,100,1.0081250890336286,1.0059555789264281,-0.066102710730018138,0,0,1,UNSTABLE,2.7139898082134986e-16,6.3347462913760414e-17,1
B2_D2_Guyan,B2,2,Guyan,full-grid,1808,26,65,101,1.0081298555773466,1.0059592948406031,-0.06611885381794079,0,0,1,UNSTABLE,2.2582252217942416e-16,6.3347462913760414e-17,1
B2_D2_Guyan,B2,2,Guyan,full-grid,1809,26,66,102,1.0081356169581255,1.0059640390878901,-0.066134516264336973,0,0,1,UNSTABLE,7.2312624665771947e-16,6.3347462913760414e-17,1
B2_D2_Guyan,B2,2,Guyan,full-grid,1810,27,0,37,1.0086015228343281,1.0064669555662116,-0.06558429093164829,0,0,1,UNSTABLE,1.9130041072307863e-16,3.0504639614637823e-17,1
B2_D2_Guyan,B2,2,Guyan,full-grid,1811,27,1,38,1.0086191322792875,1.0064855472436545,-0.065569788694674627,0,0,1,UNSTABLE,1.5965149362992028e-16,6.3347462913760414e-17,1
B2_D2_Guyan,B2,2,Guyan,full-grid,1812,27,2,39,1.0086356589422329,1.0065031182873416,-0.065554293281906331,0,0,1,UNSTABLE,1.0004425627072667e-16,6.3347462913760414e-17,1
B2_D2_Guyan,B2,2,Guyan,full-grid,1813,27,3,40,1.0086510576594574,1.0065196192769479,-0.065537867894294805,0,0,1,UNSTABLE,1.4837216365776368e-16,6.3347462913760414e-17,1
B2_D2_Guyan,B2,2,Guyan,full-grid,1814,27,4,41,1.008665286511206,1.006535003894268,-0.065520578052238695,0,0,1,UNSTABLE,1.512530342218564e-16,6.3347462913760414e-17,1
B2_D2_Guyan,B2,2,Guyan,full-grid,1815,27,5,42,1.0086783069362073,1.0065492290427152,-0.065502491534364118,0,0,1,UNSTABLE,3.2830874089139811e-16,6.3347462913760414e-17,1
B2_D2_Guyan,B2,2,Guyan,full-grid,1816,27,6,43,1.0086900838572221,1.006562254978471,-0.065483678306470824,0,0,1,UNSTABLE,2.2433166018492264e-16,6.3347462913760414e-17,1
B2_D2_Guyan,B2,2,Guyan,full-grid,1817,27,7,44,1.0087005858162268,1.0065740454520493,-0.065464210438182999,0,0,1,UNSTABLE,2.5670294802235852e-16,6.3347462913760414e-17,1
B2_D2_Guyan,B2,2,Guyan,full-grid,1818,27,8,45,1.0087097851174152,1.0065845678585714,-0.065444162005443285,0,0,1,UNSTABLE,1.8524663623613475e-16,6.3347462913760414e-17,1
B2_D2_Guyan,B2,2,Guyan,full-grid,1819,27,9,46,1.0087176579761665,1.006593793395018,-0.065423608976808892,0,0,1,UNSTABLE,1.5733093689908694e-16,6.3347462913760414e-17,1
B2_D2_Guyan,B2,2,Guyan,full-grid,1820,27,10,47,1.0087241846717847,1.0066016972223513,-0.065402629082007085,0,0,1,UNSTABLE,3.8516304127547964e-16,6.3347462913760414e-17,1
B2_D2_Guyan,B2,2,Guyan,full-grid,1821,27,11,48,1.0087293497016507,1.0066082586302247,-0.065381301661420796,0,0,1,UNSTABLE,4.0722644357022231e-16,6.3347462913760414e-17,1
B2_D2_Guyan,B2,2,Guyan,full-grid,1822,27,12,49,1.0087331419343903,1.0066134612019479,-0.065359707495225766,0,0,1,UNSTABLE,2.8939148961923965e-16,6.3347462913760414e-17,1
B2_D2_Guyan,B2,2,Guyan,full-grid,1823,27,13,50,1.0087355547593495,1.0066172929770256,-0.065337928611623353,0,0,1,UNSTABLE,1.9515795914212737e-16,6.3347462913760414e-17,1
B2_D2_Guyan,B2,2,Guyan,full-grid,1824,27,14,51,1.0087365862298636,1.0066197466087845,-0.065316048073541896,0,0,1,UNSTABLE,2.5337617675723464e-16,6.3347462913760414e-17,1
B2_D2_Guyan,B2,2,Guyan,full-grid,1825,27,15,52,1.0087362391974932,1.006620819514261,-0.065294149743603605,0,0,1,UNSTABLE,2.0297916979173796e-16,6.3347462913760414e-17,1
B2_D2_Guyan,B2,2,Guyan,full-grid,1826,27,16,53,1.00873452143461,1.0066205140137088,-0.065272318027539772,0,0,1,UNSTABLE,1.21577477867304e-16,6.3347462913760414e-17,1
B2_D2_Guyan,B2,2,Guyan,full-grid,1827,27,17,54,1.0087314457425902,1.0066188374569538,-0.06525063759647623,0,0,1,UNSTABLE,5.3195132532600688e-16,6.3347462913760414e-17,1
B2_D2_Guyan,B2,2,Guyan,full-grid,1828,27,18,55,1.0087270300430433,1.0066158023339644,-0.065229193088736551,0,0,1,UNSTABLE,3.4690481822348198e-16,6.3347462913760414e-17,1
B2_D2_Guyan,B2,2,Guyan,full-grid,1829,27,19,56,1.0087212974494708,1.0066114263669634,-0.065208068792221838,0,0,1,UNSTABLE,3.4768096752806095e-16,6.3347462913760414e-17,1
B2_D2_Guyan,B2,2,Guyan,full-grid,1830,27,20,57,1.0087142763169834,1.0066057325816167,-0.065187348308718349,0,0,1,UNSTABLE,3.0322465524791357e-16,6.3347462913760414e-17,1
B2_D2_Guyan,B2,2,Guyan,full-grid,1831,27,21,58,1.008706000267714,1.0065987493548447,-0.065167114201503756,0,0,1,UNSTABLE,2.4024742582651499e-16,6.3347462913760414e-17,1
B2_D2_Guyan,B2,2,Guyan,full-grid,1832,27,22,59,1.0086965081897887,1.0065905104369977,-0.065147447628108493,0,0,1,UNSTABLE,3.1018944403907253e-16,6.3347462913760414e-17,1
B2_D2_Guyan,B2,2,Guyan,full-grid,1833,27,23,60,1.0086858442077855,1.0065810549461915,-0.065128427960339894,0,0,1,UNSTABLE,3.4397407131944673e-16,6.3347462913760414e-17,1
B2_D2_Guyan,B2,2,Guyan,full-grid,1834,27,24,61,1.0086740576228788,1.0065704273328706,-0.065110132393698089,0,0,1,UNSTABLE,2.9012144694793843e-16,6.3347462913760414e-17,1
B2_D2_Guyan,B2,2,Guyan,full-grid,1835,27,25,62,1.0086612028209869,1.0065586773127599,-0.065092635548633329,0,0,1,UNSTABLE,2.8688078821868576e-16,6.3347462913760414e-17,1
B2_D2_Guyan,B2,2,Guyan,full-grid,1836,27,26,63,1.008647339147396,1.0065458597665233,-0.065076009066266566,0,0,1,UNSTABLE,2.0662668978833323e-16,6.3347462913760414e-17,1
B2_D2_Guyan,B2,2,Guyan,full-grid,1837,27,27,64,1.0086325307465958,1.0065320346046756,-0.065060321201594301,0,0,1,UNSTABLE,3.6894742559058755e-16,6.3347462913760414e-17,1
B2_D2_Guyan,B2,2,Guyan,full-grid,1838,27,28,65,1.0086168463662353,1.0065172665964979,-0.065045636416937211,0,0,1,UNSTABLE,3.1673966139016417e-16,6.3347462913760414e-17,1
B2_D2_Guyan,B2,2,Guyan,full-grid,1839,27,29,66,1.0086003591242869,1.0065016251618242,-0.06503201497914339,0,0,1,UNSTABLE,2.5557961141212805e-16,6.3347462913760414e-17,1
B2_D2_Guyan,B2,2,Guyan,full-grid,1840,27,30,67,1.008583146238835,1.0064851841249274,-0.065019512563833079,0,0,1,UNSTABLE,2.0290361623180733e-16,6.3347462913760414e-17,1
B2_D2_Guyan,B2,2,Guyan,full-grid,1841,27,31,68,1.0085652887202017,1.006468021429991,-0.065008179870403984,0,0,1,UNSTABLE,2.8682033258326277e-16,6.3347462913760414e-17,1
B2_D2_Guyan,B2,2,Guyan,full-grid,1842,27,32,69,1.0085468710251533,1.0064502188176805,-0.064998062251656274,0,0,1,UNSTABLE,2.4924876893682685e-16,6.3347462913760414e-17,1
B2_D2_Guyan,B2,2,Guyan,full-grid,1843,27,33,70,1.0085279806738006,1.0064318614631826,-0.064989199362101846,0,0,1,UNSTABLE,2.3459517397529911e-16,6.3347462913760414e-17,1
B2_D2_Guyan,B2,2,Guyan,full-grid,1844,27,34,71,1.0085087078296078,1.0064130375758751,-0.064981624829222304,0,0,1,UNSTABLE,3.043575652689305e-16,6.3347462913760414e-17,1
B2_D2_Guyan,B2,2,Guyan,full-grid,1845,27,35,72,1.0084891448438669,1.0063938379617108,-0.064975365952118169,0,0,1,UNSTABLE,3.8997256447001113e-16,6.3347462913760414e-17,1
B2_D2_Guyan,B2,2,Guyan,full-grid,1846,27,36,73,1.0084693857662006,1.0063743555496072,-0.064970443432153704,0,0,1,UNSTABLE,1.5081298765940215e-16,6.3347462913760414e-17,1
B2_D2_Guyan,B2,2,Guyan,full-grid,1847,27,37,74,1.0084495258234321,1.0063546848838878,-0.064966871140265114,0,0,1,UNSTABLE,1.4086465733953665e-16,6.3347462913760414e-17,1
B2_D2_Guyan,B2,2,Guyan,full-grid,1848,27,38,75,1.0084296608695851,1.0063349215852604,-0.064964655925620535,0,0,1,UNSTABLE,2.9517647909737366e-16,6.3347462913760414e-17,1
B2_D2_Guyan,B2,2,Guyan,full-grid,1849,27,39,76,1.0084098868107014,1.0063151617837267,-0.064963797470311155,0,0,1,UNSTABLE,1.9630980420278682e-16,6.3347462913760414e-17,1
B2_D2_Guyan,B2,2,Guyan,full-grid,1850,27,40,77,1.0083902990087188,1.0062955015273891,-0.064964288194621717,0,0,1,UNSTABLE,1.3438994342158164e-16,6.3347462913760414e-17,1
B2_D2_Guyan,B2,2,Guyan,full-grid,1851,27,41,78,1.0083709916694217,1.0062760361719121,-0.064966113216950894,0,0,1,UNSTABLE,2.1638154610721686e-16,6.3347462913760414e-17,1
B2_D2_Guyan,B2,2,Guyan,full-grid,1852,27,42,79,1.0083520572203291,1.006256859756254,-0.064969250372405044,0,0,1,UNSTABLE,1.6308221578731775e-16,6.3347462913760414e-17,1
B2_D2_Guyan,B2,2,Guyan,full-grid,1853,27,43,80,1.0083335856850177,1.0062380643709798,-0.064973670293042157,0,0,1,UNSTABLE,4.7096042524496072e-16,6.3347462913760414e-17,1
B2_D2_Guyan,B2,2,Guyan,full-grid,1854,27,44,81,1.0083156640610147,1.0062197395261223,-0.064979336552382486,0,0,1,UNSTABLE,2.1710702937156952e-16,6.3347462913760414e-17,1
B2_D2_Guyan,B2,2,Guyan,full-grid,1855,27,45,82,1.0082983757091601,1.0062019715263915,-0.064986205875811234,0,0,1,UNSTABLE,6.7164432130514534e-16,6.3347462913760414e-17,1
B2_D2_Guyan,B2,2,Guyan,full-grid,1856,27,46,83,1.0082817997624285,1.0061848428616891,-0.064994228417301569,0,0,1,UNSTABLE,2.0605718267748138e-16,6.3347462913760414e-17,1
B2_D2_Guyan,B2,2,Guyan,full-grid,1857,27,47,84,1.0082660105628638,1.0061684316216115,-0.065003348101921585,0,0,1,UNSTABLE,2.6296408191091708e-16,6.3347462913760414e-17,1
B2_D2_Guyan,B2,2,Guyan,full-grid,1858,27,48,85,1.0082510771349917,1.00615281094244,-0.065013503032041967,0,0,1,UNSTABLE,3.3829059338702948e-16,6.3347462913760414e-17,1
B2_D2_Guyan,B2,2,Guyan,full-grid,1859,27,49,86,1.0082370627041823,1.0061380484952704,-0.065024625954219678,0,0,1,UNSTABLE,3.0972255873525132e-16,6.3347462913760414e-17,1
B2_D2_Guyan,B2,2,Guyan,full-grid,1860,27,50,87,1.008224024267705,1.006124206023336,-0.065036644781826178,0,0,1,UNSTABLE,5.1927824039198139e-16,6.3347462913760414e-17,1
B2_D2_Guyan,B2,2,Guyan,full-grid,1861,27,51,88,1.0082120122259917,1.0061113389364134,-0.065049483167516811,0,0,1,UNSTABLE,3.959714464488203e-16,6.3347462913760414e-17,1
B2_D2_Guyan,B2,2,Guyan,full-grid,1862,27,52,89,1.0082010700800261,1.0060994959686749,-0.065063061118335028,0,0,1,UNSTABLE,2.1629561835302136e-16,6.3347462913760414e-17,1
B2_D2_Guyan,B2,2,Guyan,full-grid,1863,27,53,90,1.0081912342003405,1.0060887189060146,-0.065077295644951016,0,0,1,UNSTABLE,2.5987114319719543e-16,6.3347462913760414e-17,1
B2_D2_Guyan,B2,2,Guyan,full-grid,1864,27,54,91,1.0081825336711485,1.0060790423869532,-0.065092101435793678,0,0,1,UNSTABLE,2.0682164843782846e-16,6.3347462913760414e-17,1
B2_D2_Guyan,B2,2,Guyan,full-grid,1865,27,55,92,1.008174990211854,1.0060704937800051,-0.065107391546033247,0,0,1,UNSTABLE,2.6470398360383844e-16,6.3347462913760414e-17,1
B2_D2_Guyan,B2,2,Guyan,full-grid,1866,27,56,93,1.0081686181766019,1.0060630931388173,-0.065123078091213954,0,0,1,UNSTABLE,4.5020103027875446e-16,6.3347462913760414e-17,1
B2_D2_Guyan,B2,2,Guyan,full-grid,1867,27,57,94,1.0081634246306237,1.0060568532345158,-0.065139072934845443,0,0,1,UNSTABLE,2.8240382950011399e-16,6.3347462913760414e-17,1
B2_D2_Guyan,B2,2,Guyan,full-grid,1868,27,58,95,1.0081594095007584,1.0060517796632815,-0.065155288359902072,0,0,1,UNSTABLE,3.1014931760056226e-16,6.3347462913760414e-17,1
B2_D2_Guyan,B2,2,Guyan,full-grid,1869,27,59,96,1.0081565657957501,1.0060478710253675,-0.065171637714623643,0,0,1,UNSTABLE,1.6966797156663871e-16,6.3347462913760414e-17,1
B2_D2_Guyan,B2,2,Guyan,full-grid,1870,27,60,97,1.0081548798906692,1.0060451191705015,-0.065188036023343998,0,0,1,UNSTABLE,3.0480293091587048e-16,6.3347462913760414e-17,1
B2_D2_Guyan,B2,2,Guyan,full-grid,1871,27,61,98,1.0081543318685726,1.0060435095032512,-0.065204400555099823,0,0,1,UNSTABLE,2.1580479258031553e-16,6.3347462913760414e-17,1
B2_D2_Guyan,B2,2,Guyan,full-grid,1872,27,62,99,1.0081548959114861,1.0060430213408864,-0.065220651342959554,0,0,1,UNSTABLE,3.4486280690839503e-16,6.3347462913760414e-17,1
B2_D2_Guyan,B2,2,Guyan,full-grid,1873,27,63,100,1.0081565407323623,1.0060436283157124,-0.065236711649195409,0,0,1,UNSTABLE,2.5240826106873264e-16,6.3347462913760414e-17,1
B2_D2_Guyan,B2,2,Guyan,full-grid,1874,27,64,101,1.0081592300389681,1.0060452988130679,-0.065252508372400042,0,0,1,UNSTABLE,6.8179120621649615e-16,6.3347462913760414e-17,1
B2_D2_Guyan,B2,2,Guyan,full-grid,1875,27,65,102,1.0081629230207891,1.0060479964362226,-0.065267972394458862,0,0,1,UNSTABLE,5.1458459949142683e-16,6.3347462913760414e-17,1
B2_D2_Guyan,B2,2,Guyan,full-grid,1876,27,66,103,1.0081675748501875,1.0060516804894613,-0.065283038866456311,0,0,1,UNSTABLE,1.3675215170200809e-16,6.3347462913760414e-17,1
B2_D2_Guyan,B2,2,Guyan,full-grid,1877,28,0,38,1.0085900903671221,1.0065094280839881,-0.064751382725023746,0,0,1,UNSTABLE,3.4336774945448529e-16,3.0504639614637829e-17,1
B2_D2_Guyan,B2,2,Guyan,full-grid,1878,28,1,39,1.0086067939513919,1.0065270507765431,-0.064737630941975252,0,0,1,UNSTABLE,1.8034318916273048e-16,6.3347462913760414e-17,1
B2_D2_Guyan,B2,2,Guyan,full-grid,1879,28,2,40,1.0086224844132015,1.0065437177738148,-0.064722950133052889,0,0,1,UNSTABLE,1.2302356576778774e-16,6.3347462913760414e-17,1
B2_D2_Guyan,B2,2,Guyan,full-grid,1880,28,3,41,1.0086371199726334,1.0065593834187241,-0.064707398637300698,0,0,1,UNSTABLE,1.1870871414770289e-16,6.3347462913760414e-17,1
B2_D2_Guyan,B2,2,Guyan,full-grid,1881,28,4,42,1.0086506617888982,1.0065740048647354,-0.064691036919731701,0,0,1,UNSTABLE,1.1290625927064453e-16,6.3347462913760414e-17,1
B2_D2_Guyan,B2,2,Guyan,full-grid,1882,28,5,43,1.008663074066148,1.0065875421858719,-0.064673927519342589,0,0,1,UNSTABLE,1.6386318443973334e-16,6.3347462913760414e-17,1
B2_D2_Guyan,B2,2,Guyan,full-grid,1883,28,6,44,1.0086743241694418,1.0065999584974719,-0.064656134987859062,0,0,1,UNSTABLE,1.0951211559121571e-16,6.3347462913760414e-17,1
B2_D2_Guyan,B2,2,Guyan,full-grid,1884,28,7,45,1.0086843827496226,1.0066112200865522,-0.064637725817434336,0,0,1,UNSTABLE,2.2220588406546199e-16,6.3347462913760414e-17,1
B2_D2_Guyan,B2,2,Guyan,full-grid,1885,28,8,46,1.0086932238755364,1.0066212965503389,-0.064618768355159575,0,0,1,UNSTABLE,2.1095208935739381e-16,6.3347462913760414e-17,1
B2_D2_Guyan,B2,2,Guyan,full-grid,1886,28,9,47,1.0087008251718135,1.0066301609412649,-0.064599332702905077,0,0,1,UNSTABLE,1.7977125114336181e-16,6.3347462913760414e-17,1
B2_D2_Guyan,B2,2,Guyan,full-grid,1887,28,10,48,1.0087071679603414,1.0066377899166632,-0.064579490600874673,0,0,1,UNSTABLE,1.882920316112752e-16,6.3347462913760414e-17,1
B2_D2_Guyan,B2,2,Guyan,full-grid,1888,28,11,49,1.0087122374032638,1.0066441638910457,-0.064559315293734029,0,0,1,UNSTABLE,1.8338051714470019e-16,6.3347462913760414e-17,1
B2_D2_Guyan,B2,2,Guyan,full-grid,1889,28,12,50,1.0087160226453409,1.00664926718887,-0.064538881378177648,0,0,1,UNSTABLE,1.4393578903293218e-16,6.3347462913760414e-17,1
B2_D2_Guyan,B2,2,Guyan,full-grid,1890,28,13,51,1.0087185169532942,1.0066530881954385,-0.064518264631340791,0,0,1,UNSTABLE,1.8667887828355082e-16,6.3347462913760414e-17,1
B2_D2_Guyan,B2,2,Guyan,full-grid,1891,28,14,52,1.0087197178497094,1.0066556195035397,-0.064497541819373713,0,0,1,UNSTABLE,2.450043447823544e-16,6.3347462913760414e-17,1
B2_D2_Guyan,B2,2,Guyan,full-grid,1892,28,15,53,1.008719627239131,1.0066568580534483,-0.064476790486274208,0,0,1,UNSTABLE,1.1487142992289772e-16,6.3347462913760414e-17,1
B2_D2_Guyan,B2,2,Guyan,full-grid,1893,28,16,54,1.0087182515237689,1.006656805263713,-0.064456088722670363,0,0,1,UNSTABLE,1.8739334812805978e-16,6.3347462913760414e-17,1
B2_D2_Guyan,B2,2,Guyan,full-grid,1894,28,17,55,1.0087156017064531,1.0066554671503152,-0.064435514915243949,0,0,1,UNSTABLE,1.9961636998780652e-16,6.3347462913760414e-17,1
B2_D2_Guyan,B2,2,Guyan,full-grid,1895,28,18,56,1.0087116934783906,1.0066528544317215,-0.064415147477206655,0,0,1,UNSTABLE,3.7439295148760275e-16,6.3347462913760414e-17,1
B2_D2_Guyan,B2,2,Guyan,full-grid,1896,28,19,57,1.0087065472893966,1.006648982617429,-0.06439506456080861,0,0,1,UNSTABLE,1.8190424990866303e-16,6.3347462913760414e-17,1
B2_D2_Guyan,B2,2,Guyan,full-grid,1897,28,20,58,1.0087001883983253,1.0066438720776592,-0.064375343752979944,0,0,1,UNSTABLE,2.2920652909599091e-16,6.3347462913760414e-17,1
B2_D2_Guyan,B2,2,Guyan,full-grid,1898,28,21,59,1.0086926469015787,1.0066375480919825,-0.064356061755476771,0,0,1,UNSTABLE,4.4401163577168744e-16,6.3347462913760414e-17,1
B2_D2_Guyan,B2,2,Guyan,full-grid,1899,28,22,60,1.0086839577377611,1.0066300408748416,-0.064337294051178232,0,0,1,UNSTABLE,3.4046720219408221e-16,6.3347462913760414e-17,1
B2_D2_Guyan,B2,2,Guyan,full-grid,1900,28,23,61,1.0086741606663649,1.0066213855757395,-0.064319114558379437,0,0,1,UNSTABLE,1.8121691244035312e-16,6.3347462913760414e-17,1
B2_D2_Guyan,B2,2,Guyan,full-grid,1901,28,24,62,1.0086633002191043,1.006611622252586,-0.064301595275014042,0,0,1,UNSTABLE,2.2447806435116433e-16,6.3347462913760414e-17,1
B2_D2_Guyan,B2,2,Guyan,full-grid,1902,28,25,63,1.0086514256221,1.0066007958162688,-0.064284805915153675,0,0,1,UNSTABLE,1.8199639356641065e-16,6.3347462913760414e-17,1
B2_D2_Guyan,B2,2,Guyan,full-grid,1903,28,26,64,1.0086385906876356,1.0065889559450163,-0.064268813540175107,0,0,1,UNSTABLE,3.2535507048173583e-16,6.3347462913760414e-17,1
B2_D2_Guyan,B2,2,Guyan,full-grid,1904,28,27,65,1.0086248536742961,1.0065761569672118,-0.064253682187202149,0,0,1,UNSTABLE,1.9371385264498309e-16,6.3347462913760414e-17,1
B2_D2_Guyan,B2,2,Guyan,full-grid,1905,28,28,66,1.0086102771145105,1.0065624577115155,-0.064239472497546274,0,0,1,UNSTABLE,1.9584393597875326e-16,6.3347462913760414e-17,1
B2_D2_Guyan,B2,2,Guyan,full-grid,1906,28,29,67,1.0085949276087183,1.0065479213233277,-0.064226241348253041,0,0,1,UNSTABLE,1.3746230631899414e-16,6.3347462913760414e-17,1
B2_D2_Guyan,B2,2,Guyan,full-grid,1907,28,30,68,1.0085788755856235,1.0065326150468832,-0.06421404148972025,0,0,1,UNSTABLE,3.2809205918553188e-16,6.3347462913760414e-17,1
B2_D2_Guyan,B2,2,Guyan,full-grid,1908,28,31,69,1.0085621950282546,1.0065166099724896,-0.06420292119287363,0,0,1,UNSTABLE,2.1449537345900344e-16,6.3347462913760414e-17,1
B2_D2_Guyan,B2,2,Guyan,full-grid,1909,28,32,70,1.0085449631658705,1.00649998074875,-0.064192923909203475,0,0,1,UNSTABLE,2.4792877904942576e-16,6.3347462913760414e-17,1
B2_D2_Guyan,B2,2,Guyan,full-grid,1910,28,33,71,1.008527260131995,1.0064828052598327,-0.064184087947454033,0,0,1,UNSTABLE,2.2443460260290882e-16,6.3347462913760414e-17,1
B2_D2_Guyan,B2,2,Guyan,full-grid,1911,28,34,72,1.0085091685892493,1.0064651642682276,-0.064176446170761306,0,0,1,UNSTABLE,1.146531524969851e-16,6.3347462913760414e-17,1
B2_D2_Guyan,B2,2,Guyan,full-grid,1912,28,35,73,1.0084907733221768,1.0064471410239642,-0.064170025718018178,0,0,1,UNSTABLE,2.5737921573571031e-16,6.3347462913760414e-17,1
B2_D2_Guyan,B2,2,Guyan,full-grid,1913,28,36,74,1.0084721607993767,1.0064288208413501,-0.064164847753683613,0,0,1,UNSTABLE,1.8880878990310321e-16,6.3347462913760414e-17,1
B2_D2_Guyan,B2,2,Guyan,full-grid,1914,28,37,75,1.0084534187072105,1.0064102906452561,-0.064160927250091718,0,0,1,UNSTABLE,4.7016241554452366e-16,6.3347462913760414e-17,1
B2_D2_Guyan,B2,2,Guyan,full-grid,1915,28,38,76,1.0084346354574252,1.0063916384890474,-0.064158272806243519,0,0,1,UNSTABLE,1.9521569215461119e-16,6.3347462913760414e-17,1
B2_D2_Guyan,B2,2,Guyan,full-grid,1916,28,39,77,1.0084158996719905,1.006372953047209,-0.064156886507296687,0,0,1,UNSTABLE,1.4133299028298605e-16,6.3347462913760414e-17,1
B2_D2_Guyan,B2,2,Guyan,full-grid,1917,28,40,78,1.0083972996487907,1.0063543230860668,-0.064156763828587496,0,0,1,UNSTABLE,5.3499810769265774e-16,6.3347462913760414e-17,1
B2_D2_Guyan,B2,2,Guyan,full-grid,1918,28,41,79,1.0083789228125788,1.0063358369167976,-0.064157893587812209,0,0,1,UNSTABLE,1.6906462819413474e-16,6.3347462913760414e-17,1
B2_D2_Guyan,B2,2,Guyan,full-grid,1919,28,42,80,1.0083608551562244,1.0063175818355541,-0.064160257948633406,0,0,1,UNSTABLE,1.4171103236611007e-16,6.3347462913760414e-17,1
B2_D2_Guyan,B2,2,Guyan,full-grid,1920,28,43,81,1.0083431806778052,1.0062996435560745,-0.064163832478664209,0,0,1,UNSTABLE,2.9356873145223562e-16,6.3347462913760414e-17,1
B2_D2_Guyan,B2,2,Guyan,full-grid,1921,28,44,82,1.0083259808197396,1.0062821056408522,-0.064168586263859601,0,0,1,UNSTABLE,3.6585426001355257e-16,6.3347462913760414e-17,1
B2_D2_Guyan,B2,2,Guyan,full-grid,1922,28,45,83,1.0083093339165752,1.0062650489373755,-0.064174482080877254,0,0,1,UNSTABLE,1.7829259224683786e-16,6.3347462913760414e-17,1
B2_D2_Guyan,B2,2,Guyan,full-grid,1923,28,46,84,1.0082933146585109,1.0062485510264856,-0.064181476627959075,0,0,1,UNSTABLE,1.376543631656734e-16,6.3347462913760414e-17,1
B2_D2_Guyan,B2,2,Guyan,full-grid,1924,28,47,85,1.0082779935778101,1.0062326856900323,-0.064189520813908829,0,0,1,UNSTABLE,4.3351611025934537e-16,6.3347462913760414e-17,1
B2_D2_Guyan,B2,2,Guyan,full-grid,1925,28,48,86,1.0082634365655085,1.0062175224053105,-0.064198560103850597,0,0,1,UNSTABLE,1.3350295202909368e-16,6.3347462913760414e-17,1
B2_D2_Guyan,B2,2,Guyan,full-grid,1926,28,49,87,1.0082497044256595,1.0062031258736939,-0.064208534918945112,0,0,1,UNSTABLE,3.5688425855326654e-16,6.3347462913760414e-17,1
B2_D2_Guyan,B2,2,Guyan,full-grid,1927,28,50,88,1.0082368524739256,1.0061895555904894,-0.064219381086567731,0,0,1,UNSTABLE,4.3638836036738068e-16,6.3347462913760414e-17,1
B2_D2_Guyan,B2,2,Guyan,full-grid,1928,28,51,89,1.0082249301870139,1.006176865462826,-0.064231030335895223,0,0,1,UNSTABLE,3.4287037030035432e-16,6.3347462913760414e-17,1
B2_D2_Guyan,B2,2,Guyan,full-grid,1929,28,52,90,1.0082139809084887,1.0061651034814703,-0.064243410833055847,0,0,1,UNSTABLE,2.2611327679892964e-16,6.3347462913760414e-17,1
B2_D2_Guyan,B2,2,Guyan,full-grid,1930,28,53,91,1.0082040416158113,1.0061543114518561,-0.064256447748831991,0,0,1,UNSTABLE,5.7118268388940982e-16,6.3347462913760414e-17,1
B2_D2_Guyan,B2,2,Guyan,full-grid,1931,28,54,92,1.0081951427520885,1.0061445247882936,-0.064270063851243162,0,0,1,UNSTABLE,2.6565139474379822e-16,6.3347462913760414e-17,1
B2_D2_Guyan,B2,2,Guyan,full-grid,1932,28,55,93,1.0081873081249983,1.006135772374352,-0.064284180114520154,0,0,1,UNSTABLE,3.4961996657289586e-16,6.3347462913760414e-17,1
B2_D2_Guyan,B2,2,Guyan,full-grid,1933,28,56,94,1.0081805548738012,1.0061280764908624,-0.064298716335885769,0,0,1,UNSTABLE,3.7098517742639417e-16,6.3347462913760414e-17,1
B2_D2_Guyan,B2,2,Guyan,full-grid,1934,28,57,95,1.0081748935041532,1.0061214528118403,-0.064313591750910892,0,0,1,UNSTABLE,4.4499287046661422e-16,6.3347462913760414e-17,1
B2_D2_Guyan,B2,2,Guyan,full-grid,1935,28,58,96,1.0081703279888896,1.0061159104670292,-0.064328725638909567,0,0,1,UNSTABLE,2.1300392447952254e-16,6.3347462913760414e-17,1
B2_D2_Guyan,B2,2,Guyan,full-grid,1936,28,59,97,1.0081668559316432,1.0061114521684935,-0.064344037909506338,0,0,1,UNSTABLE,1.8437376308941334e-16,6.3347462913760414e-17,1
B2_D2_Guyan,B2,2,Guyan,full-grid,1937,28,60,98,1.0081644687890319,1.0061080743974675,-0.064359449662740681,0,0,1,UNSTABLE,1.5239668462420247e-16,6.3347462913760414e-17,1
B2_D2_Guyan,B2,2,Guyan,full-grid,1938,28,61,99,1.0081631521458827,1.0061057676463965,-0.064374883715449083,0,0,1,UNSTABLE,6.8074004400972849e-16,6.3347462913760414e-17,1
B2_D2_Guyan,B2,2,Guyan,full-grid,1939,28,62,100,1.00816288603724,1.0061045167102973,-0.064390265087793594,0,0,1,UNSTABLE,3.6223881076204152e-16,6.3347462913760414e-17,1
B2_D2_Guyan,B2,2,Guyan,full-grid,1940,28,63,101,1.0081636453101777,1.0061043010207906,-0.064405521444765579,0,0,1,UNSTABLE,2.5949535305385863e-16,6.3347462913760414e-17,1
B2_D2_Guyan,B2,2,Guyan,full-grid,1941,28,64,102,1.008165400017921,1.0061050950155341,-0.064420583489112532,0,0,1,UNSTABLE,5.179943556396215e-16,6.3347462913760414e-17,1
B2_D2_Guyan,B2,2,Guyan,full-grid,1942,28,65,103,1.0081681158386537,1.00610686853562,-0.064435385302718445,0,0,1,UNSTABLE,1.8791409881103198e-16,6.3347462913760414e-17,1
B2_D2_Guyan,B2,2,Guyan,full-grid,1943,28,66,104,1.0081717545114377,1.0061095872434374,-0.064449864635316143,0,0,1,UNSTABLE,1.48669822354714e-16,6.3347462913760414e-17,1
B2_D2_Guyan,B2,2,Guyan,full-grid,1944,29,0,39,1.0085536725415032,1.0065250402803492,-0.063936325243125675,0,0,1,UNSTABLE,1.934142510946917e-16,3.0504639614637823e-17,1
B2_D2_Guyan,B2,2,Guyan,full-grid,1945,29,1,40,1.0085695388849594,1.0065417659898883,-0.063923298448817487,0,0,1,UNSTABLE,1.2506041331124908e-16,6.3347462913760414e-17,1
B2_D2_Guyan,B2,2,Guyan,full-grid,1946,29,2,41,1.0085844579774612,1.0065575976344363,-0.063909400858413151,0,0,1,UNSTABLE,1.229729627827605e-16,6.3347462913760414e-17,1
B2_D2_Guyan,B2,2,Guyan,full-grid,1947,29,3,42,1.0085983910431866,1.006572492908451,-0.063894686281189744,0,0,1,UNSTABLE,1.5756164888780452e-16,6.3347462913760414e-17,1
B2_D2_Guyan,B2,2,Guyan,full-grid,1948,29,4,43,1.0086113019676708,1.0065864120507133,-0.063879210481906076,0,0,1,UNSTABLE,3.6836483168671986e-16,6.3347462913760414e-17,1
B2_D2_Guyan,B2,2,Guyan,full-grid,1949,29,5,44,1.008623157395669,1.006599317945738,-0.063863031136829743,0,0,1,UNSTABLE,4.2267058527059632e-16,6.3347462913760414e-17,1
B2_D2_Guyan,B2,2,Guyan,full-grid,1950,29,6,45,1.0086339268384126,1.0066111762350911,-0.063846207781534062,0,0,1,UNSTABLE,2.5285602135234583e-16,6.3347462913760414e-17,1
B2_D2_Guyan,B2,2,Guyan,full-grid,1951,29,7,46,1.0086435827891127,1.0066219554376192,-0.063828801748123692,0,0,1,UNSTABLE,1.925709208620637e-16,6.3347462913760414e-17,1
B2_D2_Guyan,B2,2,Guyan,full-grid,1952,29,8,47,1.0086521008453131,1.0066316270772497,-0.063810876090775695,0,0,1,UNSTABLE,1.9976413462987961e-16,6.3347462913760414e-17,1
B2_D2_Guyan,B2,2,Guyan,full-grid,1953,29,9,48,1.0086594598365926,1.0066401658169724,-0.063792495497709836,0,0,1,UNSTABLE,1.7085177745148183e-16,6.3347462913760414e-17,1
B2_D2_Guyan,B2,2,Guyan,full-grid,1954,29,10,49,1.0086656419557534,1.0066475495972056,-0.063773726188405488,0,0,1,UNSTABLE,1.5165800496872001e-16,6.3347462913760414e-17,1
B2_D2_Guyan,B2,2,Guyan,full-grid,1955,29,11,50,1.0086706328917803,1.0066537597769045,-0.063754635794794512,0,0,1,UNSTABLE,3.1600065987215571e-16,6.3347462913760414e-17,1
B2_D2_Guyan,B2,2,Guyan,full-grid,1956,29,12,51,1.0086744219623995,1.0066587812752814,-0.063735293225545983,0,0,1,UNSTABLE,1.1732866949589985e-16,6.3347462913760414e-17,1
B2_D2_Guyan,B2,2,Guyan,full-grid,1957,29,13,52,1.0086770022442921,1.0066626027122267,-0.06371576851280282,0,0,1,UNSTABLE,2.4840497537940117e-16,6.3347462913760414e-17,1
B2_D2_Guyan,B2,2,Guyan,full-grid,1958,29,14,53,1.0086783706986102,1.0066652165451089,-0.063696132640780653,0,0,1,UNSTABLE,2.211977548693197e-16,6.3347462913760414e-17,1
B2_D2_Guyan,B2,2,Guyan,full-grid,1959,29,15,54,1.0086785282897552,1.0066666191999052,-0.063676457356070582,0,0,1,UNSTABLE,3.8447674773444254e-16,6.3347462913760414e-17,1
B2_D2_Guyan,B2,2,Guyan,full-grid,1960,29,16,55,1.0086774800949954,1.006666811194237,-0.063656814959723196,0,0,1,UNSTABLE,1.9790711944785283e-16,6.3347462913760414e-17,1
B2_D2_Guyan,B2,2,Guyan,full-grid,1961,29,17,56,1.0086752354028103,1.0066657972501698,-0.063637278081286858,0,0,1,UNSTABLE,2.3496423916265832e-16,6.3347462913760414e-17,1
B2_D2_Guyan,B2,2,Guyan,full-grid,1962,29,18,57,1.0086718077977064,1.0066635863944859,-0.063617919435365572,0,0,1,UNSTABLE,2.8229070444928779e-16,6.3347462913760414e-17,1
B2_D2_Guyan,B2,2,Guyan,full-grid,1963,29,19,58,1.0086672152293457,1.00666019204421,-0.063598811561517837,0,0,1,UNSTABLE,2.1630412484700006e-16,6.3347462913760414e-17,1
B2_D2_Guyan,B2,2,Guyan,full-grid,1964,29,20,59,1.0086614800639184,1.0066556320752587,-0.063580026548404348,0,0,1,UNSTABLE,2.3305709216647953e-16,6.3347462913760414e-17,1
B2_D2_Guyan,B2,2,Guyan,full-grid,1965,29,21,60,1.0086546291157539,1.0066499288721209,-0.063561635743529549,0,0,1,UNSTABLE,1.7522923095160494e-16,6.3347462913760414e-17,1
B2_D2_Guyan,B2,2,Guyan,full-grid,1966,29,22,61,1.0086466936574072,1.0066431093567214,-0.06354370944988405,0,0,1,UNSTABLE,1.8375122727953715e-16,6.3347462913760414e-17,1
B2_D2_Guyan,B2,2,Guyan,full-grid,1967,29,23,62,1.0086377094062826,1.0066352049944174,-0.063526316611303785,0,0,1,UNSTABLE,3.9854971916828362e-16,6.3347462913760414e-17,1
B2_D2_Guyan,B2,2,Guyan,full-grid,1968,29,24,63,1.0086277164864415,1.0066262517756708,-0.06350952448819952,0,0,1,UNSTABLE,1.246803873690215e-16,6.3347462913760414e-17,1
B2_D2_Guyan,B2,2,Guyan,full-grid,1969,29,25,64,1.0086167593639426,1.0066162901716051,-0.063493398325935299,0,0,1,UNSTABLE,2.4511931142798497e-16,6.3347462913760414e-17,1
B2_D2_Guyan,B2,2,Guyan,full-grid,1970,29,26,65,1.0086048867546185,1.0066053650622393,-0.063478001017776689,0,0,1,UNSTABLE,1.7727606257161968e-16,6.3347462913760414e-17,1
B2_D2_Guyan,B2,2,Guyan,full-grid,1971,29,27,66,1.0085921515030483,1.0065935256359912,-0.063463392765063686,0,0,1,UNSTABLE,1.236223615871726e-16,6.3347462913760414e-17,1
B2_D2_Guyan,B2,2,Guyan,full-grid,1972,29,28,67,1.008578610431899,1.0065808252594923,-0.063449630736984619,0,0,1,UNSTABLE,2.0444216188604529e-16,6.3347462913760414e-17,1
B2_D2_Guyan,B2,2,Guyan,full-grid,1973,29,29,68,1.0085643241609825,1.0065673213168873,-0.063436768732693105,0,0,1,UNSTABLE,5.3571094024517719e-16,6.3347462913760414e-17,1
B2_D2_Guyan,B2,2,Guyan,full-grid,1974,29,30,69,1.008549356895426,1.0065530750178615,-0.063424856848594918,0,0,1,UNSTABLE,2.1605901472736751e-16,6.3347462913760414e-17,1
B2_D2_Guyan,B2,2,Guyan,full-grid,1975,29,31,70,1.0085337761827924,1.0065381511740368,-0.063413941153935921,0,0,1,UNSTABLE,1.494526362549596e-16,6.3347462913760414e-17,1
B2_D2_Guyan,B2,2,Guyan,full-grid,1976,29,32,71,1.0085176526392345,1.0065226179436619,-0.063404063377586362,0,0,1,UNSTABLE,1.75732300210577e-16,6.3347462913760414e-17,1
B2_D2_Guyan,B2,2,Guyan,full-grid,1977,29,33,72,1.008501059644815,1.0065065465445071,-0.063395260609644732,0,0,1,UNSTABLE,1.9907797362127217e-16,6.3347462913760414e-17,1
B2_D2_Guyan,B2,2,Guyan,full-grid,1978,29,34,73,1.0084840730088438,1.0064900109356447,-0.063387565020850689,0,0,1,UNSTABLE,3.6095925414825489e-16,6.3347462913760414e-17,1
B2_D2_Guyan,B2,2,Guyan,full-grid,1979,29,35,74,1.0084667706060406,1.0064730874686949,-0.063381003603678279,0,0,1,UNSTABLE,2.0990364941056678e-16,6.3347462913760414e-17,1
B2_D2_Guyan,B2,2,Guyan,full-grid,1980,29,36,75,1.008449231984998,1.0064558545098115,-0.063375597938463327,0,0,1,UNSTABLE,1.1845291322182846e-16,6.3347462913760414e-17,1
B2_D2_Guyan,B2,2,Guyan,full-grid,1981,29,37,76,1.0084315379506945,1.0064383920339424,-0.063371363988283982,0,0,1,UNSTABLE,2.5493997594025723e-16,6.3347462913760414e-17,1
B2_D2_Guyan,B2,2,Guyan,full-grid,1982,29,38,77,1.0084137701233804,1.0064207811934744,-0.063368311926122467,0,0,1,UNSTABLE,4.1740594892973841e-16,6.3347462913760414e-17,1
B2_D2_Guyan,B2,2,Guyan,full-grid,1983,29,39,78,1.0083960104764931,1.0064031038637047,-0.0633664459979323,0,0,1,UNSTABLE,3.1543183391199751e-16,6.3347462913760414e-17,1
B2_D2_Guyan,B2,2,Guyan,full-grid,1984,29,40,79,1.0083783408569729,1.0063854421683067,-0.063365764424988424,0,0,1,UNSTABLE,2.9011799549610716e-16,6.3347462913760414e-17,1
B2_D2_Guyan,B2,2,Guyan,full-grid,1985,29,41,80,1.0083608424916941,1.0063678779883187,-0.063366259348705337,0,0,1,UNSTABLE,4.4111830293010069e-16,6.3347462913760414e-17,1
B2_D2_Guyan,B2,2,Guyan,full-grid,1986,29,42,81,1.0083435954844071,1.0063504924588682,-0.063367916820856907,0,0,1,UNSTABLE,5.297126434380345e-16,6.3347462913760414e-17,1
B2_D2_Guyan,B2,2,Guyan,full-grid,1987,29,43,82,1.0083266783079219,1.0063333654582169,-0.063370716841660846,0,0,1,UNSTABLE,4.5244665742357515e-16,6.3347462913760414e-17,1
B2_D2_Guyan,B2,2,Guyan,full-grid,1988,29,44,83,1.008310167296999,1.0063165750944805,-0.063374633447596224,0,0,1,UNSTABLE,3.1927089349774412e-16,6.3347462913760414e-17,1
B2_D2_Guyan,B2,2,Guyan,full-grid,1989,29,45,84,1.0082941361474411,1.0063001971954084,-0.063379634850609864,0,0,1,UNSTABLE,1.5248677242822024e-16,6.3347462913760414e-17,1
B2_D2_Guyan,B2,2,Guyan,full-grid,1990,29,46,85,1.008278655427671,1.0062843048075032,-0.063385683628974385,0,0,1,UNSTABLE,2.6713901059751265e-16,6.3347462913760414e-17,1
B2_D2_Guyan,B2,2,Guyan,full-grid,1991,29,47,86,1.0082637921088657,1.0062689677105363,-0.063392736969795083,0,0,1,UNSTABLE,3.5627593096088108e-16,6.3347462913760414e-17,1
B2_D2_Guyan,B2,2,Guyan,full-grid,1992,29,48,87,1.0082496091200659,1.0062542519539486,-0.063400746962202992,0,0,1,UNSTABLE,1.5019143647956959e-16,6.3347462913760414e-17,1
B2_D2_Guyan,B2,2,Guyan,full-grid,1993,29,49,88,1.0082361649346054,1.0062402194216062,-0.063409660938999454,0,0,1,UNSTABLE,3.2292771221615574e-16,6.3347462913760414e-17,1
B2_D2_Guyan,B2,2,Guyan,full-grid,1994,29,50,89,1.0082235131937514,1.006226927430987,-0.063419421863854644,0,0,1,UNSTABLE,2.1652745941215656e-16,6.3347462913760414e-17,1
B2_D2_Guyan,B2,2,Guyan,full-grid,1995,29,51,90,1.0082117023734209,1.0062144283728907,-0.06342996876026763,0,0,1,UNSTABLE,3.6138362342956337e-16,6.3347462913760414e-17,1
B2_D2_Guyan,B2,2,Guyan,full-grid,1996,29,52,91,1.0082007754988731,1.0062027693968898,-0.063441237177080848,0,0,1,UNSTABLE,1.717119045839684e-16,6.3347462913760414e-17,1
B2_D2_Guyan,B2,2,Guyan,full-grid,1997,29,53,92,1.0081907699118877,1.0061919921473743,-0.063453159685101665,0,0,1,UNSTABLE,2.9486187832801945e-16,6.3347462913760414e-17,1
B2_D2_Guyan,B2,2,Guyan,full-grid,1998,29,54,93,1.0081817170937055,1.0061821325538589,-0.063465666398305254,0,0,1,UNSTABLE,3.8782802475424364e-16,6.3347462913760414e-17,1
B2_D2_Guyan,B2,2,Guyan,full-grid,1999,29,55,94,1.0081736425463461,1.0061732206786158,-0.063478685512454155,0,0,1,UNSTABLE,2.3764471692555069e-16,6.3347462913760414e-17,1
B2_D2_Guyan,B2,2,Guyan,full-grid,2000,29,56,95,1.0081665657334595,1.006165280623238,-0.063492143853854696,0,0,1,UNSTABLE,2.3363560470776913e-16,6.3347462913760414e-17,1
B2_D2_Guyan,B2,2,Guyan,full-grid,2001,29,57,96,1.0081605000810763,1.0061583304949853,-0.063505967430390456,0,0,1,UNSTABLE,3.6390315902113123e-16,6.3347462913760414e-17,1
B2_D2_Guyan,B2,2,Guyan,full-grid,2002,29,58,97,1.0081554530369876,1.0061523824321106,-0.063520081977289686,0,0,1,UNSTABLE,3.2915417398330874e-16,6.3347462913760414e-17,1
B2_D2_Guyan,B2,2,Guyan,full-grid,2003,29,59,98,1.0081514261867988,1.0061474426866801,-0.063534413490091993,0,0,1,UNSTABLE,3.4412938047228343e-16,6.3347462913760414e-17,1
B2_D2_Guyan,B2,2,Guyan,full-grid,2004,29,60,99,1.0081484154232672,1.0061435117619382,-0.063548888737720771,0,0,1,UNSTABLE,2.9343725628481371e-16,6.3347462913760414e-17,1
B2_D2_Guyan,B2,2,Guyan,full-grid,2005,29,61,100,1.0081464111647467,1.0061405846004385,-0.063563435749230818,0,0,1,UNSTABLE,1.4957234737692745e-16,6.3347462913760414e-17,1
B2_D2_Guyan,B2,2,Guyan,full-grid,2006,29,62,101,1.0081453986176807,1.0061386508182504,-0.063577984268399293,0,0,1,UNSTABLE,9.7428429970711615e-17,6.3347462913760414e-17,1
B2_D2_Guyan,B2,2,Guyan,full-grid,2007,29,63,102,1.0081453580773874,1.0061376949797736,-0.063592466171487519,0,0,1,UNSTABLE,3.7812305226440552e-16,6.3347462913760414e-17,1
B2_D2_Guyan,B2,2,Guyan,full-grid,2008,29,64,103,1.0081462652610047,1.0061376969072817,-0.063606815844080011,0,0,1,UNSTABLE,2.6406530031478787e-16,6.3347462913760414e-17,1
B2_D2_Guyan,B2,2,Guyan,full-grid,2009,29,65,104,1.0081480916660175,1.0061386320187895,-0.063620970514381439,0,0,1,UNSTABLE,2.2211875027442206e-16,6.3347462913760414e-17,1
B2_D2_Guyan,B2,2,Guyan,full-grid,2010,29,66,105,1.0081508049479273,1.0061404716879188,-0.063634870540970209,0,0,1,UNSTABLE,2.7345900908420032e-16,6.3347462913760414e-17,1
B2_D2_Guyan,B2,2,Guyan,full-grid,2011,30,0,40,1.0084947041701307,1.0065162951698268,-0.06313886201702848,0,0,1,UNSTABLE,1.758134572482565e-16,3.0504639614637829e-17,1
B2_D2_Guyan,B2,2,Guyan,full-grid,2012,30,1,41,1.0085097937975205,1.0065321877427904,-0.063126533432695753,0,0,1,UNSTABLE,2.3667739061217392e-16,6.3347462913760414e-17,1
B2_D2_Guyan,B2,2,Guyan,full-grid,2013,30,2,42,1.0085239983583534,1.0065472446091537,-0.063113387125398282,0,0,1,UNSTABLE,2.4058323441654488e-16,6.3347462913760414e-17,1
B2_D2_Guyan,B2,2,Guyan,full-grid,2014,30,3,43,1.0085372817594309,1.0065614264638318,-0.063099472690329436,0,0,1,UNSTABLE,1.4118271628283936e-16,6.3347462913760414e-17,1
B2_D2_Guyan,B2,2,Guyan,full-grid,2015,30,4,44,1.0085496103158684,1.0065746963031703,-0.063084841526873145,0,0,1,UNSTABLE,1.9599637864765586e-16,6.3347462913760414e-17,1
B2_D2_Guyan,B2,2,Guyan,full-grid,2016,30,5,45,1.008560952841687,1.006587019518502,-0.063069546801844845,0,0,1,UNSTABLE,1.6411394939189506e-16,6.3347462913760414e-17,1
B2_D2_Guyan,B2,2,Guyan,full-grid,2017,30,6,46,1.0085712807490503,1.0065983639988376,-0.063053643404990228,0,0,1,UNSTABLE,3.1258919602570092e-16,6.3347462913760414e-17,1
B2_D2_Guyan,B2,2,Guyan,full-grid,2018,30,7,47,1.0085805681552267,1.0066087002418542,-0.063037187895118918,0,0,1,UNSTABLE,1.5284798137002373e-16,6.3347462913760414e-17,1
B2_D2_Guyan,B2,2,Guyan,full-grid,2019,30,8,48,1.0085887919959078,1.0066180014719144,-0.063020238435388662,0,0,1,UNSTABLE,2.6340923424657094e-16,6.3347462913760414e-17,1
B2_D2_Guyan,B2,2,Guyan,full-grid,2020,30,9,49,1.0085959321436955,1.0066262437639955,-0.063002854716268125,0,0,1,UNSTABLE,1.6788152375644031e-16,6.3347462913760414e-17,1
B2_D2_Guyan,B2,2,Guyan,full-grid,2021,30,10,50,1.0086019715299404,1.0066334061717854,-0.062985097865065912,0,0,1,UNSTABLE,1.5857874717640347e-16,6.3347462913760414e-17,1
B2_D2_Guyan,B2,2,Guyan,full-grid,2022,30,11,51,1.0086068962685244,1.0066394708586039,-0.062967030340772293,0,0,1,UNSTABLE,2.6280937302854508e-16,6.3347462913760414e-17,1
B2_D2_Guyan,B2,2,Guyan,full-grid,2023,30,12,52,1.0086106957795284,1.0066444232291167,-0.062948715813616496,0,0,1,UNSTABLE,1.9200337143306691e-16,6.3347462913760414e-17,1
B2_D2_Guyan,B2,2,Guyan,full-grid,2024,30,13,53,1.0086133629111067,1.0066482520602205,-0.062930219028339479,0,0,1,UNSTABLE,1.5827887693062688e-16,6.3347462913760414e-17,1
B2_D2_Guyan,B2,2,Guyan,full-grid,2025,30,14,54,1.00861489405745,1.0066509496289817,-0.062911605651027394,0,0,1,UNSTABLE,2.4498455581572542e-16,6.3347462913760414e-17,1
B2_D2_Guyan,B2,2,Guyan,full-grid,2026,30,15,55,1.0086152892708722,1.0066525118356844,-0.062892942099035773,0,0,1,UNSTABLE,7.4317586492304207e-17,6.3347462913760414e-17,1
B2_D2_Guyan,B2,2,Guyan,full-grid,2027,30,16,56,1.0086145523660077,1.0066529383199576,-0.062874295354125892,0,0,1,UNSTABLE,1.876315816144894e-16,6.3347462913760414e-17,1
B2_D2_Guyan,B2,2,Guyan,full-grid,2028,30,17,57,1.0086126910139772,1.0066522325678253,-0.062855732758987815,0,0,1,UNSTABLE,2.4540995854157988e-16,6.3347462913760414e-17,1
B2_D2_Guyan,B2,2,Guyan,full-grid,2029,30,18,58,1.0086097168246568,1.0066504020077804,-0.062837321797545281,0,0,1,UNSTABLE,2.2368231870438525e-16,6.3347462913760414e-17,1
B2_D2_Guyan,B2,2,Guyan,full-grid,2030,30,19,59,1.0086056454148598,1.0066474580936431,-0.062819129859725237,0,0,1,UNSTABLE,1.6232956263779324e-16,6.3347462913760414e-17,1
B2_D2_Guyan,B2,2,Guyan,full-grid,2031,30,20,60,1.0086004964607238,1.006643416372436,-0.062801223991647975,0,0,1,UNSTABLE,2.9170218315320625e-16,6.3347462913760414e-17,1
B2_D2_Guyan,B2,2,Guyan,full-grid,2032,30,21,61,1.0085942937323062,1.0066382965352176,-0.062783670632140742,0,0,1,UNSTABLE,3.3626504982299376e-16,6.3347462913760414e-17,1
B2_D2_Guyan,B2,2,Guyan,full-grid,2033,30,22,62,1.0085870651087652,1.0066321224491577,-0.062766535337046403,0,0,1,UNSTABLE,3.6926246337545704e-16,6.3347462913760414e-17,1
B2_D2_Guyan,B2,2,Guyan,full-grid,2034,30,23,63,1.008578842572416,1.0066249221690555,-0.06274988249277659,0,0,1,UNSTABLE,1.4408004220141374e-16,6.3347462913760414e-17,1
B2_D2_Guyan,B2,2,Guyan,full-grid,2035,30,24,64,1.0085696621802656,1.0066167279268101,-0.062733775020615876,0,0,1,UNSTABLE,2.7981602530659089e-16,6.3347462913760414e-17,1
B2_D2_Guyan,B2,2,Guyan,full-grid,2036,30,25,65,1.0085595640116163,1.0066075760973057,-0.06271827407389538,0,0,1,UNSTABLE,2.9166871919638641e-16,6.3347462913760414e-17,1
B2_D2_Guyan,B2,2,Guyan,full-grid,2037,30,26,66,1.0085485920905499,1.0065975071394213,-0.062703438729730443,0,0,1,UNSTABLE,3.3180534790472781e-16,6.3347462913760414e-17,1
B2_D2_Guyan,B2,2,Guyan,full-grid,2038,30,27,67,1.008536794282316,1.0065865655110398,-0.062689325677818888,0,0,1,UNSTABLE,1.3643485502673806e-16,6.3347462913760414e-17,1
B2_D2_Guyan,B2,2,Guyan,full-grid,2039,30,28,68,1.0085242221627702,1.0065747995570853,-0.062675988908308208,0,0,1,UNSTABLE,1.4471812982438473e-16,6.3347462913760414e-17,1
B2_D2_Guyan,B2,2,Guyan,full-grid,2040,30,29,69,1.0085109308601488,1.0065622613697163,-0.062663479401377217,0,0,1,UNSTABLE,1.6283422687635697e-16,6.3347462913760414e-17,1
B2_D2_Guyan,B2,2,Guyan,full-grid,2041,30,30,70,1.0084969788688074,1.0065490066201579,-0.062651844821080924,0,0,1,UNSTABLE,2.3901403344704007e-16,6.3347462913760414e-17,1
B2_D2_Guyan,B2,2,Guyan,full-grid,2042,30,31,71,1.0084824278346911,1.006535094361781,-0.062641129216145869,0,0,1,UNSTABLE,2.0881359928814521e-16,6.3347462913760414e-17,1
B2_D2_Guyan,B2,2,Guyan,full-grid,2043,30,32,72,1.0084673423124992,1.0065205868042209,-0.062631372730623538,0,0,1,UNSTABLE,1.9335981399465011e-16,6.3347462913760414e-17,1
B2_D2_Guyan,B2,2,Guyan,full-grid,2044,30,33,73,1.0084517894948906,1.0065055490587242,-0.062622611327247016,0,0,1,UNSTABLE,1.965709745281681e-16,6.3347462913760414e-17,1
B2_D2_Guyan,B2,2,Guyan,full-grid,2045,30,34,74,1.0084358389142671,1.0064900488550639,-0.062614876526690719,0,0,1,UNSTABLE,1.9936072480301797e-16,6.3347462913760414e-17,1
B2_D2_Guyan,B2,2,Guyan,full-grid,2046,30,35,75,1.0084195621180096,1.0064741562307333,-0.062608195165742606,0,0,1,UNSTABLE,3.1610075554757736e-16,6.3347462913760414e-17,1
B2_D2_Guyan,B2,2,Guyan,full-grid,2047,30,36,76,1.008403032318431,1.0064579431934899,-0.062602589177574941,0,0,1,UNSTABLE,1.2640083861833112e-16,6.3347462913760414e-17,1
B2_D2_Guyan,B2,2,Guyan,full-grid,2048,30,37,77,1.0083863240189752,1.0064414833585866,-0.062598075397486547,0,0,1,UNSTABLE,4.7711835554881975e-16,6.3347462913760414e-17,1
B2_D2_Guyan,B2,2,Guyan,full-grid,2049,30,38,78,1.0083695126187084,1.0064248515625585,-0.062594665397090798,0,0,1,UNSTABLE,5.0474293045683454e-16,6.3347462913760414e-17,1
B2_D2_Guyan,B2,2,Guyan,full-grid,2050,30,39,79,1.008352673997537,1.0064081234558158,-0.062592365350153556,0,0,1,UNSTABLE,2.535679380948466e-16,6.3347462913760414e-17,1
B2_D2_Guyan,B2,2,Guyan,full-grid,2051,30,40,80,1.0083358840848571,1.0063913750765514,-0.06259117593333903,0,0,1,UNSTABLE,2.0059095149407467e-16,6.3347462913760414e-17,1
B2_D2_Guyan,B2,2,Guyan,full-grid,2052,30,41,81,1.0083192184152088,1.0063746824094064,-0.062591092264187742,0,0,1,UNSTABLE,1.1573246660885784e-16,6.3347462913760414e-17,1
B2_D2_Guyan,B2,2,Guyan,full-grid,2053,30,42,82,1.0083027516743537,1.0063581209321173,-0.062592103879411651,0,0,1,UNSTABLE,1.2965972571816336e-16,6.3347462913760414e-17,1
B2_D2_Guyan,B2,2,Guyan,full-grid,2054,30,43,83,1.0082865572402546,1.006341765154525,-0.06259419475542137,0,0,1,UNSTABLE,3.665820359295195e-16,6.3347462913760414e-17,1
B2_D2_Guyan,B2,2,Guyan,full-grid,2055,30,44,84,1.0082707067233201,1.0063256881541838,-0.062597343372958344,0,0,1,UNSTABLE,1.3069725833239635e-16,6.3347462913760414e-17,1
B2_D2_Guyan,B2,2,Guyan,full-grid,2056,30,45,85,1.0082552695110178,1.0063099611136015,-0.062601522827140599,0,0,1,UNSTABLE,5.1198042001422051e-16,6.3347462913760414e-17,1
B2_D2_Guyan,B2,2,Guyan,full-grid,2057,30,46,86,1.0082403123219448,1.0062946528641696,-0.062606700983465005,0,0,1,UNSTABLE,6.7486901838398051e-16,6.3347462913760414e-17,1
B2_D2_Guyan,B2,2,Guyan,full-grid,2058,30,47,87,1.0082258987749482,1.0062798294423536,-0.062612840680006041,0,0,1,UNSTABLE,1.657664409915179e-16,6.3347462913760414e-17,1
B2_D2_Guyan,B2,2,Guyan,full-grid,2059,30,48,88,1.0082120889785673,1.0062655536634812,-0.062619899974801829,0,0,1,UNSTABLE,3.3588415657250403e-16,6.3347462913760414e-17,1
B2_D2_Guyan,B2,2,Guyan,full-grid,2060,30,49,89,1.0081989391465858,1.0062518847190036,-0.062627832436976491,0,0,1,UNSTABLE,1.7388911547691963e-16,6.3347462913760414e-17,1
B2_D2_Guyan,B2,2,Guyan,full-grid,2061,30,50,90,1.0081865012448092,1.0062388778024813,-0.062636587479307712,0,0,1,UNSTABLE,4.7728314525188562e-16,6.3347462913760414e-17,1
B2_D2_Guyan,B2,2,Guyan,full-grid,2062,30,51,91,1.0081748226741993,1.0062265837696265,-0.062646110728920942,0,0,1,UNSTABLE,2.0870696985432714e-16,6.3347462913760414e-17,1
B2_D2_Guyan,B2,2,Guyan,full-grid,2063,30,52,92,1.008163945994931,1.0062150488372126,-0.062656344432116415,0,0,1,UNSTABLE,2.3434423140576025e-16,6.3347462913760414e-17,1
B2_D2_Guyan,B2,2,Guyan,full-grid,2064,30,53,93,1.0081539086953661,1.0062043143251154,-0.062667227888816998,0,0,1,UNSTABLE,1.6581729428352482e-16,6.3347462913760414e-17,1
B2_D2_Guyan,B2,2,Guyan,full-grid,2065,30,54,94,1.0081447430092472,1.0061944164451389,-0.062678697910910117,0,0,1,UNSTABLE,4.0775590267106527e-16,6.3347462913760414e-17,1
B2_D2_Guyan,B2,2,Guyan,full-grid,2066,30,55,95,1.0081364757835409,1.0061853861394052,-0.062690689298764354,0,0,1,UNSTABLE,7.2163923775724928e-16,6.3347462913760414e-17,1
B2_D2_Guyan,B2,2,Guyan,full-grid,2067,30,56,96,1.0081291283985065,1.0061772489702669,-0.06270313532956695,0,0,1,UNSTABLE,3.3114239144039449e-16,6.3347462913760414e-17,1
B2_D2_Guyan,B2,2,Guyan,full-grid,2068,30,57,97,1.0081227167405022,1.0061700250626675,-0.062715968250852641,0,0,1,UNSTABLE,3.8981192028251699e-16,6.3347462913760414e-17,1
B2_D2_Guyan,B2,2,Guyan,full-grid,2069,30,58,98,1.0081172512271468,1.0061637290989716,-0.06272911977247761,0,0,1,UNSTABLE,3.0364558330938033e-16,6.3347462913760414e-17,1
B2_D2_Guyan,B2,2,Guyan,full-grid,2070,30,59,99,1.0081127368833602,1.0061583703651835,-0.062742521550679123,0,0,1,UNSTABLE,1.5987313379689872e-16,6.3347462913760414e-17,1
B2_D2_Guyan,B2,2,Guyan,full-grid,2071,30,60,100,1.00810917346596,1.0061539528466328,-0.062756105657669425,0,0,1,UNSTABLE,3.7591788971722432e-16,6.3347462913760414e-17,1
B2_D2_Guyan,B2,2,Guyan,full-grid,2072,30,61,101,1.0081065556334861,1.0061504753701467,-0.062769805031073059,0,0,1,UNSTABLE,2.6313268124960158e-16,6.3347462913760414e-17,1
B2_D2_Guyan,B2,2,Guyan,full-grid,2073,30,62,102,1.0081048731573434,1.0061479317891286,-0.062783553897835451,0,0,1,UNSTABLE,1.8851434497098857e-16,6.3347462913760414e-17,1
B2_D2_Guyan,B2,2,Guyan,full-grid,2074,30,63,103,1.0081041111694886,1.0061463112070568,-0.062797288168017454,0,0,1,UNSTABLE,2.0660558729804241e-16,6.3347462913760414e-17,1
B2_D2_Guyan,B2,2,Guyan,full-grid,2075,30,64,104,1.008104250441654,1.0061455982346241,-0.062810945794656153,0,0,1,UNSTABLE,2.0361296426824227e-16,6.3347462913760414e-17,1
B2_D2_Guyan,B2,2,Guyan,full-grid,2076,30,65,105,1.0081052676905562,1.0061457732751578,-0.062824467096686695,0,0,1,UNSTABLE,3.6107237490068644e-16,6.3347462913760414e-17,1
B2_D2_Guyan,B2,2,Guyan,full-grid,2077,30,66,106,1.0081071359034524,1.0061468128327979,-0.062837795042989392,0,0,1,UNSTABLE,3.2052350623295897e-16,6.3347462913760414e-17,1
