point_index,bundle_id,l_delay,j_delay,reason_mask,adjacent_change_endpoint,row_minimum_abs_rho_minus_one,column_minimum_abs_rho_minus_one,certificate_root_offset_zero_based,root_count,rho,class_code,independent_recompute_rho_abs_difference,max_laurent_residual,max_polynomial_residual,status_code
17,D1_Original_R01,0,16,3,1,1,0,0,46,0.999993794538624,1,0,7.76461511426735e-14,7.71734000168848e-14,1
18,D1_Original_R01,0,17,5,1,0,1,46,47,1.00000641835547,3,0,3.09620634032105e-14,3.04314436449284e-14,1
19,D1_Original_R01,0,18,4,0,0,1,93,48,1.00001903827989,3,0,3.78335815331751e-14,3.8321313699553e-14,1
20,D1_Original_R01,0,19,4,0,0,1,141,49,1.00003165336674,3,0,7.34852163511963e-14,7.24145921880804e-14,1
21,D1_Original_R01,0,20,4,0,0,1,190,50,1.00004426267025,3,0,7.46650530927744e-14,7.38055723749208e-14,1
22,D1_Original_R01,0,21,4,0,0,1,240,51,1.00005686524427,3,0,5.23567308426379e-14,5.12937716844309e-14,1
23,D1_Original_R01,0,22,4,0,0,1,291,52,1.00006946014233,3,0,6.02517745336216e-14,6.25984870467999e-14,1
24,D1_Original_R01,0,23,4,0,0,1,343,53,1.00008204641785,3,0,4.80307442314028e-14,4.85354629442886e-14,1
25,D1_Original_R01,0,24,4,0,0,1,396,54,1.00012876818034,3,0,3.81530635889711e-14,3.93853641579775e-14,1
26,D1_Original_R01,0,25,4,0,0,1,450,55,1.0001819857628,3,0,5.02809645985579e-14,4.98368460648585e-14,1
27,D1_Original_R01,0,26,4,0,0,1,505,56,1.00022921497745,3,0,5.47342049694009e-14,5.52504221370401e-14,1
28,D1_Original_R01,0,27,4,0,0,1,561,57,1.00027035138497,3,0,4.65991944417688e-14,4.65821541610356e-14,1
29,D1_Original_R01,0,28,4,0,0,1,618,58,1.0003053127956,3,0,8.77356913602184e-14,8.79424294932707e-14,1
30,D1_Original_R01,0,29,4,0,0,1,676,59,1.00033403846723,3,0,4.34246459512844e-14,4.29281467632696e-14,1
31,D1_Original_R01,0,30,4,0,0,1,735,60,1.00035648807405,3,0,7.30891771320775e-14,7.18227763011778e-14,1
32,D1_Original_R01,0,31,4,0,0,1,795,61,1.00037264048119,3,0,1.3486100364951e-13,1.33096679059589e-13,1
33,D1_Original_R01,0,32,4,0,0,1,856,62,1.00038249236288,3,0,6.21541394857159e-14,6.08862510556128e-14,1
34,D1_Original_R01,0,33,4,0,0,1,918,63,1.00038605670193,3,0,1.49368412706929e-13,1.50048962027155e-13,1
35,D1_Original_R01,0,34,4,0,0,1,981,64,1.00038336120714,3,0,7.94504678623554e-14,8.0017347419946e-14,1
36,D1_Original_R01,0,35,4,0,0,1,1045,65,1.00037444668318,3,0,1.12744848363371e-13,1.13572770918724e-13,1
37,D1_Original_R01,0,36,4,0,0,1,1110,66,1.00035936538347,3,0,1.28840062007999e-13,1.27487622583722e-13,1
38,D1_Original_R01,0,37,4,0,0,1,1176,67,1.00033817937364,3,0,1.15667128968065e-13,1.16334996504432e-13,1
39,D1_Original_R01,0,38,4,0,0,1,1243,68,1.00031095892818,3,0,9.70550791652167e-14,9.76917427905873e-14,1
40,D1_Original_R01,0,39,4,0,0,1,1311,69,1.00028148362454,3,0,9.17955171757876e-14,9.16462400769277e-14,1
41,D1_Original_R01,0,40,4,0,0,1,1380,70,1.00029377912107,3,0,1.5945308144162e-13,1.61277706765775e-13,1
42,D1_Original_R01,0,41,4,0,0,1,1450,71,1.00030604911676,3,0,2.42501628569776e-13,2.4349133873201e-13,1
43,D1_Original_R01,0,42,4,0,0,1,1521,72,1.00031829269402,3,0,1.66473534228208e-13,1.66408605056717e-13,1
44,D1_Original_R01,0,43,4,0,0,1,1593,73,1.00033050893864,3,0,1.43879391315203e-13,1.45825037177852e-13,1
45,D1_Original_R01,0,44,4,0,0,1,1666,74,1.00034269694004,3,0,2.64405279077633e-13,2.64017539928647e-13,1
46,D1_Original_R01,0,45,4,0,0,1,1740,75,1.00035485579139,3,0,3.36166780682953e-13,3.3510187758996e-13,1
47,D1_Original_R01,0,46,4,0,0,1,1815,76,1.00036698458989,3,0,1.07838130684633e-13,1.07552228340091e-13,1
48,D1_Original_R01,0,47,4,0,0,1,1891,77,1.00037908243698,3,0,3.26398451620978e-13,3.27144859889604e-13,1
49,D1_Original_R01,0,48,4,0,0,1,1968,78,1.0003911484385,3,0,2.95415667632875e-13,2.98146923317843e-13,1
50,D1_Original_R01,0,49,4,0,0,1,2046,79,1.00040318170497,3,0,1.62628666794585e-13,1.61834600933459e-13,1
51,D1_Original_R01,0,50,4,0,0,1,2125,80,1.00041518135177,3,0,1.8436824806981e-13,1.85842447649552e-13,1
52,D1_Original_R01,0,51,4,0,0,1,2205,81,1.00042714649938,3,0,2.44760691742349e-13,2.41441514655653e-13,1
53,D1_Original_R01,0,52,4,0,0,1,2286,82,1.00043907627355,3,0,1.79441100472439e-13,1.79560601221604e-13,1
54,D1_Original_R01,0,53,4,0,0,1,2368,83,1.00045096980558,3,0,1.64078069081432e-13,1.6513540219812e-13,1
55,D1_Original_R01,0,54,4,0,0,1,2451,84,1.00046282623253,3,0,2.42088606987677e-13,2.43373647882307e-13,1
56,D1_Original_R01,0,55,4,0,0,1,2535,85,1.00047464469742,3,0,3.73957677749851e-13,3.74425007813418e-13,1
57,D1_Original_R01,0,56,4,0,0,1,2620,86,1.00048642434948,3,0,2.41774457587094e-13,2.42111143475447e-13,1
58,D1_Original_R01,0,57,4,0,0,1,2706,87,1.00049816434436,3,0,2.2753307264272e-13,2.24965551790103e-13,1
59,D1_Original_R01,0,58,4,0,0,1,2793,88,1.00050986384433,3,0,1.72028245575917e-13,1.69717153767468e-13,1
60,D1_Original_R01,0,59,4,0,0,1,2881,89,1.00052152201859,3,0,2.51337602487663e-13,2.50868190582314e-13,1
61,D1_Original_R01,0,60,4,0,0,1,2970,90,1.00053313804339,3,0,2.0915495721772e-13,2.08008126137662e-13,1
62,D1_Original_R01,0,61,4,0,0,1,3060,91,1.00054471110233,3,0,2.4680862591605e-13,2.47123101674591e-13,1
63,D1_Original_R01,0,62,4,0,0,1,3151,92,1.00055624038653,3,0,1.61300593506816e-13,1.62109998029147e-13,1
64,D1_Original_R01,0,63,4,0,0,1,3243,93,1.00056772509492,3,0,1.88715510433977e-13,1.86497363620119e-13,1
65,D1_Original_R01,0,64,4,0,0,1,3336,94,1.00057916443438,3,0,1.80789798978633e-13,1.80213149267085e-13,1
66,D1_Original_R01,0,65,4,0,0,1,3430,95,1.00059055762004,3,0,3.10993071224623e-13,3.10205059984411e-13,1
67,D1_Original_R01,0,66,4,0,0,1,3525,96,1.00060190387546,3,0,3.57441871967902e-13,3.56616328319338e-13,1
81,D1_Original_R01,1,13,1,1,0,0,3621,44,0.999956652806325,1,0,8.44473711420415e-14,8.44469299845424e-14,1
82,D1_Original_R01,1,14,5,1,0,1,3665,45,0.999969282593963,1,0,3.13724330867207e-13,3.13725712242365e-13,1
83,D1_Original_R01,1,15,5,1,0,1,3710,46,0.999981911247516,1,0,9.53180508591921e-13,9.53180286327286e-13,1
84,D1_Original_R01,1,16,7,1,1,1,3756,47,0.999994537824423,1,0,1.77290549250904e-13,1.77290332939513e-13,1
85,D1_Original_R01,1,17,1,1,0,0,3803,48,1.00001248651585,3,0,6.82441483776919e-13,6.82443542904802e-13,1
145,D1_Original_R01,2,10,5,1,0,1,3851,42,0.999919509378001,1,0,2.02603530774158e-14,2.0634928206294e-14,1
146,D1_Original_R01,2,11,5,1,0,1,3893,43,0.999932137096537,1,0,1.08858213653834e-14,1.08853506095301e-14,1
147,D1_Original_R01,2,12,5,1,0,1,3936,44,0.999944766429243,1,0,1.63123291951956e-14,1.61010163427713e-14,1
148,D1_Original_R01,2,13,7,1,1,1,3980,45,1.00002206509774,3,0,4.29215940664347e-14,4.25211371941461e-14,1
149,D1_Original_R01,2,14,1,1,0,0,4025,46,1.00012911322525,3,0,2.12801381818422e-14,2.22713514665199e-14,1
150,D1_Original_R01,2,15,1,1,0,0,4071,47,1.0002327753629,3,0,3.66942679423425e-14,3.67014866568524e-14,1
151,D1_Original_R01,2,16,1,1,0,0,4118,48,1.00033272170693,3,0,3.11364941822616e-14,3.17943203078658e-14,1
208,D1_Original_R01,3,6,1,1,0,0,4166,39,0.999869775322119,1,0,1.23494973785009e-14,1.19168592512185e-14,1
209,D1_Original_R01,3,7,5,1,0,1,4205,40,0.999882387685755,1,0,1.37382404046829e-14,1.31889145388768e-14,1
210,D1_Original_R01,3,8,5,1,0,1,4245,41,0.999895005331258,1,0,1.07871197155847e-14,1.06238396427096e-14,1
211,D1_Original_R01,3,9,7,1,1,1,4286,42,0.999981796500393,1,0,1.08728931519621e-14,1.13038675465778e-14,1
212,D1_Original_R01,3,10,1,1,0,0,4328,43,1.00009950088323,3,0,1.70873344132464e-14,1.66330008790503e-14,1
213,D1_Original_R01,3,11,1,1,0,0,4371,44,1.00021525879264,3,0,1.58784834132331e-14,1.58041506644701e-14,1
214,D1_Original_R01,3,12,1,1,0,0,4415,45,1.00032870524659,3,0,1.84743412991208e-14,1.79675216910366e-14,1
272,D1_Original_R01,4,3,1,1,0,0,4460,37,0.99983271942275,1,0,3.79429910064819e-15,3.79338663677186e-15,1
273,D1_Original_R01,4,4,5,1,0,1,4497,38,0.999845311039516,1,0,3.52398352525997e-15,3.44025719881561e-15,1
274,D1_Original_R01,4,5,5,1,0,1,4535,39,0.999913204851693,1,0,1.09627713020274e-14,1.11446224747755e-14,1
275,D1_Original_R01,4,6,7,1,1,1,4574,40,1.00003554782088,3,0,2.97724350772221e-15,2.90540437746699e-15,1
276,D1_Original_R01,4,7,1,1,0,0,4614,41,1.00015745406038,3,0,1.20588556161257e-14,1.20539192581486e-14,1
277,D1_Original_R01,4,8,1,1,0,0,4655,42,1.00027855694828,3,0,8.64632271924364e-15,8.31414034416423e-15,1
278,D1_Original_R01,4,9,1,1,0,0,4697,43,1.00039848630174,3,0,1.21877340106267e-14,1.2107220145644e-14,1
336,D1_Original_R01,5,0,1,1,0,0,4740,35,0.999795739625926,1,0,3.34375090472991e-15,3.65366670948622e-15,1
337,D1_Original_R01,5,1,5,1,0,1,4775,36,0.999838757582208,1,0,2.69497980852704e-12,2.69497988272721e-12,1
338,D1_Original_R01,5,2,7,1,1,1,4811,37,0.999959701325581,1,0,4.2132993386449e-15,4.21427299747125e-15,1
339,D1_Original_R01,5,3,5,1,0,1,4848,38,1.00008166993866,3,0,1.49513579758491e-14,1.4954069754616e-14,1
340,D1_Original_R01,5,4,1,1,0,0,4886,39,1.00020432068755,3,0,9.12701713417541e-15,9.1304352564702e-15,1
341,D1_Original_R01,5,5,1,1,0,0,4925,40,1.00032730221377,3,0,3.33454934606824e-15,3.23869548042792e-15,1
403,D1_Original_R01,6,0,7,1,1,1,4965,36,1.00012846173518,3,0,3.25278952423063e-15,3.29317932855689e-15,1
404,D1_Original_R01,6,1,1,1,0,0,5001,37,1.00024849738496,3,0,4.31733374308334e-12,4.31733373356251e-12,1
405,D1_Original_R01,6,2,1,1,0,0,5038,38,1.00036994569284,3,0,1.47754453961852e-14,1.47745643330191e-14,1
470,D1_Original_R01,7,0,2,0,1,0,5076,37,1.0005334440908,3,0,5.52414254214906e-15,5.26849002240925e-15,1
537,D1_Original_R01,8,0,2,0,1,0,5113,38,1.00093229711272,3,0,5.52503896360063e-15,4.75791910778824e-15,1
604,D1_Original_R01,9,0,2,0,1,0,5151,39,1.00132318282759,3,0,7.17747859238739e-15,7.23846478655755e-15,1
671,D1_Original_R01,10,0,2,0,1,0,5190,40,1.00170427498523,3,0,1.03803747448489e-14,1.06869628010114e-14,1
738,D1_Original_R01,11,0,2,0,1,0,5230,41,1.00207379204022,3,0,1.0298013138661e-14,9.66093739837993e-15,1
805,D1_Original_R01,12,0,2,0,1,0,5271,42,1.00243003331604,3,0,1.51126223191485e-14,1.5026917154535e-14,1
872,D1_Original_R01,13,0,2,0,1,0,5313,43,1.00277141561933,3,0,1.25174319415e-14,1.26810757200653e-14,1
939,D1_Original_R01,14,0,2,0,1,0,5356,44,1.00309650736901,3,0,9.36064237216944e-15,8.20908945297386e-15,1
1006,D1_Original_R01,15,0,2,0,1,0,5400,45,1.00340405752229,3,0,1.38389971668504e-14,1.46982098488188e-14,1
1073,D1_Original_R01,16,0,2,0,1,0,5445,46,1.00369301717385,3,0,4.86274099599222e-14,4.85898877741486e-14,1
1140,D1_Original_R01,17,0,2,0,1,0,5491,47,1.00396255255367,3,0,1.52628793528766e-14,1.50172045524199e-14,1
1207,D1_Original_R01,18,0,2,0,1,0,5538,48,1.00421204908912,3,0,2.43044413483107e-14,2.48573196766223e-14,1
1274,D1_Original_R01,19,0,2,0,1,0,5586,49,1.00444110706438,3,0,5.98148593815342e-14,5.96826941031614e-14,1
1341,D1_Original_R01,20,0,2,0,1,0,5635,50,1.00464953008325,3,0,2.98106156449278e-14,2.97873562195769e-14,1
1408,D1_Original_R01,21,0,2,0,1,0,5685,51,1.00483730795659,3,0,5.19140874624493e-14,5.23962730240352e-14,1
1475,D1_Original_R01,22,0,2,0,1,0,5736,52,1.00500459579117,3,0,4.95298675273102e-14,4.89710453791041e-14,1
1542,D1_Original_R01,23,0,2,0,1,0,5788,53,1.00515169099387,3,0,5.58673804321394e-14,5.73311047823157e-14,1
1609,D1_Original_R01,24,0,2,0,1,0,5841,54,1.00527900969096,3,0,5.59697060939801e-14,5.33512292097605e-14,1
1676,D1_Original_R01,25,0,2,0,1,0,5895,55,1.00538706376378,3,0,1.10019546434848e-13,1.08584385605898e-13,1
1743,D1_Original_R01,26,0,2,0,1,0,5950,56,1.00547643937974,3,0,5.34103189253437e-14,5.36164638063419e-14,1
1810,D1_Original_R01,27,0,2,0,1,0,6006,57,1.0055477775941,3,0,8.10823205952291e-14,8.04015372437278e-14,1
1877,D1_Original_R01,28,0,2,0,1,0,6063,58,1.00560175733741,3,0,1.07414803844918e-13,1.07695428766933e-13,1
1944,D1_Original_R01,29,0,2,0,1,0,6121,59,1.0056390808978,3,0,4.66427547898503e-14,4.72415492269895e-14,1
2011,D1_Original_R01,30,0,2,0,1,0,6180,60,1.00566046185658,3,0,1.23715087585981e-13,1.23357662232231e-13,1
2078,D1_Original_R02,0,0,2,0,1,0,6240,30,0.996566851604889,1,0,3.97659028018344e-16,3.97817913898564e-16,1
2116,D1_Original_R02,0,38,4,0,0,1,6270,68,0.996557058350889,1,0,1.37205367207856e-13,1.37249303099019e-13,1
2145,D1_Original_R02,1,0,2,0,1,0,6338,31,0.996568865346471,1,0,1.78837425267678e-14,1.78199951177348e-14,1
2180,D1_Original_R02,1,35,4,0,0,1,6369,66,0.996557058350889,1,0,7.39862487668817e-13,7.39859532232134e-13,1
2212,D1_Original_R02,2,0,2,0,1,0,6435,32,0.996570870521057,1,0,8.66933473765119e-15,7.99698032507622e-15,1
2279,D1_Original_R02,3,0,2,0,1,0,6467,33,0.996572867066362,1,0,3.83136915568101e-15,3.76221134439457e-15,1
2346,D1_Original_R02,4,0,2,0,1,0,6500,34,0.996574854907265,1,0,3.49148375099552e-15,2.42882198395548e-15,1
2389,D1_Original_R02,4,43,4,0,0,1,6534,77,0.996557058350889,1,0,1.55349926736464e-13,1.56666875637028e-13,1
2409,D1_Original_R02,4,63,4,0,0,1,6611,97,0.996557058350888,1,0,4.14825033063386e-13,4.17659997678262e-13,1
2413,D1_Original_R02,5,0,2,0,1,0,6708,35,0.996576833955332,1,0,1.91272773744884e-15,1.78784770327317e-15,1
2455,D1_Original_R02,5,42,4,0,0,1,6743,77,0.996557058350888,1,0,1.95428677994482e-13,1.94298742436905e-13,1
2474,D1_Original_R02,5,61,4,0,0,1,6820,96,0.996557058350888,1,0,2.24517809483313e-13,2.22583679762619e-13,1
2480,D1_Original_R02,6,0,2,0,1,0,6916,36,0.996578804108134,1,0,4.35376725815059e-15,4.65876650227648e-15,1
2491,D1_Original_R02,6,11,4,0,0,1,6952,47,0.996557058350889,1,0,1.51187881404343e-14,1.52133536152986e-14,1
2541,D1_Original_R02,6,61,4,0,0,1,6999,97,0.996557058350888,1,0,2.79551831738478e-13,2.79289943235716e-13,1
2547,D1_Original_R02,7,0,2,0,1,0,7096,37,0.996580765248572,1,0,6.542179477203e-15,6.05587587794634e-15,1
2573,D1_Original_R02,7,26,4,0,0,1,7133,63,0.996557058350889,1,0,1.32123896455676e-13,1.32472316468227e-13,1
2593,D1_Original_R02,7,46,4,0,0,1,7196,83,0.99655705835089,1,0,1.64093612995237e-13,1.66447911232751e-13,1
2602,D1_Original_R02,7,55,4,0,0,1,7279,92,0.99655705835089,1,0,3.02696029917501e-13,3.02918523508837e-13,1
2606,D1_Original_R02,7,59,4,0,0,1,7371,96,0.996557058350888,1,0,3.85211925833438e-13,3.84724712199395e-13,1
2614,D1_Original_R02,8,0,2,0,1,0,7467,38,0.996582717244144,1,0,4.77058299276011e-15,4.503474360023e-15,1
2681,D1_Original_R02,9,0,2,0,1,0,7505,39,0.996584659946278,1,0,8.4222387988839e-15,8.11979490735401e-15,1
2748,D1_Original_R02,10,0,2,0,1,0,7544,40,0.996586593189449,1,0,1.03128447681838e-14,1.04814644933568e-14,1
2785,D1_Original_R02,10,37,4,0,0,1,7584,77,0.99655705835089,1,0,1.45978378612964e-13,1.44703303815865e-13,1
2807,D1_Original_R02,10,59,4,0,0,1,7661,99,0.996557058350888,1,0,2.50968497168459e-13,2.4960333464402e-13,1
2808,D1_Original_R02,10,60,4,0,0,1,7760,100,0.996557058350888,1,0,7.82318149491028e-13,7.82293459930732e-13,1
2809,D1_Original_R02,10,61,4,0,0,1,7860,101,0.996557058350888,1,0,2.78290863151096e-13,2.768570185475e-13,1
2815,D1_Original_R02,11,0,2,0,1,0,7961,41,0.996588516790378,1,0,1.31253405383497e-14,1.29849823585969e-14,1
2830,D1_Original_R02,11,15,4,0,0,1,8002,56,0.996557058350888,1,0,4.06512690723087e-14,4.05932673454094e-14,1
2836,D1_Original_R02,11,21,4,0,0,1,8058,62,0.99655705835089,1,0,4.19583704637573e-14,4.18483129872647e-14,1
2844,D1_Original_R02,11,29,4,0,0,1,8120,70,0.996557058350889,1,0,6.47015126373954e-14,6.60822709595531e-14,1
2868,D1_Original_R02,11,53,4,0,0,1,8190,94,0.996557058350888,1,0,2.02490265281594e-13,2.01121527434158e-13,1
2869,D1_Original_R02,11,54,4,0,0,1,8284,95,0.99655705835089,1,0,2.75116266323989e-13,2.72485713684998e-13,1
2882,D1_Original_R02,12,0,2,0,1,0,8379,42,0.996590430547197,1,0,2.3482102237256e-14,2.36390308397093e-14,1
2891,D1_Original_R02,12,9,4,0,0,1,8421,51,0.996557058350888,1,0,2.00923740228818e-14,2.01105590120354e-14,1
2906,D1_Original_R02,12,24,4,0,0,1,8472,66,0.996557058350889,1,0,8.234514274279e-14,8.24312516833008e-14,1
2933,D1_Original_R02,12,51,4,0,0,1,8538,93,0.996557058350889,1,0,1.44075040189788e-13,1.4510021101144e-13,1
2949,D1_Original_R02,13,0,2,0,1,0,8631,43,0.996592334238395,1,0,2.37362050948337e-14,2.39224933427227e-14,1
2990,D1_Original_R02,13,41,4,0,0,1,8674,84,0.996557058350889,1,0,1.1541251297646e-13,1.14487921558977e-13,1
2993,D1_Original_R02,13,44,4,0,0,1,8758,87,0.996557058350888,1,0,1.35474973341077e-13,1.36031675245066e-13,1
3001,D1_Original_R02,13,52,4,0,0,1,8845,95,0.996557058350889,1,0,2.1849881788145e-13,2.18631453094816e-13,1
3016,D1_Original_R02,14,0,2,0,1,0,8940,44,0.996594227621945,1,0,1.5917287213005e-14,1.54938711800996e-14,1
3024,D1_Original_R02,14,8,4,0,0,1,8984,52,0.996557058350889,1,0,2.35166182167251e-14,2.35164279240083e-14,1
3036,D1_Original_R02,14,20,4,0,0,1,9036,64,0.996557058350891,1,0,5.08326294113262e-14,5.07002735074446e-14,1
3083,D1_Original_R02,15,0,2,0,1,0,9100,45,0.996596110434185,1,0,2.77513894050421e-14,2.79240095109887e-14,1
3093,D1_Original_R02,15,10,4,0,0,1,9145,55,0.996557058350889,1,0,1.8956451357939e-14,1.89434879765003e-14,1
3108,D1_Original_R02,15,25,4,0,0,1,9200,70,0.996557058350888,1,0,7.57695561019018e-14,7.75850473913804e-14,1
3128,D1_Original_R02,15,45,4,0,0,1,9270,90,0.99655705835089,1,0,8.65977855313497e-14,8.65754040709433e-14,1
3133,D1_Original_R02,15,50,4,0,0,1,9360,95,0.996557058350889,1,0,1.9884651122185e-13,2.02163076193891e-13,1
3150,D1_Original_R02,16,0,2,0,1,0,9455,46,0.996597982388694,1,0,2.20054293910879e-14,2.17461069193671e-14,1
3177,D1_Original_R02,16,27,4,0,0,1,9501,73,0.996557058350888,1,0,5.79294628945989e-14,5.79203317714534e-14,1
3208,D1_Original_R02,16,58,4,0,0,1,9574,104,0.996557058350889,1,0,3.76045295716753e-13,3.75075308080856e-13,1
3217,D1_Original_R02,17,0,2,0,1,0,9678,47,0.996599843175175,1,0,2.81977115220559e-14,2.84860130727836e-14,1
3264,D1_Original_R02,17,47,4,0,0,1,9725,94,0.996557058350888,1,0,2.57903279388998e-13,2.56575745833579e-13,1
3284,D1_Original_R02,18,0,2,0,1,0,9819,48,0.996601692458178,1,0,2.37894564059617e-14,2.30004403527772e-14,1
3324,D1_Original_R02,18,40,4,0,0,1,9867,88,0.996557058350889,1,0,1.1697406320303e-13,1.1738988150298e-13,1
3333,D1_Original_R02,18,49,4,0,0,1,9955,97,0.99655705835089,1,0,2.36960389195389e-13,2.37051085124401e-13,1
3351,D1_Original_R02,19,0,2,0,1,0,10052,49,0.996603529875789,1,0,1.62906490350112e-14,1.62569492560333e-14,1
3418,D1_Original_R02,20,0,2,0,1,0,10101,50,0.996605355038251,1,0,8.36488242821454e-14,8.40000220599775e-14,1
3430,D1_Original_R02,20,12,4,0,0,1,10151,62,0.996557058350889,1,0,6.74023762116181e-14,6.7407804269169e-14,1
3450,D1_Original_R02,20,32,4,0,0,1,10213,82,0.996557058350888,1,0,1.7325966669605e-13,1.73275123522596e-13,1
3471,D1_Original_R02,20,53,4,0,0,1,10295,103,0.996557058350888,1,0,2.91304224643962e-13,2.91293134958083e-13,1
3483,D1_Original_R02,20,65,4,0,0,1,10398,115,0.996557058350888,1,0,6.22704333882396e-13,6.21105838200122e-13,1
3485,D1_Original_R02,21,0,2,0,1,0,10513,51,0.996607167526416,1,0,3.29122808385606e-14,3.19332922296031e-14,1
3533,D1_Original_R02,21,48,4,0,0,1,10564,99,0.99655705835089,1,0,2.31511194628471e-13,2.3339179331242e-13,1
3552,D1_Original_R02,22,0,2,0,1,0,10663,52,0.99660896689029,1,0,6.09332421732047e-14,6.15158498142773e-14,1
3563,D1_Original_R02,22,11,4,0,0,1,10715,63,0.996557058350889,1,0,6.48262075033675e-14,6.52667307912618e-14,1
3566,D1_Original_R02,22,14,4,0,0,1,10778,66,0.996557058350888,1,0,4.50311832590223e-14,4.50467264994912e-14,1
3579,D1_Original_R02,22,27,4,0,0,1,10844,79,0.996557058350888,1,0,4.97375983942923e-14,4.96980231221799e-14,1
3583,D1_Original_R02,22,31,4,0,0,1,10923,83,0.99655705835089,1,0,1.01143249077391e-13,1.01374589848894e-13,1
3591,D1_Original_R02,22,39,4,0,0,1,11006,91,0.996557058350888,1,0,8.55234751067822e-14,8.55184375623534e-14,1
3601,D1_Original_R02,22,49,4,0,0,1,11097,101,0.99655705835089,1,0,1.67132378905663e-13,1.66791237911481e-13,1
3603,D1_Original_R02,22,51,4,0,0,1,11198,103,0.996557058350889,1,0,1.49482882754975e-13,1.51114810777051e-13,1
3619,D1_Original_R02,23,0,2,0,1,0,11301,53,0.996610752647343,1,0,3.498160629687e-14,3.51234184987143e-14,1
3642,D1_Original_R02,23,23,4,0,0,1,11354,76,0.99655705835089,1,0,6.32904521527232e-14,6.33248037823734e-14,1
3657,D1_Original_R02,23,38,4,0,0,1,11430,91,0.996557058350889,1,0,1.50058254822616e-13,1.50037302913082e-13,1
3658,D1_Original_R02,23,39,4,0,0,1,11521,92,0.996557058350888,1,0,1.53545037868665e-13,1.53558586582897e-13,1
3686,D1_Original_R02,24,0,2,0,1,0,11613,54,0.99661252428073,1,0,3.85891196693763e-14,3.85841588375878e-14,1
3705,D1_Original_R02,24,19,4,0,0,1,11667,73,0.996557058350889,1,0,1.25255332978636e-13,1.25275812968147e-13,1
3753,D1_Original_R02,25,0,2,0,1,0,11740,55,0.996614281237479,1,0,3.66899204844163e-14,3.68675857444723e-14,1
3781,D1_Original_R02,25,28,4,0,0,1,11795,83,0.996557058350889,1,0,9.2206111528653e-14,9.18531498808519e-14,1
3820,D1_Original_R02,26,0,2,0,1,0,11878,56,0.996616022926524,1,0,4.13429474744711e-14,4.19779304361058e-14,1
3877,D1_Original_R02,26,57,4,0,0,1,11934,113,0.996557058350889,1,0,4.20574908873609e-13,4.1900381792649e-13,1
3882,D1_Original_R02,26,62,4,0,0,1,12047,118,0.996557058350889,1,0,4.07217673257737e-13,4.06584922558335e-13,1
3887,D1_Original_R02,27,0,2,0,1,0,12165,57,0.996617748716622,1,0,5.74977616016201e-14,5.87190382223937e-14,1
3903,D1_Original_R02,27,16,4,0,0,1,12222,73,0.996557058350888,1,0,9.88334670495603e-14,9.88298643205085e-14,1
3905,D1_Original_R02,27,18,4,0,0,1,12295,75,0.996557058350888,1,0,2.31104754770734e-13,2.31092931658332e-13,1
3920,D1_Original_R02,27,33,4,0,0,1,12370,90,0.99655705835089,1,0,7.2767798936508e-14,7.35272440177669e-14,1
3954,D1_Original_R02,28,0,2,0,1,0,12460,58,0.996619457934186,1,0,8.5536988168635e-14,8.579530172416e-14,1
3967,D1_Original_R02,28,13,4,0,0,1,12518,71,0.996557058350888,1,0,6.50890921523764e-14,6.39394349162906e-14,1
3984,D1_Original_R02,28,30,4,0,0,1,12589,88,0.996557058350888,1,0,8.05200054795618e-14,8.03749981605203e-14,1
3988,D1_Original_R02,28,34,4,0,0,1,12677,92,0.99655705835089,1,0,1.14360370906856e-13,1.14347046237218e-13,1
3990,D1_Original_R02,28,36,4,0,0,1,12769,94,0.996557058350889,1,0,1.04525936154199e-13,1.04296925032524e-13,1
4021,D1_Original_R02,29,0,2,0,1,0,12863,59,0.996621149860962,1,0,5.71706027170456e-14,5.78786418524054e-14,1
4038,D1_Original_R02,29,17,4,0,0,1,12922,76,0.996557058350888,1,0,8.51769536211803e-14,8.51590573638308e-14,1
4085,D1_Original_R02,29,64,4,0,0,1,12998,123,0.99655705835089,1,0,2.09175047211138e-13,2.09189638767427e-13,1
4088,D1_Original_R02,30,0,6,0,1,1,13121,60,0.996622823731528,1,0,7.92506959367701e-14,8.01212855544595e-14,1
4089,D1_Original_R02,30,1,4,0,0,1,13181,61,0.996614796755849,1,0,5.8856984585059e-13,5.88570037217626e-13,1
4090,D1_Original_R02,30,2,4,0,0,1,13242,62,0.996606664455004,1,0,8.40461686016311e-14,8.40431968863742e-14,1
4091,D1_Original_R02,30,3,4,0,0,1,13304,63,0.996598426443969,1,0,8.74056563369527e-14,8.63730367834703e-14,1
4092,D1_Original_R02,30,4,4,0,0,1,13367,64,0.996590082311496,1,0,1.56653675861198e-13,1.56480057549748e-13,1
4093,D1_Original_R02,30,5,4,0,0,1,13431,65,0.996581631619987,1,0,9.46861138990301e-14,9.37528518897835e-14,1
4094,D1_Original_R02,30,6,4,0,0,1,13496,66,0.99657307390538,1,0,8.58846216901573e-14,8.70429538156357e-14,1
4095,D1_Original_R02,30,7,4,0,0,1,13562,67,0.996564408677073,1,0,5.82491780196897e-14,5.85576585592039e-14,1
4110,D1_Original_R02,30,22,4,0,0,1,13629,82,0.996557058350889,1,0,1.78171079388004e-13,1.7817907936969e-13,1
4144,D1_Original_R02,30,56,4,0,0,1,13711,116,0.996557058350889,1,0,4.11715823158945e-13,4.11639782860047e-13,1
4154,D1_Original_R02,30,66,4,0,0,1,13827,126,0.996557058350889,1,0,2.09559025838149e-13,2.07476041517668e-13,1
4171,D1_Original_R03,0,16,3,1,1,0,13953,46,0.999979582990753,1,0,2.57069201308939e-14,2.53555476067221e-14,1
4172,D1_Original_R03,0,17,5,1,0,1,13999,47,1.00003048940752,3,0,1.97942551228046e-14,1.95605085217646e-14,1
4173,D1_Original_R03,0,18,4,0,0,1,14046,48,1.00008132860561,3,0,2.33279625026883e-14,2.38074823034681e-14,1
4174,D1_Original_R03,0,19,4,0,0,1,14094,49,1.00013208463711,3,0,1.39595095849702e-14,1.40215685330929e-14,1
4175,D1_Original_R03,0,20,4,0,0,1,14143,50,1.0001827415316,3,0,3.68600317405383e-14,3.73800616877996e-14,1
4176,D1_Original_R03,0,21,4,0,0,1,14193,51,1.00023328330902,3,0,2.30327189318358e-14,2.31368309783081e-14,1
4177,D1_Original_R03,0,22,4,0,0,1,14244,52,1.00028369399323,3,0,5.52215468562254e-14,5.32852712912765e-14,1
4178,D1_Original_R03,0,23,4,0,0,1,14296,53,1.00033395762602,3,0,4.36022316958689e-14,4.36986846891665e-14,1
4179,D1_Original_R03,0,24,4,0,0,1,14349,54,1.00038405828171,3,0,2.65455479996928e-14,2.65140429609388e-14,1
4180,D1_Original_R03,0,25,4,0,0,1,14403,55,1.00043398008225,3,0,2.44246771569767e-14,2.50133022417481e-14,1
4181,D1_Original_R03,0,26,4,0,0,1,14458,56,1.00048370721284,3,0,4.10446356743124e-14,4.19862177918369e-14,1
4182,D1_Original_R03,0,27,4,0,0,1,14514,57,1.000533223938,3,0,8.65461925480284e-14,8.61377248794187e-14,1
4183,D1_Original_R03,0,28,4,0,0,1,14571,58,1.00058251461809,3,0,6.84140795870395e-14,6.91009234745968e-14,1
4184,D1_Original_R03,0,29,4,0,0,1,14629,59,1.00063156372625,3,0,4.93670658780916e-14,4.6610554131211e-14,1
4185,D1_Original_R03,0,30,4,0,0,1,14688,60,1.00068035586567,3,0,9.85771602013794e-14,9.88490419143217e-14,1
4186,D1_Original_R03,0,31,4,0,0,1,14748,61,1.00072887578717,3,0,3.6896128558572e-14,3.69627619828634e-14,1
4187,D1_Original_R03,0,32,4,0,0,1,14809,62,1.00077710840709,3,0,4.86409236475168e-14,4.96417995867908e-14,1
4188,D1_Original_R03,0,33,4,0,0,1,14871,63,1.00082503882522,3,0,7.35861138850408e-14,7.31943968013986e-14,1
4189,D1_Original_R03,0,34,4,0,0,1,14934,64,1.00087265234302,3,0,7.39694152906299e-14,7.50428929881014e-14,1
4190,D1_Original_R03,0,35,4,0,0,1,14998,65,1.00091993448182,3,0,5.51872527121387e-14,5.45514358469018e-14,1
4191,D1_Original_R03,0,36,4,0,0,1,15063,66,1.00096687100098,3,0,1.08462055767769e-13,1.12135809601379e-13,1
4192,D1_Original_R03,0,37,4,0,0,1,15129,67,1.001013447916,3,0,9.74378189120627e-14,9.9155013801782e-14,1
4193,D1_Original_R03,0,38,4,0,0,1,15196,68,1.00105965151639,3,0,1.06257132777985e-13,1.06168257967776e-13,1
4194,D1_Original_R03,0,39,4,0,0,1,15264,69,1.00110546838342,3,0,8.70632214016625e-14,8.71701013092269e-14,1
4195,D1_Original_R03,0,40,4,0,0,1,15333,70,1.00115088540734,3,0,1.22778690827392e-13,1.22660184512894e-13,1
4196,D1_Original_R03,0,41,4,0,0,1,15403,71,1.00119588980442,3,0,1.06103487247033e-13,1.08307072743398e-13,1
4197,D1_Original_R03,0,42,4,0,0,1,15474,72,1.00124046913325,3,0,7.11809788844629e-14,7.15895209283133e-14,1
4198,D1_Original_R03,0,43,4,0,0,1,15546,73,1.00128461131065,3,0,1.23304442123185e-13,1.24135397349148e-13,1
4199,D1_Original_R03,0,44,4,0,0,1,15619,74,1.00132830462688,3,0,1.48811924621501e-13,1.49021658273988e-13,1
4200,D1_Original_R03,0,45,4,0,0,1,15693,75,1.00137153776005,3,0,1.06596625921172e-13,1.08810086485562e-13,1
4201,D1_Original_R03,0,46,4,0,0,1,15768,76,1.00141429978985,3,0,9.18299586593397e-14,9.24101680933785e-14,1
4202,D1_Original_R03,0,47,4,0,0,1,15844,77,1.00145658021032,3,0,1.10562090160618e-13,1.1116842208742e-13,1
4203,D1_Original_R03,0,48,4,0,0,1,15921,78,1.00149836894181,3,0,5.41300468633325e-14,5.58784394382859e-14,1
4204,D1_Original_R03,0,49,4,0,0,1,15999,79,1.00153965634182,3,0,8.71305693556592e-14,8.56622915999735e-14,1
4205,D1_Original_R03,0,50,4,0,0,1,16078,80,1.00158043321493,3,0,1.13920234747304e-13,1.12009798846961e-13,1
4206,D1_Original_R03,0,51,4,0,0,1,16158,81,1.00162069082161,3,0,1.50273421855536e-13,1.48063301038996e-13,1
4207,D1_Original_R03,0,52,4,0,0,1,16239,82,1.0016604208859,3,0,9.37714765152676e-14,9.45141049622831e-14,1
4208,D1_Original_R03,0,53,4,0,0,1,16321,83,1.00169961560204,3,0,9.29930195879519e-14,9.26203152945907e-14,1
4209,D1_Original_R03,0,54,4,0,0,1,16404,84,1.00173826763985,3,0,8.99961388027457e-14,9.00450946445139e-14,1
4210,D1_Original_R03,0,55,4,0,0,1,16488,85,1.00177637014896,3,0,1.07527046152729e-13,1.10091941480366e-13,1
4211,D1_Original_R03,0,56,4,0,0,1,16573,86,1.00181391676184,3,0,1.59909337083646e-13,1.60679222247091e-13,1
4212,D1_Original_R03,0,57,4,0,0,1,16659,87,1.00185090159575,3,0,1.34354117271116e-13,1.35014853005728e-13,1
4213,D1_Original_R03,0,58,4,0,0,1,16746,88,1.00188731925338,3,0,8.87654921238593e-14,9.22271758807831e-14,1
4214,D1_Original_R03,0,59,4,0,0,1,16834,89,1.00192316482236,3,0,9.06043994190176e-14,9.15579691338856e-14,1
4215,D1_Original_R03,0,60,4,0,0,1,16923,90,1.00195843387371,3,0,9.02997974792006e-14,9.09124316290213e-14,1
4216,D1_Original_R03,0,61,4,0,0,1,17013,91,1.00199312245908,3,0,1.27522197722463e-13,1.26018290821791e-13,1
4217,D1_Original_R03,0,62,4,0,0,1,17104,92,1.00202722710693,3,0,1.38595960724594e-13,1.39561161849261e-13,1
4218,D1_Original_R03,0,63,4,0,0,1,17196,93,1.00206074481767,3,0,1.03109255747218e-13,1.040186345146e-13,1
4219,D1_Original_R03,0,64,4,0,0,1,17289,94,1.00209367305786,3,0,1.577399255268e-13,1.55428560535202e-13,1
4220,D1_Original_R03,0,65,4,0,0,1,17383,95,1.00212600975329,3,0,1.47560173839108e-13,1.47922083605603e-13,1
4221,D1_Original_R03,0,66,4,0,0,1,17478,96,1.00215775328135,3,0,1.49881237502285e-13,1.46474177670548e-13,1
4236,D1_Original_R03,1,14,5,1,0,1,17574,45,0.999880627254553,1,0,5.80418422627406e-14,5.80321516441869e-14,1
4237,D1_Original_R03,1,15,5,1,0,1,17619,46,0.999931618401991,1,0,8.92816758687981e-14,8.92774093795626e-14,1
4238,D1_Original_R03,1,16,7,1,1,1,17665,47,0.999982572923878,1,0,1.50401799580033e-14,1.50586182204555e-14,1
4239,D1_Original_R03,1,17,1,1,0,0,17712,48,1.00003347495891,3,0,9.43120245411465e-14,9.43185983059234e-14,1
4298,D1_Original_R03,2,9,1,1,0,0,17760,41,0.99962866016811,1,0,5.83467822075936e-15,5.70001952523593e-15,1
4299,D1_Original_R03,2,10,5,1,0,1,17801,42,0.999679602772392,1,0,7.24088545912931e-15,6.75878784093932e-15,1
4300,D1_Original_R03,2,11,5,1,0,1,17843,43,0.99973058581905,1,0,1.77362320782916e-14,1.77181273903704e-14,1
4301,D1_Original_R03,2,12,5,1,0,1,17886,44,0.999781593828005,1,0,1.12148874112848e-14,1.16955899873399e-14,1
4302,D1_Original_R03,2,13,7,1,1,1,17930,45,0.999879431537003,1,0,1.63677125440182e-14,1.59526488255064e-14,1
4303,D1_Original_R03,2,14,1,1,0,0,17975,46,1.00012237770508,3,0,1.83022349584779e-14,1.94205746929298e-14,1
4304,D1_Original_R03,2,15,1,1,0,0,18021,47,1.00031226693785,3,0,1.13134497010154e-14,1.16361894195649e-14,1
4305,D1_Original_R03,2,16,1,1,0,0,18068,48,1.00044768028732,3,0,2.19450894183468e-14,2.24557746551567e-14,1
4362,D1_Original_R03,3,6,1,1,0,0,18116,39,0.999479197362941,1,0,2.86358758172637e-15,3.39138333432067e-15,1
4363,D1_Original_R03,3,7,5,1,0,1,18155,40,0.999529934247795,1,0,4.52312493084109e-15,4.5303310126521e-15,1
4364,D1_Original_R03,3,8,5,1,0,1,18195,41,0.999738863650297,1,0,1.00218202523097e-14,9.78060037042547e-15,1
4365,D1_Original_R03,3,9,7,1,1,1,18236,42,1.00019820263647,3,0,7.31483788426145e-15,7.12750926208499e-15,1
4366,D1_Original_R03,3,10,1,1,0,0,18278,43,1.00062567815863,3,0,1.29238388072985e-14,1.34483574499083e-14,1
4367,D1_Original_R03,3,11,1,1,0,0,18321,44,1.00101511983791,3,0,2.3879409498152e-14,2.38242807266351e-14,1
4368,D1_Original_R03,3,12,1,1,0,0,18365,45,1.00136116140838,3,0,8.66236654970674e-15,8.43133678637236e-15,1
4369,D1_Original_R03,3,13,1,1,0,0,18410,46,1.00165940402594,3,0,1.05769408810773e-14,9.90407869883143e-15,1
4425,D1_Original_R03,4,2,1,1,0,0,18456,36,0.999280327954778,1,0,1.27778508605066e-14,1.27792093142069e-14,1
4426,D1_Original_R03,4,3,1,1,0,0,18492,37,0.999330587665035,1,0,3.5535888241624e-15,3.48054904307039e-15,1
4427,D1_Original_R03,4,4,5,1,0,1,18529,38,0.999465525359562,1,0,3.28643672838647e-15,3.3120482567496e-15,1
4428,D1_Original_R03,4,5,7,1,1,1,18567,39,0.999989856345534,1,0,4.88426650385881e-15,4.68445829630552e-15,1
4429,D1_Original_R03,4,6,5,1,0,1,18606,40,1.00051062566401,3,0,6.90364089198223e-15,6.84215357299996e-15,1
4430,D1_Original_R03,4,7,1,1,0,0,18646,41,1.00102055065626,3,0,4.49852917057975e-15,4.69003553221158e-15,1
4431,D1_Original_R03,4,8,1,1,0,0,18687,42,1.00151221912626,3,0,1.2018104891995e-14,1.20307356797223e-14,1
4490,D1_Original_R03,5,0,1,1,0,0,18729,35,0.999183199153346,1,0,2.6956735632291e-15,2.72428328208351e-15,1
4491,D1_Original_R03,5,1,5,1,0,1,18764,36,0.999644244661007,1,0,3.75610321115406e-13,3.75610233505461e-13,1
4492,D1_Original_R03,5,2,7,1,1,1,18800,37,1.00014615038403,3,0,7.49409608983692e-15,7.49017604382951e-15,1
4493,D1_Original_R03,5,3,5,1,0,1,18837,38,1.00066443378614,3,0,7.68665701015742e-15,7.68964236396341e-15,1
4494,D1_Original_R03,5,4,1,1,0,0,18875,39,1.00119299501551,3,0,6.80467246767801e-15,6.79904858441949e-15,1
4495,D1_Original_R03,5,5,1,1,0,0,18914,40,1.00172513321906,3,0,4.62040408079736e-15,4.64295108706887e-15,1
4557,D1_Original_R03,6,0,7,1,1,1,18954,36,1.00080702143219,3,0,2.40246598389904e-15,2.5790401803479e-15,1
4558,D1_Original_R03,6,1,1,1,0,0,18990,37,1.00129394764898,3,0,1.07525580433161e-13,1.07525414427238e-13,1
4665,D1_Original_R03,7,41,2,0,1,0,19027,78,1.00121386760839,3,0,5.872972020019e-14,5.97174614104711e-14,1
4737,D1_Original_R03,8,46,2,0,1,0,19105,84,1.00143370339415,3,0,1.25783248950442e-13,1.25554703227801e-13,1
4807,D1_Original_R03,9,49,2,0,1,0,19189,88,1.00274747505021,3,0,1.52260735532974e-13,1.5285002230082e-13,1
4875,D1_Original_R03,10,50,2,0,1,0,19277,90,1.00422074943682,3,0,1.54382512120941e-13,1.54129430077955e-13,1
4942,D1_Original_R03,11,50,2,0,1,0,19367,91,1.00545112597668,3,0,1.14329579121606e-13,1.1438627647284e-13,1
5010,D1_Original_R03,12,51,2,0,1,0,19458,93,1.00646075393415,3,0,2.02861015312738e-13,2.03446227499088e-13,1
5078,D1_Original_R03,13,52,2,0,1,0,19551,95,1.00725847571245,3,0,6.69868737621987e-14,6.68166028202555e-14,1
5146,D1_Original_R03,14,53,2,0,1,0,19646,97,1.00785569670775,3,0,1.22861979085515e-13,1.24200853045856e-13,1
5214,D1_Original_R03,15,54,2,0,1,0,19743,99,1.00826549704262,3,0,8.10095800493741e-14,8.11782334325734e-14,1
5282,D1_Original_R03,16,55,2,0,1,0,19842,101,1.00850092719295,3,0,1.47041687205983e-13,1.43650146210413e-13,1
5350,D1_Original_R03,17,56,2,0,1,0,19943,103,1.00857381365935,3,0,1.68162464286986e-13,1.69514644011863e-13,1
5418,D1_Original_R03,18,57,2,0,1,0,20046,105,1.00849393465883,3,0,1.53461851220852e-13,1.53933206148192e-13,1
5486,D1_Original_R03,19,58,2,0,1,0,20151,107,1.00826841955287,3,0,1.15278648215952e-13,1.15073154316472e-13,1
5554,D1_Original_R03,20,59,2,0,1,0,20258,109,1.00790125290017,3,0,9.8591361660822e-14,9.79623027824134e-14,1
5622,D1_Original_R03,21,60,2,0,1,0,20367,111,1.00739281973897,3,0,1.46661157258447e-13,1.43340927182476e-13,1
5690,D1_Original_R03,22,61,2,0,1,0,20478,113,1.00673955453316,3,0,1.00559329814446e-13,1.04322002335446e-13,1
5758,D1_Original_R03,23,62,2,0,1,0,20591,115,1.00593409640982,3,0,2.43695557105847e-13,2.43922521720432e-13,1
5826,D1_Original_R03,24,63,2,0,1,0,20706,117,1.00496729127464,3,0,2.06422662203197e-13,2.02108096623913e-13,1
5893,D1_Original_R03,25,63,2,0,1,0,20823,118,1.00380086443486,3,0,1.38528861260974e-13,1.40605903836378e-13,1
5961,D1_Original_R03,26,64,2,0,1,0,20941,120,1.00241477171239,3,0,3.94075063190878e-13,3.94092806580073e-13,1
6025,D1_Original_R03,27,61,2,0,1,0,21061,118,1.0023672621994,3,0,1.39068218889279e-13,1.39759963924684e-13,1
6091,D1_Original_R03,28,60,2,0,1,0,21179,118,1.00273628738053,3,0,1.09631577194432e-13,1.07031211286251e-13,1
6157,D1_Original_R03,29,59,2,0,1,0,21297,118,1.00315255526312,3,0,1.38302073324731e-13,1.39209324751155e-13,1
6222,D1_Original_R03,30,57,2,0,1,0,21415,117,1.00346897261753,3,0,1.59940417661334e-13,1.60055403728345e-13,1
6232,D1_Original_R04,0,0,4,0,0,1,21532,30,0.993760367996862,1,0,5.83235586256216e-16,2.69320365584892e-16,1
6233,D1_Original_R04,0,1,4,0,0,1,21562,31,0.993733157736039,1,0,6.608700815721e-15,6.68971207531786e-15,1
6234,D1_Original_R04,0,2,4,0,0,1,21593,32,0.99370616132626,1,0,2.3716783134731e-15,1.90214549426636e-15,1
6235,D1_Original_R04,0,3,4,0,0,1,21625,33,0.993679424259283,1,0,1.94884989546333e-15,1.59552572123857e-15,1
6236,D1_Original_R04,0,4,4,0,0,1,21658,34,0.993652994489594,1,0,3.65813153566327e-15,4.11768881891493e-15,1
6237,D1_Original_R04,0,5,4,0,0,1,21692,35,0.993626922575601,1,0,1.82679905755809e-15,2.2161020338453e-15,1
6238,D1_Original_R04,0,6,4,0,0,1,21727,36,0.993601261818743,1,0,3.05880437553686e-15,3.1069974939579e-15,1
6239,D1_Original_R04,0,7,4,0,0,1,21763,37,0.993576068398702,1,0,9.75421160282509e-15,9.54765697878097e-15,1
6240,D1_Original_R04,0,8,4,0,0,1,21800,38,0.993551401501853,1,0,7.36527056009471e-15,7.205681163545e-15,1
6241,D1_Original_R04,0,9,4,0,0,1,21838,39,0.993527323440198,1,0,7.53767206596359e-15,7.60812922812221e-15,1
6242,D1_Original_R04,0,10,4,0,0,1,21877,40,0.993503899757074,1,0,1.26768480265887e-14,1.26440367512223e-14,1
6243,D1_Original_R04,0,11,4,0,0,1,21917,41,0.993481199315362,1,0,6.71385241268983e-15,7.00449143981289e-15,1
6244,D1_Original_R04,0,12,4,0,0,1,21958,42,0.993459294363474,1,0,1.98228037182465e-14,1.94568707541678e-14,1
6245,D1_Original_R04,0,13,4,0,0,1,22000,43,0.993438260573474,1,0,1.43629914728141e-14,1.45010375975231e-14,1
6246,D1_Original_R04,0,14,4,0,0,1,22043,44,0.993418177044858,1,0,1.81197761966465e-14,1.78223109294433e-14,1
6247,D1_Original_R04,0,15,4,0,0,1,22087,45,0.993399126267075,1,0,1.23032936098962e-14,1.27788060357723e-14,1
6248,D1_Original_R04,0,16,4,0,0,1,22132,46,0.993381194032806,1,0,3.95244787596866e-14,3.88487815012811e-14,1
6249,D1_Original_R04,0,17,4,0,0,1,22178,47,0.993364469293363,1,0,1.072928757316e-14,9.61818264728188e-15,1
6250,D1_Original_R04,0,18,4,0,0,1,22225,48,0.993349043947082,1,0,3.68415350668423e-14,3.67830919747788e-14,1
6251,D1_Original_R04,0,19,4,0,0,1,22273,49,0.993335012551046,1,0,2.83326643820553e-14,2.92255487325071e-14,1
6252,D1_Original_R04,0,20,4,0,0,1,22322,50,0.993322471946187,1,0,1.87384108076623e-14,1.85967736924416e-14,1
6253,D1_Original_R04,0,21,4,0,0,1,22372,51,0.993311520786018,1,0,2.51041798590427e-14,2.60861595809155e-14,1
6254,D1_Original_R04,0,22,4,0,0,1,22423,52,0.993302258959726,1,0,1.92849597836016e-14,1.84903091487018e-14,1
6255,D1_Original_R04,0,23,4,0,0,1,22475,53,0.993294786901315,1,0,3.04813586687921e-14,3.03950302932503e-14,1
6256,D1_Original_R04,0,24,4,0,0,1,22528,54,0.993289204778325,1,0,6.08226870886401e-14,6.00564252694079e-14,1
6257,D1_Original_R04,0,25,4,0,0,1,22582,55,0.993285611555839,1,0,4.40235733442993e-14,4.59230876106578e-14,1
6258,D1_Original_R04,0,26,4,0,0,1,22637,56,0.993284103934896,1,0,3.01760001371741e-14,3.05319372023171e-14,1
6259,D1_Original_R04,0,27,4,0,0,1,22693,57,0.993284775168303,1,0,2.64682898039739e-14,2.62454555211424e-14,1
6260,D1_Original_R04,0,28,4,0,0,1,22750,58,0.993287713762111,1,0,4.53172181085753e-14,4.69006806129949e-14,1
6261,D1_Original_R04,0,29,4,0,0,1,22808,59,0.993293002076293,1,0,4.08800670056227e-14,4.02303238047395e-14,1
6262,D1_Original_R04,0,30,4,0,0,1,22867,60,0.993300714844958,1,0,4.55570342958094e-14,4.47437392294696e-14,1
6263,D1_Original_R04,0,31,4,0,0,1,22927,61,0.993310917643052,1,0,8.53762478307128e-14,8.50489639508002e-14,1
6264,D1_Original_R04,0,32,4,0,0,1,22988,62,0.993323665333233,1,0,8.19874045126337e-14,8.17565420308434e-14,1
6265,D1_Original_R04,0,33,4,0,0,1,23050,63,0.993339000533226,1,0,9.08323340185818e-14,9.12760257346775e-14,1
6266,D1_Original_R04,0,34,4,0,0,1,23113,64,0.99335695214932,1,0,5.82853589488646e-14,5.72681155671736e-14,1
6267,D1_Original_R04,0,35,4,0,0,1,23177,65,0.993377534025554,1,0,9.6168350466775e-14,9.46234115300557e-14,1
6268,D1_Original_R04,0,36,4,0,0,1,23242,66,0.9934007437604,1,0,1.51980709832805e-13,1.51274430403892e-13,1
6269,D1_Original_R04,0,37,4,0,0,1,23308,67,0.993426561741624,1,0,5.85458265297825e-14,5.76709248802007e-14,1
6270,D1_Original_R04,0,38,4,0,0,1,23375,68,0.993454950446877,1,0,9.48812158228881e-14,9.16308383409532e-14,1
6271,D1_Original_R04,0,39,4,0,0,1,23443,69,0.993485854050789,1,0,7.97073000334122e-14,7.98745074017531e-14,1
6272,D1_Original_R04,0,40,4,0,0,1,23512,70,0.993519198369758,1,0,9.0135020073626e-14,9.00666320689988e-14,1
6273,D1_Original_R04,0,41,4,0,0,1,23582,71,0.993554891163802,1,0,1.1209646362261e-13,1.1430139850676e-13,1
6274,D1_Original_R04,0,42,4,0,0,1,23653,72,0.99359282280065,1,0,1.17341972811114e-13,1.20949213593821e-13,1
6275,D1_Original_R04,0,43,4,0,0,1,23725,73,0.993632867272714,1,0,5.88970574455631e-14,5.96550859073124e-14,1
6276,D1_Original_R04,0,44,4,0,0,1,23798,74,0.993674883542382,1,0,8.84933217971677e-14,8.52722534621115e-14,1
6277,D1_Original_R04,0,45,4,0,0,1,23872,75,0.993718717177845,1,0,1.39127075601751e-13,1.39459611212772e-13,1
6278,D1_Original_R04,0,46,4,0,0,1,23947,76,0.993764202229577,1,0,7.41205667667545e-14,7.52926504853835e-14,1
6279,D1_Original_R04,0,47,4,0,0,1,24023,77,0.993811163289315,1,0,7.11943630587053e-14,6.84892529556888e-14,1
6280,D1_Original_R04,0,48,4,0,0,1,24100,78,0.993859417667877,1,0,9.46938575116258e-14,9.41427445564402e-14,1
6281,D1_Original_R04,0,49,4,0,0,1,24178,79,0.993908777626371,1,0,6.81672432948519e-14,6.84213183538651e-14,1
6282,D1_Original_R04,0,50,4,0,0,1,24257,80,0.993959052597336,1,0,1.03457080466813e-13,1.02975500473279e-13,1
6283,D1_Original_R04,0,51,4,0,0,1,24337,81,0.99401005133713,1,0,6.85054950865835e-14,7.26738172082702e-14,1
6284,D1_Original_R04,0,52,4,0,0,1,24418,82,0.994061583958193,1,0,1.52661610797211e-13,1.49314157531917e-13,1
6285,D1_Original_R04,0,53,4,0,0,1,24500,83,0.994113463798918,1,0,7.62270559655168e-14,7.44117352328313e-14,1
6286,D1_Original_R04,0,54,4,0,0,1,24583,84,0.994165509099072,1,0,7.99169680365885e-14,7.94671387862318e-14,1
6287,D1_Original_R04,0,55,4,0,0,1,24667,85,0.994217544458849,1,0,7.10157122739761e-14,7.17530732030939e-14,1
6288,D1_Original_R04,0,56,4,0,0,1,24752,86,0.994269402069595,1,0,8.97095562283323e-14,9.09486830198807e-14,1
6289,D1_Original_R04,0,57,4,0,0,1,24838,87,0.994320922713344,1,0,8.79663027787503e-14,8.72271980793678e-14,1
6290,D1_Original_R04,0,58,4,0,0,1,24925,88,0.994371956535869,1,0,8.68121770685677e-14,9.03814690959889e-14,1
6291,D1_Original_R04,0,59,4,0,0,1,25013,89,0.994422363604384,1,0,1.1302679292529e-13,1.12889636182805e-13,1
6292,D1_Original_R04,0,60,4,0,0,1,25102,90,0.994472014265761,1,0,1.47084230716007e-13,1.46916556683425e-13,1
6293,D1_Original_R04,0,61,4,0,0,1,25192,91,0.994520789324525,1,0,6.37377006056471e-14,6.32530201549262e-14,1
6294,D1_Original_R04,0,62,4,0,0,1,25283,92,0.994568580061726,1,0,7.74173186284592e-14,8.21845723591594e-14,1
6295,D1_Original_R04,0,63,4,0,0,1,25375,93,0.99461528811678,1,0,8.72723189797905e-14,8.73849543234903e-14,1
6296,D1_Original_R04,0,64,4,0,0,1,25468,94,0.994660825254338,1,0,1.05193697170882e-13,1.0654647169104e-13,1
6297,D1_Original_R04,0,65,4,0,0,1,25562,95,0.994705113037035,1,0,9.86630603044364e-14,9.29140858029844e-14,1
6298,D1_Original_R04,0,66,6,0,1,1,25657,96,0.994748082424125,1,0,1.30492791756643e-13,1.27894209591518e-13,1
6365,D1_Original_R04,1,66,2,0,1,0,25753,97,0.994732243525501,1,0,1.59775546175312e-13,1.58969664036596e-13,1
6432,D1_Original_R04,2,66,2,0,1,0,25850,98,0.994716320246056,1,0,1.2982200186999e-13,1.26228747358913e-13,1
6499,D1_Original_R04,3,66,2,0,1,0,25948,99,0.994700331894494,1,0,1.03575834230312e-13,1.02967856640308e-13,1
6566,D1_Original_R04,4,66,2,0,1,0,26047,100,0.994684300738931,1,0,1.16650124915678e-13,1.17404599778529e-13,1
6633,D1_Original_R04,5,66,2,0,1,0,26147,101,0.994668252377969,1,0,1.4690099301897e-13,1.47148956079617e-13,1
6700,D1_Original_R04,6,66,2,0,1,0,26248,102,0.994652216148873,1,0,1.506771242762e-13,1.54302313091449e-13,1
6767,D1_Original_R04,7,66,2,0,1,0,26350,103,0.994636225574711,1,0,1.05954925336757e-13,1.06190884678265e-13,1
6834,D1_Original_R04,8,66,2,0,1,0,26453,104,0.994620318851584,1,0,1.15534430238147e-13,1.15497139938595e-13,1
6901,D1_Original_R04,9,66,2,0,1,0,26557,105,0.99460453937598,1,0,1.79662862984127e-13,1.80688368257198e-13,1
6968,D1_Original_R04,10,66,2,0,1,0,26662,106,0.994588936310925,1,0,1.78239203101732e-13,1.77318592147047e-13,1
7035,D1_Original_R04,11,66,2,0,1,0,26768,107,0.994573565187931,1,0,2.34557246025565e-13,2.35763160366631e-13,1
7102,D1_Original_R04,12,66,2,0,1,0,26875,108,0.99455848853873,1,0,1.2458756236035e-13,1.16710554338624e-13,1
7169,D1_Original_R04,13,66,2,0,1,0,26983,109,0.994543776547896,1,0,8.86401534380096e-14,8.90124573272446e-14,1
7236,D1_Original_R04,14,66,2,0,1,0,27092,110,0.994529507712684,1,0,1.2069984983837e-13,1.21168154038566e-13,1
7303,D1_Original_R04,15,66,2,0,1,0,27202,111,0.994515769491434,1,0,9.35413555461984e-14,9.66022176754459e-14,1
7370,D1_Original_R04,16,66,2,0,1,0,27313,112,0.994502658914736,1,0,1.72681036784686e-13,1.72885769941914e-13,1
7437,D1_Original_R04,17,66,2,0,1,0,27425,113,0.994490283125835,1,0,1.26743498130422e-13,1.28105667834488e-13,1
7504,D1_Original_R04,18,66,2,0,1,0,27538,114,0.994478759807191,1,0,2.04153343173141e-13,2.03958250774421e-13,1
7571,D1_Original_R04,19,66,2,0,1,0,27652,115,0.99446821743965,1,0,7.87834656702664e-14,8.25975764138368e-14,1
7638,D1_Original_R04,20,66,2,0,1,0,27767,116,0.994458795329039,1,0,1.81284615574467e-13,1.85293252177714e-13,1
7705,D1_Original_R04,21,66,2,0,1,0,27883,117,0.994450643323838,1,0,1.05519221095332e-13,1.04615764857683e-13,1
7772,D1_Original_R04,22,66,2,0,1,0,28000,118,0.99444392113685,1,0,1.70276904550017e-13,1.70116651263697e-13,1
7839,D1_Original_R04,23,66,2,0,1,0,28118,119,0.994438797176272,1,0,1.16876695219954e-13,1.22141476157204e-13,1
7906,D1_Original_R04,24,66,2,0,1,0,28237,120,0.994435446788967,1,0,3.02675391583553e-13,3.03001953491063e-13,1
7973,D1_Original_R04,25,66,2,0,1,0,28357,121,0.994434049823582,1,0,2.5209192401014e-13,2.52049528374227e-13,1
8040,D1_Original_R04,26,66,2,0,1,0,28478,122,0.994434787437711,1,0,1.00146016983696e-13,9.75998372114907e-14,1
8107,D1_Original_R04,27,66,2,0,1,0,28600,123,0.994437838103396,1,0,2.29392264655323e-13,2.29054597936066e-13,1
8174,D1_Original_R04,28,66,2,0,1,0,28723,124,0.994443372812271,1,0,8.71615971931835e-14,8.89715537270869e-14,1
8241,D1_Original_R04,29,66,2,0,1,0,28847,125,0.994451549546034,1,0,1.58575744739721e-13,1.53467503288726e-13,1
8308,D1_Original_R04,30,66,2,0,1,0,28972,126,0.994462507158501,1,0,8.63766045385092e-14,8.63497910190005e-14,1
8321,D1_Guyan_R01,0,12,5,1,0,1,29098,24,0.99994604911667,1,0,2.4302108669866e-14,2.37832704925408e-14,1
8322,D1_Guyan_R01,0,13,5,1,0,1,29122,25,0.999958908728254,1,0,2.00903473977013e-14,2.05523340271737e-14,1
8323,D1_Guyan_R01,0,14,7,1,1,1,29147,26,0.999971767700605,1,0,2.50294697941496e-14,2.54634791881944e-14,1
8324,D1_Guyan_R01,0,15,5,1,0,1,29173,27,1.00004217429056,3,0,6.04688795014885e-14,6.08391220694161e-14,1
8325,D1_Guyan_R01,0,16,4,0,0,1,29200,28,1.00016922239646,3,0,5.72705200634871e-14,5.70961182614809e-14,1
8326,D1_Guyan_R01,0,17,4,0,0,1,29228,29,1.00028829142945,3,0,5.03051734268448e-14,4.94810857765554e-14,1
8327,D1_Guyan_R01,0,18,4,0,0,1,29257,30,1.00039911071853,3,0,5.16597720239677e-14,5.32671455491071e-14,1
8328,D1_Guyan_R01,0,19,4,0,0,1,29287,31,1.00050146750824,3,0,2.30864958135105e-14,2.28401004671543e-14,1
8329,D1_Guyan_R01,0,20,4,0,0,1,29318,32,1.00059520420933,3,0,7.94120608999854e-14,7.9982240397777e-14,1
8330,D1_Guyan_R01,0,21,4,0,0,1,29350,33,1.00068021495638,3,0,6.50086170786708e-14,6.44379329039553e-14,1
8331,D1_Guyan_R01,0,22,4,0,0,1,29383,34,1.00075644164496,3,0,9.54230477739624e-14,9.49620895372136e-14,1
8332,D1_Guyan_R01,0,23,4,0,0,1,29417,35,1.00082386961499,3,0,6.00206544272563e-14,6.14040370345098e-14,1
8333,D1_Guyan_R01,0,24,4,0,0,1,29452,36,1.00088252313455,3,0,1.0065571838962e-13,1.00858557624718e-13,1
8334,D1_Guyan_R01,0,25,4,0,0,1,29488,37,1.00093246081926,3,0,9.21500485006539e-14,9.19984813946098e-14,1
8335,D1_Guyan_R01,0,26,4,0,0,1,29525,38,1.0009737711019,3,0,1.295398694663e-13,1.30558351306804e-13,1
8336,D1_Guyan_R01,0,27,4,0,0,1,29563,39,1.00100656784405,3,0,9.47632185278245e-14,9.28217338354232e-14,1
8337,D1_Guyan_R01,0,28,4,0,0,1,29602,40,1.00103098616008,3,0,1.21422274473139e-13,1.21802512166986e-13,1
8338,D1_Guyan_R01,0,29,4,0,0,1,29642,41,1.00104717850387,3,0,1.19181072433487e-13,1.18670443296454e-13,1
8339,D1_Guyan_R01,0,30,4,0,0,1,29683,42,1.00105531105065,3,0,9.57845954401126e-14,9.55200066713577e-14,1
8340,D1_Guyan_R01,0,31,4,0,0,1,29725,43,1.00105556039134,3,0,1.33646758757777e-13,1.33158089375321e-13,1
8341,D1_Guyan_R01,0,32,4,0,0,1,29768,44,1.00104811054453,3,0,1.78483740728263e-13,1.77991000807342e-13,1
8342,D1_Guyan_R01,0,33,4,0,0,1,29812,45,1.00103315028132,3,0,1.81664636124075e-13,1.83470082320829e-13,1
8343,D1_Guyan_R01,0,34,4,0,0,1,29857,46,1.00101087075098,3,0,7.26206119091187e-14,7.48312021815308e-14,1
8344,D1_Guyan_R01,0,35,4,0,0,1,29903,47,1.00098146338996,3,0,1.86134160171585e-13,1.83528268041287e-13,1
8345,D1_Guyan_R01,0,36,4,0,0,1,29950,48,1.00094511809338,3,0,2.08493125662351e-13,2.07429130518915e-13,1
8346,D1_Guyan_R01,0,37,4,0,0,1,29998,49,1.00090202162574,3,0,2.75784241812013e-13,2.76650618537678e-13,1
8347,D1_Guyan_R01,0,38,4,0,0,1,30047,50,1.00085235624686,3,0,1.52430346283236e-13,1.52248950630175e-13,1
8348,D1_Guyan_R01,0,39,4,0,0,1,30097,51,1.00079629852847,3,0,2.34450112000177e-13,2.35521464353478e-13,1
8349,D1_Guyan_R01,0,40,4,0,0,1,30148,52,1.00073401833751,3,0,1.67696203627408e-13,1.68476436785305e-13,1
8350,D1_Guyan_R01,0,41,4,0,0,1,30200,53,1.00066567796317,3,0,1.90258029570109e-13,1.87450282783832e-13,1
8351,D1_Guyan_R01,0,42,4,0,0,1,30253,54,1.00059143136535,3,0,2.97492191205295e-13,2.97269068262933e-13,1
8352,D1_Guyan_R01,0,43,4,0,0,1,30307,55,1.00051142352381,3,0,1.60748230336857e-13,1.62380649945494e-13,1
8353,D1_Guyan_R01,0,44,4,0,0,1,30362,56,1.00042578986838,3,0,2.98344855161842e-13,2.98468998550899e-13,1
8354,D1_Guyan_R01,0,45,4,0,0,1,30418,57,1.00036459123622,3,0,2.56663096637506e-13,2.60298285023216e-13,1
8355,D1_Guyan_R01,0,46,4,0,0,1,30475,58,1.00037690063734,3,0,3.00471931586115e-13,2.98194035771007e-13,1
8356,D1_Guyan_R01,0,47,4,0,0,1,30533,59,1.0003891767056,3,0,2.76598752604182e-13,2.74532810621493e-13,1
8357,D1_Guyan_R01,0,48,4,0,0,1,30592,60,1.00040141850561,3,0,3.82110932337448e-13,3.82428178039225e-13,1
8358,D1_Guyan_R01,0,49,4,0,0,1,30652,61,1.00041362510783,3,0,4.57285255681479e-13,4.56021197846598e-13,1
8359,D1_Guyan_R01,0,50,4,0,0,1,30713,62,1.00042579558883,3,0,4.18013233209481e-13,4.17903869054073e-13,1
8360,D1_Guyan_R01,0,51,4,0,0,1,30775,63,1.00043792903153,3,0,5.93238929201555e-13,5.95413474844005e-13,1
8361,D1_Guyan_R01,0,52,4,0,0,1,30838,64,1.00045002452546,3,0,4.0739829827729e-13,4.07880591575342e-13,1
8362,D1_Guyan_R01,0,53,4,0,0,1,30902,65,1.00046208116694,3,0,2.44530442650193e-13,2.44615965706618e-13,1
8363,D1_Guyan_R01,0,54,4,0,0,1,30967,66,1.00047409805939,3,0,4.34053547097242e-13,4.33883237736182e-13,1
8364,D1_Guyan_R01,0,55,4,0,0,1,31033,67,1.00048607431354,3,0,2.73331426757253e-13,2.72471729196748e-13,1
8365,D1_Guyan_R01,0,56,4,0,0,1,31100,68,1.00049800904765,3,0,5.03595074127063e-13,5.04059050704308e-13,1
8366,D1_Guyan_R01,0,57,4,0,0,1,31168,69,1.00050990138779,3,0,4.8487645212919e-13,4.87124602751015e-13,1
8367,D1_Guyan_R01,0,58,4,0,0,1,31237,70,1.00052175046806,3,0,2.98309545503065e-13,2.93793314913793e-13,1
8368,D1_Guyan_R01,0,59,4,0,0,1,31307,71,1.0005335554308,3,0,4.15959507113812e-13,4.17435198330609e-13,1
8369,D1_Guyan_R01,0,60,4,0,0,1,31378,72,1.00054531542688,3,0,1.27407485657309e-12,1.27380363298088e-12,1
8370,D1_Guyan_R01,0,61,4,0,0,1,31450,73,1.0005570296159,3,0,3.99605073172985e-13,3.97252032673781e-13,1
8371,D1_Guyan_R01,0,62,4,0,0,1,31523,74,1.00056869716645,3,0,3.72105521002997e-13,3.72343329441236e-13,1
8372,D1_Guyan_R01,0,63,4,0,0,1,31597,75,1.00058031725629,3,0,4.12511013861162e-13,4.11230399509446e-13,1
8373,D1_Guyan_R01,0,64,4,0,0,1,31672,76,1.00059188907263,3,0,3.19685860416863e-13,3.14607956548485e-13,1
8374,D1_Guyan_R01,0,65,4,0,0,1,31748,77,1.00060341181234,3,0,3.89757186585926e-13,3.9431404013932e-13,1
8375,D1_Guyan_R01,0,66,4,0,0,1,31825,78,1.00061488468219,3,0,5.53340731116949e-13,5.52833628836914e-13,1
8385,D1_Guyan_R01,1,9,5,1,0,1,31903,22,0.999908183321937,1,0,8.94128073395341e-13,8.94127753825918e-13,1
8386,D1_Guyan_R01,1,10,5,1,0,1,31925,23,0.999921039072996,1,0,2.36174353147216e-13,2.36172976746122e-13,1
8387,D1_Guyan_R01,1,11,7,1,1,1,31948,24,0.999969074838843,1,0,3.02272287404992e-13,3.02273190382553e-13,1
8388,D1_Guyan_R01,1,12,1,1,0,0,31972,25,1.00012372204643,3,0,2.0756119073649e-13,2.07562131949664e-13,1
8389,D1_Guyan_R01,1,13,1,1,0,0,31997,26,1.00027200295234,3,0,2.83331593104353e-12,2.83331696798513e-12,1
8390,D1_Guyan_R01,1,14,1,1,0,0,32023,27,1.00041340989594,3,0,6.78501972448435e-13,6.78502291784746e-13,1
8449,D1_Guyan_R01,2,6,5,1,0,1,32050,20,0.999870345550749,1,0,1.4778193303606e-14,1.43359800529811e-14,1
8450,D1_Guyan_R01,2,7,5,1,0,1,32070,21,0.999883188852304,1,0,2.1702365798727e-14,2.1700401886559e-14,1
8451,D1_Guyan_R01,2,8,7,1,1,1,32091,22,0.999986453669452,1,0,7.27841794343017e-14,7.27965471606532e-14,1
8452,D1_Guyan_R01,2,9,1,1,0,0,32113,23,1.0001563858436,3,0,1.34902227699958e-14,1.34031643900383e-14,1
8453,D1_Guyan_R01,2,10,1,1,0,0,32136,24,1.00032172752513,3,0,2.61232794879619e-14,2.63863750851869e-14,1
8454,D1_Guyan_R01,2,11,1,1,0,0,32160,25,1.00048181136268,3,0,3.76295345929472e-14,3.72207902010633e-14,1
8513,D1_Guyan_R01,3,3,1,1,0,0,32185,18,0.99983256087444,1,0,6.08587019192473e-15,5.97647611227165e-15,1
8514,D1_Guyan_R01,3,4,5,1,0,1,32203,19,0.999845383185088,1,0,4.29429899135563e-15,4.34157797639755e-15,1
8515,D1_Guyan_R01,3,5,7,1,1,1,32222,20,0.999972320222926,1,0,6.53146438243217e-15,6.57008264643817e-15,1
8516,D1_Guyan_R01,3,6,1,1,0,0,32242,21,1.00015160147595,3,0,5.34630360511451e-15,5.37966938906183e-15,1
8517,D1_Guyan_R01,3,7,1,1,0,0,32263,22,1.00032845110462,3,0,1.00456576286696e-14,9.43125111823462e-15,1
8518,D1_Guyan_R01,3,8,1,1,0,0,32285,23,1.00050209111559,3,0,1.06613721619699e-14,1.06542786120601e-14,1
8577,D1_Guyan_R01,4,0,1,1,0,0,32308,16,0.999794854205082,1,0,1.68849661916382e-15,1.87523937540872e-15,1
8578,D1_Guyan_R01,4,1,5,1,0,1,32324,17,0.999807647041078,1,0,7.40822810186598e-12,7.40822815487405e-12,1
8579,D1_Guyan_R01,4,2,7,1,1,1,32341,18,0.99994220520106,1,0,2.71245714434427e-14,2.71259147044184e-14,1
8580,D1_Guyan_R01,4,3,5,1,0,1,32359,19,1.00012411156477,3,0,1.23546145255395e-14,1.23582895419256e-14,1
8581,D1_Guyan_R01,4,4,1,1,0,0,32378,20,1.00030593872686,3,0,5.14605488000628e-15,5.25481937552803e-15,1
8582,D1_Guyan_R01,4,5,1,1,0,0,32398,21,1.00048686970993,3,0,9.55331570148433e-15,9.69645225072419e-15,1
8644,D1_Guyan_R01,5,0,7,1,1,1,32419,17,1.00009043459068,3,0,2.22360274610258e-15,2.35615165352103e-15,1
8645,D1_Guyan_R01,5,1,1,1,0,0,32436,18,1.00027033684809,3,0,1.08908386715456e-12,1.08908394212387e-12,1
8646,D1_Guyan_R01,5,2,1,1,0,0,32454,19,1.00045170115539,3,0,4.51348028399417e-14,4.51351084692184e-14,1
8711,D1_Guyan_R01,6,0,2,0,1,0,32473,18,1.00059131793754,3,0,2.1136164719373e-15,1.82336536964819e-15,1
8778,D1_Guyan_R01,7,0,2,0,1,0,32491,19,1.00108069986796,3,0,3.84025552773113e-15,3.8301114527486e-15,1
8845,D1_Guyan_R01,8,0,2,0,1,0,32510,20,1.0015554315998,3,0,9.23609783340553e-15,9.2566557048828e-15,1
8912,D1_Guyan_R01,9,0,2,0,1,0,32530,21,1.00201263372414,3,0,1.40813163219796e-14,1.41658657627815e-14,1
8979,D1_Guyan_R01,10,0,2,0,1,0,32551,22,1.00244976859278,3,0,8.3820296521276e-15,8.47454746117855e-15,1
9046,D1_Guyan_R01,11,0,2,0,1,0,32573,23,1.00286469327288,3,0,8.1465304133797e-15,7.93281640716114e-15,1
9113,D1_Guyan_R01,12,0,2,0,1,0,32596,24,1.00325568901893,3,0,1.15958305422122e-14,1.11479398962201e-14,1
9180,D1_Guyan_R01,13,0,2,0,1,0,32620,25,1.00362146702147,3,0,1.76804280816531e-14,1.75712262902737e-14,1
9247,D1_Guyan_R01,14,0,2,0,1,0,32645,26,1.00396115327576,3,0,4.02348255925394e-14,4.07576415572635e-14,1
9314,D1_Guyan_R01,15,0,2,0,1,0,32671,27,1.00427425727779,3,0,1.91616974356335e-14,1.84163977235093e-14,1
9381,D1_Guyan_R01,16,0,2,0,1,0,32698,28,1.00456062989321,3,0,4.01408731916146e-14,4.01697556440239e-14,1
9448,D1_Guyan_R01,17,0,2,0,1,0,32726,29,1.00482041544649,3,0,1.38168069714584e-14,1.41776167440506e-14,1
9515,D1_Guyan_R01,18,0,2,0,1,0,32755,30,1.00505400222781,3,0,2.69956015133543e-14,2.66000978785095e-14,1
9582,D1_Guyan_R01,19,0,2,0,1,0,32785,31,1.00526197455251,3,0,2.98196111366075e-14,2.98215134214651e-14,1
9649,D1_Guyan_R01,20,0,2,0,1,0,32816,32,1.00544506846864,3,0,5.72350249912624e-14,5.74188909270274e-14,1
9716,D1_Guyan_R01,21,0,2,0,1,0,32848,33,1.0056041323208,3,0,2.49824208970404e-14,2.60312095880938e-14,1
9783,D1_Guyan_R01,22,0,2,0,1,0,32881,34,1.00574009269299,3,0,5.67183331402406e-14,5.66210014221633e-14,1
9850,D1_Guyan_R01,23,0,2,0,1,0,32915,35,1.00585392576587,3,0,3.46488347271033e-14,3.49032159919465e-14,1
9917,D1_Guyan_R01,24,0,2,0,1,0,32950,36,1.00594663380743,3,0,6.51400027653405e-14,6.49208522066579e-14,1
9984,D1_Guyan_R01,25,0,2,0,1,0,32986,37,1.00601922633254,3,0,5.7065770550164e-14,5.82189774517574e-14,1
10051,D1_Guyan_R01,26,0,2,0,1,0,33023,38,1.00607270538117,3,0,6.03068339859859e-14,5.97612577417005e-14,1
10118,D1_Guyan_R01,27,0,2,0,1,0,33061,39,1.00610805434392,3,0,5.67331160544578e-14,5.72358778817018e-14,1
10185,D1_Guyan_R01,28,0,2,0,1,0,33100,40,1.00612622978587,3,0,5.90488026859487e-14,6.02131970158378e-14,1
10252,D1_Guyan_R01,29,0,2,0,1,0,33140,41,1.00612815576396,3,0,7.9692783569098e-14,8.04213042841112e-14,1
10319,D1_Guyan_R01,30,0,2,0,1,0,33181,42,1.00611472019042,3,0,1.06411132019321e-13,1.05510587869755e-13,1
10386,D1_Guyan_R02,0,0,2,0,1,0,33223,12,0.996549644849907,1,0,4.45875789384655e-16,1.03587614550978e-16,1
10450,D1_Guyan_R02,0,64,4,0,0,1,33235,76,0.995871531277785,1,0,3.67888071181456e-13,3.67130675353545e-13,1
10451,D1_Guyan_R02,0,65,4,0,0,1,33311,77,0.995871653581511,1,0,3.02344533643671e-13,3.02745688603246e-13,1
10452,D1_Guyan_R02,0,66,4,0,0,1,33388,78,0.995871659510669,1,0,4.61570109482489e-13,4.61398137412262e-13,1
10453,D1_Guyan_R02,1,0,2,0,1,0,33466,13,0.996551806011547,1,0,1.18458326974246e-13,1.18449878001705e-13,1
10520,D1_Guyan_R02,2,0,2,0,1,0,33479,14,0.996553960573523,1,0,7.96539486322858e-15,6.89403767210351e-15,1
10587,D1_Guyan_R02,3,0,2,0,1,0,33493,15,0.996556108516736,1,0,2.23126890893329e-15,2.23624122300203e-15,1
10654,D1_Guyan_R02,4,0,2,0,1,0,33508,16,0.996558249810572,1,0,2.26923346604004e-15,2.27865995543801e-15,1
10721,D1_Guyan_R02,5,0,2,0,1,0,33524,17,0.996560384412369,1,0,1.50497461176835e-15,1.60391510606619e-15,1
10788,D1_Guyan_R02,6,0,2,0,1,0,33541,18,0.996562512266747,1,0,1.8935290475365e-15,1.85902257747e-15,1
10855,D1_Guyan_R02,7,0,2,0,1,0,33559,19,0.996564633305046,1,0,3.939463245459e-15,3.54444618261397e-15,1
10922,D1_Guyan_R02,8,0,2,0,1,0,33578,20,0.996566747444629,1,0,3.83597802199415e-15,3.78556579638309e-15,1
10989,D1_Guyan_R02,9,0,2,0,1,0,33598,21,0.996568854588157,1,0,2.89835783701055e-15,2.77333391312414e-15,1
11056,D1_Guyan_R02,10,0,2,0,1,0,33619,22,0.996570954622848,1,0,9.6118049994601e-15,9.04239976294345e-15,1
11123,D1_Guyan_R02,11,0,2,0,1,0,33641,23,0.996573047419684,1,0,8.51334243012689e-15,8.76064517713041e-15,1
11190,D1_Guyan_R02,12,0,2,0,1,0,33664,24,0.996575132832598,1,0,1.5092574421264e-14,1.55227090772535e-14,1
11257,D1_Guyan_R02,13,0,2,0,1,0,33688,25,0.996577210697454,1,0,2.01161616632848e-14,1.94713494837699e-14,1
11324,D1_Guyan_R02,14,0,2,0,1,0,33713,26,0.996579280831256,1,0,1.21331743141623e-14,1.21400491236916e-14,1
11391,D1_Guyan_R02,15,0,2,0,1,0,33739,27,0.996581343031037,1,0,1.74751464560037e-14,1.8024122067944e-14,1
11458,D1_Guyan_R02,16,0,2,0,1,0,33766,28,0.996583397072843,1,0,2.09877408365217e-14,2.09144916327686e-14,1
11525,D1_Guyan_R02,17,0,2,0,1,0,33794,29,0.996585442710599,1,0,3.69920959286526e-14,3.72797462914322e-14,1
11592,D1_Guyan_R02,18,0,2,0,1,0,33823,30,0.996587479674841,1,0,2.17540383136149e-14,2.1268344023833e-14,1
11659,D1_Guyan_R02,19,0,2,0,1,0,33853,31,0.996589507671597,1,0,2.09328133389839e-14,2.06469816284378e-14,1
11726,D1_Guyan_R02,20,0,2,0,1,0,33884,32,0.996591526380873,1,0,3.77368621638612e-14,3.77986662731852e-14,1
11793,D1_Guyan_R02,21,0,2,0,1,0,33916,33,0.996593535455362,1,0,2.76287540806822e-14,2.8463335051347e-14,1
11860,D1_Guyan_R02,22,0,2,0,1,0,33949,34,0.99659553451888,1,0,3.5432359121652e-14,3.63962542561978e-14,1
11927,D1_Guyan_R02,23,0,2,0,1,0,33983,35,0.996597523164742,1,0,4.78036763163344e-14,4.61948317113539e-14,1
11994,D1_Guyan_R02,24,0,2,0,1,0,34018,36,0.99659950095412,1,0,4.07454029438005e-14,4.03648475441894e-14,1
12061,D1_Guyan_R02,25,0,2,0,1,0,34054,37,0.996601467414223,1,0,6.13049725694241e-14,6.19281364004194e-14,1
12128,D1_Guyan_R02,26,0,2,0,1,0,34091,38,0.996603422036429,1,0,9.38555131625963e-14,9.34125189563071e-14,1
12195,D1_Guyan_R02,27,0,2,0,1,0,34129,39,0.996605364274169,1,0,9.25833567853254e-14,9.44477435764354e-14,1
12262,D1_Guyan_R02,28,0,2,0,1,0,34168,40,0.996607293540944,1,0,6.62619885870363e-14,6.51813082226012e-14,1
12329,D1_Guyan_R02,29,0,2,0,1,0,34208,41,0.996609209207938,1,0,9.00118542303473e-14,8.85950761595842e-14,1
12396,D1_Guyan_R02,30,0,6,0,1,1,34249,42,0.996611110601681,1,0,6.94084094567064e-14,6.95678206878236e-14,1
12397,D1_Guyan_R02,30,1,4,0,0,1,34291,43,0.996603275170225,1,0,8.651523686548e-13,8.65152542485486e-13,1
12398,D1_Guyan_R02,30,2,4,0,0,1,34334,44,0.996595331912333,1,0,7.33941490586212e-14,7.4988871289836e-14,1
12399,D1_Guyan_R02,30,3,4,0,0,1,34378,45,0.996587280401149,1,0,6.14532859114411e-14,5.98546377244315e-14,1
12400,D1_Guyan_R02,30,4,4,0,0,1,34423,46,0.996579120181647,1,0,8.54111540987702e-14,8.58087367857733e-14,1
12401,D1_Guyan_R02,30,5,4,0,0,1,34469,47,0.996570850770346,1,0,8.55661547094986e-14,8.52784557015939e-14,1
12402,D1_Guyan_R02,30,6,4,0,0,1,34516,48,0.996562471655223,1,0,1.91097744526882e-13,1.90596895637194e-13,1
12403,D1_Guyan_R02,30,7,4,0,0,1,34564,49,0.996553982295403,1,0,5.75910721713145e-14,5.66584764710956e-14,1
12404,D1_Guyan_R02,30,8,4,0,0,1,34613,50,0.996545382121018,1,0,9.60335781257808e-14,9.52775001049679e-14,1
12405,D1_Guyan_R02,30,9,4,0,0,1,34663,51,0.996536670532915,1,0,1.11957799872135e-13,1.11969438354457e-13,1
12406,D1_Guyan_R02,30,10,4,0,0,1,34714,52,0.996527846902509,1,0,7.25893222059849e-14,7.26790767274135e-14,1
12407,D1_Guyan_R02,30,11,4,0,0,1,34766,53,0.996518910571466,1,0,1.02527914751842e-13,1.02117906246247e-13,1
12408,D1_Guyan_R02,30,12,4,0,0,1,34819,54,0.996509860851491,1,0,1.18820739225817e-13,1.18991414851031e-13,1
12409,D1_Guyan_R02,30,13,4,0,0,1,34873,55,0.996500697024074,1,0,1.46643861143469e-13,1.46686347873067e-13,1
12410,D1_Guyan_R02,30,14,4,0,0,1,34928,56,0.996491418340213,1,0,1.46326827861724e-13,1.46298710419939e-13,1
12411,D1_Guyan_R02,30,15,4,0,0,1,34984,57,0.996482024020147,1,0,1.21424596928259e-13,1.21452248110007e-13,1
12412,D1_Guyan_R02,30,16,4,0,0,1,35041,58,0.996472513253073,1,0,6.99963894579505e-14,6.91950159568383e-14,1
12413,D1_Guyan_R02,30,17,4,0,0,1,35099,59,0.996462885196891,1,0,1.79923199314404e-13,1.7997637998024e-13,1
12414,D1_Guyan_R02,30,18,4,0,0,1,35158,60,0.996453138977876,1,0,1.49149888675377e-13,1.48927998021883e-13,1
12415,D1_Guyan_R02,30,19,4,0,0,1,35218,61,0.996443273690387,1,0,1.0631792131597e-13,1.06317169414164e-13,1
12416,D1_Guyan_R02,30,20,4,0,0,1,35279,62,0.996433288396604,1,0,2.83553572943298e-13,2.83562036706544e-13,1
12417,D1_Guyan_R02,30,21,4,0,0,1,35341,63,0.996423182126223,1,0,1.30049881262886e-13,1.29943499516182e-13,1
12418,D1_Guyan_R02,30,22,4,0,0,1,35404,64,0.996412953876064,1,0,1.81677834673832e-13,1.8170381507842e-13,1
12419,D1_Guyan_R02,30,23,4,0,0,1,35468,65,0.996402602609934,1,0,2.2939551218248e-13,2.29378730382813e-13,1
12420,D1_Guyan_R02,30,24,4,0,0,1,35533,66,0.996392127258114,1,0,1.45271969861194e-13,1.4525337663928e-13,1
12421,D1_Guyan_R02,30,25,4,0,0,1,35599,67,0.996381526717256,1,0,1.66841566358053e-13,1.66856184731835e-13,1
12422,D1_Guyan_R02,30,26,4,0,0,1,35666,68,0.996370799849987,1,0,1.42506551537187e-13,1.42542611737798e-13,1
12423,D1_Guyan_R02,30,27,4,0,0,1,35734,69,0.996359945484591,1,0,1.40177510923166e-13,1.40106843066015e-13,1
12424,D1_Guyan_R02,30,28,4,0,0,1,35803,70,0.996348962414815,1,0,1.2999240575645e-13,1.30015330264157e-13,1
12425,D1_Guyan_R02,30,29,4,0,0,1,35873,71,0.996337849399557,1,0,2.60264899888096e-13,2.6041343882986e-13,1
12426,D1_Guyan_R02,30,30,4,0,0,1,35944,72,0.996326605162568,1,0,5.107855434655e-13,5.10814444140205e-13,1
12427,D1_Guyan_R02,30,31,4,0,0,1,36016,73,0.996315228392321,1,0,3.27322977320166e-13,3.27080283113125e-13,1
12428,D1_Guyan_R02,30,32,4,0,0,1,36089,74,0.996303717741704,1,0,1.65405689884984e-13,1.65327546823212e-13,1
12429,D1_Guyan_R02,30,33,4,0,0,1,36163,75,0.996292071827865,1,0,1.45442110222162e-13,1.44834364550406e-13,1
12430,D1_Guyan_R02,30,34,4,0,0,1,36238,76,0.996280289232122,1,0,1.00859747015364e-13,1.01067744161173e-13,1
12431,D1_Guyan_R02,30,35,4,0,0,1,36314,77,0.99626836849975,1,0,9.39988677227654e-14,9.36472277315112e-14,1
12432,D1_Guyan_R02,30,36,4,0,0,1,36391,78,0.996256308139973,1,0,1.18531551390429e-13,1.1909357979895e-13,1
12433,D1_Guyan_R02,30,37,4,0,0,1,36469,79,0.996244106625956,1,0,1.00090250203294e-13,9.99610257685354e-14,1
12434,D1_Guyan_R02,30,38,4,0,0,1,36548,80,0.996231762394823,1,0,1.29305191702511e-13,1.29150032868573e-13,1
12435,D1_Guyan_R02,30,39,4,0,0,1,36628,81,0.99621927384778,1,0,1.4129981115082e-13,1.37785310703255e-13,1
12436,D1_Guyan_R02,30,40,4,0,0,1,36709,82,0.996206639350375,1,0,1.57954491961536e-13,1.57905573384645e-13,1
12437,D1_Guyan_R02,30,41,4,0,0,1,36791,83,0.996193857232639,1,0,8.16874337759052e-14,8.17825147500537e-14,1
12438,D1_Guyan_R02,30,42,4,0,0,1,36874,84,0.996180925789657,1,0,1.14871809405812e-13,1.14361101469524e-13,1
12439,D1_Guyan_R02,30,43,4,0,0,1,36958,85,0.996167843282036,1,0,1.77940319287264e-13,1.78100226327463e-13,1
12440,D1_Guyan_R02,30,44,4,0,0,1,37043,86,0.996154607936442,1,0,2.70715161876058e-13,2.70761019878832e-13,1
12441,D1_Guyan_R02,30,45,4,0,0,1,37129,87,0.996141217946666,1,0,2.2572873528505e-13,2.2583674537885e-13,1
12442,D1_Guyan_R02,30,46,4,0,0,1,37216,88,0.996127671474351,1,0,3.11192502708495e-13,3.1109233864655e-13,1
12443,D1_Guyan_R02,30,47,4,0,0,1,37304,89,0.996113966650447,1,0,3.14978496870365e-13,3.16022651598471e-13,1
12444,D1_Guyan_R02,30,48,4,0,0,1,37393,90,0.996100101576457,1,0,2.7483631819015e-13,2.75868395459307e-13,1
12445,D1_Guyan_R02,30,49,4,0,0,1,37483,91,0.996086074326287,1,0,2.7115321963223e-13,2.71999827641501e-13,1
12446,D1_Guyan_R02,30,50,4,0,0,1,37574,92,0.9960718829482,1,0,4.47278588859499e-13,4.47314225211383e-13,1
12447,D1_Guyan_R02,30,51,4,0,0,1,37666,93,0.996057525467152,1,0,2.65087631763625e-13,2.65037900501795e-13,1
12448,D1_Guyan_R02,30,52,4,0,0,1,37759,94,0.996042999887581,1,0,2.78564530306095e-13,2.79938739473225e-13,1
12449,D1_Guyan_R02,30,53,4,0,0,1,37853,95,0.996028304196589,1,0,3.26106819647459e-13,3.23380500029093e-13,1
12450,D1_Guyan_R02,30,54,4,0,0,1,37948,96,0.996013436367614,1,0,2.89991125672416e-13,2.8989326638361e-13,1
12451,D1_Guyan_R02,30,55,4,0,0,1,38044,97,0.995998394364716,1,0,4.06740772210282e-13,4.06726772073386e-13,1
12452,D1_Guyan_R02,30,56,4,0,0,1,38141,98,0.995983176147483,1,0,2.8153198613347e-13,2.82360879712836e-13,1
12453,D1_Guyan_R02,30,57,4,0,0,1,38239,99,0.995967779676705,1,0,4.5515133982228e-13,4.55147222532082e-13,1
12454,D1_Guyan_R02,30,58,4,0,0,1,38338,100,0.995952202920791,1,0,4.95502330235091e-13,4.95112044195171e-13,1
12455,D1_Guyan_R02,30,59,4,0,0,1,38438,101,0.99593644386333,1,0,2.26286885047152e-13,2.24553006307588e-13,1
12456,D1_Guyan_R02,30,60,4,0,0,1,38539,102,0.995920500511506,1,0,2.6019350114673e-13,2.60486386893646e-13,1
12457,D1_Guyan_R02,30,61,4,0,0,1,38641,103,0.995904370905908,1,0,3.09676633159854e-13,3.05288347421603e-13,1
12458,D1_Guyan_R02,30,62,4,0,0,1,38744,104,0.995888053131742,1,0,5.75620672328258e-13,5.75333295770815e-13,1
12459,D1_Guyan_R02,30,63,4,0,0,1,38848,105,0.995871545331497,1,0,4.68860527930532e-13,4.71230306447065e-13,1
12476,D1_Guyan_R03,0,13,1,1,0,0,38953,25,0.999838629376763,1,0,1.04351292449632e-14,1.11754455177909e-14,1
12477,D1_Guyan_R03,0,14,5,1,0,1,38978,26,0.999890537264003,1,0,1.55715699574001e-14,1.55253475811619e-14,1
12478,D1_Guyan_R03,0,15,5,1,0,1,39004,27,0.999942415972543,1,0,1.43142068800227e-14,1.40408839269968e-14,1
12479,D1_Guyan_R03,0,16,7,1,1,1,39031,28,0.999994248660245,1,0,1.88176756572655e-14,1.9602303815226e-14,1
12480,D1_Guyan_R03,0,17,5,1,0,1,39059,29,1.00004601844269,3,0,1.74653587953297e-14,1.78761016037716e-14,1
12481,D1_Guyan_R03,0,18,4,0,0,1,39088,30,1.00009770840694,3,0,2.45339683392732e-14,2.42686310650362e-14,1
12482,D1_Guyan_R03,0,19,4,0,0,1,39118,31,1.00014930162584,3,0,2.18725364502129e-14,2.1113635548202e-14,1
12483,D1_Guyan_R03,0,20,4,0,0,1,39149,32,1.00020078117277,3,0,2.81251588171239e-14,2.86123951375928e-14,1
12484,D1_Guyan_R03,0,21,4,0,0,1,39181,33,1.00025213013708,3,0,2.87070923193521e-14,2.81811645797141e-14,1
12485,D1_Guyan_R03,0,22,4,0,0,1,39214,34,1.00030333163982,3,0,2.65909421187411e-14,2.75684491448326e-14,1
12486,D1_Guyan_R03,0,23,4,0,0,1,39248,35,1.00035436885016,3,0,4.76834667387368e-14,4.72181096371911e-14,1
12487,D1_Guyan_R03,0,24,4,0,0,1,39283,36,1.00040522500217,3,0,2.51908717722414e-14,2.66450220563124e-14,1
12488,D1_Guyan_R03,0,25,4,0,0,1,39319,37,1.00045588341212,3,0,5.39157647326647e-14,5.50229057036966e-14,1
12489,D1_Guyan_R03,0,26,4,0,0,1,39356,38,1.00050632749614,3,0,3.83136183936881e-14,4.00073771301524e-14,1
12490,D1_Guyan_R03,0,27,4,0,0,1,39394,39,1.00055654078826,3,0,5.98511009958723e-14,5.88268955289122e-14,1
12491,D1_Guyan_R03,0,28,4,0,0,1,39433,40,1.00060650695889,3,0,4.10373009271461e-14,4.08528576796861e-14,1
12492,D1_Guyan_R03,0,29,4,0,0,1,39473,41,1.00065620983341,3,0,4.35717898788913e-14,4.35361721094897e-14,1
12493,D1_Guyan_R03,0,30,4,0,0,1,39514,42,1.00070563341116,3,0,5.62532842846977e-14,5.6152303753102e-14,1
12494,D1_Guyan_R03,0,31,4,0,0,1,39556,43,1.00075476188448,3,0,6.89710004613572e-14,7.02805989382868e-14,1
12495,D1_Guyan_R03,0,32,4,0,0,1,39599,44,1.00080357965787,3,0,1.11923072151273e-13,1.12490617998558e-13,1
12496,D1_Guyan_R03,0,33,4,0,0,1,39643,45,1.00085207136727,3,0,6.86772966072559e-14,6.96840494659828e-14,1
12497,D1_Guyan_R03,0,34,4,0,0,1,39688,46,1.00090022189918,3,0,1.05054038193182e-13,1.05388037818729e-13,1
12498,D1_Guyan_R03,0,35,4,0,0,1,39734,47,1.00094801640972,3,0,7.31925518899278e-14,7.52451899960557e-14,1
12499,D1_Guyan_R03,0,36,4,0,0,1,39781,48,1.00099544034349,3,0,6.43878498445767e-14,6.54279280332805e-14,1
12500,D1_Guyan_R03,0,37,4,0,0,1,39829,49,1.00104247945216,3,0,1.09126637841408e-13,1.07716287947502e-13,1
12501,D1_Guyan_R03,0,38,4,0,0,1,39878,50,1.00108911981264,3,0,1.22384701258134e-13,1.21784669722777e-13,1
12502,D1_Guyan_R03,0,39,4,0,0,1,39928,51,1.00113534784489,3,0,1.24759750893453e-13,1.24450432876718e-13,1
12503,D1_Guyan_R03,0,40,4,0,0,1,39979,52,1.00118115032913,3,0,7.87803338410151e-14,7.81882837623195e-14,1
12504,D1_Guyan_R03,0,41,4,0,0,1,40031,53,1.00122651442246,3,0,2.13291646716332e-13,2.11233561790979e-13,1
12505,D1_Guyan_R03,0,42,4,0,0,1,40084,54,1.00127142767482,3,0,6.56385893116449e-14,6.53449573933476e-14,1
12506,D1_Guyan_R03,0,43,4,0,0,1,40138,55,1.00131587804418,3,0,1.99215601444072e-13,1.96326465098413e-13,1
12507,D1_Guyan_R03,0,44,4,0,0,1,40193,56,1.00135985391081,3,0,7.05639191422295e-14,7.0776939863583e-14,1
12508,D1_Guyan_R03,0,45,4,0,0,1,40249,57,1.00140334409077,3,0,1.55562382461874e-13,1.54923501896468e-13,1
12509,D1_Guyan_R03,0,46,4,0,0,1,40306,58,1.00144633784837,3,0,1.31672521957511e-13,1.31110299623929e-13,1
12510,D1_Guyan_R03,0,47,4,0,0,1,40364,59,1.00148882490756,3,0,1.20216424069829e-13,1.2039797091733e-13,1
12511,D1_Guyan_R03,0,48,4,0,0,1,40423,60,1.00153079546234,3,0,2.09068078439152e-13,2.07713892672069e-13,1
12512,D1_Guyan_R03,0,49,4,0,0,1,40483,61,1.00157224018594,3,0,9.33695294769246e-14,9.19465056706078e-14,1
12513,D1_Guyan_R03,0,50,4,0,0,1,40544,62,1.00161315023892,3,0,1.61404769989452e-13,1.62067025006766e-13,1
12514,D1_Guyan_R03,0,51,4,0,0,1,40606,63,1.00165351727602,3,0,1.99047377061678e-13,1.99434719025318e-13,1
12515,D1_Guyan_R03,0,52,4,0,0,1,40669,64,1.00169333345184,3,0,1.20641694694609e-13,1.20550963002337e-13,1
12516,D1_Guyan_R03,0,53,4,0,0,1,40733,65,1.00173259142526,3,0,1.82546033424825e-13,1.79768242871385e-13,1
12517,D1_Guyan_R03,0,54,4,0,0,1,40798,66,1.00177128436259,3,0,1.40280397189728e-13,1.40733208741728e-13,1
12518,D1_Guyan_R03,0,55,4,0,0,1,40864,67,1.00180940593956,3,0,1.35664303933543e-13,1.35069113700925e-13,1
12519,D1_Guyan_R03,0,56,4,0,0,1,40931,68,1.00184695034198,3,0,1.38815276675968e-13,1.38979146793527e-13,1
12520,D1_Guyan_R03,0,57,4,0,0,1,40999,69,1.00188391226524,3,0,8.97984192594634e-14,8.85036447457852e-14,1
12521,D1_Guyan_R03,0,58,4,0,0,1,41068,70,1.0019202869126,3,0,1.73790163199959e-13,1.73804894539144e-13,1
12522,D1_Guyan_R03,0,59,4,0,0,1,41138,71,1.0019560699923,3,0,1.21970257388629e-13,1.24531752681437e-13,1
12523,D1_Guyan_R03,0,60,4,0,0,1,41209,72,1.0019912577135,3,0,1.63374436788728e-13,1.65381093278307e-13,1
12524,D1_Guyan_R03,0,61,4,0,0,1,41281,73,1.00202584678121,3,0,2.0736684801691e-13,2.07434821070159e-13,1
12525,D1_Guyan_R03,0,62,4,0,0,1,41354,74,1.00205983439006,3,0,2.66781937330027e-13,2.6711886543653e-13,1
12526,D1_Guyan_R03,0,63,4,0,0,1,41428,75,1.00209321821714,3,0,2.55646860072757e-13,2.56338115838202e-13,1
12527,D1_Guyan_R03,0,64,4,0,0,1,41503,76,1.00212599641384,3,0,1.24551055996419e-13,1.24898341543014e-13,1
12528,D1_Guyan_R03,0,65,4,0,0,1,41579,77,1.00215816759686,3,0,1.71486735198218e-13,1.71898639001142e-13,1
12529,D1_Guyan_R03,0,66,4,0,0,1,41656,78,1.00218973083831,3,0,1.29649638143139e-13,1.30163015062832e-13,1
12538,D1_Guyan_R03,1,8,1,1,0,0,41734,21,0.999582074170721,1,0,6.10884018718206e-14,6.10839140878924e-14,1
12539,D1_Guyan_R03,1,9,5,1,0,1,41755,22,0.999633882835334,1,0,5.83739130120215e-14,5.83705413491468e-14,1
12540,D1_Guyan_R03,1,10,5,1,0,1,41777,23,0.999685744300814,1,0,1.15317079176147e-13,1.15321285706141e-13,1
12541,D1_Guyan_R03,1,11,5,1,0,1,41800,24,0.999737642120055,1,0,5.45064724180689e-14,5.45086320840538e-14,1
12542,D1_Guyan_R03,1,12,5,1,0,1,41824,25,0.999789559744045,1,0,9.24325897402478e-15,9.20687586897874e-15,1
12543,D1_Guyan_R03,1,13,7,1,1,1,41849,26,1.00002298906903,3,0,3.20916174363311e-14,3.20852869995354e-14,1
12544,D1_Guyan_R03,1,14,1,1,0,0,41875,27,1.00022274931608,3,0,2.02961598633725e-13,2.02965298985622e-13,1
12545,D1_Guyan_R03,1,15,1,1,0,0,41902,28,1.00035044601212,3,0,5.49301985560002e-14,5.49244197164153e-14,1
12546,D1_Guyan_R03,1,16,1,1,0,0,41930,29,1.00040863066644,3,0,2.41197234334923e-14,2.36932426682841e-14,1
12602,D1_Guyan_R03,2,5,1,1,0,0,41959,19,0.999429942556903,1,0,3.19812405264264e-15,3.16434428226466e-15,1
12603,D1_Guyan_R03,2,6,5,1,0,1,41978,20,0.999481503845573,1,0,6.91373548067642e-15,6.91677317663413e-15,1
12604,D1_Guyan_R03,2,7,5,1,0,1,41998,21,0.999533165432256,1,0,7.43048300477999e-15,7.05283136420963e-15,1
12605,D1_Guyan_R03,2,8,7,1,1,1,42019,22,1.00002729581541,3,0,7.45653622700295e-15,7.44075849814206e-15,1
12606,D1_Guyan_R03,2,9,1,1,0,0,42041,23,1.00058022676294,3,0,1.28787047227342e-14,1.28733969950795e-14,1
12607,D1_Guyan_R03,2,10,1,1,0,0,42064,24,1.00106523124603,3,0,1.32305236802617e-14,1.32191732826442e-14,1
12608,D1_Guyan_R03,2,11,1,1,0,0,42088,25,1.00147814914131,3,0,5.61753476152956e-15,5.23823014752299e-15,1
12609,D1_Guyan_R03,2,12,1,1,0,0,42113,26,1.00181689161595,3,0,7.86957155183556e-15,7.80563371037348e-15,1
12666,D1_Guyan_R03,3,2,1,1,0,0,42139,17,0.999278802304209,1,0,7.2587285006386e-15,7.26352548571091e-15,1
12667,D1_Guyan_R03,3,3,5,1,0,1,42156,18,0.999329979458253,1,0,4.55176731224302e-15,4.62583369743077e-15,1
12668,D1_Guyan_R03,3,4,5,1,0,1,42174,19,0.999442302029956,1,0,2.14907038927787e-15,2.15010254810714e-15,1
12669,D1_Guyan_R03,3,5,7,1,1,1,42193,20,1.00017821990227,3,0,2.99767313032469e-15,2.93708566416996e-15,1
12670,D1_Guyan_R03,3,6,1,1,0,0,42213,21,1.0008831499475,3,0,5.41986225281498e-15,5.28782516995313e-15,1
12671,D1_Guyan_R03,3,7,1,1,0,0,42234,22,1.00154451584144,3,0,4.455581001093e-15,4.45986164480817e-15,1
12731,D1_Guyan_R03,4,0,1,1,0,0,42256,16,0.999179706674606,1,0,1.30240320550508e-15,1.30574998223479e-15,1
12732,D1_Guyan_R03,4,1,5,1,0,1,42272,17,0.999296471994201,1,0,4.78556276197847e-13,4.78556211648362e-13,1
12733,D1_Guyan_R03,4,2,7,1,1,1,42289,18,1.00004228118962,3,0,1.74461685611922e-14,1.74472052983932e-14,1
12734,D1_Guyan_R03,4,3,1,1,0,0,42307,19,1.00079791272407,3,0,5.54713782805858e-15,5.57045023485297e-15,1
12735,D1_Guyan_R03,4,4,1,1,0,0,42326,20,1.00154892327122,3,0,2.97760980870561e-15,2.99161793402029e-15,1
12798,D1_Guyan_R03,5,0,7,1,1,1,42346,17,1.00058499137904,3,0,2.65694226433999e-15,2.43876556080606e-15,1
12799,D1_Guyan_R03,5,1,1,1,0,0,42363,18,1.00130890092386,3,0,5.39395673830224e-13,5.39395525457243e-13,1
12904,D1_Guyan_R03,6,39,2,0,1,0,42381,57,1.00115029950186,3,0,1.18636549128734e-13,1.17885530278384e-13,1
12974,D1_Guyan_R03,7,42,2,0,1,0,42438,61,1.00128832783131,3,0,9.72872576453193e-14,9.92365561728612e-14,1
13046,D1_Guyan_R03,8,47,2,0,1,0,42499,67,1.00167090463946,3,0,1.06721316477257e-13,1.05682152479744e-13,1
13114,D1_Guyan_R03,9,48,2,0,1,0,42566,69,1.00348660300319,3,0,1.17704036818061e-13,1.17802542938821e-13,1
13182,D1_Guyan_R03,10,49,2,0,1,0,42635,71,1.00499133660983,3,0,1.43607874295257e-13,1.43292462458929e-13,1
13250,D1_Guyan_R03,11,50,2,0,1,0,42706,73,1.00620524576796,3,0,1.8342237067269e-13,1.81492159541107e-13,1
13318,D1_Guyan_R03,12,51,2,0,1,0,42779,75,1.00715325169503,3,0,1.9192969562081e-13,1.9280329754149e-13,1
13386,D1_Guyan_R03,13,52,2,0,1,0,42854,77,1.00786071790194,3,0,1.41081652469965e-13,1.40919229096276e-13,1
13454,D1_Guyan_R03,14,53,2,0,1,0,42931,79,1.00835119561114,3,0,1.11919531614965e-13,1.12017709379323e-13,1
13522,D1_Guyan_R03,15,54,2,0,1,0,43010,81,1.00864529063931,3,0,2.6585098163857e-13,2.66047050642769e-13,1
13590,D1_Guyan_R03,16,55,2,0,1,0,43091,83,1.00876010325432,3,0,1.16886972271723e-13,1.17841231288867e-13,1
13658,D1_Guyan_R03,17,56,2,0,1,0,43174,85,1.00870891559884,3,0,2.97559213032903e-13,2.97589439080581e-13,1
13726,D1_Guyan_R03,18,57,2,0,1,0,43259,87,1.00850091765281,3,0,1.57025509481437e-13,1.58438674634205e-13,1
13794,D1_Guyan_R03,19,58,2,0,1,0,43346,89,1.00814081694221,3,0,1.83313457671303e-13,1.85085314155471e-13,1
13862,D1_Guyan_R03,20,59,2,0,1,0,43435,91,1.007628197455,3,0,1.61886454516447e-13,1.6314965672222e-13,1
13930,D1_Guyan_R03,21,60,2,0,1,0,43526,93,1.00695651834324,3,0,1.55849498722254e-13,1.55643714536144e-13,1
13998,D1_Guyan_R03,22,61,2,0,1,0,43619,95,1.00611179782375,3,0,1.44313435473126e-13,1.44065475249161e-13,1
14066,D1_Guyan_R03,23,62,2,0,1,0,43714,97,1.00507180313876,3,0,1.53890050950067e-13,1.56779113773122e-13,1
14134,D1_Guyan_R03,24,63,2,0,1,0,43811,99,1.00380982109278,3,0,1.66280577408012e-13,1.65440836091999e-13,1
14201,D1_Guyan_R03,25,63,2,0,1,0,43910,100,1.00230643542531,3,0,2.6143391752936e-13,2.60238930598899e-13,1
14267,D1_Guyan_R03,26,62,2,0,1,0,44010,100,1.00226495505151,3,0,1.58718437761481e-13,1.58726461026432e-13,1
14332,D1_Guyan_R03,27,60,2,0,1,0,44110,99,1.0025318486419,3,0,2.159946553863e-13,2.15948211915652e-13,1
14398,D1_Guyan_R03,28,59,2,0,1,0,44209,99,1.00286551328777,3,0,1.58374070390707e-13,1.58458353741983e-13,1
14464,D1_Guyan_R03,29,58,2,0,1,0,44308,99,1.00333585177692,3,0,2.05382535853858e-13,2.05328624457741e-13,1
14530,D1_Guyan_R03,30,57,2,0,1,0,44407,99,1.00387283888517,3,0,1.69951105244932e-13,1.71812575929064e-13,1
14540,D1_Guyan_R04,0,0,4,0,0,1,44506,12,0.993724255184768,1,0,6.08944975803458e-16,1.44278978302577e-16,1
14541,D1_Guyan_R04,0,1,4,0,0,1,44518,13,0.993696650380748,1,0,3.58137038536741e-14,3.58750959488376e-14,1
14542,D1_Guyan_R04,0,2,4,0,0,1,44531,14,0.993669226992791,1,0,3.90560904279799e-15,3.89139101929009e-15,1
14543,D1_Guyan_R04,0,3,4,0,0,1,44545,15,0.993642029723428,1,0,1.94830050329852e-15,2.14881276133428e-15,1
14544,D1_Guyan_R04,0,4,4,0,0,1,44560,16,0.993615105778583,1,0,1.05213085339496e-15,1.09534631246208e-15,1
14545,D1_Guyan_R04,0,5,4,0,0,1,44576,17,0.993588505021197,1,0,1.60139800268619e-15,1.50139452951364e-15,1
14546,D1_Guyan_R04,0,6,4,0,0,1,44593,18,0.993562280124686,1,0,2.14779797050608e-15,1.90534533393415e-15,1
14547,D1_Guyan_R04,0,7,4,0,0,1,44611,19,0.993536486724302,1,0,2.24520909967243e-15,2.14994695153401e-15,1
14548,D1_Guyan_R04,0,8,4,0,0,1,44630,20,0.993511183564046,1,0,8.18979371521347e-15,7.78983644692855e-15,1
14549,D1_Guyan_R04,0,9,4,0,0,1,44650,21,0.993486432636239,1,0,5.6392040372482e-15,5.65563909761317e-15,1
14550,D1_Guyan_R04,0,10,4,0,0,1,44671,22,0.993462299310274,1,0,7.91446126386759e-15,8.22000404769335e-15,1
14551,D1_Guyan_R04,0,11,4,0,0,1,44693,23,0.993438852446526,1,0,1.14496562336185e-14,1.15777985263064e-14,1
14552,D1_Guyan_R04,0,12,4,0,0,1,44716,24,0.993416164490516,1,0,1.27603552735354e-14,1.29152102325786e-14,1
14553,D1_Guyan_R04,0,13,4,0,0,1,44740,25,0.993394311541759,1,0,1.02629861764621e-14,1.03900188865665e-14,1
14554,D1_Guyan_R04,0,14,4,0,0,1,44765,26,0.993373373390911,1,0,2.37994758892424e-14,2.46194534447803e-14,1
14555,D1_Guyan_R04,0,15,4,0,0,1,44791,27,0.99335343351781,1,0,1.04883940779589e-14,1.00423514711317e-14,1
14556,D1_Guyan_R04,0,16,4,0,0,1,44818,28,0.993334579042294,1,0,1.31003635817584e-14,1.2413142422739e-14,1
14557,D1_Guyan_R04,0,17,4,0,0,1,44846,29,0.993316900618592,1,0,1.0892016907298e-14,1.13449490745399e-14,1
14558,D1_Guyan_R04,0,18,4,0,0,1,44875,30,0.993300492263461,1,0,1.9797440044346e-14,2.07088821312402e-14,1
14559,D1_Guyan_R04,0,19,4,0,0,1,44905,31,0.993285451107482,1,0,2.71502330015317e-14,2.63382115015719e-14,1
14560,D1_Guyan_R04,0,20,4,0,0,1,44936,32,0.993271877058346,1,0,3.75605214822118e-14,3.81908368184253e-14,1
14561,D1_Guyan_R04,0,21,4,0,0,1,44968,33,0.993259872364943,1,0,2.32361436881125e-14,2.33765972947887e-14,1
14562,D1_Guyan_R04,0,22,4,0,0,1,45001,34,0.993249541071166,1,0,4.45505480796983e-14,4.3836648618331e-14,1
14563,D1_Guyan_R04,0,23,4,0,0,1,45035,35,0.993240988349051,1,0,2.48764477516988e-14,2.39018790203458e-14,1
14564,D1_Guyan_R04,0,24,4,0,0,1,45070,36,0.993234319702476,1,0,3.43287103216622e-14,3.39873936937007e-14,1
14565,D1_Guyan_R04,0,25,4,0,0,1,45106,37,0.993229640034484,1,0,3.83485658283613e-14,3.6808025468941e-14,1
14566,D1_Guyan_R04,0,26,4,0,0,1,45143,38,0.993227052574678,1,0,4.18447110658625e-14,4.21164116066724e-14,1
14567,D1_Guyan_R04,0,27,4,0,0,1,45181,39,0.993226657667092,1,0,3.61933013065164e-14,3.71663693414241e-14,1
14568,D1_Guyan_R04,0,28,4,0,0,1,45220,40,0.99322855142398,1,0,3.33949260206342e-14,3.17642744928924e-14,1
14569,D1_Guyan_R04,0,29,4,0,0,1,45260,41,0.993232824257249,1,0,5.66687031811077e-14,5.70106196261178e-14,1
14570,D1_Guyan_R04,0,30,4,0,0,1,45301,42,0.993239559306069,1,0,8.03782857342338e-14,8.03028670722486e-14,1
14571,D1_Guyan_R04,0,31,4,0,0,1,45343,43,0.993248830787094,1,0,5.12534265429528e-14,5.19153058333687e-14,1
14572,D1_Guyan_R04,0,32,4,0,0,1,45386,44,0.993260702301482,1,0,4.13550456756627e-14,4.1374881769724e-14,1
14573,D1_Guyan_R04,0,33,4,0,0,1,45430,45,0.993275225140826,1,0,1.07987984819907e-13,1.0605252812301e-13,1
14574,D1_Guyan_R04,0,34,4,0,0,1,45475,46,0.993292436641153,1,0,4.74750108924951e-14,4.71979457283698e-14,1
14575,D1_Guyan_R04,0,35,4,0,0,1,45521,47,0.993312358639697,1,0,7.8835334666092e-14,7.8402067287083e-14,1
14576,D1_Guyan_R04,0,36,4,0,0,1,45568,48,0.993334996092535,1,0,1.63353105685745e-13,1.63269754839776e-13,1
14577,D1_Guyan_R04,0,37,4,0,0,1,45616,49,0.993360335912032,1,0,4.05215660031241e-14,3.96873902438205e-14,1
14578,D1_Guyan_R04,0,38,4,0,0,1,45665,50,0.993388346080189,1,0,1.80035897751285e-13,1.79946301610643e-13,1
14579,D1_Guyan_R04,0,39,4,0,0,1,45715,51,0.993418975087885,1,0,6.61614806427028e-14,6.3513245192747e-14,1
14580,D1_Guyan_R04,0,40,4,0,0,1,45766,52,0.99345215174026,1,0,9.25670387935752e-14,9.23105279452916e-14,1
14581,D1_Guyan_R04,0,41,4,0,0,1,45818,53,0.993487785355192,1,0,5.56641699610827e-14,5.51883706137238e-14,1
14582,D1_Guyan_R04,0,42,4,0,0,1,45871,54,0.993525766366607,1,0,1.05010219409151e-13,1.04571845706219e-13,1
14583,D1_Guyan_R04,0,43,4,0,0,1,45925,55,0.993565967326947,1,0,9.42782149831094e-14,9.55529846909104e-14,1
14584,D1_Guyan_R04,0,44,4,0,0,1,45980,56,0.993608244285934,1,0,1.33263438852536e-13,1.33030191197531e-13,1
14585,D1_Guyan_R04,0,45,4,0,0,1,46036,57,0.993652438506068,1,0,1.73627148691756e-13,1.74321744333839e-13,1
14586,D1_Guyan_R04,0,46,4,0,0,1,46093,58,0.99369837846126,1,0,1.40493948853229e-13,1.40167743010397e-13,1
14587,D1_Guyan_R04,0,47,4,0,0,1,46151,59,0.993745882053883,1,0,1.53765487787173e-13,1.52184107442699e-13,1
14588,D1_Guyan_R04,0,48,4,0,0,1,46210,60,0.993794758978366,1,0,2.05035315713569e-13,2.05010758859372e-13,1
14589,D1_Guyan_R04,0,49,4,0,0,1,46270,61,0.99384481315683,1,0,1.6525869711566e-13,1.64741671845312e-13,1
14590,D1_Guyan_R04,0,50,4,0,0,1,46331,62,0.993895845173588,1,0,1.6973695003649e-13,1.68080248934327e-13,1
14591,D1_Guyan_R04,0,51,4,0,0,1,46393,63,0.993947654640402,1,0,1.46825069630037e-13,1.45771289975564e-13,1
14592,D1_Guyan_R04,0,52,4,0,0,1,46456,64,0.994000042432972,1,0,1.12824098129395e-13,1.13078004381157e-13,1
14593,D1_Guyan_R04,0,53,4,0,0,1,46520,65,0.994052812749226,1,0,1.61741538648341e-13,1.6286804237894e-13,1
14594,D1_Guyan_R04,0,54,4,0,0,1,46585,66,0.994105774952032,1,0,8.03324155172138e-14,8.098221810931e-14,1
14595,D1_Guyan_R04,0,55,4,0,0,1,46651,67,0.994158745170717,1,0,9.32254042146574e-14,9.40427440056661e-14,1
14596,D1_Guyan_R04,0,56,4,0,0,1,46718,68,0.994211547647579,1,0,3.04736750381418e-13,3.04060114977445e-13,1
14597,D1_Guyan_R04,0,57,4,0,0,1,46786,69,0.994264015825969,1,0,1.60439625928825e-13,1.62080169641167e-13,1
14598,D1_Guyan_R04,0,58,4,0,0,1,46855,70,0.994315993185703,1,0,1.64896971853314e-13,1.65497916077439e-13,1
14599,D1_Guyan_R04,0,59,4,0,0,1,46925,71,0.994367333838675,1,0,3.54577247967076e-13,3.59526039465371e-13,1
14600,D1_Guyan_R04,0,60,4,0,0,1,46996,72,0.994417902903188,1,0,1.94088445686894e-13,1.93818625745257e-13,1
14601,D1_Guyan_R04,0,61,4,0,0,1,47068,73,0.994467576679205,1,0,2.13318061910316e-13,2.1115018171284e-13,1
14602,D1_Guyan_R04,0,62,4,0,0,1,47141,74,0.99451624264896,1,0,2.10704148648909e-13,2.10514539360104e-13,1
14603,D1_Guyan_R04,0,63,4,0,0,1,47215,75,0.994563799328072,1,0,2.14664761665401e-13,2.1650806744926e-13,1
14604,D1_Guyan_R04,0,64,4,0,0,1,47290,76,0.994610155992282,1,0,1.11646332157906e-13,1.11873746940499e-13,1
14605,D1_Guyan_R04,0,65,4,0,0,1,47366,77,0.994655232303551,1,0,1.90218359764237e-13,1.88837338172779e-13,1
14606,D1_Guyan_R04,0,66,6,0,1,1,47443,78,0.994698957857732,1,0,1.66175589678592e-13,1.67776570378429e-13,1
14673,D1_Guyan_R04,1,66,2,0,1,0,47521,79,0.994683021052752,1,0,1.70408431897428e-13,1.7186573309258e-13,1
14740,D1_Guyan_R04,2,66,2,0,1,0,47600,80,0.994666989771177,1,0,1.19317769643719e-13,1.19502782548043e-13,1
14807,D1_Guyan_R04,3,66,2,0,1,0,47680,81,0.994650882928732,1,0,3.07988920297273e-13,3.07819142156419e-13,1
14874,D1_Guyan_R04,4,66,2,0,1,0,47761,82,0.994634722422551,1,0,1.66983978429122e-13,1.66639723728932e-13,1
14941,D1_Guyan_R04,5,66,2,0,1,0,47843,83,0.994618533512277,1,0,2.22533418168784e-13,2.17580661208107e-13,1
15008,D1_Guyan_R04,6,66,2,0,1,0,47926,84,0.994602345240535,1,0,1.23246369350134e-13,1.23112596860916e-13,1
15075,D1_Guyan_R04,7,66,2,0,1,0,48010,85,0.994586190894758,1,0,2.43972568454672e-13,2.42681641563965e-13,1
15142,D1_Guyan_R04,8,66,2,0,1,0,48095,86,0.994570108511836,1,0,2.95507607795491e-13,2.95517743242047e-13,1
15209,D1_Guyan_R04,9,66,2,0,1,0,48181,87,0.99455414142619,1,0,3.34484119719466e-13,3.34103907101384e-13,1
15276,D1_Guyan_R04,10,66,2,0,1,0,48268,88,0.994538338860312,1,0,2.65932097463002e-13,2.6690325060892e-13,1
15343,D1_Guyan_R04,11,66,2,0,1,0,48356,89,0.994522756554768,1,0,1.42176018404753e-13,1.42421227315227e-13,1
15410,D1_Guyan_R04,12,66,2,0,1,0,48445,90,0.994507457432555,1,0,1.52328947247674e-13,1.56180897904759e-13,1
15477,D1_Guyan_R04,13,66,2,0,1,0,48535,91,0.994492512288638,1,0,3.22864039817517e-13,3.22732285907715e-13,1
15544,D1_Guyan_R04,14,66,2,0,1,0,48626,92,0.994478000491386,1,0,3.62870413252088e-13,3.65196093417899e-13,1
15611,D1_Guyan_R04,15,66,2,0,1,0,48718,93,0.994464010676832,1,0,1.39439721637697e-13,1.42175912088006e-13,1
15678,D1_Guyan_R04,16,66,2,0,1,0,48811,94,0.994450641409497,1,0,1.66691619159685e-13,1.65152447541614e-13,1
15745,D1_Guyan_R04,17,66,2,0,1,0,48905,95,0.994438001775253,1,0,1.71802888789441e-13,1.67922389355307e-13,1
15812,D1_Guyan_R04,18,66,2,0,1,0,49000,96,0.994426211861315,1,0,1.38049283374228e-13,1.36137937576178e-13,1
15879,D1_Guyan_R04,19,66,2,0,1,0,49096,97,0.994415403067175,1,0,2.919375121244e-13,2.91530917260013e-13,1
15946,D1_Guyan_R04,20,66,2,0,1,0,49193,98,0.994405718177835,1,0,1.65117276578865e-13,1.64248308022994e-13,1
16013,D1_Guyan_R04,21,66,2,0,1,0,49291,99,0.994397311117948,1,0,1.0824117409834e-13,1.08243986746517e-13,1
16080,D1_Guyan_R04,22,66,2,0,1,0,49390,100,0.994390346293611,1,0,2.88012443269589e-13,2.87478797829719e-13,1
16147,D1_Guyan_R04,23,66,2,0,1,0,49490,101,0.994384997419898,1,0,2.73700995969365e-13,2.74005561487596e-13,1
16214,D1_Guyan_R04,24,66,2,0,1,0,49591,102,0.994381445727983,1,0,2.75706163893147e-13,2.75297350217366e-13,1
16281,D1_Guyan_R04,25,66,2,0,1,0,49693,103,0.994379877450562,1,0,1.29331609148908e-13,1.28974063325243e-13,1
16348,D1_Guyan_R04,26,66,2,0,1,0,49796,104,0.994380480500982,1,0,2.38172623508647e-13,2.37989782871827e-13,1
16415,D1_Guyan_R04,27,66,2,0,1,0,49900,105,0.994383440292756,1,0,1.23449104488764e-13,1.23292007321174e-13,1
16482,D1_Guyan_R04,28,66,2,0,1,0,50005,106,0.994388934697375,1,0,9.63396929277348e-14,9.62010696562769e-14,1
16549,D1_Guyan_R04,29,66,2,0,1,0,50111,107,0.994397128207433,1,0,1.46255832263314e-13,1.46869266767475e-13,1
16616,D1_Guyan_R04,30,66,2,0,1,0,50218,108,0.994408165460144,1,0,1.4710973978942e-13,1.47165914162437e-13,1
16633,D1_Craig_Bampton_R01,0,16,7,1,1,1,50326,34,0.999997887091341,1,0,4.99097261948833e-15,4.98834179987215e-15,1
16634,D1_Craig_Bampton_R01,0,17,5,1,0,1,50360,35,1.00001076284125,3,0,3.3886754174608e-15,3.4117704785224e-15,1
16635,D1_Craig_Bampton_R01,0,18,4,0,0,1,50395,36,1.00002363376629,3,0,3.09761595389537e-15,3.09723812994447e-15,1
16636,D1_Craig_Bampton_R01,0,19,4,0,0,1,50431,37,1.00003649884559,3,0,2.53385650386348e-15,2.52986697723119e-15,1
16637,D1_Craig_Bampton_R01,0,20,4,0,0,1,50468,38,1.00004935705813,3,0,4.71229493375498e-15,4.7052440174758e-15,1
16638,D1_Craig_Bampton_R01,0,21,4,0,0,1,50506,39,1.00010459966253,3,0,4.12821635558331e-15,4.14382420335898e-15,1
16639,D1_Craig_Bampton_R01,0,22,4,0,0,1,50545,40,1.0001765943144,3,0,3.6607224481657e-15,3.62781964964024e-15,1
16640,D1_Craig_Bampton_R01,0,23,4,0,0,1,50585,41,1.00024239345531,3,0,5.27734364556681e-15,5.28377186779305e-15,1
16641,D1_Craig_Bampton_R01,0,24,4,0,0,1,50626,42,1.00030185756971,3,0,3.30078534400047e-15,3.22345932911095e-15,1
16642,D1_Craig_Bampton_R01,0,25,4,0,0,1,50668,43,1.00035487432699,3,0,4.44552809824771e-15,4.46087434374504e-15,1
16643,D1_Craig_Bampton_R01,0,26,4,0,0,1,50711,44,1.00040135773159,3,0,4.42462622415143e-15,4.38556917110189e-15,1
16644,D1_Craig_Bampton_R01,0,27,4,0,0,1,50755,45,1.00044124697478,3,0,5.71063480752758e-15,5.7315761827184e-15,1
16645,D1_Craig_Bampton_R01,0,28,4,0,0,1,50800,46,1.00047450503176,3,0,3.92031500914149e-15,3.9256057757658e-15,1
16646,D1_Craig_Bampton_R01,0,29,4,0,0,1,50846,47,1.00050111705201,3,0,5.76794864318117e-15,5.71575299231002e-15,1
16647,D1_Craig_Bampton_R01,0,30,4,0,0,1,50893,48,1.00052108859125,3,0,6.09774474144319e-15,6.12125425709195e-15,1
16648,D1_Craig_Bampton_R01,0,31,4,0,0,1,50941,49,1.00053444373268,3,0,4.63958147965095e-15,4.72376894025064e-15,1
16649,D1_Craig_Bampton_R01,0,32,4,0,0,1,50990,50,1.00054122314205,3,0,8.29848425963794e-15,8.24793237504733e-15,1
16650,D1_Craig_Bampton_R01,0,33,4,0,0,1,51040,51,1.00054148209726,3,0,9.43762763129403e-15,9.39509744206146e-15,1
16651,D1_Craig_Bampton_R01,0,34,4,0,0,1,51091,52,1.00053528852821,3,0,6.01359825117988e-15,6.047472951502e-15,1
16652,D1_Craig_Bampton_R01,0,35,4,0,0,1,51143,53,1.00052272109681,3,0,7.15945293052472e-15,7.12993030106245e-15,1
16653,D1_Craig_Bampton_R01,0,36,4,0,0,1,51196,54,1.00050386734212,3,0,1.18318155308351e-14,1.18243331909279e-14,1
16654,D1_Craig_Bampton_R01,0,37,4,0,0,1,51250,55,1.00047882190869,3,0,1.27407251582689e-14,1.2806269719707e-14,1
16655,D1_Craig_Bampton_R01,0,38,4,0,0,1,51305,56,1.00044768487336,3,0,8.94376370349345e-15,8.94298941998819e-15,1
16656,D1_Craig_Bampton_R01,0,39,4,0,0,1,51361,57,1.00041056017786,3,0,1.26151253793411e-14,1.26517198590091e-14,1
16657,D1_Craig_Bampton_R01,0,40,4,0,0,1,51418,58,1.00036755417354,3,0,1.26757724822407e-14,1.26463079578328e-14,1
16658,D1_Craig_Bampton_R01,0,41,4,0,0,1,51476,59,1.00031877427881,3,0,1.5273805862864e-14,1.52196396604456e-14,1
16659,D1_Craig_Bampton_R01,0,42,4,0,0,1,51535,60,1.00032844501811,3,0,1.10750512413329e-14,1.1147765235619e-14,1
16660,D1_Craig_Bampton_R01,0,43,4,0,0,1,51595,61,1.00034086613047,3,0,1.43962573669126e-14,1.44163742026521e-14,1
16661,D1_Craig_Bampton_R01,0,44,4,0,0,1,51656,62,1.00035325635188,3,0,2.05031299487042e-14,2.05062348734971e-14,1
16662,D1_Craig_Bampton_R01,0,45,4,0,0,1,51718,63,1.0003656147247,3,0,1.77909166006333e-14,1.77988073011397e-14,1
16663,D1_Craig_Bampton_R01,0,46,4,0,0,1,51781,64,1.00037794029674,3,0,9.72575585488863e-15,9.79066735575094e-15,1
16664,D1_Craig_Bampton_R01,0,47,4,0,0,1,51845,65,1.00039023212152,3,0,1.18746814038391e-14,1.20322582329066e-14,1
16665,D1_Craig_Bampton_R01,0,48,4,0,0,1,51910,66,1.00040248925848,3,0,2.52825055836903e-14,2.55118226433277e-14,1
16666,D1_Craig_Bampton_R01,0,49,4,0,0,1,51976,67,1.00041471077325,3,0,1.90417602185448e-14,1.88799861155659e-14,1
16667,D1_Craig_Bampton_R01,0,50,4,0,0,1,52043,68,1.00042689573787,3,0,1.58081209610013e-14,1.58276831733924e-14,1
16668,D1_Craig_Bampton_R01,0,51,4,0,0,1,52111,69,1.00043904323103,3,0,9.10479418354584e-15,9.07562395867104e-15,1
16669,D1_Craig_Bampton_R01,0,52,4,0,0,1,52180,70,1.00045115233834,3,0,9.08318838144297e-15,9.03489595596253e-15,1
16670,D1_Craig_Bampton_R01,0,53,4,0,0,1,52250,71,1.00046322215254,3,0,1.4972842071152e-14,1.49445620547418e-14,1
16671,D1_Craig_Bampton_R01,0,54,4,0,0,1,52321,72,1.00047525177376,3,0,2.01080514851176e-14,2.01826949853526e-14,1
16672,D1_Craig_Bampton_R01,0,55,4,0,0,1,52393,73,1.00048724030975,3,0,1.69197473562635e-14,1.71437482107624e-14,1
16673,D1_Craig_Bampton_R01,0,56,4,0,0,1,52466,74,1.00049918687614,3,0,1.87890636127361e-14,1.86768833992332e-14,1
16674,D1_Craig_Bampton_R01,0,57,4,0,0,1,52540,75,1.00051109059665,3,0,1.36359092402719e-14,1.36966071497166e-14,1
16675,D1_Craig_Bampton_R01,0,58,4,0,0,1,52615,76,1.00052295060335,3,0,1.99342762574949e-14,2.00231986117622e-14,1
16676,D1_Craig_Bampton_R01,0,59,4,0,0,1,52691,77,1.0005347660369,3,0,1.25881183796424e-14,1.26292494265146e-14,1
16677,D1_Craig_Bampton_R01,0,60,4,0,0,1,52768,78,1.00054653604678,3,0,1.5291311806298e-14,1.51937879500657e-14,1
16678,D1_Craig_Bampton_R01,0,61,4,0,0,1,52846,79,1.0005582597915,3,0,1.24204443346849e-14,1.23642368741299e-14,1
16679,D1_Craig_Bampton_R01,0,62,4,0,0,1,52925,80,1.00056993643887,3,0,2.24995287726803e-14,2.25028996387328e-14,1
16680,D1_Craig_Bampton_R01,0,63,4,0,0,1,53005,81,1.00058156516621,3,0,1.86850956090126e-14,1.87134205811904e-14,1
16681,D1_Craig_Bampton_R01,0,64,4,0,0,1,53086,82,1.00059314516058,3,0,1.36190356314999e-14,1.36886448527395e-14,1
16682,D1_Craig_Bampton_R01,0,65,4,0,0,1,53168,83,1.00060467561901,3,0,3.46360242309461e-14,3.46524791764905e-14,1
16683,D1_Craig_Bampton_R01,0,66,4,0,0,1,53251,84,1.0006161557487,3,0,9.1105160148602e-15,9.00389500910036e-15,1
16696,D1_Craig_Bampton_R01,1,12,1,1,0,0,53335,31,0.999947047015887,1,0,5.60346424178125e-13,5.6034629786305e-13,1
16697,D1_Craig_Bampton_R01,1,13,5,1,0,1,53366,32,0.999959931919534,1,0,1.03318248103544e-13,1.03317808923324e-13,1
16698,D1_Craig_Bampton_R01,1,14,5,1,0,1,53398,33,0.999972816008718,1,0,9.95193710124684e-13,9.95193556544888e-13,1
16699,D1_Craig_Bampton_R01,1,15,7,1,1,1,53431,34,0.999985698264944,1,0,3.00625416841085e-12,3.00625381772445e-12,1
16700,D1_Craig_Bampton_R01,1,16,1,1,0,0,53465,35,1.00007021427906,3,0,1.74570858616072e-12,1.74570860350791e-12,1
16760,D1_Craig_Bampton_R01,2,9,1,1,0,0,53500,29,0.999909087788377,1,0,1.54346816756981e-14,1.54376697492075e-14,1
16761,D1_Craig_Bampton_R01,2,10,5,1,0,1,53529,30,0.999921969293005,1,0,1.12570164931691e-13,1.12565278043289e-13,1
16762,D1_Craig_Bampton_R01,2,11,5,1,0,1,53559,31,0.999934852963819,1,0,4.21082996192488e-14,4.21181635186723e-14,1
16763,D1_Craig_Bampton_R01,2,12,7,1,1,1,53590,32,1.00003844989798,3,0,8.74711059919678e-15,8.74777902194529e-15,1
16764,D1_Craig_Bampton_R01,2,13,1,1,0,0,53622,33,1.00015672095686,3,0,3.65856697017124e-14,3.66038106297833e-14,1
16765,D1_Craig_Bampton_R01,2,14,1,1,0,0,53655,34,1.00027128736361,3,0,3.2234173218568e-14,3.2236071749257e-14,1
16766,D1_Craig_Bampton_R01,2,15,1,1,0,0,53689,35,1.00038177558643,3,0,3.46300481552129e-14,3.46292317588019e-14,1
16824,D1_Craig_Bampton_R01,3,6,1,1,0,0,53724,27,0.999871155447149,1,0,8.1822024624273e-15,8.18029594622289e-15,1
16825,D1_Craig_Bampton_R01,3,7,5,1,0,1,53751,28,0.999884024839715,1,0,7.68515060128804e-15,7.69640669283425e-15,1
16826,D1_Craig_Bampton_R01,3,8,7,1,1,1,53779,29,0.999952098346863,1,0,1.995527750397e-14,1.99534495956104e-14,1
16827,D1_Craig_Bampton_R01,3,9,5,1,0,1,53808,30,1.00008179061404,3,0,3.6586792963133e-14,3.65833911212826e-14,1
16828,D1_Craig_Bampton_R01,3,10,1,1,0,0,53838,31,1.00020945017744,3,0,3.95755900481118e-14,3.95862049402942e-14,1
16829,D1_Craig_Bampton_R01,3,11,1,1,0,0,53869,32,1.00033464831356,3,0,2.11190566623485e-14,2.11200851067332e-14,1
16888,D1_Craig_Bampton_R01,4,3,1,1,0,0,53901,25,0.999833275457702,1,0,2.1630658829298e-15,2.16393388747169e-15,1
16889,D1_Craig_Bampton_R01,4,4,5,1,0,1,53926,26,0.999846124071883,1,0,7.28998998357303e-15,7.28851428840892e-15,1
16890,D1_Craig_Bampton_R01,4,5,7,1,1,1,53952,27,0.999970415814196,1,0,4.8956364749876e-14,4.89683041826524e-14,1
16891,D1_Craig_Bampton_R01,4,6,5,1,0,1,53979,28,1.00010418230582,3,0,9.27492115082607e-15,9.29190866015628e-15,1
16892,D1_Craig_Bampton_R01,4,7,1,1,0,0,54007,29,1.00023727323773,3,0,7.92734705970588e-15,7.90604859509695e-15,1
16893,D1_Craig_Bampton_R01,4,8,1,1,0,0,54036,30,1.00036924742059,3,0,1.35211536089545e-14,1.35323549615604e-14,1
16952,D1_Craig_Bampton_R01,5,0,1,1,0,0,54066,23,0.999795473126838,1,0,4.65351086205187e-16,4.38376412410425e-16,1
16953,D1_Craig_Bampton_R01,5,1,5,1,0,1,54089,24,0.999849379966799,1,0,2.6966053169075e-13,2.69660521700724e-13,1
16954,D1_Craig_Bampton_R01,5,2,7,1,1,1,54113,25,0.999981992317568,1,0,2.73279023409831e-14,2.73280477356335e-14,1
16955,D1_Craig_Bampton_R01,5,3,5,1,0,1,54138,26,1.00011570347387,3,0,1.71810250355107e-15,1.71847093006727e-15,1
16956,D1_Craig_Bampton_R01,5,4,1,1,0,0,54164,27,1.00025009407728,3,0,1.08016328498732e-14,1.08040854863489e-14,1
16957,D1_Craig_Bampton_R01,5,5,1,1,0,0,54191,28,1.00038473488537,3,0,3.92028723153747e-15,3.92070335526797e-15,1
17019,D1_Craig_Bampton_R01,6,0,7,1,1,1,54219,24,1.00012653274963,3,0,4.6481751598453e-16,4.64739406687391e-16,1
17020,D1_Craig_Bampton_R01,6,1,1,1,0,0,54243,25,1.00025814834149,3,0,7.21383488435875e-13,7.2138347980851e-13,1
17021,D1_Craig_Bampton_R01,6,2,1,1,0,0,54268,26,1.00039133101759,3,0,2.13506028651277e-14,2.13504398920125e-14,1
17086,D1_Craig_Bampton_R01,7,0,2,0,1,0,54294,25,1.00052934409681,3,0,1.34483347684721e-15,1.34477926670634e-15,1
17153,D1_Craig_Bampton_R01,8,0,2,0,1,0,54319,26,1.00092472332673,3,0,1.36313610013119e-15,1.32997625579693e-15,1
17220,D1_Craig_Bampton_R01,9,0,2,0,1,0,54345,27,1.00131071343065,3,0,7.06345242798935e-16,7.0850335937395e-16,1
17287,D1_Craig_Bampton_R01,10,0,2,0,1,0,54372,28,1.00168541830067,3,0,1.30528771094551e-15,1.32882858847841e-15,1
17354,D1_Craig_Bampton_R01,11,0,2,0,1,0,54400,29,1.00204703816057,3,0,1.35906679937588e-15,1.32451639414558e-15,1
17421,D1_Craig_Bampton_R01,12,0,2,0,1,0,54429,30,1.0023939050005,3,0,1.47523662701003e-15,1.47388635684443e-15,1
17488,D1_Craig_Bampton_R01,13,0,2,0,1,0,54459,31,1.0027245152801,3,0,2.76118004105575e-15,2.81374422538647e-15,1
17555,D1_Craig_Bampton_R01,14,0,2,0,1,0,54490,32,1.00303755735497,3,0,2.25290580293064e-15,2.29237405132661e-15,1
17622,D1_Craig_Bampton_R01,15,0,2,0,1,0,54522,33,1.00333193163738,3,0,2.49264905273659e-15,2.42596190256504e-15,1
17689,D1_Craig_Bampton_R01,16,0,2,0,1,0,54555,34,1.00360676230404,3,0,4.36789889724302e-15,4.36590393671007e-15,1
17756,D1_Craig_Bampton_R01,17,0,2,0,1,0,54589,35,1.00386140026061,3,0,1.90145180562045e-15,1.92897940722652e-15,1
17823,D1_Craig_Bampton_R01,18,0,2,0,1,0,54624,36,1.00409541790222,3,0,3.82744958438388e-15,3.89898065200164e-15,1
17890,D1_Craig_Bampton_R01,19,0,2,0,1,0,54660,37,1.00430859685639,3,0,3.78906722091885e-15,3.67537906929447e-15,1
17957,D1_Craig_Bampton_R01,20,0,2,0,1,0,54697,38,1.00450091029648,3,0,4.4478663764141e-15,4.51008596356674e-15,1
18024,D1_Craig_Bampton_R01,21,0,2,0,1,0,54735,39,1.00467250156579,3,0,3.67417974105046e-15,3.62026055179222e-15,1
18091,D1_Craig_Bampton_R01,22,0,2,0,1,0,54774,40,1.00482366079372,3,0,2.98155912617728e-15,2.98514094305379e-15,1
18158,D1_Craig_Bampton_R01,23,0,2,0,1,0,54814,41,1.00495480097899,3,0,2.46786126315606e-15,2.44248672206751e-15,1
18225,D1_Craig_Bampton_R01,24,0,2,0,1,0,54855,42,1.005066434724,3,0,6.48532560186657e-15,6.50249741663369e-15,1
18292,D1_Craig_Bampton_R01,25,0,2,0,1,0,54897,43,1.00515915249069,3,0,5.96309734101373e-15,5.97976034559042e-15,1
18359,D1_Craig_Bampton_R01,26,0,2,0,1,0,54940,44,1.00523360294911,3,0,4.50010899264593e-15,4.4859023594614e-15,1
18426,D1_Craig_Bampton_R01,27,0,2,0,1,0,54984,45,1.00529047573231,3,0,5.27339242449578e-15,5.38144536855884e-15,1
18493,D1_Craig_Bampton_R01,28,0,2,0,1,0,55029,46,1.00533048670828,3,0,7.23027514261208e-15,7.28097984473777e-15,1
18560,D1_Craig_Bampton_R01,29,0,2,0,1,0,55075,47,1.00535436572654,3,0,5.40959713866732e-15,5.35197227383749e-15,1
18627,D1_Craig_Bampton_R01,30,0,2,0,1,0,55122,48,1.00536284669604,3,0,6.33417149674841e-15,6.26311091246625e-15,1
18694,D1_Craig_Bampton_R02,0,0,2,0,1,0,55170,18,0.996558007208096,1,0,2.50925758505154e-16,1.91231334293606e-16,1
18750,D1_Craig_Bampton_R02,0,56,4,0,0,1,55188,74,0.996557058350891,1,0,2.52210681383274e-14,2.52180516664655e-14,1
18761,D1_Craig_Bampton_R02,1,0,2,0,1,0,55262,19,0.996560241136636,1,0,1.25633925486386e-14,1.25384797745706e-14,1
18798,D1_Craig_Bampton_R02,1,37,4,0,0,1,55281,56,0.996557058350889,1,0,2.52784051056351e-13,2.52784799532128e-13,1
18810,D1_Craig_Bampton_R02,1,49,4,0,0,1,55337,68,0.996557058350889,1,0,4.14225547131031e-13,4.14222560092512e-13,1
18828,D1_Craig_Bampton_R02,2,0,2,0,1,0,55405,20,0.996562469975561,1,0,8.22196789627221e-16,8.6184023109961e-16,1
18862,D1_Craig_Bampton_R02,2,34,4,0,0,1,55425,54,0.99655705835089,1,0,2.50732595481499e-14,2.50821985680384e-14,1
18863,D1_Craig_Bampton_R02,2,35,4,0,0,1,55479,55,0.996557058350891,1,0,7.41487815533321e-14,7.41452134261237e-14,1
18869,D1_Craig_Bampton_R02,2,41,4,0,0,1,55534,61,0.996557058350889,1,0,1.04305106366478e-13,1.0434691528064e-13,1
18889,D1_Craig_Bampton_R02,2,61,4,0,0,1,55595,81,0.99655705835089,1,0,2.17272190792658e-13,2.17294347054747e-13,1
18895,D1_Craig_Bampton_R02,3,0,2,0,1,0,55676,21,0.996564693724917,1,0,5.22505428128479e-16,4.38405197976727e-16,1
18917,D1_Craig_Bampton_R02,3,22,4,0,0,1,55697,43,0.99655705835089,1,0,2.4783741683118e-14,2.47903628723596e-14,1
18962,D1_Craig_Bampton_R02,4,0,2,0,1,0,55740,22,0.996566912373967,1,0,7.52815849995854e-16,7.9817481721082e-16,1
18977,D1_Craig_Bampton_R02,4,15,4,0,0,1,55762,37,0.99655705835089,1,0,5.01247881810083e-15,4.97721734846077e-15,1
18982,D1_Craig_Bampton_R02,4,20,4,0,0,1,55799,42,0.99655705835089,1,0,1.06493455624136e-14,1.064413422216e-14,1
18985,D1_Craig_Bampton_R02,4,23,4,0,0,1,55841,45,0.996557058350892,1,0,2.09470835840418e-14,2.09287424680203e-14,1
19001,D1_Craig_Bampton_R02,4,39,4,0,0,1,55886,61,0.996557058350891,1,0,1.91189025449058e-14,1.90941233444328e-14,1
19024,D1_Craig_Bampton_R02,4,62,4,0,0,1,55947,84,0.996557058350891,1,0,2.76169653369036e-14,2.75839327817198e-14,1
19029,D1_Craig_Bampton_R02,5,0,2,0,1,0,56031,23,0.996569125900639,1,0,3.95180720199326e-16,4.26615905052963e-16,1
19043,D1_Craig_Bampton_R02,5,14,4,0,0,1,56054,37,0.996557058350891,1,0,3.8648365802501e-15,3.95727995525983e-15,1
19050,D1_Craig_Bampton_R02,5,21,4,0,0,1,56091,44,0.996557058350889,1,0,1.94923096169605e-14,1.94846621964408e-14,1
19072,D1_Craig_Bampton_R02,5,43,4,0,0,1,56135,66,0.996557058350891,1,0,1.66574684629533e-14,1.67385884531044e-14,1
19074,D1_Craig_Bampton_R02,5,45,4,0,0,1,56201,68,0.996557058350892,1,0,1.31763797631493e-14,1.30626379909247e-14,1
19079,D1_Craig_Bampton_R02,5,50,4,0,0,1,56269,73,0.99655705835089,1,0,1.26775691367939e-14,1.26423218108159e-14,1
19084,D1_Craig_Bampton_R02,5,55,4,0,0,1,56342,78,0.996557058350891,1,0,2.95498697486239e-14,2.95288069008295e-14,1
19096,D1_Craig_Bampton_R02,6,0,2,0,1,0,56420,24,0.99657133427086,1,0,3.12302319727855e-16,2.88160127988732e-16,1
19108,D1_Craig_Bampton_R02,6,12,4,0,0,1,56444,36,0.996557058350889,1,0,1.67341643154308e-14,1.67394906705127e-14,1
19153,D1_Craig_Bampton_R02,6,57,4,0,0,1,56480,81,0.996557058350892,1,0,1.77357470872073e-14,1.76527574226246e-14,1
19163,D1_Craig_Bampton_R02,7,0,2,0,1,0,56561,25,0.996573537438101,1,0,9.29251159291429e-16,9.4154139479445e-16,1
19195,D1_Craig_Bampton_R02,7,32,4,0,0,1,56586,57,0.996557058350889,1,0,2.08881693813296e-14,2.08797031117085e-14,1
19222,D1_Craig_Bampton_R02,7,59,4,0,0,1,56643,84,0.996557058350889,1,0,2.37757762071268e-14,2.36844943701913e-14,1
19227,D1_Craig_Bampton_R02,7,64,4,0,0,1,56727,89,0.99655705835089,1,0,5.7916943432109e-14,5.78952826463514e-14,1
19229,D1_Craig_Bampton_R02,7,66,4,0,0,1,56816,91,0.996557058350891,1,0,2.07613867640267e-14,2.0761140771322e-14,1
19230,D1_Craig_Bampton_R02,8,0,2,0,1,0,56907,26,0.996575735342505,1,0,1.29193462509481e-15,1.29293019595202e-15,1
19249,D1_Craig_Bampton_R02,8,19,4,0,0,1,56933,45,0.996557058350892,1,0,3.55726629858577e-14,3.55873438851844e-14,1
19282,D1_Craig_Bampton_R02,8,52,4,0,0,1,56978,78,0.996557058350891,1,0,1.94340765451908e-14,1.94164565509593e-14,1
19283,D1_Craig_Bampton_R02,8,53,4,0,0,1,57056,79,0.996557058350889,1,0,3.57651618674664e-14,3.57769781715246e-14,1
19297,D1_Craig_Bampton_R02,9,0,2,0,1,0,57135,27,0.996577927910351,1,0,2.08400238195221e-15,2.06275114793134e-15,1
19355,D1_Craig_Bampton_R02,9,58,4,0,0,1,57162,85,0.996557058350891,1,0,2.96083186354453e-14,2.96126771009654e-14,1
19364,D1_Craig_Bampton_R02,10,0,2,0,1,0,57247,28,0.996580115053208,1,0,1.43009866494843e-15,1.46697653464251e-15,1
19431,D1_Craig_Bampton_R02,11,0,2,0,1,0,57275,29,0.996582296667214,1,0,1.12331163861924e-15,1.15216521377835e-15,1
19498,D1_Craig_Bampton_R02,12,0,2,0,1,0,57304,30,0.996584472632209,1,0,1.29164511932758e-15,1.23296824299897e-15,1
19516,D1_Craig_Bampton_R02,12,18,4,0,0,1,57334,48,0.99655705835089,1,0,1.54331722265889e-14,1.54427863639026e-14,1
19565,D1_Craig_Bampton_R02,13,0,2,0,1,0,57382,31,0.996586642810816,1,0,1.54044580089296e-15,1.5557934143091e-15,1
19581,D1_Craig_Bampton_R02,13,16,4,0,0,1,57413,47,0.996557058350892,1,0,2.58320394921064e-14,2.58767911496006e-14,1
19591,D1_Craig_Bampton_R02,13,26,4,0,0,1,57460,57,0.99655705835089,1,0,4.1334424371614e-14,4.13360451085544e-14,1
19603,D1_Craig_Bampton_R02,13,38,4,0,0,1,57517,69,0.99655705835089,1,0,2.92564049967783e-14,2.9220656134863e-14,1
19632,D1_Craig_Bampton_R02,14,0,2,0,1,0,57586,32,0.996588807047567,1,0,1.01156021866811e-15,1.05688369470434e-15,1
19679,D1_Craig_Bampton_R02,14,47,4,0,0,1,57618,79,0.996557058350891,1,0,3.5798851397733e-14,3.58225210367904e-14,1
19699,D1_Craig_Bampton_R02,15,0,2,0,1,0,57697,33,0.996590965167847,1,0,2.37555188660712e-15,2.35373013938893e-15,1
19710,D1_Craig_Bampton_R02,15,11,4,0,0,1,57730,44,0.99655705835089,1,0,9.14002475305847e-15,9.14171451070732e-15,1
19766,D1_Craig_Bampton_R02,16,0,2,0,1,0,57774,34,0.996593116976875,1,0,1.53099197534055e-15,1.52847882313948e-15,1
19793,D1_Craig_Bampton_R02,16,27,4,0,0,1,57808,61,0.996557058350891,1,0,2.83613097858572e-14,2.83451005785913e-14,1
19833,D1_Craig_Bampton_R02,17,0,2,0,1,0,57869,35,0.996595262258534,1,0,2.96989698350575e-15,2.96591065581415e-15,1
19874,D1_Craig_Bampton_R02,17,41,4,0,0,1,57904,76,0.996557058350889,1,0,2.71787920419226e-14,2.72087144082579e-14,1
19879,D1_Craig_Bampton_R02,17,46,4,0,0,1,57980,81,0.996557058350891,1,0,4.60117053309522e-14,4.59844788084312e-14,1
19887,D1_Craig_Bampton_R02,17,54,4,0,0,1,58061,89,0.99655705835089,1,0,5.89913513832968e-14,5.90047773416121e-14,1
19893,D1_Craig_Bampton_R02,17,60,4,0,0,1,58150,95,0.996557058350891,1,0,8.60066647715371e-14,8.60583679461567e-14,1
19898,D1_Craig_Bampton_R02,17,65,4,0,0,1,58245,100,0.99655705835089,1,0,2.32591763808655e-14,2.30262353676681e-14,1
19900,D1_Craig_Bampton_R02,18,0,2,0,1,0,58345,36,0.996597400774237,1,0,2.41262267211962e-15,2.40323957343672e-15,1
19930,D1_Craig_Bampton_R02,18,30,4,0,0,1,58381,66,0.996557058350889,1,0,4.17623367961379e-14,4.1741639751121e-14,1
19967,D1_Craig_Bampton_R02,19,0,2,0,1,0,58447,37,0.996599532261647,1,0,3.32330858887451e-15,3.28540485746883e-15,1
19992,D1_Craig_Bampton_R02,19,25,4,0,0,1,58484,62,0.996557058350889,1,0,5.9881528633053e-14,5.96376922538164e-14,1
20034,D1_Craig_Bampton_R02,20,0,2,0,1,0,58546,38,0.996601656433277,1,0,1.82521216670992e-15,1.72777666222792e-15,1
20047,D1_Craig_Bampton_R02,20,13,4,0,0,1,58584,51,0.99655705835089,1,0,9.41227221213984e-15,9.41097416924155e-15,1
20078,D1_Craig_Bampton_R02,20,44,4,0,0,1,58635,82,0.99655705835089,1,0,5.42917766160493e-14,5.43083988461553e-14,1
20101,D1_Craig_Bampton_R02,21,0,2,0,1,0,58717,39,0.996603772975174,1,0,3.22465245822995e-15,3.23654460210999e-15,1
20113,D1_Craig_Bampton_R02,21,12,4,0,0,1,58756,51,0.996557058350889,1,0,1.07349256732239e-14,1.07350892737205e-14,1
20168,D1_Craig_Bampton_R02,22,0,2,0,1,0,58807,40,0.996605881545314,1,0,3.86856843045067e-15,3.80172163579567e-15,1
20204,D1_Craig_Bampton_R02,22,36,4,0,0,1,58847,76,0.996557058350889,1,0,1.18394575788033e-13,1.1840634887688e-13,1
20235,D1_Craig_Bampton_R02,23,0,2,0,1,0,58923,41,0.996607981772078,1,0,2.98661860117143e-15,2.98371067588901e-15,1
20244,D1_Craig_Bampton_R02,23,9,4,0,0,1,58964,50,0.99655705835089,1,0,8.13594628690927e-15,8.13635906031617e-15,1
20266,D1_Craig_Bampton_R02,23,31,4,0,0,1,59014,72,0.996557058350889,1,0,5.42346834607658e-14,5.4198188537771e-14,1
20302,D1_Craig_Bampton_R02,24,0,2,0,1,0,59086,42,0.996610073252501,1,0,4.6962435650484e-15,4.66924876366285e-15,1
20312,D1_Craig_Bampton_R02,24,10,4,0,0,1,59128,52,0.996557058350891,1,0,1.78951313649138e-14,1.78957216459216e-14,1
20350,D1_Craig_Bampton_R02,24,48,4,0,0,1,59180,90,0.996557058350892,1,0,4.10642098132969e-14,4.10639168702537e-14,1
20369,D1_Craig_Bampton_R02,25,0,2,0,1,0,59270,43,0.996612155550546,1,0,6.96208366523177e-15,6.98976792062126e-15,1
20393,D1_Craig_Bampton_R02,25,24,4,0,0,1,59313,67,0.99655705835089,1,0,5.63720953750553e-15,5.62453772885824e-15,1
20436,D1_Craig_Bampton_R02,26,0,2,0,1,0,59380,44,0.996614228195091,1,0,4.977588073661e-15,4.97787835672182e-15,1
20469,D1_Craig_Bampton_R02,26,33,4,0,0,1,59424,77,0.996557058350888,1,0,1.03768141867735e-13,1.03740942656568e-13,1
20472,D1_Craig_Bampton_R02,26,36,4,0,0,1,59501,80,0.996557058350889,1,0,5.04970722203509e-14,5.05801768828199e-14,1
20476,D1_Craig_Bampton_R02,26,40,4,0,0,1,59581,84,0.99655705835089,1,0,7.95335262175477e-14,7.9529419760778e-14,1
20487,D1_Craig_Bampton_R02,26,51,4,0,0,1,59665,95,0.996557058350889,1,0,7.61983411710275e-14,7.61886327845387e-14,1
20503,D1_Craig_Bampton_R02,27,0,2,0,1,0,59760,45,0.996616290677997,1,0,7.04313353540804e-15,7.04934182078725e-15,1
20532,D1_Craig_Bampton_R02,27,29,4,0,0,1,59805,74,0.99655705835089,1,0,2.37743261920865e-14,2.37492208927274e-14,1
20545,D1_Craig_Bampton_R02,27,42,4,0,0,1,59879,87,0.996557058350891,1,0,7.79301603711719e-14,7.78992352214269e-14,1
20566,D1_Craig_Bampton_R02,27,63,4,0,0,1,59966,108,0.99655705835089,1,0,1.07514219758064e-13,1.07434799943465e-13,1
20570,D1_Craig_Bampton_R02,28,0,2,0,1,0,60074,46,0.996618342451933,1,0,6.60144333614289e-15,6.58942235226266e-15,1
20587,D1_Craig_Bampton_R02,28,17,4,0,0,1,60120,63,0.99655705835089,1,0,1.86221222158003e-14,1.86236639795331e-14,1
20618,D1_Craig_Bampton_R02,28,48,4,0,0,1,60183,94,0.996557058350892,1,0,7.95167860087949e-14,7.94916323126317e-14,1
20637,D1_Craig_Bampton_R02,29,0,2,0,1,0,60277,47,0.996620382928113,1,0,4.91463273456694e-15,5.01114530283001e-15,1
20665,D1_Craig_Bampton_R02,29,28,4,0,0,1,60324,75,0.99655705835089,1,0,1.50496091691101e-14,1.48492704587835e-14,1
20704,D1_Craig_Bampton_R02,30,0,6,0,1,1,60399,48,0.996622411473891,1,0,4.48554545827898e-15,4.60413625526245e-15,1
20705,D1_Craig_Bampton_R02,30,1,4,0,0,1,60447,49,0.996614872177708,1,0,3.30409640068216e-12,3.30409644553869e-12,1
20706,D1_Craig_Bampton_R02,30,2,4,0,0,1,60496,50,0.996607226646756,1,0,6.79168889173873e-15,6.79163414680687e-15,1
20707,D1_Craig_Bampton_R02,30,3,4,0,0,1,60546,51,0.99659947449161,1,0,1.15017914585512e-14,1.15018627548779e-14,1
20708,D1_Craig_Bampton_R02,30,4,4,0,0,1,60597,52,0.996591615296568,1,0,7.2167400935816e-15,7.24197407178361e-15,1
20709,D1_Craig_Bampton_R02,30,5,4,0,0,1,60649,53,0.996583648619522,1,0,9.35108739985622e-15,9.41168599782176e-15,1
20710,D1_Craig_Bampton_R02,30,6,4,0,0,1,60702,54,0.996575573991825,1,0,6.29137994457106e-15,6.28790988484874e-15,1
20711,D1_Craig_Bampton_R02,30,7,4,0,0,1,60756,55,0.996567390918168,1,0,8.15532728649225e-15,8.11161371893898e-15,1
20712,D1_Craig_Bampton_R02,30,8,4,0,0,1,60811,56,0.996559098876301,1,0,9.29858804884159e-15,9.33811164188769e-15,1
20787,D1_Craig_Bampton_R03,0,16,3,1,1,0,60867,34,0.999995850479571,1,0,1.3342010698713e-15,1.32239160383746e-15,1
20788,D1_Craig_Bampton_R03,0,17,5,1,0,1,60901,35,1.00004770890629,3,0,1.06496461815538e-15,1.0674538311345e-15,1
20789,D1_Craig_Bampton_R03,0,18,4,0,0,1,60936,36,1.00009948506956,3,0,2.02664456282318e-15,1.9889771985396e-15,1
20790,D1_Craig_Bampton_R03,0,19,4,0,0,1,60972,37,1.00015116188055,3,0,2.03457787923304e-15,2.07059206942519e-15,1
20791,D1_Craig_Bampton_R03,0,20,4,0,0,1,61009,38,1.00020272225822,3,0,2.82702512255824e-15,2.85169726224716e-15,1
20792,D1_Craig_Bampton_R03,0,21,4,0,0,1,61047,39,1.00025414914519,3,0,1.9034227626385e-15,1.94038120826694e-15,1
20793,D1_Craig_Bampton_R03,0,22,4,0,0,1,61086,40,1.0003054255241,3,0,1.9254583325145e-15,1.8491765087464e-15,1
20794,D1_Craig_Bampton_R03,0,23,4,0,0,1,61126,41,1.0003565344344,3,0,2.56967978363046e-15,2.59643186518504e-15,1
20795,D1_Craig_Bampton_R03,0,24,4,0,0,1,61167,42,1.00040745898963,3,0,4.88774342185428e-15,4.87335113233266e-15,1
20796,D1_Craig_Bampton_R03,0,25,4,0,0,1,61209,43,1.00045818239508,3,0,2.28954859589324e-15,2.28951152003039e-15,1
20797,D1_Craig_Bampton_R03,0,26,4,0,0,1,61252,44,1.0005086879658,3,0,2.66318876974014e-15,2.71244520378893e-15,1
20798,D1_Craig_Bampton_R03,0,27,4,0,0,1,61296,45,1.00055895914505,3,0,3.09263646405932e-15,3.16461621900428e-15,1
20799,D1_Craig_Bampton_R03,0,28,4,0,0,1,61341,46,1.00060897952284,3,0,3.07679511840149e-15,3.09054605984689e-15,1
20800,D1_Craig_Bampton_R03,0,29,4,0,0,1,61387,47,1.00065873285497,3,0,2.04752141115839e-15,2.14324805496867e-15,1
20801,D1_Craig_Bampton_R03,0,30,4,0,0,1,61434,48,1.00070820308197,3,0,3.11135595887477e-15,3.07215982500788e-15,1
20802,D1_Craig_Bampton_R03,0,31,4,0,0,1,61482,49,1.00075737434838,3,0,3.90796291419151e-15,3.87823007732168e-15,1
20803,D1_Craig_Bampton_R03,0,32,4,0,0,1,61531,50,1.00080623102196,3,0,3.78252256217616e-15,3.85626716901161e-15,1
20804,D1_Craig_Bampton_R03,0,33,4,0,0,1,61581,51,1.0008547577129,3,0,2.88379866759398e-15,2.8540672880581e-15,1
20805,D1_Craig_Bampton_R03,0,34,4,0,0,1,61632,52,1.00090293929297,3,0,6.69896205612505e-15,6.72814873209524e-15,1
20806,D1_Craig_Bampton_R03,0,35,4,0,0,1,61684,53,1.00095076091444,3,0,5.27605861227588e-15,5.23124992015138e-15,1
20807,D1_Craig_Bampton_R03,0,36,4,0,0,1,61737,54,1.00099820802884,3,0,7.78181271302426e-15,7.80309478534423e-15,1
20808,D1_Craig_Bampton_R03,0,37,4,0,0,1,61791,55,1.00104526640528,3,0,6.9374779561652e-15,7.01030461749109e-15,1
20809,D1_Craig_Bampton_R03,0,38,4,0,0,1,61846,56,1.00109192214843,3,0,5.78716303864795e-15,5.91718848279961e-15,1
20810,D1_Craig_Bampton_R03,0,39,4,0,0,1,61902,57,1.00113816171603,3,0,5.55640404645382e-15,5.51682402126909e-15,1
20811,D1_Craig_Bampton_R03,0,40,4,0,0,1,61959,58,1.00118397193573,3,0,5.42614084592956e-15,5.41711737309881e-15,1
20812,D1_Craig_Bampton_R03,0,41,4,0,0,1,62017,59,1.0012293400214,3,0,3.33329968326713e-15,3.32550650039855e-15,1
20813,D1_Craig_Bampton_R03,0,42,4,0,0,1,62076,60,1.00127425358861,3,0,5.70157599514796e-15,5.46240830644388e-15,1
20814,D1_Craig_Bampton_R03,0,43,4,0,0,1,62136,61,1.00131870066939,3,0,5.04846137542065e-15,5.0550697502093e-15,1
20815,D1_Craig_Bampton_R03,0,44,4,0,0,1,62197,62,1.00136266972603,3,0,4.94534910814498e-15,4.94503038928419e-15,1
20816,D1_Craig_Bampton_R03,0,45,4,0,0,1,62259,63,1.00140614966411,3,0,5.46369389202415e-15,5.29117289970393e-15,1
20817,D1_Craig_Bampton_R03,0,46,4,0,0,1,62322,64,1.00144912984431,3,0,1.12837468990562e-14,1.1259385081743e-14,1
20818,D1_Craig_Bampton_R03,0,47,4,0,0,1,62386,65,1.00149160009337,3,0,6.96075117551245e-15,6.90740256740265e-15,1
20819,D1_Craig_Bampton_R03,0,48,4,0,0,1,62451,66,1.00153355071385,3,0,5.50554046838011e-15,5.37584151989517e-15,1
20820,D1_Craig_Bampton_R03,0,49,4,0,0,1,62517,67,1.0015749724928,3,0,1.25892218345153e-14,1.25382657519674e-14,1
20821,D1_Craig_Bampton_R03,0,50,4,0,0,1,62584,68,1.00161585670923,3,0,7.04518021578776e-15,7.00848560471078e-15,1
20822,D1_Craig_Bampton_R03,0,51,4,0,0,1,62652,69,1.00165619514039,3,0,7.47678531647217e-15,7.45308393555964e-15,1
20823,D1_Craig_Bampton_R03,0,52,4,0,0,1,62721,70,1.00169598006687,3,0,8.55002545986299e-15,8.63858388099632e-15,1
20824,D1_Craig_Bampton_R03,0,53,4,0,0,1,62791,71,1.0017352042764,3,0,1.17895066997889e-14,1.20382833843132e-14,1
20825,D1_Craig_Bampton_R03,0,54,4,0,0,1,62862,72,1.00177386106647,3,0,1.3936367036838e-14,1.39861447244705e-14,1
20826,D1_Craig_Bampton_R03,0,55,4,0,0,1,62934,73,1.00181194424574,3,0,9.15855013187136e-15,9.12749367992093e-15,1
20827,D1_Craig_Bampton_R03,0,56,4,0,0,1,63007,74,1.00184944813413,3,0,1.37898823457495e-14,1.37449386548883e-14,1
20828,D1_Craig_Bampton_R03,0,57,4,0,0,1,63081,75,1.00188636756183,3,0,1.61253502853393e-14,1.61998517201946e-14,1
20829,D1_Craig_Bampton_R03,0,58,4,0,0,1,63156,76,1.00192269786705,3,0,9.49378529117323e-15,9.59305342256427e-15,1
20830,D1_Craig_Bampton_R03,0,59,4,0,0,1,63232,77,1.00195843489263,3,0,8.80144829895467e-15,8.80838914705834e-15,1
20831,D1_Craig_Bampton_R03,0,60,4,0,0,1,63309,78,1.00199357498154,3,0,1.04033074883947e-14,1.03263942460425e-14,1
20832,D1_Craig_Bampton_R03,0,61,4,0,0,1,63387,79,1.00202811497135,3,0,6.41873230460617e-15,6.35265625460502e-15,1
20833,D1_Craig_Bampton_R03,0,62,4,0,0,1,63466,80,1.0020620521876,3,0,7.98601065222345e-15,8.02249907746827e-15,1
20834,D1_Craig_Bampton_R03,0,63,4,0,0,1,63546,81,1.00209538443624,3,0,6.21199779055833e-15,6.13391266930584e-15,1
20835,D1_Craig_Bampton_R03,0,64,4,0,0,1,63627,82,1.00212810999517,3,0,1.01669556211651e-14,1.03706817860371e-14,1
20836,D1_Craig_Bampton_R03,0,65,4,0,0,1,63709,83,1.00216022760484,3,0,7.46392963704121e-15,7.37624604022501e-15,1
20837,D1_Craig_Bampton_R03,0,66,4,0,0,1,63792,84,1.00219173645812,3,0,1.43879618578471e-14,1.4381204392467e-14,1
20851,D1_Craig_Bampton_R03,1,13,5,1,0,1,63876,32,0.999842737560143,1,0,2.1069016824593e-13,2.10691259868058e-13,1
20852,D1_Craig_Bampton_R03,1,14,5,1,0,1,63908,33,0.999894740041484,1,0,1.6682589399059e-13,1.66822319795906e-13,1
20853,D1_Craig_Bampton_R03,1,15,5,1,0,1,63941,34,0.999946710300266,1,0,2.99140561116087e-13,2.99142802568724e-13,1
20854,D1_Craig_Bampton_R03,1,16,7,1,1,1,63975,35,0.999998631317589,1,0,3.72416704099032e-13,3.72417861066272e-13,1
20855,D1_Craig_Bampton_R03,1,17,1,1,0,0,64010,36,1.00005048603936,3,0,1.43152749672013e-13,1.43156209108309e-13,1
20913,D1_Craig_Bampton_R03,2,8,1,1,0,0,64046,28,0.999585603553017,1,0,6.80750562723445e-14,6.80817801466376e-14,1
20914,D1_Craig_Bampton_R03,2,9,5,1,0,1,64074,29,0.999637519268599,1,0,3.93138432205003e-14,3.93214518928642e-14,1
20915,D1_Craig_Bampton_R03,2,10,5,1,0,1,64103,30,0.999689485748081,1,0,5.39342266742076e-15,5.37985450259575e-15,1
20916,D1_Craig_Bampton_R03,2,11,5,1,0,1,64133,31,0.999741486341991,1,0,1.8236134928222e-14,1.82242386369774e-14,1
20917,D1_Craig_Bampton_R03,2,12,7,1,1,1,64164,32,0.999995026490164,1,0,6.57202555464001e-15,6.5667557402646e-15,1
20918,D1_Craig_Bampton_R03,2,13,1,1,0,0,64196,33,1.00028986866747,3,0,7.81571370735127e-15,7.82145324388248e-15,1
20919,D1_Craig_Bampton_R03,2,14,1,1,0,0,64229,34,1.0005290067713,3,0,1.78525144705023e-15,1.77342401645796e-15,1
20920,D1_Craig_Bampton_R03,2,15,1,1,0,0,64263,35,1.000710923148,3,0,1.71856137263331e-14,1.71789085650549e-14,1
20921,D1_Craig_Bampton_R03,2,16,1,1,0,0,64298,36,1.00083511336667,3,0,1.43879836649628e-14,1.43891165877774e-14,1
20977,D1_Craig_Bampton_R03,3,5,1,1,0,0,64334,26,0.99943307417871,1,0,6.79269121622549e-15,6.79336219698908e-15,1
20978,D1_Craig_Bampton_R03,3,6,5,1,0,1,64360,27,0.999484747367066,1,0,4.21373117740616e-15,4.21615476365654e-15,1
20979,D1_Craig_Bampton_R03,3,7,5,1,0,1,64387,28,0.999570758827864,1,0,1.15334687159143e-14,1.15339796960563e-14,1
20980,D1_Craig_Bampton_R03,3,8,7,1,1,1,64415,29,1.00008862737137,3,0,7.57566600862723e-15,7.57848608639108e-15,1
20981,D1_Craig_Bampton_R03,3,9,1,1,0,0,64444,30,1.00057506513327,3,0,1.36650210472107e-14,1.36724668438213e-14,1
20982,D1_Craig_Bampton_R03,3,10,1,1,0,0,64474,31,1.00102292436386,3,0,1.4138487423648e-14,1.41595835819361e-14,1
20983,D1_Craig_Bampton_R03,3,11,1,1,0,0,64505,32,1.00142601365338,3,0,7.38753807758124e-15,7.39145917840736e-15,1
20984,D1_Craig_Bampton_R03,3,12,1,1,0,0,64537,33,1.00177928964556,3,0,5.08697232937151e-15,5.09547328086763e-15,1
21041,D1_Craig_Bampton_R03,4,2,1,1,0,0,64570,24,0.999281526254982,1,0,4.90782344422413e-16,4.00702754731711e-16,1
21042,D1_Craig_Bampton_R03,4,3,5,1,0,1,64594,25,0.999332818044873,1,0,4.01023717901363e-15,4.00837686982266e-15,1
21043,D1_Craig_Bampton_R03,4,4,5,1,0,1,64619,26,0.999649840379289,1,0,2.96388791105847e-15,2.96564191231183e-15,1
21044,D1_Craig_Bampton_R03,4,5,7,1,1,1,64645,27,1.00022165201512,3,0,4.18860374429934e-15,4.23809278171432e-15,1
21045,D1_Craig_Bampton_R03,4,6,1,1,0,0,64672,28,1.00078657986765,3,0,1.89273719457475e-15,1.85065173830655e-15,1
21046,D1_Craig_Bampton_R03,4,7,1,1,0,0,64700,29,1.00133603337913,3,0,6.3845591879768e-15,6.40351994274458e-15,1
21106,D1_Craig_Bampton_R03,5,0,1,1,0,0,64729,23,0.99918213493328,1,0,3.18698370701921e-16,3.18710567189743e-16,1
21107,D1_Craig_Bampton_R03,5,1,5,1,0,1,64752,24,0.999663763029903,1,0,2.85198887656642e-13,2.85198919704399e-13,1
21108,D1_Craig_Bampton_R03,5,2,7,1,1,1,64776,25,1.00021515144432,3,0,1.86319928028481e-15,1.86368047424028e-15,1
21109,D1_Craig_Bampton_R03,5,3,1,1,0,0,64801,26,1.00078392808438,3,0,8.55734270657428e-15,8.55815125032615e-15,1
21110,D1_Craig_Bampton_R03,5,4,1,1,0,0,64827,27,1.00136254011023,3,0,3.91666630727723e-15,3.91579425901718e-15,1
21173,D1_Craig_Bampton_R03,6,0,7,1,1,1,64854,24,1.00074772710188,3,0,6.57177311386833e-16,6.28952697662374e-16,1
21174,D1_Craig_Bampton_R03,6,1,1,1,0,0,64878,25,1.00128245134946,3,0,1.53906325190952e-13,1.53906258968821e-13,1
21281,D1_Craig_Bampton_R03,7,41,2,0,1,0,64903,66,1.00124610616942,3,0,7.14459255267766e-15,7.0887624023123e-15,1
21352,D1_Craig_Bampton_R03,8,45,2,0,1,0,64969,71,1.00142447455847,3,0,1.09273421063159e-14,1.09342044536213e-14,1
21423,D1_Craig_Bampton_R03,9,49,2,0,1,0,65040,76,1.0022064901666,3,0,1.22818611455081e-14,1.22516762704933e-14,1
21491,D1_Craig_Bampton_R03,10,50,2,0,1,0,65116,78,1.00361727151142,3,0,2.41369370310702e-14,2.41589481196911e-14,1
21559,D1_Craig_Bampton_R03,11,51,2,0,1,0,65194,80,1.00479375801432,3,0,1.71044437205821e-14,1.70910593120823e-14,1
21627,D1_Craig_Bampton_R03,12,52,2,0,1,0,65274,82,1.00574129869571,3,0,8.72995127346145e-15,8.71974382399669e-15,1
21695,D1_Craig_Bampton_R03,13,53,2,0,1,0,65356,84,1.00647044475305,3,0,9.3531971971539e-15,9.46891080067049e-15,1
21762,D1_Craig_Bampton_R03,14,53,2,0,1,0,65440,85,1.00698920462319,3,0,2.12391540361349e-14,2.12582801867386e-14,1
21830,D1_Craig_Bampton_R03,15,54,2,0,1,0,65525,87,1.00731764216191,3,0,1.13477164232692e-14,1.13176439771162e-14,1
21898,D1_Craig_Bampton_R03,16,55,2,0,1,0,65612,89,1.0074683989108,3,0,2.09838151415793e-14,2.08780022225294e-14,1
21966,D1_Craig_Bampton_R03,17,56,2,0,1,0,65701,91,1.00745132538388,3,0,4.28306115513088e-14,4.27977322962016e-14,1
22034,D1_Craig_Bampton_R03,18,57,2,0,1,0,65792,93,1.00727358893333,3,0,1.68304866399509e-14,1.68097188723548e-14,1
22102,D1_Craig_Bampton_R03,19,58,2,0,1,0,65885,95,1.00693900569971,3,0,2.82205420445705e-14,2.82852776673464e-14,1
22170,D1_Craig_Bampton_R03,20,59,2,0,1,0,65980,97,1.00644748755781,3,0,2.178980870841e-14,2.17895043199108e-14,1
22238,D1_Craig_Bampton_R03,21,60,2,0,1,0,66077,99,1.00579474449601,3,0,2.98166047475226e-14,2.98155309964418e-14,1
22306,D1_Craig_Bampton_R03,22,61,2,0,1,0,66176,101,1.00497292491494,3,0,8.30304774620997e-14,8.30511224747859e-14,1
22374,D1_Craig_Bampton_R03,23,62,2,0,1,0,66277,103,1.00397434684102,3,0,1.8290482511362e-14,1.82718198890323e-14,1
22441,D1_Craig_Bampton_R03,24,62,2,0,1,0,66380,104,1.00275957553566,3,0,5.08273370440692e-14,5.08471286951447e-14,1
22507,D1_Craig_Bampton_R03,25,61,2,0,1,0,66484,104,1.00232665060107,3,0,2.80678823638421e-14,2.80644523167317e-14,1
22572,D1_Craig_Bampton_R03,26,59,2,0,1,0,66588,103,1.00255793225576,3,0,4.06933186605526e-14,4.07011570739006e-14,1
22638,D1_Craig_Bampton_R03,27,58,2,0,1,0,66691,103,1.00292566255026,3,0,5.44928049156018e-14,5.45319860959138e-14,1
22704,D1_Craig_Bampton_R03,28,57,2,0,1,0,66794,103,1.00334534797036,3,0,3.52435381973246e-14,3.51954756044149e-14,1
22770,D1_Craig_Bampton_R03,29,56,2,0,1,0,66897,103,1.00380621537121,3,0,6.36023549288143e-14,6.35956424922528e-14,1
22835,D1_Craig_Bampton_R03,30,54,2,0,1,0,67000,102,1.00418752893185,3,0,7.43837004741292e-14,7.43929388147143e-14,1
22848,D1_Craig_Bampton_R04,0,0,4,0,0,1,67102,18,0.993746159231213,1,0,3.31884441188368e-16,2.66135752416683e-16,1
22849,D1_Craig_Bampton_R04,0,1,4,0,0,1,67120,19,0.993719446322509,1,0,4.48502811379576e-16,3.95576727903865e-16,1
22850,D1_Craig_Bampton_R04,0,2,4,0,0,1,67139,20,0.993692908488472,1,0,5.46127203485874e-16,2.01690706387196e-16,1
22851,D1_Craig_Bampton_R04,0,3,4,0,0,1,67159,21,0.993666589113813,1,0,2.23376438561716e-16,2.00447060394503e-16,1
22852,D1_Craig_Bampton_R04,0,4,4,0,0,1,67180,22,0.993640533948154,1,0,2.71034897460108e-16,1.85788605024555e-16,1
22853,D1_Craig_Bampton_R04,0,5,4,0,0,1,67202,23,0.993614791245746,1,0,6.02460390995674e-16,2.27528246834615e-16,1
22854,D1_Craig_Bampton_R04,0,6,4,0,0,1,67225,24,0.993589411904262,1,0,3.22636449297163e-16,2.2742787416537e-16,1
22855,D1_Craig_Bampton_R04,0,7,4,0,0,1,67249,25,0.993564449600752,1,0,3.67097493522096e-16,1.49405159832753e-16,1
22856,D1_Craig_Bampton_R04,0,8,4,0,0,1,67274,26,0.993539960922582,1,0,9.80268233947718e-16,9.59326634996778e-16,1
22857,D1_Craig_Bampton_R04,0,9,4,0,0,1,67300,27,0.993516005490491,1,0,4.77063776526238e-16,4.97675339584444e-16,1
22858,D1_Craig_Bampton_R04,0,10,4,0,0,1,67327,28,0.993492646070671,1,0,5.22318207561652e-16,3.78041383543816e-16,1
22859,D1_Craig_Bampton_R04,0,11,4,0,0,1,67355,29,0.993469948671916,1,0,3.60402173748647e-16,3.17682984363208e-16,1
22860,D1_Craig_Bampton_R04,0,12,4,0,0,1,67384,30,0.993447982623458,1,0,4.57892088111563e-16,4.28068439042398e-16,1
22861,D1_Craig_Bampton_R04,0,13,4,0,0,1,67414,31,0.993426820628276,1,0,6.95556287773722e-16,6.72336321809653e-16,1
22862,D1_Craig_Bampton_R04,0,14,4,0,0,1,67445,32,0.993406538786058,1,0,1.03924601751328e-15,1.00620355504767e-15,1
22863,D1_Craig_Bampton_R04,0,15,4,0,0,1,67477,33,0.993387216579134,1,0,2.93934822481781e-16,2.79396125908504e-16,1
22864,D1_Craig_Bampton_R04,0,16,4,0,0,1,67510,34,0.993368936813981,1,0,7.42328929371999e-16,7.12132844837338e-16,1
22865,D1_Craig_Bampton_R04,0,17,4,0,0,1,67544,35,0.993351785510201,1,0,6.22336469351114e-16,6.47540874686337e-16,1
22866,D1_Craig_Bampton_R04,0,18,4,0,0,1,67579,36,0.993335851728121,1,0,2.09690565565839e-15,2.13526946388825e-15,1
22867,D1_Craig_Bampton_R04,0,19,4,0,0,1,67615,37,0.993321227325664,1,0,2.61213712726292e-15,2.60304268894064e-15,1
22868,D1_Craig_Bampton_R04,0,20,4,0,0,1,67652,38,0.99330800663488,1,0,1.38045321482643e-15,1.37042168563012e-15,1
22869,D1_Craig_Bampton_R04,0,21,4,0,0,1,67690,39,0.993296286048239,1,0,9.87461465151756e-16,1.00429101104479e-15,1
22870,D1_Craig_Bampton_R04,0,22,4,0,0,1,67729,40,0.993286163505247,1,0,2.19726432328919e-15,2.18225211685836e-15,1
22871,D1_Craig_Bampton_R04,0,23,4,0,0,1,67769,41,0.993277737870693,1,0,1.19269859948553e-15,1.14955128298684e-15,1
22872,D1_Craig_Bampton_R04,0,24,4,0,0,1,67810,42,0.993271108196882,1,0,2.43607622858041e-15,2.46073112611617e-15,1
22873,D1_Craig_Bampton_R04,0,25,4,0,0,1,67852,43,0.993266372864676,1,0,2.14568293512785e-15,2.15726213334696e-15,1
22874,D1_Craig_Bampton_R04,0,26,4,0,0,1,67895,44,0.993263628600415,1,0,2.06571858868081e-15,2.13993955899039e-15,1
22875,D1_Craig_Bampton_R04,0,27,4,0,0,1,67939,45,0.993262969369694,1,0,3.02774338581137e-15,3.07146061652606e-15,1
22876,D1_Craig_Bampton_R04,0,28,4,0,0,1,67984,46,0.99326448515343,1,0,4.5728518038522e-15,4.56701184216254e-15,1
22877,D1_Craig_Bampton_R04,0,29,4,0,0,1,68030,47,0.993268260616632,1,0,2.26563213081879e-15,2.260040941026e-15,1
22878,D1_Craig_Bampton_R04,0,30,4,0,0,1,68077,48,0.993274373686859,1,0,5.55794750657596e-15,5.49430486500847e-15,1
22879,D1_Craig_Bampton_R04,0,31,4,0,0,1,68125,49,0.993282894065225,1,0,1.73211173585881e-15,1.8460491816363e-15,1
22880,D1_Craig_Bampton_R04,0,32,4,0,0,1,68174,50,0.993293881700191,1,0,1.81109821673678e-15,1.87482495859806e-15,1
22881,D1_Craig_Bampton_R04,0,33,4,0,0,1,68224,51,0.993307385260605,1,0,1.84241592277845e-15,1.87501616708608e-15,1
22882,D1_Craig_Bampton_R04,0,34,4,0,0,1,68275,52,0.993323440650569,1,0,2.22916450227329e-15,2.21997663106806e-15,1
22883,D1_Craig_Bampton_R04,0,35,4,0,0,1,68327,53,0.993342069613554,1,0,2.38484216776514e-15,2.42995741185569e-15,1
22884,D1_Craig_Bampton_R04,0,36,4,0,0,1,68380,54,0.993363278475867,1,0,3.79597422804878e-15,3.78549111845558e-15,1
22885,D1_Craig_Bampton_R04,0,37,4,0,0,1,68434,55,0.993387057080642,1,0,4.09007406234822e-15,4.08436423049709e-15,1
22886,D1_Craig_Bampton_R04,0,38,4,0,0,1,68489,56,0.993413377961197,1,0,3.37852221276115e-15,3.35018179121219e-15,1
22887,D1_Craig_Bampton_R04,0,39,4,0,0,1,68545,57,0.993442195797717,1,0,2.81636147218757e-15,2.86066501962548e-15,1
22888,D1_Craig_Bampton_R04,0,40,4,0,0,1,68602,58,0.993473447193099,1,0,3.45379596114851e-15,3.44454976560104e-15,1
22889,D1_Craig_Bampton_R04,0,41,4,0,0,1,68660,59,0.993507050793291,1,0,5.20006797438882e-15,5.297422650151e-15,1
22890,D1_Craig_Bampton_R04,0,42,4,0,0,1,68719,60,0.993542907764188,1,0,3.3840445117156e-15,3.36559387875281e-15,1
22891,D1_Craig_Bampton_R04,0,43,4,0,0,1,68779,61,0.993580902623017,1,0,4.4483609520716e-15,4.53755638393554e-15,1
22892,D1_Craig_Bampton_R04,0,44,4,0,0,1,68840,62,0.993620904407298,1,0,4.2230544948334e-15,4.21120702617586e-15,1
22893,D1_Craig_Bampton_R04,0,45,4,0,0,1,68902,63,0.993662768150194,1,0,4.42344432384755e-15,4.43865135666496e-15,1
22894,D1_Craig_Bampton_R04,0,46,4,0,0,1,68965,64,0.993706336618531,1,0,5.95674756920947e-15,5.94588086891802e-15,1
22895,D1_Craig_Bampton_R04,0,47,4,0,0,1,69029,65,0.993751442259553,1,0,5.53461625085062e-15,5.51358473117114e-15,1
22896,D1_Craig_Bampton_R04,0,48,4,0,0,1,69094,66,0.993797909295899,1,0,6.48989702278673e-15,6.4213813358725e-15,1
22897,D1_Craig_Bampton_R04,0,49,4,0,0,1,69160,67,0.993845555904356,1,0,4.69178896590799e-15,4.70643843380146e-15,1
22898,D1_Craig_Bampton_R04,0,50,4,0,0,1,69227,68,0.993894196414573,1,0,7.63469046167361e-15,7.67858037043807e-15,1
22899,D1_Craig_Bampton_R04,0,51,4,0,0,1,69295,69,0.993943643467002,1,0,6.93623959200798e-15,6.74701790863245e-15,1
22900,D1_Craig_Bampton_R04,0,52,4,0,0,1,69364,70,0.993993710075657,1,0,4.42973457401781e-15,4.31777667686483e-15,1
22901,D1_Craig_Bampton_R04,0,53,4,0,0,1,69434,71,0.994044211549608,1,0,5.0573434952368e-15,5.11357322886933e-15,1
22902,D1_Craig_Bampton_R04,0,54,4,0,0,1,69505,72,0.994094967236458,1,0,4.42145742063511e-15,4.46294565361693e-15,1
22903,D1_Craig_Bampton_R04,0,55,4,0,0,1,69577,73,0.994145802061666,1,0,1.04973859962414e-14,1.0597268075073e-14,1
22904,D1_Craig_Bampton_R04,0,56,4,0,0,1,69650,74,0.994196547847175,1,0,1.3137027396192e-14,1.29712180399265e-14,1
22905,D1_Craig_Bampton_R04,0,57,4,0,0,1,69724,75,0.994247044402481,1,0,1.00130376377013e-14,1.00900313732164e-14,1
22906,D1_Craig_Bampton_R04,0,58,4,0,0,1,69799,76,0.994297140389493,1,0,5.75885681677288e-15,5.8152040558989e-15,1
22907,D1_Craig_Bampton_R04,0,59,4,0,0,1,69875,77,0.994346693969297,1,0,3.9619519184556e-15,3.92120092348981e-15,1
22908,D1_Craig_Bampton_R04,0,60,4,0,0,1,69952,78,0.994395573244619,1,0,4.538734221728e-15,4.48980421825662e-15,1
22909,D1_Craig_Bampton_R04,0,61,4,0,0,1,70030,79,0.994443656515475,1,0,5.78383299275721e-15,5.91827645418883e-15,1
22910,D1_Craig_Bampton_R04,0,62,4,0,0,1,70109,80,0.994490832368306,1,0,4.04081396926995e-15,3.98396017522412e-15,1
22911,D1_Craig_Bampton_R04,0,63,4,0,0,1,70189,81,0.994536999619923,1,0,6.9790417039645e-15,7.01944674429919e-15,1
22912,D1_Craig_Bampton_R04,0,64,4,0,0,1,70270,82,0.99458206713829,1,0,7.01527698874886e-15,7.04598382467152e-15,1
22913,D1_Craig_Bampton_R04,0,65,4,0,0,1,70352,83,0.994625953561273,1,0,6.51149074342208e-15,6.53719884194794e-15,1
22914,D1_Craig_Bampton_R04,0,66,6,0,1,1,70435,84,0.99466858693353,1,0,5.37228828450859e-15,5.40075772223323e-15,1
22981,D1_Craig_Bampton_R04,1,66,2,0,1,0,70519,85,0.994653143979524,1,0,7.54816390627238e-14,7.54580274932344e-14,1
23048,D1_Craig_Bampton_R04,2,66,2,0,1,0,70604,86,0.994637592112353,1,0,4.96105244128946e-15,5.02505711296196e-15,1
23115,D1_Craig_Bampton_R04,3,66,2,0,1,0,70690,87,0.994621948445303,1,0,1.27545909484367e-14,1.26858195102822e-14,1
23182,D1_Craig_Bampton_R04,4,66,2,0,1,0,70777,88,0.994606232859666,1,0,4.16898076346417e-15,4.17002149878414e-15,1
23249,D1_Craig_Bampton_R04,5,66,2,0,1,0,70865,89,0.99459046836274,1,0,9.50348096916145e-15,9.49333839509014e-15,1
23316,D1_Craig_Bampton_R04,6,66,2,0,1,0,70954,90,0.994574681483411,1,0,9.79470699657532e-15,9.75272039670253e-15,1
23383,D1_Craig_Bampton_R04,7,66,2,0,1,0,71044,91,0.994558902707088,1,0,1.11706901022553e-14,1.11997919331905e-14,1
23450,D1_Craig_Bampton_R04,8,66,2,0,1,0,71135,92,0.994543166951944,1,0,1.05899232388059e-14,1.05871458763365e-14,1
23517,D1_Craig_Bampton_R04,9,66,2,0,1,0,71227,93,0.994527514087051,1,0,8.99530830552936e-15,9.03884774388229e-15,1
23584,D1_Craig_Bampton_R04,10,66,2,0,1,0,71320,94,0.994511989492078,1,0,9.46345196259151e-15,9.52805574970393e-15,1
23651,D1_Craig_Bampton_R04,11,66,2,0,1,0,71414,95,0.994496644656291,1,0,7.46755405550764e-15,7.49334251999333e-15,1
23718,D1_Craig_Bampton_R04,12,66,2,0,1,0,71509,96,0.994481537812585,1,0,1.18846192468278e-14,1.18165099234762e-14,1
23785,D1_Craig_Bampton_R04,13,66,2,0,1,0,71605,97,0.994466734598918,1,0,1.14461920711531e-14,1.14783258842154e-14,1
23852,D1_Craig_Bampton_R04,14,66,2,0,1,0,71702,98,0.994452308735715,1,0,9.1268849835193e-15,9.09071365392151e-15,1
23919,D1_Craig_Bampton_R04,15,66,2,0,1,0,71800,99,0.994438342702613,1,0,8.34315121082114e-15,8.27655548261331e-15,1
23986,D1_Craig_Bampton_R04,16,66,2,0,1,0,71899,100,0.994424928391419,1,0,1.28819061775085e-14,1.28608026951818e-14,1
24053,D1_Craig_Bampton_R04,17,66,2,0,1,0,71999,101,0.994412167704941,1,0,1.82026729061718e-14,1.82959008858316e-14,1
24120,D1_Craig_Bampton_R04,18,66,2,0,1,0,72100,102,0.994400173061282,1,0,9.54421702376173e-15,9.54410241176792e-15,1
24187,D1_Craig_Bampton_R04,19,66,2,0,1,0,72202,103,0.994389067753496,1,0,2.91600737204723e-14,2.91465881174207e-14,1
24254,D1_Craig_Bampton_R04,20,66,2,0,1,0,72305,104,0.994378986102444,1,0,1.85997788858699e-14,1.86562809386323e-14,1
24321,D1_Craig_Bampton_R04,21,66,2,0,1,0,72409,105,0.994370073328424,1,0,2.37647730846227e-14,2.36344104482261e-14,1
24388,D1_Craig_Bampton_R04,22,66,2,0,1,0,72514,106,0.9943624850564,1,0,4.49172742063706e-14,4.49265955153851e-14,1
24455,D1_Craig_Bampton_R04,23,66,2,0,1,0,72620,107,0.994356386358907,1,0,1.55708843081289e-14,1.57106160061219e-14,1
24522,D1_Craig_Bampton_R04,24,66,2,0,1,0,72727,108,0.994351950236944,1,0,2.75847442140086e-14,2.75933902846716e-14,1
24589,D1_Craig_Bampton_R04,25,66,2,0,1,0,72835,109,0.994349355439709,1,0,3.87126897054465e-14,3.86970679720757e-14,1
24656,D1_Craig_Bampton_R04,26,66,2,0,1,0,72944,110,0.994348783536621,1,0,4.92546608692094e-14,4.93066337415122e-14,1
24723,D1_Craig_Bampton_R04,27,66,2,0,1,0,73054,111,0.994350415180926,1,0,2.48518184155029e-14,2.48359314230118e-14,1
24790,D1_Craig_Bampton_R04,28,66,2,0,1,0,73165,112,0.994354425545846,1,0,2.19276395917592e-14,2.18744826459116e-14,1
24857,D1_Craig_Bampton_R04,29,66,2,0,1,0,73277,113,0.994360978975261,1,0,3.18725360686631e-14,3.17805610135899e-14,1
24924,D1_Craig_Bampton_R04,30,66,2,0,1,0,73390,114,0.994370222968922,1,0,1.7038596342038e-14,1.70878615386058e-14,1
24947,D2_Original_R01,0,22,1,1,0,0,73504,52,0.999897583236367,1,0,4.00168073689025e-14,4.0211096026298e-14,1
24948,D2_Original_R01,0,23,7,1,1,1,73556,53,1.00001829854747,3,0,3.39760979142285e-14,3.35533704425172e-14,1
24949,D2_Original_R01,0,24,4,0,0,1,73609,54,1.00013823393219,3,0,5.53626841702195e-14,5.52273301971072e-14,1
24950,D2_Original_R01,0,25,4,0,0,1,73663,55,1.00025721460204,3,0,2.42348012496753e-14,2.42399415925696e-14,1
24951,D2_Original_R01,0,26,4,0,0,1,73718,56,1.00037505446031,3,0,4.17955367903971e-14,4.22777936144322e-14,1
24952,D2_Original_R01,0,27,4,0,0,1,73774,57,1.00049155701613,3,0,5.10143892071384e-14,5.16694852089234e-14,1
24953,D2_Original_R01,0,28,4,0,0,1,73831,58,1.00060651658468,3,0,5.68823932356587e-14,5.68434102018589e-14,1
24954,D2_Original_R01,0,29,4,0,0,1,73889,59,1.00071971977098,3,0,4.84773573773877e-14,4.88102536262625e-14,1
24955,D2_Original_R01,0,30,4,0,0,1,73948,60,1.00083094722297,3,0,1.21601227265357e-13,1.2183886068127e-13,1
24956,D2_Original_R01,0,31,4,0,0,1,74008,61,1.00093997562718,3,0,1.08702892405175e-13,1.11084943461859e-13,1
24957,D2_Original_R01,0,32,4,0,0,1,74069,62,1.00104657990799,3,0,4.8668096508351e-14,4.72249064818292e-14,1
24958,D2_Original_R01,0,33,4,0,0,1,74131,63,1.00115053557953,3,0,1.27035449273779e-13,1.25922121878003e-13,1
24959,D2_Original_R01,0,34,4,0,0,1,74194,64,1.00125162118993,3,0,9.39500524947105e-14,9.42718258578577e-14,1
24960,D2_Original_R01,0,35,4,0,0,1,74258,65,1.00134962079024,3,0,7.24590946787775e-14,7.34489068649279e-14,1
24961,D2_Original_R01,0,36,4,0,0,1,74323,66,1.00144432635706,3,0,1.05823617832031e-13,1.06640033465277e-13,1
24962,D2_Original_R01,0,37,4,0,0,1,74389,67,1.00153554009767,3,0,1.2174361595737e-13,1.22512835867423e-13,1
24963,D2_Original_R01,0,38,4,0,0,1,74456,68,1.00162307657119,3,0,1.58665755213137e-13,1.5725591335023e-13,1
24964,D2_Original_R01,0,39,4,0,0,1,74524,69,1.00170676456644,3,0,1.58420160998408e-13,1.58922467012522e-13,1
24965,D2_Original_R01,0,40,4,0,0,1,74593,70,1.00178644868864,3,0,1.19338368034392e-13,1.18132139261188e-13,1
24966,D2_Original_R01,0,41,4,0,0,1,74663,71,1.00186199061989,3,0,9.55292845277941e-14,9.24185486467049e-14,1
24967,D2_Original_R01,0,42,4,0,0,1,74734,72,1.00193327003262,3,0,1.46186195508716e-13,1.46349941706294e-13,1
24968,D2_Original_R01,0,43,4,0,0,1,74806,73,1.00200018515033,3,0,2.09931558615086e-13,2.06607585071811e-13,1
24969,D2_Original_R01,0,44,4,0,0,1,74879,74,1.00206265296284,3,0,1.47070256598375e-13,1.45296369935957e-13,1
24970,D2_Original_R01,0,45,4,0,0,1,74953,75,1.00212060911604,3,0,1.56111550330393e-13,1.58247014465258e-13,1
24971,D2_Original_R01,0,46,4,0,0,1,75028,76,1.00217400750568,3,0,2.08750380983051e-13,2.07675118966093e-13,1
24972,D2_Original_R01,0,47,4,0,0,1,75104,77,1.00222281961219,3,0,1.26842967702815e-13,1.24652292415184e-13,1
24973,D2_Original_R01,0,48,4,0,0,1,75181,78,1.0022670336183,3,0,1.23173681803666e-13,1.23105574317769e-13,1
24974,D2_Original_R01,0,49,4,0,0,1,75259,79,1.00230665335309,3,0,1.26793335314911e-13,1.24518590396928e-13,1
24975,D2_Original_R01,0,50,4,0,0,1,75338,80,1.00234169710641,3,0,2.05759085887264e-13,2.05644326586474e-13,1
24976,D2_Original_R01,0,51,4,0,0,1,75418,81,1.00237219635531,3,0,1.23644229735558e-13,1.25339056039602e-13,1
24977,D2_Original_R01,0,52,4,0,0,1,75499,82,1.0023981944409,3,0,1.12270433856006e-13,1.15615762097751e-13,1
24978,D2_Original_R01,0,53,4,0,0,1,75581,83,1.0024197452298,3,0,1.333443608854e-13,1.33210292171887e-13,1
24979,D2_Original_R01,0,54,4,0,0,1,75664,84,1.00243691178932,3,0,1.60773289205609e-13,1.61048554987017e-13,1
24980,D2_Original_R01,0,55,4,0,0,1,75748,85,1.00244976510038,3,0,1.71995015971248e-13,1.71533710794196e-13,1
24981,D2_Original_R01,0,56,4,0,0,1,75833,86,1.00245838282745,3,0,1.33152832781503e-13,1.30303071420098e-13,1
24982,D2_Original_R01,0,57,4,0,0,1,75919,87,1.00246284815975,3,0,1.47669244409141e-13,1.45596592175964e-13,1
24983,D2_Original_R01,0,58,4,0,0,1,76006,88,1.00246324873391,3,0,2.55489368916666e-13,2.55392751233435e-13,1
24984,D2_Original_R01,0,59,4,0,0,1,76094,89,1.00245967564452,3,0,2.67506973317031e-13,2.67240059224054e-13,1
24985,D2_Original_R01,0,60,4,0,0,1,76183,90,1.00245222254591,3,0,2.7159985948216e-13,2.72009837151443e-13,1
24986,D2_Original_R01,0,61,4,0,0,1,76273,91,1.0024409848458,3,0,2.82587605752922e-13,2.84183016501157e-13,1
24987,D2_Original_R01,0,62,4,0,0,1,76364,92,1.00242605898944,3,0,1.70430208571685e-13,1.73025240958603e-13,1
24988,D2_Original_R01,0,63,4,0,0,1,76456,93,1.00240754183149,3,0,3.54074227985438e-13,3.53389215653392e-13,1
24989,D2_Original_R01,0,64,4,0,0,1,76549,94,1.00238553009147,3,0,1.72833854062493e-13,1.74534332129606e-13,1
24990,D2_Original_R01,0,65,4,0,0,1,76643,95,1.00236011988804,3,0,1.79441758940222e-13,1.77944524064386e-13,1
24991,D2_Original_R01,0,66,4,0,0,1,76738,96,1.00233140634682,3,0,1.42753532193074e-13,1.42750077171649e-13,1
25014,D2_Original_R01,1,22,7,1,1,1,76834,53,0.999997282629701,1,0,1.31985277847906e-13,1.3198401850946e-13,1
25015,D2_Original_R01,1,23,1,1,0,0,76887,54,1.00011539581168,3,0,2.59645598478011e-13,2.59645070228466e-13,1
25079,D2_Original_R01,2,20,1,1,0,0,76941,52,0.999862824723217,1,0,3.26990153354624e-14,3.30902512396827e-14,1
25080,D2_Original_R01,2,21,7,1,1,1,76993,53,0.999979847979159,1,0,6.08897160996081e-14,6.00578146226287e-14,1
25081,D2_Original_R01,2,22,1,1,0,0,77046,54,1.00009618641368,3,0,3.99024482999331e-14,3.96468598184048e-14,1
25141,D2_Original_R01,3,15,1,1,0,0,77100,48,0.999384888852474,1,0,1.18409985962358e-14,1.13380498189872e-14,1
25142,D2_Original_R01,3,16,1,1,0,0,77148,49,0.999501840318713,1,0,3.47499929586911e-14,3.52096467050815e-14,1
25143,D2_Original_R01,3,17,5,1,0,1,77197,50,0.999618505550405,1,0,1.54566550552521e-14,1.48453664258309e-14,1
25144,D2_Original_R01,3,18,5,1,0,1,77247,51,0.999796127790903,1,0,4.25418792094599e-14,4.24498583460321e-14,1
25145,D2_Original_R01,3,19,7,1,1,1,77298,52,0.999957823402425,1,0,2.48713253475234e-14,2.45245319385322e-14,1
25146,D2_Original_R01,3,20,5,1,0,1,77350,53,1.00009406133811,3,0,2.85027104562262e-14,2.84049928674628e-14,1
25147,D2_Original_R01,3,21,1,1,0,0,77403,54,1.00020434352109,3,0,4.00687980785162e-14,4.13269149526163e-14,1
25205,D2_Original_R01,4,12,1,1,0,0,77457,46,0.999194286247199,1,0,1.03287837091765e-14,1.01008712479177e-14,1
25206,D2_Original_R01,4,13,1,1,0,0,77503,47,0.999484050686888,1,0,1.25455544955986e-14,1.21447113102999e-14,1
25207,D2_Original_R01,4,14,5,1,0,1,77550,48,0.999757765872968,1,0,1.88009746449521e-14,1.92781424712896e-14,1
25208,D2_Original_R01,4,15,7,1,1,1,77598,49,1.00001314571347,3,0,1.61826999996604e-14,1.69598462934366e-14,1
25209,D2_Original_R01,4,16,5,1,0,1,77647,50,1.00024811246388,3,0,1.96090646340437e-14,1.9430465590438e-14,1
25210,D2_Original_R01,4,17,1,1,0,0,77697,51,1.00046085801054,3,0,2.19555249424667e-14,2.21738348912415e-14,1
25211,D2_Original_R01,4,18,1,1,0,0,77748,52,1.00064989011605,3,0,4.07001277299694e-14,4.0616504505412e-14,1
25212,D2_Original_R01,4,19,1,1,0,0,77800,53,1.00081406055382,3,0,2.63359365215554e-14,2.59092637960422e-14,1
25270,D2_Original_R01,5,10,1,1,0,0,77853,45,0.999399159156387,1,0,5.9668032119381e-15,5.74538310265809e-15,1
25271,D2_Original_R01,5,11,5,1,0,1,77898,46,0.999717981061445,1,0,1.57184080047189e-14,1.54936041390092e-14,1
25272,D2_Original_R01,5,12,7,1,1,1,77944,47,1.00002548717897,3,0,1.57031610846553e-14,1.48140023201968e-14,1
25273,D2_Original_R01,5,13,5,1,0,1,77991,48,1.00031913434394,3,0,1.17321129124166e-14,1.19356712293286e-14,1
25274,D2_Original_R01,5,14,1,1,0,0,78039,49,1.00059645759969,3,0,1.8889519423313e-14,1.86075596162322e-14,1
25335,D2_Original_R01,6,8,1,1,0,0,78088,44,0.999541652821418,1,0,7.29322654222845e-15,7.2171030518623e-15,1
25336,D2_Original_R01,6,9,7,1,1,1,78132,45,0.999879914261749,1,0,5.64612994606414e-15,5.84542941101106e-15,1
25337,D2_Original_R01,6,10,5,1,0,1,78177,46,1.00021178842234,3,0,6.32492816040132e-15,6.18130940936701e-15,1
25338,D2_Original_R01,6,11,1,1,0,0,78223,47,1.00053472241945,3,0,1.24963332756243e-14,1.32089989821604e-14,1
25399,D2_Original_R01,7,5,1,1,0,0,78270,42,0.999285092735043,1,0,1.5659920950097e-14,1.56814808581883e-14,1
25400,D2_Original_R01,7,6,5,1,0,1,78312,43,0.999632775165817,1,0,2.56784329543663e-15,2.78743519845013e-15,1
25401,D2_Original_R01,7,7,7,1,1,1,78355,44,0.999980958901131,1,0,8.08880050137078e-15,8.40720450370851e-15,1
25402,D2_Original_R01,7,8,5,1,0,1,78399,45,1.00032746624078,3,0,1.1809030724888e-14,1.16892634576086e-14,1
25403,D2_Original_R01,7,9,1,1,0,0,78444,46,1.00066993688036,3,0,7.49360099896301e-15,6.69593646211294e-15,1
25464,D2_Original_R01,8,3,1,1,0,0,78490,41,0.999338118253375,1,0,9.89032960415292e-15,9.89114448310009e-15,1
25465,D2_Original_R01,8,4,5,1,0,1,78531,42,0.999683006647976,1,0,9.04533297174661e-15,9.21147781940041e-15,1
25466,D2_Original_R01,8,5,7,1,1,1,78573,43,1.00003229767333,3,0,3.23894248355718e-15,3.2796908347639e-15,1
25467,D2_Original_R01,8,6,1,1,0,0,78616,44,1.00038413976195,3,0,9.62758651831747e-15,9.65377196780871e-15,1
25468,D2_Original_R01,8,7,1,1,0,0,78660,45,1.0007364794576,3,0,1.32350223905894e-14,1.32776391494703e-14,1
25529,D2_Original_R01,9,1,1,1,0,0,78705,40,0.999367028563194,1,0,6.03729159774778e-13,6.03729218351255e-13,1
25530,D2_Original_R01,9,2,5,1,0,1,78745,41,0.999701856366146,1,0,2.2432063965988e-14,2.24289147273841e-14,1
25531,D2_Original_R01,9,3,7,1,1,1,78786,42,1.00004442334349,3,0,1.52535348687717e-14,1.52366104864134e-14,1
25532,D2_Original_R01,9,4,1,1,0,0,78828,43,1.00039319099272,3,0,9.18717209338456e-15,9.19723359007951e-15,1
25595,D2_Original_R01,10,0,5,1,0,1,78871,40,0.999697947894088,1,0,1.08904472106405e-14,1.14891172218666e-14,1
25596,D2_Original_R01,10,1,7,1,1,1,78911,41,1.00002694966164,3,0,4.38656806411479e-13,4.38656746062005e-13,1
25597,D2_Original_R01,10,2,1,1,0,0,78952,42,1.00036526116476,3,0,3.19575229718337e-14,3.09702895501699e-14,1
25662,D2_Original_R01,11,0,3,1,1,0,78994,41,1.00031025273175,3,0,9.78930763386327e-15,9.71144182879932e-15,1
25729,D2_Original_R01,12,0,2,0,1,0,79035,42,1.00087405632312,3,0,1.47188499207737e-14,1.4990865349102e-14,1
25796,D2_Original_R01,13,0,2,0,1,0,79077,43,1.00138632660255,3,0,1.40736133742211e-14,1.44983192194788e-14,1
25863,D2_Original_R01,14,0,2,0,1,0,79120,44,1.00184517213889,3,0,4.55714398430247e-14,4.55032259244759e-14,1
25930,D2_Original_R01,15,0,2,0,1,0,79164,45,1.00224976547229,3,0,1.95633138992521e-14,1.84506871195512e-14,1
26063,D2_Original_R01,16,66,2,0,1,0,79209,112,1.0025878598516,3,0,1.73365589243046e-13,1.7336612845733e-13,1
26130,D2_Original_R01,17,66,2,0,1,0,79321,113,1.00260591772331,3,0,5.39526825315134e-13,5.39829101641876e-13,1
26131,D2_Original_R01,18,0,2,0,1,0,79434,48,1.00314279906687,3,0,6.99111513726088e-14,6.97220476123587e-14,1
26198,D2_Original_R01,19,0,2,0,1,0,79482,49,1.00333836113237,3,0,4.7707134921438e-14,4.61495311213341e-14,1
26265,D2_Original_R01,20,0,2,0,1,0,79531,50,1.00348632395965,3,0,3.50454055864035e-14,3.46187314946299e-14,1
26332,D2_Original_R01,21,0,2,0,1,0,79581,51,1.00358911998333,3,0,2.47375431283544e-14,2.47478760610538e-14,1
26399,D2_Original_R01,22,0,2,0,1,0,79632,52,1.00364927767307,3,0,6.09812390483819e-14,6.06926134820136e-14,1
26466,D2_Original_R01,23,0,2,0,1,0,79684,53,1.00366935093969,3,0,2.87463166368697e-14,2.7644667725634e-14,1
26533,D2_Original_R01,24,0,2,0,1,0,79737,54,1.00365186883502,3,0,7.63998319565791e-14,7.70800436276339e-14,1
26600,D2_Original_R01,25,0,2,0,1,0,79791,55,1.00359930240561,3,0,2.12942519859019e-14,2.15486590444379e-14,1
26667,D2_Original_R01,26,0,2,0,1,0,79846,56,1.00351404551424,3,0,1.11312186535855e-13,1.11589029937559e-13,1
26734,D2_Original_R01,27,0,2,0,1,0,79902,57,1.00339840664748,3,0,5.15507477503376e-14,5.10154210724938e-14,1
26801,D2_Original_R01,28,0,2,0,1,0,79959,58,1.00325460902348,3,0,8.59838475364279e-14,8.56527188948283e-14,1
26868,D2_Original_R01,29,0,2,0,1,0,80017,59,1.00308479660499,3,0,4.65716693523302e-14,4.58286499427661e-14,1
26935,D2_Original_R01,30,0,2,0,1,0,80076,60,1.00289104386119,3,0,3.64069499571508e-14,3.61761136670615e-14,1
27002,D2_Original_R02,0,0,4,0,0,1,80136,30,0.995935456107748,1,0,3.71248625007819e-16,2.36438868886728e-16,1
27003,D2_Original_R02,0,1,4,0,0,1,80166,31,0.99591989736816,1,0,6.27371086410135e-14,6.2469823508772e-14,1
27004,D2_Original_R02,0,2,4,0,0,1,80197,32,0.995905112594636,1,0,7.45721458547854e-15,7.40689326790681e-15,1
27005,D2_Original_R02,0,3,4,0,0,1,80229,33,0.995891132254964,1,0,2.58107894573981e-15,2.87241706381659e-15,1
27006,D2_Original_R02,0,4,4,0,0,1,80262,34,0.995877987067356,1,0,2.02560374551781e-15,1.89000329152505e-15,1
27007,D2_Original_R02,0,5,4,0,0,1,80296,35,0.995865707931997,1,0,2.70412719069595e-15,2.63415324916629e-15,1
27008,D2_Original_R02,0,6,4,0,0,1,80331,36,0.995854325854719,1,0,2.31539059512811e-15,1.90953662625913e-15,1
27009,D2_Original_R02,0,7,4,0,0,1,80367,37,0.99584387186255,1,0,3.07596387004534e-15,3.18690402227008e-15,1
27010,D2_Original_R02,0,8,4,0,0,1,80404,38,0.995834376910811,1,0,5.69139356620968e-15,5.87251705385269e-15,1
27011,D2_Original_R02,0,9,4,0,0,1,80442,39,0.995825871781855,1,0,6.50240669814788e-15,6.61396606636006e-15,1
27012,D2_Original_R02,0,10,4,0,0,1,80481,40,0.995818386975141,1,0,6.44779086210379e-15,6.4914143400557e-15,1
27013,D2_Original_R02,0,11,4,0,0,1,80521,41,0.995811952588922,1,0,9.37976160434986e-15,9.23674013099883e-15,1
27014,D2_Original_R02,0,12,4,0,0,1,80562,42,0.995806598193551,1,0,1.44879375246568e-14,1.450089751001e-14,1
27015,D2_Original_R02,0,13,4,0,0,1,80604,43,0.995802352696735,1,0,1.8260664422897e-14,1.78092802407287e-14,1
27016,D2_Original_R02,0,14,4,0,0,1,80647,44,0.995799244201083,1,0,1.72729482959452e-14,1.76014736984567e-14,1
27017,D2_Original_R02,0,15,4,0,0,1,80691,45,0.995797299854587,1,0,1.93115860516605e-14,1.94813757326263e-14,1
27018,D2_Original_R02,0,16,4,0,0,1,80736,46,0.995796545694545,1,0,2.14941000151254e-14,2.1852038579072e-14,1
27019,D2_Original_R02,0,17,4,0,0,1,80782,47,0.995797006485955,1,0,2.8495794457751e-14,2.81096499883346e-14,1
27020,D2_Original_R02,0,18,4,0,0,1,80829,48,0.995798705555227,1,0,3.66986316072379e-14,3.70197899473942e-14,1
27021,D2_Original_R02,0,19,4,0,0,1,80877,49,0.995801664620427,1,0,3.1944313927215e-14,3.22242478347348e-14,1
27022,D2_Original_R02,0,20,4,0,0,1,80926,50,0.995805903619412,1,0,5.34721223211346e-14,5.35643430517339e-14,1
27023,D2_Original_R02,0,21,4,0,0,1,80976,51,0.995811440537219,1,0,3.86588291203749e-14,3.85417844585268e-14,1
27024,D2_Original_R02,0,22,4,0,0,1,81027,52,0.995818291234434,1,0,1.85346099748991e-14,1.84208268095428e-14,1
27025,D2_Original_R02,0,23,4,0,0,1,81079,53,0.995826469278189,1,0,3.23171586087439e-14,3.25053805034627e-14,1
27026,D2_Original_R02,0,24,4,0,0,1,81132,54,0.995835985777736,1,0,4.64088158707416e-14,4.64638737800691e-14,1
27027,D2_Original_R02,0,25,4,0,0,1,81186,55,0.995846849226467,1,0,3.41668788407455e-14,3.332922646284e-14,1
27028,D2_Original_R02,0,26,4,0,0,1,81241,56,0.995859065352436,1,0,9.23795497868944e-14,9.26818079190601e-14,1
27029,D2_Original_R02,0,27,4,0,0,1,81297,57,0.995872636979393,1,0,3.94365843584823e-14,4.00626052521617e-14,1
27030,D2_Original_R02,0,28,4,0,0,1,81354,58,0.995887563900344,1,0,8.85621531124038e-14,8.82301358103512e-14,1
27031,D2_Original_R02,0,29,4,0,0,1,81412,59,0.995903842765721,1,0,4.58277742790226e-14,4.61695942865539e-14,1
27032,D2_Original_R02,0,30,4,0,0,1,81471,60,0.995921466987901,1,0,7.41571480295212e-14,7.4447109770251e-14,1
27033,D2_Original_R02,0,31,4,0,0,1,81531,61,0.995940426664032,1,0,7.88739583496786e-14,7.86745600455525e-14,1
27034,D2_Original_R02,0,32,4,0,0,1,81592,62,0.995960708518616,1,0,5.94451156113664e-14,5.8543190826286e-14,1
27035,D2_Original_R02,0,33,4,0,0,1,81654,63,0.995982295867352,1,0,4.94433592211424e-14,4.87116077656083e-14,1
27036,D2_Original_R02,0,34,4,0,0,1,81717,64,0.996005168603378,1,0,5.06610376779892e-14,5.05960126607391e-14,1
27037,D2_Original_R02,0,35,4,0,0,1,81781,65,0.996029303206781,1,0,1.47534852026707e-13,1.48809021951732e-13,1
27038,D2_Original_R02,0,36,4,0,0,1,81846,66,0.996054672777929,1,0,9.12716882785797e-14,9.19914635810349e-14,1
27039,D2_Original_R02,0,37,4,0,0,1,81912,67,0.996081247094982,1,0,7.81278636580489e-14,8.07673620086244e-14,1
27040,D2_Original_R02,0,38,4,0,0,1,81979,68,0.996108992695318,1,0,1.0222961818598e-13,1.02764037363193e-13,1
27041,D2_Original_R02,0,39,4,0,0,1,82047,69,0.996137872980644,1,0,9.19252078476986e-14,9.22056097457219e-14,1
27042,D2_Original_R02,0,40,4,0,0,1,82116,70,0.996167848344832,1,0,5.82122143553817e-14,5.85847149504538e-14,1
27043,D2_Original_R02,0,41,4,0,0,1,82186,71,0.996198876323473,1,0,8.21889789733157e-14,8.20709257054984e-14,1
27044,D2_Original_R02,0,42,4,0,0,1,82257,72,0.996230911763731,1,0,1.20801892587811e-13,1.18707985289833e-13,1
27045,D2_Original_R02,0,43,4,0,0,1,82329,73,0.996263907012664,1,0,1.0937806302656e-13,1.08058317086494e-13,1
27046,D2_Original_R02,0,44,4,0,0,1,82402,74,0.996297812122178,1,0,1.07704259953658e-13,1.05789016573771e-13,1
27047,D2_Original_R02,0,45,4,0,0,1,82476,75,0.996332575068287,1,0,8.97819696748275e-14,9.03373362969615e-14,1
27048,D2_Original_R02,0,46,4,0,0,1,82551,76,0.996368141982455,1,0,8.57711510839953e-14,8.43782572583152e-14,1
27049,D2_Original_R02,0,47,4,0,0,1,82627,77,0.996404457392368,1,0,1.00193828156917e-13,1.02223947833517e-13,1
27050,D2_Original_R02,0,48,4,0,0,1,82704,78,0.996441464469703,1,0,9.48668006624621e-14,9.53527044088897e-14,1
27051,D2_Original_R02,0,49,4,0,0,1,82782,79,0.996479105282159,1,0,7.59290052278149e-14,7.58475732644601e-14,1
27052,D2_Original_R02,0,50,4,0,0,1,82861,80,0.996517321047331,1,0,1.53112781125581e-13,1.53192382225504e-13,1
27053,D2_Original_R02,0,51,4,0,0,1,82941,81,0.996556052385695,1,0,8.83284067838968e-14,8.57561777942302e-14,1
27054,D2_Original_R02,0,52,4,0,0,1,83022,82,0.996595239570488,1,0,7.9854271325621e-14,7.90101913193708e-14,1
27055,D2_Original_R02,0,53,4,0,0,1,83104,83,0.9966348227721,1,0,9.57892156758066e-14,9.47620834591989e-14,1
27056,D2_Original_R02,0,54,4,0,0,1,83187,84,0.996674742294881,1,0,9.68927019719758e-14,9.92778567502732e-14,1
27057,D2_Original_R02,0,55,4,0,0,1,83271,85,0.996714938804537,1,0,1.27274064215303e-13,1.25195465028592e-13,1
27058,D2_Original_R02,0,56,4,0,0,1,83356,86,0.996755353544397,1,0,8.63131891748289e-14,8.57931504046745e-14,1
27059,D2_Original_R02,0,57,4,0,0,1,83442,87,0.996795928539038,1,0,1.57482736373517e-13,1.50000585391555e-13,1
27060,D2_Original_R02,0,58,4,0,0,1,83529,88,0.996836606784341,1,0,1.0764842949946e-13,1.09156889715126e-13,1
27061,D2_Original_R02,0,59,4,0,0,1,83617,89,0.996877332422638,1,0,1.15676726345234e-13,1.15404148976059e-13,1
27062,D2_Original_R02,0,60,4,0,0,1,83706,90,0.996918050902654,1,0,1.41459543718739e-13,1.40570171952624e-13,1
27063,D2_Original_R02,0,61,4,0,0,1,83796,91,0.996958709123409,1,0,1.29619602011147e-13,1.33630765536385e-13,1
27064,D2_Original_R02,0,62,4,0,0,1,83887,92,0.996999255562175,1,0,1.57997399325818e-13,1.56910163945807e-13,1
27065,D2_Original_R02,0,63,4,0,0,1,83979,93,0.997039640386147,1,0,1.49019430686777e-13,1.50854862435318e-13,1
27066,D2_Original_R02,0,64,4,0,0,1,84072,94,0.99707981554827,1,0,1.21562777495701e-13,1.20089655990483e-13,1
27067,D2_Original_R02,0,65,4,0,0,1,84166,95,0.997119734867266,1,0,1.56422538912564e-13,1.57641606103302e-13,1
27068,D2_Original_R02,0,66,6,0,1,1,84261,96,0.997159354092556,1,0,1.06399046756924e-13,1.06430134352057e-13,1
27135,D2_Original_R02,1,66,2,0,1,0,84357,97,0.997154759468999,1,0,7.12266048952058e-13,7.12268647232081e-13,1
27202,D2_Original_R02,2,66,2,0,1,0,84454,98,0.99715002133566,1,0,1.21366307269657e-13,1.22652744842769e-13,1
27269,D2_Original_R02,3,66,2,0,1,0,84552,99,0.997145133578748,1,0,1.78882279408675e-13,1.79924331956652e-13,1
27336,D2_Original_R02,4,66,2,0,1,0,84651,100,0.997140089730914,1,0,4.61883543478077e-13,4.62198113449634e-13,1
27403,D2_Original_R02,5,66,2,0,1,0,84751,101,0.997134882949145,1,0,1.35553075898628e-13,1.34639733988057e-13,1
27470,D2_Original_R02,6,66,2,0,1,0,84852,102,0.997129505991213,1,0,2.10944867704432e-13,2.10532603077516e-13,1
27537,D2_Original_R02,7,66,2,0,1,0,84954,103,0.997123951190526,1,0,2.15977443658514e-13,2.14153655511204e-13,1
27604,D2_Original_R02,8,66,2,0,1,0,85057,104,0.9971182104292,1,0,1.33558314095731e-13,1.36212546557202e-13,1
27671,D2_Original_R02,9,66,2,0,1,0,85161,105,0.997112275109371,1,0,2.14541708862912e-13,2.1217139413417e-13,1
27738,D2_Original_R02,10,66,2,0,1,0,85266,106,0.997106136122585,1,0,1.823797961042e-13,1.82270801081835e-13,1
27805,D2_Original_R02,11,66,2,0,1,0,85372,107,0.997099783817209,1,0,2.26357014937882e-13,2.25543799337319e-13,1
27872,D2_Original_R02,12,66,2,0,1,0,85479,108,0.997093207963742,1,0,1.93826942228685e-13,1.93976315323307e-13,1
27939,D2_Original_R02,13,66,2,0,1,0,85587,109,0.997086397717969,1,0,2.17626408264093e-13,2.19541403117642e-13,1
28006,D2_Original_R02,14,66,2,0,1,0,85696,110,0.997079341581926,1,0,2.46854229670482e-13,2.45004739223257e-13,1
28073,D2_Original_R02,15,66,2,0,1,0,85806,111,0.997072027362581,1,0,2.71019461338157e-13,2.76298802111046e-13,1
28140,D2_Original_R02,16,66,2,0,1,0,85917,112,0.99706444212826,1,0,1.30335990740558e-13,1.30060534488395e-13,1
28207,D2_Original_R02,17,66,2,0,1,0,86029,113,0.997056572162847,1,0,1.94775122093304e-13,1.95152274675328e-13,1
28274,D2_Original_R02,18,66,2,0,1,0,86142,114,0.997048402917856,1,0,2.25417067582523e-13,2.20671841882487e-13,1
28341,D2_Original_R02,19,66,2,0,1,0,86256,115,0.997039918962528,1,0,1.15361346001122e-13,1.14806647883654e-13,1
28408,D2_Original_R02,20,66,2,0,1,0,86371,116,0.997031103932227,1,0,2.12821978039704e-13,2.13513270597345e-13,1
28475,D2_Original_R02,21,66,2,0,1,0,86487,117,0.99702194047553,1,0,2.2247854965707e-13,2.20624416957628e-13,1
28542,D2_Original_R02,22,66,2,0,1,0,86604,118,0.997012410200603,1,0,1.41523251129472e-13,1.41768561924756e-13,1
28609,D2_Original_R02,23,66,2,0,1,0,86722,119,0.997002493621621,1,0,2.70084182790905e-13,2.69606251332369e-13,1
28676,D2_Original_R02,24,66,2,0,1,0,86841,120,0.996992170106373,1,0,1.92744845482932e-13,1.92776321601031e-13,1
28743,D2_Original_R02,25,66,2,0,1,0,86961,121,0.996981417826498,1,0,1.21514781649121e-13,1.21555359244341e-13,1
28810,D2_Original_R02,26,66,2,0,1,0,87082,122,0.996970213712289,1,0,2.96452580223931e-13,2.96530685020734e-13,1
28877,D2_Original_R02,27,66,2,0,1,0,87204,123,0.996958533414819,1,0,2.48950907141289e-13,2.49253721954564e-13,1
28944,D2_Original_R02,28,66,2,0,1,0,87327,124,0.996946351278634,1,0,2.14251960153565e-13,2.14249811041536e-13,1
29011,D2_Original_R02,29,66,2,0,1,0,87451,125,0.996933640329914,1,0,1.6580904145081e-13,1.65778242746196e-13,1
29078,D2_Original_R02,30,66,2,0,1,0,87576,126,0.996920372285755,1,0,3.40171126496768e-13,3.39235598833521e-13,1
29101,D2_Original_R03,0,22,1,1,0,0,87702,52,0.999880345415351,1,0,3.77464901481321e-14,3.78284678528215e-14,1
29102,D2_Original_R03,0,23,5,1,0,1,87754,53,1.00019493329281,3,0,3.60266575755951e-14,3.615107019999e-14,1
29103,D2_Original_R03,0,24,4,0,0,1,87807,54,1.00046965882635,3,0,2.42042387325013e-14,2.3687528111742e-14,1
29104,D2_Original_R03,0,25,4,0,0,1,87861,55,1.00070411443367,3,0,3.06810845199982e-14,3.03012126568661e-14,1
29105,D2_Original_R03,0,26,4,0,0,1,87916,56,1.00089855673147,3,0,4.24626050156814e-14,4.46682641486888e-14,1
29106,D2_Original_R03,0,27,4,0,0,1,87972,57,1.0010537889737,3,0,6.40312266372829e-14,6.41679838888742e-14,1
29107,D2_Original_R03,0,28,4,0,0,1,88029,58,1.00117103939097,3,0,2.79622245326084e-14,2.76695906634861e-14,1
29108,D2_Original_R03,0,29,4,0,0,1,88087,59,1.00125184675826,3,0,5.50044991971242e-14,5.51876812986489e-14,1
29109,D2_Original_R03,0,30,4,0,0,1,88146,60,1.00129795999345,3,0,2.29831830507604e-14,2.28716439306101e-14,1
29110,D2_Original_R03,0,31,4,0,0,1,88206,61,1.00131125484713,3,0,7.06787383201015e-14,7.12655425192494e-14,1
29111,D2_Original_R03,0,32,4,0,0,1,88267,62,1.00129366808203,3,0,3.47865374337199e-14,3.54281948151269e-14,1
29112,D2_Original_R03,0,33,4,0,0,1,88329,63,1.00124714790342,3,0,3.49164303898773e-14,3.33479336035359e-14,1
29113,D2_Original_R03,0,34,4,0,0,1,88392,64,1.00117361857183,3,0,8.60681023491074e-14,8.62848197949601e-14,1
29114,D2_Original_R03,0,35,4,0,0,1,88456,65,1.00107495685301,3,0,7.75965858878379e-14,8.02642456307735e-14,1
29115,D2_Original_R03,0,36,4,0,0,1,88521,66,1.00095297802086,3,0,6.35875623853199e-14,6.33693717347705e-14,1
29116,D2_Original_R03,0,37,4,0,0,1,88587,67,1.00080942936282,3,0,7.82972440635042e-14,7.96777388270844e-14,1
29117,D2_Original_R03,0,38,4,0,0,1,88654,68,1.00064598943646,3,0,2.91113692596097e-14,2.97267591938994e-14,1
29118,D2_Original_R03,0,39,4,0,0,1,88722,69,1.00046427162421,3,0,3.39820722361476e-14,3.48022276288491e-14,1
29119,D2_Original_R03,0,40,4,0,0,1,88791,70,1.00026583079441,3,0,9.54876174718755e-14,9.55884955800294e-14,1
29120,D2_Original_R03,0,41,7,1,1,1,88861,71,1.00005217208538,3,0,7.21632859918388e-14,7.23360565722902e-14,1
29121,D2_Original_R03,0,42,1,1,0,0,88932,72,0.999824760978994,1,0,5.82367635779795e-14,5.90996030105173e-14,1
29167,D2_Original_R03,1,21,1,1,0,0,89004,52,0.999701945730934,1,0,1.02867184432533e-13,1.02864874740042e-13,1
29168,D2_Original_R03,1,22,7,1,1,1,89056,53,1.00003535022326,3,0,2.36253829098896e-14,2.20377359856009e-14,1
29187,D2_Original_R03,1,41,1,1,0,0,89109,72,1.00007780656358,3,0,8.20749374675005e-14,8.20726803800664e-14,1
29188,D2_Original_R03,1,42,1,1,0,0,89181,73,0.999848329537523,1,0,1.11085214660713e-13,1.11088643331555e-13,1
29234,D2_Original_R03,2,21,1,1,0,0,89254,53,0.999878478029302,1,0,4.71327660817575e-14,4.79973409207916e-14,1
29235,D2_Original_R03,2,22,1,1,0,0,89307,54,1.00019242915531,3,0,2.25655070489763e-14,2.25670175113539e-14,1
29254,D2_Original_R03,2,41,3,1,1,0,89361,73,1.00010411791478,3,0,8.37260780063319e-14,8.64158970849236e-14,1
29255,D2_Original_R03,2,42,1,1,0,0,89434,74,0.999872498333878,1,0,8.0028923235434e-14,8.09342769244239e-14,1
29300,D2_Original_R03,3,20,1,1,0,0,89508,53,0.999730946014138,1,0,1.56434471648564e-14,1.62160957126601e-14,1
29301,D2_Original_R03,3,21,7,1,1,1,89561,54,1.00005698086179,3,0,2.03205672837803e-14,2.04129462744873e-14,1
29321,D2_Original_R03,3,41,1,1,0,0,89615,74,1.00013116549243,3,0,6.17461251650525e-14,6.48453723315281e-14,1
29322,D2_Original_R03,3,42,1,1,0,0,89689,75,0.999897321371977,1,0,5.4072245332177e-14,5.46908564022771e-14,1
29359,D2_Original_R03,4,12,1,1,0,0,89764,46,0.996724831343801,1,0,9.76077168082712e-15,1.10476479926489e-14,1
29360,D2_Original_R03,4,13,1,1,0,0,89810,47,0.997168402013967,1,0,1.94466528271032e-14,1.92153465032971e-14,1
29361,D2_Original_R03,4,14,1,1,0,0,89857,48,0.997610946974865,1,0,1.09970939681043e-14,1.08449017547888e-14,1
29362,D2_Original_R03,4,15,1,1,0,0,89905,49,0.998042170060736,1,0,2.47969931943243e-14,2.39867370566063e-14,1
29367,D2_Original_R03,4,20,7,1,1,1,89954,54,0.999932167863337,1,0,3.71350122644471e-14,3.6170486008461e-14,1
29368,D2_Original_R03,4,21,1,1,0,0,90008,55,1.00023778600835,3,0,3.6856706530281e-14,3.62313156853919e-14,1
29388,D2_Original_R03,4,41,1,1,0,0,90063,75,1.00015901376339,3,0,3.75163471679013e-14,3.7605245874214e-14,1
29389,D2_Original_R03,4,42,1,1,0,0,90138,76,0.999922857181414,1,0,1.55257141474815e-13,1.56039173790924e-13,1
29403,D2_Original_R03,4,56,1,1,0,0,90214,90,0.998002722828489,1,0,1.13846589223639e-13,1.14670222914878e-13,1
29404,D2_Original_R03,4,57,1,1,0,0,90304,91,0.998062989980064,1,0,1.07352234722141e-13,1.08042393088171e-13,1
29405,D2_Original_R03,4,58,1,1,0,0,90395,92,0.99812394579126,1,0,1.31878788712455e-13,1.31122734161741e-13,1
29406,D2_Original_R03,4,59,1,1,0,0,90487,93,0.998185583638829,1,0,1.05929184097304e-13,1.06634065819941e-13,1
29407,D2_Original_R03,4,60,1,1,0,0,90580,94,0.998247893798883,1,0,9.85757918996803e-14,9.66143299857286e-14,1
29423,D2_Original_R03,5,9,1,1,0,0,90674,44,0.997968043867093,1,0,1.00124345787233e-14,1.02955037392901e-14,1
29424,D2_Original_R03,5,10,5,1,0,1,90718,45,0.998889940090608,1,0,1.68703062484585e-14,1.74269992918546e-14,1
29425,D2_Original_R03,5,11,5,1,0,1,90763,46,0.999582185278501,1,0,1.07345038353499e-14,1.12938241410674e-14,1
29426,D2_Original_R03,5,12,5,1,0,1,90809,47,1.00004395631283,3,0,8.58132077975303e-15,8.68080214509533e-15,1
29427,D2_Original_R03,5,13,5,1,0,1,90856,48,1.0002847450375,3,0,1.69677370981888e-14,1.65322554996979e-14,1
29428,D2_Original_R03,5,14,5,1,0,1,90904,49,1.00032048334279,3,0,2.95896830687538e-14,2.93857892706078e-14,1
29429,D2_Original_R03,5,15,5,1,0,1,90953,50,1.00017031790925,3,0,1.62670676850576e-14,1.74489484380188e-14,1
29430,D2_Original_R03,5,16,5,1,0,1,91003,51,0.999854273828985,1,0,9.44741662817041e-15,8.72441005257259e-15,1
29431,D2_Original_R03,5,17,5,1,0,1,91054,52,0.99939171819422,1,0,1.50664322993145e-14,1.4816996281617e-14,1
29432,D2_Original_R03,5,18,5,1,0,1,91106,53,0.999488279826518,1,0,1.93922438652277e-14,2.03398442152968e-14,1
29433,D2_Original_R03,5,19,5,1,0,1,91159,54,0.999824010517503,1,0,2.70343620548708e-14,2.85544160700633e-14,1
29434,D2_Original_R03,5,20,1,1,0,0,91213,55,1.0001357173422,3,0,2.84919384015388e-14,2.72182925957313e-14,1
29455,D2_Original_R03,5,41,1,1,0,0,91268,76,1.00018773290315,3,0,9.30494675022764e-14,9.25331973237966e-14,1
29456,D2_Original_R03,5,42,1,1,0,0,91344,77,0.999949169357072,1,0,7.29908786017171e-14,6.94601897381059e-14,1
29465,D2_Original_R03,5,51,1,1,0,0,91421,86,0.99853928799124,1,0,9.67896363820127e-14,1.00612974672662e-13,1
29466,D2_Original_R03,5,52,1,1,0,0,91507,87,0.99903443135106,1,0,7.66868207180072e-14,7.54795605473746e-14,1
29467,D2_Original_R03,5,53,1,1,0,0,91594,88,0.999432547705428,1,0,1.13981189918873e-13,1.10679005181985e-13,1
29468,D2_Original_R03,5,54,5,1,0,1,91682,89,0.999741951964928,1,0,8.0692085494052e-14,8.16065705372199e-14,1
29469,D2_Original_R03,5,55,7,1,1,1,91771,90,0.999969899413234,1,0,9.78864493433942e-14,9.37011472541079e-14,1
29470,D2_Original_R03,5,56,5,1,0,1,91861,91,1.00012272889435,3,0,1.33087638674044e-13,1.33543009241042e-13,1
29471,D2_Original_R03,5,57,1,1,0,0,91952,92,1.00020598795155,3,0,1.97487563540254e-13,1.98670317310506e-13,1
29472,D2_Original_R03,5,58,5,1,0,1,92044,93,1.00022454159931,3,0,1.72998914316091e-13,1.71263790489525e-13,1
29473,D2_Original_R03,5,59,5,1,0,1,92137,94,1.00018266716482,3,0,9.75036011022636e-14,9.40633007608572e-14,1
29474,D2_Original_R03,5,60,5,1,0,1,92231,95,1.00008413787087,3,0,6.99232827281807e-14,7.61821991959117e-14,1
29475,D2_Original_R03,5,61,5,1,0,1,92326,96,0.999932297854593,1,0,1.949609320408e-13,1.94850265410103e-13,1
29476,D2_Original_R03,5,62,5,1,0,1,92422,97,0.999730131278493,1,0,2.38273611758487e-13,2.38873099181504e-13,1
29477,D2_Original_R03,5,63,5,1,0,1,92519,98,0.999480328165967,1,0,8.09667411229239e-14,7.82995242182755e-14,1
29478,D2_Original_R03,5,64,5,1,0,1,92617,99,0.999185349601789,1,0,1.64272355007137e-13,1.63865188787671e-13,1
29479,D2_Original_R03,5,65,5,1,0,1,92716,100,0.998847494962578,1,0,1.64901165644654e-13,1.67284120519083e-13,1
29480,D2_Original_R03,5,66,1,1,0,0,92816,101,0.998639856750626,1,0,1.89489748144524e-13,1.89409534132596e-13,1
29488,D2_Original_R03,6,7,1,1,0,0,92917,43,0.998505929889849,1,0,1.51935202833489e-14,1.53030250175286e-14,1
29489,D2_Original_R03,6,8,5,1,0,1,92960,44,0.999824567738658,1,0,4.6955853217925e-15,5.25906734527754e-15,1
29490,D2_Original_R03,6,9,5,1,0,1,93004,45,1.00095825322402,3,0,8.13329893963e-15,8.13829715341109e-15,1
29491,D2_Original_R03,6,10,1,1,0,0,93049,46,1.00187925918549,3,0,1.01849594229145e-14,9.8056575194668e-15,1
29492,D2_Original_R03,6,11,1,1,0,0,93095,47,1.00257524350902,3,0,1.27362298448908e-14,1.2512619571275e-14,1
29497,D2_Original_R03,6,16,1,1,0,0,93142,52,1.002965389229,3,0,3.21990498778689e-14,3.18860274075114e-14,1
29498,D2_Original_R03,6,17,1,1,0,0,93194,53,1.00254549603699,3,0,1.45180151325662e-14,1.37901254795134e-14,1
29499,D2_Original_R03,6,18,1,1,0,0,93247,54,1.00200226357874,3,0,1.17670295166151e-14,1.05806535680589e-14,1
29500,D2_Original_R03,6,19,1,1,0,0,93301,55,1.00135105656142,3,0,2.8657741983788e-14,2.91319151493512e-14,1
29522,D2_Original_R03,6,41,1,1,0,0,93356,77,1.00021739947753,3,0,6.2347647521779e-14,6.64322974402044e-14,1
29523,D2_Original_R03,6,42,3,1,1,0,93433,78,0.999976327176008,1,0,7.6283268331081e-14,7.3608268824417e-14,1
29530,D2_Original_R03,6,49,1,1,0,0,93511,85,0.99894517918583,1,0,6.89839597242636e-14,6.69543432708364e-14,1
29531,D2_Original_R03,6,50,5,1,0,1,93596,86,0.999708766698261,1,0,9.86585408726091e-14,9.7059559180968e-14,1
29532,D2_Original_R03,6,51,1,1,0,0,93682,87,1.00035431430759,3,0,1.67686258101797e-13,1.64381532339705e-13,1
29533,D2_Original_R03,6,52,1,1,0,0,93769,88,1.00089281902624,3,0,7.79653607226325e-14,7.88187513039464e-14,1
29534,D2_Original_R03,6,53,1,1,0,0,93857,89,1.00133388531042,3,0,1.38039780047424e-13,1.37983437445142e-13,1
29535,D2_Original_R03,6,54,1,1,0,0,93946,90,1.00168589593124,3,0,1.12750956779394e-13,1.13010234225643e-13,1
29536,D2_Original_R03,6,55,1,1,0,0,94036,91,1.00195616889887,3,0,1.19996011634535e-13,1.16389227465837e-13,1
29542,D2_Original_R03,6,61,1,1,0,0,94127,97,1.00216840782312,3,0,9.63650001709703e-14,9.64155940268982e-14,1
29543,D2_Original_R03,6,62,1,1,0,0,94224,98,1.00200698663852,3,0,1.53826058882249e-13,1.54540232804749e-13,1
29544,D2_Original_R03,6,63,1,1,0,0,94322,99,1.00179738177302,3,0,1.99878985353256e-13,1.97673815969318e-13,1
29545,D2_Original_R03,6,64,1,1,0,0,94421,100,1.00154181074603,3,0,1.05321089215106e-13,1.05786068642681e-13,1
29546,D2_Original_R03,6,65,1,1,0,0,94521,101,1.00124223972768,3,0,1.60054580327746e-13,1.57691669458891e-13,1
29547,D2_Original_R03,6,66,5,1,0,1,94622,102,1.00090043532514,3,0,1.28029624694908e-13,1.29894549700027e-13,1
29553,D2_Original_R03,7,5,1,1,0,0,94724,42,0.998064326094264,1,0,7.13322201529731e-15,6.63523628471792e-15,1
29554,D2_Original_R03,7,6,5,1,0,1,94766,43,0.999617208287981,1,0,3.09613356331437e-15,2.74428580480967e-15,1
29555,D2_Original_R03,7,7,5,1,0,1,94809,44,1.00107712001476,3,0,4.2879142073272e-15,4.2011733620929e-15,1
29556,D2_Original_R03,7,8,1,1,0,0,94853,45,1.00239361270235,3,0,5.0549568774721e-15,4.89029058578078e-15,1
29590,D2_Original_R03,7,42,7,1,1,1,94898,79,1.00000440630351,3,0,7.16294191688405e-14,6.96026513924852e-14,1
29591,D2_Original_R03,7,43,1,1,0,0,94977,80,0.999748986473272,1,0,9.6548295828318e-14,9.68707688936051e-14,1
29596,D2_Original_R03,7,48,1,1,0,0,95057,85,0.999338140359047,1,0,7.97521884960229e-14,7.92914325729868e-14,1
29597,D2_Original_R03,7,49,1,1,0,0,95142,86,1.00029575157808,3,0,7.80380040095933e-14,8.11308086073868e-14,1
29598,D2_Original_R03,7,50,1,1,0,0,95228,87,1.0011205805362,3,0,1.57665518017193e-13,1.56853571419617e-13,1
29619,D2_Original_R03,8,4,1,1,0,0,95315,42,0.998572500944662,1,0,9.78683953589787e-15,1.05399237567707e-14,1
29620,D2_Original_R03,8,5,5,1,0,1,95357,43,1.00016680947948,3,0,6.83197814252919e-15,6.81165839155024e-15,1
29621,D2_Original_R03,8,6,1,1,0,0,95400,44,1.00172018641683,3,0,9.50545149900229e-15,9.75312337127652e-15,1
29657,D2_Original_R03,8,42,3,1,1,0,95444,80,1.00003348960365,3,0,8.00021364029022e-14,8.01123533348009e-14,1
29658,D2_Original_R03,8,43,1,1,0,0,95524,81,0.999775440115399,1,0,9.42198347499032e-14,9.39686214808657e-14,1
29662,D2_Original_R03,8,47,1,1,0,0,95605,85,0.998979473986784,1,0,7.22372346854222e-14,7.25825859335886e-14,1
29663,D2_Original_R03,8,48,1,1,0,0,95690,86,1.0001720942171,3,0,6.12294111010413e-14,5.70296027991956e-14,1
29685,D2_Original_R03,9,3,1,1,0,0,95776,42,0.998611496230961,1,0,6.38323355688874e-15,6.38436664658261e-15,1
29686,D2_Original_R03,9,4,5,1,0,1,95818,43,1.00019968877315,3,0,7.88280936207128e-15,7.77693361108465e-15,1
29724,D2_Original_R03,9,42,3,1,1,0,95861,81,1.00006366807184,3,0,7.30887414088862e-14,7.18027929325004e-14,1
29725,D2_Original_R03,9,43,1,1,0,0,95942,82,0.999802866734887,1,0,6.16281040268998e-14,6.01092801471282e-14,1
29729,D2_Original_R03,9,47,1,1,0,0,96024,86,0.999217056661059,1,0,9.11558021233589e-14,9.2848365677983e-14,1
29730,D2_Original_R03,9,48,1,1,0,0,96110,87,1.00052163160141,3,0,2.19717252350143e-13,2.18893219521535e-13,1
29752,D2_Original_R03,10,3,1,1,0,0,96197,43,0.999785393886426,1,0,6.46822030851998e-15,6.37432537838215e-15,1
29753,D2_Original_R03,10,4,1,1,0,0,96240,44,1.00137822352298,3,0,1.04723293689332e-14,1.07112033733581e-14,1
29791,D2_Original_R03,10,42,3,1,1,0,96284,82,1.0000950419109,3,0,5.43791024668684e-14,5.35987952847628e-14,1
29792,D2_Original_R03,10,43,1,1,0,0,96366,83,0.999831355759084,1,0,7.63048661391918e-14,7.52885402469794e-14,1
29796,D2_Original_R03,10,47,1,1,0,0,96449,87,0.998923397033112,1,0,8.79361144379464e-14,8.71210171756978e-14,1
29797,D2_Original_R03,10,48,1,1,0,0,96536,88,1.00037112285849,3,0,8.39069838443118e-14,8.48791584167442e-14,1
29818,D2_Original_R03,11,2,1,1,0,0,96624,43,0.999001482720806,1,0,8.54032897680929e-15,8.37297082733805e-15,1
29819,D2_Original_R03,11,3,1,1,0,0,96667,44,1.00054899309052,3,0,1.88710752647925e-14,1.86490800244918e-14,1
29858,D2_Original_R03,11,42,3,1,1,0,96711,83,1.00012772177671,3,0,5.29856194168433e-14,5.42871784703769e-14,1
29859,D2_Original_R03,11,43,1,1,0,0,96794,84,0.999861005853047,1,0,7.68347690824065e-14,7.8221336003792e-14,1
29864,D2_Original_R03,11,48,1,1,0,0,96878,89,0.999708100768733,1,0,7.30539924168681e-14,7.25264724795259e-14,1
29865,D2_Original_R03,11,49,1,1,0,0,96967,90,1.00113498430108,3,0,1.34407042090424e-13,1.34357277744188e-13,1
29885,D2_Original_R03,12,2,1,1,0,0,97057,44,0.999390908936695,1,0,1.22059871144602e-14,1.19384078297688e-14,1
29886,D2_Original_R03,12,3,1,1,0,0,97101,45,1.00094740742067,3,0,8.23597759274697e-15,8.13536854320665e-15,1
29925,D2_Original_R03,12,42,1,1,0,0,97146,84,1.00016183022486,3,0,1.09487627526647e-13,1.09302266393977e-13,1
29926,D2_Original_R03,12,43,3,1,1,0,97230,85,0.999891926203975,1,0,7.53130187223308e-14,7.61371475989551e-14,1
29931,D2_Original_R03,12,48,1,1,0,0,97315,90,0.998515759500057,1,0,1.58812432026326e-13,1.59534413183675e-13,1
29932,D2_Original_R03,12,49,5,1,0,1,97405,91,1.00014477778238,3,0,1.25847807959731e-13,1.20925271115979e-13,1
29952,D2_Original_R03,13,2,1,1,0,0,97496,45,0.999457643730721,1,0,1.2915829694348e-14,1.30404016882044e-14,1
29953,D2_Original_R03,13,3,1,1,0,0,97541,46,1.00102629122446,3,0,9.1825482641681e-15,9.53483014334762e-15,1
29992,D2_Original_R03,13,42,1,1,0,0,97587,85,1.00019750339649,3,0,5.22340327891087e-14,5.16557089809673e-14,1
29993,D2_Original_R03,13,43,3,1,1,0,97672,86,0.999924238018634,1,0,7.56827647623845e-14,7.5367533189007e-14,1
29999,D2_Original_R03,13,49,1,1,0,0,97758,92,0.998664335104891,1,0,1.02786271274619e-13,1.03270895961366e-13,1
30000,D2_Original_R03,13,50,1,1,0,0,97850,93,1.0002965857415,3,0,9.33317865212943e-14,8.9070553134676e-14,1
30019,D2_Original_R03,14,2,1,1,0,0,97943,46,0.999244261296877,1,0,9.94447631019334e-15,1.08299232516537e-14,1
30020,D2_Original_R03,14,3,1,1,0,0,97989,47,1.00082876060769,3,0,1.60809341530237e-14,1.6371737771996e-14,1
30059,D2_Original_R03,14,42,1,1,0,0,98036,86,1.00023489299034,3,0,5.84766466363482e-14,6.03301862863312e-14,1
30060,D2_Original_R03,14,43,3,1,1,0,98122,87,0.999958076276418,1,0,7.09672834463641e-14,7.15330897949318e-14,1
30067,D2_Original_R03,14,50,1,1,0,0,98209,94,0.998596080920233,1,0,9.22093357177239e-14,9.30215922325182e-14,1
30068,D2_Original_R03,14,51,1,1,0,0,98303,95,1.00022875260465,3,0,1.36482149037356e-13,1.37060304015571e-13,1
30086,D2_Original_R03,15,2,1,1,0,0,98398,47,0.998910852663195,1,0,3.81583549590561e-14,3.81895532931873e-14,1
30087,D2_Original_R03,15,3,1,1,0,0,98445,48,1.00039445428691,3,0,9.90760686855687e-15,1.03912406656882e-14,1
30126,D2_Original_R03,15,42,1,1,0,0,98493,87,1.00095846276339,3,0,7.55389392748706e-14,7.79853729875882e-14,1
30127,D2_Original_R03,15,43,7,1,1,1,98580,88,0.999993591790052,1,0,5.1916603940297e-14,5.05891300294473e-14,1
30128,D2_Original_R03,15,44,5,1,0,1,98668,89,0.999703621920253,1,0,1.04732399853828e-13,1.04868759096785e-13,1
30129,D2_Original_R03,15,45,1,1,0,0,98757,90,0.999405614910987,1,0,8.65023579120128e-14,8.58535069133278e-14,1
30135,D2_Original_R03,15,51,1,1,0,0,98847,96,0.998389436699185,1,0,1.01610127309374e-13,1.01089490350024e-13,1
30136,D2_Original_R03,15,52,5,1,0,1,98943,97,1.00000867745908,3,0,5.38087679128686e-14,5.409414087695e-14,1
30137,D2_Original_R03,15,53,1,1,0,0,99040,98,1.00143180327907,3,0,6.65794273871414e-14,6.720006422001e-14,1
30151,D2_Original_R03,16,0,1,1,0,0,99138,46,0.999169374880023,1,0,2.22618587713391e-14,2.22197492402845e-14,1
30152,D2_Original_R03,16,1,1,1,0,0,99184,47,0.999431591902981,1,0,2.44161081708486e-14,2.44158596743635e-14,1
30153,D2_Original_R03,16,2,5,1,0,1,99231,48,0.999681098109763,1,0,1.60318834761631e-14,1.62842329332147e-14,1
30154,D2_Original_R03,16,3,7,1,1,1,99279,49,0.999919247729966,1,0,2.0069174337472e-14,1.86386140731672e-14,1
30155,D2_Original_R03,16,4,1,1,0,0,99328,50,1.00144252156512,3,0,1.32464593899929e-14,1.29859764968047e-14,1
30194,D2_Original_R03,16,43,1,1,0,0,99378,89,1.0018593734226,3,0,5.22321119702766e-14,5.42241275326904e-14,1
30195,D2_Original_R03,16,44,1,1,0,0,99467,90,1.00103430685649,3,0,8.85420347329563e-14,8.90337673552921e-14,1
30196,D2_Original_R03,16,45,5,1,0,1,99557,91,1.00019183230777,3,0,7.61629938729599e-14,7.51210902990518e-14,1
30197,D2_Original_R03,16,46,5,1,0,1,99648,92,0.999348990398198,1,0,7.0866829783018e-14,7.37324412572904e-14,1
30198,D2_Original_R03,16,47,1,1,0,0,99740,93,0.998814313302073,1,0,7.74273148748842e-14,7.74887152531098e-14,1
30203,D2_Original_R03,16,52,1,1,0,0,99833,98,0.998117722795985,1,0,1.35944484241539e-13,1.40250001376884e-13,1
30204,D2_Original_R03,16,53,5,1,0,1,99931,99,0.999702194299415,1,0,9.6931115355743e-14,9.74687112744586e-14,1
30205,D2_Original_R03,16,54,1,1,0,0,100030,100,1.00110612572506,3,0,1.04790631051981e-13,1.0484680309468e-13,1
30218,D2_Original_R03,17,0,7,1,1,1,100130,47,1.00004326406217,3,0,1.39432960807314e-14,1.41286358646633e-14,1
30219,D2_Original_R03,17,1,5,1,0,1,100177,48,1.00026038040564,3,0,1.37632041655778e-13,1.37629083187092e-13,1
30220,D2_Original_R03,17,2,1,1,0,0,100225,49,1.00046744221159,3,0,1.55282777280424e-14,1.52302942477426e-14,1
30221,D2_Original_R03,17,3,1,1,0,0,100274,50,1.00066544083536,3,0,1.3782605707451e-14,1.38758389258717e-14,1
30264,D2_Original_R03,17,46,1,1,0,0,100324,93,1.00123178945846,3,0,8.05689588202357e-14,7.92508278139896e-14,1
30265,D2_Original_R03,17,47,5,1,0,1,100417,94,1.00054152119916,3,0,1.20570721857359e-13,1.19873981831704e-13,1
30266,D2_Original_R03,17,48,5,1,0,1,100511,95,0.999878102830539,1,0,1.70507385506468e-13,1.70411760244494e-13,1
30267,D2_Original_R03,17,49,1,1,0,0,100606,96,0.999261618646486,1,0,8.12537333589574e-14,8.28107238271407e-14,1
30268,D2_Original_R03,17,50,1,1,0,0,100702,97,0.998711617540051,1,0,7.20150774705845e-14,7.58594464901488e-14,1
30269,D2_Original_R03,17,51,1,1,0,0,100799,98,0.99824289831104,1,0,1.37056249772017e-13,1.37830096480058e-13,1
30272,D2_Original_R03,17,54,1,1,0,0,100897,101,0.999366275547025,1,0,5.65695548583675e-14,5.65346614120968e-14,1
30273,D2_Original_R03,17,55,1,1,0,0,100998,102,1.00073272997006,3,0,1.10886410852071e-13,1.09469290168075e-13,1
30333,D2_Original_R03,18,48,1,1,0,0,101100,96,1.00156841135753,3,0,1.04630974012049e-13,1.04181369258949e-13,1
30334,D2_Original_R03,18,49,1,1,0,0,101196,97,1.00103315958214,3,0,1.24204188847473e-13,1.24342237540308e-13,1
30335,D2_Original_R03,18,50,1,1,0,0,101293,98,1.00053618089802,3,0,1.48088771243419e-13,1.48421613205011e-13,1
30336,D2_Original_R03,18,51,7,1,1,1,101391,99,1.00008866551126,3,0,1.17541314328576e-13,1.12804947658717e-13,1
30337,D2_Original_R03,18,52,1,1,0,0,101490,100,0.999699357248304,1,0,1.28579558238892e-13,1.2920023677317e-13,1
30338,D2_Original_R03,18,53,1,1,0,0,101590,101,0.999373236359513,1,0,1.14221733377078e-13,1.12188172397693e-13,1
30339,D2_Original_R03,18,54,1,1,0,0,101691,102,0.999111157203411,1,0,2.18242473336381e-13,2.17679021449935e-13,1
30340,D2_Original_R03,18,55,1,1,0,0,101793,103,0.999042222182519,1,0,1.16940495323208e-13,1.17708397935466e-13,1
30341,D2_Original_R03,18,56,1,1,0,0,101896,104,1.00035460638451,3,0,9.91997474501355e-14,9.92056165380916e-14,1
30404,D2_Original_R03,19,52,1,1,0,0,102000,101,1.0012728357963,3,0,1.00165906623311e-13,1.00687152289456e-13,1
30405,D2_Original_R03,19,53,1,1,0,0,102101,102,1.0009570286342,3,0,9.26391627396922e-14,9.27173338432251e-14,1
30406,D2_Original_R03,19,54,1,1,0,0,102203,103,1.00068669933087,3,0,2.01602702292518e-13,2.02200040503516e-13,1
30407,D2_Original_R03,19,55,1,1,0,0,102306,104,1.00046243988656,3,0,1.04419525118455e-13,1.06643593772998e-13,1
30409,D2_Original_R03,19,57,6,0,1,1,102410,106,1.00014503488729,3,0,9.53338947238427e-14,9.66810960126306e-14,1
30478,D2_Original_R03,20,59,2,0,1,0,102516,109,1.00126328241508,3,0,1.2574819653767e-13,1.28555214640709e-13,1
30548,D2_Original_R03,21,62,2,0,1,0,102625,113,1.00220995032495,3,0,1.02974182262346e-13,1.02737819584792e-13,1
30617,D2_Original_R03,22,64,2,0,1,0,102738,116,1.00310136344157,3,0,1.24292455076507e-13,1.24309174386878e-13,1
30686,D2_Original_R03,23,66,2,0,1,0,102854,119,1.00387493102903,3,0,1.57684796932309e-13,1.60830943408914e-13,1
30753,D2_Original_R03,24,66,2,0,1,0,102973,120,1.00459706421604,3,0,1.38453016792584e-13,1.42110920417548e-13,1
30820,D2_Original_R03,25,66,2,0,1,0,103093,121,1.00521306760544,3,0,1.9759848179957e-13,1.97605443315782e-13,1
30887,D2_Original_R03,26,66,2,0,1,0,103214,122,1.00572767993975,3,0,1.33870354082783e-13,1.37779101182436e-13,1
30902,D2_Original_R03,27,14,2,0,1,0,103336,71,1.00607434023717,3,0,4.32321996376313e-14,4.2418769381154e-14,1
30970,D2_Original_R03,28,15,2,0,1,0,103407,73,1.00626245112429,3,0,5.76496517056425e-14,5.8215635193945e-14,1
31038,D2_Original_R03,29,16,2,0,1,0,103480,75,1.00640847233143,3,0,6.43114267504932e-14,6.43231170913914e-14,1
31107,D2_Original_R03,30,18,2,0,1,0,103555,78,1.00643728836119,3,0,7.26964738933184e-14,7.26961909426472e-14,1
31172,D2_Original_R04,0,16,4,0,0,1,103633,46,0.989719217213351,1,0,6.654742086113e-15,6.03416257659427e-15,1
31173,D2_Original_R04,0,17,4,0,0,1,103679,47,0.989765569896299,1,0,7.67579558346131e-15,7.6080794275277e-15,1
31174,D2_Original_R04,0,18,4,0,0,1,103726,48,0.989816665936714,1,0,9.54438418399785e-15,9.49114761043133e-15,1
31175,D2_Original_R04,0,19,4,0,0,1,103774,49,0.989872373236536,1,0,1.01522134914624e-14,1.04377903065135e-14,1
31176,D2_Original_R04,0,20,4,0,0,1,103823,50,0.989932525985025,1,0,8.35223482977759e-15,8.41958224386235e-15,1
31177,D2_Original_R04,0,21,4,0,0,1,103873,51,0.989996924986065,1,0,1.34734360368428e-14,1.31950289538596e-14,1
31178,D2_Original_R04,0,22,4,0,0,1,103924,52,0.990065338555016,1,0,1.31688595311966e-14,1.36822267613994e-14,1
31179,D2_Original_R04,0,23,4,0,0,1,103976,53,0.990137503993516,1,0,1.07581572681431e-14,1.00798444349976e-14,1
31180,D2_Original_R04,0,24,4,0,0,1,104029,54,0.990213129629945,1,0,1.22978453327873e-14,1.2377512163772e-14,1
31181,D2_Original_R04,0,25,4,0,0,1,104083,55,0.990291897392565,1,0,1.31223466594581e-14,1.27526560883846e-14,1
31182,D2_Original_R04,0,26,4,0,0,1,104138,56,0.990373465861565,1,0,1.21310964728366e-14,1.20187729324247e-14,1
31183,D2_Original_R04,0,27,4,0,0,1,104194,57,0.990457473728186,1,0,1.61101342873726e-14,1.48564574438269e-14,1
31184,D2_Original_R04,0,28,4,0,0,1,104251,58,0.990543543573701,1,0,2.1404783307597e-14,2.05256312106937e-14,1
31185,D2_Original_R04,0,29,4,0,0,1,104309,59,0.990631285870163,1,0,1.97656140082592e-14,2.00180923725596e-14,1
31186,D2_Original_R04,0,30,4,0,0,1,104368,60,0.990720303098471,1,0,2.28798090649083e-14,2.32679253104813e-14,1
31187,D2_Original_R04,0,31,4,0,0,1,104428,61,0.990810193878055,1,0,1.35382029928382e-14,1.43081511470171e-14,1
31188,D2_Original_R04,0,32,4,0,0,1,104489,62,0.990900557006369,1,0,3.38928706523722e-14,3.38119949436839e-14,1
31189,D2_Original_R04,0,33,4,0,0,1,104551,63,0.990990995314347,1,0,2.25625529163289e-14,2.2912753083683e-14,1
31190,D2_Original_R04,0,34,4,0,0,1,104614,64,0.991081119256018,1,0,2.29217096530765e-14,2.29841673460988e-14,1
31191,D2_Original_R04,0,35,4,0,0,1,104678,65,0.991170550164734,1,0,2.2165220406086e-14,2.23914074174253e-14,1
31192,D2_Original_R04,0,36,4,0,0,1,104743,66,0.991258923125049,1,0,2.76500597003868e-14,2.71090758680907e-14,1
31193,D2_Original_R04,0,37,4,0,0,1,104809,67,0.991345889425607,1,0,2.80449973336994e-14,2.79670134044255e-14,1
31194,D2_Original_R04,0,38,4,0,0,1,104876,68,0.99143111857515,1,0,3.02102494591046e-14,3.02684247579187e-14,1
31195,D2_Original_R04,0,39,4,0,0,1,104944,69,0.991514299878601,1,0,2.38066741308167e-14,2.56296671791777e-14,1
31196,D2_Original_R04,0,40,4,0,0,1,105013,70,0.991595143583817,1,0,3.32572462004176e-14,3.38394563014166e-14,1
31197,D2_Original_R04,0,41,4,0,0,1,105083,71,0.991673381620378,1,0,2.90652944509374e-14,2.92226364114442e-14,1
31198,D2_Original_R04,0,42,4,0,0,1,105154,72,0.991748767960885,1,0,2.66011172310423e-14,2.57711616555856e-14,1
31199,D2_Original_R04,0,43,4,0,0,1,105226,73,0.991821078641108,1,0,2.72593256241532e-14,2.71348321830297e-14,1
31200,D2_Original_R04,0,44,4,0,0,1,105299,74,0.991890111479599,1,0,3.41177751366817e-14,3.35932289664335e-14,1
31201,D2_Original_R04,0,45,4,0,0,1,105373,75,0.991955685539028,1,0,3.75927773683658e-14,3.74549540979139e-14,1
31202,D2_Original_R04,0,46,4,0,0,1,105448,76,0.992017640371753,1,0,3.41781053889367e-14,3.60680566826407e-14,1
31203,D2_Original_R04,0,47,4,0,0,1,105524,77,0.992075835090769,1,0,3.23355326985161e-14,3.36742786612278e-14,1
31204,D2_Original_R04,0,48,4,0,0,1,105601,78,0.992130147304622,1,0,3.72812067709727e-14,3.79774938167723e-14,1
31205,D2_Original_R04,0,49,4,0,0,1,105679,79,0.99218047195191,1,0,2.5915800572513e-14,2.64010160310431e-14,1
31206,D2_Original_R04,0,50,4,0,0,1,105758,80,0.992226720066964,1,0,3.77146433341371e-14,3.79056622244698e-14,1
31207,D2_Original_R04,0,51,4,0,0,1,105838,81,0.992268817504579,1,0,3.51401711533695e-14,3.52159190955373e-14,1
31208,D2_Original_R04,0,52,4,0,0,1,105919,82,0.992306703647548,1,0,3.59711011404366e-14,3.40565147571642e-14,1
31209,D2_Original_R04,0,53,4,0,0,1,106001,83,0.992340330116736,1,0,4.59284173041818e-14,4.53475854940472e-14,1
31210,D2_Original_R04,0,54,4,0,0,1,106084,84,0.992369659499908,1,0,5.17392214274932e-14,5.17334745958674e-14,1
31211,D2_Original_R04,0,55,4,0,0,1,106168,85,0.992394664111908,1,0,4.37563750933e-14,4.36529341474877e-14,1
31212,D2_Original_R04,0,56,4,0,0,1,106253,86,0.992415324795745,1,0,4.2801141884651e-14,4.24106457988912e-14,1
31213,D2_Original_R04,0,57,4,0,0,1,106339,87,0.99243162977154,1,0,9.23403688625144e-14,9.12722136745173e-14,1
31214,D2_Original_R04,0,58,4,0,0,1,106426,88,0.992443573537579,1,0,4.32905861821614e-14,4.54174150066109e-14,1
31215,D2_Original_R04,0,59,4,0,0,1,106514,89,0.992451155825956,1,0,4.18445482109557e-14,4.2769499623438e-14,1
31216,D2_Original_R04,0,60,6,0,1,1,106603,90,0.992454380613436,1,0,4.18886777093391e-14,4.14323583240267e-14,1
31217,D2_Original_R04,0,61,4,0,0,1,106693,91,0.992453255186616,1,0,4.47642153815461e-14,4.48696286357342e-14,1
31218,D2_Original_R04,0,62,4,0,0,1,106784,92,0.992447789259406,1,0,3.83300734961679e-14,3.85405103715027e-14,1
31219,D2_Original_R04,0,63,4,0,0,1,106876,93,0.992437994139691,1,0,6.16238916009504e-14,6.22779645551162e-14,1
31220,D2_Original_R04,0,64,4,0,0,1,106969,94,0.99242388194145,1,0,5.14856714087814e-14,5.04560802456433e-14,1
31221,D2_Original_R04,0,65,4,0,0,1,107063,95,0.992405464837624,1,0,5.29596066444208e-14,5.36614201274249e-14,1
31222,D2_Original_R04,0,66,4,0,0,1,107158,96,0.992382754348663,1,0,3.89010819680986e-14,3.97709345498399e-14,1
31283,D2_Original_R04,1,60,2,0,1,0,107254,91,0.992443716672906,1,0,6.10690223684282e-14,6.04957672276885e-14,1
31350,D2_Original_R04,2,60,2,0,1,0,107345,92,0.992432771641342,1,0,5.88161879848503e-14,5.87919637607259e-14,1
31417,D2_Original_R04,3,60,2,0,1,0,107437,93,0.992421550983202,1,0,5.04988950804865e-14,5.04037820537527e-14,1
31484,D2_Original_R04,4,60,2,0,1,0,107530,94,0.992410063472036,1,0,5.53724025256141e-14,5.48757209500556e-14,1
31551,D2_Original_R04,5,60,2,0,1,0,107624,95,0.99239832196267,1,0,6.8648171099263e-14,6.6458849384291e-14,1
31618,D2_Original_R04,6,60,2,0,1,0,107719,96,0.992386344302401,1,0,4.49472027561765e-14,4.44935125219365e-14,1
31685,D2_Original_R04,7,60,2,0,1,0,107815,97,0.992374154399826,1,0,4.79940776416177e-14,4.79455234091427e-14,1
31752,D2_Original_R04,8,60,2,0,1,0,107912,98,0.992361783470052,1,0,4.15561029988859e-14,4.14856541716971e-14,1
31819,D2_Original_R04,9,60,2,0,1,0,108010,99,0.992349271473122,1,0,5.28689709755684e-14,5.3557718218294e-14,1
31886,D2_Original_R04,10,60,2,0,1,0,108109,100,0.992336668757831,1,0,4.66714848393312e-14,4.66721364525915e-14,1
31953,D2_Original_R04,11,60,2,0,1,0,108209,101,0.992324037915417,1,0,5.95617306310586e-14,5.89614904235529e-14,1
32020,D2_Original_R04,12,60,2,0,1,0,108310,102,0.992311455833648,1,0,5.56409885966921e-14,5.61349536405444e-14,1
32087,D2_Original_R04,13,60,2,0,1,0,108412,103,0.99229901592137,1,0,8.46588232790241e-14,8.40974623191739e-14,1
32154,D2_Original_R04,14,60,2,0,1,0,108515,104,0.992286830442586,1,0,4.80228081915094e-14,4.76753741219968e-14,1
32221,D2_Original_R04,15,60,2,0,1,0,108619,105,0.992275032856451,1,0,3.99166004097794e-14,3.99314419623379e-14,1
32288,D2_Original_R04,16,60,2,0,1,0,108724,106,0.992263780001767,1,0,5.69792609477878e-14,5.69192074982544e-14,1
32355,D2_Original_R04,17,60,2,0,1,0,108830,107,0.992253253890855,1,0,5.11056108356018e-14,5.0473861148387e-14,1
32422,D2_Original_R04,18,60,2,0,1,0,108937,108,0.992243662789294,1,0,6.35905697448593e-14,6.35747056582264e-14,1
32489,D2_Original_R04,19,60,2,0,1,0,109045,109,0.992235241160204,1,0,5.32972416125736e-14,5.20975042084759e-14,1
32556,D2_Original_R04,20,60,2,0,1,0,109154,110,0.992228247957861,1,0,1.02700465904561e-13,1.02698432228508e-13,1
32623,D2_Original_R04,21,60,2,0,1,0,109264,111,0.992222962687631,1,0,1.14356512879305e-13,1.14366695252883e-13,1
32690,D2_Original_R04,22,60,2,0,1,0,109375,112,0.992219678642648,1,0,6.27613934574009e-14,6.27511963374074e-14,1
32757,D2_Original_R04,23,60,2,0,1,0,109487,113,0.99221869282688,1,0,7.23099287312493e-14,7.23146501556314e-14,1
32824,D2_Original_R04,24,60,2,0,1,0,109600,114,0.992220292326971,1,0,1.35728453477421e-13,1.35730971002474e-13,1
32891,D2_Original_R04,25,60,2,0,1,0,109714,115,0.992224737335977,1,0,1.42760034356178e-13,1.42748766267074e-13,1
32958,D2_Original_R04,26,60,2,0,1,0,109829,116,0.992232241656098,1,0,1.38863170664794e-13,1.38852108708757e-13,1
33024,D2_Original_R04,27,59,2,0,1,0,109945,116,0.992243202192707,1,0,1.04426581457721e-13,1.04435212458873e-13,1
33091,D2_Original_R04,28,59,2,0,1,0,110061,117,0.992257872839864,1,0,1.34572243824347e-13,1.34602240818529e-13,1
33158,D2_Original_R04,29,59,2,0,1,0,110178,118,0.992275780358161,1,0,1.11015859788076e-13,1.11042443214987e-13,1
33166,D2_Original_R04,30,0,4,0,0,1,110296,60,0.98981831187411,1,0,3.0465092413661e-14,3.14401967814991e-14,1
33167,D2_Original_R04,30,1,4,0,0,1,110356,61,0.989810600194311,1,0,3.20056089611269e-14,3.28657900752366e-14,1
33168,D2_Original_R04,30,2,4,0,0,1,110417,62,0.989802789252614,1,0,1.76800534262302e-14,1.64761489306977e-14,1
33169,D2_Original_R04,30,3,4,0,0,1,110479,63,0.989794877324719,1,0,1.87109911751356e-14,1.80685552747719e-14,1
33170,D2_Original_R04,30,4,4,0,0,1,110542,64,0.989786862643708,1,0,2.01993794159556e-14,2.06560146177167e-14,1
33171,D2_Original_R04,30,5,4,0,0,1,110606,65,0.989778743398619,1,0,2.24383375214743e-14,2.17172796119347e-14,1
33172,D2_Original_R04,30,6,4,0,0,1,110671,66,0.989770517732954,1,0,3.05122223115707e-14,3.06602385054024e-14,1
33173,D2_Original_R04,30,7,4,0,0,1,110737,67,0.989762183743145,1,0,2.85207881149866e-14,2.90806230637335e-14,1
33174,D2_Original_R04,30,8,4,0,0,1,110804,68,0.989753739476889,1,0,3.46989279424282e-14,3.46247835624962e-14,1
33175,D2_Original_R04,30,9,4,0,0,1,110872,69,0.989745182931511,1,0,2.3317901973021e-14,2.20318248381465e-14,1
33176,D2_Original_R04,30,10,4,0,0,1,110941,70,0.989736512052149,1,0,3.122424304398e-14,3.09307378055724e-14,1
33177,D2_Original_R04,30,11,4,0,0,1,111011,71,0.989727724729929,1,0,2.24909469732813e-14,2.27058393026279e-14,1
33178,D2_Original_R04,30,12,4,0,0,1,111082,72,0.989718818800049,1,0,1.9977193617008e-14,2.01382402080601e-14,1
33179,D2_Original_R04,30,13,4,0,0,1,111154,73,0.98970979203973,1,0,5.02176068231584e-14,5.04801845730955e-14,1
33180,D2_Original_R04,30,14,4,0,0,1,111227,74,0.98970064216613,1,0,4.21180148901351e-14,4.21221937022805e-14,1
33181,D2_Original_R04,30,15,4,0,0,1,111301,75,0.98969136683413,1,0,3.19241303885343e-14,3.18989794458401e-14,1
33225,D2_Original_R04,30,59,2,0,1,0,111376,119,0.992296759043276,1,0,1.59024012760739e-13,1.59010320816306e-13,1
33299,D2_Guyan_R01,0,66,2,0,1,0,111495,76,0.998940506730302,1,0,4.33886386457964e-13,4.33847912585583e-13,1
33366,D2_Guyan_R01,1,66,2,0,1,0,111571,77,0.998944440163741,1,0,4.16905441092085e-13,4.16836931004806e-13,1
33433,D2_Guyan_R01,2,66,2,0,1,0,111648,78,0.998948375345618,1,0,4.26017861734653e-13,4.25706944387009e-13,1
33500,D2_Guyan_R01,3,66,2,0,1,0,111726,79,0.998952312526554,1,0,7.60217481448274e-13,7.60172446086011e-13,1
33567,D2_Guyan_R01,4,66,2,0,1,0,111805,80,0.998956251958089,1,0,2.17707506278584e-13,2.16793293407387e-13,1
33606,D2_Guyan_R01,5,38,2,0,1,0,111885,53,0.999229703732044,1,0,8.66173921688648e-14,8.6790155023691e-14,1
33673,D2_Guyan_R01,6,38,2,0,1,0,111938,54,0.999556954966837,1,0,3.81645566136306e-13,3.81911025560214e-13,1
33715,D2_Guyan_R01,7,13,1,1,0,0,111992,30,0.999674565414969,1,0,5.08063320843949e-14,5.0930390630796e-14,1
33716,D2_Guyan_R01,7,14,1,1,0,0,112022,31,0.999690220349296,1,0,1.84651618570246e-13,1.8490224962853e-13,1
33717,D2_Guyan_R01,7,15,1,1,0,0,112053,32,0.999705417256566,1,0,4.56799744321163e-14,4.56574603423559e-14,1
33718,D2_Guyan_R01,7,16,1,1,0,0,112085,33,0.999720131212388,1,0,5.07863091452405e-14,5.07782080538398e-14,1
33719,D2_Guyan_R01,7,17,1,1,0,0,112118,34,0.999734337917901,1,0,6.09060793577072e-14,6.08531691275319e-14,1
33720,D2_Guyan_R01,7,18,1,1,0,0,112152,35,0.999748013735021,1,0,2.10678897148245e-13,2.11360884649397e-13,1
33721,D2_Guyan_R01,7,19,1,1,0,0,112187,36,0.999761135721091,1,0,1.24501729589924e-13,1.24607038942969e-13,1
33722,D2_Guyan_R01,7,20,1,1,0,0,112223,37,0.999773681662922,1,0,8.51007022339352e-14,8.49688254073783e-14,1
33723,D2_Guyan_R01,7,21,1,1,0,0,112260,38,0.999785630110041,1,0,7.3737811746113e-14,7.35553890079804e-14,1
33724,D2_Guyan_R01,7,22,1,1,0,0,112298,39,0.999796960407107,1,0,7.69311331477058e-14,7.68833768391772e-14,1
33725,D2_Guyan_R01,7,23,1,1,0,0,112337,40,0.999807652725398,1,0,1.48636651743963e-13,1.48843123759577e-13,1
33726,D2_Guyan_R01,7,24,1,1,0,0,112377,41,0.999817688093271,1,0,1.55470062529566e-13,1.55271878043709e-13,1
33727,D2_Guyan_R01,7,25,1,1,0,0,112418,42,0.999827048425498,1,0,9.30339547318904e-14,9.29070401222983e-14,1
33728,D2_Guyan_R01,7,26,1,1,0,0,112460,43,0.999835716551391,1,0,5.34281795797239e-14,5.24070960645348e-14,1
33729,D2_Guyan_R01,7,27,5,1,0,1,112503,44,0.999843676241684,1,0,5.52850341500413e-14,5.52041384756762e-14,1
33730,D2_Guyan_R01,7,28,5,1,0,1,112547,45,0.99985091223403,1,0,2.13596369105901e-13,2.13569533980416e-13,1
33731,D2_Guyan_R01,7,29,5,1,0,1,112592,46,0.99985741025709,1,0,8.27475574203447e-14,8.29786894713053e-14,1
33732,D2_Guyan_R01,7,30,5,1,0,1,112638,47,0.999863157053182,1,0,1.61194364129943e-13,1.60933143061011e-13,1
33733,D2_Guyan_R01,7,31,5,1,0,1,112685,48,0.999868140399405,1,0,1.12636404408911e-13,1.12213801350934e-13,1
33734,D2_Guyan_R01,7,32,5,1,0,1,112733,49,0.99987234912727,1,0,1.94954410083717e-13,1.95267754335142e-13,1
33735,D2_Guyan_R01,7,33,5,1,0,1,112782,50,0.999875773140701,1,0,2.52847318124129e-13,2.52341248834469e-13,1
33736,D2_Guyan_R01,7,34,5,1,0,1,112832,51,0.999878403432624,1,0,1.02476819043957e-13,1.02719456595595e-13,1
33737,D2_Guyan_R01,7,35,5,1,0,1,112883,52,0.999880232099914,1,0,1.70988905745014e-13,1.70970302025657e-13,1
33738,D2_Guyan_R01,7,36,5,1,0,1,112935,53,0.999881252356893,1,0,1.64668546445161e-13,1.64537668654245e-13,1
33739,D2_Guyan_R01,7,37,7,1,1,1,112988,54,0.999881458547389,1,0,2.01570826253324e-13,2.01876627020005e-13,1
33740,D2_Guyan_R01,7,38,5,1,0,1,113042,55,0.999880846155362,1,0,1.5172873282406e-13,1.51619969133191e-13,1
33741,D2_Guyan_R01,7,39,5,1,0,1,113097,56,0.999879411814218,1,0,2.66255915754799e-13,2.6617125866384e-13,1
33742,D2_Guyan_R01,7,40,5,1,0,1,113153,57,0.999877153314897,1,0,2.75024692488226e-13,2.74973805708142e-13,1
33743,D2_Guyan_R01,7,41,5,1,0,1,113210,58,0.999874069612835,1,0,2.5482924303766e-13,2.54130897231815e-13,1
33744,D2_Guyan_R01,7,42,5,1,0,1,113268,59,0.99987016083386,1,0,1.79988762079605e-13,1.80634858382004e-13,1
33745,D2_Guyan_R01,7,43,5,1,0,1,113327,60,0.9998654282792,1,0,2.21349902409456e-13,2.21296660446544e-13,1
33746,D2_Guyan_R01,7,44,5,1,0,1,113387,61,0.999859874429719,1,0,1.80363054437184e-13,1.80384329947616e-13,1
33747,D2_Guyan_R01,7,45,5,1,0,1,113448,62,0.99985350294952,1,0,2.51618193280943e-13,2.51367891198489e-13,1
33748,D2_Guyan_R01,7,46,5,1,0,1,113510,63,0.999846318688991,1,0,2.13887090124576e-13,2.13951384341054e-13,1
33749,D2_Guyan_R01,7,47,1,1,0,0,113573,64,0.999838327687607,1,0,2.95593502743988e-13,2.95760157421428e-13,1
33750,D2_Guyan_R01,7,48,1,1,0,0,113637,65,0.999829537176429,1,0,1.573240434148e-13,1.57022215045777e-13,1
33751,D2_Guyan_R01,7,49,1,1,0,0,113702,66,0.999819955580613,1,0,4.61596844721615e-13,4.60779306721708e-13,1
33752,D2_Guyan_R01,7,50,1,1,0,0,113768,67,0.999809592521945,1,0,4.52906694678536e-13,4.52386015613174e-13,1
33753,D2_Guyan_R01,7,51,1,1,0,0,113835,68,0.999798458821692,1,0,2.79572624027613e-13,2.79300680936822e-13,1
33754,D2_Guyan_R01,7,52,1,1,0,0,113903,69,0.999786566503846,1,0,3.7904021030958e-13,3.78749125906281e-13,1
33755,D2_Guyan_R01,7,53,1,1,0,0,113972,70,0.999773928798701,1,0,1.9893985042479e-13,1.98848627101887e-13,1
33756,D2_Guyan_R01,7,54,1,1,0,0,114042,71,0.999760560147257,1,0,2.30917554217323e-13,2.31380662932034e-13,1
33757,D2_Guyan_R01,7,55,1,1,0,0,114113,72,0.999746476206183,1,0,5.16702221969012e-13,5.15823554084808e-13,1
33758,D2_Guyan_R01,7,56,1,1,0,0,114185,73,0.999731693853713,1,0,3.9286172638232e-13,3.93012825645003e-13,1
33759,D2_Guyan_R01,7,57,1,1,0,0,114258,74,0.999716231196294,1,0,6.02927904235467e-13,6.02987834937646e-13,1
33760,D2_Guyan_R01,7,58,1,1,0,0,114332,75,0.999700107576174,1,0,6.53226398614738e-13,6.53897566942991e-13,1
33769,D2_Guyan_R01,8,0,1,1,0,0,114407,18,0.999784386233,1,0,9.04419164970815e-15,9.04295910327391e-15,1
33770,D2_Guyan_R01,8,1,1,1,0,0,114425,19,0.999803216660928,1,0,3.79969343523165e-13,3.79969365514658e-13,1
33771,D2_Guyan_R01,8,2,1,1,0,0,114444,20,0.99982192208265,1,0,5.9485406254987e-14,5.94861235497887e-14,1
33772,D2_Guyan_R01,8,3,5,1,0,1,114464,21,0.999840473536173,1,0,3.45215394712285e-14,3.45206269772929e-14,1
33773,D2_Guyan_R01,8,4,5,1,0,1,114485,22,0.999858842270841,1,0,1.59893784327908e-14,1.59897651306747e-14,1
33774,D2_Guyan_R01,8,5,5,1,0,1,114507,23,0.999876999783034,1,0,2.02862689559508e-14,2.02872930553423e-14,1
33775,D2_Guyan_R01,8,6,5,1,0,1,114530,24,0.999894917851696,1,0,2.73882646483576e-14,2.738887075081e-14,1
33776,D2_Guyan_R01,8,7,5,1,0,1,114554,25,0.999912568573661,1,0,1.97072031036509e-14,1.96974034287296e-14,1
33777,D2_Guyan_R01,8,8,5,1,0,1,114579,26,0.999929924398827,1,0,2.05237660991252e-14,2.05446911573558e-14,1
33778,D2_Guyan_R01,8,9,5,1,0,1,114605,27,0.999946958165123,1,0,3.41434692932959e-14,3.44018629984493e-14,1
33779,D2_Guyan_R01,8,10,5,1,0,1,114632,28,0.999963643133321,1,0,1.94244521211657e-14,1.96943115733107e-14,1
33780,D2_Guyan_R01,8,11,5,1,0,1,114660,29,0.999979953021639,1,0,4.03793429662467e-14,4.02037840726543e-14,1
33781,D2_Guyan_R01,8,12,5,1,0,1,114689,30,0.999995862040086,1,0,8.94537644375064e-14,8.9574599861107e-14,1
33782,D2_Guyan_R01,8,13,5,1,0,1,114719,31,1.00001134492458,3,0,8.56726833935092e-14,8.59384583835231e-14,1
33783,D2_Guyan_R01,8,14,5,1,0,1,114750,32,1.00002637697076,3,0,6.84530789756509e-14,6.84488995997922e-14,1
33784,D2_Guyan_R01,8,15,5,1,0,1,114782,33,1.00004093406739,3,0,1.45315614305507e-13,1.45322390814118e-13,1
33785,D2_Guyan_R01,8,16,5,1,0,1,114815,34,1.00005499272945,3,0,9.47170422956323e-14,9.45835460462711e-14,1
33786,D2_Guyan_R01,8,17,5,1,0,1,114849,35,1.00006853013068,3,0,7.0739510151389e-14,7.05075280029128e-14,1
33787,D2_Guyan_R01,8,18,5,1,0,1,114884,36,1.00008152413558,3,0,4.47126004233496e-14,4.51027574164083e-14,1
33788,D2_Guyan_R01,8,19,5,1,0,1,114920,37,1.00009395333087,3,0,1.33785748436144e-13,1.34079202162395e-13,1
33789,D2_Guyan_R01,8,20,5,1,0,1,114957,38,1.00010579705617,3,0,2.24268294564288e-13,2.23944144556189e-13,1
33790,D2_Guyan_R01,8,21,5,1,0,1,114995,39,1.00011703543398,3,0,2.39622053662399e-13,2.39516681479597e-13,1
33791,D2_Guyan_R01,8,22,5,1,0,1,115034,40,1.00012764939876,3,0,1.91285131934708e-13,1.91089839634705e-13,1
33792,D2_Guyan_R01,8,23,5,1,0,1,115074,41,1.0001376207251,3,0,8.87449130925842e-14,8.81733044790417e-14,1
33793,D2_Guyan_R01,8,24,5,1,0,1,115115,42,1.00014693205492,3,0,9.70566284732304e-14,9.74100709604462e-14,1
33794,D2_Guyan_R01,8,25,5,1,0,1,115157,43,1.00015556692347,3,0,1.42853681158052e-13,1.43919504694846e-13,1
33795,D2_Guyan_R01,8,26,5,1,0,1,115200,44,1.00016350978433,3,0,2.32118439996919e-13,2.32028611547494e-13,1
33796,D2_Guyan_R01,8,27,1,1,0,0,115244,45,1.0001707460331,3,0,1.20270560476508e-13,1.20316668906211e-13,1
33797,D2_Guyan_R01,8,28,1,1,0,0,115289,46,1.00017726202978,3,0,2.43963959510585e-13,2.44007810979172e-13,1
33798,D2_Guyan_R01,8,29,1,1,0,0,115335,47,1.00018304511996,3,0,1.40209113479132e-13,1.40353373696877e-13,1
33799,D2_Guyan_R01,8,30,1,1,0,0,115382,48,1.00018808365451,3,0,1.78125222171513e-13,1.78325741648884e-13,1
33800,D2_Guyan_R01,8,31,1,1,0,0,115430,49,1.00019236700797,3,0,1.44177287694886e-13,1.44174259163623e-13,1
33801,D2_Guyan_R01,8,32,1,1,0,0,115479,50,1.00019588559547,3,0,1.87847675536496e-13,1.88201566421379e-13,1
33802,D2_Guyan_R01,8,33,1,1,0,0,115529,51,1.00019863088834,3,0,1.18917187842108e-13,1.19437256875897e-13,1
33803,D2_Guyan_R01,8,34,1,1,0,0,115580,52,1.00020059542819,3,0,3.66789283110671e-13,3.66780645053685e-13,1
33804,D2_Guyan_R01,8,35,1,1,0,0,115632,53,1.00020177283972,3,0,1.95978107436861e-13,1.96232156741902e-13,1
33805,D2_Guyan_R01,8,36,1,1,0,0,115685,54,1.00020215784215,3,0,1.86974941402245e-13,1.87020410393515e-13,1
33806,D2_Guyan_R01,8,37,1,1,0,0,115739,55,1.00020174625931,3,0,1.4439667528287e-13,1.44010551637113e-13,1
33807,D2_Guyan_R01,8,38,1,1,0,0,115794,56,1.00020053502861,3,0,2.25254719349209e-13,2.25280770455133e-13,1
33808,D2_Guyan_R01,8,39,1,1,0,0,115850,57,1.00019852220869,3,0,1.54480452179322e-13,1.54690920040456e-13,1
33809,D2_Guyan_R01,8,40,1,1,0,0,115907,58,1.00019570698612,3,0,2.35850046774615e-13,2.35940497416541e-13,1
33810,D2_Guyan_R01,8,41,1,1,0,0,115965,59,1.00019208968104,3,0,2.01818041242403e-13,2.01661912063281e-13,1
33811,D2_Guyan_R01,8,42,1,1,0,0,116024,60,1.000187671752,3,0,1.26550523264673e-13,1.26579438894404e-13,1
33812,D2_Guyan_R01,8,43,1,1,0,0,116084,61,1.00018245579992,3,0,2.69809773178309e-13,2.69958523661972e-13,1
33813,D2_Guyan_R01,8,44,1,1,0,0,116145,62,1.00017644557142,3,0,1.9957550503286e-13,1.99294312052728e-13,1
33814,D2_Guyan_R01,8,45,1,1,0,0,116207,63,1.00016964596179,3,0,2.21497825546931e-13,2.21275042468668e-13,1
33815,D2_Guyan_R01,8,46,1,1,0,0,116270,64,1.00016206301725,3,0,3.02210226949824e-13,3.02936447991139e-13,1
33816,D2_Guyan_R01,8,47,5,1,0,1,116334,65,1.00015370393722,3,0,3.0771943281083e-13,3.0617861725069e-13,1
33817,D2_Guyan_R01,8,48,5,1,0,1,116399,66,1.00014457707633,3,0,5.02266793080553e-13,5.0143062393115e-13,1
33818,D2_Guyan_R01,8,49,5,1,0,1,116465,67,1.0001346919464,3,0,2.18534350819458e-13,2.18115670339662e-13,1
33819,D2_Guyan_R01,8,50,5,1,0,1,116532,68,1.00012405921854,3,0,3.66146891921541e-13,3.65991646709715e-13,1
33820,D2_Guyan_R01,8,51,5,1,0,1,116600,69,1.00011269072553,3,0,3.11710274906774e-13,3.11807432398098e-13,1
33821,D2_Guyan_R01,8,52,5,1,0,1,116669,70,1.00010059946451,3,0,5.8966601995749e-13,5.9083141031815e-13,1
33822,D2_Guyan_R01,8,53,5,1,0,1,116739,71,1.00008779960001,3,0,3.5746809984213e-13,3.5702121481318e-13,1
33823,D2_Guyan_R01,8,54,5,1,0,1,116810,72,1.00007430646773,3,0,3.51923442851132e-13,3.51901287394903e-13,1
33824,D2_Guyan_R01,8,55,5,1,0,1,116882,73,1.00006013657859,3,0,3.21700733703823e-13,3.21321764040263e-13,1
33825,D2_Guyan_R01,8,56,5,1,0,1,116955,74,1.00004530762379,3,0,3.36292252903474e-13,3.35827711017076e-13,1
33826,D2_Guyan_R01,8,57,5,1,0,1,117029,75,1.00002983848019,3,0,6.93433882080915e-13,6.92784258255226e-13,1
33827,D2_Guyan_R01,8,58,5,1,0,1,117104,76,1.00001374921658,3,0,4.56918075204942e-13,4.56965475322588e-13,1
33828,D2_Guyan_R01,8,59,7,1,1,1,117180,77,0.999997061100601,1,0,3.47478070766942e-13,3.4872927504835e-13,1
33829,D2_Guyan_R01,8,60,5,1,0,1,117257,78,0.999979796606125,1,0,4.71500013087733e-13,4.7209986800943e-13,1
33830,D2_Guyan_R01,8,61,5,1,0,1,117335,79,0.999961979421279,1,0,4.50712403566546e-13,4.50066017087297e-13,1
33831,D2_Guyan_R01,8,62,5,1,0,1,117414,80,0.99994363445678,1,0,3.69305930365174e-13,3.68634464225969e-13,1
33832,D2_Guyan_R01,8,63,5,1,0,1,117494,81,0.999924787854537,1,0,2.59682080270016e-13,2.60145388799196e-13,1
33833,D2_Guyan_R01,8,64,5,1,0,1,117575,82,0.999905466996171,1,0,2.73710515586882e-13,2.7464644376326e-13,1
33834,D2_Guyan_R01,8,65,5,1,0,1,117657,83,0.999885700511363,1,0,3.28875504397747e-13,3.28601515924857e-13,1
33835,D2_Guyan_R01,8,66,5,1,0,1,117740,84,0.999865518285561,1,0,5.52878882579307e-13,5.53645869765543e-13,1
33836,D2_Guyan_R01,9,0,7,1,1,1,117824,19,1.00012195821748,3,0,3.49407202567733e-15,3.5995538237881e-15,1
33837,D2_Guyan_R01,9,1,5,1,0,1,117843,20,1.00014045324244,3,0,2.1467861998227e-12,2.14678618679751e-12,1
33838,D2_Guyan_R01,9,2,5,1,0,1,117863,21,1.00015879389986,3,0,5.7775240517705e-14,5.77760026502657e-14,1
33839,D2_Guyan_R01,9,3,1,1,0,0,117884,22,1.00017695209634,3,0,1.23511236518001e-14,1.23508279779197e-14,1
33840,D2_Guyan_R01,9,4,1,1,0,0,117906,23,1.00019490001086,3,0,1.86292247345567e-14,1.86262605672642e-14,1
33841,D2_Guyan_R01,9,5,1,1,0,0,117929,24,1.00021261012819,3,0,3.05178291229495e-14,3.05177442807948e-14,1
33842,D2_Guyan_R01,9,6,1,1,0,0,117953,25,1.00023005527202,3,0,2.62694038726775e-14,2.62712596928145e-14,1
33843,D2_Guyan_R01,9,7,1,1,0,0,117978,26,1.00024720863784,3,0,1.56966630469468e-14,1.57005809340546e-14,1
33844,D2_Guyan_R01,9,8,1,1,0,0,118004,27,1.00026404382555,3,0,5.13610418382266e-14,5.13700382714747e-14,1
33845,D2_Guyan_R01,9,9,1,1,0,0,118031,28,1.00028053487182,3,0,1.93699586052663e-14,1.93488505272439e-14,1
33846,D2_Guyan_R01,9,10,1,1,0,0,118059,29,1.00029665628218,3,0,3.41090670918083e-14,3.4091411030304e-14,1
33847,D2_Guyan_R01,9,11,1,1,0,0,118088,30,1.00031238306279,3,0,1.97777342088105e-14,1.98221788390592e-14,1
33848,D2_Guyan_R01,9,12,1,1,0,0,118118,31,1.000327690752,3,0,6.48527238721974e-14,6.4749787855022e-14,1
33895,D2_Guyan_R01,9,59,1,1,0,0,118149,78,1.00030700974574,3,0,3.29722701826959e-13,3.30372682207185e-13,1
33896,D2_Guyan_R01,9,60,1,1,0,0,118227,79,1.0002899203693,3,0,3.58821614905077e-13,3.57554336364888e-13,1
33897,D2_Guyan_R01,9,61,1,1,0,0,118306,80,1.00027231973734,3,0,4.3121228454751e-13,4.30739048183911e-13,1
33898,D2_Guyan_R01,9,62,1,1,0,0,118386,81,1.0002542331263,3,0,3.1536212141482e-13,3.15056970351664e-13,1
33899,D2_Guyan_R01,9,63,1,1,0,0,118467,82,1.00023568698369,3,0,4.54014363102105e-13,4.53352782859113e-13,1
33900,D2_Guyan_R01,9,64,1,1,0,0,118549,83,1.00021670893303,3,0,2.55256180696194e-13,2.55169812113875e-13,1
33901,D2_Guyan_R01,9,65,1,1,0,0,118632,84,1.00019732777795,3,0,5.83323900663936e-13,5.83899906392438e-13,1
33902,D2_Guyan_R01,9,66,1,1,0,0,118716,85,1.00017757350524,3,0,4.47082853783661e-13,4.47165753353967e-13,1
33903,D2_Guyan_R01,10,0,2,0,1,0,118801,20,1.00045340930623,3,0,6.24728461736964e-15,6.45208098049866e-15,1
33970,D2_Guyan_R01,11,0,2,0,1,0,118821,21,1.00077787041517,3,0,8.76470667540389e-15,9.032782957713e-15,1
34103,D2_Guyan_R01,12,66,2,0,1,0,118842,88,1.00108473900962,3,0,5.33679704176013e-13,5.3361132028009e-13,1
34170,D2_Guyan_R01,13,66,2,0,1,0,118930,89,1.00137481740588,3,0,3.74174965095729e-13,3.74177230745746e-13,1
34237,D2_Guyan_R01,14,66,2,0,1,0,119019,90,1.00165755839523,3,0,5.62740864359969e-13,5.62727033330438e-13,1
34304,D2_Guyan_R01,15,66,2,0,1,0,119109,91,1.00193235074918,3,0,4.80497308143858e-13,4.81162615285462e-13,1
34371,D2_Guyan_R01,16,66,2,0,1,0,119200,92,1.00219865555635,3,0,4.5951743380451e-13,4.59381692373687e-13,1
34438,D2_Guyan_R01,17,66,2,0,1,0,119292,93,1.00245600892965,3,0,5.31050323036328e-13,5.31053105891136e-13,1
34505,D2_Guyan_R01,18,66,2,0,1,0,119385,94,1.00270402307686,3,0,5.48122807063924e-13,5.48134754805983e-13,1
34572,D2_Guyan_R01,19,66,2,0,1,0,119479,95,1.00294238582749,3,0,8.39100964612342e-13,8.39381686376456e-13,1
34639,D2_Guyan_R01,20,66,2,0,1,0,119574,96,1.00317085876556,3,0,9.71663319039507e-13,9.71355094993001e-13,1
34706,D2_Guyan_R01,21,66,2,0,1,0,119670,97,1.00338927415802,3,0,1.14702807300997e-12,1.14689574878486e-12,1
34773,D2_Guyan_R01,22,66,2,0,1,0,119767,98,1.00359753089546,3,0,3.69429854204752e-13,3.68689171699067e-13,1
34840,D2_Guyan_R01,23,66,2,0,1,0,119865,99,1.00379558967076,3,0,5.7450437271841e-13,5.74865298895196e-13,1
34907,D2_Guyan_R01,24,66,2,0,1,0,119964,100,1.00398346762002,3,0,5.02516475313903e-13,5.03282351765415e-13,1
34974,D2_Guyan_R01,25,66,2,0,1,0,120064,101,1.00416123263545,3,0,9.5513707187624e-13,9.5462993269511e-13,1
35041,D2_Guyan_R01,26,66,2,0,1,0,120165,102,1.00432899753875,3,0,1.0268370671541e-12,1.02793369182561e-12,1
35108,D2_Guyan_R01,27,66,2,0,1,0,120267,103,1.00448691427754,3,0,7.58200985902928e-13,7.56360273210923e-13,1
35175,D2_Guyan_R01,28,66,2,0,1,0,120370,104,1.00463516827768,3,0,7.96372505033172e-13,7.96385900939876e-13,1
35242,D2_Guyan_R01,29,66,2,0,1,0,120474,105,1.00477397305637,3,0,6.48479034868816e-13,6.48257781745492e-13,1
35309,D2_Guyan_R01,30,66,2,0,1,0,120579,106,1.00490356517266,3,0,6.43251692325031e-13,6.44678938577384e-13,1
35310,D2_Guyan_R02,0,0,6,0,1,1,120685,10,0.989018076815628,1,0,1.963423749062e-16,1.1560939375151e-16,1
35311,D2_Guyan_R02,0,1,4,0,0,1,120695,11,0.989015945503216,1,0,3.94975947070757e-12,3.94970989448881e-12,1
35312,D2_Guyan_R02,0,2,4,0,0,1,120706,12,0.98901378869733,1,0,2.81407422597787e-14,2.80200114792717e-14,1
35313,D2_Guyan_R02,0,3,4,0,0,1,120718,13,0.989011606056442,1,0,8.54861832455145e-15,8.46896694037015e-15,1
35314,D2_Guyan_R02,0,4,4,0,0,1,120731,14,0.989009397233636,1,0,1.00229592789195e-14,9.97832452100397e-15,1
35315,D2_Guyan_R02,0,5,4,0,0,1,120745,15,0.989007161876172,1,0,4.86887124352998e-15,4.87663790531562e-15,1
35316,D2_Guyan_R02,0,6,4,0,0,1,120760,16,0.989004899625663,1,0,2.10827787223728e-14,2.10411327965771e-14,1
35317,D2_Guyan_R02,0,7,4,0,0,1,120776,17,0.989002610117669,1,0,2.32445198981714e-14,2.32408965025248e-14,1
35318,D2_Guyan_R02,0,8,4,0,0,1,120793,18,0.989000292981803,1,0,2.75728463134349e-14,2.75066771156066e-14,1
35319,D2_Guyan_R02,0,9,4,0,0,1,120811,19,0.988997947841493,1,0,5.50512696917461e-14,5.51617525171274e-14,1
35320,D2_Guyan_R02,0,10,4,0,0,1,120830,20,0.988995574313816,1,0,3.21431622582834e-14,3.21193704436083e-14,1
35321,D2_Guyan_R02,0,11,4,0,0,1,120850,21,0.988993172009467,1,0,1.38785793419308e-14,1.39002439035901e-14,1
35322,D2_Guyan_R02,0,12,4,0,0,1,120871,22,0.988990740532535,1,0,2.05248928114953e-14,2.04653267289705e-14,1
35323,D2_Guyan_R02,0,13,4,0,0,1,120893,23,0.988988279480364,1,0,4.88140604982308e-14,4.89346870949841e-14,1
35324,D2_Guyan_R02,0,14,4,0,0,1,120916,24,0.988985788443453,1,0,3.2345138260527e-14,3.23427041498606e-14,1
35325,D2_Guyan_R02,0,15,4,0,0,1,120940,25,0.98898326700524,1,0,4.71569341889368e-14,4.72080383466406e-14,1
35326,D2_Guyan_R02,0,16,4,0,0,1,120965,26,0.988980714742042,1,0,2.98627290989238e-14,2.98440738191375e-14,1
35327,D2_Guyan_R02,0,17,4,0,0,1,120991,27,0.988978131222768,1,0,5.95470826559686e-14,5.95358557534806e-14,1
35328,D2_Guyan_R02,0,18,4,0,0,1,121018,28,0.988975516008832,1,0,4.44021387852837e-14,4.43977209749762e-14,1
35329,D2_Guyan_R02,0,19,4,0,0,1,121046,29,0.988972868653973,1,0,5.27454759692982e-14,5.26362142657466e-14,1
35330,D2_Guyan_R02,0,20,4,0,0,1,121075,30,0.988970188704066,1,0,3.9851655497006e-14,3.98197066089748e-14,1
35331,D2_Guyan_R02,0,21,4,0,0,1,121105,31,0.988967475696928,1,0,7.19372707872156e-14,7.18803689720388e-14,1
35332,D2_Guyan_R02,0,22,4,0,0,1,121136,32,0.98896472916219,1,0,1.47330190666265e-13,1.47367422928638e-13,1
35333,D2_Guyan_R02,0,23,4,0,0,1,121168,33,0.988961948621035,1,0,1.15282030914898e-13,1.1540138487258e-13,1
35334,D2_Guyan_R02,0,24,4,0,0,1,121201,34,0.988959133586049,1,0,6.12068737208858e-14,6.11415476228653e-14,1
35335,D2_Guyan_R02,0,25,4,0,0,1,121235,35,0.988956283560937,1,0,8.29812394069475e-14,8.3184487309332e-14,1
35336,D2_Guyan_R02,0,26,4,0,0,1,121270,36,0.988953398040459,1,0,1.1530021827192e-13,1.15447585292804e-13,1
35337,D2_Guyan_R02,0,27,4,0,0,1,121306,37,0.988950476510071,1,0,1.37040593990068e-13,1.36911375715838e-13,1
35338,D2_Guyan_R02,0,28,4,0,0,1,121343,38,0.988947518445761,1,0,1.24723016927982e-13,1.24188936073214e-13,1
35339,D2_Guyan_R02,0,29,4,0,0,1,121381,39,0.98894452331383,1,0,8.8372559327985e-14,8.82211410482843e-14,1
35340,D2_Guyan_R02,0,30,4,0,0,1,121420,40,0.988941490570658,1,0,1.2471498961099e-13,1.24619631223636e-13,1
35341,D2_Guyan_R02,0,31,4,0,0,1,121460,41,0.988938419662413,1,0,1.13492085921653e-13,1.13896162732882e-13,1
35342,D2_Guyan_R02,0,32,4,0,0,1,121501,42,0.988935310024841,1,0,1.8118638294003e-13,1.80600100121425e-13,1
35343,D2_Guyan_R02,0,33,4,0,0,1,121543,43,0.988932161082989,1,0,1.08287471143399e-13,1.08165477852756e-13,1
35344,D2_Guyan_R02,0,34,4,0,0,1,121586,44,0.988928972250958,1,0,2.00549840947603e-13,2.00486597565232e-13,1
35345,D2_Guyan_R02,0,35,4,0,0,1,121630,45,0.988925742931575,1,0,1.51458712615494e-13,1.51057031446011e-13,1
35346,D2_Guyan_R02,0,36,4,0,0,1,121675,46,0.988922472516191,1,0,1.74486815885911e-13,1.74470125967863e-13,1
35347,D2_Guyan_R02,0,37,4,0,0,1,121721,47,0.988919160384285,1,0,1.31800669281719e-13,1.31906664451287e-13,1
35348,D2_Guyan_R02,0,38,4,0,0,1,121768,48,0.988915805903248,1,0,1.51159871526222e-13,1.50946097528814e-13,1
35349,D2_Guyan_R02,0,39,4,0,0,1,121816,49,0.988912408427988,1,0,2.53760466646177e-13,2.53986340971147e-13,1
35350,D2_Guyan_R02,0,40,4,0,0,1,121865,50,0.9889089673007,1,0,2.04494075422653e-13,2.04592659568418e-13,1
35351,D2_Guyan_R02,0,41,4,0,0,1,121915,51,0.988905481850404,1,0,2.84765602569649e-13,2.8520348419884e-13,1
35352,D2_Guyan_R02,0,42,4,0,0,1,121966,52,0.988901951392793,1,0,1.7159503894268e-13,1.71688270707233e-13,1
35353,D2_Guyan_R02,0,43,4,0,0,1,122018,53,0.988898375229571,1,0,1.90829423520969e-13,1.90075633224118e-13,1
35354,D2_Guyan_R02,0,44,4,0,0,1,122071,54,0.988894752648441,1,0,2.28045715594004e-13,2.28293009082961e-13,1
35355,D2_Guyan_R02,0,45,4,0,0,1,122125,55,0.988891082922402,1,0,1.73778480521264e-13,1.72950989651386e-13,1
35356,D2_Guyan_R02,0,46,4,0,0,1,122180,56,0.98888736530955,1,0,2.68661030908575e-13,2.68974019946681e-13,1
35357,D2_Guyan_R02,0,47,4,0,0,1,122236,57,0.988883599052613,1,0,1.81315572155734e-13,1.81297143208167e-13,1
35358,D2_Guyan_R02,0,48,4,0,0,1,122293,58,0.988879783378473,1,0,1.50987944248613e-13,1.51134717289689e-13,1
35359,D2_Guyan_R02,0,49,4,0,0,1,122351,59,0.988875917497807,1,0,3.21787330993513e-13,3.21101474144802e-13,1
35360,D2_Guyan_R02,0,50,4,0,0,1,122410,60,0.988872000604529,1,0,6.07239929101583e-13,6.07349965219843e-13,1
35361,D2_Guyan_R02,0,51,4,0,0,1,122470,61,0.988868031875469,1,0,3.30544883960179e-13,3.29660145940018e-13,1
35362,D2_Guyan_R02,0,52,4,0,0,1,122531,62,0.988864010469716,1,0,1.53932584904136e-13,1.54442248251691e-13,1
35363,D2_Guyan_R02,0,53,4,0,0,1,122593,63,0.988859935528189,1,0,1.82333358088967e-13,1.83144406793063e-13,1
35364,D2_Guyan_R02,0,54,4,0,0,1,122656,64,0.988855806173154,1,0,2.74178140787246e-13,2.7438934851387e-13,1
35365,D2_Guyan_R02,0,55,4,0,0,1,122720,65,0.988851621507586,1,0,4.00050763931575e-13,4.00460075932192e-13,1
35366,D2_Guyan_R02,0,56,4,0,0,1,122785,66,0.988847380614587,1,0,4.33142084804751e-13,4.33462448205132e-13,1
35367,D2_Guyan_R02,0,57,4,0,0,1,122851,67,0.988843082556964,1,0,2.19056847289768e-13,2.19423340947686e-13,1
35368,D2_Guyan_R02,0,58,4,0,0,1,122918,68,0.988838726376437,1,0,3.97522550248905e-13,3.97590744834363e-13,1
35369,D2_Guyan_R02,0,59,4,0,0,1,122986,69,0.988834311093056,1,0,2.29570210412601e-13,2.29740003916052e-13,1
35370,D2_Guyan_R02,0,60,4,0,0,1,123055,70,0.9888298357046,1,0,3.36499796900923e-13,3.36457795414811e-13,1
35371,D2_Guyan_R02,0,61,4,0,0,1,123125,71,0.988825299185819,1,0,3.61371937982652e-13,3.61083373760338e-13,1
35372,D2_Guyan_R02,0,62,4,0,0,1,123196,72,0.988820700487756,1,0,4.02637682489542e-13,4.02464553095065e-13,1
35373,D2_Guyan_R02,0,63,4,0,0,1,123268,73,0.988816038537005,1,0,3.75274646572739e-13,3.74231249317834e-13,1
35374,D2_Guyan_R02,0,64,4,0,0,1,123341,74,0.988811312234946,1,0,2.39815339291078e-13,2.39793710795157e-13,1
35375,D2_Guyan_R02,0,65,4,0,0,1,123415,75,0.988806520456896,1,0,3.18894357602167e-13,3.18801958006119e-13,1
35376,D2_Guyan_R02,0,66,4,0,0,1,123490,76,0.988801662051364,1,0,2.51333842766107e-13,2.5198930203811e-13,1
35377,D2_Guyan_R02,1,0,2,0,1,0,123566,11,0.989012287845539,1,0,9.21963978586117e-14,9.21117423648886e-14,1
35444,D2_Guyan_R02,2,0,2,0,1,0,123577,12,0.989006478160319,1,0,7.16183233120945e-15,7.18619886786689e-15,1
35511,D2_Guyan_R02,3,0,2,0,1,0,123589,13,0.989000647998421,1,0,2.71664357211758e-15,2.71460326761213e-15,1
35578,D2_Guyan_R02,4,0,2,0,1,0,123602,14,0.988994797603932,1,0,1.20966816297046e-15,1.16908648905002e-15,1
35645,D2_Guyan_R02,5,0,2,0,1,0,123616,15,0.988988927226587,1,0,1.69170944815707e-15,1.58749973581844e-15,1
35712,D2_Guyan_R02,6,0,2,0,1,0,123631,16,0.988983037121836,1,0,2.0233702625401e-15,2.02448134988471e-15,1
35779,D2_Guyan_R02,7,0,2,0,1,0,123647,17,0.988977127550845,1,0,1.40661674746662e-15,1.56789963517249e-15,1
35846,D2_Guyan_R02,8,0,2,0,1,0,123664,18,0.988971198780447,1,0,5.99653362651953e-15,6.00706132313381e-15,1
35913,D2_Guyan_R02,9,0,2,0,1,0,123682,19,0.98896525108319,1,0,2.33950250189296e-15,2.16635178165549e-15,1
35980,D2_Guyan_R02,10,0,2,0,1,0,123701,20,0.988959284737344,1,0,1.03406567222613e-14,1.01781303136955e-14,1
36047,D2_Guyan_R02,11,0,2,0,1,0,123721,21,0.988953300026906,1,0,1.0673970123477e-14,1.05570355984125e-14,1
36114,D2_Guyan_R02,12,0,2,0,1,0,123742,22,0.988947297241574,1,0,5.56432417010561e-15,5.67098829592551e-15,1
36181,D2_Guyan_R02,13,0,2,0,1,0,123764,23,0.988941276676749,1,0,6.74302621952245e-15,6.64545975556428e-15,1
36248,D2_Guyan_R02,14,0,2,0,1,0,123787,24,0.988935238633507,1,0,6.68750257823916e-15,6.73524777797905e-15,1
36315,D2_Guyan_R02,15,0,2,0,1,0,123811,25,0.988929183418674,1,0,7.87858815929123e-15,7.7676292868953e-15,1
36382,D2_Guyan_R02,16,0,2,0,1,0,123836,26,0.988923111344725,1,0,8.71661848715773e-15,8.7965301453303e-15,1
36449,D2_Guyan_R02,17,0,2,0,1,0,123862,27,0.988917022729774,1,0,6.22788926763244e-15,6.05677867109773e-15,1
36516,D2_Guyan_R02,18,0,2,0,1,0,123889,28,0.98891091789762,1,0,1.90247561688205e-14,1.88087061669734e-14,1
36583,D2_Guyan_R02,19,0,2,0,1,0,123917,29,0.988904797177616,1,0,1.37583004781875e-14,1.37033033674163e-14,1
36650,D2_Guyan_R02,20,0,2,0,1,0,123946,30,0.988898660904783,1,0,1.13670549306193e-14,1.15314831495544e-14,1
36717,D2_Guyan_R02,21,0,2,0,1,0,123976,31,0.98889250941966,1,0,1.86603866418596e-14,1.86660795295711e-14,1
36784,D2_Guyan_R02,22,0,2,0,1,0,124007,32,0.98888634306832,1,0,1.50964751738766e-14,1.48735247364752e-14,1
36851,D2_Guyan_R02,23,0,2,0,1,0,124039,33,0.98888016220233,1,0,3.06341665145775e-14,3.07778168844428e-14,1
36918,D2_Guyan_R02,24,0,2,0,1,0,124072,34,0.988873967178704,1,0,1.2878639383238e-14,1.2361356971922e-14,1
36985,D2_Guyan_R02,25,0,2,0,1,0,124106,35,0.988867758359904,1,0,3.44121143269328e-14,3.47035775439307e-14,1
37052,D2_Guyan_R02,26,0,2,0,1,0,124141,36,0.988861536113769,1,0,3.39688362977308e-14,3.31594967662792e-14,1
37119,D2_Guyan_R02,27,0,2,0,1,0,124177,37,0.988855300813356,1,0,3.26661128318947e-14,3.28224600043289e-14,1
37186,D2_Guyan_R02,28,0,2,0,1,0,124214,38,0.988849052837115,1,0,6.07305256213942e-14,6.06762930694429e-14,1
37253,D2_Guyan_R02,29,0,2,0,1,0,124252,39,0.988842792568587,1,0,5.19061149724639e-14,5.19868138305915e-14,1
37320,D2_Guyan_R02,30,0,2,0,1,0,124291,40,0.988836520396547,1,0,5.05826983386284e-14,5.07475044715152e-14,1
37453,D2_Guyan_R03,0,66,2,0,1,0,124331,76,0.995818642073451,1,0,1.94167739825627e-13,1.93695152891111e-13,1
37520,D2_Guyan_R03,1,66,2,0,1,0,124407,77,0.995833808629055,1,0,2.12865804895272e-13,2.11003550341068e-13,1
37587,D2_Guyan_R03,2,66,2,0,1,0,124484,78,0.995849001474129,1,0,2.02413432650548e-13,2.02447543034199e-13,1
37654,D2_Guyan_R03,3,66,2,0,1,0,124562,79,0.995864224067631,1,0,1.18135426704044e-13,1.19394639425975e-13,1
37721,D2_Guyan_R03,4,66,2,0,1,0,124641,80,0.995879479919855,1,0,2.55272897980772e-13,2.54581862922843e-13,1
37741,D2_Guyan_R03,5,19,2,0,1,0,124721,34,0.996022943592316,1,0,4.43013895683359e-14,4.43011150221318e-14,1
37807,D2_Guyan_R03,6,18,2,0,1,0,124755,34,0.997302886609395,1,0,2.67715144172332e-14,2.65881434862263e-14,1
37874,D2_Guyan_R03,7,18,2,0,1,0,124789,35,0.998538746678652,1,0,3.8075418586963e-14,3.74970998131403e-14,1
37923,D2_Guyan_R03,8,0,1,1,0,0,124824,18,0.999059759229726,1,0,4.77532859322996e-15,4.8466354413805e-15,1
37924,D2_Guyan_R03,8,1,1,1,0,0,124842,19,0.999124040036454,1,0,6.10559356578545e-13,6.10559271780231e-13,1
37925,D2_Guyan_R03,8,2,1,1,0,0,124861,20,0.999186746129694,1,0,1.23547682930866e-14,1.23531175025263e-14,1
37926,D2_Guyan_R03,8,3,1,1,0,0,124881,21,0.99924751034612,1,0,3.87278079595396e-15,3.87473306247227e-15,1
37927,D2_Guyan_R03,8,4,1,1,0,0,124902,22,0.999305974049454,1,0,1.04345320222189e-14,1.04369125729149e-14,1
37928,D2_Guyan_R03,8,5,1,1,0,0,124924,23,0.999361788648361,1,0,7.16556740261884e-15,7.16332939741162e-15,1
37929,D2_Guyan_R03,8,6,1,1,0,0,124947,24,0.999414617126973,1,0,7.8169817804143e-15,7.82448940466756e-15,1
37930,D2_Guyan_R03,8,7,5,1,0,1,124971,25,0.999464135589321,1,0,6.75627873914273e-15,6.7403062363839e-15,1
37931,D2_Guyan_R03,8,8,5,1,0,1,124996,26,0.99951003481527,1,0,8.34275021585588e-15,8.3260652256581e-15,1
37932,D2_Guyan_R03,8,9,5,1,0,1,125022,27,0.999552021821869,1,0,2.51611183446908e-14,2.52047686339747e-14,1
37933,D2_Guyan_R03,8,10,5,1,0,1,125049,28,0.999589821420726,1,0,1.13215986960141e-14,1.14457649623639e-14,1
37934,D2_Guyan_R03,8,11,5,1,0,1,125077,29,0.999623177759206,1,0,1.34487533109895e-14,1.35683604890412e-14,1
37935,D2_Guyan_R03,8,12,5,1,0,1,125106,30,0.999651855831283,1,0,2.09678286057586e-14,2.10482680341977e-14,1
37936,D2_Guyan_R03,8,13,5,1,0,1,125136,31,0.999675642942829,1,0,2.96413727996119e-14,2.93336918889597e-14,1
37937,D2_Guyan_R03,8,14,5,1,0,1,125167,32,0.999694350115922,1,0,3.19227603693746e-14,3.1900607082555e-14,1
37938,D2_Guyan_R03,8,15,5,1,0,1,125199,33,0.999707813418011,1,0,1.44626347521391e-14,1.46948340111288e-14,1
37939,D2_Guyan_R03,8,16,5,1,0,1,125232,34,0.99971589520356,1,0,1.96357647868291e-14,1.97714342632958e-14,1
37940,D2_Guyan_R03,8,17,7,1,1,1,125266,35,0.999718485258794,1,0,3.59681918191743e-14,3.60937114751515e-14,1
37941,D2_Guyan_R03,8,18,5,1,0,1,125301,36,0.999715501843926,1,0,2.50518265203851e-14,2.51061068843007e-14,1
37942,D2_Guyan_R03,8,19,5,1,0,1,125337,37,0.999706892631254,1,0,3.4011979843224e-14,3.40265985178408e-14,1
37943,D2_Guyan_R03,8,20,5,1,0,1,125374,38,0.999692635542054,1,0,6.04422437013168e-14,6.05829689112494e-14,1
37944,D2_Guyan_R03,8,21,5,1,0,1,125412,39,0.999672739489488,1,0,1.00255453690695e-13,1.00327396253452e-13,1
37945,D2_Guyan_R03,8,22,5,1,0,1,125451,40,0.999647245038804,1,0,4.42871156688975e-14,4.41426859664545e-14,1
37946,D2_Guyan_R03,8,23,5,1,0,1,125491,41,0.999616224999337,1,0,5.35206832019348e-14,5.33822554434998e-14,1
37947,D2_Guyan_R03,8,24,5,1,0,1,125532,42,0.999579784965358,1,0,5.87571755024163e-14,5.86024558854197e-14,1
37948,D2_Guyan_R03,8,25,5,1,0,1,125574,43,0.999538063823797,1,0,3.78563414687241e-14,3.74258175120509e-14,1
37949,D2_Guyan_R03,8,26,5,1,0,1,125617,44,0.999491234246364,1,0,4.30218395969016e-14,4.34527327413892e-14,1
37950,D2_Guyan_R03,8,27,1,1,0,0,125661,45,0.99943950318161,1,0,2.91695867847869e-14,2.87179062091666e-14,1
37951,D2_Guyan_R03,8,28,1,1,0,0,125706,46,0.999383112357811,1,0,4.69239295630266e-14,4.68694107861196e-14,1
37952,D2_Guyan_R03,8,29,1,1,0,0,125752,47,0.999322338801117,1,0,6.95837414241103e-14,7.01225760711351e-14,1
37953,D2_Guyan_R03,8,30,1,1,0,0,125799,48,0.999257495364067,1,0,3.59148967123984e-14,3.55031791423262e-14,1
37954,D2_Guyan_R03,8,31,1,1,0,0,125847,49,0.999188931247369,1,0,4.25098765941043e-14,4.24028836299423e-14,1
37955,D2_Guyan_R03,8,32,1,1,0,0,125896,50,0.99911703248278,1,0,7.83625068456518e-14,7.84958842609396e-14,1
37956,D2_Guyan_R03,8,33,1,1,0,0,125946,51,0.999042222326493,1,0,6.89591840568543e-14,6.86417366951024e-14,1
37957,D2_Guyan_R03,8,34,1,1,0,0,125997,52,0.998964961490907,1,0,5.84687222524727e-14,5.80710387428296e-14,1
37958,D2_Guyan_R03,8,35,1,1,0,0,126049,53,0.998885748118497,1,0,8.47515063518576e-14,8.47437204877898e-14,1
37990,D2_Guyan_R03,9,0,5,1,0,1,126102,19,1.00024456800776,3,0,2.15103336473383e-15,2.30702091220893e-15,1
37991,D2_Guyan_R03,9,1,5,1,0,1,126121,20,1.00030488333432,3,0,1.99098546892848e-13,1.99098448486235e-13,1
37992,D2_Guyan_R03,9,2,5,1,0,1,126141,21,1.00036338483212,3,0,4.67071963539838e-15,4.86064995199203e-15,1
37993,D2_Guyan_R03,9,3,5,1,0,1,126162,22,1.00041974108655,3,0,9.64959961872678e-15,9.65147831683732e-15,1
37994,D2_Guyan_R03,9,4,5,1,0,1,126184,23,1.00047363067067,3,0,7.46609190492338e-15,7.4653355908771e-15,1
37995,D2_Guyan_R03,9,5,5,1,0,1,126207,24,1.00052474341064,3,0,9.65412001648564e-15,9.65317834155828e-15,1
37996,D2_Guyan_R03,9,6,5,1,0,1,126231,25,1.00057278166213,3,0,4.12602175585933e-15,4.11803156829498e-15,1
37997,D2_Guyan_R03,9,7,1,1,0,0,126256,26,1.00061746159925,3,0,8.62700455291085e-15,8.63078243565053e-15,1
37998,D2_Guyan_R03,9,8,1,1,0,0,126282,27,1.00065851451387,3,0,2.16847421959249e-14,2.16922891225282e-14,1
37999,D2_Guyan_R03,9,9,1,1,0,0,126309,28,1.00069568812029,3,0,9.47544208181289e-15,9.47938210612083e-15,1
38000,D2_Guyan_R03,9,10,1,1,0,0,126337,29,1.00072874785718,3,0,1.39003341346192e-14,1.38768252726273e-14,1
38001,D2_Guyan_R03,9,11,1,1,0,0,126366,30,1.00075747817647,3,0,9.66693607952706e-15,9.74548629214703e-15,1
38002,D2_Guyan_R03,9,12,1,1,0,0,126396,31,1.00078168380717,3,0,3.53449228526751e-14,3.54070734808352e-14,1
38003,D2_Guyan_R03,9,13,1,1,0,0,126427,32,1.00080119098151,3,0,1.85301226158997e-14,1.85801818770028e-14,1
38004,D2_Guyan_R03,9,14,1,1,0,0,126459,33,1.00081584861065,3,0,1.56735054396062e-14,1.57770908737414e-14,1
38005,D2_Guyan_R03,9,15,1,1,0,0,126492,34,1.00082552939823,3,0,2.82334365484436e-14,2.84430213163342e-14,1
38006,D2_Guyan_R03,9,16,1,1,0,0,126526,35,1.00083013088153,3,0,4.00890066578059e-14,4.02934760139307e-14,1
38007,D2_Guyan_R03,9,17,1,1,0,0,126561,36,1.00082957639282,3,0,2.38017616369938e-14,2.37908944613494e-14,1
38008,D2_Guyan_R03,9,18,1,1,0,0,126597,37,1.00082381593572,3,0,4.38972886590857e-14,4.41605235752604e-14,1
38009,D2_Guyan_R03,9,19,1,1,0,0,126634,38,1.00081282697534,3,0,6.09743859138202e-14,6.06850650576093e-14,1
38010,D2_Guyan_R03,9,20,1,1,0,0,126672,39,1.00079661514358,3,0,3.55660941247815e-14,3.54867471847167e-14,1
38011,D2_Guyan_R03,9,21,1,1,0,0,126711,40,1.00077521486471,3,0,1.96168534828074e-14,1.97041581304431e-14,1
38012,D2_Guyan_R03,9,22,1,1,0,0,126751,41,1.00074868990857,3,0,8.14785422532649e-14,8.13085617004377e-14,1
38013,D2_Guyan_R03,9,23,1,1,0,0,126792,42,1.00071713388125,3,0,4.36269045843707e-14,4.31660642620666e-14,1
38014,D2_Guyan_R03,9,24,1,1,0,0,126834,43,1.00068067066387,3,0,6.42636802244658e-14,6.41661868782195e-14,1
38015,D2_Guyan_R03,9,25,1,1,0,0,126877,44,1.00063945481021,3,0,7.5095574192313e-14,7.53727033792733e-14,1
38016,D2_Guyan_R03,9,26,1,1,0,0,126921,45,1.00059367191258,3,0,5.22340586800755e-14,5.20396759502074e-14,1
38017,D2_Guyan_R03,9,27,5,1,0,1,126966,46,1.00054353894217,3,0,8.51765227309159e-14,8.47970955037182e-14,1
38018,D2_Guyan_R03,9,28,5,1,0,1,127012,47,1.00048930456532,3,0,5.21173903290456e-14,5.22188088328904e-14,1
38019,D2_Guyan_R03,9,29,5,1,0,1,127059,48,1.00043124943051,3,0,4.49997623704821e-14,4.4966885987401e-14,1
38020,D2_Guyan_R03,9,30,5,1,0,1,127107,49,1.00036968641175,3,0,4.20899730619387e-14,4.21890347596858e-14,1
38021,D2_Guyan_R03,9,31,5,1,0,1,127156,50,1.00030496078324,3,0,3.27804176317407e-14,3.26003613068323e-14,1
38022,D2_Guyan_R03,9,32,5,1,0,1,127206,51,1.00023745028661,3,0,7.70310721819263e-14,7.63916137900741e-14,1
38023,D2_Guyan_R03,9,33,5,1,0,1,127257,52,1.00016756503705,3,0,1.04100033061183e-13,1.03960882776386e-13,1
38024,D2_Guyan_R03,9,34,5,1,0,1,127309,53,1.00009574719704,3,0,4.9889352957406e-14,4.92998480332762e-14,1
38025,D2_Guyan_R03,9,35,7,1,1,1,127362,54,1.0000224703287,3,0,7.96810858152271e-14,7.94867874709716e-14,1
38026,D2_Guyan_R03,9,36,5,1,0,1,127416,55,0.999948238316909,1,0,7.02648411154738e-14,6.96746606132968e-14,1
38027,D2_Guyan_R03,9,37,5,1,0,1,127471,56,0.999873583738562,1,0,5.1691735944054e-14,5.14359501603572e-14,1
38028,D2_Guyan_R03,9,38,5,1,0,1,127527,57,0.999799065539529,1,0,8.0116747909923e-14,7.98315037641468e-14,1
38029,D2_Guyan_R03,9,39,5,1,0,1,127584,58,0.999725265873437,1,0,6.71070158500527e-14,6.76770268812283e-14,1
38030,D2_Guyan_R03,9,40,5,1,0,1,127642,59,0.999652785958374,1,0,1.10115965186131e-13,1.10038511128502e-13,1
38031,D2_Guyan_R03,9,41,5,1,0,1,127701,60,0.999582240822805,1,0,1.01335818875184e-13,1.01733428588947e-13,1
38032,D2_Guyan_R03,9,42,5,1,0,1,127761,61,0.999514252843907,1,0,6.5866571402006e-14,6.5711165889968e-14,1
38033,D2_Guyan_R03,9,43,5,1,0,1,127822,62,0.999449444033907,1,0,7.18482116773856e-14,7.17430920606763e-14,1
38034,D2_Guyan_R03,9,44,1,1,0,0,127884,63,0.999388427103485,1,0,6.91201596900782e-14,6.94996977566755e-14,1
38035,D2_Guyan_R03,9,45,1,1,0,0,127947,64,0.999331795425716,1,0,1.01646841750009e-13,1.01254695231711e-13,1
38036,D2_Guyan_R03,9,46,1,1,0,0,128011,65,0.999280112134198,1,0,1.072049712194e-13,1.0831482203953e-13,1
38037,D2_Guyan_R03,9,47,1,1,0,0,128076,66,0.99923389870654,1,0,5.55753032827169e-14,5.54357430177545e-14,1
38038,D2_Guyan_R03,9,48,1,1,0,0,128142,67,0.999193623495599,1,0,1.25488141832529e-13,1.25825648925835e-13,1
38039,D2_Guyan_R03,9,49,1,1,0,0,128209,68,0.999159690760474,1,0,1.8865884969155e-13,1.8919514543142e-13,1
38040,D2_Guyan_R03,9,50,1,1,0,0,128277,69,0.999132430799285,1,0,1.1318108676871e-13,1.14630873379221e-13,1
38041,D2_Guyan_R03,9,51,1,1,0,0,128346,70,0.999112091782643,1,0,9.54691941147381e-14,9.62885126761016e-14,1
38042,D2_Guyan_R03,9,52,1,1,0,0,128416,71,0.999098833821504,1,0,1.63592690670396e-13,1.63620729593058e-13,1
38043,D2_Guyan_R03,9,53,1,1,0,0,128487,72,0.999092725676628,1,0,9.88854209146648e-14,9.83426298082373e-14,1
38044,D2_Guyan_R03,9,54,1,1,0,0,128559,73,0.999093744340302,1,0,1.26234501000704e-13,1.26553197877059e-13,1
38045,D2_Guyan_R03,9,55,1,1,0,0,128632,74,0.999101777514582,1,0,9.35399281311112e-14,9.43432873580407e-14,1
38046,D2_Guyan_R03,9,56,1,1,0,0,128706,75,0.999116628800372,1,0,1.67225035117811e-13,1.66167961894318e-13,1
38047,D2_Guyan_R03,9,57,1,1,0,0,128781,76,0.999138025224626,1,0,1.47535923772379e-13,1.47326531769541e-13,1
38048,D2_Guyan_R03,9,58,1,1,0,0,128857,77,0.99916562659237,1,0,1.41714938626689e-13,1.39785469594319e-13,1
38049,D2_Guyan_R03,9,59,1,1,0,0,128934,78,0.999199036068061,1,0,1.52820861560672e-13,1.53209757667308e-13,1
38050,D2_Guyan_R03,9,60,1,1,0,0,129012,79,0.999237811373018,1,0,1.59600287140456e-13,1.59489838365304e-13,1
38051,D2_Guyan_R03,9,61,1,1,0,0,129091,80,0.999281476023381,1,0,8.33460908834264e-14,8.42933316343603e-14,1
38052,D2_Guyan_R03,9,62,1,1,0,0,129171,81,0.999329530115474,1,0,2.15717056473407e-13,2.15197500917821e-13,1
38053,D2_Guyan_R03,9,63,1,1,0,0,129252,82,0.999381460273838,1,0,1.17079230232381e-13,1.17997822794593e-13,1
38054,D2_Guyan_R03,9,64,5,1,0,1,129334,83,0.999436748496159,1,0,1.29735100095068e-13,1.29604308115716e-13,1
38055,D2_Guyan_R03,9,65,5,1,0,1,129417,84,0.999494879743728,1,0,1.79068424964911e-13,1.79318092412135e-13,1
38056,D2_Guyan_R03,9,66,5,1,0,1,129501,85,0.999555348226343,1,0,2.09095390475399e-13,2.09944659564724e-13,1
38093,D2_Guyan_R03,10,36,1,1,0,0,129586,56,1.00102207696741,3,0,6.14751793484091e-14,6.15539423984073e-14,1
38094,D2_Guyan_R03,10,37,1,1,0,0,129642,57,1.00095380782906,3,0,6.39282681686063e-14,6.37619780850038e-14,1
38095,D2_Guyan_R03,10,38,1,1,0,0,129699,58,1.00088593399659,3,0,1.15109715101894e-13,1.15273037739202e-13,1
38096,D2_Guyan_R03,10,39,1,1,0,0,129757,59,1.00081898095848,3,0,7.51446096303654e-14,7.52029204816888e-14,1
38097,D2_Guyan_R03,10,40,1,1,0,0,129816,60,1.00075348607018,3,0,9.20126512919694e-14,9.21665996003948e-14,1
38098,D2_Guyan_R03,10,41,1,1,0,0,129876,61,1.00068999341369,3,0,1.00877939899061e-13,1.0081901149243e-13,1
38099,D2_Guyan_R03,10,42,1,1,0,0,129937,62,1.00062904773147,3,0,1.09638007295385e-13,1.09816550805668e-13,1
38100,D2_Guyan_R03,10,43,1,1,0,0,129999,63,1.00057118744788,3,0,9.17441669631141e-14,9.11836118680189e-14,1
38101,D2_Guyan_R03,10,44,5,1,0,1,130062,64,1.00051693685367,3,0,1.10642537668456e-13,1.11003684205503e-13,1
38102,D2_Guyan_R03,10,45,5,1,0,1,130126,65,1.00046679760176,3,0,1.04769741656514e-13,1.04659350737955e-13,1
38103,D2_Guyan_R03,10,46,5,1,0,1,130191,66,1.00042123974275,3,0,8.41480808820598e-14,8.41015922429129e-14,1
38104,D2_Guyan_R03,10,47,5,1,0,1,130257,67,1.00038069260669,3,0,9.19017381052365e-14,9.20221383735623e-14,1
38105,D2_Guyan_R03,10,48,5,1,0,1,130324,68,1.00034553590604,3,0,1.44970244880939e-13,1.44446902799256e-13,1
38106,D2_Guyan_R03,10,49,5,1,0,1,130392,69,1.00031609148112,3,0,9.19489810648381e-14,9.02784970936299e-14,1
38107,D2_Guyan_R03,10,50,5,1,0,1,130461,70,1.00029261612475,3,0,1.41038628765655e-13,1.41868865751042e-13,1
38108,D2_Guyan_R03,10,51,5,1,0,1,130531,71,1.00027529589939,3,0,1.01245692458964e-13,1.00865168964797e-13,1
38109,D2_Guyan_R03,10,52,5,1,0,1,130602,72,1.0002642422956,3,0,1.5242734509096e-13,1.51887609542184e-13,1
38110,D2_Guyan_R03,10,53,7,1,1,1,130674,73,1.00025949047734,3,0,1.21115796556104e-13,1.22384577860242e-13,1
38111,D2_Guyan_R03,10,54,5,1,0,1,130747,74,1.00026099972901,3,0,1.46996398778218e-13,1.46881101079228e-13,1
38112,D2_Guyan_R03,10,55,5,1,0,1,130821,75,1.00026865607304,3,0,2.22786608061772e-13,2.24055110214896e-13,1
38113,D2_Guyan_R03,10,56,5,1,0,1,130896,76,1.00028227688476,3,0,7.891644338354e-14,7.88908523618494e-14,1
38114,D2_Guyan_R03,10,57,5,1,0,1,130972,77,1.00030161720807,3,0,8.49152649228803e-14,8.58107282682567e-14,1
38115,D2_Guyan_R03,10,58,5,1,0,1,131049,78,1.00032637738529,3,0,1.47828098036675e-13,1.46894738411061e-13,1
38116,D2_Guyan_R03,10,59,5,1,0,1,131127,79,1.00035621156431,3,0,1.55290481060973e-13,1.55791130516964e-13,1
38117,D2_Guyan_R03,10,60,5,1,0,1,131206,80,1.00039073663811,3,0,1.56691130795037e-13,1.57997251326618e-13,1
38118,D2_Guyan_R03,10,61,5,1,0,1,131286,81,1.00042954120036,3,0,1.38385022890875e-13,1.38216605825061e-13,1
38119,D2_Guyan_R03,10,62,5,1,0,1,131367,82,1.00047219415833,3,0,1.33628839819854e-13,1.33505137948748e-13,1
38120,D2_Guyan_R03,10,63,5,1,0,1,131449,83,1.00051825271989,3,0,1.74997878887261e-13,1.73581892875188e-13,1
38121,D2_Guyan_R03,10,64,1,1,0,0,131532,84,1.00056726955377,3,0,1.18737523650306e-13,1.19880804054946e-13,1
38122,D2_Guyan_R03,10,65,1,1,0,0,131616,85,1.00061879900309,3,0,2.40020651695716e-13,2.39963641558946e-13,1
38123,D2_Guyan_R03,10,66,1,1,0,0,131701,86,1.0006724023038,3,0,1.75361277371642e-13,1.75524385472539e-13,1
38177,D2_Guyan_R03,11,53,2,0,1,0,131787,74,1.00133409521666,3,0,1.16917884449293e-13,1.16365861116136e-13,1
38244,D2_Guyan_R03,12,53,2,0,1,0,131861,75,1.00231463497883,3,0,8.18146108416451e-14,8.28081455922647e-14,1
38311,D2_Guyan_R03,13,53,2,0,1,0,131936,76,1.00320154006486,3,0,1.29939976913132e-13,1.30107250402449e-13,1
38379,D2_Guyan_R03,14,54,2,0,1,0,132012,78,1.003996312682,3,0,1.23050084806955e-13,1.23979417427785e-13,1
38446,D2_Guyan_R03,15,54,2,0,1,0,132090,79,1.00470319605078,3,0,2.36584835294898e-13,2.36527923840278e-13,1
38513,D2_Guyan_R03,16,54,2,0,1,0,132169,80,1.00532691549545,3,0,1.83085486343233e-13,1.83771006763632e-13,1
38581,D2_Guyan_R03,17,55,2,0,1,0,132249,82,1.00587193238032,3,0,1.74963211995447e-13,1.74405816567011e-13,1
38648,D2_Guyan_R03,18,55,2,0,1,0,132331,83,1.00634403325165,3,0,2.75906414328535e-13,2.75819657891513e-13,1
38716,D2_Guyan_R03,19,56,2,0,1,0,132414,85,1.00674867925803,3,0,1.56506035111774e-13,1.55155997767582e-13,1
38783,D2_Guyan_R03,20,56,2,0,1,0,132499,86,1.00709121445193,3,0,2.01358789011166e-13,2.01505081962453e-13,1
38851,D2_Guyan_R03,21,57,2,0,1,0,132585,88,1.00737684657525,3,0,1.10279701978856e-13,1.10071101056978e-13,1
38918,D2_Guyan_R03,22,57,2,0,1,0,132673,89,1.00761082159597,3,0,2.57853568097768e-13,2.57982616340312e-13,1
38986,D2_Guyan_R03,23,58,2,0,1,0,132762,91,1.00779719711522,3,0,1.90150979398745e-13,1.91522049966448e-13,1
39054,D2_Guyan_R03,24,59,2,0,1,0,132853,93,1.00794084353221,3,0,3.63568176362828e-13,3.64099444965584e-13,1
39122,D2_Guyan_R03,25,60,2,0,1,0,132946,95,1.00804566621011,3,0,3.77597579043447e-13,3.78420732561684e-13,1
39189,D2_Guyan_R03,26,60,2,0,1,0,133041,96,1.0081149568372,3,0,2.60571808680336e-13,2.60667790339785e-13,1
39257,D2_Guyan_R03,27,61,2,0,1,0,133137,98,1.00815239124686,3,0,2.41569718160483e-13,2.41814621938787e-13,1
39325,D2_Guyan_R03,28,62,2,0,1,0,133235,100,1.0081609957996,3,0,3.54546393760067e-13,3.54395804151229e-13,1
39393,D2_Guyan_R03,29,63,2,0,1,0,133335,102,1.00814351705422,3,0,2.98246383489556e-13,2.98310150141371e-13,1
39460,D2_Guyan_R03,30,63,2,0,1,0,133437,103,1.00810231672407,3,0,4.76628256024317e-13,4.77242373530996e-13,1
39464,D2_Guyan_R04,0,0,6,0,1,1,133540,10,0.989858689629536,1,0,2.23103669535211e-16,2.53499300371709e-16,1
39465,D2_Guyan_R04,0,1,4,0,0,1,133550,11,0.989857544455871,1,0,6.8875595673953e-14,6.89203527143108e-14,1
39466,D2_Guyan_R04,0,2,4,0,0,1,133561,12,0.989856387093313,1,0,3.09793885261286e-15,3.10119671308441e-15,1
39467,D2_Guyan_R04,0,3,4,0,0,1,133573,13,0.989855217403103,1,0,2.81601649004105e-15,2.78724224233458e-15,1
39468,D2_Guyan_R04,0,4,4,0,0,1,133586,14,0.989854035244697,1,0,1.06431963859277e-15,1.08853046185661e-15,1
39469,D2_Guyan_R04,0,5,4,0,0,1,133600,15,0.989852840475681,1,0,2.98894296173158e-15,3.03186702586955e-15,1
39470,D2_Guyan_R04,0,6,4,0,0,1,133615,16,0.989851632951817,1,0,2.09528581574586e-15,1.98972283542288e-15,1
39471,D2_Guyan_R04,0,7,4,0,0,1,133631,17,0.989850412526971,1,0,6.86648261479231e-15,6.8824480274703e-15,1
39472,D2_Guyan_R04,0,8,4,0,0,1,133648,18,0.989849179053078,1,0,5.11400205040736e-15,5.17873171392926e-15,1
39473,D2_Guyan_R04,0,9,4,0,0,1,133666,19,0.989847932380147,1,0,6.06219424366446e-15,6.09847362582124e-15,1
39474,D2_Guyan_R04,0,10,4,0,0,1,133685,20,0.989846672356186,1,0,7.87723350991731e-15,7.90074573328122e-15,1
39475,D2_Guyan_R04,0,11,4,0,0,1,133705,21,0.98984539882719,1,0,1.04592753817717e-14,1.03714418706875e-14,1
39476,D2_Guyan_R04,0,12,4,0,0,1,133726,22,0.989844111637123,1,0,1.49809910410313e-14,1.49843396877567e-14,1
39477,D2_Guyan_R04,0,13,4,0,0,1,133748,23,0.989842810627853,1,0,1.91091887387703e-14,1.89363720468768e-14,1
39478,D2_Guyan_R04,0,14,4,0,0,1,133771,24,0.989841495639145,1,0,1.12359864392035e-14,1.11752943389644e-14,1
39479,D2_Guyan_R04,0,15,4,0,0,1,133795,25,0.989840166508597,1,0,5.72345999895506e-15,5.74517920873884e-15,1
39480,D2_Guyan_R04,0,16,4,0,0,1,133820,26,0.989838823071643,1,0,9.08587907124819e-15,9.07677016356461e-15,1
39481,D2_Guyan_R04,0,17,4,0,0,1,133846,27,0.989837465161475,1,0,2.51985740992758e-14,2.53914159292424e-14,1
39482,D2_Guyan_R04,0,18,4,0,0,1,133873,28,0.98983609260905,1,0,1.05025067351994e-14,1.0460273007373e-14,1
39483,D2_Guyan_R04,0,19,4,0,0,1,133901,29,0.989834705242999,1,0,1.89866368759863e-14,1.93904821020827e-14,1
39484,D2_Guyan_R04,0,20,4,0,0,1,133930,30,0.989833302889632,1,0,9.7344923180903e-15,9.73266208484499e-15,1
39485,D2_Guyan_R04,0,21,4,0,0,1,133960,31,0.989831885372887,1,0,1.95342582348511e-14,1.91476222525674e-14,1
39486,D2_Guyan_R04,0,22,4,0,0,1,133991,32,0.989830452514273,1,0,1.9993378382224e-14,1.98412695829958e-14,1
39487,D2_Guyan_R04,0,23,4,0,0,1,134023,33,0.989829004132844,1,0,4.37596268862075e-14,4.36632003863279e-14,1
39488,D2_Guyan_R04,0,24,4,0,0,1,134056,34,0.989827540045155,1,0,3.82576484472457e-14,3.85004530893641e-14,1
39489,D2_Guyan_R04,0,25,4,0,0,1,134090,35,0.989826060065215,1,0,4.30002592008508e-14,4.28532768495992e-14,1
39490,D2_Guyan_R04,0,26,4,0,0,1,134125,36,0.989824564004449,1,0,2.62825067824654e-14,2.62880601289758e-14,1
39491,D2_Guyan_R04,0,27,4,0,0,1,134161,37,0.989823051671627,1,0,2.32882896579508e-14,2.29078011208608e-14,1
39492,D2_Guyan_R04,0,28,4,0,0,1,134198,38,0.989821522872874,1,0,4.81600074175826e-14,4.84937248255537e-14,1
39493,D2_Guyan_R04,0,29,4,0,0,1,134236,39,0.98981997741155,1,0,4.33030248069649e-14,4.31367495956397e-14,1
39494,D2_Guyan_R04,0,30,4,0,0,1,134275,40,0.989818415088261,1,0,6.46177699326848e-14,6.40125099503303e-14,1
39495,D2_Guyan_R04,0,31,4,0,0,1,134315,41,0.989816835700777,1,0,3.53124895802581e-14,3.58963500514026e-14,1
39496,D2_Guyan_R04,0,32,4,0,0,1,134356,42,0.989815239043997,1,0,7.76112603353443e-14,7.75243571827743e-14,1
39497,D2_Guyan_R04,0,33,4,0,0,1,134398,43,0.989813624909881,1,0,3.51367025832667e-14,3.50945381246801e-14,1
39498,D2_Guyan_R04,0,34,4,0,0,1,134441,44,0.989811993087419,1,0,5.33763750584413e-14,5.32662400868739e-14,1
39499,D2_Guyan_R04,0,35,4,0,0,1,134485,45,0.989810343362554,1,0,5.29252049016175e-14,5.33337089395835e-14,1
39500,D2_Guyan_R04,0,36,4,0,0,1,134530,46,0.989808675518139,1,0,4.14100701598986e-14,4.14224121242389e-14,1
39501,D2_Guyan_R04,0,37,4,0,0,1,134576,47,0.989806989333889,1,0,6.50229725151486e-14,6.4333556554608e-14,1
39502,D2_Guyan_R04,0,38,4,0,0,1,134623,48,0.989805284586289,1,0,6.76498260245385e-14,6.73459115987352e-14,1
39503,D2_Guyan_R04,0,39,4,0,0,1,134671,49,0.989803561048581,1,0,4.30862069011585e-14,4.36590623212032e-14,1
39504,D2_Guyan_R04,0,40,4,0,0,1,134720,50,0.989801818490659,1,0,9.11199912017417e-14,9.07411043713164e-14,1
39505,D2_Guyan_R04,0,41,4,0,0,1,134770,51,0.989800056679045,1,0,4.13891281100759e-14,4.13035137110925e-14,1
39506,D2_Guyan_R04,0,42,4,0,0,1,134821,52,0.989798275376799,1,0,4.47509769952422e-14,4.47389570760262e-14,1
39507,D2_Guyan_R04,0,43,4,0,0,1,134873,53,0.989796474343447,1,0,5.48689711600235e-14,5.46867930163784e-14,1
39508,D2_Guyan_R04,0,44,4,0,0,1,134926,54,0.98979465333495,1,0,5.46874615966702e-14,5.47867815283576e-14,1
39509,D2_Guyan_R04,0,45,4,0,0,1,134980,55,0.989792812103595,1,0,1.02132426124794e-13,1.01632530891822e-13,1
39510,D2_Guyan_R04,0,46,4,0,0,1,135035,56,0.989790950397965,1,0,5.35868693093418e-14,5.34141693691565e-14,1
39511,D2_Guyan_R04,0,47,4,0,0,1,135091,57,0.989789067962816,1,0,7.19608781112903e-14,7.19611797670337e-14,1
39512,D2_Guyan_R04,0,48,4,0,0,1,135148,58,0.989787164539053,1,0,5.58319011118336e-14,5.57815414459241e-14,1
39513,D2_Guyan_R04,0,49,4,0,0,1,135206,59,0.989785239863622,1,0,6.6525269203634e-14,6.61376991013657e-14,1
39514,D2_Guyan_R04,0,50,4,0,0,1,135265,60,0.989783293669445,1,0,9.31525219117566e-14,9.24199740895888e-14,1
39515,D2_Guyan_R04,0,51,4,0,0,1,135325,61,0.98978132568535,1,0,7.98898008805923e-14,7.97006194564686e-14,1
39516,D2_Guyan_R04,0,52,4,0,0,1,135386,62,0.989779335635954,1,0,7.25948443201383e-14,7.1889459487139e-14,1
39517,D2_Guyan_R04,0,53,4,0,0,1,135448,63,0.989777323241622,1,0,7.28203831954366e-14,7.12964406031355e-14,1
39518,D2_Guyan_R04,0,54,4,0,0,1,135511,64,0.989775288218358,1,0,1.23456132725488e-13,1.23647083742976e-13,1
39519,D2_Guyan_R04,0,55,4,0,0,1,135575,65,0.989773230277717,1,0,1.0021757898173e-13,9.98823825303773e-14,1
39520,D2_Guyan_R04,0,56,4,0,0,1,135640,66,0.989771149126715,1,0,6.69599279429674e-14,6.80503950656442e-14,1
39521,D2_Guyan_R04,0,57,4,0,0,1,135706,67,0.989769044467754,1,0,8.0143809783637e-14,8.11412307380849e-14,1
39522,D2_Guyan_R04,0,58,4,0,0,1,135773,68,0.989766915998495,1,0,1.23898871939378e-13,1.23927989323818e-13,1
39523,D2_Guyan_R04,0,59,4,0,0,1,135841,69,0.989764763411796,1,0,1.04009754963325e-13,1.03556479048865e-13,1
39524,D2_Guyan_R04,0,60,4,0,0,1,135910,70,0.98976258639557,1,0,1.21280348979707e-13,1.21619975426329e-13,1
39525,D2_Guyan_R04,0,61,4,0,0,1,135980,71,0.989760384632725,1,0,8.82503693495281e-14,8.71574797528992e-14,1
39526,D2_Guyan_R04,0,62,4,0,0,1,136051,72,0.989758157801039,1,0,7.85651685537176e-14,7.730373133957e-14,1
39527,D2_Guyan_R04,0,63,4,0,0,1,136123,73,0.989755905573031,1,0,5.88885770331524e-14,5.91180749597103e-14,1
39528,D2_Guyan_R04,0,64,4,0,0,1,136196,74,0.989753627615894,1,0,1.24553590966623e-13,1.25009151527608e-13,1
39529,D2_Guyan_R04,0,65,4,0,0,1,136270,75,0.989751323591342,1,0,8.24956435187853e-14,8.21645570808658e-14,1
39530,D2_Guyan_R04,0,66,4,0,0,1,136345,76,0.989748993155514,1,0,1.72459264874764e-13,1.72442685314894e-13,1
39531,D2_Guyan_R04,1,0,2,0,1,0,136421,11,0.989855347092613,1,0,1.83089047823538e-14,1.85591983299768e-14,1
39598,D2_Guyan_R04,2,0,2,0,1,0,136432,12,0.989851997886343,1,0,1.52867296741751e-15,1.19629852690115e-15,1
39665,D2_Guyan_R04,3,0,2,0,1,0,136444,13,0.989848642171603,1,0,1.30150323695067e-15,1.2120648525428e-15,1
39732,D2_Guyan_R04,4,0,2,0,1,0,136457,14,0.989845280111103,1,0,1.30923548624776e-15,1.32252456587558e-15,1
39799,D2_Guyan_R04,5,0,2,0,1,0,136471,15,0.989841911869368,1,0,1.90240293261577e-15,2.0040332399678e-15,1
39866,D2_Guyan_R04,6,0,2,0,1,0,136486,16,0.989838537612733,1,0,1.48973146173805e-15,1.68549452650885e-15,1
39933,D2_Guyan_R04,7,0,2,0,1,0,136502,17,0.989835157509262,1,0,2.03100913050168e-15,2.20726611458182e-15,1
40000,D2_Guyan_R04,8,0,2,0,1,0,136519,18,0.989831771728798,1,0,2.31145724846509e-15,2.33404748591126e-15,1
40067,D2_Guyan_R04,9,0,2,0,1,0,136537,19,0.989828380442871,1,0,4.71487943662611e-15,4.52442197349573e-15,1
40134,D2_Guyan_R04,10,0,2,0,1,0,136556,20,0.98982498382471,1,0,3.18963040170344e-15,3.46900875043866e-15,1
40201,D2_Guyan_R04,11,0,2,0,1,0,136576,21,0.989821582049203,1,0,3.40384705527585e-15,3.42648089996705e-15,1
40268,D2_Guyan_R04,12,0,2,0,1,0,136597,22,0.989818175292864,1,0,3.87088411748564e-15,3.8091585609116e-15,1
40335,D2_Guyan_R04,13,0,2,0,1,0,136619,23,0.989814763733815,1,0,5.61077427500541e-15,5.52485160798191e-15,1
40402,D2_Guyan_R04,14,0,2,0,1,0,136642,24,0.989811347551742,1,0,2.88610075343167e-15,2.89750633385843e-15,1
40469,D2_Guyan_R04,15,0,2,0,1,0,136666,25,0.989807926927863,1,0,8.55903132830224e-15,8.31995731268993e-15,1
40536,D2_Guyan_R04,16,0,2,0,1,0,136691,26,0.989804502044921,1,0,6.44700777180028e-15,6.32805932382007e-15,1
40603,D2_Guyan_R04,17,0,2,0,1,0,136717,27,0.989801073087096,1,0,6.69982569149628e-15,6.99955297490373e-15,1
40670,D2_Guyan_R04,18,0,2,0,1,0,136744,28,0.989797640240036,1,0,1.00593335566096e-14,9.89864357675126e-15,1
40737,D2_Guyan_R04,19,0,2,0,1,0,136772,29,0.989794203690771,1,0,1.20831505867939e-14,1.22111500124982e-14,1
40804,D2_Guyan_R04,20,0,2,0,1,0,136801,30,0.98979076362769,1,0,1.11592925312186e-14,1.05306406711291e-14,1
40871,D2_Guyan_R04,21,0,2,0,1,0,136831,31,0.989787320240534,1,0,8.07367213409237e-15,8.2770820808527e-15,1
40938,D2_Guyan_R04,22,0,2,0,1,0,136862,32,0.989783873720307,1,0,1.29846141667215e-14,1.26452094557473e-14,1
41005,D2_Guyan_R04,23,0,2,0,1,0,136894,33,0.989780424259262,1,0,2.57116348096221e-14,2.56568519984126e-14,1
41072,D2_Guyan_R04,24,0,2,0,1,0,136927,34,0.989776972050883,1,0,9.20795317634523e-15,9.31468350105119e-15,1
41139,D2_Guyan_R04,25,0,2,0,1,0,136961,35,0.989773517289794,1,0,1.14889758914384e-14,1.14704873714358e-14,1
41206,D2_Guyan_R04,26,0,2,0,1,0,136996,36,0.989770060171768,1,0,1.61572443595714e-14,1.5684636933498e-14,1
41273,D2_Guyan_R04,27,0,2,0,1,0,137032,37,0.989766600893643,1,0,3.12410085139168e-14,3.12419737470164e-14,1
41340,D2_Guyan_R04,28,0,2,0,1,0,137069,38,0.989763139653307,1,0,3.28246629761188e-14,3.26927133322822e-14,1
41407,D2_Guyan_R04,29,0,2,0,1,0,137107,39,0.989759676649648,1,0,1.98395597028631e-14,1.99592952222239e-14,1
41474,D2_Guyan_R04,30,0,2,0,1,0,137146,40,0.989756212082494,1,0,2.75265898659555e-14,2.68008172533709e-14,1
41564,D2_Craig_Bampton_R01,0,23,7,1,1,1,137186,39,0.999982615674659,1,0,1.03162643031614e-14,1.0309766843888e-14,1
41565,D2_Craig_Bampton_R01,0,24,5,1,0,1,137225,40,1.00009012379524,3,0,1.50273932312968e-14,1.50351837150372e-14,1
41566,D2_Craig_Bampton_R01,0,25,4,0,0,1,137265,41,1.00019540999854,3,0,7.37270993787365e-15,7.37735036008489e-15,1
41567,D2_Craig_Bampton_R01,0,26,4,0,0,1,137306,42,1.00029829965071,3,0,1.42266275031951e-14,1.42303678850993e-14,1
41568,D2_Craig_Bampton_R01,0,27,4,0,0,1,137348,43,1.00039862049335,3,0,7.56191967192989e-15,7.55267339132702e-15,1
41569,D2_Craig_Bampton_R01,0,28,4,0,0,1,137391,44,1.00049620408436,3,0,1.78794702665371e-14,1.78480497437404e-14,1
41570,D2_Craig_Bampton_R01,0,29,4,0,0,1,137435,45,1.00059088723531,3,0,1.38723260466782e-14,1.38931665218453e-14,1
41571,D2_Craig_Bampton_R01,0,30,4,0,0,1,137480,46,1.00068251340983,3,0,1.31502149165794e-14,1.32168651021546e-14,1
41572,D2_Craig_Bampton_R01,0,31,4,0,0,1,137526,47,1.00077093404889,3,0,9.2292395806388e-15,9.22652571431484e-15,1
41573,D2_Craig_Bampton_R01,0,32,4,0,0,1,137573,48,1.00085600979032,3,0,1.56859440099001e-14,1.5671782581616e-14,1
41574,D2_Craig_Bampton_R01,0,33,4,0,0,1,137621,49,1.00093761155413,3,0,1.7612712846289e-14,1.76622355060971e-14,1
41575,D2_Craig_Bampton_R01,0,34,4,0,0,1,137670,50,1.00101562146991,3,0,1.95968030308345e-14,1.96329469216173e-14,1
41576,D2_Craig_Bampton_R01,0,35,4,0,0,1,137720,51,1.0010899336278,3,0,1.18390610211068e-14,1.18203315056702e-14,1
41577,D2_Craig_Bampton_R01,0,36,4,0,0,1,137771,52,1.00116045464172,3,0,1.01032736621823e-14,1.01121409011605e-14,1
41578,D2_Craig_Bampton_R01,0,37,4,0,0,1,137823,53,1.00122710401896,3,0,5.86308793870154e-15,5.83888767940546e-15,1
41579,D2_Craig_Bampton_R01,0,38,4,0,0,1,137876,54,1.00128981433798,3,0,2.25563702594696e-14,2.25299078551823e-14,1
41580,D2_Craig_Bampton_R01,0,39,4,0,0,1,137930,55,1.00134853124013,3,0,1.58443027489103e-14,1.58520730588887e-14,1
41581,D2_Craig_Bampton_R01,0,40,4,0,0,1,137985,56,1.00140321324814,3,0,1.39737390640184e-14,1.39353150056547e-14,1
41582,D2_Craig_Bampton_R01,0,41,4,0,0,1,138041,57,1.00145383142644,3,0,1.92619594685336e-14,1.92762417379098e-14,1
41583,D2_Craig_Bampton_R01,0,42,4,0,0,1,138098,58,1.00150036890323,3,0,1.6380138271808e-14,1.63913325147041e-14,1
41584,D2_Craig_Bampton_R01,0,43,4,0,0,1,138156,59,1.00154282027435,3,0,2.07551029707721e-14,2.07471343647753e-14,1
41585,D2_Craig_Bampton_R01,0,44,4,0,0,1,138215,60,1.00158119091153,3,0,1.39927517858128e-14,1.39305273407191e-14,1
41586,D2_Craig_Bampton_R01,0,45,4,0,0,1,138275,61,1.00161549619677,3,0,1.51352028217132e-14,1.51664499596807e-14,1
41587,D2_Craig_Bampton_R01,0,46,4,0,0,1,138336,62,1.00164576070421,3,0,2.05126700684458e-14,2.04679458892099e-14,1
41588,D2_Craig_Bampton_R01,0,47,4,0,0,1,138398,63,1.00167201734918,3,0,2.01660111458607e-14,2.01109333756977e-14,1
41589,D2_Craig_Bampton_R01,0,48,4,0,0,1,138461,64,1.00169430652287,3,0,2.49646263887747e-14,2.49975503489005e-14,1
41590,D2_Craig_Bampton_R01,0,49,4,0,0,1,138525,65,1.0017126752281,3,0,2.08341207048192e-14,2.08659726589391e-14,1
41591,D2_Craig_Bampton_R01,0,50,4,0,0,1,138590,66,1.00172717623026,3,0,2.00106437722002e-14,2.00061457081361e-14,1
41592,D2_Craig_Bampton_R01,0,51,4,0,0,1,138656,67,1.00173786723435,3,0,2.39303652139139e-14,2.39732226128926e-14,1
41593,D2_Craig_Bampton_R01,0,52,4,0,0,1,138723,68,1.00174481009756,3,0,2.58883718315819e-14,2.58709459687298e-14,1
41594,D2_Craig_Bampton_R01,0,53,4,0,0,1,138791,69,1.00174807008408,3,0,1.55939671883363e-14,1.55000769854217e-14,1
41595,D2_Craig_Bampton_R01,0,54,4,0,0,1,138860,70,1.00174771516698,3,0,2.2052058692248e-14,2.20675067823351e-14,1
41596,D2_Craig_Bampton_R01,0,55,4,0,0,1,138930,71,1.00174381538108,3,0,2.68020956193318e-14,2.68285232325855e-14,1
41597,D2_Craig_Bampton_R01,0,56,4,0,0,1,139001,72,1.00173644222758,3,0,2.57976766351468e-14,2.57936362793129e-14,1
41598,D2_Craig_Bampton_R01,0,57,4,0,0,1,139073,73,1.00172566813179,3,0,2.38781574987883e-14,2.37897879383543e-14,1
41599,D2_Craig_Bampton_R01,0,58,4,0,0,1,139146,74,1.00171156595306,3,0,2.06019385590641e-14,2.06139971505066e-14,1
41600,D2_Craig_Bampton_R01,0,59,4,0,0,1,139220,75,1.00169420854589,3,0,2.77525096042685e-14,2.77251515295687e-14,1
41601,D2_Craig_Bampton_R01,0,60,4,0,0,1,139295,76,1.00167366837004,3,0,2.52780714875619e-14,2.53390402405181e-14,1
41602,D2_Craig_Bampton_R01,0,61,4,0,0,1,139371,77,1.00165001714705,3,0,1.76039305205828e-14,1.76562779944313e-14,1
41603,D2_Craig_Bampton_R01,0,62,4,0,0,1,139448,78,1.00162332556139,3,0,4.17435213885957e-14,4.17436099855106e-14,1
41604,D2_Craig_Bampton_R01,0,63,4,0,0,1,139526,79,1.00159366300224,3,0,3.09699282385938e-14,3.09260283474833e-14,1
41605,D2_Craig_Bampton_R01,0,64,4,0,0,1,139605,80,1.00156109734392,3,0,3.04450038537122e-14,3.0387642763608e-14,1
41606,D2_Craig_Bampton_R01,0,65,4,0,0,1,139685,81,1.0015256947616,3,0,2.23333091525744e-14,2.22527958236453e-14,1
41607,D2_Craig_Bampton_R01,0,66,4,0,0,1,139766,82,1.0014875195796,3,0,1.7552694999861e-14,1.75477852062739e-14,1
41630,D2_Craig_Bampton_R01,1,22,7,1,1,1,139848,39,0.999979079313067,1,0,8.19314162980287e-13,8.19316891811913e-13,1
41631,D2_Craig_Bampton_R01,1,23,1,1,0,0,139887,40,1.00008596494484,3,0,3.12093956595914e-11,3.12094060558926e-11,1
41692,D2_Craig_Bampton_R01,2,17,1,1,0,0,139927,35,0.999536233316866,1,0,4.61424456080407e-13,4.61447912936423e-13,1
41693,D2_Craig_Bampton_R01,2,18,1,1,0,0,139962,36,0.999648958610402,1,0,2.37238939266534e-13,2.37223426668987e-13,1
41694,D2_Craig_Bampton_R01,2,19,1,1,0,0,139998,37,0.999760277672421,1,0,2.27924189495818e-13,2.27579349474555e-13,1
41695,D2_Craig_Bampton_R01,2,20,5,1,0,1,140035,38,0.999870047092969,1,0,5.38759969483673e-13,5.38523107967237e-13,1
41696,D2_Craig_Bampton_R01,2,21,7,1,1,1,140073,39,0.999978120067954,1,0,1.60622385470214e-13,1.60631473687826e-13,1
41697,D2_Craig_Bampton_R01,2,22,1,1,0,0,140112,40,1.00008434711401,3,0,2.2682983252904e-13,2.26829789600425e-13,1
41754,D2_Craig_Bampton_R01,3,12,1,1,0,0,140152,31,0.999198653528762,1,0,1.81211012519583e-13,1.81208722758223e-13,1
41755,D2_Craig_Bampton_R01,3,13,1,1,0,0,140183,32,0.999426988618573,1,0,1.48659116986887e-13,1.48705564522721e-13,1
41756,D2_Craig_Bampton_R01,3,14,5,1,0,1,140215,33,0.999627284851465,1,0,6.31070776812117e-14,6.30458615764988e-14,1
41757,D2_Craig_Bampton_R01,3,15,5,1,0,1,140248,34,0.999799640311522,1,0,4.27926689001607e-13,4.27987149945693e-13,1
41758,D2_Craig_Bampton_R01,3,16,7,1,1,1,140282,35,0.999944452153937,1,0,9.10637646077036e-14,9.09336876838047e-14,1
41759,D2_Craig_Bampton_R01,3,17,5,1,0,1,140317,36,1.00006235925621,3,0,7.01617299460326e-14,7.02485873852834e-14,1
41760,D2_Craig_Bampton_R01,3,18,5,1,0,1,140353,37,1.00015418927388,3,0,1.32743186371917e-13,1.32856904654209e-13,1
41761,D2_Craig_Bampton_R01,3,19,5,1,0,1,140390,38,1.00022091127434,3,0,1.04211008845759e-13,1.03956279698919e-13,1
41762,D2_Craig_Bampton_R01,3,20,1,1,0,0,140428,39,1.00026359444068,3,0,1.42743736206204e-13,1.42612198214275e-13,1
41763,D2_Craig_Bampton_R01,3,21,1,1,0,0,140467,40,1.00028337284602,3,0,2.27119295752332e-13,2.27000742096232e-13,1
41818,D2_Craig_Bampton_R01,4,9,1,1,0,0,140507,29,0.99927144035511,1,0,1.13249203119645e-13,1.13185370047066e-13,1
41819,D2_Craig_Bampton_R01,4,10,5,1,0,1,140536,30,0.999578727352603,1,0,2.3041800107635e-13,2.3054032573093e-13,1
41820,D2_Craig_Bampton_R01,4,11,5,1,0,1,140566,31,0.999860179331756,1,0,1.25526591369848e-13,1.25473652847565e-13,1
41821,D2_Craig_Bampton_R01,4,12,7,1,1,1,140597,32,1.00011469474167,3,0,5.33872348753508e-14,5.31763314537311e-14,1
41822,D2_Craig_Bampton_R01,4,13,5,1,0,1,140629,33,1.00034163656053,3,0,8.37871608080147e-14,8.37548771612948e-14,1
41823,D2_Craig_Bampton_R01,4,14,1,1,0,0,140662,34,1.00054077792449,3,0,8.51379673251976e-14,8.51885123599857e-14,1
41824,D2_Craig_Bampton_R01,4,15,1,1,0,0,140696,35,1.0007122432946,3,0,2.22609583151072e-13,2.22509754191159e-13,1
41825,D2_Craig_Bampton_R01,4,16,1,1,0,0,140731,36,1.00085644922587,3,0,3.23081437009955e-13,3.23202175590098e-13,1
41883,D2_Craig_Bampton_R01,5,7,1,1,0,0,140767,28,0.999486561296357,1,0,1.49717691519192e-14,1.48987588566849e-14,1
41884,D2_Craig_Bampton_R01,5,8,7,1,1,1,140795,29,0.999838170462213,1,0,5.71903688636129e-14,5.72339986935049e-14,1
41885,D2_Craig_Bampton_R01,5,9,5,1,0,1,140824,30,1.0001677700898,3,0,1.74342765046514e-13,1.74419325176624e-13,1
41886,D2_Craig_Bampton_R01,5,10,1,1,0,0,140854,31,1.00047326938955,3,0,5.33328792161486e-14,5.32897106620679e-14,1
41887,D2_Craig_Bampton_R01,5,11,1,1,0,0,140885,32,1.00075310995227,3,0,6.8325538730148e-14,6.8180123062176e-14,1
41947,D2_Craig_Bampton_R01,6,4,1,1,0,0,140917,26,0.999199015517059,1,0,9.77217080486594e-15,9.7720814294089e-15,1
41948,D2_Craig_Bampton_R01,6,5,5,1,0,1,140943,27,0.999596851074418,1,0,5.99910397527761e-15,5.99872086325003e-15,1
41949,D2_Craig_Bampton_R01,6,6,7,1,1,1,140970,28,0.999982044458783,1,0,5.44108287833182e-15,5.43685079267643e-15,1
41950,D2_Craig_Bampton_R01,6,7,5,1,0,1,140998,29,1.00035102334987,3,0,6.24286591876613e-15,6.24991597692577e-15,1
41951,D2_Craig_Bampton_R01,6,8,1,1,0,0,141027,30,1.0007006944778,3,0,1.17600772035164e-14,1.1745796164597e-14,1
42013,D2_Craig_Bampton_R01,7,3,5,1,0,1,141057,26,0.999619967852015,1,0,1.10362477195679e-14,1.10363413546641e-14,1
42014,D2_Craig_Bampton_R01,7,4,7,1,1,1,141083,27,1.00002450513997,3,0,4.89889665465844e-15,4.89868623524002e-15,1
42015,D2_Craig_Bampton_R01,7,5,1,1,0,0,141110,28,1.00042031322239,3,0,4.19168662550657e-15,4.1917104703903e-15,1
42016,D2_Craig_Bampton_R01,7,6,1,1,0,0,141138,29,1.00080348178063,3,0,6.24817520049914e-15,6.25336257141394e-15,1
42078,D2_Craig_Bampton_R01,8,1,1,1,0,0,141167,25,0.999580552182491,1,0,1.93349380171461e-13,1.9334936885316e-13,1
42079,D2_Craig_Bampton_R01,8,2,7,1,1,1,141192,26,0.999987875939408,1,0,1.73490062287701e-14,1.73490331541953e-14,1
42080,D2_Craig_Bampton_R01,8,3,1,1,0,0,141218,27,1.00039496026636,3,0,1.89434577126788e-14,1.89441269524013e-14,1
42144,D2_Craig_Bampton_R01,9,0,7,1,1,1,141245,25,0.999900013988044,1,0,6.64292068091914e-16,6.73336790843005e-16,1
42145,D2_Craig_Bampton_R01,9,1,5,1,0,1,141270,26,1.0003013550302,3,0,4.77520557385066e-13,4.77520562579881e-13,1
42146,D2_Craig_Bampton_R01,9,2,1,1,0,0,141296,27,1.00070672485051,3,0,1.65926730521736e-14,1.65930062735151e-14,1
42211,D2_Craig_Bampton_R01,10,0,3,1,1,0,141323,26,1.00056081462092,3,0,8.07860552724073e-16,7.9986878486684e-16,1
42278,D2_Craig_Bampton_R01,11,0,2,0,1,0,141349,27,1.00115752853266,3,0,6.59747770377425e-16,6.67826295343331e-16,1
42345,D2_Craig_Bampton_R01,12,0,2,0,1,0,141376,28,1.00168941365247,3,0,8.53137064132096e-16,8.45061123212652e-16,1
42478,D2_Craig_Bampton_R01,13,66,2,0,1,0,141404,95,1.00185713306838,3,0,1.3418158440829e-13,1.34126554119139e-13,1
42545,D2_Craig_Bampton_R01,14,66,2,0,1,0,141499,96,1.00188752531658,3,0,2.89395052429268e-13,2.89334877200318e-13,1
42612,D2_Craig_Bampton_R01,15,66,2,0,1,0,141595,97,1.00191828480502,3,0,2.4116094475946e-13,2.4066935504906e-13,1
42679,D2_Craig_Bampton_R01,16,66,2,0,1,0,141692,98,1.00238721928865,3,0,2.82016701373286e-13,2.81868145905495e-13,1
42746,D2_Craig_Bampton_R01,17,66,2,0,1,0,141790,99,1.00302382696041,3,0,2.46937838054097e-13,2.46696095868245e-13,1
42813,D2_Craig_Bampton_R01,18,66,2,0,1,0,141889,100,1.00358998981452,3,0,3.65886383769232e-13,3.65902906784043e-13,1
42814,D2_Craig_Bampton_R01,19,0,2,0,1,0,141989,35,1.00373124661183,3,0,1.88072178985573e-15,1.87456512017223e-15,1
42881,D2_Craig_Bampton_R01,20,0,2,0,1,0,142024,36,1.0038156408145,3,0,1.93849399743376e-15,1.95263194346168e-15,1
42948,D2_Craig_Bampton_R01,21,0,2,0,1,0,142060,37,1.00385745007618,3,0,8.57293783901389e-16,8.57621203261193e-16,1
43015,D2_Craig_Bampton_R01,22,0,2,0,1,0,142097,38,1.00385962812608,3,0,2.97512653182893e-15,2.9779250949433e-15,1
43082,D2_Craig_Bampton_R01,23,0,2,0,1,0,142135,39,1.00382499635506,3,0,1.56822611932189e-15,1.54814781451322e-15,1
43149,D2_Craig_Bampton_R01,24,0,2,0,1,0,142174,40,1.00375623747799,3,0,1.01003310374885e-15,1.01647368298283e-15,1
43216,D2_Craig_Bampton_R01,25,0,2,0,1,0,142214,41,1.00365589813914,3,0,3.88240131215701e-15,3.91623559423192e-15,1
43283,D2_Craig_Bampton_R01,26,0,2,0,1,0,142255,42,1.0035263979202,3,0,2.00176727417259e-15,2.01735626685751e-15,1
43350,D2_Craig_Bampton_R01,27,0,2,0,1,0,142297,43,1.00337004260565,3,0,1.84598966012506e-15,1.8286287016696e-15,1
43417,D2_Craig_Bampton_R01,28,0,2,0,1,0,142340,44,1.00318903983466,3,0,2.90660873423948e-15,2.90651713287804e-15,1
43484,D2_Craig_Bampton_R01,29,0,2,0,1,0,142384,45,1.0029855154429,3,0,3.92962332437857e-15,3.92788231684047e-15,1
43551,D2_Craig_Bampton_R01,30,0,2,0,1,0,142429,46,1.00276152890883,3,0,1.83680160290601e-15,1.86765186671497e-15,1
43618,D2_Craig_Bampton_R02,0,0,4,0,0,1,142475,16,0.995900657118772,1,0,1.63514703054452e-16,1.63505164094346e-16,1
43619,D2_Craig_Bampton_R02,0,1,4,0,0,1,142491,17,0.995887023033608,1,0,2.16854735328879e-14,2.16853207830985e-14,1
43620,D2_Craig_Bampton_R02,0,2,4,0,0,1,142508,18,0.995874053666995,1,0,1.17228549431496e-15,1.16329534140392e-15,1
43621,D2_Craig_Bampton_R02,0,3,4,0,0,1,142526,19,0.995861774693506,1,0,1.16184925191201e-15,1.16417449465923e-15,1
43622,D2_Craig_Bampton_R02,0,4,4,0,0,1,142545,20,0.995850212001139,1,0,8.10886943681963e-16,8.16239737857153e-16,1
43623,D2_Craig_Bampton_R02,0,5,4,0,0,1,142565,21,0.995839391641807,1,0,1.40332307294776e-15,1.4037781710878e-15,1
43624,D2_Craig_Bampton_R02,0,6,4,0,0,1,142586,22,0.995829339776019,1,0,8.54477361145081e-16,8.46586915511391e-16,1
43625,D2_Craig_Bampton_R02,0,7,4,0,0,1,142608,23,0.995820082611338,1,0,7.5122639450649e-16,7.47230901052578e-16,1
43626,D2_Craig_Bampton_R02,0,8,4,0,0,1,142631,24,0.995811646334599,1,0,1.44376485824778e-15,1.4478954263914e-15,1
43627,D2_Craig_Bampton_R02,0,9,4,0,0,1,142655,25,0.995804057037382,1,0,3.73650064097046e-15,3.74711506747906e-15,1
43628,D2_Craig_Bampton_R02,0,10,4,0,0,1,142680,26,0.99579734063504,1,0,1.69900224315479e-15,1.69541867193241e-15,1
43629,D2_Craig_Bampton_R02,0,11,4,0,0,1,142706,27,0.995791522778921,1,0,1.57548173793985e-15,1.5696677335408e-15,1
43630,D2_Craig_Bampton_R02,0,12,4,0,0,1,142733,28,0.995786628761706,1,0,3.36571718265281e-15,3.3697452363439e-15,1
43631,D2_Craig_Bampton_R02,0,13,4,0,0,1,142761,29,0.995782683416275,1,0,4.6306004242277e-15,4.63660622294776e-15,1
43632,D2_Craig_Bampton_R02,0,14,4,0,0,1,142790,30,0.995779711007909,1,0,1.45660957258867e-15,1.46191950523037e-15,1
43633,D2_Craig_Bampton_R02,0,15,4,0,0,1,142820,31,0.9957777351202,1,0,1.18883905409851e-15,1.19689626485776e-15,1
43634,D2_Craig_Bampton_R02,0,16,4,0,0,1,142851,32,0.995776778535003,1,0,3.9076501491072e-15,3.92194383489974e-15,1
43635,D2_Craig_Bampton_R02,0,17,4,0,0,1,142883,33,0.995776863106933,1,0,2.68826192269487e-15,2.67805615937356e-15,1
43636,D2_Craig_Bampton_R02,0,18,4,0,0,1,142916,34,0.995778009632779,1,0,3.21735806369744e-15,3.2219711659392e-15,1
43637,D2_Craig_Bampton_R02,0,19,4,0,0,1,142950,35,0.995780237716853,1,0,3.89568733472916e-15,3.90034743117699e-15,1
43638,D2_Craig_Bampton_R02,0,20,4,0,0,1,142985,36,0.99578356563262,1,0,5.05350419487183e-15,5.04846916939196e-15,1
43639,D2_Craig_Bampton_R02,0,21,4,0,0,1,143021,37,0.995788010182085,1,0,6.41329145270558e-15,6.41635463571151e-15,1
43640,D2_Craig_Bampton_R02,0,22,4,0,0,1,143058,38,0.995793586553635,1,0,4.15124115004078e-15,4.14631900785617e-15,1
43641,D2_Craig_Bampton_R02,0,23,4,0,0,1,143096,39,0.995800308179484,1,0,7.76487055893199e-15,7.79073091967656e-15,1
43642,D2_Craig_Bampton_R02,0,24,4,0,0,1,143135,40,0.99580818659452,1,0,5.51318630111501e-15,5.51881734482568e-15,1
43643,D2_Craig_Bampton_R02,0,25,4,0,0,1,143175,41,0.995817231297346,1,0,6.08905617107151e-15,6.06614441327037e-15,1
43644,D2_Craig_Bampton_R02,0,26,4,0,0,1,143216,42,0.995827449615505,1,0,7.80496358929067e-15,7.80537384137616e-15,1
43645,D2_Craig_Bampton_R02,0,27,4,0,0,1,143258,43,0.995838846576185,1,0,3.05260526982975e-15,3.02415071467446e-15,1
43646,D2_Craig_Bampton_R02,0,28,4,0,0,1,143301,44,0.995851424784403,1,0,5.35357694422291e-15,5.32374405507484e-15,1
43647,D2_Craig_Bampton_R02,0,29,4,0,0,1,143345,45,0.995865184309853,1,0,1.01069008692597e-14,1.01167586174374e-14,1
43648,D2_Craig_Bampton_R02,0,30,4,0,0,1,143390,46,0.995880122584659,1,0,1.14260488933656e-14,1.14279219051473e-14,1
43649,D2_Craig_Bampton_R02,0,31,4,0,0,1,143436,47,0.995896234313268,1,0,3.95991531834116e-15,3.96180107364104e-15,1
43650,D2_Craig_Bampton_R02,0,32,4,0,0,1,143483,48,0.995913511396211,1,0,7.4010102973008e-15,7.39843894105706e-15,1
43651,D2_Craig_Bampton_R02,0,33,4,0,0,1,143531,49,0.995931942869499,1,0,1.63251164987124e-14,1.63351708627857e-14,1
43652,D2_Craig_Bampton_R02,0,34,4,0,0,1,143580,50,0.995951514860622,1,0,8.64000079046421e-15,8.68222161028856e-15,1
43653,D2_Craig_Bampton_R02,0,35,4,0,0,1,143630,51,0.995972210562522,1,0,2.08392067446034e-14,2.08602198695521e-14,1
43654,D2_Craig_Bampton_R02,0,36,4,0,0,1,143681,52,0.995994010226786,1,0,1.25673204332917e-14,1.2561171435611e-14,1
43655,D2_Craig_Bampton_R02,0,37,4,0,0,1,143733,53,0.996016891176543,1,0,1.24828722280155e-14,1.2466819376615e-14,1
43656,D2_Craig_Bampton_R02,0,38,4,0,0,1,143786,54,0.996040827839705,1,0,1.29886859293935e-14,1.29901920150801e-14,1
43657,D2_Craig_Bampton_R02,0,39,4,0,0,1,143840,55,0.99606579180282,1,0,1.34669051157289e-14,1.34682967564599e-14,1
43658,D2_Craig_Bampton_R02,0,40,4,0,0,1,143895,56,0.996091751885749,1,0,1.32476399787061e-14,1.32427880444708e-14,1
43659,D2_Craig_Bampton_R02,0,41,4,0,0,1,143951,57,0.99611867423622,1,0,8.46116204788142e-15,8.48255211841602e-15,1
43660,D2_Craig_Bampton_R02,0,42,4,0,0,1,144008,58,0.996146522444521,1,0,8.99345463452755e-15,8.97439956811623e-15,1
43661,D2_Craig_Bampton_R02,0,43,4,0,0,1,144066,59,0.996175257676532,1,0,1.10433702203757e-14,1.10462632435393e-14,1
43662,D2_Craig_Bampton_R02,0,44,4,0,0,1,144125,60,0.996204838824439,1,0,6.65964529683052e-15,6.66273076126139e-15,1
43663,D2_Craig_Bampton_R02,0,45,4,0,0,1,144185,61,0.996235222673655,1,0,1.42339375563853e-14,1.42571289284333e-14,1
43664,D2_Craig_Bampton_R02,0,46,4,0,0,1,144246,62,0.996266364083847,1,0,1.62226453286681e-14,1.6238840788271e-14,1
43665,D2_Craig_Bampton_R02,0,47,4,0,0,1,144308,63,0.996298216182692,1,0,1.38066086757649e-14,1.38030048889871e-14,1
43666,D2_Craig_Bampton_R02,0,48,4,0,0,1,144371,64,0.996330730569832,1,0,1.10429983731195e-14,1.10764522846683e-14,1
43667,D2_Craig_Bampton_R02,0,49,4,0,0,1,144435,65,0.996363857529162,1,0,1.57811114369499e-14,1.58219927218278e-14,1
43668,D2_Craig_Bampton_R02,0,50,4,0,0,1,144500,66,0.996397546246991,1,0,1.44170745798435e-14,1.44453945702341e-14,1
43669,D2_Craig_Bampton_R02,0,51,4,0,0,1,144566,67,0.996431745033904,1,0,1.82720400209859e-14,1.83616379471665e-14,1
43670,D2_Craig_Bampton_R02,0,52,4,0,0,1,144633,68,0.996466401547849,1,0,1.63392352896976e-14,1.63323416966634e-14,1
43671,D2_Craig_Bampton_R02,0,53,4,0,0,1,144701,69,0.996501463016313,1,0,1.2960530981443e-14,1.28831263357364e-14,1
43672,D2_Craig_Bampton_R02,0,54,4,0,0,1,144770,70,0.996536876455535,1,0,1.29865342223632e-14,1.30194340335631e-14,1
43673,D2_Craig_Bampton_R02,0,55,4,0,0,1,144840,71,0.996572588884436,1,0,1.0830791969184e-14,1.08451030887703e-14,1
43674,D2_Craig_Bampton_R02,0,56,4,0,0,1,144911,72,0.996608547531698,1,0,3.67631888046772e-14,3.67681659811262e-14,1
43675,D2_Craig_Bampton_R02,0,57,4,0,0,1,144983,73,0.996644700033929,1,0,1.99421264173184e-14,1.99357112969946e-14,1
43676,D2_Craig_Bampton_R02,0,58,4,0,0,1,145056,74,0.996680994623969,1,0,1.82380093537126e-14,1.81893321278201e-14,1
43677,D2_Craig_Bampton_R02,0,59,4,0,0,1,145130,75,0.99671738030739,1,0,1.59865397559314e-14,1.59991555603896e-14,1
43678,D2_Craig_Bampton_R02,0,60,4,0,0,1,145205,76,0.996753807026653,1,0,2.14417075779828e-14,2.14460152431961e-14,1
43679,D2_Craig_Bampton_R02,0,61,4,0,0,1,145281,77,0.996790225811954,1,0,2.01573749802653e-14,2.00584951449431e-14,1
43680,D2_Craig_Bampton_R02,0,62,4,0,0,1,145358,78,0.996826588917978,1,0,1.32020168637783e-14,1.32746537006144e-14,1
43681,D2_Craig_Bampton_R02,0,63,4,0,0,1,145436,79,0.996862849946443,1,0,2.59182504733794e-14,2.58967180643063e-14,1
43682,D2_Craig_Bampton_R02,0,64,4,0,0,1,145515,80,0.996898963953928,1,0,2.45309510820888e-14,2.45383652431463e-14,1
43683,D2_Craig_Bampton_R02,0,65,4,0,0,1,145595,81,0.996934887545558,1,0,1.68066026203912e-14,1.67967043794535e-14,1
43684,D2_Craig_Bampton_R02,0,66,6,0,1,1,145676,82,0.996970578953974,1,0,1.98768245077697e-14,1.98768303423862e-14,1
43751,D2_Craig_Bampton_R02,1,66,2,0,1,0,145758,83,0.996967068728382,1,0,1.1902084442517e-11,1.19020810262125e-11,1
43818,D2_Craig_Bampton_R02,2,66,2,0,1,0,145841,84,0.996963428637255,1,0,5.02797572026577e-13,5.02712990668876e-13,1
43885,D2_Craig_Bampton_R02,3,66,2,0,1,0,145925,85,0.996959652987631,1,0,7.40651279702945e-14,7.48262880141868e-14,1
43952,D2_Craig_Bampton_R02,4,66,2,0,1,0,146010,86,0.996955735735027,1,0,2.60116792714189e-14,2.6231060021932e-14,1
44019,D2_Craig_Bampton_R02,5,66,2,0,1,0,146096,87,0.996951670459541,1,0,3.59608952003271e-14,3.63248975698632e-14,1
44086,D2_Craig_Bampton_R02,6,66,2,0,1,0,146183,88,0.996947450340835,1,0,3.91636084530683e-14,3.81088636559706e-14,1
44153,D2_Craig_Bampton_R02,7,66,2,0,1,0,146271,89,0.996943068130894,1,0,3.80992815510434e-14,3.80988444331473e-14,1
44220,D2_Craig_Bampton_R02,8,66,2,0,1,0,146360,90,0.996938516124743,1,0,9.17541844855442e-14,9.21586226042816e-14,1
44287,D2_Craig_Bampton_R02,9,66,2,0,1,0,146450,91,0.996933786128742,1,0,9.26645618759664e-14,9.30838567265235e-14,1
44354,D2_Craig_Bampton_R02,10,66,2,0,1,0,146541,92,0.996928869427125,1,0,1.31825897855478e-13,1.30961478460901e-13,1
44421,D2_Craig_Bampton_R02,11,66,2,0,1,0,146633,93,0.996923756744783,1,0,5.92242669572248e-14,5.91251155240485e-14,1
44488,D2_Craig_Bampton_R02,12,66,2,0,1,0,146726,94,0.996918438208649,1,0,7.07098863491575e-14,7.04548360976996e-14,1
44555,D2_Craig_Bampton_R02,13,66,2,0,1,0,146820,95,0.996912903304927,1,0,1.58315045492799e-13,1.57780226414079e-13,1
44622,D2_Craig_Bampton_R02,14,66,2,0,1,0,146915,96,0.996907140833936,1,0,7.26452164915939e-14,7.3060118920669e-14,1
44689,D2_Craig_Bampton_R02,15,66,2,0,1,0,147011,97,0.996901138861101,1,0,2.06477201105227e-13,2.06683087083562e-13,1
44756,D2_Craig_Bampton_R02,16,66,2,0,1,0,147108,98,0.996894884664641,1,0,1.72477976254663e-13,1.72352177430337e-13,1
44823,D2_Craig_Bampton_R02,17,66,2,0,1,0,147206,99,0.996888364679424,1,0,2.05583148379726e-13,2.04460579783653e-13,1
44890,D2_Craig_Bampton_R02,18,66,2,0,1,0,147305,100,0.996881564436496,1,0,2.53655343103155e-13,2.53661470179417e-13,1
44957,D2_Craig_Bampton_R02,19,66,2,0,1,0,147405,101,0.996874468499088,1,0,9.93003650367922e-14,9.84521131449777e-14,1
45024,D2_Craig_Bampton_R02,20,66,2,0,1,0,147506,102,0.996867060393784,1,0,3.24825164580899e-13,3.24717079947268e-13,1
45091,D2_Craig_Bampton_R02,21,66,2,0,1,0,147608,103,0.99685932253726,1,0,2.30503542072439e-13,2.31062680108615e-13,1
45158,D2_Craig_Bampton_R02,22,66,2,0,1,0,147711,104,0.996851236159203,1,0,2.29277900270511e-13,2.2915463386246e-13,1
45225,D2_Craig_Bampton_R02,23,66,2,0,1,0,147815,105,0.996842781219878,1,0,3.12593657592485e-13,3.12508981902281e-13,1
45292,D2_Craig_Bampton_R02,24,66,2,0,1,0,147920,106,0.996833936324328,1,0,2.28644328412167e-13,2.28646848280282e-13,1
45359,D2_Craig_Bampton_R02,25,66,2,0,1,0,148026,107,0.996824678632258,1,0,3.05542126892269e-13,3.05667361213048e-13,1
45426,D2_Craig_Bampton_R02,26,66,2,0,1,0,148133,108,0.996814983764781,1,0,1.8924701799788e-13,1.88622766283585e-13,1
45493,D2_Craig_Bampton_R02,27,66,2,0,1,0,148241,109,0.996804825708697,1,0,2.32212726307984e-13,2.32209364457356e-13,1
45560,D2_Craig_Bampton_R02,28,66,2,0,1,0,148350,110,0.996794176720205,1,0,4.73693307003536e-13,4.73082962597569e-13,1
45627,D2_Craig_Bampton_R02,29,66,2,0,1,0,148460,111,0.996783007228802,1,0,2.67489070496515e-13,2.67550416849663e-13,1
45694,D2_Craig_Bampton_R02,30,66,2,0,1,0,148571,112,0.996771285745693,1,0,9.91284371393661e-13,9.91351383476169e-13,1
45724,D2_Craig_Bampton_R03,0,29,2,0,1,0,148683,45,0.999570669862811,1,0,7.13838052221475e-15,7.10601972207105e-15,1
45791,D2_Craig_Bampton_R03,1,29,2,0,1,0,148728,46,0.999693518940072,1,0,8.88147111217564e-15,8.84716195183819e-15,1
45857,D2_Craig_Bampton_R03,2,28,2,0,1,0,148774,46,0.999825085785003,1,0,4.44392815303359e-14,4.48122610163321e-14,1
45921,D2_Craig_Bampton_R03,3,25,1,1,0,0,148820,44,0.999840638809712,1,0,7.71609953109478e-14,7.75663326847477e-14,1
45922,D2_Craig_Bampton_R03,3,26,1,1,0,0,148864,45,0.999909027464646,1,0,3.69382786042493e-14,3.65390335638232e-14,1
45923,D2_Craig_Bampton_R03,3,27,5,1,0,1,148909,46,0.999948651842188,1,0,3.61663441383478e-14,3.63296611806203e-14,1
45924,D2_Craig_Bampton_R03,3,28,7,1,1,1,148955,47,0.99996040583427,1,0,3.41017994578584e-14,3.42569010952914e-14,1
45925,D2_Craig_Bampton_R03,3,29,5,1,0,1,149002,48,0.999945282460825,1,0,5.71928743516537e-14,5.72994657133641e-14,1
45926,D2_Craig_Bampton_R03,3,30,1,1,0,0,149050,49,0.999904340354959,1,0,2.10517532951589e-14,2.11244844148589e-14,1
45986,D2_Craig_Bampton_R03,4,23,1,1,0,0,149099,43,0.999809014130852,1,0,1.15654398523645e-13,1.1559367659387e-13,1
45987,D2_Craig_Bampton_R03,4,24,5,1,0,1,149142,44,0.999923510202448,1,0,1.49202497616151e-14,1.48328034104407e-14,1
45988,D2_Craig_Bampton_R03,4,25,7,1,1,1,149186,45,1.00000910948285,3,0,2.67010056091207e-14,2.63888883083033e-14,1
45989,D2_Craig_Bampton_R03,4,26,5,1,0,1,149231,46,1.00006630891388,3,0,1.54619638376384e-13,1.54982585126704e-13,1
45990,D2_Craig_Bampton_R03,4,27,1,1,0,0,149277,47,1.00009577248509,3,0,1.08366810063457e-13,1.08219563420979e-13,1
45991,D2_Craig_Bampton_R03,4,28,1,1,0,0,149324,48,1.00009829550078,3,0,4.21742074946251e-14,4.23901849806766e-14,1
45992,D2_Craig_Bampton_R03,4,29,1,1,0,0,149372,49,1.000074771021,3,0,6.05070385605298e-14,6.02565111434122e-14,1
45993,D2_Craig_Bampton_R03,4,30,5,1,0,1,149421,50,1.00002615977032,3,0,8.468880976536e-14,8.48434682636517e-14,1
45994,D2_Craig_Bampton_R03,4,31,5,1,0,1,149471,51,0.999953464270834,1,0,2.96723035756075e-14,2.96147034048451e-14,1
46038,D2_Craig_Bampton_R03,5,8,1,1,0,0,149522,29,0.99813618810284,1,0,1.27199997305041e-14,1.27646048218518e-14,1
46039,D2_Craig_Bampton_R03,5,9,5,1,0,1,149551,30,0.998817596613871,1,0,3.79477296557605e-14,3.79817825792987e-14,1
46040,D2_Craig_Bampton_R03,5,10,5,1,0,1,149581,31,0.999300012807015,1,0,1.10374315287475e-14,1.10914533011784e-14,1
46041,D2_Craig_Bampton_R03,5,11,5,1,0,1,149612,32,0.999596229250777,1,0,5.09772122610121e-14,5.08957953038042e-14,1
46042,D2_Craig_Bampton_R03,5,12,5,1,0,1,149644,33,0.999722028464741,1,0,6.52872399342923e-14,6.52349355465319e-14,1
46043,D2_Craig_Bampton_R03,5,13,5,1,0,1,149677,34,0.999694351691164,1,0,4.95337223425576e-14,4.96026132930042e-14,1
46044,D2_Craig_Bampton_R03,5,14,5,1,0,1,149711,35,0.999530045602232,1,0,9.54275137597167e-15,9.75665736558262e-15,1
46045,D2_Craig_Bampton_R03,5,15,5,1,0,1,149746,36,0.999245056795691,1,0,3.15691287318478e-14,3.14969533726373e-14,1
46046,D2_Craig_Bampton_R03,5,16,5,1,0,1,149782,37,0.99885394614242,1,0,1.62709213221032e-14,1.62985357751844e-14,1
46047,D2_Craig_Bampton_R03,5,17,5,1,0,1,149819,38,0.99882021997159,1,0,9.00023686302242e-14,9.00433020473368e-14,1
46048,D2_Craig_Bampton_R03,5,18,1,1,0,0,149857,39,0.99908460846473,1,0,6.10164137960737e-14,6.10893339078048e-14,1
46049,D2_Craig_Bampton_R03,5,19,1,1,0,0,149896,40,0.999323339468785,1,0,6.00771236703306e-14,6.02348424188431e-14,1
46052,D2_Craig_Bampton_R03,5,22,1,1,0,0,149936,43,0.999877251628497,1,0,1.17690536082838e-14,1.18922723874471e-14,1
46053,D2_Craig_Bampton_R03,5,23,7,1,1,1,149979,44,1.00000626185421,3,0,4.89392061055382e-14,4.88999398803684e-14,1
46054,D2_Craig_Bampton_R03,5,24,1,1,0,0,150023,45,1.00010730107614,3,0,2.72098880937327e-14,2.73587648925443e-14,1
46061,D2_Craig_Bampton_R03,5,31,1,1,0,0,150068,52,1.00007086942682,3,0,3.36672283531174e-14,3.37947547544888e-14,1
46062,D2_Craig_Bampton_R03,5,32,5,1,0,1,150120,53,0.999968524121352,1,0,4.82815138312864e-14,4.82890974005716e-14,1
46080,D2_Craig_Bampton_R03,5,50,1,1,0,0,150173,71,0.998472631396408,1,0,2.92436333176979e-14,2.91777431349326e-14,1
46081,D2_Craig_Bampton_R03,5,51,1,1,0,0,150244,72,0.998884558202396,1,0,5.94190922280862e-14,5.90827482344779e-14,1
46082,D2_Craig_Bampton_R03,5,52,1,1,0,0,150316,73,0.999211551838505,1,0,1.7957054425062e-14,1.74493233991672e-14,1
46083,D2_Craig_Bampton_R03,5,53,1,1,0,0,150389,74,0.999460830820362,1,0,4.51593842740883e-14,4.51314002135616e-14,1
46084,D2_Craig_Bampton_R03,5,54,1,1,0,0,150463,75,0.999638626474187,1,0,2.32382939463252e-14,2.32734326896479e-14,1
46085,D2_Craig_Bampton_R03,5,55,1,1,0,0,150538,76,0.999750344369964,1,0,6.88316497722546e-14,6.86254793483119e-14,1
46086,D2_Craig_Bampton_R03,5,56,5,1,0,1,150614,77,0.999800692723664,1,0,3.04066643763453e-14,3.03866918311052e-14,1
46087,D2_Craig_Bampton_R03,5,57,5,1,0,1,150691,78,0.999793786043233,1,0,2.37584774275084e-14,2.44306072645401e-14,1
46088,D2_Craig_Bampton_R03,5,58,1,1,0,0,150769,79,0.999733230080192,1,0,4.1816817880119e-14,4.22381768864747e-14,1
46089,D2_Craig_Bampton_R03,5,59,5,1,0,1,150848,80,0.999622192649509,1,0,8.31231974811213e-14,8.37040932862329e-14,1
46090,D2_Craig_Bampton_R03,5,60,5,1,0,1,150928,81,0.999463463869841,1,0,1.0277625224003e-14,1.0321385722194e-14,1
46091,D2_Craig_Bampton_R03,5,61,5,1,0,1,151009,82,0.999259508713626,1,0,1.1247400793577e-14,1.16221723971734e-14,1
46092,D2_Craig_Bampton_R03,5,62,5,1,0,1,151091,83,0.999012514355252,1,0,7.05693517149194e-14,7.00786580335249e-14,1
46093,D2_Craig_Bampton_R03,5,63,1,1,0,0,151174,84,0.998724434607165,1,0,1.61627752815843e-14,1.62864806731557e-14,1
46094,D2_Craig_Bampton_R03,5,64,1,1,0,0,151258,85,0.998397033707951,1,0,3.69951251803875e-14,3.69173151791461e-14,1
46095,D2_Craig_Bampton_R03,5,65,1,1,0,0,151343,86,0.998031931841391,1,0,3.59606087052657e-14,3.60280817400414e-14,1
46096,D2_Craig_Bampton_R03,5,66,1,1,0,0,151429,87,0.997898780064069,1,0,2.09535712627302e-14,2.19593855967671e-14,1
46103,D2_Craig_Bampton_R03,6,6,1,1,0,0,151516,28,0.998880525156588,1,0,2.01073073456955e-15,2.00049176172814e-15,1
46104,D2_Craig_Bampton_R03,6,7,7,1,1,1,151544,29,0.99997391665797,1,0,1.58870833958018e-15,1.58448545217654e-15,1
46105,D2_Craig_Bampton_R03,6,8,5,1,0,1,151573,30,1.00086959647546,3,0,4.02284062137631e-15,4.0404815771497e-15,1
46106,D2_Craig_Bampton_R03,6,9,1,1,0,0,151603,31,1.00156605914522,3,0,8.655867951881e-15,8.60300387820358e-15,1
46107,D2_Craig_Bampton_R03,6,10,1,1,0,0,151634,32,1.00207008730891,3,0,7.01517706482951e-15,7.01199163847145e-15,1
46108,D2_Craig_Bampton_R03,6,11,1,1,0,0,151666,33,1.00239380806413,3,0,5.21571579375315e-14,5.22024280124634e-14,1
46109,D2_Craig_Bampton_R03,6,12,1,1,0,0,151699,34,1.00255230571616,3,0,5.56728830912667e-14,5.5719130160385e-14,1
46110,D2_Craig_Bampton_R03,6,13,1,1,0,0,151733,35,1.00256185795001,3,0,8.33405892213945e-14,8.35197487704816e-14,1
46111,D2_Craig_Bampton_R03,6,14,1,1,0,0,151768,36,1.00243872389624,3,0,3.19012482028395e-14,3.18791144681101e-14,1
46112,D2_Craig_Bampton_R03,6,15,1,1,0,0,151804,37,1.00219836339318,3,0,4.20508197004529e-14,4.19601490649548e-14,1
46113,D2_Craig_Bampton_R03,6,16,1,1,0,0,151841,38,1.00185496666514,3,0,5.50954364309939e-14,5.50555429626092e-14,1
46114,D2_Craig_Bampton_R03,6,17,1,1,0,0,151879,39,1.00142119399291,3,0,5.62147680425527e-14,5.61550473751098e-14,1
46115,D2_Craig_Bampton_R03,6,18,5,1,0,1,151918,40,1.00090804967715,3,0,4.99293905776174e-14,4.98364946450775e-14,1
46116,D2_Craig_Bampton_R03,6,19,5,1,0,1,151958,41,1.00032483638969,3,0,4.53658386609253e-14,4.53083788706181e-14,1
46117,D2_Craig_Bampton_R03,6,20,5,1,0,1,151999,42,0.999783615490271,1,0,3.2631236757735e-14,3.26726481507308e-14,1
46118,D2_Craig_Bampton_R03,6,21,5,1,0,1,152041,43,0.999951360896629,1,0,8.24952817892308e-14,8.25545874777655e-14,1
46119,D2_Craig_Bampton_R03,6,22,5,1,0,1,152084,44,1.00009253704463,3,0,2.54757583630958e-14,2.55056320606567e-14,1
46129,D2_Craig_Bampton_R03,6,32,1,1,0,0,152128,54,1.00008213835369,3,0,4.14498717231483e-14,4.13825120104441e-14,1
46130,D2_Craig_Bampton_R03,6,33,5,1,0,1,152182,55,0.999951977853225,1,0,4.06463181734059e-14,4.06551959454087e-14,1
46146,D2_Craig_Bampton_R03,6,49,1,1,0,0,152237,71,0.999559285885958,1,0,7.52625618722578e-14,7.52726937969065e-14,1
46147,D2_Craig_Bampton_R03,6,50,5,1,0,1,152308,72,1.00013536880524,3,0,3.30782857645336e-14,3.32204689093971e-14,1
46148,D2_Craig_Bampton_R03,6,51,1,1,0,0,152380,73,1.00061428669284,3,0,6.15089818572592e-14,6.18077358936064e-14,1
46149,D2_Craig_Bampton_R03,6,52,1,1,0,0,152453,74,1.00100528636149,3,0,1.84605864115983e-14,1.79484455771328e-14,1
46150,D2_Craig_Bampton_R03,6,53,1,1,0,0,152527,75,1.00131624063093,3,0,1.28747231230574e-13,1.28457212608039e-13,1
46151,D2_Craig_Bampton_R03,6,54,1,1,0,0,152602,76,1.00155390133135,3,0,1.30806035597565e-13,1.31272036574793e-13,1
46152,D2_Craig_Bampton_R03,6,55,1,1,0,0,152678,77,1.00172409292746,3,0,2.55815134050776e-14,2.59016861487846e-14,1
46153,D2_Craig_Bampton_R03,6,56,1,1,0,0,152755,78,1.00183186306898,3,0,8.6693020050673e-14,8.68361430764102e-14,1
46154,D2_Craig_Bampton_R03,6,57,1,1,0,0,152833,79,1.00188160132347,3,0,5.76318659572496e-14,5.77053550270937e-14,1
46155,D2_Craig_Bampton_R03,6,58,1,1,0,0,152912,80,1.00187713402865,3,0,3.83664428862408e-14,3.81263272107969e-14,1
46156,D2_Craig_Bampton_R03,6,59,1,1,0,0,152992,81,1.00182180098551,3,0,2.64159010221949e-14,2.64060414326911e-14,1
46157,D2_Craig_Bampton_R03,6,60,1,1,0,0,153073,82,1.00171851821613,3,0,3.79735135853595e-14,3.78607571452924e-14,1
46158,D2_Craig_Bampton_R03,6,61,1,1,0,0,153155,83,1.0015698299993,3,0,3.04807593633072e-14,3.13121248795662e-14,1
46159,D2_Craig_Bampton_R03,6,62,1,1,0,0,153238,84,1.00137795272538,3,0,3.77101317980169e-14,3.70744730136309e-14,1
46160,D2_Craig_Bampton_R03,6,63,5,1,0,1,153322,85,1.0011448126964,3,0,6.60229352721719e-14,6.60514520767747e-14,1
46161,D2_Craig_Bampton_R03,6,64,5,1,0,1,153407,86,1.0008720797882,3,0,3.09899850752642e-14,3.13203700902199e-14,1
46162,D2_Craig_Bampton_R03,6,65,5,1,0,1,153493,87,1.00056119886855,3,0,4.04498193422753e-14,4.02320346883015e-14,1
46163,D2_Craig_Bampton_R03,6,66,5,1,0,1,153580,88,1.00021342103061,3,0,3.41441012752156e-14,3.39166948198748e-14,1
46168,D2_Craig_Bampton_R03,7,4,1,1,0,0,153668,27,0.998407304480273,1,0,1.00159183451792e-15,1.00156346653532e-15,1
46169,D2_Craig_Bampton_R03,7,5,5,1,0,1,153695,28,0.99983648044687,1,0,2.16630455061489e-15,2.16640253560652e-15,1
46170,D2_Craig_Bampton_R03,7,6,5,1,0,1,153723,29,1.00111528594075,3,0,3.37396331527977e-15,3.37168206128566e-15,1
46171,D2_Craig_Bampton_R03,7,7,1,1,0,0,153752,30,1.00221699881726,3,0,1.87393651462652e-15,1.86915283323069e-15,1
46184,D2_Craig_Bampton_R03,7,20,1,1,0,0,153782,43,1.00248453331567,3,0,2.49791001035588e-14,2.50592580943894e-14,1
46185,D2_Craig_Bampton_R03,7,21,1,1,0,0,153825,44,1.00184615963757,3,0,3.36359099460211e-14,3.3429056134535e-14,1
46197,D2_Craig_Bampton_R03,7,33,1,1,0,0,153869,56,1.00006231606654,3,0,4.77104656249311e-14,4.76752742798671e-14,1
46198,D2_Craig_Bampton_R03,7,34,1,1,0,0,153925,57,0.999905930438276,1,0,2.64504455250908e-14,2.61118520704045e-14,1
46212,D2_Craig_Bampton_R03,7,48,7,1,1,1,153982,71,0.99995457870751,1,0,3.15001045834897e-14,3.19952732630345e-14,1
46213,D2_Craig_Bampton_R03,7,49,1,1,0,0,154053,72,1.00073006132262,3,0,6.33262984675512e-14,6.33699598667715e-14,1
46234,D2_Craig_Bampton_R03,8,3,1,1,0,0,154125,27,0.998618837173052,1,0,5.13311969883143e-16,5.13767284796801e-16,1
46235,D2_Craig_Bampton_R03,8,4,5,1,0,1,154152,28,1.0001498719256,3,0,4.25953486898871e-15,4.25956782272621e-15,1
46236,D2_Craig_Bampton_R03,8,5,1,1,0,0,154180,29,1.0015789043935,3,0,3.58157060399395e-15,3.58173121699418e-15,1
46265,D2_Craig_Bampton_R03,8,34,7,1,1,1,154209,58,1.00001341381604,3,0,6.76970207619163e-14,6.75315829212493e-14,1
46266,D2_Craig_Bampton_R03,8,35,1,1,0,0,154267,59,0.999832170701162,1,0,6.13554545519327e-14,6.14137393771584e-14,1
46278,D2_Craig_Bampton_R03,8,47,1,1,0,0,154326,71,0.99953513867056,1,0,2.64306603554696e-14,2.65750646066476e-14,1
46279,D2_Craig_Bampton_R03,8,48,1,1,0,0,154397,72,1.00056108803846,3,0,6.13463246762061e-14,6.14715277826571e-14,1
46301,D2_Craig_Bampton_R03,9,3,5,1,0,1,154469,28,0.999896956346131,1,0,1.75087115529095e-15,1.75070731088637e-15,1
46302,D2_Craig_Bampton_R03,9,4,1,1,0,0,154497,29,1.00142666203263,3,0,3.76539521002648e-15,3.76584266528432e-15,1
46332,D2_Craig_Bampton_R03,9,34,1,1,0,0,154526,59,1.00012437466799,3,0,5.60910917923497e-14,5.61477970388288e-14,1
46333,D2_Craig_Bampton_R03,9,35,3,1,1,0,154585,60,0.999937136781222,1,0,2.34408520514711e-14,2.37066951995765e-14,1
46345,D2_Craig_Bampton_R03,9,47,1,1,0,0,154645,72,0.999507334539526,1,0,8.87161037942128e-14,8.87707169707302e-14,1
46346,D2_Craig_Bampton_R03,9,48,1,1,0,0,154717,73,1.00067929448889,3,0,7.27788377910489e-14,7.23421092583242e-14,1
46367,D2_Craig_Bampton_R03,10,2,1,1,0,0,154790,28,0.999179065601815,1,0,1.13298157077631e-14,1.13300951425581e-14,1
46368,D2_Craig_Bampton_R03,10,3,1,1,0,0,154818,29,1.00074897980869,3,0,2.66412104831949e-15,2.66484302953513e-15,1
46400,D2_Craig_Bampton_R03,10,35,7,1,1,1,154847,61,1.00004576395271,3,0,5.53207259552713e-14,5.55363242950574e-14,1
46401,D2_Craig_Bampton_R03,10,36,1,1,0,0,154908,62,0.999834910441927,1,0,6.8871688258629e-14,6.86480867116553e-14,1
46412,D2_Craig_Bampton_R03,10,47,1,1,0,0,154970,73,0.998948032134933,1,0,6.79399229934359e-14,6.784334541252e-14,1
46413,D2_Craig_Bampton_R03,10,48,1,1,0,0,155043,74,1.00030157001381,3,0,6.18383464591131e-14,6.17848876505498e-14,1
46434,D2_Craig_Bampton_R03,11,2,1,1,0,0,155117,29,0.999651337566714,1,0,3.55029169468049e-15,3.55052574550768e-15,1
46435,D2_Craig_Bampton_R03,11,3,1,1,0,0,155146,30,1.00122446935005,3,0,4.32148192092274e-15,4.3210411727093e-15,1
46467,D2_Craig_Bampton_R03,11,35,1,1,0,0,155176,62,1.00015844010246,3,0,7.94457709433266e-14,7.97412124420759e-14,1
46468,D2_Craig_Bampton_R03,11,36,7,1,1,1,155238,63,0.999941465129461,1,0,2.83179066262807e-14,2.84789116074204e-14,1
46480,D2_Craig_Bampton_R03,11,48,1,1,0,0,155301,75,0.999418124622359,1,0,7.0605351882862e-14,7.11673417334297e-14,1
46481,D2_Craig_Bampton_R03,11,49,1,1,0,0,155376,76,1.00077288210047,3,0,5.69724329523968e-14,5.70080619308949e-14,1
46501,D2_Craig_Bampton_R03,12,2,5,1,0,1,155452,30,0.999789979267818,1,0,1.49903986465897e-14,1.49902880343176e-14,1
46502,D2_Craig_Bampton_R03,12,3,1,1,0,0,155482,31,1.00137179615218,3,0,2.93860869263088e-15,2.93834130380024e-15,1
46535,D2_Craig_Bampton_R03,12,36,1,1,0,0,155513,64,1.00086520786098,3,0,4.01480549050347e-14,4.03418447538511e-14,1
46536,D2_Craig_Bampton_R03,12,37,7,1,1,1,155577,65,0.999929621408866,1,0,5.65925517074025e-14,5.65265379830712e-14,1
46537,D2_Craig_Bampton_R03,12,38,5,1,0,1,155642,66,0.999557039181992,1,0,7.17588873417835e-14,7.17637029516048e-14,1
46548,D2_Craig_Bampton_R03,12,49,1,1,0,0,155708,77,0.999609368379048,1,0,7.51336449979683e-14,7.54569083331448e-14,1
46549,D2_Craig_Bampton_R03,12,50,1,1,0,0,155785,78,1.00097131895249,3,0,3.00864396839122e-14,3.06575822364886e-14,1
46568,D2_Craig_Bampton_R03,13,2,1,1,0,0,155863,31,0.999640044150191,1,0,1.61314610203024e-14,1.61312016171837e-14,1
46569,D2_Craig_Bampton_R03,13,3,1,1,0,0,155894,32,1.00123581351501,3,0,2.85335818323605e-15,2.85345069757039e-15,1
46603,D2_Craig_Bampton_R03,13,37,1,1,0,0,155926,66,1.00167364771996,3,0,9.40963376110477e-14,9.43856317767324e-14,1
46604,D2_Craig_Bampton_R03,13,38,1,1,0,0,155992,67,1.00080617275265,3,0,7.00384477447809e-14,7.00605344853461e-14,1
46605,D2_Craig_Bampton_R03,13,39,7,1,1,1,156059,68,0.99986764870876,1,0,8.38838184999984e-14,8.38242902147475e-14,1
46606,D2_Craig_Bampton_R03,13,40,1,1,0,0,156127,69,0.999091593341706,1,0,1.11326184891588e-13,1.11252948778489e-13,1
46616,D2_Craig_Bampton_R03,13,50,1,1,0,0,156196,79,0.999581873640969,1,0,8.76770622293317e-14,8.78427581443245e-14,1
46617,D2_Craig_Bampton_R03,13,51,1,1,0,0,156275,80,1.00095005416324,3,0,1.01583116361358e-13,1.01899316150425e-13,1
46635,D2_Craig_Bampton_R03,14,2,1,1,0,0,156355,32,0.99924275720984,1,0,1.71720560409457e-14,1.7171543880024e-14,1
46636,D2_Craig_Bampton_R03,14,3,1,1,0,0,156387,33,1.00085732931678,3,0,7.72825378436794e-15,7.72821872937646e-15,1
46672,D2_Craig_Bampton_R03,14,39,1,1,0,0,156420,69,1.0014923513094,3,0,6.67464155376838e-14,6.6860749188985e-14,1
46673,D2_Craig_Bampton_R03,14,40,5,1,0,1,156489,70,1.00063474796245,3,0,4.19963705603638e-14,4.21057750011297e-14,1
46674,D2_Craig_Bampton_R03,14,41,7,1,1,1,156559,71,0.999709748222319,1,0,9.40175299921356e-14,9.42472975065359e-14,1
46675,D2_Craig_Bampton_R03,14,42,1,1,0,0,156630,72,0.998707635805796,1,0,1.02905816183175e-13,1.02777119716192e-13,1
46684,D2_Craig_Bampton_R03,14,51,1,1,0,0,156702,81,0.999400091537384,1,0,7.32582781908277e-14,7.33421923003872e-14,1
46685,D2_Craig_Bampton_R03,14,52,1,1,0,0,156783,82,1.00076534335261,3,0,1.00433888995054e-13,1.00451980000431e-13,1
46701,D2_Craig_Bampton_R03,15,1,1,1,0,0,156865,32,0.999328432801758,1,0,4.24225988200078e-14,4.24226014331598e-14,1
46702,D2_Craig_Bampton_R03,15,2,1,1,0,0,156897,33,0.999602626757333,1,0,2.27568612205405e-15,2.27533046550939e-15,1
46703,D2_Craig_Bampton_R03,15,3,3,1,1,0,156930,34,1.00027357886576,3,0,3.10136577475387e-15,3.10166737773121e-15,1
46741,D2_Craig_Bampton_R03,15,41,1,1,0,0,156964,72,1.00125062484321,3,0,7.01837800844271e-14,6.95954043331562e-14,1
46742,D2_Craig_Bampton_R03,15,42,5,1,0,1,157036,73,1.00042571904844,3,0,6.59548227156064e-14,6.64401223118726e-14,1
46743,D2_Craig_Bampton_R03,15,43,5,1,0,1,157109,74,0.999548865087049,1,0,1.14851797972804e-13,1.14714545019013e-13,1
46744,D2_Craig_Bampton_R03,15,44,1,1,0,0,157183,75,0.998622038879121,1,0,5.26487871201567e-14,5.26180841955203e-14,1
46752,D2_Craig_Bampton_R03,15,52,1,1,0,0,157258,83,0.999128434139088,1,0,5.64024069193187e-14,5.5840785466973e-14,1
46753,D2_Craig_Bampton_R03,15,53,1,1,0,0,157341,84,1.00047445876545,3,0,5.90732443892134e-14,5.9215930345296e-14,1
46767,D2_Craig_Bampton_R03,16,0,7,1,1,1,157425,32,0.999926798045262,1,0,6.3510978818608e-16,6.4029280498717e-16,1
46768,D2_Craig_Bampton_R03,16,1,5,1,0,1,157457,33,1.00017519719536,3,0,7.64561256959296e-14,7.64560880333022e-14,1
46769,D2_Craig_Bampton_R03,16,2,1,1,0,0,157490,34,1.00040848292567,3,0,4.19782328730033e-15,4.19764854589002e-15,1
46810,D2_Craig_Bampton_R03,16,43,1,1,0,0,157524,75,1.00102599189913,3,0,1.05271951309561e-13,1.05279718471426e-13,1
46811,D2_Craig_Bampton_R03,16,44,5,1,0,1,157599,76,1.00027103514661,3,0,1.0566909645482e-13,1.05596142711239e-13,1
46812,D2_Craig_Bampton_R03,16,45,5,1,0,1,157675,77,0.999492074470566,1,0,6.99521544297075e-14,7.01803432658094e-14,1
46813,D2_Craig_Bampton_R03,16,46,1,1,0,0,157752,78,0.99870275718234,1,0,1.32038671885596e-13,1.32148646208886e-13,1
46820,D2_Craig_Bampton_R03,16,53,1,1,0,0,157830,85,0.998823241658672,1,0,2.21162641218908e-13,2.20753893692762e-13,1
46821,D2_Craig_Bampton_R03,16,54,1,1,0,0,157915,86,1.00013063263599,3,0,6.67839639083679e-14,6.72690360780842e-14,1
46822,D2_Craig_Bampton_R03,16,55,1,1,0,0,158001,87,1.00128691660991,3,0,1.44272700415074e-13,1.43944664550196e-13,1
46834,D2_Craig_Bampton_R03,17,0,1,1,0,0,158088,33,1.00082610373156,3,0,9.22261297978596e-16,9.03984159085251e-16,1
46879,D2_Craig_Bampton_R03,17,45,1,1,0,0,158121,78,1.0009029338845,3,0,1.18028701461941e-13,1.18269684104633e-13,1
46880,D2_Craig_Bampton_R03,17,46,5,1,0,1,158199,79,1.00026099890426,3,0,1.34811374931479e-13,1.35822470724691e-13,1
46881,D2_Craig_Bampton_R03,17,47,5,1,0,1,158278,80,0.99962690535734,1,0,1.93019348053457e-13,1.93006959089419e-13,1
46882,D2_Craig_Bampton_R03,17,48,1,1,0,0,158358,81,0.999017944064898,1,0,7.26116683622279e-14,7.24583315610058e-14,1
46888,D2_Craig_Bampton_R03,17,54,1,1,0,0,158439,87,0.998525333091218,1,0,2.29749072895554e-13,2.29753323470957e-13,1
46889,D2_Craig_Bampton_R03,17,55,3,1,1,0,158526,88,0.999776759966715,1,0,1.06342253088497e-13,1.06293347640058e-13,1
46890,D2_Craig_Bampton_R03,17,56,1,1,0,0,158614,89,1.00089475657432,3,0,5.91752517030478e-14,5.92670601873514e-14,1
46948,D2_Craig_Bampton_R03,18,47,1,1,0,0,158703,81,1.00095087267566,3,0,7.2073786100911e-14,7.20643253861762e-14,1
46949,D2_Craig_Bampton_R03,18,48,1,1,0,0,158784,82,1.00045352836221,3,0,1.17681850284071e-13,1.1752108146604e-13,1
46950,D2_Craig_Bampton_R03,18,49,7,1,1,1,158866,83,0.999987087038744,1,0,5.67011497980098e-14,5.70314203267404e-14,1
46951,D2_Craig_Bampton_R03,18,50,1,1,0,0,158949,84,0.999564190312293,1,0,1.02631398398403e-13,1.02558975220137e-13,1
46952,D2_Craig_Bampton_R03,18,51,1,1,0,0,159033,85,0.999196341348612,1,0,1.26573384249573e-13,1.26566070881928e-13,1
46953,D2_Craig_Bampton_R03,18,52,1,1,0,0,159118,86,0.99889197798182,1,0,1.94561657364757e-13,1.94544808051807e-13,1
46954,D2_Craig_Bampton_R03,18,53,1,1,0,0,159204,87,0.998655184921785,1,0,9.14843681480649e-14,9.18157971654973e-14,1
46957,D2_Craig_Bampton_R03,18,56,1,1,0,0,159291,90,0.999441448474224,1,0,2.10076274301266e-13,2.09960617930301e-13,1
46958,D2_Craig_Bampton_R03,18,57,1,1,0,0,159381,91,1.00050874036913,3,0,1.87414512382962e-13,1.87946901539429e-13,1
47017,D2_Craig_Bampton_R03,19,49,1,1,0,0,159472,84,1.00120069515808,3,0,1.23142413493703e-13,1.23427225959713e-13,1
47018,D2_Craig_Bampton_R03,19,50,1,1,0,0,159556,85,1.00085504579126,3,0,2.01927894759462e-13,2.0162183579421e-13,1
47019,D2_Craig_Bampton_R03,19,51,5,1,0,1,159641,86,1.00054864904976,3,0,1.37141634335883e-13,1.3707020038374e-13,1
47020,D2_Craig_Bampton_R03,19,52,5,1,0,1,159727,87,1.00028714255046,3,0,1.31067858540007e-13,1.311657904017e-13,1
47021,D2_Craig_Bampton_R03,19,53,7,1,1,1,159814,88,1.00007400075334,3,0,1.59389189908858e-13,1.59299067258939e-13,1
47022,D2_Craig_Bampton_R03,19,54,5,1,0,1,159902,89,0.99991015874523,1,0,2.10562115810779e-13,2.10701314565248e-13,1
47023,D2_Craig_Bampton_R03,19,55,5,1,0,1,159991,90,0.999794098870521,1,0,1.33085812262098e-13,1.3196352881313e-13,1
47024,D2_Craig_Bampton_R03,19,56,1,1,0,0,160081,91,0.99972231544552,1,0,1.66828260245302e-13,1.66724063266047e-13,1
47025,D2_Craig_Bampton_R03,19,57,1,1,0,0,160172,92,0.999689972669198,1,0,1.71724570727673e-13,1.71753306090612e-13,1
47026,D2_Craig_Bampton_R03,19,58,5,1,0,1,160264,93,1.00014826179962,3,0,8.55559992039478e-14,8.55258958116609e-14,1
47089,D2_Craig_Bampton_R03,20,54,1,1,0,0,160357,90,1.00111373229298,3,0,3.21907596006161e-13,3.21927800998448e-13,1
47090,D2_Craig_Bampton_R03,20,55,1,1,0,0,160447,91,1.00101047315674,3,0,2.3004499096703e-13,2.30218822487205e-13,1
47091,D2_Craig_Bampton_R03,20,56,1,1,0,0,160538,92,1.00094049299263,3,0,1.25335864674485e-13,1.25867250060309e-13,1
47092,D2_Craig_Bampton_R03,20,57,1,1,0,0,160630,93,1.00090075480665,3,0,1.72820702386665e-13,1.72466549942374e-13,1
47093,D2_Craig_Bampton_R03,20,58,2,0,1,0,160723,94,1.00088765314246,3,0,1.07845433790711e-13,1.08105564628546e-13,1
47160,D2_Craig_Bampton_R03,21,58,2,0,1,0,160817,95,1.00192826717952,3,0,1.00703908916254e-13,1.0089877662079e-13,1
47227,D2_Craig_Bampton_R03,22,58,2,0,1,0,160912,96,1.00281177693981,3,0,1.08984017598394e-13,1.08846223500765e-13,1
47293,D2_Craig_Bampton_R03,23,57,2,0,1,0,161008,96,1.00353956917865,3,0,1.58634046199494e-13,1.58534613514587e-13,1
47357,D2_Craig_Bampton_R03,24,54,2,0,1,0,161104,94,1.00409823493782,3,0,1.63291445304993e-13,1.62898803090091e-13,1
47421,D2_Craig_Bampton_R03,25,51,2,0,1,0,161198,92,1.00447105107987,3,0,1.3097973806e-13,1.30888878065844e-13,1
47485,D2_Craig_Bampton_R03,26,48,2,0,1,0,161290,90,1.00463938074302,3,0,2.81578848354671e-13,2.81074405864931e-13,1
47549,D2_Craig_Bampton_R03,27,45,2,0,1,0,161380,88,1.00460194021465,3,0,2.0201836577423e-13,2.01182934010481e-13,1
47613,D2_Craig_Bampton_R03,28,42,2,0,1,0,161468,86,1.0043847926317,3,0,6.23191456513553e-14,6.26058878981837e-14,1
47679,D2_Craig_Bampton_R03,29,41,2,0,1,0,161554,86,1.00402484571747,3,0,2.74960227529687e-14,2.73395653245586e-14,1
47745,D2_Craig_Bampton_R03,30,40,2,0,1,0,161640,86,1.00356542955641,3,0,2.02263892712465e-14,2.03462574289743e-14,1
47790,D2_Craig_Bampton_R04,0,18,4,0,0,1,161726,34,0.989712797401986,1,0,3.09399710665877e-16,2.99352417877505e-16,1
47791,D2_Craig_Bampton_R04,0,19,4,0,0,1,161760,35,0.989761349916539,1,0,2.81196260661132e-16,2.82481759597202e-16,1
47792,D2_Craig_Bampton_R04,0,20,4,0,0,1,161795,36,0.989813825208446,1,0,4.31099359611405e-16,4.3113061560252e-16,1
47793,D2_Craig_Bampton_R04,0,21,4,0,0,1,161831,37,0.989870057758129,1,0,3.11107502115623e-16,2.69667433787575e-16,1
47794,D2_Craig_Bampton_R04,0,22,4,0,0,1,161868,38,0.989929853534197,1,0,3.76286166453544e-16,3.7566290287505e-16,1
47795,D2_Craig_Bampton_R04,0,23,4,0,0,1,161906,39,0.98999299103222,1,0,4.64321644052583e-16,4.60008656097106e-16,1
47796,D2_Craig_Bampton_R04,0,24,4,0,0,1,161945,40,0.990059222800709,1,0,6.04508042135557e-16,6.11266869717515e-16,1
47797,D2_Craig_Bampton_R04,0,25,4,0,0,1,161985,41,0.990128277436005,1,0,4.01449193827708e-16,4.04532497865584e-16,1
47798,D2_Craig_Bampton_R04,0,26,4,0,0,1,162026,42,0.990199862009993,1,0,4.35794949541652e-16,4.04672204459727e-16,1
47799,D2_Craig_Bampton_R04,0,27,4,0,0,1,162068,43,0.990273664878199,1,0,5.49117234971221e-16,5.33684523750916e-16,1
47800,D2_Craig_Bampton_R04,0,28,4,0,0,1,162111,44,0.990349358801322,1,0,5.53746240509216e-16,5.40996697877487e-16,1
47801,D2_Craig_Bampton_R04,0,29,4,0,0,1,162155,45,0.990426604301718,1,0,8.31438490928712e-16,8.93383258098177e-16,1
47802,D2_Craig_Bampton_R04,0,30,4,0,0,1,162200,46,0.990505053168933,1,0,5.39724921298318e-16,3.19256679718177e-16,1
47803,D2_Craig_Bampton_R04,0,31,4,0,0,1,162246,47,0.990584352024476,1,0,1.22990521758905e-15,1.23426623886313e-15,1
47804,D2_Craig_Bampton_R04,0,32,4,0,0,1,162293,48,0.990664145857022,1,0,1.14131499497307e-15,1.14696635334224e-15,1
47805,D2_Craig_Bampton_R04,0,33,4,0,0,1,162341,49,0.990744081443785,1,0,8.03015362103042e-16,7.9987538038899e-16,1
47806,D2_Craig_Bampton_R04,0,34,4,0,0,1,162390,50,0.990823810582151,1,0,1.04681390535288e-15,1.09478684229922e-15,1
47807,D2_Craig_Bampton_R04,0,35,4,0,0,1,162440,51,0.990902993066653,1,0,6.74158227839506e-16,6.72116104593741e-16,1
47808,D2_Craig_Bampton_R04,0,36,4,0,0,1,162491,52,0.990981299359503,1,0,6.52525546642683e-16,6.85066616695768e-16,1
47809,D2_Craig_Bampton_R04,0,37,4,0,0,1,162543,53,0.991058412916708,1,0,1.9732453471742e-15,1.96489616692602e-15,1
47810,D2_Craig_Bampton_R04,0,38,4,0,0,1,162596,54,0.991134032146359,1,0,9.3019876234417e-16,9.27956263954678e-16,1
47811,D2_Craig_Bampton_R04,0,39,4,0,0,1,162650,55,0.991207871988901,1,0,1.2672649743807e-15,1.22536638581886e-15,1
47812,D2_Craig_Bampton_R04,0,40,4,0,0,1,162705,56,0.991279665121904,1,0,6.43106090981612e-16,5.96498955127532e-16,1
47813,D2_Craig_Bampton_R04,0,41,4,0,0,1,162761,57,0.99134916280211,1,0,1.31069468981631e-15,1.23394426286167e-15,1
47814,D2_Craig_Bampton_R04,0,42,4,0,0,1,162818,58,0.991416135366664,1,0,3.71760105386292e-15,3.60203018453379e-15,1
47815,D2_Craig_Bampton_R04,0,43,4,0,0,1,162876,59,0.991480372421592,1,0,1.02790829186578e-15,1.02183227056473e-15,1
47816,D2_Craig_Bampton_R04,0,44,4,0,0,1,162935,60,0.991541682750566,1,0,8.78090475316196e-16,8.82323825887531e-16,1
47817,D2_Craig_Bampton_R04,0,45,4,0,0,1,162995,61,0.991599893979185,1,0,1.77685161288886e-15,1.77866011555887e-15,1
47818,D2_Craig_Bampton_R04,0,46,4,0,0,1,163056,62,0.991654852031522,1,0,3.46317371551798e-15,3.74961295500471e-15,1
47819,D2_Craig_Bampton_R04,0,47,4,0,0,1,163118,63,0.991706420414807,1,0,2.51702153984105e-15,2.50668893950451e-15,1
47820,D2_Craig_Bampton_R04,0,48,4,0,0,1,163181,64,0.991754479366695,1,0,1.65149451799372e-15,1.52324581847086e-15,1
47821,D2_Craig_Bampton_R04,0,49,4,0,0,1,163245,65,0.991798924897511,1,0,3.55515610343891e-15,3.59860079907673e-15,1
47822,D2_Craig_Bampton_R04,0,50,4,0,0,1,163310,66,0.991839667756456,1,0,1.99667446951014e-15,2.07941465404406e-15,1
47823,D2_Craig_Bampton_R04,0,51,4,0,0,1,163376,67,0.991876632347719,1,0,1.20383313750629e-15,1.23201090582214e-15,1
47824,D2_Craig_Bampton_R04,0,52,4,0,0,1,163443,68,0.991909755619146,1,0,1.34890079788204e-15,1.3563678246883e-15,1
47825,D2_Craig_Bampton_R04,0,53,4,0,0,1,163511,69,0.991938985942403,1,0,3.17207758446458e-15,2.92234993898149e-15,1
47826,D2_Craig_Bampton_R04,0,54,4,0,0,1,163580,70,0.991964282000457,1,0,6.82282833345399e-15,6.89566481984013e-15,1
47827,D2_Craig_Bampton_R04,0,55,4,0,0,1,163650,71,0.9919856116951,1,0,1.48534828453929e-15,1.43734416022476e-15,1
47828,D2_Craig_Bampton_R04,0,56,4,0,0,1,163721,72,0.992002951084498,1,0,1.32097278642159e-15,1.30362184631529e-15,1
47829,D2_Craig_Bampton_R04,0,57,4,0,0,1,163793,73,0.992016283357921,1,0,8.98441449826318e-15,8.82846321617403e-15,1
47830,D2_Craig_Bampton_R04,0,58,4,0,0,1,163866,74,0.992025597852946,1,0,1.45533687427558e-15,1.34679168845931e-15,1
47831,D2_Craig_Bampton_R04,0,59,4,0,0,1,163940,75,0.992030889118317,1,0,5.23474798040317e-15,5.05202427109959e-15,1
47832,D2_Craig_Bampton_R04,0,60,6,0,1,1,164015,76,0.992032156023924,1,0,3.68217919404667e-15,3.56623782390865e-15,1
47833,D2_Craig_Bampton_R04,0,61,4,0,0,1,164091,77,0.992029400918165,1,0,1.63879177583699e-15,1.83651726938031e-15,1
47834,D2_Craig_Bampton_R04,0,62,4,0,0,1,164168,78,0.992022628831599,1,0,1.21108410348374e-15,1.21058506953487e-15,1
47835,D2_Craig_Bampton_R04,0,63,4,0,0,1,164246,79,0.992011846725023,1,0,6.17484443585544e-15,6.11080605208736e-15,1
47836,D2_Craig_Bampton_R04,0,64,4,0,0,1,164325,80,0.99199706277923,1,0,4.00391254851919e-15,3.94593310665861e-15,1
47837,D2_Craig_Bampton_R04,0,65,4,0,0,1,164405,81,0.991978285722972,1,0,5.4313750919701e-15,5.60868061077962e-15,1
47838,D2_Craig_Bampton_R04,0,66,4,0,0,1,164486,82,0.991955524195391,1,0,2.2807794326661e-15,2.36178616914784e-15,1
47899,D2_Craig_Bampton_R04,1,60,2,0,1,0,164568,77,0.992021087294746,1,0,1.68796672090343e-12,1.68808426545416e-12,1
47966,D2_Craig_Bampton_R04,2,60,2,0,1,0,164645,78,0.992009660027396,1,0,2.43464859101418e-14,2.46433753840408e-14,1
48033,D2_Craig_Bampton_R04,3,60,2,0,1,0,164723,79,0.991997874265732,1,0,2.15216977411806e-14,2.12066478308552e-14,1
48100,D2_Craig_Bampton_R04,4,60,2,0,1,0,164802,80,0.991985732970486,1,0,1.47680945411426e-14,1.49064298168722e-14,1
48167,D2_Craig_Bampton_R04,5,60,2,0,1,0,164882,81,0.991973242801468,1,0,3.30330647713929e-14,3.30328160879716e-14,1
48234,D2_Craig_Bampton_R04,6,60,2,0,1,0,164963,82,0.991960415053388,1,0,2.41798989768261e-14,2.42667973264353e-14,1
48301,D2_Craig_Bampton_R04,7,60,2,0,1,0,165045,83,0.991947266769114,1,0,4.56641704808682e-14,4.59445354037043e-14,1
48368,D2_Craig_Bampton_R04,8,60,2,0,1,0,165128,84,0.991933822055483,1,0,3.20456855014397e-14,3.17886950433723e-14,1
48435,D2_Craig_Bampton_R04,9,60,2,0,1,0,165212,85,0.991920113626212,1,0,2.530294684249e-14,2.5066161077694e-14,1
48502,D2_Craig_Bampton_R04,10,60,2,0,1,0,165297,86,0.991906184594074,1,0,6.18969532877236e-14,6.21959955688377e-14,1
48569,D2_Craig_Bampton_R04,11,60,2,0,1,0,165383,87,0.991892090527949,1,0,7.43668405273827e-14,7.3967192589239e-14,1
48636,D2_Craig_Bampton_R04,12,60,2,0,1,0,165470,88,0.991877901778494,1,0,5.34098800396031e-14,5.34252553239494e-14,1
48703,D2_Craig_Bampton_R04,13,60,2,0,1,0,165558,89,0.991863706056957,1,0,6.99906899032033e-14,6.94143167628516e-14,1
48770,D2_Craig_Bampton_R04,14,60,2,0,1,0,165647,90,0.991849611221079,1,0,7.99178000557604e-14,7.98483967980771e-14,1
48837,D2_Craig_Bampton_R04,15,60,2,0,1,0,165737,91,0.991835748177823,1,0,7.66298318955395e-14,7.67453587944187e-14,1
48904,D2_Craig_Bampton_R04,16,60,2,0,1,0,165828,92,0.991822273750895,1,0,7.55503945858126e-14,7.52602284479092e-14,1
48971,D2_Craig_Bampton_R04,17,60,2,0,1,0,165920,93,0.991809373278648,1,0,8.91627197943211e-14,8.95143255893e-14,1
49038,D2_Craig_Bampton_R04,18,60,2,0,1,0,166013,94,0.991797262604906,1,0,1.36666235334683e-13,1.36812420886646e-13,1
49105,D2_Craig_Bampton_R04,19,60,2,0,1,0,166107,95,0.991786189004979,1,0,8.37331263738388e-14,8.35796059878169e-14,1
49172,D2_Craig_Bampton_R04,20,60,2,0,1,0,166202,96,0.991776430463719,1,0,8.43799612338735e-14,8.4539815745726e-14,1
49239,D2_Craig_Bampton_R04,21,60,2,0,1,0,166298,97,0.991768292615034,1,0,2.01987983894956e-13,2.01300091208743e-13,1
49306,D2_Craig_Bampton_R04,22,60,2,0,1,0,166395,98,0.991762102602054,1,0,1.63531925762907e-13,1.62748782220374e-13,1
49373,D2_Craig_Bampton_R04,23,60,2,0,1,0,166493,99,0.991758199177486,1,0,1.38782786472243e-13,1.38501703257389e-13,1
49439,D2_Craig_Bampton_R04,24,59,2,0,1,0,166592,99,0.99175726038369,1,0,3.52590047486401e-13,3.52174072404847e-13,1
49506,D2_Craig_Bampton_R04,25,59,2,0,1,0,166691,100,0.991759397674576,1,0,1.73739641844457e-13,1.73610781503839e-13,1
49573,D2_Craig_Bampton_R04,26,59,2,0,1,0,166791,101,0.991764782130425,1,0,3.03072469025429e-13,3.0335896896059e-13,1
49640,D2_Craig_Bampton_R04,27,59,2,0,1,0,166892,102,0.991773611408111,1,0,2.38121088078635e-13,2.37247158634212e-13,1
49707,D2_Craig_Bampton_R04,28,59,2,0,1,0,166994,103,0.991785991765684,1,0,3.52888149173128e-13,3.52890400361588e-13,1
49774,D2_Craig_Bampton_R04,29,59,2,0,1,0,167097,104,0.991801919447043,1,0,2.999379695257e-13,2.99667892322027e-13,1
49782,D2_Craig_Bampton_R04,30,0,4,0,0,1,167201,46,0.989809675551518,1,0,4.74188279811536e-16,4.88269922897452e-16,1
49783,D2_Craig_Bampton_R04,30,1,4,0,0,1,167247,47,0.989803519909898,1,0,6.21696825005816e-16,6.17063469912756e-16,1
49784,D2_Craig_Bampton_R04,30,2,4,0,0,1,167294,48,0.989797288183354,1,0,9.06261875897587e-16,9.04116937320062e-16,1
49785,D2_Craig_Bampton_R04,30,3,4,0,0,1,167342,49,0.989790979153503,1,0,5.91522303784653e-16,5.8725519773475e-16,1
49786,D2_Craig_Bampton_R04,30,4,4,0,0,1,167391,50,0.989784591574783,1,0,5.85985763263023e-16,5.97256069814509e-16,1
49787,D2_Craig_Bampton_R04,30,5,4,0,0,1,167441,51,0.989778124173739,1,0,7.83714854605229e-16,7.90483728994612e-16,1
49788,D2_Craig_Bampton_R04,30,6,4,0,0,1,167492,52,0.989771575648062,1,0,4.2277946863651e-16,4.30102758756812e-16,1
49789,D2_Craig_Bampton_R04,30,7,4,0,0,1,167544,53,0.989764944665786,1,0,9.86967997506312e-16,9.86320232951953e-16,1
49790,D2_Craig_Bampton_R04,30,8,4,0,0,1,167597,54,0.989758229864339,1,0,1.06896856332266e-15,1.0692723826922e-15,1
49791,D2_Craig_Bampton_R04,30,9,4,0,0,1,167651,55,0.989751429849587,1,0,8.68803668601414e-16,8.69116251127485e-16,1
49792,D2_Craig_Bampton_R04,30,10,4,0,0,1,167706,56,0.989744543194855,1,0,2.19720663639279e-15,2.19817734398311e-15,1
49793,D2_Craig_Bampton_R04,30,11,4,0,0,1,167762,57,0.989737568439895,1,0,2.22710134844034e-15,2.22750602730447e-15,1
49794,D2_Craig_Bampton_R04,30,12,4,0,0,1,167819,58,0.989730504089811,1,0,1.91346087806302e-15,1.91556533078436e-15,1
49795,D2_Craig_Bampton_R04,30,13,4,0,0,1,167877,59,0.989723348613936,1,0,2.3350332727476e-15,2.33669656091838e-15,1
49796,D2_Craig_Bampton_R04,30,14,4,0,0,1,167936,60,0.989716100444688,1,0,2.58895551115123e-15,2.58798249555125e-15,1
49797,D2_Craig_Bampton_R04,30,15,4,0,0,1,167996,61,0.989708757976361,1,0,2.42156906023971e-15,2.42120622033272e-15,1
49798,D2_Craig_Bampton_R04,30,16,4,0,0,1,168057,62,0.989701319563843,1,0,5.37481280087078e-15,5.37447526107231e-15,1
49799,D2_Craig_Bampton_R04,30,17,4,0,0,1,168119,63,0.989693783521325,1,0,6.39217266139448e-15,6.39440856549599e-15,1
49841,D2_Craig_Bampton_R04,30,59,2,0,1,0,168182,105,0.991821269376743,1,0,2.24978266700799e-13,2.24874408399164e-13,1
