route_id,contract_id,division,method,mode,point_order,l_samples,j_samples,physical_root_count,rho,dominant_root_real,dominant_root_imag,stable,critical,stability_code,stability_status,maximum_state_eigenpair_residual,transition_reconstruction_relative_error,overall_pass
B1_D2_Craig_Bampton,B1,2,Craig_Bampton,full-grid,1,0,0,16,0.99542335325995046,0.99517275006541883,-0.022334944426069082,1,0,-1,STABLE,3.2052922976489228e-16,1.5092554794336015e-16,1
B1_D2_Craig_Bampton,B1,2,Craig_Bampton,full-grid,2,0,1,17,0.99551485259872541,0.9952636434456088,-0.022362955529943912,1,0,-1,STABLE,4.1827541125933484e-16,6.5121882222205768e-17,1
B1_D2_Craig_Bampton,B1,2,Craig_Bampton,full-grid,3,0,2,18,0.99560717403544785,0.99535539669116879,-0.022389266817302481,1,0,-1,STABLE,1.4278351040373978e-16,6.5121882222205756e-17,1
B1_D2_Craig_Bampton,B1,2,Craig_Bampton,full-grid,4,0,3,19,0.99570027809346973,0.99544797105506355,-0.022413851024992947,1,0,-1,STABLE,4.8176970892625272e-16,6.512188222220578e-17,1
B1_D2_Craig_Bampton,B1,2,Craig_Bampton,full-grid,5,0,4,20,0.99579412442031268,0.99554132688776198,-0.022436681763827997,1,0,-1,STABLE,1.8409091930681868e-16,6.5121882222205768e-17,1
B1_D2_Craig_Bampton,B1,2,Craig_Bampton,full-grid,6,0,5,21,0.99588867178514073,0.99563542363381219,-0.022457733534152455,1,0,-1,STABLE,4.1860731585273448e-16,6.5121882222205768e-17,1
B1_D2_Craig_Bampton,B1,2,Craig_Bampton,full-grid,7,0,6,22,0.99598387807378896,0.99573021982588905,-0.022476981745570414,1,0,-1,STABLE,2.0566045508848331e-16,6.5121882222205756e-17,1
B1_D2_Craig_Bampton,B1,2,Craig_Bampton,full-grid,8,0,7,23,0.99607970028190207,0.99582567307687841,-0.022494402740815142,1,0,-1,STABLE,2.5327931416495688e-16,6.5121882222205768e-17,1
B1_D2_Craig_Bampton,B1,2,Craig_Bampton,full-grid,9,0,8,24,0.99617609450677269,0.99592174007056977,-0.022509973824391655,1,0,-1,STABLE,1.9791238712838783e-16,6.5121882222205768e-17,1
B1_D2_Craig_Bampton,B1,2,Craig_Bampton,full-grid,10,0,9,25,0.99627301593857998,0.99601837655165215,-0.022523673296448707,1,0,-1,STABLE,2.2234938671397314e-16,6.512188222220578e-17,1
B1_D2_Craig_Bampton,B1,2,Craig_Bampton,full-grid,11,0,10,26,0.99637041885180233,0.99611553731577995,-0.022535480492125511,1,0,-1,STABLE,2.9524132871547052e-16,6.5121882222205756e-17,1
B1_D2_Craig_Bampton,B1,2,Craig_Bampton,full-grid,12,0,11,27,0.99646825659756089,0.99621317620045802,-0.022545375826938548,1,0,-1,STABLE,1.6798210823125499e-16,6.512188222220578e-17,1
B1_D2_Craig_Bampton,B1,2,Craig_Bampton,full-grid,13,0,12,28,0.99656648159782701,0.99631124607768606,-0.022553340847873634,1,0,-1,STABLE,1.4008988037306021e-16,6.5121882222205756e-17,1
B1_D2_Craig_Bampton,B1,2,Craig_Bampton,full-grid,14,0,13,29,0.99666504534237788,0.99640969884924235,-0.022559358290657378,1,0,-1,STABLE,4.2714826862876541e-16,6.5121882222205768e-17,1
B1_D2_Craig_Bampton,B1,2,Craig_Bampton,full-grid,15,0,14,30,0.9967638983894328,0.99650848544553972,-0.022563412143029607,1,0,-1,STABLE,3.1740069033557706e-16,6.5121882222205768e-17,1
B1_D2_Craig_Bampton,B1,2,Craig_Bampton,full-grid,16,0,15,31,0.99686299037095205,0.99660755582905403,-0.022565487713674417,1,0,-1,STABLE,2.3175505697724283e-16,6.5121882222205768e-17,1
B1_D2_Craig_Bampton,B1,2,Craig_Bampton,full-grid,17,0,16,32,0.99696227000353077,0.99670685900325962,-0.02256557170667918,1,0,-1,STABLE,4.9068245220235092e-16,6.5121882222205756e-17,1
B1_D2_Craig_Bampton,B1,2,Craig_Bampton,full-grid,18,0,17,33,0.99706168510584392,0.99680634302804083,-0.022563652301190992,1,0,-1,STABLE,1.9508561236974943e-16,6.5121882222205768e-17,1
B1_D2_Craig_Bampton,B1,2,Craig_Bampton,full-grid,19,0,18,34,0.99716118262356079,0.99690595504252555,-0.022559719235140021,1,0,-1,STABLE,2.6458885546135912e-16,6.5121882222205756e-17,1
B1_D2_Craig_Bampton,B1,2,Craig_Bampton,full-grid,20,0,19,35,0.99726070866260474,0.9970056412962256,-0.022553763893033835,1,0,-1,STABLE,1.955855519966567e-16,6.512188222220578e-17,1
B1_D2_Craig_Bampton,B1,2,Craig_Bampton,full-grid,21,0,20,36,0.99736020853145668,0.99710534718921306,-0.022545779396368763,1,0,-1,STABLE,2.3604013637047209e-16,6.5121882222205768e-17,1
B1_D2_Craig_Bampton,B1,2,Craig_Bampton,full-grid,22,0,21,37,0.99745962679336808,0.997205017322221,-0.022535760696148308,1,0,-1,STABLE,1.3219822872991371e-16,6.5121882222205768e-17,1
B1_D2_Craig_Bampton,B1,2,Craig_Bampton,full-grid,23,0,22,38,0.99755890732885455,0.99730459555707873,-0.022523704665743622,1,0,-1,STABLE,1.9556367301595457e-16,6.5121882222205756e-17,1
B1_D2_Craig_Bampton,B1,2,Craig_Bampton,full-grid,24,0,23,39,0.99765799340912786,0.99740402508815662,-0.022509610193672251,1,0,-1,STABLE,2.792882413134553e-16,6.5121882222205768e-17,1
B1_D2_Craig_Bampton,B1,2,Craig_Bampton,full-grid,25,0,24,40,0.99775682778065922,0.99750324852505656,-0.022493478274448836,1,0,-1,STABLE,1.5728253186850844e-16,6.5121882222205768e-17,1
B1_D2_Craig_Bampton,B1,2,Craig_Bampton,full-grid,26,0,25,41,0.99785535276098203,0.9976022079866943,-0.022475312096078184,1,0,-1,STABLE,1.8241401954236289e-16,6.512188222220578e-17,1
B1_D2_Craig_Bampton,B1,2,Craig_Bampton,full-grid,27,0,26,42,0.99795351034583679,0.99770084520689906,-0.022455117123213436,1,0,-1,STABLE,2.9062501055253919e-16,6.5121882222205756e-17,1
B1_D2_Craig_Bampton,B1,2,Craig_Bampton,full-grid,28,0,27,43,0.99805124232719256,0.99779910165112162,-0.022432901173659744,1,0,-1,STABLE,2.7501986333903818e-16,6.512188222220578e-17,1
B1_D2_Craig_Bampton,B1,2,Craig_Bampton,full-grid,29,0,28,44,0.99814849042193443,0.9978969186440485,-0.022408674487789507,1,0,-1,STABLE,2.070613981041458e-16,6.5121882222205756e-17,1
B1_D2_Craig_Bampton,B1,2,Craig_Bampton,full-grid,30,0,29,45,0.99824519641040044,0.99799423750736693,-0.02238244978836167,1,0,-1,STABLE,1.7745966645830497e-16,6.5121882222205768e-17,1
B1_D2_Craig_Bampton,B1,2,Craig_Bampton,full-grid,31,0,30,46,0.99834130228402496,0.9980909997069447,-0.022354242330138489,1,0,-1,STABLE,2.0047572491532684e-16,6.5121882222205768e-17,1
B1_D2_Craig_Bampton,B1,2,Craig_Bampton,full-grid,32,0,31,47,0.99843675040089652,0.9981871470082806,-0.022324069937429202,1,0,-1,STABLE,1.9137083409632864e-16,6.5121882222205768e-17,1
B1_D2_Craig_Bampton,B1,2,Craig_Bampton,full-grid,33,0,32,48,0.99853148364813238,0.99828262163914028,-0.022291953028513046,1,0,-1,STABLE,3.6740591244469615e-16,6.5121882222205756e-17,1
B1_D2_Craig_Bampton,B1,2,Craig_Bampton,full-grid,34,0,33,49,0.99862544560954891,0.99837736645787567,-0.0222579146261969,1,0,-1,STABLE,4.3001611213340815e-16,6.5121882222205768e-17,1
B1_D2_Craig_Bampton,B1,2,Craig_Bampton,full-grid,35,0,34,50,0.99871858073711306,0.99847132512593584,-0.022221980353046459,1,0,-1,STABLE,2.040290984937267e-16,6.5121882222205756e-17,1
B1_D2_Craig_Bampton,B1,2,Craig_Bampton,full-grid,36,0,35,51,0.99881083452436048,0.99856444228276042,-0.02218417841095079,1,0,-1,STABLE,2.2788202871058323e-16,6.512188222220578e-17,1
B1_D2_Craig_Bampton,B1,2,Craig_Bampton,full-grid,37,0,36,52,0.99890215368018376,0.99865666372144979,-0.022144539544831521,1,0,-1,STABLE,1.9935984108822312e-16,6.5121882222205768e-17,1
B1_D2_Craig_Bampton,B1,2,Craig_Bampton,full-grid,38,0,37,53,0.99899248630094828,0.99874793656318572,-0.022103096989541274,1,0,-1,STABLE,2.301729732328263e-16,6.5121882222205768e-17,1
B1_D2_Craig_Bampton,B1,2,Craig_Bampton,full-grid,39,0,38,54,0.99908178203910492,0.99883820942854351,-0.02205988640076291,1,0,-1,STABLE,2.4691899412506225e-16,6.5121882222205756e-17,1
B1_D2_Craig_Bampton,B1,2,Craig_Bampton,full-grid,40,0,39,55,0.99916999226650494,0.99892743260389461,-0.022014945769616302,1,0,-1,STABLE,2.1627938376169464e-16,6.5121882222205768e-17,1
B1_D2_Craig_Bampton,B1,2,Craig_Bampton,full-grid,41,0,40,56,0.99925707023044119,0.99901555820089105,-0.021968315321999193,1,0,-1,STABLE,2.4490509892665181e-16,6.5121882222205768e-17,1
B1_D2_Craig_Bampton,B1,2,Craig_Bampton,full-grid,42,0,41,57,0.99934297120093774,0.9991025403075352,-0.02192003740297822,1,0,-1,STABLE,1.9909530126406668e-16,6.512188222220578e-17,1
B1_D2_Craig_Bampton,B1,2,Craig_Bampton,full-grid,43,0,42,58,0.99942765260735311,0.9991883351288553,-0.021870156347651288,1,0,-1,STABLE,2.4439873755386773e-16,6.5121882222205756e-17,1
B1_D2_Craig_Bampton,B1,2,Craig_Bampton,full-grid,44,0,43,59,0.99951107416310214,0.99927290111595901,-0.02181871833937761,1,0,-1,STABLE,2.5012947523538705e-16,6.512188222220578e-17,1
B1_D2_Craig_Bampton,B1,2,Craig_Bampton,full-grid,45,0,44,60,0.99959319797707769,0.99935619908200524,-0.021765771256919683,1,0,-1,STABLE,2.2301310976217922e-16,6.5121882222205756e-17,1
B1_D2_Craig_Bampton,B1,2,Craig_Bampton,full-grid,46,0,45,61,0.99967398865093637,0.99943819230419839,-0.021711364512359659,1,0,-1,STABLE,1.4882847138368426e-16,6.5121882222205768e-17,1
B1_D2_Craig_Bampton,B1,2,Craig_Bampton,full-grid,47,0,46,62,0.99975341336097334,0.99951884661050538,-0.021655548880650851,1,0,-1,STABLE,2.6058330767310121e-16,6.5121882222205768e-17,1
B1_D2_Craig_Bampton,B1,2,Craig_Bampton,full-grid,48,0,47,63,0.99983144192443429,0.99959813045087542,-0.021598376323422295,1,0,-1,STABLE,2.9341032651975386e-16,6.5121882222205768e-17,1
B1_D2_Craig_Bampton,B1,2,Craig_Bampton,full-grid,49,0,48,64,0.99990804684969536,0.99967601495235381,-0.021539899808347661,1,0,-1,STABLE,1.3296823793568065e-16,6.5121882222205756e-17,1
B1_D2_Craig_Bampton,B1,2,Craig_Bampton,full-grid,50,0,49,65,0.99998320337007818,0.99975247395780953,-0.021480173125987743,1,0,-1,STABLE,1.2138851440577986e-16,6.5121882222205768e-17,1
B1_D2_Craig_Bampton,B1,2,Craig_Bampton,full-grid,51,0,50,66,1.0000568894616229,0.99982748404854926,-0.021419250705953463,0,0,1,UNSTABLE,4.4242310218316859e-16,6.5121882222205756e-17,1
B1_D2_Craig_Bampton,B1,2,Craig_Bampton,full-grid,52,0,51,67,1.000129085844969,0.99990102455092977,-0.021357187434081472,0,0,1,UNSTABLE,2.1154225505754018e-16,6.512188222220578e-17,1
B1_D2_Craig_Bampton,B1,2,Craig_Bampton,full-grid,53,0,52,68,1.0001997759719015,0.99997307752748421,-0.021294038472158269,0,0,1,UNSTABLE,3.878433132569854e-16,6.5121882222205768e-17,1
B1_D2_Craig_Bampton,B1,2,Craig_Bampton,full-grid,54,0,53,69,1.0002689459973169,1.000043627753282,-0.021229859081921324,0,0,1,UNSTABLE,1.5110399820346092e-16,6.5121882222205768e-17,1
B1_D2_Craig_Bampton,B1,2,Craig_Bampton,full-grid,55,0,54,70,1.0003365847374119,1.0001126626782892,-0.021164704454625732,0,0,1,UNSTABLE,1.5555510344854336e-16,6.5121882222205756e-17,1
B1_D2_Craig_Bampton,B1,2,Craig_Bampton,full-grid,56,0,55,71,1.0004026836150066,1.0001801723766226,-0.021098629547356723,0,0,1,UNSTABLE,2.4251745983262557e-16,6.5121882222205768e-17,1
B1_D2_Craig_Bampton,B1,2,Craig_Bampton,full-grid,57,0,56,72,1.0004672365933489,1.0002461494840147,-0.021031688927296954,0,0,1,UNSTABLE,1.759787237267173e-16,6.5121882222205768e-17,1
B1_D2_Craig_Bampton,B1,2,Craig_Bampton,full-grid,58,0,57,73,1.0005302400992457,1.0003105891243202,-0.020963936624824819,0,0,1,UNSTABLE,2.4884891456474584e-16,6.512188222220578e-17,1
B1_D2_Craig_Bampton,B1,2,Craig_Bampton,full-grid,59,0,58,74,1.0005916929369918,1.0003734888265237,-0.020895425996243833,0,0,1,UNSTABLE,2.6799202733626736e-16,6.5121882222205756e-17,1
B1_D2_Craig_Bampton,B1,2,Craig_Bampton,full-grid,60,0,59,75,1.000651596194263,1.0004348484334027,-0.020826209596586428,0,0,1,UNSTABLE,1.7879552044606691e-16,6.512188222220578e-17,1
B1_D2_Craig_Bampton,B1,2,Craig_Bampton,full-grid,61,0,60,76,1.0007099531412083,1.0004946700030839,-0.020756339063026739,0,0,1,UNSTABLE,3.9925708648560675e-16,6.5121882222205756e-17,1
B1_D2_Craig_Bampton,B1,2,Craig_Bampton,full-grid,62,0,61,77,1.0007667691240592,1.000552957704802,-0.02068586500924232,0,0,1,UNSTABLE,1.4941621219751573e-16,6.5121882222205768e-17,1
B1_D2_Craig_Bampton,B1,2,Craig_Bampton,full-grid,63,0,62,78,1.0008220514543256,1.0006097177099433,-0.020614836930523933,0,0,1,UNSTABLE,1.9070059652738155e-16,6.5121882222205768e-17,1
B1_D2_Craig_Bampton,B1,2,Craig_Bampton,full-grid,64,0,63,79,1.0008758092950647,1.0006649580798586,-0.020543303120138121,0,0,1,UNSTABLE,2.8684835147931409e-16,6.5121882222205768e-17,1
B1_D2_Craig_Bampton,B1,2,Craig_Bampton,full-grid,65,0,64,80,1.000928053544788,1.0007186886510298,-0.020471310596081711,0,0,1,UNSTABLE,2.2047378929095024e-16,6.5121882222205756e-17,1
B1_D2_Craig_Bampton,B1,2,Craig_Bampton,full-grid,66,0,65,81,1.0009787967205215,1.0007709209191094,-0.020398905038771127,0,0,1,UNSTABLE,2.3223940985291699e-16,6.5121882222205768e-17,1
B1_D2_Craig_Bampton,B1,2,Craig_Bampton,full-grid,67,0,66,82,1.001028052840834,1.0008216679226647,-0.020326130738707524,0,0,1,UNSTABLE,2.3973307693371999e-16,6.5121882222205756e-17,1
B1_D2_Craig_Bampton,B1,2,Craig_Bampton,full-grid,68,1,0,17,0.9954294889416998,0.99517884376403032,-0.022336883829695061,1,0,-1,STABLE,2.6424205992727901e-16,1.2665150531458274e-16,1
B1_D2_Craig_Bampton,B1,2,Craig_Bampton,full-grid,69,1,1,18,0.99552104903402983,0.99526980083847127,-0.022364762658358732,1,0,-1,STABLE,3.9638661013050425e-16,1.4026504555622364e-16,1
B1_D2_Craig_Bampton,B1,2,Craig_Bampton,full-grid,70,1,2,19,0.99561342603315295,0.99536161267198886,-0.022390938267299397,1,0,-1,STABLE,3.1096030242469753e-16,1.4026504555622364e-16,1
B1_D2_Craig_Bampton,B1,2,Craig_Bampton,full-grid,71,1,3,20,0.99570658025776648,0.9954542403069464,-0.022415383635713496,1,0,-1,STABLE,3.4813029259042293e-16,1.4026504555622367e-16,1
B1_D2_Craig_Bampton,B1,2,Craig_Bampton,full-grid,72,1,4,21,0.99580047116411297,0.99554764389619499,-0.022438072631225305,1,0,-1,STABLE,2.1126499191784084e-16,1.4026504555622364e-16,1
B1_D2_Craig_Bampton,B1,2,Craig_Bampton,full-grid,73,1,5,22,0.99589505734448969,0.99564178270069614,-0.022458980025017197,1,0,-1,STABLE,1.9269569738246159e-16,1.4026504555622367e-16,1
B1_D2_Craig_Bampton,B1,2,Craig_Bampton,full-grid,74,1,6,23,0.99599029652327531,0.99573661508459743,-0.022478081510441766,1,0,-1,STABLE,2.4992374376753193e-16,1.4026504555622364e-16,1
B1_D2_Craig_Bampton,B1,2,Craig_Bampton,full-grid,75,1,7,24,0.99608614555106623,0.99583209850832888,-0.022495353726438443,1,0,-1,STABLE,2.8248283521387768e-16,1.4026504555622367e-16,1
B1_D2_Craig_Bampton,B1,2,Craig_Bampton,full-grid,76,1,8,25,0.9961825603974368,0.99592818952025119,-0.02251077428494147,1,0,-1,STABLE,1.7254841434474795e-16,1.4026504555622367e-16,1
B1_D2_Craig_Bampton,B1,2,Craig_Bampton,full-grid,77,1,9,26,0.99627949614309952,0.99602484374759692,-0.022524321803848786,1,0,-1,STABLE,2.227953261631681e-16,1.4026504555622364e-16,1
B1_D2_Craig_Bampton,B1,2,Craig_Bampton,full-grid,78,1,10,27,0.99637690697210957,0.99612201588736204,-0.022535975945275476,1,0,-1,STABLE,1.4408766409351477e-16,1.4026504555622364e-16,1
B1_D2_Craig_Bampton,B1,2,Craig_Bampton,full-grid,79,1,11,28,0.99647474616504672,0.99621965969805748,-0.022545717459885383,1,0,-1,STABLE,1.9858506164053542e-16,1.4026504555622364e-16,1
B1_D2_Craig_Bampton,B1,2,Craig_Bampton,full-grid,80,1,12,29,0.99657296609391666,0.99631772799308949,-0.022553528236506859,1,0,-1,STABLE,1.7006318934365741e-16,1.4026504555622364e-16,1
B1_D2_Craig_Bampton,B1,2,Craig_Bampton,full-grid,81,1,13,30,0.99667151821974698,0.99641617263671445,-0.022559391358300377,1,0,-1,STABLE,1.2848652334648912e-16,1.4026504555622364e-16,1
B1_D2_Craig_Bampton,B1,2,Craig_Bampton,full-grid,82,1,14,31,0.996770353093821,0.99651494454353473,-0.022563291164555736,1,0,-1,STABLE,2.4734705127851156e-16,1.4026504555622364e-16,1
B1_D2_Craig_Bampton,B1,2,Craig_Bampton,full-grid,83,1,15,32,0.99686942036341264,0.99661399368240544,-0.022565213318131112,1,0,-1,STABLE,2.8669438353262152e-16,1.4026504555622364e-16,1
B1_D2_Craig_Bampton,B1,2,Craig_Bampton,full-grid,84,1,16,33,0.99696866878308521,0.99671326908581603,-0.022565144878386258,1,0,-1,STABLE,1.8969154905029765e-16,1.4026504555622364e-16,1
B1_D2_Craig_Bampton,B1,2,Craig_Bampton,full-grid,85,1,17,34,0.9970680462323831,0.99681271886559475,-0.02256307437921928,1,0,-1,STABLE,1.9984690567955587e-16,1.4026504555622364e-16,1
B1_D2_Craig_Bampton,B1,2,Craig_Bampton,full-grid,86,1,18,35,0.99716749974090813,0.99691229023594963,-0.022558991911158927,1,0,-1,STABLE,4.1370106210954822e-16,1.4026504555622364e-16,1
B1_D2_Craig_Bampton,B1,2,Craig_Bampton,full-grid,87,1,19,36,0.99726697552155286,0.99701192954462892,-0.022552889207400659,1,0,-1,STABLE,2.1085075884188854e-16,1.4026504555622367e-16,1
B1_D2_Craig_Bampton,B1,2,Craig_Bampton,full-grid,88,1,20,37,0.99736641901272793,0.9971115823130714,-0.022544759732485344,1,0,-1,STABLE,1.5535483790756651e-16,1.4026504555622367e-16,1
B1_D2_Craig_Bampton,B1,2,Craig_Bampton,full-grid,89,1,21,38,0.99746577493020827,0.99721119328619023,-0.022534598772858086,1,0,-1,STABLE,1.5872827267160878e-16,1.4026504555622367e-16,1
B1_D2_Craig_Bampton,B1,2,Craig_Bampton,full-grid,90,1,22,39,0.99756498732929266,0.99731070649251552,-0.022522403528287417,1,0,-1,STABLE,1.7974526676541827e-16,1.4026504555622364e-16,1
B1_D2_Craig_Bampton,B1,2,Craig_Bampton,full-grid,91,1,23,40,0.99766399967755626,0.99741006531501464,-0.022508173202578471,1,0,-1,STABLE,1.7821716681119198e-16,1.4026504555622367e-16,1
B1_D2_Craig_Bampton,B1,2,Craig_Bampton,full-grid,92,1,24,41,0.99776275493862499,0.99750921257304026,-0.022491909092557501,1,0,-1,STABLE,2.2352892948059983e-16,1.4026504555622367e-16,1
B1_D2_Craig_Bampton,B1,2,Craig_Bampton,full-grid,93,1,25,42,0.99786119566710829,0.99760809061558353,-0.022473614674118059,1,0,-1,STABLE,3.7657835869429651e-16,1.4026504555622364e-16,1
B1_D2_Craig_Bampton,B1,2,Craig_Bampton,full-grid,94,1,26,43,0.99795926411450964,0.99770664142568966,-0.022453295683354094,1,0,-1,STABLE,3.686777793732054e-16,1.4026504555622364e-16,1
B1_D2_Craig_Bampton,B1,2,Craig_Bampton,full-grid,95,1,27,44,0.99805690234605648,0.99780480673600569,-0.022430960191847007,1,0,-1,STABLE,3.182984032619118e-16,1.4026504555622364e-16,1
B1_D2_Craig_Bampton,B1,2,Craig_Bampton,full-grid,96,1,28,45,0.99815405236786381,0.99790252815491931,-0.022406618674146148,1,0,-1,STABLE,1.7115572485400513e-16,1.4026504555622364e-16,1
B1_D2_Craig_Bampton,B1,2,Craig_Bampton,full-grid,97,1,29,46,0.99825065626390108,0.99799974730277785,-0.022380284066580044,1,0,-1,STABLE,1.1499030852286157e-16,1.4026504555622364e-16,1
B1_D2_Craig_Bampton,B1,2,Craig_Bampton,full-grid,98,1,30,47,0.99834665634180231,0.99809640595727056,-0.022351971815389195,1,0,-1,STABLE,2.639803204391913e-16,1.4026504555622364e-16,1
B1_D2_Craig_Bampton,B1,2,Craig_Bampton,full-grid,99,1,31,48,0.99844199528661426,0.99819244620709158,-0.022321699913268749,1,0,-1,STABLE,2.1890099527759649e-16,1.4026504555622364e-16,1
B1_D2_Craig_Bampton,B1,2,Craig_Bampton,full-grid,100,1,32,49,0.99853661632117419,0.99828781061259497,-0.022289488923064718,1,0,-1,STABLE,1.8298208154046515e-16,1.4026504555622364e-16,1
B1_D2_Craig_Bampton,B1,2,Craig_Bampton,full-grid,101,1,33,50,0.99863046337161054,0.99838244237196516,-0.022255361987337706,1,0,-1,STABLE,3.8354928852312806e-16,1.4026504555622364e-16,1
B1_D2_Craig_Bampton,B1,2,Craig_Bampton,full-grid,102,1,34,51,0.99872348123670496,0.99847628549164269,-0.022219344823255962,1,0,-1,STABLE,2.4681830624476437e-16,1.4026504555622364e-16,1
B1_D2_Craig_Bampton,B1,2,Craig_Bampton,full-grid,103,1,35,52,0.99881561575912337,0.99856928495902797,-0.022181465702074073,1,0,-1,STABLE,1.6083876715830824e-16,1.4026504555622367e-16,1
B1_D2_Craig_Bampton,B1,2,Craig_Bampton,full-grid,104,1,36,53,0.99890681399697889,0.99866138691592998,-0.022141755412478915,1,0,-1,STABLE,2.6442880070667014e-16,1.4026504555622367e-16,1
B1_D2_Craig_Bampton,B1,2,Craig_Bampton,full-grid,105,1,37,54,0.99899702439375671,0.9987525388307783,-0.022100247208000773,1,0,-1,STABLE,1.7130586334251893e-16,1.4026504555622367e-16,1
B1_D2_Craig_Bampton,B1,2,Craig_Bampton,full-grid,106,1,38,55,0.99908619694476741,0.99884268966776646,-0.022056976737997742,1,0,-1,STABLE,1.5007605757996371e-16,1.4026504555622364e-16,1
B1_D2_Craig_Bampton,B1,2,Craig_Bampton,full-grid,107,1,39,56,0.99917428335840397,0.99893179005116739,-0.022011981963250882,1,0,-1,STABLE,1.3257508698296784e-16,1.4026504555622367e-16,1
B1_D2_Craig_Bampton,B1,2,Craig_Bampton,full-grid,108,1,40,57,0.99926123721026028,0.99901979242287364,-0.021965303055926762,1,0,-1,STABLE,3.0921306428989945e-16,1.4026504555622367e-16,1
B1_D2_Craig_Bampton,B1,2,Craig_Bampton,full-grid,109,1,41,58,0.9993470140884233,0.99910665119143416,-0.021916982285097548,1,0,-1,STABLE,2.8646873961787176e-16,1.4026504555622364e-16,1
B1_D2_Craig_Bampton,B1,2,Craig_Bampton,full-grid,110,1,42,59,0.99943157172848729,0.99919232287110726,-0.021867063888766993,1,0,-1,STABLE,1.2536550465643779e-16,1.4026504555622364e-16,1
B1_D2_Craig_Bampton,B1,2,Craig_Bampton,full-grid,111,1,43,60,0.9995148701366654,0.99927676620926187,-0.021815593933586008,1,0,-1,STABLE,1.8246020596356443e-16,1.4026504555622364e-16,1
B1_D2_Craig_Bampton,B1,2,Craig_Bampton,full-grid,112,1,44,61,0.99959687169993117,0.99935994230102188,-0.021762620163642207,1,0,-1,STABLE,2.0214581246094747e-16,1.4026504555622364e-16,1
B1_D2_Craig_Bampton,B1,2,Craig_Bampton,full-grid,113,1,45,62,0.9996775412819412,0.99944181468986226,-0.021708191839544561,1,0,-1,STABLE,2.7112824148671413e-16,1.4026504555622364e-16,1
B1_D2_Craig_Bampton,B1,2,Craig_Bampton,full-grid,114,1,46,63,0.99975684630410699,0.99952234945346585,-0.02165235957020167,1,0,-1,STABLE,1.9422580943552202e-16,1.4026504555622364e-16,1
B1_D2_Craig_Bampton,B1,2,Craig_Bampton,full-grid,115,1,47,64,0.9998347568110818,0.99960151527407515,-0.021595175138165577,1,0,-1,STABLE,2.2091888853074489e-16,1.4026504555622364e-16,1
B1_D2_Craig_Bampton,B1,2,Craig_Bampton,full-grid,116,1,48,65,0.99991124552028743,0.99967928349290291,-0.021536691320830158,1,0,-1,STABLE,2.2462159592176025e-16,1.4026504555622364e-16,1
B1_D2_Craig_Bampton,B1,2,Craig_Bampton,full-grid,117,1,49,66,0.9999862878554896,0.99975562814857133,-0.021476961709185175,1,0,-1,STABLE,2.247752322979243e-16,1.4026504555622364e-16,1
B1_D2_Craig_Bampton,B1,2,Craig_Bampton,full-grid,118,1,50,67,1.0000598619643208,0.99983052599942934,-0.021416040525755718,0,0,1,UNSTABLE,3.2465858823220545e-16,1.4026504555622364e-16,1
B1_D2_Craig_Bampton,B1,2,Craig_Bampton,full-grid,119,1,51,68,1.0001319487201306,0.99990395653009256,-0.021353982443384992,0,0,1,UNSTABLE,1.7430460685621589e-16,1.4026504555622367e-16,1
B1_D2_Craig_Bampton,B1,2,Craig_Bampton,full-grid,120,1,52,69,1.0002025317088532,0.99997590194284136,-0.021290842407013219,0,0,1,UNSTABLE,2.6421478228147891e-16,1.4026504555622367e-16,1
B1_D2_Craig_Bampton,B1,2,Craig_Bampton,full-grid,121,1,53,70,1.0002715972011678,1.0000463471341388,-0.021226675458983085,0,0,1,UNSTABLE,3.3992456429435113e-16,1.4026504555622367e-16,1
B1_D2_Craig_Bampton,B1,2,Craig_Bampton,full-grid,122,1,54,71,1.0003391341112375,1.0001152796575021,-0.021161536570308403,0,0,1,UNSTABLE,2.2024313012812884e-16,1.4026504555622364e-16,1
B1_D2_Craig_Bampton,B1,2,Craig_Bampton,full-grid,123,1,55,72,1.0004051339427016,1.0001826896733919,-0.021095480478393519,0,0,1,UNSTABLE,2.9975601113960754e-16,1.4026504555622367e-16,1
B1_D2_Craig_Bampton,B1,2,Craig_Bampton,full-grid,124,1,56,73,1.0004695907230798,1.0002485698872432,-0.021028561532624872,0,0,1,UNSTABLE,3.734980000091657e-16,1.4026504555622367e-16,1
B1_D2_Craig_Bampton,B1,2,Craig_Bampton,full-grid,125,1,57,74,1.000532500927831,1.0003129154768728,-0.020960833548747428,0,0,1,UNSTABLE,2.6923179827291113e-16,1.4026504555622364e-16,1
B1_D2_Craig_Bampton,B1,2,Craig_Bampton,full-grid,126,1,58,75,1.0005938633950993,1.00037572401028,-0.020892349672516779,0,0,1,UNSTABLE,1.2747048505376429e-16,1.4026504555622364e-16,1
B1_D2_Craig_Bampton,B1,2,Craig_Bampton,full-grid,127,1,59,76,1.0006536792325551,1.0004369953552357,-0.020823162253542013,0,0,1,UNSTABLE,3.7856949574628588e-16,1.4026504555622364e-16,1
B1_D2_Craig_Bampton,B1,2,Craig_Bampton,full-grid,128,1,60,77,1.0007119517174896,1.0004967315818225,-0.020753322729568893,0,0,1,UNSTABLE,3.9352562641260726e-16,1.4026504555622364e-16,1
B1_D2_Craig_Bampton,B1,2,Craig_Bampton,full-grid,129,1,61,78,1.0007686861913934,1.0005549368591498,-0.020682881521447295,0,0,1,UNSTABLE,2.4802132794400956e-16,1.4026504555622364e-16,1
B1_D2_Craig_Bampton,B1,2,Craig_Bampton,full-grid,130,1,62,79,1.0008238899502353,1.0006116173474673,-0.020611887938912041,0,0,1,UNSTABLE,1.9397008827030308e-16,1.4026504555622364e-16,1
B1_D2_Craig_Bampton,B1,2,Craig_Bampton,full-grid,131,1,63,80,1.0008775721316074,1.0006667810868475,-0.020540390097273493,0,0,1,UNSTABLE,1.2646408884903517e-16,1.4026504555622364e-16,1
B1_D2_Craig_Bampton,B1,2,Craig_Bampton,full-grid,132,1,64,81,1.0009297435997275,1.0007204378834405,-0.020468434844704252,0,0,1,UNSTABLE,2.9029671632970611e-16,1.4026504555622364e-16,1
B1_D2_Craig_Bampton,B1,2,Craig_Bampton,full-grid,133,1,65,82,1.0009804168295193,1.0007725991945287,-0.020396067700066772,0,0,1,UNSTABLE,2.2984713505655009e-16,1.4026504555622364e-16,1
B1_D2_Craig_Bampton,B1,2,Craig_Bampton,full-grid,134,1,66,83,1.0010296057904016,1.0008232780130344,-0.020323332800782284,0,0,1,UNSTABLE,2.072216699496751e-16,1.4026504555622364e-16,1
B1_D2_Craig_Bampton,B1,2,Craig_Bampton,full-grid,135,2,0,18,0.99543562991808809,0.99518494272389224,-0.022338824634789527,1,0,-1,STABLE,2.3959014550195894e-16,1.2665150531458271e-16,1
B1_D2_Craig_Bampton,B1,2,Craig_Bampton,full-grid,136,2,1,19,0.99552725072480974,0.99527596345876046,-0.022366570969517868,1,0,-1,STABLE,2.295871728525313e-16,1.4026504555622364e-16,1
B1_D2_Craig_Bampton,B1,2,Craig_Bampton,full-grid,137,2,2,20,0.99561968323244077,0.99536783383154581,-0.022392610686599989,1,0,-1,STABLE,6.8380485551447655e-16,1.4026504555622364e-16,1
B1_D2_Craig_Bampton,B1,2,Craig_Bampton,full-grid,138,2,3,21,0.99571288755561438,0.99546051467457108,-0.022416917008756549,1,0,-1,STABLE,2.7562416168531546e-16,1.4026504555622364e-16,1
B1_D2_Craig_Bampton,B1,2,Craig_Bampton,full-grid,139,2,4,22,0.99580682295998735,0.99555396594372858,-0.022439464061712829,1,0,-1,STABLE,2.118274712928806e-16,1.4026504555622364e-16,1
B1_D2_Craig_Bampton,B1,2,Craig_Bampton,full-grid,140,2,5,23,0.99590144786178869,0.99564814671716395,-0.022460226888521326,1,0,-1,STABLE,2.0700135246884003e-16,1.4026504555622367e-16,1
B1_D2_Craig_Bampton,B1,2,Craig_Bampton,full-grid,141,2,6,24,0.99599671982487492,0.99574301519139929,-0.022479181467552914,1,0,-1,STABLE,2.7830706249066449e-16,1.4026504555622364e-16,1
B1_D2_Craig_Bampton,B1,2,Craig_Bampton,full-grid,142,2,7,25,0.9960925955558102,0.99583852867540212,-0.022496304734802429,1,0,-1,STABLE,1.9526665238645477e-16,1.4026504555622367e-16,1
B1_D2_Craig_Bampton,B1,2,Craig_Bampton,full-grid,143,2,8,26,0.9961890308975766,0.99593464358320771,-0.022511574610452448,1,0,-1,STABLE,2.1678525783106933e-16,1.4026504555622367e-16,1
B1_D2_Craig_Bampton,B1,2,Craig_Bampton,full-grid,144,2,9,27,0.99628598082259001,0.99603131542574252,-0.022524970030953211,1,0,-1,STABLE,1.4601368532727355e-16,1.4026504555622367e-16,1
B1_D2_Craig_Bampton,B1,2,Craig_Bampton,full-grid,145,2,10,28,0.99638339942577725,0.99612849880261856,-0.022536470986150799,1,0,-1,STABLE,2.2085733185454527e-16,1.4026504555622364e-16,1
B1_D2_Craig_Bampton,B1,2,Craig_Bampton,full-grid,146,2,11,29,0.99648123991847737,0.99622614739464543,-0.022546058562159837,1,0,-1,STABLE,2.8499499591336486e-16,1.4026504555622367e-16,1
B1_D2_Craig_Bampton,B1,2,Craig_Bampton,full-grid,147,2,12,30,0.99657945462408992,0.99632421395798154,-0.022553714990190155,1,0,-1,STABLE,2.9498143173231962e-16,1.4026504555622364e-16,1
B1_D2_Craig_Bampton,B1,2,Craig_Bampton,full-grid,148,2,13,31,0.99667799497629861,0.99642265032076227,-0.022559423701031124,1,0,-1,STABLE,2.1104333767566437e-16,1.4026504555622364e-16,1
B1_D2_Craig_Bampton,B1,2,Craig_Bampton,full-grid,149,2,14,32,0.99677681152082409,0.99652140738315298,-0.022563169385535212,1,0,-1,STABLE,2.1700911658585675e-16,1.4026504555622364e-16,1
B1_D2_Craig_Bampton,B1,2,Craig_Bampton,full-grid,150,2,15,33,0.99687585392166367,0.9966204351217971,-0.022564938060759498,1,0,-1,STABLE,2.8182557283296354e-16,1.4026504555622364e-16,1
B1_D2_Craig_Bampton,B1,2,Craig_Bampton,full-grid,151,2,16,34,0.99697507097270777,0.99671968259956445,-0.022564717141127309,1,0,-1,STABLE,2.1234064642637125e-16,1.4026504555622364e-16,1
B1_D2_Craig_Bampton,B1,2,Craig_Bampton,full-grid,152,2,17,35,0.99707441061571078,0.99681909798157686,-0.02256249551495285,1,0,-1,STABLE,3.7401024651290924e-16,1.4026504555622364e-16,1
B1_D2_Craig_Bampton,B1,2,Craig_Bampton,full-grid,153,2,18,36,0.99717381996547161,0.99691862855840108,-0.022558263624840764,1,0,-1,STABLE,2.2861861123418586e-16,1.4026504555622364e-16,1
B1_D2_Craig_Bampton,B1,2,Craig_Bampton,full-grid,154,2,19,37,0.99727324534306694,0.99701822077725333,-0.022552013552079312,1,0,-1,STABLE,2.3353555868299741e-16,1.4026504555622364e-16,1
B1_D2_Craig_Bampton,B1,2,Craig_Bampton,full-grid,155,2,20,38,0.99737263231794382,0.99711782028206664,-0.022543739103452521,1,0,-1,STABLE,2.0494226639276062e-16,1.4026504555622364e-16,1
B1_D2_Craig_Bampton,B1,2,Craig_Bampton,full-grid,156,2,21,39,0.99747192575946053,0.99721737196301341,-0.022533435900181257,1,0,-1,STABLE,2.85849584871727e-16,1.4026504555622367e-16,1
B1_D2_Craig_Bampton,B1,2,Craig_Bampton,full-grid,157,2,22,40,0.99757106989858424,0.99731682001623922,-0.022521101467342031,1,0,-1,STABLE,2.3432096276770227e-16,1.4026504555622364e-16,1
B1_D2_Craig_Bampton,B1,2,Craig_Bampton,full-grid,158,2,23,41,0.9976700084000385,0.99741610801412173,-0.022506735322892626,1,0,-1,STABLE,2.9199639006485804e-16,1.4026504555622367e-16,1
B1_D2_Craig_Bampton,B1,2,Craig_Bampton,full-grid,159,2,24,42,0.99776868444531097,0.99751517898649711,-0.022490339065098411,1,0,-1,STABLE,2.7832138654929126e-16,1.4026504555622367e-16,1
B1_D2_Craig_Bampton,B1,2,Craig_Bampton,full-grid,160,2,25,43,0.99786704082656452,0.99761397551294462,-0.022471916456376188,1,0,-1,STABLE,3.1733927571371394e-16,1.4026504555622367e-16,1
B1_D2_Craig_Bampton,B1,2,Craig_Bampton,full-grid,161,2,26,44,0.99796502005149268,0.99771243982618107,-0.022451473503207434,1,0,-1,STABLE,2.846558102805773e-16,1.4026504555622364e-16,1
B1_D2_Craig_Bampton,B1,2,Craig_Bampton,full-grid,162,2,27,45,0.99806256445880603,0.99781051392631126,-0.022429018529553719,1,0,-1,STABLE,1.3672941647583556e-16,1.4026504555622367e-16,1
B1_D2_Craig_Bampton,B1,2,Craig_Bampton,full-grid,163,2,28,46,0.99815961634394934,0.99790813970555337,-0.022404562243030109,1,0,-1,STABLE,3.3652294969553702e-16,1.4026504555622364e-16,1
B1_D2_Craig_Bampton,B1,2,Craig_Bampton,full-grid,164,2,29,47,0.99825611809446446,0.99800525908288984,-0.022378117792239933,1,0,-1,STABLE,1.8964042256891406e-16,1.4026504555622364e-16,1
B1_D2_Craig_Bampton,B1,2,Craig_Bampton,full-grid,165,2,30,48,0.9983520123340347,0.9981018141477116,-0.022349700813735121,1,0,-1,STABLE,1.9792600285645927e-16,1.4026504555622364e-16,1
B1_D2_Craig_Bampton,B1,2,Craig_Bampton,full-grid,166,2,31,49,0.99844724207436153,0.99819774731163335,-0.022319329467503268,1,0,-1,STABLE,2.0577193760652589e-16,1.4026504555622364e-16,1
B1_D2_Craig_Bampton,B1,2,Craig_Bampton,full-grid,167,2,32,50,0.99854175087352415,0.99829300146715094,-0.022287024459761363,1,0,-1,STABLE,3.3581085183734089e-16,1.4026504555622364e-16,1
B1_D2_Craig_Bampton,B1,2,Craig_Bampton,full-grid,168,2,33,51,0.99863548299944416,0.99838752015178711,-0.02225280905184927,1,0,-1,STABLE,2.5360134546501617e-16,1.4026504555622364e-16,1
B1_D2_Craig_Bampton,B1,2,Craig_Bampton,full-grid,169,2,34,52,0.99872838359709715,0.9984812477163747,-0.022216709054719667,1,0,-1,STABLE,2.6368934046797573e-16,1.4026504555622364e-16,1
B1_D2_Craig_Bampton,B1,2,Craig_Bampton,full-grid,170,2,35,53,0.99882039885753959,0.99857412949555924,-0.022178752808047961,1,0,-1,STABLE,1.9411591932249303e-16,1.4026504555622364e-16,1
B1_D2_Craig_Bampton,B1,2,Craig_Bampton,full-grid,171,2,36,54,0.9989114761873078,0.99866611197907695,-0.022138971143670246,1,0,-1,STABLE,4.2839176581582424e-16,1.4026504555622364e-16,1
B1_D2_Craig_Bampton,B1,2,Craig_Bampton,full-grid,172,2,37,55,0.9990015643761454,0.99875714298176188,-0.022097397333041842,1,0,-1,STABLE,1.7316472057385645e-16,1.4026504555622367e-16,1
B1_D2_Craig_Bampton,B1,2,Craig_Bampton,full-grid,173,2,38,56,0.99909061376135999,0.99884717181057225,-0.022054067018852406,1,0,-1,STABLE,4.3462025146117876e-16,1.4026504555622364e-16,1
B1_D2_Craig_Bampton,B1,2,Craig_Bampton,full-grid,174,2,39,57,0.9991785763870048,0.99893614942681141,-0.022009018131138963,1,0,-1,STABLE,2.8546530544953474e-16,1.4026504555622367e-16,1
B1_D2_Craig_Bampton,B1,2,Craig_Bampton,full-grid,175,2,40,58,0.99926540615597759,0.99902402860162143,-0.021962290788016717,1,0,-1,STABLE,1.9605316766278142e-16,1.4026504555622367e-16,1
B1_D2_Craig_Bampton,B1,2,Craig_Bampton,full-grid,176,2,41,59,0.99935105897358678,0.9991107640632596,-0.021913927182479156,1,0,-1,STABLE,1.9755156762038083e-16,1.4026504555622367e-16,1
B1_D2_Craig_Bampton,B1,2,Craig_Bampton,full-grid,177,2,42,60,0.99943549288076206,0.99919631263431219,-0.021863971455469006,1,0,-1,STABLE,3.1612342349331311e-16,1.4026504555622364e-16,1
B1_D2_Craig_Bampton,B1,2,Craig_Bampton,full-grid,178,2,43,61,0.99951866817567081,0.99928063335756334,-0.02181246955697087,1,0,-1,STABLE,2.675346671017964e-16,1.4026504555622367e-16,1
B1_D2_Craig_Bampton,B1,2,Craig_Bampton,full-grid,179,2,44,62,0.99960054752252081,0.99936368760925365,-0.021759469096402924,1,0,-1,STABLE,2.3099275989890671e-16,1.4026504555622364e-16,1
B1_D2_Craig_Bampton,B1,2,Craig_Bampton,full-grid,180,2,45,63,0.99968109604624089,0.99944543919839168,-0.021705019183300742,1,0,-1,STABLE,1.8491691406402777e-16,1.4026504555622364e-16,1
B1_D2_Craig_Bampton,B1,2,Craig_Bampton,full-grid,181,2,46,64,0.99976028141269635,0.99952585445170505,-0.021649170260843922,1,0,-1,STABLE,3.4858253237789333e-16,1.4026504555622364e-16,1
B1_D2_Craig_Bampton,B1,2,Craig_Bampton,full-grid,182,2,47,65,0.99983807389327262,0.99960490228304311,-0.021591973932859724,1,0,-1,STABLE,1.7965382440050796e-16,1.4026504555622364e-16,1
B1_D2_Craig_Bampton,B1,2,Craig_Bampton,full-grid,183,2,48,66,0.99991444641397109,0.99968255424730768,-0.021533482786975717,1,0,-1,STABLE,2.9832186441546259e-16,1.4026504555622364e-16,1
B1_D2_Craig_Bampton,B1,2,Craig_Bampton,full-grid,184,2,49,67,0.99998937458847248,0.99975878457833356,-0.021473750215029543,1,0,-1,STABLE,1.8008146156976306e-16,1.4026504555622364e-16,1
B1_D2_Craig_Bampton,B1,2,Craig_Bampton,full-grid,185,2,50,68,1.0000628367356026,0.99983357021110031,-0.021412830232951572,0,0,1,UNSTABLE,1.5813349806392343e-16,1.4026504555622364e-16,1
B1_D2_Craig_Bampton,B1,2,Craig_Bampton,full-grid,186,2,51,69,1.0001348138811565,0.99990689078820139,-0.021350777301252215,0,0,1,UNSTABLE,2.3104472448486046e-16,1.4026504555622364e-16,1
B1_D2_Craig_Bampton,B1,2,Craig_Bampton,full-grid,187,2,52,70,1.0002052897449121,0.99997872865134674,-0.021287646148408158,0,0,1,UNSTABLE,1.8733010671311725e-16,1.4026504555622364e-16,1
B1_D2_Craig_Bampton,B1,2,Craig_Bampton,full-grid,188,2,53,71,1.0002742507131859,1.0000490688182326,-0.021223491598013074,0,0,1,UNSTABLE,2.4800794105980937e-16,1.4026504555622367e-16,1
B1_D2_Craig_Bampton,B1,2,Craig_Bampton,full-grid,189,2,54,72,1.0003416857980378,1.0001178989458452,-0.021158368401372446,0,0,1,UNSTABLE,1.1879416722642069e-16,1.4026504555622364e-16,1
B1_D2_Craig_Bampton,B1,2,Craig_Bampton,full-grid,190,2,55,73,1.0004075865838233,1.0001852092808718,-0.02109233107668701,0,0,1,UNSTABLE,1.7015828692743164e-16,1.4026504555622367e-16,1
B1_D2_Craig_Bampton,B1,2,Craig_Bampton,full-grid,191,2,56,74,1.0004719471624148,1.000250992598517,-0.021025433756174855,0,0,1,UNSTABLE,3.2339524655379626e-16,1.4026504555622367e-16,1
B1_D2_Craig_Bampton,B1,2,Craig_Bampton,full-grid,192,2,57,75,1.0005347640579436,1.00031524413057,-0.020957730041268673,0,0,1,UNSTABLE,3.4693904642026611e-16,1.4026504555622367e-16,1
B1_D2_Craig_Bampton,B1,2,Craig_Bampton,full-grid,193,2,58,76,1.0005960361425374,1.0003779614841672,-0.020889272867679932,0,0,1,UNSTABLE,2.8595067870676048e-16,1.4026504555622364e-16,1
B1_D2_Craig_Bampton,B1,2,Craig_Bampton,full-grid,194,2,59,77,1.0006557645439942,1.0004391445521952,-0.020820114380024939,0,0,1,UNSTABLE,1.283719154014813e-16,1.4026504555622367e-16,1
B1_D2_Craig_Bampton,B1,2,Craig_Bampton,full-grid,195,2,60,78,1.0007139525469619,1.000498795416898,-0.020750305817010237,0,0,1,UNSTABLE,4.6534848100338378e-16,1.4026504555622364e-16,1
B1_D2_Craig_Bampton,B1,2,Craig_Bampton,full-grid,196,2,61,79,1.0007706054883805,1.0005569182474412,-0.020679897406977777,0,0,1,UNSTABLE,2.3590520613321077e-16,1.4026504555622364e-16,1
B1_D2_Craig_Bampton,B1,2,Craig_Bampton,full-grid,197,2,62,80,1.0008257306489166,1.00061351919317,-0.020608938274379297,0,0,1,UNSTABLE,5.9836963931076943e-16,1.4026504555622364e-16,1
B1_D2_Craig_Bampton,B1,2,Craig_Bampton,full-grid,198,2,63,81,1.0008793371409404,1.0006686062731149,-0.02053747635689222,0,0,1,UNSTABLE,1.8695992645906559e-16,1.4026504555622364e-16,1
B1_D2_Craig_Bampton,B1,2,Craig_Bampton,full-grid,199,2,64,82,1.0009314357946963,1.0007221892634075,-0.020465558333086043,0,0,1,UNSTABLE,3.7899344693159825e-16,1.4026504555622364e-16,1
B1_D2_Craig_Bampton,B1,2,Craig_Bampton,full-grid,200,2,65,83,1.000982039043173,1.0007742795831258,-0.020393229560418114,0,0,1,UNSTABLE,2.6087275939082404e-16,1.4026504555622364e-16,1
B1_D2_Craig_Bampton,B1,2,Craig_Bampton,full-grid,201,2,66,84,1.0010311608069797,1.0008248901798822,-0.020320534023391873,0,0,1,UNSTABLE,2.1856935317990468e-16,1.4026504555622364e-16,1
B1_D2_Craig_Bampton,B1,2,Craig_Bampton,full-grid,202,3,0,19,0.99544177751137997,0.99519104824294868,-0.022340767939280384,1,0,-1,STABLE,1.4810365092649622e-16,1.2665150531458276e-16,1
B1_D2_Craig_Bampton,B1,2,Craig_Bampton,full-grid,203,3,1,20,0.9955334590310696,0.99528213264297005,-0.022368381524550191,1,0,-1,STABLE,3.0502831372528894e-16,1.4026504555622367e-16,1
B1_D2_Craig_Bampton,B1,2,Craig_Bampton,full-grid,204,3,2,21,0.99562594702942731,0.99537406154330965,-0.022394285097311537,1,0,-1,STABLE,2.0648572869287758e-16,1.4026504555622364e-16,1
B1_D2_Craig_Bampton,B1,2,Craig_Bampton,full-grid,205,3,3,22,0.99571920141744596,0.99546679556663387,-0.022418452125287053,1,0,-1,STABLE,1.6040831829147774e-16,1.4026504555622364e-16,1
B1_D2_Craig_Bampton,B1,2,Craig_Bampton,full-grid,206,3,4,23,0.99581318127076968,0.99556029447241667,-0.022440856993571668,1,0,-1,STABLE,2.517830224431404e-16,1.4026504555622367e-16,1
B1_D2_Craig_Bampton,B1,2,Craig_Bampton,full-grid,207,3,5,24,0.99590784483025396,0.99565451715664932,-0.022461475018371639,1,0,-1,STABLE,1.3104774707735046e-16,1.4026504555622367e-16,1
B1_D2_Craig_Bampton,B1,2,Craig_Bampton,full-grid,208,3,6,25,0.99600314950003599,0.99574942164900238,-0.022480282464156471,1,0,-1,STABLE,2.8047366422696994e-16,1.4026504555622367e-16,1
B1_D2_Craig_Bampton,B1,2,Craig_Bampton,full-grid,209,3,7,26,0.99609905184355929,0.99584496510786347,-0.022497256565100845,1,0,-1,STABLE,1.7201654730674741e-16,1.4026504555622364e-16,1
B1_D2_Craig_Bampton,B1,2,Craig_Bampton,full-grid,210,3,8,27,0.99619550757822872,0.99594110381392886,-0.022512375550743563,1,0,-1,STABLE,4.7850860714393108e-16,1.4026504555622367e-16,1
B1_D2_Craig_Bampton,B1,2,Craig_Bampton,full-grid,211,3,9,28,0.99629247156927692,0.99603779316290952,-0.022525618676957012,1,0,-1,STABLE,1.4778979766474423e-16,1.4026504555622364e-16,1
B1_D2_Craig_Bampton,B1,2,Craig_Bampton,full-grid,212,3,10,29,0.99638989782367304,0.99613498765818664,-0.022536966261990789,1,0,-1,STABLE,2.7647999095843731e-16,1.4026504555622367e-16,1
B1_D2_Craig_Bampton,B1,2,Craig_Bampton,full-grid,213,3,11,30,0.99648773948477842,0.99623264090411134,-0.022546399728199416,1,0,-1,STABLE,2.0879854791965596e-16,1.4026504555622367e-16,1
B1_D2_Craig_Bampton,B1,2,Craig_Bampton,full-grid,214,3,12,31,0.99658594882868334,0.996330705600879,-0.022553901649632099,1,0,-1,STABLE,2.7138604693156392e-16,1.4026504555622367e-16,1
B1_D2_Craig_Bampton,B1,2,Craig_Bampton,full-grid,215,3,13,32,0.99668447726305043,0.99642913354181828,-0.022559455805078999,1,0,-1,STABLE,1.6077398444729463e-16,1.4026504555622364e-16,1
B1_D2_Craig_Bampton,B1,2,Craig_Bampton,full-grid,216,3,14,33,0.99678327532941291,0.99652787561402179,-0.022563047237394492,1,0,-1,STABLE,1.5997234440989015e-16,1.4026504555622364e-16,1
B1_D2_Craig_Bampton,B1,2,Craig_Bampton,full-grid,217,3,15,34,0.99688229270984607,0.99662688180327885,-0.022564662317716349,1,0,-1,STABLE,1.4234020669531171e-16,1.4026504555622364e-16,1
B1_D2_Craig_Bampton,B1,2,Craig_Bampton,full-grid,218,3,16,35,0.9969814782389248,0.99672610120419625,-0.022564288815601938,1,0,-1,STABLE,1.407618131306643e-16,1.4026504555622364e-16,1
B1_D2_Craig_Bampton,B1,2,Craig_Bampton,full-grid,219,3,17,36,0.99708077992194077,0.99682548203652299,-0.022561915973584964,1,0,-1,STABLE,3.1955859865508812e-16,1.4026504555622367e-16,1
B1_D2_Craig_Bampton,B1,2,Craig_Bampton,full-grid,220,3,18,37,0.99718014496017837,0.99692497166847938,-0.022557534586125021,1,0,-1,STABLE,2.6481635125541479e-16,1.4026504555622367e-16,1
B1_D2_Craig_Bampton,B1,2,Craig_Bampton,full-grid,221,3,19,38,0.99727951978413487,0.99702451664800118,-0.022551137082065974,1,0,-1,STABLE,1.59767702441443e-16,1.4026504555622364e-16,1
B1_D2_Craig_Bampton,B1,2,Craig_Bampton,full-grid,222,3,20,39,0.9973788500954428,0.99712406274267962,-0.022542717609919743,1,0,-1,STABLE,2.077901479978348e-16,1.4026504555622367e-16,1
B1_D2_Craig_Bampton,B1,2,Craig_Bampton,full-grid,223,3,21,40,0.99747808091811707,0.99722355498903914,-0.022532272124951704,1,0,-1,STABLE,2.8389809474560689e-16,1.4026504555622367e-16,1
B1_D2_Craig_Bampton,B1,2,Craig_Bampton,full-grid,224,3,22,41,0.99757715665977231,0.99732293775183978,-0.022519798476802393,1,0,-1,STABLE,2.3984868848668161e-16,1.4026504555622367e-16,1
B1_D2_Craig_Bampton,B1,2,Craig_Bampton,full-grid,225,3,23,42,0.99767602118316479,0.99742215479377694,-0.022505296496819278,1,0,-1,STABLE,1.7930783890889455e-16,1.4026504555622364e-16,1
B1_D2_Craig_Bampton,B1,2,Craig_Bampton,full-grid,226,3,24,43,0.99777461788834831,0.99752114935590608,-0.022488768083454992,1,0,-1,STABLE,2.2467593768153763e-16,1.4026504555622367e-16,1
B1_D2_Craig_Bampton,B1,2,Craig_Bampton,full-grid,227,3,25,44,0.9978728898057091,0.99761986424908677,-0.022470217284894279,1,0,-1,STABLE,2.4523897486101252e-16,1.4026504555622364e-16,1
B1_D2_Craig_Bampton,B1,2,Craig_Bampton,full-grid,228,3,26,45,0.99797077969959569,0.99771824195620396,-0.022449650376802993,1,0,-1,STABLE,2.0083113433174202e-16,1.4026504555622367e-16,1
B1_D2_Craig_Bampton,B1,2,Craig_Bampton,full-grid,229,3,27,46,0.99806823018257784,0.99781622474522413,-0.022427075934494216,1,0,-1,STABLE,8.1470721821749474e-17,1.4026504555622367e-16,1
B1_D2_Craig_Bampton,B1,2,Craig_Bampton,full-grid,230,3,28,47,0.99816518383965458,0.99791375479245115,-0.022402504897508346,1,0,-1,STABLE,2.1272770988138402e-16,1.4026504555622367e-16,1
B1_D2_Craig_Bampton,B1,2,Craig_Bampton,full-grid,231,3,29,48,0.99826158336201765,0.99801077431560969,-0.022375950625611034,1,0,-1,STABLE,2.0484826400470968e-16,1.4026504555622364e-16,1
B1_D2_Craig_Bampton,B1,2,Craig_Bampton,full-grid,232,3,30,49,0.99835737168938321,0.9981072257158039,-0.022347428944610104,1,0,-1,STABLE,1.0102297854335848e-16,1.4026504555622364e-16,1
B1_D2_Craig_Bampton,B1,2,Craig_Bampton,full-grid,233,3,31,50,0.99845249215992571,0.99820305172741719,-0.022316958180676239,1,0,-1,STABLE,3.0911206400028582e-16,1.4026504555622364e-16,1
B1_D2_Craig_Bampton,B1,2,Craig_Bampton,full-grid,234,3,32,51,0.99854688866669095,0.99829819557483701,-0.02228455918238639,1,0,-1,STABLE,1.1894115168784559e-16,1.4026504555622364e-16,1
B1_D2_Craig_Bampton,B1,2,Craig_Bampton,full-grid,235,3,33,52,0.99864050581903807,0.99839260113459338,-0.022250255328980464,1,0,-1,STABLE,4.0297454883289709e-16,1.4026504555622367e-16,1
B1_D2_Craig_Bampton,B1,2,Craig_Bampton,full-grid,236,3,34,53,0.99873328910761672,0.99848621310141517,-0.022214072524271732,1,0,-1,STABLE,3.7619079389990631e-16,1.4026504555622367e-16,1
B1_D2_Craig_Bampton,B1,2,Craig_Bampton,full-grid,237,3,35,54,0.99882518507132267,0.99857897715666166,-0.022176039175593618,1,0,-1,STABLE,2.5927026656719685e-16,1.4026504555622364e-16,1
B1_D2_Craig_Bampton,B1,2,Craig_Bampton,full-grid,238,3,36,55,0.9989161414644957,0.99867084013739471,-0.022136186157210785,1,0,-1,STABLE,1.8234440000399328e-16,1.4026504555622367e-16,1
B1_D2_Craig_Bampton,B1,2,Craig_Bampton,full-grid,239,3,37,56,0.99900610742243134,0.99876175020416158,-0.022094546757935162,1,0,-1,STABLE,2.7848364739191642e-16,1.4026504555622367e-16,1
B1_D2_Craig_Bampton,B1,2,Craig_Bampton,full-grid,240,3,38,57,0.99909503362373364,0.99885165700599576,-0.022051156613340669,1,0,-1,STABLE,3.1373214530339229e-16,1.4026504555622367e-16,1
B1_D2_Craig_Bampton,B1,2,Craig_Bampton,full-grid,241,3,39,58,0.99918287244730353,0.99894051184042976,-0.022006053622228652,1,0,-1,STABLE,2.991088178149867e-16,1.4026504555622364e-16,1
B1_D2_Craig_Bampton,B1,2,Craig_Bampton,full-grid,242,3,40,59,0.99926957812263062,0.99902826780714915,-0.021959277848497886,1,0,-1,STABLE,2.1147407993387272e-16,1.4026504555622367e-16,1
B1_D2_Craig_Bampton,B1,2,Craig_Bampton,full-grid,243,3,41,60,0.99935510687145812,0.99911487995333692,-0.021910871408800082,1,0,-1,STABLE,2.3357462298747879e-16,1.4026504555622364e-16,1
B1_D2_Craig_Bampton,B1,2,Craig_Bampton,full-grid,244,3,42,61,0.99943941703929806,0.99920030540915672,-0.02186087834694134,1,0,-1,STABLE,2.7572881976946729e-16,1.4026504555622367e-16,1
B1_D2_Craig_Bampton,B1,2,Craig_Bampton,full-grid,245,3,43,62,0.99952246921557297,0.99928450351210674,-0.021809344496302643,1,0,-1,STABLE,1.6514014850255446e-16,1.4026504555622367e-16,1
B1_D2_Craig_Bampton,B1,2,Craig_Bampton,full-grid,246,3,44,63,0.99960422634099377,0.99936743591881017,-0.021756317331744865,1,0,-1,STABLE,2.6201556535072211e-16,1.4026504555622367e-16,1
B1_D2_Craig_Bampton,B1,2,Craig_Bampton,full-grid,247,3,45,64,0.99968465380120841,0.99944906670324962,-0.021701845811939152,1,0,-1,STABLE,2.457201734580547e-16,1.4026504555622364e-16,1
B1_D2_Craig_Bampton,B1,2,Craig_Bampton,full-grid,248,3,46,65,0.99976371950585952,0.99952936244051704,-0.021645980214452673,1,0,-1,STABLE,2.868884795400041e-16,1.4026504555622364e-16,1
B1_D2_Craig_Bampton,B1,2,Craig_Bampton,full-grid,249,3,47,66,0.99984139395260985,0.99960829227560377,-0.021588771964819928,1,0,-1,STABLE,2.1612103994400528e-16,1.4026504555622364e-16,1
B1_D2_Craig_Bampton,B1,2,Craig_Bampton,full-grid,250,3,48,67,0.99991765027551482,0.99968582797656724,-0.021530273461154766,1,0,-1,STABLE,1.8408830735021724e-16,1.4026504555622364e-16,1
B1_D2_Craig_Bampton,B1,2,Craig_Bampton,full-grid,251,3,49,68,0.99999246427783361,0.99976194397210538,-0.021470537896645304,1,0,-1,STABLE,2.3273772828013194e-16,1.4026504555622367e-16,1
B1_D2_Craig_Bampton,B1,2,Craig_Bampton,full-grid,252,3,50,69,1.0000658144492265,0.99983661737346075,-0.021409619080937567,0,0,1,UNSTABLE,1.7886752270234091e-16,1.4026504555622367e-16,1
B1_D2_Craig_Bampton,B1,2,Craig_Bampton,full-grid,253,3,51,70,1.0001376819676993,0.9999098279809564,-0.021347571262727232,0,0,1,UNSTABLE,4.190749128798223e-16,1.4026504555622364e-16,1
B1_D2_Craig_Bampton,B1,2,Craig_Bampton,full-grid,254,3,52,71,1.0002080506866422,0.99998155827549029,-0.021284448954453829,0,0,1,UNSTABLE,3.0584552030572102e-16,1.4026504555622367e-16,1
B1_D2_Craig_Bampton,B1,2,Craig_Bampton,full-grid,255,3,53,72,1.0002769071079203,1.0000517933958917,-0.021220306761396877,0,0,1,UNSTABLE,1.646908454785663e-16,1.4026504555622367e-16,1
B1_D2_Craig_Bampton,B1,2,Craig_Bampton,full-grid,256,3,54,73,1.000344240341366,1.0001205211024793,-0.021155199215563372,0,0,1,UNSTABLE,1.5171407270798168e-16,1.4026504555622367e-16,1
B1_D2_Craig_Bampton,B1,2,Craig_Bampton,full-grid,257,3,55,74,1.000410042052098,1.0001877317282013,-0.021089180616530829,0,0,1,UNSTABLE,2.8700415658705573e-16,1.4026504555622364e-16,1
B1_D2_Craig_Bampton,B1,2,Craig_Bampton,full-grid,258,3,56,75,1.0004743063962998,1.0002534181179836,-0.021022304879513565,0,0,1,UNSTABLE,2.0523057799921184e-16,1.4026504555622367e-16,1
B1_D2_Craig_Bampton,B1,2,Craig_Bampton,full-grid,259,3,57,76,1.0005370299469001,1.0003175755577003,-0.020954625392223102,0,0,1,UNSTABLE,2.1706837302647124e-16,1.4026504555622364e-16,1
B1_D2_Craig_Bampton,B1,2,Craig_Bampton,full-grid,260,3,58,77,1.0005982116101106,1.0003802016937158,-0.020886194880640477,0,0,1,UNSTABLE,3.6422173572173063e-16,1.4026504555622367e-16,1
B1_D2_Craig_Bampton,B1,2,Craig_Bampton,full-grid,261,3,59,78,1.0006578525340442,1.0004412964442129,-0.020817065284696293,0,0,1,UNSTABLE,1.9531795877292236e-16,1.4026504555622367e-16,1
B1_D2_Craig_Bampton,B1,2,Craig_Bampton,full-grid,262,3,60,79,1.0007159560108063,1.0005008619036899,-0.020747287644304356,0,0,1,UNSTABLE,3.6914480410829051e-16,1.4026504555622367e-16,1
B1_D2_Craig_Bampton,B1,2,Craig_Bampton,full-grid,263,3,61,80,1.0007725273730719,1.0005589022416472,-0.020676911995648674,0,0,1,UNSTABLE,1.9945140987174592e-16,1.4026504555622364e-16,1
B1_D2_Craig_Bampton,B1,2,Craig_Bampton,full-grid,264,3,62,81,1.000827573886345,1.0006154235966593,-0.020605987278102162,0,0,1,UNSTABLE,2.0677676056273427e-16,1.4026504555622364e-16,1
B1_D2_Craig_Bampton,B1,2,Craig_Bampton,full-grid,265,3,63,82,1.0008811046380717,1.0006704339670072,-0.020534561251901673,0,0,1,UNSTABLE,5.2263942838125738e-16,1.4026504555622364e-16,1
B1_D2_Craig_Bampton,B1,2,Craig_Bampton,full-grid,266,3,64,83,1.0009331304247013,1.0007239430989798,-0.020462680426133698,0,0,1,UNSTABLE,1.8255803102676953e-16,1.4026504555622364e-16,1
B1_D2_Craig_Bampton,B1,2,Craig_Bampton,full-grid,267,3,65,84,1.0009836636375813,1.0007759623737387,-0.020390389997038714,0,0,1,UNSTABLE,3.0273351787992202e-16,1.4026504555622367e-16,1
B1_D2_Craig_Bampton,B1,2,Craig_Bampton,full-grid,268,3,66,85,1.0010327181487451,1.0008265046938194,-0.020317733796295333,0,0,1,UNSTABLE,5.6327221814500805e-16,1.4026504555622367e-16,1
B1_D2_Craig_Bampton,B1,2,Craig_Bampton,full-grid,269,4,0,20,0.99544793305205082,0.99519716162729055,-0.022342714843651936,1,0,-1,STABLE,1.6471639590443854e-16,1.2665150531458276e-16,1
B1_D2_Craig_Bampton,B1,2,Craig_Bampton,full-grid,270,4,1,21,0.99553967532106069,0.99528830973579419,-0.022370195386467083,1,0,-1,STABLE,2.5728111786669219e-16,1.4026504555622364e-16,1
B1_D2_Craig_Bampton,B1,2,Craig_Bampton,full-grid,271,4,2,22,0.99563221882843933,0.99538029718892174,-0.022395962523071362,1,0,-1,STABLE,4.2817415799234545e-16,1.4026504555622364e-16,1
B1_D2_Craig_Bampton,B1,2,Craig_Bampton,full-grid,272,4,3,23,0.99572552328187358,0.99547308439998361,-0.022419989967524648,1,0,-1,STABLE,2.50362595753977e-16,1.4026504555622367e-16,1
B1_D2_Craig_Bampton,B1,2,Craig_Bampton,full-grid,273,4,4,24,0.99581954756740731,0.99556663093241071,-0.022442252365682546,1,0,-1,STABLE,2.583001887705229e-16,1.4026504555622364e-16,1
B1_D2_Craig_Bampton,B1,2,Craig_Bampton,full-grid,274,4,5,25,0.9959142497511001,0.99566089550058234,-0.022462725308281657,1,0,-1,STABLE,1.1149196463614898e-16,1.4026504555622367e-16,1
B1_D2_Craig_Bampton,B1,2,Craig_Bampton,full-grid,275,4,6,26,0.99600958707805631,0.99575583596796979,-0.022481385347216422,1,0,-1,STABLE,3.4602510272100073e-16,1.4026504555622367e-16,1
B1_D2_Craig_Bampton,B1,2,Craig_Bampton,full-grid,276,4,7,27,0.99610551596942143,0.99585140934317218,-0.022498210016023111,1,0,-1,STABLE,4.3301551154184235e-16,1.4026504555622369e-16,1
B1_D2_Craig_Bampton,B1,2,Craig_Bampton,full-grid,277,4,8,28,0.99620199201792836,0.99594757177442284,-0.022513177854751151,1,0,-1,STABLE,3.4929292910004807e-16,1.4026504555622364e-16,1
B1_D2_Craig_Bampton,B1,2,Craig_Bampton,full-grid,278,4,9,29,0.99629896998265188,0.99604427854321642,-0.022526268439678629,1,0,-1,STABLE,1.7117807935048581e-16,1.4026504555622367e-16,1
B1_D2_Craig_Bampton,B1,2,Craig_Bampton,full-grid,279,4,10,30,0.99639640378370031,0.99614148405777536,-0.022537462418462557,1,0,-1,STABLE,1.6255571560552895e-16,1.4026504555622364e-16,1
B1_D2_Craig_Bampton,B1,2,Craig_Bampton,full-grid,280,4,11,31,0.99649424649763751,0.99623914184715145,-0.02254674155050999,1,0,-1,STABLE,2.374059685471235e-16,1.4026504555622364e-16,1
B1_D2_Craig_Bampton,B1,2,Craig_Bampton,full-grid,281,4,12,32,0.99659245035448663,0.99633720455680419,-0.022554088753323469,1,0,-1,STABLE,1.9560495504027409e-16,1.4026504555622364e-16,1
B1_D2_Craig_Bampton,B1,2,Craig_Bampton,full-grid,282,4,13,33,0.99669096673718816,0.99643562394653551,-0.022559488154413641,1,0,-1,STABLE,1.639794027669692e-16,1.4026504555622364e-16,1
B1_D2_Craig_Bampton,B1,2,Craig_Bampton,full-grid,283,4,14,34,0.99678974618439697,0.99653435089167097,-0.022562925148803408,1,0,-1,STABLE,2.6048621721001375e-16,1.4026504555622364e-16,1
B1_D2_Craig_Bampton,B1,2,Craig_Bampton,full-grid,284,4,15,35,0.99688873839761494,0.99663333538848198,-0.022564386462253463,1,0,-1,STABLE,4.9950447687471859e-16,1.4026504555622364e-16,1
B1_D2_Craig_Bampton,B1,2,Craig_Bampton,full-grid,285,4,16,36,0.99698789225344908,0.99673252656466005,-0.022563860219479256,1,0,-1,STABLE,7.6219019827385944e-17,1.4026504555622364e-16,1
B1_D2_Craig_Bampton,B1,2,Craig_Bampton,full-grid,286,4,17,37,0.99708715582204677,0.99683187269590035,-0.022561336017246181,1,0,-1,STABLE,2.8866196632564957e-16,1.4026504555622364e-16,1
B1_D2_Craig_Bampton,B1,2,Craig_Bampton,full-grid,287,4,18,38,0.99718647639247882,0.99693132122938399,-0.022556805001652719,1,0,-1,STABLE,2.4709025863685796e-16,1.4026504555622364e-16,1
B1_D2_Craig_Bampton,B1,2,Craig_Bampton,full-grid,288,4,19,39,0.99728580050592619,0.99703081881503564,-0.022550259948961808,1,0,-1,STABLE,1.6729677613843467e-16,1.4026504555622367e-16,1
B1_D2_Craig_Bampton,B1,2,Craig_Bampton,full-grid,289,4,20,40,0.99738507399740151,0.99713031134530983,-0.022541695349011293,1,0,-1,STABLE,1.5922737026725277e-16,1.4026504555622364e-16,1
B1_D2_Craig_Bampton,B1,2,Craig_Bampton,full-grid,290,4,21,41,0.99748424204670172,0.99722974400422504,-0.022531107490550411,1,0,-1,STABLE,3.3878773522157569e-16,1.4026504555622367e-16,1
B1_D2_Craig_Bampton,B1,2,Craig_Bampton,full-grid,291,4,22,42,0.9975832492391461,0.99732906132623056,-0.022518494547195279,1,0,-1,STABLE,2.3861565091738268e-16,1.4026504555622367e-16,1
B1_D2_Craig_Bampton,B1,2,Craig_Bampton,full-grid,292,4,23,43,0.99768203963641622,0.99742820726525316,-0.022503856662866167,1,0,-1,STABLE,2.5084683613611373e-16,1.4026504555622367e-16,1
B1_D2_Craig_Bampton,B1,2,Craig_Bampton,full-grid,293,4,24,44,0.99778055685802558,0.99752712527448018,-0.022487196035595753,1,0,-1,STABLE,1.6328453613287263e-16,1.4026504555622364e-16,1
B1_D2_Craig_Bampton,B1,2,Craig_Bampton,full-grid,294,4,25,45,0.99787874417326694,0.99762575839676204,-0.022468516998275616,1,0,-1,STABLE,2.8618193089630568e-16,1.4026504555622367e-16,1
B1_D2_Craig_Bampton,B1,2,Craig_Bampton,full-grid,295,4,26,46,0.9979765446037685,0.99772404936580028,-0.022447826094916256,1,0,-1,STABLE,3.3381355318410703e-16,1.4026504555622364e-16,1
B1_D2_Craig_Bampton,B1,2,Craig_Bampton,full-grid,296,4,27,47,0.99807390103641813,0.99782194071790875,-0.022425132151225706,1,0,-1,STABLE,2.2638407214820708e-16,1.4026504555622364e-16,1
B1_D2_Craig_Bampton,B1,2,Craig_Bampton,full-grid,297,4,28,48,0.99817075634613939,0.99791937491387472,-0.022400446337641013,1,0,-1,STABLE,1.5782983517578698e-16,1.4026504555622364e-16,1
B1_D2_Craig_Bampton,B1,2,Craig_Bampton,full-grid,298,4,29,49,0.9982670535280076,0.99801629447042517,-0.022373782224098145,1,0,-1,STABLE,2.5294179123221128e-16,1.4026504555622364e-16,1
B1_D2_Craig_Bampton,B1,2,Craig_Bampton,full-grid,299,4,30,50,0.9983627358378464,0.99811264210048034,-0.022345155824651717,1,0,-1,STABLE,3.5639950177563999e-16,1.4026504555622364e-16,1
B1_D2_Craig_Bampton,B1,2,Craig_Bampton,full-grid,300,4,31,51,0.99845774694030764,0.99820836086122045,-0.022314585630727905,1,0,-1,STABLE,1.8750654820772609e-16,1.4026504555622364e-16,1
B1_D2_Craig_Bampton,B1,2,Craig_Bampton,full-grid,301,4,32,52,0.9985520310632986,0.99830339430884585,-0.022282092632339455,1,0,-1,STABLE,3.0792785339535274e-16,1.4026504555622364e-16,1
B1_D2_Craig_Bampton,B1,2,Craig_Bampton,full-grid,302,4,33,53,0.99864553315734117,0.99839768665864281,-0.022247700325663776,1,0,-1,STABLE,9.0052378625745675e-17,1.4026504555622364e-16,1
B1_D2_Craig_Bampton,B1,2,Craig_Bampton,full-grid,303,4,34,54,0.9987381990584665,0.99849118294896455,-0.022211434706620337,1,0,-1,STABLE,1.3917947843157163e-16,1.4026504555622364e-16,1
B1_D2_Craig_Bampton,B1,2,Craig_Bampton,full-grid,304,4,35,55,0.99882997565302389,0.99858382920751887,-0.02217332424940081,1,0,-1,STABLE,1.8512571500189082e-16,1.4026504555622367e-16,1
B1_D2_Craig_Bampton,B1,2,Craig_Bampton,full-grid,305,4,36,56,0.99892081104262509,0.99867557261817907,-0.022133399870063478,1,0,-1,STABLE,3.5369546959157411e-16,1.4026504555622364e-16,1
B1_D2_Craig_Bampton,B1,2,Craig_Bampton,full-grid,306,4,37,57,0.99901065470765626,0.9987663616867577,-0.022091694874245785,1,0,-1,STABLE,3.2876239935053639e-16,1.4026504555622367e-16,1
B1_D2_Craig_Bampton,B1,2,Craig_Bampton,full-grid,307,4,38,58,0.9990994576673673,0.99885614640372911,-0.022048244889779925,1,0,-1,STABLE,2.5717463666333698e-16,1.4026504555622367e-16,1
B1_D2_Craig_Bampton,B1,2,Craig_Bampton,full-grid,308,4,39,59,0.99918717263497969,0.99894487840233503,-0.022003087783966247,1,0,-1,STABLE,2.3931183663732124e-16,1.4026504555622367e-16,1
B1_D2_Craig_Bampton,B1,2,Craig_Bampton,full-grid,309,4,40,60,0.999273754165934,0.99903251111017144,-0.021956263566114305,1,0,-1,STABLE,2.533873969036913e-16,1.4026504555622364e-16,1
B1_D2_Craig_Bampton,B1,2,Craig_Bampton,full-grid,310,4,41,61,0.99935915879775428,0.9991189998926997,-0.021907814276337288,1,0,-1,STABLE,1.9394048710831822e-16,1.4026504555622367e-16,1
B1_D2_Craig_Bampton,B1,2,Craig_Bampton,full-grid,311,4,42,62,0.99944334517995803,0.99920430218708578,-0.021857783861213641,1,0,-1,STABLE,2.4353227753170227e-16,1.4026504555622364e-16,1
B1_D2_Craig_Bampton,B1,2,Craig_Bampton,full-grid,312,4,43,63,0.99952627419260609,0.99928837762492573,-0.021806218037446892,1,0,-1,STABLE,2.823412235229745e-16,1.4026504555622364e-16,1
B1_D2_Craig_Bampton,B1,2,Craig_Bampton,full-grid,313,4,44,64,0.99960790905237573,0.99937118814268844,-0.021753164145336606,1,0,-1,STABLE,2.7838675433541064e-16,1.4026504555622364e-16,1
B1_D2_Craig_Bampton,B1,2,Craig_Bampton,full-grid,314,4,45,65,0.99968821540505215,0.99945269807874526,-0.021698670992813619,1,0,-1,STABLE,1.3651856890860565e-16,1.4026504555622364e-16,1
B1_D2_Craig_Bampton,B1,2,Craig_Bampton,full-grid,315,4,46,66,0.99976716140363786,0.99953287425612825,-0.021642788692097743,1,0,-1,STABLE,2.3164490867213687e-16,1.4026504555622364e-16,1
B1_D2_Craig_Bampton,B1,2,Craig_Bampton,full-grid,316,4,47,67,0.99984471777159911,0.99961168605049311,-0.021585568490515246,1,0,-1,STABLE,2.3572772761646156e-16,1.4026504555622364e-16,1
B1_D2_Craig_Bampton,B1,2,Craig_Bampton,full-grid,317,4,48,68,0.99992085785068652,0.99968910544268541,-0.021527062597022122,1,0,-1,STABLE,1.7150322106541943e-16,1.4026504555622364e-16,1
B1_D2_Craig_Bampton,B1,2,Craig_Bampton,full-grid,318,4,49,69,0.99999555763340731,0.99976510705592936,-0.021467324006391467,1,0,-1,STABLE,2.1714387418347725e-16,1.4026504555622364e-16,1
B1_D2_Craig_Bampton,B1,2,Craig_Bampton,full-grid,319,4,50,70,1.0000687957800161,0.99983966817747905,-0.021406406322416464,0,0,1,UNSTABLE,1.9183302530872054e-16,1.4026504555622364e-16,1
B1_D2_Craig_Bampton,B1,2,Craig_Bampton,full-grid,320,4,51,71,1.0001405536204804,0.99991276876513213,-0.021344363582178189,0,0,1,UNSTABLE,1.2960824152529036e-16,1.4026504555622367e-16,1
B1_D2_Craig_Bampton,B1,2,Craig_Bampton,full-grid,321,4,52,72,1.0002108151417231,0.99998439143888329,-0.021281250082553223,0,0,1,UNSTABLE,1.9086499747115402e-16,1.4026504555622364e-16,1
B1_D2_Craig_Bampton,B1,2,Craig_Bampton,full-grid,322,4,53,73,1.0002795669609961,1.000054521458525,-0.021217120210772024,0,0,1,UNSTABLE,2.2748539050450018e-16,1.4026504555622367e-16,1
B1_D2_Craig_Bampton,B1,2,Craig_Bampton,full-grid,323,4,54,74,1.0003467982859295,1.0001231466877232,-0.02115202827998049,0,0,1,UNSTABLE,2.5303022670986666e-16,1.4026504555622367e-16,1
B1_D2_Craig_Bampton,B1,2,Craig_Bampton,full-grid,324,4,55,75,1.0004125008623501,1.0001902575456256,-0.02108602837133371,0,0,1,UNSTABLE,2.3676685348951169e-16,1.4026504555622367e-16,1
B1_D2_Craig_Bampton,B1,2,Craig_Bampton,full-grid,325,4,56,76,1.0004766689108446,1.0002558469469605,-0.02101917418355316,0,0,1,UNSTABLE,3.2690719248255423e-16,1.4026504555622364e-16,1
B1_D2_Craig_Bampton,B1,2,Craig_Bampton,full-grid,326,4,57,77,1.0005392990532165,1.0003199102317579,-0.020951518890750979,0,0,1,UNSTABLE,2.2100479859958157e-16,1.4026504555622367e-16,1
B1_D2_Craig_Bampton,B1,2,Craig_Bampton,full-grid,327,4,58,78,1.0006003902298415,1.000382445085684,-0.020883115009488078,0,0,1,UNSTABLE,1.4762285300229513e-16,1.4026504555622364e-16,1
B1_D2_Craig_Bampton,B1,2,Craig_Bampton,full-grid,328,4,59,79,1.0006599436093178,1.0004434514523797,-0.020814014275321906,0,0,1,UNSTABLE,4.3526595290406664e-16,1.4026504555622364e-16,1
B1_D2_Craig_Bampton,B1,2,Craig_Bampton,full-grid,329,4,60,80,1.0007179624914195,1.0005029314388034,-0.020744267529592329,0,0,1,UNSTABLE,2.2324323398281811e-16,1.4026504555622364e-16,1
B1_D2_Craig_Bampton,B1,2,Craig_Bampton,full-grid,330,4,61,81,1.0007744522046784,1.0005608892149089,-0.020673924616416109,0,0,1,UNSTABLE,1.6807105862142952e-16,1.4026504555622364e-16,1
B1_D2_Craig_Bampton,B1,2,Craig_Bampton,full-grid,331,4,62,82,1.0008294199996801,1.0006173309087383,-0.020603034290332951,0,0,1,UNSTABLE,3.5909430614476871e-16,1.4026504555622364e-16,1
B1_D2_Craig_Bampton,B1,2,Craig_Bampton,full-grid,332,4,63,83,1.0008828749391248,1.0006722644979991,-0.020531644134215273,0,0,1,UNSTABLE,1.5258939878041694e-16,1.4026504555622364e-16,1
B1_D2_Craig_Bampton,B1,2,Craig_Bampton,full-grid,333,4,64,84,1.0009348277859031,1.0007256996993714,-0.020459800487764787,0,0,1,UNSTABLE,4.7610431439334151e-16,1.4026504555622364e-16,1
B1_D2_Craig_Bampton,B1,2,Craig_Bampton,full-grid,334,4,65,85,1.0009852908899437,1.00077764785632,-0.020387548386137187,0,0,1,UNSTABLE,5.0921211698379581e-16,1.4026504555622364e-16,1
B1_D2_Craig_Bampton,B1,2,Craig_Bampton,full-grid,335,4,66,86,1.0010342780748731,1.0008281218264705,-0.020314931508174448,0,0,1,UNSTABLE,3.897654928309412e-16,1.4026504555622364e-16,1
B1_D2_Craig_Bampton,B1,2,Craig_Bampton,full-grid,336,5,0,21,0.99545409787970607,0.99520328419204551,-0.022344666452327074,1,0,-1,STABLE,1.368845633237454e-16,1.2665150531458276e-16,1
B1_D2_Craig_Bampton,B1,2,Craig_Bampton,full-grid,337,5,1,22,0.99554590097224638,0.99529449609105092,-0.022372013621995548,1,0,-1,STABLE,2.9228447431142769e-16,1.4026504555622364e-16,1
B1_D2_Craig_Bampton,B1,2,Craig_Bampton,full-grid,338,5,2,23,0.99563850004310062,0.99538654215924671,-0.022397643990680841,1,0,-1,STABLE,2.4091807433786312e-16,1.4026504555622367e-16,1
B1_D2_Craig_Bampton,B1,2,Craig_Bampton,full-grid,339,5,3,24,0.99573185459679125,0.99547938260068847,-0.02242153152034173,1,0,-1,STABLE,1.4838753778096246e-16,1.4026504555622367e-16,1
B1_D2_Craig_Bampton,B1,2,Craig_Bampton,full-grid,340,5,4,25,0.995825923330107,0.99557297678306944,-0.022443651119144155,1,0,-1,STABLE,1.727325427187574e-16,1.4026504555622367e-16,1
B1_D2_Craig_Bampton,B1,2,Craig_Bampton,full-grid,341,5,5,26,0.99592066413475011,0.99566728323955911,-0.022463978653773274,1,0,-1,STABLE,2.0255594158809659e-16,1.4026504555622367e-16,1
B1_D2_Craig_Bampton,B1,2,Craig_Bampton,full-grid,342,5,6,27,0.99601603409736483,0.99576225966796605,-0.022482490964952896,1,0,-1,STABLE,1.995141862281076e-16,1.4026504555622364e-16,1
B1_D2_Craig_Bampton,B1,2,Craig_Bampton,full-grid,343,5,7,28,0.9961119894975079,0.99585786292777367,-0.022499165887004673,1,0,-1,STABLE,2.488748134408009e-16,1.4026504555622364e-16,1
B1_D2_Craig_Bampton,B1,2,Craig_Bampton,full-grid,344,5,8,29,0.99620848580406585,0.99595404903554674,-0.022513982271670382,1,0,-1,STABLE,3.8343562691830425e-16,1.4026504555622364e-16,1
B1_D2_Craig_Bampton,B1,2,Craig_Bampton,full-grid,345,5,9,30,0.99630547767087918,0.99605077315945634,-0.022526920016907093,1,0,-1,STABLE,2.3453165159357593e-16,1.4026504555622367e-16,1
B1_D2_Craig_Bampton,B1,2,Craig_Bampton,full-grid,346,5,10,31,0.99640291893222555,0.99614798961356954,-0.022537960100752003,1,0,-1,STABLE,1.665599266845587e-16,1.4026504555622364e-16,1
B1_D2_Craig_Bampton,B1,2,Craig_Bampton,full-grid,347,5,11,32,0.99650076259898435,0.99624565185272673,-0.022547084620703768,1,0,-1,STABLE,1.7791141733097564e-16,1.4026504555622364e-16,1
B1_D2_Craig_Bampton,B1,2,Craig_Bampton,full-grid,348,5,12,33,0.99659896085629529,0.99634371246881226,-0.022554276838605669,1,0,-1,STABLE,1.7966327915551399e-16,1.4026504555622364e-16,1
B1_D2_Craig_Bampton,B1,2,Craig_Bampton,full-grid,349,5,13,34,0.99669746506361612,0.99644212318932679,-0.02255952123128668,1,0,-1,STABLE,1.7033404365435302e-16,1.4026504555622364e-16,1
B1_D2_Craig_Bampton,B1,2,Craig_Bampton,full-grid,350,5,14,35,0.99679622575802684,0.99654083487911405,-0.022562803546666493,1,0,-1,STABLE,2.0480408602250008e-16,1.4026504555622364e-16,1
B1_D2_Craig_Bampton,B1,2,Craig_Bampton,full-grid,351,5,15,36,0.99690664456291156,0.99403655506421029,-0.075592229559398177,1,0,-1,STABLE,2.3719481609287901e-16,1.4026504555622367e-16,1
B1_D2_Craig_Bampton,B1,2,Craig_Bampton,full-grid,352,5,16,37,0.99707263409255831,0.99422897745561944,-0.075250103281164188,1,0,-1,STABLE,1.4975899249194494e-16,1.4026504555622364e-16,1
B1_D2_Craig_Bampton,B1,2,Craig_Bampton,full-grid,353,5,17,38,0.99721191739241655,0.99439520213248156,-0.074898532464667156,1,0,-1,STABLE,1.3606582017311629e-16,1.4026504555622364e-16,1
B1_D2_Craig_Bampton,B1,2,Craig_Bampton,full-grid,354,5,18,39,0.99732489601204311,0.99453545998490323,-0.074539701086399082,1,0,-1,STABLE,3.2865788432107676e-16,1.4026504555622367e-16,1
B1_D2_Craig_Bampton,B1,2,Craig_Bampton,full-grid,355,5,19,40,0.99741213282853147,0.9946501596545938,-0.074175620069206666,1,0,-1,STABLE,1.5748685482246641e-16,1.4026504555622367e-16,1
B1_D2_Craig_Bampton,B1,2,Craig_Bampton,full-grid,356,5,20,41,0.99747431556245825,0.99473985111715812,-0.073808121546402011,1,0,-1,STABLE,1.7341890526522553e-16,1.4026504555622367e-16,1
B1_D2_Craig_Bampton,B1,2,Craig_Bampton,full-grid,357,5,21,42,0.99751222395898154,0.99480519248616361,-0.073438858584269684,1,0,-1,STABLE,2.1787474591608742e-16,1.4026504555622367e-16,1
B1_D2_Craig_Bampton,B1,2,Craig_Bampton,full-grid,358,5,22,43,0.99758934926785225,0.99733519237125601,-0.02251718966582146,1,0,-1,STABLE,1.5117096898365123e-16,1.4026504555622364e-16,1
B1_D2_Craig_Bampton,B1,2,Craig_Bampton,full-grid,359,5,23,44,0.99768806537388177,0.99743426704450056,-0.022502415756512194,1,0,-1,STABLE,4.2284818726517464e-16,1.4026504555622364e-16,1
B1_D2_Craig_Bampton,B1,2,Craig_Bampton,full-grid,360,5,24,45,0.99778650294891202,0.99753310833978537,-0.022485622806252957,1,0,-1,STABLE,9.6424013476883056e-17,1.4026504555622364e-16,1
B1_D2_Craig_Bampton,B1,2,Craig_Bampton,full-grid,361,5,25,46,0.99788460550196501,0.99763165953279576,-0.022466815431931849,1,0,-1,STABLE,2.9492706532712792e-16,1.4026504555622367e-16,1
B1_D2_Craig_Bampton,B1,2,Craig_Bampton,full-grid,362,5,26,47,0.99798231631268874,0.99772986360880944,-0.02244600044519756,1,0,-1,STABLE,1.6685748094099093e-16,1.4026504555622364e-16,1
B1_D2_Craig_Bampton,B1,2,Craig_Bampton,full-grid,363,5,27,48,0.99807957854286966,0.99782766337309492,-0.022423186921173635,1,0,-1,STABLE,4.2894925833137265e-16,1.4026504555622364e-16,1
B1_D2_Craig_Bampton,B1,2,Craig_Bampton,full-grid,364,5,28,49,0.99817633535782424,0.99792500157141328,-0.022398386260404531,1,0,-1,STABLE,2.1420195365795246e-16,1.4026504555622364e-16,1
B1_D2_Craig_Bampton,B1,2,Craig_Bampton,full-grid,365,5,29,50,0.99827253005689032,0.99802182101989789,-0.022371612242117166,1,0,-1,STABLE,1.8563489484783068e-16,1.4026504555622364e-16,1
B1_D2_Craig_Bampton,B1,2,Craig_Bampton,full-grid,366,5,30,51,0.99836810621225447,0.99811806474356524,-0.022342881067656948,1,0,-1,STABLE,1.4341821976506166e-16,1.4026504555622364e-16,1
B1_D2_Craig_Bampton,B1,2,Craig_Bampton,full-grid,367,5,31,52,0.99846300781517339,0.99821367612254452,-0.022312211392838312,1,0,-1,STABLE,1.7560314245190018e-16,1.4026504555622367e-16,1
B1_D2_Craig_Bampton,B1,2,Craig_Bampton,full-grid,368,5,32,53,0.99855717942842648,0.99830859904488212,-0.022279624348258052,1,0,-1,STABLE,2.8446679466705411e-16,1.4026504555622364e-16,1
B1_D2_Craig_Bampton,B1,2,Craig_Bampton,full-grid,369,5,33,54,0.99865056634364324,0.9984027780645881,-0.022245143546219662,1,0,-1,STABLE,2.485415551303328e-16,1.4026504555622364e-16,1
B1_D2_Craig_Bampton,B1,2,Craig_Bampton,full-grid,370,5,34,55,0.99874311474207611,0.99849615856350094,-0.022208795073923288,1,0,-1,STABLE,3.9960358305498723e-16,1.4026504555622367e-16,1
B1_D2_Craig_Bampton,B1,2,Craig_Bampton,full-grid,371,5,35,56,0.99883477185726111,0.99858868691542724,-0.022170607471819117,1,0,-1,STABLE,2.9528778277489842e-16,1.4026504555622367e-16,1
B1_D2_Craig_Bampton,B1,2,Craig_Bampton,full-grid,372,5,36,57,0.99892548613780374,0.9986803106507931,-0.022130611696984836,1,0,-1,STABLE,4.4503005132299768e-16,1.4026504555622367e-16,1
B1_D2_Craig_Bampton,B1,2,Craig_Bampton,full-grid,373,5,37,58,0.99901520740877192,0.99877097862028208,-0.022088841071355898,1,0,-1,STABLE,1.9353436997357132e-16,1.4026504555622367e-16,1
B1_D2_Craig_Bampton,B1,2,Craig_Bampton,full-grid,374,5,38,59,0.99910388702966635,0.9988606411554265,-0.022045331214539818,1,0,-1,STABLE,2.3606276518803296e-16,1.4026504555622364e-16,1
B1_D2_Craig_Bampton,B1,2,Craig_Bampton,full-grid,375,5,39,60,0.99919147804756314,0.99894925022472281,-0.022000119961901779,1,0,-1,STABLE,2.5250878600323702e-16,1.4026504555622364e-16,1
B1_D2_Craig_Bampton,B1,2,Craig_Bampton,full-grid,376,5,40,61,0.99927793534337361,0.99903675958320592,-0.021953247267848881,1,0,-1,STABLE,1.7490872504771573e-16,1.4026504555622364e-16,1
B1_D2_Craig_Bampton,B1,2,Craig_Bampton,full-grid,377,5,41,62,0.9993632157699549,0.99912312491417232,-0.021904755095738762,1,0,-1,STABLE,3.5990960628649245e-16,1.4026504555622367e-16,1
B1_D2_Craig_Bampton,B1,2,Craig_Bampton,full-grid,378,5,42,63,0.99944727828030988,0.99920830396127769,-0.021854687294633222,1,0,-1,STABLE,1.9780768046688452e-16,1.4026504555622364e-16,1
B1_D2_Craig_Bampton,B1,2,Craig_Bampton,full-grid,379,5,43,64,0.99953008404469523,0.99929225664977284,-0.021803089464569936,1,0,-1,STABLE,2.3801596922649088e-16,1.4026504555622364e-16,1
B1_D2_Craig_Bampton,B1,2,Craig_Bampton,full-grid,380,5,44,65,0.99961159655530218,0.99937494519552095,-0.021750008811255658,1,0,-1,STABLE,1.7912197768379555e-16,1.4026504555622364e-16,1
B1_D2_Craig_Bampton,B1,2,Craig_Bampton,full-grid,381,5,45,66,0.99969178171763173,0.99945633420086077,-0.021695493991844238,1,0,-1,STABLE,1.4798882689609947e-16,1.4026504555622364e-16,1
B1_D2_Craig_Bampton,B1,2,Craig_Bampton,full-grid,382,5,46,67,0.99977060792766936,0.99953639073638478,-0.021639594953297561,1,0,-1,STABLE,2.447622559415257e-16,1.4026504555622364e-16,1
B1_D2_Craig_Bampton,B1,2,Craig_Bampton,full-grid,383,5,47,68,0.9998480461343513,0.9996150844080739,-0.021582362764979008,1,0,-1,STABLE,2.2875199583594471e-16,1.4026504555622367e-16,1
B1_D2_Craig_Bampton,B1,2,Craig_Bampton,full-grid,384,5,48,69,0.99992406988683824,0.99969238740927169,-0.021523849446814382,1,0,-1,STABLE,1.3360824278326786e-16,1.4026504555622364e-16,1
B1_D2_Craig_Bampton,B1,2,Craig_Bampton,full-grid,385,5,49,70,0.99999865536662258,0.99976827455746209,-0.021464107795303621,1,0,-1,STABLE,2.5018933513683843e-16,1.4026504555622364e-16,1
B1_D2_Craig_Bampton,B1,2,Craig_Bampton,full-grid,386,5,50,71,1.0000717814043583,0.99984272331570856,-0.021403191208657271,0,0,1,UNSTABLE,1.7200530659912224e-16,1.4026504555622367e-16,1
B1_D2_Craig_Bampton,B1,2,Craig_Bampton,full-grid,387,5,51,72,1.0001434294818312,0.99991571379913313,-0.021341153512607878,0,0,1,UNSTABLE,1.4880542431366521e-16,1.4026504555622367e-16,1
B1_D2_Craig_Bampton,B1,2,Craig_Bampton,full-grid,388,5,52,73,1.0002135837194095,0.99998722876673185,-0.021278048788742742,0,0,1,UNSTABLE,2.0164232678252727e-16,1.4026504555622367e-16,1
B1_D2_Craig_Bampton,B1,2,Craig_Bampton,full-grid,389,5,53,74,1.0002822308496664,1.0000572535991887,-0.021213931206475453,0,0,1,UNSTABLE,1.5090591260530092e-16,1.4026504555622367e-16,1
B1_D2_Craig_Bampton,B1,2,Craig_Bampton,full-grid,390,5,54,75,1.0003493601779907,1.0001257762634723,-0.021148854860298064,0,0,1,UNSTABLE,1.7633965287732796e-16,1.4026504555622364e-16,1
B1_D2_Craig_Bampton,B1,2,Craig_Bampton,full-grid,391,5,55,76,1.0004149635309942,1.0001927872649989,-0.0210828736132746,0,0,1,UNSTABLE,5.0257227992315399e-16,1.4026504555622364e-16,1
B1_D2_Craig_Bampton,B1,2,Craig_Bampton,full-grid,392,5,56,77,1.0004790351937085,1.0002582795883348,-0.021016040947773037,0,0,1,UNSTABLE,1.7038361798529836e-16,1.4026504555622364e-16,1
B1_D2_Craig_Bampton,B1,2,Craig_Bampton,full-grid,393,5,57,78,1.0005415718368882,1.000322248627737,-0.020948409824583264,0,0,1,UNSTABLE,3.6799902125649222e-16,1.4026504555622367e-16,1
B1_D2_Craig_Bampton,B1,2,Craig_Bampton,full-grid,394,5,58,79,1.0006025724352403,1.000384692108335,-0.020880032551033014,0,0,1,UNSTABLE,1.9706624585712824e-16,1.4026504555622364e-16,1
B1_D2_Craig_Bampton,B1,2,Craig_Bampton,full-grid,395,5,59,80,1.0006620381779419,1.0004456099993178,-0.02081096065841034,0,0,1,UNSTABLE,2.7603582458918516e-16,1.4026504555622364e-16,1
B1_D2_Craig_Bampton,B1,2,Craig_Bampton,full-grid,396,5,60,81,1.000719972372619,1.0005050044202841,-0.020741244789614095,0,0,1,UNSTABLE,1.693618340937589e-16,1.4026504555622364e-16,1
B1_D2_Craig_Bampton,B1,2,Craig_Bampton,full-grid,397,5,61,82,1.0007763803438372,1.0005628795418127,-0.020670934596889581,0,0,1,UNSTABLE,3.5171163115075282e-16,1.4026504555622364e-16,1
B1_D2_Craig_Bampton,B1,2,Craig_Bampton,full-grid,398,5,62,83,1.0008312693274428,1.000619241481592,-0.020600078649937528,0,0,1,UNSTABLE,2.636903107331333e-16,1.4026504555622364e-16,1
B1_D2_Craig_Bampton,B1,2,Craig_Bampton,full-grid,399,5,63,84,1.0008846483615776,1.0006740981969411,-0.02052872435437492,0,0,1,UNSTABLE,1.689726054618085e-16,1.4026504555622367e-16,1
B1_D2_Craig_Bampton,B1,2,Craig_Bampton,full-grid,400,5,64,85,1.0009365281757892,1.0007274593751427,-0.020456917880616762,0,0,1,UNSTABLE,2.7431188225032845e-16,1.4026504555622364e-16,1
B1_D2_Craig_Bampton,B1,2,Craig_Bampton,full-grid,401,5,65,86,1.0009869210787288,1.0007793363221098,-0.020384704102600997,0,0,1,UNSTABLE,2.7367781782402249e-16,1.4026504555622364e-16,1
B1_D2_Craig_Bampton,B1,2,Craig_Bampton,full-grid,402,5,66,87,1.0010358408458531,1.0008297418507939,-0.020312126546404689,0,0,1,UNSTABLE,2.5325740295762938e-16,1.4026504555622367e-16,1
B1_D2_Craig_Bampton,B1,2,Craig_Bampton,full-grid,403,6,0,22,0.99546027334401821,0.9952094172622723,-0.022346623875558039,1,0,-1,STABLE,2.076467175909765e-16,1.2665150531458276e-16,1
B1_D2_Craig_Bampton,B1,2,Craig_Bampton,full-grid,404,6,1,23,0.99555213737231663,0.99530069307266555,-0.022373837302965254,1,0,-1,STABLE,2.9316496347524799e-16,1.4026504555622367e-16,1
B1_D2_Craig_Bampton,B1,2,Craig_Bampton,full-grid,405,6,2,24,0.9956447920973488,0.99539279785535473,-0.02239933053155083,1,0,-1,STABLE,1.8125231629869174e-16,1.4026504555622364e-16,1
B1_D2_Craig_Bampton,B1,2,Craig_Bampton,full-grid,406,6,3,25,0.99573819682052223,0.9954856916051491,-0.022423077772761823,1,0,-1,STABLE,2.4746771862724903e-16,1.4026504555622367e-16,1
B1_D2_Craig_Bampton,B1,2,Craig_Bampton,full-grid,407,6,4,26,0.99583231004954431,0.99557933349413941,-0.022445054198572408,1,0,-1,STABLE,3.4392294503569037e-16,1.4026504555622367e-16,1
B1_D2_Craig_Bampton,B1,2,Craig_Bampton,full-grid,408,6,5,27,0.99592708950209308,0.99567368187457306,-0.022465235953394991,1,0,-1,STABLE,1.923295827431903e-16,1.4026504555622369e-16,1
B1_D2_Craig_Bampton,B1,2,Craig_Bampton,full-grid,409,6,6,28,0.99602249210683047,0.99576869427903647,-0.022483600168208651,1,0,-1,STABLE,1.7537157869816387e-16,1.4026504555622364e-16,1
B1_D2_Craig_Bampton,B1,2,Craig_Bampton,full-grid,410,6,7,29,0.99611847400230835,0.99586432741844544,-0.022500124979533277,1,0,-1,STABLE,1.6863142716925382e-16,1.4026504555622367e-16,1
B1_D2_Craig_Bampton,B1,2,Craig_Bampton,full-grid,411,6,8,30,0.99621499053430096,0.99596053717839272,-0.022514789552309646,1,0,-1,STABLE,2.9789468839413054e-16,1.4026504555622364e-16,1
B1_D2_Craig_Bampton,B1,2,Craig_Bampton,full-grid,412,6,9,31,0.99631199625226019,0.99605727861453652,-0.022527574107462169,1,0,-1,STABLE,1.8580224409050988e-16,1.4026504555622364e-16,1
B1_D2_Craig_Bampton,B1,2,Craig_Bampton,full-grid,413,6,10,32,0.99640944490558558,0.99615450594771104,-0.02253845995467978,1,0,-1,STABLE,4.8794749033335569e-16,1.4026504555622364e-16,1
B1_D2_Craig_Bampton,B1,2,Craig_Bampton,full-grid,414,6,11,33,0.99651678723345249,0.99354929475022447,-0.076847291034971232,1,0,-1,STABLE,1.3196974300167787e-16,1.4026504555622364e-16,1
B1_D2_Craig_Bampton,B1,2,Craig_Bampton,full-grid,415,6,12,34,0.9967806159678414,0.99383574809200015,-0.07656436627860029,1,0,-1,STABLE,2.3273412870080834e-16,1.4026504555622364e-16,1
B1_D2_Craig_Bampton,B1,2,Craig_Bampton,full-grid,416,6,13,35,0.99701848300251483,0.99409750109620787,-0.076262794093260436,1,0,-1,STABLE,1.3259225662190703e-16,1.4026504555622364e-16,1
B1_D2_Craig_Bampton,B1,2,Craig_Bampton,full-grid,417,6,14,36,0.9972298353670136,0.99433378240302717,-0.075945202074985757,1,0,-1,STABLE,2.7150450008452985e-16,1.4026504555622364e-16,1
B1_D2_Craig_Bampton,B1,2,Craig_Bampton,full-grid,418,6,15,37,0.99741442913150158,0.99454413963320332,-0.075614137308910159,1,0,-1,STABLE,2.1670813030129587e-16,1.4026504555622364e-16,1
B1_D2_Craig_Bampton,B1,2,Craig_Bampton,full-grid,419,6,16,38,0.99757228936718423,0.99472840212050073,-0.075272030184395336,1,0,-1,STABLE,2.4823254371593144e-16,1.4026504555622364e-16,1
B1_D2_Craig_Bampton,B1,2,Craig_Bampton,full-grid,420,6,17,39,0.99770366914464348,0.99488664180841813,-0.074921167742185629,1,0,-1,STABLE,3.4653773441123201e-16,1.4026504555622367e-16,1
B1_D2_Craig_Bampton,B1,2,Craig_Bampton,full-grid,421,6,18,40,0.99780900939741324,0.99501913424098021,-0.074563675667026277,1,0,-1,STABLE,1.4540556820088385e-16,1.4026504555622364e-16,1
B1_D2_Craig_Bampton,B1,2,Craig_Bampton,full-grid,422,6,19,41,0.99788890099345817,0.99512632111146992,-0.074201507781740075,1,0,-1,STABLE,1.9563832948985649e-16,1.4026504555622367e-16,1
B1_D2_Craig_Bampton,B1,2,Craig_Bampton,full-grid,423,6,20,42,0.99794404991146457,0.99520877539191122,-0.073836441792844931,1,0,-1,STABLE,3.6996417661270211e-16,1.4026504555622367e-16,1
B1_D2_Craig_Bampton,B1,2,Craig_Bampton,full-grid,424,6,21,43,0.99797524603577159,0.99526716967806439,-0.073470080040611022,1,0,-1,STABLE,2.2868485534552563e-16,1.4026504555622367e-16,1
B1_D2_Craig_Bampton,B1,2,Craig_Bampton,full-grid,425,6,22,44,0.99798333577641229,0.9953022480660858,-0.073103854084520734,1,0,-1,STABLE,2.5771659737561803e-16,1.4026504555622364e-16,1
B1_D2_Craig_Bampton,B1,2,Craig_Bampton,full-grid,426,6,23,45,0.99796919848720589,0.99531480162855401,-0.072739032082565561,1,0,-1,STABLE,2.4729826699095551e-16,1.4026504555622367e-16,1
B1_D2_Craig_Bampton,B1,2,Craig_Bampton,full-grid,427,6,24,46,0.99793372649029,0.99530564737692329,-0.072376728071946478,1,0,-1,STABLE,1.7203294940044879e-16,1.4026504555622364e-16,1
B1_D2_Craig_Bampton,B1,2,Craig_Bampton,full-grid,428,6,25,47,0.99789047537019604,0.99763756923974545,-0.022465112418329731,1,0,-1,STABLE,2.7108817899574863e-16,1.4026504555622364e-16,1
B1_D2_Craig_Bampton,B1,2,Craig_Bampton,full-grid,429,6,26,48,0.99798809638038766,0.99773568624449438,-0.022444173212169603,1,0,-1,STABLE,1.8113030802432995e-16,1.4026504555622364e-16,1
B1_D2_Craig_Bampton,B1,2,Craig_Bampton,full-grid,430,6,27,49,0.9980852642295277,0.99783339424463313,-0.022421239982677973,1,0,-1,STABLE,7.7503048845635242e-17,1.4026504555622364e-16,1
B1_D2_Craig_Bampton,B1,2,Craig_Bampton,full-grid,431,6,28,50,0.99818192237394332,0.99793063627153744,-0.022396324359710396,1,0,-1,STABLE,1.6643788288607127e-16,1.4026504555622364e-16,1
B1_D2_Craig_Bampton,B1,2,Craig_Bampton,full-grid,432,6,29,51,0.99827801441771213,0.99802735544124754,-0.022369440330940796,1,0,-1,STABLE,1.2529055220065296e-16,1.4026504555622364e-16,1
B1_D2_Craig_Bampton,B1,2,Craig_Bampton,full-grid,433,6,30,52,0.9983734842497709,0.99812349509128417,-0.022340604284277501,1,0,-1,STABLE,1.8405604151562468e-16,1.4026504555622364e-16,1
B1_D2_Craig_Bampton,B1,2,Craig_Bampton,full-grid,434,6,31,53,0.99846827618827672,0.99821899892504384,-0.022309835039108307,1,0,-1,STABLE,3.5411060162642208e-16,1.4026504555622364e-16,1
B1_D2_Craig_Bampton,B1,2,Craig_Bampton,full-grid,435,6,32,54,0.99856233513106252,0.9983138111626233,-0.022277153865757258,1,0,-1,STABLE,2.5687942978328004e-16,1.4026504555622364e-16,1
B1_D2_Craig_Bampton,B1,2,Craig_Bampton,full-grid,436,6,33,55,0.99865560671095599,0.99840787669686559,-0.022242584492003017,1,0,-1,STABLE,2.5551208254424361e-16,1.4026504555622367e-16,1
B1_D2_Craig_Bampton,B1,2,Craig_Bampton,full-grid,437,6,34,56,0.9987480374544172,0.99850114125310263,-0.022206153095521812,1,0,-1,STABLE,2.7943044376681936e-16,1.4026504555622364e-16,1
B1_D2_Craig_Bampton,B1,2,Craig_Bampton,full-grid,438,6,35,57,0.9988395749420711,0.99859355155116059,-0.02216788828230502,1,0,-1,STABLE,2.0048256113224926e-16,1.4026504555622367e-16,1
B1_D2_Craig_Bampton,B1,2,Craig_Bampton,full-grid,439,6,36,58,0.99893016796937439,0.99868505546789166,-0.022127821049905103,1,0,-1,STABLE,2.8002209396540131e-16,1.4026504555622367e-16,1
B1_D2_Craig_Bampton,B1,2,Craig_Bampton,full-grid,440,6,37,59,0.99901976670584081,0.99877560219863082,-0.02208598473591571,1,0,-1,STABLE,1.5942080882641896e-16,1.4026504555622367e-16,1
B1_D2_Craig_Bampton,B1,2,Craig_Bampton,full-grid,441,6,38,60,0.99910832285101214,0.99886514241576951,-0.02204241495132972,1,0,-1,STABLE,1.072654540219486e-16,1.4026504555622364e-16,1
B1_D2_Craig_Bampton,B1,2,Craig_Bampton,full-grid,442,6,39,61,0.99919578978545143,0.9989536284227063,-0.021997149499003173,1,0,-1,STABLE,1.6409704666791273e-16,1.4026504555622367e-16,1
B1_D2_Craig_Bampton,B1,2,Craig_Bampton,full-grid,443,6,40,62,0.99928212271525052,0.9990410143016315,-0.021950228278181442,1,0,-1,STABLE,1.1952735750012918e-16,1.4026504555622364e-16,1
B1_D2_Craig_Bampton,B1,2,Craig_Bampton,full-grid,444,6,41,63,0.99936727880822473,0.9991272560533121,-0.021901693175083798,1,0,-1,STABLE,1.1602601281388513e-16,1.4026504555622364e-16,1
B1_D2_Craig_Bampton,B1,2,Craig_Bampton,full-grid,445,6,42,64,0.99945121732055053,0.99921231172758296,-0.021851587941158653,1,0,-1,STABLE,1.7496215544962635e-16,1.4026504555622364e-16,1
B1_D2_Craig_Bampton,B1,2,Craig_Bampton,full-grid,446,6,43,65,0.99953389971232454,0.99929614154300173,-0.021799958059509326,1,0,-1,STABLE,1.5908886564669431e-16,1.4026504555622364e-16,1
B1_D2_Craig_Bampton,B1,2,Craig_Bampton,full-grid,447,6,44,66,0.9996152897509164,0.99937870799449091,-0.021746850601195761,1,0,-1,STABLE,8.205198333653602e-17,1.4026504555622364e-16,1
B1_D2_Craig_Bampton,B1,2,Craig_Bampton,full-grid,448,6,45,67,0.99969535360126238,0.99945997594807579,-0.021692314072610283,1,0,-1,STABLE,1.9799912802691971e-16,1.4026504555622364e-16,1
B1_D2_Craig_Bampton,B1,2,Craig_Bampton,full-grid,449,6,46,68,0.99977405990203161,0.99953991272160914,-0.021636398255463249,1,0,-1,STABLE,4.4186663213093417e-16,1.4026504555622364e-16,1
B1_D2_Craig_Bampton,B1,2,Craig_Bampton,full-grid,450,6,47,69,0.99985137982737726,0.99961848815114462,-0.021579154041113061,1,0,-1,STABLE,1.3082045154988108e-16,1.4026504555622364e-16,1
B1_D2_Craig_Bampton,B1,2,Craig_Bampton,full-grid,451,6,48,70,0.99992728713365497,0.9996956746423068,-0.021520633260528645,1,0,-1,STABLE,2.9064125867540393e-16,1.4026504555622364e-16,1
B1_D2_Craig_Bampton,B1,2,Craig_Bampton,full-grid,452,6,49,71,1.0000017581911833,0.99977144720667255,-0.02146088851220665,0,0,1,UNSTABLE,5.9706165418861789e-16,1.4026504555622367e-16,1
B1_D2_Craig_Bampton,B1,2,Craig_Bampton,full-grid,453,6,50,72,1.0000747720008945,0.99984578348299202,-0.021399972988839892,0,0,1,UNSTABLE,3.2390706724616956e-16,1.4026504555622364e-16,1
B1_D2_Craig_Bampton,B1,2,Craig_Bampton,full-grid,454,6,51,73,1.0001463101962851,0.99991866374359928,-0.021337940304977036,0,0,1,UNSTABLE,1.8879397911807533e-16,1.4026504555622367e-16,1
B1_D2_Craig_Bampton,B1,2,Craig_Bampton,full-grid,455,6,52,74,1.000216357031104,0.99999007088642367,-0.021274844326999234,0,0,1,UNSTABLE,1.4627301502363307e-16,1.4026504555622367e-16,1
B1_D2_Craig_Bampton,B1,2,Craig_Bampton,full-grid,456,6,53,75,1.0002848993532421,1.0000599904130321,-0.021210739006740864,0,0,1,UNSTABLE,2.2290111439382679e-16,1.4026504555622367e-16,1
B1_D2_Craig_Bampton,B1,2,Craig_Bampton,full-grid,457,6,54,76,1.0003519265658969,1.0001284103937396,-0.021145678220229558,0,0,1,UNSTABLE,3.1684768248238674e-16,1.4026504555622364e-16,1
B1_D2_Craig_Bampton,B1,2,Craig_Bampton,full-grid,458,6,55,77,1.0004174305764357,1.0001953214201986,-0.02107971561248537,0,0,1,UNSTABLE,1.9472924429668674e-16,1.4026504555622367e-16,1
B1_D2_Craig_Bampton,B1,2,Craig_Bampton,full-grid,459,6,56,78,1.0004814057344786,1.0002607165469546,-0.021012904449688556,0,0,1,UNSTABLE,2.5293964414679505e-16,1.4026504555622364e-16,1
B1_D2_Craig_Bampton,B1,2,Craig_Bampton,full-grid,460,6,57,79,1.0005438487598373,1.0003245912225913,-0.020945297479476526,0,0,1,UNSTABLE,1.3650412621481498e-16,1.4026504555622364e-16,1
B1_D2_Craig_Bampton,B1,2,Craig_Bampton,full-grid,461,6,58,80,1.000604758661642,1.0003869432117924,-0.020876946799969827,0,0,1,UNSTABLE,2.4614305743009591e-16,1.4026504555622364e-16,1
B1_D2_Craig_Bampton,B1,2,Craig_Bampton,full-grid,462,6,59,81,1.0006641366498026,1.0004477725094452,-0.020807903738343195,0,0,1,UNSTABLE,3.4042595074607139e-16,1.4026504555622364e-16,1
B1_D2_Craig_Bampton,B1,2,Craig_Bampton,full-grid,463,6,60,82,1.0007219860399561,1.0005070812479453,-0.020738218739117773,0,0,1,UNSTABLE,1.9275326010793659e-16,1.4026504555622364e-16,1
B1_D2_Craig_Bampton,B1,2,Craig_Bampton,full-grid,464,6,61,83,1.0007783121528606,1.0005648735986552,-0.020667941262635901,0,0,1,UNSTABLE,3.7903818090024227e-16,1.4026504555622364e-16,1
B1_D2_Craig_Bampton,B1,2,Craig_Bampton,full-grid,465,6,62,84,1.0008331222097739,1.0006211556690596,-0.020597119693779233,0,0,1,UNSTABLE,2.2324117939856287e-16,1.4026504555622364e-16,1
B1_D2_Craig_Bampton,B1,2,Craig_Bampton,full-grid,466,6,63,85,1.0008864252244996,1.0006759353963064,-0.020525801260975512,0,0,1,UNSTABLE,2.1503373003475811e-16,1.4026504555622364e-16,1
B1_D2_Craig_Bampton,B1,2,Craig_Bampton,full-grid,467,6,64,86,1.0009382318933311,1.0007292224383746,-0.020454031965220332,0,0,1,UNSTABLE,1.6246934644437853e-16,1.4026504555622364e-16,1
B1_D2_Craig_Bampton,B1,2,Craig_Bampton,full-grid,468,6,65,87,1.0009885544838688,1.0007810280638474,-0.020381856519304783,0,0,1,UNSTABLE,2.4229491067026922e-16,1.4026504555622367e-16,1
B1_D2_Craig_Bampton,B1,2,Craig_Bampton,full-grid,469,6,66,88,1.0010374067235341,1.0008313650411416,-0.020309318296375164,0,0,1,UNSTABLE,4.6823846665741557e-16,1.4026504555622364e-16,1
B1_D2_Craig_Bampton,B1,2,Craig_Bampton,full-grid,470,7,0,23,0.99546646080569001,0.99521556217389495,-0.022348588230683839,1,0,-1,STABLE,2.8955662688699762e-16,1.2665150531458271e-16,1
B1_D2_Craig_Bampton,B1,2,Craig_Bampton,full-grid,471,7,1,24,0.99555838592021106,0.99530690205565675,-0.022375667507970227,1,0,-1,STABLE,1.8954277500494854e-16,1.4026504555622367e-16,1
B1_D2_Craig_Bampton,B1,2,Craig_Bampton,full-grid,472,7,2,25,0.99565109642656735,0.995399065689619,-0.022401023183308309,1,0,-1,STABLE,1.3259364240795535e-16,1.4026504555622367e-16,1
B1_D2_Craig_Bampton,B1,2,Craig_Bampton,full-grid,473,7,3,26,0.99574455142295715,0.99549201286120614,-0.022424629719357655,1,0,-1,STABLE,2.4107351663457013e-16,1.4026504555622364e-16,1
B1_D2_Craig_Bampton,B1,2,Craig_Bampton,full-grid,474,7,4,27,0.99583870922806772,0.99558570254691969,-0.022446462553825271,1,0,-1,STABLE,1.9352033603001423e-16,1.4026504555622364e-16,1
B1_D2_Craig_Bampton,B1,2,Craig_Bampton,full-grid,475,7,5,28,0.99593352738576013,0.9956800929182551,-0.02246649811024249,1,0,-1,STABLE,1.6384896411679622e-16,1.4026504555622364e-16,1
B1_D2_Craig_Bampton,B1,2,Craig_Bampton,full-grid,476,7,6,29,0.99602896266706631,0.9957751413428837,-0.022484713811660839,1,0,-1,STABLE,1.5130282633694043e-16,1.4026504555622364e-16,1
B1_D2_Craig_Bampton,B1,2,Craig_Bampton,full-grid,477,7,7,30,0.99612497107004228,0.9958708043836183,-0.022501088098519296,1,0,-1,STABLE,2.8990962286004916e-16,1.4026504555622369e-16,1
B1_D2_Craig_Bampton,B1,2,Craig_Bampton,full-grid,478,7,8,31,0.99622150781798002,0.99596703779567453,-0.022515600450333659,1,0,-1,STABLE,3.0759867669510959e-16,1.4026504555622364e-16,1
B1_D2_Craig_Bampton,B1,2,Craig_Bampton,full-grid,479,7,9,32,0.99648866738866237,0.99348040543092697,-0.077371495131174139,1,0,-1,STABLE,2.2405595197831152e-16,1.4026504555622364e-16,1
B1_D2_Craig_Bampton,B1,2,Craig_Bampton,full-grid,480,7,10,33,0.99679295407889068,0.99380447517878889,-0.077128842957311039,1,0,-1,STABLE,2.254239294237982e-16,1.4026504555622364e-16,1
B1_D2_Craig_Bampton,B1,2,Craig_Bampton,full-grid,481,7,11,34,0.99707318058211425,0.99410611844278229,-0.076863207783427312,1,0,-1,STABLE,2.7531439334430035e-16,1.4026504555622364e-16,1
B1_D2_Craig_Bampton,B1,2,Craig_Bampton,full-grid,482,7,12,35,0.99732820065338856,0.99438396492046532,-0.076577216765696052,1,0,-1,STABLE,2.3213247571728562e-16,1.4026504555622364e-16,1
B1_D2_Craig_Bampton,B1,2,Craig_Bampton,full-grid,483,7,13,36,0.99755722944845304,0.99463700871427863,-0.07627350077704452,1,0,-1,STABLE,1.8002720728115983e-16,1.4026504555622364e-16,1
B1_D2_Craig_Bampton,B1,2,Craig_Bampton,full-grid,484,7,14,37,0.99775981147726867,0.99486458054965499,-0.075954642826582333,1,0,-1,STABLE,4.3885934465570927e-16,1.4026504555622364e-16,1
B1_D2_Craig_Bampton,B1,2,Craig_Bampton,full-grid,485,7,15,38,0.99793578365507318,0.99506631416764002,-0.075623136063594165,1,0,-1,STABLE,1.4096206488990021e-16,1.4026504555622367e-16,1
B1_D2_Craig_Bampton,B1,2,Craig_Bampton,full-grid,486,7,16,39,0.99808523591508824,0.99524210938706847,-0.07528135130598862,1,0,-1,STABLE,3.6057709817867268e-16,1.4026504555622367e-16,1
B1_D2_Craig_Bampton,B1,2,Craig_Bampton,full-grid,487,7,17,40,0.99820847143516422,0.99539209396443051,-0.074931513517568105,1,0,-1,STABLE,2.4819177745275805e-16,1.4026504555622367e-16,1
B1_D2_Craig_Bampton,B1,2,Craig_Bampton,full-grid,488,7,18,41,0.99830596807857086,0.99551658595545711,-0.074575686311849951,1,0,-1,STABLE,2.5300347495421331e-16,1.4026504555622367e-16,1
B1_D2_Craig_Bampton,B1,2,Craig_Bampton,full-grid,489,7,19,42,0.99837834220531629,0.99561605785188112,-0.074215763366789658,1,0,-1,STABLE,1.1958171409770999e-16,1.4026504555622364e-16,1
B1_D2_Craig_Bampton,B1,2,Craig_Bampton,full-grid,490,7,20,43,0.99842631560891526,0.99569110336760658,-0.073853465558438303,1,0,-1,STABLE,1.5991682125756784e-16,1.4026504555622364e-16,1
B1_D2_Craig_Bampton,B1,2,Craig_Bampton,full-grid,491,7,21,44,0.99845068599319009,0.99574240740154663,-0.073490342647483012,1,0,-1,STABLE,1.840109972423477e-16,1.4026504555622364e-16,1
B1_D2_Craig_Bampton,B1,2,Craig_Bampton,full-grid,492,7,22,45,0.99845230113203642,0.99577071942154083,-0.073127778433134061,1,0,-1,STABLE,2.7478331717567211e-16,1.4026504555622364e-16,1
B1_D2_Craig_Bampton,B1,2,Craig_Bampton,full-grid,493,7,23,46,0.99843203665085722,0.99577683029500075,-0.07276699841562756,1,0,-1,STABLE,2.2104039411972054e-16,1.4026504555622369e-16,1
B1_D2_Craig_Bampton,B1,2,Craig_Bampton,full-grid,494,7,24,47,0.99839077722521852,0.99576155243374154,-0.072409079148409883,1,0,-1,STABLE,1.4350957175173986e-16,1.4026504555622364e-16,1
B1_D2_Craig_Bampton,B1,2,Craig_Bampton,full-grid,495,7,25,48,0.99832940090010491,0.99572570301369256,-0.072054958604178501,1,0,-1,STABLE,1.6421909942172605e-16,1.4026504555622364e-16,1
B1_D2_Craig_Bampton,B1,2,Craig_Bampton,full-grid,496,7,26,49,0.99824876618155622,0.99567008996516482,-0.071705447015967996,1,0,-1,STABLE,1.5226999334985147e-16,1.4026504555622364e-16,1
B1_D2_Craig_Bampton,B1,2,Craig_Bampton,full-grid,497,7,27,50,0.99814970153216231,0.99559550039761802,-0.071361237774868302,1,0,-1,STABLE,1.8506556537883149e-16,1.4026504555622364e-16,1
B1_D2_Craig_Bampton,B1,2,Craig_Bampton,full-grid,498,7,28,51,0.99818751890009083,0.99793628052715233,-0.022394260326071107,1,0,-1,STABLE,2.8739259456509965e-16,1.4026504555622364e-16,1
B1_D2_Craig_Bampton,B1,2,Craig_Bampton,full-grid,499,7,29,52,0.99828350808558242,0.99803289921782934,-0.022367266138514835,1,0,-1,STABLE,4.0397808057134366e-16,1.4026504555622364e-16,1
B1_D2_Craig_Bampton,B1,2,Craig_Bampton,full-grid,500,7,30,53,0.99837887139337433,0.99812893459575003,-0.022338325081817125,1,0,-1,STABLE,1.7471572516535798e-16,1.4026504555622364e-16,1
B1_D2_Craig_Bampton,B1,2,Craig_Bampton,full-grid,501,7,31,54,0.99847355346895073,0.99822433068802408,-0.022307456138245235,1,0,-1,STABLE,2.3580718112393105e-16,1.4026504555622367e-16,1
B1_D2_Craig_Bampton,B1,2,Craig_Bampton,full-grid,502,7,32,55,0.99856749954553892,0.99831903204716044,-0.022274680717138035,1,0,-1,STABLE,2.7128066327248023e-16,1.4026504555622367e-16,1
B1_D2_Craig_Bampton,B1,2,Craig_Bampton,full-grid,503,7,33,56,0.99866065559738948,0.99841298390508038,-0.022240022660992981,1,0,-1,STABLE,2.4249935606175433e-16,1.4026504555622367e-16,1
B1_D2_Craig_Bampton,B1,2,Craig_Bampton,full-grid,504,7,34,57,0.99875296849633521,0.99850613233079111,-0.022203508237353519,1,0,-1,STABLE,2.7388518614325078e-16,1.4026504555622367e-16,1
B1_D2_Craig_Bampton,B1,2,Craig_Bampton,full-grid,505,7,35,58,0.99884438617016114,0.99859842439023017,-0.022165166117029733,1,0,-1,STABLE,4.1377464096658004e-16,1.4026504555622364e-16,1
B1_D2_Craig_Bampton,B1,2,Craig_Bampton,full-grid,506,7,36,59,0.99893485776117696,0.99868980830669241,-0.022125027337492709,1,0,-1,STABLE,3.1580213182937705e-16,1.4026504555622364e-16,1
B1_D2_Craig_Bampton,B1,2,Craig_Bampton,full-grid,507,7,37,60,0.99902433378329314,0.99878023362013102,-0.022083125251404299,1,0,-1,STABLE,1.9964435879948887e-16,1.4026504555622364e-16,1
B1_D2_Craig_Bampton,B1,2,Craig_Bampton,full-grid,508,7,38,61,0.99911276627593248,0.99886965134365258,-0.022039495460559055,1,0,-1,STABLE,1.8030797397267207e-16,1.4026504555622364e-16,1
B1_D2_Craig_Bampton,B1,2,Craig_Bampton,full-grid,509,7,39,62,0.99920010895305156,0.99895801411547136,-0.021994175735041702,1,0,-1,STABLE,4.0380417168746786e-16,1.4026504555622369e-16,1
B1_D2_Craig_Bampton,B1,2,Craig_Bampton,full-grid,510,7,40,63,0.99928631734570306,0.99904527634472817,-0.021947205918357308,1,0,-1,STABLE,1.8565451832458055e-16,1.4026504555622364e-16,1
B1_D2_Craig_Bampton,B1,2,Craig_Bampton,full-grid,511,7,41,64,0.99937134893649171,0.99913139434949738,-0.021898627819396495,1,0,-1,STABLE,2.7347756219403108e-16,1.4026504555622364e-16,1
B1_D2_Craig_Bampton,B1,2,Craig_Bampton,full-grid,512,7,42,65,0.99945516328451944,0.99921632648555447,-0.021848485091628917,1,0,-1,STABLE,8.8688978084330527e-17,1.4026504555622364e-16,1
B1_D2_Craig_Bampton,B1,2,Craig_Bampton,full-grid,513,7,43,66,0.99953772213949976,0.99930003326454475,-0.021796823101074864,1,0,-1,STABLE,1.8471967863205056e-16,1.4026504555622364e-16,1
B1_D2_Craig_Bampton,B1,2,Craig_Bampton,full-grid,514,7,44,67,0.99961898954379425,0.99938247746026798,-0.021743688783947387,1,0,-1,STABLE,1.3932971420694185e-16,1.4026504555622364e-16,1
B1_D2_Craig_Bampton,B1,2,Craig_Bampton,full-grid,515,7,45,68,0.99969893192154546,0.99946362420221013,-0.021689130495755597,1,0,-1,STABLE,2.0765511006889522e-16,1.4026504555622364e-16,1
B1_D2_Craig_Bampton,B1,2,Craig_Bampton,full-grid,516,7,46,69,0.99977751815396165,0.99954344105534032,-0.021633197852939798,1,0,-1,STABLE,5.4830900220776639e-16,1.4026504555622364e-16,1
B1_D2_Craig_Bampton,B1,2,Craig_Bampton,full-grid,517,7,47,70,0.99985471964022643,0.99962189808559998,-0.02157594156875187,1,0,-1,STABLE,2.9586895820371131e-16,1.4026504555622367e-16,1
B1_D2_Craig_Bampton,B1,2,Craig_Bampton,full-grid,518,7,48,71,0.99993051034380587,0.99969896791080604,-0.021517413285367933,1,0,-1,STABLE,1.0751042128859151e-16,1.4026504555622367e-16,1
B1_D2_Craig_Bampton,B1,2,Craig_Bampton,full-grid,519,7,49,72,1.0000048668237047,0.9997746257364919,-0.02145766540312994,0,0,1,UNSTABLE,2.0253278068730552e-16,1.4026504555622367e-16,1
B1_D2_Craig_Bampton,B1,2,Craig_Bampton,full-grid,520,7,50,73,1.0000777682510757,0.999848849377033,-0.021396750909322151,0,0,1,UNSTABLE,2.1144515333314078e-16,1.4026504555622367e-16,1
B1_D2_Craig_Bampton,B1,2,Craig_Bampton,full-grid,521,7,51,74,1.0001491964110767,0.99992161926192447,-0.021334723207331829,0,0,1,UNSTABLE,3.6331426864403508e-16,1.4026504555622364e-16,1
B1_D2_Craig_Bampton,B1,2,Craig_Bampton,full-grid,522,7,52,75,1.0002191356908392,0.99999291842802829,-0.021271635948471666,0,0,1,UNSTABLE,2.0066166365636434e-16,1.4026504555622364e-16,1
B1_D2_Craig_Bampton,B1,2,Craig_Bampton,full-grid,523,7,53,76,1.0002875730536174,1.0000627324978364,-0.021207542867031973,0,0,1,UNSTABLE,2.6170149939798984e-16,1.4026504555622364e-16,1
B1_D2_Craig_Bampton,B1,2,Craig_Bampton,full-grid,524,7,54,77,1.0003544980004218,1.0001310496450144,-0.02114249762061006,0,0,1,UNSTABLE,3.6968166198485073e-16,1.4026504555622364e-16,1
B1_D2_Craig_Bampton,B1,2,Craig_Bampton,full-grid,525,7,55,78,1.0004199025194855,1.0001978605475599,-0.021076553636225785,0,0,1,UNSTABLE,2.2305846575821149e-16,1.4026504555622369e-16,1
B1_D2_Craig_Bampton,B1,2,Craig_Bampton,full-grid,526,7,56,79,1.0004837810251075,1.0002631583300823,-0.021009763964022085,0,0,1,UNSTABLE,3.087850553688992e-16,1.4026504555622364e-16,1
B1_D2_Craig_Bampton,B1,2,Craig_Bampton,full-grid,527,7,57,80,1.0005461302862191,1.0003269384955575,-0.020942181138373712,0,0,1,UNSTABLE,3.8234119142294055e-16,1.4026504555622364e-16,1
B1_D2_Craig_Bampton,B1,2,Craig_Bampton,full-grid,528,7,58,81,1.0006069493465419,1.000389198848388,-0.020873857048318969,0,0,1,UNSTABLE,3.7714667013040298e-16,1.4026504555622364e-16,1
B1_D2_Craig_Bampton,B1,2,Craig_Bampton,full-grid,529,7,59,82,1.0006662394368944,1.0004499394093351,-0.020804842816851285,0,0,1,UNSTABLE,3.9461331244459851e-16,1.4026504555622364e-16,1
B1_D2_Craig_Bampton,B1,2,Craig_Bampton,full-grid,530,7,60,83,1.0007240038810001,1.000509162323667,-0.020735188690100638,0,0,1,UNSTABLE,2.3063440288127428e-16,1.4026504555622364e-16,1
B1_D2_Craig_Bampton,B1,2,Craig_Bampton,full-grid,531,7,61,84,1.0007802479959875,1.0005668717637075,-0.020664943936506669,0,0,1,UNSTABLE,2.7454380314234841e-16,1.4026504555622364e-16,1
B1_D2_Craig_Bampton,B1,2,Craig_Bampton,full-grid,532,7,62,85,1.0008349789886746,1.0006230738268869,-0.020594156756063665,0,0,1,UNSTABLE,1.8197158833279677e-16,1.4026504555622364e-16,1
B1_D2_Craig_Bampton,B1,2,Craig_Bampton,full-grid,533,7,63,86,1.0008882058486746,1.0006777764303325,-0.020522874199884668,0,0,1,UNSTABLE,3.8286546305889333e-16,1.4026504555622367e-16,1
B1_D2_Craig_Bampton,B1,2,Craig_Bampton,full-grid,534,7,64,87,1.0009399392391924,1.0007309892028839,-0.02045114209954698,0,0,1,UNSTABLE,1.7422934898012021e-16,1.4026504555622367e-16,1
B1_D2_Craig_Bampton,B1,2,Craig_Bampton,full-grid,535,7,65,88,1.0009901913869008,1.0007827233759237,-0.020379005006471471,0,0,1,UNSTABLE,2.2827066307284618e-16,1.4026504555622367e-16,1
B1_D2_Craig_Bampton,B1,2,Craig_Bampton,full-grid,536,7,66,89,1.0010389759713081,1.0008329916734542,-0.020306506140856495,0,0,1,UNSTABLE,2.2764955419468172e-16,1.4026504555622367e-16,1
B1_D2_Craig_Bampton,B1,2,Craig_Bampton,full-grid,537,8,0,24,0.99547266163744896,0.99522172027465072,-0.022350560644245104,1,0,-1,STABLE,1.4254332470270757e-16,1.2665150531458276e-16,1
B1_D2_Craig_Bampton,B1,2,Craig_Bampton,full-grid,538,8,1,25,0.99556464802718303,0.99531312442716502,-0.022377505323956142,1,0,-1,STABLE,1.7948099660910344e-16,1.4026504555622367e-16,1
B1_D2_Craig_Bampton,B1,2,Craig_Bampton,full-grid,539,8,2,26,0.99565741447868705,0.99540534708678274,-0.022402722991319974,1,0,-1,STABLE,1.0639999308538475e-16,1.4026504555622367e-16,1
B1_D2_Craig_Bampton,B1,2,Craig_Bampton,full-grid,540,8,3,27,0.9957509198867418,0.99549834782928981,-0.022426188361975321,1,0,-1,STABLE,1.9277423172373326e-16,1.4026504555622367e-16,1
B1_D2_Craig_Bampton,B1,2,Craig_Bampton,full-grid,541,8,4,28,0.99584512238094269,0.99559208543548194,-0.022447877141122417,1,0,-1,STABLE,2.8303338470701939e-16,1.4026504555622364e-16,1
B1_D2_Craig_Bampton,B1,2,Craig_Bampton,full-grid,542,8,5,29,0.9959399793314152,0.99568651789613538,-0.022467766033330182,1,0,-1,STABLE,1.6835621094632211e-16,1.4026504555622367e-16,1
B1_D2_Craig_Bampton,B1,2,Craig_Bampton,full-grid,543,8,6,30,0.99606443667631139,0.99300841356308145,-0.077965714286664059,1,0,-1,STABLE,3.1252832282142569e-16,1.4026504555622364e-16,1
B1_D2_Craig_Bampton,B1,2,Craig_Bampton,full-grid,544,8,7,31,0.99642268903467301,0.99338084189594733,-0.077798960000681108,1,0,-1,STABLE,1.9251584845939873e-16,1.4026504555622364e-16,1
B1_D2_Craig_Bampton,B1,2,Craig_Bampton,full-grid,545,8,8,32,0.99676198606853572,0.9937365036952982,-0.07760295158521166,1,0,-1,STABLE,3.0131954063726937e-16,1.4026504555622364e-16,1
B1_D2_Craig_Bampton,B1,2,Craig_Bampton,full-grid,546,8,9,33,0.99708015967309305,0.99407302808109599,-0.077379969342207477,1,0,-1,STABLE,1.733564835310513e-16,1.4026504555622364e-16,1
B1_D2_Craig_Bampton,B1,2,Craig_Bampton,full-grid,547,8,10,34,0.99737543572811005,0.99438842612709721,-0.077132469027716644,1,0,-1,STABLE,1.9667207828255196e-16,1.4026504555622364e-16,1
B1_D2_Craig_Bampton,B1,2,Craig_Bampton,full-grid,548,8,11,35,0.99764642846433704,0.99468109139141747,-0.076863012275257492,1,0,-1,STABLE,2.3618309117965852e-16,1.4026504555622367e-16,1
B1_D2_Craig_Bampton,B1,2,Craig_Bampton,full-grid,549,8,12,36,0.99789212303499819,0.99494978800482148,-0.076574202995897095,1,0,-1,STABLE,1.6594372275224571e-16,1.4026504555622364e-16,1
B1_D2_Craig_Bampton,B1,2,Craig_Bampton,full-grid,550,8,13,37,0.99811184900613603,0.99519362887808138,-0.076268631605158302,1,0,-1,STABLE,1.138605266847018e-16,1.4026504555622364e-16,1
B1_D2_Craig_Bampton,B1,2,Craig_Bampton,full-grid,551,8,14,38,0.99830524747734362,0.99541204666653205,-0.075948828114370037,1,0,-1,STABLE,4.1692538283865359e-16,1.4026504555622364e-16,1
B1_D2_Craig_Bampton,B1,2,Craig_Bampton,full-grid,552,8,15,39,0.99847223434757271,0.9956047599997333,-0.075617224419490231,1,0,-1,STABLE,2.6091793205873195e-16,1.4026504555622367e-16,1
B1_D2_Craig_Bampton,B1,2,Craig_Bampton,full-grid,553,8,16,40,0.99861296191403148,0.99577173720944745,-0.075276125548504061,1,0,-1,STABLE,2.7002844236030728e-16,1.4026504555622364e-16,1
B1_D2_Craig_Bampton,B1,2,Craig_Bampton,full-grid,554,8,17,41,0.99872778059621803,0.99591315942907199,-0.07492768921200825,1,0,-1,STABLE,2.2281584603275678e-16,1.4026504555622367e-16,1
B1_D2_Craig_Bampton,B1,2,Craig_Bampton,full-grid,555,8,18,42,0.99881720216092029,0.99602938454290091,-0.074573912728638628,1,0,-1,STABLE,2.1199748662849549e-16,1.4026504555622367e-16,1
B1_D2_Craig_Bampton,B1,2,Craig_Bampton,full-grid,556,8,19,43,0.99888186542519863,0.99612091307396677,-0.074216626250533532,1,0,-1,STABLE,3.1601772434607639e-16,1.4026504555622367e-16,1
B1_D2_Craig_Bampton,B1,2,Craig_Bampton,full-grid,557,8,20,44,0.9989225050603775,0.99618835674464901,-0.073857491173852277,1,0,-1,STABLE,2.6876706235928389e-16,1.4026504555622364e-16,1
B1_D2_Craig_Bampton,B1,2,Craig_Bampton,full-grid,558,8,21,45,0.9989399238212332,0.99623241013828023,-0.073498002653435549,1,0,-1,STABLE,1.5251789382440139e-16,1.4026504555622367e-16,1
B1_D2_Craig_Bampton,B1,2,Craig_Bampton,full-grid,559,8,22,46,0.99893496828906081,0.99625382564314524,-0.073139495227028103,1,0,-1,STABLE,1.3807305938174839e-16,1.4026504555622364e-16,1
B1_D2_Craig_Bampton,B1,2,Craig_Bampton,full-grid,560,8,23,47,0.99890850804021603,0.9962533916695071,-0.072783150674685632,1,0,-1,STABLE,3.628164696764799e-16,1.4026504555622364e-16,1
B1_D2_Craig_Bampton,B1,2,Craig_Bampton,full-grid,561,8,24,48,0.99886141802890827,0.99623191399355959,-0.072430007368841171,1,0,-1,STABLE,1.3887500168112704e-16,1.4026504555622364e-16,1
B1_D2_Craig_Bampton,B1,2,Craig_Bampton,full-grid,562,8,25,49,0.99879456389393817,0.99619019998982372,-0.072080970500661909,1,0,-1,STABLE,1.870462518816079e-16,1.4026504555622364e-16,1
B1_D2_Craig_Bampton,B1,2,Craig_Bampton,full-grid,563,8,26,50,0.99870878985629463,0.99612904545824787,-0.071736822697023014,1,0,-1,STABLE,1.32396521631009e-16,1.4026504555622364e-16,1
B1_D2_Craig_Bampton,B1,2,Craig_Bampton,full-grid,564,8,27,51,0.99860490885787756,0.99604922372563021,-0.071398234646380385,1,0,-1,STABLE,2.0833704258514103e-16,1.4026504555622367e-16,1
B1_D2_Craig_Bampton,B1,2,Craig_Bampton,full-grid,565,8,28,52,0.9984836945940756,0.99595147669418271,-0.071065775454237867,1,0,-1,STABLE,1.4641284317167858e-16,1.4026504555622364e-16,1
B1_D2_Craig_Bampton,B1,2,Craig_Bampton,full-grid,566,8,29,53,0.9983458751076697,0.99583650751824637,-0.070739922521590018,1,0,-1,STABLE,1.789051997510305e-16,1.4026504555622364e-16,1
B1_D2_Craig_Bampton,B1,2,Craig_Bampton,full-grid,567,8,30,54,0.99838426909337741,0.99813438471648763,-0.022336043063979627,1,0,-1,STABLE,3.457987626341202e-16,1.4026504555622364e-16,1
B1_D2_Craig_Bampton,B1,2,Craig_Bampton,full-grid,568,8,31,55,0.99847884107355944,0.99822967283790187,-0.022305074255279379,1,0,-1,STABLE,1.9327016396078894e-16,1.4026504555622367e-16,1
B1_D2_Craig_Bampton,B1,2,Craig_Bampton,full-grid,569,8,32,56,0.99857267405291672,0.99832426309039435,-0.022272204430950373,1,0,-1,STABLE,1.823782730282578e-16,1.4026504555622364e-16,1
B1_D2_Craig_Bampton,B1,2,Craig_Bampton,full-grid,570,8,33,57,0.99866571434753038,0.99841810104539297,-0.022237457547450188,1,0,-1,STABLE,1.4304982634648467e-16,1.4026504555622367e-16,1
B1_D2_Craig_Bampton,B1,2,Craig_Bampton,full-grid,571,8,34,58,0.99875790917490193,0.99851113311589457,-0.022200859961580735,1,0,-1,STABLE,1.8953068626453772e-16,1.4026504555622367e-16,1
B1_D2_Craig_Bampton,B1,2,Craig_Bampton,full-grid,572,8,35,59,0.99884920681021638,0.99860330671420461,-0.022162440408373913,1,0,-1,STABLE,2.039493133766991e-16,1.4026504555622367e-16,1
B1_D2_Craig_Bampton,B1,2,Craig_Bampton,full-grid,573,8,36,60,0.998939556742793,0.99869457041023435,-0.022122229964575111,1,0,-1,STABLE,3.1461933310209971e-16,1.4026504555622364e-16,1
B1_D2_Craig_Bampton,B1,2,Craig_Bampton,full-grid,574,8,37,61,0.99902890983103121,0.9987848740886619,-0.022080261997413878,1,0,-1,STABLE,1.9337085133148331e-16,1.4026504555622367e-16,1
B1_D2_Craig_Bampton,B1,2,Craig_Bampton,full-grid,575,8,38,62,0.9991172184542858,0.99887416910337379,-0.022036572098979322,1,0,-1,STABLE,3.979397832527476e-16,1.4026504555622364e-16,1
B1_D2_Craig_Bampton,B1,2,Craig_Bampton,full-grid,576,8,39,63,0.99920443665988901,0.99896240842739792,-0.021991198005990725,1,0,-1,STABLE,2.7470407346871075e-16,1.4026504555622364e-16,1
B1_D2_Craig_Bampton,B1,2,Craig_Bampton,full-grid,577,8,40,64,0.9992905203038136,0.99904954679679292,-0.021944179505943674,1,0,-1,STABLE,2.8699649860762364e-16,1.4026504555622364e-16,1
B1_D2_Craig_Bampton,B1,2,Craig_Bampton,full-grid,578,8,41,65,0.99937542718339301,0.99913554084689093,-0.021895558329944088,1,0,-1,STABLE,2.3032117863495114e-16,1.4026504555622364e-16,1
B1_D2_Craig_Bampton,B1,2,Craig_Bampton,full-grid,579,8,42,66,0.99945911716057356,0.99922034923933523,-0.02184537803321427,1,0,-1,STABLE,1.5968360163662862e-16,1.4026504555622364e-16,1
B1_D2_Craig_Bampton,B1,2,Craig_Bampton,full-grid,580,8,43,67,0.99954155227458974,0.99930393277877005,-0.021793683864359363,1,0,-1,STABLE,2.3186929302182719e-16,1.4026504555622367e-16,1
B1_D2_Craig_Bampton,B1,2,Craig_Bampton,full-grid,581,8,44,68,0.99962269684270932,0.99938625451779139,-0.021740522624610167,1,0,-1,STABLE,1.8569713425977712e-16,1.4026504555622364e-16,1
B1_D2_Craig_Bampton,B1,2,Craig_Bampton,full-grid,582,8,45,69,0.99970251754819062,0.99946727984926098,-0.021685942518346903,1,0,-1,STABLE,2.6736457599788201e-16,1.4026504555622364e-16,1
B1_D2_Craig_Bampton,B1,2,Craig_Bampton,full-grid,583,8,46,70,0.99978098351465627,0.9995469765851448,-0.021629992996525786,1,0,-1,STABLE,1.6772259538621892e-16,1.4026504555622364e-16,1
B1_D2_Craig_Bampton,B1,2,Craig_Bampton,full-grid,584,8,47,71,0.99985806636631991,0.99962531502126983,-0.021572724594340235,1,0,-1,STABLE,1.94004416294233e-16,1.4026504555622367e-16,1
B1_D2_Craig_Bampton,B1,2,Craig_Bampton,full-grid,585,8,48,72,0.99993374027364612,0.99970226798753936,-0.021514188764942134,1,0,-1,STABLE,1.4398257096296914e-16,1.4026504555622364e-16,1
B1_D2_Craig_Bampton,B1,2,Craig_Bampton,full-grid,586,8,49,73,1.0000079819843464,0.99977781088346318,-0.021454437710533111,0,0,1,UNSTABLE,1.945941147954637e-16,1.4026504555622367e-16,1
B1_D2_Craig_Bampton,B1,2,Craig_Bampton,full-grid,587,8,50,74,1.0000807708397459,0.99985192169899473,-0.02139352421289515,0,0,1,UNSTABLE,9.2131726722485481e-17,1.4026504555622367e-16,1
B1_D2_Craig_Bampton,B1,2,Craig_Bampton,full-grid,588,8,51,75,1.0001520887767521,0.99992458102087856,-0.021331501464280849,0,0,1,UNSTABLE,4.1571340605566489e-16,1.4026504555622367e-16,1
B1_D2_Craig_Bampton,B1,2,Craig_Bampton,full-grid,589,8,52,76,1.0002219203158491,0.99999577202487955,-0.021268422900858886,0,0,1,UNSTABLE,1.8718347829896627e-16,1.4026504555622364e-16,1
B1_D2_Craig_Bampton,B1,2,Craig_Bampton,full-grid,590,8,53,77,1.0002902525357431,1.0000654804545051,-0.021204342039322494,0,0,1,UNSTABLE,3.7209314905602495e-16,1.4026504555622367e-16,1
B1_D2_Craig_Bampton,B1,2,Craig_Bampton,full-grid,591,8,54,78,1.000357075035297,1.0001336945868098,-0.021139312318826292,0,0,1,UNSTABLE,2.5094843324298628e-16,1.4026504555622364e-16,1
B1_D2_Craig_Bampton,B1,2,Craig_Bampton,full-grid,592,8,55,79,1.0004223798837855,1.0002004051863094,-0.021073386948463845,0,0,1,UNSTABLE,2.2423347348297493e-16,1.4026504555622364e-16,1
B1_D2_Craig_Bampton,B1,2,Craig_Bampton,full-grid,593,8,56,80,1.0004861615601806,1.0002656054476773,-0.02100661876207904,0,0,1,UNSTABLE,4.4248734842284257e-16,1.4026504555622364e-16,1
B1_D2_Craig_Bampton,B1,2,Craig_Bampton,full-grid,594,8,57,81,1.0005484168827732,1.0003292909285177,-0.020939060080923898,0,0,1,UNSTABLE,2.2621904113392201e-16,1.4026504555622364e-16,1
B1_D2_Craig_Bampton,B1,2,Craig_Bampton,full-grid,595,8,58,82,1.000609144929971,1.000391459473049,-0.020870762584788718,0,0,1,UNSTABLE,1.5222333809313362e-16,1.4026504555622364e-16,1
B1_D2_Craig_Bampton,B1,2,Craig_Bampton,full-grid,596,8,59,83,1.0006683469535742,1.0004521111279825,-0.020801777192390618,0,0,1,UNSTABLE,3.3469478960948205e-16,1.4026504555622367e-16,1
B1_D2_Craig_Bampton,B1,2,Craig_Bampton,full-grid,597,8,60,84,1.0007260262855717,1.0005112480516387,-0.020732153951367998,0,0,1,UNSTABLE,4.0907862549553149e-16,1.4026504555622364e-16,1
B1_D2_Craig_Bampton,B1,2,Craig_Bampton,full-grid,598,8,61,85,1.0007821882396106,1.0005688744174523,-0.020661941938158006,0,0,1,UNSTABLE,6.1174676200257382e-16,1.4026504555622364e-16,1
B1_D2_Craig_Bampton,B1,2,Craig_Bampton,full-grid,599,8,62,86,1.000836840008225,1.000624996312957,-0.020591189167808034,0,0,1,UNSTABLE,3.1715445596777093e-16,1.4026504555622364e-16,1
B1_D2_Craig_Bampton,B1,2,Craig_Bampton,full-grid,600,8,63,87,1.0008899905568895,1.0006796216353147,-0.020519942513912232,0,0,1,UNSTABLE,1.2735904217381421e-16,1.4026504555622367e-16,1
B1_D2_Craig_Bampton,B1,2,Craig_Bampton,full-grid,601,8,64,88,1.0009416505159217,1.0007327599844298,-0.020448247638441296,0,0,1,UNSTABLE,2.9572223444200263e-16,1.4026504555622364e-16,1
B1_D2_Craig_Bampton,B1,2,Craig_Bampton,full-grid,602,8,65,89,1.0009918320711357,1.0007844225545566,-0.020376148931333472,0,0,1,UNSTABLE,2.1386991932685202e-16,1.4026504555622367e-16,1
B1_D2_Craig_Bampton,B1,2,Craig_Bampton,full-grid,603,8,66,90,1.0010405488542555,1.0008346220254154,-0.020303689459634764,0,0,1,UNSTABLE,3.6078728765744006e-16,1.4026504555622367e-16,1
B1_D2_Craig_Bampton,B1,2,Craig_Bampton,full-grid,604,9,0,25,0.99547887722506245,0.99522789292507752,-0.022352542253203555,1,0,-1,STABLE,2.1359547452428351e-16,1.2665150531458276e-16,1
B1_D2_Craig_Bampton,B1,2,Craig_Bampton,full-grid,605,9,1,26,0.99557092511786394,0.99531936158747825,-0.022379351847945352,1,0,-1,STABLE,2.7367560022294831e-16,1.4026504555622367e-16,1
B1_D2_Craig_Bampton,B1,2,Craig_Bampton,full-grid,606,9,2,27,0.99566374771535338,0.9954116434850877,-0.022404431010392162,1,0,-1,STABLE,1.9938382549591302e-16,1.4026504555622364e-16,1
B1_D2_Craig_Bampton,B1,2,Craig_Bampton,full-grid,607,9,3,28,0.99575730370850546,0.99550469798361463,-0.022427754711180796,1,0,-1,STABLE,1.5117094285223769e-16,1.4026504555622364e-16,1
B1_D2_Craig_Bampton,B1,2,Craig_Bampton,full-grid,608,9,4,29,0.99595351827341072,0.99287622694093092,-0.078231761687476517,1,0,-1,STABLE,3.1041006854412578e-16,1.4026504555622364e-16,1
B1_D2_Craig_Bampton,B1,2,Craig_Bampton,full-grid,609,9,5,30,0.99633520102715223,0.99326792278554454,-0.078119564585993784,1,0,-1,STABLE,1.2528760362420005e-16,1.4026504555622367e-16,1
B1_D2_Craig_Bampton,B1,2,Craig_Bampton,full-grid,610,9,6,31,0.99670239749487266,0.99364758970081102,-0.077975231027525502,1,0,-1,STABLE,2.235706332558054e-16,1.4026504555622364e-16,1
B1_D2_Craig_Bampton,B1,2,Craig_Bampton,full-grid,611,9,7,32,0.99705236546816367,0.99401231807162815,-0.07780058487909372,1,0,-1,STABLE,3.3450722438908328e-16,1.4026504555622364e-16,1
B1_D2_Craig_Bampton,B1,2,Craig_Bampton,full-grid,612,9,8,33,0.99738272829437502,0.99435954170708407,-0.077597735250512612,1,0,-1,STABLE,2.0424156321864408e-16,1.4026504555622364e-16,1
B1_D2_Craig_Bampton,B1,2,Craig_Bampton,full-grid,613,9,9,34,0.99769149173878158,0.99468706117991168,-0.077369005481691608,1,0,-1,STABLE,3.1214048081383643e-16,1.4026504555622364e-16,1
B1_D2_Craig_Bampton,B1,2,Craig_Bampton,full-grid,614,9,10,35,0.99797704614133154,0.99499305222247902,-0.077116863616025058,1,0,-1,STABLE,1.8742804831563334e-16,1.4026504555622364e-16,1
B1_D2_Craig_Bampton,B1,2,Craig_Bampton,full-grid,615,9,11,36,0.99823815598813215,0.99527606103420063,-0.07684385728757101,1,0,-1,STABLE,1.8991096306294259e-16,1.4026504555622364e-16,1
B1_D2_Craig_Bampton,B1,2,Craig_Bampton,full-grid,616,9,12,37,0.9984739393625347,0.99553498877954727,-0.076552555162094069,1,0,-1,STABLE,2.64294987949421e-16,1.4026504555622364e-16,1
B1_D2_Craig_Bampton,B1,2,Craig_Bampton,full-grid,617,9,13,38,0.99868383983830333,0.99576906773008456,-0.076245496300674523,1,0,-1,STABLE,2.2624012044360487e-16,1.4026504555622367e-16,1
B1_D2_Craig_Bampton,B1,2,Craig_Bampton,full-grid,618,9,14,39,0.99886759327830721,0.99597783147276209,-0.075925148115840349,1,0,-1,STABLE,2.4322637830548272e-16,1.4026504555622367e-16,1
B1_D2_Craig_Bampton,B1,2,Craig_Bampton,full-grid,619,9,15,40,0.99902519176328053,0.99616108142303783,-0.075593873003989634,1,0,-1,STABLE,1.4150867450431984e-16,1.4026504555622367e-16,1
B1_D2_Craig_Bampton,B1,2,Craig_Bampton,full-grid,620,9,16,41,0.99915684654842651,0.99631885159618605,-0.075253903278520745,1,0,-1,STABLE,2.2656043971198624e-16,1.4026504555622367e-16,1
B1_D2_Craig_Bampton,B1,2,Craig_Bampton,full-grid,621,9,17,42,0.9992629515775312,0.99645137324979882,-0.074907323700885958,1,0,-1,STABLE,2.1269358888208673e-16,1.4026504555622367e-16,1
B1_D2_Craig_Bampton,B1,2,Craig_Bampton,full-grid,622,9,18,43,0.99934404871211191,0.99655904065387002,-0.074556060701690297,1,0,-1,STABLE,2.8901760421655733e-16,1.4026504555622364e-16,1
B1_D2_Craig_Bampton,B1,2,Craig_Bampton,full-grid,623,9,19,44,0.99940079548432681,0.99664237890174601,-0.074201877279311185,1,0,-1,STABLE,2.4504334176360685e-16,1.4026504555622364e-16,1
B1_D2_Craig_Bampton,B1,2,Craig_Bampton,full-grid,624,9,20,45,0.99943393587555129,0.99670201436589534,-0.073846372549110223,1,0,-1,STABLE,1.3816034360094589e-16,1.4026504555622364e-16,1
B1_D2_Craig_Bampton,B1,2,Craig_Bampton,full-grid,625,9,21,46,0.99944427436666416,0.996738648139188,-0.073490984957148314,1,0,-1,STABLE,4.1962179392246203e-16,1.4026504555622367e-16,1
B1_D2_Craig_Bampton,B1,2,Craig_Bampton,full-grid,626,9,22,47,0.99943265330386144,0.9967530325890972,-0.073136998259667824,1,0,-1,STABLE,1.3078467295261836e-16,1.4026504555622364e-16,1
B1_D2_Craig_Bampton,B1,2,Craig_Bampton,full-grid,627,9,23,48,0.99939993347321943,0.99674595098912078,-0.072785549479745595,1,0,-1,STABLE,4.7988406824130874e-16,1.4026504555622364e-16,1
B1_D2_Craig_Bampton,B1,2,Craig_Bampton,full-grid,628,9,24,49,0.99934697767228431,0.99671820007420031,-0.072437638169501203,1,0,-1,STABLE,2.8505338222499757e-16,1.4026504555622364e-16,1
B1_D2_Craig_Bampton,B1,2,Craig_Bampton,full-grid,629,9,25,50,0.99927463700001862,0.99667057528763769,-0.072094136428202879,1,0,-1,STABLE,1.9052275895870837e-16,1.4026504555622364e-16,1
B1_D2_Craig_Bampton,B1,2,Craig_Bampton,full-grid,630,9,26,51,0.99918373955070194,0.99660385844049282,-0.071755799236347242,1,0,-1,STABLE,1.6390505698328638e-16,1.4026504555622364e-16,1
B1_D2_Craig_Bampton,B1,2,Craig_Bampton,full-grid,631,9,27,52,0.9990750811835214,0.99651880748106003,-0.0714232747666039,1,0,-1,STABLE,3.7053911863411482e-16,1.4026504555622364e-16,1
B1_D2_Craig_Bampton,B1,2,Craig_Bampton,full-grid,632,9,28,53,0.99894941804339543,0.99641614806803513,-0.071097114417519203,1,0,-1,STABLE,3.5805480372767834e-16,1.4026504555622364e-16,1
B1_D2_Craig_Bampton,B1,2,Craig_Bampton,full-grid,633,9,29,54,0.99880746052156988,0.99629656664762134,-0.070777782387620572,1,0,-1,STABLE,1.2607936860352609e-16,1.4026504555622367e-16,1
B1_D2_Craig_Bampton,B1,2,Craig_Bampton,full-grid,634,9,30,55,0.9986498683644186,0.99616070474969454,-0.07046566466629417,1,0,-1,STABLE,3.0589301978445157e-16,1.4026504555622367e-16,1
B1_D2_Craig_Bampton,B1,2,Craig_Bampton,full-grid,635,9,31,56,0.99848414042696831,0.99823502680968001,-0.022302688951322022,1,0,-1,STABLE,3.0395359829865775e-16,1.4026504555622367e-16,1
B1_D2_Craig_Bampton,B1,2,Craig_Bampton,full-grid,636,9,32,57,0.99857786004246885,0.99832950569252366,-0.022269724531699918,1,0,-1,STABLE,2.9302145878468129e-16,1.4026504555622367e-16,1
B1_D2_Craig_Bampton,B1,2,Craig_Bampton,full-grid,637,9,33,58,0.99867078431385481,0.99842322948194129,-0.02223488864151656,1,0,-1,STABLE,2.9451752101173147e-16,1.4026504555622367e-16,1
B1_D2_Craig_Bampton,B1,2,Craig_Bampton,full-grid,638,9,34,59,0.9987628608047745,0.99851614493541452,-0.022198207726202249,1,0,-1,STABLE,2.2320875081584356e-16,1.4026504555622364e-16,1
B1_D2_Craig_Bampton,B1,2,Craig_Bampton,full-grid,639,9,35,60,0.9988540381382246,0.99860819981204307,-0.022159710584487492,1,0,-1,STABLE,3.5084055945652892e-16,1.4026504555622364e-16,1
B1_D2_Craig_Bampton,B1,2,Craig_Bampton,full-grid,640,9,36,61,0.99894426615081555,0.99869934302865537,-0.022119428331750016,1,0,-1,STABLE,3.028427783215054e-16,1.4026504555622364e-16,1
B1_D2_Craig_Bampton,B1,2,Craig_Bampton,full-grid,641,9,37,62,0.99903349604571989,0.99878952481495276,-0.022077394349295891,1,0,-1,STABLE,3.1254090578204513e-16,1.4026504555622367e-16,1
B1_D2_Craig_Bampton,B1,2,Craig_Bampton,full-grid,642,9,38,63,0.99912168054239292,0.9988786968657859,-0.022033644218898672,1,0,-1,STABLE,1.6351932919733823e-16,1.4026504555622364e-16,1
B1_D2_Craig_Bampton,B1,2,Craig_Bampton,full-grid,643,9,39,64,0.9992087740217096,0.99896681248917485,-0.021988215643519621,1,0,-1,STABLE,2.7726335016198507e-16,1.4026504555622364e-16,1
B1_D2_Craig_Bampton,B1,2,Craig_Bampton,full-grid,644,9,40,65,0.99929473266466062,0.99905382674820786,-0.021941148354119647,1,0,-1,STABLE,2.6402366407017639e-16,1.4026504555622364e-16,1
B1_D2_Craig_Bampton,B1,2,Craig_Bampton,full-grid,645,9,41,66,0.99937951458334973,0.99913969659552693,-0.021892484003657418,1,0,-1,STABLE,1.7005069740054389e-16,1.4026504555622364e-16,1
B1_D2_Craig_Bampton,B1,2,Craig_Bampton,full-grid,646,9,42,67,0.99946307994265104,0.99922438099873601,-0.021842266048711687,1,0,-1,STABLE,1.5471146953195419e-16,1.4026504555622364e-16,1
B1_D2_Craig_Bampton,B1,2,Craig_Bampton,full-grid,647,9,43,68,0.99954539107133678,0.99930784105550474,-0.021790539620154131,1,0,-1,STABLE,3.5471955610429759e-16,1.4026504555622364e-16,1
B1_D2_Craig_Bampton,B1,2,Craig_Bampton,full-grid,648,9,44,69,0.99962641256158036,0.99939004009723231,-0.02173735138389787,1,0,-1,STABLE,1.8647212429300396e-16,1.4026504555622364e-16,1
B1_D2_Craig_Bampton,B1,2,Craig_Bampton,full-grid,649,9,45,70,0.99970611135579335,0.99947094378019918,-0.021682749393000272,1,0,-1,STABLE,1.3926363079726267e-16,1.4026504555622367e-16,1
B1_D2_Craig_Bampton,B1,2,Craig_Bampton,full-grid,650,9,46,71,0.99978445682005002,0.99955052016341051,-0.021626782932697892,1,0,-1,STABLE,1.4474630393587277e-16,1.4026504555622367e-16,1
B1_D2_Craig_Bampton,B1,2,Craig_Bampton,full-grid,651,9,47,72,0.9998614208035792,0.99962873977257072,-0.021569502359906869,1,0,-1,STABLE,1.3198221361607434e-16,1.4026504555622367e-16,1
B1_D2_Craig_Bampton,B1,2,Craig_Bampton,full-grid,652,9,48,73,0.99993697768390233,0.99970557564973128,-0.021510958938558058,1,0,-1,STABLE,1.922899102505372e-16,1.4026504555622367e-16,1
B1_D2_Craig_Bampton,B1,2,Craig_Bampton,full-grid,653,9,49,74,1.0000111043974687,0.99978100338841092,-0.021451204672628382,0,0,1,UNSTABLE,1.7264831925689383e-16,1.4026504555622367e-16,1
B1_D2_Craig_Bampton,B1,2,Craig_Bampton,full-grid,654,9,50,75,1.0000837804558396,0.99985500115421089,-0.021390292138185208,0,0,1,UNSTABLE,2.1935643058212386e-16,1.4026504555622364e-16,1
B1_D2_Craig_Bampton,B1,2,Craig_Bampton,full-grid,655,9,51,76,1.0001549879477163,0.9999275496911697,-0.021328274316264474,0,0,1,UNSTABLE,4.437199012508821e-16,1.4026504555622364e-16,1
B1_D2_Craig_Bampton,B1,2,Craig_Bampton,full-grid,656,9,52,77,1.0002247115270688,0.99999863231409269,-0.021265204427705679,0,0,1,UNSTABLE,2.8036541432929408e-16,1.4026504555622364e-16,1
B1_D2_Craig_Bampton,B1,2,Craig_Bampton,full-grid,657,9,53,78,1.0002929383880974,1.0000682348875456,-0.021201135771535606,0,0,1,UNSTABLE,5.9259270192356478e-16,1.4026504555622367e-16,1
B1_D2_Craig_Bampton,B1,2,Craig_Bampton,full-grid,658,9,54,79,1.0003596582276915,1.0001363457921484,-0.021136121568339737,0,0,1,UNSTABLE,1.9087256441561198e-16,1.4026504555622364e-16,1
B1_D2_Craig_Bampton,B1,2,Craig_Bampton,full-grid,659,9,55,80,1.0004248631962001,1.000202955878974,-0.02107021480904012,0,0,1,UNSTABLE,1.7654050125269903e-16,1.4026504555622364e-16,1
B1_D2_Craig_Bampton,B1,2,Craig_Bampton,full-grid,660,9,56,81,1.0004885478374921,1.0002680584129804,-0.021003468111250933,0,0,1,UNSTABLE,2.6574848349995334e-16,1.4026504555622364e-16,1
B1_D2_Craig_Bampton,B1,2,Craig_Bampton,full-grid,661,9,57,82,1.0005507090192627,1.0003316490064513,-0.020935933582792689,0,0,1,UNSTABLE,1.7452681281397978e-16,1.4026504555622364e-16,1
B1_D2_Craig_Bampton,B1,2,Craig_Bampton,full-grid,662,9,58,83,1.0006113458547434,1.0003937255435613,-0.020867662694096414,0,0,1,UNSTABLE,2.2900942613094127e-16,1.4026504555622364e-16,1
B1_D2_Craig_Bampton,B1,2,Craig_Bampton,full-grid,663,9,59,84,1.000670459616892,1.0004542880971499,-0.020798706159443497,0,0,1,UNSTABLE,2.3393347920388034e-16,1.4026504555622364e-16,1
B1_D2_Craig_Bampton,B1,2,Craig_Bampton,full-grid,664,9,60,85,1.0007280536460896,1.0005133388387197,-0.020729113827854341,0,0,1,UNSTABLE,2.8292440618760546e-16,1.4026504555622364e-16,1
B1_D2_Craig_Bampton,B1,2,Craig_Bampton,full-grid,665,9,61,86,1.0007841332526046,1.0005708819429242,-0.020658934583513082,0,0,1,UNSTABLE,1.9906186660820703e-16,1.4026504555622367e-16,1
B1_D2_Craig_Bampton,B1,2,Craig_Bampton,full-grid,666,9,62,87,1.0008387056147976,1.000626923487514,-0.020588216256300685,0,0,1,UNSTABLE,1.9682419713094444e-16,1.4026504555622367e-16,1
B1_D2_Craig_Bampton,B1,2,Craig_Bampton,full-grid,667,9,63,88,1.000891779674159,1.0006814713498451,-0.020517005542102836,0,0,1,UNSTABLE,2.2448480956245812e-16,1.4026504555622367e-16,1
B1_D2_Craig_Bampton,B1,2,Craig_Bampton,full-grid,668,9,64,89,1.000943366028161,1.0007345351009325,-0.020445347933105186,0,0,1,UNSTABLE,2.6539572009935271e-16,1.4026504555622367e-16,1
B1_D2_Craig_Bampton,B1,2,Craig_Bampton,full-grid,669,9,65,90,1.0009934768218898,1.0007861258980362,-0.020373287657496589,0,0,1,UNSTABLE,4.1666396254412294e-16,1.4026504555622367e-16,1
B1_D2_Craig_Bampton,B1,2,Craig_Bampton,full-grid,670,9,66,91,1.0010421256393411,1.0008362563766575,-0.020300867628952144,0,0,1,UNSTABLE,1.5997819433093336e-16,1.4026504555622364e-16,1
B1_D2_Craig_Bampton,B1,2,Craig_Bampton,full-grid,671,10,0,26,0.99616594947141712,0.98671910515916306,-0.13686492026881991,1,0,-1,STABLE,1.720818260459676e-16,1.2665150531458276e-16,1
B1_D2_Craig_Bampton,B1,2,Craig_Bampton,full-grid,672,10,1,27,0.99629242403241358,0.98682623106490774,-0.13701307918082864,1,0,-1,STABLE,1.173543711565294e-16,1.4026504555622367e-16,1
B1_D2_Craig_Bampton,B1,2,Craig_Bampton,full-grid,673,10,2,28,0.99643888083453969,0.98695609677580509,-0.13714264936866782,1,0,-1,STABLE,2.8370133904304665e-16,1.4026504555622364e-16,1
B1_D2_Craig_Bampton,B1,2,Craig_Bampton,full-grid,674,10,3,29,0.99660106792769876,0.98710495403520904,-0.13724976617021156,1,0,-1,STABLE,2.070715260321479e-16,1.4026504555622367e-16,1
B1_D2_Craig_Bampton,B1,2,Craig_Bampton,full-grid,675,10,4,30,0.99677413074724408,0.98726831641153467,-0.13733149360892441,1,0,-1,STABLE,1.9619674829188025e-16,1.4026504555622364e-16,1
B1_D2_Craig_Bampton,B1,2,Craig_Bampton,full-grid,676,10,5,31,0.99700588204370755,0.99394107307045698,-0.07811448068892192,1,0,-1,STABLE,1.643589769573683e-16,1.4026504555622364e-16,1
B1_D2_Craig_Bampton,B1,2,Craig_Bampton,full-grid,677,10,6,32,0.9973645689383499,0.99431289870201067,-0.077961162436085016,1,0,-1,STABLE,2.5726831977289715e-16,1.4026504555622364e-16,1
B1_D2_Craig_Bampton,B1,2,Craig_Bampton,full-grid,678,10,7,33,0.99770524518842274,0.99466890979992206,-0.077778635587961789,1,0,-1,STABLE,2.6486379001383025e-16,1.4026504555622364e-16,1
B1_D2_Craig_Bampton,B1,2,Craig_Bampton,full-grid,679,10,8,34,0.99802572535855916,0.99500672741128104,-0.077569071695945624,1,0,-1,STABLE,2.4602159222402146e-16,1.4026504555622364e-16,1
B1_D2_Craig_Bampton,B1,2,Craig_Bampton,full-grid,680,10,9,35,0.99832419912347348,0.9953243350634583,-0.077334821303276027,1,0,-1,STABLE,2.4117226104177126e-16,1.4026504555622364e-16,1
B1_D2_Craig_Bampton,B1,2,Craig_Bampton,full-grid,681,10,10,36,0.99859922739312701,0.99562008070190444,-0.077078348797074925,1,0,-1,STABLE,1.6008897490253477e-16,1.4026504555622364e-16,1
B1_D2_Craig_Bampton,B1,2,Craig_Bampton,full-grid,682,10,11,37,0.99884972769404656,0.99589266731137371,-0.076802172559821719,1,0,-1,STABLE,1.342771930906438e-16,1.4026504555622364e-16,1
B1_D2_Craig_Bampton,B1,2,Craig_Bampton,full-grid,683,10,12,38,0.9990749511709186,0.99614113445039165,-0.076508811996135739,1,0,-1,STABLE,3.6022947858797456e-16,1.4026504555622364e-16,1
B1_D2_Craig_Bampton,B1,2,Craig_Bampton,full-grid,684,10,13,39,0.9992744535403697,0.99636483296217215,-0.076200742349845044,1,0,-1,STABLE,2.4021251678257149e-16,1.4026504555622367e-16,1
B1_D2_Craig_Bampton,B1,2,Craig_Bampton,full-grid,685,10,14,40,0.99944806216122328,0.99656339501301106,-0.075880357655757485,1,0,-1,STABLE,1.8798655038690709e-16,1.4026504555622364e-16,1
B1_D2_Craig_Bampton,B1,2,Craig_Bampton,full-grid,686,10,15,41,0.99959584112915278,0.99673670139605464,-0.075549941712823296,1,0,-1,STABLE,2.5502163140044066e-16,1.4026504555622367e-16,1
B1_D2_Craig_Bampton,B1,2,Craig_Bampton,full-grid,687,10,16,42,0.99971805599429842,0.9968848477610246,-0.075211646608074723,1,0,-1,STABLE,1.1919306208921139e-16,1.4026504555622367e-16,1
B1_D2_Craig_Bampton,B1,2,Craig_Bampton,full-grid,688,10,17,43,0.99981513937381605,0.99700811112388887,-0.074867478081329333,1,0,-1,STABLE,1.0503838637852348e-16,1.4026504555622367e-16,1
B1_D2_Craig_Bampton,B1,2,Craig_Bampton,full-grid,689,10,18,44,0.99988765840968796,0.99710691769970072,-0.074519286868645215,1,0,-1,STABLE,1.6725047004509708e-16,1.4026504555622364e-16,1
B1_D2_Craig_Bampton,B1,2,Craig_Bampton,full-grid,690,10,19,45,0.99993628472665619,0.99718181280892604,-0.074168765097258782,1,0,-1,STABLE,3.2746164945713763e-16,1.4026504555622367e-16,1
B1_D2_Craig_Bampton,B1,2,Craig_Bampton,full-grid,691,10,20,46,0.99996176728578923,0.99723343334484915,-0.073817446803335116,1,0,-1,STABLE,2.973159192405757e-16,1.4026504555622364e-16,1
B1_D2_Craig_Bampton,B1,2,Craig_Bampton,full-grid,692,10,21,47,0.99996490831495355,0.9972624830677721,-0.073466711691996103,1,0,-1,STABLE,1.5921485267930359e-16,1.4026504555622364e-16,1
B1_D2_Craig_Bampton,B1,2,Craig_Bampton,full-grid,693,10,22,48,0.99994654232665114,0.99726971081097315,-0.073117791337150823,1,0,-1,STABLE,1.5748073787090718e-16,1.4026504555622364e-16,1
B1_D2_Craig_Bampton,B1,2,Craig_Bampton,full-grid,694,10,23,49,0.99990751810718792,0.99725589154548633,-0.072771777119247288,1,0,-1,STABLE,1.9095590658869708e-16,1.4026504555622364e-16,1
B1_D2_Craig_Bampton,B1,2,Craig_Bampton,full-grid,695,10,24,50,0.99984868347214051,0.99722181015043487,-0.072429629305018853,1,0,-1,STABLE,2.3962313774313897e-16,1.4026504555622364e-16,1
B1_D2_Craig_Bampton,B1,2,Craig_Bampton,full-grid,696,10,25,51,0.99977087252649388,0.99716824766836654,-0.072092186777667003,1,0,-1,STABLE,2.4099748636051343e-16,1.4026504555622364e-16,1
B1_D2_Craig_Bampton,B1,2,Craig_Bampton,full-grid,697,10,26,52,0.99967489513732732,0.99709596978475212,-0.071760177026197275,1,0,-1,STABLE,3.6217104653364971e-16,1.4026504555622364e-16,1
B1_D2_Craig_Bampton,B1,2,Craig_Bampton,full-grid,698,10,27,53,0.99956152831569367,0.99700571725120024,-0.071434226091033809,1,0,-1,STABLE,1.7818623650505266e-16,1.4026504555622364e-16,1
B1_D2_Craig_Bampton,B1,2,Craig_Bampton,full-grid,699,10,28,54,0.99943150920710422,0.99689819796776291,-0.071114868238765699,1,0,-1,STABLE,3.140683974523163e-16,1.4026504555622364e-16,1
B1_D2_Craig_Bampton,B1,2,Craig_Bampton,full-grid,700,10,29,55,0.99928552940237891,0.99677408044627458,-0.070802555204432641,1,0,-1,STABLE,1.827528413186955e-16,1.4026504555622367e-16,1
B1_D2_Craig_Bampton,B1,2,Craig_Bampton,full-grid,701,10,30,56,0.99912423029719266,0.99663398838888206,-0.070497664890598388,1,0,-1,STABLE,1.4729979643469569e-16,1.4026504555622364e-16,1
B1_D2_Craig_Bampton,B1,2,Craig_Bampton,full-grid,702,10,31,57,0.99894819924870182,0.99647849613255546,-0.070200509454166449,1,0,-1,STABLE,3.1214382023268028e-16,1.4026504555622367e-16,1
B1_D2_Craig_Bampton,B1,2,Craig_Bampton,full-grid,703,10,32,58,0.99875796629579638,0.99630812472616803,-0.069911342741656501,1,0,-1,STABLE,1.6949935965751605e-16,1.4026504555622367e-16,1
B1_D2_Craig_Bampton,B1,2,Craig_Bampton,full-grid,704,10,33,59,0.99867586685810705,0.99842837058823086,-0.022232315428717481,1,0,-1,STABLE,3.3283595953321975e-16,1.4026504555622367e-16,1
B1_D2_Craig_Bampton,B1,2,Craig_Bampton,full-grid,705,10,34,60,0.99876782470955461,0.99852116912539557,-0.022195550984574122,1,0,-1,STABLE,2.4611107033821142e-16,1.4026504555622364e-16,1
B1_D2_Craig_Bampton,B1,2,Craig_Bampton,full-grid,706,10,35,61,0.99885888143873947,0.99861310498137312,-0.022156976068743971,1,0,-1,STABLE,1.9513829773071777e-16,1.4026504555622367e-16,1
B1_D2_Craig_Bampton,B1,2,Craig_Bampton,full-grid,707,10,36,62,0.99894898723010683,0.99870412742046488,-0.022116621834800978,1,0,-1,STABLE,1.1106523276005139e-16,1.4026504555622364e-16,1
B1_D2_Craig_Bampton,B1,2,Craig_Bampton,full-grid,708,10,37,63,0.99903809363195861,0.99879418701777078,-0.02207452167745803,1,0,-1,STABLE,2.2519753650946956e-16,1.4026504555622364e-16,1
B1_D2_Craig_Bampton,B1,2,Craig_Bampton,full-grid,709,10,38,64,0.99912615370423408,0.99888323580950167,-0.02203071116773915,1,0,-1,STABLE,4.5179446975069114e-16,1.4026504555622364e-16,1
B1_D2_Craig_Bampton,B1,2,Craig_Bampton,full-grid,710,10,39,65,0.99921312216160396,0.99897122743893829,-0.021985227974294953,1,0,-1,STABLE,2.2559154426427134e-16,1.4026504555622364e-16,1
B1_D2_Craig_Bampton,B1,2,Craig_Bampton,full-grid,711,10,40,66,0.99929895551035075,0.99905811729648497,-0.02193811177109397,1,0,-1,STABLE,3.630793767551736e-16,1.4026504555622364e-16,1
B1_D2_Craig_Bampton,B1,2,Craig_Bampton,full-grid,712,10,41,67,0.99938361217755389,0.99914386265231292,-0.021889404132402746,1,0,-1,STABLE,2.3864663104483809e-16,1.4026504555622364e-16,1
B1_D2_Craig_Bampton,B1,2,Craig_Bampton,full-grid,713,10,42,68,0.99946705263118074,0.999228422780162,-0.021839148415839355,1,0,-1,STABLE,1.5347946974233437e-16,1.4026504555622364e-16,1
B1_D2_Craig_Bampton,B1,2,Craig_Bampton,full-grid,714,10,43,69,0.99954923948969432,0.9993117590708902,-0.021787389634126766,1,0,-1,STABLE,2.8535687212893022e-16,1.4026504555622364e-16,1
B1_D2_Craig_Bampton,B1,2,Craig_Bampton,full-grid,715,10,44,70,0.99963013762033381,0.99939383513487012,-0.021734174317502093,1,0,-1,STABLE,1.8319656424012384e-16,1.4026504555622364e-16,1
B1_D2_Craig_Bampton,B1,2,Craig_Bampton,full-grid,716,10,45,71,0.99970971422475319,0.99947461689189898,-0.021679550367326463,1,0,-1,STABLE,1.6349370034916704e-16,1.4026504555622367e-16,1
B1_D2_Craig_Bampton,B1,2,Craig_Bampton,full-grid,717,10,46,72,0.99978793891159146,0.999554072648141,-0.021623566902869807,1,0,-1,STABLE,1.9009901729893412e-16,1.4026504555622364e-16,1
B1_D2_Craig_Bampton,B1,2,Craig_Bampton,full-grid,718,10,47,73,0.99986478375524435,0.99963217315933761,-0.021566274102441468,1,0,-1,STABLE,1.5529292118335547e-16,1.4026504555622367e-16,1
B1_D2_Craig_Bampton,B1,2,Craig_Bampton,full-grid,719,10,48,74,0.99994022334036403,0.99970889167976795,-0.021507723040504124,1,0,-1,STABLE,3.0789134183789846e-16,1.4026504555622367e-16,1
B1_D2_Craig_Bampton,B1,2,Craig_Bampton,full-grid,720,10,49,75,1.0000142347922722,0.999784203997101,-0.021447965522554586,0,0,1,UNSTABLE,2.8771239343289592e-16,1.4026504555622367e-16,1
B1_D2_Craig_Bampton,B1,2,Craig_Bampton,full-grid,721,10,50,76,1.0000867977929007,0.99985808845272306,-0.021387053918781634,0,0,1,UNSTABLE,2.0281538245517254e-16,1.4026504555622364e-16,1
B1_D2_Craig_Bampton,B1,2,Craig_Bampton,full-grid,722,10,51,77,1.0001578945828378,0.99993052594806842,-0.021325040998652935,0,0,1,UNSTABLE,2.7111519578514585e-16,1.4026504555622367e-16,1
B1_D2_Craig_Bampton,B1,2,Craig_Bampton,full-grid,723,10,52,78,1.0002275099496691,1.0000014999371156,-0.02126197976751908,0,0,1,UNSTABLE,2.5920122354467211e-16,1.4026504555622364e-16,1
B1_D2_Craig_Bampton,B1,2,Craig_Bampton,full-grid,724,10,53,79,1.0002956312032352,1.0000709964056387,-0.021197923306590104,0,0,1,UNSTABLE,5.119528589544931e-16,1.4026504555622364e-16,1
B1_D2_Craig_Bampton,B1,2,Craig_Bampton,full-grid,725,10,54,80,1.0003622481386008,1.0001390038379792,-0.021132924617531995,0,0,1,UNSTABLE,3.2888450698329518e-16,1.4026504555622364e-16,1
B1_D2_Craig_Bampton,B1,2,Craig_Bampton,full-grid,726,10,55,81,1.0004273529873249,1.000205513171903,-0.021067036473024024,0,0,1,UNSTABLE,1.3900105089081479e-16,1.4026504555622364e-16,1
B1_D2_Craig_Bampton,B1,2,Craig_Bampton,full-grid,727,10,56,82,1.0004909403582773,1.0002705177427669,-0.021000311274051459,0,0,1,UNSTABLE,2.8237446523670824e-16,1.4026504555622364e-16,1
B1_D2_Craig_Bampton,B1,2,Craig_Bampton,full-grid,728,10,57,83,1.0005530071687243,1.0003340132177032,-0.02093280091486233,0,0,1,UNSTABLE,3.0970135508423588e-16,1.4026504555622364e-16,1
B1_D2_Craig_Bampton,B1,2,Craig_Bampton,full-grid,729,10,58,84,1.0006135525668656,1.0003959975209915,-0.020864556656296652,0,0,1,UNSTABLE,2.2960991456431263e-16,1.4026504555622364e-16,1
B1_D2_Craig_Bampton,B1,2,Craig_Bampton,full-grid,730,10,59,85,1.0006725778469407,1.0004564707517289,-0.02079562900795686,0,0,1,UNSTABLE,5.5776255058825875e-16,1.4026504555622364e-16,1
B1_D2_Craig_Bampton,B1,2,Craig_Bampton,full-grid,731,10,60,86,1.0007300863578228,1.0005154350947065,-0.020726067619925903,0,0,1,UNSTABLE,3.9347500385821761e-16,1.4026504555622364e-16,1
B1_D2_Craig_Bampton,B1,2,Craig_Bampton,full-grid,732,10,61,87,1.0007860834065239,1.0005728947259238,-0.020655921183889463,0,0,1,UNSTABLE,3.1141985428550232e-16,1.4026504555622367e-16,1
B1_D2_Craig_Bampton,B1,2,Craig_Bampton,full-grid,733,10,62,88,1.0008405761573551,1.0006288557134779,-0.020585237344331441,0,0,1,UNSTABLE,1.7377759276181862e-16,1.4026504555622364e-16,1
B1_D2_Craig_Bampton,B1,2,Craig_Bampton,full-grid,734,10,63,89,1.0008935735278768,1.0006833259149777,-0.020514062619142692,0,0,1,UNSTABLE,3.2492024180718367e-16,1.4026504555622367e-16,1
B1_D2_Craig_Bampton,B1,2,Craig_Bampton,full-grid,735,10,64,90,1.0009450860828277,1.0007363148726685,-0.020442442330372873,0,0,1,UNSTABLE,2.2733838326935835e-16,1.4026504555622367e-16,1
B1_D2_Craig_Bampton,B1,2,Craig_Bampton,full-grid,736,10,65,91,1.0009951259266061,1.0007878337068603,-0.020370420544301542,0,0,1,UNSTABLE,1.8317063780760816e-16,1.4026504555622367e-16,1
B1_D2_Craig_Bampton,B1,2,Craig_Bampton,full-grid,737,10,66,92,1.0010437065955293,1.0008378950088903,-0.020298040020882663,0,0,1,UNSTABLE,3.1514539252872745e-16,1.4026504555622364e-16,1
B1_D2_Craig_Bampton,B1,2,Craig_Bampton,full-grid,738,11,0,27,0.99664724369325952,0.98759061247739233,-0.13405413275203565,1,0,-1,STABLE,3.2986010976151737e-16,1.2665150531458271e-16,1
B1_D2_Craig_Bampton,B1,2,Craig_Bampton,full-grid,739,11,1,28,0.99677663856494381,0.98769923144203042,-0.13421585374929063,1,0,-1,STABLE,1.5960904680935681e-16,1.4026504555622364e-16,1
B1_D2_Craig_Bampton,B1,2,Craig_Bampton,full-grid,740,11,2,29,0.99692774173037646,0.98783229334498424,-0.13435878258013986,1,0,-1,STABLE,3.0636299381301541e-16,1.4026504555622364e-16,1
B1_D2_Craig_Bampton,B1,2,Craig_Bampton,full-grid,741,11,3,30,0.99709623142410597,0.98798600378468082,-0.13447881262760766,1,0,-1,STABLE,1.2205924666363171e-16,1.4026504555622364e-16,1
B1_D2_Craig_Bampton,B1,2,Craig_Bampton,full-grid,742,11,4,31,0.99733812828338819,0.99426659484421132,-0.078213045617142082,1,0,-1,STABLE,2.6230905519731668e-16,1.4026504555622364e-16,1
B1_D2_Craig_Bampton,B1,2,Craig_Bampton,full-grid,743,11,5,32,0.99770345385267867,0.99464344620303491,-0.078080706675300496,1,0,-1,STABLE,1.9796935761785952e-16,1.4026504555622364e-16,1
B1_D2_Craig_Bampton,B1,2,Craig_Bampton,full-grid,744,11,6,33,0.99805239868144924,0.99500618754929437,-0.077918401243946805,1,0,-1,STABLE,1.8727247989427951e-16,1.4026504555622364e-16,1
B1_D2_Craig_Bampton,B1,2,Craig_Bampton,full-grid,745,11,7,34,0.99838262121827293,0.99535229699936312,-0.077728136532153214,1,0,-1,STABLE,1.7923358531007667e-16,1.4026504555622364e-16,1
B1_D2_Craig_Bampton,B1,2,Craig_Bampton,full-grid,746,11,8,35,0.99869214085381874,0.99567959825479169,-0.07751212693740428,1,0,-1,STABLE,3.1269498826110947e-16,1.4026504555622364e-16,1
B1_D2_Craig_Bampton,B1,2,Craig_Bampton,full-grid,747,11,9,36,0.99897933967720798,0.99598626811544144,-0.077272730166511441,1,0,-1,STABLE,2.1668492454682574e-16,1.4026504555622364e-16,1
B1_D2_Craig_Bampton,B1,2,Craig_Bampton,full-grid,748,11,10,37,0.99924295328818036,0.99627083258355709,-0.077012387570770904,1,0,-1,STABLE,1.790789727729588e-16,1.4026504555622364e-16,1
B1_D2_Craig_Bampton,B1,2,Craig_Bampton,full-grid,749,11,11,38,0.99948205282627789,0.99653215357317659,-0.076733570336831008,1,0,-1,STABLE,1.3600739590681922e-16,1.4026504555622364e-16,1
B1_D2_Craig_Bampton,B1,2,Craig_Bampton,full-grid,750,11,12,39,0.9996960203697417,0.99676940829176464,-0.076438732569192785,1,0,-1,STABLE,1.8452572342080388e-16,1.4026504555622364e-16,1
B1_D2_Craig_Bampton,B1,2,Craig_Bampton,full-grid,751,11,13,40,0.99988451973005388,0.9969820632862284,-0.076130271780254624,1,0,-1,STABLE,2.3893566814330841e-16,1.4026504555622367e-16,1
B1_D2_Craig_Bampton,B1,2,Craig_Bampton,full-grid,752,11,14,41,1.000047464464813,0.99716984498480965,-0.075810496868652197,0,0,1,UNSTABLE,2.7780806945996715e-16,1.4026504555622367e-16,1
B1_D2_Craig_Bampton,B1,2,Craig_Bampton,full-grid,753,11,15,42,1.0001849846826198,0.99733270834921273,-0.075481603330856004,0,0,1,UNSTABLE,1.8031299243861165e-16,1.4026504555622367e-16,1
B1_D2_Craig_Bampton,B1,2,Craig_Bampton,full-grid,754,11,16,43,1.0002973939417559,0.99747080500218488,-0.075145655196837205,0,0,1,UNSTABLE,2.4975334632033001e-16,1.4026504555622364e-16,1
B1_D2_Craig_Bampton,B1,2,Craig_Bampton,full-grid,755,11,17,44,1.0003851572689355,0.99758445193438372,-0.074804573007057201,0,0,1,UNSTABLE,2.9734383866296682e-16,1.4026504555622364e-16,1
B1_D2_Craig_Bampton,B1,2,Craig_Bampton,full-grid,756,11,18,45,1.0004488610595084,0.9976741016360402,-0.074460127047888389,0,0,1,UNSTABLE,1.962486339286789e-16,1.4026504555622364e-16,1
B1_D2_Craig_Bampton,B1,2,Craig_Bampton,full-grid,757,11,19,46,1.0004891853786033,0.99774031425802467,-0.074113935017914384,0,0,1,UNSTABLE,2.5480949374316702e-16,1.4026504555622364e-16,1
B1_D2_Craig_Bampton,B1,2,Craig_Bampton,full-grid,758,11,20,47,1.0005068789714147,0.9977837321914359,-0.073767463310391815,0,0,1,UNSTABLE,2.4202008807703442e-16,1.4026504555622364e-16,1
B1_D2_Craig_Bampton,B1,2,Craig_Bampton,full-grid,759,11,21,48,1.0005027371134216,0.99780505727071667,-0.073422031138006674,0,0,1,UNSTABLE,3.5786527122368335e-16,1.4026504555622364e-16,1
B1_D2_Craig_Bampton,B1,2,Craig_Bampton,full-grid,760,11,22,49,1.0004775822913823,0.99780503065623949,-0.073078816798786805,0,0,1,UNSTABLE,2.3280815188239031e-16,1.4026504555622364e-16,1
B1_D2_Craig_Bampton,B1,2,Craig_Bampton,full-grid,761,11,23,50,1.0004322475988474,0.99778441533552087,-0.072738865465681729,0,0,1,UNSTABLE,2.1078026032389317e-16,1.4026504555622364e-16,1
B1_D2_Craig_Bampton,B1,2,Craig_Bampton,full-grid,762,11,24,51,1.0003675626559838,0.99774398109813145,-0.072403097977403144,0,0,1,UNSTABLE,1.6503778130765821e-16,1.4026504555622364e-16,1
B1_D2_Craig_Bampton,B1,2,Craig_Bampton,full-grid,763,11,25,52,1.0002843418141265,0.99768449178092711,-0.072072320195435677,0,0,1,UNSTABLE,1.4309711737644096e-16,1.4026504555622364e-16,1
B1_D2_Craig_Bampton,B1,2,Craig_Bampton,full-grid,764,11,26,53,1.0001833743793043,0.99760669454535644,-0.07174723258119009,0,0,1,UNSTABLE,1.6703854442334294e-16,1.4026504555622364e-16,1
B1_D2_Craig_Bampton,B1,2,Craig_Bampton,full-grid,765,11,27,54,1.0000654165786158,0.99751131093094991,-0.071428439723810827,0,0,1,UNSTABLE,2.1937949041458269e-16,1.4026504555622364e-16,1
B1_D2_Craig_Bampton,B1,2,Craig_Bampton,full-grid,766,11,28,55,0.99993118499522993,0.99739902942476177,-0.071116459617364777,1,0,-1,STABLE,1.9598450664010284e-16,1.4026504555622364e-16,1
B1_D2_Craig_Bampton,B1,2,Craig_Bampton,full-grid,767,11,29,56,0.99978135120731804,0.99727049929106548,-0.070811732542561762,1,0,-1,STABLE,1.9017610173122658e-16,1.4026504555622367e-16,1
B1_D2_Craig_Bampton,B1,2,Craig_Bampton,full-grid,768,11,30,57,0.99961653738082479,0.99712632541613289,-0.070514629456236197,1,0,-1,STABLE,2.5309283947150773e-16,1.4026504555622367e-16,1
B1_D2_Craig_Bampton,B1,2,Craig_Bampton,full-grid,769,11,31,58,0.99943731258184099,0.99696706393577816,-0.070225459828232847,1,0,-1,STABLE,4.5316626500129768e-16,1.4026504555622367e-16,1
B1_D2_Craig_Bampton,B1,2,Craig_Bampton,full-grid,770,11,32,59,0.99924418959020789,0.99679321842699276,-0.069944478893968487,1,0,-1,STABLE,2.8127291371253123e-16,1.4026504555622364e-16,1
B1_D2_Craig_Bampton,B1,2,Craig_Bampton,full-grid,771,11,33,60,0.99903762200944701,0.99660523645686272,-0.069671894312207841,1,0,-1,STABLE,3.1667252459872541e-16,1.4026504555622364e-16,1
B1_D2_Craig_Bampton,B1,2,Craig_Bampton,full-grid,772,11,34,61,0.99881800147821298,0.99640350629114605,-0.069407872231050702,1,0,-1,STABLE,2.4875074660812871e-16,1.4026504555622364e-16,1
B1_D2_Craig_Bampton,B1,2,Craig_Bampton,full-grid,773,11,35,62,0.99886373800628225,0.99861802352990292,-0.022154236279162669,1,0,-1,STABLE,3.4085558421052333e-16,1.4026504555622364e-16,1
B1_D2_Craig_Bampton,B1,2,Craig_Bampton,full-grid,774,11,36,63,0.9989537212350702,0.99870892485383123,-0.022113809863943099,1,0,-1,STABLE,2.837921464361396e-16,1.4026504555622364e-16,1
B1_D2_Craig_Bampton,B1,2,Craig_Bampton,full-grid,775,11,37,64,0.99904270380354765,0.99879886192520129,-0.022071643346741793,1,0,-1,STABLE,1.9268298996335382e-16,1.4026504555622364e-16,1
B1_D2_Craig_Bampton,B1,2,Craig_Bampton,full-grid,776,11,38,65,0.99913063911259659,0.99888778712206061,-0.022027772287243053,1,0,-1,STABLE,3.7262133691475187e-16,1.4026504555622364e-16,1
B1_D2_Craig_Bampton,B1,2,Craig_Bampton,full-grid,777,11,39,66,0.99921748221113293,0.99897565442341518,-0.021982234319222922,1,0,-1,STABLE,2.8396005735756847e-16,1.4026504555622364e-16,1
B1_D2_Craig_Bampton,B1,2,Craig_Bampton,full-grid,778,11,40,67,0.99930318993112921,0.99906241954739738,-0.021935069059171575,1,0,-1,STABLE,3.8130460110519937e-16,1.4026504555622364e-16,1
B1_D2_Craig_Bampton,B1,2,Craig_Bampton,full-grid,779,11,41,68,0.99938772101500417,0.99914804008208247,-0.02188631800228142,1,0,-1,STABLE,2.814518989227966e-16,1.4026504555622364e-16,1
B1_D2_Craig_Bampton,B1,2,Craig_Bampton,full-grid,780,11,42,69,0.99947103623406963,0.99923247560761497,-0.02183602440651547,1,0,-1,STABLE,1.1175295120763852e-16,1.4026504555622364e-16,1
B1_D2_Craig_Bampton,B1,2,Craig_Bampton,full-grid,781,11,43,70,0.99955309849681273,0.99931568780838365,-0.021784233166126151,1,0,-1,STABLE,1.929009566287697e-16,1.4026504555622364e-16,1
B1_D2_Craig_Bampton,B1,2,Craig_Bampton,full-grid,782,11,44,71,0.99963387294574557,0.99939764057395331,-0.021730990675216888,1,0,-1,STABLE,2.6751841878902608e-16,1.4026504555622364e-16,1
B1_D2_Craig_Bampton,B1,2,Craig_Bampton,full-grid,783,11,45,72,0.99971332704200688,0.9994783000878904,-0.021676344683070385,1,0,-1,STABLE,2.0041535926984704e-16,1.4026504555622367e-16,1
B1_D2_Craig_Bampton,B1,2,Craig_Bampton,full-grid,784,11,46,73,0.99979143063704068,0.99955763490376948,-0.021620344142569539,1,0,-1,STABLE,2.0442720365580092e-16,1.4026504555622367e-16,1
B1_D2_Craig_Bampton,B1,2,Craig_Bampton,full-grid,785,11,47,74,0.99986815603056478,0.99963561600753148,-0.021563039053080945,1,0,-1,STABLE,2.1552594028103743e-16,1.4026504555622367e-16,1
B1_D2_Craig_Bampton,B1,2,Craig_Bampton,full-grid,786,11,48,75,0.99994347801459937,0.99971221686592915,-0.021504480299299054,1,0,-1,STABLE,1.8665973528752664e-16,1.4026504555622364e-16,1
B1_D2_Craig_Bampton,B1,2,Craig_Bampton,full-grid,787,11,49,76,1.0000173739034732,0.99978741346092737,-0.021444719487730139,0,0,1,UNSTABLE,7.2461647144810987e-16,1.4026504555622364e-16,1
B1_D2_Craig_Bampton,B1,2,Craig_Bampton,full-grid,788,11,50,77,1.0000898235497135,0.99986118430992832,-0.02138380878246262,0,0,1,UNSTABLE,6.1495646885335062e-16,1.4026504555622364e-16,1
B1_D2_Craig_Bampton,B1,2,Craig_Bampton,full-grid,789,11,51,78,1.000160809345964,0.99993351047193579,-0.021321800741135544,0,0,1,UNSTABLE,3.3373950612077651e-16,1.4026504555622364e-16,1
B1_D2_Craig_Bampton,B1,2,Craig_Bampton,full-grid,790,11,52,79,1.0002303162135917,1.0000043755402763,-0.021258748153264569,0,0,1,UNSTABLE,2.4383911906507839e-16,1.4026504555622364e-16,1
B1_D2_Craig_Bampton,B1,2,Craig_Bampton,full-grid,791,11,53,80,1.0002983315782679,1.0000737656221308,-0.021194703881811477,0,0,1,UNSTABLE,3.3902069204173404e-16,1.4026504555622364e-16,1
B1_D2_Craig_Bampton,B1,2,Craig_Bampton,full-grid,792,11,54,81,1.0003648453333549,1.0001416693056906,-0.021129720709320281,0,0,1,UNSTABLE,4.4635953774713178e-16,1.4026504555622364e-16,1
B1_D2_Craig_Bampton,B1,2,Craig_Bampton,full-grid,793,11,55,82,1.0004298497918196,1.0002080776156197,-0.021063851189878156,0,0,1,UNSTABLE,3.7022858728219685e-16,1.4026504555622364e-16,1
B1_D2_Craig_Bampton,B1,2,Craig_Bampton,full-grid,794,11,56,83,1.0004933396276883,1.0002729839578346,-0.020997147507563051,0,0,1,UNSTABLE,3.3339032032377822e-16,1.4026504555622364e-16,1
B1_D2_Craig_Bampton,B1,2,Craig_Bampton,full-grid,795,11,57,84,1.0005553118079347,1.000336384054461,-0.02092966134268295,0,0,1,UNSTABLE,3.3924896364941311e-16,1.4026504555622364e-16,1
B1_D2_Craig_Bampton,B1,2,Craig_Bampton,full-grid,796,11,58,85,1.0006157655158616,1.0003982758700265,-0.020861443746105952,0,0,1,UNSTABLE,4.5474191547657722e-16,1.4026504555622364e-16,1
B1_D2_Craig_Bampton,B1,2,Craig_Bampton,full-grid,797,11,59,86,1.0006747020670981,1.0004586595299987,-0.020792545022526414,0,0,1,UNSTABLE,7.5099713958318009e-16,1.4026504555622364e-16,1
B1_D2_Craig_Bampton,B1,2,Craig_Bampton,full-grid,798,11,60,87,1.0007321248191556,1.0005175372326116,-0.020723014622677206,0,0,1,UNSTABLE,2.3456031337024039e-16,1.4026504555622364e-16,1
B1_D2_Craig_Bampton,B1,2,Craig_Bampton,full-grid,799,11,61,88,1.0007880390758972,1.0005749131553234,-0.020652901045526702,0,0,1,UNSTABLE,2.8507755819893193e-16,1.4026504555622367e-16,1
B1_D2_Craig_Bampton,B1,2,Craig_Bampton,full-grid,800,11,62,89,1.0008424519876253,1.0006307933566285,-0.020582251749659854,0,0,1,UNSTABLE,3.5050969946645038e-16,1.4026504555622367e-16,1
B1_D2_Craig_Bampton,B1,2,Craig_Bampton,full-grid,801,11,63,90,1.0008953724480845,1.000685185674508,-0.020511113074742026,0,0,1,UNSTABLE,2.3813583633392812e-16,1.4026504555622367e-16,1
B1_D2_Craig_Bampton,B1,2,Craig_Bampton,full-grid,802,11,64,91,1.0009468109892918,1.000738099622458,-0.020439530172298537,0,0,1,UNSTABLE,2.1442359716530077e-16,1.4026504555622364e-16,1
B1_D2_Craig_Bampton,B1,2,Craig_Bampton,full-grid,803,11,65,92,1.0009967796750414,1.0007895462839289,-0.020367546946341589,0,0,1,UNSTABLE,2.6991351385804869e-16,1.4026504555622364e-16,1
B1_D2_Craig_Bampton,B1,2,Craig_Bampton,full-grid,804,11,66,93,1.0010452919939694,1.0008395382060988,-0.02029520600275753,0,0,1,UNSTABLE,4.2303099613836081e-16,1.4026504555622364e-16,1
B1_D2_Craig_Bampton,B1,2,Craig_Bampton,full-grid,805,12,0,28,0.9967839015014941,0.98809991868147806,-0.13128860192033645,1,0,-1,STABLE,1.8308141231077483e-16,1.2665150531458276e-16,1
B1_D2_Craig_Bampton,B1,2,Craig_Bampton,full-grid,806,12,1,29,0.99693158177282382,0.9938446047888061,-0.078393113653217522,1,0,-1,STABLE,3.2054635267995443e-16,1.4026504555622367e-16,1
B1_D2_Craig_Bampton,B1,2,Craig_Bampton,full-grid,807,12,2,30,0.99732221934846033,0.9942401459023209,-0.078346292077353635,1,0,-1,STABLE,1.467587173174638e-16,1.4026504555622364e-16,1
B1_D2_Craig_Bampton,B1,2,Craig_Bampton,full-grid,808,12,3,31,0.99770395515149002,0.99462936456834483,-0.078266271556123354,1,0,-1,STABLE,2.7382241698127148e-16,1.4026504555622364e-16,1
B1_D2_Craig_Bampton,B1,2,Craig_Bampton,full-grid,809,12,4,32,0.99807371577145676,0.99500907321657928,-0.078154247040878089,1,0,-1,STABLE,2.3939185692445418e-16,1.4026504555622364e-16,1
B1_D2_Craig_Bampton,B1,2,Craig_Bampton,full-grid,810,12,5,33,0.99842871942123668,0.99537634704605527,-0.078011765179245601,1,0,-1,STABLE,2.0004785637778009e-16,1.4026504555622364e-16,1
B1_D2_Craig_Bampton,B1,2,Craig_Bampton,full-grid,811,12,6,34,0.9987665088154174,0.99572856254135833,-0.077840663349290212,1,0,-1,STABLE,2.8569025804230018e-16,1.4026504555622364e-16,1
B1_D2_Craig_Bampton,B1,2,Craig_Bampton,full-grid,812,12,7,35,0.99908496987443507,0.99606342192747399,-0.077643006942877055,1,0,-1,STABLE,3.4025385032107334e-16,1.4026504555622364e-16,1
B1_D2_Craig_Bampton,B1,2,Craig_Bampton,full-grid,813,12,8,36,0.99938233779300911,0.99637896482346799,-0.07742102782793768,1,0,-1,STABLE,3.9737611076168235e-16,1.4026504555622364e-16,1
B1_D2_Craig_Bampton,B1,2,Craig_Bampton,full-grid,814,12,9,37,0.9996571923575539,0.99667356876823798,-0.077177066224183175,1,0,-1,STABLE,2.7310833964672902e-16,1.4026504555622364e-16,1
B1_D2_Craig_Bampton,B1,2,Craig_Bampton,full-grid,815,12,10,38,0.99990844451022443,0.99694594046918938,-0.076913517569149673,1,0,-1,STABLE,1.6086591574179373e-16,1.4026504555622364e-16,1
B1_D2_Craig_Bampton,B1,2,Craig_Bampton,full-grid,816,12,11,39,1.0001353161219457,0.99719509964530517,-0.076632785397206721,0,0,1,UNSTABLE,2.3352183325809366e-16,1.4026504555622367e-16,1
B1_D2_Craig_Bampton,B1,2,Craig_Bampton,full-grid,817,12,12,40,1.0003373148095767,0.99742035725599365,-0.076337240792159158,0,0,1,UNSTABLE,4.7925918732757016e-16,1.4026504555622364e-16,1
B1_D2_Craig_Bampton,B1,2,Craig_Bampton,full-grid,818,12,13,41,1.0005142054550584,0.99762128976749709,-0.076029188605444109,0,0,1,UNSTABLE,2.4725945271537051e-16,1.4026504555622367e-16,1
B1_D2_Craig_Bampton,B1,2,Craig_Bampton,full-grid,819,12,14,42,1.0006659798812121,0.99779771093496972,-0.075710840337174221,0,0,1,UNSTABLE,2.3896216593697111e-16,1.4026504555622367e-16,1
B1_D2_Craig_Bampton,B1,2,Craig_Bampton,full-grid,820,12,15,43,1.000792825923521,0.99794964238454353,-0.075384293354444798,0,0,1,UNSTABLE,2.5569592998930353e-16,1.4026504555622367e-16,1
B1_D2_Craig_Bampton,B1,2,Craig_Bampton,full-grid,821,12,16,44,1.0008950969170021,0.99807728407499752,-0.075051515947191214,0,0,1,UNSTABLE,3.1401128399830158e-16,1.4026504555622364e-16,1
B1_D2_Craig_Bampton,B1,2,Craig_Bampton,full-grid,822,12,17,45,1.0009732824020561,0.99818098551216716,-0.074714337611364826,0,0,1,UNSTABLE,2.2643801329693026e-16,1.4026504555622367e-16,1
B1_D2_Craig_Bampton,B1,2,Craig_Bampton,full-grid,823,12,18,46,1.0010279806472806,0.99826121838757076,-0.074374443877820939,0,0,1,UNSTABLE,4.464707963648752e-16,1.4026504555622364e-16,1
B1_D2_Craig_Bampton,B1,2,Craig_Bampton,full-grid,824,12,19,47,1.001059873397214,0.99831855112255474,-0.074033374977836588,0,0,1,UNSTABLE,2.8797342162792477e-16,1.4026504555622364e-16,1
B1_D2_Craig_Bampton,B1,2,Craig_Bampton,full-grid,825,12,20,48,1.0010697030863747,0.99835362562881036,-0.073692527648679798,0,0,1,UNSTABLE,7.7064309824260934e-17,1.4026504555622364e-16,1
B1_D2_Craig_Bampton,B1,2,Craig_Bampton,full-grid,826,12,21,49,1.0010582526181784,0.99836713644748376,-0.073353159418061711,0,0,1,UNSTABLE,1.5931624834820837e-16,1.4026504555622362e-16,1
B1_D2_Craig_Bampton,B1,2,Craig_Bampton,full-grid,827,12,22,50,1.0010263276922278,0.99835981230652682,-0.073016394763531792,0,0,1,UNSTABLE,2.0119135082215044e-16,1.4026504555622364e-16,1
B1_D2_Craig_Bampton,B1,2,Craig_Bampton,full-grid,828,12,23,51,1.0009747415748358,0.99833240003893287,-0.072683232614638327,0,0,1,UNSTABLE,2.2276151547958653e-16,1.4026504555622364e-16,1
B1_D2_Craig_Bampton,B1,2,Craig_Bampton,full-grid,829,12,24,52,1.0009043021435176,0.99828565073205011,-0.072354554741835053,0,0,1,UNSTABLE,2.6347024658132082e-16,1.4026504555622364e-16,1
B1_D2_Craig_Bampton,B1,2,Craig_Bampton,full-grid,830,12,25,53,1.000815800993806,0.99822030792795857,-0.072031134650821907,0,0,1,UNSTABLE,5.1456742395467328e-16,1.4026504555622364e-16,1
B1_D2_Craig_Bampton,B1,2,Craig_Bampton,full-grid,831,12,26,54,1.0007100043724109,0.99813709766292047,-0.071713646679498533,0,0,1,UNSTABLE,1.7202050862660156e-16,1.4026504555622364e-16,1
B1_D2_Craig_Bampton,B1,2,Craig_Bampton,full-grid,832,12,27,55,1.0005876456898617,0.99803672011713251,-0.071402675055048728,0,0,1,UNSTABLE,2.1408756062486039e-16,1.4026504555622367e-16,1
B1_D2_Craig_Bampton,B1,2,Craig_Bampton,full-grid,833,12,28,56,1.0004494193664539,0.99791984264070088,-0.071098722735598641,0,0,1,UNSTABLE,2.09726063260801e-16,1.4026504555622364e-16,1
B1_D2_Craig_Bampton,B1,2,Craig_Bampton,full-grid,834,12,29,57,1.0002959757713235,0.99778709392374587,-0.070802219905241603,0,0,1,UNSTABLE,3.1173518634933104e-16,1.4026504555622367e-16,1
B1_D2_Craig_Bampton,B1,2,Craig_Bampton,full-grid,835,12,30,58,1.0001279170267152,0.99763905908695238,-0.070513532036739268,0,0,1,UNSTABLE,2.906522186404638e-16,1.4026504555622367e-16,1
B1_D2_Craig_Bampton,B1,2,Craig_Bampton,full-grid,836,12,31,59,0.99994579346108048,0.99747627547764428,-0.070232967470816032,1,0,-1,STABLE,2.538236282998372e-16,1.4026504555622367e-16,1
B1_D2_Craig_Bampton,B1,2,Craig_Bampton,full-grid,837,12,32,60,0.99975010050820623,0.99729922896806666,-0.069960784485799413,1,0,-1,STABLE,3.1680530242465478e-16,1.4026504555622364e-16,1
B1_D2_Craig_Bampton,B1,2,Craig_Bampton,full-grid,838,12,33,61,0.99954127585931429,0.99710835056074631,-0.06969719785252329,1,0,-1,STABLE,4.6995227098493786e-16,1.4026504555622367e-16,1
B1_D2_Craig_Bampton,B1,2,Craig_Bampton,full-grid,839,12,34,62,0.99931969668288223,0.99690401311253041,-0.069442384884879652,1,0,-1,STABLE,1.8713674009073305e-16,1.4026504555622364e-16,1
B1_D2_Craig_Bampton,B1,2,Craig_Bampton,full-grid,840,12,35,63,0.99908567672893689,0.99668652799037405,-0.069196491005044547,1,0,-1,STABLE,3.2740180683477724e-16,1.4026504555622364e-16,1
B1_D2_Craig_Bampton,B1,2,Craig_Bampton,full-grid,841,12,36,64,0.99895846943099664,0.99871373660793072,-0.02211099180372016,1,0,-1,STABLE,1.2263758039658345e-16,1.4026504555622364e-16,1
B1_D2_Craig_Bampton,B1,2,Craig_Bampton,full-grid,842,12,37,65,0.99904732778470584,0.99880355077587324,-0.022068758716095302,1,0,-1,STABLE,4.3048310319210532e-16,1.4026504555622362e-16,1
B1_D2_Craig_Bampton,B1,2,Craig_Bampton,full-grid,843,12,38,66,0.99913513795029207,0.99889235200115367,-0.022024826913108902,1,0,-1,STABLE,2.8616399370559065e-16,1.4026504555622364e-16,1
B1_D2_Craig_Bampton,B1,2,Craig_Bampton,full-grid,844,12,39,67,0.99922185531151342,0.99898009459911541,-0.021979233993142059,1,0,-1,STABLE,2.5119330046828908e-16,1.4026504555622364e-16,1
B1_D2_Craig_Bampton,B1,2,Craig_Bampton,full-grid,845,12,40,68,0.99930743702651426,0.99906673461611806,-0.021932019514577381,1,0,-1,STABLE,1.8594335936072296e-16,1.4026504555622364e-16,1
B1_D2_Craig_Bampton,B1,2,Craig_Bampton,full-grid,846,12,41,69,0.99939184215354715,0.99915222995865038,-0.021883224892976068,1,0,-1,STABLE,2.0812070334497232e-16,1.4026504555622364e-16,1
B1_D2_Craig_Bampton,B1,2,Craig_Bampton,full-grid,847,12,42,70,0.99947503176774588,0.99923654051375022,-0.021832893286251345,1,0,-1,STABLE,1.5907911986155807e-16,1.4026504555622364e-16,1
B1_D2_Craig_Bampton,B1,2,Craig_Bampton,full-grid,848,12,43,71,0.99955696906797231,0.99931962825970433,-0.02178106946955807,1,0,-1,STABLE,1.4787071233541893e-16,1.4026504555622367e-16,1
B1_D2_Craig_Bampton,B1,2,Craig_Bampton,full-grid,849,12,44,72,0.99963761947238816,0.99940145736565844,-0.021727799700400625,1,0,-1,STABLE,2.7353692943483856e-16,1.4026504555622364e-16,1
B1_D2_Craig_Bampton,B1,2,Craig_Bampton,full-grid,850,12,45,73,0.99971695070198152,0.99948199427932582,-0.021673131575517583,1,0,-1,STABLE,1.9373960587740708e-16,1.4026504555622367e-16,1
B1_D2_Craig_Bampton,B1,2,Craig_Bampton,full-grid,851,12,46,74,0.99979493285127574,0.99956120780197644,-0.021617113880930641,1,0,-1,STABLE,2.0619493317068683e-16,1.4026504555622367e-16,1
B1_D2_Craig_Bampton,B1,2,Craig_Bampton,full-grid,852,12,47,75,0.99987153844559618,0.99963906915004963,-0.021559796436556748,1,0,-1,STABLE,1.5138801290306899e-16,1.4026504555622367e-16,1
B1_D2_Craig_Bampton,B1,2,Craig_Bampton,full-grid,853,12,48,76,0.99994674248463367,0.99971555200308415,-0.021501229936890544,1,0,-1,STABLE,3.3516586464230353e-16,1.4026504555622364e-16,1
B1_D2_Craig_Bampton,B1,2,Craig_Bampton,full-grid,854,12,49,77,1.0000205224719887,0.9997906325376138,-0.021441465789151334,0,0,1,UNSTABLE,2.7015168804735371e-16,1.4026504555622367e-16,1
B1_D2_Craig_Bampton,B1,2,Craig_Bampton,full-grid,855,12,50,78,1.0000928584309756,0.99986428944726047,-0.021380555950776637,0,0,1,UNSTABLE,3.0278338217125192e-16,1.4026504555622364e-16,1
B1_D2_Craig_Bampton,B1,2,Craig_Bampton,full-grid,856,12,51,79,1.0001637329065667,0.999936503948883,-0.02131855276709425,0,0,1,UNSTABLE,3.2407925215506403e-16,1.4026504555622364e-16,1
B1_D2_Craig_Bampton,B1,2,Craig_Bampton,full-grid,857,12,52,80,1.0002331309541286,1.0000072597753793,-0.021255508811508915,0,0,1,UNSTABLE,3.2608639352752485e-16,1.4026504555622364e-16,1
B1_D2_Craig_Bampton,B1,2,Craig_Bampton,full-grid,858,12,53,81,1.000301040115356,1.0000765431555418,-0.021191476728262319,0,0,1,UNSTABLE,3.4974307563725143e-16,1.4026504555622362e-16,1
B1_D2_Craig_Bampton,B1,2,Craig_Bampton,full-grid,859,12,54,82,1.0003674503821038,1.0001443427816135,-0.021126509080428728,0,0,1,UNSTABLE,5.1955669735424484e-16,1.4026504555622364e-16,1
B1_D2_Craig_Bampton,B1,2,Craig_Bampton,full-grid,860,12,55,83,1.0004323541489313,1.0002106497653531,-0.021060658202989597,0,0,1,UNSTABLE,3.1854987487631893e-16,1.4026504555622364e-16,1
B1_D2_Craig_Bampton,B1,2,Craig_Bampton,full-grid,861,12,56,84,1.0004957461551989,1.0002754575834225,-0.020993976062739783,0,0,1,UNSTABLE,2.6325613105151487e-16,1.4026504555622364e-16,1
B1_D2_Craig_Bampton,B1,2,Craig_Bampton,full-grid,862,12,57,85,1.0005576234177307,1.0003387620130919,-0.020926514125681063,0,0,1,UNSTABLE,2.1067048554680255e-16,1.4026504555622364e-16,1
B1_D2_Craig_Bampton,B1,2,Craig_Bampton,full-grid,863,12,58,86,1.0006179851550894,1.0004005610593016,-0.020858323232352677,0,0,1,UNSTABLE,2.0997159582742567e-16,1.4026504555622364e-16,1
B1_D2_Craig_Bampton,B1,2,Craig_Bampton,full-grid,864,12,59,87,1.0006768327043962,1.0004608548740046,-0.020789453481946399,0,0,1,UNSTABLE,5.5802513818970829e-16,1.4026504555622367e-16,1
B1_D2_Craig_Bampton,B1,2,Craig_Bampton,full-grid,865,12,60,88,1.0007341694319321,1.0005196456690153,-0.020719954125589839,0,0,1,UNSTABLE,1.3723630618705379e-16,1.4026504555622364e-16,1
B1_D2_Craig_Bampton,B1,2,Craig_Bampton,full-grid,866,12,61,89,1.0007900006384562,1.0005769376233076,-0.020649873468983105,0,0,1,UNSTABLE,4.3571098276634464e-16,1.4026504555622367e-16,1
B1_D2_Craig_Bampton,B1,2,Craig_Bampton,full-grid,867,12,62,90,1.0008443334603765,1.0006327367858925,-0.020579258784526079,0,0,1,UNSTABLE,3.8655685927218893e-16,1.4026504555622367e-16,1
B1_D2_Craig_Bampton,B1,2,Craig_Bampton,full-grid,868,12,63,91,1.0008971767676449,1.0006870509751586,-0.020508156233135393,0,0,1,UNSTABLE,3.1017448327397806e-16,1.4026504555622367e-16,1
B1_D2_Craig_Bampton,B1,2,Craig_Bampton,full-grid,869,12,64,92,1.000948541059631,1.0007398896759319,-0.020436610795520185,0,0,1,UNSTABLE,1.2854802618455188e-16,1.4026504555622364e-16,1
B1_D2_Craig_Bampton,B1,2,Craig_Bampton,full-grid,870,12,65,93,1.0009984383594697,1.0007912639347594,-0.020364666212925018,0,0,1,UNSTABLE,2.3274484364568865e-16,1.4026504555622367e-16,1
B1_D2_Craig_Bampton,B1,2,Craig_Bampton,full-grid,871,12,66,94,1.0010468821081462,1.0008411862546991,-0.020292364936781354,0,0,1,UNSTABLE,5.2547511514840052e-16,1.4026504555622364e-16,1
B1_D2_Craig_Bampton,B1,2,Craig_Bampton,full-grid,872,13,0,29,0.99733594991920127,0.99425311711065445,-0.078356468252359396,1,0,-1,STABLE,3.1274046362416283e-16,1.2665150531458271e-16,1
B1_D2_Craig_Bampton,B1,2,Craig_Bampton,full-grid,873,13,1,30,0.99772541082396637,0.99464595893212937,-0.078328869415035293,1,0,-1,STABLE,2.4455354839587462e-16,1.4026504555622364e-16,1
B1_D2_Craig_Bampton,B1,2,Craig_Bampton,full-grid,874,13,2,31,0.99810762216840665,0.99503412506126021,-0.078268227233299098,1,0,-1,STABLE,1.8563718492763777e-16,1.4026504555622364e-16,1
B1_D2_Craig_Bampton,B1,2,Craig_Bampton,full-grid,875,13,3,32,0.99847948601738856,0.99541441966558764,-0.078175553207954565,1,0,-1,STABLE,1.991465483579893e-16,1.4026504555622364e-16,1
B1_D2_Craig_Bampton,B1,2,Craig_Bampton,full-grid,876,13,4,33,0.99883817199919422,0.99578388489309955,-0.078052216047323278,1,0,-1,STABLE,2.1635300082816822e-16,1.4026504555622364e-16,1
B1_D2_Craig_Bampton,B1,2,Craig_Bampton,full-grid,877,13,5,34,0.99918115184594836,0.9961398407023716,-0.077899884272375805,1,0,-1,STABLE,3.2816943187675967e-16,1.4026504555622364e-16,1
B1_D2_Craig_Bampton,B1,2,Craig_Bampton,full-grid,878,13,6,35,0.99950622026023361,0.99647991116656298,-0.0777204669336031,1,0,-1,STABLE,2.1536510582246404e-16,1.4026504555622364e-16,1
B1_D2_Craig_Bampton,B1,2,Craig_Bampton,full-grid,879,13,7,36,0.999811503702288,0.99680203857840055,-0.077516055249057636,1,0,-1,STABLE,1.3264914078285479e-16,1.4026504555622364e-16,1
B1_D2_Craig_Bampton,B1,2,Craig_Bampton,full-grid,880,13,8,37,1.0000954589659135,0.99710448702657728,-0.077288867217129353,0,0,1,UNSTABLE,3.3371671730151996e-16,1.4026504555622364e-16,1
B1_D2_Craig_Bampton,B1,2,Craig_Bampton,full-grid,881,13,9,38,1.0003568634423616,0.99738583720780394,-0.077041196599794179,0,0,1,UNSTABLE,3.5416659036819241e-16,1.4026504555622364e-16,1
B1_D2_Craig_Bampton,B1,2,Craig_Bampton,full-grid,882,13,10,39,1.0005947988647381,0.99764497418359199,-0.076775367152400825,0,0,1,UNSTABLE,3.2526286195591106e-16,1.4026504555622364e-16,1
B1_D2_Craig_Bampton,B1,2,Craig_Bampton,full-grid,883,13,11,40,1.0008086301539032,0.99788106966002088,-0.076493692581183992,0,0,1,UNSTABLE,1.9347343184664589e-16,1.4026504555622367e-16,1
B1_D2_Craig_Bampton,B1,2,Craig_Bampton,full-grid,884,13,12,41,1.0009979808013656,0.99809356021436635,-0.076198442418610166,0,0,1,UNSTABLE,2.0285396572353478e-16,1.4026504555622367e-16,1
B1_D2_Craig_Bampton,B1,2,Craig_Bampton,full-grid,885,13,13,42,1.001162706044221,0.99828212273560368,-0.075891813789657758,0,0,1,UNSTABLE,2.2943734236917237e-16,1.4026504555622367e-16,1
B1_D2_Craig_Bampton,B1,2,Craig_Bampton,full-grid,886,13,14,43,1.0013028649179327,0.99844664819442852,-0.075575908874262715,0,0,1,UNSTABLE,4.8433122810844556e-16,1.4026504555622364e-16,1
B1_D2_Craig_Bampton,B1,2,Craig_Bampton,full-grid,887,13,15,44,1.001418692111661,0.99858721471076617,-0.075252717737129007,0,0,1,UNSTABLE,1.6781177929058398e-16,1.4026504555622367e-16,1
B1_D2_Craig_Bampton,B1,2,Craig_Bampton,full-grid,888,13,16,45,1.0015105703940406,0.99870406073934914,-0.074924106092303377,0,0,1,UNSTABLE,2.4328482596555441e-16,1.4026504555622364e-16,1
B1_D2_Craig_Bampton,B1,2,Craig_Bampton,full-grid,889,13,17,46,1.0015790042247446,0.99879755904712086,-0.074591807494818016,0,0,1,UNSTABLE,2.2216903817351356e-16,1.4026504555622364e-16,1
B1_D2_Craig_Bampton,B1,2,Craig_Bampton,full-grid,890,13,18,47,1.0016245950176574,0.99886819200951849,-0.074257419399828009,0,0,1,UNSTABLE,4.3314750409223523e-16,1.4026504555622364e-16,1
B1_D2_Craig_Bampton,B1,2,Craig_Bampton,full-grid,891,13,19,48,1.0016480183814649,0.99891652861214908,-0.073922402510802662,0,0,1,UNSTABLE,1.8147341886367771e-16,1.4026504555622364e-16,1
B1_D2_Craig_Bampton,B1,2,Craig_Bampton,full-grid,892,13,20,49,1.0016500035343148,0.99894320341266207,-0.073588082839151109,0,0,1,UNSTABLE,2.3969421492943805e-16,1.4026504555622364e-16,1
B1_D2_Craig_Bampton,B1,2,Craig_Bampton,full-grid,893,13,21,50,1.0016313149767437,0.9989488976004075,-0.073255655924793731,0,0,1,UNSTABLE,2.0009527818947471e-16,1.4026504555622364e-16,1
B1_D2_Craig_Bampton,B1,2,Craig_Bampton,full-grid,894,13,22,51,1.0015927364128259,0.99893432219133471,-0.072926192709281121,0,0,1,UNSTABLE,1.7294269932568938e-16,1.4026504555622364e-16,1
B1_D2_Craig_Bampton,B1,2,Craig_Bampton,full-grid,895,13,23,52,1.0015350568340071,0.99890020331362095,-0.072600646605277597,0,0,1,UNSTABLE,1.8183965212364178e-16,1.4026504555622364e-16,1
B1_D2_Craig_Bampton,B1,2,Craig_Bampton,full-grid,896,13,24,53,1.001459058625102,0.99884726947745284,-0.072279861370316403,0,0,1,UNSTABLE,1.9471512003154783e-16,1.4026504555622364e-16,1
B1_D2_Craig_Bampton,B1,2,Craig_Bampton,full-grid,897,13,25,54,1.0013655075121775,0.99877624067617765,-0.071964579453246511,0,0,1,UNSTABLE,1.8190730391848247e-16,1.4026504555622364e-16,1
B1_D2_Craig_Bampton,B1,2,Craig_Bampton,full-grid,898,13,26,55,1.0012551441490676,0.99868781913692628,-0.071655450542860127,0,0,1,UNSTABLE,1.8538582402022214e-16,1.4026504555622364e-16,1
B1_D2_Craig_Bampton,B1,2,Craig_Bampton,full-grid,899,13,27,56,1.0011286771270562,0.99858268152087737,-0.071353040108628765,0,0,1,UNSTABLE,3.2476351113722349e-16,1.4026504555622367e-16,1
B1_D2_Craig_Bampton,B1,2,Craig_Bampton,full-grid,900,13,28,57,1.0009867771897354,0.99846147236632565,-0.071057837771510715,0,0,1,UNSTABLE,3.4226848662688329e-16,1.4026504555622367e-16,1
B1_D2_Craig_Bampton,B1,2,Craig_Bampton,full-grid,901,13,29,58,1.0008300724388974,0.99832479856741752,-0.070770265390019557,0,0,1,UNSTABLE,2.1195392217088983e-16,1.4026504555622367e-16,1
B1_D2_Craig_Bampton,B1,2,Craig_Bampton,full-grid,902,13,30,59,1.0006591443248853,0.99817322468579417,-0.070490684784406621,0,0,1,UNSTABLE,3.4963510447233379e-16,1.4026504555622364e-16,1
B1_D2_Craig_Bampton,B1,2,Craig_Bampton,full-grid,903,13,31,60,1.0004745242242794,0.99800726889921698,-0.070219405053905351,0,0,1,UNSTABLE,4.676146143296671e-16,1.4026504555622367e-16,1
B1_D2_Craig_Bampton,B1,2,Craig_Bampton,full-grid,904,13,32,61,1.0002766904173181,0.99782739939893772,-0.069956689465525967,0,0,1,UNSTABLE,2.0014126322073099e-16,1.4026504555622364e-16,1
B1_D2_Craig_Bampton,B1,2,Craig_Bampton,full-grid,905,13,33,62,1.0000660652846594,0.99763403105300541,-0.069702761917096456,0,0,1,UNSTABLE,2.603488365217924e-16,1.4026504555622364e-16,1
B1_D2_Craig_Bampton,B1,2,Craig_Bampton,full-grid,906,13,34,63,0.99984301254873587,0.99742752215759067,-0.069457812988176076,1,0,-1,STABLE,2.1104741409083339e-16,1.4026504555622364e-16,1
B1_D2_Craig_Bampton,B1,2,Craig_Bampton,full-grid,907,13,35,64,0.99960783438377954,0.99720817109617665,-0.069222005608390688,1,0,-1,STABLE,1.4423782832429392e-16,1.4026504555622364e-16,1
B1_D2_Craig_Bampton,B1,2,Craig_Bampton,full-grid,908,13,36,65,0.99936076821475728,0.99697621272230541,-0.068995480378634497,1,0,-1,STABLE,2.8464890261467651e-16,1.4026504555622364e-16,1
B1_D2_Craig_Bampton,B1,2,Craig_Bampton,full-grid,909,13,37,66,0.99910198301102948,0.99673181426671875,-0.068778360587808479,1,0,-1,STABLE,2.4361369113795493e-16,1.4026504555622364e-16,1
B1_D2_Craig_Bampton,B1,2,Craig_Bampton,full-grid,910,13,38,67,0.99913965141139538,0.99889693165588156,-0.022021874374125464,1,0,-1,STABLE,2.7331978205886204e-16,1.4026504555622364e-16,1
B1_D2_Craig_Bampton,B1,2,Craig_Bampton,full-grid,911,13,39,68,0.9992262426147116,0.99898454913344858,-0.021976226303778545,1,0,-1,STABLE,2.5729221218785748e-16,1.4026504555622364e-16,1
B1_D2_Craig_Bampton,B1,2,Craig_Bampton,full-grid,912,13,40,69,0.99931169790634378,0.99907106362829001,-0.021928962426361366,1,0,-1,STABLE,1.7671975864612278e-16,1.4026504555622364e-16,1
B1_D2_Craig_Bampton,B1,2,Craig_Bampton,full-grid,913,13,41,70,0.99939597666095581,0.99915643336590554,-0.021880124077076957,1,0,-1,STABLE,3.3330957897012041e-16,1.4026504555622364e-16,1
B1_D2_Craig_Bampton,B1,2,Craig_Bampton,full-grid,914,13,42,71,0.9994790402580892,0.99924061854082513,-0.02182975431332811,1,0,-1,STABLE,4.1365394661930657e-16,1.4026504555622364e-16,1
B1_D2_Craig_Bampton,B1,2,Craig_Bampton,full-grid,915,13,43,72,0.99956085218751545,0.99932358142578404,-0.021777897790568591,1,0,-1,STABLE,2.2924821933807564e-16,1.4026504555622367e-16,1
B1_D2_Craig_Bampton,B1,2,Craig_Bampton,full-grid,916,13,44,73,0.99964137814350507,0.99940528646998439,-0.021724600629117442,1,0,-1,STABLE,1.7563360715041264e-16,1.4026504555622367e-16,1
B1_D2_Craig_Bampton,B1,2,Craig_Bampton,full-grid,917,13,45,74,0.99972058610734893,0.99948570038575291,-0.021669910272589413,1,0,-1,STABLE,1.7794822579478788e-16,1.4026504555622367e-16,1
B1_D2_Craig_Bampton,B1,2,Craig_Bampton,full-grid,918,13,46,75,0.99979844641704496,0.9995647922224653,-0.021613875339615011,1,0,-1,STABLE,1.6339485293171963e-16,1.4026504555622364e-16,1
B1_D2_Craig_Bampton,B1,2,Craig_Bampton,full-grid,919,13,47,76,0.9998749318239345,0.99964253342747966,-0.0215565454701774,1,0,-1,STABLE,5.6686812358666893e-16,1.4026504555622367e-16,1
B1_D2_Craig_Bampton,B1,2,Craig_Bampton,full-grid,920,13,48,77,0.99995001753567947,0.99971889789343682,-0.021497971167950096,1,0,-1,STABLE,2.6133732380408446e-16,1.4026504555622364e-16,1
B1_D2_Craig_Bampton,B1,2,Craig_Bampton,full-grid,921,13,49,78,1.0000236812455323,0.99979386199183051,-0.021438203640392364,0,0,1,UNSTABLE,1.4414954478100249e-16,1.4026504555622364e-16,1
B1_D2_Craig_Bampton,B1,2,Craig_Bampton,full-grid,922,13,50,79,1.0000959031478787,0.99986740459280032,-0.021377294637741091,0,0,1,UNSTABLE,2.6677632844270445e-16,1.4026504555622364e-16,1
B1_D2_Craig_Bampton,B1,2,Craig_Bampton,full-grid,923,13,51,80,1.0001666659402959,0.99993950707134527,-0.021315296292634074,0,0,1,UNSTABLE,1.6203373041259058e-16,1.4026504555622364e-16,1
B1_D2_Craig_Bampton,B1,2,Craig_Bampton,full-grid,924,13,52,81,1.0002359548124169,1.0000101533002188,-0.021252260961612375,0,0,1,UNSTABLE,3.0061135218154718e-16,1.4026504555622364e-16,1
B1_D2_Craig_Bampton,B1,2,Craig_Bampton,full-grid,925,13,53,82,1.0003037574222056,1.0000793296300783,-0.021188241069892449,0,0,1,UNSTABLE,2.7419959498570285e-16,1.4026504555622364e-16,1
B1_D2_Craig_Bampton,B1,2,Craig_Bampton,full-grid,926,13,54,83,1.0003700638602511,1.0001470248574735,-0.021123288960458203,0,0,1,UNSTABLE,5.458147985156182e-16,1.4026504555622364e-16,1
B1_D2_Craig_Bampton,B1,2,Craig_Bampton,full-grid,927,13,55,84,1.0004348666028777,1.0002132301814417,-0.021057456748714839,0,0,1,UNSTABLE,3.5354013731706374e-16,1.4026504555622364e-16,1
B1_D2_Craig_Bampton,B1,2,Craig_Bampton,full-grid,928,13,56,85,1.0004981604549972,1.0002779391496177,-0.020990796183742142,0,0,1,UNSTABLE,1.9959002628785674e-16,1.4026504555622364e-16,1
B1_D2_Craig_Bampton,B1,2,Craig_Bampton,full-grid,929,13,57,86,1.0005599424834164,1.0003411475945607,-0.0209233585166201,0,0,1,UNSTABLE,2.9949163241537738e-16,1.4026504555622364e-16,1
B1_D2_Craig_Bampton,B1,2,Craig_Bampton,full-grid,930,13,58,87,1.0006202119421077,1.0004028535617857,-0.020855194377062528,0,0,1,UNSTABLE,1.4282006805664063e-16,1.4026504555622364e-16,1
B1_D2_Craig_Bampton,B1,2,Craig_Bampton,full-grid,931,13,59,88,1.0006789701898218,1.0004630572298772,-0.020786353658342485,0,0,1,UNSTABLE,4.321570843030256e-16,1.4026504555622367e-16,1
B1_D2_Craig_Bampton,B1,2,Craig_Bampton,full-grid,932,13,60,89,1.0007362206016872,1.0005217608243195,-0.020716885411473509,0,0,1,UNSTABLE,2.2904822358780622e-16,1.4026504555622367e-16,1
B1_D2_Craig_Bampton,B1,2,Craig_Bampton,full-grid,933,13,61,90,1.0007919684754591,1.0005789685257114,-0.020646837748370325,0,0,1,UNSTABLE,2.3451629528494158e-16,1.4026504555622367e-16,1
B1_D2_Craig_Bampton,B1,2,Craig_Bampton,full-grid,934,13,62,91,1.000846220933657,1.0006346863736,-0.020576257754759724,0,0,1,UNSTABLE,2.7135934367967947e-16,1.4026504555622364e-16,1
B1_D2_Craig_Bampton,B1,2,Craig_Bampton,full-grid,935,13,63,92,1.00089898682252,1.0006889221668693,-0.020505191412327477,0,0,1,UNSTABLE,1.9786346540769482e-16,1.4026504555622367e-16,1
B1_D2_Craig_Bampton,B1,2,Craig_Bampton,full-grid,936,13,64,93,1.0009502766087439,1.0007416853616604,-0.020433683530495957,0,0,1,UNSTABLE,6.0401545027998176e-16,1.4026504555622364e-16,1
B1_D2_Craig_Bampton,B1,2,Craig_Bampton,full-grid,937,13,65,94,1.0010001022748116,1.0007929869676335,-0.020361777687257613,0,0,1,UNSTABLE,1.5508416452436833e-16,1.4026504555622364e-16,1
B1_D2_Craig_Bampton,B1,2,Craig_Bampton,full-grid,938,13,66,95,1.0010484772140333,1.0008428394437097,-0.020289516179239592,0,0,1,UNSTABLE,1.875321419116365e-16,1.4026504555622364e-16,1
B1_D2_Craig_Bampton,B1,2,Craig_Bampton,full-grid,939,14,0,30,0.99817190119010979,0.99509970385608715,-0.078254224876399034,1,0,-1,STABLE,2.2784674023391071e-16,1.2665150531458276e-16,1
B1_D2_Craig_Bampton,B1,2,Craig_Bampton,full-grid,940,14,1,31,0.99855223864530751,0.99548457621095809,-0.078211455872169433,1,0,-1,STABLE,2.2693445294816357e-16,1.4026504555622364e-16,1
B1_D2_Craig_Bampton,B1,2,Craig_Bampton,full-grid,941,14,2,32,0.9989237329677817,0.99586306633907884,-0.078136914374803648,1,0,-1,STABLE,4.0520184197167246e-16,1.4026504555622364e-16,1
B1_D2_Craig_Bampton,B1,2,Craig_Bampton,full-grid,942,14,3,33,0.9992835530917128,0.99623223031719665,-0.078031806058951575,1,0,-1,STABLE,1.7596677537956927e-16,1.4026504555622364e-16,1
B1_D2_Craig_Bampton,B1,2,Craig_Bampton,full-grid,943,14,4,34,0.99962914782949397,0.99658937954839555,-0.07789763643182139,1,0,-1,STABLE,3.9070051398899436e-16,1.4026504555622364e-16,1
B1_D2_Craig_Bampton,B1,2,Craig_Bampton,full-grid,944,14,5,35,0.99995826699879231,0.99693210697283796,-0.077736155204164742,1,0,-1,STABLE,1.6731966343799929e-16,1.4026504555622364e-16,1
B1_D2_Craig_Bampton,B1,2,Craig_Bampton,full-grid,945,14,6,36,1.0002689712259978,0.99725830184231512,-0.077549301764088932,0,0,1,UNSTABLE,1.7231126274647755e-16,1.4026504555622364e-16,1
B1_D2_Craig_Bampton,B1,2,Craig_Bampton,full-grid,946,14,7,37,1.0005596323748851,0.99756615483101729,-0.077339153562887356,0,0,1,UNSTABLE,3.7072975169232285e-16,1.4026504555622364e-16,1
B1_D2_Craig_Bampton,B1,2,Craig_Bampton,full-grid,947,14,8,38,1.0008289264703274,0.9978541552391802,-0.077107878531637364,0,0,1,UNSTABLE,1.7246884922528419e-16,1.4026504555622364e-16,1
B1_D2_Craig_Bampton,B1,2,Craig_Bampton,full-grid,948,14,9,39,1.0010758207739117,0.9981210818813091,-0.076857692147536905,0,0,1,UNSTABLE,2.0289107075247288e-16,1.4026504555622367e-16,1
B1_D2_Craig_Bampton,B1,2,Craig_Bampton,full-grid,949,14,10,40,1.0012995564196658,0.99836598903616769,-0.076590819437150071,0,0,1,UNSTABLE,1.5280080070725541e-16,1.4026504555622364e-16,1
B1_D2_Craig_Bampton,B1,2,Craig_Bampton,full-grid,950,14,11,41,1.0014996277901222,0.99858818863094889,-0.07630946199858589,0,0,1,UNSTABLE,2.1602508603780004e-16,1.4026504555622367e-16,1
B1_D2_Craig_Bampton,B1,2,Craig_Bampton,full-grid,951,14,12,42,1.0016757596302379,0.99878722966505862,-0.076015770000782745,0,0,1,UNSTABLE,2.2416170759234545e-16,1.4026504555622367e-16,1
B1_D2_Craig_Bampton,B1,2,Craig_Bampton,full-grid,952,14,13,43,1.0018278827560965,0.998962875749978,-0.075711819030433655,0,0,1,UNSTABLE,8.8926161528761983e-17,1.4026504555622367e-16,1
B1_D2_Craig_Bampton,B1,2,Craig_Bampton,full-grid,953,14,14,44,1.001956109106217,0.99911508154130857,-0.075399591590230908,0,0,1,UNSTABLE,2.6542106483664666e-16,1.4026504555622364e-16,1
B1_D2_Craig_Bampton,B1,2,Craig_Bampton,full-grid,954,14,15,45,1.0020607067882503,0.99924396875164101,-0.07508096298288687,0,0,1,UNSTABLE,2.6743548880138042e-16,1.4026504555622367e-16,1
B1_D2_Craig_Bampton,B1,2,Craig_Bampton,full-grid,955,14,16,46,1.0021420756841874,0.99934980234877291,-0.074757691257022016,0,0,1,UNSTABLE,4.5575009610007072e-16,1.4026504555622364e-16,1
B1_D2_Craig_Bampton,B1,2,Craig_Bampton,full-grid,956,14,17,47,1.0022007240825701,0.99943296745361554,-0.074431410832311459,0,0,1,UNSTABLE,2.9833935083696249e-16,1.4026504555622364e-16,1
B1_D2_Craig_Bampton,B1,2,Craig_Bampton,full-grid,957,14,18,48,1.0022372467094061,0.99949394735753827,-0.07410362938006014,0,0,1,UNSTABLE,1.4828697798975174e-16,1.4026504555622364e-16,1
B1_D2_Craig_Bampton,B1,2,Craig_Bampton,full-grid,958,14,19,49,1.0022523044298046,0.99953330297959231,-0.073775727509529446,0,0,1,UNSTABLE,2.2158195212782162e-16,1.4026504555622364e-16,1
B1_D2_Craig_Bampton,B1,2,Craig_Bampton,full-grid,959,14,20,50,1.0022466057957011,0.99955165398607226,-0.073448960800755997,0,0,1,UNSTABLE,4.1887052875475259e-16,1.4026504555622364e-16,1
B1_D2_Craig_Bampton,B1,2,Craig_Bampton,full-grid,960,14,21,51,1.0022208905260526,0.99954966170279336,-0.073124463735915302,0,0,1,UNSTABLE,4.0176703231700992e-16,1.4026504555622364e-16,1
B1_D2_Craig_Bampton,B1,2,Craig_Bampton,full-grid,961,14,22,52,1.0021759149271658,0.99952801386744328,-0.072803255107899811,0,0,1,UNSTABLE,2.7991326713769975e-16,1.4026504555622364e-16,1
B1_D2_Craig_Bampton,B1,2,Craig_Bampton,full-grid,962,14,23,53,1.0021124391962044,0.99948741119985829,-0.07248624452109402,0,0,1,UNSTABLE,2.2363029882398208e-16,1.4026504555622364e-16,1
B1_D2_Craig_Bampton,B1,2,Craig_Bampton,full-grid,963,14,24,54,1.002031216499683,0.99942855571138933,-0.072174239646016589,0,0,1,UNSTABLE,1.9734824985243894e-16,1.4026504555622364e-16,1
B1_D2_Craig_Bampton,B1,2,Craig_Bampton,full-grid,964,14,25,55,1.0019329836823005,0.99935214063268152,-0.071867953939113799,0,0,1,UNSTABLE,2.3076371605254373e-16,1.4026504555622367e-16,1
B1_D2_Craig_Bampton,B1,2,Craig_Bampton,full-grid,965,14,26,56,1.0018184534365362,0.99925884180915148,-0.071568014588965959,0,0,1,UNSTABLE,2.0195445653118766e-16,1.4026504555622364e-16,1
B1_D2_Craig_Bampton,B1,2,Craig_Bampton,full-grid,966,14,27,57,1.0016883077496499,0.99914931039489618,-0.071274970499892037,0,0,1,UNSTABLE,1.7327087060612467e-16,1.4026504555622367e-16,1
B1_D2_Craig_Bampton,B1,2,Craig_Bampton,full-grid,967,14,28,58,1.0015431924391478,0.99902416666614169,-0.070989300167142763,0,0,1,UNSTABLE,3.0861659887916813e-16,1.4026504555622367e-16,1
B1_D2_Craig_Bampton,B1,2,Craig_Bampton,full-grid,968,14,29,59,1.0013837125877272,0.99888399477169831,-0.070711419338843035,0,0,1,UNSTABLE,3.823119986689885e-16,1.4026504555622367e-16,1
B1_D2_Craig_Bampton,B1,2,Craig_Bampton,full-grid,969,14,30,60,1.0012104286932419,0.99872933823944199,-0.070441688394807744,0,0,1,UNSTABLE,2.8099027504667977e-16,1.4026504555622364e-16,1
B1_D2_Craig_Bampton,B1,2,Craig_Bampton,full-grid,970,14,31,61,1.0010238533553271,0.99856069606150211,-0.070180419402536789,0,0,1,UNSTABLE,1.8228207838297159e-16,1.4026504555622367e-16,1
B1_D2_Craig_Bampton,B1,2,Craig_Bampton,full-grid,971,14,32,62,1.0008244483267104,0.99837851918543807,-0.0699278828333606,0,0,1,UNSTABLE,1.5188337928071354e-16,1.4026504555622364e-16,1
B1_D2_Craig_Bampton,B1,2,Craig_Bampton,full-grid,972,14,33,63,1.0006126217621896,0.99818320724196075,-0.069684313944785956,0,0,1,UNSTABLE,2.0894820096613721e-16,1.4026504555622364e-16,1
B1_D2_Craig_Bampton,B1,2,Craig_Bampton,full-grid,973,14,34,64,1.0003887255016903,0.99797510534204359,-0.069449918851162806,0,0,1,UNSTABLE,2.39843003307828e-16,1.4026504555622364e-16,1
B1_D2_Craig_Bampton,B1,2,Craig_Bampton,full-grid,974,14,35,65,1.0001530522209896,0.99775450077249883,-0.069224880319026322,0,0,1,UNSTABLE,1.1518588394666887e-16,1.4026504555622364e-16,1
B1_D2_Craig_Bampton,B1,2,Craig_Bampton,full-grid,975,14,36,66,0.99990583227861074,0.99752161941326889,-0.069009363335062357,1,0,-1,STABLE,2.6564605461765673e-16,1.4026504555622364e-16,1
B1_D2_Craig_Bampton,B1,2,Craig_Bampton,full-grid,976,14,37,67,0.99964723007188794,0.99727662168337272,-0.068803520507288163,1,0,-1,STABLE,3.9294407365583958e-16,1.4026504555622364e-16,1
B1_D2_Craig_Bampton,B1,2,Craig_Bampton,full-grid,977,14,38,68,0.99937733969358966,0.99701959780023164,-0.068607497369461493,1,0,-1,STABLE,2.7033991585989619e-16,1.4026504555622364e-16,1
B1_D2_Craig_Bampton,B1,2,Craig_Bampton,full-grid,978,14,39,69,0.99923064528466687,0.99898901920595584,-0.021973210551355347,1,0,-1,STABLE,1.4060871609294249e-16,1.4026504555622364e-16,1
B1_D2_Craig_Bampton,B1,2,Craig_Bampton,full-grid,979,14,40,70,0.99931597369190506,0.99907540772117009,-0.021925897075791848,1,0,-1,STABLE,3.8668019765343233e-16,1.4026504555622364e-16,1
B1_D2_Craig_Bampton,B1,2,Craig_Bampton,full-grid,980,14,41,71,0.99940012561597646,0.99916065139887433,-0.021877014819358893,1,0,-1,STABLE,1.8539905241891894e-16,1.4026504555622367e-16,1
B1_D2_Craig_Bampton,B1,2,Craig_Bampton,full-grid,981,14,42,72,0.99948306274151966,0.9992447107418021,-0.021826606738123734,1,0,-1,STABLE,2.0980165550950709e-16,1.4026504555622364e-16,1
B1_D2_Craig_Bampton,B1,2,Craig_Bampton,full-grid,982,14,43,73,0.9995647488498477,0.99932754831778414,-0.021774717367303773,1,0,-1,STABLE,2.0899995702316479e-16,1.4026504555622367e-16,1
B1_D2_Craig_Bampton,B1,2,Craig_Bampton,full-grid,983,14,44,74,0.99964514991195874,0.99940912885671485,-0.021721392689343033,1,0,-1,STABLE,1.2980737077242007e-16,1.4026504555622367e-16,1
B1_D2_Craig_Bampton,B1,2,Craig_Bampton,full-grid,984,14,45,75,0.99972423416996026,0.99948941933606528,-0.021666679994137267,1,0,-1,STABLE,1.7394122074624363e-16,1.4026504555622367e-16,1
B1_D2_Craig_Bampton,B1,2,Craig_Bampton,full-grid,985,14,46,76,0.99980197220587297,0.99956838905388024,-0.021610627732300824,1,0,-1,STABLE,3.26486125651264e-16,1.4026504555622364e-16,1
B1_D2_Craig_Bampton,B1,2,Craig_Bampton,full-grid,986,14,47,77,0.99987833699748863,0.99964600968888795,-0.02155328536319151,1,0,-1,STABLE,5.4218731704687714e-16,1.4026504555622367e-16,1
B1_D2_Craig_Bampton,B1,2,Craig_Bampton,full-grid,987,14,48,78,0.99995330396090387,0.9997222553473073,-0.021494703199186855,1,0,-1,STABLE,3.5802242252017557e-16,1.4026504555622364e-16,1
B1_D2_Craig_Bampton,B1,2,Craig_Bampton,full-grid,988,14,49,79,1.0000268509793757,0.99979710259596566,-0.02143493224712141,0,0,1,UNSTABLE,2.0219867213009987e-16,1.4026504555622364e-16,1
B1_D2_Craig_Bampton,B1,2,Craig_Bampton,full-grid,989,14,50,80,1.0000989584187721,0.99987053048194152,-0.02137402404962073,0,0,1,UNSTABLE,3.0090866040354563e-16,1.4026504555622364e-16,1
B1_D2_Craig_Bampton,B1,2,Craig_Bampton,full-grid,990,14,51,81,1.0001696091295869,0.99994252053870292,-0.021312030525878069,0,0,1,UNSTABLE,3.2837337101737028e-16,1.4026504555622364e-16,1
B1_D2_Craig_Bampton,B1,2,Craig_Bampton,full-grid,991,14,52,82,1.0002387884360453,1.0000130567791961,-0.02124900381514579,0,0,1,UNSTABLE,6.2034113874711181e-16,1.4026504555622364e-16,1
B1_D2_Craig_Bampton,B1,2,Craig_Bampton,full-grid,992,14,53,83,1.0003064841126372,1.0000821256762182,-0.02118499612279565,0,0,1,UNSTABLE,1.5711562272777538e-16,1.4026504555622364e-16,1
B1_D2_Craig_Bampton,B1,2,Craig_Bampton,full-grid,993,14,54,84,1.0003726863489697,1.0001497161309199,-0.021120059571281231,0,0,1,UNSTABLE,3.2727269312354766e-16,1.4026504555622364e-16,1
B1_D2_Craig_Bampton,B1,2,Craig_Bampton,full-grid,994,14,55,85,1.0004373877033557,1.0002158194298549,-0.021054246055798625,0,0,1,UNSTABLE,2.3705574476925299e-16,1.4026504555622364e-16,1
B1_D2_Craig_Bampton,B1,2,Craig_Bampton,full-grid,995,14,56,86,1.0005005830463882,1.000280429191776,-0.020987607107035833,0,0,1,UNSTABLE,1.7054702472383377e-16,1.4026504555622364e-16,1
B1_D2_Craig_Bampton,B1,2,Craig_Bampton,full-grid,996,14,57,87,1.0005622694951319,1.0003435413048187,-0.020920193760660771,0,0,1,UNSTABLE,2.4224297178352026e-16,1.4026504555622367e-16,1
B1_D2_Craig_Bampton,B1,2,Craig_Bampton,full-grid,997,14,58,88,1.0006224463390443,1.0004051538551606,-0.020852056434949078,0,0,1,UNSTABLE,1.7061646201346947e-16,1.4026504555622364e-16,1
B1_D2_Craig_Bampton,B1,2,Craig_Bampton,full-grid,998,14,59,89,1.0006811149586514,1.0004652670481766,-0.020783244816689261,0,0,1,UNSTABLE,3.0316659594159895e-16,1.4026504555622367e-16,1
B1_D2_Craig_Bampton,B1,2,Craig_Bampton,full-grid,999,14,60,90,1.0007382787379893,1.0005238831230954,-0.020713807756087187,0,0,1,UNSTABLE,3.5939396367791062e-16,1.4026504555622367e-16,1
B1_D2_Craig_Bampton,B1,2,Craig_Bampton,full-grid,1000,14,61,91,1.0007939429718877,1.0005810062622307,-0.020643793170828886,0,0,1,UNSTABLE,1.4419511487354503e-16,1.4026504555622367e-16,1
B1_D2_Craig_Bampton,B1,2,Craig_Bampton,full-grid,1001,14,62,92,1.0008481147690571,1.0006366424957556,-0.020573247959353301,0,0,1,UNSTABLE,3.0806772194731642e-16,1.4026504555622364e-16,1
B1_D2_Craig_Bampton,B1,2,Craig_Bampton,full-grid,1002,14,63,93,1.0009008029519624,1.0006907996030017,-0.020502217923625974,0,0,1,UNSTABLE,1.9729576303918768e-16,1.4026504555622367e-16,1
B1_D2_Craig_Bampton,B1,2,Craig_Bampton,full-grid,1003,14,64,94,1.0009520179546412,1.0007434870114518,-0.020430747701161302,0,0,1,UNSTABLE,1.3179147750853138e-16,1.4026504555622364e-16,1
B1_D2_Craig_Bampton,B1,2,Craig_Bampton,full-grid,1004,14,65,95,1.001001771718917,1.0007947156938823,-0.020358880706267263,0,0,1,UNSTABLE,1.9196266963331852e-16,1.4026504555622364e-16,1
B1_D2_Craig_Bampton,B1,2,Craig_Bampton,full-grid,1005,14,66,96,1.0010500775902984,1.0008444980649638,-0.020286659080123788,0,0,1,UNSTABLE,4.399761990554713e-16,1.4026504555622364e-16,1
B1_D2_Craig_Bampton,B1,2,Craig_Bampton,full-grid,1006,15,0,31,0.99903894061333653,0.9959825513746845,-0.078086888905831237,1,0,-1,STABLE,3.2242604587977137e-16,1.2665150531458271e-16,1
B1_D2_Craig_Bampton,B1,2,Craig_Bampton,full-grid,1007,15,1,32,0.99940744015206218,0.99635670945757182,-0.078029090409778998,1,0,-1,STABLE,1.1811512167779668e-16,1.4026504555622364e-16,1
B1_D2_Craig_Bampton,B1,2,Craig_Bampton,full-grid,1008,15,2,33,0.99976567625742196,0.99672292353401915,-0.077941138843731897,1,0,-1,STABLE,5.5016529093230351e-16,1.4026504555622364e-16,1
B1_D2_Craig_Bampton,B1,2,Craig_Bampton,full-grid,1009,15,3,34,1.0001111247089804,0.99707854599985812,-0.077824384825519177,0,0,1,UNSTABLE,2.6355789118312666e-16,1.4026504555622364e-16,1
B1_D2_Craig_Bampton,B1,2,Craig_Bampton,full-grid,1010,15,4,35,1.0004415388800578,0.99742118755115683,-0.077680418000537294,0,0,1,UNSTABLE,1.6824480400482497e-16,1.4026504555622364e-16,1
B1_D2_Craig_Bampton,B1,2,Craig_Bampton,full-grid,1011,15,5,36,1.0007549589550135,0.99774873095627259,-0.077511016947258135,0,0,1,UNSTABLE,3.3074142112807777e-16,1.4026504555622364e-16,1
B1_D2_Craig_Bampton,B1,2,Craig_Bampton,full-grid,1012,15,6,37,1.0010497128597375,0.99805933625341758,-0.077318102239711736,0,0,1,UNSTABLE,2.8818048152379458e-16,1.4026504555622364e-16,1
B1_D2_Craig_Bampton,B1,2,Craig_Bampton,full-grid,1013,15,7,38,1.0013244107901302,0.99835143917419933,-0.077103693445946628,0,0,1,UNSTABLE,2.9598882395397277e-16,1.4026504555622367e-16,1
B1_D2_Craig_Bampton,B1,2,Craig_Bampton,full-grid,1014,15,8,39,1.0015779348913052,0.9986237443068009,-0.07686987035111259,0,0,1,UNSTABLE,3.2516566771929289e-16,1.4026504555622364e-16,1
B1_D2_Craig_Bampton,B1,2,Craig_Bampton,full-grid,1015,15,9,40,1.0018094252942165,0.99887521419438974,-0.076618738415875104,0,0,1,UNSTABLE,1.7980808325534542e-16,1.4026504555622367e-16,1
B1_D2_Craig_Bampton,B1,2,Craig_Bampton,full-grid,1016,15,10,41,1.0020182634276562,0.99910505529043547,-0.076352398362276586,0,0,1,UNSTABLE,9.1781361579874894e-17,1.4026504555622367e-16,1
B1_D2_Craig_Bampton,B1,2,Craig_Bampton,full-grid,1017,15,11,42,1.0022040533152166,0.99931270149159013,-0.076072919748287407,0,0,1,UNSTABLE,1.6113879946430111e-16,1.4026504555622367e-16,1
B1_D2_Craig_Bampton,B1,2,Craig_Bampton,full-grid,1018,15,12,43,1.0023666014369594,0.99949779584248444,-0.075782318401430862,0,0,1,UNSTABLE,2.3529182833223444e-16,1.4026504555622364e-16,1
B1_D2_Craig_Bampton,B1,2,Craig_Bampton,full-grid,1019,15,13,44,1.0025058956644397,0.99966017093836679,-0.075482537592715629,0,0,1,UNSTABLE,2.3460848687089349e-16,1.4026504555622367e-16,1
B1_D2_Craig_Bampton,B1,2,Craig_Bampton,full-grid,1020,15,14,45,1.002622083739112,0.99979982851605465,-0.075175432826334515,0,0,1,UNSTABLE,2.1508398545485306e-16,1.4026504555622364e-16,1
B1_D2_Craig_Bampton,B1,2,Craig_Bampton,full-grid,1021,15,15,46,1.0027154517374863,0.99991691870095512,-0.074862760092709271,0,0,1,UNSTABLE,1.3679374515478589e-16,1.4026504555622367e-16,1
B1_D2_Craig_Bampton,B1,2,Craig_Bampton,full-grid,1022,15,16,47,1.0027864029352742,1.0000117193509266,-0.074546167390887388,0,0,1,UNSTABLE,2.409985042944183e-16,1.4026504555622364e-16,1
B1_D2_Craig_Bampton,B1,2,Craig_Bampton,full-grid,1023,15,17,48,1.0028354374398336,1.0000846158988099,-0.074227189275038089,0,0,1,UNSTABLE,2.2846571545394042e-16,1.4026504555622364e-16,1
B1_D2_Craig_Bampton,B1,2,Craig_Bampton,full-grid,1024,15,18,49,1.0028631329042961,1.0001360820424043,-0.073907244134041816,0,0,1,UNSTABLE,1.7647586250519932e-16,1.4026504555622364e-16,1
B1_D2_Craig_Bampton,B1,2,Craig_Bampton,full-grid,1025,15,19,50,1.0028701265690958,1.0001666615646578,-0.073587633875003763,0,0,1,UNSTABLE,1.5805591391376942e-16,1.4026504555622364e-16,1
B1_D2_Craig_Bampton,B1,2,Craig_Bampton,full-grid,1026,15,20,51,1.0028570988053871,1.0001769514955374,-0.073269545661560409,0,0,1,UNSTABLE,1.1247586635157229e-16,1.4026504555622364e-16,1
B1_D2_Craig_Bampton,B1,2,Craig_Bampton,full-grid,1027,15,21,52,1.0028247582615257,1.0001675867525623,-0.072954055348850286,0,0,1,UNSTABLE,2.6216254971723107e-16,1.4026504555622364e-16,1
B1_D2_Craig_Bampton,B1,2,Craig_Bampton,full-grid,1028,15,22,53,1.0027738286477921,1.0001392263279962,-0.072642132271762944,0,0,1,UNSTABLE,1.9484910165883098e-16,1.4026504555622364e-16,1
B1_D2_Craig_Bampton,B1,2,Craig_Bampton,full-grid,1029,15,23,54,1.002705037134872,1.0000925410279689,-0.072334645059373315,0,0,1,UNSTABLE,2.4521626027908883e-16,1.4026504555622367e-16,1
B1_D2_Craig_Bampton,B1,2,Craig_Bampton,full-grid,1030,15,24,55,1.0026191042945134,1.0000282027171521,-0.07203236818705111,0,0,1,UNSTABLE,3.1374054199757168e-16,1.4026504555622364e-16,1
B1_D2_Craig_Bampton,B1,2,Craig_Bampton,full-grid,1031,15,25,56,1.0025167354733469,0.99994687498131385,-0.071735989009988246,0,0,1,UNSTABLE,1.5349399340395182e-16,1.4026504555622367e-16,1
B1_D2_Craig_Bampton,B1,2,Craig_Bampton,full-grid,1032,15,26,57,1.0023986134648111,0.99984920508944231,-0.071446115067131291,0,0,1,UNSTABLE,3.1121690406567588e-16,1.4026504555622367e-16,1
B1_D2_Craig_Bampton,B1,2,Craig_Bampton,full-grid,1033,15,27,58,1.0022653923278222,0.99973581711706649,-0.071163281482200441,0,0,1,UNSTABLE,1.9878916411079663e-16,1.4026504555622367e-16,1
B1_D2_Craig_Bampton,B1,2,Craig_Bampton,full-grid,1034,15,28,59,1.0021176921907879,0.99960730607862147,-0.070887958328843828,0,0,1,UNSTABLE,4.2058994152541038e-16,1.4026504555622364e-16,1
B1_D2_Craig_Bampton,B1,2,Craig_Bampton,full-grid,1035,15,29,60,1.0019560948776898,0.99946423291159969,-0.070620557863681793,0,0,1,UNSTABLE,3.8450090084075185e-16,1.4026504555622367e-16,1
B1_D2_Craig_Bampton,B1,2,Craig_Bampton,full-grid,1036,15,30,61,1.001781140192749,0.99930712015243772,-0.070361441560884627,0,0,1,UNSTABLE,2.4872268467494068e-16,1.4026504555622364e-16,1
B1_D2_Craig_Bampton,B1,2,Craig_Bampton,full-grid,1037,15,31,62,1.0015933227041036,0.99913644814554292,-0.070110926912684751,0,0,1,UNSTABLE,1.801572858182493e-16,1.4026504555622367e-16,1
B1_D2_Craig_Bampton,B1,2,Craig_Bampton,full-grid,1038,15,32,63,1.0013930888704188,0.99895265162853342,-0.069869293983554459,0,0,1,UNSTABLE,1.925963646941538e-16,1.4026504555622364e-16,1
B1_D2_Craig_Bampton,B1,2,Craig_Bampton,full-grid,1039,15,33,64,1.0011808343574951,0.99875611653834895,-0.069636791726829683,0,0,1,UNSTABLE,2.6252200006476307e-16,1.4026504555622364e-16,1
B1_D2_Craig_Bampton,B1,2,Craig_Bampton,full-grid,1040,15,34,65,1.0009569013934962,0.99854717688299799,-0.069413644092961607,0,0,1,UNSTABLE,2.2174618302944013e-16,1.4026504555622364e-16,1
B1_D2_Craig_Bampton,B1,2,Craig_Bampton,full-grid,1041,15,35,66,1.0007215760082513,0.99832611151957285,-0.069200055972867922,0,0,1,UNSTABLE,2.5937288476708851e-16,1.4026504555622364e-16,1
B1_D2_Craig_Bampton,B1,2,Craig_Bampton,full-grid,1042,15,36,67,1.0004750849957553,0.99809314067149724,-0.068996219039671472,0,0,1,UNSTABLE,3.1702283077836191e-16,1.4026504555622364e-16,1
B1_D2_Craig_Bampton,B1,2,Craig_Bampton,full-grid,1043,15,37,68,1.0002175924252295,0.99784842200340529,-0.068802317564428672,0,0,1,UNSTABLE,2.510225924617123e-16,1.4026504555622364e-16,1
B1_D2_Craig_Bampton,B1,2,Craig_Bampton,full-grid,1044,15,38,69,0.99994919550398931,0.99759204604836538,-0.068618534304599452,1,0,-1,STABLE,1.3721624559378061e-16,1.4026504555622364e-16,1
B1_D2_Craig_Bampton,B1,2,Craig_Bampton,full-grid,1045,15,39,70,0.99966991956207452,0.99732403074788856,-0.068445056578463059,1,0,-1,STABLE,2.488741082800609e-16,1.4026504555622367e-16,1
B1_D2_Craig_Bampton,B1,2,Craig_Bampton,full-grid,1046,15,40,71,0.99937971188053687,0.99704431481471434,-0.068282082672407998,1,0,-1,STABLE,1.0741520684150438e-16,1.4026504555622364e-16,1
B1_D2_Craig_Bampton,B1,2,Craig_Bampton,full-grid,1047,15,41,72,0.99940429010942855,0.99916488516483959,-0.02187389637590657,1,0,-1,STABLE,1.9421163910762164e-16,1.4026504555622367e-16,1
B1_D2_Craig_Bampton,B1,2,Craig_Bampton,full-grid,1048,15,42,73,0.99948710026598409,0.99924881818135369,-0.02182344980229256,1,0,-1,STABLE,2.2850742123397834e-16,1.4026504555622367e-16,1
B1_D2_Craig_Bampton,B1,2,Craig_Bampton,full-grid,1049,15,43,74,0.99956866006039402,0.9993315299580694,-0.0217715274290976,1,0,-1,STABLE,1.7960087637157349e-16,1.4026504555622367e-16,1
B1_D2_Craig_Bampton,B1,2,Craig_Bampton,full-grid,1050,15,44,75,0.99964893574112024,0.99941298550632607,-0.021718175100282001,1,0,-1,STABLE,1.7576234269786391e-16,1.4026504555622364e-16,1
B1_D2_Craig_Bampton,B1,2,Craig_Bampton,full-grid,1051,15,45,76,0.99972789581171784,0.99949315206938993,-0.021663439951223152,1,0,-1,STABLE,2.6047729622357852e-16,1.4026504555622367e-16,1
B1_D2_Craig_Bampton,B1,2,Craig_Bampton,full-grid,1052,15,46,77,0.9998055110988272,0.99957199919459072,-0.021607370263783458,1,0,-1,STABLE,2.2815960208321862e-16,1.4026504555622364e-16,1
B1_D2_Craig_Bampton,B1,2,Craig_Bampton,full-grid,1053,15,47,78,0.99988175480728292,0.9996494987926372,-0.02155001531601948,1,0,-1,STABLE,3.5925760980110271e-16,1.4026504555622367e-16,1
B1_D2_Craig_Bampton,B1,2,Craig_Bampton,full-grid,1054,15,48,79,0.99995660256209085,0.99972562518382024,-0.021491425228193212,1,0,-1,STABLE,3.849019909226694e-16,1.4026504555622364e-16,1
B1_D2_Craig_Bampton,B1,2,Craig_Bampton,full-grid,1055,15,49,80,1.0000300324370077,0.99980035513080756,-0.021431650806083367,0,0,1,UNSTABLE,2.9947756046269067e-16,1.4026504555622364e-16,1
B1_D2_Craig_Bampton,B1,2,Craig_Bampton,full-grid,1056,15,50,81,1.0001020249697918,0.99987366785804799,-0.021370743383698959,0,0,1,UNSTABLE,2.1437710654463267e-16,1.4026504555622364e-16,1
B1_D2_Craig_Bampton,B1,2,Craig_Bampton,full-grid,1057,15,51,82,1.0001725631642664,0.999945545057906,-0.021308754666232371,0,0,1,UNSTABLE,2.5807282467444224e-16,1.4026504555622364e-16,1
B1_D2_Craig_Bampton,B1,2,Craig_Bampton,full-grid,1058,15,52,83,1.0002416324795778,1.0000159708838676,-0.021245736574811564,0,0,1,UNSTABLE,3.825316819915199e-16,1.4026504555622364e-16,1
B1_D2_Craig_Bampton,B1,2,Craig_Bampton,full-grid,1059,15,53,84,1.0003092208070945,1.0000849319312348,-0.021181741094484272,0,0,1,UNSTABLE,2.8545503165620441e-16,1.4026504555622364e-16,1
B1_D2_Craig_Bampton,B1,2,Craig_Bampton,full-grid,1060,15,54,85,1.0003753184356639,1.0001524172060039,-0.021116820126230229,0,0,1,UNSTABLE,2.2833726131284937e-16,1.4026504555622364e-16,1
B1_D2_Craig_Bampton,B1,2,Craig_Bampton,full-grid,1061,15,55,86,1.0004399180058867,1.0002184180825555,-0.021051025344516715,0,0,1,UNSTABLE,2.5526477827251636e-16,1.4026504555622367e-16,1
B1_D2_Craig_Bampton,B1,2,Craig_Bampton,full-grid,1062,15,56,87,1.0005030144542588,1.0002829282510004,-0.020984408060817025,0,0,1,UNSTABLE,1.8981693386619939e-16,1.4026504555622364e-16,1
B1_D2_Craig_Bampton,B1,2,Craig_Bampton,full-grid,1063,15,57,88,1.000564604948224,1.0003459436551854,-0.020917019094794747,0,0,1,UNSTABLE,2.0011969694124027e-16,1.4026504555622367e-16,1
B1_D2_Craig_Bampton,B1,2,Craig_Bampton,full-grid,1064,15,58,89,1.0006246888129211,1.0004074624221633,-0.020848908652573869,0,0,1,UNSTABLE,2.3545563673742915e-16,1.4026504555622367e-16,1
B1_D2_Craig_Bampton,B1,2,Craig_Bampton,full-grid,1065,15,59,90,1.00068326745073,1.0004674847841923,-0.020780126213795578,0,0,1,UNSTABLE,1.7115518562679292e-16,1.4026504555622367e-16,1
B1_D2_Craig_Bampton,B1,2,Craig_Bampton,full-grid,1066,15,60,91,1.0007403442547167,1.0005260129943809,-0.020710720427280914,0,0,1,UNSTABLE,1.3634889265727874e-16,1.4026504555622364e-16,1
B1_D2_Craig_Bampton,B1,2,Craig_Bampton,full-grid,1067,15,61,92,1.0007959245168072,1.0005830512367959,-0.02064073901570768,0,0,1,UNSTABLE,1.2091874209734316e-16,1.4026504555622367e-16,1
B1_D2_Craig_Bampton,B1,2,Craig_Bampton,full-grid,1068,15,62,93,1.0008500153319075,1.0006386055322531,-0.020570228689720721,0,0,1,UNSTABLE,2.0559430353007975e-16,1.4026504555622364e-16,1
B1_D2_Craig_Bampton,B1,2,Craig_Bampton,full-grid,1069,15,63,94,1.0009026254987508,1.0006926836405887,-0.020499235070835259,0,0,1,UNSTABLE,2.7523188912617566e-16,1.4026504555622367e-16,1
B1_D2_Craig_Bampton,B1,2,Craig_Bampton,full-grid,1070,15,64,95,1.0009537654186245,1.0007452949605473,-0.020427802624117482,0,0,1,UNSTABLE,2.258027823340451e-16,1.4026504555622364e-16,1
B1_D2_Craig_Bampton,B1,2,Craig_Bampton,full-grid,1071,15,65,96,1.0010034469926326,1.0007964504279752,-0.020355974599550766,0,0,1,UNSTABLE,3.6626798147712297e-16,1.4026504555622364e-16,1
B1_D2_Craig_Bampton,B1,2,Craig_Bampton,full-grid,1072,15,66,97,1.0010516835184275,1.0008461624132483,-0.020283792982370527,0,0,1,UNSTABLE,3.7512585323679318e-16,1.4026504555622364e-16,1
B1_D2_Craig_Bampton,B1,2,Craig_Bampton,full-grid,1073,16,0,32,0.99992861259306398,0.9968941322430771,-0.07784163013203084,1,0,-1,STABLE,2.0766044628731359e-16,1.2665150531458276e-16,1
B1_D2_Craig_Bampton,B1,2,Craig_Bampton,full-grid,1074,16,1,33,1.0002824042299547,0.99725461030608498,-0.077769726984972767,0,0,1,UNSTABLE,4.1759050489108016e-16,1.4026504555622364e-16,1
B1_D2_Craig_Bampton,B1,2,Craig_Bampton,full-grid,1075,16,2,34,1.000624803159091,0.99760584784626583,-0.07766961465143403,0,0,1,UNSTABLE,4.0292755216402524e-16,1.4026504555622364e-16,1
B1_D2_Craig_Bampton,B1,2,Craig_Bampton,full-grid,1076,16,3,35,1.000953613930684,0.99794552133130432,-0.077542721745424051,0,0,1,UNSTABLE,5.1568425774474642e-16,1.4026504555622364e-16,1
B1_D2_Craig_Bampton,B1,2,Craig_Bampton,full-grid,1077,16,4,36,1.0012669009763357,0.99827155279209356,-0.07739065755514192,0,0,1,UNSTABLE,3.2725521068517696e-16,1.4026504555622364e-16,1
B1_D2_Craig_Bampton,B1,2,Craig_Bampton,full-grid,1078,16,5,37,1.0015629889817241,0.99858211396570506,-0.0772151705676343,0,0,1,UNSTABLE,1.697177096604535e-16,1.4026504555622364e-16,1
B1_D2_Craig_Bampton,B1,2,Craig_Bampton,full-grid,1079,16,6,38,1.0018404581607916,0.99887562498524463,-0.077018110975029419,0,0,1,UNSTABLE,3.0570435480886213e-16,1.4026504555622364e-16,1
B1_D2_Craig_Bampton,B1,2,Craig_Bampton,full-grid,1080,16,7,39,1.0020981358896579,0.99915074906504153,-0.076801397098578847,0,0,1,UNSTABLE,1.7952188126364812e-16,1.4026504555622369e-16,1
B1_D2_Craig_Bampton,B1,2,Craig_Bampton,full-grid,1081,16,8,40,1.0023350857209006,0.99940638421431571,-0.076566985436236759,0,0,1,UNSTABLE,3.2774502494417503e-16,1.4026504555622364e-16,1
B1_D2_Craig_Bampton,B1,2,Craig_Bampton,full-grid,1082,16,9,41,1.0025505944460116,0.9996416526671541,-0.076316843992213362,0,0,1,UNSTABLE,1.62325333854245e-16,1.4026504555622367e-16,1
B1_D2_Craig_Bampton,B1,2,Craig_Bampton,full-grid,1083,16,10,42,1.0027441576298901,0.9998558884718145,-0.076052928603153866,0,0,1,UNSTABLE,1.5843108539257201e-16,1.4026504555622367e-16,1
B1_D2_Craig_Bampton,B1,2,Craig_Bampton,full-grid,1084,16,11,43,1.0029154639076374,1.0000486235443813,-0.075777162074466942,0,0,1,UNSTABLE,1.7007047517498158e-16,1.4026504555622369e-16,1
B1_D2_Craig_Bampton,B1,2,Craig_Bampton,full-grid,1085,16,12,44,1.0030643782833406,1.0002195724369829,-0.075491416034697958,0,0,1,UNSTABLE,3.02376765658528e-16,1.4026504555622364e-16,1
B1_D2_Craig_Bampton,B1,2,Craig_Bampton,full-grid,1086,16,13,45,1.0031909246742727,1.0003686160724461,-0.075197495477719783,0,0,1,UNSTABLE,3.0949889927003673e-16,1.4026504555622367e-16,1
B1_D2_Craig_Bampton,B1,2,Craig_Bampton,full-grid,1087,16,14,46,1.003295267972744,1.0004957847264322,-0.074897125987187743,0,0,1,UNSTABLE,2.1907935534104113e-16,1.4026504555622364e-16,1
B1_D2_Craig_Bampton,B1,2,Craig_Bampton,full-grid,1088,16,15,47,1.0033776959271423,1.0006012405701608,-0.074591943623398951,0,0,1,UNSTABLE,3.7316021260052429e-16,1.4026504555622364e-16,1
B1_D2_Craig_Bampton,B1,2,Craig_Bampton,full-grid,1089,16,16,48,1.0034386011592911,1.0006852601065499,-0.074283487411410984,0,0,1,UNSTABLE,1.4250178532768066e-16,1.4026504555622364e-16,1
B1_D2_Craig_Bampton,B1,2,Craig_Bampton,full-grid,1090,16,17,49,1.003478463630594,1.000748216832295,-0.073973194316582933,0,0,1,UNSTABLE,2.5398410520636925e-16,1.4026504555622364e-16,1
B1_D2_Craig_Bampton,B1,2,Craig_Bampton,full-grid,1091,16,18,50,1.0034978338424434,1.0007905644355763,-0.07366239653443736,0,0,1,UNSTABLE,2.8796366446808281e-16,1.4026504555622364e-16,1
B1_D2_Craig_Bampton,B1,2,Craig_Bampton,full-grid,1092,16,19,51,1.0034973170129391,1.0008128207985183,-0.073352320873168841,0,0,1,UNSTABLE,2.3177175571188923e-16,1.4026504555622364e-16,1
B1_D2_Craig_Bampton,B1,2,Craig_Bampton,full-grid,1093,16,20,52,1.0034775584163151,1.0008155530193275,-0.073044089971653875,0,0,1,UNSTABLE,4.8888670912820866e-16,1.4026504555622364e-16,1
B1_D2_Craig_Bampton,B1,2,Craig_Bampton,full-grid,1094,16,21,53,1.0034392300110326,1.0007993636088073,-0.072738725073652852,0,0,1,UNSTABLE,9.5545802801085933e-17,1.4026504555622367e-16,1
B1_D2_Craig_Bampton,B1,2,Craig_Bampton,full-grid,1095,16,22,54,1.0033830184224772,1.0007648779546225,-0.072437150075571027,0,0,1,UNSTABLE,1.8529912182695352e-16,1.4026504555622364e-16,1
B1_D2_Craig_Bampton,B1,2,Craig_Bampton,full-grid,1096,16,23,55,1.0033096142915741,1.0007127330898717,-0.072140196573798637,0,0,1,UNSTABLE,4.0647786353154843e-16,1.4026504555622367e-16,1
B1_D2_Craig_Bampton,B1,2,Craig_Bampton,full-grid,1097,16,24,56,1.0032197029536221,1.0006435677525545,-0.07184860965803419,0,0,1,UNSTABLE,3.0715934349153945e-16,1.4026504555622364e-16,1
B1_D2_Craig_Bampton,B1,2,Craig_Bampton,full-grid,1098,16,25,57,1.0031139563737184,1.0005580136812053,-0.071563054225311076,0,0,1,UNSTABLE,1.0404432810939154e-16,1.4026504555622367e-16,1
B1_D2_Craig_Bampton,B1,2,Craig_Bampton,full-grid,1099,16,26,58,1.0029930262372124,1.0004566880605668,-0.071284121621601651,0,0,1,UNSTABLE,2.6480753633066094e-16,1.4026504555622367e-16,1
B1_D2_Craig_Bampton,B1,2,Craig_Bampton,full-grid,1100,16,27,59,1.0028575380734444,1.000340187007563,-0.071012336452223823,0,0,1,UNSTABLE,4.4252019496332872e-16,1.4026504555622369e-16,1
B1_D2_Craig_Bampton,B1,2,Craig_Bampton,full-grid,1101,16,28,60,1.0027080862793367,1.0002090799729091,-0.07074816343705484,0,0,1,UNSTABLE,1.7175639062027602e-16,1.4026504555622364e-16,1
B1_D2_Craig_Bampton,B1,2,Craig_Bampton,full-grid,1102,16,29,61,1.0025452299023025,1.000063904923751,-0.070492014218063018,0,0,1,UNSTABLE,4.1127941176078246e-16,1.4026504555622367e-16,1
B1_D2_Craig_Bampton,B1,2,Craig_Bampton,full-grid,1103,16,30,62,1.0023694890408137,0.99990516416891284,-0.070244254058829989,0,0,1,UNSTABLE,2.0177863094497988e-16,1.4026504555622364e-16,1
B1_D2_Craig_Bampton,B1,2,Craig_Bampton,full-grid,1104,16,31,63,1.0021813417206165,0.99973332068595322,-0.070005208400317154,0,0,1,UNSTABLE,3.7270438400198266e-16,1.4026504555622364e-16,1
B1_D2_Craig_Bampton,B1,2,Craig_Bampton,full-grid,1105,16,32,64,1.0019812211070602,0.99954879480958381,-0.069775169264605377,0,0,1,UNSTABLE,1.5773994560001964e-16,1.4026504555622364e-16,1
B1_D2_Craig_Bampton,B1,2,Craig_Bampton,full-grid,1106,16,33,65,1.0017695129155648,0.99935196114101799,-0.069554401519167933,0,0,1,UNSTABLE,2.672924649157711e-16,1.4026504555622364e-16,1
B1_D2_Craig_Bampton,B1,2,Craig_Bampton,full-grid,1107,16,34,66,1.0015465528821501,0.99914314553625938,-0.069343149034540114,0,0,1,UNSTABLE,1.1954032904075878e-16,1.4026504555622364e-16,1
B1_D2_Craig_Bampton,B1,2,Craig_Bampton,full-grid,1108,16,35,67,1.0013126241545161,0.99892262202834448,-0.069141640790629469,0,0,1,UNSTABLE,2.8244268898355146e-16,1.4026504555622364e-16,1
B1_D2_Craig_Bampton,B1,2,Craig_Bampton,full-grid,1109,16,36,68,1.0010679544567951,0.9986906095300373,-0.068950097003808289,0,0,1,UNSTABLE,2.690976074998307e-16,1.4026504555622364e-16,1
B1_D2_Craig_Bampton,B1,2,Craig_Bampton,full-grid,1110,16,37,69,1.0008127128704924,0.9984472681512031,-0.06876873537149264,0,0,1,UNSTABLE,1.2422802928547401e-16,1.4026504555622367e-16,1
B1_D2_Craig_Bampton,B1,2,Craig_Bampton,full-grid,1111,16,38,70,1.0005470060544162,0.99819269494368357,-0.06859777755526697,0,0,1,UNSTABLE,3.0475167436729654e-16,1.4026504555622364e-16,1
B1_D2_Craig_Bampton,B1,2,Craig_Bampton,full-grid,1112,16,39,71,1.0002708736986317,0.99792691885654849,-0.068437456055143439,0,0,1,UNSTABLE,3.1116241362116962e-16,1.4026504555622367e-16,1
B1_D2_Craig_Bampton,B1,2,Craig_Bampton,full-grid,1113,16,40,72,0.99998428296534081,0.99764989463962683,-0.068288021667409105,1,0,-1,STABLE,1.5115940998293884e-16,1.4026504555622364e-16,1
B1_D2_Craig_Bampton,B1,2,Craig_Bampton,full-grid,1114,16,41,73,0.99968712161115969,0.99736149537107566,-0.068149751770475359,1,0,-1,STABLE,2.5501228111902953e-16,1.4026504555622367e-16,1
B1_D2_Craig_Bampton,B1,2,Craig_Bampton,full-grid,1115,16,42,74,0.99949115389205456,0.99925294193697578,-0.021820282738075607,1,0,-1,STABLE,1.0998436262364815e-16,1.4026504555622367e-16,1
B1_D2_Craig_Bampton,B1,2,Craig_Bampton,full-grid,1116,16,43,75,0.99957258683664718,0.99933552738127052,-0.021768327195825707,1,0,-1,STABLE,1.652050268610725e-16,1.4026504555622369e-16,1
B1_D2_Craig_Bampton,B1,2,Craig_Bampton,full-grid,1117,16,44,76,0.99965273660584897,0.99941685741098363,-0.021714947071461606,1,0,-1,STABLE,3.1461008373585334e-16,1.4026504555622364e-16,1
B1_D2_Craig_Bampton,B1,2,Craig_Bampton,full-grid,1118,16,45,77,0.99973157196546203,0.9994968995359953,-0.021660189345118347,1,0,-1,STABLE,2.5812697147371915e-16,1.4026504555622367e-16,1
B1_D2_Craig_Bampton,B1,2,Craig_Bampton,full-grid,1119,16,46,78,0.99980906398742408,0.99957562355361795,-0.02160410212910845,1,0,-1,STABLE,1.085988620589802e-16,1.4026504555622364e-16,1
B1_D2_Craig_Bampton,B1,2,Craig_Bampton,full-grid,1120,16,47,79,0.99988518610424426,0.99965300160719384,-0.021546734519345925,1,0,-1,STABLE,2.0720668023484887e-16,1.4026504555622364e-16,1
B1_D2_Craig_Bampton,B1,2,Craig_Bampton,full-grid,1121,16,48,80,0.99995991415045893,0.99972900823172761,-0.021488136443151909,1,0,-1,STABLE,1.4692391465641046e-16,1.4026504555622364e-16,1
B1_D2_Craig_Bampton,B1,2,Craig_Bampton,full-grid,1122,16,49,81,1.0000332263908505,0.99980362038627468,-0.021428358504377496,0,0,1,UNSTABLE,3.6659588091434785e-16,1.4026504555622364e-16,1
B1_D2_Craig_Bampton,B1,2,Craig_Bampton,full-grid,1123,16,50,82,1.0001051035355533,0.99987681747315726,-0.021367451827731924,0,0,1,UNSTABLE,4.2877248966540919e-16,1.4026504555622364e-16,1
B1_D2_Craig_Bampton,B1,2,Craig_Bampton,full-grid,1124,16,51,83,1.0001755287421685,0.99994858134410503,-0.021305467903520652,0,0,1,UNSTABLE,1.9491736620451936e-16,1.4026504555622364e-16,1
B1_D2_Craig_Bampton,B1,2,Craig_Bampton,full-grid,1125,16,52,84,1.0002444876051833,1.0000188962935819,-0.021242458434041593,0,0,1,UNSTABLE,4.298257783226099e-16,1.4026504555622364e-16,1
B1_D2_Craig_Bampton,B1,2,Craig_Bampton,full-grid,1126,16,53,85,1.0003119681331458,1.0000877490397175,-0.02117847518303892,0,0,1,UNSTABLE,1.7212327221353431e-16,1.4026504555622367e-16,1
B1_D2_Craig_Bampton,B1,2,Craig_Bampton,full-grid,1127,16,54,86,1.0003779607145276,1.0001551286937524,-0.02111356982938236,0,0,1,UNSTABLE,3.5786778086699648e-16,1.4026504555622364e-16,1
B1_D2_Craig_Bampton,B1,2,Craig_Bampton,full-grid,1128,16,55,87,1.0004424580723938,1.000221026718094,-0.021047793825845016,0,0,1,UNSTABLE,3.0585130804988051e-16,1.4026504555622367e-16,1
B1_D2_Craig_Bampton,B1,2,Craig_Bampton,full-grid,1129,16,56,88,1.0005054552094563,1.000285436874536,-0.020981198264168402,0,0,1,UNSTABLE,2.6496482478411563e-16,1.4026504555622364e-16,1
B1_D2_Craig_Bampton,B1,2,Craig_Bampton,full-grid,1130,16,57,89,1.0005669493436826,1.0003483551628023,-0.020913833747057627,0,0,1,UNSTABLE,2.503414609218117e-16,1.4026504555622367e-16,1
B1_D2_Craig_Bampton,B1,2,Craig_Bampton,full-grid,1131,16,58,90,1.000626939836037,1.0004097797509817,-0.020845750267720294,0,0,1,UNSTABLE,2.2160754978953104e-16,1.4026504555622367e-16,1
B1_D2_Craig_Bampton,B1,2,Craig_Bampton,full-grid,1132,16,59,91,1.0006854281108999,1.0004697108983795,-0.020776997097942371,0,0,1,UNSTABLE,1.7988945820703315e-16,1.4026504555622369e-16,1
B1_D2_Craig_Bampton,B1,2,Craig_Bampton,full-grid,1133,16,60,92,1.0007424175703854,1.0005281508720192,-0.020707622684357652,0,0,1,UNSTABLE,1.6281594889801798e-16,1.4026504555622364e-16,1
B1_D2_Craig_Bampton,B1,2,Craig_Bampton,full-grid,1134,16,61,93,1.0007979135035912,1.0005851038578093,-0.020637674554039788,0,0,1,UNSTABLE,3.0456852765619141e-16,1.4026504555622367e-16,1
B1_D2_Craig_Bampton,B1,2,Craig_Bampton,full-grid,1135,16,62,94,1.0008519229915935,1.0006405758672026,-0.020567199228957656,0,0,1,UNSTABLE,2.6201756863801287e-16,1.4026504555622364e-16,1
B1_D2_Craig_Bampton,B1,2,Craig_Bampton,full-grid,1136,16,63,95,1.0009044548093911,1.000694574640548,-0.020496242149648725,0,0,1,UNSTABLE,2.669058596786928e-16,1.4026504555622364e-16,1
B1_D2_Craig_Bampton,B1,2,Craig_Bampton,full-grid,1137,16,64,96,1.0009555193254687,1.0007471095478162,-0.02042484760798563,0,0,1,UNSTABLE,3.2367023307811001e-16,1.4026504555622364e-16,1
B1_D2_Craig_Bampton,B1,2,Craig_Bampton,full-grid,1138,16,65,97,1.0010051284000674,1.0007981914877935,-0.02035305868899159,0,0,1,UNSTABLE,1.4707247189924211e-16,1.4026504555622364e-16,1
B1_D2_Craig_Bampton,B1,2,Craig_Bampton,full-grid,1139,16,66,98,1.0010532952829176,1.0008478327865076,-0.020280917221347845,0,0,1,UNSTABLE,4.9770248418901522e-16,1.4026504555622364e-16,1
B1_D2_Craig_Bampton,B1,2,Craig_Bampton,full-grid,1140,17,0,33,1.0008277438236635,0.99782205296183313,-0.077506925046713485,0,0,1,UNSTABLE,3.8888184695011709e-16,1.2665150531458274e-16,1
B1_D2_Craig_Bampton,B1,2,Craig_Bampton,full-grid,1141,17,1,34,1.0011641432541263,0.99816599541070383,-0.077422783103732157,0,0,1,UNSTABLE,2.3229076047652349e-16,1.4026504555622364e-16,1
B1_D2_Craig_Bampton,B1,2,Craig_Bampton,full-grid,1142,17,2,35,1.0014884170399667,0.99849977905310883,-0.077312616668377063,0,0,1,UNSTABLE,1.6138737845379804e-16,1.4026504555622364e-16,1
B1_D2_Craig_Bampton,B1,2,Craig_Bampton,full-grid,1143,17,3,36,1.001798693836454,0.99882140616537418,-0.077177856657528923,0,0,1,UNSTABLE,2.9015748897136238e-16,1.4026504555622367e-16,1
B1_D2_Craig_Bampton,B1,2,Craig_Bampton,full-grid,1144,17,4,37,1.0020933316560134,0.99912909822303453,-0.077020065135488383,0,0,1,UNSTABLE,2.1348606385585282e-16,1.4026504555622367e-16,1
B1_D2_Craig_Bampton,B1,2,Craig_Bampton,full-grid,1145,17,5,38,1.0023709133877419,0.99942129429373439,-0.07684090393802516,0,0,1,UNSTABLE,3.8971514575510026e-16,1.4026504555622367e-16,1
B1_D2_Craig_Bampton,B1,2,Craig_Bampton,full-grid,1146,17,6,39,1.0026302399406202,0.99969664673182268,-0.076642106942169413,0,0,1,UNSTABLE,1.3769229546921124e-16,1.4026504555622364e-16,1
B1_D2_Craig_Bampton,B1,2,Craig_Bampton,full-grid,1147,17,7,40,1.0028703218621835,0.99995401506091652,-0.076425455415795096,0,0,1,UNSTABLE,1.3108012853196326e-16,1.4026504555622367e-16,1
B1_D2_Craig_Bampton,B1,2,Craig_Bampton,full-grid,1148,17,8,41,1.0030903698798586,1.0001924585284097,-0.07619275588011569,0,0,1,UNSTABLE,1.9573704566181103e-16,1.4026504555622367e-16,1
B1_D2_Craig_Bampton,B1,2,Craig_Bampton,full-grid,1149,17,9,42,1.00328978454083,1.000411227536925,-0.075945820043289383,0,0,1,UNSTABLE,2.9472403244544751e-16,1.4026504555622364e-16,1
B1_D2_Craig_Bampton,B1,2,Craig_Bampton,full-grid,1150,17,10,43,1.0034681449760685,1.0006097539968146,-0.075686446528728302,0,0,1,UNSTABLE,1.9687035919762679e-16,1.4026504555622364e-16,1
B1_D2_Craig_Bampton,B1,2,Craig_Bampton,full-grid,1151,17,11,44,1.0036251967697696,1.0007876405890297,-0.07541640428581553,0,0,1,UNSTABLE,1.61500924662704e-16,1.4026504555622364e-16,1
B1_D2_Craig_Bampton,B1,2,Craig_Bampton,full-grid,1152,17,12,45,1.003760838941766,1.0009446489464373,-0.075137417699648643,0,0,1,UNSTABLE,2.6779028097899232e-16,1.4026504555622364e-16,1
B1_D2_Craig_Bampton,B1,2,Craig_Bampton,full-grid,1153,17,13,46,1.0038751101175982,1.0010806868250135,-0.074851153495315043,0,0,1,UNSTABLE,3.6876961076185208e-16,1.4026504555622364e-16,1
B1_D2_Craig_Bampton,B1,2,Craig_Bampton,full-grid,1154,17,14,47,1.003968174037952,1.0011957944134711,-0.074559209557762213,0,0,1,UNSTABLE,1.9844535623561707e-16,1.4026504555622364e-16,1
B1_D2_Craig_Bampton,B1,2,Craig_Bampton,full-grid,1155,17,15,48,1.0040403046282316,1.0012901300017405,-0.074263105772986282,0,0,1,UNSTABLE,1.5887567283691603e-16,1.4026504555622364e-16,1
B1_D2_Craig_Bampton,B1,2,Craig_Bampton,full-grid,1156,17,16,49,1.0040918708957418,1.001363955280159,-0.07396427694898787,0,0,1,UNSTABLE,2.5841490908714258e-16,1.4026504555622364e-16,1
B1_D2_Craig_Bampton,B1,2,Craig_Bampton,full-grid,1157,17,17,50,1.0041233219402177,1.0014176205650012,-0.073664067809136063,0,0,1,UNSTABLE,2.8108455417260407e-16,1.4026504555622364e-16,1
B1_D2_Craig_Bampton,B1,2,Craig_Bampton,full-grid,1158,17,18,51,1.0041351723582321,1.0014515502456252,-0.073363729986490225,0,0,1,UNSTABLE,1.383748388741716e-16,1.4026504555622364e-16,1
B1_D2_Craig_Bampton,B1,2,Craig_Bampton,full-grid,1159,17,19,52,1.0041279882911776,1.0014662287220562,-0.073064420882600373,0,0,1,UNSTABLE,2.2362891830180981e-16,1.4026504555622367e-16,1
B1_D2_Craig_Bampton,B1,2,Craig_Bampton,full-grid,1160,17,20,53,1.0041023743231816,1.001462187061098,-0.072767204208029401,0,0,1,UNSTABLE,2.4002700446544342e-16,1.4026504555622367e-16,1
B1_D2_Craig_Bampton,B1,2,Craig_Bampton,full-grid,1161,17,21,54,1.0040589613822777,1.0014399905473312,-0.072473051989131024,0,0,1,UNSTABLE,1.5082764779492872e-16,1.4026504555622367e-16,1
B1_D2_Craig_Bampton,B1,2,Craig_Bampton,full-grid,1162,17,22,55,1.0039983957423215,1.0014002272496254,-0.072182847807178457,0,0,1,UNSTABLE,2.1200769016805172e-16,1.4026504555622364e-16,1
B1_D2_Craig_Bampton,B1,2,Craig_Bampton,full-grid,1163,17,23,56,1.0039213291714868,1.0013434976707019,-0.071897391037851061,0,0,1,UNSTABLE,1.8607817582197713e-16,1.4026504555622367e-16,1
B1_D2_Craig_Bampton,B1,2,Craig_Bampton,full-grid,1164,17,24,57,1.0038284102250776,1.0012704054974497,-0.071617401865603045,0,0,1,UNSTABLE,2.5072887405913658e-16,1.4026504555622367e-16,1
B1_D2_Craig_Bampton,B1,2,Craig_Bampton,full-grid,1165,17,25,58,1.0037202766429008,1.0011815494292975,-0.071343526871417345,0,0,1,UNSTABLE,1.5234045789078995e-16,1.4026504555622364e-16,1
B1_D2_Craig_Bampton,B1,2,Craig_Bampton,full-grid,1166,17,26,59,1.0035975487795676,1.0010775160274608,-0.0710763450146778,0,0,1,UNSTABLE,3.5848235552737696e-16,1.4026504555622364e-16,1
B1_D2_Craig_Bampton,B1,2,Craig_Bampton,full-grid,1167,17,27,60,1.0034608239748917,1.0009588735035297,-0.070816373861653251,0,0,1,UNSTABLE,4.1492535128213949e-16,1.4026504555622364e-16,1
B1_D2_Craig_Bampton,B1,2,Craig_Bampton,full-grid,1168,17,28,61,1.003310671755562,1.0008261663471054,-0.07056407594203408,0,0,1,UNSTABLE,2.9384210423905124e-16,1.4026504555622364e-16,1
B1_D2_Craig_Bampton,B1,2,Craig_Bampton,full-grid,1169,17,29,62,1.003147629750387,1.0006799106807027,-0.070319865144070501,0,0,1,UNSTABLE,1.8783052937241785e-16,1.4026504555622364e-16,1
B1_D2_Craig_Bampton,B1,2,Craig_Bampton,full-grid,1170,17,30,63,1.0029722001972896,1.0005205902233605,-0.070084113090558342,0,0,1,UNSTABLE,2.9548011815650977e-16,1.4026504555622364e-16,1
B1_D2_Craig_Bampton,B1,2,Craig_Bampton,full-grid,1171,17,31,64,1.0027848469182707,1.0003486527404728,-0.069857155461847745,0,0,1,UNSTABLE,2.6919635408235817e-16,1.4026504555622364e-16,1
B1_D2_Craig_Bampton,B1,2,Craig_Bampton,full-grid,1172,17,32,65,1.0025859926389997,1.0001645068558314,-0.069639298257233168,0,0,1,UNSTABLE,2.0416782242889676e-16,1.4026504555622364e-16,1
B1_D2_Craig_Bampton,B1,2,Craig_Bampton,full-grid,1173,17,33,66,1.0023760165312505,0.99996851910153972,-0.06943082401161231,0,0,1,UNSTABLE,1.5593581310191092e-16,1.4026504555622364e-16,1
B1_D2_Craig_Bampton,B1,2,Craig_Bampton,full-grid,1174,17,34,67,1.0021552518559538,0.99976101107949433,-0.069231998005094567,0,0,1,UNSTABLE,3.295256886491921e-16,1.4026504555622364e-16,1
B1_D2_Craig_Bampton,B1,2,Craig_Bampton,full-grid,1175,17,35,68,1.0019239835839369,0.99954225660583873,-0.069043074526073014,0,0,1,UNSTABLE,2.5499166340259796e-16,1.4026504555622367e-16,1
B1_D2_Craig_Bampton,B1,2,Craig_Bampton,full-grid,1176,17,36,69,1.0016824458670108,0.99931247870359718,-0.068864303273826866,0,0,1,UNSTABLE,1.2451105980425135e-16,1.4026504555622367e-16,1
B1_D2_Craig_Bampton,B1,2,Craig_Bampton,full-grid,1177,17,37,70,1.0014308192241583,0.99907184629911394,-0.068695936011155784,0,0,1,UNSTABLE,1.4664255312279697e-16,1.4026504555622367e-16,1
B1_D2_Craig_Bampton,B1,2,Craig_Bampton,full-grid,1178,17,38,71,1.0011692272940693,0.99882047046187039,-0.068538233614033717,0,0,1,UNSTABLE,1.8520106771673129e-16,1.4026504555622364e-16,1
B1_D2_Craig_Bampton,B1,2,Craig_Bampton,full-grid,1179,17,39,72,1.0008977329843352,0.9985584000039216,-0.068391473699504185,0,0,1,UNSTABLE,1.3308084865852214e-16,1.4026504555622367e-16,1
B1_D2_Craig_Bampton,B1,2,Craig_Bampton,full-grid,1180,17,40,73,1.0006163338186294,0.99828561622212286,-0.068255959070626343,0,0,1,UNSTABLE,3.8618644206076315e-16,1.4026504555622367e-16,1
B1_D2_Craig_Bampton,B1,2,Craig_Bampton,full-grid,1181,17,41,74,1.0003249562391514,0.99800202651742853,-0.068132027285014857,0,0,1,UNSTABLE,1.7740556363057483e-16,1.4026504555622364e-16,1
B1_D2_Craig_Bampton,B1,2,Craig_Bampton,full-grid,1182,17,42,75,1.000023448562718,0.9977074565599291,-0.068020061746430771,0,0,1,UNSTABLE,1.9754783777576578e-16,1.4026504555622364e-16,1
B1_D2_Craig_Bampton,B1,2,Craig_Bampton,full-grid,1183,17,43,76,0.99971157220434781,0.99740164057382685,-0.067920504856248301,1,0,-1,STABLE,3.4539486137118347e-16,1.4026504555622364e-16,1
B1_D2_Craig_Bampton,B1,2,Craig_Bampton,full-grid,1184,17,44,77,0.99965655349346039,0.9994207455755264,-0.021711707802076482,1,0,-1,STABLE,2.2170922688154939e-16,1.4026504555622364e-16,1
B1_D2_Craig_Bampton,B1,2,Craig_Bampton,full-grid,1185,17,45,78,0.99973526357587617,0.99950066269820892,-0.021656927366732255,1,0,-1,STABLE,1.3631046884776196e-16,1.4026504555622364e-16,1
B1_D2_Craig_Bampton,B1,2,Craig_Bampton,full-grid,1186,17,46,79,0.99981263177442292,0.9995792630514434,-0.021600822512831463,1,0,-1,STABLE,3.039927640887087e-16,1.4026504555622364e-16,1
B1_D2_Craig_Bampton,B1,2,Craig_Bampton,full-grid,1187,17,47,80,0.9998886317500153,0.9996565190119584,-0.021543442153279566,1,0,-1,STABLE,3.6500086505560267e-16,1.4026504555622364e-16,1
B1_D2_Craig_Bampton,B1,2,Craig_Bampton,full-grid,1188,17,48,81,0.99996323954737765,0.99973240533015284,-0.021484836021551934,1,0,-1,STABLE,2.9244906477495413e-16,1.4026504555622364e-16,1
B1_D2_Craig_Bampton,B1,2,Craig_Bampton,full-grid,1189,17,49,82,1.0000364336229384,0.99980689916211329,-0.021425054518610539,0,0,1,UNSTABLE,2.4531991278399523e-16,1.4026504555622364e-16,1
B1_D2_Craig_Bampton,B1,2,Craig_Bampton,full-grid,1190,17,50,83,1.0001081948597881,0.99987998008863577,-0.021364148559043485,0,0,1,UNSTABLE,2.4823955075769439e-16,1.4026504555622364e-16,1
B1_D2_Craig_Bampton,B1,2,Craig_Bampton,full-grid,1191,17,51,84,1.0001785065697737,0.99995163012130783,-0.021302169417266554,0,0,1,UNSTABLE,1.7365543527229514e-16,1.4026504555622367e-16,1
B1_D2_Craig_Bampton,B1,2,Craig_Bampton,full-grid,1192,17,52,85,1.0002473544831321,1.000021833696001,-0.021239168575820738,0,0,1,UNSTABLE,3.0322352353970377e-16,1.4026504555622367e-16,1
B1_D2_Craig_Bampton,B1,2,Craig_Bampton,full-grid,1193,17,53,86,1.0003147267260741,1.0000905776541757,-0.021175197576341967,0,0,1,UNSTABLE,1.1568923121276505e-16,1.4026504555622367e-16,1
B1_D2_Craig_Bampton,B1,2,Craig_Bampton,full-grid,1194,17,54,87,1.0003806137869351,1.0001578512125786,-0.021110307874654548,0,0,1,UNSTABLE,4.0881086312723674e-16,1.4026504555622364e-16,1
B1_D2_Craig_Bampton,B1,2,Craig_Bampton,full-grid,1195,17,55,88,1.0004450084716245,1.0002236459220417,-0.021044550700999393,0,0,1,UNSTABLE,3.733251398897614e-16,1.4026504555622367e-16,1
B1_D2_Craig_Bampton,B1,2,Craig_Bampton,full-grid,1196,17,56,89,1.000507905849229,1.0002879556162241,-0.020977976926402329,0,0,1,UNSTABLE,2.2261113161908231e-16,1.4026504555622367e-16,1
B1_D2_Craig_Bampton,B1,2,Craig_Bampton,full-grid,1197,17,57,90,1.000569303188489,1.0003507763509956,-0.020910636935750553,0,0,1,UNSTABLE,2.6114756588412489e-16,1.4026504555622364e-16,1
B1_D2_Craig_Bampton,B1,2,Craig_Bampton,full-grid,1198,17,58,91,1.0006291998863321,1.0004121063356357,-0.020842580508607173,0,0,1,UNSTABLE,1.569233782699685e-16,1.4026504555622364e-16,1
B1_D2_Craig_Bampton,B1,2,Craig_Bampton,full-grid,1199,17,59,92,1.0006875973892118,1.0004719458565901,-0.020773856707930693,0,0,1,UNSTABLE,2.7513370584650526e-16,1.4026504555622364e-16,1
B1_D2_Craig_Bampton,B1,2,Craig_Bampton,full-grid,1200,17,60,93,1.0007444991084171,1.0005302971949404,-0.020704513777453516,0,0,1,UNSTABLE,5.4284575263700799e-16,1.4026504555622364e-16,1
B1_D2_Craig_Bampton,B1,2,Craig_Bampton,full-grid,1201,17,61,94,1.0007999103301879,1.0005871645384281,-0.020634599047739469,0,0,1,UNSTABLE,2.2150337063295385e-16,1.4026504555622364e-16,1
B1_D2_Craig_Bampton,B1,2,Craig_Bampton,full-grid,1202,17,62,95,1.0008538381217935,1.0006425538891794,-0.020564158851407971,0,0,1,UNSTABLE,2.1969531605244816e-16,1.4026504555622364e-16,1
B1_D2_Craig_Bampton,B1,2,Craig_Bampton,full-grid,1203,17,63,96,1.0009062912344191,1.0006964729679959,-0.020493238447169753,0,0,1,UNSTABLE,3.3265316080608008e-16,1.4026504555622364e-16,1
B1_D2_Craig_Bampton,B1,2,Craig_Bampton,full-grid,1204,17,64,97,1.0009572800036382,1.0007489311159816,-0.020421881952984014,0,0,1,UNSTABLE,2.5850647565856626e-16,1.4026504555622364e-16,1
B1_D2_Craig_Bampton,B1,2,Craig_Bampton,full-grid,1205,17,65,98,1.0010068162487769,1.0007999391948246,-0.020350132288225433,0,0,1,UNSTABLE,1.6591800344319331e-16,1.4026504555622364e-16,1
B1_D2_Craig_Bampton,B1,2,Craig_Bampton,full-grid,1206,17,66,99,1.0010549131714312,1.0008495094860084,-0.020278031124306966,0,0,1,UNSTABLE,2.1091429009673939e-16,1.4026504555622364e-16,1
B1_D2_Craig_Bampton,B1,2,Craig_Bampton,full-grid,1207,18,0,34,1.0017189674377531,0.99874939353975034,-0.077074889740687977,0,0,1,UNSTABLE,2.7494330570248629e-16,1.2665150531458271e-16,1
B1_D2_Craig_Bampton,B1,2,Craig_Bampton,full-grid,1208,18,1,35,1.0020358986138291,0.9990744839055834,-0.07698128161843272,0,0,1,UNSTABLE,1.1075567525452207e-16,1.4026504555622364e-16,1
B1_D2_Craig_Bampton,B1,2,Craig_Bampton,full-grid,1209,18,2,36,1.0023404240165654,0.99938894360934738,-0.076863938287732733,0,0,1,UNSTABLE,4.5706198633126629e-16,1.4026504555622364e-16,1
B1_D2_Craig_Bampton,B1,2,Craig_Bampton,full-grid,1210,18,3,37,1.0026309638869628,0.99969107395644707,-0.076724223011418236,0,0,1,UNSTABLE,1.7476934676050889e-16,1.4026504555622364e-16,1
B1_D2_Craig_Bampton,B1,2,Craig_Bampton,full-grid,1211,18,4,38,1.0029061302176236,0.99997936084679817,-0.076563593884550446,0,0,1,UNSTABLE,1.5966650346425982e-16,1.4026504555622364e-16,1
B1_D2_Craig_Bampton,B1,2,Craig_Bampton,full-grid,1212,18,5,39,1.0031647211859522,1.0002524712385303,-0.076383582092635668,0,0,1,UNSTABLE,3.5294633054208576e-16,1.4026504555622367e-16,1
B1_D2_Craig_Bampton,B1,2,Craig_Bampton,full-grid,1213,18,6,40,1.0034057150640654,1.0005092488593466,-0.076185772754069583,0,0,1,UNSTABLE,1.3961594481893813e-16,1.4026504555622364e-16,1
B1_D2_Craig_Bampton,B1,2,Craig_Bampton,full-grid,1214,18,7,41,1.0036282638863092,1.0007487094958432,-0.075971787617846426,0,0,1,UNSTABLE,2.2544336707817537e-16,1.4026504555622367e-16,1
B1_D2_Craig_Bampton,B1,2,Craig_Bampton,full-grid,1215,18,8,42,1.0038316868635975,1.000970035888467,-0.075743269039937777,0,0,1,UNSTABLE,2.341242035055383e-16,1.4026504555622367e-16,1
B1_D2_Craig_Bampton,B1,2,Craig_Bampton,full-grid,1216,18,9,43,1.0040154633689655,1.0011725720802467,-0.075501864865854321,0,0,1,UNSTABLE,1.3108675039019456e-16,1.4026504555622367e-16,1
B1_D2_Craig_Bampton,B1,2,Craig_Bampton,full-grid,1217,18,10,44,1.0041792252645172,1.0013558169985957,-0.07524921405517325,0,0,1,UNSTABLE,1.8143021486722629e-16,1.4026504555622364e-16,1
B1_D2_Craig_Bampton,B1,2,Craig_Bampton,full-grid,1218,18,11,45,1.0043227483678225,1.0015194170655088,-0.074986933060766606,0,0,1,UNSTABLE,1.641792427602374e-16,1.4026504555622367e-16,1
B1_D2_Craig_Bampton,B1,2,Craig_Bampton,full-grid,1219,18,12,46,1.0044459429385042,1.0016631577062696,-0.074716603104835994,0,0,1,UNSTABLE,2.6983918833581875e-16,1.4026504555622364e-16,1
B1_D2_Craig_Bampton,B1,2,Craig_Bampton,full-grid,1220,18,13,47,1.0045488431704783,1.0017869537282882,-0.074439758563169298,0,0,1,UNSTABLE,1.5874597414458347e-16,1.4026504555622364e-16,1
B1_D2_Craig_Bampton,B1,2,Craig_Bampton,full-grid,1221,18,14,48,1.0046315957820398,1.0018908386489187,-0.074157876688413463,0,0,1,UNSTABLE,4.1463059997612412e-16,1.4026504555622364e-16,1
B1_D2_Craig_Bampton,B1,2,Craig_Bampton,full-grid,1222,18,15,49,1.0046944478857494,1.0019749531445532,-0.073872368876469807,0,0,1,UNSTABLE,2.3749419140631577e-16,1.4026504555622364e-16,1
B1_D2_Craig_Bampton,B1,2,Craig_Bampton,full-grid,1223,18,16,50,1.0047377343839898,1.0020395328624589,-0.073584573626934616,0,0,1,UNSTABLE,2.6970515031150326e-16,1.4026504555622364e-16,1
B1_D2_Craig_Bampton,B1,2,Craig_Bampton,full-grid,1224,18,17,51,1.0047618651679178,1.0020848958751625,-0.073295751272345985,0,0,1,UNSTABLE,2.6945594108444579e-16,1.4026504555622364e-16,1
B1_D2_Craig_Bampton,B1,2,Craig_Bampton,full-grid,1225,18,18,52,1.0047673124038745,1.0021114300689953,-0.073007080481129152,0,0,1,UNSTABLE,3.3608532198982912e-16,1.4026504555622364e-16,1
B1_D2_Craig_Bampton,B1,2,Craig_Bampton,full-grid,1226,18,19,53,1.0047545981700179,1.002119580742532,-0.072719656463748561,0,0,1,UNSTABLE,3.4554503139229293e-16,1.4026504555622364e-16,1
B1_D2_Craig_Bampton,B1,2,Craig_Bampton,full-grid,1227,18,20,54,1.0047242826698015,1.002109838657927,-0.072434490757722139,0,0,1,UNSTABLE,1.9047057214075465e-16,1.4026504555622364e-16,1
B1_D2_Craig_Bampton,B1,2,Craig_Bampton,full-grid,1228,18,21,55,1.0046769532011539,1.0020827287427532,-0.072152512423553888,0,0,1,UNSTABLE,2.9424341799113065e-16,1.4026504555622367e-16,1
B1_D2_Craig_Bampton,B1,2,Craig_Bampton,full-grid,1229,18,22,56,1.0046132140081259,1.0020387995885671,-0.071874570460212131,0,0,1,UNSTABLE,1.7662897005064148e-16,1.4026504555622364e-16,1
B1_D2_Craig_Bampton,B1,2,Craig_Bampton,full-grid,1230,18,23,57,1.0045336770906068,1.001978613841104,-0.071601437235819951,0,0,1,UNSTABLE,2.6536879240468256e-16,1.4026504555622367e-16,1
B1_D2_Craig_Bampton,B1,2,Craig_Bampton,full-grid,1231,18,24,58,1.0044389540012735,1.0019027395290159,-0.071333812735794436,0,0,1,UNSTABLE,3.0373603527653105e-16,1.4026504555622367e-16,1
B1_D2_Craig_Bampton,B1,2,Craig_Bampton,full-grid,1232,18,25,59,1.0043296486188393,1.001811742336169,-0.071072329441286206,0,0,1,UNSTABLE,2.9987622167456592e-16,1.4026504555622367e-16,1
B1_D2_Craig_Bampton,B1,2,Craig_Bampton,full-grid,1233,18,26,60,1.0042063508544545,1.0017061787878125,-0.070817557672789147,0,0,1,UNSTABLE,1.8146490170681096e-16,1.4026504555622364e-16,1
B1_D2_Craig_Bampton,B1,2,Craig_Bampton,full-grid,1234,18,27,61,1.0040696312233202,1.0015865902937013,-0.070570011256705256,0,0,1,UNSTABLE,1.6506614329742233e-16,1.4026504555622367e-16,1
B1_D2_Craig_Bampton,B1,2,Craig_Bampton,full-grid,1235,18,28,62,1.0039200361962666,1.0014534979712657,-0.070330153401148107,0,0,1,UNSTABLE,3.8063248962743369e-16,1.4026504555622364e-16,1
B1_D2_Craig_Bampton,B1,2,Craig_Bampton,full-grid,1236,18,29,63,1.0037580842349878,1.0013073981583818,-0.070098402694957693,0,0,1,UNSTABLE,2.5493979985510035e-16,1.4026504555622364e-16,1
B1_D2_Craig_Bampton,B1,2,Craig_Bampton,full-grid,1237,18,30,64,1.0035842624078883,1.0011487585162213,-0.069875139171339931,0,0,1,UNSTABLE,2.9365451468364156e-16,1.4026504555622364e-16,1
B1_D2_Craig_Bampton,B1,2,Craig_Bampton,full-grid,1238,18,31,65,1.003399023480493,1.0009780146177099,-0.069660710401165463,0,0,1,UNSTABLE,1.5902481434057097e-16,1.4026504555622364e-16,1
B1_D2_Craig_Bampton,B1,2,Craig_Bampton,full-grid,1239,18,32,66,1.003202783374693,1.0007955669151181,-0.069455437611311441,0,0,1,UNSTABLE,3.0861321989024476e-16,1.4026504555622364e-16,1
B1_D2_Craig_Bampton,B1,2,Craig_Bampton,full-grid,1240,18,33,67,1.0029959188912236,1.0006017779789593,-0.069259621842713281,0,0,1,UNSTABLE,1.4756946808821208e-16,1.4026504555622364e-16,1
B1_D2_Craig_Bampton,B1,2,Craig_Bampton,full-grid,1241,18,34,68,1.0027787655919764,1.0003969699005628,-0.069073550190652255,0,0,1,UNSTABLE,2.189372399309758e-16,1.4026504555622364e-16,1
B1_D2_Craig_Bampton,B1,2,Craig_Bampton,full-grid,1242,18,35,69,1.0025516157383669,1.0001814217487266,-0.068897502192065987,0,0,1,UNSTABLE,1.734074971610898e-16,1.4026504555622364e-16,1
B1_D2_Craig_Bampton,B1,2,Craig_Bampton,full-grid,1243,18,36,70,1.0023147161822314,0.99995536696906928,-0.068731756453774523,0,0,1,UNSTABLE,3.3543039317022987e-16,1.4026504555622364e-16,1
B1_D2_Craig_Bampton,B1,2,Craig_Bampton,full-grid,1244,18,37,71,1.0020682661023372,0.9997189906091859,-0.068576597645952059,0,0,1,UNSTABLE,1.8163047214227159e-16,1.4026504555622367e-16,1
B1_D2_Craig_Bampton,B1,2,Craig_Bampton,full-grid,1245,18,38,72,1.0018124144742115,0.99947242624478516,-0.068432324021707222,0,0,1,UNSTABLE,1.2361578895055629e-16,1.4026504555622364e-16,1
B1_D2_Craig_Bampton,B1,2,Craig_Bampton,full-grid,1246,18,39,73,1.0015472571505177,0.99921575246820649,-0.068299255670329156,0,0,1,UNSTABLE,2.2008400699860147e-16,1.4026504555622367e-16,1
B1_D2_Craig_Bampton,B1,2,Craig_Bampton,full-grid,1247,18,40,74,1.0012728334161831,0.99894898878312444,-0.068177743776431085,0,0,1,UNSTABLE,2.3489708157441162e-16,1.4026504555622367e-16,1
B1_D2_Craig_Bampton,B1,2,Craig_Bampton,full-grid,1248,18,41,75,1.0009891218606068,0.99867209072201735,-0.068068181231640407,0,0,1,UNSTABLE,1.9174742566570372e-16,1.4026504555622367e-16,1
B1_D2_Craig_Bampton,B1,2,Craig_Bampton,full-grid,1249,18,42,76,1.0006960353824303,0.99838494396758781,-0.067971015064885495,0,0,1,UNSTABLE,2.7666011043718545e-16,1.4026504555622364e-16,1
B1_D2_Craig_Bampton,B1,2,Craig_Bampton,full-grid,1250,18,43,77,1.0003934151049056,0.99808735721112107,-0.067886761305693752,0,0,1,UNSTABLE,5.7656334466922385e-16,1.4026504555622367e-16,1
B1_D2_Craig_Bampton,B1,2,Craig_Bampton,full-grid,1251,18,44,78,1.0000810229320474,0.99777905341670192,-0.067816023119028165,0,0,1,UNSTABLE,3.1281386602544058e-16,1.4026504555622364e-16,1
B1_D2_Craig_Bampton,B1,2,Craig_Bampton,full-grid,1252,18,45,79,0.99975853241487966,0.99745965907644973,-0.067759513364890181,1,0,-1,STABLE,5.622060114204789e-16,1.4026504555622364e-16,1
B1_D2_Craig_Bampton,B1,2,Craig_Bampton,full-grid,1253,18,46,80,0.99981621537474252,0.99958291862094628,-0.021597530588105106,1,0,-1,STABLE,2.5296570586697631e-16,1.4026504555622364e-16,1
B1_D2_Craig_Bampton,B1,2,Craig_Bampton,full-grid,1254,18,47,81,0.99989209261776535,0.99966005189809493,-0.021540137386565929,1,0,-1,STABLE,4.2131124804105145e-16,1.4026504555622364e-16,1
B1_D2_Craig_Bampton,B1,2,Craig_Bampton,full-grid,1255,18,48,82,0.999966579585163,0.99973581732940109,-0.021481523129527468,1,0,-1,STABLE,3.0925430064444711e-16,1.4026504555622364e-16,1
B1_D2_Craig_Bampton,B1,2,Craig_Bampton,full-grid,1256,18,49,83,1.0000396549257009,0.99981019226869816,-0.021421738014083012,0,0,1,UNSTABLE,3.35077186992165e-16,1.4026504555622364e-16,1
B1_D2_Craig_Bampton,B1,2,Craig_Bampton,full-grid,1257,18,50,84,1.0001112996960193,0.99988315647587667,-0.021360832743557649,0,0,1,UNSTABLE,2.4051273593776223e-16,1.4026504555622364e-16,1
B1_D2_Craig_Bampton,B1,2,Craig_Bampton,full-grid,1258,18,51,85,1.0001814973627825,0.99995469212297494,-0.021298858375611025,0,0,1,UNSTABLE,2.7441265843800075e-16,1.4026504555622364e-16,1
B1_D2_Craig_Bampton,B1,2,Craig_Bampton,full-grid,1259,18,52,86,1.0002502337924895,1.0000247837878087,-0.021235866172024921,0,0,1,UNSTABLE,4.1053736469028531e-16,1.4026504555622364e-16,1
B1_D2_Craig_Bampton,B1,2,Craig_Bampton,full-grid,1260,18,53,87,1.0003174972293805,1.0000934184355619,-0.021171907451232631,0,0,1,UNSTABLE,2.0871645048905865e-16,1.4026504555622367e-16,1
B1_D2_Craig_Bampton,B1,2,Craig_Bampton,full-grid,1261,18,54,88,1.0003832782620701,1.0001605853889242,-0.02110703344506085,0,0,1,UNSTABLE,1.741050030184415e-16,1.4026504555622364e-16,1
B1_D2_Craig_Bampton,B1,2,Craig_Bampton,full-grid,1262,18,55,89,1.0004475697795983,1.0002262762874632,-0.021041295160217119,0,0,1,UNSTABLE,1.3716420568037081e-16,1.4026504555622367e-16,1
B1_D2_Craig_Bampton,B1,2,Craig_Bampton,full-grid,1263,18,56,90,1.000510366917694,1.0002904850369922,-0.02097474324604141,0,0,1,UNSTABLE,2.9228877388953079e-16,1.4026504555622367e-16,1
B1_D2_Craig_Bampton,B1,2,Craig_Bampton,full-grid,1264,18,57,91,1.000571666996074,1.0003532077497517,-0.020907427868700278,0,0,1,UNSTABLE,4.4536963781692215e-16,1.4026504555622367e-16,1
B1_D2_Craig_Bampton,B1,2,Craig_Bampton,full-grid,1265,18,58,92,1.0006314694477501,1.0004144426763559,-0.020839398593049657,0,0,1,UNSTABLE,1.8676367925974698e-16,1.4026504555622364e-16,1
B1_D2_Craig_Bampton,B1,2,Craig_Bampton,full-grid,1266,18,59,93,1.0006897757414055,1.0004741901305665,-0.02077070427240171,0,0,1,UNSTABLE,2.4210402114851092e-16,1.4026504555622367e-16,1
B1_D2_Craig_Bampton,B1,2,Craig_Bampton,full-grid,1267,18,60,94,1.0007465892974918,1.0005324524075336,-0.020701392946595565,0,0,1,UNSTABLE,2.3530768644050399e-16,1.4026504555622364e-16,1
B1_D2_Craig_Bampton,B1,2,Craig_Bampton,full-grid,1268,18,61,95,1.0008019153994581,1.0005892336969147,-0.02063151174889899,0,0,1,UNSTABLE,2.3347975860263333e-16,1.4026504555622364e-16,1
B1_D2_Craig_Bampton,B1,2,Craig_Bampton,full-grid,1269,18,62,96,1.000855761100726,1.0006445399914909,-0.020561106821646226,0,0,1,UNSTABLE,1.9901563709368869e-16,1.4026504555622364e-16,1
B1_D2_Craig_Bampton,B1,2,Craig_Bampton,full-grid,1270,18,63,97,1.0009081351285321,1.0006983789923987,-0.020490223240883874,0,0,1,UNSTABLE,3.1829668627898302e-16,1.4026504555622364e-16,1
B1_D2_Craig_Bampton,B1,2,Craig_Bampton,full-grid,1271,18,64,98,1.0009590477855366,1.000750760011889,-0.020418904949936968,0,0,1,UNSTABLE,5.1577509452312901e-16,1.4026504555622364e-16,1
B1_D2_Craig_Bampton,B1,2,Craig_Bampton,full-grid,1272,18,65,99,1.0010085108499227,1.0008016938743411,-0.020347194701713308,0,0,1,UNSTABLE,1.5487788386668675e-16,1.4026504555622364e-16,1
B1_D2_Craig_Bampton,B1,2,Craig_Bampton,full-grid,1273,18,66,100,1.0010565374749887,1.0008511928165482,-0.020275134009564766,0,0,1,UNSTABLE,3.5554964499439755e-16,1.4026504555622364e-16,1
B1_D2_Craig_Bampton,B1,2,Craig_Bampton,full-grid,1274,19,0,35,1.0025826038666719,0.99965643502898005,-0.07654338300092714,0,0,1,UNSTABLE,1.5766466864535672e-16,1.2665150531458276e-16,1
B1_D2_Craig_Bampton,B1,2,Craig_Bampton,full-grid,1275,19,1,36,1.0028789569038137,0.99996128017856056,-0.076443707027691044,0,0,1,UNSTABLE,1.9896339111846056e-16,1.4026504555622367e-16,1
B1_D2_Craig_Bampton,B1,2,Craig_Bampton,full-grid,1276,19,2,37,1.0031630606600219,1.000255465849992,-0.076322534745631859,0,0,1,UNSTABLE,2.5513999870359244e-16,1.4026504555622367e-16,1
B1_D2_Craig_Bampton,B1,2,Craig_Bampton,full-grid,1277,19,3,38,1.0034335749832175,1.000537544381932,-0.076181111082562758,0,0,1,UNSTABLE,2.1772645977128231e-16,1.4026504555622364e-16,1
B1_D2_Craig_Bampton,B1,2,Craig_Bampton,full-grid,1278,19,4,39,1.0036893134069504,1.00080621646245,-0.076020753333750302,0,0,1,UNSTABLE,2.2665700481659227e-16,1.4026504555622367e-16,1
B1_D2_Craig_Bampton,B1,2,Craig_Bampton,full-grid,1279,19,5,40,1.003929239046174,1.0010603283824508,-0.075842837174318209,0,0,1,UNSTABLE,1.8698007139167488e-16,1.4026504555622367e-16,1
B1_D2_Craig_Bampton,B1,2,Craig_Bampton,full-grid,1280,19,6,41,1.0041524609304717,1.0012988696040377,-0.075648784011370027,0,0,1,UNSTABLE,2.6251550354814252e-16,1.4026504555622367e-16,1
B1_D2_Craig_Bampton,B1,2,Craig_Bampton,full-grid,1281,19,7,42,1.0043582306596071,1.0015209705735406,-0.07544004901330445,0,0,1,UNSTABLE,2.2737049304751359e-16,1.4026504555622364e-16,1
B1_D2_Craig_Bampton,B1,2,Craig_Bampton,full-grid,1282,19,8,43,1.0045459390883689,1.0017259005151935,-0.075218109361758406,0,0,1,UNSTABLE,2.1833896563756158e-16,1.4026504555622367e-16,1
B1_D2_Craig_Bampton,B1,2,Craig_Bampton,full-grid,1283,19,9,44,1.0047151126725693,1.0019130648501886,-0.074984452489535239,0,0,1,UNSTABLE,2.9340072164301249e-16,1.4026504555622364e-16,1
B1_D2_Craig_Bampton,B1,2,Craig_Bampton,full-grid,1284,19,10,45,1.0048654091209135,1.0020820018840382,-0.074740564272817597,0,0,1,UNSTABLE,1.4169575052923385e-16,1.4026504555622367e-16,1
B1_D2_Craig_Bampton,B1,2,Craig_Bampton,full-grid,1285,19,11,46,1.004996612069764,1.0022323784666081,-0.074487917307904244,0,0,1,UNSTABLE,2.3579326692461406e-16,1.4026504555622367e-16,1
B1_D2_Craig_Bampton,B1,2,Craig_Bampton,full-grid,1286,19,12,47,1.0051086246069654,1.0023639844317289,-0.074227959512939035,0,0,1,UNSTABLE,1.8203956669025666e-16,1.4026504555622367e-16,1
B1_D2_Craig_Bampton,B1,2,Craig_Bampton,full-grid,1287,19,13,48,1.0052014615942226,1.0024767257441782,-0.073962103352956068,0,0,1,UNSTABLE,1.9570768502515503e-16,1.4026504555622364e-16,1
B1_D2_Craig_Bampton,B1,2,Craig_Bampton,full-grid,1288,19,14,49,1.00527524085539,1.0025706164009904,-0.07369171599440634,0,0,1,UNSTABLE,4.0051332652007813e-16,1.4026504555622364e-16,1
B1_D2_Craig_Bampton,B1,2,Craig_Bampton,full-grid,1289,19,15,50,1.0053301733950724,1.0026457692353852,-0.073418110660442182,0,0,1,UNSTABLE,2.2041373345693853e-16,1.4026504555622364e-16,1
B1_D2_Craig_Bampton,B1,2,Craig_Bampton,full-grid,1290,19,16,51,1.0053665528843549,1.0027023858496136,-0.073142539401248652,0,0,1,UNSTABLE,1.7950500351040748e-16,1.4026504555622364e-16,1
B1_D2_Craig_Bampton,B1,2,Craig_Bampton,full-grid,1291,19,17,52,1.005384744688975,1.0027407459483979,-0.072866187413406211,0,0,1,UNSTABLE,2.0045090471522705e-16,1.4026504555622367e-16,1
B1_D2_Craig_Bampton,B1,2,Craig_Bampton,full-grid,1292,19,18,53,1.0053851747281131,1.0027611963635992,-0.072590168966063254,0,0,1,UNSTABLE,2.3628931062244312e-16,1.4026504555622367e-16,1
B1_D2_Craig_Bampton,B1,2,Craig_Bampton,full-grid,1293,19,19,54,1.0053683184380036,1.0027641400524558,-0.07231552491490062,0,0,1,UNSTABLE,1.6386194874983415e-16,1.4026504555622364e-16,1
B1_D2_Craig_Bampton,B1,2,Craig_Bampton,full-grid,1294,19,20,55,1.0053346900837341,1.002750025325108,-0.072043221723162756,0,0,1,UNSTABLE,3.2673668629805032e-16,1.4026504555622367e-16,1
B1_D2_Craig_Bampton,B1,2,Craig_Bampton,full-grid,1295,19,21,56,1.0052848326185906,1.0027193355160555,-0.071774151860040172,0,0,1,UNSTABLE,2.0059990438320675e-16,1.4026504555622367e-16,1
B1_D2_Craig_Bampton,B1,2,Craig_Bampton,full-grid,1296,19,22,57,1.0052193082423404,1.0026725792676365,-0.071509135416353287,0,0,1,UNSTABLE,2.3127196285974838e-16,1.4026504555622367e-16,1
B1_D2_Craig_Bampton,B1,2,Craig_Bampton,full-grid,1297,19,23,58,1.005138689759661,1.0026102815438094,-0.071248922759653777,0,0,1,UNSTABLE,2.5133363825620218e-16,1.4026504555622364e-16,1
B1_D2_Craig_Bampton,B1,2,Craig_Bampton,full-grid,1298,19,24,59,1.0050435527943729,1.002532975446057,-0.070994198050340851,0,0,1,UNSTABLE,3.854671883476514e-16,1.4026504555622367e-16,1
B1_D2_Craig_Bampton,B1,2,Craig_Bampton,full-grid,1299,19,25,60,1.0049344688740707,1.0024411948610019,-0.070745583444181387,0,0,1,UNSTABLE,2.7949479848551255e-16,1.4026504555622364e-16,1
B1_D2_Craig_Bampton,B1,2,Craig_Bampton,full-grid,1300,19,26,61,1.0048119993668509,1.0023354679341405,-0.070503643826795304,0,0,1,UNSTABLE,2.2684277100446241e-16,1.4026504555622367e-16,1
B1_D2_Craig_Bampton,B1,2,Craig_Bampton,full-grid,1301,19,27,62,1.0046766902252018,1.002216311335492,-0.070268891943351869,0,0,1,UNSTABLE,1.9791042341055973e-16,1.4026504555622367e-16,1
B1_D2_Craig_Bampton,B1,2,Craig_Bampton,full-grid,1302,19,28,63,1.0045290674735146,1.002084225261868,-0.07004179381291227,0,0,1,UNSTABLE,2.3782452702340984e-16,1.4026504555622367e-16,1
B1_D2_Craig_Bampton,B1,2,Craig_Bampton,full-grid,1303,19,29,64,1.0043696333621694,1.0019396891047556,-0.069822774341360402,0,0,1,UNSTABLE,4.0367499441049687e-16,1.4026504555622364e-16,1
B1_D2_Craig_Bampton,B1,2,Craig_Bampton,full-grid,1304,19,30,65,1.0041988631036374,1.0017831577030651,-0.069612223072628265,0,0,1,UNSTABLE,2.8193728753768842e-16,1.4026504555622364e-16,1
B1_D2_Craig_Bampton,B1,2,Craig_Bampton,full-grid,1305,19,31,66,1.0040172021029254,1.0016150580946381,-0.069410500046183182,0,0,1,UNSTABLE,2.4119932921195771e-16,1.4026504555622364e-16,1
B1_D2_Craig_Bampton,B1,2,Craig_Bampton,full-grid,1306,19,32,67,1.0038250635928985,1.001435786676919,-0.069217941749715281,0,0,1,UNSTABLE,1.1811170466257944e-16,1.4026504555622364e-16,1
B1_D2_Craig_Bampton,B1,2,Craig_Bampton,full-grid,1307,19,33,68,1.0036228265879927,1.0012457066880596,-0.069034867184633211,0,0,1,UNSTABLE,2.7346316359843121e-16,1.4026504555622367e-16,1
B1_D2_Craig_Bampton,B1,2,Craig_Bampton,full-grid,1308,19,34,69,1.0034108340716168,1.0010451459198506,-0.068861584084326979,0,0,1,UNSTABLE,1.9568666531425168e-16,1.4026504555622367e-16,1
B1_D2_Craig_Bampton,B1,2,Craig_Bampton,full-grid,1309,19,35,70,1.0031893913365322,1.0008343945758622,-0.068698395353380834,0,0,1,UNSTABLE,2.1164116673141719e-16,1.4026504555622364e-16,1
B1_D2_Craig_Bampton,B1,2,Craig_Bampton,full-grid,1310,19,36,71,1.0029587644010225,1.0006137031898503,-0.0685456058221105,0,0,1,UNSTABLE,1.7150880362328667e-16,1.4026504555622367e-16,1
B1_D2_Craig_Bampton,B1,2,Craig_Bampton,full-grid,1311,19,37,72,1.002719178427719,1.0003832805209523,-0.068403529447664035,0,0,1,UNSTABLE,1.1180699555002236e-16,1.4026504555622367e-16,1
B1_D2_Craig_Bampton,B1,2,Craig_Bampton,full-grid,1312,19,38,73,1.0024708160742477,1.0001432913421171,-0.068272497126773524,0,0,1,UNSTABLE,2.089023444402826e-16,1.4026504555622367e-16,1
B1_D2_Craig_Bampton,B1,2,Craig_Bampton,full-grid,1313,19,39,74,1.0022138157096652,0.99989385403905817,-0.068152865341418498,0,0,1,UNSTABLE,3.978390093225548e-16,1.4026504555622364e-16,1
B1_D2_Craig_Bampton,B1,2,Craig_Bampton,full-grid,1314,19,40,75,1.0019482694333777,0.99963503793553765,-0.068045025917817151,0,0,1,UNSTABLE,1.8359507892493505e-16,1.4026504555622367e-16,1
B1_D2_Craig_Bampton,B1,2,Craig_Bampton,full-grid,1315,19,41,76,1.0016742208393681,0.99936686026073485,-0.067949417265754861,0,0,1,UNSTABLE,1.4416458094724465e-16,1.4026504555622364e-16,1
B1_D2_Craig_Bampton,B1,2,Craig_Bampton,full-grid,1316,19,42,77,1.0013916624773869,0.99908928267490738,-0.067866537581960512,0,0,1,UNSTABLE,1.670367885544391e-16,1.4026504555622367e-16,1
B1_D2_Craig_Bampton,B1,2,Craig_Bampton,full-grid,1317,19,43,78,1.0011005329794815,0.99880220727509839,-0.067796960656018687,0,0,1,UNSTABLE,4.9771652135591884e-16,1.4026504555622367e-16,1
B1_D2_Craig_Bampton,B1,2,Craig_Bampton,full-grid,1318,19,44,79,1.0008007138504857,0.99850547201662765,-0.067741355142141108,0,0,1,UNSTABLE,3.6272070624627113e-16,1.4026504555622367e-16,1
B1_D2_Craig_Bampton,B1,2,Craig_Bampton,full-grid,1319,19,45,80,1.0004920259766081,0.99819884551897187,-0.067700508472019971,0,0,1,UNSTABLE,2.9862663998029174e-16,1.4026504555622364e-16,1
B1_D2_Craig_Bampton,B1,2,Craig_Bampton,full-grid,1320,19,46,81,1.0001742260078779,0.99788202129326398,-0.067675357037310577,0,0,1,UNSTABLE,1.7431765228758509e-16,1.4026504555622364e-16,1
B1_D2_Craig_Bampton,B1,2,Craig_Bampton,full-grid,1321,19,47,82,0.99989556959306858,0.99966360116942599,-0.021536819375700157,1,0,-1,STABLE,1.6650813836482415e-16,1.4026504555622364e-16,1
B1_D2_Craig_Bampton,B1,2,Craig_Bampton,full-grid,1322,19,48,83,0.999969935107894,0.99973924509179379,-0.021478196920966947,1,0,-1,STABLE,3.4696961143602712e-16,1.4026504555622364e-16,1
B1_D2_Craig_Bampton,B1,2,Craig_Bampton,full-grid,1323,19,49,84,1.0000428911026868,0.99981350052777684,-0.021418408143774978,0,0,1,UNSTABLE,3.6886061374295703e-16,1.4026504555622367e-16,1
B1_D2_Craig_Bampton,B1,2,Craig_Bampton,full-grid,1324,19,50,85,1.0001144188083364,0.9998863474170866,-0.0213575035351352,0,0,1,UNSTABLE,1.6500736561180795e-16,1.4026504555622367e-16,1
B1_D2_Craig_Bampton,B1,2,Craig_Bampton,full-grid,1325,19,51,86,1.0001845018468936,0.99995776809280934,-0.021295533934751146,0,0,1,UNSTABLE,2.7647953392725309e-16,1.4026504555622364e-16,1
B1_D2_Craig_Bampton,B1,2,Craig_Bampton,full-grid,1326,19,52,87,1.0002531262216827,1.0000277472752959,-0.021232550382528609,0,0,1,UNSTABLE,1.8438780993180352e-16,1.4026504555622367e-16,1
B1_D2_Craig_Bampton,B1,2,Craig_Bampton,full-grid,1327,19,53,88,1.0003202802954163,1.0000962720539197,-0.021168603972687904,0,0,1,UNSTABLE,2.4118637393568261e-16,1.4026504555622367e-16,1
B1_D2_Craig_Bampton,B1,2,Craig_Bampton,full-grid,1328,19,54,89,1.0003859547574157,1.0001633318577694,-0.021103745711875333,0,0,1,UNSTABLE,1.6124511449454329e-16,1.4026504555622367e-16,1
B1_D2_Craig_Bampton,B1,2,Craig_Bampton,full-grid,1329,19,55,90,1.000450142580148,1.0002289184154691,-0.021038026382227539,0,0,1,UNSTABLE,1.8597360290392463e-16,1.4026504555622364e-16,1
B1_D2_Craig_Bampton,B1,2,Craig_Bampton,full-grid,1330,19,56,91,1.0005128389662803,1.0002930257053082,-0.020971496410260117,0,0,1,UNSTABLE,2.8927551884733129e-16,1.4026504555622367e-16,1
B1_D2_Craig_Bampton,B1,2,Craig_Bampton,full-grid,1331,19,57,92,1.0005740412866782,1.0003556498960926,-0.020904205742409619,0,0,1,UNSTABLE,1.27099921576069e-16,1.4026504555622364e-16,1
B1_D2_Craig_Bampton,B1,2,Craig_Bampton,full-grid,1332,19,58,93,1.0006337490106472,1.0004167892800067,-0.020836203727783064,0,0,1,UNSTABLE,3.3365076457604373e-16,1.4026504555622367e-16,1
B1_D2_Craig_Bampton,B1,2,Craig_Bampton,full-grid,1333,19,59,94,1.0006919636291518,1.0004764441982008,-0.020767539009049579,0,0,1,UNSTABLE,2.021446787419186e-16,1.4026504555622367e-16,1
B1_D2_Craig_Bampton,B1,2,Craig_Bampton,full-grid,1334,19,60,95,1.0007486885718797,1.0005346169599885,-0.02069825942116606,0,0,1,UNSTABLE,1.6613165429970628e-16,1.4026504555622367e-16,1
B1_D2_Craig_Bampton,B1,2,Craig_Bampton,full-grid,1335,19,61,96,1.000803929119459,1.0005913117569374,-0.020628411899095686,0,0,1,UNSTABLE,2.4681622903253928e-16,1.4026504555622364e-16,1
B1_D2_Craig_Bampton,B1,2,Craig_Bampton,full-grid,1336,19,62,97,1.0008576923114059,1.0006465345724433,-0.020558042393978303,0,0,1,UNSTABLE,1.569413458617994e-16,1.4026504555622364e-16,1
B1_D2_Craig_Bampton,B1,2,Craig_Bampton,full-grid,1337,19,63,98,1.0009099868509705,1.0007002930879609,-0.020487195798336875,0,0,1,UNSTABLE,1.4141994571258747e-16,1.4026504555622364e-16,1
B1_D2_Craig_Bampton,B1,2,Craig_Bampton,full-grid,1338,19,64,99,1.000960823007689,1.0007525965866964,-0.020415915879894025,0,0,1,UNSTABLE,1.9658750290917097e-16,1.4026504555622364e-16,1
B1_D2_Craig_Bampton,B1,2,Craig_Bampton,full-grid,1339,19,65,100,1.0010102125184903,1.0008034558556271,-0.020344245224314644,0,0,1,UNSTABLE,1.4905743896038888e-16,1.4026504555622367e-16,1
B1_D2_Craig_Bampton,B1,2,Craig_Bampton,full-grid,1340,19,66,101,1.0010581684881292,1.0008528830866266,-0.020272225186079372,0,0,1,UNSTABLE,2.3620117374702625e-16,1.4026504555622367e-16,1
B1_D2_Craig_Bampton,B1,2,Craig_Bampton,full-grid,1341,20,0,36,1.0033995078449467,1.0005234595537249,-0.075916923186643989,0,0,1,UNSTABLE,1.0391264260731326e-16,1.2665150531458276e-16,1
B1_D2_Craig_Bampton,B1,2,Craig_Bampton,full-grid,1342,20,1,37,1.0036752786207874,1.0008077684324519,-0.075814745002346653,0,0,1,UNSTABLE,2.5648520762862276e-16,1.4026504555622364e-16,1
B1_D2_Craig_Bampton,B1,2,Craig_Bampton,full-grid,1343,20,2,38,1.0039393112643211,1.0010817602663644,-0.075693130229080224,0,0,1,UNSTABLE,1.7832437204427494e-16,1.4026504555622364e-16,1
B1_D2_Craig_Bampton,B1,2,Craig_Bampton,full-grid,1344,20,3,39,1.0041904477657442,1.0013441827899179,-0.075553179792497635,0,0,1,UNSTABLE,1.8523131141902357e-16,1.4026504555622367e-16,1
B1_D2_Craig_Bampton,B1,2,Craig_Bampton,full-grid,1345,20,4,40,1.0044276501661578,1.0015938993469113,-0.075396055661807806,0,0,1,UNSTABLE,2.0204866290882696e-16,1.4026504555622364e-16,1
B1_D2_Craig_Bampton,B1,2,Craig_Bampton,full-grid,1346,20,5,41,1.0046499989848701,1.0018298882031949,-0.07522297230948706,0,0,1,UNSTABLE,3.9192305514970909e-16,1.4026504555622367e-16,1
B1_D2_Craig_Bampton,B1,2,Craig_Bampton,full-grid,1347,20,6,42,1.0048566924150235,1.0020512425933807,-0.075035188467298092,0,0,1,UNSTABLE,3.0914441258691411e-16,1.4026504555622367e-16,1
B1_D2_Craig_Bampton,B1,2,Craig_Bampton,full-grid,1348,20,7,43,1.0050470459630383,1.0022571712104644,-0.074833998665225984,0,0,1,UNSTABLE,3.3168768918664866e-16,1.4026504555622369e-16,1
B1_D2_Craig_Bampton,B1,2,Craig_Bampton,full-grid,1349,20,8,44,1.0052204921077268,1.0024469987321476,-0.074620724240722497,0,0,1,UNSTABLE,1.9005681410695826e-16,1.4026504555622364e-16,1
B1_D2_Craig_Bampton,B1,2,Craig_Bampton,full-grid,1350,20,9,45,1.0053765795399796,1.0026201659472822,-0.074396703712956494,0,0,1,UNSTABLE,1.9433548390280482e-16,1.4026504555622367e-16,1
B1_D2_Craig_Bampton,B1,2,Craig_Bampton,full-grid,1351,20,10,46,1.0055149715857885,1.0027762290753928,-0.074163282589867721,0,0,1,UNSTABLE,2.4507163865132953e-16,1.4026504555622364e-16,1
B1_D2_Craig_Bampton,B1,2,Craig_Bampton,full-grid,1352,20,11,47,1.0056354435079982,1.0029148579554084,-0.073921802817647209,0,0,1,UNSTABLE,2.2949854043092483e-16,1.4026504555622364e-16,1
B1_D2_Craig_Bampton,B1,2,Craig_Bampton,full-grid,1353,20,12,48,1.0057378784991216,1.0030358328911739,-0.073673592176727837,0,0,1,UNSTABLE,2.8266213416344703e-16,1.4026504555622364e-16,1
B1_D2_Craig_Bampton,B1,2,Craig_Bampton,full-grid,1354,20,13,49,1.005822262301953,1.0031390400643407,-0.073419953970372584,0,0,1,UNSTABLE,2.2180784929082873e-16,1.4026504555622364e-16,1
B1_D2_Craig_Bampton,B1,2,Craig_Bampton,full-grid,1355,20,14,50,1.0058886765137092,1.0032244655457934,-0.073162157355143309,0,0,1,UNSTABLE,3.7499819143819787e-16,1.4026504555622364e-16,1
B1_D2_Craig_Bampton,B1,2,Craig_Bampton,full-grid,1356,20,15,51,1.0059372907282167,1.0032921880398775,-0.072901428626468714,0,0,1,UNSTABLE,1.2399357065185072e-16,1.4026504555622364e-16,1
B1_D2_Craig_Bampton,B1,2,Craig_Bampton,full-grid,1357,20,16,52,1.0059683537433477,1.0033423705743889,-0.072638943709739945,0,0,1,UNSTABLE,2.6595051126976084e-16,1.4026504555622364e-16,1
B1_D2_Craig_Bampton,B1,2,Craig_Bampton,full-grid,1358,20,17,53,1.0059821841061467,1.003375251400902,-0.072375822034363421,0,0,1,UNSTABLE,2.8463146903817285e-16,1.4026504555622364e-16,1
B1_D2_Craig_Bampton,B1,2,Craig_Bampton,full-grid,1359,20,18,54,1.0059791602831321,1.0033911343918096,-0.072113121884112188,0,0,1,UNSTABLE,2.1525450895184976e-16,1.4026504555622364e-16,1
B1_D2_Craig_Bampton,B1,2,Craig_Bampton,full-grid,1360,20,19,55,1.0059597107366289,1.0033903792193364,-0.071851837244419375,0,0,1,UNSTABLE,2.2226476807299032e-16,1.4026504555622367e-16,1
B1_D2_Craig_Bampton,B1,2,Craig_Bampton,full-grid,1361,20,20,56,1.0059243041612895,1.003373391579832,-0.071592896099820086,0,0,1,UNSTABLE,1.6975493930081564e-16,1.4026504555622364e-16,1
B1_D2_Craig_Bampton,B1,2,Craig_Bampton,full-grid,1362,20,21,57,1.0058734400958849,1.0033406136909144,-0.071337160082728085,0,0,1,UNSTABLE,1.7818117160025831e-16,1.4026504555622367e-16,1
B1_D2_Craig_Bampton,B1,2,Craig_Bampton,full-grid,1363,20,22,58,1.0058076400803109,1.0032925152457555,-0.07108542534000642,0,0,1,UNSTABLE,3.8244763672481086e-16,1.4026504555622367e-16,1
B1_D2_Craig_Bampton,B1,2,Craig_Bampton,full-grid,1364,20,23,59,1.0057274394807161,1.0032295849625918,-0.07083842446175119,0,0,1,UNSTABLE,1.9118350059516912e-16,1.4026504555622367e-16,1
B1_D2_Craig_Bampton,B1,2,Craig_Bampton,full-grid,1365,20,24,60,1.0056333800598796,1.00315232282153,-0.070596829308593956,0,0,1,UNSTABLE,2.1099885068145928e-16,1.4026504555622364e-16,1
B1_D2_Craig_Bampton,B1,2,Craig_Bampton,full-grid,1366,20,25,61,1.0055260033301854,1.0030612330399171,-0.070361254576771282,0,0,1,UNSTABLE,5.533243458088953e-16,1.4026504555622367e-16,1
B1_D2_Craig_Bampton,B1,2,Craig_Bampton,full-grid,1367,20,26,62,1.0054058446925911,1.0029568178018962,-0.070132261953517114,0,0,1,UNSTABLE,3.6001222309470542e-16,1.4026504555622364e-16,1
B1_D2_Craig_Bampton,B1,2,Craig_Bampton,full-grid,1368,20,27,63,1.0052734283374964,1.0028395717285061,-0.069910364730919952,0,0,1,UNSTABLE,1.7655801773314265e-16,1.4026504555622364e-16,1
B1_D2_Craig_Bampton,B1,2,Craig_Bampton,full-grid,1369,20,28,64,1.0051292628633202,1.0027099770524357,-0.06969603276848102,0,0,1,UNSTABLE,2.228990019553663e-16,1.4026504555622364e-16,1
B1_D2_Craig_Bampton,B1,2,Craig_Bampton,full-grid,1370,20,29,65,1.0049738375547508,1.002568499445502,-0.069489697719281457,0,0,1,UNSTABLE,3.2032352336334146e-16,1.4026504555622364e-16,1
B1_D2_Craig_Bampton,B1,2,Craig_Bampton,full-grid,1371,20,30,66,1.0048076192531452,1.0024155844355036,-0.069291758456555538,0,0,1,UNSTABLE,2.5426296029306293e-16,1.4026504555622364e-16,1
B1_D2_Craig_Bampton,B1,2,Craig_Bampton,full-grid,1372,20,31,67,1.0046310497491504,1.002251654344402,-0.069102586666414709,0,0,1,UNSTABLE,1.1076837774449062e-16,1.4026504555622364e-16,1
B1_D2_Craig_Bampton,B1,2,Craig_Bampton,full-grid,1373,20,32,68,1.0044445436252578,1.0020771056758768,-0.068922532591379343,0,0,1,UNSTABLE,2.3232456327966699e-16,1.4026504555622364e-16,1
B1_D2_Craig_Bampton,B1,2,Craig_Bampton,full-grid,1374,20,33,69,1.0042484864800503,1.0018923068821199,-0.068751930939397479,0,0,1,UNSTABLE,2.5874150436005909e-16,1.4026504555622364e-16,1
B1_D2_Craig_Bampton,B1,2,Craig_Bampton,full-grid,1375,20,34,70,1.0040432334695759,1.0016975964419095,-0.068591106993127454,0,0,1,UNSTABLE,3.0058114926094904e-16,1.4026504555622364e-16,1
B1_D2_Craig_Bampton,B1,2,Craig_Bampton,full-grid,1376,20,35,71,1.0038291081088979,1.0014932811874857,-0.06844038298423856,0,0,1,UNSTABLE,1.2158052298454768e-16,1.4026504555622367e-16,1
B1_D2_Craig_Bampton,B1,2,Craig_Bampton,full-grid,1377,20,36,72,1.0036064012842463,1.0012796348233484,-0.068300084822333393,0,0,1,UNSTABLE,1.6937832048555625e-16,1.4026504555622364e-16,1
B1_D2_Craig_Bampton,B1,2,Craig_Bampton,full-grid,1378,20,37,73,1.0033753704374229,1.0010568965888851,-0.068170549302947622,0,0,1,UNSTABLE,3.1971565701143812e-16,1.4026504555622367e-16,1
B1_D2_Craig_Bampton,B1,2,Craig_Bampton,full-grid,1379,20,38,74,1.0031362388962382,1.0008252700262699,-0.068052131955839132,0,0,1,UNSTABLE,1.1940598175398411e-16,1.4026504555622367e-16,1
B1_D2_Craig_Bampton,B1,2,Craig_Bampton,full-grid,1380,20,39,75,1.0028891953414416,1.0005849218283607,-0.067945215742813744,0,0,1,UNSTABLE,1.5911924918165546e-16,1.4026504555622367e-16,1
B1_D2_Craig_Bampton,B1,2,Craig_Bampton,full-grid,1381,20,40,76,1.0026343934228961,1.0003359807594272,-0.067850220873432676,0,0,1,UNSTABLE,3.1368702285309741e-16,1.4026504555622364e-16,1
B1_D2_Craig_Bampton,B1,2,Craig_Bampton,full-grid,1382,20,41,77,1.0023719515675398,1.0000785366656841,-0.067767616085725277,0,0,1,UNSTABLE,3.0625475354774842e-16,1.4026504555622367e-16,1
B1_D2_Craig_Bampton,B1,2,Craig_Bampton,full-grid,1383,20,42,78,1.0021019530668844,0.99981263963047162,-0.067697931841475295,0,0,1,UNSTABLE,3.8915169521928949e-16,1.4026504555622364e-16,1
B1_D2_Craig_Bampton,B1,2,Craig_Bampton,full-grid,1384,20,43,79,1.0018244465971313,0.999538299384235,-0.067641776024286865,0,0,1,UNSTABLE,2.9199543954766163e-16,1.4026504555622364e-16,1
B1_D2_Craig_Bampton,B1,2,Craig_Bampton,full-grid,1385,20,44,80,1.0015394474261139,0.99925548516684726,-0.067599852918289696,0,0,1,UNSTABLE,3.3374909802855437e-16,1.4026504555622364e-16,1
B1_D2_Craig_Bampton,B1,2,Craig_Bampton,full-grid,1386,20,45,81,1.0012469397175061,0.99896412637733123,-0.067572986502347221,0,0,1,UNSTABLE,3.0107908323398436e-16,1.4026504555622364e-16,1
B1_D2_Craig_Bampton,B1,2,Craig_Bampton,full-grid,1387,20,46,82,1.0009468805914414,0.99866411456840276,-0.067562149455487039,0,0,1,UNSTABLE,2.4147451652233474e-16,1.4026504555622364e-16,1
B1_D2_Craig_Bampton,B1,2,Craig_Bampton,full-grid,1388,20,47,83,1.0006392070001704,0.99835530770592429,-0.067568499771261184,0,0,1,UNSTABLE,2.5770007063406319e-16,1.4026504555622364e-16,1
B1_D2_Craig_Bampton,B1,2,Craig_Bampton,full-grid,1389,20,48,84,1.0003238471314331,0.99803753821576247,-0.067593427580284943,0,0,1,UNSTABLE,3.2101843299709298e-16,1.4026504555622364e-16,1
B1_D2_Craig_Bampton,B1,2,Craig_Bampton,full-grid,1390,20,49,85,1.0000461429693253,0.99981682477324862,-0.021415064047609764,0,0,1,UNSTABLE,3.6110353987297515e-16,1.4026504555622364e-16,1
B1_D2_Craig_Bampton,B1,2,Craig_Bampton,full-grid,1391,20,50,86,1.0001175529719848,0.99988955370590005,-0.021354160074490973,0,0,1,UNSTABLE,3.0396380772863518e-16,1.4026504555622364e-16,1
B1_D2_Craig_Bampton,B1,2,Craig_Bampton,full-grid,1392,20,51,87,1.0001875207583633,0.99996085878534036,-0.02129219523782434,0,0,1,UNSTABLE,2.0494243328177404e-16,1.4026504555622367e-16,1
B1_D2_Craig_Bampton,B1,2,Craig_Bampton,full-grid,1393,20,52,88,1.0002560324690919,1.000030724874968,-0.021229220354383384,0,0,1,UNSTABLE,1.9872359686335525e-16,1.4026504555622364e-16,1
B1_D2_Craig_Bampton,B1,2,Craig_Bampton,full-grid,1394,20,53,89,1.000323076585923,1.000099139188944,-0.021165286292889208,0,0,1,UNSTABLE,1.7604733963512016e-16,1.4026504555622367e-16,1
B1_D2_Craig_Bampton,B1,2,Craig_Bampton,full-grid,1395,20,54,90,1.0003886438992424,1.0001660912631392,-0.021100443833697243,0,0,1,UNSTABLE,2.7107646346147373e-16,1.4026504555622367e-16,1
B1_D2_Craig_Bampton,B1,2,Craig_Bampton,full-grid,1396,20,55,91,1.0004527274653683,1.0002315729156863,-0.021034743533174971,0,0,1,UNSTABLE,2.4022497061150365e-16,1.4026504555622367e-16,1
B1_D2_Craig_Bampton,B1,2,Craig_Bampton,full-grid,1397,20,56,92,1.0005153225541412,1.0002955781976135,-0.020968235593849728,0,0,1,UNSTABLE,2.0510905202415537e-16,1.4026504555622364e-16,1
B1_D2_Craig_Bampton,B1,2,Craig_Bampton,full-grid,1398,20,57,93,1.0005764265878263,1.000358103334571,-0.020900969741221905,0,0,1,UNSTABLE,2.6726807821901659e-16,1.4026504555622367e-16,1
B1_D2_Craig_Bampton,B1,2,Craig_Bampton,full-grid,1399,20,58,94,1.0006360390721449,1.0004191466604571,-0.020832995107617467,0,0,1,UNSTABLE,1.6838703978489753e-16,1.4026504555622364e-16,1
B1_D2_Craig_Bampton,B1,2,Craig_Bampton,full-grid,1400,20,59,95,1.0006941615204459,1.0004787085439424,-0.020764360123867086,0,0,1,UNSTABLE,2.1572716489312332e-16,1.4026504555622364e-16,1
B1_D2_Craig_Bampton,B1,2,Craig_Bampton,full-grid,1401,20,60,96,1.0007507973717129,1.0005367913085879,-0.02069511241897818,0,0,1,UNSTABLE,3.3035368532756311e-16,1.4026504555622364e-16,1
B1_D2_Craig_Bampton,B1,2,Craig_Bampton,full-grid,1402,20,61,97,1.0008059519037014,1.0005933991478408,-0.020625298728581227,0,0,1,UNSTABLE,2.4278324774400728e-16,1.4026504555622364e-16,1
B1_D2_Craig_Bampton,B1,2,Craig_Bampton,full-grid,1403,20,62,98,1.0008596321419601,1.0006485380356742,-0.020554964811629311,0,0,1,UNSTABLE,2.7848815316142901e-16,1.4026504555622364e-16,1
B1_D2_Craig_Bampton,B1,2,Craig_Bampton,full-grid,1404,20,63,99,1.000911846765641,1.000702215633769,-0.020484155376096543,0,0,1,UNSTABLE,1.8226308530213465e-16,1.4026504555622364e-16,1
B1_D2_Craig_Bampton,B1,2,Craig_Bampton,full-grid,1405,20,64,100,1.0009626060110031,1.000754441196154,-0.020412914013250755,0,0,1,UNSTABLE,1.3386607037106857e-16,1.4026504555622364e-16,1
B1_D2_Craig_Bampton,B1,2,Craig_Bampton,full-grid,1406,20,65,101,1.0010119215734843,1.0008052254721886,-0.020341283140484601,0,0,1,UNSTABLE,2.0565071539928113e-16,1.4026504555622364e-16,1
B1_D2_Craig_Bampton,B1,2,Craig_Bampton,full-grid,1407,20,66,102,1.0010598065091088,1.0008545806086566,-0.020269303952631289,0,0,1,UNSTABLE,2.5674522796526578e-16,1.4026504555622364e-16,1
B1_D2_Craig_Bampton,B1,2,Craig_Bampton,full-grid,1408,21,0,37,1.0041538546551454,1.0013336268263817,-0.075205927994483154,0,0,1,UNSTABLE,1.575907223664708e-16,1.2665150531458276e-16,1
B1_D2_Craig_Bampton,B1,2,Craig_Bampton,full-grid,1409,21,1,38,1.0044100157768794,1.0015981187696301,-0.075104515643529726,0,0,1,UNSTABLE,9.3533972130389096e-17,1.4026504555622364e-16,1
B1_D2_Craig_Bampton,B1,2,Craig_Bampton,full-grid,1410,21,2,39,1.0046551902496175,1.0018528983808297,-0.074985473936129601,0,0,1,UNSTABLE,3.5026208842131683e-16,1.4026504555622367e-16,1
B1_D2_Craig_Bampton,B1,2,Craig_Bampton,full-grid,1411,21,3,40,1.0048883513448776,1.002096857959812,-0.074849755749090655,0,0,1,UNSTABLE,2.125395047426372e-16,1.4026504555622367e-16,1
B1_D2_Craig_Bampton,B1,2,Craig_Bampton,full-grid,1412,21,4,41,1.0051085652111196,1.0023289785620948,-0.074698370768198602,0,0,1,UNSTABLE,1.3830838716810982e-16,1.4026504555622367e-16,1
B1_D2_Craig_Bampton,B1,2,Craig_Bampton,full-grid,1413,21,5,42,1.0053149918262922,1.0025483315315962,-0.07453238043904617,0,0,1,UNSTABLE,1.8707572075522445e-16,1.4026504555622367e-16,1
B1_D2_Craig_Bampton,B1,2,Craig_Bampton,full-grid,1414,21,6,43,1.0055068867319605,1.002754080840462,-0.074352892500559889,0,0,1,UNSTABLE,3.3465714824333773e-16,1.4026504555622364e-16,1
B1_D2_Craig_Bampton,B1,2,Craig_Bampton,full-grid,1415,21,7,44,1.0056836031429375,1.002945485852937,-0.074161054724008038,0,0,1,UNSTABLE,2.7920360215365409e-16,1.4026504555622364e-16,1
B1_D2_Craig_Bampton,B1,2,Craig_Bampton,full-grid,1416,21,8,45,1.0058445939757716,1.003121904065702,-0.073958047661399726,0,0,1,UNSTABLE,2.3231539209327144e-16,1.4026504555622364e-16,1
B1_D2_Craig_Bampton,B1,2,Craig_Bampton,full-grid,1417,21,9,46,1.0059894133471203,1.0032827933717909,-0.073745076381949215,0,0,1,UNSTABLE,2.0566287357048706e-16,1.4026504555622367e-16,1
B1_D2_Craig_Bampton,B1,2,Craig_Bampton,full-grid,1418,21,10,47,1.0061177171468765,1.0034277134384721,-0.0735233613246941,0,0,1,UNSTABLE,1.9152229319952077e-16,1.4026504555622364e-16,1
B1_D2_Craig_Bampton,B1,2,Craig_Bampton,full-grid,1419,21,11,48,1.0062292623858811,1.0035563258762408,-0.073294128519374668,0,0,1,UNSTABLE,3.0201544337741799e-16,1.4026504555622364e-16,1
B1_D2_Craig_Bampton,B1,2,Craig_Bampton,full-grid,1420,21,12,49,1.0063239051286315,1.0036683929824446,-0.073058599503250846,0,0,1,UNSTABLE,2.0508928905757406e-16,1.4026504555622364e-16,1
B1_D2_Craig_Bampton,B1,2,Craig_Bampton,full-grid,1421,21,13,50,1.0064015969432147,1.0037637749633839,-0.072817981303452919,0,0,1,UNSTABLE,2.0323774246080871e-16,1.4026504555622364e-16,1
B1_D2_Craig_Bampton,B1,2,Craig_Bampton,full-grid,1422,21,14,51,1.0064623799131109,1.0038424256530809,-0.072573456850988344,0,0,1,UNSTABLE,2.6409662205920559e-16,1.4026504555622364e-16,1
B1_D2_Craig_Bampton,B1,2,Craig_Bampton,full-grid,1423,21,15,52,1.0065063803532874,1.0039043868486546,-0.072326176159832986,0,0,1,UNSTABLE,3.471991356985888e-16,1.4026504555622367e-16,1
B1_D2_Craig_Bampton,B1,2,Craig_Bampton,full-grid,1424,21,16,53,1.0065338014458813,1.0039497814607543,-0.072077248546268236,0,0,1,UNSTABLE,8.810079369871435e-17,1.4026504555622364e-16,1
B1_D2_Craig_Bampton,B1,2,Craig_Bampton,full-grid,1425,21,17,54,1.0065449150580208,1.0039788057311596,-0.0718277360898463,0,0,1,UNSTABLE,3.2656452331100369e-16,1.4026504555622364e-16,1
B1_D2_Craig_Bampton,B1,2,Craig_Bampton,full-grid,1426,21,18,55,1.0065400530248392,1.0039917207964577,-0.071578648460374317,0,0,1,UNSTABLE,3.4884847972689795e-16,1.4026504555622367e-16,1
B1_D2_Craig_Bampton,B1,2,Craig_Bampton,full-grid,1427,21,19,56,1.0065195981787203,1.0039888438804823,-0.071330939159563317,0,0,1,UNSTABLE,1.277903316758629e-16,1.4026504555622367e-16,1
B1_D2_Craig_Bampton,B1,2,Craig_Bampton,full-grid,1428,21,20,57,1.0064839753838408,1.0039705393810789,-0.07108550315869909,0,0,1,UNSTABLE,1.661803462069974e-16,1.4026504555622367e-16,1
B1_D2_Craig_Bampton,B1,2,Craig_Bampton,full-grid,1429,21,21,58,1.0064336428024874,1.0039372100875941,-0.070843175862060362,0,0,1,UNSTABLE,3.5512051176552237e-16,1.4026504555622367e-16,1
B1_D2_Craig_Bampton,B1,2,Craig_Bampton,full-grid,1430,21,22,59,1.0063690835764676,1.0038892887248727,-0.070604733283317359,0,0,1,UNSTABLE,1.0761093893083777e-16,1.4026504555622364e-16,1
B1_D2_Craig_Bampton,B1,2,Craig_Bampton,full-grid,1431,21,23,60,1.0062907980633222,1.0038272299769428,-0.070370893299260454,0,0,1,UNSTABLE,3.1882505864675753e-16,1.4026504555622364e-16,1
B1_D2_Craig_Bampton,B1,2,Craig_Bampton,full-grid,1432,21,24,61,1.0061992967233895,1.0037515031001392,-0.070142317832065537,0,0,1,UNSTABLE,2.2591397557736994e-16,1.4026504555622364e-16,1
B1_D2_Craig_Bampton,B1,2,Craig_Bampton,full-grid,1433,21,25,62,1.0060950937144109,1.003662585195376,-0.06991961581090117,0,0,1,UNSTABLE,3.0990448012250413e-16,1.4026504555622367e-16,1
B1_D2_Craig_Bampton,B1,2,Craig_Bampton,full-grid,1434,21,26,63,1.0059787012157868,1.0035609551734874,-0.069703346771006952,0,0,1,UNSTABLE,2.9702657604207312e-16,1.4026504555622364e-16,1
B1_D2_Craig_Bampton,B1,2,Craig_Bampton,full-grid,1435,21,27,64,1.0058506244774907,1.0034470884188362,-0.069494024962714188,0,0,1,UNSTABLE,3.0590714349886401e-16,1.4026504555622364e-16,1
B1_D2_Craig_Bampton,B1,2,Craig_Bampton,full-grid,1436,21,28,65,1.0057113575674297,1.0033214521332607,-0.069292123862146393,0,0,1,UNSTABLE,1.4770645599551506e-16,1.4026504555622364e-16,1
B1_D2_Craig_Bampton,B1,2,Craig_Bampton,full-grid,1437,21,29,66,1.0055613797758698,1.0031845013254026,-0.069098080995455058,0,0,1,UNSTABLE,2.0625426358497693e-16,1.4026504555622364e-16,1
B1_D2_Craig_Bampton,B1,2,Craig_Bampton,full-grid,1438,21,30,67,1.005401152627023,1.0030366753998785,-0.068912303012637774,0,0,1,UNSTABLE,4.3511705473239723e-16,1.4026504555622364e-16,1
B1_D2_Craig_Bampton,B1,2,Craig_Bampton,full-grid,1439,21,31,68,1.0052311174426118,1.0028783952936915,-0.068735170968523662,0,0,1,UNSTABLE,2.8529410065724484e-16,1.4026504555622367e-16,1
B1_D2_Craig_Bampton,B1,2,Craig_Bampton,full-grid,1440,21,32,69,1.005051693402802,1.0027100611059567,-0.068567045792626541,0,0,1,UNSTABLE,2.5528669537125161e-16,1.4026504555622364e-16,1
B1_D2_Craig_Bampton,B1,2,Craig_Bampton,full-grid,1441,21,33,70,1.0048632760530631,1.0025320501684178,-0.068408273952815318,0,0,1,UNSTABLE,2.0239081709892073e-16,1.4026504555622364e-16,1
B1_D2_Craig_Bampton,B1,2,Craig_Bampton,full-grid,1442,21,34,71,1.0046662362116097,1.0023447155086416,-0.068259193340549001,0,0,1,UNSTABLE,2.7299985959028692e-16,1.4026504555622367e-16,1
B1_D2_Craig_Bampton,B1,2,Craig_Bampton,full-grid,1443,21,35,72,1.0044609192421423,1.0021483846660408,-0.0681201394303797,0,0,1,UNSTABLE,2.6852662791245308e-16,1.4026504555622367e-16,1
B1_D2_Craig_Bampton,B1,2,Craig_Bampton,full-grid,1444,21,36,73,1.0042476446683806,1.0019433588308786,-0.067991451791289084,0,0,1,UNSTABLE,3.7959173769407507e-16,1.4026504555622367e-16,1
B1_D2_Craig_Bampton,B1,2,Craig_Bampton,full-grid,1445,21,37,74,1.004026706123258,1.0017299122906387,-0.067873481057836027,0,0,1,UNSTABLE,1.4279153821948315e-16,1.4026504555622367e-16,1
B1_D2_Craig_Bampton,B1,2,Craig_Bampton,full-grid,1446,21,38,75,1.0037983716461711,1.0015082921864997,-0.067766596499936785,0,0,1,UNSTABLE,2.0679101089112286e-16,1.4026504555622364e-16,1
B1_D2_Craig_Bampton,B1,2,Craig_Bampton,full-grid,1447,21,39,76,1.0035628843684268,1.0012787186063981,-0.06767119437254035,0,0,1,UNSTABLE,3.9727066988706102e-16,1.4026504555622364e-16,1
B1_D2_Craig_Bampton,B1,2,Craig_Bampton,full-grid,1448,21,40,77,1.0033204636629656,1.0010413850738984,-0.067587707271363456,0,0,1,UNSTABLE,3.5320217301354944e-16,1.4026504555622364e-16,1
B1_D2_Craig_Bampton,B1,2,Craig_Bampton,full-grid,1449,21,41,78,1.003071306884433,1.0007964595374226,-0.06751661478632176,0,0,1,UNSTABLE,1.7790642914470125e-16,1.4026504555622367e-16,1
B1_D2_Craig_Bampton,B1,2,Craig_Bampton,full-grid,1450,21,42,79,1.0028155918939889,1.0005440860274406,-0.067458455816932467,0,0,1,UNSTABLE,2.9592426286598621e-16,1.4026504555622364e-16,1
B1_D2_Craig_Bampton,B1,2,Craig_Bampton,full-grid,1451,21,43,80,1.0025534806633452,1.0002843872419391,-0.067413843016154745,0,0,1,UNSTABLE,2.1570520197396236e-16,1.4026504555622364e-16,1
B1_D2_Craig_Bampton,B1,2,Craig_Bampton,full-grid,1452,21,44,81,1.0022851243965498,1.0000174684551939,-0.067383479956680273,0,0,1,UNSTABLE,2.3182370094014457e-16,1.4026504555622364e-16,1
B1_D2_Craig_Bampton,B1,2,Craig_Bampton,full-grid,1453,21,45,82,1.002010670822379,0.99974342334723909,-0.067368181776393116,0,0,1,UNSTABLE,3.859187120273355e-16,1.4026504555622364e-16,1
B1_D2_Craig_Bampton,B1,2,Craig_Bampton,full-grid,1454,21,46,83,1.0017302746315853,0.99946234265720468,-0.06736890027040475,0,0,1,UNSTABLE,3.0869059020172759e-16,1.4026504555622364e-16,1
B1_D2_Craig_Bampton,B1,2,Craig_Bampton,full-grid,1455,21,47,84,1.0014441125218687,0.99917432703284992,-0.067386754656717826,0,0,1,UNSTABLE,2.6437193404888726e-16,1.4026504555622367e-16,1
B1_D2_Craig_Bampton,B1,2,Craig_Bampton,full-grid,1456,21,48,85,1.001152405067292,0.99887950617874466,-0.067423069554344947,0,0,1,UNSTABLE,3.0298145001407503e-16,1.4026504555622364e-16,1
B1_D2_Craig_Bampton,B1,2,Craig_Bampton,full-grid,1457,21,49,86,1.0008554488000345,0.99857806755029277,-0.067479422050292781,0,0,1,UNSTABLE,4.8897255769881215e-16,1.4026504555622364e-16,1
B1_D2_Craig_Bampton,B1,2,Craig_Bampton,full-grid,1458,21,50,87,1.0005536637351344,0.99827029965934111,-0.067557700018943789,0,0,1,UNSTABLE,1.1548835926891342e-16,1.4026504555622367e-16,1
B1_D2_Craig_Bampton,B1,2,Craig_Bampton,full-grid,1459,21,51,88,1.0002476644774503,0.99795665795787603,-0.06766017388494229,0,0,1,UNSTABLE,4.6498418535818244e-16,1.4026504555622367e-16,1
B1_D2_Craig_Bampton,B1,2,Craig_Bampton,full-grid,1460,21,52,89,1.0002589532437416,1.0000337173142628,-0.021225875220658743,0,0,1,UNSTABLE,2.1466245158021966e-16,1.4026504555622367e-16,1
B1_D2_Craig_Bampton,B1,2,Craig_Bampton,full-grid,1461,21,53,90,1.0003258867725944,1.0001020205305613,-0.021161953550325564,0,0,1,UNSTABLE,3.1909232672289707e-16,1.4026504555622367e-16,1
B1_D2_Craig_Bampton,B1,2,Craig_Bampton,full-grid,1462,21,54,91,1.0003913463232421,1.0001688642587541,-0.021097126955648433,0,0,1,UNSTABLE,3.2144495630667467e-16,1.4026504555622364e-16,1
B1_D2_Craig_Bampton,B1,2,Craig_Bampton,full-grid,1463,21,55,92,1.0004553250361605,1.0002342404068187,-0.021031445765903326,0,0,1,UNSTABLE,4.1416213195118495e-16,1.4026504555622364e-16,1
B1_D2_Craig_Bampton,B1,2,Craig_Bampton,full-grid,1464,21,56,93,1.0005178182486978,1.000298143098884,-0.020964959958438854,0,0,1,UNSTABLE,2.4271748998559544e-16,1.4026504555622364e-16,1
B1_D2_Craig_Bampton,B1,2,Craig_Bampton,full-grid,1465,21,57,94,1.0005788234347266,1.0003605686176811,-0.02089771903656704,0,0,1,UNSTABLE,1.9618021853733131e-16,1.4026504555622367e-16,1
B1_D2_Craig_Bampton,B1,2,Craig_Bampton,full-grid,1466,21,58,95,1.0006383401365793,1.0004215153390472,-0.020829771914570239,0,0,1,UNSTABLE,2.6027709322284246e-16,1.4026504555622364e-16,1
B1_D2_Craig_Bampton,B1,2,Craig_Bampton,full-grid,1467,21,59,96,1.0006963698900215,1.0004809836592325,-0.020761166810209515,0,0,1,UNSTABLE,2.2844563443988967e-16,1.4026504555622364e-16,1
B1_D2_Craig_Bampton,B1,2,Craig_Bampton,full-grid,1468,21,60,97,1.0007529161433544,1.0005389759160908,-0.020691951145509695,0,0,1,UNSTABLE,1.7424216522011828e-16,1.4026504555622364e-16,1
B1_D2_Craig_Bampton,B1,2,Craig_Bampton,full-grid,1469,21,61,98,1.0008079841714819,1.0005954963049972,-0.020622171455537699,0,0,1,UNSTABLE,2.1936730871970192e-16,1.4026504555622364e-16,1
B1_D2_Craig_Bampton,B1,2,Craig_Bampton,full-grid,1470,21,62,99,1.0008615809858799,1.0006505507904193,-0.020551873305985426,0,0,1,UNSTABLE,1.4213775759247894e-16,1.4026504555622364e-16,1
B1_D2_Craig_Bampton,B1,2,Craig_Bampton,full-grid,1471,21,63,100,1.0009137152414367,1.0007041470141229,-0.020481101219234858,0,0,1,UNSTABLE,2.5782545742617329e-16,1.4026504555622367e-16,1
B1_D2_Craig_Bampton,B1,2,Craig_Bampton,full-grid,1472,21,64,101,1.0009643971409441,1.0007562942007926,-0.020409898609016618,0,0,1,UNSTABLE,1.1255956192696715e-16,1.4026504555622364e-16,1
B1_D2_Craig_Bampton,B1,2,Craig_Bampton,full-grid,1473,21,65,102,1.0010136383381503,1.0008070030619896,-0.020338307723596866,0,0,1,UNSTABLE,2.3636882682735738e-16,1.4026504555622364e-16,1
B1_D2_Craig_Bampton,B1,2,Craig_Bampton,full-grid,1474,21,66,103,1.0010614518400565,1.0008562856991368,-0.020266369597188142,0,0,1,UNSTABLE,1.3053715257838631e-16,1.4026504555622367e-16,1
B1_D2_Craig_Bampton,B1,2,Craig_Bampton,full-grid,1475,22,0,38,1.0048348559035212,1.002074876579552,-0.074424655637267564,0,0,1,UNSTABLE,1.6758618440912235e-16,1.2665150531458276e-16,1
B1_D2_Craig_Bampton,B1,2,Craig_Bampton,full-grid,1476,22,1,39,1.0050730446962541,1.0023209924669405,-0.074326665706770503,0,0,1,UNSTABLE,2.8007795480825274e-16,1.4026504555622367e-16,1
B1_D2_Craig_Bampton,B1,2,Craig_Bampton,full-grid,1477,22,2,40,1.0053011288779683,1.0025581539568522,-0.074212584228998832,0,0,1,UNSTABLE,3.1745392502092409e-16,1.4026504555622364e-16,1
B1_D2_Craig_Bampton,B1,2,Craig_Bampton,full-grid,1478,22,3,41,1.0055181744714559,1.0027853583376389,-0.074083225470157263,0,0,1,UNSTABLE,1.8111383854682591e-16,1.4026504555622367e-16,1
B1_D2_Craig_Bampton,B1,2,Craig_Bampton,full-grid,1479,22,4,42,1.0057233194424489,1.0030016707620524,-0.073939459822677411,0,0,1,UNSTABLE,1.8491861933495585e-16,1.4026504555622367e-16,1
B1_D2_Craig_Bampton,B1,2,Craig_Bampton,full-grid,1480,22,5,43,1.0059157766780478,1.0032062276134392,-0.073782210914369456,0,0,1,UNSTABLE,2.3389371485480592e-16,1.4026504555622369e-16,1
B1_D2_Craig_Bampton,B1,2,Craig_Bampton,full-grid,1481,22,6,44,1.006094837654083,1.0033982406219002,-0.073612451875148269,0,0,1,UNSTABLE,2.0356255885981539e-16,1.4026504555622364e-16,1
B1_D2_Craig_Bampton,B1,2,Craig_Bampton,full-grid,1482,22,7,45,1.0062598763765938,1.0035770013311918,-0.073431200484066636,0,0,1,UNSTABLE,1.5402370928254894e-16,1.4026504555622367e-16,1
B1_D2_Craig_Bampton,B1,2,Craig_Bampton,full-grid,1483,22,8,46,1.0064103531505979,1.0037418854734315,-0.073239513071510845,0,0,1,UNSTABLE,2.0514080595619171e-16,1.4026504555622364e-16,1
B1_D2_Craig_Bampton,B1,2,Craig_Bampton,full-grid,1484,22,9,47,1.0065458177449578,1.0038923568133025,-0.073038477200026028,0,0,1,UNSTABLE,1.987507435424955e-16,1.4026504555622364e-16,1
B1_D2_Craig_Bampton,B1,2,Craig_Bampton,full-grid,1485,22,10,48,1.0066659115757068,1.0040279700677002,-0.072829203279195467,0,0,1,UNSTABLE,1.563989784019805e-16,1.4026504555622364e-16,1
B1_D2_Craig_Bampton,B1,2,Craig_Bampton,full-grid,1486,22,11,49,1.0067703686157998,1.0041483725855398,-0.072612815374459169,0,0,1,UNSTABLE,2.012070063751652e-16,1.4026504555622364e-16,1
B1_D2_Craig_Bampton,B1,2,Craig_Bampton,full-grid,1487,22,12,50,1.0068590148442238,1.0042533045731994,-0.072390441543684819,0,0,1,UNSTABLE,3.0526561687933753e-16,1.4026504555622364e-16,1
B1_D2_Craig_Bampton,B1,2,Craig_Bampton,full-grid,1488,22,13,51,1.0069317661582724,1.0043425977608369,-0.072163204069880263,0,0,1,UNSTABLE,1.9752456289858412e-16,1.4026504555622364e-16,1
B1_D2_Craig_Bampton,B1,2,Craig_Bampton,full-grid,1489,22,14,52,1.0069886247803317,1.0044161725138228,-0.071932209959562093,0,0,1,UNSTABLE,1.8815541991699797e-16,1.4026504555622364e-16,1
B1_D2_Craig_Bampton,B1,2,Craig_Bampton,full-grid,1490,22,15,53,1.0070296742853495,1.0044740334918485,-0.071698542048451039,0,0,1,UNSTABLE,3.1227752473742269e-16,1.4026504555622364e-16,1
B1_D2_Craig_Bampton,B1,2,Craig_Bampton,full-grid,1491,22,16,54,1.0070550734466373,1.00451626403506,-0.071463251001179035,0,0,1,UNSTABLE,1.5268625522228454e-16,1.4026504555622364e-16,1
B1_D2_Craig_Bampton,B1,2,Craig_Bampton,full-grid,1492,22,17,55,1.0070650491489763,1.0045430195136791,-0.071227348425798684,0,0,1,UNSTABLE,1.6840784208450396e-16,1.4026504555622367e-16,1
B1_D2_Craig_Bampton,B1,2,Craig_Bampton,full-grid,1493,22,18,56,1.0070598886414777,1.0045545199072352,-0.070991801248663292,0,0,1,UNSTABLE,2.0462958390172806e-16,1.4026504555622364e-16,1
B1_D2_Craig_Bampton,B1,2,Craig_Bampton,full-grid,1494,22,19,57,1.0070399314069645,1.0045510418893868,-0.070757527423526187,0,0,1,UNSTABLE,1.4761128270874718e-16,1.4026504555622367e-16,1
B1_D2_Craig_Bampton,B1,2,Craig_Bampton,full-grid,1495,22,20,58,1.0070055609072914,1.0045329106820047,-0.070525392979751522,0,0,1,UNSTABLE,4.419430525276783e-16,1.4026504555622367e-16,1
B1_D2_Craig_Bampton,B1,2,Craig_Bampton,full-grid,1496,22,21,59,1.0069571964374651,1.0045004919190763,-0.070296210363953948,0,0,1,UNSTABLE,2.298511208273497e-16,1.4026504555622367e-16,1
B1_D2_Craig_Bampton,B1,2,Craig_Bampton,full-grid,1497,22,22,60,1.0068952852815791,1.004454183724107,-0.070070737982486961,0,0,1,UNSTABLE,2.4479956993734288e-16,1.4026504555622364e-16,1
B1_D2_Craig_Bampton,B1,2,Craig_Bampton,full-grid,1498,22,23,61,1.0068202953238392,1.004394409166196,-0.069849680827263713,0,0,1,UNSTABLE,4.0664662798315697e-16,1.4026504555622367e-16,1
B1_D2_Craig_Bampton,B1,2,Craig_Bampton,full-grid,1499,22,24,62,1.0067327082263307,1.0043216092189899,-0.069633692049903093,0,0,1,UNSTABLE,1.6211309786788604e-16,1.4026504555622364e-16,1
B1_D2_Craig_Bampton,B1,2,Craig_Bampton,full-grid,1500,22,25,63,1.0066330132463381,1.0042362363074953,-0.069423375345479668,0,0,1,UNSTABLE,1.6788045324613043e-16,1.4026504555622364e-16,1
B1_D2_Craig_Bampton,B1,2,Craig_Bampton,full-grid,1501,22,26,64,1.0065217017328012,1.0041387484937319,-0.069219288009457078,0,0,1,UNSTABLE,1.569454830070853e-16,1.4026504555622364e-16,1
B1_D2_Craig_Bampton,B1,2,Craig_Bampton,full-grid,1502,22,27,65,1.0063992623132425,1.0040296043224655,-0.069021944544556971,0,0,1,UNSTABLE,2.2658054751352061e-16,1.4026504555622364e-16,1
B1_D2_Craig_Bampton,B1,2,Craig_Bampton,full-grid,1503,22,28,66,1.0062661767613983,1.0039092583256273,-0.068831820708814273,0,0,1,UNSTABLE,1.5621395433576707e-16,1.4026504555622364e-16,1
B1_D2_Craig_Bampton,B1,2,Craig_Bampton,full-grid,1504,22,29,67,1.0061229165196255,1.0037781571661599,-0.068649357914442155,0,0,1,UNSTABLE,3.0804482562848759e-16,1.4026504555622364e-16,1
B1_D2_Craig_Bampton,B1,2,Craig_Bampton,full-grid,1505,22,30,68,1.0059699398409867,1.0036367363909915,-0.068474967908846524,0,0,1,UNSTABLE,2.1051229277931827e-16,1.4026504555622364e-16,1
B1_D2_Craig_Bampton,B1,2,Craig_Bampton,full-grid,1506,22,31,69,1.0058076895102834,1.0034854177555703,-0.068309037688603885,0,0,1,UNSTABLE,1.9181631064163905e-16,1.4026504555622364e-16,1
B1_D2_Craig_Bampton,B1,2,Craig_Bampton,full-grid,1507,22,32,70,1.0056365911043421,1.0033246070816131,-0.068151934620290594,0,0,1,UNSTABLE,1.3677437619922736e-16,1.4026504555622364e-16,1
B1_D2_Craig_Bampton,B1,2,Craig_Bampton,full-grid,1508,22,33,71,1.0054570517541028,1.0031546926104689,-0.068004011761426314,0,0,1,UNSTABLE,2.1654256998191824e-16,1.4026504555622367e-16,1
B1_D2_Craig_Bampton,B1,2,Craig_Bampton,full-grid,1509,22,34,72,1.0052694593800036,1.0029760438217814,-0.067865613397160213,0,0,1,UNSTABLE,2.2175597032901181e-16,1.4026504555622364e-16,1
B1_D2_Craig_Bampton,B1,2,Craig_Bampton,full-grid,1510,22,35,73,1.0050741823821074,1.0027890106955994,-0.06773708082876817,0,0,1,UNSTABLE,2.9040314496735439e-16,1.4026504555622367e-16,1
B1_D2_Craig_Bampton,B1,2,Craig_Bampton,full-grid,1511,22,36,74,1.0048715697817105,1.0025939234098304,-0.067618758471612153,0,0,1,UNSTABLE,1.8342786553481041e-16,1.4026504555622367e-16,1
B1_D2_Craig_Bampton,B1,2,Craig_Bampton,full-grid,1512,22,37,75,1.0046619518308681,1.0023910924828967,-0.067511000344792599,0,0,1,UNSTABLE,2.1573628732185806e-16,1.4026504555622367e-16,1
B1_D2_Craig_Bampton,B1,2,Craig_Bampton,full-grid,1513,22,38,76,1.0044456411304805,1.0021808093940239,-0.0674141770576583,0,0,1,UNSTABLE,4.445520969968951e-16,1.4026504555622364e-16,1
B1_D2_Craig_Bampton,B1,2,Craig_Bampton,full-grid,1514,22,39,77,1.0042229343310949,1.0019633477448844,-0.067328683430012609,0,0,1,UNSTABLE,2.6554566239631122e-16,1.4026504555622367e-16,1
B1_D2_Craig_Bampton,B1,2,Craig_Bampton,full-grid,1515,22,40,78,1.0039941145325157,1.0017389650661608,-0.06725494691178574,0,0,1,UNSTABLE,3.2838777440175624e-16,1.4026504555622364e-16,1
B1_D2_Craig_Bampton,B1,2,Craig_Bampton,full-grid,1516,22,41,79,1.0037594545566229,1.0015079054279012,-0.067193437010077295,0,0,1,UNSTABLE,5.7702277921432506e-16,1.4026504555622364e-16,1
B1_D2_Craig_Bampton,B1,2,Craig_Bampton,full-grid,1517,22,42,80,1.0035192213462427,1.00127040308792,-0.067144675973030268,0,0,1,UNSTABLE,2.221092503572729e-16,1.4026504555622364e-16,1
B1_D2_Craig_Bampton,B1,2,Craig_Bampton,full-grid,1518,22,43,81,1.0032736818506065,1.0010266875163099,-0.067109251032896389,0,0,1,UNSTABLE,3.3324789018591955e-16,1.4026504555622364e-16,1
B1_D2_Craig_Bampton,B1,2,Craig_Bampton,full-grid,1519,22,44,82,1.0030231109112688,1.000776990283111,-0.0670878285682108,0,0,1,UNSTABLE,2.6197428012937192e-16,1.4026504555622364e-16,1
B1_D2_Craig_Bampton,B1,2,Craig_Bampton,full-grid,1520,22,45,83,1.0027678018760793,1.0005215545052275,-0.067081170605666346,0,0,1,UNSTABLE,2.7374876332180501e-16,1.4026504555622364e-16,1
B1_D2_Craig_Bampton,B1,2,Craig_Bampton,full-grid,1521,22,46,84,1.002508080976352,1.0002606478518077,-0.067090154135835758,0,0,1,UNSTABLE,3.7289373168343213e-16,1.4026504555622364e-16,1
B1_D2_Craig_Bampton,B1,2,Craig_Bampton,full-grid,1522,22,47,85,1.0022443269429588,0.99999458054470791,-0.067115793749000341,0,0,1,UNSTABLE,3.8704794337989705e-16,1.4026504555622364e-16,1
B1_D2_Craig_Bampton,B1,2,Craig_Bampton,full-grid,1523,22,48,86,1.0019769979714741,0.99972373042643803,-0.067159268058655769,0,0,1,UNSTABLE,2.2830696306670605e-16,1.4026504555622364e-16,1
B1_D2_Craig_Bampton,B1,2,Craig_Bampton,full-grid,1524,22,49,87,1.0017066690599561,0.99944857809205034,-0.06722195020208134,0,0,1,UNSTABLE,2.9913754575098209e-16,1.4026504555622367e-16,1
B1_D2_Craig_Bampton,B1,2,Craig_Bampton,full-grid,1525,22,50,88,1.0014340840445883,0.99916975641446171,-0.067305442223411657,0,0,1,UNSTABLE,3.6424945445522227e-16,1.4026504555622364e-16,1
B1_D2_Craig_Bampton,B1,2,Craig_Bampton,full-grid,1526,22,51,89,1.0011602284799856,0.998888120686515,-0.067411612066908558,0,0,1,UNSTABLE,2.4335244431633666e-16,1.4026504555622367e-16,1
B1_D2_Craig_Bampton,B1,2,Craig_Bampton,full-grid,1527,22,52,90,1.0008864319480568,0.99860484819319939,-0.067542629670079055,0,0,1,UNSTABLE,8.8821394451209759e-16,1.4026504555622367e-16,1
B1_D2_Craig_Bampton,B1,2,Craig_Bampton,full-grid,1528,22,53,91,1.0006145113510212,0.99832157930495469,-0.067700994234233675,0,0,1,UNSTABLE,2.8832643370750061e-16,1.4026504555622367e-16,1
B1_D2_Craig_Bampton,B1,2,Craig_Bampton,full-grid,1529,22,54,92,1.0003940626749963,1.0001716515085184,-0.021093794208421061,0,0,1,UNSTABLE,2.3602122332053723e-16,1.4026504555622364e-16,1
B1_D2_Craig_Bampton,B1,2,Craig_Bampton,full-grid,1530,22,55,93,1.0004579359027188,1.00023692151715,-0.021028132219086053,0,0,1,UNSTABLE,2.2285794771133728e-16,1.4026504555622367e-16,1
B1_D2_Craig_Bampton,B1,2,Craig_Bampton,full-grid,1531,22,56,94,1.0005203266260632,1.000300721003069,-0.020961668651716517,0,0,1,UNSTABLE,1.8665620616552902e-16,1.4026504555622364e-16,1
B1_D2_Craig_Bampton,B1,2,Craig_Bampton,full-grid,1532,22,57,95,1.0005812323707497,1.0003630463063584,-0.020894452786099124,0,0,1,UNSTABLE,3.9236972536249535e-16,1.4026504555622364e-16,1
B1_D2_Craig_Bampton,B1,2,Craig_Bampton,full-grid,1533,22,58,96,1.0006406527158249,1.0004238958449279,-0.020826533317115783,0,0,1,UNSTABLE,1.8170336719538078e-16,1.4026504555622364e-16,1
B1_D2_Craig_Bampton,B1,2,Craig_Bampton,full-grid,1534,22,59,97,1.0006985892196221,1.0004832700427855,-0.020757958248268218,0,0,1,UNSTABLE,2.8199702613676093e-16,1.4026504555622364e-16,1
B1_D2_Craig_Bampton,B1,2,Craig_Bampton,full-grid,1535,22,60,98,1.0007550453397609,1.0005411712521091,-0.020688774793219906,0,0,1,UNSTABLE,2.6373236103164687e-16,1.4026504555622364e-16,1
B1_D2_Craig_Bampton,B1,2,Craig_Bampton,full-grid,1536,22,61,99,1.000810026348194,1.0005976036701285,-0.020619029285332956,0,0,1,UNSTABLE,2.9369419437247602e-16,1.4026504555622364e-16,1
B1_D2_Craig_Bampton,B1,2,Craig_Bampton,full-grid,1537,22,62,100,1.0008635392422716,1.0006525732517786,-0.020548767095854306,0,0,1,UNSTABLE,4.3154410498405516e-16,1.4026504555622364e-16,1
B1_D2_Craig_Bampton,B1,2,Craig_Bampton,full-grid,1538,22,63,101,1.0009155926524327,1.0007060876187486,-0.020478032560474577,0,0,1,UNSTABLE,1.8969162331592917e-16,1.4026504555622364e-16,1
B1_D2_Craig_Bampton,B1,2,Craig_Bampton,full-grid,1539,22,64,102,1.0009661967478063,1.0007581559662071,-0.020406868914281177,0,0,1,UNSTABLE,2.0911071040168699e-16,1.4026504555622364e-16,1
B1_D2_Craig_Bampton,B1,2,Craig_Bampton,full-grid,1540,22,65,103,1.0010153631401575,1.0008087889676476,-0.020335318235328099,0,0,1,UNSTABLE,2.1922700850059584e-16,1.4026504555622367e-16,1
B1_D2_Craig_Bampton,B1,2,Craig_Bampton,full-grid,1541,22,66,104,1.0010631047871779,1.0008579986788644,-0.020263421396260976,0,0,1,UNSTABLE,3.8275520559144226e-16,1.4026504555622364e-16,1
B1_D2_Craig_Bampton,B1,2,Craig_Bampton,full-grid,1542,23,0,39,1.0054370565966964,1.0027404282982579,-0.073588777908417849,0,0,1,UNSTABLE,4.4142886728460066e-16,1.2665150531458271e-16,1
B1_D2_Craig_Bampton,B1,2,Craig_Bampton,full-grid,1543,23,1,40,1.0056592246134084,1.0029699859109917,-0.073496145557077147,0,0,1,UNSTABLE,1.8152464944148834e-16,1.4026504555622367e-16,1
B1_D2_Craig_Bampton,B1,2,Craig_Bampton,full-grid,1544,23,2,41,1.0058722168403085,1.0031914142801943,-0.073388711160098444,0,0,1,UNSTABLE,2.467051686689757e-16,1.4026504555622367e-16,1
B1_D2_Craig_Bampton,B1,2,Craig_Bampton,full-grid,1545,23,3,42,1.0060751658517229,1.0034037880109472,-0.073267165557662092,0,0,1,UNSTABLE,3.0284470980833155e-16,1.4026504555622364e-16,1
B1_D2_Craig_Bampton,B1,2,Craig_Bampton,full-grid,1546,23,4,43,1.0062672602351022,1.0036062335947085,-0.073132256295715348,0,0,1,UNSTABLE,2.7098934788139823e-16,1.4026504555622364e-16,1
B1_D2_Craig_Bampton,B1,2,Craig_Bampton,full-grid,1547,23,5,44,1.0064477490040227,1.003797934084953,-0.072984786099875271,0,0,1,UNSTABLE,2.3442417483468686e-16,1.4026504555622364e-16,1
B1_D2_Craig_Bampton,B1,2,Craig_Bampton,full-grid,1548,23,6,45,1.0066159466069764,1.0039781344482148,-0.072825610284718845,0,0,1,UNSTABLE,1.5657232286511258e-16,1.4026504555622364e-16,1
B1_D2_Craig_Bampton,B1,2,Craig_Bampton,full-grid,1549,23,7,46,1.0067712381367377,1.0041461472066093,-0.072655632882126217,0,0,1,UNSTABLE,1.5011087371281842e-16,1.4026504555622369e-16,1
B1_D2_Craig_Bampton,B1,2,Craig_Bampton,full-grid,1550,23,8,47,1.0069130843195597,1.0043013579525808,-0.072475801399714893,0,0,1,UNSTABLE,2.8004448051085823e-16,1.4026504555622364e-16,1
B1_D2_Craig_Bampton,B1,2,Craig_Bampton,full-grid,1551,23,9,48,1.0070410258783151,1.0044432303218409,-0.072287100250837052,0,0,1,UNSTABLE,2.5063929197858877e-16,1.4026504555622364e-16,1
B1_D2_Craig_Bampton,B1,2,Craig_Bampton,full-grid,1552,23,10,49,1.0071546869099042,1.0045713100486076,-0.072090543012322664,0,0,1,UNSTABLE,1.457700897124127e-16,1.4026504555622364e-16,1
B1_D2_Craig_Bampton,B1,2,Craig_Bampton,full-grid,1553,23,11,50,1.0072537769940089,1.0046852277976002,-0.071887163763643708,0,0,1,UNSTABLE,2.478636501890394e-16,1.4026504555622364e-16,1
B1_D2_Craig_Bampton,B1,2,Craig_Bampton,full-grid,1554,23,12,51,1.0073380918431594,1.0047847005562878,-0.071678007828261767,0,0,1,UNSTABLE,1.9962549734109447e-16,1.4026504555622364e-16,1
B1_D2_Craig_Bampton,B1,2,Craig_Bampton,full-grid,1555,23,13,52,1.007407512408022,1.0048695314733482,-0.071464122275812919,0,0,1,UNSTABLE,1.3689764185711738e-16,1.4026504555622364e-16,1
B1_D2_Craig_Bampton,B1,2,Craig_Bampton,full-grid,1556,23,14,53,1.0074620024514735,1.0049396081300188,-0.071246546548007023,0,0,1,UNSTABLE,2.3115438991514117e-16,1.4026504555622364e-16,1
B1_D2_Craig_Bampton,B1,2,Craig_Bampton,full-grid,1557,23,15,54,1.0075016046971721,1.0049948993261024,-0.071026303549420272,0,0,1,UNSTABLE,2.6348569862361571e-16,1.4026504555622367e-16,1
B1_D2_Craig_Bampton,B1,2,Craig_Bampton,full-grid,1558,23,16,55,1.0075264357294267,1.0050354505381667,-0.070804391496481434,0,0,1,UNSTABLE,2.1323192201717405e-16,1.4026504555622367e-16,1
B1_D2_Craig_Bampton,B1,2,Craig_Bampton,full-grid,1559,23,17,56,1.0075366798752792,1.0050613782668265,-0.070581776759214621,0,0,1,UNSTABLE,2.4389799459512823e-16,1.4026504555622367e-16,1
B1_D2_Craig_Bampton,B1,2,Craig_Bampton,full-grid,1560,23,18,57,1.0075325823267176,1.0050728635229456,-0.070359387857844347,0,0,1,UNSTABLE,1.1405992159714784e-16,1.4026504555622367e-16,1
B1_D2_Craig_Bampton,B1,2,Craig_Bampton,full-grid,1561,23,19,58,1.0075144417715278,1.0050701447184058,-0.070138110709630705,0,0,1,UNSTABLE,3.1101368922570386e-16,1.4026504555622364e-16,1
B1_D2_Craig_Bampton,B1,2,Craig_Bampton,full-grid,1562,23,20,59,1.0074826027894748,1.0050535102202494,-0.069918785153990318,0,0,1,UNSTABLE,1.9578501281503092e-16,1.4026504555622364e-16,1
B1_D2_Craig_Bampton,B1,2,Craig_Bampton,full-grid,1563,23,21,60,1.0074374482481676,1.0050232908084533,-0.06970220272937068,0,0,1,UNSTABLE,1.4403159225959519e-16,1.4026504555622364e-16,1
B1_D2_Craig_Bampton,B1,2,Craig_Bampton,full-grid,1564,23,22,61,1.007379391899432,1.0049798522468754,-0.069489105631876685,0,0,1,UNSTABLE,1.6464920199242808e-16,1.4026504555622364e-16,1
B1_D2_Craig_Bampton,B1,2,Craig_Bampton,full-grid,1565,23,23,62,1.0073088713395031,1.0049235881412826,-0.069280186752874617,0,0,1,UNSTABLE,3.6414706784950142e-16,1.4026504555622369e-16,1
B1_D2_Craig_Bampton,B1,2,Craig_Bampton,full-grid,1566,23,24,63,1.007226341457041,1.0048549132198024,-0.069076090675134066,0,0,1,UNSTABLE,3.3390412967311188e-16,1.4026504555622364e-16,1
B1_D2_Craig_Bampton,B1,2,Craig_Bampton,full-grid,1567,23,25,64,1.007132268456578,1.0047742571348834,-0.068877415496921779,0,0,1,UNSTABLE,1.0287040151270935e-16,1.4026504555622364e-16,1
B1_D2_Craig_Bampton,B1,2,Craig_Bampton,full-grid,1568,23,26,65,1.0070271245117524,1.0046820588518175,-0.068684715357069548,0,0,1,UNSTABLE,1.3281980725581335e-16,1.4026504555622364e-16,1
B1_D2_Craig_Bampton,B1,2,Craig_Bampton,full-grid,1569,23,27,66,1.0069113830740271,1.0045787616594819,-0.068498503536589497,0,0,1,UNSTABLE,2.4939761578369284e-16,1.4026504555622364e-16,1
B1_D2_Craig_Bampton,B1,2,Craig_Bampton,full-grid,1570,23,28,67,1.0067855148418297,1.0044648088164783,-0.068319256030812445,0,0,1,UNSTABLE,2.9115162906042042e-16,1.4026504555622364e-16,1
B1_D2_Craig_Bampton,B1,2,Craig_Bampton,full-grid,1571,23,29,68,1.0066499843776509,1.0043406398272143,-0.068147415497484334,0,0,1,UNSTABLE,1.7142684205139892e-16,1.4026504555622364e-16,1
B1_D2_Craig_Bampton,B1,2,Craig_Bampton,full-grid,1572,23,30,69,1.0065052473505589,1.004206687330663,-0.067983395506443334,0,0,1,UNSTABLE,2.9842526790739362e-16,1.4026504555622364e-16,1
B1_D2_Craig_Bampton,B1,2,Craig_Bampton,full-grid,1573,23,31,70,1.0063517483761677,1.004063374577552,-0.067827585035203794,0,0,1,UNSTABLE,2.0999987266082885e-16,1.4026504555622367e-16,1
B1_D2_Craig_Bampton,B1,2,Craig_Bampton,full-grid,1574,23,32,71,1.0061899194249744,1.0039111134691616,-0.067680353172426128,0,0,1,UNSTABLE,2.2314030165886647e-16,1.4026504555622367e-16,1
B1_D2_Craig_Bampton,B1,2,Craig_Bampton,full-grid,1575,23,33,72,1.006020178773519,1.0037503031329269,-0.067542054011262398,0,0,1,UNSTABLE,1.6890473227224763e-16,1.4026504555622367e-16,1
B1_D2_Craig_Bampton,B1,2,Craig_Bampton,full-grid,1576,23,34,73,1.00584293048068,1.00358132901657,-0.067413031731982154,0,0,1,UNSTABLE,2.0532212536793462e-16,1.4026504555622367e-16,1
B1_D2_Craig_Bampton,B1,2,Craig_Bampton,full-grid,1577,23,35,74,1.0056585643817777,1.0034045624915728,-0.067293625890669923,0,0,1,UNSTABLE,2.0674327335925743e-16,1.4026504555622364e-16,1
B1_D2_Craig_Bampton,B1,2,Craig_Bampton,full-grid,1578,23,36,75,1.0054674566089279,1.0032203609713481,-0.067184176947734736,0,0,1,UNSTABLE,3.4972110351614632e-16,1.4026504555622364e-16,1
B1_D2_Craig_Bampton,B1,2,Craig_Bampton,full-grid,1579,23,37,76,1.0052699706662878,1.0030290685684069,-0.067085032087590923,0,0,1,UNSTABLE,1.7545506571954907e-16,1.4026504555622364e-16,1
B1_D2_Craig_Bampton,B1,2,Craig_Bampton,full-grid,1580,23,38,77,1.0050664591134899,1.0028310173383097,-0.06699655139736381,0,0,1,UNSTABLE,1.9214845161086073e-16,1.4026504555622364e-16,1
B1_D2_Craig_Bampton,B1,2,Craig_Bampton,full-grid,1581,23,39,78,1.0048572659436461,1.0026265291901737,-0.066919114487603792,0,0,1,UNSTABLE,1.8161710460182185e-16,1.4026504555622369e-16,1
B1_D2_Craig_Bampton,B1,2,Craig_Bampton,full-grid,1582,23,40,79,1.0046427297845841,1.0024159185843518,-0.066853127658405606,0,0,1,UNSTABLE,1.7197169425174374e-16,1.4026504555622364e-16,1
B1_D2_Craig_Bampton,B1,2,Craig_Bampton,full-grid,1583,23,41,80,1.0044231881062453,1.002199496191174,-0.066799031727043282,0,0,1,UNSTABLE,2.5088859395875234e-16,1.4026504555622364e-16,1
B1_D2_Craig_Bampton,B1,2,Craig_Bampton,full-grid,1584,23,42,81,1.0041989826894882,1.0019775737557843,-0.066757310648907081,0,0,1,UNSTABLE,2.7443022560973408e-16,1.4026504555622364e-16,1
B1_D2_Craig_Bampton,B1,2,Craig_Bampton,full-grid,1585,23,43,82,1.0039704667078799,1.001750470509525,-0.066728501074002203,0,0,1,UNSTABLE,3.0197919264995795e-16,1.4026504555622364e-16,1
B1_D2_Craig_Bampton,B1,2,Craig_Bampton,full-grid,1586,23,44,83,1.0037380139013794,1.0015185215955529,-0.066713202979201025,0,0,1,UNSTABLE,2.8321410612683487e-16,1.4026504555622364e-16,1
B1_D2_Craig_Bampton,B1,2,Craig_Bampton,full-grid,1587,23,45,84,1.0035020304933884,1.001282089149834,-0.066712091498448478,0,0,1,UNSTABLE,1.4702415108189693e-16,1.4026504555622364e-16,1
B1_D2_Craig_Bampton,B1,2,Craig_Bampton,full-grid,1588,23,46,85,1.0032629707331771,1.0010415769125944,-0.066725930017543664,0,0,1,UNSTABLE,1.1680639228948821e-16,1.4026504555622364e-16,1
B1_D2_Craig_Bampton,B1,2,Craig_Bampton,full-grid,1589,23,47,86,1.003021357253995,1.000797449561069,-0.066755584483293717,0,0,1,UNSTABLE,1.5788234826615562e-16,1.4026504555622367e-16,1
B1_D2_Craig_Bampton,B1,2,Craig_Bampton,full-grid,1590,23,48,87,1.0027778078429972,1.0005502583754231,-0.066802038646145367,0,0,1,UNSTABLE,2.0190591368705887e-16,1.4026504555622367e-16,1
B1_D2_Craig_Bampton,B1,2,Craig_Bampton,full-grid,1591,23,49,88,1.0025330707413098,1.0003006754001067,-0.066866409534911658,0,0,1,UNSTABLE,1.4449160635590735e-16,1.4026504555622367e-16,1
B1_D2_Craig_Bampton,B1,2,Craig_Bampton,full-grid,1592,23,50,89,1.0022880712314794,1.0000495389526594,-0.066949961713898068,0,0,1,UNSTABLE,2.0922174646240315e-16,1.4026504555622367e-16,1
B1_D2_Craig_Bampton,B1,2,Craig_Bampton,full-grid,1593,23,51,90,1.0020439729826673,0.99979791413345021,-0.067054117586402104,0,0,1,UNSTABLE,3.534215437230284e-16,1.4026504555622364e-16,1
B1_D2_Craig_Bampton,B1,2,Craig_Bampton,full-grid,1594,23,52,91,1.0018022582449799,0.99954717276154992,-0.067180458833903126,0,0,1,UNSTABLE,2.4977310653893416e-16,1.4026504555622364e-16,1
B1_D2_Craig_Bampton,B1,2,Craig_Bampton,full-grid,1595,23,53,92,1.0015648311081919,0.99929909753263835,-0.067330710550503187,0,0,1,UNSTABLE,2.3818068308976457e-16,1.4026504555622364e-16,1
B1_D2_Craig_Bampton,B1,2,Craig_Bampton,full-grid,1596,23,54,93,1.0013341467318553,0.99905601427534019,-0.067506694123499883,0,0,1,UNSTABLE,2.3678223700686379e-16,1.4026504555622364e-16,1
B1_D2_Craig_Bampton,B1,2,Craig_Bampton,full-grid,1597,23,55,94,1.001113364853264,0.99882095214862177,-0.067710226973073218,0,0,1,UNSTABLE,3.8900702653338731e-16,1.4026504555622369e-16,1
B1_D2_Craig_Bampton,B1,2,Craig_Bampton,full-grid,1598,23,56,95,1.0009065146462526,0.9985978211073665,-0.067942937388141292,0,0,1,UNSTABLE,2.1134747657257896e-16,1.4026504555622364e-16,1
B1_D2_Craig_Bampton,B1,2,Craig_Bampton,full-grid,1599,23,57,96,1.0007186352348041,0.99839157382756372,-0.068205954405234956,0,0,1,UNSTABLE,1.5023839409654509e-16,1.4026504555622364e-16,1
B1_D2_Craig_Bampton,B1,2,Craig_Bampton,full-grid,1600,23,58,97,1.000642977329806,1.0004262887155928,-0.02082327846915703,0,0,1,UNSTABLE,2.8574264710728335e-16,1.4026504555622364e-16,1
B1_D2_Craig_Bampton,B1,2,Craig_Bampton,full-grid,1601,23,59,98,1.0007008199984795,1.0004855682010927,-0.020754733603821719,0,0,1,UNSTABLE,1.5262855201940125e-16,1.4026504555622364e-16,1
B1_D2_Craig_Bampton,B1,2,Craig_Bampton,full-grid,1602,23,60,99,1.0007571854207733,1.0005433777934212,-0.020685582540487579,0,0,1,UNSTABLE,2.1129122388782675e-16,1.4026504555622364e-16,1
B1_D2_Craig_Bampton,B1,2,Craig_Bampton,full-grid,1603,23,61,100,1.000812078865676,1.000599721691676,-0.020615871409594443,0,0,1,UNSTABLE,2.0725898211791899e-16,1.4026504555622364e-16,1
B1_D2_Craig_Bampton,B1,2,Craig_Bampton,full-grid,1604,23,62,101,1.0008655073161992,1.0006546058410759,-0.020545645386639541,0,0,1,UNSTABLE,2.2035507078775258e-16,1.4026504555622364e-16,1
B1_D2_Craig_Bampton,B1,2,Craig_Bampton,full-grid,1605,23,63,102,1.0009174793782039,1.0007080378431317,-0.020474948619381778,0,0,1,UNSTABLE,1.5854360264430499e-16,1.4026504555622367e-16,1
B1_D2_Craig_Bampton,B1,2,Craig_Bampton,full-grid,1606,23,64,103,1.0009680051869092,1.0007600268632726,-0.020403824163184897,0,0,1,UNSTABLE,2.4999712674934914e-16,1.4026504555622367e-16,1
B1_D2_Craig_Bampton,B1,2,Craig_Bampton,full-grid,1607,23,65,104,1.001017096311811,1.0008105835366619,-0.020332313924781013,0,0,1,UNSTABLE,3.2666937380765563e-16,1.4026504555622367e-16,1
B1_D2_Craig_Bampton,B1,2,Craig_Bampton,full-grid,1608,23,66,105,1.0010647656609304,1.0008597198731293,-0.020260458614126144,0,0,1,UNSTABLE,1.9798164756899098e-16,1.4026504555622367e-16,1
B1_D2_Craig_Bampton,B1,2,Craig_Bampton,full-grid,1609,24,0,40,1.0059595591451811,1.0033281596957204,-0.072713400396116484,0,0,1,UNSTABLE,1.0425721458480131e-16,1.2665150531458276e-16,1
B1_D2_Craig_Bampton,B1,2,Craig_Bampton,full-grid,1610,24,1,41,1.0061676906678583,1.0035430654492576,-0.072627388309081817,0,0,1,UNSTABLE,2.1411363975461799e-16,1.4026504555622367e-16,1
B1_D2_Craig_Bampton,B1,2,Craig_Bampton,full-grid,1611,24,2,42,1.0063675680954893,1.003750677011694,-0.072527653436431846,0,0,1,UNSTABLE,4.2214507720322734e-16,1.4026504555622367e-16,1
B1_D2_Craig_Bampton,B1,2,Craig_Bampton,full-grid,1612,24,3,43,1.0065583739379829,1.0039501281955951,-0.072414779159534717,0,0,1,UNSTABLE,2.3048293419917865e-16,1.4026504555622367e-16,1
B1_D2_Craig_Bampton,B1,2,Craig_Bampton,full-grid,1613,24,4,44,1.0067393344387494,1.004140592374402,-0.072289406223602873,0,0,1,UNSTABLE,2.4879638640871293e-16,1.4026504555622364e-16,1
B1_D2_Craig_Bampton,B1,2,Craig_Bampton,full-grid,1614,24,5,45,1.0069097249181773,1.0043212880010348,-0.072152232139706271,0,0,1,UNSTABLE,2.3666938553057278e-16,1.4026504555622367e-16,1
B1_D2_Craig_Bampton,B1,2,Craig_Bampton,full-grid,1615,24,6,46,1.0070688756510651,1.004491484748304,-0.072004009424809043,0,0,1,UNSTABLE,2.1266878509069732e-16,1.4026504555622364e-16,1
B1_D2_Craig_Bampton,B1,2,Craig_Bampton,full-grid,1616,24,7,47,1.0072161779120645,1.0046505099143206,-0.071845542496965745,0,0,1,UNSTABLE,2.2185648894236749e-16,1.4026504555622364e-16,1
B1_D2_Craig_Bampton,B1,2,Craig_Bampton,full-grid,1617,24,8,48,1.007351089797957,1.0047977547024882,-0.071677683151522051,0,0,1,UNSTABLE,1.3902011854585719e-16,1.4026504555622364e-16,1
B1_D2_Craig_Bampton,B1,2,Craig_Bampton,full-grid,1618,24,9,49,1.0074731414453062,1.0049326799869258,-0.071501324658839821,0,0,1,UNSTABLE,2.4721913965863934e-16,1.4026504555622364e-16,1
B1_D2_Craig_Bampton,B1,2,Craig_Bampton,full-grid,1619,24,10,50,1.0075819393004224,1.0050548212051893,-0.071317394628555797,0,0,1,UNSTABLE,1.664733253233824e-16,1.4026504555622364e-16,1
B1_D2_Craig_Bampton,B1,2,Craig_Bampton,full-grid,1620,24,11,51,1.0076771691630244,1.0051637920787215,-0.071126846874662086,0,0,1,UNSTABLE,2.9221842136469336e-16,1.4026504555622367e-16,1
B1_D2_Craig_Bampton,B1,2,Craig_Bampton,full-grid,1621,24,12,52,1.0077585978102654,1.0052592869426453,-0.070930652584594481,0,0,1,UNSTABLE,1.942097766518648e-16,1.4026504555622364e-16,1
B1_D2_Craig_Bampton,B1,2,Craig_Bampton,full-grid,1622,24,13,53,1.0078260730993946,1.005341081556645,-0.070729791131191017,0,0,1,UNSTABLE,2.2031518289658215e-16,1.4026504555622364e-16,1
B1_D2_Craig_Bampton,B1,2,Craig_Bampton,full-grid,1623,24,14,54,1.007879522544717,1.0054090323662443,-0.070525240881110757,0,0,1,UNSTABLE,1.3982836291294223e-16,1.4026504555622364e-16,1
B1_D2_Craig_Bampton,B1,2,Craig_Bampton,full-grid,1624,24,15,55,1.0079189504491204,1.0054630742710688,-0.070317970333534596,0,0,1,UNSTABLE,1.54221461267255e-16,1.4026504555622367e-16,1
B1_D2_Craig_Bampton,B1,2,Craig_Bampton,full-grid,1625,24,16,56,1.0079444337455499,1.0055032170354672,-0.070108929887448504,0,0,1,UNSTABLE,2.593385817200869e-16,1.4026504555622364e-16,1
B1_D2_Craig_Bampton,B1,2,Craig_Bampton,full-grid,1626,24,17,57,1.0079561167563698,1.005529540534476,-0.0698990444792085,0,0,1,UNSTABLE,1.9508191513117306e-16,1.4026504555622367e-16,1
B1_D2_Craig_Bampton,B1,2,Craig_Bampton,full-grid,1627,24,18,58,1.0079542051132111,1.0055421890679552,-0.069689207269348546,0,0,1,UNSTABLE,3.1250947294220108e-16,1.4026504555622367e-16,1
B1_D2_Craig_Bampton,B1,2,Craig_Bampton,full-grid,1628,24,19,59,1.0079389590929531,1.0055413649939893,-0.069480274491475771,0,0,1,UNSTABLE,2.1711777272747243e-16,1.4026504555622367e-16,1
B1_D2_Craig_Bampton,B1,2,Craig_Bampton,full-grid,1629,24,20,60,1.0079106866213705,1.0055273219333141,-0.069273061511526624,0,0,1,UNSTABLE,3.1381291078750533e-16,1.4026504555622364e-16,1
B1_D2_Craig_Bampton,B1,2,Craig_Bampton,full-grid,1630,24,21,61,1.0078697361780333,1.0055003577823789,-0.069068340092158648,0,0,1,UNSTABLE,1.7653594821600489e-16,1.4026504555622367e-16,1
B1_D2_Craig_Bampton,B1,2,Craig_Bampton,full-grid,1631,24,22,62,1.0078164898073343,1.0054608077470857,-0.068866836809560822,0,0,1,UNSTABLE,3.41475454719504e-16,1.4026504555622364e-16,1
B1_D2_Craig_Bampton,B1,2,Craig_Bampton,full-grid,1632,24,23,63,1.0077513564069565,1.0054090375775881,-0.068669232538077024,0,0,1,UNSTABLE,2.6858463733998708e-16,1.4026504555622364e-16,1
B1_D2_Craig_Bampton,B1,2,Craig_Bampton,full-grid,1633,24,24,64,1.0076747654280622,1.0053454371488066,-0.068476162893194234,0,0,1,UNSTABLE,2.8671033568441855e-16,1.4026504555622364e-16,1
B1_D2_Craig_Bampton,B1,2,Craig_Bampton,full-grid,1634,24,25,65,1.0075871610873508,1.0052704144972904,-0.068288219514884715,0,0,1,UNSTABLE,1.959591185472959e-16,1.4026504555622364e-16,1
B1_D2_Craig_Bampton,B1,2,Craig_Bampton,full-grid,1635,24,26,66,1.00748899715731,1.0051843903911732,-0.068105952067107706,0,0,1,UNSTABLE,4.0872833056498099e-16,1.4026504555622364e-16,1
B1_D2_Craig_Bampton,B1,2,Craig_Bampton,full-grid,1636,24,27,67,1.0073807323742356,1.0050877934823226,-0.067929870835203535,0,0,1,UNSTABLE,1.6856149252090109e-16,1.4026504555622367e-16,1
B1_D2_Craig_Bampton,B1,2,Craig_Bampton,full-grid,1637,24,28,68,1.0072628264805519,1.004981056065632,-0.067760449812538509,0,0,1,UNSTABLE,1.4003855302620633e-16,1.4026504555622364e-16,1
B1_D2_Craig_Bampton,B1,2,Craig_Bampton,full-grid,1638,24,29,69,1.0071357369009801,1.0048646104521541,-0.067598130180654956,0,0,1,UNSTABLE,1.7615738273673887e-16,1.4026504555622364e-16,1
B1_D2_Craig_Bampton,B1,2,Craig_Bampton,full-grid,1639,24,30,70,1.0069999160404726,1.0047388859497974,-0.067443324101639043,0,0,1,UNSTABLE,1.8055108843688922e-16,1.4026504555622364e-16,1
B1_D2_Craig_Bampton,B1,2,Craig_Bampton,full-grid,1640,24,31,71,1.0068558091851789,1.0046043064371544,-0.067296418759587057,0,0,1,UNSTABLE,4.1227192677715619e-16,1.4026504555622367e-16,1
B1_D2_Craig_Bampton,B1,2,Craig_Bampton,full-grid,1641,24,32,72,1.0067038529859162,1.00446128851299,-0.06715778060294246,0,0,1,UNSTABLE,2.7324549905882536e-16,1.4026504555622364e-16,1
B1_D2_Craig_Bampton,B1,2,Craig_Bampton,full-grid,1642,24,33,73,1.0065444745058367,1.0043102402048345,-0.067027759756226685,0,0,1,UNSTABLE,2.7146563891576748e-16,1.4026504555622367e-16,1
B1_D2_Craig_Bampton,B1,2,Craig_Bampton,full-grid,1643,24,34,74,1.0063780908201569,1.0041515602251438,-0.06690669458457156,0,0,1,UNSTABLE,4.2633860644144101e-16,1.4026504555622367e-16,1
B1_D2_Craig_Bampton,B1,2,Craig_Bampton,full-grid,1644,24,35,75,1.0062051091660187,1.0039856377726195,-0.066794916409153568,0,0,1,UNSTABLE,1.7417485349372842e-16,1.4026504555622367e-16,1
B1_D2_Craig_Bampton,B1,2,Craig_Bampton,full-grid,1645,24,36,76,1.0060259276537677,1.0038128528886749,-0.066692754382492489,0,0,1,UNSTABLE,4.2102612291889704e-16,1.4026504555622364e-16,1
B1_D2_Craig_Bampton,B1,2,Craig_Bampton,full-grid,1646,24,37,77,1.0058409365695193,1.0036335773966631,-0.066600540546034037,0,0,1,UNSTABLE,5.2043103988727648e-16,1.4026504555622367e-16,1
B1_D2_Craig_Bampton,B1,2,Craig_Bampton,full-grid,1647,24,38,78,1.005650520320835,1.0034481764728418,-0.066518615100548767,0,0,1,UNSTABLE,2.0374111379969173e-16,1.4026504555622364e-16,1
B1_D2_Craig_Bampton,B1,2,Craig_Bampton,full-grid,1648,24,39,79,1.0054550601059815,1.0032570109261381,-0.066447331927426481,0,0,1,UNSTABLE,2.3820310730516411e-16,1.4026504555622364e-16,1
B1_D2_Craig_Bampton,B1,2,Craig_Bampton,full-grid,1649,24,40,80,1.0052549374226638,1.0030604402988217,-0.066387064403976279,0,0,1,UNSTABLE,1.6305257746254692e-16,1.4026504555622364e-16,1
B1_D2_Craig_Bampton,B1,2,Craig_Bampton,full-grid,1650,24,41,81,1.0050505385764876,1.0028588269445589,-0.066338211554660104,0,0,1,UNSTABLE,2.8540516583929162e-16,1.4026504555622364e-16,1
B1_D2_Craig_Bampton,B1,2,Craig_Bampton,full-grid,1651,24,42,82,1.0048422604057521,1.0026525412969653,-0.066301204574868655,0,0,1,UNSTABLE,2.4745845781692745e-16,1.4026504555622364e-16,1
B1_D2_Craig_Bampton,B1,2,Craig_Bampton,full-grid,1652,24,43,83,1.0046305175105044,1.0024419686141677,-0.066276513746392082,0,0,1,UNSTABLE,2.2530550146701897e-16,1.4026504555622367e-16,1
B1_D2_Craig_Bampton,B1,2,Craig_Bampton,full-grid,1653,24,44,84,1.0044157513626673,1.0022275175761002,-0.066264655727465718,0,0,1,UNSTABLE,1.8150698687085006e-16,1.4026504555622364e-16,1
B1_D2_Craig_Bampton,B1,2,Craig_Bampton,full-grid,1654,24,45,85,1.0041984417875465,1.002009631228397,-0.066266201144080522,0,0,1,UNSTABLE,1.4976614437428987e-16,1.4026504555622364e-16,1
B1_D2_Craig_Bampton,B1,2,Craig_Bampton,full-grid,1655,24,46,86,1.0039791214451614,1.001788800911934,-0.066281782302736764,0,0,1,UNSTABLE,2.7024886678138194e-16,1.4026504555622364e-16,1
B1_D2_Craig_Bampton,B1,2,Craig_Bampton,full-grid,1656,24,47,87,1.0037583941070669,1.0015655839953279,-0.066312100679252597,0,0,1,UNSTABLE,3.4333045839638661e-16,1.4026504555622367e-16,1
B1_D2_Craig_Bampton,B1,2,Craig_Bampton,full-grid,1657,24,48,88,1.0035369577157869,1.0013406264373113,-0.066357933569318503,0,0,1,UNSTABLE,1.8959448024658202e-16,1.4026504555622364e-16,1
B1_D2_Craig_Bampton,B1,2,Craig_Bampton,full-grid,1658,24,49,89,1.0033156334126259,1.0011146914332811,-0.066420138863335115,0,0,1,UNSTABLE,2.8495041627549396e-16,1.4026504555622367e-16,1
B1_D2_Craig_Bampton,B1,2,Craig_Bampton,full-grid,1659,24,50,90,1.0030954018832619,1.0008886956087615,-0.066499656254260756,0,0,1,UNSTABLE,6.0076323399906669e-16,1.4026504555622367e-16,1
B1_D2_Craig_Bampton,B1,2,Craig_Bampton,full-grid,1660,24,51,91,1.0028774484081115,1.0006637543280601,-0.06659750220268125,0,0,1,UNSTABLE,1.7903166035439832e-16,1.4026504555622367e-16,1
B1_D2_Craig_Bampton,B1,2,Craig_Bampton,full-grid,1661,24,52,92,1.002663217732904,1.0004412375153815,-0.066714754538954993,0,0,1,UNSTABLE,4.5497858705008571e-16,1.4026504555622364e-16,1
B1_D2_Craig_Bampton,B1,2,Craig_Bampton,full-grid,1662,24,53,93,1.0024544789617027,1.000222836613551,-0.066852520574175275,0,0,1,UNSTABLE,1.4286204109177634e-16,1.4026504555622367e-16,1
B1_D2_Craig_Bampton,B1,2,Craig_Bampton,full-grid,1663,24,54,94,1.0022533985521673,1.0000106413670875,-0.067011880006129287,0,0,1,UNSTABLE,2.6044641687668671e-16,1.4026504555622364e-16,1
B1_D2_Craig_Bampton,B1,2,Craig_Bampton,full-grid,1664,24,55,95,1.0020626152962755,0.99980722112605847,-0.067193791071796807,0,0,1,UNSTABLE,2.7184192280894943e-16,1.4026504555622364e-16,1
B1_D2_Craig_Bampton,B1,2,Craig_Bampton,full-grid,1665,24,56,96,1.0018853038064883,0.99961569816059592,-0.067398946388828096,0,0,1,UNSTABLE,2.5320349911308912e-16,1.4026504555622364e-16,1
B1_D2_Craig_Bampton,B1,2,Craig_Bampton,full-grid,1666,24,57,97,1.0017252016826175,0.99943978906577513,-0.067627566259917268,0,0,1,UNSTABLE,5.9119544415935713e-16,1.4026504555622364e-16,1
B1_D2_Craig_Bampton,B1,2,Craig_Bampton,full-grid,1667,24,58,98,1.0015865611037325,0.99928377529894519,-0.067879126452010025,0,0,1,UNSTABLE,2.1328973524688608e-16,1.4026504555622364e-16,1
B1_D2_Craig_Bampton,B1,2,Craig_Bampton,full-grid,1668,24,59,99,1.0014739734678255,0.99915235018819537,-0.068152040665271404,0,0,1,UNSTABLE,4.1155038681480615e-16,1.4026504555622367e-16,1
B1_D2_Craig_Bampton,B1,2,Craig_Bampton,full-grid,1669,24,60,100,1.0013920188765537,0.9990502901016709,-0.068443358461045656,0,0,1,UNSTABLE,2.8781571480858704e-16,1.4026504555622364e-16,1
B1_D2_Craig_Bampton,B1,2,Craig_Bampton,full-grid,1670,24,61,101,1.0013447297981444,0.99898193152085679,-0.068748588271881905,0,0,1,UNSTABLE,1.4620781259672212e-16,1.4026504555622364e-16,1
B1_D2_Craig_Bampton,B1,2,Craig_Bampton,full-grid,1671,24,62,102,1.0013349406124048,0.99895051618507202,-0.069061780347936294,0,0,1,UNSTABLE,2.4213474924219353e-16,1.4026504555622364e-16,1
B1_D2_Craig_Bampton,B1,2,Craig_Bampton,full-grid,1672,24,63,103,1.0013636960667882,0.99895757070070479,-0.069375959382809105,0,0,1,UNSTABLE,1.1560823987886246e-16,1.4026504555622367e-16,1
B1_D2_Craig_Bampton,B1,2,Craig_Bampton,full-grid,1673,24,64,104,1.0014299389096781,0.99900254334882699,-0.069683864181148192,0,0,1,UNSTABLE,1.3624219442763987e-16,1.4026504555622364e-16,1
B1_D2_Craig_Bampton,B1,2,Craig_Bampton,full-grid,1674,24,65,105,1.0015306207344346,0.99908285566810551,-0.069978795208015046,0,0,1,UNSTABLE,4.3502192260114751e-16,1.4026504555622367e-16,1
B1_D2_Craig_Bampton,B1,2,Craig_Bampton,full-grid,1675,24,66,106,1.0016612023608955,0.99919435357499853,-0.070255306553423033,0,0,1,UNSTABLE,3.0327097740342101e-16,1.4026504555622367e-16,1
B1_D2_Craig_Bampton,B1,2,Craig_Bampton,full-grid,1676,25,0,41,1.0064047807959853,1.0038394488059961,-0.071811864130441355,0,0,1,UNSTABLE,1.7606113578540581e-16,1.2665150531458276e-16,1
B1_D2_Craig_Bampton,B1,2,Craig_Bampton,full-grid,1677,25,1,42,1.0066007169544866,1.004041509429622,-0.071733191170983687,0,0,1,UNSTABLE,3.3120113595220292e-16,1.4026504555622367e-16,1
B1_D2_Craig_Bampton,B1,2,Craig_Bampton,full-grid,1678,25,2,43,1.0067892836397767,1.0042370874275963,-0.071641704940856976,0,0,1,UNSTABLE,3.0170050851155694e-16,1.4026504555622364e-16,1
B1_D2_Craig_Bampton,B1,2,Craig_Bampton,full-grid,1679,25,3,44,1.0069697031601959,1.004425364349399,-0.071537895790344599,0,0,1,UNSTABLE,1.52610592774178e-16,1.4026504555622364e-16,1
B1_D2_Craig_Bampton,B1,2,Craig_Bampton,full-grid,1680,25,4,45,1.0071412318367399,1.0046055515769234,-0.071422311685152159,0,0,1,UNSTABLE,3.1284917960321494e-16,1.4026504555622364e-16,1
B1_D2_Craig_Bampton,B1,2,Craig_Bampton,full-grid,1681,25,5,46,1.0073031658969478,1.0047768963270447,-0.071295558300677214,0,0,1,UNSTABLE,2.4254984865034734e-16,1.4026504555622367e-16,1
B1_D2_Craig_Bampton,B1,2,Craig_Bampton,full-grid,1682,25,6,47,1.00745484787534,1.0049386882507279,-0.071158297930956738,0,0,1,UNSTABLE,1.5588224875356836e-16,1.4026504555622364e-16,1
B1_D2_Craig_Bampton,B1,2,Craig_Bampton,full-grid,1683,25,7,48,1.0075956731834264,1.0050902663000625,-0.071011247044617129,0,0,1,UNSTABLE,1.7152793248679023e-16,1.4026504555622364e-16,1
B1_D2_Craig_Bampton,B1,2,Craig_Bampton,full-grid,1684,25,8,49,1.0077250964877311,1.0052310255026469,-0.070855172416020573,0,0,1,UNSTABLE,3.4751447638052358e-16,1.4026504555622364e-16,1
B1_D2_Craig_Bampton,B1,2,Craig_Bampton,full-grid,1685,25,9,50,1.007842637536011,1.0053604232770326,-0.070690885860691527,0,0,1,UNSTABLE,3.3666254339820641e-16,1.4026504555622364e-16,1
B1_D2_Craig_Bampton,B1,2,Craig_Bampton,full-grid,1686,25,10,51,1.0079478861020452,1.0054779849462698,-0.070519237701282961,0,0,1,UNSTABLE,1.891519787623485e-16,1.4026504555622364e-16,1
B1_D2_Craig_Bampton,B1,2,Craig_Bampton,full-grid,1687,25,11,52,1.0080405057738828,1.0055833081554555,-0.070341109175189251,0,0,1,UNSTABLE,1.8731625050450156e-16,1.4026504555622364e-16,1
B1_D2_Craig_Bampton,B1,2,Craig_Bampton,full-grid,1688,25,12,53,1.0081202363846735,1.0056760659693387,-0.070157404062039463,0,0,1,UNSTABLE,1.5985976067687911e-16,1.4026504555622364e-16,1
B1_D2_Craig_Bampton,B1,2,Craig_Bampton,full-grid,1689,25,13,54,1.0081868949696151,1.0057560085084876,-0.069969039850128409,0,0,1,UNSTABLE,2.4645661222025704e-16,1.4026504555622367e-16,1
B1_D2_Craig_Bampton,B1,2,Craig_Bampton,full-grid,1690,25,14,55,1.0082403752223825,1.0058229630721158,-0.069776938779226541,0,0,1,UNSTABLE,2.165734819222739e-16,1.4026504555622367e-16,1
B1_D2_Craig_Bampton,B1,2,Craig_Bampton,full-grid,1691,25,15,56,1.0082806455076418,1.0058768327807817,-0.069582019086901398,0,0,1,UNSTABLE,1.7913678674528336e-16,1.4026504555622367e-16,1
B1_D2_Craig_Bampton,B1,2,Craig_Bampton,full-grid,1692,25,16,57,1.008307745558674,1.0059175938478317,-0.069385186754840608,0,0,1,UNSTABLE,4.6233918859562878e-16,1.4026504555622367e-16,1
B1_D2_Craig_Bampton,B1,2,Craig_Bampton,full-grid,1693,25,17,58,1.0083217820462873,1.0059452916498346,-0.069187328005422224,0,0,1,UNSTABLE,1.532115559623397e-16,1.4026504555622367e-16,1
B1_D2_Craig_Bampton,B1,2,Craig_Bampton,full-grid,1694,25,18,59,1.0083229232416546,1.005960035807671,-0.068989302739082367,0,0,1,UNSTABLE,2.7393620828250842e-16,1.4026504555622364e-16,1
B1_D2_Craig_Bampton,B1,2,Craig_Bampton,full-grid,1695,25,19,60,1.008311393015543,1.0059619945145888,-0.06879193904212394,0,0,1,UNSTABLE,1.9398444946580086e-16,1.4026504555622364e-16,1
B1_D2_Craig_Bampton,B1,2,Craig_Bampton,full-grid,1696,25,20,61,1.0082874644167221,1.0059513883524924,-0.068596028832546049,0,0,1,UNSTABLE,1.9484667023135817e-16,1.4026504555622364e-16,1
B1_D2_Craig_Bampton,B1,2,Craig_Bampton,full-grid,1697,25,21,62,1.0082514530605062,1.0059284838297931,-0.068402324657254099,0,0,1,UNSTABLE,2.2414450505868988e-16,1.4026504555622367e-16,1
B1_D2_Craig_Bampton,B1,2,Craig_Bampton,full-grid,1698,25,22,63,1.0082037105341297,1.0058935868530412,-0.068211537606996359,0,0,1,UNSTABLE,2.7968404084871065e-16,1.4026504555622364e-16,1
B1_D2_Craig_Bampton,B1,2,Craig_Bampton,full-grid,1699,25,23,64,1.0081446179955897,1.0058470363167717,-0.068024336279309344,0,0,1,UNSTABLE,1.3294416957540953e-16,1.4026504555622364e-16,1
B1_D2_Craig_Bampton,B1,2,Craig_Bampton,full-grid,1700,25,24,65,1.0080745801093518,1.0057891979640916,-0.067841346695030627,0,0,1,UNSTABLE,2.4960084583806778e-16,1.4026504555622364e-16,1
B1_D2_Craig_Bampton,B1,2,Craig_Bampton,full-grid,1701,25,25,66,1.0079940194283277,1.0057204586372495,-0.067663153058045516,0,0,1,UNSTABLE,2.0407205371067179e-16,1.4026504555622364e-16,1
B1_D2_Craig_Bampton,B1,2,Craig_Bampton,full-grid,1702,25,26,67,1.0079033713003507,1.0056412210061594,-0.067490299242586371,0,0,1,UNSTABLE,2.7732585755839993e-16,1.4026504555622364e-16,1
B1_D2_Craig_Bampton,B1,2,Craig_Bampton,full-grid,1703,25,27,68,1.007803079349084,1.0055518988341507,-0.06732329089200792,0,0,1,UNSTABLE,1.9321713793363756e-16,1.4026504555622364e-16,1
B1_D2_Craig_Bampton,B1,2,Craig_Bampton,full-grid,1704,25,28,69,1.0076935915575655,1.0054529128174481,-0.067162598022226835,0,0,1,UNSTABLE,1.312039408823353e-16,1.4026504555622364e-16,1
B1_D2_Craig_Bampton,B1,2,Craig_Bampton,full-grid,1705,25,29,70,1.0075753569621979,1.0053446870137139,-0.067008658028632179,0,0,1,UNSTABLE,1.260788822719465e-16,1.4026504555622367e-16,1
B1_D2_Craig_Bampton,B1,2,Craig_Bampton,full-grid,1706,25,30,71,1.0074488229552414,1.0052276458636253,-0.066861879014690748,0,0,1,UNSTABLE,2.0065737902236386e-16,1.4026504555622367e-16,1
B1_D2_Craig_Bampton,B1,2,Craig_Bampton,full-grid,1707,25,31,72,1.007314433182759,1.0051022117975532,-0.066722643367672863,0,0,1,UNSTABLE,1.8778142263723636e-16,1.4026504555622367e-16,1
B1_D2_Craig_Bampton,B1,2,Craig_Bampton,full-grid,1708,25,32,73,1.0071726260239278,1.0049688034168798,-0.066591311526198321,0,0,1,UNSTABLE,2.327350870076733e-16,1.4026504555622367e-16,1
B1_D2_Craig_Bampton,B1,2,Craig_Bampton,full-grid,1709,25,33,74,1.0070238336369792,1.0048278342378336,-0.066468225896462535,0,0,1,UNSTABLE,3.0889838213130307e-16,1.4026504555622367e-16,1
B1_D2_Craig_Bampton,B1,2,Craig_Bampton,full-grid,1710,25,34,75,1.0068684815611135,1.0046797119889546,-0.066353714884501286,0,0,1,UNSTABLE,2.4404409697470942e-16,1.4026504555622364e-16,1
B1_D2_Craig_Bampton,B1,2,Craig_Bampton,full-grid,1711,25,35,76,1.0067069888725551,1.0045248384610022,-0.066248097027340358,0,0,1,UNSTABLE,3.6557804129478395e-16,1.4026504555622364e-16,1
B1_D2_Craig_Bampton,B1,2,Craig_Bampton,full-grid,1712,25,36,77,1.0065397689029407,1.0043636099176942,-0.066151685211208566,0,0,1,UNSTABLE,2.6398765431946553e-16,1.4026504555622364e-16,1
B1_D2_Craig_Bampton,B1,2,Craig_Bampton,full-grid,1713,25,37,78,1.0063672305428804,1.0041964180896044,-0.066064790974884297,0,0,1,UNSTABLE,4.3765885329224808e-16,1.4026504555622367e-16,1
B1_D2_Craig_Bampton,B1,2,Craig_Bampton,full-grid,1714,25,38,79,1.0061897801715232,1.0040236517913173,-0.065987728898985604,0,0,1,UNSTABLE,3.7331888884226416e-16,1.4026504555622364e-16,1
B1_D2_Craig_Bampton,B1,2,Craig_Bampton,full-grid,1715,25,39,80,1.0060078242750885,1.0038456992237959,-0.065920821085494505,0,0,1,UNSTABLE,1.9004255794847757e-16,1.4026504555622364e-16,1
B1_D2_Craig_Bampton,B1,2,Craig_Bampton,full-grid,1716,25,40,81,1.005821772843019,1.0036629510499431,-0.065864401726527855,0,0,1,UNSTABLE,2.3445456118580774e-16,1.4026504555622364e-16,1
B1_D2_Craig_Bampton,B1,2,Craig_Bampton,full-grid,1717,25,41,82,1.0056320436630448,1.0034758043643865,-0.065818821754570073,0,0,1,UNSTABLE,4.5790989803335704e-16,1.4026504555622364e-16,1
B1_D2_Craig_Bampton,B1,2,Craig_Bampton,full-grid,1718,25,42,83,1.0054390676741847,1.0032846677173828,-0.065784453549108959,0,0,1,UNSTABLE,2.4004786139673815e-16,1.4026504555622364e-16,1
B1_D2_Craig_Bampton,B1,2,Craig_Bampton,full-grid,1719,25,43,84,1.0052432955820525,1.0030899673999274,-0.065761695646312859,0,0,1,UNSTABLE,2.1597827450873983e-16,1.4026504555622364e-16,1
B1_D2_Craig_Bampton,B1,2,Craig_Bampton,full-grid,1720,25,44,85,1.0050452059932666,1.0028921552525527,-0.065750977353474682,0,0,1,UNSTABLE,1.6700907988137124e-16,1.4026504555622364e-16,1
B1_D2_Craig_Bampton,B1,2,Craig_Bampton,full-grid,1721,25,45,86,1.0048453153869978,1.0026917183259973,-0.06575276310280781,0,0,1,UNSTABLE,3.1471266421304972e-16,1.4026504555622367e-16,1
B1_D2_Craig_Bampton,B1,2,Craig_Bampton,full-grid,1722,25,46,87,1.0046441903054504,1.0024891907927169,-0.06576755627402861,0,0,1,UNSTABLE,2.2049648448551919e-16,1.4026504555622367e-16,1
B1_D2_Craig_Bampton,B1,2,Craig_Bampton,full-grid,1723,25,47,88,1.0044424622117147,1.0022851685849266,-0.065795902065531348,0,0,1,UNSTABLE,2.4615912643242862e-16,1.4026504555622367e-16,1
B1_D2_Craig_Bampton,B1,2,Craig_Bampton,full-grid,1724,25,48,89,1.0042408455134348,1.0020803272999319,-0.065838388771294235,0,0,1,UNSTABLE,2.8186340967830793e-16,1.4026504555622367e-16,1
B1_D2_Craig_Bampton,B1,2,Craig_Bampton,full-grid,1725,25,49,90,1.0040401592682704,1.0018754439523914,-0.065895646507584074,0,0,1,UNSTABLE,4.4305089530385099e-16,1.4026504555622367e-16,1
B1_D2_Craig_Bampton,B1,2,Craig_Bampton,full-grid,1726,25,50,91,1.0038413530226085,1.0016714231189381,-0.065968341991764101,0,0,1,UNSTABLE,2.3918084172703343e-16,1.4026504555622364e-16,1
B1_D2_Craig_Bampton,B1,2,Craig_Bampton,full-grid,1727,25,51,92,1.0036455370220518,1.0014693278485027,-0.06605716738515971,0,0,1,UNSTABLE,3.114174736438177e-16,1.4026504555622364e-16,1
B1_D2_Craig_Bampton,B1,2,Craig_Bampton,full-grid,1728,25,52,93,1.0034540165487826,1.0012704152816621,-0.06616282044753502,0,0,1,UNSTABLE,2.6121968949336206e-16,1.4026504555622364e-16,1
B1_D2_Craig_Bampton,B1,2,Craig_Bampton,full-grid,1729,25,53,94,1.0032683292140816,1.001076176059293,-0.06628597235100632,0,0,1,UNSTABLE,1.4612063464215892e-16,1.4026504555622367e-16,1
B1_D2_Craig_Bampton,B1,2,Craig_Bampton,full-grid,1730,25,54,95,1.0030902824178975,1.0008883750505158,-0.066427218592649467,0,0,1,UNSTABLE,1.5713066550221674e-16,1.4026504555622364e-16,1
B1_D2_Craig_Bampton,B1,2,Craig_Bampton,full-grid,1731,25,55,96,1.0029219856097698,1.0007090883982319,-0.066587007866569167,0,0,1,UNSTABLE,2.4780910576293981e-16,1.4026504555622364e-16,1
B1_D2_Craig_Bampton,B1,2,Craig_Bampton,full-grid,1732,25,56,97,1.0027658682528358,1.0005407281285268,-0.066765544174377953,0,0,1,UNSTABLE,4.829389842878149e-16,1.4026504555622364e-16,1
B1_D2_Craig_Bampton,B1,2,Craig_Bampton,full-grid,1733,25,57,98,1.0026246696967926,1.0003860407110743,-0.066962660005585747,0,0,1,UNSTABLE,2.0385995917152401e-16,1.4026504555622364e-16,1
B1_D2_Craig_Bampton,B1,2,Craig_Bampton,full-grid,1734,25,58,99,1.0025013825916622,1.0002480609703057,-0.067177664616581048,0,0,1,UNSTABLE,1.6238535631372414e-16,1.4026504555622364e-16,1
B1_D2_Craig_Bampton,B1,2,Craig_Bampton,full-grid,1735,25,59,100,1.0023991296742536,1.0001300001869913,-0.067409182591619154,0,0,1,UNSTABLE,2.4237573640184891e-16,1.4026504555622364e-16,1
B1_D2_Craig_Bampton,B1,2,Craig_Bampton,full-grid,1736,25,60,101,1.0023209591675093,1.0000350515530272,-0.067655013500920694,0,0,1,UNSTABLE,1.4356497065773147e-16,1.4026504555622364e-16,1
B1_D2_Craig_Bampton,B1,2,Craig_Bampton,full-grid,1737,25,61,102,1.0022695614401371,0.99996611244320355,-0.06791205897799768,0,0,1,UNSTABLE,3.5758790733869342e-16,1.4026504555622367e-16,1
B1_D2_Craig_Bampton,B1,2,Craig_Bampton,full-grid,1738,25,62,103,1.002246939826577,0.99992545278436262,-0.068176368821794009,0,0,1,UNSTABLE,3.5464634072094262e-16,1.4026504555622367e-16,1
B1_D2_Craig_Bampton,B1,2,Craig_Bampton,full-grid,1739,25,63,104,1.002254102672149,0.99991439406047644,-0.068443340609767617,0,0,1,UNSTABLE,1.3993111673160985e-16,1.4026504555622367e-16,1
B1_D2_Craig_Bampton,B1,2,Craig_Bampton,full-grid,1740,25,64,105,1.0022908619598567,0.99993308472634634,-0.068708063849058004,0,0,1,UNSTABLE,2.2380686108139814e-16,1.4026504555622367e-16,1
B1_D2_Craig_Bampton,B1,2,Craig_Bampton,full-grid,1741,25,65,106,1.0023558066146308,0.99998044435589017,-0.068965744829322551,0,0,1,UNSTABLE,2.4437114121436124e-16,1.4026504555622367e-16,1
B1_D2_Craig_Bampton,B1,2,Craig_Bampton,full-grid,1742,25,66,107,1.0024464653315799,1.0000542981901943,-0.069212112575015194,0,0,1,UNSTABLE,2.3605093965018568e-16,1.4026504555622364e-16,1
B1_D2_Craig_Bampton,B1,2,Craig_Bampton,full-grid,1743,26,0,42,1.0067772236768748,1.0042779697620596,-0.070895257705372763,0,0,1,UNSTABLE,3.268160874122526e-16,1.2665150531458276e-16,1
B1_D2_Craig_Bampton,B1,2,Craig_Bampton,full-grid,1744,26,1,43,1.0069625790815651,1.0044687960293601,-0.070824243546437016,0,0,1,UNSTABLE,2.470757783940051e-16,1.4026504555622367e-16,1
B1_D2_Craig_Bampton,B1,2,Craig_Bampton,full-grid,1745,26,2,44,1.0071413985247188,1.0046539107581243,-0.070741191824378505,0,0,1,UNSTABLE,1.4048883506792231e-16,1.4026504555622364e-16,1
B1_D2_Craig_Bampton,B1,2,Craig_Bampton,full-grid,1746,26,3,45,1.007312938020722,1.0048325360164658,-0.070646512062921024,0,0,1,UNSTABLE,1.5768626100102306e-16,1.4026504555622367e-16,1
B1_D2_Craig_Bampton,B1,2,Craig_Bampton,full-grid,1747,26,4,46,1.007476479661273,1.0050039158078286,-0.070540671116757311,0,0,1,UNSTABLE,1.6925773528665463e-16,1.4026504555622364e-16,1
B1_D2_Craig_Bampton,B1,2,Craig_Bampton,full-grid,1748,26,5,47,1.0076313377889172,1.0051673222991511,-0.070424193827387918,0,0,1,UNSTABLE,2.5456275852297104e-16,1.4026504555622364e-16,1
B1_D2_Craig_Bampton,B1,2,Craig_Bampton,full-grid,1749,26,6,48,1.0077768656745059,1.0053220626416419,-0.07029766251224738,0,0,1,UNSTABLE,1.6803627732085247e-16,1.4026504555622364e-16,1
B1_D2_Craig_Bampton,B1,2,Craig_Bampton,full-grid,1750,26,7,49,1.0079124623911804,1.0054674860850104,-0.070161715125432497,0,0,1,UNSTABLE,1.5447728219299781e-16,1.4026504555622364e-16,1
B1_D2_Craig_Bampton,B1,2,Craig_Bampton,full-grid,1751,26,8,50,1.0080375795496301,1.0056029910516864,-0.070017042012489872,0,0,1,UNSTABLE,2.7297973442393472e-16,1.4026504555622364e-16,1
B1_D2_Craig_Bampton,B1,2,Craig_Bampton,full-grid,1752,26,9,51,1.0081517275550858,1.0057280318265327,-0.069864381272813608,0,0,1,UNSTABLE,1.6585860486889265e-16,1.4026504555622364e-16,1
B1_D2_Craig_Bampton,B1,2,Craig_Bampton,full-grid,1753,26,10,52,1.0082544810674425,1.0058421245321747,-0.069704512832234014,0,0,1,UNSTABLE,2.553749939680827e-16,1.4026504555622364e-16,1
B1_D2_Craig_Bampton,B1,2,Craig_Bampton,full-grid,1754,26,11,53,1.0083454833919792,1.0059448521005228,-0.069538251412165381,0,0,1,UNSTABLE,1.6503256015110485e-16,1.4026504555622364e-16,1
B1_D2_Craig_Bampton,B1,2,Craig_Bampton,full-grid,1755,26,12,54,1.0084244495909223,1.0060358680098815,-0.069366438645492468,0,0,1,UNSTABLE,2.2444592443503456e-16,1.4026504555622364e-16,1
B1_D2_Craig_Bampton,B1,2,Craig_Bampton,full-grid,1756,26,13,55,1.0084911681843229,1.0061148986327084,-0.069189934637021763,0,0,1,UNSTABLE,1.7685397154615409e-16,1.4026504555622367e-16,1
B1_D2_Craig_Bampton,B1,2,Craig_Bampton,full-grid,1757,26,14,56,1.0085455013911913,1.006181744121001,-0.069009609287617166,0,0,1,UNSTABLE,2.2598329791518028e-16,1.4026504555622364e-16,1
B1_D2_Craig_Bampton,B1,2,Craig_Bampton,full-grid,1758,26,15,57,1.0085873839422259,1.0062362778378278,-0.068826333699369732,0,0,1,UNSTABLE,2.1432218599542596e-16,1.4026504555622367e-16,1
B1_D2_Craig_Bampton,B1,2,Craig_Bampton,full-grid,1759,26,16,58,1.0086168205677624,1.0062784444183643,-0.06864097195683129,0,0,1,UNSTABLE,3.6408093412084043e-16,1.4026504555622367e-16,1
B1_D2_Craig_Bampton,B1,2,Craig_Bampton,full-grid,1760,26,17,59,1.0086338823219674,1.0063082566050539,-0.068454373537277749,0,0,1,UNSTABLE,2.5816735926220072e-16,1.4026504555622367e-16,1
B1_D2_Craig_Bampton,B1,2,Craig_Bampton,full-grid,1761,26,18,60,1.0086387019465641,1.0063257910479599,-0.068267366553478662,0,0,1,UNSTABLE,2.0596398615491124e-16,1.4026504555622364e-16,1
B1_D2_Craig_Bampton,B1,2,Craig_Bampton,full-grid,1762,26,19,61,1.0086314685000588,1.0063311832888409,-0.068080751971953513,0,0,1,UNSTABLE,2.4686562314457007e-16,1.4026504555622367e-16,1
B1_D2_Craig_Bampton,B1,2,Craig_Bampton,full-grid,1763,26,20,62,1.0086124214857455,1.0063246221590585,-0.067895298892982694,0,0,1,UNSTABLE,3.6010096012898743e-16,1.4026504555622364e-16,1
B1_D2_Craig_Bampton,B1,2,Craig_Bampton,full-grid,1764,26,21,63,1.0085818447041728,1.0063063438177817,-0.067711740924011957,0,0,1,UNSTABLE,1.6666303036386426e-16,1.4026504555622364e-16,1
B1_D2_Craig_Bampton,B1,2,Craig_Bampton,full-grid,1765,26,22,64,1.0085400600364045,1.0062766256409048,-0.067530773629422988,0,0,1,UNSTABLE,1.5793448567605716e-16,1.4026504555622364e-16,1
B1_D2_Craig_Bampton,B1,2,Craig_Bampton,full-grid,1766,26,23,65,1.0084874213391424,1.0062357801480721,-0.067353053004845606,0,0,1,UNSTABLE,1.8169466389605247e-16,1.4026504555622364e-16,1
B1_D2_Craig_Bampton,B1,2,Craig_Bampton,full-grid,1767,26,24,66,1.0084243086009497,1.0061841491251964,-0.067179194893270108,0,0,1,UNSTABLE,2.1421975385362936e-16,1.4026504555622364e-16,1
B1_D2_Craig_Bampton,B1,2,Craig_Bampton,full-grid,1768,26,25,67,1.0083511224782391,1.0061220980700369,-0.067009775244153677,0,0,1,UNSTABLE,3.8679025603775231e-16,1.4026504555622364e-16,1
B1_D2_Craig_Bampton,B1,2,Craig_Bampton,full-grid,1769,26,26,68,1.0082682792980084,1.0060500110570523,-0.06684533110600524,0,0,1,UNSTABLE,2.5741577755618092e-16,1.4026504555622364e-16,1
B1_D2_Craig_Bampton,B1,2,Craig_Bampton,full-grid,1770,26,27,69,1.0081762065879354,1.0059682860910528,-0.066686362241985764,0,0,1,UNSTABLE,2.0738447887203107e-16,1.4026504555622364e-16,1
B1_D2_Craig_Bampton,B1,2,Craig_Bampton,full-grid,1771,26,28,70,1.0080753391700115,1.0058773309941551,-0.066533333260919605,0,0,1,UNSTABLE,2.1863011558459188e-16,1.4026504555622364e-16,1
B1_D2_Craig_Bampton,B1,2,Craig_Bampton,full-grid,1772,26,29,71,1.0079661158352164,1.0057775598510097,-0.066386676163832564,0,0,1,UNSTABLE,2.4092580745335664e-16,1.4026504555622367e-16,1
B1_D2_Craig_Bampton,B1,2,Craig_Bampton,full-grid,1773,26,30,72,1.0078489766028762,1.0056693900223184,-0.066246793217508371,0,0,1,UNSTABLE,1.9507236597267775e-16,1.4026504555622364e-16,1
B1_D2_Craig_Bampton,B1,2,Craig_Bampton,full-grid,1774,26,31,73,1.0077243605583541,1.0055532397256874,-0.066114060077400227,0,0,1,UNSTABLE,2.3680231207021502e-16,1.4026504555622367e-16,1
B1_D2_Craig_Bampton,B1,2,Craig_Bampton,full-grid,1775,26,32,74,1.0075927042577764,1.0054295261767798,-0.065988829095800339,0,0,1,UNSTABLE,3.1763339188770335e-16,1.4026504555622367e-16,1
B1_D2_Craig_Bampton,B1,2,Craig_Bampton,full-grid,1776,26,33,75,1.0074544406866868,1.0052986642810655,-0.065871432761328993,0,0,1,UNSTABLE,2.450785616910855e-16,1.4026504555622367e-16,1
B1_D2_Craig_Bampton,B1,2,Craig_Bampton,full-grid,1777,26,34,76,1.0073099987620941,1.0051610658680372,-0.065762187228844679,0,0,1,UNSTABLE,3.1055646515720894e-16,1.4026504555622364e-16,1
B1_D2_Craig_Bampton,B1,2,Craig_Bampton,full-grid,1778,26,35,77,1.0071598033717175,1.0050171394634748,-0.06566139590665955,0,0,1,UNSTABLE,2.0099844459279616e-16,1.4026504555622367e-16,1
B1_D2_Craig_Bampton,B1,2,Craig_Bampton,full-grid,1779,26,36,78,1.0070042759527558,1.0048672906033131,-0.065569353075123543,0,0,1,UNSTABLE,1.5404004600487986e-16,1.4026504555622364e-16,1
B1_D2_Craig_Bampton,B1,2,Craig_Bampton,full-grid,1780,26,37,79,1.0068438356228044,1.004711922702425,-0.065486347517914906,0,0,1,UNSTABLE,2.5769477855829381e-16,1.4026504555622364e-16,1
B1_D2_Craig_Bampton,B1,2,Craig_Bampton,full-grid,1781,26,38,80,1.0066789008880745,1.0045514385042005,-0.065412666146268672,0,0,1,UNSTABLE,1.946617229264431e-16,1.4026504555622364e-16,1
B1_D2_Craig_Bampton,B1,2,Craig_Bampton,full-grid,1782,26,39,81,1.0065098919699811,1.0043862421526022,-0.065348597597784649,0,0,1,UNSTABLE,2.1876329571670065e-16,1.4026504555622364e-16,1
B1_D2_Craig_Bampton,B1,2,Craig_Bampton,full-grid,1783,26,40,82,1.0063372338089382,1.0042167419465808,-0.065294435784528093,0,0,1,UNSTABLE,2.9983067960396289e-16,1.4026504555622364e-16,1
B1_D2_Craig_Bampton,B1,2,Craig_Bampton,full-grid,1784,26,41,83,1.0061613598247756,1.0040433538579796,-0.065250483355005176,0,0,1,UNSTABLE,2.1644493624922395e-16,1.4026504555622364e-16,1
B1_D2_Craig_Bampton,B1,2,Craig_Bampton,full-grid,1785,26,42,84,1.0059827165356767,1.0038665059178704,-0.065217055014358843,0,0,1,UNSTABLE,2.3503448189020576e-16,1.4026504555622364e-16,1
B1_D2_Craig_Bampton,B1,2,Craig_Bampton,full-grid,1786,26,43,85,1.0058017691633825,1.0036866436037557,-0.06519448062234566,0,0,1,UNSTABLE,2.1000378188814915e-16,1.4026504555622364e-16,1
B1_D2_Craig_Bampton,B1,2,Craig_Bampton,full-grid,1787,26,44,86,1.0056190083778194,1.0035042363884101,-0.065183107944487118,0,0,1,UNSTABLE,2.1823785747114947e-16,1.4026504555622364e-16,1
B1_D2_Craig_Bampton,B1,2,Craig_Bampton,full-grid,1788,26,45,87,1.0054349583596904,1.0033197856402776,-0.065183304875557568,0,0,1,UNSTABLE,2.9498737710292052e-16,1.4026504555622367e-16,1
B1_D2_Craig_Bampton,B1,2,Craig_Bampton,full-grid,1789,26,46,88,1.005250186380388,1.0031338340916141,-0.065195460873152963,0,0,1,UNSTABLE,4.2612144385839437e-16,1.4026504555622364e-16,1
B1_D2_Craig_Bampton,B1,2,Craig_Bampton,full-grid,1790,26,47,89,1.0050653141067245,1.0029469771063577,-0.065219987225296455,0,0,1,UNSTABLE,3.1870158539391798e-16,1.4026504555622367e-16,1
B1_D2_Craig_Bampton,B1,2,Craig_Bampton,full-grid,1791,26,48,90,1.0048810308254466,1.0027598759771528,-0.065257315628958062,0,0,1,UNSTABLE,2.8811449850165632e-16,1.4026504555622367e-16,1
B1_D2_Craig_Bampton,B1,2,Craig_Bampton,full-grid,1792,26,49,91,1.0046981087261904,1.0025732734384019,-0.065307894354289298,0,0,1,UNSTABLE,3.1351536541678959e-16,1.4026504555622367e-16,1
B1_D2_Craig_Bampton,B1,2,Craig_Bampton,full-grid,1793,26,50,92,1.0045174202584894,1.0023880114763428,-0.065372181019711942,0,0,1,UNSTABLE,3.1958219081867566e-16,1.4026504555622364e-16,1
B1_D2_Craig_Bampton,B1,2,Craig_Bampton,full-grid,1794,26,51,93,1.0043399573422136,1.0022050513020901,-0.065450630697754975,0,0,1,UNSTABLE,2.5221199294948614e-16,1.4026504555622367e-16,1
B1_D2_Craig_Bampton,B1,2,Craig_Bampton,full-grid,1795,26,52,94,1.0041668518050202,1.0020254949720919,-0.065543677726685359,0,0,1,UNSTABLE,2.148407109528167e-16,1.4026504555622364e-16,1
B1_D2_Craig_Bampton,B1,2,Craig_Bampton,full-grid,1796,26,53,95,1.003999395771457,1.0018506075149833,-0.065651709279417617,0,0,1,UNSTABLE,2.6819251671208259e-16,1.4026504555622364e-16,1
B1_D2_Craig_Bampton,B1,2,Craig_Bampton,full-grid,1797,26,54,96,1.003839059753544,1.0016818374656251,-0.065775028531871213,0,0,1,UNSTABLE,1.8511118351519429e-16,1.4026504555622364e-16,1
B1_D2_Craig_Bampton,B1,2,Craig_Bampton,full-grid,1798,26,55,97,1.003687504840427,1.0015208323505387,-0.06591380538769312,0,0,1,UNSTABLE,5.1830421473588542e-16,1.4026504555622364e-16,1
B1_D2_Craig_Bampton,B1,2,Craig_Bampton,full-grid,1799,26,56,98,1.0035465836877078,1.0013694439259715,-0.066068013460826802,0,0,1,UNSTABLE,3.0950083473581181e-16,1.4026504555622364e-16,1
B1_D2_Craig_Bampton,B1,2,Craig_Bampton,full-grid,1800,26,57,99,1.0034183232066602,1.0012297160516179,-0.066237353827447193,0,0,1,UNSTABLE,1.1674524769141357e-16,1.4026504555622364e-16,1
B1_D2_Craig_Bampton,B1,2,Craig_Bampton,full-grid,1801,26,58,100,1.0033048805431226,1.0011038465521165,-0.066421169367950519,0,0,1,UNSTABLE,2.0543617832373912e-16,1.4026504555622364e-16,1
B1_D2_Craig_Bampton,B1,2,Craig_Bampton,full-grid,1802,26,59,101,1.0032084641942389,1.0009941143371799,-0.066618358530427718,0,0,1,UNSTABLE,3.8645712542683809e-16,1.4026504555622364e-16,1
B1_D2_Craig_Bampton,B1,2,Craig_Bampton,full-grid,1803,26,60,102,1.0031312153923191,1.0009027659075889,-0.066827303499466445,0,0,1,UNSTABLE,3.8092584671589111e-16,1.4026504555622364e-16,1
B1_D2_Craig_Bampton,B1,2,Craig_Bampton,full-grid,1804,26,61,103,1.003075052462167,1.0008318625627939,-0.06704583321182804,0,0,1,UNSTABLE,2.5739793750373662e-16,1.4026504555622367e-16,1
B1_D2_Craig_Bampton,B1,2,Craig_Bampton,full-grid,1805,26,62,104,1.0030414926025288,1.0007831012401824,-0.067271243145875237,0,0,1,UNSTABLE,2.6354635132719712e-16,1.4026504555622364e-16,1
B1_D2_Craig_Bampton,B1,2,Craig_Bampton,full-grid,1806,26,63,105,1.0030314785645571,1.000757635320682,-0.067500387693396335,0,0,1,UNSTABLE,3.6015147636050139e-16,1.4026504555622367e-16,1
B1_D2_Craig_Bampton,B1,2,Craig_Bampton,full-grid,1807,26,64,106,1.0030452461335353,1.0007559311762166,-0.067729845760256702,0,0,1,UNSTABLE,2.2572895828091743e-16,1.4026504555622367e-16,1
B1_D2_Craig_Bampton,B1,2,Craig_Bampton,full-grid,1808,26,65,107,1.0030822657845258,1.0007776951114429,-0.067956139522825434,0,0,1,UNSTABLE,2.7510911961515002e-16,1.4026504555622367e-16,1
B1_D2_Craig_Bampton,B1,2,Craig_Bampton,full-grid,1809,26,66,108,1.0031412761076282,1.0008218908247368,-0.068175968470121862,0,0,1,UNSTABLE,1.7312830136851112e-16,1.4026504555622364e-16,1
B1_D2_Craig_Bampton,B1,2,Craig_Bampton,full-grid,1810,27,0,43,1.0070824911454128,1.0046486981218137,-0.069972404087577184,0,0,1,UNSTABLE,1.7079586533142841e-16,1.2665150531458271e-16,1
B1_D2_Craig_Bampton,B1,2,Craig_Bampton,full-grid,1811,27,1,44,1.0072586326376933,1.0048296728038963,-0.069909095802835663,0,0,1,UNSTABLE,1.9243113739960958e-16,1.4026504555622364e-16,1
B1_D2_Craig_Bampton,B1,2,Craig_Bampton,full-grid,1812,27,2,45,1.007429015875885,1.0050056595103938,-0.069834421174180386,0,0,1,UNSTABLE,2.0146248155575832e-16,1.4026504555622364e-16,1
B1_D2_Craig_Bampton,B1,2,Craig_Bampton,full-grid,1813,27,3,46,1.0075929269101922,1.0051759162268734,-0.069748718962524978,0,0,1,UNSTABLE,2.2051938361926383e-16,1.4026504555622364e-16,1
B1_D2_Craig_Bampton,B1,2,Craig_Bampton,full-grid,1814,27,4,47,1.007749671203096,1.0053397162892921,-0.069652384462514025,0,0,1,UNSTABLE,2.8897149478895557e-16,1.4026504555622364e-16,1
B1_D2_Craig_Bampton,B1,2,Craig_Bampton,full-grid,1815,27,5,48,1.0078985798914628,1.005496354654779,-0.069545870640736182,0,0,1,UNSTABLE,1.9593883486415517e-16,1.4026504555622364e-16,1
B1_D2_Craig_Bampton,B1,2,Craig_Bampton,full-grid,1816,27,6,49,1.00803901656714,1.0056451547762681,-0.069429688150403401,0,0,1,UNSTABLE,2.5778481216159917e-16,1.4026504555622364e-16,1
B1_D2_Craig_Bampton,B1,2,Craig_Bampton,full-grid,1817,27,7,50,1.0081703842965197,1.0057854758099531,-0.069304404061637154,0,0,1,UNSTABLE,2.5533920124091461e-16,1.4026504555622364e-16,1
B1_D2_Craig_Bampton,B1,2,Craig_Bampton,full-grid,1818,27,8,51,1.0082921325684906,1.0059167198477956,-0.069170639220453106,0,0,1,UNSTABLE,1.4445495789205241e-16,1.4026504555622364e-16,1
B1_D2_Craig_Bampton,B1,2,Craig_Bampton,full-grid,1819,27,9,52,1.0084037638496919,1.006038338850745,-0.069029064231371312,0,0,1,UNSTABLE,2.9805052738591867e-16,1.4026504555622364e-16,1
B1_D2_Craig_Bampton,B1,2,Craig_Bampton,full-grid,1820,27,10,53,1.0085048394392566,1.006149840965628,-0.068880394142618651,0,0,1,UNSTABLE,1.1582746694515115e-16,1.4026504555622364e-16,1
B1_D2_Craig_Bampton,B1,2,Craig_Bampton,full-grid,1821,27,11,54,1.0085949843511295,1.0062507959392373,-0.068725381991712187,0,0,1,UNSTABLE,2.0020578139470433e-16,1.4026504555622364e-16,1
B1_D2_Craig_Bampton,B1,2,Craig_Bampton,full-grid,1822,27,12,55,1.0086738910070796,1.0063408393939695,-0.068564811435626954,0,0,1,UNSTABLE,2.5271974758796079e-16,1.4026504555622364e-16,1
B1_D2_Craig_Bampton,B1,2,Craig_Bampton,full-grid,1823,27,13,56,1.0087413215930114,1.0064196757960961,-0.068399488738557154,0,0,1,UNSTABLE,1.3072986887983961e-16,1.4026504555622367e-16,1
B1_D2_Craig_Bampton,B1,2,Craig_Bampton,full-grid,1824,27,14,57,1.0087971090076981,1.0064870800231667,-0.068230234417959251,0,0,1,UNSTABLE,2.6557918360597813e-16,1.4026504555622367e-16,1
B1_D2_Craig_Bampton,B1,2,Craig_Bampton,full-grid,1825,27,15,58,1.0088411564102848,1.0065428975148221,-0.068057874854472414,0,0,1,UNSTABLE,1.987165637359798e-16,1.4026504555622367e-16,1
B1_D2_Craig_Bampton,B1,2,Craig_Bampton,full-grid,1826,27,16,59,1.0088734354436963,1.0065870430640844,-0.067883234155933475,0,0,1,UNSTABLE,1.7375399331155395e-16,1.4026504555622364e-16,1
B1_D2_Craig_Bampton,B1,2,Craig_Bampton,full-grid,1827,27,17,60,1.008893983270718,1.0066194983689418,-0.067707126532707204,0,0,1,UNSTABLE,1.5908976767454761e-16,1.4026504555622364e-16,1
B1_D2_Craig_Bampton,B1,2,Craig_Bampton,full-grid,1828,27,18,61,1.0089028986039132,1.0066403085124329,-0.067530349394710407,0,0,1,UNSTABLE,1.1690511292774085e-16,1.4026504555622364e-16,1
B1_D2_Craig_Bampton,B1,2,Craig_Bampton,full-grid,1829,27,19,62,1.0089003369388863,1.0066495775719013,-0.067353677328793257,0,0,1,UNSTABLE,1.3703468964850569e-16,1.4026504555622364e-16,1
B1_D2_Craig_Bampton,B1,2,Craig_Bampton,full-grid,1830,27,20,63,1.0088865052120839,1.0066474635741203,-0.067177857057532889,0,0,1,UNSTABLE,1.9940701386899709e-16,1.4026504555622364e-16,1
B1_D2_Craig_Bampton,B1,2,Craig_Bampton,full-grid,1831,27,21,64,1.0088616561020727,1.0066341730144492,-0.06700360342946457,0,0,1,UNSTABLE,2.8903762416796872e-16,1.4026504555622364e-16,1
B1_D2_Craig_Bampton,B1,2,Craig_Bampton,full-grid,1832,27,22,65,1.0088260821793942,1.0066099551477112,-0.066831596441717461,0,0,1,UNSTABLE,3.1193765095509636e-16,1.4026504555622364e-16,1
B1_D2_Craig_Bampton,B1,2,Craig_Bampton,full-grid,1833,27,23,66,1.0087801100870881,1.0065750962380045,-0.066662479257599452,0,0,1,UNSTABLE,1.1197269974352639e-16,1.4026504555622364e-16,1
B1_D2_Craig_Bampton,B1,2,Craig_Bampton,full-grid,1834,27,24,67,1.0087240949074185,1.0065299139298869,-0.066496857151939578,0,0,1,UNSTABLE,1.4618116974301505e-16,1.4026504555622364e-16,1
B1_D2_Craig_Bampton,B1,2,Craig_Bampton,full-grid,1835,27,25,68,1.0086584148394202,1.0064747518736923,-0.066335297294587939,0,0,1,UNSTABLE,1.6352856515737891e-16,1.4026504555622364e-16,1
B1_D2_Craig_Bampton,B1,2,Craig_Bampton,full-grid,1836,27,26,69,1.0085834662836557,1.0064099747098632,-0.066178329272102834,0,0,1,UNSTABLE,1.7809130414670497e-16,1.4026504555622364e-16,1
B1_D2_Craig_Bampton,B1,2,Craig_Bampton,full-grid,1837,27,27,70,1.0084996594026137,1.0063359634892992,-0.066026446241274156,0,0,1,UNSTABLE,4.1162919101980323e-16,1.4026504555622364e-16,1
B1_D2_Craig_Bampton,B1,2,Craig_Bampton,full-grid,1838,27,28,71,1.0084074142010775,1.0062531115822106,-0.065880106609069636,0,0,1,UNSTABLE,2.0542521941116125e-16,1.4026504555622364e-16,1
B1_D2_Craig_Bampton,B1,2,Craig_Bampton,full-grid,1839,27,29,72,1.0083071571522426,1.0061618211086261,-0.065739736140409372,0,0,1,UNSTABLE,1.4330658551012867e-16,1.4026504555622367e-16,1
B1_D2_Craig_Bampton,B1,2,Craig_Bampton,full-grid,1840,27,30,73,1.0081993183781175,1.0060624999057561,-0.065605730401247508,0,0,1,UNSTABLE,2.0298389405529162e-16,1.4026504555622367e-16,1
B1_D2_Craig_Bampton,B1,2,Craig_Bampton,full-grid,1841,27,31,74,1.0080843293833759,1.0059555590369715,-0.065478457456973324,0,0,1,UNSTABLE,2.1548204570490111e-16,1.4026504555622367e-16,1
B1_D2_Craig_Bampton,B1,2,Craig_Bampton,full-grid,1842,27,32,75,1.0079626213331023,1.0058414108376446,-0.065358260754365349,0,0,1,UNSTABLE,1.4211146481408004e-16,1.4026504555622364e-16,1
B1_D2_Craig_Bampton,B1,2,Craig_Bampton,full-grid,1843,27,33,76,1.0078346238631732,1.0057204674903462,-0.06524546212897428,0,0,1,UNSTABLE,3.6501534772143061e-16,1.4026504555622364e-16,1
B1_D2_Craig_Bampton,B1,2,Craig_Bampton,full-grid,1844,27,34,77,1.0077007644097939,1.0055931401191103,-0.06514036488592137,0,0,1,UNSTABLE,2.2948859679647379e-16,1.4026504555622364e-16,1
B1_D2_Craig_Bampton,B1,2,Craig_Bampton,full-grid,1845,27,35,78,1.0075614680490188,1.0054598383959328,-0.065043256913522252,0,0,1,UNSTABLE,2.9415309000628085e-16,1.4026504555622364e-16,1
B1_D2_Craig_Bampton,B1,2,Craig_Bampton,full-grid,1846,27,36,79,1.0074171578408284,1.0053209706559971,-0.064954413794417576,0,0,1,UNSTABLE,2.1354881776834159e-16,1.4026504555622364e-16,1
B1_D2_Craig_Bampton,B1,2,Craig_Bampton,full-grid,1847,27,37,80,1.0072682556794981,1.0051769445250136,-0.064874101881847709,0,0,1,UNSTABLE,4.7493581764554015e-16,1.4026504555622364e-16,1
B1_D2_Craig_Bampton,B1,2,Craig_Bampton,full-grid,1848,27,38,81,1.0071151836611083,1.0050281680708948,-0.06480258131285814,0,0,1,UNSTABLE,5.8665591774923804e-16,1.4026504555622364e-16,1
B1_D2_Craig_Bampton,B1,2,Craig_Bampton,full-grid,1849,27,39,82,1.006958365988313,1.0048750515014604,-0.064740108926309201,0,0,1,UNSTABLE,1.8571769154836678e-16,1.4026504555622364e-16,1
B1_D2_Craig_Bampton,B1,2,Craig_Bampton,full-grid,1850,27,40,83,1.0067982314447641,1.004718009442404,-0.064686941049940799,0,0,1,UNSTABLE,2.6187565224507198e-16,1.4026504555622364e-16,1
B1_D2_Craig_Bampton,B1,2,Craig_Bampton,full-grid,1851,27,41,84,1.006635216482872,1.0045574638417363,-0.064643336109590943,0,0,1,UNSTABLE,1.922595800893399e-16,1.4026504555622364e-16,1
B1_D2_Craig_Bampton,B1,2,Craig_Bampton,full-grid,1852,27,42,85,1.0064697689816939,1.0043938475610026,-0.064609556999485937,0,0,1,UNSTABLE,2.2562036559374882e-16,1.4026504555622364e-16,1
B1_D2_Craig_Bampton,B1,2,Craig_Bampton,full-grid,1853,27,43,86,1.0063023527434709,1.0042276087268516,-0.064585873128684398,0,0,1,UNSTABLE,1.4789653878613794e-16,1.4026504555622364e-16,1
B1_D2_Craig_Bampton,B1,2,Craig_Bampton,full-grid,1854,27,44,87,1.0061334528077781,1.0040592159289976,-0.064572562028684027,0,0,1,UNSTABLE,3.8339174784050208e-16,1.4026504555622364e-16,1
B1_D2_Craig_Bampton,B1,2,Craig_Bampton,full-grid,1855,27,45,88,1.0059635816683499,1.0038891643596246,-0.064569910363494729,0,0,1,UNSTABLE,2.7877413538310417e-16,1.4026504555622367e-16,1
B1_D2_Craig_Bampton,B1,2,Craig_Bampton,full-grid,1856,27,46,89,1.0057932864767174,1.0037179829920917,-0.064578214127700512,0,0,1,UNSTABLE,2.6195921685678004e-16,1.4026504555622367e-16,1
B1_D2_Craig_Bampton,B1,2,Craig_Bampton,full-grid,1857,27,47,90,1.0056231573037666,1.0035462428885928,-0.064597777746492724,0,0,1,UNSTABLE,2.0682078123540914e-16,1.4026504555622367e-16,1
B1_D2_Craig_Bampton,B1,2,Craig_Bampton,full-grid,1858,27,48,91,1.0054538364950232,1.0033745666975689,-0.064628911696133315,0,0,1,UNSTABLE,4.9351245872751446e-16,1.4026504555622364e-16,1
B1_D2_Craig_Bampton,B1,2,Craig_Bampton,full-grid,1859,27,49,92,1.0052860290919696,1.0032036393455166,-0.064671928155971434,0,0,1,UNSTABLE,1.7015445087056067e-16,1.4026504555622364e-16,1
B1_D2_Craig_Bampton,B1,2,Craig_Bampton,full-grid,1860,27,50,93,1.0051205141770494,1.0030342198225113,-0.064727134067423919,0,0,1,UNSTABLE,1.0833788089904472e-16,1.4026504555622364e-16,1
B1_D2_Craig_Bampton,B1,2,Craig_Bampton,full-grid,1861,27,51,94,1.0049581568199142,1.0028671537903096,-0.064794820837801179,0,0,1,UNSTABLE,2.0205811646805752e-16,1.4026504555622364e-16,1
B1_D2_Craig_Bampton,B1,2,Craig_Bampton,full-grid,1862,27,52,95,1.004799920028723,1.0027033864779402,-0.064875249790643325,0,0,1,UNSTABLE,1.8221653643026521e-16,1.4026504555622364e-16,1
B1_D2_Craig_Bampton,B1,2,Craig_Bampton,full-grid,1863,27,53,96,1.0046468757157354,1.0025439749419611,-0.064968632377177982,0,0,1,UNSTABLE,1.1524726401627139e-16,1.4026504555622364e-16,1
B1_D2_Craig_Bampton,B1,2,Craig_Bampton,full-grid,1864,27,54,97,1.0045002131544409,1.002390098236813,-0.065075104180551901,0,0,1,UNSTABLE,1.4535560142655827e-16,1.4026504555622364e-16,1
B1_D2_Craig_Bampton,B1,2,Craig_Bampton,full-grid,1865,27,55,98,1.004361242738206,1.002243063360259,-0.065194691968576676,0,0,1,UNSTABLE,6.6734854739851014e-16,1.4026504555622364e-16,1
B1_D2_Craig_Bampton,B1,2,Craig_Bampton,full-grid,1866,27,56,99,1.0042313921008625,1.0021043040540787,-0.065327273608553851,0,0,1,UNSTABLE,1.7633167082584953e-16,1.4026504555622364e-16,1
B1_D2_Craig_Bampton,B1,2,Craig_Bampton,full-grid,1867,27,57,100,1.0041121909764728,1.0019753687887729,-0.065472531707387857,0,0,1,UNSTABLE,2.9710475315993324e-16,1.4026504555622364e-16,1
B1_D2_Craig_Bampton,B1,2,Craig_Bampton,full-grid,1868,27,58,101,1.0040052408296789,1.001857893805125,-0.065629903503054296,0,0,1,UNSTABLE,1.4728600658798277e-16,1.4026504555622364e-16,1
B1_D2_Craig_Bampton,B1,2,Craig_Bampton,full-grid,1869,27,59,102,1.0039121657003314,1.001753557345594,-0.065798531796517332,0,0,1,UNSTABLE,2.3379242052990243e-16,1.4026504555622364e-16,1
B1_D2_Craig_Bampton,B1,2,Craig_Bampton,full-grid,1870,27,60,103,1.0038345423800346,1.0016640127054046,-0.065977224299304291,0,0,1,UNSTABLE,2.1761853107299625e-16,1.4026504555622364e-16,1
B1_D2_Craig_Bampton,B1,2,Craig_Bampton,full-grid,1871,27,61,104,1.003773811354052,1.0015908008940535,-0.066164430962930842,0,0,1,UNSTABLE,3.1925606117254575e-16,1.4026504555622367e-16,1
B1_D2_Craig_Bampton,B1,2,Craig_Bampton,full-grid,1872,27,62,105,1.0037311748118392,1.0015352485103932,-0.066358249527695659,0,0,1,UNSTABLE,1.2699655546881392e-16,1.4026504555622367e-16,1
B1_D2_Craig_Bampton,B1,2,Craig_Bampton,full-grid,1873,27,63,106,1.0037074935191126,1.0014983620497468,-0.066556467440014755,0,0,1,UNSTABLE,2.6550862488907497e-16,1.4026504555622367e-16,1
B1_D2_Craig_Bampton,B1,2,Craig_Bampton,full-grid,1874,27,64,107,1.0037031985728291,1.0014807344482963,-0.066756642772301297,0,0,1,UNSTABLE,2.1472198153837612e-16,1.4026504555622364e-16,1
B1_D2_Craig_Bampton,B1,2,Craig_Bampton,full-grid,1875,27,65,108,1.003718234773781,1.0014824809308895,-0.066956218575315529,0,0,1,UNSTABLE,1.3653685788395324e-16,1.4026504555622364e-16,1
B1_D2_Craig_Bampton,B1,2,Craig_Bampton,full-grid,1876,27,66,109,1.0037520480992066,1.0015032175567735,-0.067152656587672235,0,0,1,UNSTABLE,2.2720930717045629e-16,1.4026504555622364e-16,1
B1_D2_Craig_Bampton,B1,2,Craig_Bampton,full-grid,1877,28,0,44,1.0073265984934028,1.0049571933446146,-0.069050094693662814,0,0,1,UNSTABLE,4.5152538385921366e-16,1.2665150531458276e-16,1
B1_D2_Craig_Bampton,B1,2,Craig_Bampton,full-grid,1878,28,1,45,1.0074946580877457,1.0051294761263634,-0.068994364242931275,0,0,1,UNSTABLE,2.6074515603197184e-16,1.4026504555622367e-16,1
B1_D2_Craig_Bampton,B1,2,Craig_Bampton,full-grid,1879,28,2,46,1.0076576816258984,1.0052974454590742,-0.068927857163417081,0,0,1,UNSTABLE,2.4035937134496593e-16,1.4026504555622364e-16,1
B1_D2_Craig_Bampton,B1,2,Craig_Bampton,full-grid,1880,28,3,47,1.007814982952095,1.0054603922361349,-0.068850849719443163,0,0,1,UNSTABLE,2.6588062210668537e-16,1.4026504555622364e-16,1
B1_D2_Craig_Bampton,B1,2,Craig_Bampton,full-grid,1881,28,4,48,1.007965889591993,1.0056176170848228,-0.068763673473867332,0,0,1,UNSTABLE,2.5183482993576953e-16,1.4026504555622364e-16,1
B1_D2_Craig_Bampton,B1,2,Craig_Bampton,full-grid,1882,28,5,49,1.0081097489681767,1.0057684365504715,-0.068666716853951135,0,0,1,UNSTABLE,2.8543430803584008e-16,1.4026504555622364e-16,1
B1_D2_Craig_Bampton,B1,2,Craig_Bampton,full-grid,1883,28,6,50,1.0082459351583828,1.0059121899042063,-0.068560425651579202,0,0,1,UNSTABLE,3.3845623068145786e-16,1.4026504555622364e-16,1
B1_D2_Craig_Bampton,B1,2,Craig_Bampton,full-grid,1884,28,7,51,1.0083738559450197,1.00604824633167,-0.068445302296060273,0,0,1,UNSTABLE,3.1255940784312028e-16,1.4026504555622364e-16,1
B1_D2_Craig_Bampton,B1,2,Craig_Bampton,full-grid,1885,28,8,52,1.0084929598668266,1.0061760122175869,-0.068321903800078215,0,0,1,UNSTABLE,2.1413682915378089e-16,1.4026504555622364e-16,1
B1_D2_Craig_Bampton,B1,2,Craig_Bampton,full-grid,1886,28,9,53,1.0086027429703095,1.0062949382221953,-0.068190838355458805,0,0,1,UNSTABLE,1.8367537746213162e-16,1.4026504555622364e-16,1
B1_D2_Craig_Bampton,B1,2,Craig_Bampton,full-grid,1887,28,10,54,1.0087027549629823,1.006404525844439,-0.068052760632763151,0,0,1,UNSTABLE,3.0156445944125465e-16,1.4026504555622364e-16,1
B1_D2_Craig_Bampton,B1,2,Craig_Bampton,full-grid,1888,28,11,55,1.0087926044980933,1.0065043331892896,-0.067908365914884875,0,0,1,UNSTABLE,1.6046582089726929e-16,1.4026504555622367e-16,1
B1_D2_Craig_Bampton,B1,2,Craig_Bampton,full-grid,1889,28,12,56,1.0088719633670193,1.0065939796987742,-0.067758383261470725,0,0,1,UNSTABLE,1.6372174069715435e-16,1.4026504555622364e-16,1
B1_D2_Craig_Bampton,B1,2,Craig_Bampton,full-grid,1890,28,13,57,1.0089405694367184,1.0066731496645027,-0.067603567951990032,0,0,1,UNSTABLE,1.8199226864224984e-16,1.4026504555622367e-16,1
B1_D2_Craig_Bampton,B1,2,Craig_Bampton,full-grid,1891,28,14,58,1.0089982282411534,1.0067415944094029,-0.067444693488813531,0,0,1,UNSTABLE,1.6468871743556624e-16,1.4026504555622367e-16,1
B1_D2_Craig_Bampton,B1,2,Craig_Bampton,full-grid,1892,28,15,59,1.0090448132075351,1.0067991330983785,-0.067282543452094556,0,0,1,UNSTABLE,1.2436938967288066e-16,1.4026504555622367e-16,1
B1_D2_Craig_Bampton,B1,2,Craig_Bampton,full-grid,1893,28,16,60,1.0090802645692922,1.0068456522099942,-0.06711790349127647,0,0,1,UNSTABLE,1.7903010835439568e-16,1.4026504555622364e-16,1
B1_D2_Craig_Bampton,B1,2,Craig_Bampton,full-grid,1894,28,17,61,1.0091045870769642,1.0068811037632355,-0.066951553710866238,0,0,1,UNSTABLE,2.4672472166515884e-16,1.4026504555622367e-16,1
B1_D2_Craig_Bampton,B1,2,Craig_Bampton,full-grid,1895,28,18,62,1.0091178466661213,1.0069055024446967,-0.066784261668915185,0,0,1,UNSTABLE,1.6497718205145747e-16,1.4026504555622364e-16,1
B1_D2_Craig_Bampton,B1,2,Craig_Bampton,full-grid,1896,28,19,63,1.0091201662736624,1.0069189218176851,-0.06661677615807296,0,0,1,UNSTABLE,3.4978834102882013e-16,1.4026504555622364e-16,1
B1_D2_Craig_Bampton,B1,2,Craig_Bampton,full-grid,1897,28,20,64,1.0091117210105987,1.006921489815471,-0.066449821886629526,0,0,1,UNSTABLE,1.5465357302352582e-16,1.4026504555622364e-16,1
B1_D2_Craig_Bampton,B1,2,Craig_Bampton,full-grid,1898,28,21,65,1.0090927329020996,1.0069133837273379,-0.066284095125382303,0,0,1,UNSTABLE,1.8652064552710266e-16,1.4026504555622362e-16,1
B1_D2_Craig_Bampton,B1,2,Craig_Bampton,full-grid,1899,28,22,66,1.0090634653963733,1.0068948248801288,-0.066120260339418924,0,0,1,UNSTABLE,2.2046309726394338e-16,1.4026504555622364e-16,1
B1_D2_Craig_Bampton,B1,2,Craig_Bampton,full-grid,1900,28,23,67,1.0090242178254589,1.0068660732022274,-0.065958947782740834,0,0,1,UNSTABLE,3.2147245735892754e-16,1.4026504555622364e-16,1
B1_D2_Craig_Bampton,B1,2,Craig_Bampton,full-grid,1901,28,24,68,1.0089753199766387,1.006827421834481,-0.065800752002481963,0,0,1,UNSTABLE,2.0293903797560966e-16,1.4026504555622364e-16,1
B1_D2_Craig_Bampton,B1,2,Craig_Bampton,full-grid,1902,28,25,69,1.0089171269057235,1.0067791919265106,-0.065646231175157874,0,0,1,UNSTABLE,4.0505072396523982e-16,1.4026504555622364e-16,1
B1_D2_Craig_Bampton,B1,2,Craig_Bampton,full-grid,1903,28,26,70,1.0088500140953864,1.0067217277294187,-0.06549590718323961,0,0,1,UNSTABLE,1.9166905196071079e-16,1.4026504555622364e-16,1
B1_D2_Craig_Bampton,B1,2,Craig_Bampton,full-grid,1904,28,27,71,1.0087743730349001,1.0066553920693473,-0.065350266332008605,0,0,1,UNSTABLE,2.0085021743112363e-16,1.4026504555622367e-16,1
B1_D2_Craig_Bampton,B1,2,Craig_Bampton,full-grid,1905,28,28,72,1.0086906072736086,1.0065805622620521,-0.065209760605390618,0,0,1,UNSTABLE,1.9678826654104116e-16,1.4026504555622364e-16,1
B1_D2_Craig_Bampton,B1,2,Craig_Bampton,full-grid,1906,28,29,73,1.0085991289797895,1.0064976265075372,-0.065074809361876484,0,0,1,UNSTABLE,2.581065971820992e-16,1.4026504555622367e-16,1
B1_D2_Craig_Bampton,B1,2,Craig_Bampton,full-grid,1907,28,30,74,1.0085003560201284,1.0064069807865845,-0.064945801378974086,0,0,1,UNSTABLE,1.5517623127903447e-16,1.4026504555622367e-16,1
B1_D2_Craig_Bampton,B1,2,Craig_Bampton,full-grid,1908,28,31,75,1.0083947095625114,1.006309026267751,-0.064823097162295992,0,0,1,UNSTABLE,2.499328227536238e-16,1.4026504555622367e-16,1
B1_D2_Craig_Bampton,B1,2,Craig_Bampton,full-grid,1909,28,32,76,1.008282612195851,1.0062041672235242,-0.064707031445610949,0,0,1,UNSTABLE,3.5695063801907801e-16,1.4026504555622364e-16,1
B1_D2_Craig_Bampton,B1,2,Craig_Bampton,full-grid,1910,28,33,77,1.0081644865552966,1.0060928094482429,-0.064597915816584972,0,0,1,UNSTABLE,2.3782791731420816e-16,1.4026504555622367e-16,1
B1_D2_Craig_Bampton,B1,2,Craig_Bampton,full-grid,1911,28,34,78,1.0080407544393364,1.0059753591677216,-0.064496041413406674,0,0,1,UNSTABLE,3.5544594301814103e-16,1.4026504555622364e-16,1
B1_D2_Craig_Bampton,B1,2,Craig_Bampton,full-grid,1912,28,35,79,1.0079118364046848,1.0058522224293802,-0.064401681643735359,0,0,1,UNSTABLE,2.6391411579938074e-16,1.4026504555622364e-16,1
B1_D2_Craig_Bampton,B1,2,Craig_Bampton,full-grid,1913,28,36,80,1.0077781518283144,1.0057238049645645,-0.064315094885195198,0,0,1,UNSTABLE,5.9081090911699857e-16,1.4026504555622364e-16,1
B1_D2_Craig_Bampton,B1,2,Craig_Bampton,full-grid,1914,28,37,81,1.0076401194290525,1.0055905125175388,-0.064236527129888352,0,0,1,UNSTABLE,2.1306500870123946e-16,1.4026504555622362e-16,1
B1_D2_Craig_Bampton,B1,2,Craig_Bampton,full-grid,1915,28,38,82,1.0074981582470643,1.0054527516413587,-0.06416621453729808,0,0,1,UNSTABLE,1.6195084328790542e-16,1.4026504555622364e-16,1
B1_D2_Craig_Bampton,B1,2,Craig_Bampton,full-grid,1916,28,39,83,1.007352689085705,1.0053109309669566,-0.064104385860501531,0,0,1,UNSTABLE,2.7434926162597934e-16,1.4026504555622364e-16,1
B1_D2_Craig_Bampton,B1,2,Craig_Bampton,full-grid,1917,28,40,84,1.0072041364269639,1.0051654629588067,-0.064051264705653782,0,0,1,UNSTABLE,2.3288526059718613e-16,1.4026504555622364e-16,1
B1_D2_Craig_Bampton,B1,2,Craig_Bampton,full-grid,1918,28,41,85,1.0070529308386225,1.0050167661778602,-0.064007071578501426,0,0,1,UNSTABLE,1.6736172466541099e-16,1.4026504555622364e-16,1
B1_D2_Craig_Bampton,B1,2,Craig_Bampton,full-grid,1919,28,42,86,1.0068995118975475,1.004865268079451,-0.063972025660695361,0,0,1,UNSTABLE,3.8671569867048715e-16,1.4026504555622364e-16,1
B1_D2_Craig_Bampton,B1,2,Craig_Bampton,full-grid,1920,28,43,87,1.0067443316580729,1.0047114083795861,-0.063946346240960267,0,0,1,UNSTABLE,2.6046156032692803e-16,1.4026504555622367e-16,1
B1_D2_Craig_Bampton,B1,2,Craig_Bampton,full-grid,1921,28,44,88,1.0065878586979191,1.0045556430277496,-0.063930253707978793,0,0,1,UNSTABLE,3.3101773477234945e-16,1.4026504555622364e-16,1
B1_D2_Craig_Bampton,B1,2,Craig_Bampton,full-grid,1922,28,45,89,1.006430582770756,1.0043984488231459,-0.063923969979517589,0,0,1,UNSTABLE,2.3298028691024304e-16,1.4026504555622367e-16,1
B1_D2_Craig_Bampton,B1,2,Craig_Bampton,full-grid,1923,28,46,90,1.0062730200874561,1.0042403287064259,-0.063927718210021134,0,0,1,UNSTABLE,2.3047309720815328e-16,1.4026504555622367e-16,1
B1_D2_Craig_Bampton,B1,2,Craig_Bampton,full-grid,1924,28,47,91,1.0061157192289656,1.0040818177429065,-0.063941721573004748,0,0,1,UNSTABLE,2.5347934892987069e-16,1.4026504555622367e-16,1
B1_D2_Craig_Bampton,B1,2,Craig_Bampton,full-grid,1925,28,48,92,1.0059592676607108,1.0039234897838101,-0.063966200862407299,0,0,1,UNSTABLE,2.9591404601465377e-16,1.4026504555622364e-16,1
B1_D2_Craig_Bampton,B1,2,Craig_Bampton,full-grid,1926,28,49,93,1.0058042987646194,1.003765964742265,-0.064001370597962917,0,0,1,UNSTABLE,7.6926310790977107e-16,1.4026504555622367e-16,1
B1_D2_Craig_Bampton,B1,2,Craig_Bampton,full-grid,1927,28,50,94,1.0056514992217487,1.0036099163422074,-0.064047433254880701,0,0,1,UNSTABLE,2.2522498468292917e-16,1.4026504555622364e-16,1
B1_D2_Craig_Bampton,B1,2,Craig_Bampton,full-grid,1928,28,51,95,1.0055016164582857,1.0034560800822931,-0.064104571179473699,0,0,1,UNSTABLE,2.3888870679137148e-16,1.4026504555622364e-16,1
B1_D2_Craig_Bampton,B1,2,Craig_Bampton,full-grid,1929,28,52,96,1.0053554656983259,1.0033052609910622,-0.064172935706218528,0,0,1,UNSTABLE,5.3131011891262804e-16,1.4026504555622364e-16,1
B1_D2_Craig_Bampton,B1,2,Craig_Bampton,full-grid,1930,28,53,97,1.0052139359425145,1.003158340526257,-0.064252632986110461,0,0,1,UNSTABLE,2.5320836511369391e-16,1.4026504555622362e-16,1
B1_D2_Craig_Bampton,B1,2,Craig_Bampton,full-grid,1931,28,54,98,1.005077993911156,1.003016281687195,-0.06434370610143271,0,0,1,UNSTABLE,2.514878576926466e-16,1.4026504555622364e-16,1
B1_D2_Craig_Bampton,B1,2,Craig_Bampton,full-grid,1932,28,55,99,1.0049486846612492,1.0028801310693285,-0.064446113216711301,0,0,1,UNSTABLE,2.4005657827661766e-16,1.4026504555622364e-16,1
B1_D2_Craig_Bampton,B1,2,Craig_Bampton,full-grid,1933,28,56,100,1.0048271272526483,1.0027510162336792,-0.064559701866824429,0,0,1,UNSTABLE,2.3091000642429289e-16,1.4026504555622364e-16,1
B1_D2_Craig_Bampton,B1,2,Craig_Bampton,full-grid,1934,28,57,101,1.0047145035678111,1.0026301364562036,-0.064684180054536231,0,0,1,UNSTABLE,4.7443556244777305e-16,1.4026504555622364e-16,1
B1_D2_Craig_Bampton,B1,2,Craig_Bampton,full-grid,1935,28,58,102,1.0046120383029558,1.0025187447811605,-0.064819085658666314,0,0,1,UNSTABLE,2.4772378198406566e-16,1.4026504555622364e-16,1
B1_D2_Craig_Bampton,B1,2,Craig_Bampton,full-grid,1936,28,59,103,1.0045209684219345,1.0024181195048647,-0.064963756723821348,0,0,1,UNSTABLE,2.7331252936978897e-16,1.4026504555622367e-16,1
B1_D2_Craig_Bampton,B1,2,Craig_Bampton,full-grid,1937,28,60,104,1.0044425011723987,1.0023295239454542,-0.065117306368916147,0,0,1,UNSTABLE,1.844508413951961e-16,1.4026504555622364e-16,1
B1_D2_Craig_Bampton,B1,2,Craig_Bampton,full-grid,1938,28,61,105,1.0043777612572409,1.0022541547774444,-0.06527860705819101,0,0,1,UNSTABLE,2.3226651627741569e-16,1.4026504555622367e-16,1
B1_D2_Craig_Bampton,B1,2,Craig_Bampton,full-grid,1939,28,62,106,1.0043277298962465,1.0021930813191458,-0.065446289387436629,0,0,1,UNSTABLE,3.1607793018449428e-16,1.4026504555622367e-16,1
B1_D2_Craig_Bampton,B1,2,Craig_Bampton,full-grid,1940,28,63,107,1.0042931810095463,1.0021471806937337,-0.065618759892839745,0,0,1,UNSTABLE,2.0653619053293086e-16,1.4026504555622367e-16,1
B1_D2_Craig_Bampton,B1,2,Craig_Bampton,full-grid,1941,28,64,108,1.0042746219605354,1.0021170761195357,-0.065794240352854541,0,0,1,UNSTABLE,1.8151312439306962e-16,1.4026504555622364e-16,1
B1_D2_Craig_Bampton,B1,2,Craig_Bampton,full-grid,1942,28,65,109,1.0042722473763102,1.0021030868829142,-0.065970827719523992,0,0,1,UNSTABLE,2.1131951036459498e-16,1.4026504555622367e-16,1
B1_D2_Craig_Bampton,B1,2,Craig_Bampton,full-grid,1943,28,66,110,1.0042859137768596,1.0021051980255287,-0.066146569834257873,0,0,1,UNSTABLE,2.5572739851380301e-16,1.4026504555622364e-16,1
B1_D2_Craig_Bampton,B1,2,Craig_Bampton,full-grid,1944,29,0,45,1.0075155357723427,1.0052091288178218,-0.068133414445089496,0,0,1,UNSTABLE,1.8657130248811522e-16,1.2665150531458271e-16,1
B1_D2_Craig_Bampton,B1,2,Craig_Bampton,full-grid,1945,29,1,46,1.0076764386123129,1.0053736787278091,-0.068085028131788808,0,0,1,UNSTABLE,2.5203114884331827e-16,1.4026504555622364e-16,1
B1_D2_Craig_Bampton,B1,2,Craig_Bampton,full-grid,1946,29,2,47,1.007832974785225,1.0055345420100807,-0.068026391121485702,0,0,1,UNSTABLE,1.876874277133297e-16,1.4026504555622364e-16,1
B1_D2_Craig_Bampton,B1,2,Craig_Bampton,full-grid,1947,29,3,48,1.0079844845331369,1.0056910404318178,-0.067957724025321756,0,0,1,UNSTABLE,2.7961140173963814e-16,1.4026504555622364e-16,1
B1_D2_Craig_Bampton,B1,2,Craig_Bampton,full-grid,1948,29,4,49,1.008130316763697,1.0058425006191765,-0.067879301161944419,0,0,1,UNSTABLE,1.9901179884582584e-16,1.4026504555622364e-16,1
B1_D2_Craig_Bampton,B1,2,Craig_Bampton,full-grid,1949,29,5,50,1.0082698351213211,1.0059882600619607,-0.067791452507559621,0,0,1,UNSTABLE,3.2314849498695122e-16,1.4026504555622364e-16,1
B1_D2_Craig_Bampton,B1,2,Craig_Bampton,full-grid,1950,29,6,51,1.0084024246325205,1.0061276737679687,-0.06769456464888475,0,0,1,UNSTABLE,1.8270252030089608e-16,1.4026504555622364e-16,1
B1_D2_Craig_Bampton,B1,2,Craig_Bampton,full-grid,1951,29,7,52,1.0085274986963702,1.0062601213474458,-0.067589080572091606,0,0,1,UNSTABLE,2.2877379146558348e-16,1.4026504555622364e-16,1
B1_D2_Craig_Bampton,B1,2,Craig_Bampton,full-grid,1952,29,8,53,1.0086445061558538,1.0063850142683761,-0.067475498178421245,0,0,1,UNSTABLE,1.1356678201292898e-16,1.4026504555622364e-16,1
B1_D2_Craig_Bampton,B1,2,Craig_Bampton,full-grid,1953,29,9,54,1.0087529381634399,1.0065018029960588,-0.067354367483152031,0,0,1,UNSTABLE,3.3221655563354734e-16,1.4026504555622364e-16,1
B1_D2_Craig_Bampton,B1,2,Craig_Bampton,full-grid,1954,29,10,55,1.0088523345536005,1.0066099837245668,-0.067226286527497597,0,0,1,UNSTABLE,1.7222789475388979e-16,1.4026504555622364e-16,1
B1_D2_Craig_Bampton,B1,2,Craig_Bampton,full-grid,1955,29,11,56,1.0089422894549984,1.0067091044226109,-0.0670918961076407,0,0,1,UNSTABLE,4.9334492773745852e-16,1.4026504555622367e-16,1
B1_D2_Craig_Bampton,B1,2,Craig_Bampton,full-grid,1956,29,12,57,1.0090224559114942,1.0067987699486318,-0.066951873488240179,0,0,1,UNSTABLE,1.9629955091758199e-16,1.4026504555622367e-16,1
B1_D2_Craig_Bampton,B1,2,Craig_Bampton,full-grid,1957,29,13,58,1.0090925493367633,1.0068786460421237,-0.066806925324756558,0,0,1,UNSTABLE,1.792145563412981e-16,1.4026504555622367e-16,1
B1_D2_Craig_Bampton,B1,2,Craig_Bampton,full-grid,1958,29,14,59,1.0091523496908885,1.0069484620599811,-0.066657780053645019,0,0,1,UNSTABLE,1.8052289697513706e-16,1.4026504555622364e-16,1
B1_D2_Craig_Bampton,B1,2,Craig_Bampton,full-grid,1959,29,15,60,1.0092017023368096,1.0070080123955485,-0.066505180028936933,0,0,1,UNSTABLE,1.5220348815607156e-16,1.4026504555622367e-16,1
B1_D2_Craig_Bampton,B1,2,Craig_Bampton,full-grid,1960,29,16,61,1.0092405176024581,1.0070571565869038,-0.066349873681702337,0,0,1,UNSTABLE,1.9931597524003678e-16,1.4026504555622364e-16,1
B1_D2_Craig_Bampton,B1,2,Craig_Bampton,full-grid,1961,29,17,62,1.0092687691345643,1.0070958181831275,-0.066192607959312894,0,0,1,UNSTABLE,2.6704351833220527e-16,1.4026504555622364e-16,1
B1_D2_Craig_Bampton,B1,2,Craig_Bampton,full-grid,1962,29,18,63,1.0092864911810659,1.0071239824911342,-0.066034121269125695,0,0,1,UNSTABLE,2.3160646978739713e-16,1.4026504555622364e-16,1
B1_D2_Craig_Bampton,B1,2,Craig_Bampton,full-grid,1963,29,19,64,1.0092937749737625,1.0071416933639457,-0.0658751371064379,0,0,1,UNSTABLE,3.500346150637477e-16,1.4026504555622364e-16,1
B1_D2_Craig_Bampton,B1,2,Craig_Bampton,full-grid,1964,29,20,65,1.0092907644056062,1.0071490492176858,-0.0657163584989615,0,0,1,UNSTABLE,2.782857220137711e-16,1.4026504555622364e-16,1
B1_D2_Craig_Bampton,B1,2,Craig_Bampton,full-grid,1965,29,21,66,1.0092776512034476,1.0071461984746892,-0.065558463349362564,0,0,1,UNSTABLE,4.2789220929467457e-16,1.4026504555622364e-16,1
B1_D2_Craig_Bampton,B1,2,Craig_Bampton,full-grid,1966,29,22,67,1.0092546697933653,1.0071333346296254,-0.06540210071187337,0,0,1,UNSTABLE,3.6082610811850136e-16,1.4026504555622364e-16,1
B1_D2_Craig_Bampton,B1,2,Craig_Bampton,full-grid,1967,29,23,68,1.0092220920406765,1.0071106911233352,-0.065247887996758652,0,0,1,UNSTABLE,1.5589270475223845e-16,1.4026504555622364e-16,1
B1_D2_Craig_Bampton,B1,2,Craig_Bampton,full-grid,1968,29,24,69,1.0091802220263006,1.0070785361907084,-0.065096409064042016,0,0,1,UNSTABLE,3.0331481115376623e-16,1.4026504555622364e-16,1
B1_D2_Craig_Bampton,B1,2,Craig_Bampton,full-grid,1969,29,25,70,1.0091293909951486,1.0070371678245635,-0.064948213140329572,0,0,1,UNSTABLE,2.9383146277602827e-16,1.4026504555622364e-16,1
B1_D2_Craig_Bampton,B1,2,Craig_Bampton,full-grid,1970,29,26,71,1.0090699525868925,1.0069869089729397,-0.064803814477528365,0,0,1,UNSTABLE,2.7982541131459064e-16,1.4026504555622364e-16,1
B1_D2_Craig_Bampton,B1,2,Craig_Bampton,full-grid,1971,29,27,72,1.009002278432122,1.0069281030603938,-0.064663692659870167,0,0,1,UNSTABLE,2.8801301694632079e-16,1.4026504555622367e-16,1
B1_D2_Craig_Bampton,B1,2,Craig_Bampton,full-grid,1972,29,28,73,1.0089267541734268,1.0068611099003735,-0.064528293461972572,0,0,1,UNSTABLE,3.2786239523353283e-16,1.4026504555622367e-16,1
B1_D2_Craig_Bampton,B1,2,Craig_Bampton,full-grid,1973,29,29,74,1.0088437759501538,1.0067863020445205,-0.064398030163071149,0,0,1,UNSTABLE,1.1816027288130916e-16,1.4026504555622367e-16,1
B1_D2_Craig_Bampton,B1,2,Craig_Bampton,full-grid,1974,29,30,75,1.0087537473671739,1.0067040615959399,-0.064273285224533697,0,0,1,UNSTABLE,2.31301079105872e-16,1.4026504555622364e-16,1
B1_D2_Craig_Bampton,B1,2,Craig_Bampton,full-grid,1975,29,31,76,1.008657076954975,1.0066147774996113,-0.064154412247033818,0,0,1,UNSTABLE,2.2007622818361452e-16,1.4026504555622367e-16,1
B1_D2_Craig_Bampton,B1,2,Craig_Bampton,full-grid,1976,29,32,77,1.0085541761178669,1.0065188433119028,-0.064041738131147372,0,0,1,UNSTABLE,1.7891426580397822e-16,1.4026504555622364e-16,1
B1_D2_Craig_Bampton,B1,2,Craig_Bampton,full-grid,1977,29,33,78,1.0084454575596267,1.0064166554430067,-0.063935565372937445,0,0,1,UNSTABLE,2.7230980493338431e-16,1.4026504555622364e-16,1
B1_D2_Craig_Bampton,B1,2,Craig_Bampton,full-grid,1978,29,34,79,1.0083313341725422,1.0063086118619298,-0.063836174436560283,0,0,1,UNSTABLE,1.3706075132363242e-16,1.4026504555622364e-16,1
B1_D2_Craig_Bampton,B1,2,Craig_Bampton,full-grid,1979,29,35,80,1.0082122183739677,1.0061951112512986,-0.063743826152371688,0,0,1,UNSTABLE,3.3418529897092727e-16,1.4026504555622364e-16,1
B1_D2_Craig_Bampton,B1,2,Craig_Bampton,full-grid,1980,29,36,81,1.0080885218744398,1.0060765525987265,-0.063658764094619777,0,0,1,UNSTABLE,4.5272840895657985e-16,1.4026504555622364e-16,1
B1_D2_Craig_Bampton,B1,2,Craig_Bampton,full-grid,1981,29,37,82,1.0079606558638616,1.0059533352134489,-0.063581216899682672,0,0,1,UNSTABLE,1.1347295136890144e-16,1.4026504555622364e-16,1
B1_D2_Craig_Bampton,B1,2,Craig_Bampton,full-grid,1982,29,38,83,1.0078290316050522,1.0058258591596161,-0.06351140048682119,0,0,1,UNSTABLE,1.6456196832567413e-16,1.4026504555622364e-16,1
B1_D2_Craig_Bampton,B1,2,Craig_Bampton,full-grid,1983,29,39,84,1.0076940614274832,1.0056945261010435,-0.06344952014486803,0,0,1,UNSTABLE,2.5575759000925228e-16,1.4026504555622364e-16,1
B1_D2_Craig_Bampton,B1,2,Craig_Bampton,full-grid,1984,29,40,85,1.0075561601183241,1.005559740556575,-0.063395772447183821,0,0,1,UNSTABLE,3.4808823024243443e-16,1.4026504555622364e-16,1
B1_D2_Craig_Bampton,B1,2,Craig_Bampton,full-grid,1985,29,41,86,1.0074157467112486,1.0054219115688952,-0.06335034695194075,0,0,1,UNSTABLE,1.5667099736725316e-16,1.4026504555622364e-16,1
B1_D2_Craig_Bampton,B1,2,Craig_Bampton,full-grid,1986,29,42,87,1.0072732466770991,1.0052814547936277,-0.063313427639257694,0,0,1,UNSTABLE,1.6108887183002236e-16,1.4026504555622364e-16,1
B1_D2_Craig_Bampton,B1,2,Craig_Bampton,full-grid,1987,29,43,88,1.0071290945212708,1.0051387950171184,-0.063285194024904165,0,0,1,UNSTABLE,1.7524699142336911e-16,1.4026504555622367e-16,1
B1_D2_Craig_Bampton,B1,2,Craig_Bampton,full-grid,1988,29,44,89,1.0069837367928756,1.0049943691122945,-0.063265821878202053,0,0,1,UNSTABLE,2.7369780611664296e-16,1.4026504555622367e-16,1
B1_D2_Craig_Bampton,B1,2,Craig_Bampton,full-grid,1989,29,45,90,1.0068376355058084,1.0048486294383405,-0.063255483452549194,0,0,1,UNSTABLE,2.2536527075337017e-16,1.4026504555622367e-16,1
B1_D2_Craig_Bampton,B1,2,Craig_Bampton,full-grid,1990,29,46,91,1.0066912719635566,1.0047020476829744,-0.063254347117342999,0,0,1,UNSTABLE,1.9021070470023733e-16,1.4026504555622364e-16,1
B1_D2_Craig_Bampton,B1,2,Craig_Bampton,full-grid,1991,29,47,92,1.006545150962334,1.0045551191306834,-0.063262576252681058,0,0,1,UNSTABLE,3.2262623529245471e-16,1.4026504555622367e-16,1
B1_D2_Craig_Bampton,B1,2,Craig_Bampton,full-grid,1992,29,48,93,1.0063998053228991,1.0044083673178719,-0.063280327241695383,0,0,1,UNSTABLE,2.9485377121463104e-16,1.4026504555622364e-16,1
B1_D2_Craig_Bampton,B1,2,Craig_Bampton,full-grid,1993,29,49,94,1.006255800660814,1.0042623489975582,-0.063307746362057299,0,0,1,UNSTABLE,2.2091636137239538e-16,1.4026504555622364e-16,1
B1_D2_Craig_Bampton,B1,2,Craig_Bampton,full-grid,1994,29,50,95,1.0061137402518361,1.0041176592851002,-0.063344965351247257,0,0,1,UNSTABLE,1.9115740488203385e-16,1.4026504555622364e-16,1
B1_D2_Craig_Bampton,B1,2,Craig_Bampton,full-grid,1995,29,51,96,1.005974269771734,1.0039749367809243,-0.063392095394555398,0,0,1,UNSTABLE,3.7490984901444599e-16,1.4026504555622364e-16,1
B1_D2_Craig_Bampton,B1,2,Craig_Bampton,full-grid,1996,29,52,97,1.0058380815908685,1.0038348683682439,-0.063449219274229585,0,0,1,UNSTABLE,3.1059138102521397e-16,1.4026504555622364e-16,1
B1_D2_Craig_Bampton,B1,2,Craig_Bampton,full-grid,1997,29,53,98,1.0057059181781558,1.0036981932573052,-0.063516381434935792,0,0,1,UNSTABLE,3.196226985426035e-16,1.4026504555622364e-16,1
B1_D2_Craig_Bampton,B1,2,Craig_Bampton,full-grid,1998,29,54,99,1.005578574019647,1.003565705695225,-0.063593575774851016,0,0,1,UNSTABLE,5.0356695847346833e-16,1.4026504555622364e-16,1
B1_D2_Craig_Bampton,B1,2,Craig_Bampton,full-grid,1999,29,55,100,1.0054568952929739,1.0034382555892227,-0.063680731090685158,0,0,1,UNSTABLE,2.011461891903529e-16,1.4026504555622364e-16,1
B1_D2_Craig_Bampton,B1,2,Craig_Bampton,full-grid,2000,29,56,101,1.0053417763810193,1.0033167461204602,-0.063777694307614874,0,0,1,UNSTABLE,3.1688893155290607e-16,1.4026504555622364e-16,1
B1_D2_Craig_Bampton,B1,2,Craig_Bampton,full-grid,2001,29,57,102,1.0052341521917667,1.0032021272895757,-0.063884211933545335,0,0,1,UNSTABLE,1.559343569258008e-16,1.4026504555622364e-16,1
B1_D2_Craig_Bampton,B1,2,Craig_Bampton,full-grid,2002,29,58,103,1.0051349852296811,1.0030953842859485,-0.063999910600694473,0,0,1,UNSTABLE,2.2366938565341586e-16,1.4026504555622364e-16,1
B1_D2_Craig_Bampton,B1,2,Craig_Bampton,full-grid,2003,29,59,104,1.0050452465116053,1.0029975196856926,-0.064124278084999681,0,0,1,UNSTABLE,1.4572018534367065e-16,1.4026504555622367e-16,1
B1_D2_Craig_Bampton,B1,2,Craig_Bampton,full-grid,2004,29,60,105,1.0049658898073051,1.0029095288324057,-0.064256646763972469,0,0,1,UNSTABLE,1.7776418204454005e-16,1.4026504555622367e-16,1
B1_D2_Craig_Bampton,B1,2,Craig_Bampton,full-grid,2005,29,61,106,1.0048978193751166,1.0028323684101423,-0.064396181981303202,0,0,1,UNSTABLE,4.1398002289508518e-16,1.4026504555622367e-16,1
B1_D2_Craig_Bampton,B1,2,Craig_Bampton,full-grid,2006,29,62,107,1.004841852354587,1.0027669191887287,-0.064541878064891339,0,0,1,UNSTABLE,1.9661592859698332e-16,1.4026504555622364e-16,1
B1_D2_Craig_Bampton,B1,2,Craig_Bampton,full-grid,2007,29,63,108,1.0047986781729568,1.0027139451229719,-0.064692564596301391,0,0,1,UNSTABLE,2.9107959636114573e-16,1.4026504555622367e-16,1
B1_D2_Craig_Bampton,B1,2,Craig_Bampton,full-grid,2008,29,64,109,1.0047688185008923,1.0026740522104571,-0.064846924796327685,0,0,1,UNSTABLE,2.505523004088762e-16,1.4026504555622364e-16,1
B1_D2_Craig_Bampton,B1,2,Craig_Bampton,full-grid,2009,29,65,110,1.0047525921269049,1.0026476514332439,-0.065003526528450414,0,0,1,UNSTABLE,3.4382744055785046e-16,1.4026504555622364e-16,1
B1_D2_Craig_Bampton,B1,2,Craig_Bampton,full-grid,2010,29,66,111,1.0047500892688235,1.0026349303767086,-0.065160864590650611,0,0,1,UNSTABLE,1.8022813707741253e-16,1.4026504555622364e-16,1
B1_D2_Craig_Bampton,B1,2,Craig_Bampton,full-grid,2011,30,0,46,1.0076550157525594,1.0054100089920528,-0.067226070760467341,0,0,1,UNSTABLE,2.355043274402601e-16,1.2665150531458276e-16,1
B1_D2_Craig_Bampton,B1,2,Craig_Bampton,full-grid,2012,30,1,47,1.0078095120221799,1.0055676127176627,-0.067184736180811083,0,0,1,UNSTABLE,1.6785004927262782e-16,1.4026504555622364e-16,1
B1_D2_Craig_Bampton,B1,2,Craig_Bampton,full-grid,2013,30,2,48,1.0079602618835881,1.0057221115735508,-0.067133626659591147,0,0,1,UNSTABLE,2.3355505958232576e-16,1.4026504555622364e-16,1
B1_D2_Craig_Bampton,B1,2,Craig_Bampton,full-grid,2014,30,3,49,1.0081066310894435,1.0058728567775141,-0.067072912898948109,0,0,1,UNSTABLE,2.063239345080921e-16,1.4026504555622364e-16,1
B1_D2_Craig_Bampton,B1,2,Craig_Bampton,full-grid,2015,30,4,50,1.0082479896121277,1.0060192001212958,-0.067002817434831594,0,0,1,UNSTABLE,3.1838139856184603e-16,1.4026504555622364e-16,1
B1_D2_Craig_Bampton,B1,2,Craig_Bampton,full-grid,2016,30,5,51,1.00838371750073,1.0061604997300446,-0.066923616934375083,0,0,1,UNSTABLE,1.5484548370782611e-16,1.4026504555622364e-16,1
B1_D2_Craig_Bampton,B1,2,Craig_Bampton,full-grid,2017,30,6,52,1.0085132113433903,1.0062961264969883,-0.066835643569246525,0,0,1,UNSTABLE,1.4570967730781535e-16,1.4026504555622364e-16,1
B1_D2_Craig_Bampton,B1,2,Craig_Bampton,full-grid,2018,30,7,53,1.008635891131463,1.0064254709996119,-0.066739285295619052,0,0,1,UNSTABLE,3.3832987633625784e-16,1.4026504555622364e-16,1
B1_D2_Craig_Bampton,B1,2,Craig_Bampton,full-grid,2019,30,8,54,1.0087512072816649,1.006547950659602,-0.066634984919121718,0,0,1,UNSTABLE,3.2433028338957343e-16,1.4026504555622364e-16,1
B1_D2_Craig_Bampton,B1,2,Craig_Bampton,full-grid,2020,30,9,55,1.0088586475478747,1.0066630168797994,-0.066523237884122538,0,0,1,UNSTABLE,2.033536034202826e-16,1.4026504555622367e-16,1
B1_D2_Craig_Bampton,B1,2,Craig_Bampton,full-grid,2021,30,10,56,1.0089577435458568,1.0067701618782472,-0.066404588793208527,0,0,1,UNSTABLE,1.4947305408179224e-16,1.4026504555622364e-16,1
B1_D2_Craig_Bampton,B1,2,Craig_Bampton,full-grid,2022,30,11,57,1.0090480766266769,1.0068689249470664,-0.066279626733520766,0,0,1,UNSTABLE,2.4259622445012202e-16,1.4026504555622367e-16,1
B1_D2_Craig_Bampton,B1,2,Craig_Bampton,full-grid,2023,30,12,58,1.0091292828644158,1.006958897889439,-0.066148979551740664,0,0,1,UNSTABLE,2.930230656266866e-16,1.4026504555622367e-16,1
B1_D2_Craig_Bampton,B1,2,Craig_Bampton,full-grid,2024,30,13,59,1.0092010569699379,1.0070397294307374,-0.066013307274419689,0,0,1,UNSTABLE,2.5800792991701894e-16,1.4026504555622367e-16,1
B1_D2_Craig_Bampton,B1,2,Craig_Bampton,full-grid,2025,30,14,60,1.009263155001574,1.007111128456553,-0.065873294913034397,0,0,1,UNSTABLE,1.8475702918614528e-16,1.4026504555622364e-16,1
B1_D2_Craig_Bampton,B1,2,Craig_Bampton,full-grid,2026,30,15,61,1.0093153958074226,1.0071728659933412,-0.065729644915010849,0,0,1,UNSTABLE,1.6690805361314369e-16,1.4026504555622367e-16,1
B1_D2_Craig_Bampton,B1,2,Craig_Bampton,full-grid,2027,30,16,62,1.0093576612003119,1.0072247759139776,-0.065583069528659971,0,0,1,UNSTABLE,3.5081724628648886e-16,1.4026504555622364e-16,1
B1_D2_Craig_Bampton,B1,2,Craig_Bampton,full-grid,2028,30,17,63,1.0093898949269975,1.0072667544126124,-0.065434283336927038,0,0,1,UNSTABLE,2.1990861404981283e-16,1.4026504555622364e-16,1
B1_D2_Craig_Bampton,B1,2,Craig_Bampton,full-grid,2029,30,18,64,1.0094121005444883,1.0072987583470032,-0.065283996187592314,0,0,1,UNSTABLE,1.5914049231409595e-16,1.4026504555622364e-16,1
B1_D2_Craig_Bampton,B1,2,Craig_Bampton,full-grid,2030,30,19,65,1.0094243383562187,1.0073208025894402,-0.065132906709709296,0,0,1,UNSTABLE,2.1536607169644937e-16,1.4026504555622364e-16,1
B1_D2_Craig_Bampton,B1,2,Craig_Bampton,full-grid,2031,30,20,66,1.0094267215866255,1.0073329565566489,-0.064981696561133839,0,0,1,UNSTABLE,1.5931994270976305e-16,1.4026504555622364e-16,1
B1_D2_Craig_Bampton,B1,2,Craig_Bampton,full-grid,2032,30,21,67,1.0094194119844304,1.0073353401042966,-0.064831025504417161,0,0,1,UNSTABLE,1.2771326929961395e-16,1.4026504555622364e-16,1
B1_D2_Craig_Bampton,B1,2,Craig_Bampton,full-grid,2033,30,22,68,1.0094026150456179,1.0073281189756007,-0.064681527362995289,0,0,1,UNSTABLE,2.2788543209932875e-16,1.4026504555622364e-16,1
B1_D2_Craig_Bampton,B1,2,Craig_Bampton,full-grid,2034,30,23,69,1.0093765750362682,1.0073114999855415,-0.064533806867606749,0,0,1,UNSTABLE,1.7435343831347658e-16,1.4026504555622364e-16,1
B1_D2_Craig_Bampton,B1,2,Craig_Bampton,full-grid,2035,30,24,70,1.0093415699783823,1.0072857261073862,-0.064388437368378862,0,0,1,UNSTABLE,3.3775296798853641e-16,1.4026504555622364e-16,1
B1_D2_Craig_Bampton,B1,2,Craig_Bampton,full-grid,2036,30,25,71,1.0092979067387775,1.0072510716068508,-0.064245959360324567,0,0,1,UNSTABLE,1.3351980932792599e-16,1.4026504555622367e-16,1
B1_D2_Craig_Bampton,B1,2,Craig_Bampton,full-grid,2037,30,26,72,1.0092459163364924,1.0072078373457387,-0.064106879749417908,0,0,1,UNSTABLE,2.2386981278415042e-16,1.4026504555622364e-16,1
B1_D2_Craig_Bampton,B1,2,Craig_Bampton,full-grid,2038,30,27,73,1.0091859495594064,1.0071563463526347,-0.06397167177534388,0,0,1,UNSTABLE,3.076507879377216e-16,1.4026504555622367e-16,1
B1_D2_Craig_Bampton,B1,2,Craig_Bampton,full-grid,2039,30,28,74,1.0091183729556525,1.0070969397334477,-0.063840775498011301,0,0,1,UNSTABLE,2.7451503963542895e-16,1.4026504555622367e-16,1
B1_D2_Craig_Bampton,B1,2,Craig_Bampton,full-grid,2040,30,29,75,1.0090435652455341,1.0070299729743579,-0.063714598756348648,0,0,1,UNSTABLE,1.2852173866122628e-16,1.4026504555622367e-16,1
B1_D2_Craig_Bampton,B1,2,Craig_Bampton,full-grid,2041,30,30,76,1.0089619141804034,1.006955812670141,-0.063593518509352145,0,0,1,UNSTABLE,2.6731789438119873e-16,1.4026504555622364e-16,1
B1_D2_Craig_Bampton,B1,2,Craig_Bampton,full-grid,2042,30,31,77,1.0088738138599238,1.0068748336952662,-0.06347788247411916,0,0,1,UNSTABLE,1.6138101241051991e-16,1.4026504555622367e-16,1
B1_D2_Craig_Bampton,B1,2,Craig_Bampton,full-grid,2043,30,32,78,1.008779662508321,1.0067874168235562,-0.063368010984664824,0,0,1,UNSTABLE,1.6228911973871724e-16,1.4026504555622364e-16,1
B1_D2_Craig_Bampton,B1,2,Craig_Bampton,full-grid,2044,30,33,79,1.0086798607012089,1.0066939467926002,-0.063264199001865612,0,0,1,UNSTABLE,2.4251021594627364e-16,1.4026504555622364e-16,1
B1_D2_Craig_Bampton,B1,2,Craig_Bampton,full-grid,2045,30,34,80,1.0085748100290757,1.0065948108029015,-0.063166718213448894,0,0,1,UNSTABLE,3.4675942204950051e-16,1.4026504555622364e-16,1
B1_D2_Craig_Bampton,B1,2,Craig_Bampton,full-grid,2046,30,35,81,1.0084649121807474,1.0064903974383808,-0.063075819170683278,0,0,1,UNSTABLE,1.6669817977531556e-16,1.4026504555622364e-16,1
B1_D2_Craig_Bampton,B1,2,Craig_Bampton,full-grid,2047,30,36,82,1.0083505684284517,1.0063810959926649,-0.062991733414668377,0,0,1,UNSTABLE,2.8257739755990336e-16,1.4026504555622364e-16,1
B1_D2_Craig_Bampton,B1,2,Craig_Bampton,full-grid,2048,30,37,83,1.0082321794966362,1.0062672961857015,-0.0629146755507414,0,0,1,UNSTABLE,1.5936602955756526e-16,1.4026504555622364e-16,1
B1_D2_Craig_Bampton,B1,2,Craig_Bampton,full-grid,2049,30,38,84,1.0081101457981785,1.006149388256437,-0.062844845233496413,0,0,1,UNSTABLE,2.507034876692134e-16,1.4026504555622364e-16,1
B1_D2_Craig_Bampton,B1,2,Craig_Bampton,full-grid,2050,30,39,85,1.0079848680230465,1.0060277634186134,-0.062782429025809855,0,0,1,UNSTABLE,2.3405732000353428e-16,1.4026504555622364e-16,1
B1_D2_Craig_Bampton,B1,2,Craig_Bampton,full-grid,2051,30,40,86,1.0078567480679945,1.0059028146700759,-0.062727602098375329,0,0,1,UNSTABLE,2.1973335209187444e-16,1.4026504555622364e-16,1
B1_D2_Craig_Bampton,B1,2,Craig_Bampton,full-grid,2052,30,41,87,1.0077261902961678,1.0057749379466139,-0.062680529730637841,0,0,1,UNSTABLE,3.168642627137011e-16,1.4026504555622367e-16,1
B1_D2_Craig_Bampton,B1,2,Craig_Bampton,full-grid,2053,30,42,88,1.0075936031189021,1.0056445336147735,-0.062641368574262668,0,0,1,UNSTABLE,2.4587347763757611e-16,1.4026504555622364e-16,1
B1_D2_Craig_Bampton,B1,2,Craig_Bampton,full-grid,2054,30,43,89,1.0074594008909072,1.0055120082975262,-0.062610267631925662,0,0,1,UNSTABLE,2.2129384565435161e-16,1.4026504555622367e-16,1
B1_D2_Craig_Bampton,B1,2,Craig_Bampton,full-grid,2055,30,44,90,1.0073240061092565,1.0053777770264167,-0.062587368896783901,0,0,1,UNSTABLE,4.80311365381457e-16,1.4026504555622367e-16,1
B1_D2_Craig_Bampton,B1,2,Craig_Bampton,full-grid,2056,30,45,91,1.007187851902849,1.0052422657106743,-0.062572807588802515,0,0,1,UNSTABLE,2.5087326509280621e-16,1.4026504555622367e-16,1
B1_D2_Craig_Bampton,B1,2,Craig_Bampton,full-grid,2057,30,46,92,1.0070513847907716,1.0051059139065126,-0.062566711909487732,0,0,1,UNSTABLE,2.6921944197033829e-16,1.4026504555622364e-16,1
B1_D2_Craig_Bampton,B1,2,Craig_Bampton,full-grid,2058,30,47,93,1.0069150676772951,1.0049691778599377,-0.062569202225159326,0,0,1,UNSTABLE,2.3676020161045548e-16,1.4026504555622367e-16,1
B1_D2_Craig_Bampton,B1,2,Craig_Bampton,full-grid,2059,30,48,94,1.0067793830316489,1.0048325337780168,-0.062580389570841305,0,0,1,UNSTABLE,3.4086995069056875e-16,1.4026504555622364e-16,1
B1_D2_Craig_Bampton,B1,2,Craig_Bampton,full-grid,2060,30,49,95,1.0066448361764608,1.0046964812602683,-0.062600373353271996,0,0,1,UNSTABLE,2.8455970336657e-16,1.4026504555622364e-16,1
B1_D2_Craig_Bampton,B1,2,Craig_Bampton,full-grid,2061,30,50,96,1.0065119585725686,1.004561546786662,-0.062629238117489702,0,0,1,UNSTABLE,3.2612798880464977e-16,1.4026504555622364e-16,1
B1_D2_Craig_Bampton,B1,2,Craig_Bampton,full-grid,2062,30,51,97,1.00638131094241,1.0044282871139678,-0.062667049232145319,0,0,1,UNSTABLE,3.1475623746247778e-16,1.4026504555622364e-16,1
B1_D2_Craig_Bampton,B1,2,Craig_Bampton,full-grid,2063,30,52,98,1.0062534860155201,1.0042972923735518,-0.062713847350796381,0,0,1,UNSTABLE,2.6004798461964009e-16,1.4026504555622364e-16,1
B1_D2_Craig_Bampton,B1,2,Craig_Bampton,full-grid,2064,30,53,99,1.0061291106091745,1.004169188592497,-0.06276964152116131,0,0,1,UNSTABLE,3.1377858434947932e-16,1.4026504555622364e-16,1
B1_D2_Craig_Bampton,B1,2,Craig_Bampton,full-grid,2065,30,54,100,1.0060088466764521,1.004044639276795,-0.062834400855070929,0,0,1,UNSTABLE,2.7544073455955481e-16,1.4026504555622364e-16,1
B1_D2_Craig_Bampton,B1,2,Craig_Bampton,full-grid,2066,30,55,101,1.0058933908682604,1.0039243456052915,-0.062908044743371402,0,0,1,UNSTABLE,1.9608431414892907e-16,1.4026504555622364e-16,1
B1_D2_Craig_Bampton,B1,2,Craig_Bampton,full-grid,2067,30,56,102,1.0057834720771421,1.0038090446970622,-0.062990431717224266,0,0,1,UNSTABLE,1.8715743158259883e-16,1.4026504555622364e-16,1
B1_D2_Craig_Bampton,B1,2,Craig_Bampton,full-grid,2068,30,57,103,1.0056798463736381,1.0036995053474249,-0.063081347222763637,0,0,1,UNSTABLE,1.0399839921728318e-16,1.4026504555622367e-16,1
B1_D2_Craig_Bampton,B1,2,Craig_Bampton,full-grid,2069,30,58,104,1.0055832887395242,1.0035965206068513,-0.063180490802295527,0,0,1,UNSTABLE,2.1713001045365363e-16,1.4026504555622364e-16,1
B1_D2_Craig_Bampton,B1,2,Craig_Bampton,full-grid,2070,30,59,105,1.0054945810726912,1.0035008966301171,-0.063287463443383082,0,0,1,UNSTABLE,1.8894900009630052e-16,1.4026504555622367e-16,1
B1_D2_Craig_Bampton,B1,2,Craig_Bampton,full-grid,2071,30,60,106,1.0054144961254026,1.003413437390186,-0.063401756157920569,0,0,1,UNSTABLE,1.1006018776482235e-16,1.4026504555622367e-16,1
B1_D2_Craig_Bampton,B1,2,Craig_Bampton,full-grid,2072,30,61,107,1.0053437773631104,1.0033349251583425,-0.063522741126550181,0,0,1,UNSTABLE,1.500967115853453e-16,1.4026504555622367e-16,1
B1_D2_Craig_Bampton,B1,2,Craig_Bampton,full-grid,2073,30,62,108,1.0052831152066544,1.0032660971142413,-0.063649666933562055,0,0,1,UNSTABLE,3.1928916830451921e-16,1.4026504555622364e-16,1
B1_D2_Craig_Bampton,B1,2,Craig_Bampton,full-grid,2074,30,63,109,1.0052331207149163,1.0032076190413628,-0.063781659429726481,0,0,1,UNSTABLE,2.2968851129508159e-16,1.4026504555622367e-16,1
B1_D2_Craig_Bampton,B1,2,Craig_Bampton,full-grid,2075,30,64,110,1.005194298400671,1.0031600577127948,-0.063917729519118824,0,0,1,UNSTABLE,1.8012778710992819e-16,1.4026504555622364e-16,1
B1_D2_Craig_Bampton,B1,2,Craig_Bampton,full-grid,2076,30,65,111,1.0051670204236625,1.003123854156972,-0.064056788622637639,0,0,1,UNSTABLE,1.2849960140948915e-16,1.4026504555622364e-16,1
B1_D2_Craig_Bampton,B1,2,Craig_Bampton,full-grid,2077,30,66,112,1.0051515047142472,1.0030993003545714,-0.06419767174504723,0,0,1,UNSTABLE,2.6633893644911342e-16,1.4026504555622364e-16,1
